292.462 -0.0410644 -0.367547 1.44968 -3.0701 0.522303 1.7104 -0.0773847 -0.369857 1.4763 -3.06155 0.525073 1.7148 -0.0363203 -0.00230946 0.0266192 0.00854801 0.00276936 0.0044014 0.0450897 0.45284 -0.179523 -0.441137 1.26567 -3.02449 0.514985 1.80104 -0.138458 -0.07359 -0.184008 0.045606 -0.00731886 0.0906439 0.241755 4.52974 -1.18397 -1.54614 0.926738 0.000893361 -0.00323207 0.0746523 -0.0458475 -1.38879 -0.196182 -0.000180473 0.000585961 1.52456
292.658 -0.0278565 -0.364115 1.4499 -3.06186 0.522856 1.71663 -0.0737548 -0.368672 1.48194 -3.09358 0.526075 1.69185 -0.0458983 -0.00455743 0.0320358 -0.0317192 0.00321908 -0.024774 0.0561579 1.66366 -0.167438 -0.43994 1.26795 -3.02385 0.518601 1.80263 -0.139581 -0.0758258 -0.181954 0.0380089 -0.00425578 0.0859998 0.241536 4.28971 -1.18261 -1.54438 0.926553 0.00586545 -0.00481337 0.0799799 -0.0458475 -1.38879 -0.196182 -0.000180473 0.000585961 1.52456
293.207 0.0273546 -0.362174 1.45082 -3.02683 0.518147 1.74954 -0.0541678 -0.361972 1.47568 -3.04843 0.527535 1.72407 -0.0815224 0.000201402 0.024862 -0.0216002 0.00938801 -0.0254739 0.0852294 1.46527 -0.116941 -0.441722 1.27415 -3.00633 0.518438 1.8181 -0.144295 -0.0795478 -0.176671 0.0204986 0.000290709 0.0685559 0.241582 3.49816 -1.18097 -1.54261 0.927486 0.0246998 -0.0055167 0.108928 -0.0458475 -1.38879 -0.196182 -0.000180473 0.000585961 1.52456
293.745 0.0844684 -0.362211 1.44922 -2.9924 0.510862 1.7895 -0.00328759 -0.363945 1.48913 -3.0322 0.511834 1.7572 -0.087756 -0.00173384 0.0399101 -0.0397909 0.000971629 -0.0323029 0.0964207 2.12043 -0.0644462 -0.445341 1.27723 -2.98121 0.512064 1.84357 -0.148915 -0.0831295 -0.171989 0.0111932 0.00120204 0.0540704 0.242211 2.84056 -1.1798 -1.5423 0.927876 0.0395937 -0.00542533 0.144122 -0.0458475 -1.38879 -0.196182 -0.000180473 0.000585961 1.52456
294.306 0.144986 -0.361343 1.44481 -2.95788 0.501736 1.83832 0.0577998 -0.360486 1.4722 -2.99584 0.52939 1.79474 -0.0871858 0.000856862 0.0273967 -0.0379562 0.0276535 -0.0435856 0.091393 2.8495 -0.00553739 -0.44972 1.27776 -2.95918 0.504454 1.86555 -0.150523 -0.0883771 -0.167042 -0.00130427 0.00271838 0.0272258 0.2416 1.60498 -1.17859 -1.5434 0.927193 0.0505973 -0.00580096 0.187677 -0.0458475 -1.38879 -0.196182 -0.000180473 0.000585961 1.52456
294.653 0.204142 -0.357719 1.43804 -2.92584 0.491891 1.89328 0.128329 -0.361324 1.47039 -2.95494 0.514487 1.84533 -0.0758133 -0.00360483 0.0323497 -0.0290951 0.0225952 -0.0479527 0.0825055 2.75421 0.0528014 -0.452468 1.27569 -2.93512 0.495515 1.90029 -0.151341 -0.0947483 -0.162343 -0.00927772 0.00362337 0.00701032 0.241322 0.830394 -1.1772 -1.54625 0.925238 0.0562514 -0.00720451 0.236951 -0.0458475 -1.38879 -0.196182 -0.000180473 0.000585961 1.52456
295.077 0.276966 -0.348199 1.42648 -2.88813 0.478142 1.97157 0.193725 -0.357337 1.46985 -2.91806 0.498949 1.89229 -0.0832409 -0.00913818 0.0433739 -0.0299368 0.0208074 -0.079272 0.0943072 4.20449 0.126185 -0.452617 1.26985 -2.9088 0.484182 1.94766 -0.150781 -0.104418 -0.156624 -0.0206682 0.00604013 -0.0239095 0.241183 1.37743 -1.17495 -1.55305 0.920948 0.0565361 -0.0101346 0.307558 -0.0458475 -1.38879 -0.196182 -0.000180473 0.000585961 1.52456
295.482 0.32616 -0.338682 1.41661 -2.86333 0.467011 2.03106 0.253522 -0.344095 1.44111 -2.89303 0.486083 1.97122 -0.0726385 -0.00541378 0.0245024 -0.0296989 0.0190724 -0.0598461 0.0768507 3.2393 0.175779 -0.449961 1.26352 -2.89085 0.471581 1.98795 -0.150381 -0.11128 -0.15309 -0.0275257 0.00457025 -0.043114 0.241732 2.26572 -1.17292 -1.56043 0.916994 0.053231 -0.012205 0.361626 -0.0458475 -1.38879 -0.196182 -0.000180473 0.000585961 1.52456
295.858 0.370545 -0.327816 1.40642 -2.84091 0.45524 2.08901 0.310015 -0.337815 1.44932 -2.85996 0.468274 2.02665 -0.0605296 -0.00999858 0.0429007 -0.0190444 0.0130341 -0.0623556 0.0748617 3.32237 0.221967 -0.446251 1.25679 -2.86974 0.457653 2.0388 -0.148578 -0.118435 -0.149634 -0.0288239 0.00241298 -0.0502089 0.241852 2.61419 -1.17058 -1.56969 0.912922 0.0486892 -0.0139572 0.414727 -0.0458475 -1.38879 -0.196182 -0.000180473 0.000585961 1.52456
296.374 0.421451 -0.312609 1.39353 -2.81466 0.438958 2.16104 0.354867 -0.319671 1.41358 -2.83329 0.47791 2.1095 -0.0665836 -0.00706161 0.0200491 -0.018627 0.0389514 -0.0515455 0.0698943 3.47142 0.275995 -0.439801 1.24797 -2.84111 0.439516 2.11071 -0.145456 -0.127192 -0.145555 -0.0264466 0.000557974 -0.0503329 0.241912 2.62614 -1.16703 -1.5847 0.908105 0.0422153 -0.015613 0.481627 -0.0458475 -1.38879 -0.196182 -0.000180473 0.000585961 1.52456
296.917 0.452751 -0.30185 1.38519 -2.79801 0.426717 2.20974 0.401323 -0.312278 1.42508 -2.82006 0.43345 2.15781 -0.0514279 -0.0104279 0.0398894 -0.0220551 0.00673304 -0.0519311 0.0659146 2.73194 0.309642 -0.436005 1.24295 -2.81862 0.426335 2.16909 -0.143109 -0.134155 -0.142232 -0.0206147 -0.000382582 -0.0406568 0.242297 2.13203 -1.16409 -1.59779 0.905401 0.0374372 -0.0161548 0.52748 -0.0458475 -1.38879 -0.196182 -0.000180473 0.000585961 1.52456
297.183 0.476652 -0.292849 1.37899 -2.78459 0.41525 2.25184 0.43219 -0.296058 1.39813 -2.78178 0.456926 2.22143 -0.0444613 -0.00320918 0.0191328 0.00281394 0.0416767 -0.0304187 0.0485095 3.00048 0.341099 -0.4319 1.23868 -2.79997 0.414247 2.22239 -0.135553 -0.139051 -0.140312 -0.0153792 -0.00100306 -0.0294534 0.239577 1.55846 -1.16095 -1.61226 0.903925 0.0329352 -0.0160113 0.567709 -0.0458475 -1.38879 -0.196182 -0.000180473 0.000585961 1.52456
297.61 0.489704 -0.28556 1.37837 -2.77307 0.404744 2.28857 0.4576 -0.28759 1.39554 -2.7677 0.44 2.2624 -0.0321043 -0.00203041 0.0171738 0.00537231 0.0352561 -0.0261632 0.0364657 2.60774 0.360078 -0.42958 1.24025 -2.78057 0.401585 2.27834 -0.129626 -0.144021 -0.138115 -0.00750312 -0.00315952 -0.0102243 0.237951 0.602634 -1.15649 -1.63354 0.906104 0.0291842 -0.0158739 0.602854 -0.0458475 -1.38879 -0.196182 -0.000180473 0.000585961 1.52456
298.133 0.482914 -0.284905 1.38369 -2.77112 0.401969 2.3022 0.474488 -0.286112 1.4187 -2.76465 0.396001 2.28507 -0.008426 -0.00120712 0.0350146 0.00647041 -0.00596754 -0.0171242 0.0360344 1.22461 0.35905 -0.429752 1.2453 -2.76941 0.395076 2.31484 -0.123864 -0.144847 -0.138387 0.0017078 -0.00689267 0.0126358 0.235529 0.796722 -1.153 -1.65078 0.90974 0.0253078 -0.0153308 0.615609 -0.0458475 -1.38879 -0.196182 -0.000180473 0.000585961 1.52456
298.678 0.463109 -0.289334 1.39256 -2.7753 0.402876 2.30589 0.454438 -0.277858 1.38949 -2.76111 0.432232 2.31176 -0.00867083 0.011476 -0.00306809 0.0141877 0.0293557 0.00586114 0.014707 1.83888 0.348692 -0.431403 1.25142 -2.76676 0.3929 2.33501 -0.114417 -0.14207 -0.141134 0.00853667 -0.0099761 0.0291191 0.230638 1.6483 -1.14943 -1.66896 0.914222 0.0195583 -0.0134823 0.618535 -0.0458475 -1.38879 -0.196182 -0.000180473 0.000585961 1.52456
299.205 0.432111 -0.298147 1.40379 -2.78457 0.406758 2.30129 0.432453 -0.28658 1.4087 -2.77959 0.42429 2.30247 0.000342061 0.0115666 0.00490346 0.00498179 0.017532 0.001186 0.0125677 1.03892 0.323417 -0.439235 1.26087 -2.76984 0.397389 2.34423 -0.108694 -0.141088 -0.142926 0.0147298 -0.00936885 0.0429408 0.228359 2.32995 -1.14584 -1.68785 0.919073 0.0124078 -0.0105976 0.613287 -0.0458475 -1.38879 -0.196182 -0.000180473 0.000585961 1.52456
299.598 0.378691 -0.313946 1.41999 -2.80196 0.415138 2.28479 0.400471 -0.299139 1.43066 -2.78316 0.426393 2.29836 0.0217794 0.0148073 0.0106666 0.018803 0.0112556 0.0135694 0.0284144 1.22333 0.279578 -0.451572 1.2735 -2.78187 0.410812 2.33475 -0.0991128 -0.137626 -0.146492 0.0200944 -0.00432595 0.049963 0.224108 2.63359 -1.14114 -1.71365 0.9256 0.00215762 -0.00621761 0.596272 -0.0458475 -1.38879 -0.196182 -0.000180473 0.000585961 1.52456
299.978 0.332616 -0.32705 1.43189 -2.81702 0.422808 2.26636 0.350586 -0.310808 1.43849 -2.82015 0.441006 2.27545 0.0179709 0.0162417 0.00660336 -0.00313728 0.0181978 0.00909016 0.0251068 1.21208 0.243119 -0.460191 1.28186 -2.79585 0.421722 2.3133 -0.0894966 -0.133141 -0.150028 0.0211704 -0.00108615 0.0469389 0.219647 2.45639 -1.13775 -1.73309 0.930325 -0.00497293 -0.00317858 0.577906 -0.0458475 -1.38879 -0.196182 -0.000180473 0.000585961 1.52456
300.698 0.218731 -0.355598 1.4552 -2.85265 0.441075 2.21107 0.248162 -0.344393 1.48336 -2.85444 0.425408 2.22623 0.0294312 0.0112057 0.0281645 -0.00179427 -0.0156671 0.0151545 0.0422493 1.28268 0.151143 -0.481533 1.29998 -2.83882 0.443705 2.22866 -0.0675885 -0.125934 -0.155217 0.0138263 0.00262939 0.0175914 0.210997 0.991106 -1.13056 -1.77719 0.940194 -0.0165617 0.00195033 0.524539 -0.0458475 -1.38879 -0.196182 -0.000180473 0.000585961 1.52456
301.084 0.169494 -0.365121 1.46318 -2.86761 0.448869 2.1851 0.190911 -0.353818 1.47659 -2.84186 0.463479 2.2064 0.0214163 0.0113028 0.0134113 0.0257493 0.0146102 0.0213061 0.0276816 1.66742 0.111903 -0.487219 1.30565 -2.8598 0.452315 2.18605 -0.0575916 -0.122098 -0.157531 0.00781315 0.00344628 0.000947377 0.207463 0.470638 -1.12783 -1.79509 0.943918 -0.0202873 0.00311202 0.499843 -0.0458475 -1.38879 -0.196182 -0.000180473 0.000585961 1.52456
301.496 0.121617 -0.372853 1.46991 -2.88218 0.45623 2.15929 0.133954 -0.366839 1.49565 -2.87315 0.457274 2.17305 0.0123362 0.00601397 0.0257399 0.00903033 0.00104363 0.0137642 0.0291701 0.730078 0.0740542 -0.49217 1.31082 -2.88395 0.460996 2.13667 -0.0475633 -0.119317 -0.15909 -0.00177392 0.00476531 -0.0226166 0.204471 1.28359 -1.12531 -1.81217 0.947452 -0.0236416 0.00392716 0.475332 -0.0458475 -1.38879 -0.196182 -0.000180473 0.000585961 1.52456
301.808 0.0614489 -0.380919 1.47735 -2.90075 0.464792 2.1272 0.0817309 -0.373625 1.49664 -2.86668 0.46718 2.15667 0.020282 0.00729376 0.0192932 0.0340736 0.00238851 0.0294724 0.0289272 1.92844 0.0244251 -0.496657 1.31624 -2.91127 0.467059 2.08591 -0.0370238 -0.115738 -0.161104 -0.0105183 0.00226683 -0.0412849 0.201793 2.16663 -1.12232 -1.83349 0.952254 -0.0279645 0.00496467 0.445484 -0.0458475 -1.38879 -0.196182 -0.000180473 0.000585961 1.52456
302.245 0.0257413 -0.38359 1.48333 -2.91173 0.470137 2.11331 0.0310892 -0.381881 1.51133 -2.91108 0.469982 2.11367 0.00534791 0.00170836 0.0279931 0.000652683 -0.000155148 0.000360503 0.0285505 0.0395647 -0.00352919 -0.497044 1.32096 -2.92491 0.468909 2.06646 -0.0292705 -0.113455 -0.162377 -0.0131782 -0.00122858 -0.0468524 0.200238 2.43863 -1.12035 -1.8482 0.957144 -0.0332143 0.00511707 0.43218 -0.0458475 -1.38879 -0.196182 -0.000180473 0.000585961 1.52456
302.612 0.00210864 -0.384531 1.48958 -2.91759 0.473362 2.10856 -0.00850599 -0.383927 1.51153 -2.91015 0.492781 2.10565 -0.0106146 0.000604005 0.0219584 0.00743232 0.0194194 -0.00291402 0.0243969 1.23003 -0.0205772 -0.496278 1.32634 -2.93018 0.469255 2.06253 -0.0226859 -0.111746 -0.163239 -0.0125934 -0.00410656 -0.0460305 0.19912 2.40908 -1.11866 -1.86168 0.962533 -0.037506 0.00486105 0.427313 -0.0458475 -1.38879 -0.196182 -0.000180473 0.000585961 1.52456
302.829 -0.0104659 -0.385481 1.49579 -2.91809 0.473511 2.10814 -0.0331285 -0.384758 1.52009 -2.90605 0.483839 2.1103 -0.0226626 0.000723035 0.0242979 0.0120352 0.0103284 0.0021584 0.0332341 0.873125 -0.0261754 -0.495702 1.33197 -2.92873 0.470224 2.0659 -0.0157095 -0.110221 -0.163816 -0.0106464 -0.00328713 -0.042241 0.198069 2.21876 -1.11733 -1.87378 0.968027 -0.0378044 0.00494574 0.426911 -0.0458475 -1.38879 -0.196182 -0.000180473 0.000585961 1.52456
303.145 -0.0158108 -0.386317 1.50372 -2.91322 0.471135 2.11129 -0.0450873 -0.390687 1.54366 -2.92693 0.476349 2.09846 -0.0292765 -0.00437048 0.0399441 -0.013703 0.00521396 -0.0128219 0.0497166 0.848114 -0.0235093 -0.493828 1.33877 -2.92025 0.471536 2.07576 -0.00769843 -0.107511 -0.164954 -0.00702784 0.000400652 -0.0355236 0.197047 1.88699 -1.1161 -1.88784 0.974598 -0.0339839 0.00488072 0.430193 -0.0458475 -1.38879 -0.196182 -0.000180473 0.000585961 1.52456
303.476 -0.0148722 -0.387429 1.5091 -2.90806 0.468231 2.11575 -0.0486453 -0.385196 1.52712 -2.89377 0.473438 2.11939 -0.0337731 0.00223346 0.0180226 0.0142945 0.00520781 0.0036416 0.0383461 0.805029 -0.0196152 -0.491581 1.34239 -2.91221 0.47124 2.08582 -0.00474294 -0.104152 -0.166712 -0.00414804 0.00300979 -0.0299343 0.196629 1.63063 -1.11554 -1.89694 0.978956 -0.0303111 0.00513618 0.434753 -0.0458475 -1.38879 -0.196182 -0.000180473 0.000585961 1.52456
303.804 -0.0116107 -0.389003 1.514 -2.90276 0.464886 2.12157 -0.0477653 -0.389184 1.54304 -2.92601 0.478086 2.09829 -0.0361546 -0.000180876 0.0290413 -0.0232588 0.0131993 -0.0232794 0.0463744 1.58486 -0.0127616 -0.48946 1.34533 -2.90414 0.470054 2.09784 -0.00115082 -0.100457 -0.16867 -0.0013891 0.00516716 -0.023731 0.196323 1.35826 -1.11522 -1.90493 0.982961 -0.0269823 0.00569107 0.440603 -0.0458475 -1.38879 -0.196182 -0.000180473 0.000585961 1.52456
304.175 -0.0053089 -0.39116 1.51994 -2.89604 0.460473 2.13083 -0.042407 -0.390026 1.54366 -2.90735 0.491146 2.10368 -0.0370981 0.00113374 0.0237205 -0.0113036 0.0306732 -0.027147 0.0440479 2.23703 -0.00100681 -0.487192 1.34892 -2.89479 0.466971 2.11356 0.00430209 -0.0960328 -0.171019 0.00125158 0.00649743 -0.0172724 0.196184 1.0893 -1.11506 -1.91404 0.987829 -0.0236263 0.00650558 0.449726 -0.0458475 -1.38879 -0.196182 -0.000180473 0.000585961 1.52456
304.586 0.000305535 -0.392496 1.52394 -2.89131 0.457436 2.13844 -0.0378932 -0.391797 1.55071 -2.88815 0.475484 2.11853 -0.0381988 0.000698546 0.0267666 0.0031626 0.0180482 -0.0199133 0.0466485 1.60937 0.00911671 -0.48557 1.35135 -2.88803 0.463998 2.12551 0.00881118 -0.0930738 -0.172585 0.00328807 0.0065617 -0.0129282 0.196281 0.921536 -1.11509 -1.91982 0.991068 -0.0218255 0.00697361 0.4571 -0.0458475 -1.38879 -0.196182 -0.000180473 0.000585961 1.52456
304.982 0.00647147 -0.393469 1.52753 -2.88675 0.454662 2.14624 -0.0319215 -0.39405 1.55695 -2.88003 0.474254 2.13892 -0.038393 -0.000580268 0.0294149 0.00671746 0.0195914 -0.00731662 0.0483693 1.31462 0.0200591 -0.484456 1.35387 -2.88119 0.460605 2.13747 0.0135876 -0.0909869 -0.173664 0.00556077 0.00594304 -0.00876639 0.196526 0.781847 -1.11519 -1.92476 0.993908 -0.0203813 0.00724819 0.464581 -0.0458475 -1.38879 -0.196182 -0.000180473 0.000585961 1.52456
305.399 0.0152119 -0.3941 1.53167 -2.88087 0.451411 2.15642 -0.0242509 -0.391423 1.5492 -2.90825 0.502861 2.13175 -0.0394628 0.00267696 0.0175294 -0.0273802 0.0514502 -0.0246644 0.0432638 3.33331 0.0326551 -0.484445 1.35771 -2.87277 0.45584 2.15167 0.0174432 -0.0903452 -0.173964 0.00809848 0.00442934 -0.00474977 0.196799 0.681275 -1.1154 -1.93013 0.997039 -0.0187426 0.00725718 0.474272 -0.0458475 -1.38879 -0.196182 -0.000180473 0.000585961 1.52456
305.785 0.0220356 -0.393534 1.5345 -2.87635 0.449511 2.16363 -0.0163505 -0.395103 1.56384 -2.87092 0.470345 2.16118 -0.038386 -0.00156902 0.0293355 0.00543285 0.0208336 -0.00244479 0.0483376 1.2571 0.0421683 -0.48371 1.36048 -2.86669 0.452288 2.162 0.0201327 -0.0901764 -0.174025 0.00965718 0.00277713 -0.00162717 0.197033 0.620551 -1.11559 -1.93329 0.999001 -0.0174688 0.00669583 0.481055 -0.0458475 -1.38879 -0.196182 -0.000180473 0.000585961 1.52456
306.846 0.0436544 -0.388892 1.54229 -2.86272 0.444967 2.1827 0.00549071 -0.389596 1.56366 -2.86018 0.466992 2.16851 -0.0381637 -0.000703474 0.0213633 0.00254281 0.022025 -0.0141834 0.0437419 1.54231 0.068546 -0.482976 1.37045 -2.85302 0.443853 2.18711 0.0248916 -0.094084 -0.17184 0.00970502 -0.00111376 0.00441539 0.197485 0.505904 -1.1165 -1.9393 1.00428 -0.0129673 0.00375 0.498848 -0.0458475 -1.38879 -0.196182 -0.000180473 0.000585961 1.52456
307.17 0.048577 -0.388035 1.54389 -2.86013 0.443899 2.18655 0.0132113 -0.392921 1.58829 -2.8718 0.456335 2.16301 -0.0353658 -0.0048857 0.0443982 -0.0116631 0.0124362 -0.0235426 0.056972 1.41056 0.0743429 -0.482377 1.37218 -2.85097 0.441828 2.19163 0.0257658 -0.0943416 -0.171703 0.00916456 -0.00207068 0.00507547 0.197601 0.493372 -1.11689 -1.93998 1.00554 -0.0121389 0.00332314 0.502492 -0.0458475 -1.38879 -0.196182 -0.000180473 0.000585961 1.52456
307.515 0.0526116 -0.387405 1.5452 -2.85826 0.443042 2.18954 0.0181567 -0.392972 1.59421 -2.88535 0.440375 2.17725 -0.0344548 -0.00556655 0.049006 -0.0270897 -0.00266767 -0.0122964 0.060164 1.41195 0.0788092 -0.482273 1.3738 -2.84969 0.439955 2.19517 0.0261976 -0.0948678 -0.171397 0.00856894 -0.00308749 0.00562532 0.197644 0.490986 -1.11733 -1.94022 1.00668 -0.0115924 0.00307281 0.505353 -0.0458475 -1.38879 -0.196182 -0.000180473 0.000585961 1.52456
307.96 0.0569782 -0.386871 1.54656 -2.85661 0.442142 2.19235 0.021889 -0.384451 1.56215 -2.86368 0.480306 2.17966 -0.0350891 0.00241991 0.0155941 -0.0070651 0.038164 -0.0126893 0.0384744 2.28293 0.0831571 -0.482673 1.37567 -2.84923 0.437642 2.19823 0.0261789 -0.0958022 -0.170889 0.00737971 -0.00449987 0.0058869 0.197652 0.487788 -1.118 -1.93989 1.00796 -0.0111354 0.00297349 0.508014 -0.0458475 -1.38879 -0.196182 -0.000180473 0.000585961 1.52456
308.314 0.0598992 -0.386509 1.54729 -2.85564 0.441584 2.19356 0.0264687 -0.391867 1.59533 -2.84869 0.437888 2.17987 -0.0334305 -0.00535785 0.0480434 0.00695548 -0.00369673 -0.0136861 0.0587748 1.04155 0.0843371 -0.482445 1.37644 -2.84899 0.436599 2.19913 0.0244379 -0.0959364 -0.170848 0.00665913 -0.00498498 0.00557912 0.197459 0.474778 -1.11856 -1.93919 1.0087 -0.0106329 0.00292946 0.50922 -0.0458475 -1.38879 -0.196182 -0.000180473 0.000585961 1.52456
308.695 0.0629234 -0.386135 1.54776 -2.85462 0.441 2.19407 0.0298705 -0.389177 1.58714 -2.87769 0.46928 2.17337 -0.0330529 -0.00304191 0.039385 -0.0230633 0.02828 -0.0206963 0.0515066 2.0976 0.0856215 -0.483532 1.3777 -2.84872 0.435772 2.19907 0.0226981 -0.0973974 -0.170053 0.00590509 -0.00522797 0.00500309 0.19728 0.451975 -1.11916 -1.93812 1.00924 -0.00972594 0.00287213 0.509832 -0.0458475 -1.38879 -0.196182 -0.000180473 0.000585961 1.52456
309.104 0.0669292 -0.385126 1.54813 -2.85312 0.440524 2.19397 0.0336201 -0.385013 1.57006 -2.84321 0.460985 2.19584 -0.0333091 0.000112951 0.0219277 0.00991314 0.0204613 0.00186953 0.039879 1.28664 0.0872718 -0.485795 1.37989 -2.84787 0.435771 2.19845 0.0203426 -0.100669 -0.168234 0.00525 -0.00475259 0.00448382 0.197106 0.406382 -1.12001 -1.93617 1.00961 -0.00815591 0.00246547 0.509882 -0.0458475 -1.38879 -0.196182 -0.000180473 0.000585961 1.52456
309.454 0.069668 -0.383743 1.54825 -2.85194 0.440646 2.19353 0.0355265 -0.381737 1.56221 -2.85713 0.477719 2.18422 -0.0341415 0.00200513 0.0139584 -0.00518819 0.0370735 -0.00931077 0.0369391 2.17817 0.0887954 -0.48626 1.38105 -2.84716 0.436437 2.19774 0.0191274 -0.102518 -0.1672 0.00477875 -0.00420911 0.00420995 0.197058 0.367973 -1.12066 -1.93437 1.00957 -0.00699736 0.00173788 0.509474 -0.0458475 -1.38879 -0.196182 -0.000180473 0.000585961 1.52456
309.81 0.0723306 -0.382249 1.5481 -2.85078 0.440934 2.19282 0.039104 -0.382289 1.57013 -2.84015 0.460481 2.19781 -0.0332267 -3.94898e-05 0.0220304 0.0106261 0.0195467 0.00499343 0.0398667 1.2471 0.0910414 -0.486463 1.38185 -2.84653 0.437201 2.19683 0.0187108 -0.104214 -0.166248 0.0042416 -0.00373275 0.0040122 0.197101 0.332202 -1.12133 -1.93235 1.00919 -0.00579798 0.000885432 0.508776 -0.0458475 -1.38879 -0.196182 -0.000180473 0.000585961 1.52456
310.06 0.074969 -0.381093 1.54748 -2.84972 0.441178 2.19184 0.0431886 -0.386367 1.59563 -2.84054 0.435467 2.18512 -0.0317804 -0.00527437 0.048154 0.009188 -0.00571043 -0.00671549 0.0579364 0.839301 0.0944485 -0.486331 1.3818 -2.84576 0.437791 2.19543 0.0194795 -0.105238 -0.165674 0.00396162 -0.0033865 0.00358999 0.197237 0.302612 -1.12202 -1.93015 1.00837 -0.00453736 0.000131316 0.507854 -0.0458475 -1.38879 -0.196182 -0.000180473 0.000585961 1.52456
310.438 0.0783826 -0.380695 1.5457 -2.84872 0.441184 2.19014 0.0451024 -0.377884 1.56322 -2.85365 0.475417 2.18727 -0.0332802 0.00281098 0.0175195 -0.00492961 0.0342333 -0.00286278 0.0377148 1.97813 0.0979229 -0.485628 1.37982 -2.84472 0.437938 2.19281 0.0195403 -0.104933 -0.165882 0.00400198 -0.00324617 0.00267575 0.197255 0.28393 -1.12298 -1.92703 1.00645 -0.00283966 -0.000405288 0.506381 -0.0458475 -1.38879 -0.196182 -0.000180473 0.000585961 1.52456
310.735 0.0807375 -0.381484 1.54353 -2.84841 0.440908 2.18862 0.0478204 -0.378811 1.56424 -2.83934 0.459298 2.18273 -0.0329171 0.00267264 0.020705 0.00907267 0.0183899 -0.00589706 0.0389791 1.28359 0.101362 -0.486516 1.37768 -2.84443 0.437834 2.19069 0.0206247 -0.105033 -0.165848 0.0039781 -0.00307379 0.00206868 0.19739 0.272681 -1.12371 -1.92462 1.00431 -0.00167683 -0.000347705 0.505151 -0.0458475 -1.38879 -0.196182 -0.000180473 0.000585961 1.52456
311.095 0.0830024 -0.382364 1.54091 -2.84807 0.440758 2.18709 0.0506532 -0.384633 1.58843 -2.85547 0.450002 2.17415 -0.0323492 -0.00226925 0.0475206 -0.00739705 0.0092434 -0.0129398 0.0575311 0.859573 0.103657 -0.488641 1.37575 -2.84428 0.437959 2.18844 0.0206546 -0.106277 -0.165156 0.00379314 -0.00279924 0.00134958 0.197479 0.254878 -1.12442 -1.92217 1.00159 -0.000547916 -0.000404488 0.503869 -0.0458475 -1.38879 -0.196182 -0.000180473 0.000585961 1.52456
311.474 0.0858519 -0.383529 1.53691 -2.84756 0.440777 2.18514 0.0532864 -0.381572 1.56436 -2.83796 0.45681 2.18393 -0.0325655 0.0019567 0.0274446 0.00959477 0.0160332 -0.00121601 0.0426327 1.08822 0.105735 -0.49044 1.37206 -2.84444 0.438512 2.18541 0.0198833 -0.106911 -0.164852 0.0031163 -0.00226455 0.000266281 0.197488 0.216705 -1.12534 -1.91894 0.997252 0.000865471 -0.000688308 0.502163 -0.0458475 -1.38879 -0.196182 -0.000180473 0.000585961 1.52456
311.846 0.0882827 -0.384554 1.5335 -2.84692 0.440694 2.18368 0.05602 -0.38432 1.56442 -2.83771 0.455075 2.18433 -0.0322627 0.00023377 0.0309195 0.00921109 0.014381 0.000649183 0.0446873 0.970355 0.106265 -0.490834 1.36829 -2.84468 0.439132 2.18296 0.0179823 -0.10628 -0.165209 0.00223749 -0.00156174 -0.000721916 0.197263 0.174713 -1.12597 -1.91658 0.993575 0.00217446 -0.000949814 0.500932 -0.0458475 -1.38879 -0.196182 -0.000180473 0.000585961 1.52456
312.155 0.090809 -0.385911 1.52981 -2.84622 0.44043 2.18225 0.0603689 -0.391814 1.58951 -2.85806 0.413455 2.16554 -0.0304401 -0.00590285 0.0597028 -0.0118359 -0.0269746 -0.0167074 0.0672746 1.79646 0.108057 -0.491449 1.36414 -2.84471 0.439882 2.18097 0.0172475 -0.105538 -0.165667 0.00150992 -0.000547355 -0.00127635 0.197184 0.139882 -1.12655 -1.91432 0.989609 0.00362307 -0.0010943 0.499767 -0.0458475 -1.38879 -0.196182 -0.000180473 0.000585961 1.52456
312.537 0.0936058 -0.388187 1.52456 -2.84567 0.440067 2.1805 0.0614767 -0.388549 1.56503 -2.8422 0.421929 2.17425 -0.032129 -0.000362989 0.040465 0.00346432 -0.0181376 -0.00625194 0.0516704 1.14329 0.108208 -0.492078 1.35793 -2.84506 0.441794 2.17874 0.014602 -0.103891 -0.166632 0.000607284 0.00172783 -0.00176264 0.196908 0.155766 -1.1272 -1.91155 0.984054 0.00515146 -0.0010778 0.498358 -0.0458475 -1.38879 -0.196182 -0.000180473 0.000585961 1.52456
312.926 0.0950951 -0.390108 1.52056 -2.84561 0.439869 2.17936 0.064213 -0.391305 1.56512 -2.84197 0.420238 2.17463 -0.030882 -0.00119723 0.0445627 0.00363892 -0.0196308 -0.00473033 0.0542307 1.1955 0.107951 -0.492807 1.35323 -2.84507 0.442773 2.17759 0.0128564 -0.102699 -0.167329 0.000547668 0.00290412 -0.00177078 0.196752 0.203672 -1.12757 -1.9097 0.979838 0.00586382 -0.000937199 0.497431 -0.0458475 -1.38879 -0.196182 -0.000180473 0.000585961 1.52456
313.191 0.0962149 -0.392237 1.51656 -2.84579 0.439612 2.17834 0.0659927 -0.393029 1.5583 -2.84058 0.449435 2.16786 -0.0302222 -0.000791384 0.041743 0.0052156 0.00982321 -0.0104803 0.0515411 0.959812 0.107756 -0.493081 1.34816 -2.84507 0.443924 2.17673 0.0115408 -0.100844 -0.168404 0.000724144 0.00431157 -0.00161474 0.196628 0.272681 -1.12783 -1.90805 0.975718 0.00634753 -0.000628095 0.496621 -0.0458475 -1.38879 -0.196182 -0.000180473 0.000585961 1.52456
313.594 0.0970825 -0.394431 1.51269 -2.84609 0.43928 2.17743 0.0656504 -0.390216 1.53372 -2.83814 0.472033 2.18157 -0.0314321 0.00421585 0.0210279 0.00794786 0.0327529 0.00414017 0.0380516 1.92091 0.106726 -0.493517 1.34328 -2.8453 0.444191 2.17583 0.0096436 -0.0990852 -0.169408 0.000787189 0.00491088 -0.00159789 0.196494 0.305187 -1.12795 -1.90664 0.971812 0.00671632 -0.000199316 0.495928 -0.0458475 -1.38879 -0.196182 -0.000180473 0.000585961 1.52456
314.01 0.0979853 -0.39713 1.50797 -2.84647 0.438739 2.17637 0.068715 -0.400428 1.55802 -2.85983 0.431791 2.16227 -0.0292703 -0.00329857 0.0500515 -0.0133607 -0.00694824 -0.0141 0.0580757 0.935864 0.103888 -0.493787 1.33719 -2.84559 0.444452 2.17484 0.00590264 -0.0966578 -0.17078 0.000880539 0.00571288 -0.00153589 0.196324 0.348305 -1.12787 -1.9051 0.96719 0.00718553 0.00044651 0.49517 -0.0458475 -1.38879 -0.196182 -0.000180473 0.000585961 1.52456
314.363 0.0984184 -0.39859 1.50498 -2.84665 0.43843 2.17575 0.0683365 -0.397101 1.53451 -2.84499 0.44011 2.17044 -0.0300819 0.00148937 0.0295273 0.00166634 0.00168011 -0.00530626 0.0421782 0.367973 0.102701 -0.493271 1.33308 -2.84568 0.44477 2.17458 0.00428231 -0.0946814 -0.171907 0.000967194 0.00633967 -0.00116467 0.196303 0.377424 -1.12761 -1.90421 0.964312 0.00749298 0.000798439 0.494717 -0.0458475 -1.38879 -0.196182 -0.000180473 0.000585961 1.52456
314.985 0.0979461 -0.39845 1.50076 -2.84671 0.439009 2.17525 0.0686893 -0.39899 1.52625 -2.85521 0.482274 2.16889 -0.0292568 -0.000540289 0.0254917 -0.00849886 0.0432645 -0.00635833 0.0388083 2.52135 0.0993934 -0.490698 1.32748 -2.84479 0.446012 2.17485 0.00144728 -0.0922487 -0.173287 0.00192344 0.00700272 -0.000404617 0.196317 0.419648 -1.12623 -1.90305 0.960189 0.00740636 0.000355681 0.494118 -0.0458475 -1.38879 -0.196182 -0.000180473 0.000585961 1.52456
315.419 0.0971037 -0.396371 1.50027 -2.84638 0.440124 2.1756 0.0683365 -0.399779 1.5345 -2.8458 0.439157 2.17008 -0.0287672 -0.00340839 0.0342383 0.000581873 -0.000967251 -0.00552188 0.044849 0.336882 0.0983084 -0.487176 1.32616 -2.84357 0.447148 2.17542 0.0012047 -0.0908051 -0.174108 0.00281032 0.00702439 -0.000186608 0.196369 0.435213 -1.12533 -1.90294 0.959462 0.00695061 -0.000749125 0.494101 -0.0458475 -1.38879 -0.196182 -0.000180473 0.000585961 1.52456
315.767 0.0959341 -0.393678 1.50025 -2.84601 0.441477 2.17622 0.0683365 -0.397101 1.53451 -2.84499 0.44011 2.17044 -0.0275976 -0.00342213 0.0342587 0.00102891 -0.00136663 -0.00578093 0.0441247 0.369035 0.0962367 -0.483748 1.32569 -2.84252 0.448261 2.17604 0.000302612 -0.0900699 -0.174558 0.00349447 0.00678389 -0.00017871 0.196426 0.439686 -1.1243 -1.90307 0.959204 0.00630131 -0.0020321 0.494243 -0.0458475 -1.38879 -0.196182 -0.000180473 0.000585961 1.52456
316.16 0.0940963 -0.390162 1.50068 -2.84567 0.44314 2.17727 0.0656536 -0.394398 1.53442 -2.84523 0.441798 2.17004 -0.0284427 -0.00423594 0.0337413 0.000440145 -0.00134127 -0.00723733 0.0443329 0.432507 0.0929258 -0.477579 1.32457 -2.84168 0.449666 2.17719 -0.00117053 -0.0874162 -0.176109 0.00399084 0.00652636 -8.28597e-05 0.196615 0.439686 -1.12281 -1.9036 0.959427 0.00524771 -0.00357765 0.494673 -0.0458475 -1.38879 -0.196182 -0.000180473 0.000585961 1.52456
316.546 0.0926019 -0.38826 1.50107 -2.8457 0.443944 2.17808 0.0643174 -0.391745 1.53453 -2.84483 0.442568 2.1702 -0.0282844 -0.00348423 0.0334527 0.000872632 -0.00137589 -0.00788399 0.0439458 0.482139 0.0897304 -0.474157 1.32408 -2.84157 0.450248 2.17824 -0.00287154 -0.0858964 -0.176997 0.00413492 0.00630434 0.000156585 0.196759 0.429783 -1.12167 -1.90426 0.959896 0.00441822 -0.00422535 0.495142 -0.0458475 -1.38879 -0.196182 -0.000180473 0.000585961 1.52456
317.187 0.0898915 -0.386287 1.50178 -2.84598 0.444391 2.17957 0.0616351 -0.389044 1.53445 -2.84508 0.444265 2.16979 -0.0282565 -0.00275758 0.0326617 0.000899335 -0.000126623 -0.00978081 0.0432761 0.584168 0.0794591 -0.468962 1.32293 -2.8427 0.45006 2.1797 -0.0104324 -0.0826746 -0.178855 0.0032791 0.00566894 0.000125775 0.197314 0.373253 -1.11947 -1.90617 0.961156 0.00320634 -0.00445244 0.496305 -0.0458475 -1.38879 -0.196182 -0.000180473 0.000585961 1.52456
317.544 0.088933 -0.385552 1.50237 -2.84555 0.44399 2.18039 0.0587054 -0.38092 1.51004 -2.84086 0.469849 2.18367 -0.0302275 0.0046324 0.00766581 0.0046851 0.0258597 0.00328865 0.0315266 1.50272 0.0728369 -0.466798 1.32271 -2.84295 0.449387 2.18041 -0.0160961 -0.081246 -0.179662 0.00259964 0.00539719 2.8296e-05 0.197835 0.342641 -1.1181 -1.90784 0.96216 0.0033661 -0.00434907 0.497122 -0.0458475 -1.38879 -0.196182 -0.000180473 0.000585961 1.52456
317.872 0.0884398 -0.385214 1.50282 -2.84498 0.443485 2.1809 0.0589225 -0.386562 1.53254 -2.85639 0.461476 2.17522 -0.0295174 -0.00134864 0.0297248 -0.0114105 0.0179909 -0.0056789 0.0419125 1.18729 0.069184 -0.466485 1.3232 -2.84277 0.448866 2.18103 -0.0192558 -0.0812709 -0.179622 0.0022123 0.00538111 0.000125776 0.198091 0.332202 -1.11712 -1.90928 0.962885 0.00383933 -0.00422954 0.497715 -0.0458475 -1.38879 -0.196182 -0.000180473 0.000585961 1.52456
318.513 0.0857428 -0.384617 1.50345 -2.84401 0.443047 2.1822 0.0576034 -0.385327 1.53296 -2.85838 0.462265 2.17424 -0.0281395 -0.000709646 0.0295138 -0.0143721 0.0192175 -0.0079528 0.0407848 1.33031 0.0604264 -0.467189 1.32462 -2.84338 0.448643 2.18279 -0.0253164 -0.0825721 -0.178829 0.000627874 0.0055961 0.000595216 0.198592 0.322641 -1.11494 -1.91337 0.963555 0.00423992 -0.00438225 0.498957 -0.0458475 -1.38879 -0.196182 -0.000180473 0.000585961 1.52456
318.97 0.0833442 -0.384056 1.5035 -2.84392 0.443684 2.18295 0.0562819 -0.385438 1.53341 -2.85956 0.461833 2.17372 -0.0270623 -0.00138218 0.0299145 -0.0156396 0.0181486 -0.00922782 0.0403628 1.32264 0.0560438 -0.467884 1.32538 -2.84373 0.449376 2.18358 -0.0273004 -0.0838283 -0.178117 0.000194206 0.00569163 0.00063223 0.198742 0.327456 -1.11405 -1.91544 0.963167 0.00361622 -0.00494842 0.499423 -0.0458475 -1.38879 -0.196182 -0.000180473 0.000585961 1.52456
319.411 0.0801549 -0.38382 1.50327 -2.84429 0.444603 2.18375 0.052234 -0.383875 1.5325 -2.85918 0.464598 2.17311 -0.0279209 -5.54687e-05 0.0292372 -0.014893 0.0199949 -0.0106453 0.0404276 1.3983 0.0489457 -0.468466 1.32559 -2.84495 0.450375 2.18438 -0.0312092 -0.0846463 -0.177676 -0.000669418 0.00577204 0.000630145 0.199268 0.336882 -1.1132 -1.91769 0.962346 0.00244456 -0.00551467 0.499857 -0.0458475 -1.38879 -0.196182 -0.000180473 0.000585961 1.52456
319.794 0.0751418 -0.384377 1.50247 -2.84533 0.445905 2.18479 0.0481712 -0.379123 1.51072 -2.82814 0.486498 2.1858 -0.0269706 0.00525439 0.00825082 0.0171923 0.0405937 0.00101169 0.0286897 2.51637 0.0404114 -0.471154 1.32596 -2.84811 0.45172 2.18552 -0.0347304 -0.0867769 -0.176511 -0.00277735 0.00581551 0.000728078 0.199731 0.379492 -1.11223 -1.92091 0.960659 0.000379737 -0.00603572 0.500383 -0.0458475 -1.38879 -0.196182 -0.000180473 0.000585961 1.52456
320.168 0.0710989 -0.385137 1.50173 -2.84629 0.446973 2.18555 0.0450708 -0.387119 1.54014 -2.84765 0.449637 2.18285 -0.026028 -0.00198246 0.0384046 -0.00135541 0.00266395 -0.00269685 0.046436 0.207479 0.0354357 -0.473252 1.32593 -2.85061 0.452827 2.18644 -0.0356632 -0.0881154 -0.175804 -0.00431486 0.00585375 0.00088845 0.199858 0.432507 -1.11166 -1.92345 0.959114 -0.00135404 -0.0064102 0.500736 -0.0458475 -1.38879 -0.196182 -0.000180473 0.000585961 1.52456
320.583 0.0671256 -0.386309 1.50094 -2.84732 0.447924 2.18622 0.039671 -0.388269 1.53935 -2.8485 0.451305 2.18169 -0.0274546 -0.00195979 0.0384103 -0.00118064 0.0033814 -0.00453525 0.0472541 0.307741 0.0289807 -0.475644 1.32576 -2.85377 0.453894 2.18732 -0.0381449 -0.0893353 -0.175182 -0.0064502 0.00596997 0.00109547 0.200311 0.527119 -1.11127 -1.92604 0.957479 -0.00305561 -0.00665298 0.501055 -0.0458475 -1.38879 -0.196182 -0.000180473 0.000585961 1.52456
320.923 0.0633094 -0.387715 1.50019 -2.84829 0.44882 2.18684 0.0370012 -0.389774 1.53999 -2.85173 0.450836 2.18014 -0.0263082 -0.00205868 0.0398033 -0.0034435 0.00201631 -0.00670549 0.0477563 0.36584 0.0243988 -0.478242 1.32564 -2.85597 0.454991 2.18813 -0.0389106 -0.0905271 -0.174552 -0.00768134 0.00617096 0.00128692 0.200444 0.593473 -1.1111 -1.92862 0.955815 -0.00463628 -0.00687638 0.501341 -0.0458475 -1.38879 -0.196182 -0.000180473 0.000585961 1.52456
321.241 0.0589204 -0.390119 1.49924 -2.84937 0.44969 2.1875 0.0316064 -0.390927 1.53923 -2.85259 0.45248 2.17896 -0.027314 -0.000807851 0.0399925 -0.00321783 0.00278982 -0.00853651 0.0484367 0.468972 0.019006 -0.483216 1.32611 -2.85823 0.456374 2.18925 -0.0399145 -0.0930977 -0.173131 -0.00886037 0.00668351 0.00174861 0.200586 0.677242 -1.11126 -1.932 0.953564 -0.00632529 -0.00702072 0.501666 -0.0458475 -1.38879 -0.196182 -0.000180473 0.000585961 1.52456
321.631 0.0568177 -0.392286 1.49842 -2.84953 0.449894 2.18779 0.027229 -0.389254 1.52207 -2.82397 0.446442 2.19771 -0.0295888 0.00303282 0.0236482 0.0255564 -0.00345188 0.00991631 0.0379991 1.33618 0.0162195 -0.488073 1.32685 -2.85872 0.45652 2.18982 -0.0405982 -0.0957862 -0.171576 -0.00919147 0.0066267 0.00202569 0.200653 0.698856 -1.11171 -1.93442 0.95167 -0.00670966 -0.00710236 0.501863 -0.0458475 -1.38879 -0.196182 -0.000180473 0.000585961 1.52456
321.985 0.0555804 -0.395048 1.49738 -2.84936 0.449657 2.18789 0.0262311 -0.396287 1.53917 -2.85637 0.451926 2.17667 -0.0293493 -0.00123908 0.0417885 -0.00700479 0.00226928 -0.0112227 0.0510803 0.605226 0.0146388 -0.492875 1.32698 -2.85839 0.455536 2.19017 -0.0409416 -0.0978272 -0.170398 -0.00902292 0.00587888 0.00227897 0.200703 0.676086 -1.11243 -1.93675 0.949491 -0.00649561 -0.0069938 0.502017 -0.0458475 -1.38879 -0.196182 -0.000180473 0.000585961 1.52456
322.342 0.0547724 -0.399724 1.49559 -2.84892 0.448852 2.1878 0.025183 -0.394566 1.51692 -2.84509 0.458444 2.1832 -0.0295894 0.00515839 0.0213328 0.00383943 0.00959255 -0.00460198 0.0368406 0.686426 0.0133353 -0.498302 1.3257 -2.85725 0.453206 2.19018 -0.0414371 -0.098578 -0.169893 -0.00832421 0.00435462 0.00238412 0.200745 0.604579 -1.11383 -1.9397 0.946151 -0.00567554 -0.0065669 0.502162 -0.0458475 -1.38879 -0.196182 -0.000180473 0.000585961 1.52456
322.701 0.0540547 -0.40416 1.49387 -2.84906 0.448082 2.18761 0.0235437 -0.404343 1.53913 -2.8598 0.449675 2.17483 -0.030511 -0.000183135 0.0452661 -0.0107372 0.00159255 -0.0127747 0.0545892 0.729005 0.0134722 -0.501964 1.32353 -2.85646 0.450931 2.19033 -0.0405824 -0.0978041 -0.170335 -0.00740318 0.00284874 0.00272505 0.200565 0.537412 -1.11516 -1.94181 0.943271 -0.00530958 -0.00586621 0.502216 -0.0458475 -1.38879 -0.196182 -0.000180473 0.000585961 1.52456
323.964 0.0489089 -0.428307 1.48198 -2.85282 0.445918 2.18657 0.0191576 -0.423866 1.51033 -2.85433 0.477471 2.16986 -0.0297513 0.00444069 0.0283536 -0.00150652 0.031552 -0.0167043 0.0413375 2.02932 0.0192632 -0.526745 1.31204 -2.85329 0.446114 2.18959 -0.0296457 -0.0984383 -0.16994 -0.000469202 0.000195171 0.00302005 0.198617 0.185575 -1.12307 -1.94977 0.925337 -0.00691689 -0.0021429 0.501941 -0.0458475 -1.38879 -0.196182 -0.000180473 0.000585961 1.52456
324.32 0.0482901 -0.433295 1.47895 -2.85322 0.445955 2.18641 0.0176558 -0.425678 1.49349 -2.85606 0.469761 2.18867 -0.0306343 0.00761679 0.0145384 -0.00283967 0.0238058 0.00225502 0.034754 1.38649 0.0196894 -0.533478 1.31002 -2.8529 0.445717 2.18929 -0.0286007 -0.100183 -0.168929 0.00031139 -0.000238337 0.00287295 0.198474 0.158259 -1.12526 -1.95118 0.920425 -0.0071945 -0.00196924 0.501799 -0.0458475 -1.38879 -0.196182 -0.000180473 0.000585961 1.52456
324.686 0.0479776 -0.439694 1.4751 -2.85354 0.446035 2.1862 0.0176134 -0.432413 1.49421 -2.82958 0.466781 2.1879 -0.0303642 0.00728096 0.0191083 0.0239625 0.0207463 0.00170692 0.0366077 1.78575 0.0217441 -0.54109 1.30688 -2.85212 0.444651 2.18902 -0.0262335 -0.101396 -0.168223 0.00142508 -0.00138307 0.00282449 0.198162 0.165511 -1.12838 -1.95275 0.913999 -0.00740519 -0.00186445 0.501589 -0.0458475 -1.38879 -0.196182 -0.000180473 0.000585961 1.52456
325.343 0.0488342 -0.448149 1.47024 -2.8533 0.446328 2.18591 0.017656 -0.443934 1.49348 -2.86138 0.463042 2.18617 -0.0311782 0.00421476 0.0232383 -0.00807795 0.016714 0.000260699 0.0391134 1.06643 0.0241336 -0.552595 1.30381 -2.85114 0.444136 2.1883 -0.0247006 -0.104447 -0.166432 0.00216517 -0.00219217 0.0023873 0.198037 0.187672 -1.13347 -1.95442 0.905105 -0.00720283 -0.00223243 0.50126 -0.0458475 -1.38879 -0.196182 -0.000180473 0.000585961 1.52456
325.706 0.0504968 -0.453076 1.46737 -2.85243 0.44662 2.18577 0.0176148 -0.449807 1.4935 -2.85002 0.447516 2.18117 -0.032882 0.00326957 0.0261247 0.00241504 0.000896137 -0.00460536 0.0421238 0.350545 0.0277695 -0.558237 1.3014 -2.85061 0.443728 2.18753 -0.0227273 -0.10516 -0.165968 0.00181779 -0.00289208 0.00175142 0.197789 0.197824 -1.13714 -1.95511 0.899312 -0.00653612 -0.00292528 0.501056 -0.0458475 -1.38879 -0.196182 -0.000180473 0.000585961 1.52456
326.063 0.0519839 -0.457396 1.46497 -2.852 0.446559 2.18559 0.0202634 -0.454366 1.49347 -2.86331 0.458591 2.1856 -0.0317205 0.00303085 0.0285051 -0.0113116 0.012032 1.38914e-05 0.0427542 0.94626 0.0314073 -0.56224 1.29885 -2.85055 0.443367 2.18699 -0.0205766 -0.104844 -0.166121 0.00144948 -0.00319221 0.00139534 0.197514 0.201741 -1.14005 -1.95544 0.894851 -0.00604214 -0.00310254 0.500913 -0.0458475 -1.38879 -0.196182 -0.000180473 0.000585961 1.52456
326.434 0.0535828 -0.462167 1.46234 -2.85175 0.446347 2.18536 0.0208175 -0.459273 1.4882 -2.85192 0.468987 2.17256 -0.0327653 0.00289356 0.0258585 -0.000165467 0.0226404 -0.0127971 0.0418402 1.48806 0.0352323 -0.567034 1.29624 -2.85053 0.443043 2.18658 -0.0183505 -0.104867 -0.166103 0.00122278 -0.00330414 0.00122053 0.197292 0.203672 -1.14309 -1.95563 0.890221 -0.00561111 -0.00305679 0.500775 -0.0458475 -1.38879 -0.196182 -0.000180473 0.000585961 1.52456
326.83 0.055806 -0.469294 1.45832 -2.85174 0.445904 2.18501 0.0221152 -0.464419 1.48803 -2.85305 0.467264 2.17206 -0.0336909 0.00487435 0.029705 -0.00130512 0.0213597 -0.0129536 0.0451798 1.4161 0.0403737 -0.575141 1.29283 -2.85056 0.442571 2.18608 -0.0154323 -0.105847 -0.16549 0.00118215 -0.00333305 0.00106817 0.19705 0.203672 -1.14733 -1.9557 0.883625 -0.00520803 -0.00270091 0.500596 -0.0458475 -1.38879 -0.196182 -0.000180473 0.000585961 1.52456
327.166 0.0577124 -0.47509 1.45491 -2.85179 0.445414 2.1847 0.0247133 -0.47222 1.48804 -2.85421 0.463789 2.17187 -0.032999 0.00286953 0.0331314 -0.00242396 0.0183748 -0.012835 0.0468493 1.25648 0.0436423 -0.580221 1.28901 -2.85037 0.44193 2.18583 -0.0140701 -0.105131 -0.165899 0.00141594 -0.00348376 0.00112726 0.196909 0.214891 -1.15063 -1.95562 0.878284 -0.00484344 -0.00227891 0.500467 -0.0458475 -1.38879 -0.196182 -0.000180473 0.000585961 1.52456
327.551 0.0598189 -0.481224 1.45114 -2.85184 0.444814 2.18436 0.0269891 -0.474999 1.47242 -2.82764 0.453896 2.19172 -0.0328297 0.00622428 0.0212772 0.0241927 0.00908229 0.00735911 0.0396138 1.36458 0.0468852 -0.585636 1.28483 -2.85005 0.441312 2.18555 -0.0129337 -0.104412 -0.16631 0.00179093 -0.00350251 0.00119274 0.196795 0.222056 -1.15401 -1.95543 0.872592 -0.0044156 -0.00176241 0.50034 -0.0458475 -1.38879 -0.196182 -0.000180473 0.000585961 1.52456
327.91 0.0620522 -0.487601 1.44707 -2.85192 0.444156 2.18399 0.0299102 -0.487826 1.48808 -2.85652 0.456934 2.1715 -0.032142 -0.00022507 0.0410027 -0.00459991 0.012778 -0.0124891 0.0520998 0.976386 0.0511267 -0.590744 1.28004 -2.84934 0.440872 2.18531 -0.0109255 -0.103143 -0.167035 0.00257437 -0.00328369 0.00131975 0.196618 0.2307 -1.15745 -1.95513 0.866603 -0.00397536 -0.00118245 0.500213 -0.0458475 -1.38879 -0.196182 -0.000180473 0.000585961 1.52456
328.263 0.065398 -0.496145 1.4414 -2.85183 0.443215 2.1835 0.0321672 -0.491507 1.47181 -2.85764 0.447217 2.191 -0.0332308 0.00463782 0.0304171 -0.00581362 0.00400101 0.00750412 0.0452879 0.686996 0.0554152 -0.596287 1.27265 -2.8482 0.440231 2.18485 -0.00998282 -0.100143 -0.168751 0.00363236 -0.00298413 0.00135534 0.196481 0.254878 -1.16208 -1.95459 0.858338 -0.00318313 -0.000459946 0.50005 -0.0458475 -1.38879 -0.196182 -0.000180473 0.000585961 1.52456
328.612 0.0681125 -0.50285 1.43695 -2.85181 0.442263 2.18305 0.0348277 -0.493537 1.45122 -2.81977 0.450423 2.19799 -0.0332847 0.00931361 0.0142634 0.0320411 0.00815925 0.014946 0.0373907 1.72192 0.0587762 -0.600731 1.2669 -2.84744 0.43948 2.18439 -0.00933631 -0.0978807 -0.170057 0.00437355 -0.0027832 0.00134224 0.196436 0.278362 -1.16555 -1.95407 0.852114 -0.00246695 0.000309632 0.499932 -0.0458475 -1.38879 -0.196182 -0.000180473 0.000585961 1.52456
328.994 0.0709574 -0.509735 1.43249 -2.85186 0.441068 2.18252 0.0378999 -0.500963 1.4452 -2.8466 0.471181 2.18991 -0.0330574 0.00877191 0.012707 0.00526359 0.0301125 0.00738722 0.0364857 1.77034 0.0622718 -0.605373 1.26111 -2.84653 0.438613 2.18379 -0.00868555 -0.0956374 -0.171383 0.00533078 -0.00245567 0.00126825 0.196454 0.315279 -1.16898 -1.95349 0.846064 -0.00164717 0.00131998 0.499816 -0.0458475 -1.38879 -0.196182 -0.000180473 0.000585961 1.52456
329.356 0.074926 -0.519055 1.4267 -2.85204 0.439105 2.18168 0.041644 -0.517298 1.46657 -2.86488 0.435794 2.1736 -0.0332819 0.00175682 0.039876 -0.0128401 -0.00331131 -0.00808093 0.0519699 0.709416 0.0655425 -0.60983 1.25259 -2.84569 0.436988 2.18263 -0.00938345 -0.0907753 -0.174108 0.00634454 -0.00211681 0.000952417 0.196575 0.364769 -1.1734 -1.95259 0.83862 -0.000407411 0.00301421 0.49965 -0.0458475 -1.38879 -0.196182 -0.000180473 0.000585961 1.52456
329.723 0.0777465 -0.525546 1.42288 -2.85228 0.437644 2.18104 0.0446599 -0.517346 1.43984 -2.85168 0.463713 2.17311 -0.0330866 0.00820042 0.0169588 0.000595142 0.026069 -0.00792884 0.0380733 1.56598 0.0679459 -0.613706 1.2473 -2.84559 0.435673 2.18177 -0.00980064 -0.0881599 -0.175576 0.00668965 -0.0019704 0.000737674 0.196711 0.384613 -1.17655 -1.95185 0.833794 0.000432179 0.00433558 0.499512 -0.0458475 -1.38879 -0.196182 -0.000180473 0.000585961 1.52456
330.045 0.0804185 -0.531189 1.41969 -2.85245 0.436376 2.18044 0.0479806 -0.529635 1.44595 -2.83983 0.446436 2.18512 -0.0324379 0.00155327 0.0262583 0.0126206 0.0100603 0.00468119 0.0417628 0.872676 0.0703688 -0.616914 1.24275 -2.84561 0.434667 2.18082 -0.0100497 -0.0857257 -0.176943 0.00683997 -0.00170826 0.00038645 0.196872 0.395648 -1.17947 -1.95106 0.829694 0.00121523 0.00546404 0.499355 -0.0458475 -1.38879 -0.196182 -0.000180473 0.000585961 1.52456
330.416 0.0838723 -0.537205 1.41641 -2.85237 0.435012 2.17972 0.0518747 -0.54383 1.46733 -2.85654 0.411736 2.16945 -0.0319976 -0.00662515 0.0509226 -0.00417079 -0.0232766 -0.0102673 0.060505 1.43749 0.0725812 -0.61864 1.23706 -2.84585 0.433431 2.17982 -0.0112911 -0.0814356 -0.179347 0.006519 -0.00158147 9.92128e-05 0.197293 0.381549 -1.18296 -1.94992 0.825288 0.00231362 0.00654085 0.499129 -0.0458475 -1.38879 -0.196182 -0.000180473 0.000585961 1.52456
331.053 0.0879316 -0.542374 1.41372 -2.852 0.434355 2.17911 0.0570045 -0.554134 1.46747 -2.85748 0.407224 2.16982 -0.0309271 -0.0117599 0.0537438 -0.00547708 -0.0271307 -0.00928824 0.0631124 1.63135 0.0758999 -0.619233 1.2318 -2.84599 0.433558 2.17929 -0.0120317 -0.076859 -0.181927 0.00600896 -0.000797021 0.000182069 0.197862 0.342641 -1.18713 -1.94812 0.820906 0.00325958 0.00688985 0.498787 -0.0458475 -1.38879 -0.196182 -0.000180473 0.000585961 1.52456
331.388 0.0895848 -0.543729 1.41315 -2.85179 0.43431 2.1789 0.0584964 -0.547612 1.44008 -2.85541 0.449196 2.17359 -0.0310884 -0.00388278 0.026927 -0.00361813 0.0148865 -0.00531082 0.0413114 0.899616 0.0761342 -0.618303 1.22993 -2.84578 0.434259 2.17932 -0.0134506 -0.0745742 -0.183214 0.00601119 -5.06427e-05 0.000426332 0.198267 0.33455 -1.18872 -1.9472 0.819669 0.00356394 0.00681834 0.498622 -0.0458475 -1.38879 -0.196182 -0.000180473 0.000585961 1.52456
331.773 0.0916331 -0.544731 1.41286 -2.85144 0.434204 2.17862 0.0597542 -0.54762 1.4401 -2.85442 0.449544 2.17407 -0.0318789 -0.00288918 0.0272353 -0.00298759 0.0153399 -0.00455024 0.0420282 0.911716 0.0760076 -0.616876 1.22828 -2.84492 0.435217 2.17937 -0.0156255 -0.0721448 -0.184582 0.00651869 0.00101271 0.000747338 0.198795 0.362617 -1.19031 -1.94598 0.818835 0.00405874 0.00672112 0.498416 -0.0458475 -1.38879 -0.196182 -0.000180473 0.000585961 1.52456
332.069 0.0932383 -0.545193 1.41272 -2.85103 0.433894 2.17836 0.0622679 -0.549818 1.44092 -2.8439 0.435798 2.17025 -0.0309704 -0.00462552 0.0282068 0.00713576 0.00190335 -0.00810657 0.0421448 0.744936 0.0766086 -0.614887 1.22676 -2.84386 0.435716 2.17929 -0.0166297 -0.0696936 -0.185956 0.00717374 0.00182126 0.000933893 0.199283 0.405418 -1.19111 -1.94509 0.818584 0.0046894 0.00676741 0.498276 -0.0458475 -1.38879 -0.196182 -0.000180473 0.000585961 1.52456
332.468 0.0947983 -0.545273 1.41254 -2.85048 0.433561 2.1781 0.0632565 -0.542548 1.42016 -2.84172 0.453576 2.18234 -0.0315418 0.00272548 0.00761694 0.00875674 0.0200149 0.00424481 0.0325628 1.23353 0.0767253 -0.613719 1.2259 -2.84299 0.435634 2.17901 -0.018073 -0.0684459 -0.186643 0.00748582 0.00207333 0.000915883 0.199617 0.426126 -1.19157 -1.94423 0.818431 0.0054602 0.00675312 0.498151 -0.0458475 -1.38879 -0.196182 -0.000180473 0.000585961 1.52456
332.832 0.0962794 -0.544368 1.4124 -2.84969 0.433584 2.17792 0.0647881 -0.550181 1.44022 -2.85325 0.447446 2.17537 -0.0314913 -0.00581343 0.0278131 -0.00355929 0.0138621 -0.00255626 0.0424154 0.817571 0.0772501 -0.611205 1.22485 -2.84226 0.435634 2.17867 -0.0190293 -0.0668367 -0.187553 0.00742999 0.00205001 0.000744419 0.200013 0.426126 -1.19162 -1.94319 0.818268 0.00620507 0.00632785 0.497999 -0.0458475 -1.38879 -0.196182 -0.000180473 0.000585961 1.52456
333.174 0.0970069 -0.543107 1.41229 -2.84907 0.433825 2.1779 0.0664038 -0.54691 1.4349 -2.84066 0.459183 2.16394 -0.030603 -0.0038032 0.0226098 0.00840646 0.0253581 -0.0139563 0.0382389 1.8207 0.0759904 -0.609535 1.22451 -2.84224 0.435829 2.17849 -0.0210165 -0.0664276 -0.187783 0.00682852 0.00200406 0.000594332 0.200292 0.395648 -1.19126 -1.94251 0.818165 0.00663086 0.00580785 0.497912 -0.0458475 -1.38879 -0.196182 -0.000180473 0.000585961 1.52456
333.538 0.0975633 -0.541866 1.41193 -2.84848 0.433916 2.17786 0.0673057 -0.547693 1.44029 -2.8516 0.447655 2.1765 -0.0302577 -0.00582735 0.0283565 -0.00312422 0.0137394 -0.00136086 0.0418757 0.803569 0.0733548 -0.60767 1.22381 -2.8424 0.435927 2.17839 -0.0242085 -0.0658042 -0.188117 0.00608118 0.00201072 0.000531362 0.200759 0.356083 -1.19055 -1.94195 0.818017 0.00710809 0.00542879 0.497856 -0.0458475 -1.38879 -0.196182 -0.000180473 0.000585961 1.52456
333.934 0.0978946 -0.539817 1.41124 -2.84764 0.434119 2.17789 0.0672795 -0.545904 1.44055 -2.83957 0.436334 2.17282 -0.0306151 -0.0060867 0.0293055 0.00807437 0.00221505 -0.00506618 0.0428152 0.653719 0.0714959 -0.605896 1.22329 -2.84264 0.436095 2.17834 -0.0263987 -0.0660794 -0.18795 0.00499977 0.00197591 0.00045498 0.200969 0.298707 -1.1891 -1.94141 0.817714 0.00770854 0.00483034 0.497824 -0.0458475 -1.38879 -0.196182 -0.000180473 0.000585961 1.52456
334.249 0.0975883 -0.537932 1.41068 -2.84715 0.434467 2.17801 0.0682219 -0.537645 1.42031 -2.83837 0.453969 2.18465 -0.0293664 0.000287069 0.00963169 0.00877589 0.0195012 0.00664733 0.0309069 1.21724 0.071422 -0.604589 1.22305 -2.84337 0.436201 2.17836 -0.0261664 -0.0666574 -0.187635 0.00378299 0.00173371 0.000350041 0.200835 0.2307 -1.18764 -1.94119 0.817482 0.00790077 0.0042846 0.497827 -0.0458475 -1.38879 -0.196182 -0.000180473 0.000585961 1.52456
334.923 0.0950867 -0.534648 1.40917 -2.84751 0.435027 2.1783 0.0663851 -0.538521 1.43427 -2.85238 0.450754 2.16078 -0.0287016 -0.00387342 0.0250949 -0.00486816 0.0157272 -0.0175153 0.0383216 1.28725 0.077102 -0.599868 1.22061 -2.84478 0.435947 2.1787 -0.0179846 -0.0652195 -0.18856 0.00273259 0.00091963 0.000402641 0.20033 0.158259 -1.18381 -1.94127 0.817395 0.00716697 0.00401561 0.497914 -0.0458475 -1.38879 -0.196182 -0.000180473 0.000585961 1.52456
335.304 0.0919834 -0.531859 1.40848 -2.84846 0.435818 2.1787 0.0647882 -0.540126 1.44023 -2.8504 0.450821 2.17668 -0.0271953 -0.00826735 0.0317517 -0.00193486 0.0150033 -0.0020147 0.0426158 0.86818 0.0808597 -0.597559 1.22012 -2.84559 0.435921 2.17908 -0.0111238 -0.0657 -0.188365 0.00287179 0.000103411 0.0003835 0.199804 0.155766 -1.18064 -1.94167 0.817883 0.00576328 0.00385851 0.498027 -0.0458475 -1.38879 -0.196182 -0.000180473 0.000585961 1.52456
335.626 0.0891176 -0.528952 1.40836 -2.84922 0.436834 2.17918 0.062271 -0.537588 1.44017 -2.85063 0.452308 2.1762 -0.0268466 -0.008636 0.0318149 -0.00141332 0.0154734 -0.00297494 0.0425148 0.900051 0.0835551 -0.595471 1.2204 -2.84629 0.436262 2.17944 -0.00556255 -0.0665184 -0.187958 0.0029281 -0.000572375 0.000264752 0.199459 0.165511 -1.17796 -1.94211 0.818569 0.00437556 0.00341389 0.498145 -0.0458475 -1.38879 -0.196182 -0.000180473 0.000585961 1.52456
335.982 0.0861071 -0.525214 1.4086 -2.84972 0.438173 2.17979 0.0597486 -0.534695 1.44086 -2.84055 0.441476 2.17134 -0.0263585 -0.00948026 0.0322534 0.00917052 0.0033037 -0.00844988 0.0427192 0.873573 0.0848699 -0.592146 1.22083 -2.84668 0.436854 2.1798 -0.00123719 -0.066932 -0.187776 0.00304024 -0.0013186 8.32498e-06 0.199352 0.189746 -1.17508 -1.94263 0.8195 0.00297761 0.00257354 0.49829 -0.0458475 -1.38879 -0.196182 -0.000180473 0.000585961 1.52456
336.49 0.0789002 -0.515052 1.40988 -2.85042 0.441621 2.18137 0.0522057 -0.524936 1.43996 -2.85089 0.459166 2.17459 -0.0266944 -0.00988384 0.0300837 -0.00047226 0.0175444 -0.00677985 0.0414163 1.07374 0.0899333 -0.585422 1.22399 -2.84648 0.439767 2.18117 0.0110331 -0.07037 -0.185893 0.00394362 -0.00185469 -0.000205431 0.199073 0.254878 -1.16784 -1.94396 0.82242 -0.000123936 0.000109883 0.498665 -0.0458475 -1.38879 -0.196182 -0.000180473 0.000585961 1.52456
336.914 0.0757919 -0.510871 1.41031 -2.8508 0.44294 2.18199 0.0479031 -0.513843 1.42485 -2.83916 0.444745 2.18916 -0.0278888 -0.00297204 0.0145481 0.011646 0.00180491 0.00716909 0.0315953 0.623696 0.0911108 -0.583458 1.22568 -2.84614 0.441264 2.18187 0.0153189 -0.0725871 -0.184624 0.00466711 -0.00167651 -0.000120377 0.198972 0.286674 -1.16466 -1.94453 0.823715 -0.00141612 -0.000770372 0.498827 -0.0458475 -1.38879 -0.196182 -0.000180473 0.000585961 1.52456
337.139 0.0715262 -0.506408 1.41024 -2.85188 0.44427 2.18268 0.0446598 -0.514832 1.43984 -2.85096 0.464598 2.17345 -0.0268664 -0.00842402 0.0295972 0.000911688 0.0203271 -0.00923785 0.0408505 1.28968 0.0898839 -0.582212 1.22751 -2.84677 0.442794 2.18264 0.0183577 -0.0758045 -0.182735 0.00510584 -0.00147632 -4.66559e-05 0.198684 0.305187 -1.16045 -1.94523 0.825155 -0.00333994 -0.00130321 0.499047 -0.0458475 -1.38879 -0.196182 -0.000180473 0.000585961 1.52456
337.789 0.065735 -0.500794 1.40905 -2.85353 0.445929 2.18366 0.037963 -0.502754 1.42517 -2.84107 0.45071 2.18693 -0.027772 -0.0019602 0.0161143 0.0124629 0.00478101 0.00327093 0.0321682 0.709967 0.0877342 -0.582485 1.2298 -2.84971 0.444618 2.18368 0.0219992 -0.0816908 -0.179255 0.00382464 -0.00131068 1.1817e-05 0.198216 0.2307 -1.15441 -1.94597 0.826234 -0.0060743 -0.00179975 0.499426 -0.0458475 -1.38879 -0.196182 -0.000180473 0.000585961 1.52456
338.197 0.0636503 -0.497807 1.40812 -2.8537 0.446808 2.18418 0.0347273 -0.497658 1.41947 -2.84003 0.477202 2.17861 -0.028923 0.000149185 0.0113423 0.0136689 0.0303945 -0.00556824 0.0310678 1.99272 0.0872573 -0.583405 1.23116 -2.85074 0.445604 2.18425 0.023607 -0.0855975 -0.176968 0.00295836 -0.00120365 6.89942e-05 0.197994 0.181308 -1.15157 -1.94612 0.826123 -0.00691353 -0.0024314 0.499626 -0.0458475 -1.38879 -0.196182 -0.000180473 0.000585961 1.52456
338.674 0.0619783 -0.493341 1.40679 -2.85295 0.448069 2.18487 0.0320815 -0.501303 1.43892 -2.86641 0.461004 2.16691 -0.0298968 -0.00796175 0.0321345 -0.0134622 0.0129347 -0.0179647 0.0446075 1.22749 0.0875459 -0.583662 1.23257 -2.85076 0.446882 2.185 0.0255676 -0.0903203 -0.174215 0.00219334 -0.00118755 0.000123525 0.197895 0.139882 -1.14806 -1.94606 0.825456 -0.00724615 -0.00385329 0.499868 -0.0458475 -1.38879 -0.196182 -0.000180473 0.000585961 1.52456
339.025 0.061397 -0.490216 1.40564 -2.85205 0.448802 2.18528 0.0320948 -0.497709 1.43943 -2.86677 0.461836 2.16691 -0.0293022 -0.00749324 0.0337958 -0.0147173 0.0130347 -0.0183634 0.0453533 1.263 0.0868437 -0.583584 1.23318 -2.85012 0.447537 2.18534 0.0254468 -0.0933678 -0.172457 0.00193193 -0.00126478 6.34315e-05 0.197754 0.131221 -1.14566 -1.94583 0.82474 -0.00704691 -0.00491304 0.500007 -0.0458475 -1.38879 -0.196182 -0.000180473 0.000585961 1.52456
339.353 0.061216 -0.487723 1.40437 -2.85121 0.449175 2.1855 0.0304965 -0.490273 1.42506 -2.84036 0.457101 2.18614 -0.0307195 -0.00255005 0.0206902 0.0108496 0.00792598 0.000640324 0.0371251 0.757439 0.0855224 -0.583172 1.23311 -2.84952 0.447916 2.1855 0.0243064 -0.0954491 -0.171266 0.00169034 -0.00125985 -3.14398e-06 0.197569 0.121947 -1.14351 -1.94547 0.824005 -0.00662394 -0.00565977 0.500096 -0.0458475 -1.38879 -0.196182 -0.000180473 0.000585961 1.52456
339.746 0.0612688 -0.485142 1.40272 -2.85032 0.449342 2.18561 0.0305194 -0.488183 1.4244 -2.85 0.470376 2.19089 -0.0307495 -0.00304074 0.0216861 0.000320707 0.0210345 0.00528126 0.03775 1.2408 0.0843436 -0.584073 1.23346 -2.84911 0.44829 2.18581 0.0230747 -0.0989316 -0.169255 0.00120661 -0.00105119 0.000203566 0.197401 0.0884693 -1.14105 -1.94482 0.82317 -0.00599939 -0.00625519 0.500131 -0.0458475 -1.38879 -0.196182 -0.000180473 0.000585961 1.52456
340.064 0.061418 -0.483449 1.40167 -2.84976 0.449437 2.1856 0.0304842 -0.486374 1.42457 -2.8379 0.458998 2.18712 -0.0309338 -0.00292494 0.0229073 0.0118676 0.00956151 0.00152594 0.0386031 0.847191 0.0824477 -0.584747 1.23377 -2.84892 0.448384 2.18597 0.0210297 -0.101298 -0.167892 0.000849122 -0.00105274 0.000378406 0.197208 0.0740187 -1.13952 -1.94424 0.822687 -0.00557126 -0.00661898 0.500093 -0.0458475 -1.38879 -0.196182 -0.000180473 0.000585961 1.52456
340.776 0.062959 -0.482103 1.39929 -2.84891 0.448123 2.18488 0.0304841 -0.483887 1.42458 -2.83715 0.459896 2.18746 -0.0324748 -0.00178388 0.0252855 0.0117603 0.0117735 0.00258151 0.0411965 0.918558 0.0792808 -0.58497 1.23225 -2.84859 0.446338 2.18495 0.0163218 -0.102867 -0.167036 0.000320117 -0.00178508 6.70238e-05 0.196848 0.104678 -1.13694 -1.94272 0.822147 -0.00382804 -0.0059885 0.499842 -0.0458475 -1.38879 -0.196182 -0.000180473 0.000585961 1.52456
341.125 0.0639194 -0.482013 1.39854 -2.8486 0.447304 2.18443 0.0329923 -0.484628 1.42495 -2.85255 0.446592 2.18325 -0.0309271 -0.0026148 0.026416 -0.00394201 -0.000711889 -0.00117322 0.0407569 0.209357 0.0779797 -0.585049 1.23157 -2.84846 0.445269 2.18441 0.0140604 -0.103036 -0.166964 0.000148314 -0.00203451 -1.42332e-05 0.196701 0.11535 -1.13621 -1.94203 0.822193 -0.00292705 -0.00548058 0.499682 -0.0458475 -1.38879 -0.196182 -0.000180473 0.000585961 1.52456
341.492 0.0648912 -0.481925 1.39801 -2.84831 0.446554 2.18398 0.0329923 -0.484628 1.42495 -2.85255 0.446592 2.18325 -0.0318989 -0.00270271 0.0269464 -0.00423835 3.77322e-05 -0.000726467 0.0418444 0.227282 0.0774269 -0.584784 1.23092 -2.84836 0.444476 2.18394 0.0125357 -0.10286 -0.167087 -5.6479e-05 -0.00207808 -3.85748e-05 0.196609 0.118694 -1.13567 -1.94135 0.822369 -0.00207605 -0.00502203 0.499508 -0.0458475 -1.38879 -0.196182 -0.000180473 0.000585961 1.52456
342.134 0.0656314 -0.481666 1.39777 -2.84888 0.445709 2.18319 0.0354806 -0.484639 1.42499 -2.85156 0.445942 2.18405 -0.0301508 -0.00297295 0.0272109 -0.00267917 0.000232357 0.000861987 0.0407228 0.181308 0.0791173 -0.580553 1.22837 -2.849 0.444237 2.18351 0.0134859 -0.0988871 -0.16941 -0.000120691 -0.00147221 0.000319633 0.196622 0.0884693 -1.13495 -1.93988 0.823516 -0.00174917 -0.0040342 0.49907 -0.0458475 -1.38879 -0.196182 -0.000180473 0.000585961 1.52456
342.51 0.0650648 -0.481745 1.39807 -2.84998 0.44568 2.18297 0.0354806 -0.484639 1.42499 -2.85156 0.445942 2.18405 -0.0295842 -0.00289366 0.0269165 -0.00157769 0.000261659 0.00108526 0.0401011 0.131221 0.0819401 -0.578242 1.22729 -2.8501 0.444571 2.18325 0.0168753 -0.0964965 -0.170779 -0.00011651 -0.00110909 0.000277633 0.19688 0.068528 -1.13484 -1.93928 0.824427 -0.00256474 -0.00343891 0.498888 -0.0458475 -1.38879 -0.196182 -0.000180473 0.000585961 1.52456
342.85 0.0641299 -0.482086 1.39849 -2.85156 0.445704 2.18278 0.0354806 -0.484639 1.42499 -2.85156 0.445942 2.18405 -0.0286493 -0.0025529 0.0264944 5.40865e-06 0.000237809 0.00127375 0.0391057 0.0740187 0.083998 -0.576284 1.22642 -2.85145 0.445034 2.18301 0.0198681 -0.0941987 -0.172074 0.000115522 -0.000670062 0.000233608 0.197174 0.0395647 -1.13484 -1.93868 0.825552 -0.0038351 -0.0026386 0.498722 -0.0458475 -1.38879 -0.196182 -0.000180473 0.000585961 1.52456
343.495 0.0627057 -0.483355 1.39949 -2.85526 0.445447 2.18234 0.0329923 -0.484628 1.42495 -2.85255 0.446592 2.18325 -0.0297134 -0.00127229 0.0254667 0.00271051 0.00114461 0.000917802 0.0391543 0.155766 0.0909666 -0.572989 1.22491 -2.85378 0.445827 2.18268 0.0282609 -0.089634 -0.174574 0.00147398 0.000379888 0.00034781 0.198265 0.0791294 -1.13522 -1.93689 0.828264 -0.00664381 -0.000515571 0.498414 -0.0458475 -1.38879 -0.196182 -0.000180473 0.000585961 1.52456
343.858 0.0631086 -0.482844 1.4001 -2.85579 0.44567 2.18231 0.0322521 -0.483271 1.4191 -2.85184 0.471411 2.17526 -0.0308565 -0.000427626 0.0189936 0.00394353 0.0257407 -0.00704467 0.0362362 1.57147 0.09403 -0.571151 1.2248 -2.85366 0.446313 2.18284 0.0309214 -0.0883069 -0.1753 0.00212691 0.000643063 0.00053349 0.198707 0.118694 -1.13552 -1.93585 0.82914 -0.00719387 -0.000424957 0.498327 -0.0458475 -1.38879 -0.196182 -0.000180473 0.000585961 1.52456
344.198 0.0645487 -0.481535 1.40087 -2.85573 0.446141 2.18236 0.0329923 -0.484628 1.42495 -2.85255 0.446592 2.18325 -0.0315564 -0.00309236 0.0240869 0.00318243 0.000451153 0.000889733 0.039819 0.167859 0.098669 -0.567606 1.2243 -2.85301 0.446652 2.18298 0.0341203 -0.0860712 -0.176566 0.00271912 0.000511302 0.00061465 0.199369 0.148038 -1.13607 -1.93414 0.829927 -0.0074037 -0.000842171 0.498243 -0.0458475 -1.38879 -0.196182 -0.000180473 0.000585961 1.52456
344.546 0.0661345 -0.480708 1.40121 -2.85552 0.446355 2.18238 0.0345859 -0.488519 1.44014 -2.85191 0.451938 2.16473 -0.0315486 -0.00781111 0.0389307 0.0036124 0.00558286 -0.0176427 0.0507142 1.1613 0.100953 -0.565818 1.22409 -2.85274 0.44661 2.18288 0.0348187 -0.0851101 -0.177124 0.00278219 0.000254879 0.000502696 0.199572 0.150658 -1.1366 -1.93262 0.830284 -0.00733705 -0.00112663 0.498194 -0.0458475 -1.38879 -0.196182 -0.000180473 0.000585961 1.52456
344.914 0.0681126 -0.480137 1.40134 -2.85525 0.446393 2.18233 0.0354806 -0.482151 1.42499 -2.85083 0.446829 2.18438 -0.0326321 -0.00201402 0.0236468 0.00441712 0.000435257 0.00205018 0.0403495 0.228997 0.103205 -0.564036 1.22351 -2.85243 0.446426 2.1827 0.0350928 -0.083899 -0.177835 0.00282091 3.29602e-05 0.000372037 0.199739 0.153233 -1.13723 -1.93091 0.830471 -0.00710196 -0.00129782 0.498143 -0.0458475 -1.38879 -0.196182 -0.000180473 0.000585961 1.52456
345.586 0.0743756 -0.479785 1.40051 -2.8541 0.445868 2.18205 0.0401468 -0.477439 1.41281 -2.8596 0.483545 2.16701 -0.0342288 0.00234646 0.0122984 -0.00550432 0.0376765 -0.0150381 0.0364468 2.29303 0.111779 -0.56042 1.22073 -2.85091 0.445245 2.18181 0.0374029 -0.0806344 -0.179775 0.00318724 -0.00062394 -0.000237232 0.200549 0.191797 -1.13913 -1.92624 0.829744 -0.00570879 -0.00146472 0.498044 -0.0458475 -1.38879 -0.196182 -0.000180473 0.000585961 1.52456
345.942 0.07756 -0.480263 1.39948 -2.85357 0.4454 2.18185 0.044635 -0.479532 1.41903 -2.84484 0.46982 2.18023 -0.032925 0.000731075 0.0195519 0.00873322 0.0244205 -0.00161846 0.0382996 1.50246 0.116346 -0.56013 1.21924 -2.85003 0.44443 2.18131 0.0387865 -0.0798677 -0.180235 0.00353578 -0.00096955 -0.000540489 0.200917 0.225554 -1.1401 -1.924 0.828774 -0.00492895 -0.00135449 0.498002 -0.0458475 -1.38879 -0.196182 -0.000180473 0.000585961 1.52456
346.325 0.0810361 -0.480941 1.39813 -2.85291 0.444839 2.18162 0.0471294 -0.480181 1.41914 -2.86011 0.456942 2.17603 -0.0339067 0.000760754 0.0210071 -0.00719947 0.0121028 -0.0055894 0.0398941 0.799174 0.118222 -0.560919 1.21791 -2.84867 0.443074 2.1806 0.0371861 -0.0799773 -0.180218 0.00423559 -0.0017651 -0.00102073 0.200643 0.29074 -1.14115 -1.92165 0.827449 -0.00397056 -0.00123824 0.497963 -0.0458475 -1.38879 -0.196182 -0.000180473 0.000585961 1.52456
346.629 0.0862353 -0.481915 1.39609 -2.85162 0.443935 2.18127 0.0520716 -0.482057 1.41917 -2.84255 0.466922 2.18239 -0.0341637 -0.00014218 0.0230749 0.00907662 0.0229865 0.00111842 0.0412266 1.40695 0.118628 -0.562368 1.21605 -2.84707 0.441611 2.17994 0.0323923 -0.0804532 -0.180039 0.004551 -0.00232471 -0.00132557 0.19984 0.329838 -1.14262 -1.9184 0.825358 -0.00224037 -0.00116125 0.497915 -0.0458475 -1.38879 -0.196182 -0.000180473 0.000585961 1.52456
346.908 0.0902151 -0.482865 1.3944 -2.85072 0.443164 2.18097 0.0558131 -0.482776 1.41949 -2.8572 0.453292 2.17876 -0.034402 8.87732e-05 0.0250863 -0.00647736 0.0101276 -0.00220993 0.0425774 0.670856 0.119331 -0.563097 1.2142 -2.84617 0.440682 2.17955 0.0291157 -0.0802315 -0.180202 0.00455052 -0.00248213 -0.00142311 0.199393 0.335718 -1.14375 -1.91593 0.823702 -0.000947083 -0.000995875 0.497876 -0.0458475 -1.38879 -0.196182 -0.000180473 0.000585961 1.52456
347.259 0.093818 -0.483907 1.3927 -2.85014 0.442502 2.1807 0.0607736 -0.48529 1.41959 -2.85598 0.451098 2.18003 -0.0330445 -0.00138336 0.0268881 -0.00583449 0.00859572 -0.000675139 0.0426242 0.586842 0.120401 -0.563997 1.21239 -2.8457 0.440299 2.17934 0.0265826 -0.0800896 -0.180314 0.00444317 -0.00220313 -0.00135799 0.199084 0.322641 -1.14488 -1.91346 0.822058 1.6074e-05 -0.000754536 0.497832 -0.0458475 -1.38879 -0.196182 -0.000180473 0.000585961 1.52456
347.568 0.098045 -0.485024 1.3906 -2.84968 0.441984 2.18045 0.0648616 -0.48487 1.4147 -2.84226 0.461699 2.16964 -0.0331834 0.00015414 0.024102 0.00741936 0.0197143 -0.0108109 0.041013 1.43885 0.123281 -0.566129 1.21086 -2.8454 0.440427 2.17942 0.0252363 -0.0811048 -0.179741 0.00427942 -0.00155787 -0.00103791 0.198801 0.289391 -1.14633 -1.91022 0.819964 0.000790936 -0.000570005 0.497766 -0.0458475 -1.38879 -0.196182 -0.000180473 0.000585961 1.52456
348.217 0.103542 -0.486537 1.38778 -2.84951 0.441446 2.18018 0.0722786 -0.487912 1.4146 -2.85582 0.446867 2.16688 -0.0312636 -0.00137568 0.026811 -0.00630673 0.00542087 -0.0133059 0.0412084 0.755888 0.129018 -0.568346 1.20844 -2.84528 0.439785 2.17939 0.025476 -0.0818095 -0.179343 0.00422987 -0.00166087 -0.000788024 0.19876 0.28116 -1.14834 -1.90556 0.817241 0.00133877 -0.000216009 0.497686 -0.0458475 -1.38879 -0.196182 -0.000180473 0.000585961 1.52456
348.594 0.105811 -0.488167 1.38615 -2.85014 0.440779 2.17993 0.0747572 -0.489921 1.41502 -2.83981 0.457269 2.17222 -0.0310542 -0.00175395 0.0288736 0.0103232 0.0164904 -0.00771585 0.0424397 1.29028 0.131003 -0.570029 1.20684 -2.84598 0.438571 2.17905 0.0251918 -0.0818611 -0.179311 0.00415878 -0.0022078 -0.000881189 0.198716 0.292083 -1.14925 -1.90333 0.816058 0.00125602 0.000662338 0.497662 -0.0458475 -1.38879 -0.196182 -0.000180473 0.000585961 1.52456
348.986 0.108624 -0.490751 1.38387 -2.85134 0.43961 2.17953 0.0772323 -0.492422 1.41511 -2.83959 0.455727 2.17268 -0.031392 -0.00167077 0.0312412 0.0117492 0.0161175 -0.00685438 0.04432 1.29965 0.132668 -0.573179 1.20494 -2.84751 0.436495 2.17828 0.0240437 -0.082428 -0.178923 0.00383447 -0.0031146 -0.0012557 0.198459 0.314035 -1.15032 -1.90042 0.814706 0.00100473 0.00223802 0.497649 -0.0458475 -1.38879 -0.196182 -0.000180473 0.000585961 1.52456
349.301 0.110508 -0.492232 1.38241 -2.85226 0.438918 2.17932 0.0797009 -0.495406 1.41483 -2.85514 0.442315 2.16823 -0.0308066 -0.0031745 0.0324239 -0.00287615 0.00339654 -0.0110807 0.0448378 0.615485 0.133056 -0.575152 1.2038 -2.84888 0.435087 2.17775 0.0225488 -0.0829206 -0.178611 0.00338277 -0.0038306 -0.00156929 0.198207 0.329838 -1.15096 -1.89826 0.813944 0.000668897 0.00328234 0.497656 -0.0458475 -1.38879 -0.196182 -0.000180473 0.000585961 1.52456
349.673 0.112428 -0.493342 1.38109 -2.85305 0.438256 2.17912 0.082176 -0.497906 1.41491 -2.85492 0.440806 2.16868 -0.0302517 -0.00456404 0.0338202 -0.00187654 0.00254991 -0.0104379 0.0456048 0.57946 0.133864 -0.576502 1.20264 -2.85003 0.433919 2.17739 0.0214361 -0.0831599 -0.17845 0.00301936 -0.0043375 -0.0017284 0.198039 0.340349 -1.15144 -1.89608 0.813387 0.000422579 0.00423218 0.497674 -0.0458475 -1.38879 -0.196182 -0.000180473 0.000585961 1.52456
350.034 0.115109 -0.493947 1.3796 -2.85372 0.437561 2.17893 0.0828466 -0.492233 1.39524 -2.84068 0.446675 2.17713 -0.0322627 0.00171416 0.015643 0.0130419 0.00911376 -0.00180721 0.035896 0.952855 0.132727 -0.579172 1.20235 -2.8511 0.43277 2.17704 0.0176174 -0.0852245 -0.177247 0.0026163 -0.00479126 -0.00189663 0.197459 0.351659 -1.15179 -1.89312 0.812891 0.000286001 0.00514824 0.497709 -0.0458475 -1.38879 -0.196182 -0.000180473 0.000585961 1.52456
350.308 0.117623 -0.49339 1.3787 -2.85342 0.43719 2.17885 0.0871276 -0.500442 1.4151 -2.85377 0.438647 2.16991 -0.030495 -0.00705185 0.0363942 -0.000344675 0.00145726 -0.00894544 0.0480022 0.51129 0.130676 -0.579951 1.20221 -2.85123 0.432292 2.17681 0.013053 -0.0865607 -0.176491 0.00218973 -0.00489785 -0.00203932 0.197008 0.347179 -1.1518 -1.89083 0.812617 0.000764133 0.00530138 0.497747 -0.0458475 -1.38879 -0.196182 -0.000180473 0.000585961 1.52456
351.214 0.127494 -0.487229 1.37577 -2.8493 0.436741 2.17886 0.0950612 -0.489985 1.39578 -2.83517 0.444146 2.18143 -0.0324325 -0.00275627 0.0200105 0.0141345 0.00740554 0.0025744 0.0382085 0.869532 0.120873 -0.579388 1.20251 -2.84875 0.43341 2.17738 -0.00662029 -0.0921593 -0.173265 0.000550241 -0.00333098 -0.00148269 0.196362 0.216705 -1.15024 -1.88311 0.811358 0.00450945 0.0035357 0.497896 -0.0458475 -1.38879 -0.196182 -0.000180473 0.000585961 1.52456
351.51 0.130184 -0.485517 1.37434 -2.84813 0.436392 2.17879 0.0984198 -0.491947 1.40843 -2.8597 0.451158 2.16306 -0.0317645 -0.00643 0.0340915 -0.0115668 0.0147668 -0.0157323 0.0470379 1.20593 0.118187 -0.578697 1.2017 -2.84829 0.433901 2.17773 -0.0119974 -0.0931797 -0.17264 -0.000159776 -0.0024907 -0.00106558 0.196548 0.153233 -1.14928 -1.88093 0.810708 0.00571937 0.00321498 0.497944 -0.0458475 -1.38879 -0.196182 -0.000180473 0.000585961 1.52456
352.195 0.135338 -0.483839 1.36934 -2.8466 0.434197 2.17819 0.103813 -0.484418 1.39028 -2.84473 0.455307 2.17295 -0.0315243 -0.00057875 0.0209329 0.0018672 0.0211094 -0.00523747 0.0378458 1.26176 0.110062 -0.57724 1.19698 -2.84889 0.434566 2.1782 -0.0252758 -0.0934008 -0.172361 -0.00229245 0.000368979 9.43173e-06 0.197663 0.13417 -1.14611 -1.87646 0.808706 0.00841894 0.00423009 0.498068 -0.0458475 -1.38879 -0.196182 -0.000180473 0.000585961 1.52456
352.501 0.137011 -0.483401 1.36681 -2.84618 0.432982 2.17784 0.106308 -0.4855 1.39165 -2.83378 0.442198 2.16909 -0.0307022 -0.00209974 0.0248401 0.0123992 0.00921604 -0.00875188 0.0395483 1.15623 0.105883 -0.576935 1.19464 -2.84869 0.434152 2.17815 -0.0311273 -0.0935343 -0.17217 -0.0025132 0.00117003 0.000306602 0.198394 0.165511 -1.14427 -1.87487 0.807791 0.00954652 0.00500396 0.498125 -0.0458475 -1.38879 -0.196182 -0.000180473 0.000585961 1.52456
353.23 0.138542 -0.48009 1.36125 -2.84521 0.431487 2.17746 0.108751 -0.483227 1.38336 -2.85399 0.466202 2.16393 -0.0297908 -0.00313757 0.0221098 -0.00877103 0.034715 -0.0135255 0.0372314 2.11452 0.0976475 -0.575463 1.19031 -2.84857 0.435319 2.17867 -0.0408944 -0.0953731 -0.170933 -0.00335986 0.00383199 0.0012156 0.199967 0.318981 -1.13858 -1.87208 0.805654 0.0113034 0.00573118 0.498234 -0.0458475 -1.38879 -0.196182 -0.000180473 0.000585961 1.52456
353.621 0.137932 -0.477382 1.35909 -2.84485 0.431698 2.17758 0.109019 -0.477395 1.37178 -2.84444 0.448546 2.17795 -0.0289139 -1.32541e-05 0.0126895 0.000407787 0.0168482 0.000365227 0.0315759 0.965503 0.09422 -0.573053 1.18837 -2.84859 0.436627 2.17913 -0.0437125 -0.0956709 -0.170721 -0.00373922 0.00492899 0.00154762 0.200523 0.386643 -1.1355 -1.87131 0.804693 0.0114494 0.00536827 0.498279 -0.0458475 -1.38879 -0.196182 -0.000180473 0.000585961 1.52456
353.931 0.136667 -0.474525 1.35679 -2.84469 0.432011 2.17774 0.107802 -0.474912 1.37152 -2.84432 0.450192 2.17769 -0.0288649 -0.000386454 0.0147311 0.000370603 0.0181815 -4.82542e-05 0.0324089 1.04193 0.0902504 -0.570866 1.18648 -2.84896 0.438156 2.17946 -0.0464164 -0.0963408 -0.170307 -0.00426838 0.00614547 0.00171922 0.201098 0.462248 -1.13204 -1.87082 0.803685 0.0113576 0.00502612 0.498323 -0.0458475 -1.38879 -0.196182 -0.000180473 0.000585961 1.52456
354.241 0.134231 -0.470675 1.35346 -2.84463 0.432389 2.17794 0.106616 -0.47257 1.37168 -2.84383 0.450922 2.17789 -0.0276155 -0.00189544 0.0182197 0.000798179 0.0185335 -4.56094e-05 0.0331386 1.06275 0.0862613 -0.568323 1.18391 -2.84942 0.439749 2.17961 -0.04797 -0.0976481 -0.169553 -0.00478985 0.00736019 0.00166715 0.201456 0.533025 -1.12686 -1.87059 0.802248 0.0111197 0.00468452 0.498389 -0.0458475 -1.38879 -0.196182 -0.000180473 0.000585961 1.52456
354.603 0.131678 -0.467162 1.35093 -2.84457 0.433113 2.17826 0.10626 -0.477328 1.39087 -2.84548 0.433952 2.1658 -0.0254175 -0.0101654 0.0399466 -0.000907333 0.000838408 -0.0124637 0.0484263 0.695488 0.0846326 -0.56687 1.18252 -2.84937 0.441034 2.17972 -0.0470451 -0.0997078 -0.16841 -0.00479948 0.00792094 0.00145573 0.201288 0.554614 -1.12258 -1.87073 0.800982 0.0106528 0.00405805 0.498452 -0.0458475 -1.38879 -0.196182 -0.000180473 0.000585961 1.52456
354.974 0.128471 -0.463069 1.34828 -2.84447 0.434334 2.17876 0.101053 -0.461595 1.35346 -2.83161 0.459972 2.18461 -0.0274182 0.00147413 0.00518137 0.0128574 0.0256383 0.00585436 0.0279424 1.61228 0.0845227 -0.565874 1.18157 -2.84875 0.442547 2.18 -0.043948 -0.102805 -0.166706 -0.00427846 0.00821341 0.00123962 0.200727 0.54894 -1.11798 -1.87114 0.799376 0.00988472 0.00300316 0.498527 -0.0458475 -1.38879 -0.196182 -0.000180473 0.000585961 1.52456
355.242 0.124459 -0.458529 1.3454 -2.84448 0.436124 2.17946 0.0992492 -0.466349 1.37814 -2.83638 0.419932 2.17824 -0.0252101 -0.00782064 0.0327397 0.00810586 -0.0161918 -0.00122054 0.0420547 1.05276 0.0839488 -0.562125 1.17907 -2.8478 0.44445 2.18041 -0.0405105 -0.103596 -0.166335 -0.00331641 0.0083261 0.000953914 0.200102 0.524887 -1.11312 -1.8718 0.797286 0.00863962 0.00154069 0.498604 -0.0458475 -1.38879 -0.196182 -0.000180473 0.000585961 1.52456
355.608 0.118089 -0.452428 1.3409 -2.84476 0.439057 2.18056 0.0943588 -0.461579 1.37645 -2.84623 0.435687 2.18227 -0.0237305 -0.00915117 0.0355509 -0.00147514 -0.00337036 0.00170176 0.0437121 0.247082 0.0819263 -0.557756 1.17545 -2.84649 0.447736 2.18138 -0.036163 -0.105328 -0.16545 -0.00173582 0.00867879 0.000813165 0.199438 0.512819 -1.10636 -1.87304 0.793563 0.00639612 -0.000722567 0.498706 -0.0458475 -1.38879 -0.196182 -0.000180473 0.000585961 1.52456
355.937 0.113156 -0.448163 1.33697 -2.84485 0.441234 2.18138 0.0888052 -0.453394 1.3644 -2.85798 0.47483 2.16343 -0.0243512 -0.00523094 0.027431 -0.013134 0.0335962 -0.0179541 0.0370514 2.15522 0.082373 -0.553858 1.17165 -2.84508 0.45022 2.1822 -0.0307833 -0.105695 -0.165313 -0.000231411 0.0089857 0.000816376 0.198614 0.517377 -1.10117 -1.87421 0.790123 0.00483369 -0.00246176 0.498779 -0.0458475 -1.38879 -0.196182 -0.000180473 0.000585961 1.52456
356.56 0.102477 -0.440174 1.32627 -2.8442 0.445166 2.18285 0.0773403 -0.443889 1.35174 -2.84976 0.462701 2.17475 -0.0251369 -0.00371518 0.0254687 -0.00556923 0.0175351 -0.0080987 0.0359766 1.09396 0.0820303 -0.55042 1.16354 -2.84104 0.453969 2.18357 -0.0204468 -0.110246 -0.162723 0.00315804 0.00880302 0.000724993 0.197613 0.531555 -1.08917 -1.87765 0.780598 0.00269984 -0.00601936 0.498908 -0.0458475 -1.38879 -0.196182 -0.000180473 0.000585961 1.52456
356.902 0.0983475 -0.437782 1.32119 -2.84362 0.446251 2.18326 0.0722422 -0.435773 1.33402 -2.83907 0.470939 2.18057 -0.0261052 0.00200852 0.0128326 0.00454363 0.0246879 -0.00268707 0.0291581 1.45858 0.0826821 -0.549378 1.15926 -2.83977 0.454363 2.18388 -0.0156653 -0.111596 -0.161932 0.00384386 0.00811204 0.00062668 0.197284 0.508989 -1.08421 -1.87942 0.776039 0.00244859 -0.00720603 0.498945 -0.0458475 -1.38879 -0.196182 -0.000180473 0.000585961 1.52456
357.536 0.0889083 -0.435283 1.30855 -2.84265 0.447447 2.18369 0.0629152 -0.43568 1.33374 -2.84316 0.473688 2.17722 -0.0259931 -0.000397092 0.0251846 -0.000507572 0.0262417 -0.00646842 0.0361948 1.5456 0.0795724 -0.549257 1.14802 -2.8385 0.453104 2.18445 -0.00933598 -0.113974 -0.160531 0.00415543 0.00565686 0.000757386 0.197098 0.393664 -1.07338 -1.8843 0.76469 0.00246367 -0.00868721 0.498968 -0.0458475 -1.38879 -0.196182 -0.000180473 0.000585961 1.52456
357.835 0.0849445 -0.434872 1.30325 -2.84214 0.447714 2.18377 0.0590483 -0.438745 1.3396 -2.83658 0.438898 2.17809 -0.0258962 -0.00387373 0.0363499 0.00556303 -0.00881681 -0.00567941 0.0447988 0.742831 0.0771385 -0.54788 1.14216 -2.83805 0.452727 2.18496 -0.00780606 -0.113009 -0.16109 0.00409036 0.00501236 0.00119402 0.196931 0.358274 -1.0691 -1.88673 0.759791 0.00272785 -0.00917092 0.498956 -0.0458475 -1.38879 -0.196182 -0.000180473 0.000585961 1.52456
358.166 0.0808136 -0.434823 1.29823 -2.84178 0.447905 2.18382 0.0546365 -0.432933 1.31646 -2.85042 0.469538 2.17646 -0.0261772 0.00189028 0.0182322 -0.00863652 0.0216332 -0.00735824 0.0319567 1.33207 0.075075 -0.548222 1.13737 -2.83765 0.452784 2.18548 -0.00573859 -0.113398 -0.160857 0.00413063 0.0048793 0.0016579 0.196894 0.351659 -1.06506 -1.88939 0.755104 0.00291202 -0.0095101 0.49894 -0.0458475 -1.38879 -0.196182 -0.000180473 0.000585961 1.52456
358.46 0.0763083 -0.435026 1.2937 -2.84177 0.448127 2.18388 0.0500376 -0.435199 1.31636 -2.85322 0.469966 2.17442 -0.0262707 -0.000172907 0.0226621 -0.0114558 0.0218388 -0.00945649 0.0346951 1.40528 0.0735886 -0.54862 1.13295 -2.83768 0.45295 2.18588 -0.00271975 -0.113593 -0.16075 0.00408744 0.0048226 0.00200356 0.196854 0.348305 -1.06125 -1.89228 0.750865 0.00278392 -0.00970024 0.498929 -0.0458475 -1.38879 -0.196182 -0.000180473 0.000585961 1.52456
358.835 0.0697425 -0.435423 1.28868 -2.8422 0.448565 2.18404 0.0449859 -0.437523 1.32168 -2.83273 0.447911 2.17934 -0.0247566 -0.00210006 0.0330011 0.00947279 -0.000653952 -0.00470451 0.0413083 0.703878 0.0715305 -0.549586 1.12826 -2.83825 0.453023 2.18636 0.00178801 -0.114163 -0.160423 0.00395589 0.00445769 0.00232277 0.196906 0.328649 -1.05657 -1.89651 0.746145 0.00211554 -0.0098339 0.498944 -0.0458475 -1.38879 -0.196182 -0.000180473 0.000585961 1.52456
359.245 0.0646266 -0.435532 1.28579 -2.84257 0.449061 2.18425 0.0385167 -0.438129 1.31654 -2.84866 0.460686 2.16601 -0.02611 -0.00259724 0.0307461 -0.00609344 0.0116249 -0.0182382 0.0404203 1.15623 0.0695003 -0.550622 1.12592 -2.83854 0.45297 2.18654 0.00487364 -0.11509 -0.159875 0.00402958 0.00390835 0.00229116 0.197052 0.306467 -1.05337 -1.89993 0.743327 0.00145069 -0.0100493 0.498981 -0.0458475 -1.38879 -0.196182 -0.000180473 0.000585961 1.52456
359.566 0.0592808 -0.435683 1.2836 -2.84315 0.449623 2.18449 0.0331317 -0.436611 1.30852 -2.83814 0.444688 2.19265 -0.0261491 -0.000927447 0.0249145 0.00501418 -0.00493509 0.00816058 0.0361299 0.515103 0.0671186 -0.551513 1.12417 -2.83907 0.452917 2.18653 0.00783782 -0.11583 -0.159431 0.0040774 0.00329417 0.00203848 0.197221 0.282549 -1.05044 -1.90355 0.741154 0.000548246 -0.0102067 0.499039 -0.0458475 -1.38879 -0.196182 -0.000180473 0.000585961 1.52456
359.919 0.0518472 -0.436068 1.28183 -2.84434 0.450357 2.18483 0.0272685 -0.434078 1.29916 -2.85347 0.480735 2.17196 -0.0245786 0.00198908 0.01733 -0.0091297 0.0303776 -0.0128619 0.0301396 1.87074 0.0628009 -0.553556 1.1234 -2.84048 0.452507 2.18646 0.0109537 -0.117489 -0.158433 0.00386424 0.00215004 0.00163147 0.197547 0.234068 -1.047 -1.90864 0.739412 -0.00100208 -0.0101897 0.499125 -0.0458475 -1.38879 -0.196182 -0.000180473 0.000585961 1.52456
360.19 0.0463584 -0.43622 1.28148 -2.84519 0.450902 2.18506 0.0210654 -0.436955 1.30442 -2.8477 0.447676 2.17273 -0.025293 -0.000735199 0.0229362 -0.00250407 -0.00322615 -0.0123298 0.0341518 0.682423 0.0610866 -0.555399 1.12407 -2.84166 0.452108 2.18662 0.0147281 -0.119179 -0.157411 0.00352774 0.0012061 0.00155422 0.197987 0.193827 -1.0448 -1.91259 0.739016 -0.00212064 -0.0101932 0.499182 -0.0458475 -1.38879 -0.196182 -0.000180473 0.000585961 1.52456
360.59 0.0410678 -0.436188 1.282 -2.8459 0.451429 2.18527 0.0148591 -0.438824 1.3083 -2.84683 0.449078 2.18591 -0.0262087 -0.00263627 0.0263034 -0.000924851 -0.00235072 0.000636999 0.0372252 0.155766 0.0591808 -0.556593 1.12534 -2.84264 0.45192 2.1868 0.018113 -0.120405 -0.156656 0.00326027 0.000491447 0.00152317 0.19841 0.170174 -1.04293 -1.91663 0.739409 -0.00309638 -0.0102551 0.499219 -0.0458475 -1.38879 -0.196182 -0.000180473 0.000585961 1.52456
361 0.034331 -0.43561 1.28403 -2.84656 0.452344 2.18558 0.00911601 -0.43834 1.30857 -2.8401 0.439471 2.17943 -0.025215 -0.00273046 0.0245432 0.00646707 -0.0128732 -0.00615242 0.0352933 0.958179 0.0571362 -0.558852 1.12915 -2.84355 0.451335 2.18701 0.0228053 -0.123242 -0.154885 0.00301797 -0.00100904 0.00142896 0.199244 0.165511 -1.04099 -1.92209 0.741029 -0.00428493 -0.0106659 0.499227 -0.0458475 -1.38879 -0.196182 -0.000180473 0.000585961 1.52456
361.412 0.0293487 -0.435109 1.28639 -2.84702 0.453073 2.18577 0.00287962 -0.435746 1.30418 -2.85179 0.475888 2.17413 -0.0264691 -0.000637277 0.0177846 -0.00476243 0.0228148 -0.0116441 0.0318953 1.43695 0.0560183 -0.560277 1.13268 -2.84388 0.451042 2.18691 0.0266696 -0.125168 -0.153711 0.00314284 -0.00203095 0.0011347 0.200014 0.199792 -1.03999 -1.92621 0.742915 -0.00512794 -0.0110186 0.499191 -0.0458475 -1.38879 -0.196182 -0.000180473 0.000585961 1.52456
361.75 0.0246716 -0.435138 1.28915 -2.84761 0.45346 2.1858 -0.00227418 -0.434919 1.30856 -2.8407 0.46687 2.18364 -0.0269458 0.00021939 0.0194076 0.00690777 0.0134101 -0.00216091 0.0332081 0.897875 0.0535226 -0.561456 1.13615 -2.84436 0.450558 2.18657 0.028851 -0.126318 -0.153006 0.00324718 -0.00290173 0.000762317 0.200498 0.239031 -1.03938 -1.93033 0.745278 -0.00583227 -0.011031 0.499116 -0.0458475 -1.38879 -0.196182 -0.000180473 0.000585961 1.52456
362.032 0.0203113 -0.435796 1.29225 -2.84837 0.453467 2.18569 -0.00732472 -0.429388 1.29183 -2.8321 0.474683 2.18804 -0.027636 0.00640754 -0.000420755 0.016269 0.0212162 0.00235041 0.0283722 1.5009 0.0504841 -0.563522 1.1401 -2.84509 0.449164 2.18579 0.0301728 -0.127726 -0.152157 0.00327188 -0.00430247 0.000105661 0.200938 0.307741 -1.03919 -1.93443 0.748076 -0.00642501 -0.0106438 0.49902 -0.0458475 -1.38879 -0.196182 -0.000180473 0.000585961 1.52456
362.316 0.0148786 -0.437757 1.29679 -2.8498 0.452908 2.18533 -0.0125551 -0.435009 1.30884 -2.84519 0.46928 2.18009 -0.0274337 0.00274791 0.0120494 0.00461083 0.0163719 -0.00523868 0.030089 1.05388 0.044567 -0.564902 1.14426 -2.84714 0.447267 2.18472 0.0296884 -0.127145 -0.152522 0.00265864 -0.00564084 -0.000610554 0.200774 0.36584 -1.03956 -1.93981 0.752386 -0.00719126 -0.00944483 0.498882 -0.0458475 -1.38879 -0.196182 -0.000180473 0.000585961 1.52456
362.725 0.0112805 -0.439591 1.30056 -2.85082 0.452256 2.185 -0.0167648 -0.440721 1.32611 -2.858 0.463834 2.17238 -0.0280453 -0.0011294 0.025556 -0.00718063 0.0115782 -0.0126195 0.0379595 0.932092 0.038477 -0.564457 1.14664 -2.84903 0.446016 2.1842 0.0271965 -0.124865 -0.153915 0.00179509 -0.00623987 -0.000796064 0.200052 0.380522 -1.04028 -1.94374 0.755941 -0.00757415 -0.00838156 0.498784 -0.0458475 -1.38879 -0.196182 -0.000180473 0.000585961 1.52456
363.05 0.00846313 -0.441573 1.30457 -2.85143 0.451332 2.18459 -0.0213793 -0.441516 1.32501 -2.85811 0.465563 2.1714 -0.0298424 5.72884e-05 0.0204378 -0.00667983 0.0142307 -0.013193 0.0361701 1.06128 0.0316814 -0.56438 1.14938 -2.85084 0.444839 2.18391 0.0232182 -0.122807 -0.155197 0.000583693 -0.00649325 -0.000684506 0.199266 0.377424 -1.04134 -1.94756 0.759638 -0.00742766 -0.00731325 0.498697 -0.0458475 -1.38879 -0.196182 -0.000180473 0.000585961 1.52456
363.379 0.00591358 -0.444226 1.31023 -2.85146 0.449828 2.184 -0.0232341 -0.4445 1.33052 -2.84809 0.45252 2.18142 -0.0291477 -0.00027342 0.020291 0.00337455 0.00269135 -0.00258732 0.035516 0.328649 0.0216269 -0.564387 1.15336 -2.85151 0.443733 2.18362 0.0157133 -0.120161 -0.156866 -4.76105e-05 -0.00609559 -0.000383016 0.198223 0.349426 -1.04324 -1.95243 0.7646 -0.00641138 -0.00606558 0.498612 -0.0458475 -1.38879 -0.196182 -0.000180473 0.000585961 1.52456
363.768 0.00474637 -0.446185 1.31464 -2.85101 0.448577 2.18356 -0.025557 -0.44451 1.33055 -2.84912 0.453143 2.18059 -0.0303034 0.00167474 0.0159028 0.00189243 0.00456611 -0.00296445 0.0342637 0.353878 0.0153749 -0.564209 1.15645 -2.85139 0.44308 2.18342 0.0106285 -0.118024 -0.158192 -0.000378441 -0.00549698 -0.000135115 0.197654 0.315279 -1.04495 -1.95595 0.76831 -0.0051789 -0.00527786 0.498578 -0.0458475 -1.38879 -0.196182 -0.000180473 0.000585961 1.52456
364.08 0.00401485 -0.448256 1.31913 -2.85037 0.447203 2.1831 -0.0267137 -0.444456 1.33038 -2.84983 0.453943 2.17993 -0.0307286 0.00380024 0.0112535 0.000537705 0.00674031 -0.00317086 0.0329443 0.43341 0.00957489 -0.563759 1.15941 -2.85131 0.443066 2.18345 0.00556004 -0.115503 -0.159717 -0.000938622 -0.00413639 0.000354758 0.197183 0.245493 -1.04686 -1.95936 0.772027 -0.00371269 -0.00448433 0.498565 -0.0458475 -1.38879 -0.196182 -0.000180473 0.000585961 1.52456
364.389 0.00340432 -0.451493 1.32513 -2.84956 0.445076 2.18243 -0.0276614 -0.45209 1.34801 -2.84667 0.45821 2.1777 -0.0310657 -0.00059636 0.0228842 0.00289311 0.0131348 -0.00472866 0.0385891 0.840699 0.00376569 -0.56404 1.16364 -2.85081 0.44247 2.18325 0.00036137 -0.112547 -0.161492 -0.00125239 -0.00260546 0.000825073 0.196842 0.181308 -1.04963 -1.96382 0.777055 -0.00163208 -0.00316269 0.498589 -0.0458475 -1.38879 -0.196182 -0.000180473 0.000585961 1.52456
364.786 0.00270822 -0.453816 1.3298 -2.84919 0.443719 2.18203 -0.0283595 -0.454141 1.35242 -2.84811 0.433837 2.18495 -0.0310677 -0.000324247 0.0226217 0.00108136 -0.00988162 0.00292488 0.0384324 0.586174 -0.00126023 -0.565063 1.16754 -2.85053 0.442164 2.18307 -0.00396845 -0.111247 -0.162261 -0.00134235 -0.00155475 0.00104649 0.196774 0.14537 -1.0518 -1.96714 0.780966 -0.000439175 -0.00224303 0.498632 -0.0458475 -1.38879 -0.196182 -0.000180473 0.000585961 1.52456
365.087 0.00154243 -0.454472 1.33784 -2.84936 0.442434 2.18166 -0.0286696 -0.460026 1.36645 -2.84832 0.437645 2.16711 -0.030212 -0.00555381 0.0286088 0.00104678 -0.00478912 -0.0145483 0.041977 0.903523 -0.00911127 -0.564022 1.17458 -2.85129 0.441902 2.18284 -0.0106537 -0.10955 -0.163255 -0.00192638 -0.00053166 0.00118317 0.196893 0.155766 -1.05399 -1.97045 0.788903 0.000234912 -0.00110106 0.498679 -0.0458475 -1.38879 -0.196182 -0.000180473 0.000585961 1.52456
365.408 8.321e-05 -0.451658 1.35129 -2.84959 0.441542 2.18141 -0.0300297 -0.450454 1.34838 -2.83437 0.471027 2.18056 -0.0301129 0.00120374 -0.00290197 0.0152235 0.0294853 -0.000849746 0.0302763 1.91172 -0.0146908 -0.559435 1.18701 -2.85237 0.441585 2.18263 -0.0147741 -0.107777 -0.164279 -0.0027782 4.36325e-05 0.00122131 0.197032 0.199792 -1.05615 -1.97377 0.802935 0.000607597 -0.000254068 0.498724 -0.0458475 -1.38879 -0.196182 -0.000180473 0.000585961 1.52456
365.7 -0.00194797 -0.443794 1.37494 -2.84953 0.440908 2.18126 -0.0322226 -0.447023 1.36679 -2.84352 0.46828 2.17478 -0.0302746 -0.00322844 -0.00815336 0.00600899 0.0273718 -0.00648735 0.0315191 1.68191 -0.0204194 -0.54776 1.20847 -2.8531 0.441486 2.18243 -0.0184714 -0.103966 -0.166472 -0.00357043 0.000578034 0.00116404 0.197137 0.242283 -1.05891 -1.97817 0.827902 0.001052 0.00023186 0.498776 -0.0458475 -1.38879 -0.196182 -0.000180473 0.000585961 1.52456
366.04 -0.00376243 -0.43602 1.39501 -2.84943 0.440868 2.18128 -0.033971 -0.440682 1.39019 -2.84739 0.466696 2.18616 -0.0302086 -0.0046619 -0.00481569 0.00203867 0.0258283 0.00488351 0.0309432 1.50116 -0.0219246 -0.538294 1.22755 -2.85307 0.441753 2.1821 -0.0181622 -0.102274 -0.167461 -0.00364179 0.000885029 0.000826559 0.197061 0.239031 -1.06088 -1.98148 0.849131 0.00114716 0.000214366 0.4988 -0.0458475 -1.38879 -0.196182 -0.000180473 0.000585961 1.52456
366.4 -0.00598822 -0.427618 1.41578 -2.84954 0.441085 2.18135 -0.0358473 -0.432728 1.41392 -2.82946 0.439648 2.18908 -0.0298591 -0.00510994 -0.0018654 0.0200738 -0.00143683 0.0077307 0.0303506 1.04455 -0.0234195 -0.528702 1.24763 -2.85239 0.441654 2.18179 -0.0174313 -0.101083 -0.168153 -0.00285046 0.000568624 0.000442709 0.19697 0.179137 -1.06276 -1.98479 0.871188 0.000913551 9.15768e-05 0.498797 -0.0458475 -1.38879 -0.196182 -0.000180473 0.000585961 1.52456
366.681 -0.0095287 -0.41621 1.44347 -2.84998 0.441646 2.18146 -0.0386248 -0.427664 1.45136 -2.8618 0.468333 2.17358 -0.0290961 -0.011454 0.00788847 -0.0118206 0.0266867 -0.00787848 0.0322491 1.6528 -0.0262893 -0.517297 1.27531 -2.8514 0.441279 2.18119 -0.0167606 -0.101087 -0.168165 -0.00141518 -0.000367077 -0.000260475 0.196924 0.0791294 -1.06516 -1.9892 0.900628 0.000198451 -0.000136626 0.498731 -0.0458475 -1.38879 -0.196182 -0.000180473 0.000585961 1.52456
366.949 -0.0122613 -0.40779 1.46387 -2.85033 0.442061 2.18148 -0.0406649 -0.419086 1.47712 -2.84271 0.4388 2.17651 -0.0284035 -0.0112959 0.013253 0.0076198 -0.00326148 -0.00496958 0.0333167 0.642244 -0.0283632 -0.50918 1.29587 -2.85024 0.440252 2.18038 -0.0161018 -0.10139 -0.167999 8.89682e-05 -0.0018094 -0.00110349 0.196883 0.121947 -1.06688 -1.99248 0.92233 -0.000316284 -0.000296376 0.498632 -0.0458475 -1.38879 -0.196182 -0.000180473 0.000585961 1.52456
367.254 -0.0150995 -0.400187 1.48363 -2.85099 0.442169 2.18136 -0.0450273 -0.407673 1.49444 -2.85305 0.464941 2.16177 -0.0299278 -0.00748543 0.0108065 -0.00206251 0.0227716 -0.0195905 0.0326877 1.69119 -0.0305081 -0.502117 1.31594 -2.84993 0.439175 2.17948 -0.0154086 -0.10193 -0.167698 0.0010604 -0.0029947 -0.00187418 0.196849 0.223812 -1.06856 -1.99573 0.943576 -0.000874916 -4.30432e-05 0.498497 -0.0458475 -1.38879 -0.196182 -0.000180473 0.000585961 1.52456
367.617 -0.0189211 -0.391099 1.50915 -2.85221 0.441908 2.18101 -0.0471586 -0.395534 1.5004 -2.84721 0.469807 2.18001 -0.0282376 -0.00443505 -0.00874952 0.00499232 0.0278988 -0.00100486 0.0298929 1.62943 -0.0346072 -0.494242 1.34213 -2.85031 0.437573 2.17842 -0.0156861 -0.103143 -0.167016 0.00189977 -0.00433514 -0.00259389 0.196924 0.331022 -1.07073 -1.99998 0.971263 -0.00161205 0.000801502 0.49827 -0.0458475 -1.38879 -0.196182 -0.000180473 0.000585961 1.52456
367.921 -0.021602 -0.384791 1.52787 -2.85318 0.441421 2.18063 -0.0513148 -0.394254 1.54707 -2.87292 0.456117 2.16631 -0.0297128 -0.00946294 0.0192031 -0.0197439 0.014696 -0.0143233 0.0366218 1.36257 -0.0380889 -0.48736 1.36052 -2.85071 0.436179 2.17772 -0.0164869 -0.102569 -0.167351 0.00246605 -0.00524227 -0.00290685 0.196974 0.397621 -1.0723 -2.00306 0.991742 -0.00201269 0.00170377 0.498078 -0.0458475 -1.38879 -0.196182 -0.000180473 0.000585961 1.52456
368.265 -0.0239954 -0.378428 1.54641 -2.85396 0.440865 2.18022 -0.055079 -0.388368 1.57544 -2.85195 0.421342 2.16829 -0.0310836 -0.00994006 0.0290294 0.0020131 -0.0195228 -0.0119336 0.0436772 1.34086 -0.0421313 -0.480835 1.37895 -2.85139 0.435362 2.17725 -0.0181359 -0.102407 -0.167467 0.00257587 -0.0055033 -0.00297021 0.197133 0.414015 -1.07379 -2.00602 1.01203 -0.00220642 0.00256621 0.497883 -0.0458475 -1.38879 -0.196182 -0.000180473 0.000585961 1.52456
368.557 -0.0262022 -0.371442 1.56497 -2.85446 0.44054 2.1799 -0.0569194 -0.375001 1.57121 -2.86464 0.472896 2.16503 -0.0307172 -0.00355878 0.00623649 -0.0101773 0.0323561 -0.0148651 0.0315453 2.01596 -0.0462132 -0.473616 1.39737 -2.85219 0.435012 2.17693 -0.020011 -0.102174 -0.167598 0.00226688 -0.00552787 -0.00296402 0.197304 0.405418 -1.07517 -2.00884 1.03225 -0.00230533 0.00308829 0.497692 -0.0458475 -1.38879 -0.196182 -0.000180473 0.000585961 1.52456
369.187 -0.0308687 -0.3517 1.60867 -2.85438 0.441155 2.17965 -0.0625635 -0.360786 1.62811 -2.85319 0.46297 2.16982 -0.0316948 -0.00908572 0.0194412 0.00118764 0.0218146 -0.009828 0.0382763 1.3848 -0.0500907 -0.455458 1.44197 -2.8538 0.436608 2.17708 -0.019222 -0.103758 -0.166701 0.000579572 -0.00454663 -0.00256619 0.197292 0.307741 -1.07795 -2.01484 1.07933 -0.00241937 0.00254212 0.4973 -0.0458475 -1.38879 -0.196182 -0.000180473 0.000585961 1.52456
369.51 -0.0328973 -0.342274 1.62729 -2.85415 0.441875 2.17972 -0.0643335 -0.352362 1.65552 -2.86581 0.456391 2.16328 -0.0314362 -0.0100873 0.0282219 -0.0116545 0.0145159 -0.0164311 0.0434334 1.21563 -0.049932 -0.446336 1.46078 -2.85402 0.437927 2.17726 -0.0170347 -0.104062 -0.166518 0.000127621 -0.00394757 -0.00245736 0.197097 0.268341 -1.07897 -2.01716 1.09933 -0.00261344 0.00183285 0.497155 -0.0458475 -1.38879 -0.196182 -0.000180473 0.000585961 1.52456
369.827 -0.0357813 -0.329906 1.65177 -2.85415 0.442806 2.17983 -0.0671579 -0.344783 1.68946 -2.85884 0.432138 2.17033 -0.0313765 -0.0148775 0.0376928 -0.00468249 -0.0106678 -0.00949494 0.0512501 0.785841 -0.0493241 -0.435144 1.48594 -2.85365 0.439527 2.17746 -0.0135427 -0.105238 -0.165826 0.000500551 -0.00327872 -0.00236717 0.196868 0.240663 -1.08022 -2.02005 1.12584 -0.00313158 0.00106963 0.496986 -0.0458475 -1.38879 -0.196182 -0.000180473 0.000585961 1.52456
370.087 -0.037777 -0.320939 1.66988 -2.85426 0.4433 2.17986 -0.0686172 -0.329211 1.68896 -2.83661 0.457174 2.17615 -0.0308402 -0.00827128 0.0190771 0.0176504 0.0138744 -0.00371501 0.037195 1.37373 -0.0489518 -0.426051 1.50398 -2.85294 0.440224 2.17776 -0.0111748 -0.105112 -0.165898 0.00132383 -0.00307573 -0.00210417 0.196712 0.243893 -1.08111 -2.02205 1.14561 -0.0034884 0.000719866 0.49688 -0.0458475 -1.38879 -0.196182 -0.000180473 0.000585961 1.52456
370.453 -0.0395181 -0.312325 1.6877 -2.85441 0.443577 2.17985 -0.0711147 -0.317268 1.69619 -2.8486 0.443655 2.19167 -0.0315965 -0.00494273 0.00849524 0.00581473 7.82833e-05 0.0118182 0.0330899 0.612936 -0.0486969 -0.417951 1.52215 -2.85179 0.440823 2.17816 -0.00917876 -0.105626 -0.165546 0.00262333 -0.00275345 -0.00169163 0.196588 0.26393 -1.08197 -2.0239 1.16523 -0.00374965 0.000569922 0.496791 -0.0458475 -1.38879 -0.196182 -0.000180473 0.000585961 1.52456
370.777 -0.0420661 -0.300585 1.71124 -2.85476 0.444217 2.17995 -0.0735628 -0.307913 1.71849 -2.84688 0.455003 2.17017 -0.0314967 -0.007328 0.0072516 0.00787379 0.0107861 -0.00977808 0.033141 1.05795 -0.0493358 -0.408499 1.54697 -2.85093 0.442009 2.17874 -0.00726965 -0.107914 -0.164269 0.00383112 -0.0022077 -0.00120872 0.196679 0.286674 -1.0831 -2.02614 1.19108 -0.00440719 0.000223048 0.49669 -0.0458475 -1.38879 -0.196182 -0.000180473 0.000585961 1.52456
371.373 -0.0469027 -0.282924 1.74519 -2.8559 0.445972 2.18036 -0.0788613 -0.293727 1.78787 -2.85092 0.455607 2.18091 -0.0319585 -0.010803 0.0426817 0.00497507 0.00963515 0.000548721 0.0544039 0.615485 -0.0486688 -0.39066 1.58086 -2.85218 0.444616 2.17956 -0.00176607 -0.107736 -0.16433 0.00372255 -0.00135618 -0.000806011 0.196506 0.24866 -1.08484 -2.02895 1.22844 -0.00646452 -0.000627309 0.496558 -0.0458475 -1.38879 -0.196182 -0.000180473 0.000585961 1.52456
371.666 -0.0495793 -0.275114 1.76111 -2.85695 0.446767 2.18054 -0.0815474 -0.284326 1.8128 -2.8727 0.445943 2.15212 -0.0319681 -0.0092123 0.0516925 -0.0157445 -0.000823745 -0.0284214 0.061473 1.48306 -0.0484126 -0.381588 1.59606 -2.85341 0.446241 2.17998 0.00116675 -0.106474 -0.165047 0.00354783 -0.000525514 -0.000563368 0.196414 0.222056 -1.08579 -2.03005 1.24611 -0.00785316 -0.00073355 0.496492 -0.0458475 -1.38879 -0.196182 -0.000180473 0.000585961 1.52456
372.002 -0.0524144 -0.265783 1.78112 -2.85833 0.447465 2.18066 -0.0858771 -0.27367 1.82094 -2.86637 0.451315 2.17309 -0.0334626 -0.00788759 0.0398212 -0.00804804 0.00384964 -0.00757241 0.0526089 0.524887 -0.0485739 -0.372335 1.61616 -2.85475 0.448055 2.18045 0.00384049 -0.106552 -0.164959 0.00357765 0.000590082 -0.000209519 0.196417 0.213062 -1.0872 -2.03114 1.26842 -0.00943137 -0.000598795 0.496396 -0.0458475 -1.38879 -0.196182 -0.000180473 0.000585961 1.52456
372.912 -0.0525102 -0.247531 1.82602 -2.86019 0.446387 2.17998 -0.0891345 -0.255103 1.89008 -2.87753 0.450815 2.16303 -0.0366243 -0.0075719 0.0640594 -0.0173357 0.00442853 -0.0169471 0.0741774 1.07556 -0.0417436 -0.347736 1.6576 -2.85734 0.448668 2.18032 0.0107666 -0.100205 -0.16842 0.00284921 0.00228134 0.000341729 0.196271 0.203672 -1.09154 -2.03145 1.31885 -0.0101513 0.0012503 0.496109 -0.0458475 -1.38879 -0.196182 -0.000180473 0.000585961 1.52456
373.144 -0.0505541 -0.241566 1.83869 -2.85981 0.446015 2.17976 -0.0850553 -0.243932 1.85499 -2.85412 0.468694 2.17399 -0.0345012 -0.00236642 0.0162924 0.0056841 0.0226787 -0.00576659 0.038228 1.41361 -0.0377239 -0.34192 1.67024 -2.85671 0.449248 2.18034 0.0128302 -0.100355 -0.168451 0.00309332 0.0032333 0.00058247 0.196498 0.24866 -1.09301 -2.03081 1.33276 -0.0095294 0.00135031 0.496022 -0.0458475 -1.38879 -0.196182 -0.000180473 0.000585961 1.52456
373.806 -0.0431008 -0.224909 1.86698 -2.85696 0.445984 2.17951 -0.0815851 -0.235544 1.92605 -2.86434 0.463381 2.16416 -0.0384843 -0.0106345 0.0590617 -0.00738191 0.0173967 -0.0153507 0.0712911 1.27257 -0.0275391 -0.326366 1.69915 -2.85257 0.45098 2.18031 0.0155617 -0.101457 -0.167835 0.00438576 0.0049959 0.000801811 0.196734 0.370094 -1.09662 -2.02813 1.36358 -0.00695202 -9.36431e-05 0.495815 -0.0458475 -1.38879 -0.196182 -0.000180473 0.000585961 1.52456
374.125 -0.0395794 -0.217668 1.87862 -2.85573 0.446099 2.17943 -0.0782169 -0.225439 1.92594 -2.86047 0.466398 2.16605 -0.0386375 -0.00777067 0.0473179 -0.00474185 0.020299 -0.0133856 0.061581 1.35306 -0.0236274 -0.318786 1.71058 -2.85052 0.451296 2.18027 0.015952 -0.101118 -0.168042 0.00521178 0.00519698 0.000838637 0.196767 0.409261 -1.09824 -2.02658 1.37629 -0.00591468 -0.000824926 0.495717 -0.0458475 -1.38879 -0.196182 -0.000180473 0.000585961 1.52456
374.45 -0.0364738 -0.210861 1.88986 -2.8549 0.44628 2.17938 -0.0754576 -0.219525 1.96375 -2.87954 0.451785 2.15744 -0.0389837 -0.00866383 0.0738884 -0.0246415 0.00550497 -0.0219405 0.0839898 1.46019 -0.0196017 -0.312337 1.72215 -2.84927 0.451619 2.18032 0.0168721 -0.101476 -0.167703 0.00562391 0.0053392 0.000938157 0.196739 0.430693 -1.09991 -2.02485 1.38877 -0.00526038 -0.00140762 0.495619 -0.0458475 -1.38879 -0.196182 -0.000180473 0.000585961 1.52456
374.768 -0.0338169 -0.204176 1.9011 -2.85445 0.446599 2.17938 -0.0692513 -0.205971 1.93274 -2.82563 0.449926 2.18539 -0.0354343 -0.00179492 0.0316489 0.0288208 0.00332665 0.00601429 0.0475444 1.5456 -0.0150783 -0.30583 1.73337 -2.84861 0.452204 2.18051 0.0187386 -0.101653 -0.167726 0.00583826 0.0056048 0.00113213 0.197019 0.447624 -1.10162 -2.02298 1.4011 -0.00503996 -0.00189538 0.495528 -0.0458475 -1.38879 -0.196182 -0.000180473 0.000585961 1.52456
375.422 -0.0298215 -0.188118 1.92698 -2.85458 0.448483 2.17988 -0.0646123 -0.192144 1.97324 -2.86321 0.458152 2.1854 -0.0347908 -0.00402645 0.0462563 -0.00863432 0.00966872 0.00551393 0.0580195 0.887793 -0.00922377 -0.289255 1.75901 -2.84864 0.455988 2.18194 0.0205978 -0.101137 -0.167969 0.00593082 0.00750478 0.00205325 0.197146 0.528601 -1.10592 -2.0181 1.42978 -0.00633394 -0.00337664 0.495435 -0.0458475 -1.38879 -0.196182 -0.000180473 0.000585961 1.52456
375.722 -0.0273049 -0.18193 1.93821 -2.85463 0.448807 2.18 -0.0617312 -0.182621 1.96316 -2.83864 0.485759 2.17166 -0.0344263 -0.000690336 0.0249507 0.015989 0.036952 -0.00834148 0.0425227 2.43815 -0.00554495 -0.282558 1.76995 -2.84859 0.457024 2.18234 0.0217599 -0.100628 -0.168259 0.00603831 0.0082174 0.00234592 0.197257 0.564406 -1.10795 -2.01578 1.44229 -0.00659539 -0.00361481 0.495443 -0.0458475 -1.38879 -0.196182 -0.000180473 0.000585961 1.52456
376.075 -0.0226119 -0.174416 1.95352 -2.85448 0.448548 2.17996 -0.0615128 -0.179098 2.01119 -2.85822 0.420804 2.16999 -0.0389009 -0.00468211 0.0576713 -0.00373762 -0.0277441 -0.00997532 0.0697222 1.67211 -0.00191689 -0.273101 1.78411 -2.84807 0.4576 2.18272 0.020695 -0.0986842 -0.169406 0.00641165 0.00905162 0.00275266 0.197143 0.614849 -1.11087 -2.01245 1.45943 -0.00632544 -0.00347739 0.495485 -0.0458475 -1.38879 -0.196182 -0.000180473 0.000585961 1.52456
376.718 -0.013638 -0.163294 1.97756 -2.85382 0.447466 2.17973 -0.0509572 -0.163404 2.01221 -2.84492 0.473028 2.18906 -0.0373192 -0.000109998 0.0346516 0.00890128 0.0255618 0.00933643 0.0509261 1.56498 0.00523845 -0.259231 1.80686 -2.84798 0.457347 2.183 0.0188765 -0.0959372 -0.170697 0.00583341 0.00988037 0.00327116 0.196717 0.642244 -1.11563 -2.00699 1.48668 -0.00508685 -0.0029273 0.495585 -0.0458475 -1.38879 -0.196182 -0.000180473 0.000585961 1.52456
377.318 -0.00238468 -0.148851 2.00917 -2.85326 0.44605 2.17938 -0.0392489 -0.15069 2.04296 -2.8679 0.457858 2.15845 -0.0368642 -0.00183963 0.0337844 -0.0146394 0.0118081 -0.0209318 0.0500374 1.31194 0.015 -0.242476 1.8368 -2.84887 0.456057 2.18322 0.0173847 -0.0936249 -0.172377 0.00439115 0.0100071 0.00383295 0.19693 0.626201 -1.12156 -2.00002 1.52199 -0.00374852 -0.00205732 0.495684 -0.0458475 -1.38879 -0.196182 -0.000180473 0.000585961 1.52456
377.66 0.00217949 -0.142622 2.02371 -2.85339 0.44533 2.17914 -0.0355103 -0.145584 2.08519 -2.86251 0.465645 2.15536 -0.0376898 -0.00296221 0.0614852 -0.00912397 0.0203149 -0.0237818 0.0721784 1.6905 0.0208905 -0.235115 1.85064 -2.8495 0.454833 2.183 0.018711 -0.0924929 -0.173064 0.00389006 0.0095029 0.00386025 0.19712 0.593473 -1.12415 -1.99687 1.53845 -0.00338751 -0.0013993 0.495681 -0.0458475 -1.38879 -0.196182 -0.000180473 0.000585961 1.52456
378.246 0.0139159 -0.125776 2.0604 -2.85355 0.443861 2.18277 -0.0237934 -0.130792 2.0963 -2.84641 0.46716 2.18409 -0.0377092 -0.00501635 0.0359033 0.00713689 0.0232991 0.00132606 0.0523087 1.38847 0.0358789 -0.216471 1.8864 -2.8503 0.450692 2.18616 0.0219631 -0.0906959 -0.173993 0.00324274 0.0068308 0.00339312 0.197438 0.440575 -1.13005 -1.98914 1.58027 -0.00461328 -9.97272e-05 0.499251 -0.0458475 -1.38879 -0.196182 -0.000180473 0.000585961 1.52456
378.553 0.0248277 -0.116202 2.07698 -2.85118 0.442689 2.19177 -0.0177497 -0.12233 2.14141 -2.87014 0.448706 2.17379 -0.0425774 -0.00612751 0.0644277 -0.0189611 0.00601697 -0.0179884 0.0774681 1.18134 0.0481688 -0.206097 1.90252 -2.8477 0.448724 2.19488 0.0233411 -0.0898948 -0.174463 0.00347571 0.00603543 0.00310138 0.197644 0.400563 -1.13246 -1.98561 1.59901 -0.00650311 -0.000336738 0.507369 -0.0458475 -1.38879 -0.196182 -0.000180473 0.000585961 1.52456
378.876 0.0422759 -0.105769 2.0933 -2.8461 0.440103 2.20406 -0.00654395 -0.110174 2.14086 -2.8291 0.47726 2.18693 -0.0488198 -0.0044048 0.0475606 0.0169984 0.0371572 -0.0171254 0.0682992 2.69994 0.0666301 -0.196012 1.91905 -2.84201 0.445119 2.20687 0.0243543 -0.0902428 -0.174246 0.00409594 0.0050159 0.00280856 0.197734 0.362617 -1.13484 -1.98188 1.61759 -0.00703597 -0.000858476 0.518748 -0.0458475 -1.38879 -0.196182 -0.000180473 0.000585961 1.52456
379.185 0.073727 -0.0898647 2.11418 -2.83579 0.435061 2.22353 0.0150533 -0.0975405 2.15162 -2.84363 0.448563 2.2076 -0.0586737 -0.00767574 0.0374476 -0.00783867 0.0135012 -0.0159304 0.0700275 1.13263 0.0980928 -0.181395 1.94064 -2.83101 0.439228 2.22628 0.0243658 -0.0915307 -0.173535 0.00477875 0.00416656 0.00274516 0.197702 0.347179 -1.13798 -1.97657 1.64171 -0.00552421 -0.00231014 0.5371 -0.0458475 -1.38879 -0.196182 -0.000180473 0.000585961 1.52456
379.472 0.100845 -0.0771596 2.1289 -2.82669 0.430425 2.23913 0.0439624 -0.0847544 2.18566 -2.85502 0.482515 2.19626 -0.0568822 -0.00759472 0.0567628 -0.028332 0.0520903 -0.0428677 0.0807173 3.74941 0.123308 -0.170123 1.9561 -2.82162 0.434106 2.24168 0.022463 -0.0929638 -0.172799 0.00507494 0.00368094 0.00255287 0.1975 0.339197 -1.14031 -1.97238 1.65917 -0.00334868 -0.00364924 0.551981 -0.0458475 -1.38879 -0.196182 -0.000180473 0.000585961 1.52456
379.776 0.12901 -0.0641126 2.14268 -2.81726 0.42544 2.2547 0.0752446 -0.0701511 2.2082 -2.83714 0.420268 2.23313 -0.0537652 -0.0060385 0.0655235 -0.0198857 -0.00517195 -0.0215698 0.0849735 1.32589 0.150187 -0.158331 1.97055 -2.81205 0.428461 2.25679 0.0211772 -0.0942183 -0.172127 0.00520937 0.00302112 0.00209419 0.197366 0.322641 -1.1426 -1.96809 1.67603 -0.00073915 -0.00510386 0.566999 -0.0458475 -1.38879 -0.196182 -0.000180473 0.000585961 1.52456
380.148 0.165499 -0.0464781 2.15985 -2.80524 0.418842 2.27466 0.106149 -0.0547624 2.20848 -2.81018 0.470372 2.26248 -0.0593494 -0.00828433 0.0486263 -0.00494744 0.05153 -0.0121766 0.0771718 3.01896 0.184308 -0.142429 1.98864 -2.80008 0.421367 2.27635 0.0188089 -0.0959506 -0.171217 0.00515237 0.00252553 0.00169035 0.197169 0.306467 -1.14552 -1.96236 1.69775 0.00257834 -0.00706017 0.586329 -0.0458475 -1.38879 -0.196182 -0.000180473 0.000585961 1.52456
380.708 0.212232 -0.0178817 2.18385 -2.78972 0.411129 2.30156 0.163942 -0.0249916 2.22059 -2.77552 0.458235 2.30118 -0.04829 -0.00710992 0.0367487 0.0141972 0.0471054 -0.000379834 0.0610978 2.82161 0.22723 -0.114409 2.01311 -2.78442 0.412893 2.30279 0.0149979 -0.0965274 -0.170739 0.0053007 0.00176333 0.00122299 0.196709 0.300014 -1.14919 -1.95388 1.72928 0.005692 -0.0107105 0.612196 -0.0458475 -1.38879 -0.196182 -0.000180473 0.000585961 1.52456
381.057 0.230249 0.00216112 2.19435 -2.78213 0.410232 2.31435 0.192651 -0.00664738 2.28527 -2.81026 0.374331 2.29015 -0.037598 -0.0088085 0.0909145 -0.0281293 -0.0359016 -0.0242026 0.0987758 2.65373 0.24317 -0.0951813 2.0239 -2.7769 0.411647 2.31513 0.0129219 -0.0973424 -0.170457 0.00523365 0.00141464 0.000773342 0.196718 0.296075 -1.14988 -1.94937 1.7435 0.00564417 -0.0147674 0.62339 -0.0458475 -1.38879 -0.196182 -0.000180473 0.000585961 1.52456
381.393 0.23553 0.0698789 2.1963 -2.76474 0.426131 2.33568 0.214544 0.0218633 2.3388 -2.8369 0.35372 2.27989 -0.0209863 -0.0480156 0.142495 -0.0721601 -0.0724112 -0.0557913 0.151824 5.87022 0.248201 -0.0320188 2.02861 -2.75912 0.427184 2.3362 0.0126708 -0.101898 -0.167687 0.00561823 0.00105293 0.000525177 0.196628 0.316518 -1.14346 -1.94015 1.75155 -0.00135095 -0.0374318 0.635992 -0.046166 -1.38879 -0.196215 -0.000396856 0.000586552 1.52451
381.694 0.237331 0.112005 2.19558 -2.75501 0.435197 2.34849 0.212154 0.0839531 2.27989 -2.79175 0.429078 2.32104 -0.0251772 -0.0280518 0.0843087 -0.0367384 -0.00611848 -0.0274556 0.0923512 2.0626 0.250047 0.00685967 2.03053 -2.74679 0.435247 2.34894 0.0127153 -0.105145 -0.165048 0.00822328 5.0526e-05 0.000443867 0.196107 0.461401 -1.13629 -1.93242 1.75752 -0.00612882 -0.050284 0.643806 -0.046165 -1.38879 -0.19621 -0.000364634 0.000586553 1.52451
382.02 0.240494 0.140542 2.19373 -2.75321 0.438891 2.35784 0.214236 0.131801 2.28091 -2.77336 0.442333 2.32872 -0.026258 -0.00874054 0.0871884 -0.0201507 0.00344159 -0.0291213 0.0914751 1.58511 0.252866 0.0320523 2.03107 -2.73207 0.438192 2.35751 0.0123721 -0.10849 -0.162656 0.0211374 -0.000698649 -0.000331682 0.195908 1.21981 -1.12795 -1.92431 1.76395 -0.00891599 -0.0562296 0.650223 -0.0461815 -1.38828 -0.195623 -0.000338781 -0.00330168 1.5245
382.32 0.244015 0.172055 2.19268 -2.74404 0.441332 2.3664 0.219644 0.162018 2.2851 -2.79874 0.41977 2.34477 -0.0243703 -0.010037 0.0924206 -0.0546945 -0.021562 -0.0216317 0.0961053 3.10476 0.254072 0.0605253 2.03125 -2.70479 0.439759 2.3663 0.0100574 -0.11153 -0.161422 0.0392499 -0.00157298 -9.66656e-05 0.196461 2.25307 -1.11555 -1.91309 1.77368 -0.0114801 -0.0608316 0.656712 -0.0461936 -1.38816 -0.196291 -0.000283025 0.00120681 1.52463
382.599 0.245745 0.197882 2.19087 -2.74034 0.44368 2.37157 0.215816 0.183893 2.22513 -2.72331 0.503966 2.37405 -0.0299292 -0.0139894 0.0342591 0.0170254 0.0602862 0.00248662 0.0475936 3.57435 0.259116 0.0849907 2.03048 -2.68654 0.441836 2.37251 0.0133713 -0.112891 -0.16039 0.0537997 -0.00184408 0.000942805 0.196592 3.06158 -1.10495 -1.90417 1.78144 -0.0128429 -0.0648723 0.66019 -0.0461933 -1.38816 -0.196276 -0.000268575 0.00112 1.52463
383.207 0.244456 0.26455 2.1854 -2.73171 0.451588 2.37991 0.22389 0.250129 2.28786 -2.75797 0.443025 2.36081 -0.0205661 -0.014421 0.102466 -0.026254 -0.00856266 -0.0191007 0.105499 1.50896 0.261621 0.14705 2.02837 -2.66898 0.449996 2.38253 0.017165 -0.1175 -0.157032 0.0627272 -0.00159152 0.0026175 0.196875 3.53247 -1.07692 -1.88219 1.801 -0.0155636 -0.0759857 0.664188 -0.0461927 -1.38817 -0.196248 -0.000242246 0.000961789 1.52463
383.593 0.241471 0.295515 2.1823 -2.72815 0.456051 2.38228 0.21817 0.280011 2.23973 -2.69774 0.471137 2.38485 -0.0233008 -0.0155043 0.0574316 0.0304097 0.0150851 0.00256386 0.0638882 1.89093 0.261549 0.176595 2.02641 -2.65958 0.454475 2.3855 0.0200781 -0.11892 -0.155894 0.0685703 -0.00157642 0.00321858 0.197099 3.85234 -1.06361 -1.87236 1.80973 -0.0168345 -0.0814036 0.664458 -0.0461925 -1.38817 -0.196239 -0.000233504 0.000909271 1.52463
383.859 0.238092 0.32716 2.17875 -2.7245 0.460739 2.384 0.220011 0.322247 2.28922 -2.72461 0.465925 2.37476 -0.0180814 -0.00491254 0.110467 -0.000116219 0.00518527 -0.00923454 0.112045 0.603931 0.258203 0.203886 2.02613 -2.65202 0.459008 2.38745 0.020111 -0.123274 -0.152619 0.0724737 -0.0017317 0.00344952 0.197215 4.06977 -1.04972 -1.86241 1.81863 -0.0178104 -0.0870775 0.664057 -0.0461924 -1.38817 -0.196231 -0.000225987 0.000864107 1.52463
384.128 0.234039 0.360029 2.17471 -2.72073 0.465826 2.38528 0.21212 0.353067 2.23769 -2.7104 0.473072 2.3826 -0.0219183 -0.00696165 0.0629796 0.0103322 0.00724607 -0.00268015 0.067047 0.792782 0.252253 0.235494 2.02299 -2.64436 0.464145 2.38856 0.0182147 -0.124535 -0.15172 0.0763693 -0.00168081 0.00328708 0.197128 4.29555 -1.03535 -1.85241 1.82766 -0.0186901 -0.0930325 0.66312 -0.0461922 -1.38817 -0.196224 -0.000219922 0.000827673 1.52463
384.447 0.227964 0.403177 2.16849 -2.71613 0.47253 2.38618 0.211296 0.396856 2.28097 -2.79461 0.444178 2.35514 -0.0166681 -0.00632089 0.112481 -0.0784838 -0.0283514 -0.0310431 0.113885 4.35226 0.247024 0.275368 2.01929 -2.63494 0.471388 2.38838 0.0190596 -0.127809 -0.1492 0.0811875 -0.00114164 0.00220026 0.19738 4.59619 -1.01546 -1.83908 1.8395 -0.0196621 -0.100672 0.661204 -0.0461921 -1.38817 -0.196217 -0.000212614 0.000783762 1.52463
384.762 0.223211 0.433744 2.16364 -2.71327 0.477099 2.38621 0.202159 0.427906 2.23547 -2.72118 0.477088 2.38174 -0.021052 -0.00583722 0.0718313 -0.00791896 -1.11229e-05 -0.00447406 0.0750799 0.406382 0.243596 0.301926 2.01752 -2.62921 0.476375 2.38714 0.020385 -0.131818 -0.146118 0.0840502 -0.000724063 0.000927312 0.197843 4.79175 -1.00036 -1.82929 1.84828 -0.020197 -0.105696 0.659395 -0.0461919 -1.38817 -0.196208 -0.000207738 0.000776271 1.52463
385.059 0.218209 0.46221 2.1587 -2.71016 0.481178 2.38578 0.195751 0.459328 2.21767 -2.72509 0.536917 2.3878 -0.0224577 -0.00288254 0.0589609 -0.0149308 0.0557393 0.00202637 0.0631589 3.32284 0.23789 0.329997 2.01317 -2.62466 0.480751 2.38538 0.019681 -0.132214 -0.145536 0.0854975 -0.000426884 -0.000393149 0.197607 4.9092 -0.985204 -1.81978 1.85691 -0.0206594 -0.109958 0.657396 -0.0461906 -1.38814 -0.196066 -0.000203823 0.0016768 1.52463
385.336 0.212104 0.495511 2.15257 -2.70255 0.485293 2.38443 0.192088 0.496393 2.23166 -2.74025 0.481625 2.37914 -0.0200154 0.000881841 0.0790919 -0.0377064 -0.00366799 -0.00528664 0.0815899 2.04813 0.23425 0.361306 2.00985 -2.61825 0.484961 2.38253 0.0221467 -0.134205 -0.142717 0.0843019 -0.000331965 -0.00190037 0.197153 4.88191 -0.965395 -1.8078 1.86863 -0.0207747 -0.114116 0.654591 -0.0461832 -1.38797 -0.195211 -0.000199451 0.00732419 1.52462
385.673 0.208126 0.517511 2.14845 -2.69178 0.487368 2.38317 0.183051 0.50924 2.17056 -2.69496 0.554173 2.40384 -0.0250746 -0.00827123 0.0221172 -0.00317377 0.0668056 0.0206696 0.034443 4.0374 0.229269 0.380825 2.00931 -2.61498 0.486929 2.38068 0.0211436 -0.136686 -0.139138 0.0768004 -0.000438946 -0.00249074 0.196187 4.46896 -0.951077 -1.7995 1.87788 -0.020372 -0.116257 0.652492 -0.0461949 -1.38764 -0.193758 -0.000179771 0.0169832 1.52444
385.984 0.204151 0.536332 2.14509 -2.67539 0.489157 2.38331 0.183072 0.552435 2.24156 -2.68823 0.46374 2.36926 -0.0210783 0.0161032 0.0964704 -0.0128379 -0.0254172 -0.0140473 0.100051 1.66319 0.22388 0.401445 2.0076 -2.61259 0.488102 2.37877 0.0197296 -0.134887 -0.137489 0.062796 -0.00105533 -0.00453653 0.193615 3.72752 -0.937369 -1.79188 1.8878 -0.0197475 -0.117548 0.650456 -0.0463224 -1.38693 -0.191349 0.000906673 0.0320024 1.52314
386.904 0.191648 0.578415 2.14113 -2.58112 0.505431 2.41251 0.168477 0.593751 2.19207 -2.61018 0.51574 2.40511 -0.0231709 0.0153364 0.0509373 -0.029058 0.0103087 -0.00740326 0.0580233 1.61568 0.212927 0.457241 2.01286 -2.6067 0.487257 2.37251 0.0212793 -0.121174 -0.128269 -0.0255786 -0.0181734 -0.0400008 0.177732 2.299 -0.897584 -1.77263 1.92711 -0.015563 -0.116882 0.644419 -0.0477365 -1.3808 -0.175541 0.029983 0.109806 1.50466
387.189 0.187743 0.585703 2.14219 -2.54179 0.515339 2.43468 0.167414 0.617295 2.24266 -2.58109 0.4953 2.38519 -0.0203284 0.0315922 0.100469 -0.039297 -0.0200389 -0.0494908 0.107263 2.87154 0.210092 0.470162 2.01831 -2.60631 0.486707 2.3699 0.0223494 -0.115541 -0.123878 -0.0645245 -0.0286322 -0.0647805 0.170865 4.11675 -0.887613 -1.76889 1.94078 -0.0140042 -0.115579 0.642851 -0.0484727 -1.37812 -0.168501 0.0496899 0.138398 1.49385
387.519 0.182102 0.592108 2.14507 -2.48245 0.532521 2.47212 0.162977 0.62785 2.24888 -2.5707 0.491205 2.41063 -0.0191259 0.035742 0.103815 -0.0882516 -0.0413156 -0.0614844 0.111448 5.11067 0.204168 0.484939 2.02821 -2.60768 0.485032 2.36602 0.0220655 -0.107168 -0.116855 -0.12523 -0.0474885 -0.106096 0.160085 7.29993 -0.875803 -1.76542 1.96031 -0.012007 -0.11308 0.640964 -0.0499084 -1.37453 -0.157515 0.0837501 0.18016 1.47919
388.057 0.170733 0.599288 2.15035 -2.39441 0.565361 2.53085 0.151576 0.636456 2.25515 -2.44887 0.509577 2.48168 -0.0191568 0.0371684 0.104799 -0.0544529 -0.0557836 -0.0491652 0.112833 4.34497 0.196333 0.507885 2.04549 -2.61121 0.482557 2.36163 0.0255997 -0.0914035 -0.104852 -0.216797 -0.082804 -0.169216 0.141435 12.2411 -0.860984 -1.76338 1.99133 -0.0102481 -0.109711 0.638731 -0.0529538 -1.36944 -0.137874 0.142752 0.240038 1.4673
388.363 0.161047 0.603024 2.15344 -2.3487 0.588449 2.559 0.143687 0.640297 2.25485 -2.37523 0.5623 2.52608 -0.0173602 0.0372726 0.101407 -0.0265316 -0.026149 -0.0329247 0.109426 2.23441 0.190506 0.522273 2.05877 -2.61413 0.481888 2.35992 0.0294582 -0.0807513 -0.0946711 -0.265426 -0.106561 -0.199082 0.127872 14.8573 -0.852767 -1.76391 2.01218 -0.0100904 -0.107991 0.637768 -0.0552476 -1.36634 -0.122981 0.178224 0.271182 1.47084
388.651 0.153406 0.605085 2.15541 -2.32334 0.605812 2.57109 0.135788 0.643125 2.25441 -2.3407 0.587414 2.54818 -0.0176176 0.0380395 0.0989969 -0.0173607 -0.0183976 -0.0229101 0.107507 1.53493 0.184685 0.532474 2.06931 -2.61638 0.481792 2.35941 0.0312796 -0.072611 -0.0860972 -0.293033 -0.12402 -0.211681 0.116891 16.3497 -0.847401 -1.76518 2.02779 -0.0102552 -0.106815 0.637369 -0.0570734 -1.36434 -0.111008 0.200845 0.289264 1.48
389.539 0.12705 0.605155 2.15934 -2.30722 0.647871 2.54641 0.107936 0.643501 2.24883 -2.29932 0.604954 2.54917 -0.0191139 0.0383462 0.0894946 0.00790379 -0.0429168 0.00276449 0.0992223 2.48853 0.163925 0.543354 2.08285 -2.62448 0.483814 2.36156 0.0368746 -0.0618009 -0.076484 -0.317255 -0.164057 -0.184851 0.105019 17.9617 -0.834242 -1.77378 2.0789 -0.012463 -0.102476 0.638001 -0.0630326 -1.36026 -0.0665297 0.232198 0.314075 1.53337
389.861 0.119399 0.602784 2.15973 -2.32172 0.651182 2.52326 0.0997872 0.639529 2.2418 -2.30107 0.667939 2.54151 -0.0196114 0.0367447 0.0820688 0.0206449 0.016757 0.0182556 0.092033 1.378 0.157745 0.539881 2.0819 -2.62737 0.484582 2.36276 0.0383465 -0.0629027 -0.0778238 -0.305657 -0.1666 -0.160501 0.107162 17.5377 -0.831682 -1.77735 2.09372 -0.0134978 -0.10089 0.638616 -0.0646006 -1.35983 -0.0520334 0.226168 0.311996 1.54924
390.18 0.112051 0.599258 2.1598 -2.34192 0.648824 2.4966 0.08871 0.632456 2.23413 -2.31818 0.683988 2.51385 -0.0233407 0.0331984 0.0743382 0.0237384 0.0351647 0.0172459 0.0846941 2.2855 0.15075 0.536367 2.08318 -2.63041 0.484836 2.36379 0.0386989 -0.0628909 -0.0766151 -0.28849 -0.163988 -0.132814 0.106408 16.8269 -0.829748 -1.78124 2.10833 -0.0146571 -0.0991435 0.639308 -0.0659985 -1.35977 -0.0370574 0.213653 0.307184 1.56233
390.516 0.103558 0.59356 2.15943 -2.37307 0.637118 2.46037 0.0809042 0.628526 2.23404 -2.32358 0.686215 2.51158 -0.0226534 0.0349654 0.0746122 0.0494892 0.0490972 0.0512113 0.0854561 3.78589 0.141482 0.527975 2.08355 -2.63593 0.484955 2.36437 0.037924 -0.0655853 -0.0758745 -0.262856 -0.152163 -0.0960028 0.107222 15.6277 -0.828131 -1.78677 2.12753 -0.0160321 -0.0968804 0.640226 -0.0675564 -1.36024 -0.0163989 0.189069 0.29794 1.57405
391.127 0.0943521 0.584383 2.15809 -2.42112 0.60378 2.41255 0.0679188 0.617 2.22423 -2.41427 0.662333 2.44036 -0.0264332 0.0326168 0.0661345 0.0068466 0.0585531 0.0278075 0.0783348 3.6341 0.131006 0.515641 2.08391 -2.64234 0.483969 2.36407 0.0366537 -0.0687421 -0.0741776 -0.221214 -0.119811 -0.0484812 0.10757 13.3717 -0.827748 -1.79542 2.1558 -0.0174027 -0.0943246 0.641268 -0.0688889 -1.36184 0.0160179 0.139688 0.279379 1.57804
391.428 0.0912454 0.575647 2.15667 -2.45181 0.57322 2.38632 0.064363 0.623144 2.27123 -2.43631 0.624983 2.3958 -0.0268824 0.0474973 0.114554 0.0155015 0.0517632 0.00948469 0.126891 3.05544 0.123819 0.505103 2.08581 -2.64648 0.481897 2.36389 0.0325734 -0.0705446 -0.0708653 -0.194677 -0.0913227 -0.0224287 0.105164 11.7863 -0.828837 -1.80122 2.17438 -0.0175716 -0.0924114 0.64159 -0.0689146 -1.36335 0.0384666 0.102942 0.265273 1.57346
391.716 0.0907672 0.567994 2.1561 -2.47078 0.549028 2.37042 0.0599591 0.601852 2.21852 -2.44344 0.619782 2.39576 -0.0308081 0.0338584 0.0624175 0.0273352 0.0707544 0.025336 0.0774046 4.2992 0.117116 0.495125 2.08606 -2.6489 0.479387 2.3638 0.026349 -0.0728691 -0.0700441 -0.178122 -0.0696407 -0.00661775 0.104453 10.7875 -0.830318 -1.80553 2.18834 -0.0172014 -0.0908116 0.64164 -0.0684092 -1.36473 0.0557131 0.0757103 0.255892 1.56807
392.242 0.0959628 0.546936 2.15627 -2.49468 0.495407 2.34054 0.0627746 0.592765 2.25365 -2.48617 0.481045 2.31992 -0.0331882 0.0458293 0.0973881 0.00851092 -0.0143625 -0.0206212 0.112633 1.68864 0.106477 0.475751 2.0922 -2.65455 0.471768 2.36255 0.0105145 -0.0711849 -0.0640706 -0.159868 -0.0236391 0.0220101 0.0963477 9.90262 -0.835593 -1.81519 2.22171 -0.01473 -0.0866309 0.641352 -0.0652871 -1.36902 0.0970572 0.0191517 0.248068 1.55607
392.604 0.0992241 0.537423 2.15697 -2.49585 0.476232 2.3288 0.0666937 0.580836 2.25319 -2.4891 0.474167 2.3174 -0.0325304 0.0434132 0.0962128 0.00674493 -0.00206532 -0.0113964 0.110453 0.905686 0.102749 0.468146 2.09497 -2.65648 0.468586 2.36197 0.00352484 -0.0692767 -0.0620074 -0.160634 -0.00764586 0.03317 0.0930408 10.2188 -0.838394 -1.81914 2.23654 -0.0137682 -0.0849354 0.641192 -0.0630182 -1.37134 0.11521 -0.00124696 0.252696 1.55317
393.209 0.106027 0.517665 2.15961 -2.48696 0.447751 2.30465 0.0736447 0.552868 2.22766 -2.48551 0.411575 2.28058 -0.0323821 0.0352023 0.0680576 0.00144594 -0.0361755 -0.0240742 0.0831843 2.51014 0.0933507 0.45009 2.09751 -2.65901 0.463636 2.36089 -0.0126761 -0.0675755 -0.062094 -0.17205 0.0158853 0.0562318 0.0926434 11.6754 -0.844391 -1.82664 2.26735 -0.0127176 -0.0816024 0.641095 -0.0567243 -1.37664 0.1523 -0.0337075 0.273551 1.55364
393.544 0.109307 0.505546 2.16194 -2.47834 0.437437 2.28899 0.0775069 0.541023 2.22695 -2.48782 0.404591 2.27841 -0.0317997 0.0354769 0.0650132 -0.00948079 -0.0328469 -0.010581 0.0806011 1.98367 0.0874361 0.440826 2.09867 -2.66051 0.462133 2.36065 -0.0218705 -0.0647202 -0.0632663 -0.182174 0.0246952 0.0716642 0.093111 12.8466 -0.848349 -1.83125 2.28855 -0.0132352 -0.0800086 0.641282 -0.0512767 -1.38033 0.177456 -0.0483989 0.29057 1.55853
393.865 0.110652 0.497103 2.16356 -2.47224 0.434068 2.27794 0.0802787 0.53023 2.22257 -2.47684 0.444956 2.27099 -0.0303731 0.0331267 0.0590069 -0.00459624 0.0108882 -0.00694748 0.0741736 0.726316 0.0835822 0.435611 2.10142 -2.66188 0.461966 2.36069 -0.0270696 -0.061492 -0.0621482 -0.189643 0.0278975 0.0827494 0.0915229 13.6992 -0.851166 -1.83443 2.30459 -0.0144545 -0.0792446 0.641498 -0.0465918 -1.38306 0.196354 -0.0556918 0.302931 1.56403
394.133 0.111359 0.49007 2.16536 -2.46699 0.433882 2.26822 0.0815889 0.521701 2.23173 -2.47068 0.430173 2.29232 -0.0297698 0.0316307 0.0663685 -0.00368817 -0.00370898 0.0241037 0.0793191 1.49724 0.078917 0.428761 2.10076 -2.66325 0.462626 2.36075 -0.0324417 -0.0613093 -0.0645984 -0.196251 0.0287441 0.0925392 0.0947853 14.4518 -0.85381 -1.83732 2.3207 -0.0161409 -0.0790407 0.641725 -0.0414261 -1.38572 0.21525 -0.060261 0.314198 1.57045
394.431 0.11259 0.482025 2.16749 -2.46008 0.438594 2.25843 0.0821565 0.510465 2.22103 -2.48138 0.435353 2.26768 -0.0304332 0.0284394 0.0535398 -0.0213021 -0.00324086 0.00924431 0.0678343 1.53366 0.0727545 0.418686 2.09486 -2.6649 0.464645 2.3607 -0.0398353 -0.0633394 -0.0726325 -0.204823 0.0260509 0.102271 0.104279 15.3037 -0.857042 -1.84059 2.34222 -0.0185892 -0.079395 0.641975 -0.0340089 -1.38917 0.240203 -0.0609034 0.327488 1.57955
395.045 0.117441 0.472671 2.17079 -2.451 0.455368 2.25442 0.0848626 0.49648 2.21506 -2.44361 0.507431 2.27775 -0.0325787 0.0238089 0.0442718 0.00738751 0.0520623 0.0233328 0.0599018 3.21552 0.0657268 0.411412 2.09246 -2.66651 0.46824 2.36007 -0.0517146 -0.0612595 -0.0783331 -0.215504 0.0128719 0.105654 0.112086 16.0044 -0.861285 -1.84401 2.37417 -0.0212936 -0.0807203 0.642071 -0.0223548 -1.39399 0.276492 -0.048582 0.340416 1.59207
395.379 0.124078 0.467882 2.17302 -2.44661 0.473142 2.26089 0.0896727 0.501454 2.26344 -2.46713 0.472964 2.25414 -0.0344049 0.033572 0.0904289 -0.0205268 -0.000178936 -0.00674816 0.102412 1.05758 0.0614097 0.410029 2.09668 -2.66659 0.470055 2.35933 -0.062668 -0.0578527 -0.0763357 -0.219984 -0.00308773 0.0984477 0.114461 15.9753 -0.863711 -1.84517 2.39537 -0.0216211 -0.0818316 0.641838 -0.0147814 -1.39679 0.29984 -0.0299466 0.341805 1.59867
395.714 0.13045 0.464986 2.17468 -2.44358 0.489586 2.27059 0.0975565 0.497397 2.26297 -2.46454 0.468588 2.25422 -0.0328932 0.032411 0.0882929 -0.0209593 -0.0209982 -0.0163692 0.0996397 1.65256 0.0620623 0.410913 2.10029 -2.66616 0.470881 2.35901 -0.0683873 -0.0540737 -0.0743855 -0.222582 -0.0187047 0.0884157 0.114604 15.7815 -0.865283 -1.84547 2.41149 -0.0211757 -0.0826642 0.641479 -0.00943881 -1.39867 0.317091 -0.0108403 0.339574 1.60242
396.031 0.137196 0.462474 2.17611 -2.44026 0.508119 2.28378 0.100492 0.484604 2.21828 -2.41731 0.52518 2.29301 -0.0367039 0.0221297 0.0421676 0.0229491 0.017061 0.00923488 0.0601249 1.50896 0.063289 0.41052 2.10452 -2.66536 0.471309 2.35868 -0.0739068 -0.0519545 -0.0715919 -0.225101 -0.0368097 0.0748989 0.115269 15.5305 -0.866599 -1.84532 2.42796 -0.0204483 -0.0834223 0.640961 -0.00449953 -1.4004 0.334258 0.0116407 0.335576 1.60516
396.334 0.143746 0.461146 2.17787 -2.43591 0.528055 2.29946 0.108224 0.480667 2.21799 -2.41505 0.520796 2.29309 -0.0355222 0.0195214 0.0401187 0.0208599 -0.0072587 -0.00637424 0.0570301 1.47379 0.0650656 0.410481 2.10588 -2.66431 0.471491 2.35782 -0.0786807 -0.0506649 -0.0719911 -0.2284 -0.056564 0.0583592 0.118069 15.323 -0.867609 -1.84476 2.44488 -0.01969 -0.0841911 0.640313 -4.348e-05 -1.40203 0.351428 0.0362802 0.331032 1.60706
396.584 0.151543 0.460085 2.17968 -2.43169 0.55292 2.32033 0.116939 0.482528 2.23558 -2.40913 0.558145 2.32571 -0.0346033 0.0224424 0.0558991 0.0225584 0.00522586 0.00537926 0.0694677 1.19779 0.0685409 0.413206 2.1108 -2.6629 0.471857 2.35627 -0.0830018 -0.0468792 -0.0688769 -0.231212 -0.0810624 0.0359353 0.117605 15.0978 -0.868422 -1.84347 2.46775 -0.0188211 -0.0850878 0.63931 0.00523938 -1.40395 0.374326 0.0673012 0.323164 1.60839
397.172 0.159708 0.45951 2.18114 -2.43383 0.579851 2.34265 0.129171 0.482146 2.24295 -2.45509 0.645096 2.34264 -0.0305374 0.022636 0.0618121 -0.02126 0.0652446 -7.79571e-06 0.0725649 3.93154 0.0782042 0.416789 2.10797 -2.66078 0.473003 2.35474 -0.0815042 -0.0427207 -0.0731718 -0.226954 -0.106847 0.0120886 0.117567 14.6949 -0.868394 -1.84064 2.50195 -0.0184445 -0.0859684 0.637683 0.0118986 -1.40619 0.408553 0.10013 0.308021 1.60878
397.502 0.162709 0.46076 2.1811 -2.44129 0.589632 2.34881 0.133094 0.482168 2.24305 -2.45324 0.643582 2.34328 -0.0296149 0.0214086 0.0619595 -0.0119496 0.0539498 -0.00552419 0.071933 3.14211 0.0841831 0.417889 2.10592 -2.65892 0.473633 2.35465 -0.0785255 -0.0428702 -0.0751704 -0.21763 -0.115999 0.00584476 0.116853 14.2769 -0.867528 -1.83825 2.52447 -0.0188319 -0.0866466 0.636648 0.0154617 -1.40729 0.431117 0.110494 0.296889 1.60879
397.767 0.165095 0.463678 2.18033 -2.44748 0.59317 2.34965 0.134893 0.487069 2.25663 -2.47445 0.609614 2.35115 -0.0302026 0.0233917 0.0763024 -0.0269673 0.0164431 0.00149778 0.0853313 1.85266 0.0887445 0.419834 2.10322 -2.65627 0.473417 2.35487 -0.0763509 -0.0438438 -0.0771078 -0.208786 -0.119753 0.00522011 0.117036 13.919 -0.86646 -1.83623 2.54123 -0.0188272 -0.087683 0.635976 0.0175998 -1.40799 0.447811 0.113055 0.289497 1.60889
398.114 0.167232 0.467808 2.17912 -2.45359 0.594245 2.34845 0.138826 0.489999 2.25651 -2.43853 0.632547 2.3711 -0.0284054 0.0221908 0.0773838 0.0150585 0.0383024 0.0226461 0.0853671 2.44024 0.0930486 0.423149 2.1011 -2.65417 0.473341 2.35499 -0.0741829 -0.0446595 -0.0780211 -0.200576 -0.120904 0.00654226 0.116554 13.5802 -0.865076 -1.83405 2.55796 -0.018746 -0.0889424 0.635427 0.0192117 -1.4086 0.464303 0.112459 0.28316 1.60892
398.399 0.169075 0.474617 2.17722 -2.46136 0.592554 2.34519 0.140223 0.494024 2.24792 -2.44913 0.593403 2.33706 -0.0288516 0.0194068 0.0707006 0.0122323 0.000849836 -0.00813687 0.0787884 1.03741 0.0992398 0.428888 2.09508 -2.65206 0.473129 2.35506 -0.0698348 -0.0457294 -0.0821402 -0.190702 -0.119424 0.00986484 0.117111 13.14 -0.86283 -1.831 2.58017 -0.0188186 -0.0906711 0.634898 0.0205287 -1.40927 0.485868 0.10801 0.276219 1.60834
398.721 0.169717 0.480197 2.17549 -2.46589 0.590224 2.3433 0.141414 0.501391 2.25018 -2.49292 0.641885 2.34846 -0.0283031 0.0211939 0.0746951 -0.0270362 0.0516615 0.00516468 0.0826414 3.43194 0.104254 0.432598 2.08829 -2.65083 0.472799 2.35507 -0.0654634 -0.047599 -0.087201 -0.184944 -0.117425 0.0117669 0.118975 12.8499 -0.860923 -1.82866 2.59681 -0.0190023 -0.0919173 0.634638 0.0208305 -1.40971 0.501683 0.103879 0.272252 1.60713
399.996 0.166987 0.502944 2.17011 -2.47801 0.582772 2.354 0.140787 0.527405 2.25631 -2.48734 0.598402 2.34451 -0.0262 0.0244609 0.0862048 -0.00932839 0.0156295 -0.00949269 0.0933597 1.02946 0.123133 0.46108 2.08077 -2.64795 0.473484 2.35612 -0.0438534 -0.0418636 -0.0893353 -0.169934 -0.109288 0.00212207 0.107965 11.6243 -0.852026 -1.81892 2.66939 -0.0203302 -0.0936737 0.634199 0.0156275 -1.4107 0.567451 0.0976695 0.255537 1.59211
400.269 0.166369 0.509397 2.16868 -2.48024 0.58442 2.36106 0.137872 0.523362 2.21026 -2.45634 0.565462 2.35617 -0.0284977 0.0139652 0.0415856 0.0238995 -0.0189578 -0.00489584 0.0523117 1.8845 0.12846 0.468663 2.08013 -2.6463 0.473704 2.3567 -0.0379096 -0.0407342 -0.0885451 -0.166063 -0.110717 -0.00435984 0.104578 11.3287 -0.850085 -1.81682 2.68647 -0.0202367 -0.0943064 0.634125 0.0131386 -1.4107 0.582367 0.101026 0.249381 1.58757
400.601 0.166388 0.518391 2.16682 -2.48423 0.587229 2.37052 0.140034 0.543254 2.26068 -2.48332 0.545667 2.3362 -0.0263543 0.0248632 0.0938618 0.000914433 -0.0415624 -0.0343207 0.100612 3.10652 0.135789 0.476794 2.07998 -2.64395 0.473841 2.35709 -0.0305997 -0.0415971 -0.086839 -0.159725 -0.113388 -0.0134287 0.101033 10.9238 -0.847716 -1.81416 2.70893 -0.0196078 -0.095251 0.634019 0.00942489 -1.41059 0.601943 0.106299 0.239612 1.58182
400.948 0.166465 0.524642 2.16539 -2.48846 0.589009 2.37655 0.142606 0.554285 2.26947 -2.50124 0.569466 2.35669 -0.0238581 0.0296433 0.10408 -0.0127784 -0.0195428 -0.0198669 0.110818 1.47406 0.141938 0.479445 2.07804 -2.64297 0.474068 2.35701 -0.0245261 -0.0451968 -0.0873557 -0.154511 -0.114941 -0.019545 0.101367 10.6232 -0.846156 -1.81233 2.72516 -0.0190642 -0.095856 0.633942 0.00650843 -1.41047 0.616156 0.109702 0.231594 1.57795
401.246 0.165784 0.530925 2.1637 -2.49407 0.590182 2.38103 0.138751 0.549684 2.22303 -2.48427 0.612235 2.3986 -0.0270333 0.0187594 0.0593353 0.00979329 0.0220526 0.017569 0.0678483 1.51181 0.148319 0.484392 2.07459 -2.6421 0.475028 2.35697 -0.0174649 -0.0465327 -0.089108 -0.148033 -0.115154 -0.0240612 0.102032 10.2667 -0.844825 -1.81068 2.74053 -0.0188707 -0.0967051 0.633892 0.00363231 -1.41035 0.629769 0.111583 0.223151 1.57457
401.608 0.164054 0.538566 2.16171 -2.50445 0.589793 2.38374 0.137295 0.555342 2.21467 -2.50733 0.647037 2.39505 -0.0267592 0.0167762 0.0529614 -0.00287206 0.0572435 0.0113087 0.0616637 3.36569 0.153421 0.489726 2.07325 -2.64083 0.476768 2.35762 -0.0106328 -0.0488397 -0.088459 -0.136381 -0.113025 -0.0261262 0.101604 9.65755 -0.843495 -1.80883 2.75926 -0.0190594 -0.0977542 0.633879 5.25547e-05 -1.41016 0.646738 0.110895 0.21108 1.5709
401.901 0.163215 0.542588 2.16021 -2.51492 0.587447 2.38322 0.139006 0.577401 2.2746 -2.55256 0.574768 2.36113 -0.024209 0.0348126 0.114391 -0.0376352 -0.0126789 -0.0220901 0.121997 1.94501 0.15637 0.492361 2.07408 -2.64023 0.47751 2.3581 -0.00684523 -0.0502273 -0.0861251 -0.125304 -0.109937 -0.0251239 0.0999359 9.096 -0.842904 -1.80774 2.77179 -0.0190713 -0.0982168 0.633921 -0.002333 -1.40996 0.658503 0.107904 0.200792 1.56867
402.18 0.162914 0.545388 2.15871 -2.52757 0.583491 2.38106 0.133414 0.566889 2.21444 -2.50265 0.653027 2.39846 -0.0295008 0.021501 0.0557278 0.0249125 0.0695366 0.0174068 0.0666196 4.15379 0.160416 0.495178 2.07501 -2.63997 0.477965 2.35817 -0.00249816 -0.0502103 -0.0837033 -0.1124 -0.105526 -0.0228885 0.09764 8.43536 -0.84271 -1.80692 2.78303 -0.0189241 -0.0985419 0.634013 -0.00439314 -1.40968 0.669485 0.103064 0.189204 1.56668
402.5 0.163101 0.547349 2.15732 -2.54109 0.578955 2.3785 0.134911 0.573145 2.22358 -2.55018 0.572809 2.36562 -0.0281895 0.0257965 0.0662627 -0.00908365 -0.00614587 -0.0128849 0.0764909 0.721992 0.16446 0.496808 2.07731 -2.63949 0.478206 2.35812 0.00135919 -0.050541 -0.0800097 -0.0983932 -0.100748 -0.0203803 0.0946456 7.73274 -0.842945 -1.80639 2.79319 -0.0186451 -0.0988799 0.634145 -0.00614183 -1.40934 0.679806 0.0976351 0.1768 1.56474
402.848 0.164174 0.548086 2.15604 -2.55872 0.573455 2.37629 0.134998 0.575278 2.22438 -2.52772 0.621984 2.40582 -0.0291758 0.0271927 0.0683381 0.0310031 0.0485292 0.029536 0.0791251 3.21954 0.168578 0.496805 2.07722 -2.63866 0.478185 2.35796 0.0044045 -0.0512803 -0.0788215 -0.0799412 -0.0952701 -0.0183269 0.0941377 6.85792 -0.843957 -1.80618 2.80541 -0.0180288 -0.0990477 0.634365 -0.0080459 -1.40881 0.692709 0.0917074 0.15987 1.56192
403.49 0.167157 0.543971 2.15555 -2.58146 0.56905 2.37836 0.138912 0.574406 2.22471 -2.56871 0.595869 2.38546 -0.0282445 0.0304346 0.0691632 0.0127494 0.026819 0.00710339 0.0806695 1.65327 0.17328 0.49592 2.07834 -2.63745 0.47722 2.35728 0.00612261 -0.0480513 -0.077215 -0.0559908 -0.0918297 -0.021078 0.0911513 5.96253 -0.846956 -1.80703 2.82147 -0.0166625 -0.0981707 0.634724 -0.0101345 -1.40788 0.710395 0.0896295 0.136008 1.55659
403.8 0.168949 0.537601 2.15659 -2.59269 0.569873 2.38398 0.140833 0.571364 2.22415 -2.61337 0.569644 2.36487 -0.0281157 0.0337636 0.0675569 -0.0206802 -0.000229108 -0.0191097 0.0805879 1.09682 0.175069 0.492684 2.083 -2.63815 0.476202 2.35666 0.00612079 -0.0449171 -0.0735875 -0.0454574 -0.0936705 -0.0273184 0.08643 5.82719 -0.849829 -1.8084 2.83103 -0.0158924 -0.0966106 0.63492 -0.0111142 -1.40723 0.721217 0.0939044 0.122497 1.55217
404.093 0.170191 0.532221 2.15782 -2.59782 0.572527 2.39019 0.140729 0.560938 2.20623 -2.61027 0.654853 2.40034 -0.0294618 0.0287173 0.0484068 -0.0124532 0.0823266 0.0101446 0.0635287 4.85535 0.17697 0.490126 2.08728 -2.63898 0.475308 2.35641 0.00677888 -0.0420952 -0.0705454 -0.041158 -0.0972182 -0.0337819 0.0824294 5.9798 -0.852341 -1.80982 2.8378 -0.0153633 -0.0954393 0.635044 -0.0116643 -1.40678 0.728954 0.0996813 0.114642 1.54857
404.415 0.171253 0.526849 2.15935 -2.59941 0.577073 2.39793 0.142639 0.557084 2.22152 -2.59149 0.614823 2.40188 -0.0286145 0.0302349 0.0621764 0.00792859 0.0377497 0.00395479 0.0748254 2.19553 0.177364 0.487172 2.09159 -2.63969 0.474396 2.35625 0.00611046 -0.0396764 -0.0677543 -0.0402727 -0.102677 -0.0416826 0.078754 6.3319 -0.855082 -1.81156 2.84442 -0.0149111 -0.0944282 0.635166 -0.0121129 -1.40642 0.736462 0.107584 0.10947 1.54504
405.013 0.173059 0.516457 2.16332 -2.58935 0.593567 2.4193 0.14628 0.548345 2.23328 -2.57105 0.57354 2.40281 -0.0267786 0.0318877 0.0699673 0.0182917 -0.0200273 -0.0164852 0.0814208 2.09723 0.175531 0.481466 2.10375 -2.64024 0.472959 2.35624 0.00247169 -0.0349917 -0.0595682 -0.0508923 -0.120608 -0.0630552 0.0691296 7.65258 -0.861985 -1.81667 2.85954 -0.0141003 -0.0933405 0.635547 -0.0129977 -1.40608 0.753268 0.131553 0.108572 1.53882
405.898 0.170604 0.504745 2.16939 -2.55579 0.618238 2.44531 0.146143 0.534047 2.23067 -2.55268 0.616722 2.43913 -0.024461 0.0293019 0.0612814 0.00311113 -0.00151606 -0.00617894 0.0721966 0.487788 0.168884 0.48133 2.11588 -2.64031 0.472684 2.35683 -0.00172054 -0.0234152 -0.0535071 -0.0845219 -0.145554 -0.0884827 0.0584315 9.64924 -0.872123 -1.82611 2.8803 -0.0150484 -0.0932276 0.63651 -0.0144626 -1.40729 0.77613 0.163131 0.128609 1.5377
406.215 0.167921 0.501012 2.17119 -2.54513 0.623292 2.45028 0.142497 0.526412 2.21909 -2.53811 0.668516 2.45203 -0.0254241 0.0254008 0.0479027 0.0070117 0.0452231 0.00174939 0.0598853 2.61464 0.165516 0.483182 2.11905 -2.64123 0.473106 2.35703 -0.00240515 -0.0178293 -0.052138 -0.0961008 -0.150186 -0.093256 0.0551547 10.1041 -0.875111 -1.82928 2.88631 -0.016184 -0.0929607 0.636867 -0.0151033 -1.40813 0.782804 0.169191 0.137424 1.53865
406.524 0.16495 0.496997 2.1729 -2.53411 0.626462 2.45381 0.138179 0.519761 2.21143 -2.55017 0.692324 2.47222 -0.0267707 0.0227637 0.0385299 -0.0160639 0.0658619 0.0184073 0.052148 4.16998 0.16197 0.484259 2.1222 -2.64246 0.473567 2.35737 -0.00298021 -0.0127378 -0.050699 -0.108353 -0.152895 -0.0964399 0.0523596 10.4768 -0.878061 -1.83251 2.89227 -0.0174743 -0.0924424 0.637237 -0.0158955 -1.40927 0.789411 0.173165 0.147664 1.53982
406.886 0.161831 0.492136 2.17489 -2.51773 0.627502 2.45665 0.13477 0.515882 2.21966 -2.50596 0.686488 2.46769 -0.0270615 0.0237456 0.0447624 0.0117671 0.0589857 0.0110438 0.0574443 3.42863 0.156567 0.483614 2.12599 -2.64378 0.473984 2.35788 -0.0052641 -0.00852188 -0.0489053 -0.126053 -0.153518 -0.0987671 0.0499206 10.8876 -0.881922 -1.83677 2.90025 -0.0188925 -0.0916939 0.637747 -0.0172392 -1.41139 0.798134 0.175254 0.163949 1.54147
407.231 0.161197 0.48949 2.17611 -2.50445 0.625657 2.45748 0.134479 0.51471 2.23134 -2.48773 0.654674 2.47132 -0.0267176 0.0252196 0.0552283 0.0167245 0.0290167 0.0138386 0.0663326 1.84483 0.153586 0.484976 2.12863 -2.64381 0.47383 2.35824 -0.00761079 -0.00451431 -0.0474804 -0.139363 -0.151827 -0.0992449 0.048298 11.1379 -0.884752 -1.83984 2.90625 -0.0192759 -0.0913232 0.638158 -0.0184682 -1.41347 0.804589 0.174282 0.177692 1.5425
407.53 0.161094 0.487758 2.17662 -2.49051 0.621579 2.45717 0.136687 0.524141 2.28498 -2.51219 0.617673 2.42946 -0.0244069 0.0363828 0.108353 -0.0216858 -0.00390602 -0.0277059 0.116875 1.35017 0.152171 0.48615 2.13133 -2.64342 0.473702 2.35872 -0.00892341 -0.00160832 -0.0452916 -0.152912 -0.147877 -0.0984435 0.0461903 11.3406 -0.887509 -1.84277 2.91222 -0.0195629 -0.0911796 0.638608 -0.019861 -1.41595 0.810956 0.170885 0.191974 1.5431
408.071 0.159349 0.485738 2.17708 -2.46581 0.604713 2.45073 0.131079 0.507072 2.22351 -2.46399 0.682299 2.46283 -0.0282704 0.0213341 0.046438 0.00182388 0.0775861 0.0121008 0.0584025 4.49065 0.149052 0.484809 2.13406 -2.64374 0.473383 2.36004 -0.0102972 -0.000928486 -0.043017 -0.177924 -0.13133 -0.0906863 0.044242 11.5275 -0.893657 -1.84894 2.92571 -0.0214668 -0.0909101 0.639688 -0.0235219 -1.42318 0.82538 0.153038 0.222659 1.5422
408.451 0.158829 0.485107 2.17676 -2.46006 0.59403 2.44477 0.132004 0.509884 2.24006 -2.45613 0.601184 2.45347 -0.0268251 0.024777 0.0632956 0.00393645 0.00715396 0.00870638 0.0730741 0.584168 0.14873 0.484829 2.13411 -2.64419 0.473248 2.36058 -0.0100988 -0.000278478 -0.0426548 -0.184129 -0.120782 -0.0841833 0.0438349 11.4212 -0.896207 -1.85124 2.93101 -0.0224503 -0.0906717 0.640105 -0.0251021 -1.4268 0.83125 0.140851 0.23301 1.54088
409.321 0.162636 0.483333 2.17358 -2.46142 0.546348 2.411 0.134582 0.518878 2.28376 -2.49936 0.595727 2.40783 -0.0280541 0.0355456 0.110179 -0.0379344 0.0493784 -0.00316955 0.119122 3.5119 0.145296 0.476369 2.12615 -2.64501 0.47256 2.36193 -0.0173398 -0.00696362 -0.047431 -0.183592 -0.073788 -0.0490709 0.050979 10.3684 -0.904674 -1.857 2.94509 -0.0246106 -0.0897874 0.641112 -0.0291703 -1.44039 0.848542 0.0837485 0.252896 1.53537
409.664 0.165825 0.483504 2.17207 -2.46543 0.530813 2.39856 0.134432 0.50702 2.23179 -2.46395 0.611203 2.42892 -0.0313929 0.0235158 0.0597226 0.00148225 0.0803907 0.0303508 0.0714514 4.90768 0.144266 0.470573 2.12355 -2.6445 0.472326 2.3625 -0.0215594 -0.0129312 -0.0485146 -0.179073 -0.0584872 -0.036066 0.0546415 10.0169 -0.907256 -1.85812 2.94811 -0.0247719 -0.0898995 0.64131 -0.02981 -1.44472 0.852893 0.0644404 0.25542 1.53421
410.278 0.176242 0.484379 2.16836 -2.47921 0.500448 2.37196 0.146284 0.520104 2.28034 -2.50999 0.543995 2.37113 -0.0299585 0.0357255 0.111979 -0.0307801 0.0435475 -0.000838939 0.121298 3.04182 0.146227 0.459866 2.11713 -2.64308 0.471779 2.36308 -0.0300157 -0.0245127 -0.0512289 -0.163868 -0.0286686 -0.00888589 0.0642356 9.30789 -0.913438 -1.85985 2.9528 -0.0243406 -0.090804 0.641596 -0.0301114 -1.45436 0.861085 0.0256339 0.253892 1.53368
410.606 0.180674 0.483804 2.16719 -2.4872 0.492066 2.36323 0.149761 0.50823 2.22851 -2.47359 0.562045 2.39316 -0.0309134 0.0244265 0.0613222 0.0136138 0.0699792 0.0299286 0.0728883 4.27526 0.149044 0.456235 2.11605 -2.64264 0.471728 2.36317 -0.0316307 -0.0275683 -0.0511463 -0.155434 -0.0203378 -6.7471e-05 0.0661548 8.97969 -0.916163 -1.86031 2.95387 -0.0242772 -0.0910194 0.641619 -0.0297614 -1.45797 0.863704 0.0143971 0.249851 1.53457
411.215 0.190118 0.479953 2.16561 -2.50999 0.482941 2.34938 0.161585 0.516297 2.27227 -2.51328 0.485629 2.33498 -0.0285327 0.0363441 0.10666 -0.0032917 0.00268844 -0.014405 0.116238 0.771771 0.153216 0.448356 2.11809 -2.64167 0.472266 2.36308 -0.0369019 -0.0315975 -0.0475223 -0.131677 -0.0106745 0.0136938 0.0679597 7.95929 -0.922675 -1.86097 2.95426 -0.0243869 -0.091374 0.641412 -0.0276256 -1.46428 0.868075 0.000436285 0.233386 1.5386
411.507 0.19459 0.477447 2.16533 -2.51884 0.481964 2.34549 0.16649 0.510271 2.25879 -2.48149 0.462727 2.3189 -0.0280999 0.0328239 0.0934612 0.0373482 -0.0192367 -0.0265831 0.102966 3.32849 0.155017 0.445236 2.1189 -2.64135 0.472331 2.36269 -0.0395733 -0.0322119 -0.0464309 -0.122505 -0.00963259 0.0172041 0.068989 7.54296 -0.925511 -1.86113 2.9537 -0.0240772 -0.0916558 0.641241 -0.0260573 -1.46593 0.869453 -0.001889 0.225928 1.54074
411.788 0.198799 0.474122 2.16538 -2.52543 0.481736 2.34228 0.168596 0.499768 2.22105 -2.5126 0.474092 2.33704 -0.0302033 0.0256457 0.0556652 0.012833 -0.0076436 -0.00524598 0.0683269 1.01298 0.157399 0.442219 2.1204 -2.64123 0.472321 2.36223 -0.0414 -0.0319027 -0.0449839 -0.115797 -0.00941458 0.0199456 0.0689586 7.25101 -0.928351 -1.86124 2.95281 -0.0237759 -0.0919086 0.641042 -0.0240545 -1.46694 0.870679 -0.00323757 0.220435 1.54281
412.133 0.203544 0.468542 2.16599 -2.52881 0.481705 2.3386 0.173238 0.496964 2.23022 -2.54054 0.491918 2.35316 -0.0303059 0.0284222 0.0642314 -0.0117255 0.010213 0.0145611 0.076498 1.41913 0.159611 0.439123 2.12425 -2.64101 0.472429 2.36159 -0.0439327 -0.029419 -0.0417388 -0.112198 -0.0092767 0.0229854 0.0673624 7.14949 -0.932097 -1.86138 2.95125 -0.023541 -0.0922126 0.640785 -0.0207021 -1.4673 0.87219 -0.00464769 0.2184 1.54527
412.429 0.206162 0.463547 2.16691 -2.52633 0.48197 2.33625 0.177317 0.488943 2.22044 -2.51321 0.525965 2.34762 -0.0288452 0.0253952 0.0535308 0.013123 0.0439948 0.0113764 0.0658977 2.62122 0.159435 0.436839 2.12899 -2.64107 0.472532 2.36099 -0.0467266 -0.0267086 -0.0379164 -0.114734 -0.00943758 0.0247447 0.065836 7.35375 -0.934833 -1.86149 2.95 -0.0236102 -0.09238 0.640638 -0.017739 -1.46687 0.873347 -0.00539729 0.221929 1.54697
412.743 0.207918 0.458439 2.16813 -2.51926 0.482742 2.33428 0.1793 0.485181 2.22097 -2.51617 0.523888 2.34608 -0.0286183 0.0267413 0.0528331 0.00309433 0.0411459 0.0117983 0.0657681 2.43526 0.158046 0.434481 2.13219 -2.64116 0.472861 2.36066 -0.0498727 -0.0239582 -0.0359388 -0.121899 -0.00988143 0.0263769 0.0659763 7.81595 -0.937469 -1.86159 2.94885 -0.023912 -0.0926773 0.640565 -0.0144594 -1.46587 0.874629 -0.00580045 0.230234 1.54868
413.072 0.209471 0.452209 2.17009 -2.50165 0.484767 2.3319 0.181215 0.477364 2.2207 -2.51721 0.519703 2.3449 -0.0282559 0.0251547 0.0506069 -0.0155597 0.0349361 0.0129939 0.063184 2.44841 0.155291 0.430857 2.13687 -2.64106 0.473651 2.3605 -0.05418 -0.0213517 -0.0332247 -0.139412 -0.0111157 0.0285939 0.0670466 8.88577 -0.940782 -1.8617 2.94762 -0.0244462 -0.0936633 0.64063 -0.00970436 -1.46372 0.876635 -0.00585708 0.248524 1.55125
413.321 0.210387 0.447865 2.17171 -2.48361 0.486652 2.33015 0.185366 0.480939 2.26003 -2.52072 0.473915 2.30731 -0.0250207 0.0330741 0.0883179 -0.0371132 -0.0127372 -0.0228356 0.0975704 2.04813 0.152557 0.430111 2.14115 -2.64103 0.47418 2.36057 -0.0578297 -0.0177538 -0.0305603 -0.157419 -0.0124724 0.0304187 0.0677747 9.9711 -0.943092 -1.86176 2.94696 -0.0247788 -0.0946492 0.640814 -0.00593288 -1.46155 0.878389 -0.00571108 0.267058 1.55349
413.605 0.21067 0.443797 2.17339 -2.46305 0.488546 2.32807 0.185545 0.476432 2.26212 -2.49259 0.502008 2.32399 -0.0251252 0.0326352 0.0887298 -0.0295363 0.013462 -0.00407985 0.0978229 1.77123 0.149801 0.430767 2.14516 -2.6408 0.475188 2.36124 -0.0608695 -0.0130297 -0.0282287 -0.17775 -0.0133577 0.033166 0.06835 11.2181 -0.945248 -1.86178 2.94648 -0.0252715 -0.0958352 0.64112 -0.00203032 -1.45893 0.880379 -0.00594233 0.288331 1.55599
413.909 0.210053 0.437969 2.17569 -2.43439 0.489732 2.32375 0.184266 0.468358 2.24711 -2.46544 0.484402 2.30854 -0.0257872 0.0303881 0.0714131 -0.0310574 -0.00533033 -0.0152123 0.0817817 1.6023 0.145562 0.432761 2.15288 -2.64077 0.476904 2.3625 -0.0644912 -0.00520845 -0.0228109 -0.20638 -0.012828 0.0387484 0.0686045 13.026 -0.947891 -1.86175 2.94606 -0.0262122 -0.0973759 0.64168 0.00335254 -1.45484 0.883499 -0.00825433 0.31879 1.55953
414.195 0.208672 0.432879 2.17744 -2.41437 0.489375 2.31925 0.184491 0.463986 2.24974 -2.44032 0.510803 2.32474 -0.0241807 0.0311067 0.072296 -0.0259456 0.0214287 0.00548573 0.0823349 2.06507 0.140802 0.433488 2.15773 -2.6414 0.478082 2.36339 -0.0678697 0.000608603 -0.0197145 -0.227023 -0.0112926 0.044132 0.0706776 14.3728 -0.949716 -1.86166 2.94595 -0.0272308 -0.0982644 0.642176 0.00745278 -1.45136 0.886256 -0.0116609 0.341213 1.56215
414.52 0.207373 0.427538 2.17904 -2.39685 0.488131 2.31411 0.186242 0.464075 2.28377 -2.44111 0.467848 2.2866 -0.0211305 0.0365369 0.104729 -0.0442542 -0.0202831 -0.0275096 0.112914 2.56643 0.136624 0.43314 2.16048 -2.64166 0.478944 2.36431 -0.0707488 0.00560204 -0.0185643 -0.244809 -0.00918728 0.0501982 0.0733581 15.5811 -0.951424 -1.86147 2.94604 -0.028128 -0.0990363 0.642709 0.0115134 -1.44756 0.889354 -0.0160793 0.361602 1.5646
414.821 0.206631 0.422453 2.18037 -2.38189 0.486053 2.30848 0.179403 0.447408 2.23568 -2.39555 0.520848 2.32435 -0.0272279 0.0249554 0.0553102 -0.0136548 0.0347958 0.0158731 0.0665083 2.4699 0.132544 0.431726 2.16401 -2.64187 0.479631 2.36516 -0.0740861 0.00927286 -0.0163531 -0.259976 -0.00642212 0.0566858 0.0764341 16.6565 -0.953024 -1.86116 2.9463 -0.0286827 -0.0999341 0.643235 0.0154746 -1.44352 0.892742 -0.0214016 0.379117 1.56668
415.113 0.205949 0.416414 2.18166 -2.36662 0.482032 2.30049 0.178161 0.438552 2.22052 -2.349 0.533175 2.32648 -0.0277872 0.0221377 0.0388519 0.017625 0.0511436 0.0259981 0.0526467 3.21905 0.129447 0.431662 2.16714 -2.64168 0.480786 2.36636 -0.0765019 0.0152476 -0.0145228 -0.275058 -0.00124569 0.0658732 0.079347 17.8222 -0.95501 -1.86054 2.94692 -0.0291808 -0.101396 0.643867 0.0205357 -1.43793 0.897629 -0.0299942 0.397514 1.5686
415.412 0.20535 0.412428 2.18234 -2.35882 0.477968 2.29418 0.180866 0.442783 2.26674 -2.39684 0.480803 2.28651 -0.0244834 0.0303552 0.0844059 -0.0380129 0.00283531 -0.00767227 0.0929797 2.01984 0.128363 0.432618 2.16798 -2.64156 0.481954 2.36735 -0.0769873 0.0201902 -0.0143572 -0.282739 0.00398599 0.0731746 0.0808753 18.512 -0.95641 -1.85992 2.94756 -0.0295616 -0.102597 0.644246 0.0241473 -1.43371 0.901514 -0.0377883 0.407843 1.56927
415.69 0.204815 0.407979 2.18286 -2.35405 0.472363 2.28716 0.177454 0.43208 2.23698 -2.33806 0.451006 2.28348 -0.0273608 0.0241007 0.054116 0.0159915 -0.0213571 -0.00368151 0.0652533 1.5979 0.126592 0.432638 2.17012 -2.6419 0.482937 2.36825 -0.0782224 0.0246588 -0.0127435 -0.287844 0.0105739 0.0810931 0.0830012 19.0861 -0.957762 -1.85916 2.94829 -0.0299138 -0.103496 0.644516 0.0276163 -1.42959 0.905539 -0.0471231 0.415569 1.56922
415.956 0.204819 0.401471 2.18326 -2.35219 0.462156 2.27647 0.179433 0.429499 2.24906 -2.3514 0.495554 2.28853 -0.0253863 0.0280275 0.0658053 0.000790336 0.0333973 0.0120636 0.075897 2.02796 0.124789 0.431976 2.17182 -2.64246 0.483613 2.36905 -0.08003 0.0305048 -0.011438 -0.290266 0.0214569 0.0925789 0.086407 19.6578 -0.959528 -1.85795 2.94927 -0.0301314 -0.10421 0.644698 0.0320886 -1.42438 0.911062 -0.0626655 0.422071 1.56807
416.351 0.205635 0.397304 2.18303 -2.35307 0.45218 2.26687 0.177444 0.42034 2.23688 -2.34253 0.446196 2.28094 -0.0281904 0.0230359 0.0538508 0.0105379 -0.00598363 0.0140742 0.065002 0.842094 0.123921 0.431605 2.17257 -2.64213 0.484158 2.36959 -0.0817138 0.034301 -0.0104601 -0.289062 0.0319778 0.10272 0.0892363 20.0013 -0.960844 -1.8569 2.95001 -0.0299781 -0.105124 0.644735 0.0353679 -1.42077 0.915312 -0.0766417 0.424554 1.56651
416.952 0.208909 0.390549 2.18166 -2.35921 0.427393 2.24408 0.181835 0.416981 2.25548 -2.3303 0.410399 2.24766 -0.0270748 0.0264319 0.0738258 0.0289084 -0.0169944 0.00358094 0.0829575 1.85941 0.123748 0.424005 2.16703 -2.64068 0.486462 2.37124 -0.0851617 0.0334552 -0.0146323 -0.281476 0.0590692 0.127161 0.09266 20.687 -0.963998 -1.85414 2.95191 -0.0294827 -0.107891 0.644541 0.0427174 -1.41377 0.925351 -0.112319 0.425761 1.56192
417.169 0.210056 0.388292 2.18097 -2.36283 0.417302 2.23482 0.18576 0.415162 2.26707 -2.36568 0.425432 2.23596 -0.0242962 0.026871 0.0860969 -0.00284016 0.00813016 0.00114379 0.0934079 0.506677 0.125802 0.420085 2.16454 -2.64033 0.487451 2.37169 -0.0842542 0.0317936 -0.0164323 -0.277497 0.0701496 0.136868 0.0915403 20.9526 -0.965458 -1.85293 2.95266 -0.0296337 -0.109145 0.644372 0.0457298 -1.41148 0.92944 -0.127129 0.425151 1.56002
417.551 0.211263 0.387091 2.18025 -2.36639 0.408773 2.22677 0.18359 0.409402 2.241 -2.33794 0.419643 2.22489 -0.0276726 0.0223118 0.0607543 0.0284544 0.0108699 -0.00187457 0.0703895 1.78838 0.128336 0.415637 2.16112 -2.63987 0.488311 2.37205 -0.0829264 0.0285459 -0.0191222 -0.273482 0.0795381 0.145283 0.0897625 21.1713 -0.967041 -1.85175 2.95322 -0.0299211 -0.110706 0.644189 0.048645 -1.40963 0.933208 -0.140544 0.423978 1.5584
417.862 0.212845 0.385763 2.17951 -2.37026 0.401081 2.2195 0.185014 0.408471 2.24656 -2.3468 0.376133 2.23114 -0.0278314 0.022708 0.0670467 0.023459 -0.024948 0.011634 0.0760625 1.90125 0.131701 0.41366 2.16035 -2.63912 0.489109 2.37234 -0.0811437 0.027897 -0.0191659 -0.268862 0.0880275 0.152838 0.0879197 21.3317 -0.968796 -1.85063 2.95352 -0.0302107 -0.112226 0.643989 0.051461 -1.40822 0.936588 -0.152122 0.422225 1.55709
418.142 0.215775 0.383742 2.17876 -2.37528 0.39352 2.21246 0.18749 0.405462 2.24085 -2.33742 0.416734 2.22453 -0.0282847 0.0217192 0.0620949 0.0378509 0.0232145 0.0120703 0.0716067 2.40176 0.137035 0.412006 2.1607 -2.63778 0.489803 2.37261 -0.0787403 0.0282641 -0.0180524 -0.262508 0.0962834 0.160148 0.0855849 21.4065 -0.971484 -1.8493 2.95357 -0.030476 -0.113991 0.643711 0.0550235 -1.40703 0.940531 -0.163869 0.419001 1.55585
418.454 0.218204 0.381474 2.17843 -2.37922 0.389601 2.20913 0.191408 0.407507 2.25215 -2.37315 0.431387 2.21223 -0.0267962 0.0260329 0.0737206 0.0060678 0.041786 0.00310175 0.0826467 2.41557 0.139233 0.410103 2.15929 -2.6368 0.490033 2.37272 -0.0789709 0.0286288 -0.0191375 -0.257586 0.100432 0.163597 0.0861526 21.3538 -0.973808 -1.84847 2.95343 -0.030756 -0.114932 0.643488 0.0575389 -1.40662 0.943169 -0.169849 0.415926 1.55515
418.8 0.221178 0.378063 2.17828 -2.38338 0.386209 2.20694 0.193268 0.403353 2.25093 -2.3717 0.42949 2.21264 -0.0279104 0.02529 0.072653 0.0116798 0.0432807 0.00569504 0.0818354 2.55543 0.140798 0.407616 2.15905 -2.63622 0.490254 2.37288 -0.0803797 0.0295529 -0.0192273 -0.252833 0.104045 0.165939 0.0877722 21.2617 -0.976423 -1.84779 2.95309 -0.0309341 -0.115384 0.64325 0.0599644 -1.40661 0.945596 -0.17433 0.412351 1.55437
419.391 0.230556 0.366828 2.17793 -2.39292 0.37478 2.20183 0.202914 0.397006 2.27073 -2.42009 0.396268 2.20617 -0.0276413 0.0301779 0.0927941 -0.0271759 0.0214878 0.00433296 0.101417 2.07188 0.145475 0.40376 2.15938 -2.63546 0.491486 2.37377 -0.0850801 0.0369314 -0.0185543 -0.242538 0.116706 0.171933 0.0945876 21.1925 -0.983656 -1.84691 2.95115 -0.0308717 -0.11536 0.642679 0.0657446 -1.40811 0.950848 -0.18714 0.404007 1.55064
419.75 0.235603 0.360954 2.17759 -2.39716 0.367052 2.19868 0.209079 0.394453 2.28442 -2.39779 0.359284 2.17514 -0.0265237 0.0334985 0.106834 -0.000630847 -0.00776776 -0.0235391 0.115061 1.40834 0.147087 0.400644 2.15978 -2.635 0.491839 2.37377 -0.088516 0.0396892 -0.0178103 -0.237839 0.124787 0.175087 0.0986281 21.2274 -0.987208 -1.84687 2.94979 -0.0306272 -0.115115 0.642462 0.0683758 -1.40933 0.953077 -0.195449 0.400354 1.54795
420.058 0.243255 0.352123 2.177 -2.40206 0.354601 2.19415 0.21481 0.386838 2.28092 -2.45942 0.405923 2.19311 -0.0284458 0.0347152 0.103915 -0.0573535 0.0513214 -0.00103378 0.113193 4.39338 0.149651 0.393814 2.16085 -2.63475 0.491225 2.3731 -0.0936046 0.0416911 -0.0161536 -0.232681 0.136623 0.17895 0.103735 21.3445 -0.992298 -1.84714 2.94769 -0.0300469 -0.114526 0.642209 0.0719677 -1.41145 0.956152 -0.208505 0.395966 1.54321
420.362 0.249683 0.344891 2.17652 -2.40486 0.344423 2.19117 0.220853 0.377345 2.27172 -2.42028 0.381362 2.20317 -0.02883 0.0324538 0.0952054 -0.015425 0.0369398 0.0120065 0.104635 2.48302 0.152928 0.38814 2.1618 -2.63473 0.48992 2.37206 -0.0967549 0.0432485 -0.0147205 -0.229877 0.145498 0.180899 0.106998 21.4529 -0.996325 -1.84762 2.94604 -0.029371 -0.113907 0.64205 0.0746436 -1.41338 0.958534 -0.218735 0.393081 1.53885
420.677 0.256458 0.33743 2.17602 -2.4075 0.334446 2.18923 0.228787 0.369412 2.27173 -2.41928 0.375356 2.20241 -0.0276706 0.0319821 0.0957087 -0.0117769 0.0409101 0.0131764 0.104636 2.62167 0.157022 0.382585 2.16213 -2.63463 0.488157 2.3709 -0.0994356 0.0451549 -0.0138871 -0.227133 0.153711 0.181668 0.110087 21.5115 -1.00047 -1.84836 2.9444 -0.0285369 -0.113218 0.64193 0.0772129 -1.41551 0.960938 -0.228178 0.38973 1.5341
420.931 0.262702 0.329866 2.17567 -2.41091 0.325991 2.18919 0.235349 0.356998 2.24967 -2.39377 0.318114 2.19746 -0.0273533 0.027132 0.0740014 0.0171364 -0.00787638 0.00826152 0.08343 1.04755 0.16145 0.376904 2.16332 -2.63475 0.48651 2.36975 -0.101252 0.0470383 -0.0123515 -0.223845 0.16052 0.180561 0.112326 21.4504 -1.00467 -1.84937 2.94288 -0.0278659 -0.112437 0.641818 0.0795421 -1.41773 0.963282 -0.235293 0.385111 1.52942
421.52 0.274129 0.311667 2.17585 -2.42165 0.315107 2.19711 0.24458 0.338142 2.23543 -2.40112 0.317138 2.17317 -0.0295495 0.0264755 0.0595806 0.0205279 0.00203085 -0.0239326 0.0715819 2.06886 0.164712 0.362194 2.16752 -2.63624 0.482 2.3667 -0.109418 0.0505269 -0.00833252 -0.214592 0.166893 0.169598 0.120808 20.7122 -1.01432 -1.85286 2.94046 -0.0270513 -0.109834 0.641496 0.0835199 -1.42303 0.968505 -0.239457 0.370251 1.52011
421.912 0.278126 0.303562 2.17632 -2.42566 0.313667 2.2027 0.253606 0.33151 2.26338 -2.43547 0.313762 2.18173 -0.0245207 0.027948 0.0870555 -0.00980972 9.49483e-05 -0.0209661 0.0946627 1.1586 0.164532 0.35595 2.16876 -2.63755 0.47995 2.36541 -0.113594 0.0523875 -0.00756595 -0.211889 0.166283 0.162711 0.125321 20.2937 -1.01822 -1.8548 2.94009 -0.0267126 -0.108249 0.641323 0.0844907 -1.42536 0.970664 -0.236835 0.364261 1.51682
422.202 0.28279 0.29367 2.17715 -2.42872 0.314359 2.21119 0.25673 0.320239 2.24704 -2.45801 0.348782 2.21279 -0.0260599 0.0265697 0.0698882 -0.0292911 0.0344224 0.00159421 0.0791797 2.61045 0.166022 0.348031 2.17137 -2.63937 0.47668 2.36312 -0.116769 0.0543616 -0.0057829 -0.21065 0.16232 0.151925 0.128932 19.7042 -1.023 -1.85774 2.94033 -0.0261041 -0.106072 0.641092 0.0849814 -1.42851 0.973414 -0.2304 0.358361 1.51296
422.421 0.285477 0.287524 2.17783 -2.42935 0.316163 2.21769 0.258476 0.310991 2.23697 -2.42169 0.325846 2.22189 -0.0270007 0.0234669 0.0591424 0.00766152 0.00968256 0.0041983 0.0691198 0.701092 0.165731 0.346685 2.17197 -2.64039 0.474494 2.36196 -0.119745 0.0591606 -0.00585146 -0.211038 0.158331 0.144265 0.133691 19.319 -1.02616 -1.86017 2.94108 -0.0256492 -0.10459 0.640946 0.0847251 -1.43089 0.97539 -0.224527 0.355597 1.5104
422.763 0.28712 0.281957 2.17859 -2.42901 0.318081 2.22366 0.266289 0.3089 2.27881 -2.43329 0.291107 2.20117 -0.0208308 0.0269436 0.100215 -0.00428161 -0.0269743 -0.0224907 0.105844 1.97972 0.165732 0.344381 2.17121 -2.64116 0.472758 2.3613 -0.121387 0.0624238 -0.00738529 -0.21215 0.154677 0.137641 0.136697 19.0208 -1.02887 -1.86275 2.94228 -0.0253451 -0.102987 0.640828 0.083936 -1.43326 0.977296 -0.218829 0.354259 1.50804
423.074 0.287627 0.276365 2.1796 -2.42722 0.320117 2.23012 0.265205 0.300308 2.25222 -2.44192 0.37207 2.2261 -0.022422 0.0239431 0.0726197 -0.0147001 0.0519528 -0.00402738 0.0796846 3.08083 0.163471 0.342495 2.17231 -2.64116 0.471586 2.36082 -0.124156 0.0661295 -0.00728912 -0.21393 0.151469 0.130696 0.140858 18.7592 -1.03164 -1.86638 2.94457 -0.0251853 -0.101004 0.640748 0.0820652 -1.43637 0.979711 -0.212679 0.354484 1.50515

423.724 0.285512 0.274559 2.18048 -2.4209 0.321167 2.23594 0.262427 0.291509 2.23737 -2.42704 0.316212 2.21891 -0.0230852 0.0169499 0.0568864 -0.00614203 -0.00495528 -0.0170366 0.063689 0.970758 0.157215 0.343649 2.17763 -2.64159 0.471345 2.36029 -0.128297 0.0690903 -0.00285228 -0.22069 0.150178 0.124342 0.145746 18.8073 -1.03379 -1.87202 2.94952 -0.0252036 -0.099415 0.640876 0.0775891 -1.44098 0.983128 -0.208642 0.359185 1.50112
424.318 0.283045 0.271144 2.18098 -2.40988 0.310867 2.24091 0.263118 0.298821 2.28561 -2.42099 0.326563 2.21696 -0.019927 0.0276772 0.104635 -0.0111111 0.015696 -0.0239496 0.110052 1.59667 0.15559 0.341238 2.1882 -2.64046 0.463834 2.36038 -0.127454 0.0700938 0.00722215 -0.230575 0.152967 0.119472 0.145636 19.1305 -1.03306 -1.87864 2.95814 -0.0275803 -0.0938226 0.648206 0.0703763 -1.44648 0.987757 -0.215017 0.371699 1.4962
424.593 0.289723 0.266945 2.18011 -2.40451 0.297397 2.24987 0.258846 0.285895 2.23182 -2.37519 0.332295 2.24548 -0.0308768 0.0189499 0.051706 0.0293177 0.0348982 -0.00439422 0.0631347 2.67298 0.163682 0.33426 2.19218 -2.63602 0.452537 2.35969 -0.126041 0.0673151 0.0120668 -0.231509 0.15514 0.109823 0.143399 18.8458 -1.03159 -1.88128 2.96293 -0.0295058 -0.0884536 0.660549 0.0669323 -1.44873 0.990432 -0.222479 0.376001 1.49267
424.9 0.301126 0.265362 2.17815 -2.39932 0.279109 2.26512 0.269692 0.284201 2.25702 -2.40412 0.335391 2.25689 -0.0314343 0.0188393 0.0788727 -0.00479247 0.0562825 -0.00822207 0.0869709 3.25859 0.174429 0.326763 2.19362 -2.63055 0.441408 2.35506 -0.126698 0.0614016 0.0154743 -0.231221 0.162299 0.0899467 0.14164 18.3353 -1.02933 -1.88359 2.96802 -0.0319286 -0.0831096 0.678457 0.0634449 -1.45076 0.993215 -0.23268 0.377031 1.48683
425.187 0.324829 0.270439 2.17332 -2.39264 0.249799 2.29412 0.285278 0.287018 2.26349 -2.41219 0.285892 2.26268 -0.0395508 0.0165792 0.0901712 -0.0195541 0.0360925 -0.0314437 0.0998498 2.77643 0.196902 0.322601 2.1937 -2.62466 0.432676 2.35367 -0.127927 0.0521622 0.0203781 -0.232025 0.182877 0.0595487 0.139648 18.1105 -1.02497 -1.88591 2.97498 -0.0342854 -0.0775421 0.709302 0.0588261 -1.45291 0.99671 -0.248136 0.372131 1.47646
425.52 0.345521 0.277467 2.1686 -2.39016 0.226022 2.32015 0.307532 0.293389 2.27452 -2.39695 0.269673 2.28638 -0.0379885 0.0159225 0.105918 -0.0067903 0.0436507 -0.0337744 0.113645 3.1275 0.216889 0.321792 2.19446 -2.62127 0.427966 2.36035 -0.128632 0.0443255 0.0258623 -0.231107 0.201944 0.0402011 0.138491 18.2622 -1.02062 -1.88697 2.98014 -0.0364025 -0.0735373 0.736715 0.0554995 -1.45395 0.998924 -0.259602 0.364244 1.46913
425.831 0.367485 0.287243 2.16309 -2.39083 0.202696 2.34738 0.330794 0.299959 2.25684 -2.41983 0.256631 2.3243 -0.0366911 0.0127159 0.0937524 -0.0289953 0.053935 -0.0230802 0.101476 3.61335 0.235942 0.32105 2.19507 -2.62024 0.428454 2.35625 -0.131543 0.0338063 0.0319754 -0.229409 0.225758 0.00886951 0.139531 18.5407 -1.01533 -1.88734 2.98516 -0.0389109 -0.0697503 0.767057 0.0524052 -1.4543 1.00073 -0.270024 0.353248 1.46484
426.137 0.396501 0.305084 2.15474 -2.39761 0.174942 2.38228 0.353725 0.309343 2.23947 -2.41926 0.280072 2.38078 -0.042776 0.00425857 0.0847322 -0.0216518 0.105131 -0.00150294 0.095013 6.14657 0.260828 0.323169 2.19494 -2.61822 0.42908 2.35914 -0.135673 0.0180847 0.040196 -0.22061 0.254138 -0.0231456 0.142654 19.0441 -1.00684 -1.88665 2.99149 -0.0432655 -0.065425 0.81108 0.0488119 -1.45329 1.00247 -0.281672 0.334519 1.46726
426.441 0.417696 0.321815 2.14769 -2.40755 0.157282 2.40496 0.380643 0.327434 2.24262 -2.42452 0.229159 2.3845 -0.0370524 0.00561848 0.094924 -0.0169657 0.0718772 -0.0204597 0.102054 4.34055 0.277932 0.328674 2.19602 -2.61499 0.428318 2.36805 -0.139764 0.00685903 0.0483315 -0.207436 0.271036 -0.0369133 0.148044 19.2724 -0.999474 -1.88514 2.99577 -0.0468094 -0.0629696 0.845836 0.0466474 -1.45104 1.00332 -0.289014 0.317449 1.47662
426.741 0.436908 0.339055 2.14052 -2.42175 0.14232 2.42426 0.40192 0.34337 2.22521 -2.38673 0.143877 2.41376 -0.0349877 0.00431568 0.0846918 0.0350156 0.00155686 -0.0105008 0.0917359 2.17691 0.290241 0.334446 2.19945 -2.61717 0.433663 2.3675 -0.146667 -0.00460911 0.0589275 -0.195416 0.291342 -0.0567534 0.15813 19.82 -0.991358 -1.88273 2.99961 -0.0510332 -0.0602943 0.88162 0.0449779 -1.4472 1.00384 -0.295277 0.298785 1.49237
427.088 0.455046 0.35702 2.13314 -2.43784 0.130067 2.44023 0.417878 0.358687 2.17686 -2.37097 0.128468 2.43518 -0.0371683 0.00166636 0.0437199 0.06687 -0.00159898 -0.00505149 0.0574081 3.8804 0.302913 0.341911 2.20161 -2.61943 0.439187 2.3686 -0.152133 -0.0151095 0.0684759 -0.181585 0.30912 -0.0716267 0.167517 20.3387 -0.982606 -1.87934 3.00311 -0.0551977 -0.0577891 0.917935 0.0437846 -1.44154 1.00418 -0.300399 0.279881 1.51345
427.413 0.475324 0.380804 2.12376 -2.45941 0.117224 2.45804 0.441962 0.383154 2.19715 -2.39256 0.117614 2.46743 -0.0333622 0.00235068 0.0733895 0.066855 0.000389596 0.0093912 0.080651 3.80519 0.31456 0.351085 2.20467 -2.62356 0.447166 2.37133 -0.160765 -0.0297183 0.0809142 -0.164142 0.329942 -0.0867105 0.182416 21.0543 -0.970162 -1.87322 3.00744 -0.0616069 -0.0542919 0.966788 0.0429074 -1.43078 1.0046 -0.306272 0.257145 1.54682
427.664 0.487703 0.398128 2.1173 -2.47288 0.109436 2.46994 0.457292 0.401827 2.17856 -2.48613 0.111958 2.45547 -0.0304113 0.00369873 0.0612647 -0.0132519 0.00252286 -0.014467 0.0684974 1.07009 0.318168 0.355808 2.20699 -2.62848 0.454759 2.3718 -0.169535 -0.0423206 0.0896916 -0.155601 0.345324 -0.0981358 0.196412 21.7567 -0.960433 -1.86731 3.01055 -0.0669017 -0.0516069 1.00348 0.0427215 -1.42006 1.00501 -0.310328 0.243871 1.5733
428.004 0.499118 0.41538 2.11108 -2.48143 0.102404 2.48073 0.476042 0.424919 2.19455 -2.51765 0.127752 2.47326 -0.0230759 0.00953848 0.0834718 -0.0362175 0.0253474 -0.00747104 0.0871265 2.52863 0.324886 0.363384 2.20574 -2.63146 0.460793 2.37527 -0.174233 -0.0519966 0.0946634 -0.150026 0.358389 -0.105463 0.204992 22.4005 -0.950542 -1.86018 3.01355 -0.0717411 -0.0494097 1.03978 0.0428712 -1.40688 1.00556 -0.314471 0.235171 1.5991
428.31 0.511892 0.435183 2.104 -2.48457 0.0926812 2.49442 0.487207 0.443209 2.17626 -2.45283 0.0838656 2.49457 -0.0246852 0.00802628 0.0722612 0.031742 -0.00881566 0.0001511 0.0767819 1.88679 0.326637 0.370187 2.20874 -2.63555 0.466206 2.38311 -0.185256 -0.0649958 0.10474 -0.150986 0.373525 -0.111309 0.222519 23.2702 -0.937381 -1.84867 3.0173 -0.0779986 -0.0460705 1.08731 0.0434781 -1.38519 1.00652 -0.320921 0.231778 1.63027
428.572 0.521162 0.449656 2.09895 -2.47887 0.0849873 2.50497 0.500635 0.462239 2.18501 -2.51583 0.05095 2.48517 -0.0205276 0.0125829 0.0860587 -0.0369631 -0.0340374 -0.0198053 0.0893634 3.04118 0.3226 0.371721 2.21071 -2.64503 0.475381 2.375 -0.198563 -0.0779345 0.111759 -0.16616 0.390394 -0.129979 0.240813 24.5964 -0.927727 -1.83844 3.01995 -0.08199 -0.0441424 1.12208 0.0440879 -1.36566 1.00742 -0.326395 0.23589 1.65037
428.871 0.528562 0.461695 2.0951 -2.46751 0.0782329 2.51584 0.512158 0.481394 2.18537 -2.49867 0.0500736 2.4854 -0.0164047 0.0196994 0.0902676 -0.0311579 -0.0281593 -0.0304329 0.0938372 2.90353 0.325331 0.377382 2.21114 -2.64887 0.478014 2.38109 -0.203231 -0.0843129 0.116042 -0.18136 0.399781 -0.13475 0.248751 25.4072 -0.918413 -1.8268 3.02254 -0.0860579 -0.0419974 1.15609 0.0446094 -1.34322 1.00845 -0.3313 0.245585 1.66779
429.16 0.53793 0.476337 2.09093 -2.4433 0.0723201 2.5306 0.509389 0.482066 2.12997 -2.39339 0.0905422 2.55278 -0.0285408 0.00572899 0.0390391 0.0499099 0.0182221 0.0221791 0.0486976 3.20784 0.32366 0.378421 2.21244 -2.6538 0.481486 2.38688 -0.21427 -0.0979164 0.12151 -0.2105 0.409166 -0.143722 0.265073 26.5513 -0.906743 -1.80897 3.02592 -0.0905197 -0.0400116 1.20002 0.0447874 -1.30862 1.00996 -0.335326 0.266344 1.68812
429.431 0.543912 0.485224 2.08895 -2.42025 0.0714333 2.54246 0.52918 0.506144 2.17694 -2.47769 0.0208096 2.52101 -0.0147313 0.0209193 0.087993 -0.0574461 -0.0506237 -0.0214542 0.0916373 4.51458 0.320907 0.380917 2.214 -2.66358 0.487366 2.38221 -0.223005 -0.104308 0.125059 -0.243328 0.415933 -0.160248 0.276136 27.7682 -0.898695 -1.79384 3.02845 -0.0936235 -0.0385171 1.23197 0.0442098 -1.27913 1.01111 -0.335069 0.286954 1.70247
430.023 0.554659 0.500731 2.08711 -2.36309 0.0818746 2.56679 0.532078 0.515917 2.13149 -2.3659 0.0861999 2.553 -0.0225805 0.0151862 0.0443847 -0.0028135 0.00432532 -0.0137936 0.0520625 0.830866 0.322951 0.384223 2.221 -2.66952 0.490605 2.39025 -0.231708 -0.116509 0.13389 -0.306432 0.40873 -0.176543 0.291872 29.1813 -0.884787 -1.75892 3.03367 -0.0983663 -0.0373537 1.29309 0.0401926 -1.21126 1.0135 -0.323865 0.33893 1.7327
430.299 0.559351 0.50858 2.08769 -2.32094 0.0970364 2.58483 0.549888 0.53614 2.18721 -2.4041 0.0860598 2.59119 -0.00946282 0.0275601 0.0995186 -0.0831553 -0.0109766 0.0063596 0.103697 4.85236 0.320274 0.385976 2.22518 -2.6787 0.494988 2.38617 -0.239077 -0.122604 0.137491 -0.357754 0.397952 -0.198656 0.301817 30.3982 -0.877361 -1.73218 3.03739 -0.101596 -0.0367594 1.33199 0.0346882 -1.15976 1.01524 -0.308407 0.379281 1.75569
430.706 0.560939 0.511408 2.08978 -2.28793 0.112586 2.59874 0.552049 0.540234 2.18076 -2.33324 0.102358 2.59717 -0.00889012 0.0288263 0.0909804 -0.0453027 -0.0102282 -0.00157244 0.095851 2.65299 0.322576 0.38715 2.2293 -2.68174 0.495446 2.39102 -0.238363 -0.124258 0.139519 -0.393804 0.38286 -0.207718 0.302857 30.9929 -0.87287 -1.71028 3.04028 -0.104094 -0.0362128 1.36029 0.0287346 -1.11812 1.01664 -0.293113 0.411149 1.77482
430.948 0.562411 0.514179 2.09177 -2.25559 0.129098 2.61378 0.554851 0.545831 2.18419 -2.302 0.133004 2.62289 -0.00755962 0.0316528 0.0924198 -0.046419 0.00390513 0.00910344 0.097982 2.7853 0.322666 0.389283 2.23158 -2.6883 0.49746 2.38817 -0.239745 -0.124896 0.139805 -0.432718 0.368362 -0.225617 0.304339 31.8962 -0.869382 -1.68677 3.04314 -0.106444 -0.0356906 1.38798 0.0210485 -1.07407 1.01814 -0.275764 0.442774 1.79551
431.316 0.562542 0.514771 2.0957 -2.21547 0.152487 2.63412 0.540105 0.531344 2.11909 -2.20061 0.142198 2.64305 -0.0224373 0.0165738 0.0233854 0.0148577 -0.0102888 0.00892992 0.0364006 1.09825 0.323018 0.387703 2.23697 -2.69661 0.499537 2.38569 -0.239524 -0.127068 0.141265 -0.481139 0.34705 -0.248425 0.305735 33.048 -0.866418 -1.65289 3.04677 -0.109583 -0.0349813 1.42438 0.00781595 -1.01193 1.0202 -0.250315 0.482118 1.82535
431.618 0.564231 0.518332 2.09709 -2.18699 0.168925 2.65098 0.555328 0.546339 2.17865 -2.24595 0.144736 2.62659 -0.0089024 0.0280065 0.081566 -0.0589591 -0.0241894 -0.0243898 0.0866985 3.71615 0.328918 0.395419 2.23583 -2.69895 0.499621 2.38859 -0.235313 -0.122913 0.138744 -0.51196 0.330696 -0.262391 0.299549 33.7707 -0.865553 -1.62553 3.04926 -0.111276 -0.0353287 1.45139 -0.00449795 -0.963045 1.02174 -0.230659 0.508345 1.84895
431.94 0.565796 0.521483 2.09844 -2.16103 0.183725 2.66668 0.564129 0.558876 2.21312 -2.18773 0.144147 2.65481 -0.00166712 0.037393 0.11468 -0.0266991 -0.0395785 -0.0118767 0.120634 2.75776 0.325998 0.391319 2.24087 -2.70766 0.502989 2.38033 -0.239798 -0.130164 0.142434 -0.546634 0.319264 -0.286354 0.307787 34.9387 -0.865921 -1.59653 3.05149 -0.112589 -0.0362344 1.47836 -0.0189002 -0.912479 1.02327 -0.212338 0.531407 1.87294
432.268 0.570063 0.527709 2.09858 -2.13056 0.198571 2.68463 0.554965 0.551655 2.17341 -2.14647 0.183186 2.69064 -0.0150983 0.0239455 0.0748326 -0.0159027 -0.0153845 0.00601159 0.0800079 1.35826 0.335072 0.403764 2.23774 -2.71113 0.504584 2.37903 -0.234991 -0.123946 0.139162 -0.580566 0.306013 -0.305596 0.299916 36.0437 -0.868402 -1.55538 3.0538 -0.11292 -0.0388778 1.51403 -0.0413699 -0.842794 1.02522 -0.192602 0.556175 1.90469
432.529 0.574395 0.532177 2.0978 -2.11245 0.205082 2.69519 0.557264 0.555881 2.16763 -2.09712 0.191369 2.6942 -0.017131 0.0237041 0.0698316 0.0153303 -0.0137135 -0.000986295 0.0757087 1.18828 0.342947 0.413599 2.23515 -2.71108 0.50428 2.37951 -0.231448 -0.118578 0.13735 -0.598624 0.299198 -0.315679 0.294099 36.6757 -0.871775 -1.52282 3.055 -0.112464 -0.0408952 1.5406 -0.0606759 -0.789098 1.02656 -0.182585 0.569866 1.92777
432.91 0.579701 0.53661 2.0963 -2.09798 0.207728 2.70252 0.549042 0.546763 2.11417 -2.0395 0.197574 2.72678 -0.0306585 0.0101531 0.017873 0.0584872 -0.0101548 0.0242671 0.0369117 3.40962 0.343608 0.410265 2.23869 -2.71743 0.506949 2.36892 -0.236093 -0.126344 0.142396 -0.619448 0.299221 -0.333592 0.303281 37.6855 -0.876428 -1.48893 3.05578 -0.111285 -0.0431806 1.56695 -0.082057 -0.734433 1.02781 -0.177167 0.579819 1.94993
433.213 0.585519 0.540628 2.09428 -2.08622 0.206711 2.70635 0.589524 0.585142 2.23962 -2.14929 0.204069 2.69885 0.00400472 0.0445138 0.145337 -0.0630711 -0.00264197 -0.00749083 0.152054 3.55435 0.355148 0.419441 2.23369 -2.71693 0.506681 2.36901 -0.230371 -0.121187 0.139408 -0.630705 0.299971 -0.337333 0.295282 38.233 -0.882316 -1.45383 3.05627 -0.109652 -0.0453721 1.59305 -0.105436 -0.679066 1.02902 -0.176647 0.587498 1.97102
433.504 0.592509 0.545681 2.09135 -2.07257 0.201537 2.707 0.567412 0.562315 2.13109 -2.0493 0.214851 2.72692 -0.0250972 0.016634 0.0397489 0.0232711 0.0133149 0.0199247 0.0498651 1.74181 0.366764 0.432169 2.22581 -2.71771 0.506785 2.36578 -0.225746 -0.113513 0.134467 -0.645142 0.305248 -0.341221 0.28623 39.0641 -0.891979 -1.40538 3.05672 -0.107539 -0.0480383 1.62763 -0.139597 -0.604638 1.03055 -0.182242 0.596694 1.99777
433.788 0.59707 0.550382 2.08898 -2.06226 0.196284 2.70483 0.585818 0.577792 2.17521 -2.06008 0.198008 2.71399 -0.0112519 0.0274102 0.0862252 0.00218226 0.00172439 0.00916537 0.0911741 0.524887 0.368584 0.430566 2.22679 -2.72199 0.509038 2.35588 -0.228486 -0.119816 0.137808 -0.659724 0.312754 -0.348947 0.292494 39.9722 -0.900498 -1.36796 3.05705 -0.105933 -0.0505531 1.65358 -0.167363 -0.54867 1.03162 -0.189674 0.603666 2.01728
434.122 0.601218 0.55641 2.08621 -2.05164 0.190539 2.70151 0.575959 0.569994 2.11812 -2.02357 0.188033 2.72617 -0.0252591 0.0135842 0.0319094 0.0280655 -0.00250679 0.0246617 0.0429041 1.93593 0.379244 0.444592 2.22032 -2.72051 0.509036 2.35753 -0.221974 -0.111818 0.134109 -0.668872 0.318497 -0.343979 0.28242 40.5188 -0.910034 -1.32976 3.05749 -0.104486 -0.0532302 1.67954 -0.196867 -0.492803 1.03263 -0.198677 0.611019 2.03673
434.711 0.609996 0.570762 2.07939 -2.03287 0.176971 2.68986 0.584554 0.583258 2.10916 -1.99318 0.179517 2.71032 -0.0254418 0.0124956 0.0297678 0.0396842 0.00254634 0.0204623 0.0411042 2.37075 0.396074 0.460357 2.21038 -2.72095 0.51058 2.35455 -0.213922 -0.110405 0.130982 -0.688086 0.333608 -0.335303 0.274058 41.7736 -0.935826 -1.23855 3.0586 -0.100721 -0.0592945 1.73952 -0.271989 -0.363372 1.03449 -0.221141 0.623021 2.08445
434.964 0.613449 0.576101 2.07652 -2.03131 0.171495 2.68449 0.604052 0.604607 2.16236 -2.02283 0.168985 2.71326 -0.00939748 0.0285059 0.0858449 0.00848479 -0.00251039 0.0287692 0.0909408 1.64402 0.403955 0.463346 2.20822 -2.71966 0.50964 2.3547 -0.209494 -0.112755 0.1317 -0.688347 0.338145 -0.329792 0.271931 41.9151 -0.948214 -1.19893 3.05883 -0.0989338 -0.0615089 1.76498 -0.306723 -0.308414 1.03484 -0.229344 0.622182 2.10701
435.268 0.617102 0.581738 2.07318 -2.03669 0.164631 2.67799 0.606667 0.61006 2.15829 -2.03903 0.151731 2.69243 -0.0104354 0.0283218 0.0851187 -0.00234592 -0.0129 0.0144451 0.0903118 1.13332 0.41302 0.471984 2.20341 -2.71801 0.507442 2.3561 -0.204082 -0.109754 0.130234 -0.681323 0.342811 -0.321883 0.265812 41.7452 -0.965784 -1.14593 3.05875 -0.0966633 -0.0639724 1.79869 -0.355206 -0.235755 1.03479 -0.238099 0.614175 2.13909
435.562 0.62012 0.586719 2.07029 -2.04502 0.15991 2.674 0.608657 0.612996 2.14545 -2.01047 0.146094 2.67809 -0.0114632 0.0262765 0.0751631 0.0345548 -0.0138156 0.00408785 0.0804447 2.11174 0.417882 0.472754 2.20079 -2.71648 0.506106 2.35562 -0.202238 -0.113965 0.130506 -0.671459 0.346196 -0.318378 0.266308 41.4232 -0.979646 -1.10619 3.05838 -0.0945382 -0.0664186 1.82363 -0.393128 -0.18181 1.03438 -0.242668 0.603108 2.16436
435.854 0.622466 0.590617 2.06779 -2.0578 0.155445 2.67126 0.604691 0.611723 2.11847 -2.03392 0.165984 2.67194 -0.0177748 0.021106 0.0506827 0.0238785 0.0105386 0.000686124 0.0577074 1.49017 0.42282 0.479669 2.19334 -2.71905 0.506458 2.34985 -0.199646 -0.110948 0.125553 -0.661254 0.351013 -0.321401 0.260637 41.1578 -0.993986 -1.06659 3.05773 -0.0924728 -0.0685911 1.8483 -0.432352 -0.128383 1.03365 -0.245429 0.587742 2.19041
436.147 0.624358 0.594176 2.06535 -2.07461 0.150668 2.66923 0.618331 0.628315 2.15304 -2.04394 0.132823 2.67375 -0.00602604 0.0341386 0.0876879 0.030674 -0.0178451 0.00451112 0.0942917 2.0181 0.430307 0.486256 2.18479 -2.71605 0.504941 2.35265 -0.19405 -0.10792 0.119442 -0.641437 0.354273 -0.31658 0.252128 40.4043 -1.00871 -1.02725 3.0566 -0.0904054 -0.0708911 1.87277 -0.472824 -0.0754509 1.03255 -0.247493 0.568079 2.21683
436.426 0.625176 0.595033 2.0634 -2.10435 0.14357 2.66776 0.606277 0.617878 2.10797 -2.04874 0.132862 2.66772 -0.0188999 0.0228447 0.0445643 0.0556176 -0.0107073 -3.80566e-05 0.0535263 3.24546 0.431147 0.487068 2.17814 -2.71738 0.50464 2.34858 -0.194029 -0.107965 0.114734 -0.613028 0.36107 -0.319184 0.249935 39.4755 -1.02878 -0.97538 3.05421 -0.0880799 -0.0726788 1.90508 -0.528754 -0.00569271 1.03044 -0.24921 0.535658 2.25256
437.354 0.623054 0.580512 2.06308 -2.19963 0.122294 2.66788 0.609525 0.609922 2.11251 -2.19902 0.171386 2.71137 -0.0135292 0.0294098 0.0494334 0.00060509 0.0490923 0.0434936 0.0590901 3.75452 0.429133 0.494915 2.16103 -2.71707 0.497404 2.34091 -0.193921 -0.0855968 0.0979547 -0.517443 0.375111 -0.326973 0.233511 36.4641 -1.08035 -0.84944 3.04452 -0.0823663 -0.0722811 1.98461 -0.678469 0.163587 1.02294 -0.251259 0.437317 2.34255
437.919 0.619185 0.567787 2.06427 -2.25881 0.109141 2.67035 0.608386 0.600526 2.12484 -2.18243 0.0974206 2.68741 -0.0107988 0.0327387 0.0605641 0.0763752 -0.0117208 0.017063 0.0696882 4.43544 0.426084 0.490038 2.15152 -2.71691 0.493769 2.33463 -0.1931 -0.0777496 0.0872411 -0.458102 0.384627 -0.33572 0.225707 34.9853 -1.11193 -0.776443 3.03768 -0.0790967 -0.0716095 2.03282 -0.775177 0.260464 1.01821 -0.252377 0.376049 2.3962
438.214 0.614325 0.559726 2.06576 -2.29621 0.10082 2.67171 0.613464 0.598923 2.14564 -2.26523 0.116432 2.68821 -0.000861538 0.039197 0.0798848 0.0309786 0.0156119 0.0165004 0.0889872 2.11674 0.417808 0.491468 2.1391 -2.72086 0.495761 2.32122 -0.196517 -0.0682579 0.0733458 -0.424648 0.39494 -0.350486 0.220585 34.6377 -1.13319 -0.728782 3.03296 -0.0774242 -0.0720678 2.06552 -0.842455 0.322528 1.01514 -0.254348 0.337061 2.43195
438.532 0.609122 0.554498 2.06692 -2.32322 0.0950355 2.67268 0.604533 0.59004 2.13725 -2.27494 0.102242 2.70256 -0.00458933 0.0355419 0.0703233 0.048278 0.0072061 0.0298836 0.0789282 3.13375 0.41578 0.49239 2.13046 -2.72002 0.496248 2.32059 -0.193342 -0.0621084 0.0635398 -0.396796 0.401213 -0.352093 0.212782 34.1461 -1.14924 -0.693586 3.02928 -0.0767495 -0.0727442 2.09035 -0.894381 0.367541 1.01281 -0.256433 0.308662 2.45922
438.811 0.602037 0.548095 2.06893 -2.35043 0.0898769 2.6734 0.602757 0.586309 2.14742 -2.33494 0.113885 2.6863 0.000719245 0.0382139 0.0784956 0.0154883 0.024008 0.0128999 0.0873062 1.75858 0.41151 0.497513 2.12049 -2.71773 0.495638 2.32456 -0.190527 -0.050582 0.0515574 -0.3673 0.405761 -0.348845 0.203758 33.5074 -1.16539 -0.658901 3.02547 -0.0766838 -0.0730796 2.11534 -0.947557 0.411061 1.0104 -0.258678 0.280925 2.48715
439.395 0.58085 0.532268 2.07485 -2.41069 0.0798673 2.67419 0.589893 0.57712 2.17609 -2.41577 0.0525887 2.66258 0.00904237 0.0448527 0.101245 -0.0050784 -0.0272786 -0.0116113 0.111104 1.716 0.391534 0.502355 2.1075 -2.72104 0.499228 2.31689 -0.189316 -0.0299123 0.0326558 -0.310345 0.41936 -0.357306 0.194427 33.0052 -1.20373 -0.580178 3.01634 -0.0779744 -0.0736479 2.17436 -1.07611 0.505809 1.00464 -0.264688 0.220666 2.55436
439.653 0.570136 0.524594 2.07798 -2.43358 0.076058 2.67423 0.561369 0.553473 2.11875 -2.33163 0.0832759 2.70071 -0.00876694 0.0288786 0.0407639 0.101942 0.0072179 0.026485 0.0507201 5.93102 0.385821 0.509043 2.10034 -2.71897 0.497553 2.32385 -0.184315 -0.0155514 0.022357 -0.285389 0.421495 -0.35038 0.186316 32.4663 -1.22061 -0.547511 3.01261 -0.0790025 -0.0734901 2.19988 -1.13284 0.543026 1.00227 -0.267684 0.198449 2.58327
439.934 0.558906 0.517163 2.08121 -2.45308 0.072243 2.67407 0.552762 0.547552 2.13155 -2.43607 0.119964 2.70555 -0.00614377 0.0303895 0.0503324 0.0170177 0.047721 0.0314832 0.0591153 3.36779 0.372507 0.509705 2.09602 -2.72318 0.499834 2.31529 -0.186399 -0.00745785 0.0148009 -0.270093 0.427591 -0.358781 0.187134 32.6943 -1.23787 -0.515565 3.00918 -0.0801736 -0.0733412 2.2256 -1.19031 0.577929 1.00007 -0.27119 0.179612 2.6117
440.168 0.543772 0.506802 2.08571 -2.47359 0.0670602 2.67393 0.533662 0.532277 2.11166 -2.37697 0.0680451 2.68017 -0.01011 0.025475 0.0259564 0.0966192 0.000984885 0.00623244 0.0377482 5.52357 0.361304 0.512756 2.08955 -2.72644 0.50075 2.31243 -0.182468 0.00595444 0.00384342 -0.252849 0.433689 -0.361508 0.182606 32.7841 -1.26162 -0.47419 3.00525 -0.0817122 -0.0726158 2.26013 -1.26783 0.620543 0.997407 -0.27605 0.16026 2.64851
441.127 0.498196 0.481203 2.0986 -2.49295 0.0492022 2.66918 0.501032 0.517863 2.19451 -2.51474 0.054611 2.67389 0.00283619 0.0366603 0.0959192 -0.0217934 0.00540884 0.00470423 0.102725 1.32766 0.326007 0.522172 2.05954 -2.72676 0.501351 2.31956 -0.172188 0.0409686 -0.0390546 -0.233807 0.452149 -0.349624 0.181253 33.0626 -1.34709 -0.350556 2.99831 -0.0838237 -0.070416 2.37206 -1.52181 0.724489 0.989958 -0.294436 0.142781 2.75854
441.444 0.487321 0.477277 2.10125 -2.49155 0.0456565 2.66672 0.478018 0.502823 2.14705 -2.47932 0.098162 2.69459 -0.00930269 0.0255463 0.0458007 0.0122349 0.0525054 0.0278681 0.0532621 3.45389 0.312681 0.517605 2.05537 -2.73265 0.503702 2.31423 -0.17464 0.0403287 -0.0458762 -0.241102 0.458045 -0.352496 0.185014 33.5035 -1.36894 -0.32462 2.99766 -0.0840073 -0.0697382 2.39696 -1.57993 0.740522 0.98796 -0.298751 0.144873 2.78283
441.74 0.475714 0.473567 2.10396 -2.48989 0.0423649 2.66364 0.473082 0.507058 2.18927 -2.52477 0.0710271 2.67791 -0.00263261 0.0334906 0.0853099 -0.0348843 0.0286622 0.0142685 0.091686 2.7468 0.310312 0.521833 2.04986 -2.73308 0.502469 2.31779 -0.165403 0.0482661 -0.0541003 -0.243192 0.460104 -0.345855 0.180595 33.4622 -1.39168 -0.299737 2.99718 -0.0843778 -0.0686474 2.4215 -1.63757 0.753533 0.985665 -0.303179 0.147875 2.80724
442.012 0.460927 0.470826 2.10636 -2.48906 0.037563 2.65912 0.441698 0.479458 2.09048 -2.46377 0.122351 2.72558 -0.0192295 0.00863172 -0.0158777 0.0252942 0.0847879 0.0664612 0.026389 6.2696 0.300059 0.514421 2.04869 -2.73302 0.500483 2.32049 -0.160868 0.0435948 -0.0576756 -0.243957 0.46292 -0.338629 0.176368 33.4347 -1.42348 -0.268271 2.99674 -0.0847453 -0.06688 2.45367 -1.71353 0.766271 0.982176 -0.309491 0.150859 2.84048
442.609 0.436592 0.466104 2.11052 -2.49546 0.0280113 2.64892 0.419446 0.481451 2.13135 -2.40787 0.00771252 2.65917 -0.017146 0.0153476 0.0208248 0.0875924 -0.0202988 0.010252 0.0310355 5.17476 0.290819 0.510194 2.03993 -2.73588 0.498308 2.31969 -0.145773 0.0440905 -0.0705918 -0.240415 0.470296 -0.329226 0.16786 33.5193 -1.47458 -0.224914 2.99608 -0.0854721 -0.0632129 2.5017 -1.82513 0.775991 0.976001 -0.321783 0.149444 2.89201
442.934 0.422669 0.467294 2.11111 -2.50287 0.0178874 2.64099 0.420663 0.497373 2.20549 -2.53178 0.0221644 2.66305 -0.00200619 0.0300788 0.0943739 -0.0289158 0.00427701 0.0220661 0.0990717 2.11822 0.285134 0.500811 2.03989 -2.73623 0.495812 2.32251 -0.137535 0.0335166 -0.0712194 -0.233369 0.477925 -0.318473 0.158466 33.5448 -1.51112 -0.198704 2.99538 -0.0854523 -0.0610961 2.53383 -1.89762 0.776697 0.971196 -0.333422 0.144646 2.92686
443.25 0.413965 0.471412 2.11037 -2.50931 0.00848561 2.63413 0.40393 0.493131 2.17823 -2.49961 -0.0386583 2.61746 -0.0100358 0.0217187 0.0678532 0.00969989 -0.0471439 -0.0166735 0.0719477 2.91578 0.280616 0.499231 2.03923 -2.7398 0.497388 2.31399 -0.133349 0.0278182 -0.0711416 -0.230492 0.488902 -0.320141 0.153678 34.0805 -1.53987 -0.180533 2.9947 -0.0847501 -0.0604552 2.55794 -1.95092 0.774452 0.967268 -0.343867 0.138954 2.95308
443.562 0.405417 0.477093 2.10895 -2.51737 -0.00163948 2.62818 0.372686 0.473898 2.07384 -2.40582 -0.0640356 2.61874 -0.0327312 -0.0031949 -0.0351055 0.111552 -0.0623961 -0.00944178 0.0481033 7.32692 0.283678 0.503048 2.03677 -2.73797 0.496011 2.31577 -0.121739 0.0259552 -0.0721788 -0.220601 0.49765 -0.312408 0.143888 34.2073 -1.56975 -0.163684 2.99402 -0.0843775 -0.059698 2.5822 -2.00329 0.76997 0.963132 -0.354679 0.131569 2.9793
444.136 0.387174 0.496261 2.10369 -2.54119 -0.0247394 2.62023 0.373743 0.508358 2.15798 -2.50914 -0.0628693 2.5975 -0.0134315 0.0120969 0.0542959 0.0320472 -0.0381299 -0.0227264 0.0572258 3.10312 0.288097 0.507741 2.02926 -2.73823 0.49834 2.31004 -0.0990766 0.0114795 -0.0744305 -0.19704 0.523079 -0.310191 0.12445 35.1455 -1.64367 -0.129802 2.99261 -0.0843842 -0.058348 2.64026 -2.12205 0.75173 0.952979 -0.377565 0.107808 3.04025
444.426 0.378895 0.505067 2.10157 -2.55393 -0.0343189 2.61858 0.356833 0.512283 2.11959 -2.50838 -0.117217 2.58868 -0.0220627 0.00721631 0.0180207 0.045557 -0.0828981 -0.0299044 0.0293868 5.62365 0.295963 0.51385 2.0255 -2.73679 0.498611 2.31295 -0.0829321 0.00878289 -0.0760724 -0.182858 0.53293 -0.305637 0.11288 35.393 -1.67705 -0.117765 2.99197 -0.0849277 -0.0577038 2.66592 -2.17161 0.741082 0.948494 -0.386364 0.0954968 3.06635
444.681 0.374457 0.515878 2.09797 -2.5657 -0.0435959 2.61898 0.343994 0.516582 2.09232 -2.4521 -0.11126 2.59808 -0.0304635 0.000704589 -0.00564563 0.1136 -0.0676644 -0.0209007 0.0309902 7.58975 0.29785 0.513891 2.02482 -2.73822 0.501231 2.30687 -0.0766075 -0.00198669 -0.0731462 -0.172518 0.544826 -0.312113 0.105939 36.0505 -1.7114 -0.107327 2.99133 -0.0848712 -0.057046 2.69202 -2.22046 0.728992 0.943937 -0.393789 0.0828631 3.09252
444.938 0.371827 0.530602 2.09353 -2.58053 -0.0535824 2.61922 0.352722 0.545117 2.16162 -2.55879 -0.0454742 2.63614 -0.0191046 0.014515 0.0680891 0.0217376 0.00810818 0.0169205 0.0721928 1.68121 0.305285 0.520128 2.02019 -2.73406 0.500999 2.30737 -0.0665422 -0.0104733 -0.0733463 -0.153533 0.554581 -0.311849 0.0995853 36.3984 -1.75859 -0.0959798 2.9906 -0.0828652 -0.0570983 2.72689 -2.28463 0.710885 0.937785 -0.400069 0.0665101 3.12741
445.189 0.373941 0.542911 2.08912 -2.58964 -0.0590125 2.62154 0.348631 0.554826 2.1371 -2.55265 -0.101901 2.60488 -0.0253098 0.0119154 0.0479763 0.0369972 -0.0428881 -0.0166617 0.0555364 3.33425 0.315354 0.526061 2.01554 -2.72992 0.49968 2.31103 -0.0585867 -0.01685 -0.0735823 -0.140273 0.558693 -0.310512 0.0955546 36.4969 -1.7949 -0.0893883 2.99019 -0.0805202 -0.0569891 2.75303 -2.33217 0.695998 0.933143 -0.401297 0.0554295 -3.12984
446.05 0.381546 0.581549 2.07826 -2.60803 -0.0516564 2.63663 0.36068 0.601351 2.15309 -2.59459 -0.101126 2.61597 -0.0208663 0.0198027 0.0748332 0.0134427 -0.0494691 -0.0206602 0.080172 3.1446 0.341587 0.534894 2.00871 -2.7205 0.496665 2.31988 -0.0399595 -0.0466543 -0.0695505 -0.112474 0.548322 -0.31676 0.0927937 35.9995 -1.91993 -0.0784994 2.98971 -0.073641 -0.0569188 2.83964 -2.48849 0.639974 0.917406 -0.380926 0.0332251 -3.04453
446.383 0.383886 0.590579 2.07649 -2.60912 -0.0415929 2.64357 0.358341 0.605837 2.12235 -2.68268 -0.10774 2.62108 -0.0255455 0.0152578 0.0458611 -0.0735551 -0.066147 -0.0224891 0.0546682 5.8811 0.346401 0.530126 2.01293 -2.72016 0.494395 2.32016 -0.0374855 -0.0604525 -0.0635651 -0.111036 0.535988 -0.323411 0.0953949 35.5499 -1.95824 -0.0783015 2.98987 -0.0721496 -0.0559869 2.86528 -2.53517 0.621588 0.912663 -0.367013 0.0324732 -3.01925
446.703 0.387357 0.600771 2.0752 -2.60694 -0.0237836 2.65369 0.348834 0.596831 2.04687 -2.58769 -0.303856 2.50841 -0.0385229 -0.00394058 -0.0283301 0.0192488 -0.280073 -0.145281 0.0479806 18.0151 0.356008 0.532086 2.00947 -2.72208 0.491868 2.31868 -0.0313488 -0.0686858 -0.0657234 -0.115138 0.515652 -0.335011 0.1001 34.8698 -2.00973 -0.0800365 2.99013 -0.070252 -0.0544491 2.89928 -2.5976 0.59618 0.906376 -0.344228 0.0356332 -2.98579
447.026 0.390801 0.60888 2.07416 -2.60208 -0.00865122 2.66161 0.369979 0.632084 2.14583 -2.64322 0.0253365 2.67987 -0.0208216 0.0232039 0.0716745 -0.0411436 0.0339877 0.0182642 0.0781613 3.23797 0.363882 0.532178 2.00811 -2.72122 0.489524 2.31922 -0.0269186 -0.0767019 -0.066043 -0.119139 0.498175 -0.342384 0.104735 34.2391 -2.04862 -0.0827365 2.99016 -0.0688884 -0.053696 2.9247 -2.64471 0.576567 0.901677 -0.325647 0.0408218 -2.96083
447.357 0.393679 0.616062 2.07375 -2.59521 0.00783779 2.66974 0.371305 0.636478 2.1326 -2.54436 -0.00800184 2.65415 -0.0223745 0.0204157 0.0588545 0.0508515 -0.0158396 -0.015589 0.0661912 3.17952 0.36866 0.528501 2.00937 -2.72005 0.487346 2.32127 -0.0250193 -0.0875612 -0.0643749 -0.124846 0.479508 -0.348478 0.111522 33.5382 -2.08771 -0.0865519 2.98995 -0.0679361 -0.0530134 2.95029 -2.69219 0.556505 0.896955 -0.306216 0.0481015 -2.93592
447.683 0.397309 0.624336 2.07299 -2.58585 0.0250519 2.67838 0.377511 0.650893 2.14612 -2.61944 0.0231852 2.67936 -0.0197977 0.026557 0.0731343 -0.0335879 -0.0018667 0.000979906 0.0802861 1.92966 0.370864 0.526022 2.01075 -2.72063 0.48695 2.31862 -0.0264446 -0.0983146 -0.0622443 -0.134776 0.461898 -0.359755 0.119329 33.0803 -2.12698 -0.0914228 2.98944 -0.0670912 -0.0529808 2.97618 -2.74013 0.535991 0.892201 -0.286292 0.057101 -2.91091
448.008 0.401943 0.634879 2.07237 -2.57116 0.0491977 2.69074 0.381281 0.658431 2.14628 -2.60991 0.0217033 2.67892 -0.020662 0.0235524 0.0739148 -0.0387519 -0.0274945 -0.0118156 0.080281 2.78615 0.382065 0.535491 2.00696 -2.7196 0.485243 2.32166 -0.0198783 -0.0993881 -0.0654044 -0.148441 0.436046 -0.369075 0.120627 32.2324 -2.17952 -0.0994695 2.98828 -0.066531 -0.0532698 3.01146 -2.80487 0.507863 0.885852 -0.258938 0.071003 -2.87703
448.291 0.405219 0.642139 2.07222 -2.55955 0.0682731 2.70098 0.385033 0.669685 2.14634 -2.59643 0.0216868 2.67903 -0.0201856 0.0275458 0.0741164 -0.0368883 -0.0465863 -0.0219493 0.0816056 3.59619 0.383384 0.534573 2.00781 -2.72233 0.485876 2.31831 -0.0218346 -0.107566 -0.064413 -0.162786 0.417603 -0.382673 0.127264 31.9103 -2.21901 -0.10662 2.98706 -0.0666015 -0.0535523 3.03861 -2.85414 0.486086 0.881123 -0.237634 0.0818764 -2.85086
448.555 0.40977 0.647892 2.07232 -2.54806 0.0875393 2.71153 0.388799 0.677216 2.14647 -2.58718 0.0204446 2.67867 -0.0209705 0.0293235 0.0741455 -0.0391223 -0.0670946 -0.0328644 0.082445 4.78422 0.38535 0.534802 2.00777 -2.7223 0.484571 2.31852 -0.0244197 -0.11309 -0.0645559 -0.174241 0.397032 -0.393011 0.132489 31.4218 -2.25851 -0.114698 2.98555 -0.0663305 -0.0535633 3.06614 -2.90406 0.463628 0.87645 -0.215581 0.0925846 -2.82386
448.849 0.417379 0.653663 2.07274 -2.53196 0.113555 2.72565 0.388321 0.671296 2.10791 -2.47906 0.119792 2.73607 -0.0290578 0.0176326 0.0351689 0.0528981 0.00623705 0.0104228 0.0489092 3.04118 0.392958 0.542639 2.00293 -2.7235 0.483232 2.3188 -0.0244206 -0.111024 -0.0698131 -0.191537 0.369677 -0.40685 0.133404 30.856 -2.31116 -0.126832 2.98312 -0.0655497 -0.0532884 3.10304 -2.97156 0.432507 0.870289 -0.185315 0.107562 -2.78662
449.439 0.42888 0.660387 2.07393 -2.50236 0.15196 2.74422 0.409106 0.694578 2.1543 -2.47157 0.111842 2.7414 -0.0197738 0.0341917 0.0803734 0.0307977 -0.0401177 -0.00282292 0.0895542 2.91511 0.395368 0.545266 2.00537 -2.72822 0.483005 2.31347 -0.0335124 -0.11512 -0.0685533 -0.225861 0.331046 -0.430748 0.138113 30.4398 -2.38999 -0.147675 2.97885 -0.064501 -0.0533636 -3.12495 -3.07447 0.383083 0.861484 -0.142021 0.135135 -2.72814
450.041 0.439729 0.663249 2.07664 -2.45917 0.189136 2.75572 0.424025 0.702698 2.16767 -2.50506 0.152984 2.75075 -0.0157044 0.0394493 0.0910229 -0.0458854 -0.036151 -0.00496359 0.100439 3.32084 0.396927 0.547179 2.00215 -2.73491 0.482899 2.30656 -0.0428024 -0.11607 -0.0744986 -0.275739 0.293764 -0.449153 0.14441 30.262 -2.48163 -0.175475 2.97314 -0.0641743 -0.0533232 -3.0613 -3.19644 0.320843 0.852514 -0.104099 0.177606 -2.65575
450.357 0.442458 0.663928 2.07795 -2.43852 0.201852 2.75676 0.421565 0.693309 2.13607 -2.45519 0.189514 2.74979 -0.0208929 0.0293813 0.0581216 -0.0166753 -0.0123383 -0.00696752 0.0683951 1.19321 0.3917 0.545519 1.99777 -2.73897 0.484547 2.30059 -0.0507579 -0.118408 -0.080186 -0.300454 0.282695 -0.456165 0.151745 30.4454 -2.52078 -0.188418 2.97042 -0.0648162 -0.0535154 -3.03414 -3.24911 0.292441 0.849069 -0.0933308 0.198762 -2.62337
450.663 0.444612 0.665206 2.07901 -2.41693 0.213029 2.7558 0.423136 0.693707 2.13456 -2.4064 0.212892 2.77462 -0.021476 0.0285018 0.0555548 0.0105289 -0.000136732 0.0188172 0.0660295 1.11873 0.391452 0.552192 1.9881 -2.7379 0.484262 2.30359 -0.0531598 -0.113013 -0.090905 -0.320974 0.271233 -0.452214 0.154472 30.2193 -2.55982 -0.201957 2.96748 -0.065576 -0.0542719 -3.00706 -3.30186 0.262828 0.845739 -0.0852244 0.220797 -2.59033
450.942 0.445905 0.665693 2.08086 -2.38866 0.225788 2.75214 0.426849 0.695112 2.13887 -2.42722 0.254677 2.78455 -0.0190562 0.0294192 0.0580065 -0.0385628 0.0288887 0.0324023 0.0677745 3.60826 0.381482 0.549995 1.97843 -2.74145 0.486727 2.29905 -0.0644233 -0.115698 -0.102429 -0.352791 0.260939 -0.453096 0.167416 30.442 -2.61166 -0.220947 2.96316 -0.0670038 -0.0552108 -2.97096 -3.37211 0.22126 0.84132 -0.0778053 0.250398 -2.54581
451.21 0.447151 0.666184 2.08184 -2.36805 0.233898 2.7488 0.428316 0.698543 2.14652 -2.40494 0.22479 2.75765 -0.0188342 0.0323586 0.0646842 -0.0368981 -0.00910832 0.00885076 0.0747386 2.34235 0.37165 0.556017 1.96962 -2.74323 0.488105 2.29544 -0.0755003 -0.110167 -0.11222 -0.375188 0.254207 -0.453357 0.174443 30.6663 -2.65033 -0.235909 2.95959 -0.067843 -0.0559741 -2.94391 -3.42453 0.188347 0.837886 -0.0736293 0.271975 -2.51238
451.52 0.449103 0.666539 2.08264 -2.34862 0.24098 2.74499 0.423115 0.68609 2.11129 -2.36474 0.257677 2.7572 -0.0259886 0.0195509 0.0286433 -0.01612 0.0166976 0.0122139 0.0433369 1.60523 0.365667 0.56128 1.96281 -2.74295 0.487894 2.29751 -0.0834365 -0.105259 -0.119831 -0.394329 0.246915 -0.447478 0.180002 30.6695 -2.68877 -0.251494 2.95576 -0.0680338 -0.0570529 -2.91692 -3.47656 0.153813 0.83433 -0.0700982 0.291909 -2.47916
451.855 0.451859 0.667876 2.08319 -2.32535 0.249082 2.73958 0.432498 0.698324 2.14886 -2.30388 0.239551 2.77861 -0.0193616 0.0304477 0.0656681 0.0214733 -0.00953035 0.039031 0.0749282 2.34134 0.353148 0.562007 1.95928 -2.74278 0.488053 2.29895 -0.0987115 -0.105869 -0.123916 -0.417429 0.238972 -0.440629 0.190545 30.7727 -2.73959 -0.273209 2.95038 -0.0676466 -0.0593312 -2.88123 -3.54508 0.10509 0.829492 -0.0664825 0.314826 -2.43554
452.141 0.452097 0.668151 2.08392 -2.31106 0.25412 2.73563 0.427299 0.688793 2.11396 -2.30427 0.252912 2.75567 -0.0247975 0.0206418 0.0300448 0.00678991 -0.00120829 0.0200361 0.0440873 1.11803 0.342939 0.567275 1.9549 -2.74479 0.489117 2.29751 -0.109158 -0.100876 -0.129016 -0.433737 0.234996 -0.438122 0.196816 30.9938 -2.77728 -0.29014 2.94627 -0.0678241 -0.0608079 -2.85451 -3.59562 0.0664781 0.82589 -0.0649445 0.329232 -2.40353
452.464 0.451515 0.669333 2.08432 -2.29865 0.257902 2.73135 0.448494 0.721425 2.21368 -2.39778 0.250338 2.73137 -0.00302057 0.0520911 0.129357 -0.0991257 -0.00756353 2.0009e-05 0.139484 5.69629 0.334401 0.568805 1.95558 -2.74259 0.48871 2.30317 -0.117113 -0.100529 -0.128745 -0.443935 0.230808 -0.428187 0.200989 30.8784 -2.81454 -0.307593 2.94213 -0.0680363 -0.0628541 -2.82771 -3.64528 0.0260746 0.822382 -0.0650005 0.341309 -2.37214
452.753 0.450011 0.671813 2.08416 -2.28559 0.260358 2.72483 0.435189 0.705004 2.15778 -2.27572 0.235211 2.74108 -0.0148219 0.0331903 0.0736205 0.00987289 -0.0251475 0.0162568 0.0821052 1.73348 0.327525 0.581589 1.94965 -2.7411 0.48925 2.30689 -0.122486 -0.090224 -0.13451 -0.455507 0.228892 -0.417939 0.203067 30.8856 -2.8634 -0.331632 2.93673 -0.0682695 -0.0659543 -2.79178 -3.70982 -0.0306014 0.818024 -0.0680216 0.353842 -2.33106
453.093 0.447174 0.672401 2.0844 -2.27961 0.260294 2.71866 0.436248 0.708191 2.16752 -2.29863 0.26967 2.74733 -0.0109254 0.0357891 0.0831141 -0.0190183 0.00937675 0.0286691 0.0911492 2.26088 0.313492 0.582491 1.95489 -2.74439 0.491101 2.30019 -0.133682 -0.0899108 -0.129515 -0.464777 0.230807 -0.418472 0.20671 31.2199 -2.8993 -0.350203 2.93283 -0.0688605 -0.0678358 -2.76467 -3.75683 -0.0752117 0.815109 -0.0728943 0.360255 -2.30066
453.439 0.442976 0.671529 2.08522 -2.27745 0.25838 2.7103 0.432099 0.708612 2.16591 -2.27554 0.253184 2.72561 -0.0108773 0.0370827 0.0806897 0.00190627 -0.00519585 0.0153143 0.0894666 0.90655 0.306886 0.585508 1.95642 -2.74038 0.489099 2.30644 -0.136091 -0.0860219 -0.128798 -0.462937 0.230719 -0.40386 0.206178 30.835 -2.93445 -0.369227 2.92908 -0.0695703 -0.0696263 -2.73741 -3.80253 -0.121613 0.812613 -0.0805232 0.36347 -2.27046
453.769 0.43742 0.668395 2.08678 -2.27961 0.254774 2.69991 0.417469 0.691289 2.11595 -2.22553 0.259967 2.72248 -0.0199508 0.0228937 0.029167 0.0540792 0.00519221 0.0225742 0.0421055 3.05313 0.296633 0.589316 1.95394 -2.74333 0.489642 2.30079 -0.140787 -0.0790791 -0.132847 -0.463722 0.234868 -0.399124 0.2091 30.875 -2.96877 -0.388707 2.92552 -0.070459 -0.0708728 -2.70999 -3.84677 -0.169783 0.810576 -0.0903793 0.363517 -2.24017
454.155 0.431213 0.664922 2.08718 -2.28697 0.247437 2.68626 0.419529 0.701894 2.1598 -2.25469 0.243821 2.70692 -0.0116846 0.0369713 0.0726182 0.0322802 -0.00361581 0.0206584 0.0823214 1.94923 0.286277 0.589602 1.95144 -2.74358 0.48881 2.30104 -0.144936 -0.0753204 -0.135738 -0.456605 0.241373 -0.385227 0.212378 30.5485 -3.0131 -0.415408 2.92106 -0.0714621 -0.0718394 -2.67314 -3.90323 -0.236682 0.808486 -0.105727 0.35929 -2.19905
457.689 0.356938 0.557521 2.10873 -2.55451 0.185239 2.54788 0.34762 0.601186 2.21201 -2.52027 0.202652 2.59548 -0.00931801 0.0436643 0.103276 0.0342305 0.0174129 0.0475955 0.112513 3.19623 0.249378 0.523663 1.90374 -2.7542 0.47746 2.28552 -0.10756 -0.0338581 -0.204991 -0.199692 0.292222 -0.262363 0.233959 22.8406 -3.35864 -0.735624 2.87699 -0.0707147 -0.0626987 -2.30404 -4.25508 -1.00765 0.792604 -0.211689 0.142149 -1.72929
458.012 0.349327 0.550186 2.11016 -2.57029 0.181729 2.53808 0.341681 0.597596 2.22308 -2.70536 0.177144 2.52685 -0.00764557 0.0474105 0.112919 -0.135075 -0.00458496 -0.0112379 0.122707 7.65509 0.246283 0.514375 1.90523 -2.7515 0.475499 2.28668 -0.103044 -0.0358112 -0.204929 -0.181219 0.29377 -0.251404 0.232156 22.337 -3.38531 -0.775783 2.87285 -0.0697571 -0.0621604 -2.26818 -4.26808 -1.09185 0.789865 -0.217636 0.129609 -1.68367
458.317 0.341587 0.543952 2.11251 -2.57968 0.179425 2.52994 0.326946 0.574943 2.17113 -2.58565 0.186146 2.52613 -0.0146405 0.030991 0.0586139 -0.00596695 0.00672036 -0.00380847 0.0678998 0.534491 0.241618 0.510214 1.90317 -2.7539 0.47703 2.27849 -0.0999685 -0.0337375 -0.209341 -0.174212 0.297604 -0.251452 0.234426 22.4088 -3.40418 -0.806853 2.86995 -0.0692226 -0.0620881 -2.24143 -4.27503 -1.15475 0.787714 -0.222406 0.123004 -1.65089
459.385 0.319645 0.53489 2.11573 -2.59454 0.172194 2.51421 0.303907 0.563 2.16895 -2.60216 0.198943 2.52798 -0.0157389 0.0281095 0.0532158 -0.00761879 0.0267487 0.0137709 0.0622075 1.81359 0.233342 0.504873 1.90234 -2.7495 0.474915 2.27929 -0.086303 -0.0300175 -0.213393 -0.15496 0.302721 -0.234927 0.232133 21.9602 -3.45974 -0.91619 2.86243 -0.0684144 -0.0616638 -2.152 -4.28137 -1.36145 0.780319 -0.234386 0.113212 -1.54917
459.798 0.313941 0.532869 2.11627 -2.59837 0.169803 2.51167 0.296235 0.55902 2.16821 -2.60762 0.203211 2.52855 -0.0177055 0.0261508 0.0519384 -0.00925483 0.0334088 0.0168761 0.060786 2.25168 0.234027 0.504218 1.89948 -2.74754 0.472945 2.28279 -0.0799138 -0.028651 -0.21679 -0.149167 0.303142 -0.22888 0.23282 21.7589 -3.47408 -0.950689 2.86075 -0.0682616 -0.0608323 -2.12492 -4.27845 -1.42237 0.778137 -0.236935 0.110724 -1.51995
460.198 0.308033 0.530188 2.11693 -2.60433 0.16636 2.5092 0.288568 0.555042 2.16746 -2.61307 0.207479 2.52908 -0.0194648 0.0248544 0.0505354 -0.00873263 0.0411186 0.0198788 0.0595856 2.70356 0.230314 0.497815 1.9007 -2.74606 0.470501 2.28528 -0.0777184 -0.0323724 -0.216229 -0.141722 0.30414 -0.223919 0.232041 21.603 -3.48729 -0.985972 2.8591 -0.0683509 -0.059538 -2.09748 -4.27349 -1.48276 0.775994 -0.240306 0.106505 -1.4907
461.625 0.298034 0.530408 2.11222 -2.65596 0.135988 2.50467 0.276663 0.558932 2.20847 -2.683 0.142007 2.52129 -0.0213709 0.0285247 0.0962462 -0.0270484 0.00601928 0.0166146 0.102634 1.95845 0.224913 0.490878 1.89749 -2.7457 0.463162 2.27394 -0.0731208 -0.0395295 -0.214731 -0.0897416 0.327174 -0.230731 0.230258 22.592 -3.53363 -1.16158 2.85138 -0.0663694 -0.0539379 -1.95998 -4.22544 -1.75755 0.766001 -0.264272 0.0573778 -1.34941
462.046 0.297112 0.533291 2.11069 -2.66952 0.126917 2.50276 0.276655 0.562773 2.20841 -2.67963 0.143756 2.52198 -0.0204565 0.0294818 0.0977184 -0.0101098 0.0168387 0.0192213 0.104099 1.62823 0.226275 0.496673 1.89565 -2.7427 0.461825 2.27767 -0.0708366 -0.0366185 -0.215043 -0.0731801 0.334908 -0.225092 0.229352 22.7772 -3.54022 -1.2015 2.84981 -0.0654997 -0.054036 -1.92884 -4.21031 -1.81486 0.763929 -0.27218 0.0438556 -1.31839
462.446 0.297324 0.538554 2.10785 -2.68246 0.117404 2.50245 0.272382 0.554916 2.15242 -2.55843 0.174874 2.52913 -0.0249413 0.0163624 0.0445702 0.124026 0.0574692 0.0266752 0.0536311 7.77784 0.22052 0.497231 1.89782 -2.74356 0.463246 2.27398 -0.076804 -0.0413229 -0.210028 -0.0610978 0.345842 -0.228475 0.227416 23.4097 -3.5456 -1.2421 2.84838 -0.0650769 -0.0541357 -1.89725 -4.1936 -1.87166 0.761977 -0.280546 0.0300129 -1.28702
463.562 0.296213 0.551609 2.09981 -2.7327 0.0889703 2.50705 0.271427 0.570833 2.15181 -2.65162 0.148519 2.54528 -0.0247859 0.0192233 0.0520032 0.0810814 0.0595483 0.0382291 0.0607307 5.96647 0.218813 0.501812 1.89644 -2.73817 0.459735 2.28138 -0.0774003 -0.0497971 -0.203367 -0.00546852 0.370765 -0.225673 0.223223 24.7877 -3.55446 -1.38161 2.84538 -0.0664848 -0.0510601 -1.78668 -4.1264 -2.05838 0.756886 -0.303819 -0.0198455 -1.17759
464.355 0.30404 0.568423 2.09259 -2.76388 0.0830604 2.51592 0.283979 0.599216 2.19644 -2.8385 0.164735 2.55402 -0.0200608 0.030793 0.103846 -0.0746138 0.0816744 0.0381059 0.110157 6.87272 0.224072 0.503507 1.89895 -2.73493 0.459795 2.2782 -0.0799683 -0.0649166 -0.193638 0.0289501 0.376734 -0.237717 0.219328 25.7706 -3.55191 -1.48249 2.8456 -0.0644989 -0.051909 -1.70593 -4.06849 -2.18753 0.754413 -0.304736 -0.0552796 -1.09713
464.675 0.304858 0.57555 2.09032 -2.77561 0.0863354 2.52185 0.280095 0.593796 2.14143 -2.77855 -0.186739 2.44791 -0.0247627 0.0182457 0.051105 -0.00293407 -0.273074 -0.0739397 0.0596474 16.209 0.225741 0.500566 1.9009 -2.73355 0.459576 2.28007 -0.079117 -0.0749838 -0.189418 0.0420631 0.37324 -0.241773 0.218543 25.8998 -3.54864 -1.52623 2.84634 -0.064945 -0.0521251 -1.67081 -4.04086 -2.24261 0.753566 -0.299997 -0.0681648 -1.06229
465.053 0.304281 0.583542 2.08851 -2.78412 0.0933714 2.52808 0.280359 0.601827 2.14339 -2.77833 -0.181739 2.44895 -0.0239228 0.0182852 0.0548871 0.00578933 -0.27511 -0.079131 0.0626038 16.3971 0.225912 0.503953 1.89965 -2.7355 0.462903 2.2742 -0.0783699 -0.0795895 -0.188855 0.0486199 0.369532 -0.253884 0.219414 26.2198 -3.54407 -1.57015 2.84743 -0.0659381 -0.052957 -1.6354 -4.01156 -2.29756 0.752777 -0.292474 -0.0779211 -1.02737
465.344 0.302271 0.592812 2.08728 -2.78984 0.107716 2.53626 0.278349 0.608993 2.13053 -2.80115 0.266393 2.59807 -0.0239214 0.016181 0.0432541 -0.0113055 0.158677 0.0618068 0.0520094 9.82055 0.227039 0.508563 1.89894 -2.73424 0.465067 2.27653 -0.0752321 -0.0842482 -0.18834 0.0555982 0.357352 -0.259732 0.219612 25.9851 -3.53585 -1.62885 2.84933 -0.0677613 -0.0537171 -1.58806 -3.96989 -2.37057 0.751745 -0.278074 -0.0845277 -0.980661
465.606 0.301708 0.599269 2.0869 -2.78823 0.12129 2.54093 0.279609 0.621824 2.1488 -2.78416 0.13209 2.56476 -0.0220997 0.0225544 0.0618996 0.00406531 0.0108001 0.0238265 0.0694885 1.49017 0.222424 0.50349 1.90381 -2.7376 0.47006 2.26922 -0.0792841 -0.0957792 -0.183094 0.0506214 0.348769 -0.271712 0.221321 25.9604 -3.52804 -1.67288 2.851 -0.0684678 -0.0545375 -1.55291 -3.9367 -2.42514 0.750963 -0.264783 -0.0836694 -0.945495
465.923 0.300456 0.60471 2.08724 -2.78132 0.136795 2.54434 0.279658 0.629453 2.14926 -2.7712 0.13258 2.56529 -0.0207981 0.0247425 0.0620215 0.0101219 -0.00421517 0.0209504 0.0699387 1.2839 0.226772 0.509332 1.90158 -2.73519 0.470841 2.27428 -0.0736842 -0.0953781 -0.185657 0.0461384 0.334046 -0.270063 0.221348 25.1989 -3.5188 -1.71681 2.85284 -0.0693868 -0.0551954 -1.5182 -3.90188 -2.47953 0.750208 -0.250249 -0.0768653 -0.910162
466.309 0.297673 0.610577 2.08894 -2.76291 0.160742 2.54667 0.277695 0.636081 2.15586 -2.76661 0.148484 2.54801 -0.0199784 0.0255037 0.0669134 -0.00370525 -0.0122584 0.0013434 0.0743436 0.741249 0.226031 0.512668 1.90185 -2.73624 0.474178 2.27748 -0.0716426 -0.0979087 -0.187098 0.0266705 0.313436 -0.269187 0.22299 23.9899 -3.50423 -1.77511 2.8555 -0.0708224 -0.0561966 -1.47272 -3.85293 -2.55166 0.749182 -0.228973 -0.0577686 -0.862681
466.608 0.29581 0.614849 2.09066 -2.74244 0.180749 2.547 0.272078 0.631732 2.12487 -2.93265 0.202328 2.55322 -0.023732 0.0168827 0.0342122 -0.190204 0.0215793 0.006223 0.04493 11.0406 0.221823 0.514891 1.90336 -2.73831 0.477612 2.27617 -0.0739866 -0.0999586 -0.187295 0.00413142 0.296863 -0.270832 0.224823 23.0384 -3.49158 -1.81853 2.85756 -0.0716729 -0.0573557 -1.43925 -3.81428 -2.60545 0.748419 -0.211826 -0.0367224 -0.826475
466.922 0.293222 0.617322 2.09327 -2.71847 0.202455 2.5467 0.271542 0.641227 2.14545 -2.58909 0.161554 2.5751 -0.0216798 0.0239042 0.0521716 0.129376 -0.0409006 0.0283971 0.0613458 7.66216 0.218692 0.514319 1.90787 -2.73948 0.479971 2.27634 -0.07453 -0.103004 -0.185403 -0.0210043 0.277516 -0.270354 0.224808 21.9121 -3.47744 -1.8616 2.85963 -0.072721 -0.0582158 -1.40632 -3.77388 -2.65895 0.747701 -0.193492 -0.0114845 -0.789642
467.218 0.290348 0.619536 2.09629 -2.69152 0.226015 2.54652 0.269746 0.647625 2.15996 -2.74762 0.182888 2.53738 -0.0206012 0.0280887 0.0636781 -0.0560986 -0.0431263 -0.00914227 0.072583 4.00321 0.218896 0.520267 1.90614 -2.73674 0.480136 2.28417 -0.0714518 -0.0992687 -0.190149 -0.0452194 0.254121 -0.262352 0.226089 20.405 -3.46179 -1.90425 2.86165 -0.0737714 -0.0595004 -1.37396 -3.73166 -2.7121 0.747063 -0.1738 0.0164558 -0.752358
467.553 0.285251 0.62002 2.10148 -2.65314 0.260439 2.54817 0.265566 0.648653 2.15768 -2.59395 0.195039 2.54126 -0.0196857 0.028633 0.0561984 0.059191 -0.0653998 -0.00691359 0.0660729 5.12858 0.209941 0.518459 1.91033 -2.73966 0.483087 2.28625 -0.0753101 -0.101561 -0.191147 -0.086516 0.222648 -0.261925 0.229179 18.9 -3.43856 -1.96034 2.86432 -0.0756757 -0.0607541 -1.33163 -3.67244 -2.78225 0.746396 -0.144353 0.0562888 -0.702256
467.888 0.281048 0.618029 2.1063 -2.62315 0.288423 2.55165 0.266491 0.66486 2.21095 -2.75213 0.212094 2.5262 -0.0145576 0.0468306 0.104646 -0.128987 -0.0763286 -0.0254501 0.115567 8.39648 0.201787 0.519635 1.91403 -2.7463 0.486695 2.28124 -0.0792612 -0.0983942 -0.192276 -0.123151 0.198272 -0.270411 0.230074 18.3005 -3.41933 -2.00174 2.86627 -0.0772524 -0.0611059 -1.30042 -3.62576 -2.83414 0.745991 -0.119226 0.0871225 -0.664562
468.222 0.277689 0.615413 2.11136 -2.59142 0.317207 2.55701 0.255464 0.645662 2.16684 -2.59706 0.31599 2.55966 -0.0222244 0.0302492 0.0554839 -0.00563612 -0.00121718 0.00264915 0.0669881 0.403483 0.198832 0.518271 1.91987 -2.74483 0.486051 2.28894 -0.078857 -0.0971419 -0.191486 -0.153411 0.168844 -0.268069 0.22874 17.3188 -3.3985 -2.04253 2.8681 -0.0784269 -0.0616493 -1.26961 -3.57718 -2.88527 0.745704 -0.0923917 0.118425 -0.626964
468.567 0.274463 0.611665 2.11798 -2.54748 0.355249 2.56732 0.251624 0.640735 2.16636 -2.54779 0.34856 2.5828 -0.0228394 0.0290708 0.0483879 -0.000304792 -0.00668839 0.0154778 0.0608944 0.971564 0.190489 0.515153 1.92692 -2.74932 0.488641 2.28525 -0.0839745 -0.0965115 -0.191061 -0.20184 0.133392 -0.282071 0.229935 17.2865 -3.36819 -2.09594 2.8703 -0.079557 -0.062764 -1.22907 -3.50945 -2.9521 0.745627 -0.0554063 0.159555 -0.577212
469.187 0.274292 0.604865 2.12713 -2.483 0.408028 2.58805 0.252167 0.644596 2.21195 -2.58551 0.412384 2.5703 -0.0221254 0.0397304 0.0848203 -0.102513 0.00435584 -0.0177503 0.096242 5.55245 0.188788 0.511404 1.93248 -2.74903 0.489035 2.2902 -0.0855046 -0.0934611 -0.194657 -0.266025 0.0810067 -0.297852 0.232244 17.8259 -3.31731 -2.17377 2.8727 -0.0792854 -0.0650629 -1.16956 -3.40155 -3.04886 0.746093 4.81827e-05 0.214708 -0.503867
469.484 0.275368 0.599506 2.13277 -2.44296 0.439229 2.60395 0.25427 0.63826 2.21355 -2.53771 0.433184 2.59061 -0.0210979 0.0387542 0.0807875 -0.0947437 -0.00604501 -0.0133406 0.0920523 5.16384 0.184308 0.507675 1.93854 -2.75483 0.492399 2.28249 -0.0910597 -0.0918303 -0.194228 -0.311868 0.0531701 -0.321463 0.233344 19.2298 -3.27991 -2.22406 2.8735 -0.0786148 -0.0668327 -1.1307 -3.32559 -3.11054 0.746622 0.0349341 0.246255 -0.456025
469.797 0.276908 0.596079 2.13638 -2.41474 0.460189 2.6162 0.254953 0.634298 2.22005 -2.47529 0.424283 2.58649 -0.0219546 0.0382185 0.0836681 -0.060546 -0.0359062 -0.0297161 0.0945675 3.75598 0.186194 0.503553 1.94342 -2.7542 0.492442 2.28304 -0.0907143 -0.0925264 -0.192968 -0.339455 0.0322536 -0.333159 0.232437 20.0692 -3.25012 -2.2609 2.87367 -0.0777634 -0.0686128 -1.10207 -3.26663 -3.15506 0.747079 0.0592246 0.266952 -0.42081
470.109 0.277984 0.59201 2.13983 -2.38927 0.478833 2.6284 0.255793 0.630177 2.21931 -2.37159 0.430275 2.62775 -0.0221908 0.0381664 0.079476 0.0176865 -0.0485584 -0.000648604 0.090915 2.96676 0.184491 0.499389 1.95061 -2.7539 0.492139 2.28365 -0.0934924 -0.0926209 -0.189215 -0.364625 0.0133056 -0.344749 0.230482 20.9446 -3.21893 -2.29696 2.87352 -0.0771768 -0.0701001 -1.07372 -3.20606 -3.19791 0.747574 0.0815003 0.285011 -0.386326
470.847 0.280427 0.581871 2.1465 -2.34493 0.511237 2.65216 0.258675 0.619309 2.2186 -2.34748 0.542323 2.64877 -0.0217519 0.0374381 0.0721011 -0.00255135 0.0310864 -0.00338449 0.0841031 1.78969 0.190919 0.498514 1.95542 -2.75119 0.488695 2.28456 -0.0895081 -0.0833568 -0.191085 -0.406258 -0.0225415 -0.3676 0.226878 22.6336 -3.14104 -2.37791 2.87194 -0.075446 -0.0736891 -1.00891 -3.05891 -3.29076 0.748929 0.121678 0.313241 -0.310236
471.26 0.280399 0.575865 2.14901 -2.33522 0.519233 2.65921 0.263595 0.625548 2.26918 -2.38466 0.529415 2.63025 -0.0168041 0.0496831 0.120169 -0.0494352 0.0101815 -0.0289633 0.131116 2.53188 0.1938 0.494964 1.95803 -2.75068 0.486559 2.2858 -0.0865988 -0.0809009 -0.190981 -0.415458 -0.0326743 -0.373407 0.224762 23.0606 -3.10563 -2.41117 2.87069 -0.0753239 -0.0742997 -0.981119 -2.99361 -3.32728 0.749518 0.13207 0.318689 -0.280131
471.702 0.281233 0.569974 2.15092 -2.33067 0.523454 2.66415 0.263637 0.618721 2.26959 -2.34898 0.544182 2.65012 -0.0175962 0.0487472 0.118675 -0.0183094 0.0207282 -0.0140352 0.129497 1.5162 0.195354 0.492819 1.95721 -2.75279 0.485841 2.27884 -0.0858793 -0.0771555 -0.193708 -0.422118 -0.0376128 -0.385318 0.225502 23.5575 -3.06906 -2.44356 2.86909 -0.0749643 -0.0748096 -0.952959 -2.92714 -3.36168 0.750041 0.13815 0.320129 -0.25155
472.495 0.287644 0.560635 2.15242 -2.33773 0.523039 2.67195 0.260073 0.588953 2.21377 -2.33709 0.567054 2.68358 -0.0275713 0.0283189 0.0613493 0.000637663 0.0440148 0.0116267 0.0729785 2.60384 0.212947 0.490295 1.95521 -2.7415 0.478701 2.28463 -0.0746979 -0.07034 -0.197211 -0.403774 -0.044338 -0.387325 0.222306 23.1459 -2.97939 -2.51562 2.86456 -0.0729848 -0.0769126 -0.884611 -2.76803 -3.43305 0.750849 0.140822 0.307092 -0.18982
473.554 0.301658 0.557915 2.14919 -2.38684 0.513287 2.68463 0.275334 0.585844 2.22029 -2.30132 0.481964 2.70035 -0.0263244 0.0279293 0.0710945 0.0855218 -0.0313225 0.015724 0.0807927 4.88118 0.227969 0.496761 1.95385 -2.73012 0.475529 2.28244 -0.073689 -0.0611543 -0.195344 -0.343282 -0.0377582 -0.402191 0.217552 22.0962 -2.84242 -2.60953 2.85771 -0.0699162 -0.0809709 -0.779936 -2.53315 -3.51134 0.750896 0.135095 0.249169 -0.107943
473.942 0.306948 0.557646 2.14753 -2.40835 0.508043 2.68648 0.279344 0.585884 2.21314 -2.36479 0.51604 2.70368 -0.0276041 0.0282379 0.065608 0.0435583 0.00799693 0.0172021 0.0765753 2.23598 0.22377 0.497023 1.95241 -2.73423 0.478783 2.27311 -0.0831782 -0.0606225 -0.19512 -0.32588 -0.0292592 -0.413366 0.220603 22.1256 -2.79977 -2.63546 2.85573 -0.0685985 -0.0818262 -0.747364 -2.46157 -3.52927 0.750803 0.130985 0.226097 -0.0831008
474.689 0.318537 0.5589 2.14188 -2.46154 0.492017 2.68551 0.294727 0.591349 2.23361 -2.49853 0.524905 2.6984 -0.0238102 0.0324491 0.0917306 -0.0369965 0.0328879 0.0128935 0.100172 3.18026 0.230865 0.50416 1.94703 -2.7307 0.477451 2.27915 -0.087672 -0.0547394 -0.194848 -0.269166 -0.0145664 -0.406354 0.220564 21.057 -2.69839 -2.69171 2.85162 -0.0662111 -0.0826465 -0.670651 -2.29377 -3.56106 0.750714 0.116089 0.17196 -0.0212071
474.99 0.318901 0.555545 2.14188 -2.48616 0.485919 2.68118 0.301307 0.594796 2.24658 -2.48858 0.481754 2.69291 -0.0175941 0.0392507 0.104694 -0.00241932 -0.00416443 0.0117292 0.113186 0.783846 0.226869 0.503948 1.94182 -2.73724 0.481419 2.26771 -0.0920324 -0.0515976 -0.200066 -0.251075 -0.00449949 -0.413467 0.226183 21.1885 -2.65435 -2.71398 2.8503 -0.0660351 -0.08225 -0.637451 -2.22182 -3.57033 0.75077 0.109067 0.150726 0.00755323
475.606 0.319823 0.553047 2.139 -2.53657 0.470495 2.67056 0.284305 0.549352 2.07902 -2.39502 0.53112 2.79609 -0.0355182 -0.00369476 -0.0599841 0.141553 0.0606249 0.125533 0.069809 8.5702 0.233464 0.513501 1.92622 -2.7347 0.479519 2.27377 -0.0863584 -0.0395464 -0.212783 -0.198128 0.00902343 -0.396784 0.23302 20.2131 -2.55055 -2.76163 2.84775 -0.0662926 -0.0807895 -0.559901 -2.05446 -3.58194 0.750699 0.0909436 0.106906 0.079122
475.957 0.317903 0.552323 2.138 -2.55712 0.463253 2.66436 0.281045 0.544009 2.06231 -2.38559 0.488203 2.7439 -0.0368584 -0.00831387 -0.0756842 0.171532 0.02495 0.0795405 0.0845917 8.85042 0.224644 0.509153 1.92561 -2.7401 0.482932 2.26172 -0.0932592 -0.0431702 -0.212381 -0.182978 0.0196796 -0.402644 0.235938 20.5376 -2.50567 -2.78015 2.84666 -0.0669119 -0.0803202 -0.526866 -1.98311 -3.58277 0.750506 0.0815288 0.0899037 0.110895
476.481 0.317218 0.55472 2.13525 -2.57559 0.455005 2.65943 0.2831 0.553982 2.09637 -2.5067 0.551998 2.75767 -0.0341171 -0.000737995 -0.0388775 0.0688943 0.0969929 0.0982413 0.05173 7.52676 0.228584 0.517869 1.92126 -2.7369 0.481699 2.2675 -0.0886333 -0.0368501 -0.21399 -0.161307 0.0266943 -0.391935 0.234533 20.0935 -2.46059 -2.79747 2.84551 -0.0674551 -0.0801369 -0.494115 -1.91204 -3.58116 0.750212 0.0713054 0.0735746 0.142963
477.309 0.306764 0.550666 2.13439 -2.62395 0.437233 2.64484 0.283125 0.568869 2.15932 -2.64361 0.482474 2.65763 -0.0236389 0.0182029 0.0249303 -0.0196575 0.0452402 0.0127879 0.0388801 3.04247 0.222059 0.522219 1.92831 -2.73768 0.483356 2.2623 -0.0847054 -0.0284475 -0.206088 -0.113727 0.0461222 -0.382547 0.224626 20.0612 -2.35474 -2.83293 2.84342 -0.0699796 -0.0783974 -0.417316 -1.74757 -3.56782 0.749896 0.0486623 0.0349608 0.217889
478.228 0.297097 0.553571 2.13078 -2.68155 0.4207 2.64101 0.272556 0.572521 2.1731 -2.64045 0.442865 2.65157 -0.0245411 0.0189497 0.0423173 0.0410957 0.0221643 0.0105555 0.0524606 2.51606 0.216483 0.528688 1.92757 -2.73478 0.485772 2.25875 -0.0806136 -0.0248828 -0.20321 -0.0532351 0.0650715 -0.38226 0.220028 21.0741 -2.20202 -2.87015 2.84491 -0.0723213 -0.0780991 -0.304067 -1.51753 -3.52565 0.752736 0.0306701 -0.0191689 0.323974
480.596 0.273672 0.548395 2.13294 -2.76417 0.45938 2.62283 0.255029 0.578827 2.193 -2.75088 0.446448 2.62612 -0.0186427 0.0304316 0.0600557 0.0132831 -0.0129318 0.00329476 0.0698593 1.01876 0.190235 0.523113 1.93984 -2.73931 0.493715 2.26205 -0.0834365 -0.025282 -0.193098 0.0248596 0.0343354 -0.36077 0.211867 21.4506 -1.81123 -2.88902 2.85953 -0.0667167 -0.0803338 -0.0300057 -0.961995 -3.29764 0.76673 0.060847 -0.100496 0.625652
485.352 0.174005 0.463484 2.17556 -2.64698 0.626227 2.60045 0.148524 0.486013 2.23354 -2.65015 0.64203 2.60995 -0.0254815 0.0225285 0.0579831 -0.0031641 0.0158035 0.00950535 0.0672226 1.12535 0.14147 0.488883 2.00454 -2.73492 0.505655 2.26562 -0.0325353 0.0253991 -0.171014 -0.0879361 -0.120571 -0.334831 0.175924 18.3517 -1.13502 -2.60213 2.89595 -0.0577584 -0.0908794 0.422817 -0.140457 -2.44311 0.817753 0.199146 0.00167247 1.18306
485.722 0.173829 0.46588 2.17664 -2.62268 0.633425 2.61119 0.145049 0.488508 2.24056 -2.60189 0.653194 2.63029 -0.0287808 0.0226275 0.0639235 0.0207963 0.0197688 0.0191001 0.0736652 1.52829 0.14934 0.496784 2.0037 -2.73016 0.503975 2.27194 -0.0244893 0.0309042 -0.172943 -0.107473 -0.12945 -0.339246 0.177381 18.4634 -1.10265 -2.57364 2.89981 -0.0577476 -0.0917666 0.448608 -0.112584 -2.38916 0.820263 0.209046 0.0194552 1.20847
486.046 0.177085 0.471346 2.17731 -2.59321 0.643454 2.62873 0.146192 0.490064 2.2432 -2.61343 0.661932 2.60309 -0.0308932 0.0187177 0.0658895 -0.0202257 0.0184785 -0.0256468 0.075141 1.59839 0.147214 0.493722 2.01223 -2.72727 0.503324 2.26955 -0.0298714 0.0223757 -0.165074 -0.134065 -0.14013 -0.359182 0.169241 19.3416 -1.06068 -2.53379 2.90549 -0.057143 -0.0928701 0.484006 -0.0789628 -2.31746 0.823464 0.224445 0.0383252 1.24115
486.415 0.180871 0.476936 2.17729 -2.57384 0.650758 2.64378 0.14946 0.493766 2.23342 -2.56419 0.695024 2.65029 -0.0314111 0.0168303 0.0561327 0.00964711 0.0442662 0.00650198 0.0664891 2.57299 0.151291 0.495126 2.01386 -2.72556 0.502734 2.26702 -0.0295797 0.0181899 -0.163431 -0.151718 -0.148024 -0.37676 0.16708 20.175 -1.03015 -2.50258 2.91007 -0.0568035 -0.0935627 0.511356 -0.0563277 -2.26401 0.825721 0.236604 0.0490524 1.26471
486.771 0.185106 0.48414 2.17671 -2.55691 0.657082 2.65968 0.151593 0.496065 2.22193 -2.52122 0.736209 2.67343 -0.0335132 0.0119256 0.0452219 0.0356837 0.0791271 0.013752 0.0575358 4.8254 0.157497 0.499114 2.01453 -2.72273 0.501686 2.27067 -0.0276087 0.0149738 -0.162179 -0.165825 -0.155396 -0.389011 0.165193 20.7902 -1.00046 -2.47033 2.91476 -0.0568714 -0.0942892 0.539378 -0.0357932 -2.21093 0.827787 0.247972 0.0573392 1.28754
487.083 0.189614 0.491413 2.17586 -2.54338 0.661714 2.67523 0.161425 0.519639 2.27824 -2.59011 0.692866 2.64267 -0.0281891 0.0282258 0.102381 -0.0467312 0.0311527 -0.0325597 0.109878 2.75193 0.153264 0.494961 2.02121 -2.72433 0.502947 2.26446 -0.0363504 0.00354841 -0.154647 -0.180956 -0.158766 -0.410764 0.158901 21.749 -0.971666 -2.4371 2.91945 -0.0573275 -0.0944946 0.568095 -0.0172526 -2.15828 0.829618 0.257798 0.0632683 1.30974
487.761 0.205564 0.511051 2.17153 -2.52867 0.661968 2.70389 0.172685 0.52945 2.2441 -2.48637 0.686526 2.70954 -0.0328789 0.0183987 0.0725666 0.0423002 0.0245583 0.0056433 0.0817646 2.6419 0.16593 0.501143 2.02284 -2.71926 0.500974 2.27328 -0.0396344 -0.00990829 -0.148688 -0.190596 -0.160994 -0.430616 0.154199 22.6699 -0.908201 -2.35609 2.92954 -0.057474 -0.0944912 0.637085 0.0191499 -2.03688 0.83288 0.269577 0.0653749 1.35987
488.104 0.21477 0.520789 2.16835 -2.53038 0.657105 2.71171 0.18061 0.53357 2.22049 -2.52186 0.6969 2.71789 -0.0341608 0.012781 0.0521369 0.00852125 0.039795 0.00617544 0.0636284 2.31207 0.161412 0.493446 2.02649 -2.72393 0.505409 2.26153 -0.0533584 -0.027343 -0.141867 -0.193548 -0.151696 -0.450177 0.154016 23.3761 -0.882686 -2.32008 2.93321 -0.0572531 -0.094292 0.667429 0.032167 -1.98534 0.833795 0.268853 0.0611934 1.38123
488.409 0.227231 0.532901 2.16384 -2.53901 0.647254 2.71743 0.192906 0.549935 2.23971 -2.50518 0.659568 2.72148 -0.0343253 0.0170333 0.0758673 0.033832 0.0123141 0.00404391 0.0849954 1.93977 0.166852 0.494166 2.02718 -2.72205 0.505344 2.26336 -0.0603792 -0.0387351 -0.136658 -0.183041 -0.14191 -0.454074 0.154342 23.5095 -0.850302 -2.27109 2.93735 -0.0570318 -0.0935758 0.708625 0.0473905 -1.91696 0.834521 0.263294 0.0523737 1.41024
488.787 0.236831 0.542202 2.1601 -2.54799 0.6387 2.71981 0.205183 0.568536 2.26694 -2.53789 0.691138 2.71523 -0.0316475 0.0263333 0.106837 0.0100934 0.0524383 -0.00458019 0.114496 3.10122 0.174577 0.495018 2.02793 -2.71796 0.503248 2.27009 -0.0622543 -0.0471844 -0.132168 -0.169971 -0.135452 -0.449716 0.153526 23.351 -0.82726 -2.23372 2.94003 -0.0569172 -0.0929702 0.739947 0.0572828 -1.86581 0.834766 0.257346 0.0443617 1.43273
489.1 0.246157 0.551611 2.15596 -2.55782 0.630159 2.72215 0.217057 0.584068 2.27727 -2.56546 0.646352 2.69891 -0.0291003 0.0324567 0.121314 -0.00764633 0.0161927 -0.0232363 0.128908 1.45938 0.176923 0.491452 2.03215 -2.72213 0.506066 2.26173 -0.0692335 -0.0601598 -0.123809 -0.164313 -0.124093 -0.460417 0.154081 23.7812 -0.805295 -2.19592 2.9424 -0.0573175 -0.0919724 0.771574 0.0659368 -1.81468 0.834792 0.251117 0.0359326 1.45591
489.478 0.256169 0.562667 2.15148 -2.57236 0.619893 2.72332 0.219811 0.576007 2.20476 -2.55454 0.649901 2.74566 -0.0363587 0.0133397 0.0532786 0.0178218 0.0300081 0.022345 0.0658674 2.02159 0.184847 0.491596 2.03597 -2.72055 0.50528 2.26391 -0.0713223 -0.0710714 -0.115511 -0.148187 -0.114613 -0.459401 0.153234 23.8279 -0.777703 -2.14498 2.9451 -0.0581231 -0.0908668 0.81391 0.0757236 -1.74629 0.834572 0.242935 0.0242768 1.4877
489.781 0.262741 0.570724 2.14805 -2.58305 0.613385 2.72479 0.23171 0.588458 2.20812 -2.54583 0.645004 2.74913 -0.0310307 0.0177342 0.0600675 0.0372213 0.0316183 0.0243399 0.0698965 2.50468 0.193153 0.494346 2.03514 -2.71758 0.503419 2.2701 -0.0695875 -0.0763779 -0.11291 -0.134531 -0.109966 -0.454687 0.153051 23.7366 -0.758305 -2.10643 2.94687 -0.0592544 -0.0898211 0.845612 0.0818304 -1.69468 0.834332 0.237703 0.0156566 1.51219
490.089 0.267892 0.577134 2.14531 -2.59386 0.609213 2.72693 0.238654 0.598434 2.20921 -2.61475 0.667382 2.75145 -0.0292376 0.0212997 0.0639069 -0.0208939 0.058169 0.0245242 0.0734344 4.06438 0.191389 0.488578 2.03904 -2.72219 0.506916 2.26017 -0.0765031 -0.088556 -0.106266 -0.128338 -0.102297 -0.466755 0.158074 24.3696 -0.740043 -2.06762 2.94852 -0.0608166 -0.0883177 0.877263 0.0868803 -1.64263 0.83409 0.234699 0.00695725 1.53718
490.453 0.274103 0.58448 2.14236 -2.60279 0.607935 2.73095 0.247849 0.612256 2.23139 -2.61153 0.628022 2.74902 -0.0262534 0.0277768 0.0890344 -0.00874427 0.0200872 0.0180671 0.0968913 1.80233 0.199398 0.492478 2.03687 -2.72014 0.506562 2.26453 -0.0747042 -0.0920018 -0.105483 -0.117357 -0.101373 -0.466415 0.158656 24.5299 -0.722936 -2.02858 2.95012 -0.06176 -0.0874112 0.908659 0.0908443 -1.59 0.83385 0.235104 -0.00185315 1.56262
490.878 0.281121 0.591844 2.13965 -2.61234 0.612307 2.73922 0.254051 0.617095 2.21724 -2.64797 0.623852 2.7352 -0.0270703 0.0252505 0.0775901 -0.0356256 0.0115451 -0.00402487 0.0859686 2.02777 0.202507 0.486887 2.03978 -2.71914 0.506284 2.26882 -0.0786135 -0.104957 -0.0998676 -0.1068 -0.106024 -0.470409 0.164832 24.9894 -0.701941 -1.97618 2.95228 -0.0631714 -0.0856537 0.950181 0.0943616 -1.51879 0.833555 0.242333 -0.0126548 1.59721
491.846 0.300451 0.601558 2.1371 -2.62264 0.647338 2.77526 0.272727 0.632191 2.21923 -2.61372 0.671231 2.80444 -0.0277242 0.030633 0.0821301 0.00892366 0.0238927 0.0291801 0.0919368 1.9706 0.211451 0.487647 2.03831 -2.7218 0.506296 2.26735 -0.0890004 -0.113911 -0.0987975 -0.0991568 -0.141042 -0.507911 0.175094 27.6049 -0.658284 -1.84351 2.95691 -0.0641477 -0.0805687 1.0536 0.0938669 -1.33425 0.83254 0.289857 -0.036373 1.68464
492.135 0.307038 0.605682 2.13584 -2.62184 0.660714 2.79025 0.280754 0.636697 2.22143 -2.61117 0.667393 2.80522 -0.0262838 0.0310154 0.0855814 0.0106683 0.00667936 0.0149762 0.0947468 0.780845 0.2082 0.483926 2.04354 -2.72675 0.509055 2.2585 -0.0988386 -0.121756 -0.0923057 -0.104915 -0.151659 -0.531751 0.181972 28.8966 -0.64748 -1.80325 2.95778 -0.0640118 -0.0799364 1.08447 0.0909852 -1.27677 0.832104 0.308666 -0.0429882 1.71038
492.463 0.311894 0.607884 2.13618 -2.61893 0.676986 2.80577 0.285207 0.632217 2.19583 -2.59394 0.68557 2.83594 -0.0266867 0.0243328 0.059652 0.0249899 0.00858381 0.0301722 0.0697325 1.4706 0.212872 0.487603 2.04599 -2.72562 0.508891 2.26179 -0.099022 -0.120281 -0.0901881 -0.106691 -0.168095 -0.543976 0.180019 29.7547 -0.637654 -1.76282 2.95842 -0.063471 -0.0800509 1.11504 0.0866693 -1.21831 0.831613 0.328918 -0.0488291 1.73587
492.788 0.317472 0.61146 2.13602 -2.61131 0.69845 2.82881 0.293849 0.644485 2.2248 -2.6251 0.692535 2.83096 -0.0236237 0.0330248 0.0887804 -0.0137872 -0.00591501 0.00215168 0.0976252 0.937535 0.215814 0.489744 2.05187 -2.72598 0.509723 2.26537 -0.101659 -0.121717 -0.08415 -0.114666 -0.188726 -0.563436 0.179529 30.9346 -0.625999 -1.70869 2.95908 -0.0633233 -0.0801194 1.15548 0.0784989 -1.13893 0.831011 0.357281 -0.0540761 1.77013
493.111 0.318703 0.611133 2.13773 -2.60273 0.716357 2.84598 0.294208 0.637755 2.19831 -2.61089 0.711524 2.86019 -0.0244949 0.0266221 0.0605863 -0.0081566 -0.0048329 0.0142114 0.0705651 1.20691 0.215243 0.49495 2.05381 -2.73077 0.512693 2.25879 -0.10346 -0.116182 -0.0839137 -0.128036 -0.203664 -0.587187 0.176759 32.1189 -0.618306 -1.66798 2.95954 -0.063486 -0.0801796 1.18558 0.0704167 -1.07842 0.830689 0.378818 -0.0556095 1.79657
493.49 0.320992 0.612595 2.13817 -2.59127 0.732179 2.86383 0.303768 0.656271 2.2552 -2.61006 0.729196 2.8474 -0.0172245 0.043676 0.117022 -0.0187926 -0.00298308 -0.0164282 0.126089 0.849497 0.215118 0.499834 2.05832 -2.73084 0.512838 2.25792 -0.105874 -0.112761 -0.0798508 -0.139572 -0.219342 -0.60591 0.174071 33.1105 -0.611491 -1.62718 2.96002 -0.0634783 -0.0804306 1.21544 0.0605574 -1.0172 0.830556 0.399718 -0.054905 1.82398
494.064 0.318986 0.607367 2.14289 -2.56 0.765917 2.90006 0.30187 0.646136 2.23383 -2.60333 0.75959 2.85162 -0.0171159 0.0387683 0.090948 -0.0433337 -0.00632691 -0.0484424 0.100337 2.11581 0.209633 0.509289 2.07006 -2.73484 0.513588 2.25018 -0.109353 -0.0980786 -0.0728291 -0.174844 -0.25233 -0.649882 0.163956 35.2011 -0.598927 -1.53164 2.96149 -0.064678 -0.0796145 1.28508 0.0301628 -0.872125 0.831359 0.441865 -0.0456987 1.89235
494.69 0.313853 0.600499 2.14768 -2.53072 0.786371 2.92226 0.291986 0.627616 2.19644 -2.48524 0.816912 2.95483 -0.0218672 0.0271174 0.0487682 0.0454788 0.0305405 0.0325699 0.0599321 2.51902 0.204918 0.522381 2.07888 -2.73554 0.51391 2.24936 -0.108935 -0.0781171 -0.0687945 -0.20482 -0.272461 -0.672906 0.150671 36.1262 -0.591943 -1.44917 2.96348 -0.0655424 -0.0795972 1.34476 -0.00464958 -0.746379 0.833622 0.466506 -0.0322462 1.95593
495.018 0.310907 0.596389 2.14998 -2.51346 0.795097 2.93193 0.287959 0.623364 2.19498 -2.48774 0.818744 2.95343 -0.0229473 0.0269755 0.0450018 0.0257162 0.0236473 0.0214941 0.0572663 1.70364 0.201339 0.528299 2.08704 -2.73699 0.513902 2.24876 -0.109567 -0.0680893 -0.0629435 -0.223533 -0.281195 -0.683173 0.143537 36.4445 -0.589315 -1.39381 2.96544 -0.0655547 -0.079726 1.38435 -0.0326593 -0.662508 0.836102 0.477441 -0.0228025 2.00025
495.585 0.303168 0.588862 2.15412 -2.4933 0.806122 2.93875 0.292464 0.637199 2.27497 -2.50965 0.827762 2.90604 -0.0107047 0.0483371 0.120845 -0.0163495 0.0216402 -0.0327175 0.130594 1.83526 0.198695 0.541615 2.0941 -2.73705 0.513297 2.25134 -0.104473 -0.0472468 -0.0600196 -0.243744 -0.292825 -0.68741 0.129419 36.5222 -0.588522 -1.31018 2.96986 -0.0654405 -0.0804286 1.44325 -0.0822253 -0.537729 0.841539 0.488563 -0.0112841 2.06824
495.925 0.296302 0.584878 2.15638 -2.48489 0.8129 2.93989 0.281565 0.621303 2.23578 -2.47468 0.807325 2.93673 -0.014737 0.0364253 0.0794037 0.0102101 -0.00557454 -0.00316135 0.0885942 0.794262 0.199079 0.54595 2.09638 -2.7361 0.513638 2.25451 -0.0972231 -0.0389278 -0.0600024 -0.251217 -0.299261 -0.685381 0.120698 36.4224 -0.590165 -1.25405 2.97385 -0.0655637 -0.0811567 1.48206 -0.120365 -0.455882 0.846239 0.493845 -0.00674778 2.11384
496.247 0.289691 0.581394 2.15826 -2.48259 0.818205 2.93849 0.2767 0.619615 2.24372 -2.49731 0.847476 2.93521 -0.0129915 0.0382214 0.0854642 -0.0147137 0.0292701 -0.0032828 0.0945187 1.82306 0.19757 0.546185 2.09548 -2.73445 0.513967 2.25617 -0.0921208 -0.0352091 -0.0627794 -0.251862 -0.304239 -0.682322 0.116907 36.3623 -0.592589 -1.21181 2.9772 -0.0658557 -0.0816477 1.511 -0.151613 -0.395468 0.850148 0.496893 -0.00596449 2.14769
496.58 0.283094 0.579307 2.15955 -2.48374 0.823068 2.93553 0.268604 0.615103 2.24156 -2.49996 0.851124 2.93385 -0.01449 0.0357964 0.0820115 -0.0162208 0.028056 -0.00168779 0.090649 1.82306 0.195346 0.550184 2.09303 -2.73423 0.51576 2.25438 -0.0877477 -0.0291225 -0.066523 -0.250495 -0.307308 -0.681156 0.1139 36.3701 -0.596086 -1.16947 2.98061 -0.065916 -0.0826739 1.53972 -0.185056 -0.336022 0.854174 0.498814 -0.00803368 2.1809
499.192 0.212434 0.569288 2.16355 -2.59163 0.826463 2.86932 0.196439 0.605177 2.25559 -2.58007 0.844745 2.87179 -0.0159946 0.0358891 0.0920385 0.011563 0.0182817 0.00247227 0.100075 1.19025 0.187521 0.55437 2.08968 -2.72895 0.519316 2.26586 -0.0249123 -0.0149179 -0.0738655 -0.137317 -0.307147 -0.603464 0.079368 34.8656 -0.683454 -0.797422 3.00209 -0.068119 -0.0944115 1.79254 -0.567021 0.13445 0.884119 0.466919 -0.086645 2.44095
499.582 0.206577 0.56549 2.16432 -2.60534 0.825424 2.86301 0.188449 0.604824 2.25427 -2.58039 0.848589 2.87201 -0.0181281 0.039334 0.0899516 0.0249553 0.0231644 0.00899828 0.0998352 1.72533 0.180423 0.547394 2.09117 -2.73207 0.520223 2.25941 -0.0261543 -0.0180956 -0.0731559 -0.126733 -0.305201 -0.603598 0.0797702 35.066 -0.700185 -0.758792 3.00335 -0.0681398 -0.0942698 1.82082 -0.616546 0.177709 0.886416 0.464005 -0.0960292 2.46776
500.027 0.202481 0.562346 2.16468 -2.61812 0.824435 2.85786 0.182312 0.600119 2.2514 -2.58316 0.852038 2.87033 -0.020169 0.0377733 0.0867153 0.0349551 0.0276036 0.0124775 0.0967117 2.21222 0.184461 0.548713 2.08665 -2.72864 0.517982 2.26303 -0.0180204 -0.0136333 -0.0780294 -0.110523 -0.306453 -0.59483 0.0812354 35.0751 -0.71839 -0.72099 3.00447 -0.0678547 -0.09408 1.84928 -0.667139 0.218951 0.888523 0.461903 -0.105216 2.49461
500.946 0.193891 0.545791 2.16732 -2.66059 0.824949 2.84782 0.167608 0.573838 2.22577 -2.59275 0.884843 2.86333 -0.0262836 0.028047 0.0584446 0.0678437 0.0598939 0.0155085 0.0699517 4.73896 0.187268 0.534907 2.08967 -2.72696 0.512737 2.26167 -0.00662354 -0.0108833 -0.0776515 -0.0663661 -0.312213 -0.586156 0.0786897 35.9688 -0.789817 -0.601051 3.00695 -0.0678506 -0.0893471 1.94808 -0.842712 0.341471 0.893679 0.463149 -0.135613 2.58295
501.996 0.202439 0.543574 2.16434 -2.71382 0.80733 2.83417 0.178549 0.578121 2.2652 -2.67322 0.824231 2.85553 -0.0238897 0.0345476 0.10086 0.0406036 0.0169015 0.0213573 0.109257 1.92376 0.2141 0.538241 2.09686 -2.72643 0.510634 2.26268 0.0116611 -0.00533284 -0.0674843 -0.0126103 -0.296695 -0.57149 0.0686917 36.3959 -0.90706 -0.459048 3.00859 -0.0635054 -0.0887224 2.07882 -1.08387 0.468004 0.897672 0.450045 -0.176791 2.69477
502.282 0.203983 0.544993 2.16214 -2.73777 0.796552 2.82422 0.179189 0.577895 2.26039 -2.7236 0.797027 2.83375 -0.0247942 0.0329022 0.0982523 0.0141694 0.000474663 0.00953801 0.10654 0.569239 0.21043 0.53106 2.10345 -2.7346 0.515291 2.25184 0.0064472 -0.0139329 -0.0586858 0.00316056 -0.281262 -0.572379 0.0606607 36.5426 -0.94803 -0.418813 3.0086 -0.0630296 -0.0889958 2.11784 -1.16089 0.500204 0.898812 0.438468 -0.193519 2.72871
502.586 0.204198 0.544215 2.16119 -2.75913 0.786615 2.81266 0.178215 0.575757 2.24825 -2.7243 0.838503 2.80833 -0.0259838 0.0315416 0.0870656 0.0348282 0.0518872 -0.00433615 0.0961792 3.68801 0.217494 0.534739 2.1027 -2.73325 0.514434 2.25463 0.0132959 -0.00947664 -0.0584933 0.0258779 -0.272181 -0.558029 0.0607293 36.3159 -0.980088 -0.389845 3.00836 -0.0623574 -0.0891689 2.14635 -1.21953 0.52245 0.899681 0.427247 -0.207297 2.75447
502.883 0.204092 0.542123 2.16006 -2.78183 0.775071 2.79978 0.17982 0.575415 2.24289 -2.7849 0.804071 2.83876 -0.0242724 0.0332911 0.0828307 -0.00306537 0.0289994 0.0389819 0.0925115 2.88731 0.22231 0.533292 2.10253 -2.73121 0.512228 2.26011 0.0182179 -0.00883153 -0.0575285 0.0506184 -0.262843 -0.539667 0.060987 35.9655 -1.01322 -0.361959 3.00793 -0.0621627 -0.0884573 2.17438 -1.27886 0.543101 0.900594 0.414097 -0.221043 2.78083
503.159 0.203428 0.539568 2.15903 -2.80381 0.762033 2.78571 0.176282 0.564344 2.21132 -2.73027 0.789912 2.82239 -0.0271462 0.024776 0.0522915 0.0735456 0.0278793 0.0366791 0.0639154 3.50956 0.215937 0.524943 2.10379 -2.73578 0.513686 2.25112 0.0125087 -0.0146252 -0.0552304 0.06803 -0.248346 -0.534585 0.0584873 35.9613 -1.04739 -0.335183 3.00736 -0.0621474 -0.0877314 2.20202 -1.33882 0.562215 0.901532 0.398868 -0.233656 2.80817
503.467 0.202704 0.536509 2.15765 -2.82899 0.743828 2.76701 0.177133 0.565988 2.22131 -2.81965 0.776999 2.79458 -0.0255714 0.029479 0.0636659 0.00933997 0.0331716 0.0275752 0.0746743 2.2867 0.220092 0.521995 2.10324 -2.73718 0.512686 2.25225 0.0173884 -0.0145139 -0.0544039 0.0918101 -0.231142 -0.514755 0.0589305 35.3732 -1.09453 -0.301253 3.00642 -0.0620336 -0.0871188 2.23828 -1.41964 0.585306 0.902696 0.377248 -0.247382 2.84627
503.787 0.201795 0.534954 2.15662 -2.84406 0.730873 2.75403 0.175149 0.561965 2.22076 -2.81927 0.778035 2.79406 -0.0266459 0.0270114 0.0641378 0.0247913 0.0471625 0.0400315 0.0745203 3.18051 0.217955 0.514617 2.10671 -2.73695 0.511997 2.2532 0.0161603 -0.0203365 -0.0499149 0.107116 -0.218876 -0.500828 0.0562692 34.9263 -1.13103 -0.277172 3.00565 -0.0622024 -0.0870777 2.26521 -1.48089 0.600834 0.903498 0.361213 -0.25507 2.87592
504.074 0.200998 0.533181 2.15584 -2.85594 0.71915 2.74217 0.177626 0.566806 2.23978 -2.83363 0.74582 2.79115 -0.0233718 0.0336249 0.0839361 0.0223104 0.0266702 0.0489803 0.0933924 2.65446 0.219486 0.518543 2.10465 -2.73887 0.512573 2.25127 0.0184881 -0.0146376 -0.0511893 0.117071 -0.206577 -0.490897 0.0563597 34.5099 -1.16848 -0.254309 3.00488 -0.0624345 -0.087022 2.29199 -1.54262 0.614828 0.904242 0.346367 -0.260437 2.90625
504.341 0.201752 0.532014 2.15453 -2.86696 0.705967 2.7291 0.172601 0.554919 2.20055 -2.84822 0.748623 2.75405 -0.0291505 0.0229046 0.0460188 0.0187436 0.0426566 0.0249467 0.059094 2.66976 0.22253 0.51826 2.10297 -2.73963 0.514043 2.25055 0.0207782 -0.0137544 -0.0515549 0.127332 -0.191924 -0.478547 0.057261 33.9456 -1.21984 -0.2258 3.00396 -0.0624677 -0.0872873 2.32765 -1.62567 0.631105 0.905242 0.329361 -0.26495 2.94728

504.664 0.203601 0.531585 2.15337 -2.87336 0.699096 2.72159 0.17726 0.56168 2.23483 -2.89855 0.729412 2.74509 -0.0263415 0.0300955 0.0814597 -0.0251929 0.0303162 0.0235011 0.0907485 3.07574 0.228122 0.515393 2.10103 -2.73712 0.513608 2.2569 0.0245207 -0.0161914 -0.0523388 0.136233 -0.185487 -0.464687 0.0600232 33.4213 -1.25936 -0.205946 3.00337 -0.0624256 -0.0874165 2.35437 -1.68852 0.64148 0.906015 0.320155 -0.267795 2.97798
504.986 0.204929 0.530361 2.15322 -2.87941 0.695104 2.71391 0.17918 0.561815 2.24711 -2.88761 0.688212 2.72094 -0.0257494 0.0314547 0.0938849 -0.00819831 -0.00689172 0.00703302 0.102307 0.883374 0.226897 0.514479 2.09856 -2.73977 0.517316 2.25097 0.0219683 -0.0158814 -0.0546667 0.139637 -0.177788 -0.462934 0.0610186 33.3261 -1.29969 -0.187434 3.00275 -0.0620514 -0.0881006 2.38098 -1.75184 0.650294 0.906759 0.31372 -0.271062 3.00845
505.247 0.210405 0.533026 2.15242 -2.88383 0.693812 2.70502 0.17918 0.561815 2.24711 -2.88761 0.688212 2.72094 -0.0312256 0.0287897 0.0946921 -0.00378241 -0.00559998 0.0159164 0.103781 1.11065 0.239163 0.522235 2.09172 -2.73671 0.52017 2.25364 0.0287583 -0.0107904 -0.0606962 0.147114 -0.173642 -0.451386 0.0680257 32.9426 -1.35455 -0.164884 3.00189 -0.0592951 -0.091565 2.41508 -1.83686 0.659582 0.907627 0.309278 -0.276087 3.04846
505.591 0.21655 0.538277 2.15092 -2.88348 0.695929 2.69968 0.183884 0.554125 2.19727 -2.90847 0.725633 2.71084 -0.0326667 0.0158474 0.0463524 -0.0249914 0.0297034 0.0111609 0.0588795 2.55941 0.246882 0.523031 2.08974 -2.73311 0.522687 2.259 0.0303319 -0.0152461 -0.0611784 0.150373 -0.173243 -0.440682 0.0699662 32.5114 -1.39628 -0.149585 3.00126 -0.0560295 -0.0955435 2.43873 -1.90089 0.664638 0.908162 0.308988 -0.279001 3.078
505.891 0.221311 0.543438 2.14971 -2.88052 0.701003 2.69398 0.193195 0.574424 2.25035 -2.88489 0.682268 2.72333 -0.0281162 0.0309865 0.100636 -0.00437029 -0.0187348 0.0293503 0.108987 2.14009 0.252749 0.531036 2.08167 -2.7373 0.529653 2.25531 0.0314386 -0.0124018 -0.0680472 0.143223 -0.171351 -0.438673 0.0759777 32.1155 -1.43825 -0.135664 3.00061 -0.0526537 -0.099732 2.46013 -1.96494 0.668017 0.908569 0.310877 -0.279749 3.1074
506.255 0.222748 0.546831 2.14963 -2.87446 0.708683 2.68673 0.195435 0.569543 2.2087 -2.90974 0.729869 2.68837 -0.0273127 0.0227119 0.0590718 -0.0352804 0.0211856 0.00163867 0.0689296 2.41216 0.264518 0.544951 2.07329 -2.73581 0.532981 2.25924 0.0417702 -0.00188009 -0.0763369 0.138643 -0.175702 -0.427489 0.087038 31.4431 -1.4802 -0.123104 2.99992 -0.0495443 -0.103787 2.47898 -2.02878 0.669725 0.908814 0.313895 -0.276836 3.13705
506.499 0.221059 0.548931 2.15042 -2.86032 0.720652 2.67464 0.194811 0.568732 2.19084 -2.89484 0.761601 2.69083 -0.0262477 0.0198013 0.0404174 -0.0345222 0.0409496 0.016187 0.0521019 3.57128 0.265396 0.54844 2.07501 -2.73538 0.536989 2.26219 0.0443372 -0.000490983 -0.0754098 0.124936 -0.183663 -0.41245 0.0874795 30.2905 -1.53573 -0.108449 2.99898 -0.04565 -0.108328 2.49992 -2.11322 0.669428 0.908938 0.318095 -0.265593 -3.10576
506.837 0.216838 0.548166 2.15205 -2.84531 0.730162 2.66316 0.196788 0.581416 2.236 -2.84725 0.727003 2.65746 -0.0200492 0.0332496 0.0839507 -0.00193285 -0.00315984 -0.00570263 0.0924945 0.321425 0.260412 0.552288 2.07385 -2.73876 0.54111 2.2597 0.0435742 0.00412164 -0.0781997 0.106554 -0.189052 -0.403466 0.0896153 29.2366 -1.57685 -0.0989944 2.99834 -0.042668 -0.111185 2.51248 -2.1758 0.667297 0.908993 0.320636 -0.251638 -3.07493
507.188 0.211938 0.546753 2.15364 -2.82636 0.739066 2.65061 0.186986 0.569326 2.18973 -2.82853 0.796891 2.65963 -0.0249517 0.0225722 0.0360916 -0.00217046 0.0578243 0.00901994 0.0493426 3.36872 0.261927 0.557717 2.07218 -2.73856 0.542457 2.26089 0.0499896 0.0109641 -0.0814569 0.0878009 -0.196609 -0.389719 0.0961998 27.9896 -1.61736 -0.0908134 2.99789 -0.0393592 -0.113523 2.52245 -2.23745 0.663537 0.909107 0.322531 -0.232732 -3.04383
507.54 0.200287 0.541241 2.15812 -2.79211 0.751412 2.63123 0.185526 0.57706 2.24198 -2.81196 0.771855 2.64352 -0.0147607 0.0358194 0.0838588 -0.019841 0.0204428 0.0122835 0.0923754 2.06488 0.258197 0.555724 2.07626 -2.73846 0.543322 2.26184 0.0579098 0.0144838 -0.0818621 0.0536504 -0.208089 -0.369398 0.101315 26.0085 -1.67024 -0.0817734 2.99781 -0.0345973 -0.116196 2.53203 -2.31775 0.656028 0.909406 0.324335 -0.199015 -3.00246
507.93 0.190036 0.537838 2.16131 -2.76074 0.759824 2.61704 0.173812 0.567881 2.21778 -2.78911 0.776115 2.62363 -0.0162239 0.0300429 0.0564707 -0.0283639 0.0162914 0.00658303 0.0659904 2.12283 0.25229 0.556902 2.07895 -2.73973 0.544469 2.261 0.0622543 0.0190642 -0.0823576 0.0210096 -0.215354 -0.356042 0.104985 24.4557 -1.70892 -0.0762982 2.99817 -0.0309455 -0.118132 2.5367 -2.3762 0.64859 0.90977 0.325155 -0.168005 -2.97208
508.259 0.178099 0.534954 2.16451 -2.7256 0.767428 2.60311 0.161005 0.562297 2.21489 -2.80345 0.789946 2.59265 -0.0170946 0.027343 0.0503829 -0.0778479 0.0225176 -0.0104609 0.0598189 4.26168 0.252604 0.563785 2.07825 -2.73956 0.545266 2.26096 0.0745045 0.0288318 -0.0862621 -0.013963 -0.222163 -0.342154 0.117573 22.9393 -1.74668 -0.0718646 2.99893 -0.0272869 -0.120074 2.5395 -2.4329 0.639673 0.910303 0.325529 -0.13342 -2.94283
508.59 0.159871 0.532232 2.1687 -2.67361 0.776713 2.58605 0.149356 0.568562 2.25894 -2.7969 0.779341 2.54687 -0.0105152 0.0363305 0.0902456 -0.123298 0.00262743 -0.0391733 0.0978506 5.71889 0.247615 0.567032 2.08198 -2.73799 0.545595 2.26123 0.087744 0.0348004 -0.0867153 -0.0643876 -0.231118 -0.324816 0.128178 21.1928 -1.79545 -0.0674689 3.00073 -0.0224724 -0.122603 2.54077 -2.50527 0.62557 0.911348 0.326352 -0.0829203 -2.90624
508.902 0.145061 0.531753 2.17157 -2.63086 0.783519 2.5755 0.131355 0.555588 2.22316 -2.63073 0.787861 2.6113 -0.0137065 0.0238348 0.0515911 0.000132168 0.00434176 0.0358046 0.0584603 2.06109 0.23793 0.567575 2.08643 -2.73717 0.545455 2.26154 0.0928687 0.0358214 -0.0851377 -0.106305 -0.238065 -0.31396 0.130982 20.2336 -1.83077 -0.0652408 3.00279 -0.0188697 -0.124578 2.5402 -2.55676 0.613404 0.912391 0.328118 -0.0425565 -2.88095
509.222 0.129787 0.533231 2.17405 -2.58473 0.790621 2.56784 0.115911 0.555217 2.22559 -2.61834 0.821616 2.57047 -0.0138761 0.0219862 0.0515424 -0.033617 0.0309952 0.00262792 0.0577283 2.70269 0.233108 0.57389 2.08859 -2.73529 0.545248 2.26193 0.103321 0.0406595 -0.0854621 -0.150567 -0.245373 -0.305906 0.140115 19.7289 -1.86495 -0.0638807 3.00554 -0.0152457 -0.126753 2.53861 -2.60554 0.599958 0.913655 0.331589 -0.000601861 -2.85757
509.569 0.114836 0.536094 2.17619 -2.53587 0.797688 2.56311 0.0982259 0.566693 2.26755 -2.58817 0.794346 2.53538 -0.0166105 0.0305988 0.0913605 -0.0522962 -0.00334221 -0.0277271 0.0977698 2.17601 0.220835 0.575322 2.08998 -2.73336 0.544777 2.26292 0.105999 0.0392274 -0.0862137 -0.197481 -0.252911 -0.300187 0.142153 19.7044 -1.89792 -0.0633548 3.009 -0.0114094 -0.128809 2.53623 -2.65132 0.58534 0.915112 0.336921 0.0423108 -2.83602
510.81 0.058594 0.563435 2.17907 -2.32625 0.812342 2.55134 0.0391561 0.596054 2.2966 -2.41037 0.85127 2.509 -0.019438 0.0326192 0.117523 -0.0841185 0.0389281 -0.0423451 0.123505 4.09845 0.200332 0.601395 2.08039 -2.71824 0.543233 2.26435 0.141738 0.0379604 -0.0986801 -0.391992 -0.269109 -0.286997 0.176828 23.2646 -2.03388 -0.0705311 3.02753 0.00717029 -0.133633 2.52 -2.82024 0.50713 0.919194 0.361571 0.224859 -2.75854
511.111 0.0478992 0.57115 2.17828 -2.29826 0.810247 2.54362 0.0261818 0.583956 2.22029 -2.30888 0.815282 2.56474 -0.0217174 0.0128055 0.0420067 -0.0106248 0.00503522 0.0211263 0.0489917 1.72896 0.197458 0.606771 2.08026 -2.71589 0.542744 2.26423 0.149559 0.0356213 -0.0980272 -0.417634 -0.267503 -0.279388 0.182335 23.9898 -2.05883 -0.0738131 3.03 0.0103109 -0.133651 2.51632 -2.84633 0.489528 0.91786 0.361215 0.252181 -2.74748
511.429 0.0400547 0.57917 2.17672 -2.28045 0.806961 2.53305 0.0158521 0.60724 2.27093 -2.29422 0.816565 2.5473 -0.0242027 0.0280708 0.0942079 -0.013773 0.00960461 0.0142573 0.101237 1.59004 0.193227 0.611966 2.08353 -2.71352 0.541588 2.2649 0.153173 0.032796 -0.0931922 -0.433078 -0.265372 -0.268142 0.18227 24.4601 -2.08218 -0.0776223 3.0316 0.013348 -0.132999 2.51277 -2.8688 0.472015 0.915435 0.358758 0.272933 -2.73853
511.778 0.0324755 0.589439 2.17412 -2.27247 0.801473 2.5152 0.00671139 0.597713 2.19947 -2.25914 0.881043 2.55846 -0.0257641 0.00827366 0.0253581 0.0133292 0.0795699 0.0432586 0.0370847 4.96838 0.192025 0.615386 2.08728 -2.71107 0.53918 2.26386 0.15955 0.0259464 -0.0868399 -0.438607 -0.262293 -0.251345 0.183495 24.6373 -2.11076 -0.0834434 3.03249 0.0172842 -0.131211 2.50829 -2.89323 0.449092 0.910687 0.35257 0.288669 -2.73017
512.091 0.0286421 0.597696 2.17163 -2.27753 0.797433 2.50045 0.000946622 0.623361 2.25751 -2.29827 0.826802 2.50135 -0.0276954 0.0256648 0.0858865 -0.0207489 0.0293688 0.00090707 0.0938201 2.08262 0.193963 0.616042 2.0883 -2.7097 0.537285 2.26227 0.16532 0.0183461 -0.0833267 -0.43217 -0.260148 -0.238174 0.18604 24.4091 -2.13023 -0.0882832 3.03225 0.019957 -0.129637 2.50514 -2.90751 0.43242 0.906042 0.346471 0.291125 -2.72668
512.454 0.0264263 0.606583 2.16859 -2.29108 0.793743 2.48553 -0.00301126 0.631119 2.25354 -2.28954 0.817373 2.48207 -0.0294376 0.0245356 0.0849514 0.00153661 0.02363 -0.00345682 0.093195 1.38027 0.193464 0.615537 2.0897 -2.70782 0.535203 2.2613 0.167038 0.00895356 -0.0788924 -0.416744 -0.258539 -0.224228 0.184948 23.8681 -2.14799 -0.0934573 3.03117 0.0222869 -0.128004 2.50215 -2.91849 0.416375 0.900489 0.339692 0.285831 -2.72566
512.801 0.0248146 0.615493 2.16529 -2.31194 0.790631 2.47135 -0.00694753 0.644022 2.25397 -2.3189 0.806271 2.46501 -0.0317621 0.0285287 0.0886862 -0.00695664 0.0156405 -0.00633781 0.0984274 0.9417 0.19422 0.61453 2.08942 -2.70713 0.533556 2.25948 0.169406 -0.000963124 -0.0758617 -0.395193 -0.257075 -0.211871 0.185618 23.0934 -2.16401 -0.0989093 3.02922 0.023971 -0.126189 2.49932 -2.9263 0.401114 0.89405 0.332857 0.273669 -2.72704
513.144 0.0239019 0.626926 2.1607 -2.34842 0.788303 2.45566 -0.00695029 0.655205 2.25524 -2.35054 0.791366 2.44658 -0.0308522 0.028279 0.094535 -0.00211795 0.00306275 -0.00908092 0.103385 0.475601 0.193257 0.61206 2.0904 -2.70622 0.531991 2.25738 0.169356 -0.0148665 -0.0703052 -0.357795 -0.256312 -0.198281 0.183971 21.7878 -2.18263 -0.106539 3.02521 0.0253923 -0.123419 2.49574 -2.93216 0.382152 0.884108 0.325765 0.247914 -2.7323
513.464 0.0252497 0.634743 2.15717 -2.38042 0.787621 2.44673 -0.00788452 0.664434 2.2465 -2.36862 0.822959 2.44339 -0.0331342 0.0296912 0.0893362 0.0118008 0.0353381 -0.00334603 0.0998018 2.18642 0.19091 0.608139 2.09441 -2.70563 0.531098 2.25544 0.16566 -0.0266038 -0.0627588 -0.32521 -0.256523 -0.19129 0.179136 20.7176 -2.19455 -0.112491 3.02107 0.0263196 -0.121145 2.49316 -2.93345 0.369134 0.875709 0.322259 0.222119 -2.73881
513.795 0.0278904 0.642341 2.15377 -2.41727 0.78791 2.44026 -0.00694981 0.675977 2.25557 -2.37417 0.780082 2.43383 -0.0348402 0.033636 0.101792 0.0431069 -0.00782773 -0.00643147 0.112724 2.77897 0.190259 0.603286 2.09752 -2.70603 0.530201 2.25242 0.162369 -0.0390554 -0.0562494 -0.288758 -0.257709 -0.187839 0.176218 19.653 -2.20471 -0.118602 3.01596 0.0272392 -0.118756 2.49068 -2.93241 0.357257 0.866614 0.32058 0.191291 -2.74748
514.173 0.033535 0.651586 2.1493 -2.4692 0.791645 2.43714 -0.0029124 0.679977 2.2364 -2.46318 0.836462 2.42228 -0.0364474 0.0283915 0.0871034 0.00602019 0.0448168 -0.0148653 0.0985976 2.80449 0.191704 0.594885 2.09999 -2.70645 0.529331 2.24788 0.158169 -0.056701 -0.0493098 -0.237249 -0.262313 -0.189261 0.175111 18.5686 -2.21554 -0.126914 3.00779 0.0282601 -0.115717 2.48752 -2.92786 0.343222 0.853598 0.323198 0.143501 -2.76201
514.44 0.0390498 0.656879 2.1463 -2.50838 0.797332 2.43886 0.00193301 0.681725 2.21049 -2.41997 0.791655 2.46491 -0.0371168 0.0248452 0.0641939 0.0884092 -0.00567663 0.0260528 0.0782035 4.14756 0.191722 0.588814 2.10146 -2.70589 0.528348 2.24494 0.152672 -0.0680659 -0.044845 -0.197505 -0.268983 -0.193912 0.173069 18.2222 -2.22163 -0.133212 3.00074 0.0288729 -0.11326 2.48531 -2.92241 0.334076 0.843261 0.329717 0.104495 -2.77476
514.765 0.0454511 0.660641 2.14413 -2.54852 0.805818 2.444 0.00883293 0.69504 2.2315 -2.53674 0.822645 2.41096 -0.0366181 0.0343993 0.0873716 0.0117793 0.0168273 -0.0330355 0.100787 2.61254 0.192624 0.581895 2.10161 -2.70544 0.526829 2.24205 0.147173 -0.0787461 -0.0425131 -0.156924 -0.278989 -0.201955 0.172244 18.4298 -2.22601 -0.139502 2.9929 0.0294557 -0.110287 2.48329 -2.9155 0.326124 0.832463 0.340356 0.0642125 -2.78884
515.138 0.0549132 0.663135 2.14202 -2.59963 0.820636 2.4546 0.0157085 0.700285 2.23267 -2.5601 0.818413 2.44755 -0.0392046 0.03715 0.0906465 0.0395285 -0.00222283 -0.00704621 0.105517 2.57785 0.19488 0.569778 2.10208 -2.70409 0.524967 2.23782 0.139967 -0.0933566 -0.0399494 -0.104466 -0.295668 -0.216775 0.172922 19.5603 -2.22926 -0.147743 2.98128 0.0300546 -0.106133 2.48094 -2.90452 0.317401 0.817481 0.359923 0.010049 -2.80947
515.468 0.0613565 0.664215 2.14085 -2.6368 0.834244 2.46457 0.0241522 0.690908 2.19674 -2.6157 0.856932 2.44986 -0.0372043 0.0266932 0.0558816 0.0211014 0.0226877 -0.0147052 0.0722457 2.32069 0.196055 0.561591 2.10263 -2.70317 0.524184 2.23463 0.134698 -0.102624 -0.0382238 -0.0663676 -0.31006 -0.229936 0.173598 20.9496 -2.22981 -0.153707 2.97157 0.029917 -0.103319 2.47945 -2.89534 0.312263 0.805789 0.377496 -0.0301169 -2.82613
515.867 0.0670498 0.6646 2.14007 -2.67213 0.850162 2.47615 0.0309249 0.693536 2.19896 -2.64006 0.833757 2.46176 -0.0361248 0.0289357 0.0588918 0.0320642 -0.0164048 -0.014386 0.0749034 2.68278 0.197889 0.554598 2.10368 -2.70267 0.523689 2.23172 0.130839 -0.110002 -0.0363891 -0.0305408 -0.326473 -0.244427 0.174767 22.7175 -2.22884 -0.159407 2.96102 0.0293211 -0.100789 2.47822 -2.88564 0.308227 0.793672 0.397724 -0.0691423 -2.84356
516.224 0.0723781 0.66427 2.13969 -2.70481 0.86784 2.48893 0.0381126 0.702405 2.22389 -2.67764 0.85268 2.46949 -0.0342655 0.0381352 0.0841928 0.0271723 -0.0151602 -0.0194467 0.0985741 2.65505 0.199887 0.548943 2.10544 -2.70068 0.523304 2.22879 0.127509 -0.115327 -0.0342536 0.00413239 -0.344536 -0.260146 0.175306 24.784 -2.2264 -0.164793 2.94969 0.0285479 -0.0985466 2.47723 -2.87565 0.305223 0.781206 0.420131 -0.106181 -2.86144
516.528 0.0784719 0.661372 2.14019 -2.74322 0.892664 2.50663 0.0438415 0.699125 2.21652 -2.71928 0.908006 2.47513 -0.0346304 0.0377533 0.0763353 0.0239409 0.0153419 -0.0315018 0.0919329 3.12913 0.201029 0.541398 2.10783 -2.69804 0.522359 2.22521 0.122557 -0.119974 -0.0323624 0.0451838 -0.370306 -0.281428 0.174531 27.7192 -2.22102 -0.171411 2.93349 0.0271934 -0.0954038 2.47635 -2.86219 0.302704 0.764095 0.452026 -0.150336 -2.88508
516.881 0.0823069 0.657151 2.14142 -2.76682 0.911905 2.52042 0.0484661 0.69189 2.20579 -2.69133 0.918766 2.53657 -0.0338408 0.0347392 0.0643787 0.075494 0.00686063 0.0161472 0.0806017 3.6572 0.201848 0.533713 2.10898 -2.69752 0.521127 2.22293 0.119541 -0.123438 -0.0324373 0.0693059 -0.390778 -0.297493 0.17487 29.8849 -2.21551 -0.175889 2.92064 0.0260504 -0.0927846 2.476 -2.85217 0.301772 0.750938 0.4771 -0.17828 -2.90198
517.221 0.0848191 0.653223 2.14281 -2.78473 0.931794 2.53519 0.0536477 0.691208 2.21897 -2.78044 0.914363 2.49644 -0.0311714 0.0379844 0.0761661 0.00429198 -0.0174301 -0.0387509 0.0906407 2.61883 0.202551 0.526127 2.10955 -2.69705 0.520487 2.22137 0.117732 -0.127096 -0.0332593 0.0876741 -0.411306 -0.313822 0.17641 31.9318 -2.20887 -0.179893 2.90726 0.0245889 -0.0908424 2.47588 -2.8424 0.301533 0.737539 0.502381 -0.201544 -2.91766
517.563 0.0859296 0.648849 2.14482 -2.79793 0.958784 2.55688 0.0564914 0.697304 2.25419 -2.80914 0.90923 2.50967 -0.0294382 0.0484548 0.109366 -0.0112152 -0.0495539 -0.0472043 0.123188 3.60457 0.204732 0.521685 2.11341 -2.69348 0.520936 2.21992 0.118803 -0.127164 -0.0314118 0.104445 -0.437847 -0.336957 0.176837 34.4699 -2.19845 -0.184443 2.88873 0.0221777 -0.0893928 2.476 -2.8299 0.302075 0.719296 0.535478 -0.224178 -2.93565
517.877 0.0852001 0.645394 2.14671 -2.79892 0.97872 2.57463 0.0553787 0.679463 2.20907 -2.77318 0.954475 2.57219 -0.0298214 0.0340692 0.0623614 0.0257405 -0.0242448 -0.00244018 0.0770647 2.11267 0.206401 0.521002 2.11658 -2.69189 0.521587 2.22001 0.1212 -0.124392 -0.0301223 0.107024 -0.457133 -0.354623 0.176268 36.0516 -2.1896 -0.187259 2.8745 0.0201164 -0.0886968 2.4763 -2.82097 0.302968 0.705421 0.559253 -0.234064 -2.94611
518.195 0.0835622 0.641173 2.14899 -2.79163 0.997626 2.59365 0.052876 0.667218 2.18475 -2.79275 1.01078 2.58328 -0.0306862 0.0260451 0.0357565 -0.00112313 0.0131504 -0.0103763 0.0538379 0.927884 0.206076 0.516845 2.11622 -2.6904 0.522345 2.22037 0.122514 -0.124328 -0.032766 0.101223 -0.475282 -0.373281 0.177597 37.3581 -2.17999 -0.189575 2.86012 0.0180535 -0.0880196 2.47678 -2.8124 0.304156 0.691439 0.581574 -0.237449 -2.95336
518.559 0.0804857 0.633454 2.15287 -2.77023 1.01978 2.62002 0.0530077 0.674637 2.23123 -2.79455 1.01915 2.58283 -0.027478 0.0411832 0.0783549 -0.0243207 -0.000633145 -0.0371807 0.0926854 1.19321 0.20755 0.513647 2.11739 -2.68694 0.522898 2.22059 0.127064 -0.119807 -0.0354785 0.083286 -0.496881 -0.399427 0.178207 38.7216 -2.16621 -0.191908 2.84077 0.0154643 -0.0865833 2.47777 -2.80153 0.306065 0.672674 0.607761 -0.232326 -2.95751
519.203 0.0723404 0.620498 2.15903 -2.7239 1.04458 2.65758 0.046704 0.666579 2.25659 -2.78767 1.04994 2.60869 -0.0256364 0.0460802 0.0975558 -0.0637658 0.00536158 -0.0488841 0.110895 1.88741 0.208038 0.504743 2.12032 -2.68595 0.523153 2.22076 0.135697 -0.115755 -0.0387161 0.0379501 -0.521423 -0.436816 0.182516 39.8361 -2.14412 -0.193802 2.81104 0.0111282 -0.0845372 2.47995 -2.78661 0.309328 0.644211 0.636368 -0.211485 -2.95387
519.848 0.0595358 0.609441 2.16476 -2.65988 1.06284 2.69916 0.0348239 0.652141 2.25434 -2.73131 1.07209 2.65975 -0.024712 0.0427001 0.0895753 -0.0714213 0.00925126 -0.0394102 0.102263 2.43639 0.208764 0.502609 2.12517 -2.68591 0.523492 2.22213 0.149228 -0.106832 -0.0395976 -0.0260256 -0.53935 -0.477034 0.18775 40.3374 -2.1176 -0.193793 2.77558 0.00607196 -0.0843736 2.48311 -2.77109 0.313 0.610637 0.656852 -0.178968 -2.942
520.153 0.0546995 0.605298 2.16663 -2.63401 1.06716 2.71529 0.0286896 0.640473 2.24109 -2.60595 1.09416 2.72347 -0.0260099 0.0351749 0.0744668 0.0280605 0.0269984 0.00818186 0.086366 1.96662 0.210015 0.504224 2.12971 -2.68564 0.523241 2.22332 0.155316 -0.101074 -0.0369191 -0.0516274 -0.543917 -0.491974 0.188949 40.4219 -2.10634 -0.1932 2.76035 0.00464506 -0.0846046 2.48447 -2.76495 0.314344 0.596316 0.662725 -0.165604 -2.93705
520.53 0.0503471 0.602814 2.16838 -2.60925 1.06961 2.73085 0.0234095 0.652779 2.29807 -2.65295 1.07902 2.70173 -0.0269375 0.0499655 0.129684 -0.0437029 0.00941465 -0.0291297 0.141563 1.41333 0.209814 0.504778 2.13539 -2.68473 0.52257 2.22449 0.159466 -0.0980358 -0.0329865 -0.0754762 -0.547036 -0.506366 0.190076 40.4899 -2.09527 -0.192316 2.74529 0.00353673 -0.08527 2.48573 -2.75903 0.315527 0.58218 0.666833 -0.153366 -2.93303
520.826 0.0432705 0.599622 2.16986 -2.58416 1.06973 2.74689 0.0181308 0.639615 2.26576 -2.62171 1.07192 2.715 -0.0251396 0.0399925 0.0958981 -0.0375537 0.00218973 -0.0318874 0.106901 1.0408 0.211351 0.506948 2.1399 -2.6839 0.522566 2.22686 0.16808 -0.0926741 -0.0299548 -0.0997442 -0.547166 -0.520028 0.194259 40.4149 -2.08088 -0.19077 2.72549 0.00186286 -0.0862676 2.48715 -2.75141 0.316899 0.563747 0.668808 -0.140036 -2.92974
521.153 0.0364467 0.597783 2.17067 -2.57114 1.06854 2.75547 0.0121431 0.636126 2.26034 -2.54593 1.09091 2.78435 -0.0243036 0.0383424 0.089674 0.0252144 0.0223772 0.028882 0.10051 1.5009 0.209362 0.508727 2.14164 -2.68375 0.523053 2.22873 0.172915 -0.0890559 -0.0290299 -0.11261 -0.545483 -0.526744 0.196655 40.2908 -2.07045 -0.189415 2.71089 3.71587e-05 -0.0870524 2.48793 -2.7458 0.31777 0.550206 0.66819 -0.132298 -2.92871
521.485 0.0295935 0.596094 2.17132 -2.562 1.06633 2.76121 0.00320846 0.622788 2.22687 -2.51614 1.08551 2.7969 -0.0263851 0.0266943 0.0555454 0.0458584 0.0191818 0.0356904 0.0670376 1.684 0.205708 0.510655 2.14496 -2.68394 0.523461 2.23008 0.176114 -0.0854395 -0.0263602 -0.121936 -0.542872 -0.53113 0.197512 40.1306 -2.06037 -0.187987 2.69654 -0.00177473 -0.0876912 2.48845 -2.74016 0.318522 0.536879 0.666216 -0.125931 -2.92836
522.153 0.0171178 0.591408 2.17243 -2.55025 1.05933 2.76586 -0.0107776 0.642461 2.30788 -2.58961 1.05906 2.73429 -0.0278954 0.0510528 0.135451 -0.0393536 -0.000271613 -0.0315624 0.147416 1.11522 0.202818 0.510686 2.14848 -2.68695 0.524665 2.23183 0.1857 -0.0807225 -0.0239473 -0.136699 -0.534669 -0.534021 0.203897 39.5749 -2.03862 -0.184818 2.66427 -0.00454552 -0.0880931 2.48881 -2.72641 0.319863 0.506449 0.659489 -0.114482 -2.92779
522.505 0.0129211 0.589448 2.17287 -2.54841 1.05794 2.766 -0.0153686 0.620056 2.23801 -2.50708 1.10761 2.77576 -0.0282897 0.0306086 0.0651345 0.0413257 0.0496767 0.00975905 0.0773285 3.41764 0.203009 0.515042 2.15455 -2.68795 0.525248 2.23273 0.190088 -0.0744058 -0.0183237 -0.139543 -0.532687 -0.533271 0.204952 39.4058 -2.03018 -0.183654 2.65092 -0.00546248 -0.0878289 2.48872 -2.72023 0.320191 0.493587 0.657931 -0.111741 -2.92752
522.844 0.00930492 0.587483 2.17321 -2.54904 1.0573 2.76444 -0.0200933 0.614024 2.22329 -2.53023 1.09569 2.78715 -0.0293982 0.0265414 0.0500871 0.0188064 0.0383885 0.0227026 0.0638546 2.28533 0.200668 0.515595 2.15766 -2.68884 0.525886 2.23287 0.191363 -0.0718874 -0.0155501 -0.139807 -0.531417 -0.531579 0.205011 39.2866 -2.02234 -0.182659 2.63787 -0.00631319 -0.0873431 2.48855 -2.7139 0.320422 0.480852 0.656724 -0.110373 -2.92708
523.194 0.00553266 0.58555 2.17356 -2.55205 1.05778 2.76079 -0.0242105 0.617024 2.2448 -2.56204 1.08318 2.74292 -0.0297432 0.0314747 0.0712447 -0.00999047 0.0253966 -0.0178775 0.0833733 1.56997 0.196505 0.5133 2.16128 -2.69032 0.526693 2.23273 0.190973 -0.0722493 -0.012278 -0.138277 -0.531089 -0.528065 0.204552 39.1787 -2.01291 -0.18163 2.62101 -0.00737633 -0.0865452 2.48825 -2.70525 0.32059 0.464107 0.655884 -0.10999 -2.92596
523.464 0.0040235 0.584561 2.17372 -2.55515 1.05886 2.75736 -0.0274564 0.622015 2.27016 -2.56419 1.05705 2.74259 -0.0314799 0.0374542 0.0964326 -0.00903873 -0.00180429 -0.0147706 0.108134 0.481327 0.192926 0.511169 2.16476 -2.69158 0.527307 2.23224 0.188902 -0.0733919 -0.00895961 -0.136429 -0.531549 -0.525117 0.202856 39.1307 -2.00667 -0.181098 2.60871 -0.00788298 -0.0858436 2.48801 -2.69865 0.320617 0.451629 0.655889 -0.11046 -2.92475
523.825 0.00371354 0.584209 2.17364 -2.55808 1.05968 2.7535 -0.0283672 0.618755 2.26181 -2.51696 1.08671 2.76944 -0.0320807 0.0345458 0.0881779 0.0411161 0.0270335 0.0159395 0.0999896 2.23633 0.189907 0.508156 2.16589 -2.69263 0.527359 2.2318 0.186193 -0.076053 -0.00774538 -0.134553 -0.532319 -0.5217 0.201276 39.0827 -2.00117 -0.180773 2.59658 -0.00811056 -0.0852368 2.48778 -2.69198 0.320617 0.439094 0.65564 -0.110784 -2.92313
524.128 0.00542783 0.586129 2.17325 -2.56068 1.05953 2.7483 -0.0283672 0.618755 2.26181 -2.51696 1.08671 2.76944 -0.033795 0.0326262 0.0885624 0.043724 0.0271814 0.021141 0.100249 2.19891 0.188404 0.503637 2.16702 -2.69272 0.527321 2.23191 0.182976 -0.0824915 -0.0062277 -0.132037 -0.532209 -0.516388 0.200808 38.9469 -1.99503 -0.180642 2.58054 -0.00793135 -0.0850139 2.48752 -2.68312 0.320636 0.422191 0.654096 -0.110491 -2.92061
524.456 0.00751396 0.5884 2.17236 -2.56188 1.05755 2.74394 -0.0274564 0.622015 2.27016 -2.56419 1.05705 2.74259 -0.0349704 0.0336153 0.0977956 -0.0023068 -0.000495702 -0.00135338 0.109165 0.0791294 0.188762 0.500507 2.16824 -2.69186 0.527475 2.23215 0.181248 -0.0878927 -0.00412078 -0.12998 -0.530074 -0.511796 0.201477 38.7418 -1.99128 -0.180759 2.56835 -0.00767898 -0.0852215 2.48735 -2.67659 0.320761 0.409192 0.650917 -0.109124 -2.91854
524.772 0.00995119 0.592637 2.17158 -2.56194 1.05358 2.73921 -0.0242134 0.618981 2.2448 -2.55623 1.08297 2.74643 -0.0341646 0.0263438 0.0732165 0.00570143 0.0293985 0.00722322 0.0849816 1.69651 0.189618 0.498614 2.169 -2.69098 0.527988 2.2322 0.179667 -0.0940232 -0.00257904 -0.129049 -0.525588 -0.507015 0.202798 38.4074 -1.98823 -0.181052 2.55592 -0.00761722 -0.085909 2.48721 -2.67023 0.321041 0.395864 0.645691 -0.106285 -2.9164
525.096 0.0129888 0.599347 2.16994 -2.55763 1.04699 2.73555 -0.0231098 0.648015 2.33148 -2.61936 1.04781 2.69161 -0.0360986 0.0486682 0.161537 -0.0617284 0.000819428 -0.0439409 0.172528 1.85055 0.19029 0.496605 2.1693 -2.6899 0.528584 2.23222 0.177302 -0.102743 -0.000642318 -0.132271 -0.51841 -0.503331 0.20492 37.9137 -1.98516 -0.181738 2.53905 -0.0079036 -0.0873767 2.48704 -2.66206 0.321605 0.377623 0.637585 -0.0997505 -2.91364
525.443 0.0159961 0.605595 2.16852 -2.54972 1.04105 2.73552 -0.0205242 0.638732 2.26968 -2.57199 1.06855 2.71502 -0.0365204 0.0331363 0.101159 -0.0222668 0.0274977 -0.0204948 0.112539 1.69766 0.190848 0.495968 2.1698 -2.68845 0.528641 2.2323 0.174852 -0.109627 0.00128105 -0.138728 -0.512411 -0.503219 0.206381 37.5318 -1.98352 -0.182515 2.52611 -0.00801705 -0.088994 2.48691 -2.65623 0.3222 0.363548 0.631107 -0.0923486 -2.91159
525.782 0.0198841 0.611588 2.16721 -2.53767 1.03373 2.73691 -0.0165707 0.646977 2.27079 -2.56323 1.06803 2.72177 -0.0364548 0.0353883 0.103571 -0.0255614 0.0342958 -0.015141 0.115362 2.13387 0.190932 0.495413 2.17015 -2.68711 0.529032 2.23219 0.171048 -0.116176 0.0029353 -0.14944 -0.504699 -0.504719 0.206792 37.056 -1.98235 -0.183559 2.51286 -0.00793247 -0.0905442 2.48675 -2.65063 0.323012 0.349111 0.624077 -0.0818473 -2.90906
526.134 0.0245244 0.616441 2.16628 -2.52311 1.02513 2.73843 -0.0127408 0.660482 2.29358 -2.57626 1.05095 2.69012 -0.0372652 0.0440411 0.127303 -0.0531447 0.0258241 -0.048316 0.139766 2.14484 0.191317 0.497155 2.17411 -2.68623 0.529144 2.23177 0.166792 -0.119286 0.00783538 -0.163119 -0.495985 -0.506662 0.205208 36.5124 -1.98159 -0.184898 2.49926 -0.00769435 -0.0916963 2.48659 -2.64533 0.324073 0.334352 0.616497 -0.0687315 -2.90598
526.44 0.0310794 0.620459 2.16564 -2.50439 1.01153 2.73728 -0.00664328 0.656665 2.26325 -2.51106 1.03085 2.75104 -0.0377227 0.0362056 0.0976064 -0.0066782 0.019315 0.0137566 0.110729 1.58338 0.192162 0.498039 2.17573 -2.68626 0.528483 2.231 0.161082 -0.12242 0.0100845 -0.181879 -0.483051 -0.506279 0.202573 35.6564 -1.98103 -0.187159 2.48044 -0.00748013 -0.0924731 2.48639 -2.63891 0.325993 0.314304 0.604365 -0.0489421 -2.90097
526.714 0.0360157 0.621305 2.1655 -2.49164 1.00008 2.7331 -0.00170728 0.658449 2.25922 -2.52826 1.04052 2.71601 -0.037723 0.0371445 0.0937219 -0.036621 0.0404346 -0.0170914 0.107641 2.68803 0.192061 0.496945 2.17586 -2.68675 0.527925 2.23073 0.156045 -0.12436 0.0103653 -0.195111 -0.472158 -0.502368 0.199807 34.8835 -1.9809 -0.189204 2.46581 -0.00752262 -0.0924515 2.48629 -2.6346 0.327864 0.299042 0.593647 -0.0325916 -2.89609
526.998 0.0411823 0.620799 2.16566 -2.48025 0.988709 2.72666 0.00418065 0.65509 2.24778 -2.48735 1.00399 2.73562 -0.0370017 0.034291 0.0821202 -0.00709933 0.0152806 0.00895973 0.096378 1.24333 0.191705 0.495577 2.17752 -2.68741 0.527234 2.23053 0.150523 -0.125222 0.0118569 -0.207153 -0.461476 -0.496133 0.196159 34.0833 -1.98098 -0.191526 2.45078 -0.00760528 -0.0921135 2.48625 -2.6308 0.330057 0.283653 0.58254 -0.0160123 -2.89026
527.313 0.0486319 0.61872 2.16631 -2.46809 0.974715 2.71489 0.0119278 0.650666 2.23258 -2.46585 1.04415 2.72441 -0.0367041 0.0319463 0.0662737 0.00224509 0.0694323 0.00951774 0.082219 4.00262 0.192747 0.491674 2.17688 -2.68839 0.526309 2.23036 0.144115 -0.127046 0.0105785 -0.220293 -0.448406 -0.484529 0.19241 33.0284 -1.98139 -0.195003 2.43022 -0.00763653 -0.0914512 2.48631 -2.62662 0.33342 0.263077 0.567977 0.00471624 -2.88125
527.653 0.054828 0.616442 2.16702 -2.45879 0.966662 2.70629 0.0167944 0.647176 2.23077 -2.46769 0.977178 2.71751 -0.0380336 0.0307339 0.0637427 -0.00889893 0.0105163 0.0112258 0.0803384 1.25648 0.192543 0.489679 2.17617 -2.68906 0.525465 2.23018 0.137715 -0.126763 0.00914248 -0.23027 -0.441197 -0.476106 0.187398 32.3734 -1.98192 -0.197835 2.41463 -0.0074569 -0.0908914 2.4864 -2.6241 0.336126 0.247674 0.559302 0.0194537 -2.87344
527.992 0.0615491 0.613664 2.16792 -2.44837 0.961234 2.69916 0.0248757 0.653694 2.25998 -2.43587 0.962066 2.70938 -0.0366733 0.0400304 0.0920639 0.0125026 0.000831929 0.0102244 0.106879 0.413068 0.193037 0.487131 2.17546 -2.68972 0.524637 2.23008 0.131488 -0.126533 0.00753885 -0.241344 -0.436597 -0.469076 0.182638 31.8766 -1.98264 -0.200794 2.399 -0.00705226 -0.0902827 2.48653 -2.62208 0.33888 0.232322 0.553477 0.0334781 -2.86491
528.304 0.0706031 0.611344 2.16913 -2.42929 0.958272 2.69451 0.0327804 0.649944 2.26067 -2.43674 0.957565 2.70789 -0.0378228 0.0385996 0.0915475 -0.00745687 -0.000706559 0.0133788 0.106308 1.14364 0.193655 0.48567 2.17566 -2.68982 0.52446 2.23014 0.123052 -0.125675 0.00653183 -0.260535 -0.433812 -0.464373 0.176007 31.4831 -1.98388 -0.204807 2.37826 -0.00639207 -0.090174 2.48672 -2.62003 0.342501 0.211937 0.550492 0.0524471 -2.85253
528.663 0.0771565 0.610914 2.16981 -2.40855 0.959316 2.69665 0.0397181 0.648847 2.2637 -2.40874 0.972841 2.69985 -0.0374385 0.0379335 0.0938911 -0.000187158 0.0135246 0.00320184 0.107964 0.798194 0.195406 0.48429 2.17315 -2.68943 0.524945 2.23042 0.11825 -0.126624 0.00334031 -0.280878 -0.434372 -0.46623 0.173286 31.4408 -1.98501 -0.207773 2.36291 -0.00590911 -0.0906902 2.48685 -2.61882 0.345032 0.196689 0.552538 0.0680434 -2.84259
528.989 0.0827225 0.611171 2.17002 -2.38348 0.962718 2.70381 0.0476427 0.649093 2.26456 -2.40628 0.969113 2.70089 -0.0350797 0.0379217 0.0945396 -0.0228003 0.00639514 -0.00291334 0.107733 1.22876 0.198121 0.482546 2.16997 -2.68898 0.525876 2.23075 0.115398 -0.128625 -4.83784e-05 -0.305502 -0.436842 -0.473057 0.172804 31.6228 -1.98627 -0.21064 2.34773 -0.0056672 -0.0915419 2.48695 -2.61785 0.347278 0.181429 0.558247 0.0847026 -2.83258
529.289 0.0875163 0.612855 2.17098 -2.35176 0.968058 2.71669 0.0535443 0.637048 2.22265 -2.36898 0.962391 2.72035 -0.033972 0.0241923 0.0516661 -0.0172172 -0.00566647 0.00365593 0.0663985 1.20918 0.199894 0.481616 2.16666 -2.68823 0.526851 2.23106 0.112378 -0.13124 -0.00432407 -0.336466 -0.441207 -0.485629 0.172834 32.0519 -1.98762 -0.21337 2.33264 -0.00560944 -0.0926756 2.487 -2.61705 0.349142 0.166073 0.567134 0.102358 -2.82278
529.612 0.0925909 0.616046 2.1719 -2.30336 0.976774 2.74158 0.0605332 0.651751 2.26689 -2.37361 0.982229 2.69636 -0.0320576 0.0357048 0.094983 -0.0702557 0.00545514 -0.0452246 0.106416 2.38655 0.199564 0.485037 2.16576 -2.68727 0.528412 2.23121 0.106974 -0.131009 -0.00613937 -0.383909 -0.448362 -0.510374 0.169247 32.9301 -1.98951 -0.216756 2.31263 -0.00569624 -0.0943981 2.48698 -2.61615 0.350821 0.145396 0.583221 0.12651 -2.81059
530.218 0.0984817 0.62228 2.17294 -2.2252 0.988105 2.78669 0.0673994 0.657653 2.26658 -2.17845 0.951942 2.83262 -0.0310822 0.035373 0.0936398 0.0467475 -0.0361629 0.0459344 0.104813 2.60023 0.199255 0.490083 2.16137 -2.68592 0.531461 2.23202 0.100773 -0.132197 -0.0115715 -0.460719 -0.456644 -0.554666 0.166629 34.454 -1.99238 -0.221249 2.28284 -0.00560687 -0.0969293 2.48676 -2.61493 0.351357 0.114108 0.60991 0.162547 -2.79424
530.515 0.10088 0.626404 2.1729 -2.17895 0.992626 2.81316 0.0702747 0.67008 2.2955 -2.209 0.981836 2.82059 -0.0306058 0.0436765 0.122602 -0.0300534 -0.0107902 0.00743395 0.1337 2.18014 0.198095 0.492958 2.15966 -2.68516 0.533439 2.23281 0.0972142 -0.133446 -0.013237 -0.506214 -0.459187 -0.58035 0.165631 35.3329 -1.99419 -0.223838 2.263 -0.00554267 -0.0982421 2.48656 -2.61405 0.350241 0.0930283 0.625191 0.184666 -2.78436
530.835 0.101829 0.630649 2.17272 -2.14851 0.994605 2.82917 0.0702695 0.662859 2.264 -2.14186 0.97261 2.83548 -0.03156 0.03221 0.0912833 0.00664745 -0.0219952 0.00631788 0.101814 1.27871 0.196496 0.4968 2.16008 -2.68455 0.53521 2.23367 0.094667 -0.133849 -0.0126392 -0.536039 -0.459395 -0.595491 0.16443 35.8524 -1.99543 -0.225567 2.24814 -0.00550175 -0.0993642 2.48641 -2.61328 0.348581 0.0771016 0.63392 0.199602 -2.77718
531.164 0.102006 0.635608 2.17228 -2.12487 0.995076 2.83878 0.07497 0.685748 2.31779 -2.12277 0.980432 2.85042 -0.0270358 0.0501398 0.145509 0.00209905 -0.0146443 0.0116469 0.156262 1.01491 0.194541 0.49922 2.16139 -2.68392 0.536837 2.23414 0.0925357 -0.136388 -0.0108868 -0.559048 -0.458239 -0.604638 0.165176 36.1834 -1.99654 -0.227133 2.23328 -0.00549225 -0.100545 2.48629 -2.61242 0.346258 0.0611276 0.638967 0.212702 -2.77015
531.497 0.101262 0.642472 2.171 -2.105 0.993645 2.84055 0.0729203 0.689561 2.31699 -2.11734 0.98241 2.85468 -0.0283419 0.047089 0.145996 -0.0123452 -0.0112348 0.014132 0.155998 1.58955 0.19056 0.501529 2.16108 -2.68397 0.538883 2.23437 0.0892978 -0.140943 -0.00992199 -0.57897 -0.454762 -0.606179 0.167145 36.2999 -1.99773 -0.229019 2.21358 -0.00548967 -0.102027 2.48619 -2.61104 0.342164 0.039852 0.639894 0.227703 -2.76072
531.845 0.100381 0.647171 2.16991 -2.09794 0.990994 2.83397 0.0705689 0.665077 2.21218 -2.06941 0.991466 2.86294 -0.0298121 0.0179057 0.0422686 0.0285324 0.00047257 0.028968 0.0547358 0.942115 0.186311 0.503872 2.16146 -2.6849 0.539855 2.2347 0.0859298 -0.143299 -0.00844585 -0.586954 -0.451138 -0.599272 0.167302 36.1748 -1.99834 -0.230328 2.19888 -0.00533343 -0.102758 2.48616 -2.6098 0.338409 0.0239183 0.636566 0.237569 -2.75355
532.176 0.0993488 0.650874 2.16885 -2.09668 0.986996 2.82152 0.0702639 0.677344 2.23338 -2.06801 1.04244 2.85095 -0.0290849 0.0264695 0.0645289 0.028672 0.0554427 0.0294238 0.0755681 3.30535 0.182691 0.504107 2.16179 -2.68577 0.540252 2.23515 0.0833418 -0.146767 -0.00705468 -0.58909 -0.446744 -0.586373 0.168927 35.8872 -1.99866 -0.23158 2.1842 -0.00502076 -0.102943 2.48617 -2.60837 0.334137 0.00797038 0.630338 0.246614 -2.74642
532.806 0.0958226 0.6575 2.16616 -2.11545 0.970985 2.77132 0.0684403 0.688322 2.23746 -2.11898 1.03174 2.79283 -0.0273823 0.0308215 0.0713025 -0.00353785 0.0607575 0.021512 0.0823638 3.75484 0.174132 0.507874 2.16835 -2.68721 0.541145 2.23678 0.0783093 -0.149626 0.00219363 -0.571767 -0.42984 -0.534535 0.168894 34.4471 -1.99814 -0.234389 2.14957 -0.00410796 -0.102506 2.48636 -2.60466 0.323019 -0.029218 0.602496 0.264432 -2.73179
533.141 0.0935245 0.659657 2.16489 -2.13225 0.961182 2.74243 0.0677545 0.702641 2.28076 -2.11707 0.971828 2.75792 -0.02577 0.0429841 0.115871 0.0151734 0.0106459 0.0154868 0.126245 0.803569 0.173173 0.507443 2.1692 -2.6872 0.541439 2.23754 0.0796488 -0.152214 0.00431656 -0.554951 -0.419743 -0.504889 0.171848 33.5141 -1.99729 -0.235586 2.13447 -0.00384636 -0.102238 2.48648 -2.60313 0.318141 -0.0450375 0.584888 0.26994 -2.72727
533.496 0.0904156 0.661395 2.16359 -2.15163 0.950058 2.71179 0.0624144 0.680886 2.19778 -2.09886 1.02186 2.78206 -0.0280012 0.01949 0.0341898 0.0527648 0.0718011 0.0702713 0.0482998 4.68617 0.170117 0.506037 2.16894 -2.68705 0.541894 2.23836 0.0797013 -0.155358 0.00534681 -0.535426 -0.408164 -0.473426 0.174691 32.4663 -1.99604 -0.236807 2.11923 -0.00387046 -0.102021 2.48659 -2.60168 0.313409 -0.0607136 0.565089 0.274695 -2.72375
534.164 0.0850981 0.660545 2.15941 -2.25128 0.907107 2.60816 0.0555785 0.694303 2.23181 -2.17502 0.95094 2.69664 -0.0295196 0.033758 0.0724032 0.0762511 0.043833 0.0884827 0.0851659 3.94943 0.164626 0.491256 2.15857 -2.69034 0.53881 2.23765 0.0795277 -0.169289 -0.000838175 -0.43906 -0.368297 -0.37051 0.18704 28.3186 -1.99117 -0.240226 2.08439 -0.00380337 -0.0989878 2.48667 -2.59453 0.302219 -0.0953605 0.490623 0.260764 -2.72985
534.516 0.0851235 0.661822 2.15359 -2.35885 0.866053 2.52875 0.055672 0.695616 2.23621 -2.2658 0.905945 2.58757 -0.0294515 0.0337935 0.0826163 0.0930506 0.0398922 0.0588231 0.0939938 4.14265 0.162827 0.477702 2.14839 -2.69547 0.534919 2.2357 0.0777032 -0.18412 -0.00520683 -0.336623 -0.331134 -0.293047 0.199913 24.2275 -1.9881 -0.24212 2.07006 -0.00382284 -0.0970831 2.4865 -2.58626 0.296406 -0.108392 0.423294 0.219048 -2.74758
534.894 0.083937 0.664083 2.14534 -2.48399 0.809021 2.44253 0.0556342 0.697704 2.23369 -2.38928 0.867877 2.51405 -0.0283028 0.0336209 0.0883439 0.0947165 0.0588565 0.0715197 0.0986715 4.95156 0.158477 0.462306 2.13189 -2.70084 0.534412 2.23561 0.0745395 -0.201777 -0.0134531 -0.216841 -0.274609 -0.206928 0.215525 18.878 -1.98374 -0.244446 2.04874 -0.00420284 -0.0959692 2.48605 -2.57704 0.290013 -0.126429 0.339813 0.161172 -2.76557
535.162 0.0838003 0.665503 2.13912 -2.56442 0.766223 2.39063 0.0556426 0.703521 2.23367 -2.50756 0.804807 2.42382 -0.0281576 0.0380179 0.0945517 0.0568619 0.0385843 0.03319 0.105727 3.21747 0.155933 0.451585 2.11857 -2.70196 0.534927 2.23598 0.0721329 -0.213918 -0.0205522 -0.137536 -0.231296 -0.154651 0.226686 15.1909 -1.98029 -0.246091 2.0318 -0.00408833 -0.095858 2.4856 -2.57135 0.286302 -0.139911 0.282672 0.118053 -2.77458
535.52 0.0839885 0.665422 2.13339 -2.63612 0.724073 2.34606 0.0561175 0.700647 2.21233 -2.64627 0.760769 2.33633 -0.027871 0.0352257 0.0789347 -0.0101537 0.0366959 -0.00972243 0.0908203 2.15195 0.154006 0.43964 2.10558 -2.70308 0.535048 2.23598 0.070017 -0.225781 -0.0278111 -0.0669584 -0.189025 -0.110072 0.238019 11.9617 -1.9766 -0.247693 2.01444 -0.00382435 -0.0957567 2.48511 -2.56658 0.283546 -0.153145 0.229464 0.0761767 -2.77938
536.159 0.0821675 0.657721 2.12238 -2.76611 0.621354 2.25969 0.0556291 0.706883 2.23171 -2.76092 0.61834 2.26003 -0.0265384 0.0491615 0.109324 0.005188 -0.00301405 0.000340338 0.122772 0.33455 0.151208 0.40604 2.07865 -2.70879 0.532599 2.23483 0.0690405 -0.251681 -0.0437343 0.0573239 -0.0887547 -0.0248577 0.264618 6.61607 -1.967 -0.251336 1.97418 -0.00378839 -0.0945775 2.48407 -2.55888 0.279902 -0.181679 0.108803 -0.0010196 -2.77607
536.477 0.0764957 0.65261 2.11784 -2.78324 0.556178 2.22861 0.0522642 0.696697 2.21167 -2.82925 0.598089 2.21674 -0.0242315 0.0440862 0.0938335 -0.0460182 0.0419112 -0.0118698 0.106468 3.35007 0.149782 0.392658 2.06753 -2.71032 0.531923 2.23464 0.0732862 -0.259953 -0.0503065 0.0729187 -0.0242556 0.00602782 0.274731 4.24399 -1.96236 -0.25297 1.95779 -0.00440193 -0.094073 2.48377 -2.55781 0.277189 -0.192196 0.0371207 -0.000114563 -2.77564
536.8 0.0745699 0.635002 2.11712 -2.79822 0.517518 2.19903 0.0445538 0.677213 2.16495 -2.83639 0.595012 2.21956 -0.0300161 0.0422106 0.0478244 -0.0381678 0.0774934 0.0205336 0.0704973 5.34742 0.147034 0.369139 2.06184 -2.7161 0.526928 2.22098 0.0724638 -0.265864 -0.0552763 0.0821202 0.00940956 0.0219567 0.281052 4.25505 -1.95451 -0.253079 1.9447 0.000807965 -0.0895033 2.4743 -2.5573 0.276321 -0.198032 0.000295244 -0.00229741 -2.7741
537.409 0.0608868 0.652089 2.12006 -2.72392 0.538341 2.188 0.044668 0.677197 2.17389 -2.8174 0.543695 2.19665 -0.0162188 0.0251078 0.053825 -0.0934816 0.00535431 0.00864793 0.0615677 5.63569 0.128455 0.398836 2.07261 -2.71254 0.527248 2.23046 0.0675686 -0.253254 -0.0474458 0.0113787 -0.0110928 0.0424564 0.266372 2.26607 -1.91818 -0.248816 1.95131 0.0031896 -0.109281 2.48136 -2.55749 0.280017 -0.187808 0.000870547 0.0655895 -2.75063
537.73 0.0433146 0.644714 2.12674 -2.66259 0.552231 2.15885 0.0279452 0.689037 2.20864 -2.80548 0.514975 2.14517 -0.0153695 0.044323 0.0819041 -0.142898 -0.0372564 -0.0136781 0.0943877 8.1036 0.111015 0.401394 2.08704 -2.72172 0.528515 2.23576 0.0677003 -0.24332 -0.0396972 -0.0591371 -0.0237168 0.0769071 0.255663 6.93545 -1.90182 -0.24659 1.96111 -0.0017538 -0.112146 2.48578 -2.5581 0.284903 -0.175982 0.000696426 0.146766 -2.7178
538.093 0.0118038 0.629722 2.13742 -2.56663 0.580223 2.09338 0.0084204 0.67076 2.18712 -2.65325 0.549477 2.14628 -0.00338344 0.0410376 0.0497004 -0.0866118 -0.0307454 0.0528973 0.0645419 7.28087 0.0824177 0.405649 2.1086 -2.73135 0.534198 2.24358 0.0706139 -0.224073 -0.0288182 -0.164718 -0.0460244 0.150197 0.236697 15.9949 -1.87979 -0.243519 1.97756 -0.0124913 -0.114833 2.49215 -2.5599 0.293961 -0.156362 0.00328882 0.284202 -2.65145
538.394 -0.00898302 0.620049 2.14544 -2.49459 0.606728 2.02595 -0.0201281 0.647204 2.16282 -2.5364 0.593838 2.10236 -0.0111451 0.0271548 0.0173852 -0.0418109 -0.0128902 0.076418 0.0341152 6.10759 0.0635861 0.409018 2.12653 -2.73547 0.540072 2.25022 0.0725691 -0.211031 -0.0189076 -0.240879 -0.0666553 0.224271 0.223959 23.7052 -1.86349 -0.241436 1.99074 -0.0200492 -0.117665 2.49745 -2.56121 0.302449 -0.140111 0.0091974 0.402057 -2.58188
538.745 -0.0307373 0.610717 2.15251 -2.42511 0.644262 1.94448 -0.0451231 0.669152 2.27898 -2.54736 0.617184 1.99745 -0.0143858 0.0584352 0.126468 -0.122257 -0.0270773 0.0529749 0.140057 9.2603 0.0426265 0.410635 2.1466 -2.73958 0.55031 2.25732 0.0733637 -0.200082 -0.00591455 -0.314473 -0.0939516 0.312848 0.21319 32.1875 -1.84737 -0.239978 2.00413 -0.0290511 -0.12096 2.50306 -2.56198 0.311556 -0.123155 0.0281854 0.522571 -2.49593
539.021 -0.0490483 0.601955 2.1599 -2.36611 0.694181 1.86931 -0.0706449 0.650059 2.26436 -2.4521 0.655807 1.90694 -0.0215966 0.048104 0.104462 -0.0859919 -0.0383734 0.037627 0.117016 6.85764 0.0246529 0.412916 2.16583 -2.7401 0.560478 2.26514 0.0737011 -0.189039 0.00593224 -0.373992 -0.133702 0.395835 0.202985 39.9718 -1.83153 -0.239666 2.0175 -0.037298 -0.124085 2.50882 -2.56175 0.320481 -0.106122 0.0726702 0.631763 -2.39587
539.328 -0.0631821 0.592266 2.16903 -2.28169 0.776365 1.81629 -0.0875937 0.631772 2.24141 -2.32109 0.700536 1.86248 -0.0244115 0.0395068 0.0723816 -0.039408 -0.0758288 0.0461919 0.0859989 6.24655 0.00814654 0.41604 2.19065 -2.73652 0.573388 2.27474 0.0713287 -0.176226 0.0216187 -0.45483 -0.202977 0.458454 0.191339 48.4677 -1.81116 -0.241783 2.03456 -0.0459239 -0.128304 2.51589 -2.55792 0.331756 -0.0846365 0.176821 0.747839 -2.26343
539.641 -0.0593972 0.587606 2.17565 -2.18308 0.838781 1.85009 -0.0983844 0.616227 2.22056 -2.2519 0.799027 1.82996 -0.0389872 0.0286206 0.0449039 -0.0688274 -0.0397541 -0.0201266 0.0659962 3.92725 0.00479349 0.416181 2.20954 -2.73094 0.578828 2.27823 0.0641906 -0.171426 0.0338822 -0.547862 -0.259953 0.42814 0.186159 52.881 -1.79714 -0.245574 2.04629 -0.0477771 -0.131318 2.51997 -2.55082 0.339707 -0.070351 0.279636 0.813945 -2.19117
539.948 -0.0421059 0.585782 2.18161 -2.02943 0.888028 1.97351 -0.094218 0.621024 2.2625 -2.16844 0.903797 1.87018 -0.0521122 0.0352416 0.0808893 -0.139013 0.0157688 -0.103323 0.102473 5.06423 0.0113135 0.418624 2.22505 -2.7258 0.578924 2.27919 0.0534193 -0.167158 0.043436 -0.696369 -0.309104 0.305688 0.180782 55.9417 -1.78437 -0.251274 2.05676 -0.0454183 -0.134143 2.52249 -2.53888 0.347338 -0.0581381 0.392897 0.867556 -2.16007
540.247 -0.00450592 0.57927 2.18869 -1.76492 0.894831 2.26059 -0.0682251 0.606585 2.2238 -1.95979 0.919992 2.02747 -0.0637192 0.0273146 0.0351147 -0.194868 0.0251611 -0.233123 0.0777127 8.36091 0.0270143 0.407534 2.24793 -2.72412 0.572574 2.27573 0.0315202 -0.171736 0.059243 -0.959198 -0.322257 0.0151377 0.184382 58.3054 -1.7693 -0.261427 2.06818 -0.0384833 -0.133966 2.52255 -2.51503 0.356974 -0.0449668 0.531124 0.919714 -2.20343
542.077 0.1978 0.520709 2.18505 -2.0394 0.650446 2.60694 0.141659 0.549913 2.25467 -1.91534 0.673015 2.66844 -0.0561408 0.029204 0.0696226 0.12406 0.0225686 0.0615018 0.0940849 5.81541 0.0577471 0.268665 2.33551 -2.72842 0.520323 2.22888 -0.140053 -0.252043 0.150456 -0.68902 -0.130124 -0.378062 0.325235 33.4953 -1.72272 -0.31312 2.09025 -0.0128857 -0.105484 2.4853 -2.35233 0.427673 -0.0195446 0.286743 0.542504 -2.86549
542.407 0.229565 0.515093 2.1793 -2.17709 0.673596 2.4952 0.183449 0.551148 2.27242 -2.0876 0.67604 2.58678 -0.0461161 0.0360547 0.0931224 0.0894851 0.00244347 0.091582 0.109993 4.49597 0.0557204 0.248663 2.34327 -2.72119 0.529266 2.22803 -0.173845 -0.26643 0.163972 -0.544108 -0.14433 -0.267165 0.357902 26.9828 -1.71693 -0.321836 2.08865 -0.0130061 -0.102435 2.47988 -2.32079 0.44559 -0.0170794 0.249953 0.460672 -2.81897
542.783 0.236185 0.513201 2.1765 -2.25972 0.699464 2.41101 0.206117 0.541564 2.24936 -2.18458 0.684554 2.48821 -0.030068 0.0283628 0.0728553 0.0751379 -0.0149093 0.0772023 0.0837641 3.81064 0.0402495 0.238317 2.34605 -2.7212 0.539349 2.22909 -0.195935 -0.274884 0.169548 -0.461478 -0.160115 -0.181924 0.377754 23.8448 -1.71265 -0.327063 2.08636 -0.0199643 -0.101152 2.47798 -2.30024 0.457596 -0.0160303 0.234983 0.424462 -2.76624
543.07 0.234446 0.515071 2.1745 -2.31569 0.722914 2.33717 0.21204 0.544117 2.26002 -2.27564 0.747959 2.40131 -0.0224058 0.0290466 0.0855186 0.0400526 0.025045 0.0641372 0.0930546 3.08413 0.0217066 0.231668 2.34767 -2.71958 0.552414 2.23217 -0.212739 -0.283402 0.173166 -0.403895 -0.1705 -0.105002 0.394413 22.3492 -1.70852 -0.331154 2.08318 -0.0296472 -0.101544 2.47783 -2.28282 0.468221 -0.0160475 0.225526 0.41272 -2.71354
543.407 0.230168 0.52463 2.1722 -2.33235 0.742262 2.27053 0.209051 0.547103 2.26014 -2.31553 0.750327 2.30669 -0.0211172 0.022473 0.0879433 0.0168203 0.00806481 0.0361675 0.0931933 1.65067 0.0042034 0.231295 2.3475 -2.71489 0.567279 2.23705 -0.225964 -0.293335 0.175299 -0.382544 -0.174984 -0.0334783 0.409677 23.0665 -1.70356 -0.335219 2.07769 -0.0414683 -0.105426 2.4799 -2.26475 0.480166 -0.0181888 0.217158 0.438288 -2.65847
543.741 0.228896 0.535134 2.17086 -2.2977 0.746467 2.25089 0.204178 0.550842 2.23929 -2.32766 0.764345 2.28146 -0.0247176 0.0157081 0.0684328 -0.0299682 0.017878 0.0305722 0.0744363 3.34515 -0.00239811 0.235652 2.34567 -2.71096 0.573844 2.24061 -0.231294 -0.299482 0.174809 -0.413266 -0.172622 -0.0102799 0.416826 25.3043 -1.70035 -0.337602 2.07257 -0.047831 -0.110096 2.48271 -2.25517 0.487407 -0.0215351 0.213092 0.486321 -2.63425
544.067 0.229395 0.545072 2.17041 -2.22799 0.742602 2.25718 0.201091 0.555161 2.20592 -2.2617 0.769222 2.27565 -0.028304 0.0100889 0.035515 -0.0337119 0.0266201 0.018475 0.0465212 3.15951 -0.00244854 0.240597 2.3425 -2.70666 0.576436 2.24322 -0.231844 -0.304474 0.172092 -0.478675 -0.166166 -0.0139636 0.419609 28.5448 -1.69759 -0.339713 2.06642 -0.0520375 -0.114868 2.48617 -2.24895 0.493015 -0.0263801 0.21182 0.553528 -2.6255
544.379 0.23038 0.554088 2.17134 -2.09948 0.728077 2.29608 0.207211 0.580384 2.26264 -2.21442 0.732087 2.23228 -0.0231692 0.0262964 0.0912988 -0.114937 0.00400991 -0.063797 0.0977946 4.96641 0.0017762 0.24462 2.33583 -2.70398 0.573643 2.24491 -0.228604 -0.309468 0.164489 -0.604494 -0.154434 -0.0511647 0.418433 34.0696 -1.69454 -0.342391 2.05621 -0.0554386 -0.120035 2.49114 -2.24555 0.497799 -0.0349523 0.216322 0.662136 -2.63235
544.66 0.230602 0.558749 2.17247 -1.99014 0.714082 2.33861 0.207231 0.588354 2.26267 -2.10016 0.742417 2.29956 -0.0233707 0.0296046 0.090192 -0.11002 0.0283352 -0.0390518 0.0977611 5.34764 0.00568151 0.245966 2.32918 -2.7033 0.570136 2.24679 -0.224921 -0.312784 0.156706 -0.713163 -0.143946 -0.0918188 0.415908 38.7806 -1.69273 -0.344401 2.04687 -0.056884 -0.123469 2.49485 -2.24618 0.499336 -0.0427843 0.226658 0.749517 -2.64351
544.983 0.230481 0.562893 2.1741 -1.87353 0.698722 2.38594 0.211236 0.603761 2.30603 -1.98054 0.720133 2.35459 -0.0192452 0.0408679 0.131935 -0.107016 0.0214105 -0.0313488 0.139454 5.28921 0.0102567 0.246945 2.32081 -2.70273 0.566104 2.24888 -0.220224 -0.315948 0.146714 -0.8292 -0.132619 -0.137059 0.412125 43.9256 -1.69135 -0.346453 2.03595 -0.0574212 -0.126939 2.49837 -2.24902 0.4993 -0.0517093 0.243184 0.834702 -2.65205
545.311 0.229787 0.566466 2.17485 -1.77277 0.686742 2.42471 0.206334 0.590863 2.24154 -1.83276 0.698757 2.40188 -0.0234527 0.0243977 0.0666901 -0.0599962 0.0120152 -0.0228298 0.0747854 2.87358 0.0163375 0.248963 2.31005 -2.70344 0.560885 2.25057 -0.213449 -0.317503 0.135209 -0.930673 -0.125857 -0.174142 0.405771 48.6241 -1.69037 -0.348595 2.02366 -0.0575007 -0.130475 2.50162 -2.25353 0.497968 -0.0615568 0.26493 0.911852 -2.65162
545.674 0.262374 0.556136 2.17095 -1.71665 0.627622 2.38771 0.20731 0.603237 2.27301 -1.72748 0.673509 2.45295 -0.0550645 0.0471008 0.10206 -0.0108305 0.0458863 0.0652461 0.125167 4.90712 0.0569758 0.234777 2.29966 -2.69789 0.539316 2.25003 -0.205399 -0.321359 0.128719 -0.981242 -0.0883065 -0.137675 0.402528 52.4804 -1.68851 -0.353595 2.01049 -0.0408901 -0.127569 2.50534 -2.25665 0.489402 -0.0703763 0.195557 0.986842 -2.68994
546.483 0.301144 0.535164 2.16411 -1.668 0.525597 2.29997 0.274024 0.584609 2.25828 -1.65124 0.512294 2.30785 -0.02712 0.0494445 0.0941722 0.0167615 -0.0133025 0.00788183 0.109766 1.12987 0.107728 0.20928 2.28416 -2.68241 0.524078 2.2542 -0.193416 -0.325885 0.120044 -1.01441 -0.00151852 -0.0457648 0.397518 56.8489 -1.6778 -0.366801 1.98823 -0.0193269 -0.124127 2.5092 -2.25878 0.473615 -0.0815442 -0.000390447 1.07552 -2.82027
546.868 0.284047 0.523978 2.16881 -1.67874 0.529264 2.30113 0.281705 0.56842 2.25665 -1.65341 0.504685 2.30479 -0.00234171 0.0444422 0.0878398 0.0253352 -0.0245794 0.00365886 0.0984704 1.95785 0.0928076 0.200431 2.28455 -2.68846 0.528831 2.25605 -0.191239 -0.323547 0.115731 -1.00972 -0.000433031 -0.0450779 0.393254 56.5891 -1.67214 -0.370512 1.9855 -0.0269943 -0.121957 2.50871 -2.25876 0.473858 -0.0815428 0.0019939 1.07166 -2.81913
547.481 0.250135 0.497642 2.17835 -1.73703 0.541592 2.30082 0.240323 0.540863 2.25688 -1.68042 0.507303 2.29214 -0.00981167 0.0432203 0.0785304 0.0566024 -0.0342889 -0.00868406 0.0901736 4.02983 0.0631262 0.182555 2.28287 -2.70308 0.540475 2.25651 -0.187009 -0.315087 0.104526 -0.966058 -0.00111756 -0.0443151 0.381022 54.0837 -1.6582 -0.37687 1.97853 -0.0409627 -0.117603 2.50496 -2.25872 0.476653 -0.0826607 0.0151439 1.02729 -2.80853
548.148 0.241761 0.471127 2.18396 -1.82583 0.560658 2.27734 0.219637 0.510415 2.25769 -1.77539 0.55625 2.2931 -0.0221239 0.0392873 0.0737321 0.0504398 -0.00440852 0.0157576 0.0864256 2.54284 0.05225 0.170644 2.2748 -2.71191 0.547602 2.25249 -0.189511 -0.300483 0.0908411 -0.886083 -0.0130565 -0.0248472 0.366683 50.0386 -1.64787 -0.380227 1.97046 -0.0433281 -0.11358 2.4996 -2.26036 0.483396 -0.0849361 0.0352524 0.954399 -2.77287
548.455 0.24117 0.4587 2.18573 -1.87623 0.574254 2.25382 0.219669 0.499231 2.27879 -1.83017 0.581198 2.26426 -0.0215004 0.0405316 0.0930622 0.046064 0.00694379 0.0104453 0.103758 2.39931 0.0481086 0.16621 2.26945 -2.71606 0.548794 2.24863 -0.193061 -0.29249 0.0837219 -0.839825 -0.0254599 -0.00519085 0.360322 47.9815 -1.64371 -0.381108 1.96564 -0.0430264 -0.112143 2.49668 -2.26183 0.488407 -0.0863847 0.04576 0.914847 -2.74401
548.794 0.240153 0.444691 2.18748 -1.95367 0.59531 2.2111 0.215999 0.476252 2.24114 -1.87134 0.579423 2.25195 -0.0241537 0.0315606 0.0536612 0.0823253 -0.0158865 0.0408454 0.0667757 4.03944 0.0388491 0.164844 2.26012 -2.72187 0.554219 2.2442 -0.201304 -0.279847 0.0726427 -0.768198 -0.0410912 0.0330958 0.352299 45.1305 -1.63938 -0.381221 1.9584 -0.0431832 -0.111619 2.49302 -2.265 0.496719 -0.0884673 0.0553812 0.861417 -2.70227
549.432 0.23936 0.423711 2.18862 -2.04763 0.602121 2.15041 0.216592 0.459216 2.26851 -2.00659 0.603801 2.174 -0.0227685 0.0355048 0.0798946 0.0410358 0.00168017 0.0235943 0.0903446 1.93896 0.0259712 0.164667 2.24422 -2.7276 0.563348 2.23952 -0.213389 -0.259044 0.0555992 -0.679968 -0.0387725 0.0891106 0.340191 42.0341 -1.63551 -0.379037 1.94646 -0.0434405 -0.111297 2.48832 -2.27243 0.512229 -0.0905262 0.0394352 0.800833 -2.67087
549.713 0.239616 0.408097 2.18901 -2.07731 0.582745 2.12263 0.213763 0.444616 2.25983 -2.0246 0.576251 2.15678 -0.0258532 0.0365193 0.0708246 0.0527093 -0.00649395 0.0341517 0.0837745 2.57192 0.0185164 0.164991 2.23234 -2.73265 0.56583 2.23555 -0.2211 -0.243106 0.0433289 -0.655333 -0.0169155 0.112914 0.331456 41.4181 -1.63463 -0.376082 1.93823 -0.043629 -0.110665 2.48585 -2.2789 0.524709 -0.0907448 0.00405075 0.787243 -2.68216
550.361 0.243535 0.386916 2.18856 -2.0716 0.525817 2.10362 0.213355 0.412516 2.22523 -2.05792 0.553412 2.11351 -0.0301805 0.0255997 0.0366609 0.0136867 0.0275942 0.00989052 0.0539466 1.72601 0.010301 0.166845 2.21622 -2.73721 0.563259 2.23047 -0.233234 -0.220071 0.0276592 -0.665608 0.0374414 0.12685 0.321861 42.3956 -1.63584 -0.369572 1.92619 -0.0430399 -0.111111 2.48333 -2.29076 0.546651 -0.0890521 -0.0811334 0.800604 -2.74554
550.583 0.259341 0.368183 2.18809 -2.05291 0.509235 2.07874 0.219484 0.406842 2.25832 -2.06295 0.534111 2.09185 -0.0398576 0.0386593 0.0702311 -0.0100352 0.0248761 0.0131049 0.0895298 1.83206 0.0157192 0.165128 2.20691 -2.73665 0.552951 2.22642 -0.243622 -0.203055 0.0188245 -0.683743 0.0437156 0.147672 0.317707 44.1137 -1.63778 -0.364611 1.92015 -0.0370948 -0.109305 2.48234 -2.29877 0.562391 -0.0861455 -0.109244 0.826812 -2.75181
550.938 0.263652 0.360732 2.18816 -2.04049 0.50994 2.05547 0.236195 0.390044 2.25788 -2.01445 0.46432 2.0873 -0.0274569 0.0293126 0.0697288 0.0260385 -0.0456201 0.0318316 0.0804688 3.13613 0.0125404 0.169441 2.20092 -2.73602 0.55225 2.22659 -0.251112 -0.19129 0.0127672 -0.695535 0.0423097 0.171118 0.315931 45.6372 -1.63958 -0.360537 1.91665 -0.0367999 -0.110377 2.48237 -2.3047 0.574917 -0.0834914 -0.120199 0.850783 -2.74193
551.271 0.265301 0.357057 2.18803 -2.02695 0.510167 2.03378 0.240871 0.382306 2.26466 -2.03467 0.530591 2.07504 -0.0244301 0.0252488 0.0766341 -0.00771976 0.0204239 0.0412585 0.0843037 2.86225 0.00518016 0.177847 2.19438 -2.73562 0.554627 2.22837 -0.260121 -0.17921 0.00635168 -0.708675 0.0444604 0.19459 0.315943 47.2747 -1.64168 -0.356016 1.91339 -0.0382717 -0.112885 2.48294 -2.3105 0.588226 -0.0805494 -0.135113 0.875956 -2.73642
551.596 0.26877 0.354632 2.18746 -2.0111 0.506955 2.01483 0.237106 0.369446 2.21122 -1.9749 0.511837 2.05629 -0.031664 0.014814 0.0237653 0.0361989 0.00488235 0.0414595 0.0422712 2.28413 -0.00177295 0.186798 2.18828 -2.73514 0.557538 2.23093 -0.270543 -0.167835 0.000823774 -0.72404 0.0505836 0.216098 0.318375 48.9753 -1.644 -0.351199 1.91029 -0.0394034 -0.115859 2.48385 -2.31586 0.602146 -0.0773102 -0.155631 0.900855 -2.73857
552.808 0.307918 0.324431 2.18236 -1.93944 0.437823 2.00315 0.276019 0.353866 2.25297 -1.94604 0.463256 1.99323 -0.0318993 0.0294349 0.0706053 -0.00659604 0.0254328 -0.0099146 0.0828799 1.5499 -0.0150641 0.207977 2.15878 -2.73269 0.548597 2.23368 -0.322982 -0.116454 -0.0235871 -0.793247 0.110774 0.230531 0.344145 53.2881 -1.65483 -0.327531 1.896 -0.036806 -0.119016 2.48698 -2.33053 0.667882 -0.063365 -0.29539 0.958753 -2.86255
553.116 0.315083 0.314778 2.18149 -1.93404 0.420126 2.00596 0.288569 0.346105 2.26651 -1.93759 0.421106 2.00295 -0.0265145 0.0313274 0.0850168 -0.00355739 0.000980105 -0.0030041 0.0944049 0.213062 -0.0188064 0.206677 2.15348 -2.73349 0.544612 2.23259 -0.33389 -0.1081 -0.0280158 -0.79945 0.124486 0.226628 0.35207 53.4754 -1.65658 -0.322424 1.89309 -0.0367264 -0.117408 2.48677 -2.33112 0.68111 -0.0612843 -0.322552 0.958397 -2.89204
553.811 0.32569 0.295963 2.1796 -1.94109 0.385899 1.99864 0.299714 0.324445 2.25347 -1.90876 0.402486 2.01694 -0.0259761 0.0284827 0.0738656 0.0323317 0.0165876 0.0183027 0.0833195 1.98544 -0.0337163 0.203186 2.14245 -2.73611 0.538886 2.23053 -0.359406 -0.0927768 -0.0371492 -0.795026 0.152988 0.231889 0.373042 53.4488 -1.65965 -0.310569 1.88709 -0.0388133 -0.113794 2.4854 -2.32969 0.709958 -0.0574902 -0.375611 0.948262 -2.93701
555.06 0.340382 0.263686 2.1761 -1.99685 0.331392 1.98499 0.316334 0.289783 2.2672 -1.96274 0.337583 1.98121 -0.0240479 0.0260972 0.0911003 0.0341088 0.00619162 -0.00378343 0.0977683 2.0664 -0.0566372 0.190177 2.12571 -2.74398 0.535237 2.22641 -0.397019 -0.073509 -0.0503952 -0.747134 0.203846 0.24142 0.4069 51.4181 -1.66269 -0.290152 1.87908 -0.0411461 -0.103616 2.48085 -2.3212 0.751337 -0.0548174 -0.427135 0.892135 -2.96979
555.442 0.345192 0.258235 2.17487 -2.00944 0.319922 1.98329 0.323359 0.284804 2.27507 -2.01507 0.320806 1.97844 -0.0218328 0.0265683 0.100197 -0.00563075 0.000883314 -0.00484654 0.105934 0.35718 -0.0585173 0.186223 2.12408 -2.74518 0.534423 2.22516 -0.403709 -0.0720124 -0.0507956 -0.735738 0.214501 0.241874 0.413215 50.8939 -1.6631 -0.285977 1.87801 -0.0400686 -0.101521 2.47968 -2.31893 0.758138 -0.0546263 -0.434475 0.877752 -2.97409
555.782 0.348855 0.253632 2.17384 -2.02116 0.309414 1.9822 0.319787 0.269976 2.20273 -1.97261 0.296277 1.97801 -0.0290679 0.0163441 0.0288909 0.0485482 -0.0131365 -0.00419518 0.044122 2.95976 -0.0592513 0.181854 2.12348 -2.74706 0.533712 2.22375 -0.408106 -0.0717776 -0.0503538 -0.725901 0.224298 0.241553 0.417419 50.4315 -1.66338 -0.28206 1.87735 -0.039173 -0.0995504 2.47856 -2.31676 0.763836 -0.0544877 -0.440736 0.864282 -2.97792
556.114 0.351275 0.248861 2.17297 -2.03479 0.298063 1.98273 0.324817 0.266906 2.21735 -1.99413 0.300559 2.00187 -0.0264582 0.0180448 0.0443763 0.040667 0.00249671 0.0191455 0.0547258 2.26831 -0.0620614 0.175887 2.12373 -2.7506 0.533626 2.2223 -0.413337 -0.0729746 -0.0492449 -0.715804 0.235564 0.239573 0.422608 49.9292 -1.66348 -0.277262 1.8771 -0.0385782 -0.0971026 2.47723 -2.31408 0.76961 -0.0545289 -0.445955 0.848564 -2.98197
556.418 0.35261 0.2459 2.17264 -2.04325 0.292956 1.98538 0.331961 0.267251 2.25271 -2.01517 0.288615 1.96765 -0.0206488 0.0213506 0.0800682 0.028087 -0.00434024 -0.0177356 0.0853999 2.14977 -0.063834 0.170766 2.12479 -2.75406 0.534419 2.22167 -0.416444 -0.0751341 -0.0478557 -0.710805 0.241463 0.236285 0.425864 49.6191 -1.66334 -0.274048 1.87727 -0.0379168 -0.0952483 2.4764 -2.31225 0.772439 -0.0549545 -0.444587 0.838573 -2.98246
556.749 0.353779 0.243634 2.17263 -2.0502 0.291983 1.99061 0.335446 0.266264 2.26961 -2.04089 0.292159 1.98931 -0.0183327 0.0226306 0.0969727 0.00930243 0.000175541 -0.00130474 0.101252 0.559531 -0.0625238 0.165146 2.12671 -2.75672 0.534531 2.22088 -0.416302 -0.0784878 -0.0459206 -0.706521 0.242548 0.230268 0.426118 49.2012 -1.66298 -0.271232 1.87765 -0.0369711 -0.0934703 2.47573 -2.31056 0.773966 -0.0558884 -0.436857 0.830095 -2.97978
557.262 0.352891 0.240988 2.17384 -2.05677 0.29741 2.00962 0.338285 0.263745 2.28214 -2.06899 0.29533 1.97422 -0.0146062 0.0227574 0.108295 -0.0122251 -0.00207933 -0.0353924 0.11162 1.94602 -0.0659559 0.152706 2.13235 -2.76425 0.53676 2.21958 -0.418847 -0.0882821 -0.0414977 -0.707485 0.23935 0.20996 0.430056 48.5616 -1.66124 -0.266156 1.87813 -0.0366996 -0.0910216 2.47495 -2.30743 0.77674 -0.058256 -0.413485 0.819033 -2.97591
558.607 0.36056 0.224063 2.17717 -2.04018 0.323343 2.06226 0.339058 0.247381 2.26045 -2.03646 0.327217 2.05803 -0.0215021 0.0233173 0.0832865 0.00372246 0.00387456 -0.00423673 0.0891217 0.432507 -0.0625965 0.129117 2.13482 -2.77448 0.534015 2.21612 -0.423156 -0.0949463 -0.042349 -0.734303 0.210672 0.15386 0.43574 47.8808 -1.65481 -0.262823 1.87315 -0.0342709 -0.0854876 2.47588 -2.3037 0.783157 -0.0637962 -0.348847 0.821416 -2.96893
559.277 0.365346 0.208333 2.17988 -2.03389 0.349493 2.09384 0.346606 0.234625 2.27087 -2.02352 0.346441 2.10866 -0.0187401 0.0262915 0.0909834 0.0103717 -0.00305178 0.0148185 0.0965423 0.872228 -0.0535385 0.111376 2.13324 -2.78033 0.531396 2.21415 -0.418884 -0.0969569 -0.0466434 -0.746436 0.181903 0.120316 0.432481 47.2217 -1.64962 -0.264414 1.86575 -0.0345568 -0.0819598 2.47717 -2.30234 0.788476 -0.0685481 -0.295317 0.82317 -2.94923
559.614 0.365812 0.200432 2.18137 -2.03384 0.362866 2.10705 0.355557 0.231243 2.31627 -2.0511 0.336269 2.07439 -0.0102541 0.0308117 0.134894 -0.0172561 -0.0265968 -0.0326566 0.138748 2.35218 -0.0519789 0.102509 2.13192 -2.78334 0.530036 2.21338 -0.41779 -0.0979229 -0.0494511 -0.749492 0.16717 0.106326 0.431953 46.8321 -1.6471 -0.265802 1.86156 -0.0358601 -0.0803549 2.4778 -2.30178 0.791128 -0.0710195 -0.269675 0.822634 -2.93734
559.966 0.36741 0.191741 2.18263 -2.03506 0.376827 2.11952 0.341896 0.212591 2.22734 -2.0265 0.390206 2.11673 -0.0255139 0.0208499 0.04471 0.00855182 0.0133788 -0.00279393 0.0555397 0.954906 -0.0499747 0.0911301 2.13152 -2.78681 0.5274 2.21177 -0.417385 -0.100611 -0.0511065 -0.751752 0.150573 0.0922419 0.432371 46.3895 -1.6445 -0.267638 1.85683 -0.036779 -0.0786406 2.4784 -2.30123 0.793887 -0.0736718 -0.24231 0.820706 -2.92329
560.431 0.371085 0.17932 2.18406 -2.03882 0.396234 2.13489 0.355805 0.210523 2.31108 -2.0388 0.393244 2.11638 -0.0152797 0.0312026 0.127023 1.25265e-05 -0.00298961 -0.018504 0.131688 1.07411 -0.0488269 0.0778439 2.12859 -2.79088 0.523283 2.20977 -0.419912 -0.101476 -0.0554652 -0.752059 0.127049 0.0748854 0.435545 45.7063 -1.641 -0.270767 1.84976 -0.0375866 -0.0763012 2.47916 -2.30048 0.797608 -0.0774096 -0.205802 0.815967 -2.90274
560.779 0.375193 0.169408 2.18468 -2.0431 0.409766 2.14453 0.348059 0.191349 2.22924 -2.0102 0.403706 2.16648 -0.0271336 0.0219414 0.0445601 0.0328983 -0.00606036 0.0219568 0.0565974 1.83845 -0.0457121 0.0671341 2.12635 -2.79376 0.519214 2.20774 -0.420905 -0.102274 -0.0583347 -0.750653 0.109448 0.0632104 0.437063 45.1606 -1.63844 -0.273582 1.84406 -0.0376643 -0.0744493 2.47969 -2.29989 0.800309 -0.0802498 -0.179728 0.810788 -2.88698
561.819 0.393707 0.137071 2.18431 -2.06577 0.444535 2.16487 0.368497 0.161338 2.25902 -2.05382 0.433954 2.14971 -0.0252102 0.0242675 0.0747087 0.0119521 -0.0105808 -0.015162 0.0824976 1.44807 -0.0325615 0.0379884 2.11475 -2.79842 0.508535 2.2026 -0.426268 -0.0990825 -0.0695631 -0.732648 0.064 0.0377281 0.443126 43.1593 -1.63103 -0.285174 1.82474 -0.0359731 -0.0687578 2.48111 -2.29771 0.807743 -0.0887703 -0.112015 0.785251 -2.84181
562.533 0.409003 0.119682 2.18198 -2.08455 0.455529 2.16749 0.39059 0.142926 2.29602 -2.07237 0.422389 2.15699 -0.0184124 0.0232438 0.114036 0.0121778 -0.0331406 -0.0105021 0.117829 2.19339 -0.0216182 0.0213093 2.10907 -2.79761 0.504908 2.20147 -0.430621 -0.0983732 -0.072907 -0.713059 0.0493786 0.0339792 0.447691 41.8805 -1.62756 -0.293291 1.81371 -0.0328685 -0.066116 2.48168 -2.29628 0.810821 -0.0926951 -0.0888945 0.765213 -2.82255
563.255 0.431874 0.0985214 2.17698 -2.11301 0.460707 2.16005 0.407396 0.121282 2.26687 -2.0928 0.435663 2.16182 -0.0244786 0.0227605 0.0898918 0.0202146 -0.0250436 0.0017686 0.0959051 1.81898 -0.00664516 0.00109378 2.10246 -2.79605 0.49963 2.20092 -0.438519 -0.0974276 -0.0745205 -0.683032 0.0389231 0.0408685 0.455351 40.3273 -1.62395 -0.303612 1.80045 -0.0266043 -0.0630749 2.48219 -2.29488 0.813662 -0.0965193 -0.0745633 0.736905 -2.80235
563.577 0.441079 0.0879117 2.17462 -2.12977 0.46184 2.1532 0.419605 0.109493 2.26866 -2.09173 0.427739 2.16099 -0.0214745 0.021581 0.0940455 0.0380457 -0.034101 0.00778751 0.0988507 2.81619 0.000181412 -0.00957642 2.09964 -2.79638 0.496609 2.20052 -0.440898 -0.0974881 -0.0749804 -0.66661 0.034769 0.0473185 0.45773 39.563 -1.62232 -0.308226 1.79438 -0.0241953 -0.0612472 2.48239 -2.29447 0.814833 -0.0981146 -0.0708809 0.722804 -2.79276
563.918 0.451348 0.0723144 2.17152 -2.15624 0.463058 2.14113 0.423432 0.0961901 2.23661 -2.11342 0.447573 2.16609 -0.0279159 0.0238757 0.0650975 0.0428232 -0.0154853 0.0249654 0.0747465 2.40127 0.00870401 -0.0252544 2.09544 -2.79837 0.492245 2.19979 -0.442644 -0.0975688 -0.0760746 -0.642124 0.0291868 0.0586586 0.459609 38.4831 -1.61993 -0.314445 1.78581 -0.0219131 -0.0583239 2.48263 -2.29412 0.816472 -0.100345 -0.0672551 0.701852 -2.77821
564.618 0.462448 0.0482576 2.16711 -2.20624 0.465459 2.11634 0.442883 0.0692471 2.25107 -2.1979 0.475648 2.12506 -0.0195656 0.0209895 0.0839559 0.00833969 0.0101894 0.00871951 0.0887241 0.775817 0.0149658 -0.0517774 2.08946 -2.80205 0.486696 2.1991 -0.447483 -0.100035 -0.0776471 -0.595812 0.0212365 0.0827605 0.465056 36.5669 -1.61587 -0.323703 1.77183 -0.0204743 -0.0539077 2.48298 -2.29409 0.819192 -0.10405 -0.0641985 0.665024 -2.75192
564.952 0.465955 0.0373988 2.16512 -2.23541 0.467049 2.10149 0.449384 0.05753 2.25409 -2.20171 0.46905 2.12209 -0.016571 0.0201311 0.0889728 0.0337012 0.00200103 0.0206026 0.0927147 1.75457 0.0163163 -0.0642243 2.08631 -2.80436 0.48494 2.19905 -0.449638 -0.101623 -0.0788041 -0.568943 0.0178914 0.0975589 0.467666 35.5136 -1.61368 -0.328208 1.76449 -0.0207135 -0.052261 2.48314 -2.29425 0.820648 -0.106062 -0.063909 0.644184 -2.73725
565.288 0.468906 0.0248196 2.1626 -2.27722 0.469022 2.08026 0.455155 0.0447223 2.25352 -2.21838 0.435746 2.10672 -0.0137508 0.0199027 0.0909217 0.058841 -0.0332757 0.0264555 0.0940849 3.58179 0.0165047 -0.076155 2.07997 -2.80819 0.483688 2.19933 -0.452401 -0.100975 -0.0826334 -0.530973 0.0146667 0.119069 0.470841 34.0915 -1.61067 -0.334034 1.75447 -0.0218231 -0.0508536 2.48336 -2.29454 0.82263 -0.108864 -0.0651473 0.61406 -2.71701
566.231 0.479253 -0.00720714 2.15362 -2.39963 0.460687 2.01617 0.464094 0.0131989 2.25853 -2.34755 0.481687 2.04906 -0.0151589 0.020406 0.104904 0.0520808 0.0209992 0.0328977 0.10794 2.96597 0.0145775 -0.108018 2.06313 -2.81432 0.481387 2.20057 -0.464675 -0.10081 -0.0904966 -0.41469 0.0206995 0.184401 0.48402 30.0685 -1.6033 -0.347926 1.72786 -0.0228323 -0.0471839 2.48374 -2.29526 0.827271 -0.115833 -0.0827328 0.526175 -2.66693
566.66 0.485789 -0.0171105 2.14921 -2.44101 0.452125 1.99362 0.471493 0.0013633 2.2609 -2.41787 0.432421 2.00731 -0.0142966 0.0184738 0.11169 0.0231466 -0.0197046 0.0136842 0.114107 1.66083 0.0170934 -0.118443 2.05786 -2.81437 0.479445 2.2005 -0.468696 -0.101333 -0.0913514 -0.373356 0.0273193 0.206873 0.488149 28.757 -1.6012 -0.351946 1.71915 -0.0213236 -0.046138 2.48384 -2.29539 0.828536 -0.117861 -0.0938381 0.494762 -2.6518
567.052 0.492404 -0.0261024 2.14451 -2.48596 0.441775 1.97058 0.480068 -0.0104918 2.25934 -2.45247 0.441508 1.99319 -0.0123361 0.0156106 0.114837 0.0334849 -0.000267561 0.0226129 0.116548 1.79842 0.0193667 -0.128794 2.05253 -2.81425 0.477698 2.20065 -0.473037 -0.102691 -0.0919741 -0.328295 0.0359231 0.230076 0.492716 27.3964 -1.59915 -0.355836 1.70999 -0.0198543 -0.045437 2.48396 -2.29538 0.82988 -0.120112 -0.106753 0.45987 -2.63617
567.721 0.502845 -0.0422105 2.13433 -2.60542 0.41449 1.92251 0.495223 -0.0301817 2.25622 -2.56718 0.399113 1.93922 -0.00762241 0.0120288 0.121884 0.0382349 -0.015377 0.0167196 0.122713 2.1982 0.0146149 -0.149779 2.03791 -2.81624 0.477189 2.20269 -0.48823 -0.107568 -0.0964263 -0.210821 0.0626988 0.280181 0.509154 24.1426 -1.59453 -0.363945 1.68681 -0.0196835 -0.0451796 2.48421 -2.29424 0.833792 -0.127312 -0.139205 0.363642 -2.59985
568.094 0.504673 -0.0469602 2.13064 -2.66242 0.402023 1.90692 0.482685 -0.0348874 2.17746 -2.6117 0.410938 1.9165 -0.021988 0.0120728 0.0468133 0.0507203 0.00891568 0.0095773 0.0531104 2.78319 0.0101585 -0.157704 2.03087 -2.81822 0.478638 2.20377 -0.494515 -0.110743 -0.099772 -0.155806 0.0766158 0.296843 0.516492 22.7383 -1.59266 -0.366871 1.67629 -0.0212419 -0.0454763 2.48422 -2.29306 0.835744 -0.131369 -0.153074 0.315656 -2.58561
568.491 0.505463 -0.0509587 2.12723 -2.72184 0.388625 1.89544 0.499971 -0.0417225 2.24169 -2.70102 0.363256 1.88795 -0.00549254 0.00923613 0.114462 0.0208117 -0.0253691 -0.0074931 0.114965 2.02352 0.00260091 -0.16671 2.02401 -2.82136 0.480777 2.20576 -0.502862 -0.115751 -0.10322 -0.099522 0.0921522 0.310317 0.526235 21.4821 -1.59092 -0.369425 1.66547 -0.0234709 -0.0457172 2.48413 -2.29139 0.837803 -0.136065 -0.167077 0.263967 -2.57312
568.907 0.507172 -0.0559167 2.12249 -2.80432 0.368332 1.8864 0.488019 -0.0444565 2.17953 -2.70989 0.415874 1.90129 -0.0191532 0.0114603 0.0570367 0.0944283 0.0475427 0.0148895 0.0612485 5.82114 -0.0037409 -0.178263 2.01326 -2.82584 0.482407 2.20742 -0.510913 -0.122346 -0.10923 -0.0215204 0.114076 0.321017 0.536593 20.0221 -1.58891 -0.372273 1.65039 -0.0262605 -0.0456686 2.48384 -2.28843 0.840637 -0.143371 -0.186675 0.18875 -2.55913
569.279 0.509139 -0.0595245 2.11853 -2.86891 0.350891 1.88417 0.4919 -0.0493629 2.18775 -2.81497 0.374853 1.88639 -0.0172392 0.0101616 0.0692241 0.0539363 0.023962 0.00221833 0.0720585 3.34246 -0.00733667 -0.18705 2.0042 -2.82913 0.48279 2.20787 -0.516476 -0.127525 -0.114329 0.0397833 0.1319 0.323702 0.544133 19.274 -1.58772 -0.374 1.63853 -0.028042 -0.0453496 2.48349 -2.28575 0.842755 -0.149643 -0.202764 0.127312 -2.55034
569.663 0.511274 -0.062152 2.11464 -2.93584 0.33149 1.88578 0.49387 -0.0540998 2.18782 -2.85662 0.337813 1.87424 -0.0174043 0.00805218 0.0731757 0.0792219 0.00632237 -0.0115363 0.0756468 4.8106 -0.0121617 -0.195936 1.99468 -2.83291 0.482389 2.20819 -0.523436 -0.133784 -0.119959 0.102924 0.150899 0.322409 0.553419 19.0652 -1.58687 -0.37536 1.62632 -0.029771 -0.0450037 2.48303 -2.28278 0.844777 -0.156528 -0.220686 0.061815 -2.54261
570.009 0.520599 -0.0707716 2.10761 -2.99598 0.324366 1.89371 0.493304 -0.0564985 2.16782 -2.94948 0.389121 1.89181 -0.0272953 0.0142731 0.0602137 0.0464986 0.0647553 -0.00190273 0.0676346 4.59082 -0.00696073 -0.209137 1.98062 -2.83348 0.478089 2.20781 -0.52756 -0.138366 -0.126986 0.162494 0.153723 0.314103 0.559991 18.8606 -1.58645 -0.376767 1.61001 -0.0283647 -0.0429341 2.48308 -2.27993 0.847447 -0.165601 -0.223845 -0.0019021 -2.53703
570.306 0.552338 -0.0826181 2.10054 -2.9795 0.361407 1.896 0.509052 -0.0656069 2.19063 -2.98005 0.317921 1.88767 -0.0432859 0.0170112 0.0900825 -0.000556148 -0.0434861 -0.00832752 0.10138 2.53497 0.0222609 -0.215897 1.97417 -2.82062 0.470438 2.20468 -0.530077 -0.133279 -0.12637 0.158874 0.109031 0.30868 0.560994 17.4236 -1.58568 -0.379218 1.60076 -0.0115435 -0.0427633 2.48207 -2.28138 0.849511 -0.171502 -0.18166 -0.00175978 -2.53703
570.601 0.56975 -0.09821 2.09799 -2.97002 0.40021 1.90114 0.541969 -0.0782111 2.16538 -2.95968 0.408475 1.90884 -0.0277808 0.0199989 0.0673933 0.0103387 0.00826499 0.00770552 0.0755882 0.751214 0.0370983 -0.229556 1.96858 -2.81511 0.465129 2.20151 -0.532651 -0.131346 -0.129414 0.154915 0.0649188 0.300376 0.563664 16.1266 -1.58439 -0.381936 1.5928 -0.00263565 -0.0397241 2.48119 -2.28276 0.85147 -0.177859 -0.13702 -0.0016077 -2.53703
570.824 0.580667 -0.119878 2.09845 -2.96271 0.453249 1.91038 0.551552 -0.0957109 2.13286 -2.9752 0.43491 1.90252 -0.0291147 0.024167 0.0344072 -0.0124939 -0.0183388 -0.00786202 0.0511426 1.24175 0.0476043 -0.250094 1.96125 -2.81354 0.460803 2.19685 -0.533062 -0.130216 -0.137204 0.149163 0.00755412 0.286471 0.565629 14.7792 -1.58166 -0.385579 1.5831 0.00260075 -0.0342663 2.48042 -2.28436 0.853747 -0.186632 -0.0765444 -0.00139227 -2.53703
571.211 0.579781 -0.132009 2.1017 -2.96061 0.494751 1.91857 0.559885 -0.112703 2.13628 -2.95041 0.478027 1.92417 -0.0198959 0.0193066 0.0345867 0.0101928 -0.0167244 0.00559678 0.0443264 1.08966 0.0495817 -0.263205 1.95666 -2.81563 0.460889 2.19447 -0.530199 -0.131195 -0.145037 0.144973 -0.0338624 0.275903 0.565119 14.1955 -1.57886 -0.388155 1.57628 0.00164807 -0.0313006 2.48011 -2.28535 0.855146 -0.193214 -0.031873 -0.00122894 -2.53703
571.875 0.573103 -0.155239 2.10162 -2.96222 0.522946 1.92411 0.561583 -0.142336 2.17542 -2.93594 0.527008 1.93079 -0.01152 0.0129032 0.0738033 0.0262835 0.00406239 0.00667388 0.0758033 1.37515 0.0500294 -0.284768 1.94764 -2.82222 0.462145 2.18865 -0.523074 -0.129528 -0.153984 0.140005 -0.0608008 0.264532 0.560442 13.8138 -1.57155 -0.393181 1.56404 -0.00198547 -0.0262758 2.47992 -2.28599 0.856009 -0.197929 0.000442684 -0.000557719 -2.53697
572.243 0.565474 -0.171525 2.10013 -2.96719 0.520807 1.92338 0.558701 -0.155795 2.16414 -2.95212 0.551289 1.94141 -0.0067729 0.0157299 0.064006 0.0150705 0.0304827 0.0180335 0.0662576 1.988 0.0474682 -0.299491 1.94281 -2.82869 0.460763 2.18586 -0.518006 -0.127966 -0.157318 0.138503 -0.0600439 0.262484 0.556286 13.7151 -1.56564 -0.39677 1.55699 -0.0057644 -0.0227402 2.47976 -2.28599 0.856008 -0.197916 0.000466888 -0.000494651 -2.53697
572.625 0.560402 -0.184591 2.09899 -2.97069 0.518808 1.92286 0.552917 -0.170508 2.17119 -2.94913 0.520454 1.92437 -0.00748449 0.0140835 0.0722042 0.0215605 0.00164597 0.00151275 0.0739447 1.19845 0.0466646 -0.31085 1.93907 -2.8335 0.458987 2.18425 -0.513737 -0.126259 -0.159916 0.137188 -0.0598204 0.261387 0.552666 13.6702 -1.56093 -0.39959 1.55187 -0.00827568 -0.0197918 2.47972 -2.28599 0.856008 -0.197908 0.000482104 -0.000455006 -2.53697
573.738 0.554467 -0.230161 2.09276 -2.97728 0.510312 1.92214 0.541818 -0.215581 2.15705 -2.97414 0.536647 1.9288 -0.0126484 0.0145798 0.0642924 0.00314372 0.0263351 0.00666612 0.0671272 1.54484 0.0527362 -0.348036 1.92568 -2.84176 0.450869 2.18365 -0.50173 -0.117875 -0.167082 0.135517 -0.0594432 0.261515 0.541797 13.7281 -1.54495 -0.410339 1.5349 -0.0117629 -0.00976393 2.48058 -2.28599 0.856007 -0.197888 0.000518863 -0.000359014 -2.53697
574.148 0.554295 -0.243627 2.0904 -2.97867 0.507668 1.92223 0.532034 -0.226911 2.12174 -2.99198 0.558173 1.91638 -0.0222613 0.016716 0.0313349 -0.0133114 0.0505054 -0.00585221 0.041915 2.96781 0.0552384 -0.357613 1.92067 -2.84327 0.448287 2.18431 -0.499057 -0.113985 -0.169726 0.135402 -0.0593808 0.262078 0.539312 13.7731 -1.54046 -0.413891 1.5297 -0.0123656 -0.00684508 2.48109 -2.28599 0.856007 -0.197884 0.000526259 -0.000339719 -2.53697
574.488 0.554952 -0.260226 2.08715 -2.98012 0.504503 1.92255 0.541312 -0.245495 2.15501 -2.98215 0.527792 1.92429 -0.0136404 0.0147308 0.0678545 -0.0020329 0.0232896 0.00173835 0.0707623 1.34756 0.0591723 -0.371979 1.91578 -2.84484 0.445255 2.18555 -0.49578 -0.111753 -0.171377 0.135276 -0.0592473 0.262999 0.536337 13.8379 -1.53499 -0.418752 1.52289 -0.0129845 -0.00341294 2.48189 -2.28599 0.856007 -0.197879 0.000535185 -0.00031647 -2.53697
574.895 0.556329 -0.271219 2.08458 -2.98071 0.502531 1.92294 0.541063 -0.260432 2.154 -2.98605 0.523426 1.92209 -0.0152669 0.010787 0.0694176 -0.00533783 0.0208951 -0.000850842 0.0718905 1.23067 0.0616172 -0.382435 1.91274 -2.84524 0.443203 2.18704 -0.494712 -0.111215 -0.171838 0.135473 -0.0593276 0.2641 0.535385 13.9072 -1.53135 -0.422445 1.51784 -0.01317 -0.00135635 2.48254 -2.28599 0.856007 -0.197876 0.000540798 -0.000301857 -2.53697
575.192 0.558716 -0.280648 2.08173 -2.98066 0.50107 1.92347 0.547424 -0.273954 2.16437 -2.97596 0.490971 1.90948 -0.0112922 0.00669355 0.0826442 0.00470428 -0.0100994 -0.0139845 0.0836802 1.12012 0.0643955 -0.392872 1.91062 -2.84519 0.441692 2.18836 -0.49432 -0.112224 -0.171106 0.135468 -0.0593779 0.264891 0.534999 13.9568 -1.52818 -0.42615 1.51265 -0.0129618 9.62793e-06 2.48323 -2.28599 0.856007 -0.197873 0.000545629 -0.000289291 -2.53697
575.511 0.562344 -0.288481 2.07835 -2.97981 0.500122 1.92409 0.55119 -0.285288 2.1643 -2.97767 0.487022 1.90866 -0.0111545 0.00319375 0.0859513 0.00213294 -0.0131 -0.0154288 0.0867309 1.20918 0.0699423 -0.403066 1.90907 -2.84441 0.440071 2.18993 -0.492402 -0.114585 -0.169279 0.135397 -0.0600517 0.265841 0.533146 14.0209 -1.52548 -0.42985 1.50709 -0.012184 0.000655733 2.48392 -2.286 0.856007 -0.197871 0.000549787 -0.000278485 -2.53697
575.909 0.56851 -0.298309 2.07265 -2.97802 0.499004 1.92489 0.552271 -0.294251 2.15366 -2.99108 0.511462 1.91951 -0.0162396 0.00405793 0.0810124 -0.0130586 0.0124577 -0.00538152 0.0827236 0.969952 0.0781714 -0.414981 1.9055 -2.84314 0.437647 2.19139 -0.490339 -0.116672 -0.16714 0.134886 -0.0613573 0.266497 0.531018 14.0822 -1.52259 -0.434757 1.4988 -0.0105577 0.00117975 2.4848 -2.286 0.856006 -0.197869 0.000554021 -0.000267498 -2.53697
576.265 0.573588 -0.306026 2.06728 -2.9766 0.498052 1.92539 0.562733 -0.304297 2.16506 -2.97903 0.479503 1.90822 -0.0108551 0.00172897 0.0977813 -0.00243386 -0.0185482 -0.0171756 0.0983971 1.41 0.0841879 -0.423241 1.90125 -2.8423 0.435418 2.19201 -0.4894 -0.117215 -0.166028 0.134298 -0.0626337 0.266612 0.529922 14.116 -1.52092 -0.4384 1.49168 -0.00917097 0.00164975 2.48539 -2.286 0.856006 -0.197867 0.000557196 -0.00025927 -2.53697
576.608 0.578551 -0.314381 2.06088 -2.9754 0.49695 1.92576 0.56766 -0.313247 2.15494 -2.9912 0.503205 1.91982 -0.0108903 0.00113398 0.0940572 -0.0158011 0.00625535 -0.00594018 0.0946923 0.876703 0.0928758 -0.432517 1.89612 -2.84194 0.43273 2.19218 -0.485675 -0.118136 -0.164764 0.133455 -0.0642191 0.266424 0.526292 14.1415 -1.51962 -0.441993 1.48359 -0.00788051 0.00232639 2.48589 -2.286 0.856006 -0.197866 0.000559746 -0.000252672 -2.53697
577.014 0.584446 -0.326117 2.05102 -2.97436 0.495478 1.92605 0.575326 -0.324616 2.15544 -2.99175 0.498627 1.9197 -0.00912029 0.00150045 0.104421 -0.0173907 0.00314887 -0.00635272 0.104829 0.900921 0.102502 -0.444797 1.88731 -2.84161 0.430227 2.19226 -0.481944 -0.11868 -0.163713 0.13275 -0.0652507 0.266203 0.522644 14.1588 -1.51844 -0.446668 1.47139 -0.00660258 0.00339672 2.48639 -2.286 0.856006 -0.197864 0.000562861 -0.000244631 -2.53697
577.413 0.588597 -0.334466 2.04278 -2.97366 0.494712 1.92618 0.582993 -0.335989 2.15594 -2.99232 0.494101 1.91958 -0.00560345 -0.0015231 0.113161 -0.0186561 -0.000610896 -0.00660962 0.11331 0.950387 0.109595 -0.454305 1.88018 -2.84118 0.429241 2.19234 -0.479002 -0.119839 -0.162595 0.132486 -0.0654705 0.266153 0.519847 14.1652 -1.51794 -0.450062 1.46123 -0.00577527 0.00390609 2.48664 -2.286 0.856006 -0.197863 0.000564406 -0.000240653 -2.53697
577.736 0.59255 -0.342787 2.03365 -2.97305 0.494106 1.92621 0.575418 -0.338497 2.10104 -2.92892 0.502093 1.9576 -0.0171328 0.00428983 0.0673885 0.044129 0.00798711 0.0313874 0.0696645 2.34335 0.117245 -0.464311 1.87245 -2.8408 0.42885 2.19246 -0.475305 -0.121524 -0.161195 0.132254 -0.0652566 0.266244 0.516398 14.1693 -1.51777 -0.453346 1.45013 -0.00503128 0.0042901 2.48677 -2.286 0.856006 -0.197863 0.000565957 -0.000236666 -2.53697
578.043 0.597599 -0.354636 2.02006 -2.97248 0.493132 1.92602 0.573348 -0.344428 2.07032 -2.9437 0.521424 1.9474 -0.0242506 0.0102074 0.0502579 0.0287759 0.0282927 0.0213742 0.0567286 2.20992 0.124989 -0.478138 1.8605 -2.84075 0.428472 2.19234 -0.47261 -0.123502 -0.159564 0.131725 -0.064659 0.266318 0.513881 14.1673 -1.51801 -0.457535 1.43402 -0.00410006 0.00503102 2.48677 -2.286 0.856006 -0.197862 0.000567458 -0.00023282 -2.53697
578.364 0.601412 -0.363994 2.0089 -2.9721 0.492247 1.92572 0.573264 -0.350275 2.04101 -2.95778 0.538816 1.9373 -0.0281481 0.0137188 0.0321085 0.0143205 0.0465693 0.0115777 0.0448495 2.77418 0.128787 -0.488609 1.85037 -2.84099 0.427975 2.19201 -0.472626 -0.124614 -0.158532 0.131108 -0.0642718 0.266286 0.513845 14.1633 -1.51854 -0.460513 1.42112 -0.0033269 0.00574547 2.48667 -2.286 0.856006 -0.197861 0.000568229 -0.000230846 -2.53697
578.692 0.605747 -0.373576 1.99679 -2.97141 0.491241 1.92531 0.577248 -0.361646 2.0298 -2.98683 0.520236 1.92907 -0.0284988 0.0119298 0.0330181 -0.0154151 0.0289943 0.00375473 0.0452183 1.94179 0.137552 -0.501205 1.84058 -2.8411 0.427251 2.19144 -0.468195 -0.127629 -0.156206 0.130313 -0.0639903 0.266127 0.5098 14.1556 -1.51936 -0.463324 1.40754 -0.00216839 0.00648044 2.48648 -2.286 0.856006 -0.197861 0.000569735 -0.000226995 -2.53697
579.022 0.610349 -0.383103 1.98385 -2.9705 0.490249 1.92483 0.590873 -0.37684 2.04018 -2.97976 0.490327 1.91751 -0.019476 0.00626303 0.0563288 -0.00925617 7.77608e-05 -0.00732497 0.0599289 0.498108 0.141083 -0.513123 1.82973 -2.84085 0.426366 2.19085 -0.469265 -0.13002 -0.154121 0.129654 -0.0638827 0.266016 0.510753 14.1536 -1.52045 -0.46593 1.39332 -0.000768074 0.00713423 2.48625 -2.286 0.856006 -0.19786 0.000570496 -0.000225051 -2.53697
579.331 0.617286 -0.394367 1.9657 -2.96842 0.489434 1.92423 0.601495 -0.392515 2.05223 -2.9504 0.498759 1.92542 -0.0157907 0.00185246 0.0865287 0.0180194 0.00932446 0.00118981 0.0879772 1.13539 0.147782 -0.527895 1.8149 -2.83987 0.425256 2.1901 -0.469503 -0.133528 -0.150796 0.128547 -0.0641779 0.265869 0.510884 14.1549 -1.52231 -0.469015 1.37361 0.0017624 0.00726192 2.48588 -2.286 0.856006 -0.19786 0.000571244 -0.00022314 -2.53697
579.672 0.622365 -0.401794 1.95157 -2.96662 0.489263 1.92385 0.599864 -0.395127 2.00168 -2.99964 0.525202 1.91978 -0.0225015 0.00666678 0.0501097 -0.0330232 0.0359384 -0.00407203 0.0553331 2.72864 0.157302 -0.539734 1.80437 -2.83976 0.424556 2.18922 -0.465064 -0.13794 -0.147206 0.126863 -0.0647074 0.265363 0.506933 14.1374 -1.52394 -0.470975 1.35829 0.00370886 0.00687486 2.48559 -2.286 0.856006 -0.197859 0.00057199 -0.000221237 -2.53697
580.011 0.626486 -0.408158 1.93736 -2.96509 0.489639 1.9236 0.60305 -0.401381 1.98067 -2.9703 0.524052 1.93859 -0.0234364 0.00677649 0.0433153 -0.00520968 0.0344131 0.0149958 0.0497132 2.22792 0.166135 -0.552215 1.78873 -2.83919 0.424608 2.18824 -0.460351 -0.144057 -0.148631 0.125898 -0.0650318 0.264645 0.504744 14.104 -1.52634 -0.473053 1.33716 0.00550989 0.00575874 2.48522 -2.286 0.856006 -0.197859 0.00057199 -0.000221237 -2.53697
580.275 0.629754 -0.415584 1.91842 -2.96405 0.490817 1.92343 0.609795 -0.409946 1.97187 -2.94686 0.530232 1.92657 -0.0199591 0.00563872 0.0534497 0.0171915 0.0394145 0.00313532 0.0573326 2.43494 0.171372 -0.562001 1.77729 -2.83893 0.425588 2.18797 -0.458382 -0.146416 -0.141132 0.125119 -0.0652287 0.264534 0.501468 14.0926 -1.52823 -0.474194 1.32081 0.00589762 0.00463647 2.48496 -2.286 0.856006 -0.197859 0.00057275 -0.000219298 -2.53697
580.695 0.630515 -0.420315 1.90449 -2.96406 0.492199 1.92345 0.613657 -0.41733 1.96206 -2.97495 0.513885 1.9184 -0.0168579 0.00298489 0.0575715 -0.0108937 0.0216859 -0.00504334 0.0600631 1.35768 0.177481 -0.572326 1.76637 -2.83926 0.427412 2.18798 -0.453033 -0.152011 -0.138121 0.124801 -0.0647876 0.264529 0.497417 14.0742 -1.53016 -0.474997 1.30428 0.00546288 0.00334273 2.48473 -2.286 0.856006 -0.197859 0.00057275 -0.000219298 -2.53697
581.269 0.630182 -0.431799 1.8717 -2.96522 0.495192 1.92361 0.618856 -0.431204 1.94344 -2.97894 0.504649 1.89835 -0.0113257 0.000594545 0.0717412 -0.0137197 0.00945693 -0.0252631 0.0726321 1.38423 0.180954 -0.593011 1.73798 -2.84093 0.432163 2.18858 -0.449228 -0.161212 -0.133723 0.12429 -0.0630291 0.264967 0.495658 14.0421 -1.53463 -0.475822 1.26545 0.00337556 0.000892781 2.48435 -2.286 0.856006 -0.197859 0.000573496 -0.000217395 -2.53697
581.969 0.629753 -0.44531 1.84127 -2.96669 0.496096 1.92363 0.609283 -0.437448 1.88241 -2.96369 0.514484 1.93492 -0.0204704 0.00786171 0.0411362 0.00300049 0.0183877 0.0112916 0.0466157 1.20431 0.183047 -0.609055 1.70809 -2.84338 0.436374 2.18889 -0.446707 -0.163745 -0.133179 0.123303 -0.0597217 0.265264 0.494061 13.991 -1.53838 -0.475749 1.23071 0.00169755 0.00049204 2.4842 -2.286 0.856006 -0.197858 0.000574239 -0.000215502 -2.53697
582.359 0.629953 -0.453463 1.82474 -2.9673 0.495978 1.92359 0.615943 -0.45066 1.88265 -2.96528 0.509499 1.93424 -0.014009 0.00280396 0.057915 0.00202067 0.0135211 0.0106473 0.0596512 0.957771 0.184935 -0.619423 1.69262 -2.84395 0.437876 2.18928 -0.445018 -0.165959 -0.132119 0.123345 -0.0581023 0.265689 0.49299 13.985 -1.54025 -0.475536 1.21249 0.00117286 0.000787978 2.48419 -2.286 0.856006 -0.197858 0.000574239 -0.000215502 -2.53697
582.845 0.631007 -0.465208 1.8016 -2.96765 0.495384 1.92352 0.615847 -0.460284 1.86496 -2.96981 0.502998 1.91425 -0.0151601 0.00492464 0.063369 -0.00216245 0.00761448 -0.00927641 0.065343 0.651921 0.186418 -0.632505 1.67012 -2.84449 0.439801 2.18985 -0.444589 -0.167297 -0.131471 0.123157 -0.0555823 0.266325 0.492882 13.9783 -1.54276 -0.475099 1.18743 0.00105134 0.00145242 2.48423 -2.286 0.856006 -0.197858 0.000574239 -0.000215502 -2.53697
583.211 0.632367 -0.474156 1.78363 -2.96747 0.494825 1.9235 0.624151 -0.476689 1.86542 -2.97271 0.496682 1.91304 -0.00821672 -0.00253279 0.0817924 -0.00523623 0.00185679 -0.0104515 0.0822431 0.537412 0.187978 -0.641831 1.65248 -2.84462 0.440491 2.18982 -0.444389 -0.167675 -0.131148 0.122859 -0.0543336 0.266328 0.492744 13.9619 -1.54468 -0.474651 1.16825 0.00139864 0.00192437 2.48431 -2.286 0.856006 -0.197858 0.000574239 -0.000215502 -2.53697
583.806 0.63661 -0.494366 1.74039 -2.96588 0.493684 1.9236 0.623797 -0.494021 1.81228 -2.9836 0.494905 1.91374 -0.0128126 0.00034495 0.0718954 -0.0177167 0.0012214 -0.00986436 0.0730289 0.900051 0.195486 -0.663028 1.61069 -2.84214 0.44119 2.18967 -0.441124 -0.168662 -0.129696 0.12374 -0.0524934 0.266073 0.489753 13.9284 -1.54929 -0.473086 1.12262 0.00320083 0.00251159 2.4846 -2.286 0.856006 -0.197858 0.000574974 -0.000213629 -2.53697
584.158 0.638199 -0.502463 1.72194 -2.96514 0.49335 1.92373 0.621918 -0.49845 1.77989 -2.94877 0.52021 1.92794 -0.0162811 0.00401335 0.0579538 0.0163731 0.02686 0.00420697 0.0603309 1.75703 0.197934 -0.67059 1.5923 -2.84012 0.441625 2.18995 -0.440266 -0.168127 -0.129636 0.125016 -0.0517244 0.266218 0.48878 13.927 -1.5513 -0.472134 1.10317 0.00394638 0.00259818 2.48477 -2.286 0.856006 -0.197858 0.000574974 -0.000213629 -2.53697
585.123 0.640444 -0.52994 1.66127 -2.96458 0.491192 1.92412 0.620934 -0.522708 1.70662 -2.96393 0.503163 1.93514 -0.0195102 0.0072316 0.0453477 0.000648618 0.011971 0.0110211 0.0498934 0.921111 0.206786 -0.694139 1.52965 -2.83648 0.439467 2.19027 -0.433659 -0.164199 -0.13162 0.128099 -0.051725 0.266151 0.482022 13.9435 -1.55796 -0.467401 1.04002 0.00493605 0.00444932 2.48549 -2.286 0.856006 -0.197858 0.000574974 -0.000213629 -2.53697
585.451 0.639643 -0.53848 1.64326 -2.96549 0.490208 1.92421 0.628978 -0.538841 1.70817 -2.98913 0.492891 1.90188 -0.010665 -0.000360908 0.0649063 -0.0236371 0.00268287 -0.022324 0.0657777 1.36315 0.20676 -0.700941 1.51023 -2.83641 0.438118 2.19023 -0.432883 -0.162461 -0.133032 0.129085 -0.0520901 0.266025 0.481122 13.9521 -1.55998 -0.465445 1.02143 0.00431467 0.00565049 2.48574 -2.286 0.856006 -0.197858 0.000574974 -0.000213629 -2.53697
585.793 0.638189 -0.546945 1.62531 -2.9669 0.489163 1.92431 0.621038 -0.54461 1.67081 -2.97946 0.503792 1.90762 -0.0171511 0.00233497 0.0455 -0.0125643 0.0146294 -0.0166819 0.0486812 1.21595 0.204728 -0.709396 1.49165 -2.83703 0.436992 2.19042 -0.433461 -0.162451 -0.133659 0.129869 -0.0521713 0.26611 0.481813 13.967 -1.56208 -0.463222 1.00295 0.00324369 0.00705819 2.486 -2.286 0.856006 -0.197858 0.000574974 -0.000213629 -2.53697
586.608 0.634285 -0.563046 1.58378 -2.9698 0.488204 1.92485 0.622076 -0.564937 1.64076 -2.98928 0.502288 1.92303 -0.0122089 -0.00189028 0.0569772 -0.0194758 0.0140848 -0.00182205 0.0583012 1.34028 0.200177 -0.728438 1.45026 -2.83978 0.436441 2.19176 -0.434108 -0.165392 -0.133515 0.130019 -0.0517623 0.266911 0.483353 14.007 -1.56759 -0.457036 0.959672 0.000500059 0.00884515 2.48662 -2.286 0.856006 -0.197858 0.000574974 -0.000213629 -2.53697
587.023 0.633004 -0.567605 1.56625 -2.97021 0.488887 1.92527 0.625164 -0.575499 1.63209 -2.96705 0.484053 1.92745 -0.00783945 -0.00789445 0.0658363 0.00315924 -0.00483445 0.00217264 0.0667697 0.322641 0.199218 -0.735517 1.43342 -2.84081 0.436825 2.19265 -0.433786 -0.167912 -0.132827 0.129395 -0.0520625 0.267377 0.483743 14.0281 -1.57032 -0.454002 0.94062 -0.000315817 0.00831333 2.48687 -2.286 0.856006 -0.197858 0.000574974 -0.000213629 -2.53697
587.404 0.631285 -0.572745 1.54158 -2.97043 0.490553 1.92596 0.62423 -0.580775 1.61304 -2.99786 0.489271 1.8884 -0.0070549 -0.00803032 0.0714578 -0.0274221 -0.00128169 -0.0375623 0.0722528 1.98071 0.196853 -0.744405 1.41088 -2.8418 0.437707 2.19365 -0.434432 -0.17166 -0.130702 0.128635 -0.052846 0.267687 0.485058 14.0421 -1.57432 -0.449684 0.914318 -0.00135968 0.00683639 2.48717 -2.286 0.856006 -0.197858 0.000574974 -0.000213629 -2.53697
587.792 0.630004 -0.576287 1.52315 -2.97059 0.491963 1.92646 0.626715 -0.588551 1.59967 -2.98017 0.486302 1.90262 -0.00328972 -0.012264 0.076514 -0.00957418 -0.005661 -0.0238486 0.0775605 1.25242 0.193571 -0.751158 1.3936 -2.84257 0.43842 2.19423 -0.436434 -0.174871 -0.129555 0.128028 -0.0535438 0.267761 0.487687 14.0456 -1.57757 -0.446301 0.893952 -0.00220412 0.00553904 2.48737 -2.286 0.856006 -0.197858 0.000574974 -0.000213629 -2.53697
588.611 0.627241 -0.585991 1.47702 -2.97121 0.494906 1.92746 0.604744 -0.580032 1.51165 -2.96689 0.513039 1.93062 -0.0224967 0.00595979 0.0346229 0.00431969 0.0181334 0.00316202 0.0417177 1.06312 0.188971 -0.770377 1.35257 -2.84423 0.44047 2.19547 -0.43827 -0.184385 -0.124453 0.126979 -0.0544352 0.268016 0.491494 14.05 -1.58588 -0.438239 0.844822 -0.00415333 0.00299463 2.48772 -2.286 0.856006 -0.197858 0.000574974 -0.000213629 -2.53697
588.996 0.626667 -0.591029 1.45638 -2.97126 0.495692 1.92774 0.612855 -0.593412 1.5121 -2.9682 0.50756 1.93029 -0.0138124 -0.00238298 0.0557234 0.00306739 0.011868 0.00255179 0.0574592 0.699975 0.186768 -0.77989 1.33433 -2.84442 0.440908 2.19579 -0.439899 -0.188861 -0.122049 0.126843 -0.0547841 0.268058 0.49404 14.0519 -1.58972 -0.434824 0.82317 -0.00458452 0.00227479 2.48782 -2.286 0.856006 -0.197858 0.000574974 -0.000213629 -2.53697
589.315 0.626576 -0.596238 1.43526 -2.97098 0.496423 1.92798 0.615262 -0.60061 1.49384 -2.98886 0.49201 1.90919 -0.0113145 -0.0043724 0.0585812 -0.0178799 -0.00441282 -0.0187934 0.0598238 1.10748 0.185548 -0.788191 1.31505 -2.84425 0.441001 2.19596 -0.441029 -0.191953 -0.120209 0.126733 -0.0554217 0.267984 0.495784 14.0534 -1.59371 -0.431479 0.801204 -0.00465895 0.00150467 2.48791 -2.286 0.856006 -0.197858 0.000574974 -0.000213629 -2.53697
589.696 0.626989 -0.601695 1.41377 -2.97034 0.497016 1.92817 0.621105 -0.613071 1.48448 -2.98052 0.504571 1.90704 -0.00588386 -0.0113761 0.0707089 -0.0101744 0.00755523 -0.0211282 0.0718595 1.14671 0.183606 -0.796484 1.2954 -2.84363 0.441033 2.19608 -0.443383 -0.194789 -0.118369 0.126711 -0.0559831 0.267917 0.49854 14.0551 -1.59782 -0.428223 0.77902 -0.00432577 0.000752155 2.48797 -2.286 0.856006 -0.197858 0.000574974 -0.000213629 -2.53697
