294.692 0.00224939 -0.645192 1.48145 2.62981 -0.00575501 -0.00382348 -0.0560346 -0.661154 1.50996 2.61998 -0.0230339 -0.0208366 -0.058284 -0.0159616 0.0285082 -0.00983207 -0.0172789 -0.0170132 0.066817 1.50454 0.0434432 -0.624045 1.24461 2.61721 0.00106308 -0.00163014 0.0411938 0.0211475 -0.23684 -0.0126056 0.00681809 0.00219333 0.241324 0.830394 0.00209565 -0.00103859 0.834905 -0.0029605 0.0112118 -1.62321 -0.0458475 -1.38879 -0.196182 -0.000180473 0.000585961 1.52456
295.094 0.044485 -0.631848 1.4888 2.62722 0.0114302 0.0169914 -0.0199838 -0.654139 1.52595 2.63508 -0.00739769 -0.00316757 -0.0644688 -0.0222905 0.0371532 0.00786251 -0.0188278 -0.0201589 0.0776753 1.64402 0.0803893 -0.610507 1.25123 2.61749 0.00114515 -0.00254133 0.0359044 0.0213412 -0.237573 -0.00972594 -0.010285 -0.0195327 0.241216 1.37942 0.00255537 -0.00652769 0.844081 0.00176346 0.00851832 -1.59658 -0.0458475 -1.38879 -0.196182 -0.000180473 0.000585961 1.52456
295.42 0.0678543 -0.621569 1.49418 2.62605 0.0227484 0.0245361 0.0159926 -0.64104 1.5265 2.63042 0.00599583 0.0025184 -0.0518617 -0.0194712 0.0323139 0.00437841 -0.0167526 -0.0220177 0.0641323 1.60766 0.101483 -0.599599 1.25579 2.61769 -0.00119822 -0.00595505 0.0336292 0.0219703 -0.238398 -0.00835158 -0.0239467 -0.0304912 0.241758 2.26831 0.00284433 -0.0110754 0.852057 0.0078548 0.00705459 -1.5844 -0.0458475 -1.38879 -0.196182 -0.000180473 0.000585961 1.52456
296.309 0.0767957 -0.597154 1.5068 2.62299 0.0295728 0.0223591 0.0493042 -0.612455 1.52668 2.60722 0.0350662 0.0247066 -0.0274915 -0.015301 0.0198842 -0.015763 0.00549334 0.00234746 0.0372194 0.969952 0.108723 -0.575497 1.26796 2.61753 -0.00386293 -0.00869439 0.0319274 0.0216572 -0.238838 -0.00545395 -0.0334358 -0.0310535 0.241934 2.63032 0.0022314 -0.0227329 0.871092 0.0147535 0.00380634 -1.58296 -0.0458475 -1.38879 -0.196182 -0.000180473 0.000585961 1.52456
296.914 0.0630108 -0.587519 1.51168 2.62205 0.0241423 0.0158731 0.0466163 -0.598491 1.52679 2.6146 0.044671 0.0175261 -0.0163945 -0.0109714 0.0151146 -0.00745693 0.0205287 0.00165303 0.0248516 1.25616 0.0954322 -0.565729 1.27255 2.61802 -0.00403565 -0.00813255 0.0324214 0.0217902 -0.239129 -0.004034 -0.028178 -0.0240057 0.242299 2.13203 0.0011772 -0.0280467 0.87879 0.0132374 0.00310826 -1.59122 -0.0458475 -1.38879 -0.196182 -0.000180473 0.000585961 1.52456
297.273 0.04246 -0.57899 1.51558 2.62172 0.0156982 0.00689615 0.0303049 -0.591616 1.5437 2.61815 0.0253205 0.00971569 -0.0121552 -0.0126258 0.0281138 -0.00357147 0.00962228 0.00281955 0.0331292 0.611018 0.0744834 -0.561078 1.27879 2.61814 -0.0056495 -0.00981939 0.0320234 0.0179114 -0.236792 -0.0035821 -0.0213477 -0.0167155 0.239618 1.56623 -0.000317113 -0.0335008 0.886033 0.0103669 0.00301771 -1.60322 -0.0458475 -1.38879 -0.196182 -0.000180473 0.000585961 1.52456
297.575 0.00835338 -0.567675 1.51952 2.62156 0.00177248 -0.0083398 0.00681472 -0.587369 1.56113 2.62281 0.00263334 0.000991041 -0.00153865 -0.0196932 0.041615 0.00125106 0.000860863 0.00933084 0.0460651 0.541764 0.0410895 -0.552277 1.28432 2.61808 -0.0075147 -0.0118389 0.0327361 0.0153984 -0.235192 -0.00348176 -0.00928718 -0.00349913 0.237958 0.602634 -0.00281908 -0.0409783 0.894832 0.00586564 0.00300581 -1.62337 -0.0458475 -1.38879 -0.196182 -0.000180473 0.000585961 1.52456
298.115 -0.0197597 -0.558534 1.52151 2.6213 -0.00954411 -0.0214823 -0.0231718 -0.57651 1.56126 2.61865 -0.00905369 -0.00334409 -0.0034121 -0.0179762 0.0397562 -0.00264993 0.000490418 0.0181382 0.0437646 1.04941 0.013783 -0.547096 1.28866 2.61802 -0.00482684 -0.00885311 0.0335427 0.0114384 -0.23285 -0.00328746 0.00471727 0.0126291 0.235532 0.793769 -0.00492638 -0.0467377 0.900646 0.00259366 0.00265374 -1.64041 -0.0458475 -1.38879 -0.196182 -0.000180473 0.000585961 1.52456
298.654 -0.0469907 -0.548814 1.52284 2.62096 -0.0205944 -0.0341005 -0.0533368 -0.553811 1.52675 2.58317 -0.0118152 -0.014918 -0.00634603 -0.00499714 0.00390773 -0.0377977 0.00877924 0.0191825 0.00897295 2.4645 -0.0132209 -0.545638 1.29477 2.61793 -0.00595773 -0.00948245 0.0337698 0.0031755 -0.228066 -0.00303208 0.0146367 0.024618 0.230574 1.64806 -0.00711059 -0.0526171 0.905984 -0.000691295 0.00202243 -1.65686 -0.0458475 -1.38879 -0.196182 -0.000180473 0.000585961 1.52456
299.18 -0.0672999 -0.538451 1.52461 2.62029 -0.0301164 -0.0398232 -0.0859332 -0.553376 1.5614 2.61006 -0.0101761 -0.0263661 -0.0186333 -0.0149255 0.0367876 -0.0102321 0.0199403 0.0134571 0.0438554 1.49174 -0.0338349 -0.538951 1.29872 2.61765 -0.00535281 -0.00757305 0.0334651 -0.000500006 -0.225887 -0.00264246 0.0247636 0.0322502 0.228353 2.33246 -0.00926539 -0.058604 0.911798 -0.00605529 0.000968966 -1.66657 -0.0458475 -1.38879 -0.196182 -0.000180473 0.000585961 1.52456
299.577 -0.0750332 -0.531081 1.52612 2.61932 -0.0341734 -0.0403808 -0.104519 -0.535723 1.54388 2.61064 -0.0207535 -0.0406886 -0.0294857 -0.00464173 0.017762 -0.00868029 0.01342 -0.000307733 0.0347338 0.915998 -0.042484 -0.537303 1.30349 2.6175 -0.00446976 -0.00672712 0.0325492 -0.00622155 -0.222624 -0.00182182 0.0297037 0.0336537 0.225076 2.57238 -0.010597 -0.0626441 0.91561 -0.00923864 -0.000186282 -1.66908 -0.0458475 -1.38879 -0.196182 -0.000180473 0.000585961 1.52456
299.987 -0.075385 -0.516545 1.52951 2.61669 -0.0350596 -0.0363107 -0.111893 -0.52849 1.56243 2.61625 -0.0377467 -0.046451 -0.0365082 -0.0119446 0.0329161 -0.000437146 -0.0026871 -0.0101403 0.0505865 0.602634 -0.0467298 -0.52869 1.31005 2.61699 -0.00231324 -0.00497448 0.0286551 -0.0121446 -0.219463 0.00030222 0.0327464 0.0313362 0.221659 2.59706 -0.012795 -0.0707791 0.922617 -0.0119123 -0.00281684 -1.666 -0.0458475 -1.38879 -0.196182 -0.000180473 0.000585961 1.52456
300.361 -0.0585965 -0.503087 1.53281 2.61375 -0.027438 -0.0272655 -0.105071 -0.515475 1.56225 2.59519 -0.0193185 -0.029151 -0.0464745 -0.012388 0.0294353 -0.0185625 0.00811955 -0.00188555 0.0563895 1.16802 -0.0365644 -0.525694 1.31905 2.61776 -0.00256447 -0.0068578 0.022032 -0.0226077 -0.213763 0.00400955 0.0248735 0.0204077 0.216081 1.85983 -0.0142587 -0.0788587 0.928534 -0.00975106 -0.00538382 -1.65433 -0.0458475 -1.38879 -0.196182 -0.000180473 0.000585961 1.52456
300.704 -0.0381787 -0.494135 1.53466 2.61187 -0.0179567 -0.0178267 -0.0856563 -0.497003 1.54507 2.59437 -0.038692 -0.023448 -0.0474776 -0.00286784 0.0104054 -0.0174985 -0.0207352 -0.00562131 0.048689 1.59324 -0.022018 -0.524225 1.32498 2.61756 -0.00102661 -0.00546349 0.0161607 -0.0300901 -0.209682 0.00568974 0.0169301 0.0123632 0.212445 1.24647 -0.0149355 -0.0847777 0.932192 -0.00629062 -0.00694522 -1.64145 -0.0458475 -1.38879 -0.196182 -0.000180473 0.000585961 1.52456
301.476 0.0200679 -0.477343 1.53588 2.60965 0.00847598 0.010733 -0.0351631 -0.489933 1.57896 2.60607 -0.0147252 -0.0168891 -0.055231 -0.0125901 0.0430734 -0.00357585 -0.0232012 -0.0276221 0.0711638 2.07735 0.0235296 -0.527504 1.33772 2.61785 -0.00242783 -0.00681222 0.00346172 -0.0501608 -0.198165 0.00820833 -0.0109038 -0.0175453 0.204444 1.27472 -0.015825 -0.0977436 0.938668 0.00203393 -0.00899502 -1.60349 -0.0458475 -1.38879 -0.196182 -0.000180473 0.000585961 1.52456
301.894 0.034993 -0.473687 1.53576 2.60992 0.0156161 0.0172497 -0.0068143 -0.476931 1.56116 2.6067 -0.0028825 -0.000880843 -0.0418073 -0.00324383 0.0254083 -0.00322443 -0.0184986 -0.0181305 0.0490301 1.49462 0.03626 -0.528643 1.34043 2.618 -0.000402377 -0.00558755 0.00126698 -0.054956 -0.195329 0.00807804 -0.0160184 -0.0228372 0.202916 1.66671 -0.0160658 -0.101175 0.940638 0.00488523 -0.00884934 -1.59427 -0.0458475 -1.38879 -0.196182 -0.000180473 0.000585961 1.52456
302.245 0.0545745 -0.463687 1.5366 2.61013 0.0269014 0.0213626 0.016341 -0.470673 1.56074 2.58972 0.0226601 0.0187213 -0.0382335 -0.0069865 0.0241363 -0.0204143 -0.00424137 -0.00264128 0.0457512 1.2004 0.0512765 -0.52873 1.34725 2.6178 -0.00250608 -0.00834587 -0.003298 -0.0650436 -0.18935 0.00766135 -0.0294075 -0.0297084 0.200238 2.43863 -0.0170647 -0.109196 0.946536 0.0125197 -0.00893592 -1.58508 -0.0458475 -1.38879 -0.196182 -0.000180473 0.000585961 1.52456
302.65 0.0525738 -0.457608 1.53751 2.6098 0.0270871 0.0189223 0.0254801 -0.468564 1.579 2.61141 0.0258299 0.00766135 -0.0270937 -0.0109565 0.0414856 0.00160943 -0.00125721 -0.0112609 0.0507461 0.657897 0.0481916 -0.527899 1.35126 2.61779 -0.00375164 -0.00842524 -0.00438227 -0.070291 -0.186248 0.00799169 -0.0308387 -0.0273475 0.199119 2.40908 -0.0181669 -0.113628 0.949999 0.0139087 -0.00924613 -1.58711 -0.0458475 -1.38879 -0.196182 -0.000180473 0.000585961 1.52456
304.192 -0.00543244 -0.434091 1.53714 2.60899 0.00175835 0.00725459 -0.0272596 -0.436591 1.56076 2.60432 0.00422125 0.0130634 -0.0218272 -0.00249987 0.02362 -0.00466354 0.00246289 0.00580884 0.032258 0.45024 -0.00381181 -0.534031 1.36831 2.61798 -0.004349 -0.00828753 0.00162063 -0.0999399 -0.168831 0.00899766 -0.00610736 -0.0155421 0.1962 1.08643 -0.0299485 -0.13306 0.961051 -0.00199276 -0.00959401 -1.60987 -0.0458475 -1.38879 -0.196182 -0.000180473 0.000585961 1.52456
304.556 -0.0130436 -0.43106 1.53662 2.60879 -0.000764642 0.00431381 -0.0381846 -0.433134 1.56055 2.58747 0.0129283 0.00358936 -0.025141 -0.00207416 0.0239396 -0.0213239 0.013693 -0.000724444 0.0347776 1.45239 -0.0109002 -0.536006 1.37076 2.61786 -0.00425044 -0.00853743 0.00214341 -0.104946 -0.165854 0.00906785 -0.0034858 -0.0128512 0.19628 0.92196 -0.0321092 -0.135496 0.961944 -0.00267144 -0.00978406 -1.61368 -0.0458475 -1.38879 -0.196182 -0.000180473 0.000585961 1.52456
304.98 -0.0193173 -0.427806 1.53634 2.60829 -0.00252797 0.00132134 -0.0463621 -0.430446 1.56069 2.58632 0.00928154 0.00256059 -0.0270448 -0.00263964 0.0243486 -0.0219673 0.0118095 0.00123925 0.0364862 1.43094 -0.0177381 -0.537626 1.37338 2.61775 -0.00390126 -0.00845464 0.00157924 -0.10982 -0.162964 0.00946289 -0.00137329 -0.00977598 0.19652 0.782347 -0.0341413 -0.137642 0.962754 -0.00266735 -0.0102888 -1.61717 -0.0458475 -1.38879 -0.196182 -0.000180473 0.000585961 1.52456
305.348 -0.0258954 -0.423709 1.53626 2.60754 -0.00391344 -0.002583 -0.0531038 -0.43131 1.57891 2.59588 -0.0123638 -0.0263739 -0.0272084 -0.00760121 0.0426496 -0.0116597 -0.0084504 -0.0237909 0.0511573 1.5979 -0.0261092 -0.537076 1.3754 2.61775 -0.00385312 -0.00874035 -0.000213835 -0.113367 -0.160862 0.010203 6.03248e-05 -0.00615734 0.196796 0.681849 -0.0366509 -0.140022 0.963799 -0.00186934 -0.0110463 -1.62123 -0.0458475 -1.38879 -0.196182 -0.000180473 0.000585961 1.52456
305.766 -0.0299997 -0.421925 1.53612 2.60757 -0.00463072 -0.00514422 -0.0586459 -0.423669 1.56083 2.58367 -0.000761472 -0.0229542 -0.0286462 -0.00174398 0.0247104 -0.0239067 0.00386925 -0.01781 0.0378715 1.72465 -0.031747 -0.537574 1.37661 2.61795 -0.00375241 -0.00817799 -0.00174733 -0.115649 -0.159513 0.0103773 0.000878316 -0.00303378 0.197033 0.620551 -0.0384075 -0.141425 0.964583 -0.00117988 -0.011022 -1.62382 -0.0458475 -1.38879 -0.196182 -0.000180473 0.000585961 1.52456
306.198 -0.0337633 -0.421191 1.5359 2.60807 -0.00530257 -0.0072796 -0.0627535 -0.426393 1.5786 2.60853 0.00123668 -0.0109023 -0.0289902 -0.0052019 0.0427004 0.000457694 0.00653925 -0.00362267 0.051873 0.428872 -0.0377658 -0.53809 1.37712 2.61811 -0.00377504 -0.00835921 -0.00400254 -0.116899 -0.158788 0.0100357 0.00152753 -0.00107962 0.197218 0.584838 -0.0400828 -0.1425 0.965356 -0.000677046 -0.0105273 -1.62599 -0.0458475 -1.38879 -0.196182 -0.000180473 0.000585961 1.52456
306.468 -0.0358352 -0.42119 1.53575 2.60861 -0.00554001 -0.0085631 -0.0682838 -0.425979 1.57967 2.62444 -0.0135611 -0.00365442 -0.0324485 -0.00478918 0.0439117 0.0158325 -0.0080211 0.00490868 0.0548095 1.05721 -0.0413169 -0.538174 1.377 2.61817 -0.00357347 -0.00818548 -0.00548168 -0.116984 -0.158749 0.00955608 0.00196654 0.00037762 0.197273 0.559531 -0.0411639 -0.143043 0.965865 -0.00023295 -0.00999246 -1.62722 -0.0458475 -1.38879 -0.196182 -0.000180473 0.000585961 1.52456
306.82 -0.0389077 -0.422031 1.53557 2.61001 -0.00544612 -0.0108548 -0.071032 -0.426453 1.57883 2.60871 -0.00234673 -0.0118711 -0.0321243 -0.00442261 0.0432598 -0.00130544 0.00309939 -0.00101622 0.0540643 0.201741 -0.0472041 -0.539357 1.377 2.61823 -0.00327909 -0.0079359 -0.00829649 -0.117326 -0.15857 0.00821934 0.00216703 0.00291894 0.19743 0.515862 -0.0432753 -0.143753 0.96694 0.000995451 -0.0085885 -1.62916 -0.0458475 -1.38879 -0.196182 -0.000180473 0.000585961 1.52456
307.205 -0.0411332 -0.423173 1.53574 2.61139 -0.0049767 -0.0126023 -0.0722929 -0.421922 1.56197 2.59863 -0.0200785 -0.0162938 -0.0311597 0.00125062 0.0262288 -0.0127563 -0.0151018 -0.00369145 0.0407485 1.15386 -0.0510628 -0.541135 1.37752 2.61838 -0.00306398 -0.0079717 -0.00992959 -0.117962 -0.158214 0.00699062 0.00191273 0.00463064 0.197599 0.493372 -0.0453871 -0.144034 0.96813 0.00226826 -0.00720643 -1.63044 -0.0458475 -1.38879 -0.196182 -0.000180473 0.000585961 1.52456
307.489 -0.0420288 -0.423685 1.53599 2.61198 -0.00464911 -0.013273 -0.0751734 -0.427836 1.57885 2.60972 -0.00163089 -0.012763 -0.0331445 -0.00415132 0.0428503 -0.00225863 0.00301822 0.000510047 0.0543317 0.218503 -0.0527958 -0.541575 1.37773 2.61817 -0.00305418 -0.00761995 -0.0107669 -0.117891 -0.158261 0.00619136 0.00159493 0.0056531 0.197638 0.490189 -0.0464694 -0.144041 0.968783 0.00288247 -0.00661215 -1.63085 -0.0458475 -1.38879 -0.196182 -0.000180473 0.000585961 1.52456
307.938 -0.0438989 -0.424949 1.53708 2.61333 -0.00366984 -0.0143756 -0.0765532 -0.429255 1.57899 2.61003 -0.00465401 -0.0125032 -0.0326543 -0.00430658 0.0419118 -0.00329125 -0.000984177 0.00187242 0.0533053 0.223812 -0.0560582 -0.542242 1.37846 2.61818 -0.00288347 -0.0074492 -0.0121593 -0.117294 -0.158621 0.00485056 0.000786367 0.00692643 0.197652 0.486985 -0.0493327 -0.143743 0.970664 0.00426598 -0.00524776 -1.63132 -0.0458475 -1.38879 -0.196182 -0.000180473 0.000585961 1.52456
308.287 -0.0451001 -0.425464 1.53811 2.61395 -0.00316861 -0.014597 -0.076343 -0.42419 1.56026 2.59847 0.0084714 -0.00855772 -0.0312429 0.00127368 0.0221594 -0.0154749 0.01164 0.00603925 0.0383247 1.16298 -0.0566131 -0.541393 1.37867 2.61822 -0.00291316 -0.00750615 -0.0115129 -0.115929 -0.15943 0.00426677 0.00025545 0.00709082 0.197459 0.474778 -0.0512029 -0.143389 0.972022 0.00480079 -0.00461914 -1.63126 -0.0458475 -1.38879 -0.196182 -0.000180473 0.000585961 1.52456
308.682 -0.0460576 -0.42556 1.53898 2.61421 -0.002945 -0.0145526 -0.0793146 -0.42928 1.57908 2.61011 -0.00584345 -0.0128271 -0.0332571 -0.00372006 0.0401034 -0.00410214 -0.00289845 0.00172558 0.0522317 0.303902 -0.0581061 -0.540169 1.37878 2.61806 -0.0031366 -0.00755218 -0.0120486 -0.114609 -0.160201 0.00384908 -0.000191603 0.00700046 0.197344 0.458849 -0.0525264 -0.143094 0.973036 0.00496791 -0.00435762 -1.63111 -0.0458475 -1.38879 -0.196182 -0.000180473 0.000585961 1.52456
309.116 -0.0493013 -0.425512 1.54162 2.61468 -0.00294314 -0.013782 -0.0806999 -0.429333 1.57928 2.61065 -0.00793334 -0.0128955 -0.0313985 -0.00382104 0.0376603 -0.0040399 -0.0049902 0.000886429 0.049181 0.37115 -0.0632953 -0.536213 1.37914 2.61801 -0.00323946 -0.00753716 -0.013994 -0.110701 -0.16248 0.00332687 -0.000296322 0.00624481 0.197105 0.406382 -0.0561171 -0.142185 0.975952 0.00457422 -0.00388282 -1.63044 -0.0458475 -1.38879 -0.196182 -0.000180473 0.000585961 1.52456
309.761 -0.0529381 -0.425721 1.54478 2.6154 -0.00307848 -0.0125882 -0.0845239 -0.422846 1.56033 2.5979 0.00708629 -0.00997496 -0.0315858 0.00287522 0.0155513 -0.0174981 0.0101648 0.00261328 0.0353238 1.16936 -0.0690307 -0.534016 1.38089 2.61807 -0.0030409 -0.00718438 -0.0160926 -0.108295 -0.163895 0.00267519 3.758e-05 0.00540387 0.1971 0.34605 -0.0600707 -0.141073 0.979503 0.00384816 -0.00317477 -1.62947 -0.0458475 -1.38879 -0.196182 -0.000180473 0.000585961 1.52456
310.108 -0.0554358 -0.424793 1.54812 2.6154 -0.00277336 -0.0117332 -0.0876 -0.427963 1.57931 2.60971 -0.00868221 -0.0141219 -0.0321642 -0.0031695 0.031197 -0.00569231 -0.00590885 -0.00238871 0.0449203 0.490189 -0.0731525 -0.533099 1.38423 2.61783 -0.0027139 -0.00704087 -0.0177168 -0.108306 -0.163885 0.00242132 5.94549e-05 0.00469234 0.197237 0.302612 -0.0634499 -0.140085 0.982865 0.00368198 -0.00316948 -1.62858 -0.0458475 -1.38879 -0.196182 -0.000180473 0.000585961 1.52456
310.42 -0.0565478 -0.423844 1.55009 2.61515 -0.00248064 -0.0113615 -0.0906667 -0.429785 1.59642 2.61908 0.00809683 -0.0100038 -0.0341189 -0.00594055 0.0463229 0.00393354 0.0105775 0.00135767 0.0578377 0.65132 -0.073828 -0.531781 1.386 2.61767 -0.00256004 -0.0068748 -0.0172802 -0.107937 -0.164097 0.00251631 -7.93989e-05 0.0044867 0.197172 0.294751 -0.0652057 -0.139561 0.984726 0.00375094 -0.00342185 -1.62811 -0.0458475 -1.38879 -0.196182 -0.000180473 0.000585961 1.52456
310.731 -0.0590268 -0.421971 1.55428 2.6147 -0.00198836 -0.0105529 -0.0899424 -0.417841 1.55942 2.58005 0.0148316 -0.0187531 -0.0309156 0.0041304 0.00514777 -0.0346483 0.0168199 -0.00820016 0.0316123 2.2536 -0.0769721 -0.531862 1.39133 2.61777 -0.00269106 -0.00698357 -0.0179453 -0.10989 -0.16295 0.00307162 -0.000702695 0.00356937 0.197359 0.272681 -0.0688506 -0.13844 0.988716 0.00377425 -0.00386718 -1.62717 -0.0458475 -1.38879 -0.196182 -0.000180473 0.000585961 1.52456
311.086 -0.061133 -0.420975 1.55744 2.61462 -0.00170557 -0.00991547 -0.0934684 -0.425694 1.59676 2.61757 0.00432072 -0.00995183 -0.0323355 -0.00471956 0.0393233 0.00294411 0.00602629 -3.63517e-05 0.0511291 0.384613 -0.0799039 -0.530287 1.39416 2.61784 -0.00265702 -0.00685424 -0.0187709 -0.109313 -0.163283 0.00321504 -0.00095145 0.00306123 0.19739 0.260947 -0.0716994 -0.137523 0.991855 0.00369845 -0.0039453 -1.62647 -0.0458475 -1.38879 -0.196182 -0.000180473 0.000585961 1.52456
311.478 -0.0652313 -0.420269 1.5625 2.615 -0.00147306 -0.00880687 -0.0963209 -0.424031 1.59835 2.60172 -0.0103976 -0.00275963 -0.0310896 -0.00376213 0.0358519 -0.0132763 -0.00892456 0.00604724 0.0476033 0.978388 -0.0850248 -0.529111 1.39893 2.61799 -0.00283183 -0.0069776 -0.0197935 -0.108842 -0.163566 0.00298939 -0.00135878 0.00182927 0.197465 0.214891 -0.0766532 -0.135844 0.997063 0.00333817 -0.003576 -1.6254 -0.0458475 -1.38879 -0.196182 -0.000180473 0.000585961 1.52456
312.538 -0.0784116 -0.42088 1.57158 2.61656 -0.00402666 -0.00555285 -0.107519 -0.42138 1.59889 2.60085 -0.0153145 -0.00403803 -0.0291079 -0.000500006 0.0273057 -0.015712 -0.0112879 0.00151481 0.0399139 1.111 -0.0919823 -0.527898 1.40686 2.61793 -0.00401668 -0.00790194 -0.0135707 -0.107017 -0.164725 0.00136927 9.97897e-06 -0.00234909 0.196904 0.155766 -0.0870778 -0.132147 1.00693 -0.000519031 -0.00203043 -1.62385 -0.0458475 -1.38879 -0.196182 -0.000180473 0.000585961 1.52456
312.903 -0.0828052 -0.420262 1.57449 2.61652 -0.00505383 -0.00466659 -0.113123 -0.421456 1.59918 2.60104 -0.0177234 -0.00467332 -0.030318 -0.00119453 0.024691 -0.0154853 -0.0126696 -6.73036e-06 0.0391184 1.14637 -0.0941315 -0.526744 1.40945 2.61784 -0.00425014 -0.00787757 -0.0113263 -0.106483 -0.165036 0.00131804 0.00080369 -0.00321098 0.196733 0.203672 -0.090175 -0.131031 1.00986 -0.00185667 -0.0020759 -1.6236 -0.0458475 -1.38879 -0.196182 -0.000180473 0.000585961 1.52456
313.25 -0.0855387 -0.419758 1.57649 2.61646 -0.00560025 -0.0042136 -0.117889 -0.423127 1.61632 2.61018 -0.00227648 -0.000595513 -0.0323504 -0.00336847 0.0398317 -0.00627382 0.00332377 0.00361809 0.0514243 0.456283 -0.0951847 -0.526235 1.41144 2.61785 -0.00405869 -0.00809026 -0.00964602 -0.106477 -0.165049 0.00139479 0.00154156 -0.00387666 0.196651 0.251788 -0.0921868 -0.130293 1.01183 -0.00255282 -0.0021428 -1.62348 -0.0458475 -1.38879 -0.196182 -0.000180473 0.000585961 1.52456
313.601 -0.0903321 -0.418767 1.58047 2.61637 -0.0063376 -0.00365221 -0.12214 -0.423185 1.61654 2.61076 -0.00401096 -0.0010518 -0.0318074 -0.00441803 0.0360702 -0.00561584 0.00232664 0.0026004 0.0482938 0.378459 -0.0962848 -0.524756 1.41525 2.61786 -0.00406227 -0.00821695 -0.00595275 -0.105989 -0.165226 0.00149102 0.00227533 -0.00456474 0.196389 0.303902 -0.0960368 -0.128828 1.01588 -0.00348926 -0.00223324 -1.62336 -0.0458475 -1.38879 -0.196182 -0.000180473 0.000585961 1.52456
313.955 -0.0950955 -0.417821 1.58462 2.61635 -0.00707577 -0.00324281 -0.126391 -0.420423 1.61678 2.60926 -0.00598183 -0.00155437 -0.0312958 -0.0026019 0.0321625 -0.00709422 0.00109394 0.00168844 0.0449513 0.421509 -0.0967856 -0.522399 1.41832 2.61792 -0.00423822 -0.00833708 -0.00169007 -0.104578 -0.166296 0.0015704 0.00283755 -0.00509427 0.196453 0.34605 -0.0996083 -0.127378 1.01994 -0.00431337 -0.00224979 -1.62338 -0.0458475 -1.38879 -0.196182 -0.000180473 0.000585961 1.52456
314.336 -0.0973784 -0.417448 1.58657 2.61638 -0.00746694 -0.00307451 -0.131363 -0.423496 1.63418 2.6198 0.00609053 -0.0222416 -0.0339843 -0.00604793 0.0476074 0.00341436 0.0135575 -0.0191671 0.0588045 1.35912 -0.096921 -0.521811 1.42031 2.61789 -0.00416198 -0.00837343 0.000457376 -0.104363 -0.166259 0.0015093 0.00330496 -0.00529892 0.196301 0.367973 -0.101274 -0.126659 1.0219 -0.00473472 -0.0022225 -1.62343 -0.0458475 -1.38879 -0.196182 -0.000180473 0.000585961 1.52456
314.683 -0.101482 -0.416185 1.59046 2.61607 -0.00808945 -0.00290695 -0.133484 -0.417708 1.61721 2.60875 -0.00903573 -0.00233793 -0.0320021 -0.00152336 0.026747 -0.00731803 -0.000946274 0.000569023 0.0417355 0.423362 -0.0982546 -0.520005 1.42391 2.61772 -0.00405122 -0.00828063 0.00322702 -0.10382 -0.166555 0.00165354 0.00403823 -0.00537368 0.19629 0.396636 -0.104337 -0.125235 1.02559 -0.00535515 -0.00254279 -1.62359 -0.0458475 -1.38879 -0.196182 -0.000180473 0.000585961 1.52456
315.007 -0.104123 -0.414944 1.59326 2.61557 -0.00842061 -0.00290626 -0.136217 -0.415261 1.61589 2.5912 -0.000303591 -0.011053 -0.0320944 -0.00031695 0.0226301 -0.0243743 0.00811702 -0.00814676 0.0392718 1.54611 -0.0996105 -0.51847 1.42642 2.61753 -0.00402226 -0.00828585 0.00451219 -0.103525 -0.166843 0.00195976 0.00439834 -0.0053796 0.196403 0.413068 -0.106382 -0.124169 1.02809 -0.00564052 -0.00304561 -1.62376 -0.0458475 -1.38879 -0.196182 -0.000180473 0.000585961 1.52456
315.399 -0.106962 -0.4129 1.59701 2.61459 -0.0085705 -0.00312735 -0.140125 -0.417797 1.63699 2.60257 -0.0147411 -0.0151378 -0.0331624 -0.00489676 0.0399778 -0.0120168 -0.00617058 -0.0120105 0.0521723 1.0408 -0.0999563 -0.517373 1.43088 2.61748 -0.00393356 -0.00838344 0.00700581 -0.104473 -0.166134 0.00288772 0.00463694 -0.00525609 0.196378 0.43341 -0.108755 -0.122718 1.03112 -0.00564998 -0.00402367 -1.62403 -0.0458475 -1.38879 -0.196182 -0.000180473 0.000585961 1.52456
315.716 -0.108052 -0.41198 1.59883 2.61412 -0.00851869 -0.00332555 -0.140605 -0.41087 1.61802 2.57393 -0.0151644 -0.00384779 -0.0325528 0.00111021 0.0191963 -0.040189 -0.00664569 -0.000522236 0.0378076 2.33448 -0.0999044 -0.516359 1.43265 2.6174 -0.00394446 -0.00850137 0.00814738 -0.104379 -0.166178 0.00327594 0.00457424 -0.00517582 0.196409 0.437007 -0.109789 -0.121964 1.03255 -0.00550189 -0.00449017 -1.62417 -0.0458475 -1.38879 -0.196182 -0.000180473 0.000585961 1.52456
316.116 -0.110535 -0.410977 1.60305 2.61364 -0.00849853 -0.00381579 -0.144234 -0.413647 1.63474 2.61571 0.00460187 0.00116512 -0.0336997 -0.00267026 0.0316902 0.00207256 0.0131004 0.00498091 0.0463364 0.811806 -0.098286 -0.515654 1.43707 2.61769 -0.00411938 -0.00865602 0.0122486 -0.104677 -0.165978 0.00405693 0.00437915 -0.00484022 0.196612 0.439686 -0.111944 -0.119939 1.03606 -0.00523385 -0.00497884 -1.62459 -0.0458475 -1.38879 -0.196182 -0.000180473 0.000585961 1.52456
316.581 -0.111801 -0.411242 1.60544 2.61381 -0.00851599 -0.00411575 -0.145876 -0.412178 1.63739 2.60039 -0.0174538 -0.0157728 -0.034075 -0.000935895 0.0319444 -0.0134119 -0.00893777 -0.0116571 0.0467165 1.14535 -0.0970126 -0.51537 1.43915 2.6179 -0.00412867 -0.00864525 0.014788 -0.104129 -0.166291 0.00409599 0.00438732 -0.00452951 0.196759 0.429783 -0.112952 -0.118617 1.03819 -0.00509925 -0.00481062 -1.62485 -0.0458475 -1.38879 -0.196182 -0.000180473 0.000585961 1.52456
316.945 -0.112695 -0.41198 1.6078 2.61423 -0.00841298 -0.00448279 -0.148156 -0.416474 1.65454 2.61052 0.00119119 -0.0114738 -0.035461 -0.004494 0.0467397 -0.00371399 0.00960417 -0.00699099 0.0588411 0.713816 -0.0951464 -0.514479 1.44057 2.61805 -0.00409228 -0.00871955 0.0175485 -0.1025 -0.167234 0.00381983 0.0043207 -0.00423676 0.196929 0.409261 -0.113754 -0.117218 1.04036 -0.00482868 -0.00438697 -1.62512 -0.0458475 -1.38879 -0.196182 -0.000180473 0.000585961 1.52456
317.527 -0.114264 -0.414395 1.61321 2.61547 -0.00830727 -0.00528461 -0.146155 -0.406998 1.61665 2.55622 -0.00593371 -0.0135578 -0.0318912 0.00739662 0.00344006 -0.0592495 0.00237356 -0.00827318 0.032918 3.43365 -0.0880037 -0.510817 1.44245 2.61808 -0.00461403 -0.00921816 0.0262601 -0.0964221 -0.170759 0.00260729 0.00369324 -0.00393355 0.197852 0.342641 -0.114894 -0.113752 1.04532 -0.00434423 -0.00315007 -1.62576 -0.0458475 -1.38879 -0.196182 -0.000180473 0.000585961 1.52456
318.163 -0.115743 -0.417483 1.61689 2.61678 -0.00882977 -0.00565624 -0.151213 -0.419163 1.65666 2.62943 -0.0120454 -0.00304599 -0.03547 -0.00168049 0.0397671 0.0126463 -0.00321567 0.00261024 0.0533138 0.764127 -0.0872812 -0.508845 1.44324 2.61818 -0.00486198 -0.0094517 0.028462 -0.091362 -0.173646 0.00140388 0.00396779 -0.00379546 0.198268 0.323851 -0.115121 -0.110702 1.04867 -0.00462253 -0.00183927 -1.62635 -0.0458475 -1.38879 -0.196182 -0.000180473 0.000585961 1.52456
318.459 -0.116116 -0.418805 1.61785 2.61731 -0.00902372 -0.00577822 -0.151243 -0.420737 1.65708 2.59691 -0.0151142 -0.00383516 -0.0351276 -0.00193152 0.0392346 -0.0203986 -0.00609044 0.00194306 0.0526975 1.22365 -0.0875369 -0.509087 1.44358 2.6183 -0.00497208 -0.00955335 0.0285786 -0.0902817 -0.174267 0.000996953 0.00405165 -0.00377513 0.198335 0.322641 -0.115043 -0.109702 1.04951 -0.00473288 -0.00132137 -1.62655 -0.0458475 -1.38879 -0.196182 -0.000180473 0.000585961 1.52456
318.9 -0.116683 -0.421997 1.61964 2.61839 -0.0095007 -0.00609061 -0.151058 -0.422287 1.65467 2.61305 0.00026693 -0.0117064 -0.0343741 -0.000289946 0.0350307 -0.00534438 0.00976763 -0.00561577 0.0490797 0.714911 -0.08689 -0.508473 1.44321 2.61834 -0.00520456 -0.00986735 0.0297935 -0.086476 -0.176439 -5.10477e-05 0.00429615 -0.00377674 0.198737 0.327456 -0.114503 -0.107311 1.05088 -0.00499997 -0.000240327 -1.62706 -0.0458475 -1.38879 -0.196182 -0.000180473 0.000585961 1.52456
319.4 -0.116739 -0.424885 1.62008 2.61955 -0.00975587 -0.0062997 -0.152658 -0.424941 1.65663 2.63231 -0.0122735 -0.00315459 -0.0359189 -5.65754e-05 0.0365507 0.012756 -0.00251767 0.00314511 0.0512457 0.768213 -0.0853954 -0.507734 1.44158 2.61864 -0.00540067 -0.0101301 0.0313432 -0.0828497 -0.178497 -0.000913017 0.00435519 -0.00383044 0.199268 0.336882 -0.113938 -0.105987 1.05131 -0.00512829 0.000914963 -1.62736 -0.0458475 -1.38879 -0.196182 -0.000180473 0.000585961 1.52456
319.802 -0.116452 -0.429733 1.62007 2.62173 -0.0100449 -0.00661271 -0.153812 -0.433818 1.67702 2.62962 -0.0151745 -0.0155672 -0.0373593 -0.00408474 0.0569499 0.00789748 -0.00512964 -0.00895453 0.0682327 0.740721 -0.0849585 -0.508254 1.43914 2.61866 -0.00558416 -0.0104005 0.0314939 -0.0785209 -0.18093 -0.00306313 0.00446071 -0.00378784 0.199733 0.379492 -0.112901 -0.104428 1.05168 -0.00524584 0.00308694 -1.62778 -0.0458475 -1.38879 -0.196182 -0.000180473 0.000585961 1.52456
320.523 -0.115611 -0.437246 1.61953 2.62552 -0.010636 -0.00700062 -0.15105 -0.436709 1.65457 2.61902 0.000953953 -0.011522 -0.0354391 0.000536904 0.0350355 -0.00650694 0.01159 -0.00452139 0.0498368 0.805029 -0.0841319 -0.510783 1.43588 2.61864 -0.00581523 -0.0106457 0.0314787 -0.0735368 -0.183656 -0.00688868 0.00482079 -0.00364503 0.20032 0.526376 -0.110739 -0.10282 1.05238 -0.00560898 0.00687574 -1.62841 -0.0458475 -1.38879 -0.196182 -0.000180473 0.000585961 1.52456
320.917 -0.115129 -0.439746 1.61948 2.62699 -0.0111038 -0.00708851 -0.151234 -0.440962 1.65695 2.60537 -0.0141339 -0.0037593 -0.036105 -0.00121619 0.0374736 -0.0216211 -0.00303012 0.00332921 0.0520511 1.263 -0.0841645 -0.51169 1.43497 2.61878 -0.0060063 -0.0107506 0.0309642 -0.0719433 -0.184507 -0.00820624 0.00509746 -0.00366207 0.200443 0.593473 -0.109382 -0.102486 1.05302 -0.00599086 0.00834102 -1.62872 -0.0458475 -1.38879 -0.196182 -0.000180473 0.000585961 1.52456
321.631 -0.112347 -0.440455 1.62088 2.6286 -0.0116567 -0.00755355 -0.149773 -0.443812 1.65679 2.60693 -0.0133316 -0.00357761 -0.0374253 -0.00335688 0.0359039 -0.0216634 -0.00167486 0.00397594 0.0519713 1.26269 -0.0852633 -0.5078 1.43382 2.61855 -0.00575346 -0.0110685 0.0270841 -0.0673445 -0.187062 -0.010049 0.00590328 -0.00351495 0.200651 0.698856 -0.105439 -0.103271 1.05596 -0.00626072 0.00993656 -1.6294 -0.0458475 -1.38879 -0.196182 -0.000180473 0.000585961 1.52456
322.014 -0.109699 -0.438262 1.62232 2.6284 -0.0111209 -0.00816614 -0.145863 -0.43787 1.63721 2.61123 -0.016121 -0.0156894 -0.0361642 0.000392632 0.0148932 -0.017173 -0.00500013 -0.0075233 0.0391128 1.11698 -0.0845656 -0.504344 1.43452 2.6184 -0.00556348 -0.0109972 0.0251334 -0.0660817 -0.187793 -0.0100011 0.00555742 -0.00283101 0.200661 0.676664 -0.103415 -0.10433 1.05793 -0.00548322 0.00973788 -1.62966 -0.0458475 -1.38879 -0.196182 -0.000180473 0.000585961 1.52456
322.722 -0.101248 -0.428663 1.62681 2.6265 -0.0088178 -0.0101096 -0.139602 -0.434993 1.65626 2.60252 -0.00961975 -0.00252492 -0.0383537 -0.00632959 0.0294448 -0.0239788 -0.000801951 0.00758468 0.0487655 1.43777 -0.0772008 -0.495475 1.43926 2.61791 -0.00507238 -0.0104738 0.0240471 -0.066812 -0.187547 -0.0085856 0.00374542 -0.00036416 0.200539 0.537412 -0.0981201 -0.108408 1.06374 -0.00249995 0.00785309 -1.63019 -0.0458475 -1.38879 -0.196182 -0.000180473 0.000585961 1.52456
323.3 -0.0949002 -0.41604 1.63096 2.62309 -0.007883 -0.0109731 -0.133199 -0.426115 1.67552 2.62555 -0.00439982 -0.0139386 -0.0382992 -0.0100757 0.0445634 0.00245713 0.00348317 -0.00296559 0.0596175 0.297394 -0.0726229 -0.487787 1.44604 2.61736 -0.00501001 -0.00981827 0.0222772 -0.0717473 -0.184922 -0.0057271 0.00287299 0.0011548 0.1996 0.372203 -0.0932684 -0.113389 1.06908 -0.00122007 0.0044577 -1.63047 -0.0458475 -1.38879 -0.196182 -0.000180473 0.000585961 1.52456
323.637 -0.0919613 -0.409501 1.63277 2.62141 -0.00765896 -0.0111746 -0.127842 -0.41184 1.65334 2.60783 0.0103976 -0.00975779 -0.0358804 -0.00233926 0.0205692 -0.0135821 0.0180565 0.00141683 0.0414242 1.29724 -0.0713919 -0.48337 1.449 2.61781 -0.00508542 -0.00969725 0.0205695 -0.0738686 -0.183773 -0.00360476 0.00257354 0.00147736 0.199129 0.266879 -0.0908013 -0.116236 1.07173 -0.000902958 0.00278308 -1.63054 -0.0458475 -1.38879 -0.196182 -0.000180473 0.000585961 1.52456
323.956 -0.088781 -0.403304 1.63441 2.62003 -0.00730023 -0.0113979 -0.123731 -0.405494 1.65693 2.60737 -0.0221105 -0.0171924 -0.0349504 -0.0021898 0.0225157 -0.012656 -0.0148102 -0.00579457 0.0416327 1.16768 -0.0708499 -0.478536 1.45133 2.61767 -0.00500368 -0.00975576 0.0179311 -0.0752313 -0.183077 -0.00235952 0.00229655 0.00164212 0.198742 0.211218 -0.08832 -0.119237 1.07444 -0.000462039 0.00140572 -1.63055 -0.0458475 -1.38879 -0.196182 -0.000180473 0.000585961 1.52456
324.666 -0.0794012 -0.388991 1.63768 2.61778 -0.00576675 -0.0121253 -0.118528 -0.396717 1.67496 2.61286 0.000406491 -0.012718 -0.039127 -0.00772626 0.037281 -0.00491569 0.00617324 -0.00059262 0.0545938 0.453703 -0.0677282 -0.465404 1.45522 2.61797 -0.00486536 -0.00936964 0.011673 -0.0764123 -0.182456 0.000191507 0.000901386 0.0027557 0.198155 0.165511 -0.0817472 -0.127644 1.08141 0.00126005 -0.000829382 -1.63042 -0.0458475 -1.38879 -0.196182 -0.000180473 0.000585961 1.52456
325.025 -0.0760483 -0.384088 1.63861 2.61719 -0.00528147 -0.0122685 -0.112121 -0.385113 1.65639 2.59823 -0.0180835 -0.015981 -0.0360727 -0.00102506 0.0177834 -0.0189651 -0.0128021 -0.00371259 0.0402311 1.33031 -0.066509 -0.459906 1.45579 2.61799 -0.00482827 -0.0092593 0.00953923 -0.0758184 -0.182817 0.000797894 0.000453196 0.00300915 0.198145 0.181308 -0.0793583 -0.130858 1.0839 0.00175974 -0.00140944 -1.6303 -0.0458475 -1.38879 -0.196182 -0.000180473 0.000585961 1.52456
325.735 -0.0683082 -0.375123 1.63988 2.61716 -0.00401966 -0.0125719 -0.1068 -0.379066 1.67452 2.60499 0.00469999 -0.0117459 -0.038492 -0.00394344 0.0346432 -0.01217 0.00871965 0.000826009 0.0519359 0.859118 -0.0625048 -0.452409 1.45791 2.61821 -0.00485628 -0.00938395 0.00580347 -0.0772856 -0.181971 0.00104935 -0.00083662 0.003188 0.197788 0.197824 -0.0740872 -0.138329 1.08936 0.00300383 -0.00142019 -1.62993 -0.0458475 -1.38879 -0.196182 -0.000180473 0.000585961 1.52456
326.451 -0.062938 -0.36838 1.64018 2.61747 -0.00349167 -0.0124698 -0.0976221 -0.367617 1.65577 2.59011 -0.0124759 -0.0145415 -0.0346841 0.000762752 0.0155925 -0.0273618 -0.00898426 -0.00207171 0.0380354 1.65517 -0.0593299 -0.449094 1.46021 2.61815 -0.00495655 -0.00931033 0.00360818 -0.0807139 -0.179967 0.000683723 -0.00146489 0.00315947 0.197271 0.203672 -0.0700367 -0.144699 1.09337 0.00340563 -0.00110877 -1.62958 -0.0458475 -1.38879 -0.196182 -0.000180473 0.000585961 1.52456
326.808 -0.0598934 -0.363545 1.64014 2.61737 -0.00332323 -0.0123048 -0.0946797 -0.363706 1.65438 2.57083 0.00193111 -0.0236721 -0.0347863 -0.000161144 0.0142374 -0.0465456 0.00525434 -0.0113672 0.0375874 2.76215 -0.0589952 -0.445978 1.46114 2.61809 -0.00491212 -0.00922038 0.00089817 -0.0824328 -0.179002 0.000712971 -0.00158889 0.00308446 0.197073 0.203672 -0.0676127 -0.148945 1.09564 0.00346981 -0.00120375 -1.62935 -0.0458475 -1.38879 -0.196182 -0.000180473 0.000585961 1.52456
327.152 -0.0577138 -0.359601 1.64002 2.61705 -0.00316292 -0.0122128 -0.0936832 -0.36392 1.67554 2.61699 -0.00993853 -0.0265877 -0.0359693 -0.0043185 0.0355239 -5.97e-05 -0.00677562 -0.0143749 0.0507385 0.910427 -0.056945 -0.443423 1.46184 2.61797 -0.00481228 -0.0089801 0.00076885 -0.0838214 -0.178171 0.000919092 -0.00164936 0.00323274 0.196905 0.214891 -0.0659423 -0.152128 1.09711 0.00356642 -0.00152975 -1.62919 -0.0458475 -1.38879 -0.196182 -0.000180473 0.000585961 1.52456
327.522 -0.0559252 -0.355388 1.63987 2.61653 -0.00318479 -0.0120116 -0.0926437 -0.364188 1.69739 2.62879 -0.021299 -0.0045677 -0.0367185 -0.00880028 0.0575168 0.0122646 -0.0181143 0.00744395 0.0688031 1.32677 -0.0551535 -0.440531 1.46246 2.61779 -0.00480197 -0.00872376 0.000771701 -0.0851429 -0.177415 0.00126638 -0.00161719 0.00328788 0.196789 0.222056 -0.0643999 -0.155296 1.09847 0.00345287 -0.00205033 -1.62903 -0.0458475 -1.38879 -0.196182 -0.000180473 0.000585961 1.52456
327.885 -0.0544287 -0.350935 1.63981 2.61586 -0.00332355 -0.0117364 -0.0891558 -0.3544 1.67203 2.61001 0.026657 -0.0187253 -0.0347271 -0.00346475 0.0322143 -0.0058432 0.0299806 -0.00698896 0.0474946 1.7945 -0.0535802 -0.438351 1.46371 2.61785 -0.00470483 -0.00852803 0.000848442 -0.0874161 -0.176105 0.00199613 -0.00138127 0.00320835 0.19661 0.2307 -0.0629803 -0.15843 1.09986 0.0032026 -0.00272169 -1.62886 -0.0458475 -1.38879 -0.196182 -0.000180473 0.000585961 1.52456
328.255 -0.0525872 -0.344509 1.63992 2.61464 -0.0034971 -0.0113661 -0.0878222 -0.349253 1.67537 2.61041 -0.00798108 -0.0260892 -0.035235 -0.00474422 0.0354576 -0.00422715 -0.00448399 -0.0147231 0.0502121 0.915571 -0.0494553 -0.434463 1.46526 2.61768 -0.00464614 -0.00835177 0.00313191 -0.0899546 -0.174652 0.00304054 -0.00114905 0.00301435 0.196481 0.254878 -0.0612599 -0.162517 1.10172 0.00288068 -0.00393983 -1.62862 -0.0458475 -1.38879 -0.196182 -0.000180473 0.000585961 1.52456
328.604 -0.0513373 -0.339811 1.64 2.61372 -0.00362738 -0.0110799 -0.0866663 -0.348274 1.69574 2.63966 -0.00271678 -0.0126079 -0.0353289 -0.00846345 0.0557437 0.0259435 0.000910593 -0.00152799 0.0665366 1.48964 -0.0464731 -0.431594 1.46642 2.6175 -0.00464444 -0.00821698 0.0048643 -0.0917836 -0.173577 0.00378154 -0.00101707 0.00286288 0.19641 0.278362 -0.0600843 -0.165472 1.10306 0.00263239 -0.00487117 -1.62844 -0.0458475 -1.38879 -0.196182 -0.000180473 0.000585961 1.52456
329.025 -0.0501702 -0.335223 1.64004 2.61279 -0.0037657 -0.0107745 -0.084926 -0.339391 1.67726 2.60669 -0.0377482 -0.00764829 -0.0347558 -0.0041677 0.037226 -0.00610536 -0.0339825 0.00312625 0.051099 1.98564 -0.0436221 -0.428871 1.46752 2.61756 -0.00459879 -0.00819721 0.00654806 -0.0936477 -0.172516 0.00476663 -0.00083309 0.00257733 0.196404 0.315279 -0.0589943 -0.168297 1.10429 0.00237119 -0.00579619 -1.62825 -0.0458475 -1.38879 -0.196182 -0.000180473 0.000585961 1.52456
329.316 -0.0489318 -0.331117 1.63994 2.61201 -0.00379195 -0.0105315 -0.0834206 -0.333175 1.67545 2.60272 -0.00169096 -0.000336535 -0.0344888 -0.00205798 0.0355048 -0.00928109 0.00210099 0.010195 0.049541 0.798194 -0.0390932 -0.426379 1.46836 2.61767 -0.00457909 -0.00828176 0.00983857 -0.0952623 -0.171587 0.00566743 -0.00078714 0.00224974 0.196504 0.35277 -0.0579785 -0.170963 1.10534 0.0022348 -0.0065807 -1.62805 -0.0458475 -1.38879 -0.196182 -0.000180473 0.000585961 1.52456
329.68 -0.0477214 -0.327723 1.63968 2.61149 -0.00377771 -0.0103162 -0.0819817 -0.329672 1.67631 2.62021 -0.0220833 -0.0159737 -0.0342602 -0.00194926 0.0366292 0.00871733 -0.0183056 -0.00565753 0.0501922 1.20431 -0.0351576 -0.424631 1.46905 2.61784 -0.00463152 -0.00841078 0.0125639 -0.0969083 -0.170629 0.0063545 -0.00085381 0.00190541 0.19663 0.383595 -0.0570297 -0.173442 1.10622 0.00214379 -0.0070968 -1.62786 -0.0458475 -1.38879 -0.196182 -0.000180473 0.000585961 1.52456
330.062 -0.0462663 -0.324379 1.63911 2.61128 -0.00377818 -0.0100323 -0.0803894 -0.325173 1.67191 2.59682 0.0296988 -0.0185989 -0.0341231 -0.000794102 0.0327941 -0.0144565 0.0334769 -0.00856652 0.0473336 2.14375 -0.0302983 -0.422528 1.4692 2.61795 -0.00468667 -0.00854346 0.015968 -0.098149 -0.169907 0.00666998 -0.000908491 0.00148887 0.196867 0.395648 -0.0558609 -0.17643 1.10717 0.00200199 -0.00731212 -1.62761 -0.0458475 -1.38879 -0.196182 -0.000180473 0.000585961 1.52456
330.684 -0.0444564 -0.321285 1.6383 2.61174 -0.00385037 -0.00962571 -0.0773706 -0.317792 1.65614 2.58461 -0.0182978 -0.00350799 -0.0329142 0.0034932 0.0178404 -0.0271297 -0.0144474 0.00611773 0.0376009 1.79231 -0.0227796 -0.421428 1.46954 2.61809 -0.00484999 -0.00847768 0.0216768 -0.100143 -0.168759 0.00635339 -0.000999618 0.00114804 0.197429 0.3743 -0.0542959 -0.18022 1.10862 0.0017288 -0.006848 -1.62729 -0.0458475 -1.38879 -0.196182 -0.000180473 0.000585961 1.52456
331.033 -0.0442758 -0.319546 1.63799 2.61204 -0.00449287 -0.00904935 -0.0775175 -0.320376 1.67361 2.61401 0.0159003 -0.00856772 -0.0332417 -0.000829624 0.0356245 0.00197004 0.0203932 0.000481631 0.048732 1.17403 -0.018858 -0.42089 1.46996 2.61797 -0.00491615 -0.00835406 0.0254178 -0.101344 -0.168022 0.00592871 -0.000423282 0.000695289 0.197859 0.342641 -0.0533586 -0.182317 1.10965 0.000880196 -0.00655824 -1.62712 -0.0458475 -1.38879 -0.196182 -0.000180473 0.000585961 1.52456
331.403 -0.044591 -0.317972 1.63794 2.61199 -0.00525001 -0.0084815 -0.0775612 -0.318512 1.67528 2.596 0.000539632 0.000102682 -0.0329702 -0.000539664 0.037338 -0.0159941 0.00578964 0.00858418 0.0498141 1.09074 -0.016028 -0.419505 1.47006 2.61782 -0.00500193 -0.00818048 0.028563 -0.101533 -0.167883 0.00583026 0.000248071 0.000301011 0.198267 0.33455 -0.0526791 -0.183682 1.11042 -5.96337e-05 -0.00660682 -1.627 -0.0458475 -1.38879 -0.196182 -0.000180473 0.000585961 1.52456
332.467 -0.0438976 -0.311665 1.63935 2.61069 -0.00670755 -0.00729603 -0.0775615 -0.312663 1.6753 2.59334 0.000386074 7.21132e-05 -0.0336639 -0.000998522 0.0359463 -0.0173469 0.00709363 0.00736814 0.0492584 1.1525 -0.00675033 -0.413437 1.4717 2.61779 -0.00468707 -0.00824963 0.0371473 -0.101772 -0.167657 0.0071039 0.00202048 -0.000953599 0.199615 0.426126 -0.0501401 -0.186891 1.11338 -0.00190402 -0.00792638 -1.6267 -0.0458475 -1.38879 -0.196182 -0.000180473 0.000585961 1.52456
332.897 -0.0423661 -0.311071 1.63983 2.61092 -0.00656441 -0.00726661 -0.0775114 -0.310099 1.67336 2.60912 0.0185898 -0.00935472 -0.0351453 0.00097258 0.0335235 -0.00180416 0.0251542 -0.00208811 0.0485794 1.44969 -0.00317112 -0.413082 1.47231 2.61804 -0.004675 -0.00831 0.039195 -0.10201 -0.16752 0.00712241 0.0018894 -0.00104339 0.200013 0.426126 -0.0488963 -0.187535 1.11436 -0.00179766 -0.00769171 -1.62661 -0.0458475 -1.38879 -0.196182 -0.000180473 0.000585961 1.52456
333.196 -0.0412101 -0.311741 1.63982 2.61151 -0.00649548 -0.00724093 -0.0744742 -0.306205 1.65605 2.57917 -0.0173099 -0.00319754 -0.0332641 0.0055356 0.0162348 -0.03234 -0.0108145 0.00404339 0.0374261 1.96483 -0.000535082 -0.412507 1.47156 2.61809 -0.00473743 -0.0083435 0.040675 -0.100766 -0.168251 0.00658213 0.00175805 -0.00110257 0.200292 0.394657 -0.0478738 -0.187783 1.11471 -0.00175685 -0.00710306 -1.62655 -0.0458475 -1.38879 -0.196182 -0.000180473 0.000585961 1.52456
333.509 -0.0404386 -0.312701 1.6396 2.61208 -0.0064687 -0.00722378 -0.0745861 -0.310084 1.67328 2.60905 0.0199111 -0.00910922 -0.0341475 0.00261745 0.0336784 -0.00303932 0.0263798 -0.00188544 0.0480327 1.52521 0.00203961 -0.4122 1.47061 2.61834 -0.00473137 -0.00834834 0.0424782 -0.099499 -0.168992 0.00625855 0.00173733 -0.00112456 0.200656 0.377424 -0.0471515 -0.187847 1.11472 -0.00174791 -0.0065258 -1.62652 -0.0458475 -1.38879 -0.196182 -0.000180473 0.000585961 1.52456
333.9 -0.0382779 -0.315847 1.63859 2.61362 -0.00631589 -0.00727107 -0.0731901 -0.312941 1.6768 2.59444 -0.0334223 -0.00624518 -0.0349122 0.00290651 0.0382114 -0.019178 -0.0271064 0.00102588 0.0518403 1.90269 0.00557605 -0.412718 1.46806 2.61844 -0.00466856 -0.00843761 0.043854 -0.0968707 -0.170532 0.0048144 0.00164733 -0.00116654 0.200969 0.298707 -0.0452096 -0.187719 1.1141 -0.0016067 -0.0049871 -1.62649 -0.0458475 -1.38879 -0.196182 -0.000180473 0.000585961 1.52456
334.273 -0.0367034 -0.318019 1.63776 2.61453 -0.00608293 -0.0074027 -0.071703 -0.315551 1.6751 2.59454 0.00312049 0.00058832 -0.0349996 0.00246845 0.0373353 -0.0199858 0.00920342 0.00799102 0.0512346 1.34057 0.00642091 -0.414564 1.46708 2.61815 -0.00467929 -0.00845062 0.0431243 -0.0965452 -0.170684 0.00361917 0.00140364 -0.00104792 0.200782 0.2307 -0.0439594 -0.187494 1.11336 -0.00134772 -0.00407906 -1.62648 -0.0458475 -1.38879 -0.196182 -0.000180473 0.000585961 1.52456
334.608 -0.0355752 -0.319329 1.63718 2.615 -0.00589134 -0.00751933 -0.0702568 -0.317886 1.67591 2.61461 -0.0172786 -0.0149027 -0.0346815 0.00144303 0.0387286 -0.000383267 -0.0113873 -0.00738336 0.0520077 0.777832 0.00719731 -0.417626 1.46746 2.61831 -0.00455834 -0.00846919 0.0427725 -0.0982968 -0.169725 0.00330883 0.001333 -0.000949858 0.200744 0.211218 -0.0430967 -0.187303 1.11274 -0.00112789 -0.00360961 -1.62649 -0.0458475 -1.38879 -0.196182 -0.000180473 0.000585961 1.52456
335.311 -0.0301514 -0.322378 1.6348 2.61519 -0.004589 -0.0083454 -0.0658466 -0.321366 1.6749 2.59708 0.00590199 0.00113337 -0.0356951 0.00101288 0.0401001 -0.0181072 0.010491 0.00947876 0.0536953 1.31641 0.00610415 -0.430225 1.47062 2.6179 -0.00428751 -0.00816912 0.0362556 -0.107846 -0.164185 0.00271419 0.000301492 0.000176279 0.199755 0.155766 -0.0395085 -0.186318 1.1093 0.000411672 -0.00340572 -1.62655 -0.0458475 -1.38879 -0.196182 -0.000180473 0.000585961 1.52456
335.658 -0.0278367 -0.323476 1.63363 2.61505 -0.00390717 -0.00876899 -0.0628838 -0.318176 1.65442 2.60151 0.00468789 -0.0114433 -0.0350471 0.00529968 0.0207903 -0.0135396 0.00859505 -0.00267432 0.0410928 0.931672 0.00476365 -0.434958 1.47148 2.61786 -0.00412325 -0.00818685 0.0326004 -0.111482 -0.162151 0.00281417 -0.000216081 0.000582138 0.19946 0.165511 -0.0381621 -0.185861 1.10753 0.00121504 -0.00353996 -1.62658 -0.0458475 -1.38879 -0.196182 -0.000180473 0.000585961 1.52456
335.986 -0.0263978 -0.324174 1.63277 2.61488 -0.00350804 -0.00901676 -0.06 -0.320568 1.65554 2.58553 -0.0102377 -0.00198048 -0.0336022 0.00360591 0.0227658 -0.0293506 -0.0067297 0.00703628 0.0407479 1.76924 0.00461287 -0.437716 1.47181 2.6178 -0.00416556 -0.00817677 0.0310107 -0.113542 -0.160964 0.00292506 -0.000657524 0.000839994 0.199406 0.179137 -0.0372854 -0.185526 1.10621 0.00168625 -0.00370684 -1.62659 -0.0458475 -1.38879 -0.196182 -0.000180473 0.000585961 1.52456
336.922 -0.0219673 -0.326895 1.62847 2.61289 -0.00330522 -0.00921255 -0.055614 -0.328017 1.67533 2.61873 -0.00744625 -0.0142666 -0.0336467 -0.00112184 0.0468525 0.00584014 -0.00414103 -0.0050541 0.0576933 0.501241 -0.00511455 -0.450462 1.47343 2.6176 -0.00452909 -0.00806166 0.0168527 -0.123567 -0.155038 0.00471438 -0.00122386 0.00115088 0.198972 0.286674 -0.0329915 -0.18305 1.09872 0.00197921 -0.00569644 -1.62666 -0.0458475 -1.38879 -0.196182 -0.000180473 0.000585961 1.52456
337.478 -0.0204592 -0.331193 1.62616 2.61323 -0.00352903 -0.00910455 -0.0542117 -0.326802 1.6542 2.60527 0.00882744 -0.0106003 -0.0337525 0.00439169 0.028049 -0.00795419 0.0123565 -0.00149575 0.0441052 0.846267 -0.0105266 -0.455066 1.4713 2.6182 -0.00452613 -0.0080818 0.00993255 -0.123872 -0.154852 0.00497419 -0.000997098 0.00102275 0.19855 0.297394 -0.0310195 -0.181038 1.09497 0.00172825 -0.00536155 -1.62668 -0.0458475 -1.38879 -0.196182 -0.000180473 0.000585961 1.52456
338.16 -0.0188495 -0.339448 1.62303 2.61525 -0.00368867 -0.00898233 -0.0526866 -0.339703 1.67523 2.62384 -0.00586377 -0.0139967 -0.0338371 -0.00025433 0.0522029 0.00859026 -0.0021751 -0.00501439 0.0622106 0.582155 -0.0182791 -0.461212 1.4669 2.61817 -0.00447191 -0.00806342 0.000570463 -0.121764 -0.156131 0.00292581 -0.000783244 0.000918904 0.197999 0.181308 -0.0289879 -0.178131 1.09057 0.00150921 -0.00334225 -1.62666 -0.0458475 -1.38879 -0.196182 -0.000180473 0.000585961 1.52456
338.655 -0.0178307 -0.343213 1.62185 2.6159 -0.00362897 -0.00897849 -0.0513218 -0.339801 1.65419 2.61114 0.00939163 -0.00983431 -0.0334911 0.00341212 0.0323393 -0.00476533 0.0130206 -0.00085582 0.0466811 0.795739 -0.0227459 -0.463916 1.46507 2.61804 -0.00436502 -0.00803742 -0.00491519 -0.120703 -0.156784 0.00213851 -0.00073605 0.000941064 0.197926 0.139882 -0.0279489 -0.176334 1.08844 0.001554 -0.00267957 -1.62662 -0.0458475 -1.38879 -0.196182 -0.000180473 0.000585961 1.52456
339.018 -0.0170738 -0.345352 1.62149 2.61609 -0.00356442 -0.00897502 -0.0498619 -0.342924 1.65533 2.61363 -0.0251608 -0.0169742 -0.0327881 0.0024281 0.0338382 -0.00246515 -0.0215964 -0.00799919 0.0471803 1.32766 -0.024708 -0.464426 1.46379 2.61799 -0.00439049 -0.00801536 -0.00763418 -0.119073 -0.157704 0.00190039 -0.000826071 0.000959657 0.197755 0.131221 -0.027229 -0.174959 1.0873 0.00160499 -0.00249465 -1.62659 -0.0458475 -1.38879 -0.196182 -0.000180473 0.000585961 1.52456
339.324 -0.0164815 -0.347532 1.62138 2.61641 -0.00357256 -0.00892277 -0.0497569 -0.349952 1.67528 2.62833 -0.00735768 -0.0131545 -0.0332754 -0.00241997 0.0538985 0.0119183 -0.00378512 -0.00423175 0.0633889 0.75537 -0.0253764 -0.464683 1.46261 2.61808 -0.00443767 -0.00801007 -0.0088949 -0.117151 -0.158768 0.00166879 -0.000865112 0.000912695 0.197512 0.118694 -0.0265618 -0.173572 1.08649 0.00156862 -0.00217586 -1.62655 -0.0458475 -1.38879 -0.196182 -0.000180473 0.000585961 1.52456
339.736 -0.0159762 -0.350604 1.62135 2.61702 -0.00372378 -0.00876529 -0.0497646 -0.351969 1.67437 2.61063 0.00876485 -0.0225646 -0.0337884 -0.00136533 0.0530155 -0.0063833 0.0124886 -0.0137993 0.0628822 1.12674 -0.0276514 -0.465134 1.46099 2.61813 -0.00431136 -0.00787327 -0.0116752 -0.114531 -0.160361 0.00111384 -0.000587571 0.000892023 0.197406 0.0884693 -0.0257515 -0.171723 1.08567 0.00135245 -0.00156895 -1.62648 -0.0458475 -1.38879 -0.196182 -0.000180473 0.000585961 1.52456
340.06 -0.0155726 -0.351994 1.62141 2.61725 -0.00367909 -0.00875065 -0.0484298 -0.349412 1.6552 2.59845 -0.00441184 -0.000930547 -0.0328572 0.00258252 0.033789 -0.0188012 -0.000732753 0.00782011 0.0472013 1.16567 -0.028317 -0.464688 1.45998 2.61806 -0.00412212 -0.00780783 -0.0127444 -0.112694 -0.161422 0.000808082 -0.000443033 0.000942828 0.19728 0.0740187 -0.025377 -0.17081 1.08531 0.00138221 -0.00133939 -1.62645 -0.0458475 -1.38879 -0.196182 -0.000180473 0.000585961 1.52456
340.435 -0.0146287 -0.353916 1.62152 2.61752 -0.0033545 -0.00886275 -0.0484298 -0.352302 1.65519 2.59974 -0.00436211 -0.000927681 -0.0338011 0.00161367 0.0336733 -0.017782 -0.0010076 0.00793506 0.047739 1.11557 -0.0273295 -0.464395 1.45881 2.61804 -0.00395134 -0.00777053 -0.0127008 -0.11048 -0.162704 0.000514108 -0.000596833 0.00109221 0.197078 0.0791294 -0.0248547 -0.169466 1.08476 0.00171671 -0.00106395 -1.62638 -0.0458475 -1.38879 -0.196182 -0.000180473 0.000585961 1.52456
340.761 -0.0136546 -0.355533 1.62171 2.61765 -0.00297489 -0.00899516 -0.0468301 -0.358714 1.6752 2.63207 -0.00590427 -0.0128811 -0.0331754 -0.00318079 0.053489 0.0144254 -0.00292938 -0.00388592 0.0630222 0.87133 -0.0261157 -0.464151 1.45793 2.61801 -0.00390462 -0.00774577 -0.0124611 -0.108618 -0.163778 0.000366546 -0.000929734 0.00124938 0.196917 0.0927874 -0.0243906 -0.168159 1.08426 0.00211041 -0.00093455 -1.62631 -0.0458475 -1.38879 -0.196182 -0.000180473 0.000585961 1.52456
341.467 -0.0122449 -0.359648 1.62253 2.61817 -0.00254545 -0.0089718 -0.0455383 -0.358069 1.65512 2.60227 -0.00298128 -0.000644442 -0.0332933 0.0015787 0.0325949 -0.0158951 -0.000435832 0.00832736 0.0466194 1.02717 -0.0229857 -0.464648 1.45665 2.61812 -0.00399354 -0.00748089 -0.0107408 -0.105001 -0.165876 -4.46833e-05 -0.00144809 0.00149091 0.19661 0.118694 -0.0235272 -0.164893 1.08353 0.00246569 -0.000413131 -1.62607 -0.0458475 -1.38879 -0.196182 -0.000180473 0.000585961 1.52456
341.769 -0.0122793 -0.360532 1.62284 2.61829 -0.00264725 -0.00883508 -0.0442992 -0.355093 1.63464 2.59004 0.00863172 -0.0219507 -0.03202 0.00543924 0.0117977 -0.0282486 0.011279 -0.0131157 0.034555 1.89589 -0.0220309 -0.465704 1.45706 2.61814 -0.00394019 -0.00734984 -0.00975163 -0.105172 -0.165783 -0.000152507 -0.00129294 0.00148525 0.196571 0.111906 -0.0234047 -0.164136 1.08352 0.00230791 -0.000286928 -1.62601 -0.0458475 -1.38879 -0.196182 -0.000180473 0.000585961 1.52456
342.128 -0.0126613 -0.362035 1.62407 2.61841 -0.00301987 -0.00840836 -0.0455383 -0.360959 1.65512 2.60355 -0.00293574 -0.000639727 -0.032877 0.00107618 0.0310477 -0.0148544 8.41344e-05 0.00776863 0.0452329 0.959404 -0.0200465 -0.469762 1.45975 2.61814 -0.00381931 -0.00713723 -0.00738522 -0.107726 -0.164319 -0.000262178 -0.000799443 0.00127113 0.196622 0.0884693 -0.0232429 -0.162371 1.08399 0.00177093 -0.000177623 -1.62582 -0.0458475 -1.38879 -0.196182 -0.000180473 0.000585961 1.52456
342.512 -0.013016 -0.362373 1.62516 2.6183 -0.00328439 -0.00811203 -0.0455383 -0.360959 1.65512 2.60355 -0.00293574 -0.000639727 -0.0325223 0.00141407 0.0299575 -0.0147495 0.000348651 0.0074723 0.0442397 0.94626 -0.0197781 -0.473703 1.46292 2.61806 -0.00386323 -0.00713232 -0.00676211 -0.11133 -0.162237 -0.000238999 -0.000578844 0.000979707 0.196878 0.068528 -0.0232274 -0.161402 1.08465 0.00139372 -0.000285369 -1.6257 -0.0458475 -1.38879 -0.196182 -0.000180473 0.000585961 1.52456
342.822 -0.0133397 -0.362303 1.62601 2.61811 -0.00350701 -0.00788424 -0.0455383 -0.360959 1.65512 2.60355 -0.00293574 -0.000639727 -0.0321986 0.00134377 0.0291103 -0.0145558 0.00057127 0.00724451 0.0434277 0.930832 -0.0196676 -0.475558 1.46489 2.61801 -0.00392219 -0.00712059 -0.00632787 -0.113255 -0.161117 -9.31646e-05 -0.000415184 0.000763648 0.197042 0.0484566 -0.0232428 -0.160792 1.0852 0.00108643 -0.000482573 -1.62561 -0.0458475 -1.38879 -0.196182 -0.000180473 0.000585961 1.52456
343.183 -0.0140256 -0.361753 1.62784 2.61754 -0.00395513 -0.00742425 -0.0468179 -0.365455 1.67587 2.61726 -0.0202977 -0.00443047 -0.0327923 -0.00370141 0.0480302 -0.000286059 -0.0163426 0.00299378 0.0582747 0.952033 -0.0193445 -0.480512 1.4699 2.61791 -0.00398043 -0.00710834 -0.00531895 -0.118759 -0.157935 0.000363756 -2.52998e-05 0.000315909 0.197675 0.0279765 -0.0233124 -0.159647 1.08638 0.000476143 -0.00105016 -1.62544 -0.0458475 -1.38879 -0.196182 -0.000180473 0.000585961 1.52456
343.868 -0.0149443 -0.360075 1.63067 2.61602 -0.00453104 -0.0067639 -0.046986 -0.358632 1.65434 2.58558 0.00807141 -0.00945549 -0.0320417 0.00144289 0.0236661 -0.0304421 0.0126024 -0.00269158 0.0398602 1.89383 -0.0207883 -0.485433 1.47661 2.61792 -0.00373973 -0.00689832 -0.00584395 -0.125358 -0.154064 0.00189706 0.000791307 -0.000134418 0.198707 0.118694 -0.0234526 -0.15777 1.08784 -0.000340907 -0.00257345 -1.62515 -0.0458475 -1.38879 -0.196182 -0.000180473 0.000585961 1.52456
344.212 -0.0145856 -0.360721 1.63102 2.61574 -0.00427079 -0.00673902 -0.046986 -0.358632 1.65434 2.58558 0.00807141 -0.00945549 -0.0324004 0.00208882 0.023323 -0.0301571 0.0123422 -0.00271646 0.0399764 1.87325 -0.0198638 -0.489654 1.47904 2.61819 -0.00351561 -0.0067285 -0.00527819 -0.128934 -0.151979 0.00245329 0.000755176 1.05184e-05 0.199372 0.148038 -0.0234918 -0.156685 1.08745 -0.000124857 -0.00285622 -1.625 -0.0458475 -1.38879 -0.196182 -0.000180473 0.000585961 1.52456
344.52 -0.0142701 -0.361424 1.63074 2.61566 -0.00405372 -0.00677465 -0.0468303 -0.363148 1.6753 2.59859 -0.00710172 -0.0131565 -0.0325602 -0.00172321 0.0445631 -0.0170676 -0.003048 -0.00638181 0.0552178 1.06054 -0.0191702 -0.49109 1.47919 2.61817 -0.00342011 -0.00670132 -0.00490016 -0.129665 -0.151548 0.00250636 0.000633607 7.33325e-05 0.199509 0.148038 -0.0235008 -0.156128 1.08675 8.06736e-05 -0.00293156 -1.62493 -0.0458475 -1.38879 -0.196182 -0.000180473 0.000585961 1.52456
344.878 -0.0138027 -0.362779 1.62981 2.61553 -0.00373488 -0.00682345 -0.0468179 -0.365455 1.67587 2.61726 -0.0202977 -0.00443047 -0.0330152 -0.00267604 0.0460572 0.00172063 -0.0165628 0.00239298 0.0567312 0.96388 -0.0183096 -0.493407 1.47883 2.61819 -0.00345778 -0.00661999 -0.00450699 -0.130629 -0.150979 0.00265563 0.000277094 0.000203468 0.199697 0.153233 -0.0235092 -0.15527 1.08511 0.000381432 -0.00305549 -1.62481 -0.0458475 -1.38879 -0.196182 -0.000180473 0.000585961 1.52456
345.268 -0.0132363 -0.364889 1.62783 2.61524 -0.00334221 -0.00687259 -0.0468398 -0.366576 1.6743 2.61695 0.0103443 -0.0221413 -0.0336035 -0.00168642 0.04647 0.00171224 0.0136866 -0.0152687 0.0573716 1.17935 -0.0163917 -0.497279 1.47789 2.61812 -0.00340285 -0.0065989 -0.00315548 -0.132389 -0.149942 0.00288607 -6.06378e-05 0.000273683 0.200048 0.165511 -0.0235259 -0.154077 1.08195 0.000747858 -0.00335157 -1.62465 -0.0458475 -1.38879 -0.196182 -0.000180473 0.000585961 1.52456
345.548 -0.012883 -0.365982 1.62661 2.61501 -0.00308931 -0.00693466 -0.0455384 -0.363849 1.65512 2.60483 -0.00289034 -0.000634886 -0.0326553 0.00213284 0.0285033 -0.0101775 0.000198974 0.00629977 0.0433977 0.684713 -0.0150767 -0.499153 1.47712 2.61801 -0.00329437 -0.00663813 -0.00219362 -0.133171 -0.149498 0.00300201 -0.000205059 0.000296523 0.200222 0.172459 -0.0235429 -0.153454 1.08004 0.00100224 -0.00358214 -1.62458 -0.0458475 -1.38879 -0.196182 -0.000180473 0.000585961 1.52456
345.958 -0.0117015 -0.36837 1.62315 2.61391 -0.00220297 -0.00724955 -0.0455384 -0.366739 1.65511 2.6061 -0.00284509 -0.000629919 -0.0338369 0.00163027 0.031964 -0.00781136 -0.000642119 0.00661963 0.0465756 0.586842 -0.0138229 -0.504695 1.47555 2.61768 -0.00321904 -0.00687957 -0.00212134 -0.136326 -0.1476 0.00376296 -0.00101607 0.000369984 0.200935 0.223812 -0.0236406 -0.151786 1.07446 0.0019359 -0.00467064 -1.62441 -0.0458475 -1.38879 -0.196182 -0.000180473 0.000585961 1.52456
346.306 -0.0109004 -0.370047 1.62075 2.6132 -0.00154555 -0.00753803 -0.0440993 -0.368674 1.65402 2.58981 0.0140309 -0.00981771 -0.0331989 0.00137379 0.0332664 -0.023391 0.0155765 -0.00227969 0.0470182 1.61471 -0.0125276 -0.505355 1.4726 2.61788 -0.00342443 -0.00688284 -0.00162723 -0.135308 -0.148151 0.00467105 -0.00187888 0.000655188 0.200647 0.29074 -0.0237647 -0.150672 1.07066 0.00265168 -0.00537186 -1.62433 -0.0458475 -1.38879 -0.196182 -0.000180473 0.000585961 1.52456
347.268 -0.0117142 -0.380108 1.61211 2.61302 -0.00124891 -0.00753573 -0.0426529 -0.378815 1.65415 2.59394 0.0119946 -0.00901713 -0.0309387 0.0012929 0.0420377 -0.0190814 0.0132435 -0.0014814 0.0522115 1.33325 -0.00836062 -0.50816 1.45972 2.61805 -0.00364877 -0.00676375 0.00335361 -0.128053 -0.152393 0.00502039 -0.00239987 0.000771972 0.199079 0.321425 -0.0248026 -0.146077 1.05789 0.00290647 -0.00554885 -1.62418 -0.0458475 -1.38879 -0.196182 -0.000180473 0.000585961 1.52456
347.532 -0.0125454 -0.3825 1.61051 2.61319 -0.0015619 -0.00733719 -0.0442738 -0.379672 1.63599 2.60166 -0.0195208 -0.00453352 -0.0317283 0.00282822 0.0254764 -0.0115263 -0.0179589 0.00280367 0.0407889 1.23226 -0.00891932 -0.509364 1.45741 2.61811 -0.00376027 -0.00665014 0.0036261 -0.126864 -0.153101 0.00492091 -0.00219836 0.000687041 0.198866 0.311533 -0.0251326 -0.144991 1.05551 0.00253388 -0.00539009 -1.62417 -0.0458475 -1.38879 -0.196182 -0.000180473 0.000585961 1.52456
347.914 -0.0140299 -0.388199 1.60697 2.6134 -0.0018278 -0.00714416 -0.0455423 -0.38749 1.65418 2.59777 0.0108544 -0.00922135 -0.0315125 0.000709293 0.0472077 -0.0156248 0.0126822 -0.00207719 0.0567636 1.1586 -0.0107795 -0.514895 1.45402 2.61802 -0.00337061 -0.00670265 0.00325035 -0.126696 -0.152954 0.00461924 -0.00154281 0.00044151 0.198638 0.279765 -0.0260882 -0.142058 1.04985 0.0022066 -0.00518148 -1.62413 -0.0458475 -1.38879 -0.196182 -0.000180473 0.000585961 1.52456
348.216 -0.0142328 -0.391496 1.60515 2.61344 -0.00143794 -0.00734476 -0.0471323 -0.388259 1.63605 2.60547 -0.0205987 -0.00489192 -0.0328995 0.0032376 0.0308964 -0.00797348 -0.0191608 0.00245284 0.0452487 1.19681 -0.0121536 -0.517923 1.4518 2.61801 -0.0030921 -0.00661658 0.00207915 -0.126427 -0.153354 0.00456431 -0.00165416 0.000728183 0.19876 0.28116 -0.0267423 -0.140157 1.04666 0.00264392 -0.00513056 -1.62411 -0.0458475 -1.38879 -0.196182 -0.000180473 0.000585961 1.52456
348.622 -0.0141704 -0.394809 1.60351 2.6135 -0.000805553 -0.0076742 -0.0471542 -0.392202 1.63461 2.60654 0.00811814 -0.0218778 -0.0329838 0.00260668 0.0311087 -0.00695463 0.0089237 -0.0142036 0.0454145 1.03929 -0.0122795 -0.520876 1.44993 2.61803 -0.00288987 -0.00660837 0.00189094 -0.126067 -0.153571 0.00453671 -0.00208431 0.00106583 0.198697 0.292083 -0.0274712 -0.138154 1.04361 0.00335644 -0.00507315 -1.62408 -0.0458475 -1.38879 -0.196182 -0.000180473 0.000585961 1.52456
348.954 -0.014074 -0.399492 1.60152 2.61372 0.000170955 -0.00818197 -0.0471324 -0.396829 1.63604 2.6092 -0.0204191 -0.00495633 -0.0330584 0.00266329 0.0345146 -0.00451968 -0.0205901 0.00322564 0.0478665 1.22141 -0.0125631 -0.524355 1.44747 2.61807 -0.00283174 -0.00666453 0.00151086 -0.124863 -0.154052 0.00435203 -0.00300269 0.00151744 0.198306 0.315279 -0.0286028 -0.135327 1.03977 0.0044535 -0.00484408 -1.62403 -0.0458475 -1.38879 -0.196182 -0.000180473 0.000585961 1.52456
349.272 -0.014266 -0.401948 1.60065 2.61392 0.000554173 -0.00837423 -0.0471541 -0.400764 1.6346 2.61025 0.00828905 -0.0217935 -0.0328881 0.00118384 0.0339465 -0.00366639 0.00773488 -0.0134192 0.04728 0.911287 -0.0124066 -0.525785 1.44576 2.61809 -0.00293122 -0.00665252 0.00185937 -0.123837 -0.15489 0.00417008 -0.0034854 0.00172171 0.198317 0.326259 -0.0292559 -0.133851 1.03801 0.00487999 -0.00464378 -1.62401 -0.0458475 -1.38879 -0.196182 -0.000180473 0.000585961 1.52456
349.654 -0.0147405 -0.405519 1.59963 2.61419 0.00109176 -0.00864265 -0.0471325 -0.405398 1.63603 2.61289 -0.0202403 -0.00501905 -0.032392 0.000120932 0.036402 -0.0012996 -0.021332 0.0036236 0.0487274 1.24175 -0.0132521 -0.527705 1.44376 2.61806 -0.00283257 -0.00667246 0.00148838 -0.122186 -0.155862 0.00386907 -0.00392433 0.0019702 0.198052 0.335718 -0.0303646 -0.131564 1.03564 0.00547765 -0.00436101 -1.62397 -0.0458475 -1.38879 -0.196182 -0.000180473 0.000585961 1.52456
350.298 -0.0173784 -0.413106 1.59887 2.6148 0.00176047 -0.0089371 -0.0487041 -0.40808 1.61539 2.58727 0.0083813 -0.0099305 -0.0313257 0.00502603 0.0165151 -0.0275297 0.00662083 -0.000993401 0.0357674 1.62293 -0.0153903 -0.528708 1.43915 2.61799 -0.00291988 -0.00662299 0.00198807 -0.115602 -0.159721 0.00318528 -0.00468035 0.00231411 0.197177 0.350545 -0.0336532 -0.125942 1.03189 0.00619951 -0.00375013 -1.62389 -0.0458475 -1.38879 -0.196182 -0.000180473 0.000585961 1.52456
350.58 -0.0193312 -0.416317 1.5991 2.6152 0.0016913 -0.00885648 -0.0514236 -0.416502 1.63474 2.61694 0.0111611 0.0028454 -0.0320924 -0.000185152 0.0356415 0.00174188 0.00946978 0.0117019 0.0479612 0.867729 -0.0165296 -0.528259 1.43723 2.61809 -0.00300473 -0.00660205 0.00280164 -0.111942 -0.161864 0.00289637 -0.00469603 0.00225444 0.196822 0.341497 -0.0353867 -0.123434 1.03096 0.00609644 -0.00335577 -1.62386 -0.0458475 -1.38879 -0.196182 -0.000180473 0.000585961 1.52456
350.864 -0.0218488 -0.419705 1.59946 2.61576 0.00134849 -0.00861484 -0.0528591 -0.420296 1.63558 2.60286 -0.00995377 -0.0139131 -0.0310103 -0.000590442 0.0361256 -0.0128967 -0.0113023 -0.00529828 0.0476135 1.02946 -0.0181006 -0.526505 1.43458 2.61805 -0.00306873 -0.00658121 0.0037482 -0.106799 -0.164872 0.00228555 -0.00441721 0.00203363 0.196476 0.307741 -0.0373114 -0.120887 1.03028 0.00567326 -0.00279212 -1.62382 -0.0458475 -1.38879 -0.196182 -0.000180473 0.000585961 1.52456
351.207 -0.0260879 -0.424488 1.6 2.61673 0.000445641 -0.00802593 -0.0571207 -0.424046 1.63351 2.6031 0.023223 -0.0064522 -0.0310328 0.000441162 0.0335161 -0.0136291 0.0227773 0.00157373 0.0456788 1.52393 -0.0193295 -0.523368 1.43051 2.61822 -0.00317748 -0.00638119 0.00675837 -0.0988806 -0.169489 0.00149556 -0.00362312 0.00164474 0.19634 0.243893 -0.0401456 -0.117467 1.02961 0.00458681 -0.00183172 -1.62376 -0.0458475 -1.38879 -0.196182 -0.000180473 0.000585961 1.52456
351.548 -0.0310482 -0.430064 1.60037 2.61823 -0.000803505 -0.00721938 -0.0599765 -0.428391 1.63376 2.60516 0.0194863 -0.00623884 -0.0289283 0.00167322 0.0333895 -0.0130712 0.0202898 0.000980543 0.0442098 1.38423 -0.0217181 -0.522471 1.42715 2.61852 -0.00321533 -0.00606439 0.00933004 -0.0924064 -0.173224 0.000288126 -0.00241183 0.001155 0.196552 0.153233 -0.0432217 -0.114083 1.02912 0.00309311 -0.00033678 -1.62368 -0.0458475 -1.38879 -0.196182 -0.000180473 0.000585961 1.52456
351.878 -0.0350244 -0.434342 1.60066 2.6195 -0.0018555 -0.00654187 -0.0656831 -0.432642 1.63365 2.60685 0.0197342 -0.00725549 -0.0306586 0.00170035 0.032993 -0.0126534 0.0215897 -0.000713619 0.0450709 1.43422 -0.0229465 -0.522214 1.42484 2.61835 -0.00298616 -0.00600977 0.0120779 -0.0878716 -0.175813 -0.00115555 -0.00113066 0.000532098 0.19692 0.0969133 -0.0456338 -0.111626 1.02891 0.00183843 0.000922784 -1.62362 -0.0458475 -1.38879 -0.196182 -0.000180473 0.000585961 1.52456
352.173 -0.0390001 -0.437865 1.60109 2.6204 -0.00290081 -0.0058503 -0.068466 -0.432184 1.61585 2.59807 -0.000504062 -0.01163 -0.0294658 0.00568027 0.014753 -0.0223285 0.00239674 -0.00577969 0.0334388 1.32913 -0.0244002 -0.522127 1.42332 2.61832 -0.00297164 -0.00592714 0.0146 -0.0842623 -0.177775 -0.00208247 -7.08345e-05 -7.68344e-05 0.197275 0.118694 -0.0480888 -0.10929 1.02875 0.000580202 0.00181482 -1.62355 -0.0458475 -1.38879 -0.196182 -0.000180473 0.000585961 1.52456
352.482 -0.0427143 -0.440592 1.6016 2.62087 -0.00376842 -0.00524481 -0.0742485 -0.441247 1.63382 2.61059 0.0163082 -0.00807868 -0.0315342 -0.000654987 0.0322119 -0.0102829 0.0200766 -0.00283387 0.0450826 1.30206 -0.0246688 -0.52037 1.4212 2.61837 -0.00308086 -0.0057344 0.0180455 -0.0797782 -0.180407 -0.00250546 0.000687558 -0.000489594 0.198083 0.150658 -0.050544 -0.107107 1.02851 -0.000475367 0.00228211 -1.62346 -0.0458475 -1.38879 -0.196182 -0.000180473 0.000585961 1.52456
352.938 -0.0476609 -0.444241 1.6018 2.62153 -0.00499335 -0.00437308 -0.077146 -0.443858 1.63552 2.59652 -0.000858224 -0.000233017 -0.0294851 0.000382907 0.0337286 -0.0250136 0.00413512 0.00414007 0.0448011 1.47113 -0.0270936 -0.518292 1.41816 2.61844 -0.00305196 -0.00558483 0.0205673 -0.0740517 -0.183639 -0.00308805 0.00194138 -0.00121175 0.199072 0.220287 -0.053754 -0.104464 1.02781 -0.00197597 0.00293455 -1.62331 -0.0458475 -1.38879 -0.196182 -0.000180473 0.000585961 1.52456
353.248 -0.0526911 -0.448213 1.60113 2.62235 -0.00641849 -0.00336803 -0.0828176 -0.447011 1.63402 2.61314 0.0128753 -0.00896234 -0.0301265 0.00120199 0.0328943 -0.00921098 0.0192938 -0.00559432 0.0446216 1.26579 -0.0302137 -0.517808 1.41504 2.61848 -0.00297849 -0.0054106 0.0224774 -0.0695946 -0.186092 -0.00386705 0.00344 -0.00204257 0.199948 0.318981 -0.0568074 -0.102167 1.02645 -0.00371712 0.00374657 -1.62316 -0.0458475 -1.38879 -0.196182 -0.000180473 0.000585961 1.52456
353.61 -0.0563395 -0.451304 1.60001 2.62299 -0.00753471 -0.0025827 -0.0857227 -0.451 1.63559 2.63177 -0.00242038 -0.000667786 -0.0293832 0.000304253 0.0355823 0.00877992 0.00511433 0.00191491 0.0461473 0.592813 -0.0324273 -0.518567 1.41263 2.61862 -0.00313486 -0.00520927 0.0239122 -0.067263 -0.187382 -0.00437691 0.00439985 -0.00262657 0.20052 0.386643 -0.058933 -0.100702 1.02489 -0.00507986 0.0043884 -1.62303 -0.0458475 -1.38879 -0.196182 -0.000180473 0.000585961 1.52456
353.953 -0.0595338 -0.454246 1.59841 2.62353 -0.00847716 -0.00189454 -0.0914525 -0.455419 1.63601 2.60161 -0.00653818 -0.00182092 -0.0319187 -0.00117252 0.0376034 -0.0219149 0.00193898 7.36177e-05 0.0493375 1.26052 -0.0345707 -0.519047 1.40967 2.61855 -0.00312812 -0.00529995 0.0249631 -0.0648013 -0.188731 -0.00497375 0.00534904 -0.00340541 0.201102 0.462248 -0.0608683 -0.0994823 1.02283 -0.00624389 0.00492028 -1.62291 -0.0458475 -1.38879 -0.196182 -0.000180473 0.000585961 1.52456
354.263 -0.0620562 -0.456844 1.59636 2.62383 -0.00910983 -0.00138003 -0.0943154 -0.458306 1.63612 2.60287 -0.00764029 -0.00214123 -0.0322592 -0.00146229 0.0397597 -0.0209627 0.00146955 -0.000761196 0.0512214 1.20528 -0.037092 -0.51964 1.40652 2.61848 -0.00312303 -0.00543437 0.0249642 -0.0627966 -0.189836 -0.00534985 0.00598681 -0.00405434 0.201505 0.515862 -0.0625756 -0.0985267 1.02024 -0.007049 0.00522479 -1.62278 -0.0458475 -1.38879 -0.196182 -0.000180473 0.000585961 1.52456
354.617 -0.0639436 -0.458714 1.594 2.6237 -0.00947208 -0.00104025 -0.0971711 -0.46254 1.63599 2.63668 -0.00671949 -0.00190092 -0.0332275 -0.00382565 0.0419882 0.012985 0.00275259 -0.000860669 0.0536816 0.761562 -0.0406896 -0.521291 1.40404 2.61818 -0.00317715 -0.00565692 0.0232541 -0.062577 -0.189969 -0.00551781 0.00629493 -0.00461668 0.201357 0.54894 -0.0640287 -0.0978449 1.01716 -0.00753127 0.0050936 -1.62267 -0.0458475 -1.38879 -0.196182 -0.000180473 0.000585961 1.52456
355.25 -0.0661152 -0.459739 1.58884 2.62186 -0.0096198 -0.000776402 -0.0999779 -0.465775 1.63477 2.62137 0.00376713 -0.010283 -0.0338627 -0.00603601 0.0459328 -0.000493288 0.0133869 -0.00950656 0.0573841 0.941284 -0.0491721 -0.524572 1.40003 2.61776 -0.00326723 -0.00617638 0.0169432 -0.0648333 -0.188811 -0.0041029 0.00635257 -0.00539998 0.20035 0.533025 -0.0661173 -0.0972593 1.00984 -0.00778027 0.00325826 -1.62251 -0.0458475 -1.38879 -0.196182 -0.000180473 0.000585961 1.52456
355.579 -0.0671853 -0.459452 1.58513 2.62018 -0.00988382 -0.000598632 -0.0991223 -0.456211 1.59856 2.5849 -0.0123215 -0.0035177 -0.0319371 0.00324164 0.0134311 -0.0352758 -0.00243766 -0.00291906 0.0347977 2.03471 -0.0535679 -0.5269 1.39772 2.61756 -0.00350542 -0.00629256 0.0136174 -0.0674476 -0.187417 -0.00261652 0.00637841 -0.00569393 0.199649 0.512819 -0.0668856 -0.0973374 1.00462 -0.00808981 0.00156717 -1.62249 -0.0458475 -1.38879 -0.196182 -0.000180473 0.000585961 1.52456
356.274 -0.0678447 -0.457054 1.57936 2.61651 -0.0103169 -0.000518741 -0.102908 -0.466976 1.63646 2.60663 -0.0109054 -0.00311352 -0.0350632 -0.00992137 0.0570953 -0.00987674 -0.000588464 -0.00259478 0.0677329 0.587508 -0.0614326 -0.532014 1.3961 2.61764 -0.00355006 -0.0067102 0.00641208 -0.0749602 -0.183265 0.00113423 0.00676684 -0.00619146 0.198106 0.529341 -0.0669578 -0.0980049 0.996141 -0.00848312 -0.00209954 -1.62264 -0.0458475 -1.38879 -0.196182 -0.000180473 0.000585961 1.52456
356.607 -0.0674202 -0.456398 1.57788 2.61558 -0.0101961 -0.000686396 -0.102908 -0.466976 1.63646 2.60663 -0.0109054 -0.00311352 -0.0354877 -0.0105771 0.0585705 -0.00894726 -0.000709271 -0.00242713 0.0692947 0.534491 -0.0639717 -0.533603 1.39587 2.61775 -0.00352095 -0.00684695 0.00344845 -0.0772043 -0.182017 0.00217459 0.00667515 -0.00616055 0.197743 0.534491 -0.0666699 -0.0982401 0.993981 -0.00828927 -0.00302735 -1.62272 -0.0458475 -1.38879 -0.196182 -0.000180473 0.000585961 1.52456
356.896 -0.0655663 -0.456205 1.57483 2.61445 -0.00946441 -0.00137399 -0.0991223 -0.456211 1.59856 2.5849 -0.0123215 -0.0035177 -0.0335561 -5.80611e-06 0.0237352 -0.0295501 -0.00285708 -0.00214371 0.041102 1.70686 -0.0669864 -0.536556 1.39461 2.61803 -0.00350624 -0.00698746 -0.00142012 -0.0803508 -0.180215 0.00357448 0.00595817 -0.00561347 0.197322 0.51129 -0.065698 -0.098671 0.989856 -0.00729628 -0.00416212 -1.62296 -0.0458475 -1.38879 -0.196182 -0.000180473 0.000585961 1.52456
357.229 -0.0636671 -0.457037 1.57232 2.61417 -0.00875596 -0.00203226 -0.0990554 -0.456435 1.59692 2.59956 0.00284526 -0.0113749 -0.0353883 0.000602241 0.0246075 -0.0146033 0.0116012 -0.00934263 0.0431071 1.19616 -0.0687091 -0.539146 1.39305 2.61811 -0.00339097 -0.00710262 -0.005042 -0.0821092 -0.179264 0.00393995 0.00536499 -0.00507036 0.197238 0.478881 -0.0646552 -0.098925 0.986834 -0.00635914 -0.00443958 -1.62317 -0.0458475 -1.38879 -0.196182 -0.000180473 0.000585961 1.52456
358.185 -0.0573807 -0.462999 1.56322 2.61476 -0.0078435 -0.00364107 -0.093525 -0.464509 1.59829 2.58832 -0.00968486 -0.00281568 -0.0361443 -0.00150994 0.035075 -0.0264342 -0.00184136 0.000825385 0.0503879 1.51852 -0.0673362 -0.550751 1.38724 2.61818 -0.00344137 -0.00622117 -0.00995542 -0.0877526 -0.175979 0.00342354 0.00440213 -0.0025801 0.196897 0.351659 -0.0590716 -0.0992465 0.976556 -0.00476453 -0.00385377 -1.62411 -0.0458475 -1.38879 -0.196182 -0.000180473 0.000585961 1.52456
358.459 -0.0557773 -0.464644 1.56118 2.61498 -0.00798036 -0.00383633 -0.0906794 -0.466162 1.5968 2.60362 0.0042815 -0.00985435 -0.034902 -0.00151817 0.0356222 -0.011361 0.0122619 -0.00601802 0.0498939 1.01837 -0.0673984 -0.554483 1.38641 2.61821 -0.00338752 -0.00616359 -0.011621 -0.0898391 -0.174773 0.00322838 0.00459284 -0.00232726 0.196854 0.348305 -0.0571432 -0.0991915 0.974253 -0.00478615 -0.0036269 -1.62434 -0.0458475 -1.38879 -0.196182 -0.000180473 0.000585961 1.52456
358.831 -0.0528813 -0.46631 1.55913 2.6151 -0.00780238 -0.00425479 -0.0876033 -0.463875 1.57944 2.59478 -0.0101127 -0.0142106 -0.034722 0.00243553 0.0203036 -0.0203279 -0.00231031 -0.00995581 0.0402963 1.30806 -0.0675433 -0.558445 1.3859 2.61807 -0.00322281 -0.00616548 -0.014662 -0.0921347 -0.173236 0.00296677 0.00457958 -0.00191069 0.19676 0.331022 -0.0543121 -0.0990456 0.971757 -0.00442267 -0.0035093 -1.62462 -0.0458475 -1.38879 -0.196182 -0.000180473 0.000585961 1.52456
359.246 -0.0500429 -0.466983 1.55817 2.61495 -0.00730705 -0.00474761 -0.086251 -0.466219 1.5804 2.61143 -0.0211674 -0.00625413 -0.0362081 0.000764001 0.0222275 -0.00351732 -0.0138604 -0.00150652 0.0424932 0.824245 -0.0671352 -0.56146 1.38609 2.61799 -0.00314183 -0.0062243 -0.0170923 -0.0944769 -0.17208 0.00303855 0.00416522 -0.00147669 0.197052 0.306467 -0.0520085 -0.0988857 0.970331 -0.00374525 -0.00366039 -1.6248 -0.0458475 -1.38879 -0.196182 -0.000180473 0.000585961 1.52456
359.573 -0.046774 -0.467544 1.55758 2.61482 -0.00659224 -0.0053344 -0.0820775 -0.466572 1.57923 2.5958 -0.00768453 -0.0135098 -0.0353035 0.00097183 0.0216507 -0.0190187 -0.00109229 -0.0081754 0.0414251 1.19091 -0.0662136 -0.563707 1.38649 2.61802 -0.00301026 -0.00651172 -0.0194396 -0.0961629 -0.171088 0.00319405 0.00358198 -0.00117733 0.197221 0.282549 -0.0495766 -0.0986767 0.969293 -0.00283153 -0.00378663 -1.62495 -0.0458475 -1.38879 -0.196182 -0.000180473 0.000585961 1.52456
359.927 -0.0423257 -0.468585 1.55722 2.61498 -0.00568091 -0.00606956 -0.0795448 -0.472719 1.59773 2.59155 -0.00356805 -0.00105602 -0.0372191 -0.00413412 0.0405094 -0.0234317 0.00211286 0.00501355 0.0551667 1.37686 -0.0651232 -0.565891 1.38682 2.61814 -0.00314463 -0.00664947 -0.0227975 -0.0973053 -0.170402 0.00315462 0.00253628 -0.000579904 0.197547 0.234068 -0.0461903 -0.0983137 0.968582 -0.00167533 -0.00362146 -1.62513 -0.0458475 -1.38879 -0.196182 -0.000180473 0.000585961 1.52456
360.587 -0.0354249 -0.470165 1.55767 2.61552 -0.0042586 -0.00716284 -0.0710325 -0.469225 1.57887 2.59671 -0.00293257 -0.0121089 -0.0356076 0.000940045 0.0212061 -0.0188015 0.00132603 -0.00494606 0.0414546 1.11733 -0.0650048 -0.570772 1.38923 2.61811 -0.00291958 -0.00659051 -0.02958 -0.100607 -0.168434 0.00259405 0.00133903 0.000572326 0.19841 0.170174 -0.0409587 -0.0976098 0.968746 0.00010048 -0.00307731 -1.62536 -0.0458475 -1.38879 -0.196182 -0.000180473 0.000585961 1.52456
360.953 -0.0330589 -0.47043 1.55807 2.61558 -0.00374444 -0.00753281 -0.068465 -0.480137 1.61575 2.61812 0.000609466 -0.0113136 -0.0354061 -0.00970711 0.0576872 0.00254835 0.00435391 -0.00378075 0.0683786 0.361536 -0.0655402 -0.572238 1.39036 2.61797 -0.00293525 -0.0064071 -0.0324813 -0.101808 -0.167711 0.00239169 0.000809186 0.00112571 0.198864 0.158259 -0.0392129 -0.0973427 0.968999 0.000730053 -0.00301501 -1.62543 -0.0458475 -1.38879 -0.196182 -0.000180473 0.000585961 1.52456
361.378 -0.0280709 -0.470301 1.55916 2.61528 -0.00249255 -0.00837065 -0.0627537 -0.46916 1.57865 2.59655 0.00057404 -0.0110659 -0.0346829 0.00114083 0.019495 -0.0187312 0.00306659 -0.00269523 0.0398027 1.0986 -0.0658955 -0.574015 1.39263 2.6178 -0.00273584 -0.00639572 -0.0378247 -0.103714 -0.166531 0.00251676 -0.00024329 0.00197493 0.1998 0.183454 -0.0357787 -0.0967643 0.969555 0.00223524 -0.0032985 -1.62553 -0.0458475 -1.38879 -0.196182 -0.000180473 0.000585961 1.52456
361.743 -0.0230152 -0.470091 1.56027 2.61487 -0.00109078 -0.00924695 -0.0599802 -0.474283 1.59597 2.60656 0.0172611 -0.00596841 -0.036965 -0.00419227 0.0356969 -0.00831263 0.0183519 0.00327854 0.0515583 1.17002 -0.0644889 -0.575126 1.3946 2.61778 -0.00256674 -0.00665622 -0.0414737 -0.105036 -0.165671 0.00290948 -0.00147596 0.00259073 0.200498 0.239031 -0.0324988 -0.0961075 0.970027 0.00389101 -0.00369739 -1.62559 -0.0458475 -1.38879 -0.196182 -0.000180473 0.000585961 1.52456
362.024 -0.020531 -0.470111 1.56079 2.61471 -0.000356753 -0.00969816 -0.0544786 -0.469106 1.57847 2.59641 0.00408387 -0.0100223 -0.0339476 0.00100518 0.0176776 -0.0183017 0.00444063 -0.000324145 0.0382877 1.0792 -0.0640455 -0.576035 1.39569 2.61783 -0.00277065 -0.00666249 -0.0435145 -0.105924 -0.1651 0.00311857 -0.00241389 0.00303567 0.200927 0.285305 -0.0309478 -0.0957404 0.970233 0.00475372 -0.00384808 -1.62561 -0.0458475 -1.38879 -0.196182 -0.000180473 0.000585961 1.52456
362.735 -0.0127108 -0.474377 1.5614 2.61642 0.00165648 -0.0109081 -0.0474459 -0.476093 1.59737 2.60817 -0.0054319 -0.0138027 -0.0347351 -0.00171593 0.0359717 -0.00824489 -0.00708838 -0.00289459 0.0500343 0.644677 -0.0527437 -0.578175 1.39513 2.61855 -0.00314197 -0.00685532 -0.0400329 -0.103798 -0.166265 0.00213773 -0.00479845 0.00405277 0.200052 0.380522 -0.0256238 -0.0939964 0.970766 0.00708757 -0.00212275 -1.62565 -0.0458475 -1.38879 -0.196182 -0.000180473 0.000585961 1.52456
363.075 -0.0113007 -0.476548 1.56123 2.6173 0.00159412 -0.0108831 -0.0446555 -0.478867 1.59732 2.60928 -0.00422237 -0.0134489 -0.0333548 -0.00231887 0.0360872 -0.0080152 -0.00581649 -0.00256581 0.0491956 0.586174 -0.0473573 -0.578319 1.39375 2.61818 -0.00331091 -0.00658452 -0.0360566 -0.101771 -0.167481 0.000876818 -0.00490503 0.00429859 0.199267 0.377424 -0.0240672 -0.0932895 0.970686 0.00701344 -0.00124059 -1.62566 -0.0458475 -1.38879 -0.196182 -0.000180473 0.000585961 1.52456
363.421 -0.0104292 -0.478863 1.56096 2.61807 0.00102441 -0.0105545 -0.0446555 -0.481656 1.59731 2.61044 -0.00417243 -0.013441 -0.0342263 -0.00279226 0.036352 -0.00763395 -0.00519684 -0.00288651 0.050007 0.554614 -0.0400723 -0.576436 1.391 2.61817 -0.00340024 -0.00636964 -0.0296431 -0.0975724 -0.169958 0.000100495 -0.00442465 0.00418485 0.198204 0.349426 -0.0223784 -0.0923833 0.970325 0.00634915 -0.000473556 -1.62566 -0.0458475 -1.38879 -0.196182 -0.000180473 0.000585961 1.52456
363.755 -0.0106125 -0.480659 1.56054 2.61867 0.000154528 -0.0100304 -0.0418621 -0.483062 1.59735 2.61102 -0.00538837 -0.0127303 -0.0312496 -0.00240203 0.0368089 -0.00765223 -0.00554289 -0.00269989 0.0483446 0.563018 -0.0354493 -0.575692 1.38902 2.61835 -0.0037165 -0.00611585 -0.0248368 -0.0950327 -0.171524 -0.00032328 -0.00387103 0.00391453 0.197658 0.316518 -0.0213779 -0.0917588 0.969871 0.00532141 0.00011987 -1.62564 -0.0458475 -1.38879 -0.196182 -0.000180473 0.000585961 1.52456
364.085 -0.0111686 -0.482493 1.55994 2.61929 -0.00087895 -0.0093839 -0.0432544 -0.485359 1.59573 2.61102 0.024317 -0.0037001 -0.0320858 -0.00286588 0.0357872 -0.00826271 0.025196 0.0056838 0.0481502 1.55494 -0.0310799 -0.5752 1.3871 2.61816 -0.00344408 -0.00618506 -0.0199113 -0.0927067 -0.172842 -0.00112303 -0.00256513 0.00319884 0.197143 0.243893 -0.0205675 -0.0912063 0.969273 0.00410373 0.000720979 -1.6256 -0.0458475 -1.38879 -0.196182 -0.000180473 0.000585961 1.52456
364.779 -0.0125718 -0.485296 1.55821 2.61991 -0.00292661 -0.00800552 -0.0446555 -0.490022 1.5973 2.61388 -0.0040228 -0.0134171 -0.0320837 -0.00472573 0.0390892 -0.00602482 -0.00109619 -0.0054116 0.0507904 0.468972 -0.0241921 -0.573705 1.38276 2.61816 -0.00341696 -0.00613939 -0.0116203 -0.0884094 -0.17545 -0.00174913 -0.000490353 0.00186613 0.196809 0.148038 -0.0193417 -0.0903987 0.967269 0.0016376 0.00132402 -1.62543 -0.0458475 -1.38879 -0.196182 -0.000180473 0.000585961 1.52456
365.084 -0.0129617 -0.487113 1.55683 2.62047 -0.00365674 -0.00743665 -0.0446525 -0.491443 1.59739 2.6145 -0.00639112 -0.0130675 -0.0316909 -0.00432945 0.0405521 -0.00596532 -0.00273438 -0.0056309 0.0516481 0.496534 -0.0202629 -0.572442 1.3796 2.61835 -0.00348534 -0.00610247 -0.00730122 -0.0853289 -0.17723 -0.00211872 0.000171403 0.00133417 0.196837 0.142653 -0.01884 -0.0901694 0.965927 0.000716419 0.001877 -1.6253 -0.0458475 -1.38879 -0.196182 -0.000180473 0.000585961 1.52456
365.398 -0.0130306 -0.486694 1.56072 2.62177 -0.00427233 -0.00685425 -0.0460446 -0.493318 1.59671 2.62999 0.01204 0.00372165 -0.033014 -0.00662387 0.0359871 0.0082236 0.0163123 0.0105759 0.0492836 1.20853 -0.0147998 -0.568348 1.3814 2.61847 -0.00344046 -0.0061266 -0.00176922 -0.0816545 -0.17932 -0.00330288 0.000831868 0.000727646 0.197044 0.199792 -0.0182175 -0.0901159 0.971226 -0.000118033 0.00317558 -1.6251 -0.0458475 -1.38879 -0.196182 -0.000180473 0.000585961 1.52456
365.741 -0.0127623 -0.482517 1.56891 2.62231 -0.00449719 -0.00654456 -0.0448318 -0.484194 1.57823 2.60297 0.010751 -0.00901324 -0.0320695 -0.00167728 0.00931802 -0.0193377 0.0152482 -0.00246868 0.0334379 1.41776 -0.0101289 -0.563313 1.38912 2.61827 -0.00334767 -0.00621859 0.00263336 -0.0807968 -0.179788 -0.00404029 0.00114953 0.000325979 0.197127 0.240663 -0.0177566 -0.0903177 0.981132 -0.000471628 0.00371448 -1.62495 -0.0458475 -1.38879 -0.196182 -0.000180473 0.000585961 1.52456
366.047 -0.0122042 -0.475601 1.57992 2.62219 -0.0045163 -0.00635725 -0.0446415 -0.481166 1.59798 2.59527 -0.0186965 -0.00563219 -0.0324373 -0.00556483 0.0180641 -0.0269222 -0.0141802 0.000725062 0.0375427 1.74338 -0.00764548 -0.55718 1.40064 2.61799 -0.00327964 -0.00639584 0.0045587 -0.081579 -0.179277 -0.00420068 0.00123667 -3.85956e-05 0.197019 0.250229 -0.0172853 -0.0907432 0.994024 -0.000579779 0.00359136 -1.62479 -0.0458475 -1.38879 -0.196182 -0.000180473 0.000585961 1.52456
366.447 -0.0103998 -0.462408 1.59742 2.62057 -0.00378862 -0.0065592 -0.0442901 -0.478755 1.63522 2.62694 -0.0026352 -0.0132578 -0.0338903 -0.0163469 0.0378033 0.00637542 0.00115342 -0.00669864 0.0533372 0.533025 -0.00434002 -0.545847 1.4191 2.61753 -0.00310707 -0.00669722 0.00605983 -0.0834393 -0.178321 -0.0030391 0.00068155 -0.000138019 0.19697 0.179137 -0.0166382 -0.0916308 1.01358 0.00016403 0.00197625 -1.62461 -0.0458475 -1.38879 -0.196182 -0.000180473 0.000585961 1.52456
366.999 -0.00526508 -0.436217 1.62975 2.6168 -0.00108376 -0.00783966 -0.0397563 -0.452008 1.655 2.609 -0.000203212 -5.54667e-05 -0.0344912 -0.0157907 0.0252427 -0.00780135 0.000880553 0.00778419 0.0455651 0.633038 -0.000596153 -0.521014 1.45213 2.61735 -0.00304559 -0.00720688 0.00466893 -0.0847966 -0.177624 0.000553438 -0.00196182 0.000632783 0.196882 0.121947 -0.0156035 -0.0937238 1.04971 0.00317479 -0.00177389 -1.62436 -0.0458475 -1.38879 -0.196182 -0.000180473 0.000585961 1.52456
367.282 -0.00300327 -0.425557 1.64315 2.61551 0.000189969 -0.00851584 -0.0380366 -0.440063 1.67566 2.61424 -0.0156535 -0.00411389 -0.0350333 -0.014506 0.032505 -0.0012729 -0.0158434 0.00440195 0.0499432 0.945019 0.000510349 -0.51125 1.46536 2.61741 -0.0031387 -0.00747212 0.00351362 -0.085693 -0.177795 0.00189754 -0.00332867 0.00104371 0.1974 0.227282 -0.0153033 -0.094676 1.06496 0.00462592 -0.0030489 -1.62431 -0.0458475 -1.38879 -0.196182 -0.000180473 0.000585961 1.52456
367.603 -0.00120143 -0.4158 1.65593 2.61461 0.0012389 -0.009103 -0.0351296 -0.424544 1.67502 2.59098 0.00062358 -0.0126461 -0.0339282 -0.00874332 0.0190868 -0.0236354 -0.000615319 -0.00354315 0.0398983 1.36974 0.000692254 -0.500391 1.47815 2.61758 -0.00339715 -0.00757382 0.00189369 -0.0845907 -0.177781 0.00296668 -0.00463605 0.00152918 0.196889 0.327456 -0.0151562 -0.0955878 1.07971 0.00583371 -0.00393938 -1.6243 -0.0458475 -1.38879 -0.196182 -0.000180473 0.000585961 1.52456
368.234 1.67489e-05 -0.396792 1.68326 2.61395 0.00218759 -0.0097417 -0.0315055 -0.406603 1.71684 2.60389 0.000393762 -0.0117961 -0.0315223 -0.00981135 0.0335861 -0.0100665 -0.00179383 -0.00205439 0.0470951 0.597416 0.00374259 -0.480106 1.5035 2.61778 -0.00355232 -0.00757469 0.00372584 -0.0833144 -0.179754 0.00382573 -0.00573991 0.00216701 0.198159 0.414015 -0.015599 -0.0974003 1.11201 0.00697974 -0.00459044 -1.62437 -0.0458475 -1.38879 -0.196182 -0.000180473 0.000585961 1.52456
368.537 -0.000315127 -0.392498 1.69054 2.61427 0.00216131 -0.00977144 -0.0314879 -0.395508 1.71746 2.58198 -0.013414 -0.00309146 -0.0311728 -0.00301012 0.0269207 -0.0322844 -0.0155753 0.00667999 0.041298 2.08713 0.00418666 -0.474019 1.51096 2.6179 -0.00361668 -0.00758258 0.00450179 -0.0815207 -0.179577 0.00363821 -0.00577799 0.00218886 0.197266 0.411169 -0.0159508 -0.0978223 1.12089 0.00696951 -0.00427666 -1.62441 -0.0458475 -1.38879 -0.196182 -0.000180473 0.000585961 1.52456
368.891 -0.00244 -0.383113 1.70834 2.61568 0.00155271 -0.00955017 -0.032671 -0.390241 1.73757 2.60732 0.0193464 -0.00799917 -0.030231 -0.00712797 0.029227 -0.00836476 0.0177936 0.001551 0.042649 1.13056 0.00210192 -0.464095 1.52734 2.61792 -0.00365749 -0.00764982 0.00454191 -0.0809824 -0.180999 0.00223895 -0.00521019 0.00190035 0.198342 0.342641 -0.01727 -0.0987302 1.14281 0.00632187 -0.002868 -1.62453 -0.0458475 -1.38879 -0.196182 -0.000180473 0.000585961 1.52456
369.179 -0.00361245 -0.37925 1.71552 2.61616 0.0012131 -0.00941171 -0.0344877 -0.377524 1.71753 2.57429 -0.0149389 -0.00328628 -0.0308752 0.00172557 0.00201067 -0.0418779 -0.016152 0.00612544 0.0309887 2.59329 5.46382e-05 -0.459851 1.53544 2.61815 -0.0038464 -0.00759244 0.00366709 -0.0806013 -0.180082 0.00198822 -0.0050595 0.00181928 0.197331 0.328649 -0.0179639 -0.0990589 1.15158 0.00595504 -0.00238733 -1.62458 -0.0458475 -1.38879 -0.196182 -0.000180473 0.000585961 1.52456
369.474 -0.00557298 -0.372955 1.72642 2.6166 0.0006825 -0.00919612 -0.0369106 -0.377907 1.76152 2.59653 -0.0154854 -0.00332557 -0.0313376 -0.00495259 0.0350994 -0.0200764 -0.0161679 0.00587055 0.0473133 1.51284 -0.00314603 -0.454872 1.54712 2.61788 -0.00377803 -0.00774712 0.00242696 -0.0819168 -0.179298 0.00127567 -0.00446053 0.001449 0.197139 0.278362 -0.0191651 -0.0995411 1.16473 0.00538461 -0.00195397 -1.62465 -0.0458475 -1.38879 -0.196182 -0.000180473 0.000585961 1.52456
369.826 -0.00828936 -0.362833 1.74142 2.61625 8.51387e-05 -0.00897455 -0.0397463 -0.371673 1.7834 2.60558 -0.00294334 -0.0265916 -0.031457 -0.00883978 0.0419792 -0.0106722 -0.00302848 -0.017617 0.0531971 1.19354 -0.00828532 -0.446497 1.56316 2.61753 -0.00385962 -0.00797819 4.03449e-06 -0.0836636 -0.17826 0.00127333 -0.00394476 0.000996365 0.196917 0.243893 -0.0210349 -0.100186 1.18236 0.00475903 -0.00230903 -1.62476 -0.0458475 -1.38879 -0.196182 -0.000180473 0.000585961 1.52456
370.123 -0.0103589 -0.354122 1.75305 2.61542 -0.0002657 -0.00886569 -0.0412976 -0.360863 1.78386 2.60081 0.00155245 0.00031388 -0.0309387 -0.00674117 0.0308168 -0.0146133 0.00181815 0.00917957 0.0441851 0.994653 -0.0114008 -0.4395 1.57576 2.61725 -0.00391931 -0.0079563 -0.00104189 -0.0853777 -0.17729 0.00182696 -0.00365361 0.000909388 0.196779 0.239031 -0.0226146 -0.10066 1.19571 0.00440785 -0.00314235 -1.62484 -0.0458475 -1.38879 -0.196182 -0.000180473 0.000585961 1.52456
370.453 -0.0134417 -0.34213 1.76863 2.6141 -0.000801561 -0.00867175 -0.0442072 -0.351033 1.80556 2.60846 0.0151301 -0.0233656 -0.0307655 -0.00890282 0.036927 -0.00564357 0.0159317 -0.0146939 0.0488813 1.28176 -0.0165138 -0.429696 1.59261 2.61744 -0.00380589 -0.00771823 -0.00307207 -0.087566 -0.176025 0.00334075 -0.00300433 0.000953522 0.196627 0.26393 -0.0249265 -0.10123 1.21352 0.00385751 -0.00446866 -1.62494 -0.0458475 -1.38879 -0.196182 -0.000180473 0.000585961 1.52456
370.757 -0.0160126 -0.333833 1.78005 2.61341 -0.00127302 -0.00846496 -0.0471989 -0.344834 1.83143 2.62011 0.000747209 0.000140633 -0.0311863 -0.0110008 0.0513794 0.0066999 0.00202023 0.00860559 0.0611019 0.635506 -0.0216854 -0.422181 1.60448 2.61756 -0.00379575 -0.00755741 -0.00567279 -0.0883472 -0.175574 0.00415878 -0.00252273 0.000907552 0.19663 0.28393 -0.0267912 -0.101569 1.22668 0.0033517 -0.00516562 -1.625 -0.0458475 -1.38879 -0.196182 -0.000180473 0.000585961 1.52456
371.372 -0.0224997 -0.319252 1.8048 2.6138 -0.00243938 -0.00785164 -0.0535001 -0.327487 1.85559 2.60644 -0.00422127 -0.0142575 -0.0310004 -0.00823568 0.0507869 -0.00735956 -0.00178188 -0.00640587 0.060068 0.569239 -0.0306868 -0.410898 1.63071 2.61789 -0.00393191 -0.007346 -0.00818703 -0.0916469 -0.17409 0.00409152 -0.00149253 0.000505643 0.19691 0.251788 -0.0314566 -0.101971 1.25599 0.00203042 -0.00477766 -1.62505 -0.0458475 -1.38879 -0.196182 -0.000180473 0.000585961 1.52456
371.66 -0.0246366 -0.315424 1.81151 2.61393 -0.00290029 -0.00758181 -0.056789 -0.31506 1.83028 2.58703 0.0130987 -0.0114403 -0.0321524 0.000364833 0.0187762 -0.0268994 0.015999 -0.00385845 0.0372352 1.8058 -0.032555 -0.408829 1.63889 2.61778 -0.00391028 -0.0073748 -0.00791842 -0.0934046 -0.172622 0.00385471 -0.00100999 0.000207006 0.196432 0.228997 -0.0328434 -0.101996 1.26387 0.00149697 -0.00465453 -1.62505 -0.0458475 -1.38879 -0.196182 -0.000180473 0.000585961 1.52456
373.234 -0.0430612 -0.286871 1.86347 2.61477 -0.00667476 -0.00511097 -0.0731291 -0.287512 1.88052 2.60361 0.00942676 -0.0126393 -0.030068 -0.000641283 0.0170483 -0.0111603 0.0161015 -0.00752835 0.0345708 1.20203 -0.0507176 -0.392361 1.69787 2.61763 -0.00406242 -0.00708748 -0.00765647 -0.105491 -0.165602 0.00285109 0.00261234 -0.00197651 0.196497 0.24866 -0.0449038 -0.101053 1.3245 -0.00301636 -0.00383382 -1.6248 -0.0458475 -1.38879 -0.196182 -0.000180473 0.000585961 1.52456
373.521 -0.0460351 -0.281744 1.8712 2.61429 -0.00738861 -0.0046281 -0.076453 -0.280422 1.88246 2.5805 -0.0120218 -0.00178997 -0.030418 0.00132226 0.011256 -0.0337922 -0.0046332 0.00283814 0.0324607 1.95945 -0.0550268 -0.388858 1.70652 2.61757 -0.00401319 -0.0071883 -0.0089917 -0.107113 -0.16468 0.00328436 0.00337542 -0.0025602 0.196656 0.306467 -0.0466248 -0.100767 1.33319 -0.00387116 -0.00432215 -1.62473 -0.0458475 -1.38879 -0.196182 -0.000180473 0.000585961 1.52456
373.804 -0.0484557 -0.27641 1.87883 2.61362 -0.00786818 -0.00429124 -0.0799765 -0.277385 1.90699 2.59329 0.00916482 0.00133567 -0.0315207 -0.000975004 0.0281638 -0.0203227 0.017033 0.00562691 0.0422813 1.55318 -0.058702 -0.383807 1.71431 2.61736 -0.00407147 -0.00724898 -0.0102462 -0.107396 -0.164521 0.00373997 0.00379671 -0.00295774 0.196739 0.348305 -0.0481837 -0.100434 1.34165 -0.00444987 -0.00499726 -1.62468 -0.0458475 -1.38879 -0.196182 -0.000180473 0.000585961 1.52456
374.118 -0.0502172 -0.271162 1.88634 2.61291 -0.00806622 -0.0041319 -0.0836838 -0.27474 1.93553 2.60847 -0.012511 -0.00177546 -0.0334666 -0.00357798 0.0491925 -0.00443862 -0.00444474 0.00235644 0.0596046 0.383595 -0.0601041 -0.379373 1.7223 2.61746 -0.00398515 -0.00738224 -0.00988692 -0.108211 -0.164038 0.00455018 0.00408107 -0.00325034 0.196763 0.395648 -0.0495601 -0.10003 1.34989 -0.00469583 -0.00570773 -1.62464 -0.0458475 -1.38879 -0.196182 -0.000180473 0.000585961 1.52456
374.464 -0.0523333 -0.265128 1.89629 2.61239 -0.00835531 -0.00393448 -0.083684 -0.26798 1.93554 2.60565 -0.0126929 -0.00175692 -0.0313507 -0.00285228 0.0392564 -0.00674405 -0.00433761 0.00217756 0.0503196 0.474778 -0.0627998 -0.374235 1.7328 2.61762 -0.00408379 -0.00724288 -0.0104665 -0.109107 -0.163489 0.00523034 0.00427153 -0.0033084 0.196831 0.429783 -0.0510934 -0.0993455 1.36092 -0.00504216 -0.00622271 -1.62462 -0.0458475 -1.38879 -0.196182 -0.000180473 0.000585961 1.52456
374.783 -0.0541132 -0.261289 1.90392 2.61236 -0.00879915 -0.00367634 -0.08707 -0.261238 1.93569 2.6029 -0.0142955 -0.00192879 -0.0329568 5.14665e-05 0.0317714 -0.0094647 -0.0054963 0.00174755 0.0457775 0.634273 -0.0655363 -0.371822 1.74122 2.61773 -0.00422035 -0.00706259 -0.011423 -0.110533 -0.162692 0.00536844 0.0045788 -0.00338625 0.197019 0.447624 -0.0520044 -0.0987064 1.36943 -0.00555439 -0.00625318 -1.62462 -0.0458475 -1.38879 -0.196182 -0.000180473 0.000585961 1.52456
375.07 -0.0562631 -0.257765 1.91174 2.6125 -0.00956358 -0.00324856 -0.0891629 -0.260603 1.96288 2.5969 -0.0155458 -0.0172045 -0.0328998 -0.00283784 0.0511341 -0.0156048 -0.00598227 -0.0139559 0.0608699 1.25461 -0.0687789 -0.369083 1.7487 2.61785 -0.00451255 -0.00680138 -0.0125158 -0.111318 -0.163045 0.00534354 0.00505103 -0.00355282 0.197818 0.4673 -0.0526915 -0.0979602 1.37822 -0.00643127 -0.00611733 -1.62463 -0.0458475 -1.38879 -0.196182 -0.000180473 0.000585961 1.52456
375.495 -0.0591208 -0.25302 1.9228 2.61275 -0.0107764 -0.00258152 -0.090457 -0.251114 1.93584 2.5987 -0.016016 -0.00207699 -0.0313362 0.00190529 0.0130407 -0.0140444 -0.00523957 0.000504525 0.0339948 0.859118 -0.0702007 -0.365075 1.76097 2.61781 -0.00429097 -0.00678449 -0.0110799 -0.112055 -0.161836 0.00506544 0.00648544 -0.00420297 0.197155 0.528601 -0.053207 -0.0968135 1.3906 -0.00781685 -0.00587419 -1.62466 -0.0458475 -1.38879 -0.196182 -0.000180473 0.000585961 1.52456
375.746 -0.0607288 -0.248896 1.93158 2.6127 -0.0115607 -0.00217025 -0.0948235 -0.253145 1.99202 2.58687 -0.0166613 -0.00211697 -0.0340947 -0.00424913 0.0604449 -0.025829 -0.00510058 5.3287e-05 0.0695276 1.50844 -0.0716764 -0.362067 1.77039 2.61775 -0.00439583 -0.00671328 -0.0109476 -0.113171 -0.161193 0.00504799 0.00716488 -0.00454302 0.197258 0.564406 -0.0532494 -0.0958535 1.40028 -0.00870121 -0.00592532 -1.62469 -0.0458475 -1.38879 -0.196182 -0.000180473 0.000585961 1.52456
376.074 -0.0617714 -0.243164 1.94383 2.61259 -0.0122611 -0.00183949 -0.0965302 -0.247797 1.99125 2.63236 -0.0152976 -0.00191461 -0.0347588 -0.00463336 0.0474217 0.0197745 -0.00303648 -7.51215e-05 0.0589784 1.14637 -0.070401 -0.356973 1.7823 2.61783 -0.00430346 -0.00672889 -0.00862958 -0.113809 -0.161528 0.00524051 0.00795769 -0.0048894 0.197783 0.612298 -0.0527923 -0.0944453 1.41366 -0.00947182 -0.00604173 -1.62476 -0.0458475 -1.38879 -0.196182 -0.000180473 0.000585961 1.52456
376.4 -0.0619787 -0.240845 1.95004 2.61281 -0.0125588 -0.00171286 -0.0947607 -0.241571 1.98994 2.60427 0.00321596 -0.0136926 -0.032782 -0.000726241 0.0399034 -0.00854016 0.0157748 -0.0119798 0.0516475 1.23701 -0.0690254 -0.354089 1.78891 2.61796 -0.00424061 -0.00673069 -0.00704676 -0.113244 -0.161125 0.00514511 0.00831822 -0.00501783 0.197066 0.628696 -0.0523312 -0.0936871 1.42051 -0.00979445 -0.00581735 -1.62479 -0.0458475 -1.38879 -0.196182 -0.000180473 0.000585961 1.52456
377.322 -0.0582613 -0.230162 1.98571 2.61528 -0.013107 -0.00172334 -0.0957803 -0.234324 2.04875 2.63775 0.00817677 -0.0135524 -0.037519 -0.00416156 0.0630358 0.0224694 0.0212838 -0.011829 0.0734745 1.89713 -0.0602428 -0.343587 1.82471 2.61804 -0.00373376 -0.00664526 -0.00198154 -0.113424 -0.161006 0.00276199 0.00937328 -0.00492192 0.196956 0.626201 -0.046844 -0.0891691 1.45991 -0.010282 -0.00334849 -1.62508 -0.0458475 -1.38879 -0.196182 -0.000180473 0.000585961 1.52456
377.651 -0.0548699 -0.226755 1.99613 2.61587 -0.0124425 -0.00220197 -0.0922691 -0.228342 2.05113 2.61135 -0.0129976 -0.00144708 -0.0373992 -0.0015876 0.0549979 -0.00452509 -0.000555079 0.000754887 0.0665281 0.26393 -0.0567056 -0.341668 1.83608 2.61812 -0.00338763 -0.00673583 -0.00183577 -0.114913 -0.16005 0.00225114 0.00905489 -0.00453386 0.197039 0.594132 -0.0444774 -0.0879503 1.47138 -0.00946418 -0.00275597 -1.62516 -0.0458475 -1.38879 -0.196182 -0.000180473 0.000585961 1.52456
377.989 -0.0506808 -0.222451 2.00719 2.61619 -0.0115607 -0.00280182 -0.0886811 -0.224745 2.051 2.60979 -0.0116325 -0.00127475 -0.0380003 -0.00229436 0.043802 -0.00640125 -7.17956e-05 0.00152706 0.0580337 0.376385 -0.0527429 -0.338809 1.8479 2.61783 -0.00339081 -0.00655505 -0.00206211 -0.116359 -0.159292 0.00164635 0.00816989 -0.00375323 0.197276 0.523393 -0.0417762 -0.0867859 1.48335 -0.00840854 -0.00244218 -1.62524 -0.0458475 -1.38879 -0.196182 -0.000180473 0.000585961 1.52456
378.236 -0.0460965 -0.216741 2.01881 2.61597 -0.0106312 -0.00342046 -0.08586 -0.224152 2.11365 2.64908 -0.00674689 -0.000715831 -0.0397635 -0.00741149 0.0948427 0.0331086 0.00388433 0.00270463 0.103108 1.91765 -0.0483581 -0.333967 1.86006 2.61765 -0.00332929 -0.00652879 -0.00226158 -0.117226 -0.15875 0.00167852 0.00730193 -0.00310833 0.197355 0.464781 -0.03878 -0.0856885 1.49589 -0.00729025 -0.00266027 -1.62531 -0.0458475 -1.38879 -0.196182 -0.000180473 0.000585961 1.52456
378.558 -0.0398199 -0.207701 2.03535 2.6153 -0.00954153 -0.00415272 -0.0778756 -0.209284 2.04852 2.57756 0.0126892 -0.0140817 -0.0380557 -0.00158228 0.0131713 -0.0377412 0.0222307 -0.00992901 0.0403017 2.57253 -0.0424116 -0.326857 1.87768 2.61746 -0.00337142 -0.00664017 -0.00259168 -0.119156 -0.157666 0.00215478 0.00617011 -0.00248745 0.197645 0.400563 -0.0343957 -0.0843218 1.5137 -0.00597882 -0.0033199 -1.6254 -0.0458475 -1.38879 -0.196182 -0.000180473 0.000585961 1.52456
378.896 -0.0352564 -0.200173 2.04848 2.61468 -0.008933 -0.00459342 -0.072725 -0.203498 2.0812 2.59513 -0.0112896 -0.0153724 -0.0374686 -0.00332459 0.0327227 -0.0195453 -0.00235661 -0.010779 0.049857 1.2915 -0.0390186 -0.319904 1.89116 2.61758 -0.00366129 -0.00654523 -0.00376214 -0.119731 -0.157318 0.00290532 0.00527171 -0.00195181 0.197734 0.362617 -0.0308619 -0.0833525 1.52795 -0.00522591 -0.00394572 -1.62548 -0.0458475 -1.38879 -0.196182 -0.000180473 0.000585961 1.52456
379.228 -0.0291186 -0.18975 2.0669 2.61395 -0.0082419 -0.00512593 -0.0673869 -0.196471 2.11335 2.58519 -0.00239718 -0.00022288 -0.0382684 -0.00672136 0.0464523 -0.0287567 0.00584472 0.00490305 0.0605596 1.70318 -0.0346353 -0.309123 1.90944 2.61757 -0.00360536 -0.00655246 -0.00551672 -0.119374 -0.157463 0.00362201 0.00463654 -0.00142652 0.197674 0.34605 -0.0258764 -0.0821064 1.54814 -0.00435283 -0.00467006 -1.62559 -0.0458475 -1.38879 -0.196182 -0.000180473 0.000585961 1.52456
379.49 -0.0259289 -0.184449 2.07648 2.61366 -0.00789793 -0.00539459 -0.0636932 -0.185389 2.11327 2.58056 -0.00107441 -9.42605e-05 -0.0377643 -0.000939512 0.0367952 -0.0331 0.00682352 0.00530033 0.0527344 1.95865 -0.0320219 -0.302821 1.9184 2.61757 -0.003593 -0.0066352 -0.00609296 -0.118372 -0.158076 0.00391551 0.00430493 -0.00124061 0.197578 0.340349 -0.023283 -0.0814961 1.55863 -0.00391911 -0.00496038 -1.62565 -0.0458475 -1.38879 -0.196182 -0.000180473 0.000585961 1.52456
379.838 -0.0194976 -0.174177 2.09617 2.61341 -0.0072718 -0.00589797 -0.056307 -0.174301 2.1131 2.57583 0.00181692 0.000149877 -0.0368094 -0.000123976 0.016931 -0.0375835 0.00908872 0.00604785 0.0405168 2.2414 -0.0266834 -0.290653 1.93699 2.61776 -0.00385516 -0.00693116 -0.00718577 -0.116476 -0.159186 0.0043453 0.00341663 -0.00103319 0.197379 0.321425 -0.0179292 -0.0802989 1.58043 -0.00312278 -0.00520182 -1.62578 -0.0458475 -1.38879 -0.196182 -0.000180473 0.000585961 1.52456
380.133 -0.0131841 -0.163833 2.1165 2.61334 -0.00680424 -0.00632843 -0.0523797 -0.172116 2.17983 2.61575 0.00668475 0.000528138 -0.0391956 -0.00828261 0.063329 0.00240851 0.013489 0.00685657 0.0749364 0.878042 -0.0215183 -0.279525 1.95481 2.61782 -0.00402606 -0.00721619 -0.00833414 -0.115692 -0.161692 0.00447253 0.00277818 -0.000887756 0.198993 0.305187 -0.0123954 -0.0791578 1.60307 -0.00250132 -0.00526761 -1.62591 -0.0458475 -1.38879 -0.196182 -0.000180473 0.000585961 1.52456
381.084 0.00175779 -0.139129 2.16289 2.61301 -0.00567046 -0.00743105 -0.0348242 -0.142034 2.2155 2.57068 -0.0142925 -0.000921845 -0.036582 -0.00290509 0.0526138 -0.0423321 -0.00862203 0.00650921 0.0641475 2.49952 -0.00388329 -0.249662 2.00027 2.61794 -0.00422851 -0.00808238 -0.00564108 -0.110533 -0.162619 0.00492761 0.00144195 -0.000651325 0.196708 0.296075 0.000505437 -0.0771822 1.65509 -0.000962584 -0.00559487 -1.6263 -0.0458475 -1.38879 -0.196182 -0.000180473 0.000585961 1.52456
381.407 0.00942751 -0.126442 2.18244 2.61213 -0.00509122 -0.00783198 -0.0304802 -0.133451 2.25117 2.61789 -0.01475 -0.0178062 -0.0399077 -0.00700847 0.0687363 0.00575306 -0.00965877 -0.00997419 0.0797898 0.859118 0.00370197 -0.235828 2.01851 2.61749 -0.0040353 -0.00838811 -0.00572553 -0.109386 -0.163933 0.00535141 0.00105593 -0.000556129 0.19716 0.314035 0.00636037 -0.0769958 1.6773 -2.77617e-05 -0.0064745 -1.62642 -0.046166 -1.38879 -0.196215 -0.000396856 0.000586552 1.52451
381.728 0.0157423 -0.111684 2.19618 2.6093 -0.00420936 -0.00847746 -0.0225737 -0.120679 2.25098 2.58275 -0.0377279 -0.0020255 -0.038316 -0.00899576 0.0547926 -0.026541 -0.0335185 0.00645196 0.0674631 2.47259 0.00868202 -0.219139 2.03192 2.61723 -0.00415551 -0.0082899 -0.00706029 -0.107455 -0.164263 0.00793634 5.38534e-05 0.000187564 0.196415 0.454565 0.0107652 -0.0777617 1.69286 0.00105216 -0.00932113 -1.62654 -0.046165 -1.38879 -0.19621 -0.000364634 0.000586553 1.52451
382.326 0.0269245 -0.0159687 2.20632 2.57716 -0.00351029 -0.00941246 -0.00914866 -0.0464055 2.32724 2.63456 -0.00988506 -0.0165704 -0.0360732 -0.0304369 0.120918 0.0574094 -0.00637477 -0.00715794 0.129803 3.33214 0.0187348 -0.124835 2.04296 2.61109 -0.00446204 -0.00836393 -0.00818968 -0.108866 -0.163354 0.0339332 -0.000951757 0.00104853 0.196478 1.94622 0.0188814 -0.0927238 1.70853 0.00237198 -0.042081 -1.62689 -0.0461937 -1.38816 -0.196296 -0.000288348 0.00123878 1.52463
382.935 0.0355084 0.0558457 2.20726 2.55958 -0.00425838 -0.00908037 0.000978699 0.0454699 2.2511 2.54043 -0.00624677 -0.0157269 -0.0345297 -0.0103758 0.0438366 -0.019149 -0.00198839 -0.00664655 0.0567592 1.16869 0.0228318 -0.0599907 2.04642 2.61745 -0.00401726 -0.0068156 -0.0126765 -0.115836 -0.160838 0.0578707 0.000241119 0.00226477 0.198615 3.31883 0.027286 -0.12028 1.72608 0.00170386 -0.0594671 -1.62699 -0.046193 -1.38816 -0.196263 -0.000256153 0.00104534 1.52463
383.579 0.0426481 0.106057 2.20625 2.55143 -0.00471619 -0.0082944 0.00883678 0.0985559 2.25114 2.51569 -8.0425e-05 -0.0169241 -0.0338113 -0.00750143 0.0448963 -0.035738 0.00463577 -0.00862967 0.0567023 2.12431 0.0258763 7.33724e-05 2.04684 2.61695 -0.00308787 -0.00530736 -0.0167718 -0.105984 -0.15941 0.0655258 0.00162833 0.00298704 0.19216 3.76005 0.034821 -0.152608 1.74579 0.000923113 -0.0690474 -1.62643 -0.0461926 -1.38817 -0.196242 -0.000236273 0.000925905 1.52463
383.894 0.0470345 0.132639 2.20518 2.54711 -0.00450051 -0.00797946 0.012809 0.129027 2.25078 2.53081 -0.0249454 0.00142967 -0.0342255 -0.00361206 0.0455943 -0.0162943 -0.0204449 0.00940913 0.057125 1.58733 0.0262377 0.0194065 2.04498 2.61627 -0.00283154 -0.00496276 -0.0207967 -0.113232 -0.160199 0.0691653 0.00166897 0.0030167 0.197276 3.96842 0.0368351 -0.162429 1.75169 0.000979766 -0.0717784 -1.62617 -0.0461924 -1.38817 -0.196233 -0.000228368 0.000878412 1.52463
384.187 0.0513197 0.158784 2.20414 2.54319 -0.0042697 -0.00755698 0.0178635 0.160898 2.28404 2.54001 0.0631594 -0.0378377 -0.0334562 0.0021146 0.0799011 -0.00318229 0.0674291 -0.0302808 0.0866486 4.2367 0.0291309 0.0464576 2.04336 2.61724 -0.00260885 -0.00445245 -0.0221888 -0.112326 -0.160781 0.0740477 0.00166084 0.00310453 0.197383 4.24805 0.0397425 -0.177351 1.76081 0.00096105 -0.0756556 -1.62569 -0.0461923 -1.38817 -0.196226 -0.000221569 0.000837565 1.52463
384.78 0.062534 0.227544 2.19909 2.53341 -0.00336441 -0.00633707 0.0285325 0.21948 2.25109 2.48607 -0.0162888 0.00158824 -0.0340015 -0.0080638 0.0519996 -0.0473404 -0.0129244 0.00792531 0.0626505 2.84386 0.0360224 0.116437 2.03769 2.617 -0.00302117 -0.00528532 -0.0265116 -0.111107 -0.161396 0.083583 0.00034324 0.00105174 0.197728 4.78954 0.0467091 -0.218561 1.78425 0.00107958 -0.0853974 -1.62417 -0.0461919 -1.38817 -0.196208 -0.000207738 0.000776271 1.52463
385.366 0.072408 0.285806 2.19252 2.53222 -0.00207342 -0.00576037 0.0363979 0.276527 2.25104 2.52096 -0.0145176 0.00178322 -0.0360101 -0.0092785 0.0585233 -0.011267 -0.0124441 0.00754359 0.0693382 1.05239 0.0431812 0.173112 2.03309 2.61747 -0.00370615 -0.00629139 -0.0292268 -0.112694 -0.159432 0.0852494 -0.00163272 -0.000531025 0.197415 4.88535 0.0517158 -0.254605 1.80442 0.00184728 -0.09307 -1.62304 -0.0461832 -1.38797 -0.195211 -0.000199451 0.00732419 1.52462
385.66 0.0749011 0.301267 2.19012 2.53606 -0.00169617 -0.00560342 0.0403301 0.304068 2.25119 2.50619 -0.0118859 0.00160535 -0.0345711 0.00280177 0.0610726 -0.0298742 -0.0101897 0.00720876 0.0702344 1.85245 0.0453707 0.191572 2.02986 2.6168 -0.00354918 -0.00623862 -0.0295305 -0.109695 -0.160256 0.0807336 -0.00185302 -0.000635201 0.196436 4.62694 0.0529163 -0.264687 1.81021 0.00207403 -0.0949049 -1.6228 -0.046187 -1.38778 -0.19434 -0.000197655 0.0131184 1.52454
385.992 0.0791814 0.329953 2.18459 2.55217 0.000495054 -0.0049158 0.0459704 0.335337 2.28939 2.60342 0.0266013 -0.00388439 -0.033211 0.00538392 0.104794 0.0512523 0.0261063 0.00103141 0.110062 3.29527 0.0490132 0.22167 2.02653 2.61699 -0.00350424 -0.00599191 -0.0301682 -0.108284 -0.158065 0.0648269 -0.0039993 -0.0010761 0.193959 3.72173 0.0549797 -0.284196 1.82216 0.00237135 -0.0978082 -1.62242 -0.0463224 -1.38693 -0.191349 0.000906673 0.0320024 1.52314
386.294 0.0817588 0.350745 2.17974 2.56961 0.00557966 -0.00430612 0.0481964 0.353263 2.25115 2.55053 -0.0104542 0.0016402 -0.0335624 0.0025179 0.0714009 -0.0190806 -0.0160338 0.00594632 0.0789358 1.4674 0.0504149 0.240123 2.02725 2.61754 -0.00341468 -0.00570142 -0.0313439 -0.110622 -0.152496 0.047938 -0.00899433 -0.0013953 0.190984 2.79582 0.0562107 -0.298175 1.83155 0.00245213 -0.0998429 -1.62222 -0.0466048 -1.38572 -0.187897 0.00461022 0.051467 1.52009
386.579 0.0837063 0.370793 2.17445 2.59106 0.0150243 -0.00403093 0.0521284 0.378829 2.25076 2.61879 -0.0136595 0.00229813 -0.0315779 0.00803623 0.076312 0.0277257 -0.0286838 0.00632906 0.0829775 2.3141 0.0524163 0.262954 2.02639 2.61737 -0.00323264 -0.0052889 -0.03129 -0.107839 -0.148064 0.0263105 -0.0182569 -0.00125797 0.185826 1.83654 0.0571637 -0.311433 1.8415 0.00240806 -0.101703 -1.6221 -0.0470091 -1.38394 -0.183308 0.0121875 0.0748431 1.51512
386.89 0.0847262 0.389305 2.16897 2.61546 0.0300151 -0.00387137 0.0541611 0.39611 2.21586 2.56532 0.0337152 -0.00601432 -0.030565 0.00680479 0.0468914 -0.0501325 0.00370013 -0.00214295 0.0563856 2.87889 0.0562464 0.283671 2.02619 2.61763 -0.00302684 -0.00481724 -0.0284798 -0.105635 -0.142778 0.00217769 -0.0330419 -0.000945865 0.179876 1.89816 0.0578423 -0.323856 1.85198 0.00211335 -0.103109 -1.62203 -0.0475306 -1.38164 -0.177658 0.0246028 0.100761 1.50779
387.531 0.0859841 0.429454 2.15392 2.69165 0.100356 -0.00451695 0.0541096 0.429173 2.17743 2.57879 0.0795331 -0.0157073 -0.0318744 -0.000280946 0.0235077 -0.112866 -0.0208228 -0.0111903 0.0396065 6.5503 0.0597068 0.331982 2.02921 2.61808 -0.00372476 -0.00600876 -0.0262772 -0.0974717 -0.124714 -0.0735716 -0.104081 -0.00149181 0.160452 7.29982 0.0583822 -0.352956 1.88144 0.00141561 -0.104648 -1.62213 -0.0499084 -1.37453 -0.157515 0.0837501 0.18016 1.47919
388.059 0.0873794 0.446756 2.14525 2.74087 0.154056 -0.0111201 0.0571904 0.460742 2.19124 2.67752 0.170519 -0.0362701 -0.030189 0.0139861 0.0459903 -0.0633495 0.0164626 -0.02515 0.0567635 3.80128 0.062249 0.355086 2.03601 2.61833 -0.00415773 -0.00660688 -0.0251305 -0.0916699 -0.109238 -0.12254 -0.158214 0.0045132 0.144803 11.4763 0.0578908 -0.368 1.90096 0.00156254 -0.103946 -1.62244 -0.0524018 -1.37027 -0.141393 0.133055 0.230966 1.46796
388.339 0.0877987 0.457064 2.1396 2.77334 0.189207 -0.0211954 0.0573621 0.474524 2.19695 2.75649 0.154541 -0.0175145 -0.0304366 0.0174602 0.0573518 -0.0168511 -0.0346665 0.00368089 0.0672345 2.23406 0.0630449 0.370512 2.04415 2.61854 -0.00443933 -0.00692012 -0.0247538 -0.0865515 -0.095451 -0.154793 -0.193647 0.0142752 0.131205 14.2661 0.0570693 -0.378085 1.91778 0.00141051 -0.102773 -1.62269 -0.0546598 -1.36708 -0.126817 0.169881 0.264178 1.469
388.66 0.0875182 0.463172 2.1362 2.79269 0.20813 -0.0320366 0.0581674 0.481995 2.19605 2.74372 0.24689 -0.0393455 -0.0293508 0.018823 0.0598497 -0.0489742 0.0387604 -0.00730884 0.0692659 3.52848 0.062578 0.380628 2.05195 2.61827 -0.00454405 -0.00712338 -0.0249402 -0.0825439 -0.0842499 -0.174425 -0.212674 0.0249133 0.120555 15.9032 0.0562104 -0.384477 1.93102 0.00100354 -0.101772 -1.62283 -0.0564587 -1.36497 -0.115079 0.193806 0.28374 1.47638
389.021 0.0857581 0.469076 2.13286 2.81213 0.221134 -0.049599 0.0572346 0.497462 2.23011 2.87079 0.163368 -0.0208077 -0.0285236 0.0283862 0.0972519 0.0586644 -0.0577662 0.0287913 0.105249 4.78012 0.0595693 0.393778 2.06354 2.61853 -0.0047121 -0.0069476 -0.0261888 -0.0752978 -0.0693194 -0.193599 -0.225846 0.0426514 0.105645 17.3712 0.0547604 -0.391423 1.94954 -0.000240908 -0.100293 -1.62287 -0.0589177 -1.36269 -0.0983553 0.218058 0.30256 1.49367
389.253 0.0841782 0.471015 2.13208 2.81912 0.222038 -0.0588705 0.0560622 0.493237 2.19009 2.82014 0.253934 -0.0584263 -0.028116 0.0222221 0.0580026 0.00101952 0.0318966 0.000444181 0.0681809 1.82842 0.0574342 0.395368 2.06534 2.6186 -0.00469022 -0.00681399 -0.026744 -0.0756463 -0.066745 -0.200524 -0.226728 0.0520565 0.104367 17.7895 0.0534792 -0.395465 1.96409 -0.00167797 -0.0988566 -1.62278 -0.0601349 -1.36179 -0.0895911 0.22601 0.30859 1.50449
389.557 0.0795557 0.471628 2.13074 2.82857 0.209473 -0.0805204 0.0529535 0.493721 2.18393 2.78032 0.310828 -0.106311 -0.0266022 0.0220931 0.0531881 -0.0482463 0.101355 -0.0257906 0.063441 6.43718 0.0533947 0.394685 2.06515 2.61888 -0.00470981 -0.00652472 -0.026161 -0.0769434 -0.0655904 -0.209689 -0.214183 0.0739957 0.104436 17.9627 0.0515974 -0.399391 1.98435 -0.00403525 -0.096539 -1.62249 -0.0630326 -1.36026 -0.0665297 0.232198 0.314075 1.53337
389.87 0.076674 0.470283 2.13106 2.82969 0.193241 -0.0903067 0.0497025 0.496972 2.19774 2.87975 0.133065 -0.0626285 -0.0269714 0.0266891 0.0666787 0.0500605 -0.0601752 0.0276782 0.076719 4.59866 0.0499471 0.392302 2.06314 2.61853 -0.00412627 -0.00657984 -0.0267269 -0.0779816 -0.0679215 -0.211168 -0.197367 0.0837269 0.106812 17.5391 0.0501356 -0.401332 2.00003 -0.00579615 -0.0947072 -1.6222 -0.0646006 -1.35983 -0.0520334 0.226168 0.311996 1.54924
390.189 0.0747774 0.467279 2.13193 2.82849 0.172727 -0.0966503 0.0450815 0.487718 2.1661 2.73819 0.201621 -0.110705 -0.0296959 0.0204384 0.034163 -0.0903038 0.0288945 -0.0140545 0.0496658 5.34852 0.0469354 0.389457 2.06483 2.61916 -0.00404185 -0.00617787 -0.027842 -0.0778224 -0.0671063 -0.209334 -0.176768 0.0904724 0.106465 16.83 0.0486981 -0.40251 2.01602 -0.00708092 -0.0926492 -1.62189 -0.0659985 -1.35977 -0.0370574 0.213653 0.307184 1.56233
390.52 0.0741264 0.461418 2.1338 2.82406 0.141935 -0.0990185 0.0445488 0.489018 2.18821 2.82516 0.228493 -0.117656 -0.0295776 0.0275998 0.0544095 0.00109618 0.0865589 -0.0186372 0.067801 5.0759 0.0446559 0.385365 2.0642 2.61888 -0.00371295 -0.00643219 -0.0294705 -0.0760535 -0.0695989 -0.205184 -0.145648 0.0925863 0.107222 15.6274 0.0468871 -0.403078 2.03772 -0.00782576 -0.0897816 -1.62154 -0.0675564 -1.36024 -0.0163989 0.189069 0.29794 1.57405
391.125 0.0744199 0.451164 2.1381 2.81191 0.0934274 -0.0890536 0.0438091 0.47841 2.19172 2.89803 0.132742 -0.0937132 -0.0306108 0.0272459 0.0536236 0.0861121 0.0393146 -0.00465966 0.0674896 5.45733 0.0429333 0.377868 2.06583 2.61935 -0.003931 -0.00693499 -0.0314867 -0.0732955 -0.0722712 -0.19256 -0.0973584 0.0821186 0.107642 13.3956 0.0444422 -0.402303 2.07123 -0.00785841 -0.0857908 -1.62137 -0.0688889 -1.36184 0.0160179 0.139688 0.279379 1.57804
391.732 0.0756725 0.438665 2.14178 2.79528 0.045383 -0.0667684 0.044432 0.46123 2.18328 2.83987 0.239132 -0.117198 -0.0312405 0.0225652 0.0414968 0.0445862 0.193749 -0.05043 0.0566317 11.8387 0.0456564 0.373461 2.0641 2.61921 -0.00340198 -0.00668428 -0.0300161 -0.0652042 -0.0776803 -0.176078 -0.048785 0.0600841 0.105768 11.0837 0.0422574 -0.400322 2.10567 -0.00653201 -0.0821527 -1.62187 -0.068629 -1.36424 0.0499277 0.0846486 0.258789 1.56996
392.031 0.0766001 0.429001 2.14446 2.78867 0.0181435 -0.0505152 0.0453917 0.463019 2.2234 2.91481 0.155878 -0.0814091 -0.0312084 0.0340184 0.0789354 0.126143 0.137734 -0.0308939 0.091444 10.9444 0.0499946 0.37244 2.06305 2.61921 -0.00293652 -0.00597658 -0.0266054 -0.0565609 -0.0814112 -0.169453 -0.02108 0.0445386 0.102639 10.1288 0.0408367 -0.398697 2.12855 -0.00492094 -0.0794225 -1.62251 -0.0674214 -1.36636 0.0732552 0.0500251 0.249415 1.56239
392.272 0.0766405 0.423893 2.14554 2.78817 0.00569878 -0.0429381 0.0453386 0.452873 2.22133 2.90743 0.162324 -0.0831516 -0.0313019 0.0289802 0.0757913 0.119255 0.156626 -0.0402135 0.0869712 11.6215 0.0521699 0.371908 2.06446 2.61928 -0.00270319 -0.00574916 -0.0244706 -0.0519852 -0.081079 -0.168897 -0.00840198 0.0371889 0.0993734 9.92313 0.0400982 -0.39787 2.13978 -0.00410103 -0.0780718 -1.62287 -0.0664796 -1.36762 0.0850983 0.0341202 0.247639 1.55895
392.617 0.0755098 0.415388 2.14685 2.79268 -0.0175264 -0.0301568 0.0444284 0.436709 2.18358 2.9853 0.252511 -0.0844748 -0.0310814 0.0213211 0.0367287 0.192628 0.270038 -0.054318 0.0526273 19.4455 0.0571332 0.371768 2.06611 2.61905 -0.00233055 -0.00538089 -0.0183765 -0.0436207 -0.0807467 -0.173626 0.0151959 0.024776 0.0935975 10.0722 0.0385034 -0.396307 2.1618 -0.00258896 -0.076326 -1.62357 -0.0638372 -1.37054 0.109134 0.00523309 0.250622 1.55392
392.941 0.0725761 0.408856 2.14696 2.80416 -0.0386317 -0.0218935 0.0444705 0.436961 2.21262 -3.14154 -0.000676447 -0.0321805 -0.0281055 0.0281049 0.0656638 -5.94571 0.0379552 -0.010287 0.0767564 19.4542 0.0604124 0.37325 2.0635 2.61887 -0.00207152 -0.00514585 -0.0121637 -0.0356062 -0.0834585 -0.185288 0.0365602 0.0167476 0.0915482 10.8436 0.0366892 -0.394956 2.18334 -0.00133024 -0.075691 -1.62415 -0.0601686 -1.37392 0.133622 -0.018872 0.261729 1.55233
393.243 0.0690277 0.404666 2.14663 2.81592 -0.0530717 -0.0190331 0.0405656 0.424827 2.1813 2.99112 0.255254 -0.0836775 -0.0284621 0.0201602 0.0346776 0.175195 0.308326 -0.0646444 0.0491839 20.8122 0.06235 0.373738 2.05955 2.61872 -0.00210234 -0.0047479 -0.00667775 -0.0309284 -0.0870721 -0.197197 0.0509694 0.0142852 0.0926429 11.6754 0.0351548 -0.394109 2.19945 -0.000643821 -0.0755515 -1.62444 -0.0567243 -1.37664 0.1523 -0.0337075 0.273551 1.55364
393.531 0.064362 0.400988 2.14612 2.82847 -0.0657942 -0.0190024 0.0367393 0.420854 2.18045 2.994 0.255155 -0.0831857 -0.0276228 0.0198658 0.034323 0.165533 0.320949 -0.0641832 0.0483294 21.1503 0.0637424 0.374162 2.05807 2.61869 -0.00200432 -0.00469802 -0.000619592 -0.0268258 -0.0880559 -0.209779 0.0637899 0.0143044 0.0920535 12.561 0.033462 -0.393409 2.21568 -0.000183282 -0.0755796 -1.62459 -0.0527263 -1.37941 0.171155 -0.045279 0.286298 1.55701
394.227 0.0506034 0.393682 2.14519 2.85591 -0.087215 -0.0271525 0.0247523 0.415443 2.19647 3.07863 0.118722 -0.0709204 -0.0258511 0.0217608 0.0512843 0.22272 0.205937 -0.0437679 0.0614157 17.5709 0.0614378 0.373155 2.0534 2.61865 -0.00201287 -0.00465202 0.0108344 -0.0205272 -0.0917816 -0.237259 0.0852021 0.0225005 0.0946711 14.4431 0.0289222 -0.392316 2.25412 0.000543072 -0.0757005 -1.62436 -0.0414261 -1.38572 0.21525 -0.060261 0.314198 1.57045
394.762 0.0319448 0.386866 2.14389 2.87781 -0.0931426 -0.0415004 0.00772429 0.411194 2.20923 3.14153 -0.00143865 -0.064294 -0.0242205 0.0243285 0.0653393 0.263719 0.091704 -0.0227936 0.0738088 15.9871 0.0552687 0.366915 2.04146 2.6187 -0.00265678 -0.00519354 0.0233239 -0.0199507 -0.102429 -0.259115 0.0904859 0.0363068 0.106929 15.7632 0.0237297 -0.391907 2.2929 0.000192188 -0.0756643 -1.62355 -0.0282044 -1.39166 0.25856 -0.0568937 0.335387 1.58612
395.049 0.0262283 0.385412 2.14402 2.88178 -0.0907016 -0.0459933 -0.00217602 0.403159 2.17782 2.9582 0.156975 -0.0936824 -0.0284044 0.0177461 0.0338019 0.0764161 0.247677 -0.0476891 0.0475847 15.1218 0.0538639 0.365934 2.03826 2.61871 -0.00291061 -0.0055668 0.0276355 -0.019478 -0.10576 -0.263074 0.087791 0.0404265 0.111033 15.9504 0.0221828 -0.391914 2.30396 2.2426e-05 -0.0756102 -1.62328 -0.0242948 -1.39323 0.270563 -0.0519339 0.339101 1.59016
395.373 0.0174517 0.383035 2.1438 2.88515 -0.0825833 -0.0531883 -0.0108579 0.402063 2.18609 3.10128 0.218275 -0.0891951 -0.0283096 0.0190277 0.0422825 0.216131 0.300858 -0.0360068 0.0543258 21.378 0.0511057 0.369423 2.03817 2.6188 -0.00329094 -0.0058341 0.033654 -0.0136124 -0.10563 -0.266349 0.0792923 0.0473542 0.111694 16.0363 0.0198543 -0.392035 2.3206 -0.00029881 -0.0754732 -1.62292 -0.01852 -1.39543 0.288236 -0.0403013 0.341881 1.59559
395.716 0.00570102 0.380518 2.14454 2.88487 -0.0640148 -0.0631158 -0.0212658 0.401375 2.1951 2.84137 0.083384 -0.0956227 -0.0269669 0.020857 0.0505643 -0.0434996 0.147399 -0.032507 0.0609834 8.99425 0.0467396 0.373543 2.03722 2.61883 -0.00361577 -0.0062825 0.0410386 -0.00697549 -0.107319 -0.266034 0.060399 0.0568333 0.115109 15.8563 0.0168053 -0.392423 2.34307 -0.000771181 -0.0750721 -1.62253 -0.0111812 -1.39806 0.311352 -0.0176096 0.340573 1.60129
396.628 -0.0173387 0.382001 2.14566 2.86894 0.00743519 -0.0893922 -0.0455809 0.40191 2.20732 2.97673 0.1458 -0.10867 -0.0282423 0.019909 0.0616616 0.10779 0.138365 -0.0192782 0.0706834 10.1583 0.0367629 0.388408 2.04058 2.61836 -0.0036867 -0.00665912 0.0541016 0.00640697 -0.105078 -0.250587 -0.0111219 0.0827331 0.118361 15.1377 0.0100344 -0.394615 2.40074 -0.000269762 -0.0765496 -1.62224 0.00398584 -1.4035 0.368606 0.0600016 0.325295 1.60817
396.954 -0.0254861 0.384861 2.14604 2.85841 0.0319178 -0.0978185 -0.0532728 0.403706 2.20648 2.98989 0.1449 -0.107531 -0.0277867 0.0188445 0.0604407 0.131482 0.112982 -0.0097128 0.0691397 9.98225 0.0307372 0.390327 2.04324 2.61828 -0.00397144 -0.00691661 0.0562233 0.00546628 -0.1028 -0.240129 -0.0358892 0.0909019 0.117298 14.9163 0.00780504 -0.39588 2.42441 -0.000360736 -0.0777445 -1.62239 0.00875449 -1.40517 0.391484 0.0862703 0.316035 1.60874
397.507 -0.0344726 0.392153 2.1465 2.83898 0.0527228 -0.106604 -0.0639402 0.403974 2.1723 2.90967 0.201705 -0.135303 -0.0294676 0.0118217 0.0257991 0.0706838 0.148983 -0.0286996 0.0409107 9.67601 0.0229673 0.392361 2.04546 2.61766 -0.00370764 -0.00702719 0.0574399 0.000208599 -0.101039 -0.221326 -0.0564305 0.0995767 0.116225 14.3936 0.00513559 -0.397963 2.46023 4.51254e-06 -0.0804771 -1.62289 0.014639 -1.40704 0.425503 0.108779 0.299582 1.60878
397.83 -0.0365133 0.396247 2.14659 2.8296 0.0563795 -0.109387 -0.0687211 0.415508 2.20769 2.99401 0.136371 -0.106604 -0.0322078 0.0192606 0.0610989 0.164412 0.0799917 0.00278269 0.0717034 10.461 0.0199999 0.393369 2.0446 2.61799 -0.00318673 -0.00655075 0.0565132 -0.00287788 -0.101995 -0.211605 -0.0595663 0.102836 0.116641 14.0348 0.00413008 -0.39898 2.47793 0.000831972 -0.0820023 -1.62322 0.0169477 -1.40777 0.44227 0.112539 0.291837 1.60885
398.145 -0.0368932 0.40095 2.14678 2.8191 0.0569004 -0.111644 -0.0711078 0.417571 2.19534 2.73684 0.0538507 -0.106526 -0.0342146 0.0166203 0.0485607 -0.0822575 -0.00304967 0.00511744 0.0616848 4.74153 0.0173846 0.394425 2.04381 2.61805 -0.00260988 -0.00619297 0.0542778 -0.00652509 -0.102974 -0.201048 -0.0595103 0.105451 0.116586 13.5804 0.00309487 -0.400184 2.50104 0.00245156 -0.0837103 -1.62369 0.0192117 -1.4086 0.464303 0.112459 0.28316 1.60892
398.426 -0.0359398 0.403101 2.14704 2.81288 0.0548082 -0.111915 -0.0711137 0.421447 2.19557 2.73423 0.0527766 -0.106418 -0.0351739 0.0183466 0.0485282 -0.0786469 -0.00203166 0.00549725 0.0626801 4.53544 0.0171795 0.391782 2.043 2.61825 -0.00237295 -0.00589351 0.0531193 -0.0113182 -0.104048 -0.194627 -0.0571812 0.106021 0.11737 13.243 0.00249554 -0.400912 2.51794 0.00383126 -0.0844364 -1.62402 0.0202991 -1.40911 0.480529 0.109274 0.277737 1.60857
398.746 -0.0344461 0.404657 2.1473 2.80673 0.0512604 -0.110588 -0.0694281 0.429214 2.23505 2.85318 0.0360487 -0.104872 -0.034982 0.0245572 0.0877491 0.04645 -0.0152117 0.00571642 0.0976048 2.80603 0.0165466 0.385595 2.04148 2.61837 -0.00241238 -0.00560746 0.0509926 -0.0190624 -0.105823 -0.188361 -0.0536728 0.104981 0.119005 12.8506 0.00183788 -0.401599 2.53971 0.0052422 -0.0850006 -1.62442 0.0208305 -1.40971 0.501683 0.103879 0.272252 1.60713
399.144 -0.0334666 0.405736 2.14764 2.80265 0.0488582 -0.108366 -0.06832 0.42406 2.19344 2.82148 0.148547 -0.142979 -0.0348533 0.0183243 0.0458024 0.018833 0.0996889 -0.034613 0.0604019 6.17565 0.0154366 0.380932 2.04201 2.61831 -0.00241974 -0.00563719 0.0489032 -0.0248037 -0.105631 -0.184337 -0.0512779 0.102729 0.119015 12.5532 0.00139893 -0.401888 2.55557 0.00586921 -0.0854156 -1.62468 0.0205629 -1.41006 0.517176 0.0997868 0.268683 1.60496
399.699 -0.0316132 0.408 2.14807 2.79437 0.0487417 -0.102564 -0.0653433 0.425133 2.19482 2.73058 0.057307 -0.107535 -0.0337301 0.0171335 0.0467443 -0.0637901 0.00856526 -0.00497117 0.0601357 3.68376 0.0153434 0.376906 2.04946 2.61792 -0.00267104 -0.00573682 0.0469566 -0.0310941 -0.0986112 -0.176454 -0.0514128 0.0968274 0.11356 12.006 0.000564567 -0.401846 2.58637 0.00629171 -0.086617 -1.62516 0.0183097 -1.41057 0.547492 0.0957061 0.261926 1.59799
400.007 -0.030364 0.409339 2.14825 2.7887 0.051968 -0.100028 -0.0649335 0.431461 2.2104 2.98915 0.130519 -0.106437 -0.0345694 0.022122 0.0621522 0.200455 0.0785511 -0.00640871 0.0744804 12.3694 0.0130633 0.374172 2.05401 2.61783 -0.00252642 -0.0054783 0.0434274 -0.0351668 -0.094239 -0.170869 -0.0544944 0.0945502 0.109561 11.7244 0.000154059 -0.401491 2.60163 0.00630993 -0.0874572 -1.62538 0.016375 -1.41068 0.562469 0.0968481 0.257317 1.59362
400.319 -0.0286342 0.411083 2.14876 2.78166 0.056975 -0.0981107 -0.0634351 0.429042 2.19522 2.72671 0.0558951 -0.10722 -0.0348009 0.0179589 0.0464611 -0.0549462 -0.0010799 -0.00910916 0.060764 3.16261 0.0114795 0.373697 2.0592 2.61797 -0.00220068 -0.00511803 0.0401137 -0.0373859 -0.0895576 -0.163688 -0.0591757 0.0929927 0.105011 11.4229 -0.000255109 -0.40089 2.61689 0.00636831 -0.0884579 -1.62556 0.0140046 -1.41071 0.577405 0.0997919 0.251565 1.58908
400.622 -0.0258241 0.412433 2.14975 2.77088 0.0647075 -0.096326 -0.0617219 0.433974 2.21039 2.75897 -0.0769892 -0.0496305 -0.0358978 0.021541 0.060635 -0.0119099 -0.141697 0.0466954 0.0736836 8.57322 0.00873566 0.372742 2.06551 2.61769 -0.00212747 -0.00502975 0.0345598 -0.0396907 -0.0842385 -0.153182 -0.066835 0.0912962 0.099327 11.038 -0.000806508 -0.399671 2.63705 0.00646023 -0.0895014 -1.62572 0.0103814 -1.41062 0.597104 0.104997 0.242179 1.5832
401.604 -0.0207798 0.409449 2.15356 2.73803 0.0746552 -0.090895 -0.0550977 0.43036 2.20182 2.73066 0.145694 -0.126262 -0.0343179 0.0209104 0.0482601 -0.00736409 0.0710384 -0.0353666 0.0628013 4.54545 -0.00403385 0.353607 2.07049 2.61802 -0.00264 -0.00537342 0.0167459 -0.0558424 -0.0830752 -0.12001 -0.0772952 0.0855215 0.10149 9.65742 -0.0024211 -0.393849 2.68742 0.00495666 -0.0905538 -1.62564 5.25547e-05 -1.41016 0.646738 0.110895 0.21108 1.5709
401.925 -0.0197458 0.40762 2.15494 2.7277 0.0723965 -0.0886128 -0.0558638 0.435781 2.2388 2.83737 0.0531375 -0.0757471 -0.036118 0.0281604 0.083857 0.109666 -0.019259 0.0128656 0.0955485 6.37646 -0.00742782 0.351146 2.07342 2.61808 -0.00258136 -0.00528264 0.012318 -0.0564741 -0.0815225 -0.109619 -0.0749779 0.0833301 0.0999349 9.09613 -0.00284209 -0.391704 2.69933 0.00448971 -0.0905894 -1.62555 -0.002333 -1.40996 0.658503 0.107904 0.200792 1.56867
402.217 -0.0184079 0.405438 2.15646 2.71622 0.0685027 -0.0859195 -0.0521334 0.427161 2.20596 2.62427 0.0378448 -0.0718007 -0.0337255 0.0217224 0.0495046 -0.0919475 -0.0306579 0.0141188 0.0637179 5.65194 -0.00991311 0.347971 2.07797 2.61807 -0.00260864 -0.00543686 0.00849483 -0.0574673 -0.0784858 -0.0981445 -0.0711113 0.0804827 0.0976457 8.43536 -0.00322586 -0.389367 2.71054 0.00427131 -0.09051 -1.62544 -0.00439314 -1.40968 0.669485 0.103064 0.189204 1.56668
402.49 -0.0172001 0.403685 2.15807 2.70375 0.0640892 -0.0830257 -0.0518256 0.429396 2.23183 2.72829 0.0705428 -0.0946771 -0.0346255 0.0257111 0.0737609 0.0245465 0.00645364 -0.0116514 0.0854439 1.63901 -0.0129092 0.346476 2.08265 2.61803 -0.00274441 -0.00557253 0.00429087 -0.0572088 -0.0754235 -0.0857193 -0.0668336 0.0774531 0.0947627 7.73223 -0.0035696 -0.386871 2.72111 0.004114 -0.0906343 -1.62532 -0.00614183 -1.40934 0.679806 0.0976351 0.1768 1.56474
402.865 -0.0160951 0.402141 2.16037 2.68673 0.0595894 -0.079482 -0.0517981 0.427135 2.23022 2.72607 0.0766387 -0.0968328 -0.035703 0.0249936 0.0698515 0.0393377 0.0170493 -0.0173508 0.0823323 2.70689 -0.0148063 0.344086 2.08625 2.61784 -0.00295621 -0.00576327 0.00128882 -0.0580552 -0.0741231 -0.0688918 -0.0625456 0.0737187 0.0941611 6.86941 -0.00396295 -0.383338 2.73432 0.00388258 -0.0911347 -1.62518 -0.0080459 -1.40881 0.692709 0.0917074 0.15987 1.56192
403.199 -0.0156322 0.400925 2.16152 2.67346 0.058185 -0.0772269 -0.049785 0.42337 2.22628 2.65253 0.103625 -0.0850884 -0.0341528 0.0224444 0.0647553 -0.0209352 0.0454402 -0.00786148 0.0765729 2.88663 -0.014637 0.341609 2.08937 2.61786 -0.00311328 -0.00592215 0.000995215 -0.0593168 -0.0721533 -0.0555976 -0.0612983 0.0713048 0.0934108 6.31485 -0.00420421 -0.380554 2.74352 0.00365101 -0.091675 -1.6251 -0.00919179 -1.40836 0.701792 0.0894101 0.147554 1.55945
403.481 -0.015575 0.400168 2.16259 2.66536 0.0586276 -0.076153 -0.049785 0.42337 2.22628 2.65253 0.103625 -0.0850884 -0.03421 0.0232017 0.0636896 -0.0128311 0.0449976 -0.00893542 0.0759277 2.71815 -0.0139619 0.341808 2.09177 2.61783 -0.00328471 -0.0060297 0.0016131 -0.0583603 -0.0708209 -0.0475248 -0.0619123 0.0701233 0.0917831 6.061 -0.00433544 -0.378639 2.74932 0.00346146 -0.0919957 -1.62505 -0.00984049 -1.40805 0.707578 0.0892527 0.139752 1.55759
404.144 -0.0166473 0.393272 2.16591 2.64242 0.0687071 -0.0749336 -0.0497786 0.415524 2.2259 2.65737 0.105017 -0.0849858 -0.0331313 0.0222516 0.0599838 0.0149443 0.0363097 -0.0100522 0.0720477 2.34051 -0.0151025 0.338416 2.10302 2.61824 -0.00368248 -0.00639707 0.00154478 -0.0548562 -0.0628971 -0.0241873 -0.0723896 0.0685365 0.0834724 5.90671 -0.00454166 -0.371641 2.76752 0.00249853 -0.0915416 -1.62494 -0.0114948 -1.40692 0.726404 0.0975125 0.116981 1.54978
404.436 -0.0167934 0.389713 2.16707 2.63627 0.0766924 -0.0759244 -0.0497754 0.411602 2.22571 2.65978 0.10571 -0.0849301 -0.032982 0.0218885 0.0586312 0.0235054 0.0290177 -0.00900573 0.0707427 2.2295 -0.0146341 0.337282 2.10734 2.61816 -0.0035853 -0.00642178 0.00215933 -0.0524312 -0.0597373 -0.0181156 -0.0802777 0.0695026 0.0795125 6.19549 -0.00447296 -0.368576 2.77438 0.00234492 -0.0911901 -1.62493 -0.011971 -1.40653 0.733981 0.104721 0.11088 1.54619
404.734 -0.0168334 0.385251 2.16816 2.6321 0.0898673 -0.0788326 -0.0497722 0.407681 2.22552 2.66219 0.106403 -0.0848718 -0.0329388 0.0224297 0.0573504 0.030088 0.0165353 -0.00603919 0.0698364 2.02642 -0.0145526 0.336688 2.11164 2.61816 -0.00347514 -0.00638951 0.00228078 -0.0485632 -0.0565229 -0.0139367 -0.0933424 0.0724431 0.0745548 6.83679 -0.00421296 -0.364508 2.78271 0.00222191 -0.0909817 -1.62491 -0.0125097 -1.40617 0.743779 0.117293 0.107188 1.5419
405.032 -0.0163614 0.38136 2.16893 2.63237 0.100565 -0.0819343 -0.0497689 0.40376 2.22532 2.66459 0.107094 -0.0848112 -0.0334076 0.0223995 0.0563911 0.0322179 0.0065293 -0.00287691 0.0692658 1.90721 -0.0133816 0.336301 2.11379 2.61815 -0.00340394 -0.00633609 0.00297979 -0.0450589 -0.0551474 -0.0142194 -0.103969 0.0755982 0.0712771 7.4321 -0.00388898 -0.361499 2.78836 0.00233148 -0.0906524 -1.62488 -0.0128786 -1.40608 0.750921 0.127961 0.107757 1.53945
405.357 -0.0155307 0.376365 2.1692 2.63658 0.114751 -0.0867795 -0.0497657 0.39984 2.22513 2.66698 0.107784 -0.084748 -0.034235 0.0234749 0.0559299 0.0303963 -0.00696616 0.00203147 0.069651 1.77784 -0.0107239 0.335244 2.11924 2.61793 -0.00319631 -0.00611524 0.00480682 -0.0411209 -0.0499662 -0.0186528 -0.117947 0.0806642 0.0648896 8.28826 -0.00329699 -0.357583 2.7952 0.00248723 -0.0905238 -1.6248 -0.013363 -1.40622 0.760228 0.142116 0.112656 1.53753
405.905 -0.0133884 0.370468 2.16902 2.64804 0.132356 -0.0940095 -0.0471219 0.393604 2.23369 2.67932 0.177222 -0.0978669 -0.0337336 0.0231359 0.064671 0.0312775 0.0448655 -0.00385742 0.0765216 3.16075 -0.00401034 0.33261 2.1246 2.61785 -0.00329536 -0.00618489 0.00937801 -0.0378578 -0.0444188 -0.0301948 -0.135651 0.0878246 0.0591116 9.47627 -0.00211065 -0.351951 2.80441 0.00284601 -0.0912627 -1.62461 -0.0142744 -1.40707 0.773886 0.160635 0.12593 1.53747
406.221 -0.0122531 0.366706 2.16905 2.65577 0.138449 -0.0965431 -0.0458649 0.388022 2.22421 2.67339 0.112207 -0.0849669 -0.0336118 0.0213167 0.0551635 0.0176221 -0.0262422 0.0115761 0.0680233 1.88492 2.64211e-05 0.330164 2.12886 2.61791 -0.00344206 -0.00629188 0.0122795 -0.0365415 -0.0401859 -0.0378601 -0.141891 0.0902512 0.0556864 9.94969 -0.00140966 -0.349227 2.80859 0.00289347 -0.0913582 -1.62449 -0.014875 -1.40782 0.780587 0.167405 0.134345 1.5383
406.52 -0.011037 0.360568 2.16872 2.66902 0.143694 -0.0982197 -0.0458621 0.384106 2.22402 2.67576 0.112885 -0.0848878 -0.0348251 0.0235382 0.0552999 0.00674302 -0.0308088 0.0133319 0.0694616 1.94239 0.00589288 0.325021 2.13428 2.61789 -0.00363027 -0.00631302 0.0169299 -0.035547 -0.0344459 -0.0511299 -0.147324 0.0919067 0.0523138 10.4715 -0.000384676 -0.345681 2.81368 0.00262864 -0.0913014 -1.62434 -0.0158955 -1.40927 0.789411 0.173165 0.147664 1.53982
406.834 -0.00979163 0.355662 2.1683 2.68114 0.14555 -0.0980871 -0.0448829 0.386879 2.26844 2.68573 0.17633 -0.113977 -0.0350912 0.0312163 0.100144 0.00459641 0.0307805 -0.0158895 0.11061 2.0212 0.00916102 0.322058 2.13578 2.6178 -0.00361857 -0.00638842 0.0189527 -0.0336049 -0.032521 -0.0633361 -0.149168 0.0916987 0.050459 10.7908 0.000450676 -0.343088 2.81706 0.00243997 -0.0913557 -1.62426 -0.0168709 -1.41079 0.795964 0.17508 0.159612 1.54107
407.219 -0.00807215 0.351234 2.16785 2.69412 0.145668 -0.0967916 -0.0419651 0.372304 2.22312 2.68213 0.117243 -0.0850397 -0.0338929 0.0210695 0.0552734 -0.0119933 -0.0284244 0.0117519 0.0681748 1.92336 0.0140086 0.320068 2.13832 2.61762 -0.00364398 -0.00636439 0.0220808 -0.0311664 -0.0295269 -0.0764999 -0.149312 0.0904272 0.0482778 11.0621 0.00134168 -0.340547 2.82004 0.00236962 -0.0917603 -1.62421 -0.0180389 -1.41273 0.802447 0.174867 0.173014 1.54219
407.513 -0.00597071 0.346818 2.16738 2.70764 0.143996 -0.0942501 -0.0409377 0.376127 2.2688 2.76109 0.186073 -0.0986082 -0.034967 0.0293096 0.101412 0.0534446 0.0420775 -0.00435814 0.111203 3.93711 0.018504 0.317553 2.14015 2.61763 -0.00361959 -0.00634976 0.0244747 -0.0292646 -0.0272295 -0.0900124 -0.147615 0.0879003 0.0468708 11.2708 0.0022822 -0.338042 2.82266 0.00238109 -0.0923407 -1.6242 -0.0193805 -1.41508 0.808844 0.172296 0.187207 1.54296
407.861 -0.00210812 0.339203 2.16665 2.72702 0.138617 -0.0885989 -0.037326 0.36481 2.22998 2.76413 0.181021 -0.112762 -0.0352178 0.0256076 0.0633308 0.037112 0.0424045 -0.0241627 0.076856 3.64368 0.023237 0.31265 2.14191 2.61768 -0.00349814 -0.00634919 0.0253451 -0.0265525 -0.0247423 -0.109344 -0.142115 0.0822497 0.0442672 11.4727 0.00359484 -0.334724 2.8257 0.00273002 -0.0928293 -1.62426 -0.0213816 -1.41882 0.817225 0.164941 0.205934 1.54313
408.425 0.00582724 0.324023 2.16646 2.75481 0.120082 -0.0743483 -0.0302986 0.34869 2.22108 2.69408 0.128103 -0.0855636 -0.0361258 0.0246668 0.0546172 -0.0607261 0.00802109 -0.0112153 0.0699754 3.48942 0.0313923 0.298011 2.14214 2.61758 -0.00327839 -0.00629082 0.0255651 -0.0260119 -0.0243166 -0.137227 -0.12336 0.0680575 0.0438348 11.4211 0.00589648 -0.328913 2.83014 0.00383609 -0.0933546 -1.62456 -0.0251021 -1.4268 0.83125 0.140851 0.23301 1.54088
408.773 0.00878653 0.317346 2.16683 2.76298 0.108285 -0.0670479 -0.0264147 0.340832 2.22043 2.69805 0.131656 -0.0856794 -0.0352013 0.0234863 0.0536001 -0.0649268 0.0233714 -0.0186315 0.0682913 3.97739 0.0350338 0.291501 2.14097 2.61758 -0.00342084 -0.00618522 0.0262473 -0.0258455 -0.0258518 -0.145403 -0.111706 0.0608627 0.0450025 11.2013 0.00680766 -0.32642 2.83171 0.00421219 -0.0935701 -1.62474 -0.0265632 -1.43066 0.836834 0.125872 0.241112 1.53921
409.101 0.0118196 0.307882 2.16739 2.77139 0.087892 -0.0558922 -0.0225333 0.332982 2.21979 2.70202 0.135176 -0.0857663 -0.0343529 0.0251 0.0524039 -0.0693633 0.0472845 -0.0298741 0.0675004 4.95424 0.0399898 0.282628 2.13861 2.61752 -0.00356865 -0.00620235 0.0281702 -0.0252545 -0.0287767 -0.153863 -0.0914606 0.0496899 0.0475337 10.7389 0.00789192 -0.323102 2.8334 0.0043886 -0.0939531 -1.62502 -0.0282185 -1.43611 0.843768 0.102621 0.248845 1.53688
409.342 0.0134992 0.300781 2.168 2.7757 0.0710532 -0.0476505 -0.0205817 0.324985 2.21814 2.70515 0.137325 -0.0857367 -0.034081 0.024204 0.0501321 -0.0705405 0.0662717 -0.0380861 0.0652731 5.80259 0.0416671 0.276479 2.13312 2.61747 -0.00352792 -0.00619154 0.0281678 -0.024302 -0.0348869 -0.15823 -0.0745811 0.041459 0.0510011 10.368 0.00859091 -0.320624 2.8343 0.00442957 -0.0942585 -1.62524 -0.0291703 -1.44039 0.848542 0.0837485 0.252896 1.53537
409.627 0.0152339 0.293523 2.16878 2.77842 0.0538474 -0.039949 -0.0187326 0.319395 2.24647 2.76233 0.046342 -0.0393621 -0.0339665 0.0258723 0.0776951 -0.0160899 -0.00750531 0.000586884 0.0886546 1.01914 0.0426976 0.271864 2.12736 2.61756 -0.00338197 -0.00605773 0.0274637 -0.0216586 -0.041419 -0.160858 -0.0572293 0.0338913 0.0542115 10.0169 0.00918334 -0.318162 2.83486 0.00469799 -0.0944682 -1.62545 -0.02981 -1.44472 0.852893 0.0644404 0.25542 1.53421
410.055 0.0171929 0.283867 2.17005 2.77903 0.0322058 -0.031266 -0.017466 0.305476 2.20347 2.69593 0.0843521 -0.0439672 -0.0346589 0.0216089 0.0334225 -0.0830978 0.0521463 -0.0127012 0.0527755 5.63165 0.0446488 0.264973 2.11959 2.61752 -0.00333184 -0.00601811 0.0274559 -0.0188948 -0.0504631 -0.161516 -0.0355377 0.0252479 0.0604762 9.60476 0.00978129 -0.314928 2.83519 0.00520601 -0.0946256 -1.62567 -0.0301789 -1.45037 0.857926 0.0405007 0.255851 1.53347
410.292 0.0175969 0.279316 2.17075 2.77794 0.0225843 -0.0278155 -0.0148106 0.303655 2.2461 2.77233 0.0505512 -0.0396091 -0.0324075 0.0243389 0.0753487 -0.00560789 0.0279668 -0.0117936 0.0855573 1.76392 0.0446746 0.261092 2.11657 2.6175 -0.00335189 -0.00598781 0.0270777 -0.018224 -0.0541853 -0.160442 -0.0259362 0.0218277 0.0632563 9.40694 0.00998586 -0.313344 2.8352 0.00532194 -0.0947199 -1.62575 -0.0301647 -1.45306 0.860092 0.0302039 0.254757 1.53353
410.559 0.0177505 0.273007 2.1719 2.77452 0.0105962 -0.0240981 -0.014811 0.295798 2.246 2.7775 0.0513431 -0.0395365 -0.0325615 0.0227919 0.0740943 0.00297428 0.0407469 -0.0154384 0.0840814 2.50421 0.0446175 0.256185 2.11345 2.61746 -0.00337007 -0.00591761 0.026867 -0.016822 -0.0584508 -0.157067 -0.0139663 0.0181805 0.0664929 9.09816 0.0101661 -0.311025 2.8351 0.00544859 -0.0949067 -1.62581 -0.0299113 -1.45682 0.862889 0.0177398 0.251449 1.53421
410.932 0.0168309 0.266394 2.17353 2.76634 -0.000864411 -0.0215703 -0.0148115 0.287942 2.24589 2.78263 0.0521329 -0.0394582 -0.0316423 0.021548 0.0723601 0.0162942 0.0529973 -0.0178879 0.0818629 3.34527 0.0427998 0.252856 2.11235 2.61738 -0.00341004 -0.00583505 0.0259689 -0.013538 -0.061185 -0.148959 -0.00254563 0.0157352 0.0678327 8.58142 0.0101642 -0.308071 2.83497 0.00540267 -0.0954356 -1.62576 -0.0290893 -1.46108 0.865835 0.00655548 0.243682 1.53603
411.213 0.0154508 0.262344 2.1748 2.75824 -0.00670003 -0.0211132 -0.0148117 0.284014 2.24584 2.78518 0.0525274 -0.0394171 -0.0302625 0.0216703 0.0710454 0.0269489 0.0592274 -0.0183039 0.0802052 3.88242 0.040602 0.252282 2.11195 2.61749 -0.00336306 -0.00578415 0.0251512 -0.0100624 -0.0628448 -0.140749 0.00333697 0.015329 0.0684346 8.10976 0.00998722 -0.305976 2.835 0.00530158 -0.0958278 -1.62564 -0.0280555 -1.46358 0.867567 0.00156875 0.236039 1.53791
411.84 0.0123097 0.255112 2.17701 2.7444 -0.0126519 -0.0225914 -0.0187237 0.274429 2.24876 2.68039 0.0277048 -0.036162 -0.0310334 0.0193166 0.0717411 -0.0640071 0.0403566 -0.0135707 0.080517 4.39953 0.0393155 0.249253 2.11359 2.6176 -0.0031778 -0.00568531 0.0270058 -0.00585909 -0.0634194 -0.126793 0.00947406 0.016906 0.0691785 7.34136 0.00921685 -0.302133 2.8354 0.00557063 -0.0957841 -1.62518 -0.0247714 -1.46667 0.870283 -0.00284662 0.221956 1.54214
412.14 0.0100737 0.252928 2.17761 2.7408 -0.0144824 -0.023573 -0.0226061 0.271827 2.25104 2.73921 -0.0155953 -0.0150508 -0.0326798 0.0188992 0.0734371 -0.00159695 -0.00111288 0.00852223 0.0825721 0.499677 0.0370937 0.249799 2.11471 2.61756 -0.00322107 -0.00566679 0.02702 -0.00312833 -0.0628985 -0.123245 0.0112613 0.0179063 0.0685281 7.15558 0.00862979 -0.300404 2.83567 0.00574485 -0.0958706 -1.62489 -0.0224725 -1.46726 0.871443 -0.00396513 0.218539 1.54408
412.449 0.0052745 0.251009 2.17744 2.7439 -0.0169569 -0.0252077 -0.0242403 0.267946 2.23535 2.7176 -0.130528 -0.000146374 -0.0295148 0.0169373 0.057913 -0.0263015 -0.113571 0.0250614 0.0671708 6.80821 0.0355602 0.254501 2.11908 2.6176 -0.0031916 -0.00564228 0.0302857 0.00349203 -0.0583573 -0.126299 0.0137653 0.0195654 0.0658407 7.35375 0.00736402 -0.297786 2.83608 0.00612897 -0.096068 -1.62439 -0.017739 -1.46687 0.873347 -0.00539729 0.221929 1.54697
412.744 0.00210255 0.250701 2.17669 2.75188 -0.0178881 -0.0263766 -0.0282868 0.267961 2.24282 2.79453 -0.0986654 -0.0210324 -0.0303893 0.0172597 0.0661358 0.0426513 -0.0807773 0.00534416 0.0748021 5.25069 0.0352316 0.257492 2.12003 2.61759 -0.00313034 -0.00566585 0.033129 0.00679117 -0.0566504 -0.134288 0.0147578 0.0207108 0.0659767 7.81846 0.00644061 -0.296336 2.83633 0.00643113 -0.0961818 -1.6241 -0.0144594 -1.46587 0.874629 -0.00580045 0.230234 1.54868
413.638 -0.0114692 0.249573 2.17078 2.81142 -0.0211887 -0.0323204 -0.0400292 0.26793 2.24257 2.79421 -0.106308 -0.0201331 -0.02856 0.018357 0.0717943 -0.0172077 -0.0851198 0.0121874 0.079417 5.01556 0.0320264 0.268257 2.12149 2.61791 -0.00321892 -0.00548807 0.0434956 0.0186841 -0.0492832 -0.193515 0.0179698 0.0268324 0.0683359 11.2219 0.0025297 -0.291664 2.83744 0.00720822 -0.0949962 -1.62321 -0.00203032 -1.45893 0.880379 -0.00594233 0.288331 1.55599
413.905 -0.0169574 0.249252 2.1684 2.83491 -0.0242291 -0.0338894 -0.0462062 0.268477 2.24705 2.79884 0.0340462 -0.0368305 -0.0292488 0.0192251 0.0786446 -0.0360682 0.0582753 -0.00294111 0.0860817 3.92974 0.0298307 0.27259 2.12529 2.61786 -0.00318459 -0.00541342 0.0467881 0.0233373 -0.0431125 -0.217054 0.0210445 0.028476 0.0677676 12.5779 0.00113739 -0.290187 2.83816 0.00697123 -0.094311 -1.623 0.00199158 -1.45592 0.882661 -0.00741328 0.311103 1.55864
414.23 -0.0238888 0.249522 2.16515 2.86586 -0.0302989 -0.0356218 -0.05177 0.267905 2.24237 2.79398 -0.113965 -0.0192332 -0.0278813 0.0183836 0.0772139 -0.0718803 -0.0836664 0.0163886 0.0841267 6.34465 0.0286399 0.277934 2.12744 2.61777 -0.00311804 -0.00537906 0.0525287 0.0284124 -0.0377155 -0.248091 0.0271809 0.0302427 0.0706327 14.3746 -0.000812457 -0.28809 2.83987 0.0069186 -0.0934913 -1.62277 0.00745278 -1.45136 0.886256 -0.0116609 0.341213 1.56215
414.533 -0.028917 0.250175 2.16294 2.88652 -0.0358511 -0.0366367 -0.0579987 0.264496 2.21449 2.74417 -0.045667 -0.0268177 -0.0290817 0.0143216 0.051555 -0.142344 -0.00981587 0.00981907 0.0608996 8.17154 0.0281213 0.280936 2.12858 2.61786 -0.00307608 -0.00527735 0.0570383 0.0307616 -0.0343538 -0.268662 0.0327751 0.0313594 0.0733473 15.5752 -0.00231816 -0.286391 2.84188 0.00693839 -0.0929429 -1.62263 0.0115134 -1.44756 0.889354 -0.0160793 0.361602 1.5646
414.829 -0.0338999 0.250896 2.16092 2.90465 -0.0421672 -0.0373257 -0.0637329 0.269684 2.24771 2.90343 -0.0747397 -0.0397582 -0.0298329 0.0187878 0.0867886 -0.00122249 -0.0325725 -0.00243251 0.0936763 1.87304 0.0265808 0.285163 2.12906 2.61773 -0.00310628 -0.00518784 0.0604808 0.0342669 -0.0318614 -0.286925 0.0390609 0.0321379 0.0764676 16.6503 -0.00384183 -0.284563 2.84452 0.00697025 -0.0923228 -1.62253 0.0154746 -1.44352 0.892742 -0.0214016 0.379117 1.56668
415.122 -0.0390408 0.251551 2.15911 2.91991 -0.0493554 -0.0374643 -0.0695404 0.266572 2.2138 2.90341 -0.0696346 -0.0239112 -0.0304997 0.015021 0.0546826 -0.0165026 -0.0202792 0.0135532 0.0643898 1.6613 0.0247193 0.287168 2.13095 2.61787 -0.00317148 -0.00513585 0.0637601 0.0356168 -0.0281666 -0.302038 0.0461839 0.0323285 0.0782769 17.5542 -0.00536713 -0.282591 2.84771 0.00689834 -0.0916168 -1.62247 0.0192967 -1.43934 0.896373 -0.0276741 0.393438 1.56823
416.012 -0.0562388 0.251068 2.15561 2.94999 -0.080387 -0.0324227 -0.0869117 0.266528 2.21341 2.90587 -0.0841995 -0.0223225 -0.0306729 0.0154599 0.0577965 -0.0441211 -0.00381254 0.0101002 0.067233 2.55589 0.0177009 0.290414 2.13967 2.61781 -0.00324827 -0.0050744 0.0739397 0.0393454 -0.0159456 -0.332178 0.0771387 0.0273483 0.0852608 19.5326 -0.0101498 -0.275004 2.86091 0.00595641 -0.0885271 -1.62261 0.0309819 -1.42565 0.909666 -0.0584175 0.420831 1.56846
416.303 -0.0624569 0.250804 2.15479 2.9544 -0.0977666 -0.0276973 -0.0927207 0.266572 2.2138 2.90388 -0.0902733 -0.0214592 -0.0302638 0.0157683 0.0590013 -0.0505216 0.00749336 0.00623813 0.0681593 2.91497 0.0156583 0.292167 2.14254 2.6178 -0.00338172 -0.00498475 0.0781152 0.0413638 -0.0122546 -0.336603 0.0943849 0.0227126 0.0892363 20.0013 -0.0117739 -0.27163 2.86675 0.00570028 -0.0876272 -1.62282 0.0353679 -1.42077 0.915312 -0.0766417 0.424554 1.56651
416.95 -0.0704741 0.2497 2.15431 2.95614 -0.121657 -0.0204843 -0.104311 0.266572 2.2138 2.90409 -0.100586 -0.0202359 -0.0338368 0.0168722 0.059486 -0.052048 0.021071 0.000248397 0.0704853 3.21577 0.0106685 0.291126 2.14123 2.6178 -0.00348578 -0.00498942 0.0811426 0.0414264 -0.01308 -0.338347 0.118171 0.0154949 0.09204 20.49 -0.0134444 -0.267224 2.87395 0.00499999 -0.0866734 -1.62318 0.0416927 -1.41463 0.923939 -0.107186 0.425841 1.56259
418.166 -0.0818668 0.243174 2.15503 2.9495 -0.174506 -0.0046744 -0.116589 0.258677 2.21238 2.90827 -0.246255 -0.0039197 -0.034722 0.0155029 0.0573465 -0.041233 -0.0717493 0.00075471 0.0688083 4.7369 -0.00603911 0.2777 2.13568 2.61721 -0.00308157 -0.0054831 0.0758277 0.0345259 -0.019356 -0.332293 0.171424 -0.000808691 0.0855367 21.4061 -0.0152684 -0.254448 2.88848 0.00684454 -0.0856985 -1.62432 0.0541559 -1.40725 0.939597 -0.161361 0.419899 1.55612
418.456 -0.0833454 0.242152 2.15532 2.94568 -0.18044 -0.00252887 -0.119217 0.260405 2.22473 3.08857 -0.215636 -0.00763886 -0.0358719 0.0182526 0.0694141 0.14289 -0.0351954 -0.00510999 0.0802388 8.38024 -0.00706566 0.275892 2.13623 2.61718 -0.00313958 -0.00530041 0.0762797 0.0337395 -0.0190889 -0.328501 0.177301 -0.00277154 0.0855648 21.3799 -0.0151428 -0.251715 2.89021 0.00742862 -0.0862719 -1.62451 0.0567141 -1.40671 0.942316 -0.168089 0.417022 1.55537
418.817 -0.0864942 0.239302 2.15596 2.94028 -0.18596 0.000288602 -0.119764 0.258845 2.2138 2.91128 -0.1142 -0.0190234 -0.0332701 0.0195437 0.0578349 -0.0290031 0.0717604 -0.019312 0.069525 4.63024 -0.00810693 0.273853 2.13686 2.61729 -0.0033903 -0.00486848 0.0783873 0.0345513 -0.0191052 -0.322991 0.18257 -0.00515708 0.0877688 21.2618 -0.014738 -0.248066 2.89192 0.0073921 -0.0866899 -1.62469 0.0599644 -1.40661 0.945596 -0.17433 0.412351 1.55437
420.39 -0.0983546 0.218709 2.15934 2.91714 -0.221012 0.0269816 -0.133976 0.237457 2.21258 2.91515 -0.253962 0.0277867 -0.0356218 0.0187476 0.0532459 -0.0019843 -0.0329499 0.000805053 0.0667496 1.89114 -0.00327749 0.265921 2.14593 2.6172 -0.00323153 -0.00499003 0.0950771 0.0472116 -0.0134009 -0.299935 0.21778 -0.0319717 0.106996 21.4529 -0.00867343 -0.232751 2.8939 0.00606869 -0.0884104 -1.6251 0.0746436 -1.41338 0.958534 -0.218735 0.393081 1.53885
420.663 -0.0975343 0.215875 2.15988 2.91447 -0.224809 0.0311236 -0.133963 0.233573 2.21238 2.91773 -0.254473 0.0273904 -0.036429 0.0176978 0.0524981 0.00325921 -0.0296635 -0.00373317 0.0663049 1.7176 -0.000604512 0.264373 2.14635 2.61715 -0.00316095 -0.00516411 0.0969298 0.0484979 -0.0135355 -0.297323 0.221648 -0.0362877 0.109227 21.509 -0.00738285 -0.231 2.89388 0.00673538 -0.088688 -1.62516 0.0763758 -1.41478 0.96014 -0.225209 0.390964 1.5357
420.964 -0.095774 0.21163 2.1608 2.90946 -0.22881 0.0373052 -0.134592 0.232821 2.2515 2.93804 -0.107678 0.0271012 -0.0388176 0.0211911 0.0907039 0.028576 0.121132 -0.010204 0.100911 7.13207 0.00260529 0.261961 2.14857 2.61726 -0.0034197 -0.00532925 0.0983792 0.0503304 -0.0122314 -0.292197 0.22539 -0.0426344 0.111181 21.477 -0.00525195 -0.228408 2.8939 0.00789239 -0.0891449 -1.62526 0.078801 -1.41698 0.96251 -0.233268 0.386809 1.53095
421.245 -0.0926976 0.205898 2.1623 2.90096 -0.22945 0.0444578 -0.130256 0.223058 2.21476 2.82842 -0.243809 0.0421911 -0.0375584 0.0171596 0.0524619 -0.0725339 -0.0143587 -0.00226675 0.0667632 4.2682 0.00848178 0.260624 2.15233 2.61732 -0.00356757 -0.00555736 0.101179 0.0547253 -0.0099676 -0.283642 0.225882 -0.0500152 0.115462 21.2004 -0.00211538 -0.225027 2.89407 0.00941642 -0.0896922 -1.62541 0.0815182 -1.41999 0.965548 -0.239109 0.379136 1.52512
421.555 -0.0889013 0.199782 2.16395 2.89174 -0.225165 0.0498905 -0.129272 0.222651 2.24822 2.9247 -0.249765 0.0422095 -0.0403709 0.0228685 0.084268 0.0329614 -0.0246003 -0.00768099 0.0961971 2.31427 0.0152642 0.258739 2.15269 2.61737 -0.00354452 -0.00579437 0.104166 0.0589572 -0.0112664 -0.274371 0.22162 -0.0556848 0.120222 20.7098 0.00125948 -0.221751 2.89439 0.0109211 -0.0900251 -1.62555 0.0835199 -1.42303 0.968505 -0.239457 0.370251 1.52011
421.855 -0.0852751 0.194709 2.16519 2.88592 -0.21936 0.0525804 -0.122791 0.211556 2.20463 2.89738 -0.325694 0.0664004 -0.0375157 0.0168477 0.0394415 0.0114667 -0.106334 0.0138201 0.0569816 6.20131 0.022552 0.25709 2.15406 2.61737 -0.00335725 -0.00602031 0.107827 0.0623812 -0.0111313 -0.26855 0.216003 -0.0586007 0.125068 20.2895 0.00387682 -0.21938 2.89455 0.0121616 -0.0900528 -1.62564 0.0844907 -1.42536 0.970664 -0.236835 0.364261 1.51682
422.493 -0.0770107 0.185002 2.16726 2.87852 -0.203811 0.055009 -0.115891 0.20407 2.23852 2.89803 -0.322184 0.0825864 -0.0388805 0.0190683 0.0712574 0.0195084 -0.118374 0.0275774 0.0833842 7.11759 0.0372939 0.251037 2.15832 2.61731 -0.00357349 -0.00631412 0.114305 0.0660355 -0.00894006 -0.261216 0.200237 -0.0613231 0.132311 19.4425 0.00909696 -0.214939 2.89439 0.0143985 -0.090297 -1.62575 0.0848696 -1.4301 0.974739 -0.226504 0.356357 1.51123
422.766 -0.0735677 0.180945 2.16798 2.87669 -0.196277 0.0556673 -0.110903 0.19925 2.24973 2.95838 -0.102898 0.0261288 -0.0373355 0.0183049 0.0817531 0.0816923 0.0933793 -0.0295385 0.0917201 7.14257 0.0444681 0.246718 2.16024 2.61719 -0.0036417 -0.00586513 0.118036 0.0657735 -0.00773442 -0.259497 0.192635 -0.0615324 0.135346 19.1049 0.0115964 -0.212897 2.89408 0.0148408 -0.0907442 -1.62577 0.0842581 -1.43247 0.97667 -0.220663 0.354552 1.5088
423.083 -0.0707878 0.177794 2.16851 2.87575 -0.190199 0.0564583 -0.106605 0.19359 2.24316 2.83517 -0.134762 0.0446694 -0.035817 0.0157966 0.0746479 -0.0405817 0.0554366 -0.0117889 0.0842894 4.05685 0.0517921 0.243728 2.16273 2.61699 -0.00365017 -0.00553793 0.12258 0.0659345 -0.00578282 -0.258757 0.186549 -0.0619962 0.139308 18.8713 0.0139794 -0.210979 2.89363 0.0146496 -0.0915529 -1.62575 0.0831165 -1.43482 0.978521 -0.215482 0.354103 1.50656
423.455 -0.0661035 0.172067 2.16908 2.87708 -0.183201 0.0580461 -0.103139 0.189681 2.21768 2.97857 -0.351851 0.0657444 -0.0370354 0.0176145 0.0485948 0.101496 -0.168649 0.00769831 0.0635873 11.3429 0.0590144 0.242155 2.16446 2.61723 -0.00381942 -0.00573823 0.125118 0.0700881 -0.00461935 -0.259845 0.179382 -0.0637843 0.143486 18.7113 0.0176937 -0.208013 2.89255 0.0138215 -0.09269 -1.62561 0.0800621 -1.43868 0.98144 -0.209716 0.356133 1.50312
423.765 -0.0624898 0.167466 2.16931 2.88018 -0.181435 0.05909 -0.101269 0.184431 2.21514 2.85558 -0.217575 0.0674456 -0.0387794 0.0169653 0.045829 -0.0245979 -0.0361398 0.00835566 0.0623856 2.49701 0.0637521 0.240234 2.16619 2.61735 -0.00394445 -0.00583461 0.126242 0.0727679 -0.00312171 -0.262836 0.177491 -0.0649246 0.145746 18.8073 0.0197813 -0.206347 2.89169 0.0134174 -0.0928187 -1.62548 0.0775891 -1.44098 0.983128 -0.208642 0.359185 1.50112

424.348 -0.0328229 0.175773 2.16945 2.8845 -0.176606 0.0644915 -0.0918501 0.17729 2.24532 2.95349 -0.227995 0.0687467 -0.0590272 0.00151632 0.0758704 0.0689881 -0.0513886 0.00425521 0.0961396 4.97358 0.0896352 0.254871 2.17107 2.61489 -0.00137711 -0.00593236 0.122458 0.0790978 0.00161642 -0.269611 0.175229 -0.0704239 0.145791 19.1324 0.0241989 -0.202735 2.8901 0.0197192 -0.101674 -1.62067 0.0703763 -1.44648 0.987757 -0.215017 0.371699 1.4962
424.926 0.0427906 0.214056 2.16865 2.87036 -0.156297 0.0917653 -0.0253059 0.216065 2.25243 2.84126 -0.16989 0.083151 -0.0680965 0.00200873 0.0837843 -0.0290965 -0.0135933 -0.00861432 0.107986 1.97397 0.156725 0.298196 2.16472 2.61469 6.80668e-05 -0.00339328 0.113935 0.0841394 -0.00392106 -0.255663 0.156365 -0.0951586 0.141689 18.3408 0.0260309 -0.198542 2.89059 0.0366396 -0.124027 -1.59452 0.0634449 -1.45076 0.993215 -0.23268 0.377031 1.48683
425.229 0.0910931 0.227809 2.16786 2.85891 -0.142332 0.127032 0.0219173 0.236073 2.25563 2.83779 -0.140585 0.081285 -0.0691758 0.00826452 0.0877764 -0.0211221 0.0017461 -0.045747 0.112064 3.03963 0.197587 0.316643 2.15765 2.61625 -0.00115052 -0.00243528 0.106494 0.0888345 -0.0102031 -0.242665 0.141181 -0.129467 0.139056 18.1077 0.0246832 -0.193686 2.89047 0.0410951 -0.134446 -1.56597 0.0588261 -1.45291 0.99671 -0.248136 0.372131 1.47646
425.806 0.148011 0.237282 2.16686 2.84096 -0.123951 0.180555 0.101193 0.25229 2.24191 2.83494 -0.160648 0.184708 -0.0468184 0.0150085 0.075048 -0.00602544 -0.0366974 0.00415377 0.0897185 2.13863 0.243861 0.336397 2.14859 2.61617 -0.000399889 -0.000816029 0.0958499 0.0991151 -0.018273 -0.224791 0.123551 -0.181371 0.139086 18.4343 0.0190125 -0.184285 2.88885 0.0410509 -0.144397 -1.52106 0.0534058 -1.45427 1.00017 -0.266714 0.357259 1.46579
426.146 0.193329 0.242255 2.16584 2.82292 -0.109314 0.222903 0.139321 0.256356 2.2432 2.8569 -0.0571503 0.171327 -0.0540079 0.0141015 0.07736 0.0339771 0.0521641 -0.0515755 0.0953954 4.52714 0.278396 0.351128 2.13785 2.61598 0.00117107 0.00181821 0.0850668 0.108873 -0.027992 -0.206944 0.110486 -0.221084 0.140973 18.8808 0.0108418 -0.173756 2.88632 0.0389823 -0.151126 -1.4794 0.0496412 -1.45373 1.0021 -0.278993 0.339618 1.46563
426.433 0.226779 0.244884 2.16494 2.80699 -0.0999253 0.251852 0.180628 0.263787 2.25729 2.7811 -0.0281754 0.235781 -0.0461509 0.0189031 0.0923502 -0.0258875 0.0717499 -0.0160708 0.104956 4.48568 0.304708 0.36439 2.12943 2.61689 -0.000370787 0.000282523 0.0779298 0.119506 -0.0355142 -0.190095 0.0995546 -0.25157 0.147024 19.3332 0.00238979 -0.163989 2.88385 0.036606 -0.155443 -1.44549 0.047313 -1.45195 1.00307 -0.28667 0.323397 1.47276
426.705 0.257008 0.244853 2.16426 2.78943 -0.0940029 0.277895 0.213216 0.261127 2.22599 2.79406 -0.08128 0.255828 -0.0437927 0.0162744 0.0617274 0.00462347 0.0127229 -0.022067 0.077414 1.4634 0.327209 0.376526 2.12232 2.61709 -6.81185e-05 0.00129335 0.0702003 0.131673 -0.0419474 -0.172342 0.0939348 -0.276602 0.155002 19.7858 -0.00817009 -0.152596 2.881 0.0326984 -0.158202 -1.41005 0.0454816 -1.44867 1.00369 -0.293338 0.305109 1.48645
427.05 0.293707 0.24354 2.16335 2.76509 -0.0894937 0.307547 0.250536 0.265619 2.25569 2.80128 -0.0679659 0.2749 -0.0431704 0.0220792 0.0923407 0.0361855 0.0215278 -0.032647 0.104298 2.95088 0.352697 0.39152 2.11429 2.61744 0.000541268 0.00294236 0.0589905 0.14798 -0.0490633 -0.147658 0.0900349 -0.304604 0.166689 20.3741 -0.0256037 -0.134932 2.87684 0.0262811 -0.160666 -1.36115 0.0437846 -1.44154 1.00418 -0.300399 0.279881 1.51345
427.421 0.325972 0.242169 2.16217 2.74272 -0.0880364 0.332582 0.275239 0.258076 2.20879 2.75041 -0.0452384 0.299671 -0.0507326 0.0159069 0.0466224 0.00769258 0.0427981 -0.0329111 0.070714 3.10678 0.375718 0.407905 2.10455 2.61761 0.000511967 0.00378051 0.0497458 0.165735 -0.0576209 -0.125114 0.0885484 -0.328801 0.182382 21.0505 -0.046859 -0.114558 2.87249 0.0189474 -0.162326 -1.31126 0.0429074 -1.43078 1.0046 -0.306272 0.257145 1.54682
428.316 0.389911 0.235184 2.15667 2.72175 -0.0891695 0.384986 0.35235 0.255261 2.22576 2.75155 -0.1222 0.365054 -0.0375617 0.020077 0.0690872 0.0298008 -0.0330302 -0.0199324 0.0811604 2.71829 0.421062 0.439216 2.07691 2.61851 0.00193545 0.00555549 0.0311506 0.204031 -0.0797596 -0.103243 0.091105 -0.379431 0.221271 23.3517 -0.115887 -0.052709 2.86159 0.00135891 -0.161918 -1.18754 0.0434781 -1.38519 1.00652 -0.320921 0.231778 1.63027
428.897 0.419542 0.225681 2.1514 2.74441 -0.0883593 0.4144 0.385189 0.245786 2.20229 2.72036 -0.0916547 0.408013 -0.034353 0.0201044 0.0508838 -0.0240531 -0.00329537 -0.00638706 0.0646025 1.46954 0.444363 0.454237 2.05642 2.61903 0.00114016 0.00360087 0.024821 0.228556 -0.094986 -0.125375 0.0894994 -0.4108 0.248749 25.4068 -0.167388 -0.00889179 2.85569 -0.00625796 -0.15775 -1.11628 0.0446094 -1.34322 1.00845 -0.3313 0.245585 1.66779
429.474 0.443348 0.212372 2.14402 2.79994 -0.0797124 0.439167 0.423117 0.237967 2.24564 2.79706 -0.0501929 0.427198 -0.0202306 0.0255944 0.101621 -0.00288742 0.0295196 -0.011969 0.106729 1.83654 0.463274 0.464637 2.03349 2.61921 0.001494 0.00316221 0.019926 0.252265 -0.110528 -0.180736 0.0812064 -0.436004 0.276136 27.7682 -0.236116 0.0474541 2.85053 -0.012667 -0.150317 -1.03787 0.0442098 -1.27913 1.01111 -0.335069 0.286954 1.70247
429.729 0.4485 0.209743 2.1418 2.81948 -0.0744922 0.443163 0.428555 0.230218 2.21748 2.82978 -0.116442 0.449883 -0.0199448 0.0204753 0.07568 0.0102952 -0.0419503 0.00671986 0.0808981 2.51326 0.46392 0.46775 2.02735 2.6194 0.00494909 0.00763007 0.01542 0.258007 -0.114451 -0.200076 0.0794413 -0.435533 0.282674 28.1471 -0.257321 0.0644224 2.84953 -0.0138887 -0.148493 -1.01651 0.0433555 -1.25781 1.0119 -0.333027 0.302923 1.71213
430.032 0.454637 0.206967 2.13773 2.85161 -0.0644012 0.445505 0.436262 0.226324 2.21727 2.83266 -0.115893 0.449518 -0.0183748 0.0193574 0.0795331 -0.0189498 -0.051492 0.00401257 0.083892 3.14498 0.470545 0.473378 2.0211 2.61892 0.00211755 0.00314652 0.0159082 0.266411 -0.116633 -0.232692 0.0665188 -0.442359 0.291258 29.1975 -0.290357 0.0905077 2.84854 -0.0151686 -0.145672 -0.985193 0.0411852 -1.22337 1.01309 -0.326789 0.329492 1.72735
430.332 0.461585 0.203044 2.1331 2.89729 -0.0462476 0.445054 0.444061 0.222561 2.21832 2.88961 -0.0115647 0.43475 -0.0175237 0.0195177 0.0852195 -0.00767782 0.0346829 -0.0103047 0.0891649 2.12265 0.472354 0.477291 2.0136 2.61904 0.00531949 0.00699177 0.0107692 0.274248 -0.119499 -0.278249 0.0515671 -0.438063 0.299345 30.0826 -0.336621 0.126368 2.84819 -0.0162776 -0.141803 -0.944532 0.0363133 -1.17307 1.01479 -0.312865 0.368878 1.74968
430.691 0.465636 0.200713 2.12751 2.94595 -0.0238128 0.439611 0.442041 0.216329 2.18384 2.91818 -0.0940475 0.455973 -0.0235951 0.0156166 0.0563353 -0.0277737 -0.0702346 0.0163612 0.0630419 4.40771 0.474354 0.478936 2.00845 2.61912 0.00810857 0.0102872 0.0087176 0.278223 -0.119059 -0.326831 0.0319214 -0.429324 0.302752 30.9973 -0.385338 0.163328 2.84903 -0.0168797 -0.137459 -0.904756 0.0287346 -1.11812 1.01664 -0.293113 0.411149 1.77482
431.012 0.468615 0.199905 2.12364 2.98143 -0.00455166 0.434726 0.454272 0.218519 2.21667 2.91989 0.0566515 0.427897 -0.0143431 0.0186139 0.0930292 -0.0615405 0.0612032 -0.00682875 0.0959512 4.98067 0.476955 0.480072 2.00505 2.61907 0.00749135 0.00938887 0.00833978 0.280167 -0.118586 -0.362359 0.012043 -0.425337 0.304344 31.8965 -0.423445 0.191683 2.85055 -0.0167646 -0.134394 -0.875322 0.0210485 -1.07407 1.01814 -0.275764 0.442774 1.79551
431.319 0.471402 0.20093 2.11881 3.02496 0.0229851 0.428234 0.448107 0.211879 2.16747 2.95692 -0.0445167 0.428271 -0.0232954 0.0109492 0.0486631 -0.0680353 -0.0675018 3.69467e-05 0.0550514 5.49069 0.476326 0.484179 2.0002 2.61853 0.00736873 0.0090208 0.00492317 0.283249 -0.118607 -0.406429 -0.0156163 -0.419214 0.307119 33.0909 -0.476307 0.2302 2.8539 -0.0163788 -0.130593 -0.83651 0.00781595 -1.01193 1.0202 -0.250315 0.482118 1.82535
431.953 0.47384 0.202198 2.11283 3.0813 0.0631804 0.421567 0.453952 0.215933 2.16855 3.06316 -0.041998 0.428283 -0.0198884 0.0137347 0.0557132 -0.0181389 -0.105178 0.00671536 0.0607302 6.12791 0.475504 0.487277 1.99543 2.61855 0.00639323 0.00791294 0.00166379 0.285079 -0.117406 -0.462749 -0.0567872 -0.413654 0.308313 34.945 -0.559917 0.289161 2.86157 -0.0153387 -0.123556 -0.779195 -0.0189002 -0.912479 1.02327 -0.212338 0.531407 1.87294
432.263 0.473861 0.204649 2.10976 3.10456 0.0800673 0.419883 0.459168 0.219191 2.18608 2.91637 0.255345 0.41348 -0.0146925 0.0145418 0.0763242 -0.188196 0.175277 -0.00640344 0.0790741 14.6846 0.473682 0.486279 1.99505 2.6188 0.00796481 0.00982292 -0.000179472 0.28163 -0.114705 -0.485762 -0.0721025 -0.41006 0.304093 35.7024 -0.60359 0.31899 2.86649 -0.0145749 -0.120027 -0.751027 -0.0354046 -0.860435 1.02475 -0.196865 0.550653 1.89684
432.561 0.475821 0.211922 2.10624 3.12803 0.0982256 0.420477 0.460734 0.223676 2.1878 3.1376 0.000792227 0.392339 -0.0150875 0.0117533 0.0815612 0.00957407 -0.0974334 -0.0281385 0.0837735 5.84379 0.480782 0.485908 1.99956 2.61894 0.00817854 0.00990759 0.00496104 0.273985 -0.106676 -0.509091 -0.0900471 -0.410569 0.294062 36.6724 -0.663684 0.358908 2.87412 -0.0125218 -0.117048 -0.713591 -0.0606759 -0.789098 1.02656 -0.182585 0.569866 1.92777
432.918 0.475481 0.215951 2.10449 -3.14102 0.10612 0.423057 0.456884 0.226554 2.16055 -3.09172 -0.00913962 0.421157 -0.0185974 0.010603 0.05606 0.0493032 -0.11526 -0.00189986 0.0600084 7.18502 0.475755 0.497885 1.9929 2.61846 0.00294499 0.00349999 0.000273535 0.281934 -0.111586 5.75948 -0.103175 -0.419557 0.303214 37.682 -0.71014 0.388831 2.88044 -0.0115624 -0.113888 -0.685941 -0.082057 -0.734433 1.02781 -0.177167 0.579819 1.94993
433.268 0.474789 0.221611 2.10304 -3.12951 0.109889 0.426759 0.456884 0.23033 2.16055 -3.14068 -0.000194756 0.421419 -0.0179049 0.00871905 0.0575111 -0.0111731 -0.110084 -0.00534018 0.0608616 6.34539 0.475747 0.496765 1.99592 2.61871 0.00386107 0.00460772 0.000958135 0.275154 -0.107116 5.74822 -0.106028 -0.422151 0.29527 38.2322 -0.757741 0.418644 2.88704 -0.0105731 -0.111452 -0.658598 -0.105436 -0.679066 1.02902 -0.176647 0.587498 1.97102
433.837 0.473067 0.236974 2.09953 -3.10481 0.106422 0.436711 0.453823 0.245419 2.14586 3.00984 0.0282517 0.449444 -0.019244 0.00844477 0.0463287 6.11466 -0.0781702 0.0127335 0.0508723 10.7111 0.473731 0.509551 1.99271 2.61832 -0.00162725 -0.00253488 0.000663584 0.272577 -0.106812 5.72313 -0.108049 -0.439246 0.292759 39.9812 -0.873101 0.487392 2.90204 -0.00778256 -0.106986 -0.595537 -0.167363 -0.54867 1.03162 -0.189674 0.603666 2.01728
434.133 0.47112 0.242109 2.09816 -3.09358 0.100945 0.440664 0.455307 0.253801 2.15872 -3.03057 0.109117 0.427421 -0.0158134 0.0116924 0.0605553 0.0630026 0.00817267 -0.0132436 0.0636689 3.79468 0.474274 0.506361 1.99798 2.61854 -0.000352163 -0.000957068 0.00315331 0.264252 -0.100181 5.71212 -0.101297 -0.441621 0.282622 40.5249 -0.92434 0.516352 2.9079 -0.00693944 -0.104629 -0.568929 -0.196867 -0.492803 1.03263 -0.198677 0.611019 2.03673
434.444 0.468516 0.246419 2.09763 -3.07986 0.0922932 0.445489 0.453108 0.260537 2.16055 -3.13791 -0.000787453 0.421418 -0.0154083 0.0141178 0.0629206 -0.0580544 -0.0930807 -0.0240713 0.0663003 6.40144 0.469245 0.507382 1.99801 2.61894 -0.000579534 -0.00114535 0.000728215 0.260963 -0.0996158 5.6988 -0.0928727 -0.446634 0.27933 41.2998 -0.994267 0.55433 2.91525 -0.00601166 -0.101235 -0.533923 -0.238757 -0.41866 1.03382 -0.21165 0.619653 2.06335
434.717 0.465623 0.251878 2.09624 -3.07328 0.0848881 0.447538 0.453785 0.26605 2.17399 -3.02592 0.103557 0.447746 -0.0118379 0.0141712 0.0777512 0.0473527 0.0186686 0.000208248 0.0799138 2.91524 0.466016 0.507678 1.99843 2.61826 -0.00122933 -0.00244112 0.000392583 0.2558 -0.0978084 5.69154 -0.0861174 -0.449979 0.273862 41.7664 -1.04784 0.582235 2.9206 -0.00506403 -0.0991994 -0.507976 -0.271989 -0.363372 1.03449 -0.221141 0.623021 2.08445
435.028 0.464437 0.256594 2.09566 -3.07107 0.0788355 0.449282 0.441581 0.266439 2.13224 -3.12977 -0.00270496 0.449744 -0.0228559 0.00984548 0.0365822 -0.058701 -0.0815405 0.000462025 0.0442446 5.75674 0.460192 0.510208 1.99768 2.61851 -0.000815785 -0.00200844 -0.00424484 0.253615 -0.0979782 5.68958 -0.0796513 -0.45129 0.271916 41.9145 -1.10232 0.609544 2.92593 -0.00349649 -0.0973789 -0.482102 -0.306723 -0.308414 1.03484 -0.229344 0.622182 2.10701
435.562 0.463364 0.26719 2.09597 -3.0834 0.068762 0.453596 0.441581 0.277618 2.13224 -3.13418 -0.00169706 0.449753 -0.0217832 0.0104287 0.0362703 -0.0507736 -0.0704591 -0.00384292 0.0435752 4.97618 0.45418 0.514839 1.99852 2.61854 0.00172092 0.000962373 -0.0091837 0.24765 -0.097452 5.70195 -0.0670411 -0.452634 0.266292 41.422 -1.23275 0.67035 2.93828 0.00103724 -0.093578 -0.421663 -0.393128 -0.18181 1.03438 -0.242668 0.603108 2.16436
435.898 0.461203 0.269402 2.09726 -3.09529 0.0655146 0.456364 0.447751 0.28619 2.16277 3.11313 0.114869 0.460457 -0.0134519 0.0167877 0.0655186 6.20842 0.0493542 0.00409287 0.0689599 5.15556 0.454492 0.511299 2.0005 2.61844 -0.000825559 -0.0020085 -0.00671128 0.241897 -0.0967523 5.71373 -0.0663402 -0.458373 0.260615 41.1569 -1.28993 0.694859 2.94358 0.00240383 -0.0909378 -0.395929 -0.432352 -0.128383 1.03365 -0.245429 0.587742 2.19041
436.208 0.458766 0.273986 2.09898 -3.11242 0.0633175 0.45993 0.445748 0.288557 2.17179 -3.02777 0.0952842 0.44686 -0.0130185 0.0145707 0.0728056 0.0846505 0.0319667 -0.0130693 0.0753819 5.29261 0.453198 0.507149 2.00317 2.61848 0.00163994 0.00113697 -0.00556801 0.233163 -0.0958109 5.7309 -0.0616776 -0.458793 0.252142 40.4049 -1.34774 0.718252 2.94897 0.00375876 -0.0895 -0.370266 -0.472824 -0.0754509 1.03255 -0.247493 0.568079 2.21683
436.503 0.453263 0.279896 2.10216 -3.14143 0.0604614 0.465842 0.440292 0.291932 2.1633 3.11585 0.118188 0.45995 -0.0129708 0.0120358 0.0611394 6.25728 0.0577261 -0.00589141 0.0636485 3.6285 0.449619 0.509629 2.00377 2.61838 0.000453516 -0.00016837 -0.00364337 0.229733 -0.0983894 5.75982 -0.0600078 -0.46601 0.249942 39.4754 -1.42561 0.747519 2.95619 0.00495967 -0.0873182 -0.336375 -0.528754 -0.00569271 1.03044 -0.24921 0.535658 2.25256
436.797 0.44955 0.287166 2.10448 3.11568 0.0597221 0.470623 0.434397 0.2973 2.16088 3.06155 -0.0293821 0.478517 -0.0151535 0.0101348 0.0563997 -0.0541311 -0.0891042 0.00789366 0.0592728 5.99368 0.450858 0.512237 2.00729 2.61781 -0.000931002 -0.00225323 0.00130836 0.225071 -0.0971949 -0.497876 -0.0606531 -0.472876 0.245164 38.7133 -1.48446 0.767911 2.96162 0.00636012 -0.0869287 -0.311031 -0.572176 0.045938 1.02842 -0.250048 0.507883 2.27957
437.386 0.441827 0.308556 2.10995 3.04835 0.0614719 0.483501 0.429113 0.317787 2.17854 3.12024 0.121282 0.480176 -0.012714 0.00923112 0.0685861 0.0718862 0.0598104 -0.00332495 0.0703627 5.37425 0.459503 0.522972 2.01908 2.61769 0.00144793 0.000833481 0.0176758 0.214416 -0.0908774 -0.430656 -0.060024 -0.482667 0.233549 36.4723 -1.62283 0.809754 2.97443 0.0104501 -0.0878157 -0.251281 -0.678469 0.163587 1.02294 -0.251259 0.437317 2.34255
437.986 0.433117 0.328319 2.11537 2.99009 0.06434 0.496744 0.416139 0.337456 2.16416 3.05858 -0.0238492 0.478826 -0.0169783 0.00913787 0.048789 0.0684962 -0.0881892 -0.0179183 0.0524607 6.49148 0.459561 0.533119 2.0245 2.61746 0.00155406 0.00131534 0.0264434 0.204801 -0.0908726 -0.372628 -0.062786 -0.495429 0.225611 34.9973 -1.74225 0.83857 2.9857 0.0129618 -0.0890876 -0.199042 -0.775177 0.260464 1.01821 -0.252377 0.376049 2.3962
438.261 0.423885 0.343062 2.11809 2.952 0.0645103 0.505756 0.414191 0.353505 2.18856 2.93779 -0.00533442 0.499842 -0.00969449 0.0104432 0.0704629 -0.0142151 -0.0698447 -0.0059139 0.0718892 4.09586 0.464524 0.538996 2.02535 2.61763 -0.00428903 -0.00591637 0.0406393 0.195934 -0.0927464 -0.33437 -0.0687993 -0.511673 0.220553 34.6364 -1.82208 0.85392 2.99312 0.0136808 -0.0897707 -0.163735 -0.842455 0.322528 1.01514 -0.254348 0.337061 2.43195
438.571 0.415727 0.352566 2.12109 2.92488 0.0635818 0.512866 0.406376 0.364738 2.19372 2.90501 0.125772 0.498335 -0.00935119 0.0121723 0.0726246 -0.0198737 0.0621899 -0.0145306 0.074229 3.80869 0.462329 0.53902 2.02868 2.61764 -0.0039081 -0.00513427 0.0466016 0.186454 -0.0924095 -0.307236 -0.0674899 -0.518 0.213252 34.1627 -1.88198 0.863363 2.99856 0.0133952 -0.0899802 -0.137264 -0.894381 0.367541 1.01281 -0.256433 0.308662 2.45922
438.85 0.406133 0.363152 2.1233 2.89735 0.0618266 0.518978 0.399336 0.378641 2.2069 2.93412 0.00289037 0.520765 -0.00679686 0.0154897 0.0836039 0.0367715 -0.0589363 0.00178743 0.085298 3.97956 0.464178 0.53729 2.03484 2.61766 -0.00117732 -0.00112557 0.0580443 0.174138 -0.0884506 -0.279689 -0.063004 -0.520103 0.203757 33.5067 -1.94182 0.871052 3.00383 0.0129809 -0.090112 -0.110882 -0.947557 0.411061 1.0104 -0.258678 0.280925 2.48715
439.411 0.387557 0.386992 2.12828 2.83813 0.058183 0.531024 0.379423 0.403102 2.20979 2.88678 0.142467 0.516966 -0.00813492 0.0161109 0.0815156 0.0486521 0.0842841 -0.0140581 0.0834897 5.67312 0.466291 0.544957 2.04598 2.61796 -0.00382719 -0.0051282 0.0787331 0.157965 -0.0822938 -0.220176 -0.0620102 -0.536152 0.194741 33.018 -2.08091 0.882321 3.0153 0.0131597 -0.0909008 -0.0492273 -1.07611 0.505809 1.00464 -0.264688 0.220666 2.55436
442.349 0.336034 0.455964 2.12837 2.77076 0.00731093 0.559845 0.316972 0.483514 2.22463 2.81409 0.0896754 0.524653 -0.0190622 0.0275499 0.0962636 0.043327 0.0823644 -0.0351923 0.101927 5.74262 0.487426 0.515007 2.06458 2.61779 -0.00603149 -0.00807547 0.151392 0.0590434 -0.0637876 -0.152972 -0.0133424 -0.567921 0.17457 33.6714 -2.76675 0.805505 3.03157 0.00921009 -0.0870243 0.252291 -1.76972 0.772487 0.97925 -0.314974 0.151126 2.86604
442.647 0.340358 0.459365 2.12735 2.76851 -4.51897e-05 0.560779 0.320449 0.488102 2.22775 2.78359 0.0188455 0.541301 -0.0199088 0.0287364 0.100392 0.0150763 0.0188907 -0.0194777 0.106304 1.78356 0.490089 0.50526 2.06694 2.61801 -0.00375546 -0.00479398 0.149731 0.0458948 -0.060414 -0.150497 -0.00371027 -0.565573 0.167856 33.5193 -2.82039 0.790375 3.02953 0.00924816 -0.0869243 0.275822 -1.82513 0.775991 0.976001 -0.321783 0.149444 2.89201
443.003 0.34807 0.46333 2.12614 2.76306 -0.0121287 0.563802 0.315318 0.478146 2.15331 2.68416 0.129625 0.55224 -0.0327516 0.0148162 0.0271708 -0.0788968 0.141754 -0.0115619 0.0450604 9.29792 0.486384 0.504323 2.06055 2.61783 -0.0023411 -0.00277706 0.138314 0.0409929 -0.0655905 -0.145232 0.00978765 -0.566579 0.158472 33.5472 -2.89082 0.76827 3.0262 0.00914463 -0.0866598 0.307303 -1.89762 0.776697 0.971196 -0.333422 0.144646 2.92686
443.321 0.355536 0.467665 2.12494 2.75648 -0.0220477 0.56759 0.323129 0.482346 2.15526 2.68713 0.133374 0.551876 -0.0324062 0.0146811 0.0303205 -0.0693496 0.155422 -0.0157147 0.0467443 9.77069 0.487613 0.506587 2.05645 2.61775 -0.00681936 -0.00924158 0.132078 0.0389219 -0.0684832 -0.138725 0.0152283 -0.576832 0.153784 34.0887 -2.94277 0.750221 3.02335 0.00908844 -0.0870799 0.331201 -1.95092 0.774452 0.967268 -0.343867 0.138954 2.95308
443.902 0.376175 0.48167 2.12193 2.73336 -0.0422013 0.581128 0.345585 0.49926 2.18263 2.77788 -0.0974165 0.562609 -0.0305894 0.0175901 0.0607023 0.044528 -0.0552153 -0.0185188 0.0702132 4.15492 0.485203 0.50361 2.05457 2.61737 -0.0049752 -0.00590958 0.109029 0.0219399 -0.067359 -0.115984 0.0372261 -0.587038 0.130023 34.4839 -3.06105 0.703001 3.016 0.00806645 -0.0901025 0.388409 -2.07172 0.760769 0.957385 -0.368045 0.118971 3.0142
444.192 0.385358 0.488985 2.12036 2.72049 -0.0494761 0.588369 0.357347 0.507818 2.19104 2.7731 -0.014664 0.558298 -0.0280108 0.0188322 0.0706784 0.0526071 0.0348121 -0.0300717 0.0783243 3.962 0.487835 0.503476 2.05126 2.61753 -0.0092115 -0.0122527 0.102477 0.0144904 -0.0690959 -0.102965 0.0402646 -0.600622 0.124442 35.1438 -3.11051 0.680493 3.01268 0.00718426 -0.0917839 0.413383 -2.12205 0.75173 0.952979 -0.377565 0.107808 3.04025
445.259 0.423627 0.517215 2.1138 2.6619 -0.0646821 0.61675 0.401482 0.543018 2.18704 2.70253 0.112812 0.56292 -0.0221455 0.0258025 0.0732383 0.0406297 0.177494 -0.05383 0.0807468 10.8931 0.483377 0.507147 2.03993 2.61764 -0.0114459 -0.0148848 0.0597494 -0.0100678 -0.0738751 -0.0442564 0.0532362 -0.631635 0.0955451 36.4953 -3.31691 0.566644 2.99687 0.00202618 -0.0973278 0.522968 -2.33217 0.695998 0.933143 -0.401297 0.0554295 -3.12984
445.563 0.430118 0.521899 2.11251 2.65142 -0.0625114 0.619407 0.402751 0.539469 2.15719 2.71686 -0.00661126 0.584655 -0.027367 0.0175699 0.0446805 0.0654373 0.0559002 -0.0347527 0.055263 5.26857 0.476432 0.51235 2.03214 2.61742 -0.00971765 -0.0123277 0.0463133 -0.00954851 -0.0803709 -0.0340076 0.0527938 -0.631735 0.0932501 36.4381 -3.36284 0.536502 2.99277 0.000293829 -0.0977632 0.548189 -2.37932 0.680142 0.928452 -0.399272 0.0459628 -3.10409
446.078 0.448158 0.526259 2.10965 2.63982 -0.0459659 0.61518 0.429086 0.559149 2.2052 2.65163 -0.0208266 0.603869 -0.0190717 0.0328893 0.0955505 0.0118104 0.0251392 -0.0113117 0.102836 1.70983 0.475679 0.50948 2.02264 2.61799 -0.0079185 -0.011016 0.0275211 -0.0167796 -0.0870081 -0.0218228 0.0380474 -0.626196 0.0927867 35.997 -3.46754 0.460641 2.98249 -0.00114335 -0.0967218 0.607197 -2.48849 0.639974 0.917406 -0.380926 0.0332251 -3.04453
446.432 0.456869 0.527298 2.10789 2.6403 -0.0335229 0.608794 0.434976 0.555134 2.18226 2.65002 0.0860778 0.565809 -0.0218934 0.0278357 0.0743651 0.00972218 0.119601 -0.0429851 0.082367 7.30745 0.471142 0.514798 2.0144 2.61826 -0.0074055 -0.0103429 0.0142731 -0.0124999 -0.0934956 -0.0220449 0.0261174 -0.619137 0.0954012 35.552 -3.51126 0.425773 2.97789 -0.000693646 -0.0960254 0.632861 -2.53517 0.621588 0.912663 -0.367013 0.0324732 -3.01925
446.74 0.46669 0.527739 2.10556 2.64538 -0.0139706 0.597499 0.440026 0.552517 2.16394 2.67878 -0.0730168 0.608242 -0.0266635 0.0247778 0.0583834 0.0334034 -0.0590462 0.0107427 0.0688005 3.94824 0.472616 0.51066 2.00707 2.61793 -0.00704618 -0.0100426 0.00592667 -0.0170791 -0.0984836 -0.0274454 0.00692443 -0.607542 0.100129 34.8627 -3.5683 0.377062 2.97172 -0.000156023 -0.0945598 0.667438 -2.5976 0.59618 0.906376 -0.344228 0.0356332 -2.98579
447.064 0.473163 0.530203 2.1032 2.65126 0.00255324 0.58807 0.447318 0.54703 2.14953 2.78334 -0.0266897 0.549849 -0.0258455 0.0168277 0.0463311 0.132074 -0.029243 -0.0382217 0.0556573 8.02845 0.471188 0.51079 2.00027 2.61811 -0.00599946 -0.00842729 -0.00197483 -0.0194126 -0.102927 -0.0331528 -0.0085527 -0.596498 0.104761 34.2346 -3.61005 0.338852 2.96716 0.000411496 -0.094327 0.693855 -2.64471 0.576567 0.901677 -0.325647 0.0408218 -2.96083
447.397 0.478305 0.533856 2.10068 2.65872 0.0201233 0.578486 0.455078 0.551094 2.15072 2.78597 -0.0247677 0.549631 -0.0232271 0.0172373 0.0500393 0.127255 -0.044891 -0.0288552 0.0577975 7.90192 0.467193 0.515678 1.99118 2.6177 -0.00366436 -0.00524246 -0.0111121 -0.0181789 -0.109499 -0.0410202 -0.0237877 -0.583729 0.111553 33.5329 -3.65086 0.299184 2.96265 0.000832944 -0.0945787 0.720797 -2.69219 0.556505 0.896955 -0.306216 0.0481015 -2.93592
447.687 0.481865 0.536129 2.09837 2.66845 0.0375817 0.568764 0.468582 0.568049 2.18763 2.68757 0.0266185 0.545447 -0.0132823 0.0319195 0.0892541 0.0191138 -0.0109632 -0.0233177 0.0957161 1.86341 0.463496 0.521735 1.98129 2.61842 -0.004292 -0.00563268 -0.0183692 -0.0143946 -0.117085 -0.0500299 -0.0418737 -0.574397 0.119388 33.0688 -3.69071 0.258032 2.95821 0.00113778 -0.0938728 0.748316 -2.74013 0.535991 0.892201 -0.286292 0.057101 -2.91091
448.031 0.485867 0.538499 2.09565 2.68354 0.0622586 0.556075 0.463576 0.556554 2.14316 2.8019 0.110943 0.511256 -0.0222915 0.018055 0.0475059 0.118357 0.0486843 -0.0448192 0.0554951 7.95969 0.464183 0.517496 1.97887 2.61845 -0.001032 -0.0012706 -0.021684 -0.0210031 -0.116788 -0.0650855 -0.0632906 -0.557346 0.120627 32.2306 -3.74226 0.200856 2.95254 0.00191253 -0.0928214 0.785896 -2.80487 0.507863 0.885852 -0.258938 0.071003 -2.87703
448.332 0.487263 0.540345 2.09371 2.69523 0.0814365 0.546323 0.466325 0.562032 2.14646 2.69963 0.035316 0.54887 -0.020938 0.0216868 0.0527482 0.00440771 -0.0461205 0.0025465 0.0607544 2.65771 0.460891 0.522517 1.97048 2.61824 -0.00181795 -0.0023349 -0.0263714 -0.0178282 -0.123227 -0.0769896 -0.0832544 -0.548658 0.127272 31.9109 -3.77965 0.156259 2.94862 0.00250944 -0.0917556 0.814712 -2.85414 0.486086 0.881123 -0.237634 0.0818764 -2.85086
448.921 0.485528 0.545815 2.08979 2.72175 0.128944 0.523103 0.470974 0.571439 2.14663 2.71988 0.0853008 0.535908 -0.0145536 0.0256247 0.0568389 -0.00186799 -0.0436427 0.0128049 0.0640242 2.61135 0.460453 0.526448 1.96021 2.61863 0.00166228 0.00274356 -0.0250753 -0.0193662 -0.129576 -0.103119 -0.127281 -0.52036 0.133393 30.8536 -3.86228 0.0465975 2.94074 0.00395117 -0.0893108 0.883937 -2.97156 0.432507 0.870289 -0.185315 0.107562 -2.78662
449.244 0.483095 0.546635 2.0891 2.73448 0.148883 0.513819 0.467126 0.571317 2.14618 2.718 0.0849318 0.535873 -0.0159682 0.0246812 0.0570778 -0.0164746 -0.0639509 0.0220546 0.064203 4.0238 0.453891 0.538519 1.95288 2.61846 -0.000445053 -0.000217239 -0.0292038 -0.00811633 -0.136215 -0.116022 -0.149328 -0.514036 0.139546 30.872 -3.8956 -0.00269691 2.93768 0.00460015 -0.0880559 0.914023 -3.02279 0.408221 0.865789 -0.162965 0.120355 -2.75777
449.517 0.477757 0.547743 2.08774 2.74963 0.167112 0.503122 0.469886 0.580172 2.17238 2.72436 0.136173 0.494385 -0.00787072 0.0324293 0.0846382 -0.0252622 -0.0309388 -0.00873738 0.0909792 2.29542 0.454321 0.536322 1.95211 2.61875 0.00205613 0.00320977 -0.0234359 -0.0114207 -0.13563 -0.130878 -0.165055 -0.499912 0.138113 30.4398 -3.9276 -0.0532794 2.93475 0.00517864 -0.0860893 0.944096 -3.07447 0.383083 0.861484 -0.142021 0.135135 -2.72814
449.808 0.47002 0.549462 2.08608 2.77227 0.187775 0.490223 0.459189 0.574951 2.14896 2.79788 0.118507 0.509776 -0.0108316 0.0254898 0.0628861 0.0256039 -0.0692679 0.0195534 0.0687147 4.3192 0.452477 0.535861 1.94973 2.61896 0.00347375 0.00526422 -0.0175436 -0.0136005 -0.13635 -0.153312 -0.184301 -0.484959 0.138145 30.1686 -3.96813 -0.122602 2.93107 0.00647053 -0.0842746 0.984137 -3.14397 0.348172 0.856179 -0.118273 0.158103 -2.68735
450.113 0.461497 0.549042 2.08562 2.79161 0.19883 0.481531 0.448888 0.570805 2.12756 2.65726 0.267218 0.473865 -0.0126089 0.0217637 0.0419421 -0.134353 0.068388 -0.00766592 0.0489059 8.55676 0.445019 0.540368 1.94242 2.61874 0.00224288 0.00361334 -0.0164782 -0.00867345 -0.143205 -0.172876 -0.196587 -0.477917 0.144411 30.2599 -3.99688 -0.175915 2.92844 0.00694569 -0.0824353 1.01378 -3.19644 0.320843 0.852514 -0.104099 0.177606 -2.65575
450.43 0.452137 0.551358 2.08455 2.81126 0.207173 0.473087 0.44808 0.583278 2.17315 2.79909 0.197244 0.462771 -0.00405642 0.0319199 0.0885989 -0.0121658 -0.00992872 -0.0103166 0.0942609 0.996619 0.441189 0.544705 1.93326 2.61821 0.000412599 0.000893236 -0.0109472 -0.0066525 -0.151286 -0.193049 -0.20676 -0.472194 0.151827 30.4502 -4.02418 -0.230261 2.92586 0.00763919 -0.0820914 1.04317 -3.24911 0.292441 0.849069 -0.0933308 0.198762 -2.62337
450.715 0.440631 0.552879 2.0838 2.83191 0.212177 0.464847 0.433083 0.581042 2.1512 2.77473 0.294319 0.439848 -0.00754848 0.0281629 0.0673987 -0.0571808 0.0821416 -0.0249994 0.0734351 5.7075 0.439696 0.539647 1.9299 2.61869 0.00289601 0.00467844 -0.000935265 -0.0132318 -0.153902 -0.213219 -0.209281 -0.460169 0.154472 30.2194 -4.05003 -0.285591 2.92324 0.00802427 -0.0814636 1.0721 -3.30186 0.262828 0.845739 -0.0852244 0.220797 -2.59033
451.259 0.411209 0.55661 2.08247 2.87897 0.217064 0.446616 0.402664 0.580049 2.13296 2.83318 0.086756 0.477527 -0.00854442 0.0234393 0.0504966 -0.0457929 -0.130308 0.0309105 0.0563233 8.19487 0.435106 0.543982 1.91009 2.61832 8.46646e-05 0.00054671 0.0238968 -0.0126273 -0.172373 -0.260651 -0.216979 -0.446069 0.174479 30.6725 -4.10481 -0.418202 2.9166 0.00939045 -0.0811509 1.13807 -3.42453 0.188347 0.837886 -0.0736293 0.271975 -2.51238
451.911 0.378819 0.550859 2.08392 2.92189 0.216357 0.430842 0.37082 0.575996 2.12109 2.87989 0.0326008 0.472092 -0.00799878 0.0251372 0.0371639 -0.0420061 -0.183756 0.0412499 0.0455742 11.1179 0.424689 0.546083 1.89904 2.61905 0.00265512 0.004465 0.0458704 -0.00477584 -0.184883 -0.30284 -0.213702 -0.426377 0.190548 30.7739 -4.15194 -0.555199 2.90933 0.0109719 -0.0771022 1.20243 -3.54508 0.10509 0.829492 -0.0664825 0.314826 -2.43554
452.196 0.364612 0.547916 2.08496 2.93671 0.214912 0.425318 0.355878 0.572833 2.12713 2.84454 0.17917 0.454489 -0.00873353 0.0249169 0.0421705 -0.0921744 -0.0357426 0.0291711 0.0497542 6.19106 0.422301 0.546457 1.89685 2.61884 0.00206863 0.00366827 0.0576889 -0.00145864 -0.188106 -0.317872 -0.212844 -0.42165 0.196758 30.9884 -4.16977 -0.614975 2.90634 0.0116334 -0.0752629 1.22961 -3.59562 0.0664781 0.82589 -0.0649445 0.329232 -2.40353
452.467 0.350768 0.544893 2.08624 2.94938 0.212396 0.420766 0.341566 0.573052 2.14499 2.99055 0.395164 0.371173 -0.00920222 0.0281597 0.0587525 0.0411725 0.182768 -0.0495931 0.065799 11.2816 0.413353 0.549455 1.8953 2.61906 0.00505951 0.00779401 0.0625851 0.00456203 -0.190943 -0.330323 -0.207336 -0.412972 0.20099 30.8787 -4.18617 -0.675218 2.90354 0.0123721 -0.0735748 1.25659 -3.64528 0.0260746 0.822382 -0.0650005 0.341309 -2.37214
452.824 0.334001 0.541562 2.08797 2.96267 0.207213 0.415813 0.327065 0.569404 2.14503 2.92515 0.100764 0.425678 -0.00693532 0.0278421 0.0570569 -0.0375177 -0.106449 0.00986522 0.0638652 6.51975 0.409451 0.544697 1.89947 2.61893 0.00695364 0.00991043 0.0754502 0.00313467 -0.188505 -0.343735 -0.200259 -0.405903 0.203068 30.8859 -4.20581 -0.756086 2.90031 0.013837 -0.0718087 1.29227 -3.70982 -0.0306014 0.818024 -0.0680216 0.353842 -2.33106
453.171 0.323944 0.54145 2.08869 2.96927 0.20226 0.412544 0.313044 0.572723 2.16128 3.00964 0.366182 0.397391 -0.0108992 0.0312736 0.0725899 0.0403742 0.163921 -0.0151525 0.079788 9.76875 0.403748 0.555854 1.89854 2.61838 0.00340827 0.00470739 0.079804 0.0144047 -0.190146 -0.350884 -0.198852 -0.407836 0.206717 31.2205 -4.21884 -0.817034 2.89845 0.0158308 -0.071565 1.31908 -3.75683 -0.0752117 0.815109 -0.0728943 0.360255 -2.30066
453.504 0.315168 0.543683 2.08862 2.97254 0.19517 0.409509 0.297959 0.566552 2.13502 2.9411 0.453363 0.362711 -0.0172092 0.0228692 0.0464011 -0.0314395 0.258193 -0.0467986 0.0545181 15.0377 0.39851 0.559619 1.90071 2.61866 0.0071721 0.00926007 0.0833419 0.0159363 -0.187908 -0.353883 -0.187998 -0.400249 0.206178 30.8346 -4.23037 -0.878193 2.8973 0.0183843 -0.0719002 1.34612 -3.80253 -0.121613 0.812613 -0.0805232 0.36347 -2.27046
453.777 0.305381 0.545543 2.08875 2.97301 0.184879 0.407171 0.289178 0.569415 2.14514 3.01547 0.333794 0.380252 -0.0162022 0.0238719 0.0563864 0.0424561 0.148915 -0.0269185 0.0633388 9.11068 0.397942 0.561128 1.90189 2.61863 0.00381376 0.00546855 0.0925614 0.0155855 -0.186857 -0.354381 -0.181065 -0.401702 0.209108 30.8767 -4.24034 -0.939546 2.89687 0.0203621 -0.0716056 1.37328 -3.84677 -0.169783 0.810576 -0.0903793 0.363517 -2.24017
454.214 0.294549 0.545022 2.0916 2.96975 0.170495 0.406835 0.278242 0.571832 2.14717 3.00459 0.307502 0.383329 -0.0163076 0.0268101 0.0555704 0.0348439 0.137007 -0.0235057 0.0638184 8.28764 0.39267 0.562016 1.90368 2.61872 0.00392196 0.00593706 0.0981208 0.0169947 -0.187917 -0.351027 -0.166573 -0.400898 0.212672 30.5792 -4.25113 -1.02158 2.8973 0.0222787 -0.0713927 1.40984 -3.90323 -0.236682 0.808486 -0.105727 0.35929 -2.19905
454.528 0.284012 0.551413 2.09053 2.96189 0.156294 0.404106 0.267403 0.573052 2.14452 3.08443 0.407725 0.369128 -0.0166089 0.0216386 0.0539834 0.122541 0.251432 -0.0349777 0.0604838 16.3832 0.391116 0.559404 1.90655 2.6186 0.00729968 0.010543 0.107104 0.00799097 -0.183984 -0.343286 -0.148994 -0.393563 0.213038 29.8168 -4.25732 -1.08321 2.89834 0.023611 -0.0719556 1.43765 -3.94351 -0.288811 0.807293 -0.117903 0.352648 -2.16713
454.863 0.276574 0.554038 2.09255 2.95121 0.144528 0.403796 0.25711 0.575422 2.13479 -3.09745 0.187325 0.385493 -0.0194637 0.0213847 0.0422322 -6.04866 0.042797 -0.0183027 0.051183 13.867 0.389924 0.563935 1.90486 2.61859 0.00330931 0.00528474 0.113351 0.00989772 -0.187689 -0.332622 -0.141219 -0.398511 0.219485 29.655 -4.26186 -1.1449 2.89997 0.0245146 -0.072703 1.46597 -3.98191 -0.342589 0.806291 -0.129693 0.342241 -2.13388
455.154 0.26684 0.562616 2.09273 2.92926 0.128029 0.400879 0.239961 0.564591 2.07042 2.80829 0.580843 0.236508 -0.0268795 0.00197443 -0.0223091 -0.120972 0.452815 -0.164371 0.0349872 27.5991 0.385759 0.563738 1.9055 2.61859 0.00426405 0.00606939 0.118919 0.00112176 -0.187234 -0.310668 -0.123764 -0.394809 0.221809 28.6426 -4.26534 -1.2272 2.90288 0.0262444 -0.0739638 1.50454 -4.02998 -0.41674 0.805077 -0.144033 0.322421 -2.08739
455.421 0.261602 0.567212 2.09386 2.91 0.116971 0.399175 0.240015 0.584161 2.13423 3.00221 0.436716 0.341723 -0.0215878 0.0169492 0.0403676 0.0922081 0.319745 -0.0574516 0.0488145 19.5852 0.385206 0.555726 1.91118 2.6189 0.00767055 0.0106022 0.123604 -0.0114859 -0.182681 -0.291101 -0.1093 -0.388573 0.220867 27.6139 -4.26599 -1.28893 2.9054 0.0277105 -0.0743714 1.53397 -4.06355 -0.474032 0.804171 -0.153756 0.303973 -2.05125
455.73 0.255672 0.569923 2.09566 2.88908 0.105396 0.397864 0.231718 0.584355 2.11803 2.99537 0.424227 0.321174 -0.0239537 0.0144325 0.0223741 0.106291 0.318831 -0.0766892 0.0358145 20.0916 0.379296 0.561352 1.90751 2.61883 0.00245506 0.00375519 0.123624 -0.00857066 -0.188146 -0.270256 -0.102941 -0.394108 0.225289 27.2575 -4.26495 -1.35064 2.90803 0.0285527 -0.0737878 1.56351 -4.09492 -0.532609 0.803201 -0.16299 0.283268 -2.01439
456.597 0.238851 0.580758 2.10223 2.81447 0.0697847 0.395132 0.218609 0.608171 2.16923 3.05579 0.245543 0.361216 -0.0202423 0.0274127 0.0669993 0.241319 0.175758 -0.0339157 0.0751672 17.4438 0.368346 0.551216 1.91672 2.61875 0.00134363 0.0021869 0.129495 -0.0295427 -0.185512 -0.195719 -0.0684411 -0.392945 0.228159 25.0637 -4.24915 -1.55523 2.91611 0.0302 -0.0736362 1.6619 -4.18259 -0.735127 0.799476 -0.191506 0.211075 -1.88887
456.903 0.232929 0.583011 2.10404 2.79398 0.0602677 0.393278 0.212243 0.613189 2.17368 3.08054 0.353187 0.341146 -0.0206863 0.0301774 0.0696398 0.286561 0.292919 -0.0521321 0.0786657 24.0482 0.363802 0.54408 1.92104 2.61898 0.00312441 0.00505254 0.130873 -0.0389316 -0.183004 -0.175006 -0.0571433 -0.388225 0.228329 24.2997 -4.24077 -1.61606 2.91791 0.0299876 -0.0730404 1.69082 -4.20352 -0.797469 0.798166 -0.197597 0.19167 -1.85108
457.179 0.225367 0.588676 2.10498 2.76851 0.0495297 0.389168 0.207425 0.6201 2.19116 3.06655 0.234837 0.332396 -0.017942 0.0314239 0.0861803 0.298042 0.185307 -0.056772 0.0934688 20.7301 0.358645 0.535475 1.92366 2.61866 0.00291585 0.00450491 0.133278 -0.0532007 -0.181317 -0.149844 -0.0466139 -0.384663 0.231235 23.5722 -4.22706 -1.69658 2.91963 0.029811 -0.0731377 1.72878 -4.22747 -0.881263 0.796192 -0.203687 0.168934 -1.80132
457.477 0.22085 0.590815 2.10643 2.75253 0.0426118 0.386416 0.201639 0.623792 2.19065 3.06972 0.229888 0.332775 -0.0192104 0.0329768 0.0842224 0.317181 0.187277 -0.0536411 0.0924658 21.6557 0.354704 0.531941 1.92486 2.61888 0.00223131 0.0035337 0.133854 -0.0588745 -0.181564 -0.133656 -0.0403805 -0.382882 0.233128 23.1717 -4.21493 -1.7565 2.92034 0.0297187 -0.0729968 1.75671 -4.24251 -0.944415 0.794494 -0.207604 0.154377 -1.76482
457.761 0.217064 0.593933 2.10733 2.7385 0.0360761 0.383705 0.192527 0.614465 2.15479 3.07926 0.332157 0.321995 -0.024537 0.0205321 0.047465 0.340756 0.296081 -0.0617103 0.0572412 26.5298 0.350975 0.530181 1.92638 2.61818 0.0019636 0.00263194 0.133911 -0.0637518 -0.180944 -0.120317 -0.0341125 -0.381073 0.23396 22.841 -4.20125 -1.81595 2.9205 0.0297966 -0.073466 1.78415 -4.25508 -1.00765 0.792604 -0.211689 0.142149 -1.72929
458.092 0.213997 0.59886 2.10792 2.72326 0.0281525 0.380626 0.192367 0.630939 2.19039 2.74283 0.132096 0.355473 -0.0216299 0.0320793 0.0824706 0.0195707 0.103943 -0.0251528 0.0910952 6.24962 0.343643 0.531792 1.92738 2.6185 0.00305515 0.0041206 0.129646 -0.0670677 -0.180531 -0.10476 -0.0250974 -0.376505 0.232158 22.3374 -4.1806 -1.89448 2.91994 0.0304105 -0.0748613 1.82023 -4.26808 -1.09185 0.789865 -0.217636 0.129609 -1.68367
458.403 0.211395 0.604421 2.107 2.71396 0.0217201 0.378153 0.188937 0.629067 2.17103 2.64563 0.0403582 0.377005 -0.0224584 0.0246465 0.0640306 -0.0683312 0.0186382 -0.00114874 0.0721924 4.05666 0.342596 0.531884 1.92657 2.61805 -0.00113543 -0.00197382 0.131201 -0.0725365 -0.180429 -0.0959072 -0.0228555 -0.380127 0.234584 22.4369 -4.16331 -1.95282 2.91896 0.0308055 -0.0762786 1.84694 -4.27503 -1.15475 0.787714 -0.222406 0.123004 -1.65089
458.745 0.209902 0.608015 2.1067 2.70756 0.0162472 0.376651 0.182435 0.625205 2.13805 2.69688 -0.0402611 0.396127 -0.0274668 0.01719 0.0313535 -0.0106802 -0.0565083 0.0194755 0.0450884 3.47638 0.342108 0.526239 1.93061 2.6181 0.00101847 0.0011157 0.132206 -0.0817751 -0.176089 -0.0894574 -0.0152287 -0.375536 0.234889 22.0856 -4.14446 -2.0107 2.91754 0.0311754 -0.0775175 1.87356 -4.27963 -1.21729 0.785513 -0.226929 0.118646 -1.61929
459.076 0.208947 0.611051 2.10641 2.70206 0.0104017 0.375139 0.185793 0.639991 2.17881 2.71748 0.0280337 0.365331 -0.0231539 0.0289395 0.0724078 0.0154155 0.017632 -0.0098079 0.0813418 1.46126 0.33902 0.523071 1.93457 2.6187 0.00318631 0.00457043 0.130073 -0.0879809 -0.171837 -0.0833608 -0.00721535 -0.370568 0.232782 21.7288 -4.11686 -2.08716 2.9151 0.0316277 -0.078718 1.90915 -4.28213 -1.3 0.782547 -0.231841 0.115162 -1.57874
459.426 0.208726 0.613003 2.10616 2.69868 0.00737971 0.374332 0.184433 0.641028 2.17231 2.74931 -0.0822646 0.383464 -0.0242931 0.0280253 0.0661497 0.0506356 -0.0896443 0.00913217 0.0758377 5.93121 0.335985 0.526733 1.93227 2.61823 -0.000524377 -0.00103329 0.127259 -0.0862701 -0.173894 -0.0804429 -0.00790409 -0.375365 0.232114 21.9787 -4.09428 -2.14396 2.913 0.0317745 -0.0797007 1.93601 -4.28137 -1.36145 0.780319 -0.234386 0.113212 -1.54917
459.873 0.209748 0.613706 2.10622 2.69528 0.00476427 0.374093 0.183252 0.646428 2.18126 2.68783 -0.0425382 0.387812 -0.0264958 0.0327219 0.0750382 -0.00745261 -0.0473025 0.0137188 0.0860435 2.85184 0.335555 0.519902 1.93424 2.61832 0.00169564 0.00188119 0.125808 -0.0938036 -0.171984 -0.0769602 -0.00306863 -0.372212 0.23282 21.7589 -4.07009 -2.20026 2.91081 0.0321018 -0.0803427 1.96315 -4.27845 -1.42237 0.778137 -0.236935 0.110724 -1.51995
460.244 0.212545 0.614947 2.10612 2.6901 0.00221646 0.374514 0.186025 0.64655 2.18168 2.71875 0.035151 0.362738 -0.0265199 0.031603 0.0755599 0.0286461 0.0329345 -0.0117756 0.0860892 2.59827 0.334008 0.520365 1.93244 2.61853 0.00322768 0.00380557 0.121463 -0.0945821 -0.173681 -0.071574 0.00101122 -0.370708 0.232086 21.6169 -4.04426 -2.25604 2.90868 0.0329256 -0.0813164 1.99062 -4.27349 -1.48276 0.775994 -0.240306 0.106505 -1.4907
460.621 0.219703 0.61946 2.10563 2.67813 0.000143724 0.376603 0.189021 0.646625 2.1819 2.69273 -0.0409809 0.387273 -0.0306824 0.0271644 0.0762688 0.0146049 -0.0411247 0.0106705 0.0865809 2.57815 0.338502 0.523984 1.93089 2.61788 -0.000545108 -0.0019243 0.118799 -0.0954769 -0.174739 -0.0602493 -0.000688832 -0.378527 0.231868 21.9585 -4.00719 -2.32952 2.90602 0.0348156 -0.0843807 2.02821 -4.26382 -1.56249 0.773143 -0.245706 0.0969025 -1.45111
460.967 0.22603 0.623765 2.10483 2.66618 -0.00132966 0.379069 0.193911 0.648247 2.16226 2.62737 -0.0154459 0.375168 -0.0321188 0.0244817 0.0574267 -0.0388088 -0.0141163 -0.00390132 0.0702054 2.37833 0.342283 0.522954 1.93062 2.61795 0.00161068 0.000992456 0.116253 -0.100812 -0.174216 -0.0482246 0.00294034 -0.378077 0.232442 21.8359 -3.9773 -2.38395 2.90412 0.0363199 -0.0868208 2.05753 -4.25435 -1.62167 0.770996 -0.250202 0.0867365 -1.42091
461.345 0.231338 0.622711 2.1062 2.65394 -0.0040075 0.383738 0.201478 0.650176 2.16239 2.62846 -0.0138066 0.375561 -0.0298596 0.0274651 0.0561903 -0.0254834 -0.0097991 -0.0081772 0.0693057 1.63662 0.342914 0.523267 1.92998 2.6185 0.00237756 0.00256762 0.111577 -0.0994435 -0.176218 -0.0354417 0.00638506 -0.38117 0.231065 21.9372 -3.94555 -2.43777 2.90217 0.0367444 -0.0875019 2.08748 -4.24308 -1.68029 0.768843 -0.25537 0.0747056 -1.3904
461.684 0.239636 0.61974 2.10907 2.63705 -0.00792861 0.392502 0.208606 0.654117 2.17867 2.64704 0.0610233 0.371732 -0.0310306 0.0343764 0.0695965 0.00998906 0.0689519 -0.02077 0.0835961 4.16979 0.350848 0.522206 1.93261 2.61824 -0.000322337 -0.00116035 0.111212 -0.0975347 -0.176461 -0.0188132 0.00760628 -0.393662 0.23026 22.5892 -3.90024 -2.5085 2.8994 0.0372406 -0.0887479 2.12836 -4.22544 -1.75755 0.766001 -0.264272 0.0573778 -1.34941
462.118 0.243329 0.619867 2.10938 2.62255 -0.0138798 0.399149 0.212382 0.647862 2.15806 2.57726 0.00367973 0.38563 -0.030947 0.0279953 0.0486823 -0.0452873 0.0175595 -0.0135188 0.0641203 2.89232 0.355327 0.520045 1.93589 2.61832 0.0016092 0.00192789 0.111998 -0.0998223 -0.173485 -0.00422651 0.015489 -0.397221 0.229358 22.7789 -3.86402 -2.56066 2.8972 0.0368837 -0.0892508 2.15968 -4.21031 -1.81486 0.763929 -0.27218 0.0438556 -1.31839
462.5 0.247471 0.617212 2.11116 2.60874 -0.0194269 0.407203 0.219721 0.651971 2.18411 2.64128 -0.00830695 0.395055 -0.0277503 0.0347595 0.0729482 0.0325376 0.01112 -0.0121478 0.0854385 2.08074 0.357555 0.525661 1.93447 2.61844 -0.000576757 -0.00102924 0.110084 -0.0915504 -0.176691 0.00969477 0.0188502 -0.408232 0.227419 23.4155 -3.8259 -2.612 2.89498 0.0362745 -0.0895118 2.19144 -4.1936 -1.87166 0.761977 -0.280546 0.0300129 -1.28702
462.951 0.254041 0.616109 2.11296 2.58868 -0.0255217 0.418195 0.224828 0.648925 2.18666 2.62621 -0.0632767 0.413515 -0.0292126 0.032816 0.073695 0.0375334 -0.037755 -0.00468003 0.0857975 3.05351 0.362691 0.525218 1.93609 2.61805 0.000725055 0.000637413 0.10865 -0.0908919 -0.176869 0.0293737 0.0262468 -0.417558 0.226603 24.0082 -3.77216 -2.67901 2.8922 0.0357025 -0.0912095 2.23461 -4.16886 -1.94675 0.759674 -0.291471 0.0110185 -1.2443
463.266 0.261468 0.614133 2.11533 2.57346 -0.0273796 0.426795 0.230707 0.645858 2.17981 2.59297 0.0115031 0.404187 -0.0307615 0.0317249 0.0644773 0.0195089 0.0388827 -0.0226072 0.0781669 2.80477 0.366191 0.527548 1.93704 2.61798 0.00214129 0.00240753 0.104723 -0.0865851 -0.178291 0.0445191 0.0295209 -0.424387 0.224168 24.4726 -3.72968 -2.72813 2.89037 0.0358519 -0.0929421 2.2678 -4.14844 -2.0027 0.758186 -0.29862 -0.00421085 -1.21131
463.58 0.26825 0.616852 2.11491 2.5557 -0.028583 0.432818 0.236191 0.64768 2.18588 2.58241 -0.0396829 0.422046 -0.032059 0.0308282 0.0709725 0.026711 -0.0110998 -0.0107716 0.0837572 1.75011 0.369343 0.530693 1.93568 2.61786 0.00473981 0.00580311 0.101092 -0.0861586 -0.179224 0.0621621 0.0333228 -0.427015 0.223079 24.7506 -3.68531 -2.7762 2.88872 0.0363179 -0.0951084 2.30169 -4.1264 -2.05838 0.756886 -0.303819 -0.0198455 -1.17759
464.405 0.283558 0.612649 2.11805 2.51995 -0.0221158 0.442177 0.254455 0.648474 2.19535 2.48932 -0.0221789 0.41797 -0.0291028 0.0358246 0.0773063 -0.0306257 -6.31226e-05 -0.0242072 0.0900369 2.26071 0.371656 0.536294 1.93224 2.61842 0.00250724 0.00273571 0.0880984 -0.0763553 -0.185811 0.0984688 0.024623 -0.439441 0.219357 25.7765 -3.57432 -2.88394 2.88525 0.036629 -0.0971104 2.3825 -4.06849 -2.18753 0.754413 -0.304736 -0.0552796 -1.09713
464.73 0.289627 0.610848 2.11926 2.50696 -0.0153211 0.442858 0.260994 0.642768 2.18587 2.45109 -0.0128048 0.430947 -0.0286328 0.0319198 0.0666044 -0.055873 0.00251629 -0.0119112 0.079214 3.28575 0.368471 0.538015 1.92889 2.61828 0.00353505 0.00426193 0.0788437 -0.0728334 -0.190368 0.11132 0.0188561 -0.438596 0.218543 25.8996 -3.52359 -2.92801 2.88381 0.0367091 -0.0980474 2.41773 -4.04086 -2.24261 0.753566 -0.299997 -0.0681648 -1.06229
465.114 0.294122 0.609681 2.12014 2.4966 -0.00710735 0.441324 0.26534 0.636606 2.17447 2.50596 -0.00656413 0.443467 -0.028782 0.0269253 0.054332 0.0093622 0.000543226 0.00214345 0.0671218 0.551784 0.369462 0.537175 1.92725 2.61808 1.24411e-05 -0.00051533 0.0753393 -0.072506 -0.192894 0.121483 0.00711979 -0.441839 0.219411 26.2192 -3.47099 -2.97072 2.8822 0.0363112 -0.0992242 2.45319 -4.01156 -2.29756 0.752777 -0.292474 -0.0779211 -1.02737
465.43 0.297578 0.607451 2.12118 2.48883 0.00547276 0.435391 0.27262 0.639357 2.18725 2.45744 -0.0100312 0.430305 -0.0249577 0.0319062 0.0660703 -0.0313881 -0.0155039 -0.00508657 0.0774995 2.02739 0.368276 0.533774 1.92674 2.61802 0.000641995 0.000774247 0.0706981 -0.0736765 -0.19443 0.129194 -0.00483076 -0.434617 0.219612 25.9851 -3.39802 -3.02544 2.87958 0.0350513 -0.100545 2.50064 -3.96989 -2.37057 0.751745 -0.278074 -0.0845277 -0.980661
466.001 0.297927 0.599955 2.12259 2.49465 0.024426 0.4184 0.270169 0.620407 2.14494 2.46937 -0.00423526 0.436498 -0.0277588 0.0204514 0.0223535 -0.0252754 -0.0286613 0.0180986 0.0410913 2.42882 0.359911 0.528588 1.92245 2.61822 -0.00116456 -0.0017248 0.0619838 -0.071367 -0.200137 0.123573 -0.0255906 -0.420125 0.221337 25.1972 -3.28278 -3.10268 2.87421 0.0322777 -0.100908 2.57125 -3.90188 -2.47953 0.750208 -0.250249 -0.0768653 -0.910162
466.332 0.294245 0.589098 2.12394 2.5134 0.0350695 0.401962 0.276874 0.633399 2.20628 2.51256 0.0288822 0.422112 -0.0173706 0.044301 0.0823435 -0.000846437 -0.00618736 0.0201499 0.0951039 1.21015 0.35491 0.516095 1.92217 2.61851 -0.000100298 -7.36956e-05 0.0606659 -0.0730029 -0.201767 0.105105 -0.0351698 -0.402036 0.222979 23.9841 -3.2024 -3.15091 2.86938 0.0297627 -0.0987189 2.61724 -3.85293 -2.55166 0.749182 -0.228973 -0.0577686 -0.862681
466.967 0.28926 0.57408 2.12409 2.55704 0.0531081 0.36992 0.266425 0.602677 2.16873 2.51805 0.061819 0.387599 -0.0228345 0.0285965 0.0446394 -0.0389908 0.00871091 0.0176791 0.0577222 2.55451 0.34827 0.505708 1.91823 2.6181 -0.00114314 -0.00219193 0.05901 -0.0683723 -0.205859 0.0610576 -0.0542512 -0.372112 0.2248 21.9108 -3.07729 -3.2182 2.86067 0.0276542 -0.0968098 2.68418 -3.77388 -2.65895 0.747701 -0.193492 -0.0114845 -0.789642
467.299 0.285427 0.564424 2.12421 2.58406 0.0628905 0.351643 0.263783 0.598724 2.17827 2.56835 0.0539359 0.375237 -0.0216432 0.0342997 0.0540622 -0.015713 -0.00895466 0.0235937 0.0675842 1.74451 0.347917 0.490681 1.91982 2.61927 0.00241505 0.00350601 0.0624904 -0.0737434 -0.204385 0.0352094 -0.0604755 -0.348137 0.226089 20.4062 -3.01292 -3.24952 2.85601 0.0266365 -0.0948751 2.71677 -3.73166 -2.7121 0.747063 -0.1738 0.0164558 -0.752358
467.97 0.274815 0.540379 2.12406 2.65287 0.0941115 0.304678 0.256413 0.577878 2.18927 2.61978 0.091215 0.317256 -0.0184019 0.0374987 0.0652057 -0.0330909 -0.00289655 0.0125781 0.0774375 2.0963 0.344441 0.472186 1.91566 2.61846 0.000177279 -0.000384325 0.0696265 -0.0681933 -0.208405 -0.0344129 -0.0939342 -0.305062 0.230067 18.299 -2.85891 -3.31636 2.84528 0.0249056 -0.089377 2.79043 -3.62576 -2.83414 0.745991 -0.119226 0.0871225 -0.664562
468.283 0.270498 0.531395 2.12345 2.68295 0.111998 0.284029 0.248934 0.564754 2.18308 2.59661 0.13455 0.272719 -0.0215633 0.0333589 0.0596275 -0.0863363 0.0225523 -0.0113102 0.0716466 5.07636 0.340709 0.463912 1.91647 2.61893 0.00406128 0.00506421 0.0702114 -0.0674823 -0.206984 -0.0640155 -0.107937 -0.278965 0.228749 17.3211 -2.79163 -3.34228 2.8409 0.0246373 -0.0874194 2.82126 -3.57718 -2.88527 0.745704 -0.0923917 0.118425 -0.626964
468.633 0.26562 0.521616 2.12205 2.72194 0.138888 0.25798 0.24609 0.556644 2.19215 2.66476 0.149206 0.25525 -0.0195295 0.0350281 0.0701 -0.0571803 0.0103175 -0.0027298 0.0807613 3.31056 0.339164 0.458522 1.91354 2.61837 0.00211377 0.00214021 0.0735439 -0.0630938 -0.208507 -0.103575 -0.136774 -0.25584 0.229923 17.2817 -2.70104 -3.37425 2.8356 0.0248042 -0.085498 2.86203 -3.50945 -2.9521 0.745627 -0.0554063 0.159555 -0.577212
468.96 0.261182 0.513474 2.12132 2.74982 0.15983 0.24029 0.242144 0.548707 2.19103 2.66795 0.143333 0.256933 -0.0190381 0.0352332 0.0697092 -0.0818666 -0.0164969 0.0166428 0.0803941 5.0154 0.33873 0.450364 1.91194 2.61831 0.00106675 0.000825393 0.0775482 -0.0631103 -0.209379 -0.131509 -0.158764 -0.239465 0.232027 17.6168 -2.63255 -3.39625 2.83221 0.0247062 -0.0833194 2.8922 -3.45643 -3.00105 0.745792 -0.0273739 0.188301 -0.54031
469.251 0.256883 0.506492 2.12055 2.77527 0.181105 0.224393 0.234476 0.533515 2.16441 2.66655 0.132329 0.239643 -0.0224067 0.027023 0.0438584 -0.108719 -0.0487756 0.0152504 0.0561771 7.00474 0.335443 0.442268 1.91165 2.61888 0.00449824 0.00580842 0.0785602 -0.0642246 -0.208906 -0.156393 -0.176607 -0.218585 0.232246 17.8262 -2.56373 -3.41653 2.82935 0.0246877 -0.08141 2.92208 -3.40155 -3.04886 0.746093 4.81827e-05 0.214708 -0.503867
469.572 0.251293 0.497743 2.11966 2.80607 0.208783 0.205776 0.231414 0.528845 2.17199 2.75017 0.169028 0.216807 -0.0198792 0.031102 0.0523273 -0.0559061 -0.0397556 0.0110312 0.0640364 4.07516 0.334145 0.437774 1.90994 2.61793 0.000654208 -0.00012112 0.0828519 -0.0599695 -0.209718 -0.188143 -0.208129 -0.205897 0.233329 19.2254 -2.47168 -3.44093 2.82633 0.0248063 -0.0786122 2.96129 -3.32559 -3.11054 0.746622 0.0349341 0.246255 -0.456025
469.862 0.248696 0.493283 2.11863 2.82602 0.229043 0.193233 0.222509 0.515877 2.15336 2.81225 0.375886 0.158598 -0.0261869 0.0225942 0.0347357 -0.0137726 0.146843 -0.0346346 0.0490186 8.62589 0.33022 0.434164 1.90912 2.61811 0.00107578 0.000302484 0.081524 -0.0591188 -0.209504 -0.207917 -0.227967 -0.19293 0.23245 20.0706 -2.40256 -3.45722 2.82466 0.0256836 -0.0770791 2.9902 -3.26663 -3.15506 0.747079 0.0592246 0.266952 -0.42081
470.187 0.247161 0.490795 2.11741 2.84301 0.248331 0.182043 0.222456 0.51278 2.16055 2.7201 0.2907 0.159474 -0.0247053 0.0219854 0.0431407 -0.122908 0.0423693 -0.0225699 0.0543583 7.23172 0.328377 0.436126 1.90875 2.61767 0.0017876 0.000792441 0.0812153 -0.0546688 -0.208658 -0.225336 -0.246543 -0.181251 0.230483 20.9452 -2.33348 -3.47177 2.82353 0.0269964 -0.0761897 3.0187 -3.20606 -3.19791 0.747574 0.0815003 0.285011 -0.386326
470.932 0.249194 0.489055 2.11458 2.86974 0.286242 0.162259 0.225954 0.519357 2.2037 2.83415 0.259622 0.170826 -0.0232408 0.0303019 0.0891206 -0.0355933 -0.0266192 0.00856637 0.0969579 2.69544 0.334196 0.429091 1.91291 2.61802 0.00380902 0.00308888 0.0850016 -0.0599639 -0.201668 -0.251723 -0.282433 -0.159171 0.226916 22.6393 -2.17277 -3.49863 2.82343 0.0323308 -0.0746835 3.08437 -3.05891 -3.29076 0.748929 0.121678 0.313241 -0.310236
471.319 0.250575 0.491026 2.11348 2.87456 0.297301 0.157243 0.222592 0.510406 2.16185 2.83065 0.266516 0.18116 -0.0279827 0.0193801 0.0483674 -0.0439136 -0.0307856 0.0239177 0.0591441 3.6383 0.335114 0.428168 1.91502 2.61749 0.00561886 0.00527059 0.0845393 -0.0628575 -0.198462 -0.257072 -0.291683 -0.151972 0.224689 23.0377 -2.10424 -3.50689 2.8245 0.0346521 -0.0747118 3.11234 -2.99361 -3.32728 0.749518 0.13207 0.318689 -0.280131
471.754 0.252023 0.496161 2.11178 2.87498 0.305077 0.153881 0.229795 0.523191 2.20366 2.82973 0.264088 0.16948 -0.0222279 0.0270306 0.0918781 -0.0452425 -0.0409894 0.0155988 0.0983175 3.786 0.339734 0.430167 1.9148 2.61722 0.0017146 0.000477412 0.087711 -0.0659934 -0.196985 -0.257759 -0.303363 -0.153404 0.225503 23.5578 -2.03597 -3.5131 2.82614 0.0369983 -0.0755338 3.14053 -2.92714 -3.36168 0.750041 0.13815 0.320129 -0.25155
472.162 0.257581 0.50798 2.10964 2.86728 0.313192 0.152358 0.230967 0.526445 2.18563 2.74428 0.152514 0.189496 -0.0266141 0.0184649 0.07599 -0.123003 -0.160679 0.0371379 0.0826059 12.0729 0.345315 0.434659 1.91612 2.61703 0.00285832 0.00199821 0.0877343 -0.0733208 -0.19352 -0.250249 -0.310334 -0.15036 0.224774 23.5436 -1.94535 -3.51799 2.82917 0.0408052 -0.0791892 -3.10405 -2.83686 -3.40406 0.750599 0.14096 0.315578 -0.215557
472.548 0.260855 0.519906 2.107 2.85611 0.317425 0.152346 0.233664 0.534882 2.177 2.79984 0.264131 0.147431 -0.0271913 0.0149766 0.0700005 -0.0562737 -0.0532943 -0.0049142 0.076575 4.39044 0.347208 0.440796 1.91805 2.61635 0.00668995 0.00675638 0.0863527 -0.0791097 -0.188956 -0.239763 -0.310735 -0.145589 0.222305 23.1461 -1.87764 -3.519 2.83194 0.0432923 -0.0822368 -3.07413 -2.76803 -3.43305 0.750849 0.140822 0.307092 -0.18982
472.943 0.264729 0.530836 2.10552 2.8409 0.321575 0.15434 0.235551 0.543098 2.15279 2.86821 0.398278 0.13253 -0.0291778 0.0122624 0.0472718 0.027302 0.0767031 -0.0218098 0.0568888 4.96964 0.349951 0.455556 1.91488 2.61702 0.0014064 0.000661217 0.0852218 -0.0752804 -0.190638 -0.223878 -0.320168 -0.153679 0.221975 23.2319 -1.81009 -3.5176 2.83508 0.0452868 -0.0851513 -3.04316 -2.69836 -3.45954 0.750974 0.139833 0.294146 -0.164889
473.278 0.269318 0.541932 2.10538 2.81611 0.326443 0.159631 0.241457 0.560017 2.17145 2.76746 0.375755 0.119095 -0.027861 0.0180849 0.0660694 -0.0486425 0.0493123 -0.0405359 0.0739491 4.08504 0.354446 0.465553 1.91949 2.61724 0.00281237 0.00305835 0.0851278 -0.0763791 -0.185884 -0.198862 -0.32363 -0.156573 0.218251 22.7681 -1.7202 -3.51184 2.83973 0.0468664 -0.0876965 -3.00031 -2.60433 -3.49086 0.750969 0.137732 0.270442 -0.132344
473.636 0.270435 0.549495 2.10503 2.79458 0.327932 0.164468 0.243462 0.566529 2.15617 2.84714 0.399669 0.128162 -0.0269726 0.0170332 0.0511385 0.0525666 0.0717375 -0.0363062 0.0602727 5.89455 0.360999 0.468078 1.92475 2.61792 0.00681958 0.00913274 0.0905643 -0.0814171 -0.180275 -0.176656 -0.321112 -0.155335 0.217554 22.0964 -1.65295 -3.50453 2.84341 0.0471448 -0.08836 -2.96716 -2.53315 -3.51134 0.750896 0.135095 0.249169 -0.107943
473.988 0.269871 0.55143 2.10678 2.77387 0.326874 0.171376 0.245449 0.573105 2.15658 2.75974 0.392338 0.145068 -0.0244221 0.0216756 0.0497961 -0.0141353 0.0654646 -0.0263076 0.0595476 4.01698 0.366241 0.476841 1.92289 2.61796 0.00194681 0.00280469 0.0963698 -0.0745892 -0.183894 -0.155909 -0.324927 -0.168571 0.220607 22.1268 -1.5859 -3.49466 2.84711 0.0462547 -0.0869345 -2.93349 -2.46157 -3.52927 0.750803 0.130985 0.226097 -0.0831008
474.343 0.269691 0.552741 2.10889 2.7529 0.324094 0.178766 0.246585 0.579197 2.17282 2.63708 0.257771 0.175886 -0.0231063 0.0264564 0.063931 -0.115817 -0.0663226 -0.00288015 0.0729453 7.60638 0.372265 0.473709 1.93082 2.61819 0.00443498 0.00646635 0.102574 -0.0790318 -0.178073 -0.134705 -0.319659 -0.1723 0.220175 21.5861 -1.51919 -3.48229 2.85075 0.0453731 -0.0855137 -2.89952 -2.38973 -3.54463 0.750712 0.125243 0.20245 -0.0573932
474.711 0.272068 0.555196 2.112 2.72569 0.319805 0.188616 0.246827 0.582573 2.17444 2.70918 0.207145 0.20391 -0.0252403 0.027377 0.0624359 -0.0165134 -0.11266 0.0152941 0.0726968 6.61512 0.374882 0.483527 1.9305 2.61845 0.00641897 0.00972007 0.102815 -0.0716692 -0.181498 -0.107241 -0.313386 -0.178896 0.220565 21.0575 -1.43102 -3.46199 2.85543 0.0448174 -0.0849215 -2.85376 -2.29377 -3.56106 0.750714 0.116089 0.17196 -0.0212071
475.046 0.271002 0.560616 2.11179 2.7049 0.313847 0.193759 0.25071 0.592372 2.20018 2.71349 0.218393 0.220613 -0.0202918 0.0317557 0.0883972 0.00859253 -0.0954541 0.0268539 0.096095 5.66746 0.380857 0.488221 1.9278 2.61767 0.000960316 0.00155898 0.109855 -0.072395 -0.183986 -0.0872313 -0.312887 -0.1922 0.226185 21.1904 -1.36561 -3.44399 2.85869 0.0440334 -0.0845514 -2.81938 -2.22182 -3.57033 0.75077 0.109067 0.150726 0.00755323
475.384 0.271584 0.564576 2.11271 2.68616 0.308262 0.198999 0.250881 0.598254 2.2115 2.67089 0.336932 0.17908 -0.0207036 0.0336782 0.0987895 -0.0152678 0.0286697 -0.0199182 0.106406 2.03298 0.388037 0.483275 1.93293 2.61742 0.00350707 0.00511592 0.116453 -0.0813009 -0.179782 -0.068737 -0.304755 -0.193883 0.229112 20.7134 -1.30093 -3.42368 2.86166 0.0434475 -0.0846839 -2.7851 -2.14998 -3.57699 0.750792 0.101793 0.131016 0.0376068
476.486 0.276944 0.580657 2.11487 2.63019 0.284788 0.216216 0.248338 0.597117 2.14947 -3.1395 0.338367 0.237169 -0.0286055 0.0164604 0.034595 -5.76969 0.0535792 0.0209531 0.0478125 29.2333 0.401258 0.494728 1.93552 2.61689 0.00333924 0.00480989 0.124314 -0.0859288 -0.179351 -0.0133006 -0.281449 -0.211406 0.23453 20.0924 -1.09138 -3.33957 2.86941 0.0429866 -0.0883269 -2.67184 -1.91204 -3.58116 0.750212 0.0713054 0.0735746 0.142963
476.9 0.277265 0.592109 2.11322 2.60665 0.273139 0.222121 0.2387 0.585606 2.08468 2.52817 0.0699903 0.257783 -0.0385655 -0.00650304 -0.0285396 -0.0784735 -0.203149 0.0356624 0.0484159 12.7643 0.400498 0.507523 1.93935 2.61665 0.00453103 0.00634857 0.123232 -0.0845861 -0.173866 0.0100078 -0.268608 -0.215772 0.229283 19.7754 -1.01044 -3.2989 2.87199 0.0429171 -0.0911864 -2.62694 -1.8178 -3.57518 0.749892 0.0578708 0.0517393 0.185822
477.354 0.278322 0.59857 2.11323 2.58919 0.266193 0.227246 0.250727 0.61594 2.15885 2.57474 0.242706 0.222601 -0.0275945 0.0173695 0.0456126 -0.0144488 -0.0234872 -0.00464527 0.0560684 1.56723 0.402449 0.51461 1.9459 2.61671 0.00170653 0.00246178 0.124127 -0.0839602 -0.167331 0.0275208 -0.264487 -0.224784 0.224626 20.0611 -0.950866 -3.26572 2.87405 0.042859 -0.0932849 -2.59327 -1.74757 -3.56782 0.749896 0.0486623 0.0349608 0.217889
477.736 0.279012 0.604238 2.11338 2.57174 0.260627 0.23182 0.260107 0.640935 2.22225 2.62132 0.196713 0.258724 -0.0189049 0.0366967 0.108872 0.0495798 -0.0639132 0.0269042 0.116435 4.67613 0.402393 0.518369 1.95359 2.61659 0.00164594 0.00230337 0.123381 -0.0858697 -0.159792 0.0448459 -0.258981 -0.229516 0.219385 20.1877 -0.892288 -3.23023 2.8763 0.0427235 -0.0951369 -2.55963 -1.67785 -3.558 0.750271 0.0410922 0.0181926 0.249854
477.97 0.280961 0.611629 2.11288 2.55358 0.257393 0.235587 0.254163 0.629058 2.1555 2.52298 0.218124 0.242956 -0.0267981 0.0174293 0.0426124 -0.0306049 -0.0392689 0.00736889 0.0532704 2.94344 0.40443 0.521737 1.95738 2.6165 0.00364695 0.0051021 0.12347 -0.0898922 -0.155503 0.0629134 -0.253746 -0.230485 0.21796 20.2513 -0.834722 -3.19242 2.8788 0.0431148 -0.0980004 -2.52573 -1.60869 -3.54574 0.751108 0.0350707 0.00170776 0.281685
478.246 0.281686 0.613923 2.11452 2.53761 0.255681 0.239934 0.258113 0.643268 2.18093 2.6185 0.211118 0.264798 -0.0235727 0.0293455 0.0664145 0.0808968 -0.0445633 0.0248645 0.0763395 5.1935 0.401715 0.530337 1.95326 2.61689 0.000120326 0.000803024 0.120029 -0.083586 -0.161251 0.0792844 -0.255561 -0.239131 0.217705 20.9154 -0.778176 -3.15227 2.88134 0.042549 -0.0994341 -2.49171 -1.5402 -3.53107 0.752289 0.0313 -0.0141006 0.313403
478.602 0.278188 0.613276 2.11638 2.51831 0.254117 0.242525 0.257999 0.644775 2.17992 2.52299 0.228981 0.26003 -0.0201884 0.0314992 0.063536 0.004681 -0.0251361 0.0175057 0.0737333 1.73889 0.403008 0.523369 1.95786 2.61768 0.000352844 0.00186707 0.12482 -0.0899063 -0.158519 0.0993741 -0.253764 -0.240658 0.220888 21.2738 -0.704432 -3.09515 2.8845 0.0406321 -0.0987335 -2.44657 -1.45003 -3.50778 0.754157 0.0307227 -0.0336794 0.355804
478.897 0.274309 0.607025 2.11973 2.50683 0.254147 0.242991 0.25445 0.642646 2.18251 2.48201 0.263996 0.234882 -0.0198592 0.0356207 0.0627822 -0.024822 0.00984935 -0.00810866 0.0748654 1.48938 0.394156 0.523572 1.95664 2.61845 0.0011411 0.00344981 0.119848 -0.0834535 -0.16309 0.111623 -0.253006 -0.239541 0.218921 21.4569 -0.650447 -3.04979 2.88654 0.0385632 -0.0963747 -2.41334 -1.38336 -3.48757 0.75564 0.0332505 -0.0468274 0.388051
479.17 0.271988 0.601438 2.12239 2.49617 0.255206 0.24073 0.246383 0.626455 2.15323 2.44681 0.225005 0.241135 -0.0256048 0.0250172 0.0308417 -0.0493635 -0.0302015 0.000405444 0.0472512 3.32036 0.392405 0.522379 1.95577 2.61749 -0.00179187 -0.00183314 0.120418 -0.0790594 -0.166617 0.121321 -0.256998 -0.242563 0.220255 21.9365 -0.597705 -3.00246 2.88831 0.037452 -0.0944864 -2.38073 -1.31754 -3.46512 0.757171 0.0370306 -0.0583175 0.421109
479.756 0.269807 0.588962 2.12772 2.47614 0.257298 0.228665 0.246687 0.619407 2.18121 2.49492 0.252952 0.240125 -0.0231202 0.0304453 0.0534909 0.0187847 -0.00434672 0.0114599 0.0657475 1.1378 0.39126 0.510779 1.96352 2.61769 -0.00103264 -0.000448783 0.121453 -0.0781827 -0.164199 0.141549 -0.258331 -0.229114 0.218689 21.9739 -0.480066 -2.88512 2.89151 0.0365453 -0.0913219 -2.30647 -1.16749 -3.40432 0.760839 0.0472083 -0.0783045 0.502451
480.074 0.266194 0.582406 2.13039 2.46916 0.255493 0.221994 0.248485 0.624452 2.22277 2.4916 0.242908 0.232097 -0.0177087 0.0420453 0.0923805 0.0224326 -0.0125856 0.0101026 0.103032 1.46286 0.390659 0.50319 1.96917 2.61729 -0.00222256 -0.00207049 0.124465 -0.0792159 -0.161221 0.148127 -0.257716 -0.224064 0.218538 21.9287 -0.432222 -2.83215 2.89275 0.035191 -0.0894932 -2.2757 -1.10471 -3.37475 0.762484 0.0511846 -0.0851777 0.538889
480.37 0.261516 0.577264 2.13301 2.45864 0.252481 0.2113 0.24462 0.618662 2.22289 2.49478 0.237966 0.234337 -0.0168957 0.0413984 0.0898847 0.0361351 -0.0145148 0.0230369 0.100392 2.32237 0.384172 0.497887 1.97449 2.61755 -0.00109992 5.62369e-06 0.122656 -0.0793771 -0.158511 0.158909 -0.253581 -0.211295 0.215571 21.6039 -0.371024 -2.75933 2.8946 0.0336193 -0.0886116 -2.23548 -1.02249 -3.33208 0.764844 0.0562422 -0.0938747 0.588331
480.645 0.258104 0.573621 2.13468 2.45366 0.250503 0.205426 0.235222 0.600357 2.18139 2.42364 0.298209 0.198698 -0.0228824 0.0267362 0.0467153 -0.030019 0.0477062 -0.00672826 0.0584872 3.19659 0.379482 0.497114 1.97677 2.61769 -0.000943056 0.000464608 0.121378 -0.0765066 -0.157909 0.16403 -0.251446 -0.204962 0.213357 21.4438 -0.341562 -2.72208 2.89564 0.0324463 -0.087642 -2.21585 -0.982041 -3.30935 0.766088 0.0592065 -0.0982797 0.613203
480.967 0.251504 0.567873 2.13773 2.44266 0.247458 0.191927 0.231356 0.598429 2.19866 2.45768 0.250356 0.196102 -0.0201479 0.0305559 0.0609296 0.0150192 0.00289805 0.00417521 0.0710775 0.850878 0.371443 0.496508 1.98489 2.61747 -0.00190409 -0.00111544 0.119939 -0.0713648 -0.152842 0.174807 -0.249362 -0.193042 0.206976 21.2725 -0.284954 -2.64609 2.89808 0.0302858 -0.0863211 -2.17737 -0.902584 -3.26114 0.768776 0.0665277 -0.107322 0.662955
481.768 0.238798 0.559835 2.14298 2.41185 0.24914 0.149488 0.219274 0.593536 2.21268 2.41128 0.251992 0.147221 -0.0195238 0.0337013 0.0697015 -0.000572243 0.00285156 -0.00226638 0.0798452 0.205584 0.351247 0.48625 2.0077 2.61789 -0.000924713 0.000488986 0.112449 -0.0735856 -0.135281 0.206042 -0.250065 -0.148999 0.190685 21.0044 -0.157068 -2.44931 2.90728 0.0268416 -0.0841713 -2.08436 -0.713232 -3.12505 0.777449 0.095276 -0.131117 0.783488
482.599 0.225757 0.550485 2.14827 2.38843 0.254523 0.108964 0.206282 0.589984 2.25055 2.43671 0.261835 0.115973 -0.0194755 0.0394987 0.102274 0.0482851 0.00731124 0.00700933 0.111353 2.72448 0.331869 0.468713 2.02546 2.618 -0.000374212 0.00112671 0.106111 -0.0817721 -0.122816 0.229578 -0.254897 -0.107837 0.181742 21.0674 -0.0486508 -2.2462 2.92014 0.0231985 -0.0795462 -1.99645 -0.538922 -2.96947 0.788364 0.127247 -0.150735 0.894727
482.919 0.222003 0.547868 2.14883 2.38698 0.255597 0.0980652 0.20183 0.585576 2.24505 2.39333 0.28295 0.0925263 -0.0201726 0.0377079 0.0962202 0.00634958 0.0273533 -0.00553891 0.105296 1.65847 0.330809 0.459112 2.03269 2.61844 0.00211286 0.00496358 0.108806 -0.0887552 -0.116134 0.231464 -0.253484 -0.0931016 0.182217 20.7912 -0.0198515 -2.18472 2.924 0.0224023 -0.0775322 -1.97122 -0.490017 -2.91976 0.791695 0.135348 -0.152067 0.926442
483.211 0.220319 0.548908 2.14825 2.38991 0.258806 0.0845031 0.197288 0.580944 2.23849 2.41627 0.305129 0.0713911 -0.0230308 0.0320355 0.0902382 0.0263539 0.0463225 -0.013112 0.0984867 3.24341 0.334762 0.451907 2.04104 2.61748 0.00159462 0.00341937 0.114443 -0.0970017 -0.10721 0.227561 -0.257212 -0.0810837 0.184392 20.5763 0.0159153 -2.10269 2.92858 0.0225138 -0.0772691 -1.93818 -0.42762 -2.85184 0.795981 0.145381 -0.147061 0.967817
483.991 0.220313 0.548937 2.14432 2.42935 0.271683 0.0615216 0.193004 0.572958 2.18951 2.39357 0.253607 0.0642885 -0.0273088 0.0240207 0.0451953 -0.0357812 -0.0180754 0.00276689 0.0580119 2.33867 0.342004 0.449446 2.04852 2.61826 0.00189433 0.00434584 0.121691 -0.0994913 -0.0957995 0.188914 -0.269789 -0.0571758 0.184078 19.3836 0.0854308 -1.91819 2.93569 0.0232054 -0.0759602 -1.86469 -0.300228 -2.69411 0.805051 0.167548 -0.104756 1.0565
484.66 0.220456 0.54522 2.13983 2.48423 0.283546 0.0530576 0.187724 0.558473 2.1522 2.3921 0.340702 0.0236248 -0.032732 0.0132522 0.0123646 -0.0921254 0.0571568 -0.0294328 0.0374151 5.99603 0.34398 0.444097 2.05069 2.61757 -0.000701471 0.000633687 0.123524 -0.101123 -0.0891378 0.133337 -0.284247 -0.0524239 0.182837 18.4024 0.128972 -1.77517 2.93819 0.0226024 -0.0739045 -1.80841 -0.214349 -2.56902 0.81161 0.182218 -0.0501635 1.12135
485.718 0.234376 0.553719 2.13009 2.54621 0.312551 0.0425875 0.203282 0.576628 2.1885 2.53933 0.344457 0.0409776 -0.0310942 0.0229089 0.0584153 -0.00687261 0.0319061 -0.00160985 0.0700287 1.86593 0.352628 0.446787 2.05234 2.61686 0.00191651 0.00350187 0.118252 -0.106932 -0.0777502 0.0706576 -0.310635 -0.0390856 0.177378 18.4622 0.175196 -1.57245 2.94018 0.0241958 -0.0784225 -1.72534 -0.112584 -2.38916 0.820263 0.209046 0.0194552 1.20847
486.079 0.246666 0.558372 2.12612 2.56001 0.331009 0.0374193 0.210908 0.580406 2.18834 2.53649 0.349786 0.0390019 -0.035758 0.0220343 0.0622223 -0.0235237 0.0187764 0.00158255 0.0750717 1.75033 0.358249 0.461057 2.04411 2.61683 0.00107076 0.00199115 0.111583 -0.0973151 -0.0820055 0.0568207 -0.329938 -0.0354282 0.169251 19.3428 0.188305 -1.49162 2.94075 0.0262297 -0.0813741 -1.69007 -0.0789628 -2.31746 0.823464 0.224445 0.0383252 1.24115
486.402 0.256844 0.56009 2.12369 2.56735 0.345956 0.0345807 0.220289 0.582972 2.17663 2.51624 0.30576 0.0480447 -0.0365547 0.022882 0.0529368 -0.0511073 -0.0401959 0.013464 0.0682798 3.98978 0.364544 0.463796 2.03973 2.61746 -0.000124626 0.000832481 0.107701 -0.0962945 -0.0839623 0.0501143 -0.34608 -0.0337482 0.167098 20.1735 0.195992 -1.43096 2.94099 0.0275727 -0.0830041 -1.66263 -0.0563277 -2.26401 0.825721 0.236604 0.0490524 1.26471
486.763 0.266808 0.560038 2.12197 2.57284 0.360364 0.0336034 0.233779 0.58792 2.18785 2.53076 0.36578 0.0336086 -0.0330293 0.0278816 0.0658804 -0.0420814 0.00541587 5.22546e-06 0.0787943 2.43108 0.370615 0.463445 2.03724 2.61707 0.00206384 0.00370079 0.103807 -0.0965933 -0.0847365 0.0442287 -0.3583 -0.0299026 0.165186 20.7912 0.201759 -1.37023 2.94097 0.0283134 -0.0841299 -1.63445 -0.0357932 -2.21093 0.827787 0.247972 0.0573392 1.28754
487.061 0.274205 0.560235 2.12077 2.5751 0.369722 0.0337072 0.245428 0.589388 2.18958 2.588 0.367261 0.0496921 -0.0287771 0.0291528 0.0688111 0.0128955 -0.00246136 0.0159848 0.0800811 0.957771 0.373737 0.471355 2.0305 2.61737 0.00024792 0.00133828 0.0995317 -0.0888804 -0.0902609 0.0422678 -0.369474 -0.032369 0.1611 21.4243 0.204504 -1.32969 2.94077 0.0289069 -0.0850955 -1.61518 -0.0232205 -2.17578 0.829038 0.254755 0.0615795 1.3024
487.406 0.290947 0.557094 2.11928 2.57741 0.388224 0.0388646 0.256852 0.589291 2.18921 2.58792 0.375723 0.0475473 -0.0340947 0.0321969 0.0699303 0.0105116 -0.0125004 0.00868266 0.0841982 0.948739 0.382868 0.481475 2.02062 2.61769 -0.00183674 -0.000963535 0.0919212 -0.0756186 -0.0986596 0.040282 -0.390061 -0.0398281 0.154601 22.6253 0.207359 -1.22822 2.9398 0.0288896 -0.0862083 -1.56559 0.00464747 -2.08868 0.831654 0.266712 0.0666464 1.33856
487.734 0.296434 0.554708 2.11923 2.57673 0.392877 0.0426134 0.268266 0.585359 2.1888 2.59087 0.38418 0.0461052 -0.0281684 0.030651 0.0695725 0.0141406 -0.0086969 0.00349179 0.0810757 0.90655 0.386795 0.47986 2.01714 2.61738 -0.00188441 -0.00107295 0.0903603 -0.0748479 -0.102094 0.040655 -0.394761 -0.0436863 0.155532 22.9216 0.206861 -1.1876 2.93929 0.0282311 -0.0861533 -1.54544 0.0144857 -2.05411 0.832504 0.269051 0.0661482 1.35278
488.103 0.305587 0.552773 2.11921 2.5726 0.397527 0.0495618 0.282796 0.588705 2.21213 2.58756 0.341296 0.0765592 -0.0227917 0.0359317 0.0929243 0.0149556 -0.0562315 0.0269974 0.102203 3.54243 0.387231 0.488002 2.006 2.61738 -0.00110498 0.000237947 0.0816434 -0.0647711 -0.11321 0.0447756 -0.398632 -0.0493238 0.153874 23.2144 0.20435 -1.12672 2.93839 0.0274021 -0.0871685 -1.51482 0.0279856 -2.00249 0.833527 0.269473 0.062874 1.37409
488.469 0.320455 0.54911 2.11946 2.56227 0.398503 0.0640049 0.287092 0.576125 2.17224 2.54204 0.422353 0.0529332 -0.0333629 0.0270148 0.052779 -0.0202297 0.0238501 -0.0110717 0.0680331 1.73956 0.394424 0.497475 1.99423 2.61739 -0.00136849 -0.000162598 0.0739694 -0.0516352 -0.125235 0.0551242 -0.399871 -0.0641675 0.154342 23.5095 0.19546 -1.02547 2.93636 0.025849 -0.088601 -1.46303 0.0473905 -1.91696 0.834521 0.263294 0.0523737 1.41024
488.809 0.330088 0.547335 2.11954 2.55451 0.397084 0.0729552 0.302143 0.584922 2.21242 2.59216 0.355373 0.0738599 -0.0279449 0.0375872 0.092888 0.0376543 -0.0417101 0.00090471 0.104028 3.20711 0.397235 0.500704 1.98959 2.61732 0.00221709 0.00498037 0.0671473 -0.0466308 -0.129949 0.0628135 -0.394866 -0.0679748 0.153525 23.3495 0.1873 -0.964938 2.93481 0.0253111 -0.0897621 -1.43166 0.0572828 -1.86581 0.834766 0.257346 0.0443617 1.43273
489.426 0.347579 0.545066 2.11865 2.53812 0.392262 0.0886995 0.320916 0.575621 2.1956 2.54516 0.400004 0.0796497 -0.0266635 0.030555 0.0769546 0.00704409 0.0077413 -0.00904976 0.0869859 0.888674 0.400193 0.511632 1.97948 2.61725 0.000315242 0.00177815 0.0526138 -0.0334348 -0.139171 0.0791333 -0.391947 -0.0869213 0.152495 23.6208 0.164564 -0.8446 2.93105 0.0244559 -0.0919194 -1.36857 0.0734568 -1.76342 0.834646 0.244903 0.0271915 1.47966
490.103 0.367164 0.542613 2.11999 2.51605 0.391109 0.10536 0.338886 0.565804 2.16926 2.49369 0.393795 0.0975507 -0.0282777 0.0231911 0.0492723 -0.0223647 0.00268562 -0.00780915 0.0613613 1.19485 0.401999 0.527484 1.96637 2.61721 -0.00297235 -0.0025895 0.0348351 -0.015129 -0.153617 0.101159 -0.394082 -0.107949 0.158242 24.3849 0.126966 -0.705853 2.92652 0.0231402 -0.0962779 -1.29429 0.0868803 -1.64263 0.83409 0.234699 0.00695725 1.53718
490.434 0.371572 0.541547 2.12043 2.50595 0.392726 0.108822 0.347161 0.568608 2.17991 2.50881 0.444219 0.0869721 -0.0244107 0.0270617 0.0594845 0.00285778 0.0514931 -0.0218498 0.0697612 3.23495 0.403526 0.526565 1.96506 2.6174 -0.00209384 -0.00107689 0.0319537 -0.0149818 -0.15537 0.111447 -0.39482 -0.109899 0.159328 24.6328 0.107131 -0.647011 2.92479 0.0217606 -0.0973176 -1.26242 0.0908443 -1.59 0.83385 0.235104 -0.00185315 1.56262
490.832 0.376396 0.538945 2.12155 2.49237 0.400136 0.108985 0.353543 0.57172 2.19553 2.49773 0.411924 0.112734 -0.0228525 0.0327752 0.0739831 0.00536023 0.0117885 0.00374935 0.084083 0.738075 0.399867 0.531019 1.95893 2.61754 -0.00045519 0.00132101 0.023471 -0.00792623 -0.162626 0.125175 -0.400591 -0.107664 0.164502 25.1541 0.0772697 -0.569221 2.92262 0.0200671 -0.0982261 -1.22006 0.0943616 -1.51879 0.833555 0.242333 -0.0126548 1.59721
491.179 0.378246 0.537823 2.12203 2.48521 0.406141 0.106819 0.357438 0.567984 2.19591 2.50111 0.413887 0.113129 -0.0208084 0.0301612 0.0738813 0.0159002 0.00774664 0.00630964 0.0824689 0.94626 0.400351 0.534402 1.95589 2.61752 -0.00164433 -0.000475583 0.0221055 -0.00342073 -0.166137 0.132316 -0.407785 -0.107295 0.167636 25.6639 0.0609013 -0.530649 2.9216 0.0192948 -0.0986092 -1.19889 0.0953352 -1.48269 0.833394 0.248958 -0.0176514 1.6147
491.502 0.381818 0.534678 2.1239 2.47033 0.422251 0.100023 0.358011 0.561034 2.17648 2.46253 0.462144 0.0658402 -0.0238075 0.0263556 0.0525787 -0.00779342 0.0398933 -0.0341825 0.0634502 2.91725 0.401265 0.535347 1.95267 2.61737 -9.11452e-05 0.00169124 0.0194472 0.000668258 -0.171229 0.147039 -0.422342 -0.0983314 0.172331 26.5844 0.0253508 -0.454244 2.91975 0.0179154 -0.0993382 -1.15646 0.0956885 -1.40931 0.833013 0.267177 -0.0271882 1.64981
491.851 0.382697 0.534627 2.12366 2.45791 0.43661 0.0909202 0.358781 0.559633 2.17486 2.434 0.395007 0.0969239 -0.0239156 0.0250059 0.0512001 -0.0239117 -0.0416036 0.00600374 0.0617957 2.83863 0.400353 0.540799 1.94651 2.6181 0.00116909 0.00370314 0.0176568 0.00617163 -0.177152 0.160189 -0.435441 -0.087217 0.178137 27.3853 -0.00373388 -0.397651 2.91858 0.0171241 -0.0995616 -1.12443 0.0945316 -1.35318 0.832666 0.283901 -0.0341099 1.67598
492.146 0.384797 0.530469 2.12607 2.44225 0.458244 0.0802356 0.364694 0.562544 2.19349 2.45752 0.431302 0.0931386 -0.0201029 0.0320756 0.0674177 0.0152678 -0.0269426 0.012903 0.0773183 1.77145 0.402735 0.543607 1.94567 2.61791 -0.00115062 0.000212579 0.0179377 0.0131381 -0.180397 0.175666 -0.459395 -0.080023 0.181762 28.8795 -0.0456656 -0.323261 2.91735 0.0162411 -0.0992982 -1.08164 0.0909852 -1.27677 0.832104 0.308666 -0.0429882 1.71038
492.829 0.378556 0.52155 2.12971 2.41877 0.49792 0.0563769 0.362733 0.553468 2.19928 2.42905 0.48162 0.0666844 -0.0158229 0.0319178 0.0695728 0.0102884 -0.0162994 0.0103075 0.0781633 1.11382 0.394115 0.543387 1.95219 2.61865 0.00299377 0.00651372 0.0155588 0.0218367 -0.177514 0.199882 -0.494926 -0.0498632 0.179528 30.9346 -0.127226 -0.19658 2.91606 0.0131886 -0.0953482 -1.00773 0.0784989 -1.13893 0.831011 0.357281 -0.0540761 1.77013
493.103 0.375516 0.521804 2.1295 2.4098 0.515929 0.0428917 0.358869 0.54959 2.19913 2.43136 0.478974 0.0681552 -0.016647 0.0277861 0.0696368 0.0215596 -0.0369545 0.0252635 0.0768015 2.52925 0.395591 0.544857 1.95539 2.61784 0.000333077 0.00184698 0.0200743 0.0230531 -0.174105 0.20804 -0.515596 -0.0410447 0.176768 32.1166 -0.165067 -0.143899 2.91592 0.0128419 -0.0946875 -0.976656 0.0704167 -1.07842 0.830689 0.378818 -0.0556095 1.79657
493.488 0.374791 0.521903 2.13009 2.40261 0.534056 0.030381 0.358851 0.552651 2.21124 2.44688 0.556187 0.0528289 -0.0159406 0.0307482 0.08115 0.0442738 0.0221317 0.022448 0.0882319 2.51264 0.396385 0.549259 1.95952 2.61792 0.000543699 0.0018876 0.0215938 0.0273567 -0.170571 0.215316 -0.533512 -0.0284934 0.174095 33.1108 -0.204522 -0.0922834 2.9161 0.0132933 -0.094826 -0.945823 0.0605574 -1.0172 0.830556 0.399718 -0.054905 1.82398
493.782 0.373208 0.523057 2.12983 2.399 0.545378 0.0215177 0.351399 0.547464 2.18299 2.39393 0.547437 0.0140327 -0.0218089 0.0244072 0.0531628 -0.0050715 0.00205847 -0.00748495 0.062431 0.390671 0.396935 0.555637 1.96117 2.61771 -0.00188019 -0.00151381 0.0237275 0.03258 -0.168658 0.218707 -0.547259 -0.0230315 0.173407 33.8665 -0.231714 -0.0584864 2.91644 0.0135322 -0.0949044 -0.925451 0.0529509 -0.976028 0.830604 0.412983 -0.0532152 1.84287
494.114 0.369747 0.529018 2.12791 2.39384 0.565904 0.0036922 0.355157 0.558834 2.22432 2.38318 0.540436 -0.000435312 -0.0145908 0.0298164 0.0964054 -0.0106593 -0.0254675 -0.00412751 0.10196 1.55116 0.397047 0.561204 1.96903 2.61728 -0.00115832 -0.000875838 0.0272999 0.0321859 -0.158884 0.22344 -0.567062 -0.00456803 0.164394 34.8863 -0.288204 0.00757973 2.91774 0.0144989 -0.0960907 -0.884936 0.0351621 -0.892999 0.831129 0.436667 -0.0475071 1.8822
494.407 0.365167 0.534571 2.12649 2.3932 0.582045 -0.0104257 0.347092 0.555874 2.18602 2.3916 0.580877 0.00405046 -0.0180746 0.0213034 0.0595321 -0.00159288 -0.00116805 0.0144761 0.0657616 0.885586 0.40074 0.565794 1.978 2.61773 -0.000942319 -0.000206575 0.0355732 0.0312232 -0.148492 0.22453 -0.582987 0.0102191 0.155853 35.6718 -0.347538 0.0715798 2.91995 0.0151211 -0.0970932 -0.844568 0.013804 -0.809319 0.832292 0.455574 -0.0394775 1.92359
495.075 0.353429 0.537029 2.12623 2.40374 0.599275 -0.0265595 0.339383 0.565754 2.19826 2.4126 0.63442 -0.0313259 -0.0140469 0.028725 0.0720294 0.00885702 0.0351448 -0.00476641 0.0788078 2.1324 0.398538 0.575881 1.99562 2.61778 -0.00290677 -0.00326864 0.0451088 0.0388523 -0.13061 0.214034 -0.602182 0.0232909 0.143538 36.4443 -0.458114 0.178487 2.92608 0.0154877 -0.0954588 -0.775556 -0.0326593 -0.662508 0.836102 0.477441 -0.0228025 2.00025
495.56 0.34317 0.539828 2.12554 2.41225 0.604568 -0.0368715 0.325542 0.569518 2.20177 2.37042 0.587777 -0.0381942 -0.0176281 0.0296901 0.0762241 -0.0418304 -0.0167908 -0.00132271 0.0836802 2.54391 0.396864 0.577944 2.01056 2.61771 -0.00329163 -0.0036828 0.0536936 0.0381155 -0.114979 0.205462 -0.607859 0.0331887 0.132499 36.569 -0.542014 0.250603 2.93261 0.0158485 -0.0940734 -0.727686 -0.0733236 -0.558385 0.840486 0.486969 -0.0128774 2.05684
496.273 0.323124 0.549391 2.12467 2.41593 0.603538 -0.0551881 0.312989 0.577865 2.2152 2.39633 0.600815 -0.0617665 -0.0101357 0.0284747 0.0905268 -0.0196029 -0.00272389 -0.00657838 0.0954392 0.973978 0.380989 0.573579 2.02622 2.61731 -0.002181 -0.00191382 0.057864 0.0241883 -0.0984517 0.201382 -0.605719 0.0532743 0.116731 36.3497 -0.683851 0.358134 2.94666 0.0150102 -0.0939323 -0.653463 -0.151613 -0.395468 0.850148 0.496893 -0.00596449 2.14769
496.562 0.316337 0.55459 2.12449 2.41193 0.600748 -0.0627005 0.298585 0.571784 2.17384 2.40185 0.600102 -0.0464091 -0.0177512 0.017194 0.0493517 -0.010073 -0.000645867 0.0162914 0.0551935 1.34697 0.377833 0.573373 2.02988 2.61712 -0.00473811 -0.00576495 0.0614967 0.0187835 -0.0946093 0.205197 -0.605486 0.0569356 0.114392 36.3993 -0.739253 0.395964 2.95268 0.0148197 -0.0947302 -0.626052 -0.185056 -0.336022 0.854174 0.498814 -0.00803368 2.1809
496.903 0.311651 0.557022 2.12627 2.40583 0.59722 -0.0683162 0.297358 0.590164 2.21413 2.43341 0.594734 -0.0444408 -0.0142934 0.0331428 0.087865 0.0275816 -0.00248622 0.0238755 0.0949896 1.40081 0.370896 0.570381 2.03526 2.61734 -0.0034543 -0.00404769 0.0592448 0.0133595 -0.0910052 0.211512 -0.600674 0.0642685 0.109409 36.242 -0.795809 0.432461 2.95885 0.0149214 -0.0951986 -0.598736 -0.220596 -0.277652 0.858177 0.498982 -0.013103 2.21321
497.227 0.305496 0.562891 2.12574 2.39524 0.588842 -0.0754591 0.290954 0.594709 2.2167 2.43475 0.552141 -0.0332266 -0.0145426 0.0318176 0.0909579 0.0395081 -0.0367011 0.0422325 0.0974535 3.07943 0.369431 0.56299 2.04521 2.61773 -0.00197552 -0.00216539 0.0639341 9.88221e-05 -0.0805235 0.222494 -0.590817 0.0732937 0.102818 35.9068 -0.872964 0.479043 2.96704 0.0157118 -0.0954315 -0.562283 -0.271039 -0.20172 0.86335 0.495892 -0.0235707 2.25462
497.558 0.302815 0.562941 2.12784 2.38782 0.582651 -0.0769546 0.283417 0.589054 2.18859 2.38146 0.572443 -0.0794195 -0.0193985 0.0261134 0.060744 -0.00636058 -0.0102079 -0.00246485 0.0689061 0.662047 0.36208 0.563511 2.04684 2.61747 -0.00394719 -0.00497721 0.0592646 0.00057001 -0.0809985 0.229642 -0.586598 0.0719774 0.100366 35.8157 -0.932086 0.512386 2.97288 0.0162146 -0.0949686 -0.534866 -0.311008 -0.146417 0.867034 0.49169 -0.0327136 2.28447
497.831 0.299627 0.56474 2.12766 2.3804 0.574978 -0.0782008 0.279636 0.59296 2.1889 2.37919 0.569904 -0.0797154 -0.019991 0.0282205 0.0612374 -0.00120415 -0.00507324 -0.00151457 0.0703282 0.300014 0.35382 0.556621 2.05264 2.61793 -0.00253548 -0.00306034 0.0541929 -0.00811871 -0.0750237 0.237536 -0.577513 0.0751405 0.092905 35.4869 -0.992217 0.544308 2.97835 0.0169384 -0.094066 -0.507313 -0.352691 -0.0926757 0.870531 0.486493 -0.0423004 2.31336
498.396 0.296986 0.563249 2.12983 2.36643 0.562788 -0.0771215 0.282793 0.610213 2.25966 2.3749 0.575037 -0.077779 -0.0141933 0.0469634 0.129822 0.00846489 0.0122497 -0.000657498 0.138783 0.865472 0.344863 0.546305 2.0609 2.61784 -0.00339328 -0.00433916 0.0478771 -0.0169442 -0.0689321 0.251405 -0.566181 0.0727823 0.085621 35.1778 -1.11521 0.603626 2.98803 0.018439 -0.0918525 -0.451977 -0.440814 0.00962859 0.876946 0.476378 -0.0613588 2.36899
498.813 0.295823 0.560576 2.13163 2.35705 0.556119 -0.0763083 0.272186 0.588563 2.19035 2.34245 0.56181 -0.0938714 -0.0236367 0.0279868 0.0587182 -0.0146008 0.00569174 -0.0175631 0.0692083 0.962255 0.339747 0.532765 2.06824 2.61779 -0.00240553 -0.00295104 0.0439235 -0.0278117 -0.0633941 0.260744 -0.558524 0.0733572 0.0819852 34.9823 -1.19894 0.639575 2.99354 0.0190832 -0.0900126 -0.415109 -0.502777 0.0737365 0.880746 0.471174 -0.073956 2.40516
499.237 0.295231 0.558781 2.13316 2.3465 0.550109 -0.076186 0.275555 0.594805 2.21716 2.34632 0.539303 -0.0672337 -0.0196756 0.0360233 0.0839959 -0.000172398 -0.0108056 0.00895237 0.0934886 0.807456 0.335824 0.525858 2.07344 2.61782 -0.00150207 -0.00165095 0.0405929 -0.0329238 -0.0597217 0.271322 -0.551611 0.0745351 0.0793627 34.8657 -1.28381 0.672456 2.99834 0.0195375 -0.0887666 -0.378258 -0.567021 0.13445 0.884119 0.466919 -0.086645 2.44095
499.599 0.296564 0.56057 2.13349 2.3367 0.546273 -0.0771416 0.275544 0.590911 2.21708 2.34891 0.53952 -0.0662553 -0.0210196 0.0303409 0.0835899 0.0122135 -0.00675319 0.0108863 0.0913765 0.760018 0.335336 0.529406 2.07108 2.6173 -0.00497975 -0.00649898 0.0387714 -0.0311644 -0.0624134 0.2806 -0.551253 0.0706426 0.0798115 35.0727 -1.34806 0.695026 3.00153 0.0202938 -0.0894606 -0.350433 -0.616546 0.177709 0.886416 0.464005 -0.0960292 2.46776
500.645 0.307366 0.572785 2.13219 2.29758 0.541455 -0.0843256 0.282841 0.60251 2.21348 2.29556 0.542736 -0.0908198 -0.0245245 0.0297244 0.0812939 -0.00201118 0.00128192 -0.00649422 0.089965 0.335718 0.346692 0.521185 2.07875 2.61754 -0.00155094 -0.00130312 0.0393264 -0.0516008 -0.0534405 0.319967 -0.543005 0.0830225 0.0840541 35.6446 -1.56589 0.756692 3.00936 0.022322 -0.0950151 -0.253172 -0.789033 0.307099 0.892483 0.46252 -0.126543 2.55666
500.973 0.311849 0.573695 2.1322 2.28676 0.541493 -0.0848906 0.286703 0.606367 2.21345 2.29271 0.544679 -0.0925219 -0.0251464 0.0326725 0.0812455 0.00595331 0.00318537 -0.00763133 0.091108 0.703322 0.346314 0.52449 2.08137 2.61769 -0.00205519 -0.00218802 0.0344645 -0.0492045 -0.0508295 0.330931 -0.543548 0.0827026 0.0786926 35.9685 -1.63237 0.77097 3.01071 0.0224904 -0.0955772 -0.222433 -0.842712 0.341471 0.893679 0.463149 -0.135613 2.58295
502.313 0.334966 0.554877 2.13917 2.24361 0.522357 -0.0518075 0.310076 0.585678 2.19397 2.23796 0.54247 -0.0860461 -0.0248894 0.0308015 0.0548046 -0.00565387 0.0201124 -0.0342387 0.0676148 2.15304 0.350906 0.510067 2.10141 2.61781 -0.00386864 -0.00493102 0.0159398 -0.0448093 -0.0377536 0.374197 -0.526226 0.0468765 0.060723 36.5397 -2.01514 0.812 3.01629 0.0198362 -0.0889995 -0.0464509 -1.16089 0.500204 0.898812 0.438468 -0.193519 2.72871
502.62 0.337353 0.553761 2.13972 2.23504 0.512215 -0.0425897 0.315008 0.586446 2.21495 2.23916 0.524036 -0.0602884 -0.0223448 0.0326851 0.0752338 0.00411202 0.0118205 -0.0176987 0.085016 1.33384 0.352383 0.504044 2.10823 2.61814 -0.00210995 -0.00233512 0.0150297 -0.0497172 -0.031481 0.3831 -0.514325 0.0402546 0.060735 36.3157 -2.0826 0.811976 3.01792 0.0195966 -0.0879855 -0.0171445 -1.21953 0.52245 0.899681 0.427247 -0.207297 2.75447
503.166 0.34274 0.554504 2.14114 2.21992 0.488881 -0.0215408 0.322916 0.588295 2.22925 2.19889 0.512365 -0.056326 -0.019824 0.0337914 0.0881101 -0.0210371 0.0234838 -0.0347851 0.0964273 2.22017 0.353065 0.508043 2.10715 2.61823 -0.00275868 -0.00334522 0.010325 -0.0464612 -0.0339954 0.398302 -0.49164 0.0181956 0.0584888 35.9612 -2.21625 0.80539 3.02196 0.0200009 -0.0877504 0.0399958 -1.33882 0.562215 0.901532 0.398868 -0.233656 2.80817
503.819 0.344614 0.554295 2.14265 2.21493 0.458441 0.00470867 0.327209 0.588712 2.23832 2.22704 0.458774 -0.00335831 -0.0174048 0.0344175 0.0956736 0.0121067 0.00033301 -0.00806698 0.103155 0.989525 0.34645 0.509461 2.10871 2.61825 -0.000724817 -0.000521824 0.00183576 -0.0448338 -0.0339394 0.403319 -0.459166 -0.0052305 0.0562612 34.9277 -2.36929 0.786727 3.02707 0.0205683 -0.0859606 0.104478 -1.48089 0.600834 0.903498 0.361213 -0.25507 2.87592
504.341 0.339077 0.557135 2.14362 2.2173 0.434278 0.0226241 0.310191 0.56461 2.14709 2.19067 0.358143 0.0511013 -0.0288865 0.00747446 0.00347789 -0.026623 -0.0761351 0.0284772 0.0300399 5.09285 0.34308 0.506116 2.11702 2.61833 -0.00151124 -0.000712532 0.00400249 -0.0510191 -0.0265919 0.401028 -0.43579 -0.0233366 0.0576723 34.0298 -2.4972 0.761425 3.03167 0.0195708 -0.0849621 0.158426 -1.60482 0.627296 0.904987 0.33316 -0.263967 2.93701

504.662 0.332884 0.557389 2.14509 2.21906 0.423942 0.0289491 0.315468 0.584452 2.20395 2.19041 0.449182 0.0144779 -0.0174166 0.0270625 0.0588545 -0.0286545 0.0252394 -0.0144713 0.0670788 2.07905 0.334875 0.511194 2.11273 2.6182 -0.00432553 -0.00498589 0.00199091 -0.0461951 -0.0323676 0.399136 -0.428268 -0.033935 0.0564412 33.7549 -2.55986 0.745666 3.03426 0.0180493 -0.0839104 0.184857 -1.66751 0.638196 0.905758 0.322884 -0.266824 2.96777
505.03 0.324028 0.561682 2.14582 2.21803 0.412826 0.0322423 0.30407 0.577443 2.17052 2.18966 0.435163 0.0504644 -0.0199582 0.015761 0.0247039 -0.028371 0.0223366 0.0182221 0.0354545 2.60128 0.328226 0.509089 2.11515 2.61817 -0.00349316 -0.0039313 0.00419806 -0.052593 -0.0306725 0.400139 -0.416319 -0.0361736 0.0610283 33.3256 -2.6419 0.721662 3.03805 0.0165446 -0.0836377 0.21965 -1.75184 0.650294 0.906759 0.31372 -0.271062 3.00845
505.29 0.310269 0.561774 2.14703 2.21767 0.40243 0.0317442 0.300461 0.590006 2.20676 2.22203 0.433559 0.035263 -0.00980771 0.0282317 0.0597249 0.00435502 0.0311289 0.0035188 0.0667854 1.80081 0.318348 0.502771 2.11777 2.61868 -0.00471325 -0.00551316 0.00807983 -0.0590028 -0.0292563 0.401011 -0.407144 -0.0372574 0.0663517 32.9955 -2.72216 0.694475 3.04208 0.0141087 -0.0802469 0.253313 -1.83686 0.659582 0.907627 0.309278 -0.276087 3.04846
505.596 0.296042 0.554802 2.15043 2.22026 0.395399 0.030049 0.284877 0.58274 2.18322 2.17624 0.404569 0.0238788 -0.0111647 0.0279373 0.032789 -0.0440217 0.0091699 -0.00617012 0.0445002 2.46339 0.29969 0.491692 2.12047 2.62045 -0.00234726 -0.00062664 0.00364831 -0.06311 -0.0299542 0.400188 -0.397746 -0.0306756 0.0699531 32.5111 -2.78107 0.672239 3.0451 0.0111355 -0.0749277 0.276854 -1.90089 0.664638 0.908162 0.308988 -0.279001 3.078
505.922 0.279535 0.545743 2.15434 2.22524 0.389034 0.0258991 0.267548 0.572836 2.18183 2.17958 0.397363 0.0260602 -0.0119868 0.0270938 0.0274851 -0.0456599 0.00832942 0.000161156 0.0404127 2.66271 0.288223 0.476953 2.12335 2.61918 -0.00500729 -0.00584929 0.0086882 -0.0687896 -0.0309904 0.393932 -0.394041 -0.0317483 0.0759467 32.1173 -2.83869 0.648711 3.04798 0.00790687 -0.068763 0.298346 -1.96494 0.668017 0.908569 0.310877 -0.279749 3.1074
506.263 0.261645 0.537532 2.15742 2.2335 0.382995 0.0187556 0.24747 0.560085 2.17304 2.19672 0.401561 0.0102224 -0.0141747 0.0225532 0.0156209 -0.0367876 0.0185664 -0.00853316 0.0308801 2.24175 0.276026 0.45502 2.13422 2.61991 -0.00419519 -0.00419082 0.0143808 -0.0825119 -0.0231998 0.386404 -0.38719 -0.0229464 0.0869095 31.4461 -2.89484 0.624194 3.05059 0.00502437 -0.0627202 0.317447 -2.02878 0.669725 0.908814 0.313895 -0.276836 3.13705
506.518 0.243123 0.530258 2.15985 2.24613 0.377107 0.00949702 0.228416 0.548497 2.17226 2.20299 0.390724 0.015081 -0.014707 0.018239 0.0124103 -0.0431326 0.0136164 0.00558402 0.0265137 2.72218 0.257288 0.450426 2.1359 2.61906 -0.00538363 -0.00684446 0.0141653 -0.0798322 -0.0239554 0.372929 -0.382491 -0.0163415 0.084544 30.6518 -2.94937 0.598973 3.05287 0.00262506 -0.0571501 0.333952 -2.09221 0.669777 0.90892 0.317093 -0.26921 -3.11595
506.888 0.217446 0.522244 2.16196 2.27027 0.368741 -0.0052212 0.21294 0.559174 2.24929 2.26928 0.370108 0.00735032 -0.00450576 0.0369296 0.087331 -0.00099243 0.00136673 0.0125715 0.0949253 0.747034 0.23623 0.436648 2.14309 2.61929 -0.005182 -0.00664595 0.0187844 -0.0855962 -0.0188721 0.349014 -0.373923 -0.00142475 0.0896422 29.2369 -3.01934 0.564697 3.05555 7.27469e-05 -0.0504128 0.351812 -2.1758 0.667297 0.908993 0.320636 -0.251638 -3.07493
507.241 0.198231 0.515552 2.16358 2.29404 0.362368 -0.01677 0.187246 0.537819 2.1905 2.25598 0.391797 -0.0160776 -0.0109846 0.0222676 0.0269248 -0.0380624 0.0294286 0.000692456 0.0366259 2.76838 0.21975 0.422661 2.1508 2.61975 -0.00487081 -0.00627076 0.0215191 -0.0928907 -0.0127839 0.325708 -0.367239 0.0104993 0.0962039 27.9894 -3.06964 0.538805 3.05734 -0.00137354 -0.0455279 0.362173 -2.23745 0.663537 0.909107 0.322531 -0.232732 -3.04383
507.572 0.171366 0.510564 2.16246 2.33612 0.353296 -0.0341065 0.160386 0.513435 2.11401 2.20221 0.379409 -0.046496 -0.0109794 0.00287166 -0.0484508 -0.133914 0.026113 -0.0123895 0.0497622 7.59647 0.190969 0.411441 2.15532 2.62034 -0.00468106 -0.00600432 0.0196032 -0.0991223 -0.00713854 0.284215 -0.357977 0.0281022 0.101294 26.0082 -3.13369 0.504423 3.05932 -0.00286615 -0.0391342 0.372228 -2.31775 0.656028 0.909406 0.324335 -0.199015 -3.00246
507.961 0.15136 0.507304 2.16123 2.37312 0.346674 -0.0464573 0.141361 0.526546 2.19133 2.30253 0.361535 -0.0399592 -0.00999882 0.0192419 0.0301037 -0.0705947 0.0148606 0.00649819 0.0371007 4.27407 0.171945 0.404379 2.15908 2.6197 -0.00518339 -0.00715863 0.0205846 -0.102925 -0.00215425 0.246576 -0.351857 0.0392987 0.104985 24.4556 -3.17938 0.478979 3.0605 -0.0039042 -0.0348501 0.377206 -2.3762 0.64859 0.90977 0.325155 -0.168005 -2.97208
508.34 0.131618 0.505842 2.15907 2.41352 0.340002 -0.0582579 0.12108 0.535961 2.24231 2.42715 0.378805 -0.0605437 -0.010538 0.0301196 0.0832359 0.0136307 0.0388028 -0.00228581 0.0891429 2.3752 0.15388 0.390695 2.16739 2.61947 -0.0053418 -0.007708 0.022262 -0.115146 0.00831675 0.205954 -0.345344 0.0505499 0.117573 22.9393 -3.22302 0.454006 3.06152 -0.00487544 -0.0311895 0.380234 -2.4329 0.639673 0.910303 0.325529 -0.13342 -2.94283
508.937 0.0914667 0.506821 2.15103 2.51723 0.328276 -0.0840586 0.0769078 0.522265 2.18514 2.43138 0.375762 -0.0959029 -0.0145589 0.0154439 0.0341145 -0.085855 0.0474867 -0.0118443 0.040178 5.45474 0.107463 0.378702 2.17308 2.61925 -0.00522439 -0.00835931 0.015996 -0.128119 0.022052 0.102019 -0.3335 0.0756993 0.130983 20.2336 -3.31684 0.398293 3.06329 -0.00565899 -0.0240665 0.38111 -2.55676 0.613404 0.912391 0.328118 -0.0425565 -2.88095
509.254 0.0768434 0.508187 2.14678 2.56406 0.32605 -0.0942747 0.0591143 0.512094 2.13092 2.47785 0.385379 -0.114707 -0.0177291 0.00390663 -0.0158566 -0.0862121 0.0593287 -0.0204319 0.0241042 5.76959 0.0902947 0.372167 2.17675 2.61931 -0.00527451 -0.00847711 0.0134513 -0.13602 0.0299774 0.0552537 -0.331324 0.0857976 0.139932 19.7294 -3.35364 0.375721 3.06373 -0.00574508 -0.0214735 0.37947 -2.60554 0.599958 0.913655 0.331589 -0.000601861 -2.85757
509.57 0.0634408 0.510129 2.14208 2.61162 0.325619 -0.10378 0.0428851 0.53352 2.20353 2.5704 0.33317 -0.101535 -0.0205557 0.0233912 0.0614565 -0.0412156 0.00755128 0.0022451 0.0688955 2.44473 0.0747822 0.37171 2.172 2.61872 -0.00509671 -0.00816384 0.0113414 -0.138419 0.0299244 0.00710186 -0.330716 0.0956158 0.14207 19.7038 -3.38843 0.354018 3.06393 -0.00601977 -0.019188 0.376988 -2.65132 0.58534 0.915112 0.336921 0.0423108 -2.83602
510.208 0.0363228 0.517805 2.13022 2.71909 0.327072 -0.121027 0.0148296 0.539347 2.19542 2.65914 0.363452 -0.1454 -0.0214932 0.0215422 0.0652027 -0.0599474 0.0363795 -0.0243728 0.0719543 3.85275 0.0427758 0.355051 2.17105 2.6186 -0.00607722 -0.00910096 0.00645304 -0.162754 0.0408297 -0.100492 -0.333149 0.111926 0.167922 21.2077 -3.46198 0.307013 3.06301 -0.00816334 -0.0163825 0.369127 -2.74532 0.547652 0.918563 0.35271 0.141238 -2.7923
510.504 0.0270965 0.521497 2.12534 2.76082 0.326203 -0.125689 0.00421012 0.536154 2.16325 2.66046 0.347735 -0.15748 -0.0228863 0.0146571 0.0379119 -0.100359 0.0215321 -0.0317906 0.0466468 5.56542 0.030115 0.355887 2.16405 2.61839 -0.00584363 -0.00901261 0.0030185 -0.16561 0.038706 -0.142427 -0.332047 0.116677 0.1701 22.1272 -3.49039 0.288529 3.06162 -0.0095254 -0.0160627 0.36531 -2.77982 0.530471 0.919394 0.358126 0.17993 -2.7765
510.853 0.0176362 0.524386 2.12017 2.80893 0.321647 -0.129482 -0.00718132 0.549095 2.19189 2.74005 0.320578 -0.117031 -0.0248175 0.0247081 0.0717151 -0.0688797 -0.00106923 0.0124514 0.0798088 4.2267 0.0142157 0.352216 2.16035 2.61845 -0.00611408 -0.00933288 -0.00342046 -0.17217 0.0401782 -0.190482 -0.327761 0.120149 0.176829 23.2647 -3.52557 0.26553 3.05842 -0.011406 -0.0158575 0.36016 -2.82024 0.50713 0.919194 0.361571 0.224859 -2.75854
511.479 0.0113442 0.52617 2.11444 2.8631 0.308186 -0.132913 -0.019586 0.552207 2.17713 2.83439 0.367869 -0.149353 -0.0309302 0.0260366 0.062696 -0.028702 0.0596834 -0.0164402 0.0746014 3.77585 -0.00489577 0.350211 2.15913 2.61839 -0.00587751 -0.00929807 -0.01624 -0.175959 0.0446891 -0.244706 -0.314063 0.123614 0.18227 24.4601 -3.57285 0.234736 3.05057 -0.0137838 -0.0156055 0.352904 -2.8688 0.472015 0.915435 0.358758 0.272933 -2.73853
511.827 0.0123308 0.525945 2.11293 2.88037 0.29635 -0.135814 -0.0213709 0.552016 2.17645 2.83712 0.280545 -0.122926 -0.0337017 0.0260711 0.0635229 -0.0432523 -0.0158048 0.0128883 0.0764896 2.92369 -0.0153714 0.350484 2.15893 2.61828 -0.00589794 -0.0094407 -0.0277023 -0.175461 0.0460049 -0.262087 -0.302248 0.126373 0.183495 24.6373 -3.60081 0.216779 3.04372 -0.0147812 -0.0164281 0.348728 -2.89323 0.449092 0.910687 0.35257 0.288669 -2.73017
512.17 0.015509 0.524869 2.11303 2.88301 0.286999 -0.138505 -0.0179876 0.531812 2.10429 2.80203 0.314222 -0.162023 -0.0334966 0.00694327 -0.00874322 -0.0809798 0.0272226 -0.0235179 0.0353083 4.69803 -0.0222791 0.348366 2.15803 2.61816 -0.00609977 -0.00978372 -0.0377882 -0.176503 0.0450007 -0.26485 -0.293099 0.128722 0.186027 24.4085 -3.61996 0.204671 3.03789 -0.0152504 -0.0173789 0.346045 -2.90751 0.43242 0.906042 0.346471 0.291125 -2.72668
512.487 0.0203576 0.522938 2.11416 2.87717 0.277868 -0.141385 -0.0158202 0.559325 2.20868 2.89376 0.227678 -0.125078 -0.0361778 0.0363879 0.0945224 0.0165934 -0.0501898 0.0163074 0.107552 3.0987 -0.0268717 0.348944 2.15553 2.61831 -0.00582995 -0.0094309 -0.0472294 -0.173993 0.0413664 -0.258861 -0.283698 0.131954 0.184974 23.8682 -3.63756 0.193708 3.03147 -0.015574 -0.0185519 0.34378 -2.91849 0.416375 0.900489 0.339692 0.285831 -2.72566
512.839 0.0260481 0.520335 2.11618 2.86372 0.269364 -0.144057 -0.0109821 0.548237 2.17625 2.87691 0.33157 -0.13792 -0.0370302 0.0279018 0.0600728 0.0131954 0.0622059 0.00613662 0.0758847 3.63873 -0.0305482 0.347444 2.15307 2.61804 -0.00599064 -0.00934785 -0.0565963 -0.172891 0.036888 -0.245674 -0.275355 0.134709 0.185621 23.0934 -3.65364 0.183865 3.02439 -0.0160338 -0.0200135 0.341948 -2.9263 0.401114 0.89405 0.332857 0.273669 -2.72704
513.185 0.0341327 0.515715 2.12014 2.83522 0.260716 -0.147399 -0.00427358 0.536516 2.14089 2.8774 0.327603 -0.151673 -0.0384063 0.0208014 0.0207446 0.0421861 0.0668872 -0.00427386 0.0483537 4.575 -0.0342953 0.347529 2.14982 2.61807 -0.00581719 -0.00881284 -0.068428 -0.168186 0.0296798 -0.21715 -0.266533 0.138586 0.183983 21.7879 -3.67273 0.17244 3.01381 -0.0170712 -0.0222809 0.340168 -2.93216 0.382152 0.884108 0.325765 0.247914 -2.7323
513.532 0.0407182 0.510833 2.12394 2.80741 0.256796 -0.149659 0.00345683 0.547148 2.2063 2.88864 0.239771 -0.12717 -0.0372613 0.0363154 0.08236 0.0812345 -0.0170251 0.0224898 0.0974186 4.61804 -0.0370868 0.351161 2.14727 2.61842 -0.00551358 -0.00855306 -0.077805 -0.159672 0.0233353 -0.188993 -0.262309 0.141106 0.179146 20.7186 -3.68531 0.165131 3.00507 -0.0178493 -0.023943 0.339298 -2.93345 0.369134 0.875709 0.322259 0.222119 -2.73881
513.837 0.0483675 0.505869 2.12854 2.7728 0.255133 -0.151907 0.0110519 0.53717 2.18989 2.77125 0.252465 -0.162874 -0.0373156 0.0313003 0.0613512 -0.00154845 -0.00266787 -0.0109674 0.0783335 0.631181 -0.0390108 0.353722 2.14472 2.61823 -0.00567535 -0.0086888 -0.0873783 -0.152147 0.0161828 -0.154561 -0.260808 0.143218 0.176198 19.6527 -3.6964 0.158895 2.99575 -0.0185404 -0.0257536 0.338793 -2.93241 0.357257 0.866614 0.32058 0.191291 -2.74748
514.201 0.0590242 0.499116 2.13514 2.71932 0.258022 -0.155912 0.0195057 0.527529 2.18181 2.73661 0.317892 -0.180876 -0.0395186 0.0284137 0.0466691 0.0172874 0.0598702 -0.024964 0.0674319 3.94943 -0.041056 0.35558 2.14036 2.61805 -0.00591295 -0.00907977 -0.10008 -0.143536 0.00521782 -0.101266 -0.263935 0.146832 0.175059 18.568 -3.70886 0.152226 2.98256 -0.0192631 -0.0285503 0.3386 -2.92786 0.343222 0.853598 0.323198 0.143501 -2.76201
514.842 0.0752861 0.492567 2.1449 2.62684 0.273956 -0.166573 0.0380806 0.518856 2.20221 2.64116 0.245296 -0.158903 -0.0372055 0.0262897 0.0573102 0.0143164 -0.02866 0.00767026 0.073211 1.83781 -0.0367837 0.362282 2.13332 2.61767 -0.00551213 -0.00829095 -0.11207 -0.130284 -0.0115735 -0.00917793 -0.279468 0.158282 0.172243 18.4298 -3.72264 0.145615 2.96098 -0.020215 -0.0347137 0.339152 -2.9155 0.326124 0.832463 0.340356 0.0642125 -2.78884
515.212 0.0854844 0.491534 2.15075 2.56038 0.29052 -0.177487 0.0456766 0.51481 2.19754 2.57745 0.245883 -0.176377 -0.0398078 0.0232757 0.0467897 0.0170724 -0.0446369 0.0011105 0.0656939 2.7328 -0.0337537 0.368503 2.1273 2.61726 -0.0053892 -0.0079155 -0.119238 -0.123031 -0.0234588 0.0568848 -0.295909 0.169572 0.17293 19.5613 -3.72869 0.143332 2.94541 -0.0209546 -0.0402394 0.339993 -2.90452 0.317401 0.817481 0.359923 0.010049 -2.80947
515.504 0.0928064 0.491022 2.15497 2.50994 0.304631 -0.187301 0.056227 0.52119 2.23714 2.57081 0.310333 -0.178414 -0.0365794 0.0301674 0.0821655 0.0608654 0.00570241 0.00888703 0.0948646 3.38414 -0.0306563 0.373078 2.12373 2.61732 -0.00541419 -0.00790676 -0.123463 -0.117944 -0.031237 0.107376 -0.310045 0.179394 0.173579 20.9497 -3.73171 0.142657 2.93312 -0.0214745 -0.0443231 0.340812 -2.89534 0.312263 0.805789 0.377496 -0.0301169 -2.82613
515.904 0.100179 0.491223 2.15875 2.45939 0.320177 -0.19906 0.0616498 0.507549 2.19093 2.54087 0.382494 -0.251213 -0.0385293 0.0163258 0.0321827 0.0814766 0.0623171 -0.0521527 0.0527898 7.28416 -0.027073 0.377306 2.12179 2.61688 -0.00534834 -0.00790722 -0.127252 -0.113917 -0.0369612 0.157483 -0.325525 0.191153 0.174747 22.7177 -3.73353 0.142815 2.92029 -0.0217864 -0.0484934 0.341753 -2.88564 0.308227 0.793672 0.397724 -0.0691423 -2.84356
516.248 0.107636 0.493437 2.16183 2.40906 0.336525 -0.212888 0.073887 0.527459 2.26856 2.46519 0.317096 -0.199986 -0.0337494 0.0340216 0.106723 0.0561311 -0.0194291 0.0129017 0.116988 3.25606 -0.0225012 0.383281 2.12107 2.61733 -0.00538406 -0.00808733 -0.130138 -0.110156 -0.0407668 0.208271 -0.341909 0.2048 0.175306 24.7842 -3.73422 0.143749 2.90699 -0.0218528 -0.0532688 0.342789 -2.87565 0.305223 0.781206 0.420131 -0.106181 -2.86144
516.526 0.117256 0.498073 2.16492 2.34561 0.358445 -0.23346 0.0790419 0.511095 2.19425 2.40893 0.374368 -0.267723 -0.0382145 0.013022 0.0293295 0.063324 0.0159227 -0.0342631 0.0499013 4.79085 -0.0145958 0.392448 2.12022 2.61796 -0.00547047 -0.00818403 -0.131852 -0.105625 -0.0447023 0.272356 -0.363916 0.225276 0.174757 27.7168 -3.73358 0.14607 2.88852 -0.0217319 -0.0599006 0.344253 -2.86219 0.302704 0.764095 0.452026 -0.150336 -2.88508
516.933 0.124316 0.501406 2.16675 2.30244 0.375184 -0.250274 0.0912112 0.529251 2.25538 2.33459 0.330952 -0.221397 -0.0331045 0.0278452 0.0886336 0.0321526 -0.0442322 0.0288772 0.0986264 3.2318 -0.00811495 0.397894 2.11852 2.6173 -0.0053785 -0.00803126 -0.132431 -0.103513 -0.0482329 0.31486 -0.380563 0.242243 0.174869 29.8849 -3.7321 0.148505 2.87411 -0.0214572 -0.0644378 0.345361 -2.85217 0.301772 0.750938 0.4771 -0.17828 -2.90198
517.277 0.130644 0.505141 2.16796 2.26379 0.391346 -0.267653 0.0983742 0.534796 2.26209 2.32764 0.36993 -0.235336 -0.0322702 0.0296553 0.0941301 0.0638425 -0.0214156 0.0323164 0.103833 3.64422 -0.00294729 0.402204 2.11622 2.61641 -0.00526398 -0.00774411 -0.133592 -0.102937 -0.0517349 0.352614 -0.39661 0.259908 0.176406 31.9318 -3.72988 0.15144 2.85934 -0.0212853 -0.0687927 0.346458 -2.8424 0.301533 0.737539 0.502381 -0.201544 -2.91766
517.578 0.137726 0.5111 2.16857 2.22058 0.411793 -0.291144 0.102256 0.527304 2.21822 2.24722 0.385865 -0.294123 -0.0354704 0.0162036 0.0496523 0.0266417 -0.0259279 -0.00297914 0.0631352 2.18373 0.0026932 0.408433 2.11861 2.61778 -0.00535438 -0.00756072 -0.135033 -0.102667 -0.0499639 0.397201 -0.417148 0.283583 0.176836 34.4695 -3.72597 0.155989 2.83908 -0.0213536 -0.0744878 0.347875 -2.8299 0.302075 0.719296 0.535478 -0.224178 -2.93565
517.925 0.142046 0.516491 2.16827 2.19547 0.426369 -0.308649 0.109849 0.540988 2.25487 2.22625 0.41286 -0.329394 -0.0321973 0.0244979 0.0866065 0.0307728 -0.0135087 -0.020745 0.0955903 2.61299 0.00713278 0.412787 2.12231 2.6171 -0.00512159 -0.00692219 -0.134913 -0.103703 -0.0459599 0.421624 -0.43149 0.301726 0.176262 36.0515 -3.72251 0.15978 2.82353 -0.0216469 -0.0788083 0.348881 -2.82097 0.302968 0.705421 0.559253 -0.234064 -2.94611
518.258 0.145705 0.522294 2.16731 2.17761 0.440389 -0.325567 0.116066 0.549201 2.2603 2.19777 0.423279 -0.312157 -0.0296383 0.0269071 0.0929867 0.0201576 -0.0171101 0.0134105 0.101237 1.46367 0.0115692 0.41554 2.12092 2.61624 -0.00492235 -0.00635853 -0.134135 -0.106754 -0.0463919 0.438628 -0.445312 0.319209 0.177598 37.3598 -3.71874 0.163821 2.80767 -0.0221005 -0.0830702 0.349823 -2.8124 0.304156 0.691439 0.581574 -0.237449 -2.95336
518.587 0.150831 0.529524 2.16523 2.16565 0.458333 -0.346226 0.118204 0.547848 2.22676 2.18802 0.442348 -0.338574 -0.0326271 0.018324 0.0615304 0.0223709 -0.0159857 0.0076518 0.0720159 1.47803 0.0187969 0.417433 2.12327 2.61733 -0.00468067 -0.00620696 -0.132034 -0.11209 -0.0419569 0.451681 -0.463014 0.340019 0.178207 38.7216 -3.71354 0.169489 2.78604 -0.0224185 -0.0882846 0.350944 -2.80153 0.306065 0.672674 0.607761 -0.232326 -2.95751
518.921 0.155043 0.533886 2.16341 2.16446 0.470544 -0.359299 0.123218 0.559536 2.24631 2.11855 0.412306 -0.349938 -0.0318256 0.0256492 0.0828947 -0.0459152 -0.0582371 0.00936062 0.0924245 4.42111 0.0230811 0.418302 2.12538 2.61726 -0.00472248 -0.00633755 -0.131962 -0.115585 -0.0380277 0.452797 -0.475266 0.352961 0.179499 39.3962 -3.70967 0.173861 2.76954 -0.0223721 -0.0915961 0.351654 -2.79385 0.307664 0.658488 0.623721 -0.223194 -2.95688
519.214 0.159729 0.536452 2.16168 2.16848 0.481441 -0.369882 0.12917 0.560716 2.23146 2.17051 0.47341 -0.355301 -0.0305583 0.0242645 0.0697785 0.00203461 -0.00803185 0.0145814 0.0799476 0.913003 0.027409 0.416146 2.12513 2.61713 -0.0047873 -0.00664449 -0.13232 -0.120306 -0.0365465 0.448654 -0.486229 0.363238 0.182531 39.8312 -3.70597 0.178256 2.75289 -0.0220151 -0.0940273 0.352209 -2.78661 0.309328 0.644211 0.636368 -0.211485 -2.95387
519.603 0.164905 0.537277 2.16004 2.17664 0.491345 -0.378173 0.133067 0.564606 2.23142 2.1675 0.474407 -0.356712 -0.0318379 0.0273283 0.0713776 -0.00913578 -0.0169377 0.0214618 0.0827965 1.8237 0.0322979 0.411634 2.12728 2.61762 -0.00506108 -0.00711781 -0.132607 -0.125643 -0.0327675 0.440985 -0.496406 0.371056 0.185593 40.1087 -3.70252 0.182601 2.73606 -0.0213577 -0.0956719 0.35259 -2.77974 0.310981 0.629831 0.646258 -0.197919 -2.94917
519.889 0.172235 0.536729 2.15823 2.19048 0.503543 -0.386841 0.139953 0.565986 2.23293 2.18543 0.494299 -0.385272 -0.032282 0.0292569 0.0747033 -0.00504659 -0.00924373 0.00156913 0.0864794 0.629939 0.0393173 0.406364 2.1343 2.6179 -0.00533552 -0.00747977 -0.132917 -0.130365 -0.0239252 0.427419 -0.508879 0.379361 0.187708 40.3368 -3.69839 0.188192 2.71354 -0.0201596 -0.0971448 0.352817 -2.77109 0.313 0.610637 0.656852 -0.178968 -2.942
520.206 0.178083 0.535637 2.15655 2.20088 0.511429 -0.391395 0.144418 0.565496 2.2271 2.19428 0.515276 -0.41876 -0.0336643 0.0298586 0.0705474 -0.00660168 0.00384702 -0.0273647 0.0836765 1.43777 0.0443255 0.403094 2.14094 2.61778 -0.00517042 -0.00772405 -0.133757 -0.132543 -0.0156094 0.4169 -0.516599 0.383671 0.188951 40.4221 -3.69568 0.192137 2.69677 -0.0190527 -0.098046 0.352792 -2.76495 0.314344 0.596316 0.662725 -0.165604 -2.93705
520.535 0.18362 0.533932 2.15569 2.2114 0.518403 -0.393999 0.152338 0.564071 2.22914 2.19608 0.518717 -0.418288 -0.0312812 0.0301387 0.0734453 -0.0153238 0.000313225 -0.0242892 0.0853292 1.22333 0.0476568 0.401439 2.14612 2.61806 -0.00549973 -0.00755262 -0.135963 -0.132494 -0.00957462 0.406662 -0.523903 0.386446 0.190084 40.4906 -3.69331 0.195784 2.68022 -0.0179929 -0.0986955 0.352618 -2.75903 0.315527 0.58218 0.666833 -0.153366 -2.93303
520.873 0.18988 0.530738 2.15481 2.22378 0.524804 -0.393652 0.159286 0.562537 2.23084 2.21195 0.515752 -0.376156 -0.0305945 0.0317988 0.0760272 -0.0118301 -0.00905155 0.017496 0.0879053 1.55192 0.0513503 0.394547 2.15457 2.61799 -0.00527847 -0.00729502 -0.13853 -0.136191 -0.000247526 0.394211 -0.530082 0.386357 0.194264 40.415 -3.69068 0.200064 2.65873 -0.0169391 -0.0993242 0.352195 -2.75141 0.316899 0.563747 0.668808 -0.140036 -2.92974
521.207 0.193799 0.527741 2.15455 2.23164 0.527752 -0.391248 0.163795 0.560454 2.22635 2.22498 0.537375 -0.40738 -0.030003 0.032713 0.0718015 -0.00665383 0.0096231 -0.016132 0.0844143 0.97237 0.0546644 0.388841 2.15942 2.61798 -0.00511104 -0.00695949 -0.139134 -0.138899 0.00487062 0.386339 -0.532863 0.384289 0.19666 40.2909 -3.6891 0.202772 2.64296 -0.016392 -0.0996857 0.35178 -2.7458 0.31777 0.550206 0.66819 -0.132298 -2.92871
521.544 0.197248 0.523708 2.15474 2.23894 0.529521 -0.387512 0.167625 0.556373 2.22558 2.22582 0.540101 -0.407597 -0.0296237 0.0326651 0.07084 -0.0131198 0.0105797 -0.0200851 0.0834439 1.1727 0.0575266 0.384401 2.16478 2.61824 -0.0052203 -0.00663082 -0.139722 -0.139306 0.010037 0.379301 -0.534741 0.380881 0.197558 40.1313 -3.68785 0.205011 2.62736 -0.0159634 -0.0997633 0.351325 -2.74016 0.318522 0.536879 0.666216 -0.125931 -2.92836
521.887 0.200499 0.514673 2.15577 2.24945 0.53035 -0.380614 0.171128 0.54841 2.22087 2.25947 0.556646 -0.39425 -0.0293711 0.0337374 0.0651002 0.0100242 0.026296 -0.0136357 0.0789868 1.91683 0.0587804 0.372451 2.17208 2.61857 -0.00547979 -0.00674708 -0.141719 -0.142222 0.0163116 0.369121 -0.53583 0.373867 0.201438 39.8022 -3.68663 0.207235 2.60666 -0.0158736 -0.0986277 0.35068 -2.73243 0.319383 0.519411 0.662035 -0.11885 -2.92811
522.179 0.20208 0.507209 2.15691 2.25633 0.530564 -0.376215 0.175212 0.540263 2.22327 2.23156 0.547443 -0.4066 -0.0268685 0.0330537 0.0663594 -0.0247709 0.016879 -0.0303848 0.0788545 1.85562 0.0591933 0.362898 2.17532 2.61854 -0.00554053 -0.00660209 -0.142887 -0.144311 0.0184131 0.362207 -0.536105 0.369613 0.203916 39.5747 -3.68599 0.208344 2.59109 -0.0161129 -0.0977059 0.350217 -2.72641 0.319863 0.506449 0.659489 -0.114482 -2.92779
522.554 0.202814 0.500776 2.15798 2.26052 0.530166 -0.373484 0.179236 0.541576 2.2612 2.22838 0.491879 -0.379269 -0.0235774 0.0408004 0.103221 -0.0321416 -0.0382866 -0.00578569 0.113469 2.7777 0.0590645 0.357279 2.18546 2.61831 -0.00540534 -0.00638876 -0.143749 -0.143497 0.0274811 0.357783 -0.535571 0.367095 0.204964 39.406 -3.6855 0.209001 2.57558 -0.016682 -0.0974192 0.349823 -2.72023 0.320191 0.493587 0.657931 -0.111741 -2.92752
522.861 0.203105 0.49463 2.15916 2.26295 0.529074 -0.371805 0.179175 0.534542 2.26067 2.26407 0.505571 -0.36504 -0.0239297 0.0399123 0.101511 0.00112607 -0.0235024 0.00676445 0.11167 1.39381 0.0590057 0.352137 2.19019 2.61835 -0.0056236 -0.00651567 -0.144099 -0.142493 0.0310329 0.355405 -0.534697 0.365289 0.205017 39.2864 -3.68513 0.209236 2.56015 -0.0173884 -0.0973949 0.349512 -2.7139 0.320422 0.480852 0.656724 -0.110373 -2.92708
523.242 0.203421 0.485664 2.16101 2.2646 0.527318 -0.371135 0.175868 0.516047 2.21939 2.25598 0.526024 -0.389518 -0.0275528 0.0303832 0.0583788 -0.00862879 -0.00129445 -0.0183825 0.0713469 0.914288 0.0577071 0.345672 2.19287 2.61845 -0.00586855 -0.00676936 -0.145714 -0.139992 0.0318537 0.353847 -0.533187 0.364366 0.20456 39.1788 -3.68478 0.208953 2.53968 -0.018273 -0.0972122 0.349225 -2.70525 0.32059 0.464107 0.655884 -0.10999 -2.92596
523.521 0.203889 0.478284 2.16251 2.26498 0.526107 -0.371758 0.177316 0.510527 2.22499 2.24648 0.505673 -0.356863 -0.0265724 0.0322423 0.0624813 -0.0184953 -0.0204341 0.0148954 0.0751637 2.02835 0.0568886 0.342077 2.19398 2.61855 -0.00591581 -0.00730897 -0.147 -0.136208 0.0314729 0.353569 -0.532023 0.364449 0.20286 39.1308 -3.68457 0.208339 2.52431 -0.0187596 -0.0969104 0.349103 -2.69865 0.320617 0.451629 0.655889 -0.11046 -2.92475
523.843 0.204557 0.470566 2.16385 2.26569 0.524799 -0.372415 0.177919 0.500865 2.22082 2.26711 0.528279 -0.384737 -0.026638 0.0302986 0.0569671 0.0014145 0.00347941 -0.0123225 0.0698057 0.776321 0.0566219 0.337141 2.19257 2.61859 -0.00602176 -0.00748164 -0.147935 -0.133425 0.0287234 0.352901 -0.530821 0.364933 0.201276 39.0827 -3.68437 0.207418 2.50881 -0.0190599 -0.0965509 0.349039 -2.69198 0.320617 0.439094 0.65564 -0.110784 -2.92313
524.166 0.205466 0.461469 2.16562 2.26735 0.522378 -0.372523 0.180887 0.499245 2.25732 2.24706 0.501567 -0.373902 -0.0245784 0.0377765 0.0916982 -0.0202928 -0.0208112 -0.00137903 0.102175 1.63996 0.0541763 0.331515 2.18894 2.61834 -0.00580433 -0.0072477 -0.151289 -0.129954 0.0233189 0.350991 -0.528183 0.365275 0.200799 38.9477 -3.68404 0.205749 2.4879 -0.0193001 -0.0966208 0.349036 -2.68312 0.320636 0.422191 0.654096 -0.110491 -2.92061
524.46 0.205873 0.455474 2.16635 2.27013 0.519711 -0.370729 0.181823 0.491261 2.2568 2.23663 0.534479 -0.387638 -0.0240504 0.0357862 0.0904508 -0.0335055 0.0147685 -0.0169088 0.100202 1.86236 0.0508122 0.328325 2.1859 2.61831 -0.0055805 -0.00704168 -0.155061 -0.127149 0.0195579 0.348181 -0.525291 0.363688 0.201478 38.7418 -3.68371 0.204187 2.4719 -0.0194075 -0.0970598 0.349075 -2.67659 0.320761 0.409192 0.650917 -0.109124 -2.91854
524.76 0.206689 0.449773 2.16757 2.27533 0.516462 -0.366666 0.182492 0.482527 2.2529 2.25135 0.508509 -0.374057 -0.0241967 0.0327535 0.0853347 -0.023986 -0.00795278 -0.00739086 0.0945531 1.30566 0.0475977 0.324938 2.18275 2.61825 -0.00540199 -0.00710789 -0.159091 -0.124835 0.0151843 0.342919 -0.521864 0.359558 0.202791 38.4086 -3.68331 0.202363 2.45556 -0.0191654 -0.0975543 0.349118 -2.67023 0.321041 0.395864 0.645691 -0.106285 -2.9164
525.13 0.208764 0.442114 2.16843 2.28513 0.513379 -0.35965 0.18271 0.478227 2.25578 2.29221 0.519525 -0.356105 -0.026054 0.0361127 0.0873545 0.00707987 0.00614558 0.00354426 0.0980497 0.498108 0.0441087 0.320434 2.17711 2.61814 -0.00506774 -0.00719429 -0.164655 -0.12168 0.00867832 0.333012 -0.518447 0.352455 0.204921 37.9137 -3.68266 0.199505 2.43325 -0.0180042 -0.0981844 0.349149 -2.66206 0.321605 0.377623 0.637585 -0.0997505 -2.91364
525.449 0.210175 0.43685 2.16891 2.29497 0.511986 -0.353221 0.184682 0.470355 2.25582 2.29623 0.521165 -0.35458 -0.0254928 0.0335057 0.0869169 0.00125492 0.00917886 -0.00135833 0.0965767 0.541764 0.0412299 0.318308 2.17233 2.61818 -0.00511179 -0.00683652 -0.168945 -0.118542 0.00342716 0.323214 -0.517098 0.346385 0.206413 37.5311 -3.68207 0.197 2.41606 -0.0168854 -0.0987782 0.349138 -2.65623 0.3222 0.363548 0.631107 -0.0923486 -2.91159
525.844 0.210825 0.431236 2.16889 2.30842 0.511198 -0.345284 0.184908 0.462435 2.24621 2.23778 0.472432 -0.372656 -0.0259177 0.031199 0.077325 -0.0706424 -0.038766 -0.0273717 0.087317 4.21621 0.0387096 0.316632 2.16673 2.61817 -0.00502446 -0.00694436 -0.172116 -0.114604 -0.00215145 0.309746 -0.516223 0.33834 0.206791 37.0564 -3.68142 0.194138 2.39839 -0.0158086 -0.0992826 0.349096 -2.65063 0.323012 0.349111 0.624077 -0.0818473 -2.90906
526.15 0.210433 0.42497 2.16901 2.32544 0.510656 -0.335858 0.183084 0.448887 2.21317 2.28892 0.54487 -0.378702 -0.0273485 0.0239173 0.044158 -0.0365277 0.0342136 -0.0428435 0.0571831 3.01207 0.036041 0.316882 2.165 2.61832 -0.00510476 -0.00718011 -0.174392 -0.108088 -0.0040099 0.292876 -0.515761 0.328678 0.205211 36.5123 -3.6807 0.190884 2.38031 -0.0148632 -0.0994018 0.34901 -2.64533 0.324073 0.334352 0.616497 -0.0687315 -2.90598
526.512 0.208319 0.415798 2.16919 2.35215 0.508614 -0.32105 0.185508 0.450249 2.25386 2.31909 0.494499 -0.337902 -0.022811 0.0344509 0.0846708 -0.0330617 -0.0141141 -0.0168521 0.0942144 1.84822 0.0337021 0.313433 2.16139 2.61843 -0.00546995 -0.00728305 -0.174617 -0.102365 -0.00779574 0.266278 -0.514084 0.313766 0.20256 35.6569 -3.67964 0.185894 2.35594 -0.0136972 -0.099041 0.34881 -2.63891 0.325993 0.314304 0.604365 -0.0489421 -2.90097
527.061 0.200267 0.402927 2.16935 2.39792 0.50047 -0.29678 0.181451 0.434325 2.25281 2.40432 0.51783 -0.303272 -0.0188161 0.0313981 0.0834605 0.00640379 0.0173594 -0.00649194 0.0911348 1.18134 0.0284561 0.309332 2.15527 2.61842 -0.00567865 -0.00731717 -0.17181 -0.0935949 -0.0140722 0.220502 -0.506149 0.289463 0.196155 34.0824 -3.6778 0.176987 2.31922 -0.012773 -0.098443 0.348363 -2.6308 0.330057 0.283653 0.58254 -0.0160123 -2.89026
527.351 0.192435 0.394921 2.16957 2.42758 0.492416 -0.2828 0.17357 0.426434 2.25269 2.41052 0.515541 -0.30032 -0.0188649 0.0315128 0.083125 -0.0170586 0.0231245 -0.0175207 0.0908774 1.6646 0.0233797 0.305036 2.15048 2.61849 -0.00575333 -0.00744861 -0.169055 -0.0898854 -0.0190862 0.190916 -0.49817 0.275351 0.192415 33.0284 -3.67641 0.170146 2.29517 -0.0123879 -0.0978521 0.348027 -2.62662 0.33342 0.263077 0.567977 0.00471624 -2.88125
527.662 0.185512 0.389242 2.16973 2.44832 0.486734 -0.275274 0.164992 0.413729 2.21657 2.39347 0.475722 -0.283045 -0.0205194 0.024487 0.0468392 -0.0548432 -0.0110121 -0.00777073 0.0566972 3.02905 0.0207637 0.302892 2.14711 2.61859 -0.00591994 -0.00753288 -0.164748 -0.0863505 -0.0226199 0.170269 -0.492654 0.267741 0.187376 32.3733 -3.67528 0.164586 2.2774 -0.0122005 -0.0973203 0.347804 -2.6241 0.336126 0.247674 0.559302 0.0194537 -2.87344
528.064 0.177541 0.383923 2.16993 2.4675 0.482181 -0.270587 0.155873 0.406039 2.2114 2.41925 0.501587 -0.309171 -0.0216677 0.022116 0.0414755 -0.0482514 0.0194057 -0.0385832 0.0517574 2.82702 0.017011 0.300849 2.14372 2.61856 -0.00609055 -0.00756368 -0.16053 -0.0830746 -0.0262054 0.151062 -0.488272 0.263024 0.182641 31.8766 -3.6741 0.158696 2.25989 -0.0122509 -0.0967233 0.347634 -2.62208 0.33888 0.232322 0.553477 0.0334781 -2.86491
528.384 0.165554 0.377682 2.17 2.4919 0.47881 -0.268145 0.149851 0.407276 2.25037 2.40774 0.427299 -0.285028 -0.0157036 0.0295938 0.0803687 -0.0841591 -0.0515104 -0.0168833 0.087072 5.36732 0.0105863 0.299722 2.1398 2.61863 -0.00636988 -0.0077276 -0.154968 -0.0779597 -0.0301948 0.126732 -0.48518 0.260417 0.176081 31.4835 -3.67244 0.150412 2.23676 -0.012678 -0.0960377 0.347518 -2.62003 0.342501 0.211937 0.550492 0.0524471 -2.85253
528.691 0.156195 0.373406 2.16976 2.5104 0.479596 -0.268897 0.136518 0.39344 2.21102 2.4729 0.505503 -0.28655 -0.0196767 0.0200342 0.0412522 -0.0374937 0.0259071 -0.0176532 0.0499027 2.40534 0.00484829 0.296539 2.13502 2.61865 -0.00648347 -0.0078445 -0.151347 -0.076867 -0.0347412 0.108252 -0.486079 0.261052 0.173267 31.4408 -3.67117 0.143948 2.21936 -0.0130709 -0.095589 0.347512 -2.61882 0.345032 0.196689 0.552538 0.0680434 -2.84259
529.025 0.147215 0.369435 2.16882 2.52814 0.483476 -0.271399 0.127597 0.394897 2.24093 2.5095 0.509297 -0.289325 -0.0196175 0.0254619 0.0721106 -0.0186344 0.0258202 -0.0179261 0.0789499 1.82713 -0.00221189 0.292052 2.12951 2.61856 -0.00647997 -0.00803835 -0.149427 -0.0773827 -0.0393049 0.0904241 -0.489956 0.263361 0.172804 31.6232 -3.6699 0.137331 2.20184 -0.0133379 -0.0953063 0.347566 -2.61785 0.347278 0.181429 0.558247 0.0847026 -2.83258
529.343 0.138762 0.366601 2.1683 2.54673 0.490757 -0.275348 0.11646 0.38636 2.21475 2.49629 0.460654 -0.269892 -0.0223027 0.0197596 0.0464557 -0.0504405 -0.0301032 0.00545636 0.0551905 3.50029 -0.00860063 0.28816 2.12351 2.61854 -0.00649035 -0.00809876 -0.147363 -0.0784407 -0.0447901 0.0718181 -0.497248 0.267249 0.172844 32.0509 -3.66867 0.130607 2.18412 -0.0133887 -0.0952752 0.347667 -2.61705 0.349142 0.166073 0.567134 0.102358 -2.82278
529.989 0.119685 0.35975 2.16654 2.58889 0.516652 -0.285478 0.0979365 0.376675 2.19178 2.54354 0.537179 -0.292246 -0.0217481 0.0169255 0.0252403 -0.0453464 0.020527 -0.00676808 0.0373702 2.69631 -0.0206546 0.283548 2.115 2.61874 -0.0068911 -0.00828434 -0.140339 -0.0762017 -0.0515356 0.0298503 -0.523543 0.277193 0.167803 33.6933 -3.66618 0.114672 2.14202 -0.0139954 -0.0949521 0.347947 -2.61555 0.351407 0.129785 0.596641 0.144627 -2.80219
530.924 0.0951878 0.348373 2.16363 2.64587 0.549039 -0.290524 0.0719049 0.370453 2.21682 2.65054 0.574633 -0.285824 -0.0232829 0.0220806 0.0531853 0.00466839 0.0255933 0.00469921 0.0621154 1.48911 -0.039421 0.275383 2.10369 2.6187 -0.00682172 -0.0081192 -0.134609 -0.0729898 -0.0599403 -0.0271696 -0.555861 0.282404 0.164438 35.852 -3.66433 0.0921897 2.08106 -0.0166757 -0.0938585 0.348061 -2.61328 0.348581 0.0771016 0.63392 0.199602 -2.77718
531.207 0.0900066 0.345071 2.16325 2.66157 0.552861 -0.28953 0.0641543 0.366553 2.21664 2.65463 0.571958 -0.283667 -0.0258523 0.0214826 0.0533927 -0.00693489 0.0190969 0.00586303 0.0630922 1.26887 -0.0458907 0.274717 2.10109 2.61882 -0.00700022 -0.0082576 -0.135897 -0.0703534 -0.0621618 -0.0427489 -0.559861 0.281272 0.165172 36.1833 -3.6643 0.0857627 2.06284 -0.0174158 -0.0935049 0.348003 -2.61242 0.346258 0.0611276 0.638967 0.212702 -2.77015
531.532 0.0851819 0.338262 2.16288 2.68212 0.55228 -0.286064 0.0593788 0.367957 2.25468 2.67826 0.535501 -0.291808 -0.0258031 0.0296954 0.0918025 -0.0038629 -0.0167789 -0.00574411 0.0998765 1.00288 -0.0523535 0.270798 2.09598 2.61928 -0.00737069 -0.00879352 -0.137535 -0.0674637 -0.0668981 -0.0628399 -0.559651 0.27727 0.167161 36.3 -3.66471 0.077558 2.03869 -0.0181532 -0.0921008 0.347846 -2.61104 0.342164 0.039852 0.639894 0.227703 -2.76072
531.874 0.0829764 0.331821 2.16274 2.69759 0.547923 -0.28213 0.054266 0.355599 2.20865 2.6543 0.557469 -0.314663 -0.0287104 0.0237779 0.0459162 -0.0432851 0.0095454 -0.0325325 0.0591437 2.25168 -0.0549963 0.267817 2.09303 2.61924 -0.00747981 -0.00904855 -0.137973 -0.0640046 -0.0697103 -0.0783453 -0.555403 0.273081 0.16731 36.175 -3.66532 0.0717286 2.02064 -0.0185781 -0.0905435 0.34767 -2.6098 0.338409 0.0239183 0.636566 0.237569 -2.75355
532.217 0.0813901 0.325424 2.1627 2.71281 0.540447 -0.277299 0.0542674 0.35502 2.24764 2.65957 0.568424 -0.299703 -0.0271227 0.0295959 0.0849399 -0.0532458 0.0279762 -0.0224036 0.0939487 3.06593 -0.0581626 0.26433 2.08967 2.6193 -0.00757223 -0.00906444 -0.139553 -0.0610942 -0.0730313 -0.0935103 -0.54802 0.268235 0.168941 35.8872 -3.66614 0.0662183 2.00262 -0.0191831 -0.0890142 0.34746 -2.60837 0.334137 0.00797038 0.630338 0.246614 -2.74642
532.557 0.08026 0.319526 2.16269 2.72759 0.529626 -0.271371 0.0514437 0.347909 2.25235 2.69019 0.536325 -0.28647 -0.0288163 0.0283836 0.0896579 -0.0373981 0.00669848 -0.0150988 0.0983593 1.89816 -0.0610965 0.262899 2.08802 2.61938 -0.00772747 -0.00902594 -0.141356 -0.0566265 -0.0746704 -0.10821 -0.537354 0.262345 0.169599 35.4168 -3.66714 0.0610694 1.98465 -0.0199869 -0.0877042 0.347228 -2.6068 0.329494 -0.00797988 0.620845 0.254931 -2.73962
532.856 0.0789676 0.312827 2.16248 2.74568 0.509572 -0.261569 0.0501144 0.338809 2.23738 2.75929 0.525611 -0.260367 -0.0288532 0.0259826 0.0748931 0.0136074 0.0160389 0.00120167 0.0843598 1.18498 -0.0643837 0.262074 2.08901 2.61903 -0.0076074 -0.00907375 -0.143351 -0.050753 -0.0734775 -0.126651 -0.517179 0.252495 0.168892 34.4473 -3.66866 0.0548468 1.96098 -0.0214268 -0.0865094 0.34689 -2.60466 0.323019 -0.029218 0.602496 0.264432 -2.73179
533.196 0.0785769 0.309174 2.16243 2.75713 0.490998 -0.253241 0.0487749 0.330689 2.22227 2.72424 0.549194 -0.305081 -0.029802 0.0215152 0.0598406 -0.0328937 0.058196 -0.0518397 0.0702279 4.23364 -0.0682505 0.259063 2.08852 2.61902 -0.00779685 -0.00893233 -0.146827 -0.0501105 -0.0739157 -0.138117 -0.498795 0.244309 0.171851 33.5141 -3.6699 0.0507257 1.94362 -0.022545 -0.0860853 0.346627 -2.60313 0.318141 -0.0450375 0.584888 0.26994 -2.72727
533.56 0.0789094 0.306718 2.1623 2.76707 0.470677 -0.244481 0.0471056 0.321179 2.19061 2.73557 0.551754 -0.281298 -0.0318039 0.0144608 0.0283096 -0.0314966 0.0810772 -0.0368162 0.044967 5.05524 -0.0705004 0.257356 2.08642 2.61884 -0.00785262 -0.00883606 -0.14941 -0.0493625 -0.0758793 -0.148229 -0.478529 0.235645 0.174693 32.4663 -3.67123 0.0471167 1.92655 -0.0234973 -0.0861377 0.346366 -2.60168 0.313409 -0.0607136 0.565089 0.274695 -2.72375
533.92 0.080376 0.304145 2.16207 2.77885 0.44334 -0.232756 0.0480313 0.325898 2.22949 2.76088 0.467992 -0.23998 -0.0323447 0.0217528 0.0674175 -0.0179697 0.0246519 -0.00722357 0.0778748 1.68864 -0.0707266 0.253212 2.08313 2.61886 -0.00772703 -0.00897206 -0.151103 -0.0509329 -0.078936 -0.159981 -0.451067 0.223784 0.177924 31.0324 -3.67316 0.043142 1.90411 -0.0244683 -0.0864572 0.346025 -2.59992 0.307524 -0.081381 0.537819 0.280545 -2.72027
534.513 0.104685 0.272301 2.17091 2.73323 0.346697 -0.194452 0.0646545 0.306659 2.23103 2.79358 0.440354 -0.22895 -0.0400306 0.0343586 0.0601236 0.0603553 0.0936575 -0.0344977 0.0799863 7.06347 -0.058309 0.218991 2.06818 2.62073 -0.00741053 -0.00949214 -0.162994 -0.0533097 -0.102726 -0.112502 -0.354107 0.18496 0.199904 24.2271 -3.67907 0.0383459 1.87547 -0.01969 -0.0797674 0.345132 -2.58626 0.296406 -0.108392 0.423294 0.219048 -2.74758
534.892 0.111158 0.257787 2.17648 2.6976 0.289661 -0.17093 0.0753414 0.276535 2.17238 2.63183 0.38167 -0.223538 -0.0358167 0.0187488 -0.00409811 -0.0657679 0.0920096 -0.0526079 0.0406343 6.60088 -0.0565311 0.202667 2.05959 2.61947 -0.00802461 -0.00915939 -0.167689 -0.0551196 -0.116885 -0.0781328 -0.297685 0.16177 0.211707 20.1922 -3.68271 0.036366 1.86176 -0.0202396 -0.0773851 0.34468 -2.57917 0.291464 -0.121906 0.359881 0.175686 -2.76167
535.2 0.117475 0.241907 2.18331 2.64853 0.218742 -0.140757 0.0814935 0.266568 2.2077 2.65563 0.302211 -0.190916 -0.0359815 0.0246615 0.024392 0.00710196 0.0834695 -0.0501596 0.0499783 5.6475 -0.0546233 0.183038 2.04804 2.61936 -0.00793004 -0.00910068 -0.172098 -0.0588688 -0.135271 -0.0291637 -0.226672 0.131656 0.226675 15.1909 -3.68794 0.0341878 1.84336 -0.0213798 -0.0753941 0.344047 -2.57135 0.286302 -0.139911 0.282672 0.118053 -2.77458
535.549 0.122631 0.23002 2.18818 2.61258 0.169668 -0.119655 0.0869936 0.25556 2.22202 2.55951 0.226474 -0.160098 -0.0356376 0.0255399 0.0338429 -0.0530742 0.0568066 -0.0404436 0.0553865 4.73623 -0.0525804 0.167925 2.03948 2.61976 -0.00777068 -0.00915864 -0.175212 -0.0620957 -0.148694 0.00717796 -0.177438 0.110496 0.238044 11.9616 -3.69224 0.0329213 1.82962 -0.0215738 -0.0737066 0.34365 -2.56658 0.283546 -0.153145 0.229464 0.0761767 -2.77938
535.905 0.12847 0.217751 2.19219 2.57927 0.124976 -0.100797 0.0974328 0.249014 2.30483 2.58054 0.133568 -0.116412 -0.0310377 0.0312627 0.112643 0.00127299 0.00859248 -0.0156157 0.120951 1.03211 -0.050267 0.153207 2.03083 2.61928 -0.00749669 -0.00902507 -0.178737 -0.0645444 -0.161359 0.0400145 -0.132472 0.0917716 0.249299 9.4364 -3.69697 0.0319491 1.81603 -0.0210192 -0.0719911 0.343317 -2.56265 0.281734 -0.16593 0.179601 0.0365688 -2.77994
536.219 0.137315 0.202193 2.19679 2.54671 0.0605052 -0.0698029 0.10101 0.229022 2.24781 2.54267 0.0637225 -0.0721881 -0.0363041 0.0268294 0.0510278 -0.00404054 0.0032173 -0.00238522 0.0681295 0.320206 -0.0472337 0.131436 2.02084 2.61923 -0.00732081 -0.00885383 -0.184548 -0.0707572 -0.175949 0.0725194 -0.067826 0.060949 0.264618 6.61613 -3.7038 0.0311063 1.79805 -0.0197852 -0.0696781 0.342951 -2.55888 0.279902 -0.181679 0.108803 -0.0010196 -2.77607
536.512 0.145844 0.195235 2.19668 2.5491 0.00312735 -0.0318136 0.109755 0.220022 2.28665 2.54556 0.0723911 -0.0571061 -0.0360888 0.0247875 0.0899727 -0.00354539 0.0692637 -0.0252925 0.10006 4.22698 -0.0435012 0.117443 2.01345 2.61886 -0.00672347 -0.00906503 -0.189345 -0.0777917 -0.183234 0.0697574 -0.00985082 0.0227485 0.274732 4.24381 -3.70899 0.0308549 1.78431 -0.0185815 -0.0693903 0.342575 -2.55781 0.277189 -0.192196 0.0371207 -0.000114563 -2.77564
536.832 0.156823 0.182002 2.19421 2.54862 -0.0268284 -0.0131351 0.119982 0.21142 2.29048 2.59097 0.0509073 -0.038161 -0.036841 0.0294185 0.0962707 0.0423494 0.0777357 -0.0250259 0.107195 5.2783 -0.0354979 0.100949 2.0066 2.61981 -0.00569352 -0.00963474 -0.19232 -0.0810525 -0.187601 0.0711942 0.0211349 0.00350037 0.280626 4.26287 -3.7149 0.0307457 1.77137 -0.0152834 -0.067442 0.342668 -2.5573 0.276321 -0.198032 0.000295244 -0.00229741 -2.7741
537.153 0.176992 0.14853 2.19052 2.57047 -0.0214226 -0.0219937 0.132719 0.190969 2.25079 2.53262 -0.00253602 -0.0166894 -0.0442733 0.0424392 0.060276 -0.0378515 0.0188865 0.00530423 0.0859907 2.43944 -0.013255 0.0726014 2.00464 2.62059 -0.00597663 -0.00966498 -0.190247 -0.0759283 -0.185878 0.0501103 0.0154459 0.0123287 0.276604 3.09529 -3.72699 0.0298864 1.76194 -0.0062195 -0.0600377 0.341938 -2.55734 0.276992 -0.195805 0.000447955 0.0122959 -2.76983
537.455 0.182651 0.113209 2.18522 2.63288 -0.0287385 -0.040148 0.146581 0.157315 2.20709 2.48524 -0.0430064 0.00305195 -0.0360704 0.0441061 0.0218671 -0.147645 -0.0142679 0.0432 0.0610294 8.76598 -0.00185591 0.0422589 2.00668 2.62217 -0.00582346 -0.0095594 -0.184507 -0.0709504 -0.178542 -0.0107178 0.0229151 0.0305886 0.266372 2.26607 -3.73788 0.0287577 1.75694 -0.0031751 -0.0513226 0.341735 -2.55749 0.280017 -0.187808 0.000870547 0.0655895 -2.75063
537.756 0.183997 0.0804623 2.17742 2.71992 -0.0444691 -0.0677068 0.153858 0.120788 2.24307 2.59631 -0.0384271 -0.0306393 -0.0301393 0.0403254 0.0656483 -0.123613 0.00604199 0.0370675 0.0827298 7.31711 0.00306429 0.0162375 2.0086 2.61967 -0.00627067 -0.00891516 -0.180933 -0.0642247 -0.16882 -0.100257 0.0381984 0.0587917 0.25566 6.93811 -3.74994 0.0272742 1.75226 -0.00178297 -0.0445955 0.342026 -2.5581 0.284903 -0.175982 0.000696426 0.146766 -2.7178
538.143 0.180775 0.0414192 2.16339 2.86862 -0.0764487 -0.124497 0.155174 0.0852204 2.23347 2.68453 -0.0608868 -0.0629231 -0.0256008 0.0438012 0.0700797 -0.18409 0.0155619 0.0615738 0.0865165 10.9247 0.00717035 -0.0164735 2.01323 2.6195 -0.00622315 -0.00852864 -0.173605 -0.0578927 -0.15016 -0.249113 0.0702255 0.115968 0.236724 15.9966 -3.76743 0.0248833 1.74561 -0.00178583 -0.0386901 0.34331 -2.5599 0.293961 -0.156362 0.00328882 0.284202 -2.65145
538.481 0.175452 0.0143296 2.15218 2.99232 -0.106501 -0.180967 0.154198 0.0512369 2.23161 2.86772 -0.136502 -0.111803 -0.0212545 0.0369073 0.079436 -0.124602 -0.0300014 0.069164 0.0901331 7.92102 0.00572027 -0.038035 2.01577 2.61954 -0.00642768 -0.00784702 -0.169732 -0.0523645 -0.136407 -0.372779 0.100073 0.17312 0.22396 23.7051 -3.78123 0.0229088 1.73954 -0.00344678 -0.03601 0.345043 -2.56121 0.302449 -0.140111 0.0091974 0.402057 -2.58188
538.77 0.167214 -0.0111137 2.13966 3.12701 -0.13389 -0.251939 0.146715 0.0220038 2.2061 3.06355 -0.146404 -0.178008 -0.0204995 0.0331175 0.0664466 -0.063461 -0.0125138 0.073931 0.0770205 5.23154 -0.000910757 -0.0557859 2.01621 2.6187 -0.00600859 -0.00837226 -0.168125 -0.0446721 -0.12345 -0.508311 0.127882 0.243567 0.213311 32.1587 -3.79515 0.020893 1.73203 -0.00694871 -0.034824 0.347457 -2.56198 0.311556 -0.123155 0.0281854 0.522571 -2.49593
539.388 0.146894 -0.0587325 2.11078 -2.8964 -0.113392 -0.401821 0.125343 -0.030167 2.16687 -2.98961 -0.201035 -0.330922 -0.0215507 0.0285655 0.0560948 -0.0932067 -0.0876431 0.0708989 0.066536 7.9625 -0.0161491 -0.0859127 2.01439 2.61723 -0.00509511 -0.00668759 -0.163043 -0.0271803 -0.0963901 5.51363 0.108296 0.395133 0.191345 48.4668 -3.82597 0.0166055 1.70818 -0.0185533 -0.040219 0.354982 -2.55792 0.331756 -0.0846365 0.176821 0.747839 -2.26343
539.996 0.150838 -0.114942 2.09397 -2.76572 0.0329294 -0.387522 0.119246 -0.0814698 2.17845 -2.84493 -0.0639684 -0.428856 -0.0315916 0.0334724 0.0844846 -0.0792141 -0.0968978 -0.0413348 0.0962085 7.5724 -0.00798004 -0.115476 2.00762 2.61879 -0.00335292 -0.00773052 -0.158818 -0.000533319 -0.0863479 5.38451 -0.0362824 0.379791 0.180774 55.9419 -3.85183 0.0136359 1.68253 -0.0184123 -0.0433394 0.360329 -2.53888 0.347338 -0.0581381 0.392897 0.867556 -2.16007
540.276 0.158215 -0.174099 2.08958 -2.7168 0.177372 -0.276848 0.123139 -0.121178 2.14145 2.75133 0.105785 -0.362519 -0.0350762 0.0529206 0.0518688 5.46813 -0.0715866 -0.0856706 0.0819836 46.4194 -0.000430196 -0.147182 1.99964 2.6205 -0.0032527 -0.00835775 -0.158645 0.0269166 -0.0899367 5.3373 -0.180624 0.268491 0.18434 58.3052 -3.86963 0.0120126 1.66357 -0.0149786 -0.039534 0.361123 -2.51503 0.356974 -0.0449668 0.531124 0.919714 -2.20343
540.598 0.165995 -0.226416 2.08911 -2.71696 0.281052 -0.166851 0.130161 -0.168494 2.1284 -2.65341 0.153082 -0.273404 -0.0358346 0.0579216 0.0392923 0.0635521 -0.12797 -0.106553 0.0786315 10.6673 0.00563513 -0.171967 1.99123 2.61975 -0.00371434 -0.008036 -0.16036 0.0544491 -0.0978789 5.33671 -0.284766 0.158815 0.195603 58.3073 -3.88285 0.0113405 1.64889 -0.0104369 -0.035119 0.359912 -2.49248 0.364071 -0.0375524 0.580315 0.925775 -2.3119
540.926 0.177414 -0.276187 2.0908 -2.75954 0.361101 -0.0622042 0.140115 -0.234063 2.1578 -2.72289 0.324637 -0.145911 -0.0372993 0.0421238 0.0670026 0.0366463 -0.0364639 -0.0837064 0.0874928 6.2082 0.0151729 -0.192687 1.98379 2.61931 -0.00253978 -0.00910939 -0.162241 0.0834998 -0.107007 5.37885 -0.363641 0.0530948 0.21153 56.159 -3.89516 0.011316 1.63419 -0.00287259 -0.0330548 0.357455 -2.4675 0.372192 -0.0321482 0.562514 0.895548 -2.4731
541.207 0.190018 -0.327889 2.09672 -2.87469 0.412115 0.0350964 0.15367 -0.286935 2.16452 -2.80293 0.354098 -0.051957 -0.0363483 0.040954 0.0678059 0.071767 -0.0580161 -0.0870534 0.0871555 8.25531 0.0244942 -0.202834 1.97403 2.61688 -0.00224106 -0.00961156 -0.165524 0.125055 -0.122684 5.49157 -0.414356 -0.044708 0.241015 50.4926 -3.90885 0.0117652 1.61411 0.00755299 -0.0377077 0.352982 -2.43221 0.386263 -0.0272626 0.471294 0.803993 -2.6928
541.771 0.184602 -0.388684 2.10827 -3.08667 0.377457 0.067984 0.165375 -0.365652 2.17034 -2.90944 -0.251053 -0.0433414 -0.0192268 0.023032 0.0620718 0.177227 -0.628509 -0.111325 0.0689424 38.0004 0.0162238 -0.200729 1.95468 2.61722 -0.00476061 -0.00737158 -0.168378 0.187955 -0.153594 5.70389 -0.382217 -0.0753556 0.295414 39.1435 -3.92214 0.0114715 1.58176 0.0115118 -0.0506124 0.346544 -2.37822 0.413383 -0.0218597 0.33182 0.62368 -2.86153
542.1 0.171425 -0.41534 2.11286 3.10323 0.330345 0.0428555 0.155009 -0.395447 2.15788 -2.80564 -0.271753 -0.0511549 -0.0164152 0.0198932 0.0450215 -5.90887 -0.602097 -0.0940104 0.0518858 40.8743 0.000376486 -0.197784 1.94199 2.61719 -0.0060855 -0.00653404 -0.171048 0.217556 -0.170869 -0.486037 -0.33643 -0.0493895 0.325245 33.4953 -3.92522 0.0107626 1.56468 0.00723431 -0.0566641 0.344612 -2.35233 0.427673 -0.0195446 0.286743 0.542504 -2.86549
542.438 0.147375 -0.443148 2.11687 3.00944 0.256657 -0.013217 0.138246 -0.420537 2.14726 -2.67744 -0.232956 -0.0943166 -0.00912966 0.0226108 0.030395 -5.68689 -0.489614 -0.0810995 0.0389673 44.2155 -0.0230934 -0.194006 1.92465 2.61839 -0.00604545 -0.00628191 -0.170469 0.249141 -0.192215 -0.391053 -0.262703 0.00693514 0.357879 26.9825 -3.92569 0.00977195 1.54172 -0.00346059 -0.0649257 0.343846 -2.32079 0.44559 -0.0170794 0.249953 0.460672 -2.81897
542.779 0.130495 -0.45583 2.11819 2.96736 0.20393 -0.0599537 0.116273 -0.439194 2.1251 -2.50183 -0.138381 -0.123052 -0.0142219 0.016636 0.00690927 -5.46919 -0.342311 -0.0630982 0.0229512 50.6126 -0.0373805 -0.188237 1.91105 2.61741 -0.00705546 -0.00550184 -0.167875 0.267593 -0.207142 -0.349945 -0.210985 0.0544518 0.377751 23.8448 -3.92357 0.00950225 1.52478 -0.0119112 -0.0719698 0.344533 -2.30024 0.457596 -0.0160303 0.234983 0.424462 -2.76624
543.066 0.117295 -0.461523 2.11804 2.95178 0.158684 -0.100364 0.0996054 -0.463971 2.18895 -2.57498 -0.0697944 -0.110944 -0.01769 -0.00244859 0.0709094 -5.52676 -0.228478 -0.01058 0.0731237 45.2121 -0.0496651 -0.180532 1.8974 2.61781 -0.00654869 -0.00572837 -0.16696 0.28099 -0.220645 -0.333973 -0.165233 0.0946353 0.394355 22.3561 -3.91967 0.00997629 1.50836 -0.0190319 -0.0795067 0.345974 -2.28282 0.468221 -0.0160475 0.225526 0.41272 -2.71354
543.43 0.109204 -0.461996 2.11521 2.97364 0.116464 -0.134969 0.0853689 -0.459799 2.14338 -2.46014 -0.0407529 -0.165913 -0.0238352 0.002197 0.0281717 -5.43378 -0.157217 -0.0309431 0.0369674 49.5401 -0.0586286 -0.171574 1.88005 2.61877 -0.00544874 -0.00635719 -0.167833 0.290422 -0.235155 -0.35487 -0.121912 0.128612 0.409647 23.0649 -3.9125 0.0119286 1.48745 -0.0237059 -0.0887063 0.348416 -2.26475 0.480166 -0.0181888 0.217158 0.438288 -2.65847
543.717 0.110982 -0.459248 2.1111 3.01868 0.101184 -0.143437 0.0800827 -0.462134 2.15421 -2.48034 0.0195863 -0.153441 -0.030899 -0.00288546 0.0431048 -5.49903 -0.0815977 -0.0100036 0.053114 45.1969 -0.0574542 -0.166294 1.86707 2.61837 -0.00460152 -0.00655909 -0.168436 0.292954 -0.244037 -0.400311 -0.105786 0.136878 0.41683 25.3044 -3.90622 0.014288 1.47278 -0.0227468 -0.0940211 0.35018 -2.25517 0.487407 -0.0215351 0.213092 0.486321 -2.63425
544.065 0.117555 -0.455503 2.10544 3.08272 0.0998646 -0.137472 0.0819751 -0.460879 2.1568 -2.5717 0.0819569 -0.14058 -0.0355802 -0.0053759 0.0513628 -5.65442 -0.0179077 -0.00310878 0.0627135 36.0565 -0.0518245 -0.164588 1.85494 2.6189 -0.00397392 -0.00707151 -0.16938 0.290915 -0.250503 -0.463819 -0.103839 0.1304 0.41961 28.5446 -3.89958 0.0171866 1.45911 -0.0188091 -0.0974064 0.351576 -2.24895 0.493015 -0.0263801 0.21182 0.553528 -2.6255
544.674 0.141273 -0.449268 2.087 -3.01018 0.136748 -0.0877668 0.101697 -0.451884 2.13114 -2.73292 -0.0796891 -0.17368 -0.0395762 -0.00261553 0.0441424 0.277262 -0.216437 -0.0859132 0.0593437 20.8233 -0.0271012 -0.172558 1.82611 2.62032 -0.00377949 -0.00781845 -0.168374 0.27671 -0.260886 5.6305 -0.140528 0.0799483 0.415908 38.781 -3.88442 0.0244783 1.43065 -0.00335541 -0.0968737 0.352761 -2.24618 0.499336 -0.0427843 0.226658 0.749517 -2.64351
545.019 0.150952 -0.446174 2.07892 -2.9186 0.161056 -0.0602784 0.113929 -0.452588 2.1382 -2.84656 0.0541518 -0.0977913 -0.0370233 -0.00641393 0.0592837 0.0720334 -0.106905 -0.037513 0.0701884 7.81379 -0.0157219 -0.178643 1.81341 2.62083 -0.00343474 -0.0081506 -0.166674 0.267532 -0.265514 5.53943 -0.164491 0.0521278 0.41213 43.9226 -3.87864 0.0271541 1.4197 0.00354892 -0.0943531 0.352481 -2.24902 0.4993 -0.0517093 0.243184 0.834702 -2.65205
545.378 0.158408 -0.44307 2.07124 -2.83658 0.181448 -0.038616 0.123147 -0.44562 2.10967 -2.85996 0.246582 -0.0418347 -0.0352613 -0.00254997 0.0384287 -0.0233865 0.0651332 -0.00321868 0.0522171 3.95607 -0.00578578 -0.187396 1.80234 2.62048 -0.00503591 -0.00724641 -0.164194 0.255674 -0.2689 5.45706 -0.186484 0.0313696 0.405754 48.6428 -3.87353 0.0291888 1.40952 0.0091818 -0.0911791 0.35192 -2.25353 0.497968 -0.0615568 0.26493 0.911852 -2.65162
545.698 0.176083 -0.447431 2.05982 -2.75892 0.138558 -0.0189091 0.131793 -0.443761 2.11079 -2.68103 0.0848991 -0.0747681 -0.0442902 0.00366928 0.0509757 0.0778947 -0.0536593 -0.055859 0.0676284 6.54119 0.00923369 -0.200836 1.78893 2.61987 -0.00570984 -0.00625019 -0.16685 0.246595 -0.270889 5.37879 -0.144268 0.0126589 0.402528 52.4804 -3.86896 0.0302585 1.39842 0.0170898 -0.0851698 0.350444 -2.25665 0.489402 -0.0703763 0.195557 0.986842 -2.68994
546.544 0.177087 -0.446995 2.05308 -2.67247 0.0271844 0.0137115 0.154045 -0.452272 2.11152 -2.7177 -0.00655512 0.0144308 -0.0230418 -0.00527645 0.058436 -0.0452286 -0.0337395 0.000719319 0.063036 3.2335 0.00738306 -0.216133 1.77756 2.61903 -0.00682285 -0.00664412 -0.169704 0.230863 -0.275519 5.29151 -0.0340072 -0.0203556 0.397502 56.8487 -3.86789 0.0236702 1.38301 0.0147556 -0.0831778 0.347202 -2.25878 0.473615 -0.0815442 -0.000390447 1.07552 -2.82027
546.883 0.167024 -0.451245 2.05425 -2.67631 0.025477 0.0146208 0.149948 -0.451702 2.10504 -2.64283 -0.0412533 -0.00885528 -0.017076 -0.000457358 0.0507933 0.0334811 -0.0667303 -0.0234761 0.0535888 4.4793 0.000283001 -0.22353 1.7804 2.61972 -0.0072119 -0.00649266 -0.166741 0.227715 -0.273848 5.29603 -0.0326889 -0.0211134 0.393255 56.589 -3.87025 0.0191858 1.38127 0.0116827 -0.0831055 0.346277 -2.25876 0.473858 -0.0815428 0.0019939 1.07166 -2.81913
547.229 0.156916 -0.456881 2.05571 -2.68829 0.0254449 0.0159439 0.140455 -0.463715 2.14305 -2.70904 -0.0168287 -0.0036473 -0.0164611 -0.00683358 0.0873381 -0.0207496 -0.0422736 -0.0195912 0.0891381 2.92034 -0.00690629 -0.233012 1.78412 2.61983 -0.00682798 -0.00666888 -0.163823 0.223869 -0.271587 5.30812 -0.0322729 -0.0226128 0.38822 55.8968 -3.87298 0.013907 1.37943 0.00884408 -0.0827589 0.345661 -2.25861 0.474503 -0.081803 0.00610603 1.05937 -2.81747
547.513 0.145285 -0.463709 2.05742 -2.70996 0.0249451 0.0152057 0.127555 -0.47152 2.14805 -2.81133 0.0388395 0.0251591 -0.0177292 -0.00781083 0.0906249 -0.101374 0.0138944 0.00995339 0.0926726 5.9081 -0.0141243 -0.244109 1.78838 2.62014 -0.00759865 -0.00626638 -0.159409 0.219601 -0.26904 5.3301 -0.0325437 -0.021472 0.382124 54.6394 -3.87594 0.00802471 1.37754 0.0055656 -0.0821455 0.345392 -2.25862 0.475945 -0.0823885 0.0124214 1.03707 -2.81174
547.882 0.126888 -0.474612 2.05973 -2.75232 0.0220182 0.00800461 0.111777 -0.472478 2.11567 -2.64564 0.0348574 0.00778583 -0.0151112 0.00213357 0.055947 0.106676 0.0128392 -0.000218774 0.0579911 6.15651 -0.024246 -0.26049 1.79382 2.6202 -0.00657959 -0.00686839 -0.151134 0.214121 -0.265903 5.37251 -0.0285978 -0.014873 0.373355 52.2014 -3.8802 -0.000590354 1.37492 0.000174597 -0.0806687 0.345527 -2.25935 0.479485 -0.0836756 0.0246826 0.992942 -2.79436
548.126 0.11437 -0.484622 2.06135 -2.78926 0.0180772 -0.00519496 0.0969402 -0.481417 2.11353 -2.77856 0.0063207 0.00143877 -0.0174297 0.00320491 0.0521756 0.0106937 -0.0117565 0.00663373 0.0551032 0.983972 -0.0269853 -0.273276 1.7972 2.62059 -0.00673199 -0.00682515 -0.141355 0.211346 -0.264157 5.40985 -0.0248092 -0.0016302 0.366644 50.0571 -3.88379 -0.00749107 1.37287 -0.00248712 -0.0789697 0.345979 -2.26036 0.483396 -0.0849361 0.0352524 0.954399 -2.77287
548.436 0.102736 -0.496145 2.06293 -2.82499 0.0113019 -0.0246624 0.0821432 -0.492212 2.11242 -2.76206 -0.00633443 -0.00147511 -0.0205924 0.00393311 0.0494912 0.0629299 -0.0176364 0.0231873 0.0537484 3.9701 -0.0287818 -0.287251 1.80046 2.62123 -0.00712165 -0.0065277 -0.131517 0.208894 -0.262465 5.44621 -0.0184236 0.0181347 0.360308 47.9787 -3.88787 -0.0146243 1.37078 -0.00437363 -0.0767383 0.34677 -2.26183 0.488407 -0.0863847 0.04576 0.914847 -2.74401
548.845 0.0830373 -0.510652 2.06515 -2.87588 -0.00533318 -0.0563987 0.0692138 -0.504949 2.11174 -2.74807 -0.00295544 -0.0314771 -0.0138235 0.00570358 0.0465946 0.127808 0.00237774 0.0249215 0.0489354 7.46761 -0.0310831 -0.304053 1.80357 2.62075 -0.00749337 -0.00694494 -0.11412 0.206599 -0.261577 5.49663 -0.00216019 0.0494537 0.352319 45.1329 -3.89373 -0.0242143 1.36772 -0.00885345 -0.0740895 0.34831 -2.265 0.496719 -0.0884673 0.0553812 0.861417 -2.70227
549.162 0.0655186 -0.521294 2.0661 -2.90789 -0.0229948 -0.0739413 0.0519086 -0.520572 2.12986 -2.8267 0.140678 -0.0279209 -0.01361 0.000721659 0.0637624 0.081182 0.163673 0.0460205 0.0652027 10.7247 -0.0352811 -0.315574 1.80492 2.62101 -0.00786063 -0.00685986 -0.1008 0.205719 -0.261179 5.52889 0.0151342 0.0670815 0.347412 43.3294 -3.89824 -0.031202 1.36508 -0.0133964 -0.0723036 0.349598 -2.26834 0.504014 -0.0897278 0.0527643 0.826252 -2.68
549.475 0.0493279 -0.531416 2.06606 -2.9308 -0.0428347 -0.0830636 0.0333807 -0.526511 2.10508 -2.83896 -0.14303 -0.113718 -0.0159472 0.00490586 0.039021 0.0918424 -0.100196 -0.030654 0.0424384 7.87325 -0.0369421 -0.328497 1.80701 2.62141 -0.00795602 -0.00674017 -0.0862699 0.202919 -0.259047 5.55221 0.0348787 0.0763234 0.340183 42.034 -3.90277 -0.0377765 1.36203 -0.0166326 -0.0706454 0.350752 -2.27243 0.512229 -0.0905262 0.0394352 0.800833 -2.67087
550.084 0.0210359 -0.553872 2.06226 -2.93915 -0.0924751 -0.0672597 0.000281328 -0.549212 2.10769 -2.80495 -0.147799 -0.116668 -0.0207546 0.00466019 0.0454344 0.1342 -0.055324 -0.0494087 0.0501673 8.48161 -0.0306884 -0.354453 1.80836 2.62119 -0.00691654 -0.00818633 -0.0517243 0.199419 -0.253903 5.56034 0.0855586 0.0590734 0.326971 41.6566 -3.91332 -0.0508133 1.35366 -0.015181 -0.0669459 0.352041 -2.28451 0.535207 -0.090216 -0.0346447 0.790085 -2.70794
550.344 0.0110039 -0.562721 2.05897 -2.928 -0.113984 -0.0481969 -0.0126224 -0.561047 2.11078 -2.78538 -0.16209 -0.0903476 -0.0236264 0.00167309 0.051813 0.142614 -0.0481059 -0.0421507 0.0569701 8.64541 -0.0266149 -0.364748 1.80806 2.62144 -0.00610397 -0.00896998 -0.0376188 0.197973 -0.250915 5.54944 0.10788 0.0392269 0.321818 42.3954 -3.91757 -0.0553533 1.34956 -0.0116367 -0.0654773 0.351775 -2.29076 0.546651 -0.0890521 -0.0811334 0.800604 -2.74554
550.62 0.00503614 -0.56785 2.0564 -2.91667 -0.124772 -0.0440365 -0.0237567 -0.573918 2.11644 -2.95189 -0.16517 -0.0608775 -0.0287928 -0.006068 0.0600421 -0.0352271 -0.0403982 -0.016841 0.0668648 3.30523 -0.0232753 -0.369818 1.80702 2.62078 -0.00679141 -0.00863039 -0.0283114 0.198032 -0.249375 5.53745 0.11798 0.0354061 0.319697 43.1475 -3.92017 -0.0580343 1.34653 -0.00874538 -0.0649146 0.351343 -2.29492 0.554528 -0.0877843 -0.10326 0.811957 -2.75954
551.279 -0.0328564 -0.587791 2.04312 -2.84781 -0.164537 -0.0819958 -0.0518021 -0.586135 2.0909 -2.93142 -0.149436 -0.0731827 -0.0189457 0.00165631 0.0477817 -0.0836077 0.0151007 0.00881308 0.0514274 4.81605 -0.0181734 -0.386861 1.79976 2.62137 -0.007579 -0.00815963 0.014683 0.200931 -0.243358 5.46918 0.156958 0.0738362 0.31593 47.2703 -3.92879 -0.066654 1.33326 -0.00555881 -0.0632291 0.350218 -2.3105 0.588226 -0.0805494 -0.135113 0.875956 -2.73642
551.618 -0.0494108 -0.597163 2.03727 -2.82007 -0.18212 -0.0903863 -0.0711096 -0.598956 2.09807 -2.81267 -0.22517 -0.0969495 -0.0216988 -0.00179355 0.0607955 0.00739818 -0.0430502 -0.00656319 0.0645767 2.51808 -0.0180764 -0.392653 1.79529 2.62125 -0.00745216 -0.00822248 0.0313343 0.20451 -0.241985 5.44132 0.174668 0.0821638 0.318375 48.9754 -3.93147 -0.0691441 1.32824 -0.00578253 -0.0618902 0.349957 -2.31586 0.602146 -0.0773102 -0.155631 0.900855 -2.73857
552.001 -0.069734 -0.609779 2.02972 -2.78849 -0.203432 -0.0915582 -0.0911 -0.623177 2.13347 -2.89141 -0.141866 -0.0574611 -0.021366 -0.0133984 0.103753 -0.102924 0.0615661 0.0340971 0.106774 6.8601 -0.0163765 -0.400209 1.78958 2.62129 -0.0072502 -0.00848136 0.0533575 0.20957 -0.240135 5.40978 0.196182 0.0830769 0.323158 50.9255 -3.93454 -0.0717584 1.32163 -0.00499372 -0.0602378 0.349511 -2.32199 0.621205 -0.0727809 -0.192204 0.929072 -2.75861
552.524 -0.0905823 -0.62372 2.02178 -2.76352 -0.221914 -0.0777198 -0.120028 -0.628726 2.0727 -2.7515 -0.240971 -0.0906538 -0.0294453 -0.00500634 0.0509265 0.0120165 -0.019057 -0.0129339 0.059039 1.4075 -0.00854065 -0.407386 1.78276 2.62106 -0.00705787 -0.00881338 0.0820417 0.216334 -0.239014 5.38458 0.214856 0.0689065 0.332654 52.5358 -3.9374 -0.0738079 1.31335 -0.00126757 -0.059161 0.348554 -2.32756 0.64495 -0.0675678 -0.24504 0.951112 -2.80664
553.162 -0.11879 -0.640703 2.0126 -2.75308 -0.240768 -0.043249 -0.145242 -0.646247 2.071 -2.71985 -0.266701 -0.0703744 -0.0264527 -0.00554438 0.0584066 0.0332293 -0.0259331 -0.0271254 0.064357 2.60038 0.0020023 -0.413829 1.77213 2.62071 -0.0072735 -0.00914624 0.120792 0.226874 -0.240472 5.37379 0.233495 0.0341027 0.351979 53.4754 -3.93912 -0.0746257 1.29951 0.00642625 -0.0599739 0.346105 -2.33112 0.68111 -0.0612843 -0.322552 0.958397 -2.89204
553.542 -0.129281 -0.645655 2.00996 -2.75476 -0.2499 -0.0340464 -0.158977 -0.658028 2.08471 -2.85917 -0.252849 -0.0349336 -0.0296961 -0.0123726 0.0747494 -0.104409 -0.00294896 -0.000887212 0.0813783 5.99741 0.00442199 -0.414174 1.76774 2.62079 -0.00774842 -0.00882264 0.133703 0.231481 -0.242214 5.37555 0.242151 0.0252238 0.360732 53.5356 -3.93867 -0.0743409 1.29432 0.00857423 -0.0608757 0.345093 -2.33094 0.693872 -0.0594703 -0.347203 0.955754 -2.91534
554.166 -0.155881 -0.657244 2.00424 -2.76978 -0.276507 -0.0192669 -0.182286 -0.665562 2.06929 -2.71317 -0.224435 0.00375499 -0.0264052 -0.00831828 0.0650522 0.0566172 0.0520723 0.0230219 0.0706981 4.82523 0.00573049 -0.415008 1.75774 2.62088 -0.00843655 -0.00877187 0.161611 0.242236 -0.246499 5.39066 0.26807 0.010495 0.381521 53.1666 -3.9356 -0.0729344 1.2836 0.00919858 -0.0622146 0.343088 -2.32821 0.721113 -0.0564377 -0.392336 0.938225 -2.94839
554.497 -0.166825 -0.661501 2.00243 -2.78172 -0.286912 -0.0125182 -0.197439 -0.678755 2.0871 -2.81176 -0.276295 -0.0136411 -0.0306137 -0.0172539 0.0846755 -0.030035 0.0106165 -0.00112292 0.0916778 1.84313 0.00487492 -0.415801 1.7546 2.62086 -0.00830906 -0.00864023 0.1717 0.2457 -0.247826 5.40258 0.278603 0.00387794 0.388931 52.7311 -3.93362 -0.072082 1.27995 0.00844472 -0.0626452 0.342428 -2.32635 0.731357 -0.0557055 -0.405464 0.925697 -2.95674
554.785 -0.176505 -0.664779 2.0011 -2.79544 -0.296097 -0.00537781 -0.202734 -0.663071 2.02301 -2.74127 -0.35282 -0.0423603 -0.0262285 0.00170841 0.0219144 0.0541728 -0.0567228 -0.0369825 0.0342213 4.52636 0.00279607 -0.414281 1.75083 2.62086 -0.00832969 -0.00862173 0.179301 0.250498 -0.250271 5.4163 0.287768 -0.00324393 0.396905 52.1959 -3.93135 -0.0710554 1.27693 0.00761643 -0.0631639 0.341901 -2.32423 0.740617 -0.0552178 -0.416019 0.911674 -2.96323
555.074 -0.187527 -0.669357 1.99946 -2.81459 -0.306939 0.00437356 -0.21694 -0.678498 2.05613 -2.78555 -0.291484 -0.00531023 -0.0294126 -0.00914083 0.0566716 0.0290414 0.0154547 -0.00968379 0.0645006 1.82113 0.000598623 -0.41257 1.74606 2.6212 -0.00846799 -0.00860943 0.188126 0.256787 -0.2534 5.43579 0.298471 -0.012983 0.406869 51.4193 -3.92799 -0.0693875 1.27387 0.00645396 -0.0632119 0.341412 -2.3212 0.751337 -0.0548174 -0.427135 0.892135 -2.96979
555.504 -0.194368 -0.672982 1.99813 -2.82819 -0.314426 0.0116739 -0.227714 -0.682092 2.05619 -2.77444 -0.299371 -0.00846872 -0.0333462 -0.00911059 0.0580628 0.0537542 0.0150553 -0.0201426 0.0675741 3.0681 -0.00181296 -0.411538 1.74257 2.62138 -0.00827809 -0.00872243 0.192555 0.261443 -0.255559 5.44957 0.306148 -0.0203964 0.413208 50.8938 -3.92533 -0.0679013 1.27229 0.00544151 -0.0626923 0.341191 -2.31893 0.758138 -0.0546263 -0.434475 0.877752 -2.97409
555.827 -0.200284 -0.677428 1.99637 -2.84016 -0.321249 0.0187332 -0.231766 -0.677837 2.02976 -2.83632 -0.36235 -0.0160743 -0.0314819 -0.000409069 0.0333843 0.00384516 -0.0411018 -0.0348075 0.0458889 3.04568 -0.0057958 -0.412045 1.73951 2.62181 -0.00852109 -0.00865361 0.194488 0.265383 -0.256868 5.46197 0.312727 -0.0273868 0.417414 50.4313 -3.92264 -0.0662121 1.27132 0.00410304 -0.0613939 0.341088 -2.31676 0.763836 -0.0544877 -0.440736 0.864282 -2.97792
556.13 -0.206614 -0.683769 1.99378 -2.85328 -0.327985 0.0276094 -0.241442 -0.693076 2.05645 -2.8472 -0.165758 0.0642415 -0.0348282 -0.00930701 0.0626711 0.0060823 0.162228 0.036632 0.0723 9.55358 -0.0111411 -0.41271 1.7351 2.62238 -0.00880588 -0.00847397 0.195473 0.271059 -0.258682 5.47567 0.319179 -0.0360834 0.42261 49.9291 -3.91913 -0.0636176 1.27095 0.00182281 -0.058838 0.341126 -2.31408 0.76961 -0.0545289 -0.445955 0.848564 -2.98197
556.445 -0.209979 -0.688305 1.99197 -2.86146 -0.329346 0.0331804 -0.243828 -0.689231 2.02689 -2.82052 -0.377 0.0080856 -0.0338497 -0.000926404 0.0349173 0.0409347 -0.0476539 -0.0250948 0.0486403 3.56205 -0.0153143 -0.41305 1.73177 2.62199 -0.00836449 -0.00871462 0.194664 0.275255 -0.2602 5.48345 0.320982 -0.0418951 0.425868 49.6196 -3.91666 -0.0613921 1.2713 -0.000205894 -0.0565313 0.341294 -2.31225 0.772439 -0.0549545 -0.444587 0.838573 -2.98246
556.776 -0.211942 -0.692375 1.99052 -2.86853 -0.326179 0.0373878 -0.250274 -0.703509 2.05004 -2.89691 -0.326932 0.0410973 -0.0383322 -0.0111342 0.0595247 -0.0283822 -0.000752465 0.00370946 0.0716695 1.57147 -0.020919 -0.414878 1.7296 2.62239 -0.00855166 -0.00849585 0.191023 0.277498 -0.260919 5.49092 0.317628 -0.0458837 0.426115 49.1999 -3.91442 -0.0589046 1.27208 -0.00241238 -0.054029 0.3416 -2.31056 0.773966 -0.0558884 -0.436857 0.830095 -2.97978
557.072 -0.212419 -0.696983 1.98892 -2.87463 -0.317984 0.0425154 -0.254112 -0.709577 2.05208 -2.89105 -0.326226 0.0406926 -0.0416922 -0.0125942 0.0631611 -0.0164165 -0.00824199 -0.00182277 0.0767214 1.08679 -0.0254397 -0.415833 1.72627 2.62272 -0.00839144 -0.00842824 0.18698 0.28115 -0.262648 5.49735 0.309593 -0.0509436 0.427775 48.7484 -3.9118 -0.0550828 1.27331 -0.00467271 -0.0508596 0.342221 -2.30865 0.775563 -0.0572457 -0.423963 0.822246 -2.97683
557.284 -0.211922 -0.699236 1.98809 -2.87607 -0.312585 0.0450617 -0.253504 -0.713128 2.05253 -2.76769 -0.201084 0.0818752 -0.0415818 -0.0138913 0.0644378 0.108379 0.111501 0.0368135 0.0779374 9.50953 -0.0272265 -0.415515 1.724 2.6223 -0.00814315 -0.00868946 0.184695 0.283721 -0.264098 5.49837 0.304441 -0.0537512 0.429369 48.6187 -3.91068 -0.0529345 1.27383 -0.00552916 -0.0492692 0.342604 -2.30782 0.776346 -0.0579171 -0.417086 0.819871 -2.97613
557.672 -0.209747 -0.70393 1.98627 -2.87617 -0.299177 0.0500585 -0.251547 -0.714236 2.04566 -2.72595 -0.340635 0.0341582 -0.0418003 -0.010306 0.0593919 0.150216 -0.0414584 -0.0159003 0.0733545 8.69506 -0.0288617 -0.416084 1.7198 2.62253 -0.00807439 -0.00868094 0.180885 0.287846 -0.266468 5.4987 0.291103 -0.0587394 0.431949 48.3857 -3.90881 -0.0481418 1.27455 -0.00684192 -0.0460311 0.343481 -2.30638 0.777959 -0.0593058 -0.401825 0.817772 -2.97559
557.918 -0.207136 -0.706855 1.98511 -2.87474 -0.286747 0.0536017 -0.246461 -0.70989 2.01975 -2.91967 -0.391116 0.0299468 -0.0393243 -0.00303477 0.034638 -0.0449279 -0.104369 -0.0236549 0.0524919 6.82174 -0.0264707 -0.417884 1.71778 2.62204 -0.00801461 -0.00880491 0.180666 0.288971 -0.267338 5.49679 0.278732 -0.0624066 0.433144 48.2849 -3.90775 -0.0440981 1.27479 -0.00744337 -0.0439269 0.344213 -2.30545 0.77928 -0.0604445 -0.388544 0.818066 -2.97524
558.281 -0.202923 -0.708703 1.98449 -2.87274 -0.267541 0.0575848 -0.243023 -0.713673 2.02046 -2.92022 -0.387276 0.0305986 -0.0400996 -0.00497023 0.0359767 -0.047479 -0.119735 -0.0269861 0.0541017 7.71684 -0.0224421 -0.418765 1.71552 2.62181 -0.0079975 -0.00880803 0.180481 0.289938 -0.268973 5.49454 0.259544 -0.0663928 0.434723 48.0863 -3.9068 -0.0381038 1.2748 -0.00804798 -0.0421836 0.345264 -2.30438 0.781329 -0.0622103 -0.36753 0.819845 -2.97303
558.535 -0.199292 -0.709694 1.98439 -2.87145 -0.251461 0.0593279 -0.241342 -0.720586 2.03549 -2.80239 -0.357685 0.00995116 -0.0420496 -0.010892 0.0510939 0.0690612 -0.106223 -0.0493767 0.0670626 7.34574 -0.0192583 -0.419327 1.71394 2.62188 -0.00794118 -0.00870478 0.180034 0.290368 -0.270455 5.49334 0.24352 -0.0680327 0.435742 47.8804 -3.90646 -0.0331655 1.27461 -0.00835758 -0.0411295 0.346098 -2.3037 0.783157 -0.0637962 -0.348847 0.821416 -2.96893
559.072 -0.195177 -0.71106 1.98441 -2.87057 -0.234081 0.0596508 -0.24026 -0.728908 2.05599 -2.89546 -0.304484 0.0454595 -0.0450834 -0.0178471 0.0715769 -0.0248916 -0.0704033 -0.0141913 0.0864539 4.42527 -0.0165048 -0.421922 1.71323 2.6219 -0.00782589 -0.00874259 0.178672 0.289138 -0.271189 5.49246 0.226255 -0.0683934 0.434819 47.6357 -3.90645 -0.0278636 1.27419 -0.0084569 -0.0399703 0.346957 -2.30309 0.785265 -0.0656499 -0.327517 0.822639 -2.96221
559.992 -0.174143 -0.714648 1.98743 -2.87474 -0.168459 0.0506059 -0.216633 -0.716757 2.01222 -2.81367 -0.325314 0.00339089 -0.0424901 -0.00210933 0.0247835 0.0610693 -0.156855 -0.047215 0.049235 9.78038 0.00208197 -0.431814 1.71195 2.6215 -0.0071378 -0.00896355 0.176225 0.282834 -0.275489 5.49624 0.161322 -0.0595695 0.432371 46.3897 -3.9088 -0.00786573 1.27163 -0.00467457 -0.0370464 0.349925 -2.30123 0.793887 -0.0736718 -0.24231 0.820706 -2.92329
560.424 -0.16219 -0.716443 1.98984 -2.88005 -0.140381 0.0428568 -0.208594 -0.72258 2.02536 -2.9436 -0.148819 0.0508828 -0.0464046 -0.00613661 0.0355214 -0.063551 -0.0084377 0.00802593 0.0587606 3.63604 0.0162691 -0.434073 1.71034 2.62159 -0.00640172 -0.00912844 0.178459 0.28237 -0.2795 5.50164 0.13398 -0.0519853 0.435546 45.7062 -3.91059 0.000866608 1.27075 -0.0011045 -0.0357508 0.351113 -2.30048 0.797608 -0.0774096 -0.205802 0.815967 -2.90274
560.826 -0.152627 -0.717319 1.992 -2.88562 -0.120854 0.0364161 -0.197781 -0.721917 2.02347 -2.95062 -0.153369 0.0491936 -0.0451544 -0.00459791 0.0314658 -0.0650014 -0.0325156 0.0127775 0.0552283 4.13886 0.0266597 -0.435905 1.70973 2.62146 -0.00638147 -0.0091369 0.179287 0.281414 -0.282272 5.50707 0.114472 -0.045553 0.437053 45.1605 -3.9121 0.00753674 1.27026 0.00178164 -0.0350115 0.351977 -2.29989 0.800309 -0.0802498 -0.179728 0.810788 -2.88698
561.414 -0.135548 -0.717255 1.99664 -2.9009 -0.088965 0.0241663 -0.181379 -0.742383 2.07907 -2.77381 -0.182814 -0.00449012 -0.0458305 -0.0251274 0.0824239 0.127089 -0.0938485 -0.0286564 0.0975988 9.01925 0.0500201 -0.438785 1.70968 2.62102 -0.00689925 -0.00892282 0.185569 0.27847 -0.286966 5.52192 0.0820657 -0.0330891 0.44083 43.9867 -3.91524 0.0208157 1.26938 0.00584529 -0.0345818 0.353481 -2.29864 0.805129 -0.0856377 -0.134764 0.796733 -2.8578
561.9 -0.126876 -0.716389 1.9994 -2.9134 -0.0745912 0.0175637 -0.17079 -0.728193 2.04658 -2.83522 -0.0124298 0.0697314 -0.0439137 -0.011804 0.0471768 0.0781818 0.0621614 0.0521677 0.065524 6.54491 0.061636 -0.439206 1.70957 2.6209 -0.00731287 -0.00878687 0.188512 0.277183 -0.289828 5.5343 0.0672783 -0.0263506 0.443134 43.1593 -3.91732 0.0294013 1.26873 0.00659823 -0.0348899 0.354196 -2.29771 0.807743 -0.0887703 -0.112015 0.785251 -2.84181
562.178 -0.121378 -0.716145 2.001 -2.92352 -0.0672907 0.0131605 -0.162138 -0.727741 2.05052 -2.79837 -0.0164619 0.038539 -0.0407603 -0.0115965 0.0495272 0.125147 0.0508288 0.0253785 0.065183 7.929 0.0690548 -0.439635 1.70934 2.62093 -0.00745685 -0.00879477 0.190433 0.27651 -0.291651 5.54445 0.0598338 -0.0219553 0.444728 42.5233 -3.9189 0.0356216 1.26815 0.00655534 -0.0350441 0.354548 -2.29699 0.809392 -0.0908389 -0.0989234 0.775662 -2.83163
562.488 -0.116338 -0.716868 2.00202 -2.93402 -0.0626029 0.0088159 -0.156719 -0.726924 2.04985 -2.97265 -0.00922435 0.026601 -0.0403814 -0.0100554 0.0478237 -0.0386238 0.0533786 0.0177851 0.0633946 3.88917 0.0758507 -0.439615 1.70819 2.621 -0.00748873 -0.00879192 0.192189 0.277253 -0.293835 5.55503 0.0551142 -0.0176078 0.447375 41.8813 -3.92056 0.0416194 1.26743 0.00633129 -0.0348472 0.354737 -2.29628 0.810821 -0.0926951 -0.0888945 0.765213 -2.82255
563.011 -0.110232 -0.719663 2.00246 -2.94878 -0.0599853 0.00245961 -0.151393 -0.727164 2.05053 -2.97117 -0.0111422 0.0259336 -0.0411608 -0.0075004 0.0480659 -0.0223915 0.0488432 0.023474 0.0637244 3.34105 0.0865748 -0.440349 1.70553 2.6212 -0.00748844 -0.00879645 0.196807 0.279315 -0.296938 5.56999 0.0524969 -0.0112561 0.452683 40.9957 -3.92299 0.0492291 1.26616 0.005921 -0.0339241 0.354746 -2.29542 0.812495 -0.0949341 -0.0794323 0.749767 -2.81114
563.891 -0.0951406 -0.734099 2.00024 -2.99241 -0.0656317 -0.0214186 -0.135337 -0.740239 2.05199 -2.9747 -0.0210499 -0.00758831 -0.040196 -0.0061405 0.0517501 0.017709 0.0445818 0.0138303 0.0658141 2.87249 0.105535 -0.451793 1.69811 2.62122 -0.00723845 -0.00894574 0.200676 0.282305 -0.302127 5.61363 0.0583933 0.0124729 0.459617 38.483 -3.93068 0.0660501 1.26029 0.00675458 -0.0293554 0.35392 -2.29412 0.816472 -0.100345 -0.0672551 0.701852 -2.77821
564.258 -0.0912109 -0.738591 1.99939 -3.00884 -0.0702447 -0.0311668 -0.128823 -0.736616 2.02202 -3.04282 -0.087446 -0.031951 -0.0376118 0.0019753 0.0226321 -0.033971 -0.0172013 -0.000784268 0.0439404 2.18534 0.109438 -0.45506 1.69518 2.62102 -0.00732738 -0.00893809 0.200649 0.283531 -0.304204 5.62986 0.0629174 0.0222287 0.461725 37.5712 -3.93348 0.0703928 1.25751 0.00716554 -0.0283597 0.353555 -2.29403 0.817791 -0.102138 -0.0653509 0.684295 -2.76572
564.56 -0.0877208 -0.743777 1.99825 -3.02702 -0.0763367 -0.0422205 -0.126155 -0.751437 2.05039 -3.04304 -0.0862376 -0.0470934 -0.0384341 -0.00766038 0.0521392 -0.0160182 -0.00990094 -0.00487288 0.0652255 1.13298 0.11438 -0.458514 1.69156 2.62101 -0.0073752 -0.00894002 0.2021 0.285263 -0.306687 5.64803 0.0689615 0.0332805 0.465055 36.5668 -3.93653 0.0743682 1.2542 0.00756274 -0.0272587 0.353169 -2.29409 0.819192 -0.10405 -0.0641985 0.665024 -2.75192
564.915 -0.0846731 -0.750086 1.99659 -3.04628 -0.0836731 -0.0540286 -0.122556 -0.758504 2.05011 -3.04479 -0.0855529 -0.0471379 -0.037883 -0.00841756 0.0535211 0.00149335 -0.00187982 0.00689064 0.0661096 0.425206 0.118091 -0.463466 1.68763 2.62112 -0.00743004 -0.00897508 0.202764 0.28662 -0.308961 5.6674 0.076243 0.0450535 0.467676 35.5167 -3.93981 0.0779587 1.25025 0.00794391 -0.0258483 0.352771 -2.29425 0.820648 -0.106062 -0.063909 0.644184 -2.73725
565.313 -0.0814271 -0.759552 1.99373 -3.07368 -0.0954148 -0.0699967 -0.121172 -0.775163 2.07371 -2.91515 -0.123745 -0.0770283 -0.0397445 -0.0156107 0.0799855 0.158529 -0.0283302 -0.00703158 0.0906697 9.19197 0.125152 -0.472585 1.68282 2.62072 -0.00771463 -0.00894133 0.206579 0.286966 -0.310909 5.6944 0.0877001 0.0610554 0.470839 34.092 -3.94453 0.0821297 1.24399 0.00813299 -0.0240224 0.352232 -2.29454 0.82263 -0.108864 -0.0651473 0.61406 -2.71701
565.688 -0.080162 -0.766956 1.9914 -3.09652 -0.106615 -0.0819767 -0.117914 -0.786403 2.07884 -3.0479 -0.0878886 -0.0637763 -0.0377519 -0.0194474 0.0874376 0.0486199 0.0187268 0.0182004 0.0972046 3.25004 0.130617 -0.478568 1.67822 2.62078 -0.00789658 -0.0089798 0.210779 0.288388 -0.313177 5.7173 0.0987188 0.0729969 0.475052 32.9222 -3.94832 0.0847959 1.23862 0.00773286 -0.0228229 0.351803 -2.29478 0.824097 -0.110997 -0.0678207 0.589728 -2.70176
565.944 -0.0791324 -0.774668 1.98898 -3.12117 -0.119741 -0.093704 -0.115284 -0.783255 2.04666 -3.09669 -0.036495 -0.0737459 -0.0361512 -0.00858679 0.0576797 0.0244788 0.0832455 0.0199582 0.0686119 5.12568 0.134785 -0.485151 1.67368 2.62067 -0.00788241 -0.00903117 0.213917 0.289516 -0.315297 5.74184 0.111858 0.0846729 0.478532 31.7153 -3.9523 0.0870834 1.23282 0.00735765 -0.0217361 0.35134 -2.29501 0.825506 -0.113104 -0.0724853 0.563835 -2.68675
566.252 -0.0779251 -0.782765 1.9865 3.13572 -0.134857 -0.104949 -0.115561 -0.802248 2.07024 -3.10334 -0.122114 -0.0932288 -0.0376362 -0.0194827 0.083738 -6.23906 0.0127432 0.0117204 0.0938516 2.79456 0.138928 -0.49126 1.66859 2.62055 -0.00788214 -0.00911671 0.216854 0.291506 -0.317907 -0.515173 0.126975 0.0958325 0.482769 30.4849 -3.95646 0.0890086 1.22676 0.00726872 -0.0206977 0.350834 -2.2952 0.826843 -0.115161 -0.0796724 0.535988 -2.67189
566.666 -0.0762593 -0.793714 1.98349 3.09626 -0.159349 -0.119256 -0.112967 -0.800137 2.03917 3.10666 -0.10757 -0.102367 -0.0367082 -0.00642357 0.0556777 0.0103972 0.0517784 0.0168894 0.0669982 3.20088 0.143453 -0.499442 1.6619 2.62049 -0.00800336 -0.00932773 0.219712 0.294272 -0.321592 -0.475765 0.151346 0.109929 0.48815 28.757 -3.96228 0.0910267 1.21844 0.00748695 -0.0195532 0.350072 -2.29539 0.828536 -0.117861 -0.0938381 0.494762 -2.6518
567.081 -0.0754883 -0.802396 1.9816 3.06262 -0.180127 -0.129207 -0.113173 -0.819203 2.06035 3.13525 -0.146795 -0.119739 -0.0376844 -0.0168069 0.0787464 0.072629 0.0333324 0.00946804 0.0889021 4.68951 0.146019 -0.505601 1.65663 2.62055 -0.00817117 -0.00941751 0.221507 0.296795 -0.32497 -0.442068 0.171956 0.119789 0.492705 27.3957 -3.96682 0.0921315 1.21204 0.00763658 -0.018647 0.349439 -2.29538 0.82988 -0.120112 -0.106753 0.45987 -2.63617
567.398 -0.0757241 -0.815487 1.97963 3.01238 -0.209218 -0.140236 -0.11018 -0.815883 2.02258 3.00678 -0.179104 -0.11779 -0.0344561 -0.000396311 0.0429491 -0.00560796 0.030114 0.0224453 0.0550636 2.13881 0.149902 -0.513263 1.64863 2.62038 -0.00830137 -0.00925555 0.225626 0.302224 -0.331001 -0.392003 0.200916 0.13098 0.501805 25.5741 -3.97306 0.0930734 1.20335 0.00743802 -0.017136 0.348521 -2.29497 0.831991 -0.123856 -0.125501 0.407845 -2.61533
567.739 -0.0770701 -0.82619 1.97888 2.96935 -0.230503 -0.146405 -0.110238 -0.833916 2.04085 3.02762 -0.20893 -0.132522 -0.0331679 -0.00772569 0.0619658 0.0582651 0.0215729 0.0138827 0.0707075 3.80292 0.152012 -0.51994 1.64278 2.62053 -0.00854621 -0.00927695 0.229082 0.306251 -0.336096 -0.348823 0.221957 0.137128 0.509145 24.1425 -3.97782 0.0934058 1.1968 0.00683841 -0.0157286 0.347792 -2.29424 0.833792 -0.127312 -0.139205 0.363642 -2.59985
568.135 -0.0791565 -0.837869 1.97869 2.9225 -0.25088 -0.149708 -0.111131 -0.840021 2.02526 2.96976 -0.241868 -0.148335 -0.0319742 -0.00215154 0.04657 0.0472619 0.00901159 0.00137281 0.0565309 2.77657 0.153156 -0.527797 1.63717 2.62097 -0.00891098 -0.00934589 0.232313 0.310072 -0.341518 -0.301529 0.241969 0.140362 0.516477 22.738 -3.98261 0.0934651 1.19029 0.00593763 -0.0139787 0.347045 -2.29306 0.835744 -0.131369 -0.153074 0.315656 -2.58561
568.535 -0.0814222 -0.850245 1.97921 2.87157 -0.26962 -0.149688 -0.115287 -0.858424 2.03508 2.884 -0.222527 -0.14138 -0.0338643 -0.00817866 0.0558714 0.0124291 0.047093 0.00830811 0.065843 2.85992 0.153979 -0.534278 1.6304 2.62069 -0.00837888 -0.00914394 0.235401 0.315967 -0.348808 -0.250885 0.261241 0.140544 0.526227 21.4818 -3.98736 0.0933117 1.18385 0.00507052 -0.0119797 0.346299 -2.29139 0.837803 -0.136065 -0.167077 0.263967 -2.57312
568.956 -0.0834397 -0.867764 1.98098 2.79662 -0.291595 -0.144326 -0.115447 -0.861273 2.00844 2.83077 -0.288433 -0.142824 -0.0320078 0.00649174 0.0274566 0.0341499 0.00316193 0.00150141 0.0426674 1.99115 0.154903 -0.546925 1.62303 2.621 -0.00794126 -0.00900464 0.238342 0.32084 -0.357953 -0.175616 0.283653 0.135321 0.536541 20.0224 -3.99347 0.0928921 1.17546 0.0047707 -0.00880778 0.345356 -2.28843 0.840637 -0.143371 -0.186675 0.18875 -2.55913
569.273 -0.0840091 -0.880259 1.9836 2.73398 -0.306226 -0.135808 -0.12102 -0.903479 2.07305 2.7881 -0.285054 -0.143767 -0.0370108 -0.0232199 0.0894459 0.0541246 0.0211725 -0.00795867 0.0995466 3.23604 0.156156 -0.556626 1.618 2.6214 -0.0076532 -0.00913193 0.240165 0.323633 -0.3656 -0.112575 0.298573 0.126676 0.544133 19.274 -3.99773 0.092495 1.16939 0.00523989 -0.00657812 0.344712 -2.28575 0.842755 -0.149643 -0.202764 0.127312 -2.55034
569.602 -0.0839413 -0.890722 1.98773 2.66545 -0.319764 -0.122913 -0.120868 -0.915062 2.07049 2.70831 -0.302105 -0.12205 -0.0369264 -0.0243405 0.0827544 0.0428655 0.0176588 0.000862879 0.0938312 2.67064 0.158104 -0.56364 1.61276 2.62065 -0.00751528 -0.00883892 0.242046 0.327082 -0.374972 -0.0447938 0.312248 0.114074 0.553329 19.0652 -4.0015 0.0920862 1.1636 0.00611111 -0.00503273 0.344134 -2.28278 0.844777 -0.156528 -0.220686 0.061815 -2.54261
570.839 -0.0933446 -0.89288 1.9994 2.61355 -0.218738 -0.172384 -0.129777 -0.931469 2.09508 2.62134 -0.230628 -0.151793 -0.036432 -0.0385893 0.0956778 0.00779159 -0.0118901 0.0205914 0.109411 1.51336 0.157124 -0.578806 1.60213 2.61969 -0.00711533 -0.00739102 0.250468 0.314074 -0.397275 0.0061435 0.211622 0.164993 0.564981 15.3924 -4.0092 0.0904877 1.14317 0.00444175 -0.00743838 0.34576 -2.2836 0.852663 -0.182224 -0.106788 -0.00150163 -2.53703
571.595 -0.0971179 -0.878773 2.00247 2.6215 -0.126923 -0.219703 -0.133152 -0.909391 2.07388 2.61663 -0.126846 -0.193639 -0.0360339 -0.0306174 0.0714077 -0.0048725 7.73573e-05 0.0260639 0.0856442 1.48411 0.155767 -0.580594 1.5956 2.62004 -0.00716632 -0.00805438 0.252885 0.298179 -0.40687 -0.0014681 0.119757 0.211649 0.564274 13.9222 -4.00575 0.0912135 1.12972 -0.000728017 -0.0118817 0.351416 -2.28605 0.856024 -0.197957 0.00215098 0.0010069 -2.53697
572.23 -0.0887855 -0.879892 1.99228 2.61956 -0.124907 -0.217284 -0.126331 -0.892204 2.03666 2.59129 -0.126378 -0.206902 -0.037545 -0.0123113 0.0443793 -0.0282718 -0.00147055 0.0103819 0.0594198 1.65635 0.160739 -0.588776 1.58924 2.61991 -0.00716574 -0.00877257 0.249525 0.291116 -0.403047 0.000346694 0.117741 0.208512 0.556289 13.7151 -4.00067 0.09269 1.12096 0.00147238 -0.011455 0.354475 -2.28599 0.856008 -0.197916 0.000466888 -0.000494651 -2.53697
572.617 -0.0873327 -0.879662 1.98831 2.61967 -0.124046 -0.217328 -0.122648 -0.893828 2.03429 2.60817 -0.111957 -0.214389 -0.0353151 -0.0141655 0.0459731 -0.011495 0.0120898 0.00293896 0.059677 0.956953 0.161733 -0.592188 1.58736 2.61973 -0.00751636 -0.00901757 0.249065 0.287475 -0.400956 5.82433e-05 0.11653 0.208311 0.552667 13.6702 -3.99818 0.0934084 1.11805 0.00218646 -0.0112076 0.354858 -2.28599 0.856008 -0.197908 0.000482104 -0.000455006 -2.53697
573.278 -0.0877047 -0.877224 1.9818 2.61959 -0.123539 -0.218113 -0.12332 -0.906427 2.06094 2.60382 -0.142433 -0.216401 -0.0356151 -0.0292026 0.0791408 -0.0157749 -0.0188939 0.0017117 0.0915669 1.40528 0.161804 -0.597459 1.58517 2.61951 -0.00771497 -0.00923135 0.249509 0.279766 -0.396633 -7.6021e-05 0.115824 0.208882 0.545748 13.6787 -3.99297 0.0946512 1.11354 0.0030233 -0.0112379 0.354426 -2.28599 0.856007 -0.197895 0.000506326 -0.000391748 -2.53697
573.674 -0.0896803 -0.874357 1.97854 2.61929 -0.123811 -0.219001 -0.121556 -0.88063 2.00221 2.58334 -0.140838 -0.211204 -0.0318759 -0.00627359 0.0236687 -0.0359578 -0.0170269 0.00779743 0.040195 2.27004 0.161818 -0.60008 1.58497 2.61948 -0.00769571 -0.00924445 0.251498 0.274276 -0.393574 0.000190703 0.116115 0.209757 0.541645 13.7314 -3.98942 0.0952453 1.11146 0.003318 -0.0116174 0.353522 -2.28599 0.856007 -0.197888 0.000518863 -0.000359014 -2.53697
574.109 -0.0917696 -0.872124 1.9764 2.61915 -0.124171 -0.219813 -0.126839 -0.904812 2.05932 2.62089 -0.129117 -0.224779 -0.0350692 -0.0326879 0.0829164 0.00174424 -0.0049463 -0.00496598 0.0957783 0.405418 0.162338 -0.601849 1.58495 2.61945 -0.00775155 -0.00940026 0.254108 0.270275 -0.391455 0.000306789 0.11642 0.210413 0.539311 13.7731 -3.98677 0.0955403 1.11029 0.00346387 -0.0118561 0.352644 -2.28599 0.856007 -0.197884 0.000526259 -0.000339719 -2.53697
574.506 -0.0951833 -0.869198 1.97385 2.61906 -0.124847 -0.220924 -0.127522 -0.882924 2.01344 2.56346 -0.125269 -0.189653 -0.0323387 -0.0137259 0.0395921 -0.055596 -0.000422853 0.0312714 0.0529313 3.45445 0.159909 -0.602725 1.58452 2.61939 -0.00781073 -0.00956079 0.255092 0.266473 -0.389329 0.000335757 0.117036 0.211363 0.536337 13.8379 -3.98328 0.0957151 1.10911 0.00348363 -0.0121104 0.351352 -2.28599 0.856007 -0.197879 0.000535185 -0.00031647 -2.53697
575.264 -0.100761 -0.865581 1.97011 2.61921 -0.12586 -0.222586 -0.136732 -0.906232 2.07288 2.63369 -0.110974 -0.202006 -0.0359713 -0.040651 0.102768 0.0144795 0.0148864 0.02058 0.116223 1.74271 0.153895 -0.600361 1.58149 2.61949 -0.00759022 -0.00952916 0.254656 0.26522 -0.388616 0.000278652 0.11827 0.213057 0.534989 13.9567 -3.97826 0.0954905 1.10755 0.00344057 -0.0122088 0.349415 -2.28599 0.856007 -0.197873 0.000545629 -0.000289291 -2.53697
575.56 -0.103067 -0.864747 1.96768 2.61948 -0.125949 -0.22354 -0.135585 -0.873892 2.00281 2.58238 -0.145424 -0.21293 -0.0325183 -0.00914507 0.0351235 -0.037102 -0.019475 0.0106096 0.0487312 2.40501 0.1485 -0.599908 1.57933 2.6195 -0.00733142 -0.00937391 0.251567 0.264839 -0.388355 1.59808e-05 0.118617 0.214166 0.533147 14.0209 -3.97587 0.0951547 1.10627 0.00378243 -0.011971 0.348549 -2.286 0.856007 -0.197871 0.000549787 -0.000278485 -2.53697
575.981 -0.105418 -0.864794 1.96338 2.61991 -0.12555 -0.224908 -0.142113 -0.905895 2.07211 2.63456 -0.11109 -0.20271 -0.0366948 -0.0411011 0.10873 0.0146494 0.0144599 0.0221987 0.121894 1.8058 0.142969 -0.600638 1.57541 2.61952 -0.00704521 -0.0094343 0.248387 0.264156 -0.387967 -0.000391036 0.118505 0.215474 0.53103 14.0821 -3.97279 0.0944554 1.10332 0.00470783 -0.0114753 0.347557 -2.286 0.856006 -0.197869 0.000554021 -0.000267498 -2.53697
576.326 -0.106577 -0.865572 1.95929 2.62017 -0.124823 -0.22601 -0.144873 -0.901513 2.06 2.62128 -0.13422 -0.22705 -0.0382958 -0.0359418 0.100716 0.00110687 -0.00939725 -0.00103994 0.113587 0.544645 0.140481 -0.602015 1.57158 2.61955 -0.00682768 -0.00956878 0.247058 0.263557 -0.387711 -0.000616097 0.117995 0.216441 0.529924 14.1159 -3.97056 0.0937147 1.1 0.00580972 -0.0110671 0.346961 -2.286 0.856006 -0.197867 0.000557196 -0.00025927 -2.53697
576.644 -0.107745 -0.866723 1.95455 2.6203 -0.1241 -0.226954 -0.142492 -0.879344 2.00128 2.60105 -0.133127 -0.221915 -0.0347474 -0.0126214 0.0467239 -0.0192537 -0.00902695 0.00503837 0.0595802 1.21917 0.135978 -0.605588 1.5681 2.61936 -0.00704047 -0.00947766 0.243723 0.261135 -0.386448 -0.000940683 0.11706 0.217476 0.526246 14.1416 -3.96837 0.0927524 1.09568 0.00686777 -0.010781 0.346495 -2.286 0.856006 -0.197866 0.000559746 -0.000252672 -2.53697
577.066 -0.110327 -0.86864 1.94726 2.62033 -0.123744 -0.227651 -0.141677 -0.872362 1.97749 2.5903 -0.117441 -0.212534 -0.0313494 -0.0037221 0.0302244 -0.0300313 0.00630345 0.0151172 0.0437053 1.86614 0.130552 -0.610017 1.56223 2.61924 -0.00723739 -0.00953012 0.24088 0.258623 -0.38503 -0.00109465 0.116507 0.218121 0.522644 14.1588 -3.96552 0.0910697 1.08854 0.00750673 -0.0106793 0.346067 -2.286 0.856006 -0.197864 0.000562861 -0.000244631 -2.53697
577.423 -0.113004 -0.870598 1.94108 2.62037 -0.123886 -0.227795 -0.148495 -0.897016 2.02343 2.63316 -0.133372 -0.24051 -0.0354912 -0.0264177 0.0823493 0.0127844 -0.0094862 -0.0127147 0.0934822 1.10712 0.125012 -0.613521 1.55701 2.6192 -0.00737392 -0.00954451 0.238016 0.257077 -0.384073 -0.00116652 0.116512 0.218251 0.519858 14.1652 -3.96342 0.0894858 1.08221 0.00745062 -0.0106757 0.345874 -2.286 0.856006 -0.197863 0.000564406 -0.000240653 -2.53697
