292.518 -0.0227334 -0.399527 1.6188 -2.82566 -0.413963 -2.25689 -0.0601519 -0.393898 1.63865 -2.81315 -0.465229 -2.25562 -0.0374185 0.00562934 0.0198569 0.0125116 -0.0512663 0.00127138 0.0427332 3.03177 0.0599123 -0.595409 1.50398 -2.86005 -0.436149 -2.1747 0.0826457 -0.195882 -0.114817 -0.0343823 -0.0221859 0.0821913 0.241626 4.47431 0.967596 -2.11297 1.07204 0.00219035 0.00894555 2.47664 -0.0458475 -1.38879 -0.196182 -0.000180473 0.000585961 1.52456
292.834 -4.08019e-05 -0.403631 1.62083 -2.83531 -0.416683 -2.23502 -0.0572889 -0.396745 1.63859 -2.81515 -0.465098 -2.2544 -0.0572481 0.00688575 0.0177635 0.0201664 -0.0484153 -0.0193741 0.0603349 3.02776 0.0859788 -0.596241 1.50386 -2.87522 -0.43122 -2.16011 0.0860196 -0.19261 -0.116969 -0.0399037 -0.0145372 0.0749119 0.241204 4.03323 0.967472 -2.11237 1.07608 0.000856255 0.0123129 2.49652 -0.0458475 -1.38879 -0.196182 -0.000180473 0.000585961 1.52456
293.282 0.0547297 -0.401916 1.62444 -2.8558 -0.429157 -2.19013 -0.0371512 -0.407864 1.6667 -2.84737 -0.428316 -2.22773 -0.0918809 -0.00594763 0.0422639 0.00842613 0.000841354 -0.0375972 0.10131 2.00272 0.146479 -0.591487 1.50537 -2.8963 -0.436983 -2.12588 0.0917491 -0.189571 -0.119066 -0.0405054 -0.00782611 0.0642504 0.241933 3.45933 0.966773 -2.11107 1.08153 0.00259111 0.0134265 2.53932 -0.0458475 -1.38879 -0.196182 -0.000180473 0.000585961 1.52456
293.92 0.109027 -0.395219 1.62583 -2.87594 -0.443048 -2.14767 0.00722521 -0.405014 1.6609 -2.84755 -0.456847 -2.20282 -0.101802 -0.00979509 0.0350697 0.0283897 -0.0137988 -0.0551485 0.108118 2.96372 0.205169 -0.580844 1.50438 -2.90981 -0.444424 -2.10456 0.0961416 -0.185625 -0.121451 -0.0338703 -0.00137599 0.0431071 0.241765 2.39931 0.96584 -2.10968 1.08471 0.0059804 0.0120547 2.58018 -0.0458475 -1.38879 -0.196182 -0.000180473 0.000585961 1.52456
294.391 0.169709 -0.384994 1.62469 -2.89931 -0.458401 -2.09972 0.0643296 -0.397818 1.6551 -2.85783 -0.456785 -2.16334 -0.105379 -0.0128246 0.0304043 0.0414787 0.00161598 -0.063629 0.110425 3.3601 0.270045 -0.566655 1.50079 -2.92078 -0.455899 -2.08198 0.100337 -0.181661 -0.1239 -0.0214683 0.00250224 0.0177315 0.241701 1.20918 0.964647 -2.10788 1.08668 0.0100758 0.00966729 2.62585 -0.0458475 -1.38879 -0.196182 -0.000180473 0.000585961 1.52456
295.147 0.313316 -0.350184 1.61176 -2.95904 -0.491506 -1.97687 0.20229 -0.373019 1.65412 -2.91168 -0.480981 -2.04024 -0.111026 -0.0228348 0.04236 0.0473595 0.0105248 -0.0633674 0.121007 3.42039 0.423396 -0.522024 1.482 -2.9533 -0.487089 -2.00844 0.11008 -0.17184 -0.129762 0.00573725 0.00441729 -0.0315742 0.241836 1.69881 0.961518 -2.10174 1.08723 0.0170374 0.00251126 2.73965 -0.0458475 -1.38879 -0.196182 -0.000180473 0.000585961 1.52456
296.02 0.418952 -0.312401 1.59407 -3.00808 -0.512036 -1.87293 0.339203 -0.340147 1.65946 -2.96593 -0.494576 -1.93524 -0.0797487 -0.0277461 0.0653893 0.0421445 0.01746 -0.0623117 0.106796 3.35556 0.536122 -0.475364 1.45946 -2.98818 -0.517467 -1.92577 0.11717 -0.162964 -0.134609 0.0199007 -0.0054311 -0.0528429 0.241672 2.67664 0.959304 -2.09404 1.08584 0.0179225 -0.0034688 2.83285 -0.0458475 -1.38879 -0.196182 -0.000180473 0.000585961 1.52456
296.584 0.462133 -0.292752 1.58499 -3.02985 -0.519344 -1.82533 0.390315 -0.310328 1.61332 -3.00362 -0.547316 -1.86827 -0.0718181 -0.0175762 0.028332 0.0262258 -0.027972 -0.042941 0.07918 2.66829 0.597252 -0.444641 1.44512 -3.01616 -0.530034 -1.86008 0.135119 -0.151889 -0.139868 0.013688 -0.0106895 -0.0347507 0.24676 1.84122 0.958416 -2.08769 1.08511 0.0162472 -0.0067656 2.88796 -0.0458475 -1.38879 -0.196182 -0.000180473 0.000585961 1.52456
296.989 0.507525 -0.269132 1.57444 -3.05469 -0.525901 -1.77078 0.44301 -0.292341 1.62314 -3.05079 -0.534511 -1.80991 -0.0645147 -0.0232099 0.0486978 0.00389667 -0.00861046 -0.0391239 0.0840971 2.19357 0.632791 -0.42196 1.43458 -3.03941 -0.534582 -1.80819 0.125266 -0.152829 -0.139856 0.0152854 -0.00868142 -0.0374042 0.24209 1.9258 0.958153 -2.08236 1.08535 0.0148285 -0.00832072 2.92272 -0.0458475 -1.38879 -0.196182 -0.000180473 0.000585961 1.52456
297.267 0.528489 -0.256381 1.57019 -3.06835 -0.528726 -1.74407 0.484216 -0.270554 1.61156 -3.05786 -0.525201 -1.77828 -0.0442728 -0.014173 0.0413622 0.0104956 0.00352482 -0.0342081 0.0622237 1.74876 0.650313 -0.403741 1.42716 -3.05987 -0.536112 -1.76768 0.121825 -0.14736 -0.143028 0.00848619 -0.0073861 -0.0236064 0.238774 1.25585 0.95828 -2.07661 1.0876 0.0152098 -0.00924921 2.94578 -0.0458475 -1.38879 -0.196182 -0.000180473 0.000585961 1.52456
297.761 0.535061 -0.248213 1.57003 -3.07473 -0.5301 -1.73049 0.504612 -0.254346 1.59361 -3.04796 -0.534678 -1.74826 -0.0304496 -0.00613284 0.0235842 0.0267748 -0.00457732 -0.0177694 0.0390001 1.36859 0.656941 -0.392516 1.4253 -3.07347 -0.535878 -1.73984 0.12188 -0.144303 -0.144731 0.00126111 -0.00577719 -0.00935022 0.237961 0.601984 0.958806 -2.07044 1.09083 0.0148189 -0.00987009 2.95758 -0.0458475 -1.38879 -0.196182 -0.000180473 0.000585961 1.52456
298.815 0.499467 -0.245258 1.58161 -3.06143 -0.528178 -1.73879 0.5058 -0.240249 1.60175 -3.05342 -0.542165 -1.72148 0.00633364 0.00500887 0.0201358 0.00800266 -0.0139874 0.0173149 0.0216946 1.51672 0.610802 -0.384358 1.43519 -3.08404 -0.528454 -1.699 0.111335 -0.1391 -0.146423 -0.0226152 -0.000276029 0.0397946 0.230616 1.97457 0.961553 -2.05472 1.09767 0.00559614 -0.0097727 2.95037 -0.0458475 -1.38879 -0.196182 -0.000180473 0.000585961 1.52456
299.334 0.468852 -0.249878 1.58859 -3.04748 -0.525465 -1.75509 0.481786 -0.241555 1.60575 -3.0605 -0.555446 -1.72938 0.0129339 0.00832318 0.0171555 -0.0130182 -0.029981 0.0257058 0.0230407 2.13203 0.575053 -0.386487 1.44144 -3.07372 -0.522409 -1.70636 0.106201 -0.136609 -0.147157 -0.0262375 0.00305576 0.0487341 0.227147 2.42624 0.9633 -2.04774 1.09926 -0.000315979 -0.00917635 2.93616 -0.0458475 -1.38879 -0.196182 -0.000180473 0.000585961 1.52456
299.741 0.433246 -0.256967 1.59515 -3.03123 -0.521877 -1.77654 0.453578 -0.248732 1.63018 -3.03603 -0.510166 -1.75618 0.020332 0.00823512 0.035027 -0.00480404 0.0117113 0.0203673 0.0413291 1.25336 0.534376 -0.392091 1.44775 -3.05709 -0.514654 -1.72426 0.10113 -0.135124 -0.147399 -0.0258573 0.0072234 0.0522841 0.224081 2.63493 0.965305 -2.0409 1.09981 -0.00604625 -0.00844381 2.91736 -0.0458475 -1.38879 -0.196182 -0.000180473 0.000585961 1.52456
300.064 0.382286 -0.268756 1.60214 -3.0085 -0.516143 -1.81049 0.411095 -0.255309 1.63121 -3.03511 -0.521851 -1.76988 0.0288097 0.0134471 0.0290661 -0.0266166 -0.00570835 0.0406126 0.0430774 2.07999 0.472146 -0.400525 1.45328 -3.02778 -0.50807 -1.76555 0.0898608 -0.131769 -0.148862 -0.0192818 0.0080729 0.0449412 0.218169 2.29712 0.968255 -2.0323 1.099 -0.0122436 -0.00748519 2.88746 -0.0458475 -1.38879 -0.196182 -0.000180473 0.000585961 1.52456
300.452 0.343695 -0.278614 1.60569 -2.99186 -0.511224 -1.83814 0.37086 -0.266186 1.64563 -3.02783 -0.535452 -1.80181 0.0271651 0.0124283 0.0399371 -0.0359691 -0.0242284 0.0363308 0.0498736 2.49371 0.427784 -0.407463 1.45531 -3.00501 -0.50437 -1.80221 0.0840897 -0.128848 -0.15038 -0.0131539 0.00685335 0.0359356 0.215144 1.85815 0.970583 -2.02644 1.09736 -0.0155487 -0.00669797 2.86295 -0.0458475 -1.38879 -0.196182 -0.000180473 0.000585961 1.52456
300.792 0.29437 -0.292257 1.60804 -2.97153 -0.504122 -1.8757 0.323437 -0.276452 1.63827 -3.00391 -0.530145 -1.81751 0.0290673 0.0158056 0.0302289 -0.0323796 -0.0260232 0.0581879 0.0448164 3.26531 0.367072 -0.416102 1.45469 -2.96915 -0.500137 -1.86631 0.0727025 -0.123845 -0.153353 0.00237869 0.0039856 0.0093841 0.210096 0.65611 0.973708 -2.0196 1.09399 -0.0180097 -0.00546219 2.82944 -0.0458475 -1.38879 -0.196182 -0.000180473 0.000585961 1.52456
301.193 0.260789 -0.301731 1.60839 -2.95825 -0.498885 -1.90223 0.284869 -0.289366 1.65504 -2.96738 -0.494921 -1.86549 0.0240795 0.0123648 0.0466516 -0.00913014 0.00396423 0.0367486 0.053936 1.9258 0.322113 -0.42116 1.45224 -2.94709 -0.495567 -1.9094 0.0613232 -0.11943 -0.156155 0.0111615 0.00331838 -0.00716303 0.205933 0.602634 0.975985 -2.01527 1.09096 -0.0188066 -0.00456837 2.80561 -0.0458475 -1.38879 -0.196182 -0.000180473 0.000585961 1.52456
301.675 0.23481 -0.307807 1.60881 -2.94773 -0.494669 -1.92012 0.245859 -0.303668 1.67013 -2.96182 -0.503611 -1.89837 0.0110494 0.00413835 0.0613178 -0.0140951 -0.0089414 0.0217553 0.0624427 1.22653 0.289779 -0.423728 1.45059 -2.92772 -0.491116 -1.94495 0.0549695 -0.115921 -0.158219 0.0200091 0.00355281 -0.0248304 0.203697 1.35509 0.978143 -2.01166 1.08889 -0.0210731 -0.00400598 2.78939 -0.0458475 -1.38879 -0.196182 -0.000180473 0.000585961 1.52456
301.949 0.219855 -0.310572 1.60894 -2.94176 -0.492683 -1.92866 0.213196 -0.308044 1.65438 -2.94363 -0.494487 -1.93367 -0.00665899 0.00252752 0.0454336 -0.0018717 -0.00180382 -0.00500974 0.0459885 0.36584 0.268653 -0.422934 1.4486 -2.91394 -0.491226 -1.97053 0.048798 -0.112362 -0.16034 0.0278204 0.00145647 -0.0418751 0.201781 2.16591 0.980131 -2.00881 1.08734 -0.0230566 -0.00413441 2.78163 -0.0458475 -1.38879 -0.196182 -0.000180473 0.000585961 1.52456
302.673 0.227866 -0.311638 1.60673 -2.94816 -0.495798 -1.92075 0.190686 -0.310541 1.6408 -2.93973 -0.487732 -1.92198 -0.0371794 0.00109665 0.034072 0.00843302 0.00806656 -0.00123422 0.0504421 0.647705 0.262898 -0.417637 1.44222 -2.91763 -0.500346 -1.96722 0.0350326 -0.105999 -0.164513 0.0305331 -0.00454771 -0.0464765 0.198815 2.40159 0.984047 -2.00534 1.08444 -0.0200119 -0.00494358 2.78906 -0.0458475 -1.38879 -0.196182 -0.000180473 0.000585961 1.52456
303.002 0.242532 -0.312189 1.60485 -2.9569 -0.498719 -1.91253 0.199362 -0.310667 1.64147 -2.94397 -0.488597 -1.91925 -0.0431698 0.00152154 0.0366248 0.0129323 0.0101217 -0.00672557 0.0566332 0.873573 0.270919 -0.415181 1.43827 -2.92861 -0.501722 -1.9533 0.0283873 -0.102992 -0.166573 0.0282907 -0.00300312 -0.0407759 0.197888 2.11711 0.985485 -2.00512 1.08342 -0.0149544 -0.00495386 2.79669 -0.0458475 -1.38879 -0.196182 -0.000180473 0.000585961 1.52456
303.6 0.276818 -0.316306 1.59907 -2.97667 -0.503613 -1.89283 0.233784 -0.312673 1.63692 -2.98495 -0.503626 -1.89225 -0.0430336 0.00363349 0.0378516 -0.00827742 -1.24258e-05 0.000585961 0.0574268 0.458849 0.288849 -0.416408 1.43041 -2.95312 -0.501493 -1.92214 0.0120314 -0.100101 -0.168657 0.023553 0.0021199 -0.0293058 0.196495 1.57247 0.988699 -2.00644 1.07994 -0.00455773 -0.00375795 2.81449 -0.0458475 -1.38879 -0.196182 -0.000180473 0.000585961 1.52456
303.914 0.288279 -0.318333 1.59667 -2.98271 -0.504774 -1.88487 0.251668 -0.317297 1.64615 -2.96987 -0.490406 -1.90277 -0.0366114 0.00103656 0.0494804 0.0128407 0.0143679 -0.017904 0.0615612 1.24521 0.294636 -0.418424 1.42795 -2.96273 -0.50043 -1.9073 0.00635679 -0.100091 -0.168721 0.0199805 0.00434316 -0.0224306 0.196279 1.26764 0.990105 -2.00743 1.07804 -0.00243548 -0.00318061 2.82156 -0.0458475 -1.38879 -0.196182 -0.000180473 0.000585961 1.52456
304.662 0.308679 -0.322871 1.59141 -2.99247 -0.50663 -1.86892 0.270121 -0.314672 1.60668 -3.00055 -0.54837 -1.87023 -0.0385581 0.00819876 0.0152697 -0.00808125 -0.0417401 -0.00131102 0.0422742 2.44425 0.301006 -0.420926 1.42149 -2.97714 -0.501192 -1.88187 -0.00767349 -0.0980549 -0.169924 0.0153325 0.00543853 -0.012954 0.196336 0.888674 0.993515 -2.01008 1.07265 -0.000555081 -0.00235828 2.83562 -0.0458475 -1.38879 -0.196182 -0.000180473 0.000585961 1.52456
305.062 0.315537 -0.325267 1.5891 -2.99561 -0.507077 -1.86345 0.284808 -0.323572 1.63415 -2.97596 -0.508268 -1.87408 -0.0307289 0.00169492 0.0450563 0.0196508 -0.00119177 -0.0106299 0.0545638 0.988338 0.30244 -0.421375 1.41805 -2.98198 -0.502267 -1.87168 -0.0130966 -0.0961082 -0.17105 0.0136328 0.0048095 -0.00822345 0.196638 0.742831 0.995025 -2.01129 1.07 -0.000147515 -0.00198385 2.84041 -0.0458475 -1.38879 -0.196182 -0.000180473 0.000585961 1.52456
305.452 0.323271 -0.329477 1.58588 -2.99926 -0.507104 -1.85749 0.293537 -0.326612 1.63509 -2.98033 -0.507413 -1.87128 -0.0297344 0.00286496 0.0492079 0.018932 -0.000308359 -0.013788 0.0575652 0.983972 0.30744 -0.423327 1.41354 -2.98683 -0.503651 -1.86178 -0.0158309 -0.0938499 -0.172344 0.0124277 0.003453 -0.00428779 0.196878 0.661456 0.997065 -2.01292 1.06631 0.000406269 -0.00109915 2.84557 -0.0458475 -1.38879 -0.196182 -0.000180473 0.000585961 1.52456
305.861 0.328125 -0.333081 1.58347 -3.00164 -0.506887 -1.85403 0.295105 -0.324852 1.605 -2.99693 -0.530531 -1.85984 -0.0330193 0.00822961 0.0215342 0.00470961 -0.0236434 -0.00580399 0.0402706 1.38903 0.31011 -0.425252 1.41018 -2.99027 -0.504312 -1.85611 -0.0180148 -0.0921711 -0.17329 0.0113691 0.00257518 -0.00207371 0.197103 0.620551 0.998592 -2.01414 1.06352 0.000930699 -0.000307767 2.84853 -0.0458475 -1.38879 -0.196182 -0.000180473 0.000585961 1.52456
306.247 0.332069 -0.3369 1.58112 -3.00362 -0.506521 -1.85141 0.300619 -0.328954 1.6045 -2.99801 -0.529656 -1.85834 -0.0314497 0.00794594 0.0233787 0.00560707 -0.023136 -0.00693231 0.0399848 1.37544 0.313471 -0.42678 1.40652 -2.99434 -0.504949 -1.85034 -0.0185974 -0.0898803 -0.174601 0.0092742 0.00157176 0.00107012 0.197256 0.570612 1.00009 -2.01531 1.06071 0.00144683 0.000522132 2.85075 -0.0458475 -1.38879 -0.196182 -0.000180473 0.000585961 1.52456
307.25 0.33752 -0.346512 1.57439 -3.00544 -0.506583 -1.84814 0.316604 -0.346638 1.62519 -2.99865 -0.495327 -1.84602 -0.0209154 -0.000125421 0.050795 0.00679344 0.0112564 0.00211753 0.0549327 0.792288 0.318454 -0.431902 1.39721 -3.00175 -0.508421 -1.84223 -0.0190654 -0.08539 -0.177181 0.00369089 -0.00183758 0.00591643 0.197606 0.490189 1.00469 -2.01868 1.05058 0.00159994 0.000896957 2.85359 -0.0458475 -1.38879 -0.196182 -0.000180473 0.000585961 1.52456
307.668 0.337311 -0.348935 1.57214 -3.00487 -0.506897 -1.84845 0.313923 -0.344241 1.60067 -2.98849 -0.509138 -1.85227 -0.0233878 0.0046932 0.0285324 0.016381 -0.0022416 -0.00382821 0.0371903 0.863208 0.317969 -0.433581 1.39452 -3.00222 -0.509588 -1.84196 -0.0193423 -0.0846464 -0.177624 0.00265227 -0.0026909 0.0064889 0.19771 0.490189 1.00594 -2.01952 1.0468 0.00127576 0.000459692 2.85337 -0.0458475 -1.38879 -0.196182 -0.000180473 0.000585961 1.52456
308.016 0.336251 -0.352828 1.56836 -3.00378 -0.507134 -1.84944 0.311622 -0.34601 1.59262 -2.99957 -0.536035 -1.83521 -0.0246295 0.00681836 0.0242567 0.00421441 -0.0289009 0.014229 0.0352347 1.91336 0.318353 -0.437506 1.39078 -3.00228 -0.510829 -1.84263 -0.0178982 -0.0846776 -0.177586 0.00150351 -0.00369521 0.00681092 0.197554 0.486985 1.00754 -2.02056 1.04084 0.000767384 -2.97805e-05 2.85255 -0.0458475 -1.38879 -0.196182 -0.000180473 0.000585961 1.52456
308.434 0.334905 -0.356358 1.56491 -3.00271 -0.507098 -1.8505 0.313692 -0.353289 1.60687 -3.0078 -0.517578 -1.85359 -0.021213 0.00306976 0.0419603 -0.00508293 -0.0104795 -0.00309803 0.0471178 0.726316 0.31874 -0.441492 1.38753 -3.0018 -0.511484 -1.84415 -0.0161659 -0.0851333 -0.177379 0.000914433 -0.00438593 0.0063487 0.197414 0.465622 1.00869 -2.0213 1.03566 0.000249509 -0.000252648 2.85163 -0.0458475 -1.38879 -0.196182 -0.000180473 0.000585961 1.52456
308.755 0.333045 -0.360725 1.56094 -3.00142 -0.506618 -1.85169 0.31003 -0.354124 1.59157 -2.99891 -0.532858 -1.8357 -0.0230141 0.00660071 0.0306362 0.00251299 -0.0262404 0.0159834 0.0388818 1.80298 0.319804 -0.445766 1.38349 -3.00059 -0.51113 -1.84579 -0.0132404 -0.085041 -0.177446 0.000833872 -0.00451212 0.00589291 0.197217 0.445872 1.00981 -2.02203 1.02998 -0.000522997 -0.000102859 2.85053 -0.0458475 -1.38879 -0.196182 -0.000180473 0.000585961 1.52456
309.206 0.330695 -0.365682 1.55662 -2.99986 -0.505767 -1.85296 0.310955 -0.360809 1.59975 -2.98762 -0.501648 -1.85338 -0.0197399 0.00487354 0.0431378 0.012236 0.00411819 -0.000420723 0.0476895 0.729005 0.320536 -0.44992 1.3787 -2.99914 -0.509863 -1.84755 -0.0101586 -0.0842377 -0.17791 0.000718582 -0.00409682 0.00540279 0.197107 0.406382 1.01089 -2.02276 1.02396 -0.00161151 0.000332913 2.84931 -0.0458475 -1.38879 -0.196182 -0.000180473 0.000585961 1.52456
309.521 0.327691 -0.372742 1.55043 -2.99789 -0.50444 -1.85472 0.305297 -0.364327 1.58152 -2.99402 -0.524201 -1.86225 -0.022394 0.00841488 0.0310937 0.00387193 -0.019761 -0.00752827 0.0392317 1.19288 0.320537 -0.455808 1.37196 -2.99753 -0.507848 -1.84978 -0.00715352 -0.0830667 -0.178461 0.000360668 -0.00340812 0.00494135 0.196976 0.35277 1.01221 -2.02382 1.01561 -0.00295679 0.00112265 2.84759 -0.0458475 -1.38879 -0.196182 -0.000180473 0.000585961 1.52456
310.189 0.325035 -0.384138 1.54029 -2.99628 -0.502254 -1.85733 0.300667 -0.375627 1.5681 -2.99714 -0.515668 -1.84634 -0.0243679 0.00851151 0.0278058 -0.000857454 -0.0134141 0.0109883 0.0379395 0.979587 0.31883 -0.465107 1.36054 -2.99567 -0.505104 -1.85337 -0.00620488 -0.080969 -0.179755 0.000618188 -0.00285034 0.00395565 0.197247 0.294751 1.01381 -2.02567 1.00295 -0.00374843 0.00281666 2.84502 -0.0458475 -1.38879 -0.196182 -0.000180473 0.000585961 1.52456
310.511 0.325086 -0.392324 1.53305 -2.99659 -0.500591 -1.85889 0.300622 -0.383782 1.56785 -2.99738 -0.512035 -1.84642 -0.0244641 0.00854203 0.034803 -0.000795424 -0.011444 0.0124713 0.0433902 0.954496 0.317369 -0.472483 1.35287 -2.9951 -0.503414 -1.85584 -0.00771684 -0.0801584 -0.180178 0.00148853 -0.00282332 0.00304997 0.197355 0.279765 1.01451 -2.0271 0.994789 -0.00308431 0.00448094 2.84342 -0.0458475 -1.38879 -0.196182 -0.000180473 0.000585961 1.52456
310.842 0.325831 -0.398159 1.52761 -2.99726 -0.499453 -1.85998 0.296825 -0.386199 1.54452 -2.98642 -0.521239 -1.85361 -0.029006 0.0119606 0.0169065 0.0108438 -0.0217866 0.00636498 0.0356403 1.5162 0.318884 -0.478169 1.34739 -2.99518 -0.502157 -1.85768 -0.0069477 -0.0800093 -0.180222 0.00208302 -0.00270449 0.00229542 0.197306 0.265408 1.01478 -2.02823 0.988958 -0.00217688 0.00573705 2.84232 -0.0458475 -1.38879 -0.196182 -0.000180473 0.000585961 1.52456
311.552 0.327934 -0.408733 1.51709 -2.99888 -0.497135 -1.86177 0.303346 -0.403255 1.55047 -3.00741 -0.526428 -1.85242 -0.0245887 0.00547785 0.0333819 -0.0085284 -0.0292921 0.00934048 0.0418206 1.75658 0.32125 -0.486757 1.33581 -2.99621 -0.499335 -1.86109 -0.00668387 -0.0780243 -0.181278 0.00267073 -0.00219944 0.000673199 0.19747 0.214891 1.01453 -2.03045 0.978298 -0.000298779 0.00836391 2.84045 -0.0458475 -1.38879 -0.196182 -0.000180473 0.000585961 1.52456
312.218 0.329582 -0.4175 1.50628 -2.99971 -0.494567 -1.86322 0.30494 -0.415893 1.5446 -2.99142 -0.508517 -1.85105 -0.0246417 0.00160757 0.0383219 0.00828354 -0.01395 0.0121713 0.0455891 1.2918 0.322852 -0.497911 1.32642 -2.9972 -0.494752 -1.86472 -0.00672961 -0.0804109 -0.179857 0.00250756 -0.000184651 -0.001497 0.197129 0.128204 1.0126 -2.03259 0.968044 0.000569868 0.0110311 2.83883 -0.0458475 -1.38879 -0.196182 -0.000180473 0.000585961 1.52456
312.635 0.33056 -0.419233 1.50105 -2.99974 -0.494171 -1.8639 0.303563 -0.416044 1.5277 -2.99898 -0.530539 -1.85792 -0.0269969 0.00318934 0.0266569 0.000764083 -0.036368 0.00597998 0.0380736 2.11563 0.324093 -0.502232 1.32268 -2.9974 -0.492097 -1.86611 -0.006467 -0.0829989 -0.178366 0.00234603 0.00207383 -0.00221116 0.196838 0.179137 1.01055 -2.03347 0.963183 0.000836089 0.0114199 2.83819 -0.0458475 -1.38879 -0.196182 -0.000180473 0.000585961 1.52456
313.324 0.331849 -0.417075 1.49461 -2.99898 -0.49514 -1.86471 0.305563 -0.419071 1.5242 -2.99567 -0.499932 -1.8572 -0.0262855 -0.00199587 0.0295864 0.00330769 -0.00479175 0.0075096 0.0396265 0.611658 0.324772 -0.504189 1.31852 -2.99642 -0.490939 -1.8671 -0.00707687 -0.0871145 -0.176092 0.00255822 0.00420166 -0.00239139 0.19659 0.28116 1.00616 -2.03428 0.957262 0.000740428 0.010298 2.83761 -0.0458475 -1.38879 -0.196182 -0.000180473 0.000585961 1.52456
313.678 0.332745 -0.415028 1.49166 -2.99875 -0.495744 -1.86497 0.308821 -0.420735 1.53029 -2.97627 -0.490296 -1.87172 -0.023924 -0.005707 0.0386315 0.022486 0.00544802 -0.00674993 0.0457965 1.19812 0.325902 -0.505368 1.31738 -2.99606 -0.490855 -1.86747 -0.00684283 -0.0903395 -0.174279 0.00269713 0.00488851 -0.00250459 0.196421 0.318981 1.00342 -2.03447 0.954954 0.000800845 0.00966249 2.83747 -0.0458475 -1.38879 -0.196182 -0.000180473 0.000585961 1.52456
314.09 0.334343 -0.411469 1.48795 -2.99877 -0.496658 -1.8652 0.307386 -0.414191 1.51358 -2.98249 -0.515842 -1.87868 -0.0269566 -0.00272171 0.0256304 0.0162722 -0.0191843 -0.0134755 0.0372959 1.40556 0.327864 -0.505326 1.31565 -2.99606 -0.491026 -1.86771 -0.00647915 -0.0938572 -0.172294 0.00271006 0.00563198 -0.00250986 0.196307 0.35718 0.999245 -2.0345 0.952544 0.00115896 0.0087914 2.8374 -0.0458475 -1.38879 -0.196182 -0.000180473 0.000585961 1.52456
314.416 0.335601 -0.408059 1.48543 -2.9988 -0.497461 -1.86532 0.308197 -0.410038 1.508 -3.00309 -0.526297 -1.86285 -0.027404 -0.00197914 0.0225703 -0.00428983 -0.0288353 0.0024703 0.0355573 1.66601 0.328682 -0.504007 1.31432 -2.99627 -0.491276 -1.86753 -0.00691918 -0.0959483 -0.171109 0.00252709 0.00618521 -0.00221291 0.196296 0.381549 0.995764 -2.03437 0.951217 0.00145413 0.00803016 2.83742 -0.0458475 -1.38879 -0.196182 -0.000180473 0.000585961 1.52456
314.759 0.336714 -0.404238 1.48309 -2.99875 -0.498197 -1.86538 0.314785 -0.41343 1.53043 -3.01528 -0.51576 -1.85521 -0.0219288 -0.00919162 0.0473379 -0.0165281 -0.0175632 0.0101681 0.0529739 1.30896 0.330233 -0.50186 1.31293 -2.99613 -0.491547 -1.86718 -0.00648097 -0.0976215 -0.170159 0.00261425 0.00665005 -0.00180272 0.19628 0.404452 0.992018 -2.0341 0.950273 0.00161872 0.00731393 2.83747 -0.0458475 -1.38879 -0.196182 -0.000180473 0.000585961 1.52456
315.146 0.337709 -0.398024 1.48045 -2.99823 -0.499358 -1.86544 0.311254 -0.402911 1.50351 -2.98985 -0.517462 -1.86006 -0.0264553 -0.00488651 0.0230578 0.0083757 -0.0181034 0.00537803 0.0354319 1.24301 0.330232 -0.497294 1.31123 -2.99513 -0.492449 -1.86696 -0.00747783 -0.0992699 -0.169219 0.00309328 0.00690966 -0.00151621 0.19633 0.425206 0.98666 -2.03354 0.949526 0.00143614 0.00606916 2.83758 -0.0458475 -1.38879 -0.196182 -0.000180473 0.000585961 1.52456
315.481 0.338747 -0.392415 1.47869 -2.99799 -0.500703 -1.86556 0.314033 -0.400891 1.5108 -3.01809 -0.513708 -1.86167 -0.0247132 -0.00847567 0.0321118 -0.0200961 -0.0130049 0.00388693 0.0413974 1.29664 0.330517 -0.493615 1.31058 -2.9942 -0.493873 -1.86694 -0.00822953 -0.1012 -0.168109 0.00379564 0.00683094 -0.00137878 0.196392 0.436111 0.982413 -2.03298 0.949249 0.00161279 0.00472178 2.83767 -0.0458475 -1.38879 -0.196182 -0.000180473 0.000585961 1.52456
315.831 0.340354 -0.386307 1.4769 -2.99822 -0.502434 -1.86577 0.314019 -0.392586 1.5042 -2.99083 -0.522308 -1.85898 -0.026335 -0.00627928 0.0273025 0.00739406 -0.0198745 0.00678215 0.0384498 1.33735 0.331622 -0.489737 1.31008 -2.9938 -0.495825 -1.86708 -0.00873256 -0.10343 -0.166815 0.00441817 0.00660876 -0.00131546 0.196472 0.441462 0.978024 -2.03232 0.949086 0.00236833 0.00312486 2.83774 -0.0458475 -1.38879 -0.196182 -0.000180473 0.000585961 1.52456
316.245 0.342954 -0.377921 1.47433 -2.999 -0.50501 -1.86613 0.317556 -0.388539 1.51154 -2.98158 -0.498602 -1.87473 -0.0253978 -0.010618 0.0372102 0.0174162 0.00640835 -0.00859838 0.0462859 0.948739 0.332857 -0.483813 1.30897 -2.99433 -0.498651 -1.86725 -0.0100969 -0.105892 -0.165359 0.00466343 0.00635979 -0.0011222 0.196618 0.437902 0.972061 -2.03126 0.948885 0.0039485 0.000856427 2.8378 -0.0458475 -1.38879 -0.196182 -0.000180473 0.000585961 1.52456
317.615 0.346359 -0.349673 1.46723 -2.99896 -0.513454 -1.86786 0.321438 -0.356297 1.48698 -2.99586 -0.532682 -1.8623 -0.0249211 -0.00662399 0.0197435 0.00310215 -0.0192286 0.00555489 0.0324768 1.18465 0.342162 -0.471878 1.31151 -2.99612 -0.508144 -1.86874 -0.00419721 -0.122205 -0.15572 0.00284634 0.00531007 -0.000887484 0.197991 0.336882 0.95375 -2.02593 0.948564 0.00691819 -0.00722519 2.83749 -0.0458475 -1.38879 -0.196182 -0.000180473 0.000585961 1.52456
318.224 0.343263 -0.340371 1.46497 -2.99697 -0.51455 -1.86837 0.320168 -0.343346 1.48712 -2.9943 -0.538471 -1.86298 -0.0230943 -0.00297544 0.0221566 0.00266842 -0.0239217 0.00538827 0.0321421 1.42985 0.343864 -0.465049 1.31072 -2.99535 -0.509078 -1.86895 0.000600867 -0.124678 -0.154252 0.00161564 0.00547178 -0.000580027 0.198339 0.323851 0.946946 -2.0225 0.949105 0.00552415 -0.00878046 2.83721 -0.0458475 -1.38879 -0.196182 -0.000180473 0.000585961 1.52456
318.605 0.340196 -0.336534 1.46327 -2.99552 -0.514054 -1.86849 0.318895 -0.338182 1.48726 -2.99398 -0.541285 -1.86307 -0.0213005 -0.00164806 0.0239895 0.0015384 -0.0272311 0.00541821 0.0321236 1.60181 0.343863 -0.462944 1.31002 -2.99518 -0.5084 -1.86881 0.00366716 -0.12641 -0.153247 0.000342181 0.00565381 -0.000319905 0.198689 0.325057 0.943177 -2.02001 0.949243 0.00406125 -0.00867518 2.83705 -0.0458475 -1.38879 -0.196182 -0.000180473 0.000585961 1.52456
319.049 0.338044 -0.333432 1.46198 -2.99452 -0.514215 -1.86864 0.316237 -0.335521 1.48697 -2.9925 -0.542447 -1.86404 -0.0218067 -0.00208855 0.0249953 0.00201853 -0.028232 0.00460327 0.0332364 1.65233 0.344822 -0.461 1.30942 -2.99469 -0.508472 -1.86899 0.00677863 -0.127568 -0.152557 -0.000170112 0.00574281 -0.000348148 0.19898 0.329838 0.940732 -2.01811 0.948973 0.00320936 -0.00908468 2.83695 -0.0458475 -1.38879 -0.196182 -0.000180473 0.000585961 1.52456
319.518 0.336208 -0.33044 1.46051 -2.99377 -0.514722 -1.86882 0.312526 -0.331053 1.48149 -2.9752 -0.532025 -1.86385 -0.023682 -0.000613053 0.020986 0.0185659 -0.0173032 0.00496801 0.0316484 1.58066 0.345553 -0.458862 1.30848 -2.99492 -0.508904 -1.86915 0.00934527 -0.128422 -0.152031 -0.00114765 0.00581793 -0.00032826 0.199231 0.341497 0.938612 -2.01621 0.948306 0.00270236 -0.00976169 2.83688 -0.0458475 -1.38879 -0.196182 -0.000180473 0.000585961 1.52456
319.918 0.33454 -0.327708 1.45892 -2.99317 -0.515422 -1.869 0.316982 -0.333782 1.50871 -2.97367 -0.493423 -1.87417 -0.0175582 -0.00607335 0.0497866 0.0194964 0.0219986 -0.00517014 0.0531402 1.61374 0.34779 -0.45764 1.30781 -2.99614 -0.509574 -1.86924 0.0132493 -0.129932 -0.151113 -0.00297536 0.00584818 -0.000239355 0.199732 0.379492 0.936835 -2.01433 0.947308 0.00239263 -0.0105839 2.83682 -0.0458475 -1.38879 -0.196182 -0.000180473 0.000585961 1.52456
320.654 0.330465 -0.324688 1.4547 -2.99214 -0.516016 -1.86916 0.307262 -0.3232 1.48107 -2.9721 -0.535569 -1.86575 -0.0232029 0.00148811 0.0263688 0.0200391 -0.0195531 0.00341163 0.0351554 1.68423 0.348587 -0.455173 1.30395 -2.99912 -0.509974 -1.86903 0.0181216 -0.130484 -0.150748 -0.00698025 0.00604263 0.000125475 0.200199 0.526376 0.934125 -2.01015 0.944047 0.00163131 -0.0114137 2.83679 -0.0458475 -1.38879 -0.196182 -0.000180473 0.000585961 1.52456
321.318 0.326133 -0.326341 1.45026 -2.99159 -0.514966 -1.86887 0.305907 -0.325839 1.48728 -2.99855 -0.529319 -1.86886 -0.0202268 0.000501823 0.0370241 -0.00695123 -0.0143528 1.26151e-05 0.0421919 0.913431 0.350346 -0.455813 1.29891 -3.00189 -0.508056 -1.86805 0.0242125 -0.129472 -0.151347 -0.0102948 0.00691071 0.000819626 0.200637 0.692669 0.933451 -2.00639 0.940063 0.00068863 -0.0105504 2.83689 -0.0458475 -1.38879 -0.196182 -0.000180473 0.000585961 1.52456
322.112 0.321884 -0.330447 1.44696 -2.99098 -0.512985 -1.86833 0.300367 -0.326591 1.47595 -3.00038 -0.525177 -1.85439 -0.0215165 0.0038558 0.0289925 -0.00940328 -0.0121922 0.0139387 0.0363097 0.994653 0.350747 -0.457321 1.29403 -3.00158 -0.507257 -1.86683 0.0288635 -0.126874 -0.152925 -0.0106082 0.00572829 0.00149286 0.200789 0.658491 0.934321 -2.00359 0.936672 -0.000687341 -0.00881454 2.83708 -0.0458475 -1.38879 -0.196182 -0.000180473 0.000585961 1.52456
322.399 0.319195 -0.332991 1.44535 -2.99044 -0.512104 -1.86798 0.299473 -0.330268 1.48092 -2.97887 -0.514576 -1.86976 -0.0197221 0.00272304 0.035574 0.0115729 -0.00247207 -0.00178206 0.0407662 0.635506 0.348313 -0.45952 1.29225 -3.00051 -0.508101 -1.86601 0.0291179 -0.126528 -0.153098 -0.0100726 0.00400314 0.00197342 0.200739 0.578784 0.935496 -2.00201 0.934518 -0.00160336 -0.0081096 2.83725 -0.0458475 -1.38879 -0.196182 -0.000180473 0.000585961 1.52456
322.775 0.317595 -0.334508 1.44451 -2.99017 -0.511899 -1.86778 0.296803 -0.332759 1.48049 -2.9776 -0.513227 -1.87072 -0.0207919 0.00174873 0.0359783 0.0125704 -0.00132867 -0.00294659 0.0415909 0.658491 0.344955 -0.460629 1.29115 -2.99972 -0.509017 -1.86533 0.0273603 -0.126121 -0.153361 -0.00955321 0.00288102 0.00244545 0.200437 0.521145 0.936641 -2.00099 0.933056 -0.00201859 -0.00798035 2.8374 -0.0458475 -1.38879 -0.196182 -0.000180473 0.000585961 1.52456
323.063 0.316269 -0.336471 1.44382 -2.99013 -0.511559 -1.86755 0.290268 -0.329478 1.4544 -2.98721 -0.533752 -1.86298 -0.0260008 0.00699273 0.0105765 0.00291522 -0.0221928 0.00457157 0.0289275 1.32559 0.341155 -0.461107 1.28958 -2.99801 -0.509821 -1.86456 0.0248863 -0.124636 -0.154243 -0.00788177 0.00173806 0.00299436 0.199861 0.409261 0.937996 -2.00013 0.931748 -0.00226082 -0.0076668 2.83755 -0.0458475 -1.38879 -0.196182 -0.000180473 0.000585961 1.52456
323.399 0.314694 -0.339718 1.44315 -2.9902 -0.510847 -1.86721 0.292364 -0.336584 1.47455 -2.99652 -0.519931 -1.85736 -0.0223308 0.00313365 0.0314027 -0.00632499 -0.00908367 0.00985178 0.0386602 0.720365 0.337867 -0.462869 1.28805 -2.99663 -0.509518 -1.86408 0.0231726 -0.12315 -0.155098 -0.00642679 0.00132917 0.00313217 0.199395 0.329838 0.940106 -1.99925 0.930235 -0.00254425 -0.0069674 2.83773 -0.0458475 -1.38879 -0.196182 -0.000180473 0.000585961 1.52456
323.721 0.313767 -0.342442 1.44281 -2.99039 -0.510265 -1.86694 0.287631 -0.334443 1.45389 -2.98602 -0.531145 -1.86399 -0.0261363 0.00799889 0.0110788 0.00436786 -0.0208799 0.00294943 0.0294928 1.25086 0.335311 -0.46298 1.28615 -2.99484 -0.509328 -1.8638 0.0215435 -0.120539 -0.156665 -0.0044579 0.000936955 0.00313992 0.19884 0.235734 0.941887 -1.99877 0.929218 -0.00264781 -0.00636281 2.83788 -0.0458475 -1.38879 -0.196182 -0.000180473 0.000585961 1.52456
324.049 0.312953 -0.345186 1.44262 -2.99055 -0.509762 -1.86667 0.291438 -0.342868 1.47948 -2.97533 -0.508082 -1.87266 -0.0215148 0.00231845 0.0368587 0.0152182 0.00167941 -0.00598873 0.0427414 0.771771 0.335398 -0.462893 1.28427 -2.99333 -0.509396 -1.86367 0.0224448 -0.117707 -0.158354 -0.00278374 0.000366088 0.00300528 0.198581 0.170174 0.943813 -1.99846 0.928228 -0.00275287 -0.00583996 2.83804 -0.0458475 -1.38879 -0.196182 -0.000180473 0.000585961 1.52456
324.364 0.311825 -0.347662 1.44269 -2.99026 -0.509396 -1.86644 0.289676 -0.344173 1.47396 -2.99541 -0.516139 -1.85837 -0.0221487 0.00348884 0.0312747 -0.0051496 -0.00674298 0.0080616 0.0384818 0.562322 0.333883 -0.463608 1.28331 -2.9923 -0.509612 -1.86341 0.0220586 -0.115946 -0.159379 -0.00204188 -0.000215763 0.00302751 0.198323 0.155766 0.945863 -1.9983 0.927209 -0.00324427 -0.0055636 2.83819 -0.0458475 -1.38879 -0.196182 -0.000180473 0.000585961 1.52456
324.754 0.310032 -0.351046 1.44292 -2.98942 -0.508886 -1.86615 0.28832 -0.346665 1.47361 -2.99579 -0.515021 -1.85838 -0.021712 0.00438068 0.0306957 -0.00637507 -0.00613486 0.00777596 0.0378527 0.543926 0.332592 -0.464941 1.28236 -2.99066 -0.509974 -1.86304 0.0225597 -0.113895 -0.160555 -0.00124352 -0.00108803 0.00311386 0.198139 0.167859 0.948762 -1.99836 0.925711 -0.0043258 -0.00528774 2.83836 -0.0458475 -1.38879 -0.196182 -0.000180473 0.000585961 1.52456
325.105 0.309053 -0.353866 1.44294 -2.98895 -0.508551 -1.86597 0.286826 -0.349631 1.4725 -2.98391 -0.529846 -1.85819 -0.0222272 0.00423453 0.0295623 0.00504242 -0.0212951 0.00778239 0.0372278 1.378 0.333051 -0.465942 1.28134 -2.98941 -0.510219 -1.86304 0.0239979 -0.112076 -0.161597 -0.000460617 -0.00166745 0.0029318 0.198118 0.183454 0.95104 -1.99864 0.924362 -0.00495469 -0.00508637 2.83847 -0.0458475 -1.38879 -0.196182 -0.000180473 0.000585961 1.52456
325.411 0.308601 -0.35719 1.44267 -2.98883 -0.508158 -1.8658 0.285284 -0.354813 1.47808 -3.01035 -0.523026 -1.861 -0.0233169 0.00237675 0.0354115 -0.021524 -0.0148677 0.00479996 0.0424652 1.40973 0.332866 -0.46779 1.28021 -2.98892 -0.510251 -1.86318 0.0242655 -0.1106 -0.162463 -9.54825e-05 -0.00209346 0.00262475 0.198029 0.189746 0.95339 -1.99913 0.922756 -0.00525687 -0.00473927 2.83856 -0.0458475 -1.38879 -0.196182 -0.000180473 0.000585961 1.52456
325.799 0.309149 -0.362521 1.44181 -2.98952 -0.507562 -1.86562 0.286057 -0.358096 1.47834 -2.97338 -0.500574 -1.8746 -0.0230918 0.00442512 0.0365358 0.0161406 0.00698787 -0.00898112 0.0434474 0.905686 0.331793 -0.471467 1.27839 -2.98955 -0.510294 -1.86343 0.0226446 -0.108947 -0.163413 -3.20167e-05 -0.00273137 0.00219044 0.197702 0.199792 0.956609 -2.00013 0.920293 -0.00483283 -0.00399495 2.83863 -0.0458475 -1.38879 -0.196182 -0.000180473 0.000585961 1.52456
326.127 0.310319 -0.36714 1.44089 -2.99062 -0.506989 -1.8655 0.286027 -0.363219 1.47818 -2.97362 -0.498186 -1.87463 -0.024292 0.00392087 0.0372849 0.0169927 0.00880252 -0.00913297 0.0446726 0.992684 0.330658 -0.474316 1.27637 -2.99075 -0.510048 -1.86365 0.0203391 -0.107176 -0.164525 -0.000130373 -0.00305973 0.0018461 0.197405 0.203672 0.959067 -2.00111 0.918363 -0.00397406 -0.00316656 2.83864 -0.0458475 -1.38879 -0.196182 -0.000180473 0.000585961 1.52456
326.514 0.31192 -0.372056 1.43998 -2.99204 -0.506316 -1.86539 0.286904 -0.367076 1.4729 -2.99486 -0.505151 -1.85952 -0.0250159 0.00497929 0.0329158 -0.00281735 0.00116486 0.00586792 0.0416418 0.301316 0.330711 -0.47786 1.27462 -2.99221 -0.509448 -1.86365 0.0187914 -0.105805 -0.165363 -0.000172958 -0.00313139 0.00174116 0.197212 0.203672 0.961542 -2.00225 0.916582 -0.00281866 -0.0021621 2.83863 -0.0458475 -1.38879 -0.196182 -0.000180473 0.000585961 1.52456
327.241 0.314747 -0.382435 1.43916 -2.99422 -0.504797 -1.86531 0.28872 -0.376239 1.46592 -3.00652 -0.526105 -1.84235 -0.0260271 0.00619579 0.0267559 -0.0123047 -0.0213088 0.0229647 0.0378375 1.67468 0.330328 -0.485007 1.27189 -2.99397 -0.508132 -1.86356 0.015581 -0.102572 -0.167273 0.000242009 -0.00333527 0.00175724 0.196835 0.220287 0.967258 -2.00527 0.913447 -0.00113532 -0.000155461 2.83847 -0.0458475 -1.38879 -0.196182 -0.000180473 0.000585961 1.52456
327.623 0.315293 -0.386109 1.4395 -2.99442 -0.50422 -1.86533 0.287152 -0.377597 1.45136 -2.97735 -0.526372 -1.86331 -0.0281404 0.00851217 0.0118652 0.017068 -0.0221514 0.00202436 0.0317037 1.64092 0.329379 -0.48863 1.27217 -2.99377 -0.507471 -1.86352 0.0140859 -0.102521 -0.167326 0.00064675 -0.00325051 0.00181745 0.196741 0.225554 0.96963 -2.00663 0.912617 -0.00107113 0.000448101 2.83837 -0.0458475 -1.38879 -0.196182 -0.000180473 0.000585961 1.52456
327.974 0.315795 -0.389325 1.44024 -2.99452 -0.503742 -1.86538 0.292054 -0.387654 1.4729 -2.99814 -0.495923 -1.85793 -0.0237407 0.00167068 0.0326604 -0.00362202 0.00781875 0.0074495 0.0404118 0.584168 0.327293 -0.491244 1.27256 -2.99312 -0.50672 -1.86349 0.0114982 -0.101919 -0.167679 0.00139508 -0.00297788 0.00189601 0.19656 0.235734 0.971926 -2.00801 0.912208 -0.00107493 0.000930148 2.83826 -0.0458475 -1.38879 -0.196182 -0.000180473 0.000585961 1.52456
328.311 0.316697 -0.3925 1.44192 -2.99465 -0.503575 -1.86552 0.291854 -0.390606 1.47186 -2.9882 -0.510824 -1.85661 -0.0248433 0.00189414 0.0299359 0.00644392 -0.00724921 0.00891726 0.0389478 0.867729 0.325165 -0.495434 1.27482 -2.99224 -0.506289 -1.86366 0.00846746 -0.102934 -0.167101 0.00240372 -0.00271438 0.00186211 0.196443 0.262443 0.974845 -2.00988 0.912348 -0.000922015 0.00112229 2.83811 -0.0458475 -1.38879 -0.196182 -0.000180473 0.000585961 1.52456
328.734 0.317328 -0.394279 1.44365 -2.99461 -0.503596 -1.86565 0.291839 -0.393156 1.47178 -2.9883 -0.50965 -1.85663 -0.0254892 0.00112338 0.0281314 0.00630889 -0.00605418 0.0090196 0.0379781 0.836031 0.323271 -0.498972 1.27756 -2.99126 -0.506044 -1.86387 0.0059429 -0.104693 -0.166091 0.00334285 -0.00244815 0.00178517 0.196423 0.29342 0.976921 -2.01129 0.912929 -0.000890061 0.00109244 2.838 -0.0458475 -1.38879 -0.196182 -0.000180473 0.000585961 1.52456
329.079 0.318145 -0.395486 1.44569 -2.99462 -0.503872 -1.86582 0.291355 -0.392093 1.46298 -2.98585 -0.506786 -1.87928 -0.0267902 0.00339275 0.0172958 0.00877141 -0.00291444 -0.0134616 0.0320682 0.707206 0.321572 -0.501357 1.28028 -2.99009 -0.505982 -1.86425 0.00342701 -0.105871 -0.165412 0.00452928 -0.00211017 0.00157377 0.196422 0.335718 0.978904 -2.0127 0.913839 -0.00072034 0.000831955 2.83789 -0.0458475 -1.38879 -0.196182 -0.000180473 0.000585961 1.52456
329.438 0.319099 -0.396263 1.44793 -2.99467 -0.504338 -1.86601 0.295312 -0.397636 1.47649 -3.00449 -0.520326 -1.85685 -0.0237866 -0.00137347 0.0285564 -0.00981543 -0.0159888 0.00915804 0.0371908 1.06826 0.320111 -0.504905 1.28412 -2.98937 -0.506308 -1.86469 0.00101227 -0.108642 -0.16381 0.00530074 -0.00197033 0.00132119 0.196566 0.364769 0.980803 -2.01412 0.914967 -0.000462707 0.000398718 2.8378 -0.0458475 -1.38879 -0.196182 -0.000180473 0.000585961 1.52456
329.772 0.320779 -0.397146 1.45098 -2.99506 -0.505047 -1.86624 0.295312 -0.397636 1.47649 -3.00449 -0.520326 -1.85685 -0.0254671 -0.000490247 0.0255063 -0.00942926 -0.0152794 0.00939002 0.036047 1.03098 0.31958 -0.50842 1.2887 -2.98895 -0.506808 -1.86532 -0.00119964 -0.111274 -0.162283 0.0061078 -0.00176051 0.000915958 0.196772 0.391671 0.983238 -2.01601 0.916682 0.000205365 -0.00018135 2.8377 -0.0458475 -1.38879 -0.196182 -0.000180473 0.000585961 1.52456
330.144 0.322242 -0.397894 1.45326 -2.99555 -0.505512 -1.86637 0.297159 -0.399201 1.48234 -2.98537 -0.511306 -1.87133 -0.0250827 -0.00130726 0.0290801 0.0101785 -0.00579394 -0.00495943 0.0384252 0.607807 0.318824 -0.5108 1.29193 -2.98915 -0.507095 -1.86583 -0.00341802 -0.112906 -0.161331 0.00640538 -0.00158322 0.000539293 0.196945 0.393664 0.985018 -2.01741 0.918095 0.000867659 -0.000499895 2.83766 -0.0458475 -1.38879 -0.196182 -0.000180473 0.000585961 1.52456
330.456 0.323984 -0.398507 1.45561 -2.99629 -0.506076 -1.86649 0.298453 -0.399199 1.48233 -2.98554 -0.511022 -1.87119 -0.0255304 -0.000692038 0.0267222 0.0107517 -0.00494563 -0.00470539 0.0369642 0.609093 0.318308 -0.514229 1.29592 -2.98999 -0.507629 -1.86613 -0.00567557 -0.115722 -0.159686 0.00630077 -0.00155233 0.000361573 0.19729 0.381549 0.986777 -2.01876 0.919682 0.00178317 -0.000851803 2.83764 -0.0458475 -1.38879 -0.196182 -0.000180473 0.000585961 1.52456
330.744 0.326205 -0.399334 1.459 -2.99731 -0.506668 -1.86657 0.299814 -0.399289 1.48266 -2.98667 -0.511428 -1.8704 -0.0263917 4.53321e-05 0.023662 0.0106358 -0.00476046 -0.0038268 0.0354459 0.603283 0.318461 -0.517478 1.30074 -2.9913 -0.507935 -1.8663 -0.00774377 -0.118143 -0.158264 0.00600126 -0.00126709 0.000266645 0.19765 0.359365 0.989128 -2.02047 0.922191 0.00295308 -0.00115893 2.83765 -0.0458475 -1.38879 -0.196182 -0.000180473 0.000585961 1.52456
331.11 0.327265 -0.400054 1.46187 -2.99771 -0.506764 -1.86655 0.301108 -0.399287 1.48266 -2.98683 -0.511144 -1.87026 -0.0261566 0.000766724 0.020791 0.0108754 -0.00437951 -0.00370399 0.0334219 0.605872 0.317488 -0.51996 1.30464 -2.99202 -0.507254 -1.86619 -0.00977625 -0.119906 -0.157231 0.00568946 -0.000490044 0.000364847 0.197977 0.338041 0.990916 -2.02164 0.924447 0.00336043 -0.00114809 2.83768 -0.0458475 -1.38879 -0.196182 -0.000180473 0.000585961 1.52456
331.525 0.327848 -0.400391 1.46516 -2.99776 -0.506869 -1.86654 0.300607 -0.39782 1.47718 -3.00711 -0.520524 -1.85495 -0.0272403 0.0025712 0.0120113 -0.00934986 -0.0136545 0.0115892 0.0298818 0.995046 0.317216 -0.522909 1.30945 -2.99208 -0.506498 -1.86603 -0.0106311 -0.122518 -0.155714 0.00567808 0.000371629 0.000503524 0.19842 0.341497 0.992731 -2.02269 0.92705 0.00342851 -0.00123546 2.83771 -0.0458475 -1.38879 -0.196182 -0.000180473 0.000585961 1.52456
331.84 0.327952 -0.399753 1.47034 -2.99724 -0.507373 -1.86657 0.304019 -0.401634 1.49384 -2.98414 -0.513615 -1.8857 -0.0239332 -0.00188102 0.0235043 0.0130973 -0.00624223 -0.0191232 0.0335975 1.04305 0.317159 -0.52547 1.31647 -2.99116 -0.505897 -1.86594 -0.0107935 -0.125717 -0.15387 0.00608502 0.00147598 0.000636362 0.19899 0.377424 0.995202 -2.02392 0.931012 0.00307045 -0.00184984 2.83775 -0.0458475 -1.38879 -0.196182 -0.000180473 0.000585961 1.52456
332.172 0.327775 -0.399046 1.47452 -2.99672 -0.507769 -1.86659 0.30482 -0.402418 1.50417 -2.99686 -0.50035 -1.86392 -0.0229551 -0.00337149 0.0296508 -0.000139202 0.00741918 0.00267363 0.0376493 0.45024 0.315526 -0.526611 1.32176 -2.9902 -0.505791 -1.86594 -0.0122492 -0.127564 -0.152752 0.0065208 0.00197798 0.000651391 0.199389 0.409261 0.997107 -2.02473 0.934257 0.00267323 -0.00236291 2.83779 -0.0458475 -1.38879 -0.196182 -0.000180473 0.000585961 1.52456
332.556 0.32784 -0.398504 1.47864 -2.9965 -0.508164 -1.86661 0.299615 -0.394503 1.48167 -2.97594 -0.529772 -1.86935 -0.0282246 0.00400089 0.00302155 0.0205658 -0.0216078 -0.00273801 0.0286664 1.66201 0.315499 -0.528041 1.32706 -2.98959 -0.505971 -1.86607 -0.0123413 -0.129537 -0.151588 0.00690885 0.00219303 0.000541208 0.199777 0.430693 0.999072 -2.02546 0.937559 0.00257466 -0.00279555 2.83783 -0.0458475 -1.38879 -0.196182 -0.000180473 0.000585961 1.52456
332.92 0.328314 -0.398591 1.48369 -2.99678 -0.508465 -1.86659 0.304177 -0.399418 1.50767 -3.00173 -0.531045 -1.8637 -0.024137 -0.00082697 0.0239828 -0.00494883 -0.02258 0.00288959 0.0340361 1.3173 0.315335 -0.529217 1.3327 -2.98998 -0.506378 -1.86623 -0.0129786 -0.130626 -0.150993 0.00680317 0.00208696 0.000356164 0.200076 0.417778 1.0018 -2.02634 0.941719 0.00290719 -0.00301196 2.83789 -0.0458475 -1.38879 -0.196182 -0.000180473 0.000585961 1.52456
333.271 0.328809 -0.399288 1.48695 -2.99727 -0.508554 -1.86654 0.301973 -0.397538 1.50305 -2.98518 -0.518828 -1.86345 -0.0268363 0.00175049 0.0160973 0.0120912 -0.0102736 0.00309232 0.0313428 0.989129 0.317029 -0.532426 1.33747 -2.99106 -0.506495 -1.8663 -0.0117802 -0.133138 -0.14948 0.00620792 0.00205977 0.000242687 0.200522 0.381549 1.00395 -2.02691 0.944373 0.00337746 -0.00297427 2.83794 -0.0458475 -1.38879 -0.196182 -0.000180473 0.000585961 1.52456
334.008 0.328803 -0.400717 1.4934 -2.99751 -0.509452 -1.86659 0.302682 -0.39721 1.50675 -2.98953 -0.547761 -1.86357 -0.0261205 0.00350719 0.0133562 0.0079828 -0.0383091 0.00302008 0.029546 2.26641 0.320228 -0.536399 1.34542 -2.99319 -0.507508 -1.86649 -0.00857512 -0.135682 -0.147971 0.0043151 0.0019446 0.000100387 0.200944 0.274112 1.00929 -2.02788 0.948411 0.00385895 -0.00377218 2.83803 -0.0458475 -1.38879 -0.196182 -0.000180473 0.000585961 1.52456
334.36 0.328434 -0.402098 1.49542 -2.99753 -0.509651 -1.86658 0.306611 -0.402537 1.52966 -3.01108 -0.520225 -1.85792 -0.0218231 -0.000438922 0.0342323 -0.013546 -0.0105741 0.00866431 0.0405991 0.914716 0.318662 -0.53705 1.34703 -2.99393 -0.507891 -1.86652 -0.00977179 -0.134952 -0.148391 0.00360508 0.00175953 6.0779e-05 0.200817 0.2307 1.01176 -2.02814 0.949268 0.00392879 -0.00395621 2.83807 -0.0458475 -1.38879 -0.196182 -0.000180473 0.000585961 1.52456
334.702 0.328109 -0.404433 1.49695 -2.99785 -0.50947 -1.86651 0.306184 -0.404752 1.53049 -2.97431 -0.497088 -1.87247 -0.0219252 -0.000318775 0.0335415 0.0235326 0.0123829 -0.00596045 0.040073 1.41195 0.314913 -0.537585 1.34753 -2.99516 -0.508119 -1.86632 -0.013196 -0.133152 -0.149423 0.00268505 0.00135093 0.000185113 0.200576 0.176939 1.01434 -2.0283 0.949776 0.00414933 -0.00370394 2.8381 -0.0458475 -1.38879 -0.196182 -0.000180473 0.000585961 1.52456
335.387 0.328383 -0.413102 1.49915 -3.00048 -0.507802 -1.8661 0.303607 -0.408101 1.52794 -2.9987 -0.534116 -1.85786 -0.024776 0.00500113 0.028785 0.00178243 -0.0263137 0.00824337 0.0383072 1.59839 0.307736 -0.538701 1.34535 -2.99789 -0.507917 -1.86572 -0.0206468 -0.125599 -0.153801 0.00258811 -0.000115176 0.000382626 0.19964 0.160713 1.02077 -2.02822 0.950626 0.0060803 -0.00143411 2.83821 -0.0458475 -1.38879 -0.196182 -0.000180473 0.000585961 1.52456
335.753 0.328592 -0.417263 1.50003 -3.00205 -0.506895 -1.86589 0.300102 -0.407142 1.50702 -2.99904 -0.527147 -1.86573 -0.02849 0.0101212 0.00698749 0.00301093 -0.0202518 0.000160825 0.0310313 1.1737 0.303841 -0.539258 1.34414 -2.99933 -0.507739 -1.86556 -0.0247517 -0.121995 -0.155893 0.0027138 -0.000844236 0.000324808 0.199495 0.172459 1.02364 -2.02789 0.95118 0.00725653 -0.000170105 2.83827 -0.0458475 -1.38879 -0.196182 -0.000180473 0.000585961 1.52456
336.077 0.328209 -0.421073 1.5012 -3.00328 -0.506002 -1.86567 0.308065 -0.422543 1.54678 -3.00555 -0.487896 -1.85119 -0.0201439 -0.00147029 0.0455815 -0.00227352 0.0181056 0.0144882 0.0498559 1.29573 0.30081 -0.539248 1.34312 -3.0003 -0.507399 -1.86546 -0.027399 -0.118175 -0.158081 0.0029774 -0.00139739 0.000218787 0.199263 0.193827 1.02654 -2.02732 0.95195 0.00811139 0.000994681 2.83833 -0.0458475 -1.38879 -0.196182 -0.000180473 0.000585961 1.52456
337.854 0.3067 -0.434849 1.51441 -2.99978 -0.500241 -1.86417 0.289321 -0.437708 1.5478 -3.00204 -0.510558 -1.85744 -0.0173786 -0.00285842 0.0333977 -0.00225386 -0.0103171 0.006733 0.037757 0.682996 0.278762 -0.529081 1.34239 -2.99618 -0.501531 -1.86394 -0.0279379 -0.0942312 -0.172021 0.00360467 -0.00129007 0.000230051 0.198119 0.225554 1.04414 -2.01618 0.960522 0.00253866 0.00561882 2.83881 -0.0458475 -1.38879 -0.196182 -0.000180473 0.000585961 1.52456
338.364 0.302402 -0.435452 1.51592 -2.99867 -0.499838 -1.86401 0.283799 -0.437527 1.54716 -2.99947 -0.510311 -1.85932 -0.0186038 -0.00207551 0.0312454 -0.000796904 -0.010473 0.00468773 0.0364237 0.650118 0.276454 -0.526798 1.34221 -2.9962 -0.500985 -1.86372 -0.0259478 -0.0913467 -0.173707 0.00247648 -0.00114714 0.000292124 0.197969 0.165511 1.04615 -2.01368 0.961312 0.00128106 0.00572226 2.83889 -0.0458475 -1.38879 -0.196182 -0.000180473 0.000585961 1.52456
338.722 0.296967 -0.436285 1.51725 -2.99748 -0.499312 -1.86379 0.278283 -0.43735 1.54653 -2.9969 -0.51005 -1.8612 -0.0186845 -0.00106491 0.0292872 0.000576989 -0.0107379 0.00258836 0.034756 0.637351 0.274075 -0.523486 1.34113 -2.99563 -0.500516 -1.86348 -0.022892 -0.0872002 -0.176114 0.0018438 -0.00120456 0.000312347 0.197848 0.13417 1.04848 -2.01021 0.961922 -0.00011501 0.00592248 2.839 -0.0458475 -1.38879 -0.196182 -0.000180473 0.000585961 1.52456
339.089 0.293105 -0.436782 1.51787 -2.99673 -0.498962 -1.86364 0.272774 -0.437178 1.54592 -2.99433 -0.509774 -1.86309 -0.0203308 -0.00039566 0.0280493 0.00240004 -0.0108122 0.000552161 0.0346447 0.638578 0.272606 -0.52221 1.34074 -2.99498 -0.500213 -1.86339 -0.020499 -0.0854281 -0.177135 0.00174877 -0.00125177 0.000257124 0.197725 0.128204 1.04993 -2.00756 0.962165 -0.00100203 0.00606787 2.83907 -0.0458475 -1.38879 -0.196182 -0.000180473 0.000585961 1.52456
339.434 0.289543 -0.436467 1.51846 -2.99604 -0.499065 -1.86358 0.272441 -0.442696 1.56313 -2.98676 -0.485168 -1.85606 -0.0171015 -0.00622944 0.0446744 0.00928006 0.0138966 0.00751699 0.0482397 1.14842 0.27187 -0.521415 1.34104 -2.9946 -0.500273 -1.86338 -0.0176731 -0.0849481 -0.17742 0.00144071 -0.00120875 0.000196098 0.1975 0.111906 1.05112 -2.0049 0.962324 -0.00167697 0.00579286 2.83914 -0.0458475 -1.38879 -0.196182 -0.000180473 0.000585961 1.52456
339.822 0.286323 -0.435153 1.51915 -2.99542 -0.499722 -1.86363 0.264523 -0.436926 1.54503 -2.99047 -0.509334 -1.86592 -0.0217999 -0.00177325 0.0258776 0.00494848 -0.00961207 -0.00229795 0.0338826 0.603931 0.271473 -0.518241 1.34118 -2.99451 -0.500937 -1.8632 -0.01485 -0.0830881 -0.177966 0.000907638 -0.00121545 0.000430167 0.196967 0.0969133 1.05231 -2.00137 0.962576 -0.0021832 0.00468874 2.8392 -0.0458475 -1.38879 -0.196182 -0.000180473 0.000585961 1.52456
340.195 0.282305 -0.432493 1.52012 -2.99457 -0.501007 -1.86381 0.264804 -0.441636 1.56663 -2.99842 -0.498679 -1.86013 -0.0175019 -0.00914363 0.0465102 -0.00385588 0.00232741 0.00368458 0.0505284 0.25793 0.271767 -0.51646 1.34209 -2.99418 -0.502008 -1.86325 -0.0105385 -0.0839674 -0.178024 0.00038913 -0.00100144 0.00056374 0.197114 0.0740187 1.05294 -1.99877 0.96279 -0.00249604 0.0035595 2.83921 -0.0458475 -1.38879 -0.196182 -0.000180473 0.000585961 1.52456
340.523 0.279165 -0.430225 1.52077 -2.99371 -0.501994 -1.86401 0.255431 -0.430789 1.53509 -2.99374 -0.537328 -1.85282 -0.0237344 -0.000563922 0.0143246 -3.38644e-05 -0.0353333 0.0111918 0.0277279 2.1232 0.270547 -0.5149 1.34313 -2.99355 -0.503467 -1.86354 -0.00861783 -0.0846743 -0.177633 0.000154707 -0.00147205 0.000468739 0.196971 0.0884693 1.05338 -1.99623 0.962936 -0.00297929 0.00239908 2.83918 -0.0458475 -1.38879 -0.196182 -0.000180473 0.000585961 1.52456
340.872 0.275234 -0.42759 1.52121 -2.99271 -0.503078 -1.8643 0.253265 -0.43006 1.54213 -2.97155 -0.528436 -1.8698 -0.0219689 -0.00246997 0.0209156 0.0211549 -0.0253585 -0.00549972 0.0304334 1.81725 0.268846 -0.513448 1.34423 -2.99264 -0.504946 -1.86395 -0.00638856 -0.085858 -0.176985 6.43312e-05 -0.00186865 0.000346359 0.196815 0.108352 1.05373 -1.993 0.962919 -0.00353472 0.00110803 2.8391 -0.0458475 -1.38879 -0.196182 -0.000180473 0.000585961 1.52456
341.183 0.272853 -0.426012 1.52113 -2.99236 -0.503788 -1.86452 0.251609 -0.431486 1.55707 -3.00122 -0.527878 -1.84796 -0.0212434 -0.00547366 0.0359335 -0.00885939 -0.02409 0.0165661 0.0421006 1.60888 0.267881 -0.512981 1.34479 -2.99239 -0.505833 -1.86421 -0.00497165 -0.0869683 -0.176347 -2.96912e-05 -0.00204511 0.000314303 0.196688 0.118694 1.05386 -1.99071 0.962695 -0.00357839 0.000340212 2.83901 -0.0458475 -1.38879 -0.196182 -0.000180473 0.000585961 1.52456
341.531 0.270913 -0.424714 1.52076 -2.99231 -0.504454 -1.86477 0.251089 -0.432003 1.56643 -2.99334 -0.501255 -1.86431 -0.0198239 -0.0072892 0.0456645 -0.00103317 0.00319908 0.000453056 0.0503127 0.189746 0.266313 -0.512899 1.34512 -2.9926 -0.506453 -1.8644 -0.00459942 -0.0881851 -0.175641 -0.00028767 -0.00199977 0.000366286 0.19659 0.11535 1.0539 -1.98856 0.962285 -0.00334046 -0.000310756 2.83889 -0.0458475 -1.38879 -0.196182 -0.000180473 0.000585961 1.52456
341.847 0.269148 -0.423468 1.52024 -2.99229 -0.505141 -1.86504 0.247546 -0.428481 1.56107 -2.97472 -0.489486 -1.86417 -0.0216015 -0.00501229 0.040827 0.0175693 0.0156543 0.000872604 0.0464606 1.36688 0.26328 -0.512592 1.34513 -2.99275 -0.506905 -1.86454 -0.00586783 -0.0891235 -0.17511 -0.00045865 -0.0017641 0.00050106 0.196573 0.104678 1.05387 -1.98654 0.961719 -0.00304963 -0.000973743 2.83876 -0.0458475 -1.38879 -0.196182 -0.000180473 0.000585961 1.52456
342.223 0.267474 -0.421804 1.51942 -2.99265 -0.506233 -1.86547 0.242631 -0.4229 1.54307 -2.97926 -0.513811 -1.87363 -0.0248425 -0.00109593 0.0236449 0.0133852 -0.00757831 -0.00816102 0.0343137 0.803082 0.257901 -0.511765 1.34478 -2.99318 -0.507587 -1.86491 -0.00957296 -0.0899607 -0.174641 -0.000533708 -0.00135434 0.0005626 0.196682 0.0839294 1.05379 -1.98403 0.960881 -0.00220819 -0.00193143 2.83854 -0.0458475 -1.38879 -0.196182 -0.000180473 0.000585961 1.52456
342.582 0.266619 -0.420926 1.51873 -2.99324 -0.506919 -1.8658 0.243335 -0.425843 1.55632 -2.99693 -0.529794 -1.85096 -0.0232842 -0.00491659 0.0375884 -0.00368229 -0.0228746 0.0148373 0.0444884 1.51904 0.253005 -0.510777 1.34403 -2.9936 -0.507829 -1.86538 -0.013614 -0.0898509 -0.174704 -0.000358942 -0.000909992 0.000419404 0.196927 0.0559529 1.05373 -1.98228 0.960323 -0.00129922 -0.0024336 2.83836 -0.0458475 -1.38879 -0.196182 -0.000180473 0.000585961 1.52456
342.946 0.266027 -0.42078 1.51789 -2.99415 -0.507224 -1.86607 0.239352 -0.418073 1.5352 -2.99798 -0.525432 -1.85907 -0.0266751 0.00270648 0.0173068 -0.00383002 -0.0182079 0.00700364 0.0319125 1.10038 0.247247 -0.510304 1.34301 -2.9942 -0.507723 -1.86576 -0.0187805 -0.0895243 -0.174878 -4.98885e-05 -0.000498764 0.000318896 0.197357 0.0279765 1.05371 -1.98061 0.959857 -0.000203966 -0.00249418 2.83817 -0.0458475 -1.38879 -0.196182 -0.000180473 0.000585961 1.52456
343.273 0.265444 -0.42136 1.51693 -2.9952 -0.50709 -1.86628 0.242772 -0.426337 1.56571 -2.98915 -0.503087 -1.86715 -0.022672 -0.00497703 0.0487782 0.00605109 0.00400239 -0.000864502 0.0540195 0.398604 0.242064 -0.510203 1.34169 -2.99472 -0.507123 -1.86604 -0.0233798 -0.0888423 -0.175241 0.000478414 -3.31733e-05 0.000236151 0.197861 0.0395647 1.05372 -1.97898 0.959473 0.000876859 -0.00209988 2.83796 -0.0458475 -1.38879 -0.196182 -0.000180473 0.000585961 1.52456
343.908 0.263651 -0.423681 1.51441 -2.99752 -0.506204 -1.86664 0.240849 -0.426943 1.5579 -3.00974 -0.512092 -1.85184 -0.0228023 -0.00326132 0.0434887 -0.0122156 -0.00588811 0.014802 0.0492123 0.862754 0.233746 -0.509849 1.33772 -2.99562 -0.505432 -1.86613 -0.0299054 -0.0861681 -0.176689 0.00190082 0.000771336 0.000505574 0.198842 0.13417 1.0539 -1.97513 0.9584 0.00307773 -0.000659784 2.83752 -0.0458475 -1.38879 -0.196182 -0.000180473 0.000585961 1.52456
344.278 0.262886 -0.424204 1.51343 -2.9985 -0.506148 -1.86682 0.236483 -0.421754 1.53395 -2.99518 -0.524108 -1.86047 -0.0264028 0.00244983 0.0205157 0.00332386 -0.0179603 0.0063574 0.0335261 1.13849 0.229373 -0.510318 1.33676 -2.99631 -0.505563 -1.86628 -0.0335121 -0.0861139 -0.176668 0.00218529 0.000584833 0.000543068 0.199374 0.148038 1.05402 -1.97337 0.957894 0.00410789 -0.000354963 2.83735 -0.0458475 -1.38879 -0.196182 -0.000180473 0.000585961 1.52456
344.641 0.261499 -0.423822 1.51265 -2.99948 -0.506574 -1.86713 0.237155 -0.425436 1.54249 -2.97683 -0.512272 -1.87552 -0.0243445 -0.00161348 0.0298361 0.0226475 -0.00569755 -0.00839478 0.0385415 1.18861 0.226257 -0.510648 1.33645 -2.99714 -0.506252 -1.86665 -0.0352417 -0.0868254 -0.176199 0.00234088 0.000321871 0.000473482 0.199567 0.150658 1.0542 -1.97082 0.957486 0.005309 -0.000514267 2.83715 -0.0458475 -1.38879 -0.196182 -0.000180473 0.000585961 1.52456
344.988 0.259827 -0.422586 1.51273 -2.99968 -0.507186 -1.86737 0.238079 -0.429573 1.55757 -3.00856 -0.510776 -1.85277 -0.021748 -0.00698682 0.0448345 -0.00888322 -0.00358924 0.0146 0.0503182 0.765662 0.223081 -0.509184 1.33643 -2.99712 -0.507203 -1.86706 -0.0367463 -0.0865977 -0.176307 0.0025536 -1.64326e-05 0.00031662 0.199834 0.155766 1.05438 -1.96873 0.95762 0.00578165 -0.00104766 2.83702 -0.0458475 -1.38879 -0.196182 -0.000180473 0.000585961 1.52456
345.323 0.257825 -0.420674 1.51341 -2.99966 -0.508005 -1.86763 0.235183 -0.425475 1.54757 -3.00434 -0.508776 -1.87781 -0.0226421 -0.00480081 0.0341631 -0.00468721 -0.0007714 -0.0101719 0.0412654 0.752255 0.218721 -0.508287 1.33771 -2.99671 -0.508352 -1.86751 -0.0391042 -0.0876136 -0.175702 0.00294739 -0.000347391 0.000119496 0.200191 0.172459 1.05462 -1.96646 0.95826 0.00609838 -0.00183414 2.83691 -0.0458475 -1.38879 -0.196182 -0.000180473 0.000585961 1.52456
345.68 0.255075 -0.417518 1.51513 -2.99974 -0.509272 -1.86796 0.231826 -0.422178 1.54293 -2.98557 -0.496846 -1.87787 -0.0232489 -0.00465998 0.0277975 0.0141648 0.0124258 -0.00991495 0.0365367 1.02144 0.213014 -0.505247 1.3395 -2.99609 -0.510077 -1.86822 -0.0420608 -0.0877293 -0.175628 0.00364397 -0.000805555 -0.000262166 0.200776 0.207479 1.05508 -1.96317 0.959983 0.00665825 -0.00302441 2.83681 -0.0458475 -1.38879 -0.196182 -0.000180473 0.000585961 1.52456
346.383 0.250511 -0.414613 1.51854 -3.00056 -0.509718 -1.86811 0.23043 -0.42285 1.5655 -2.9952 -0.486146 -1.87193 -0.0200815 -0.00823652 0.0469632 0.00536262 0.0235726 -0.00382094 0.0517364 1.37913 0.209554 -0.503714 1.34376 -2.99527 -0.511831 -1.86894 -0.0409568 -0.0891005 -0.174773 0.00528966 -0.00211283 -0.000832583 0.200404 0.307741 1.05622 -1.95764 0.9643 0.00764305 -0.00324026 2.83674 -0.0458475 -1.38879 -0.196182 -0.000180473 0.000585961 1.52456
346.992 0.241669 -0.409774 1.52459 -2.99933 -0.51021 -1.86817 0.221562 -0.415603 1.55618 -2.99987 -0.515692 -1.85865 -0.0201077 -0.0058285 0.0315915 -0.000536551 -0.00548251 0.00951756 0.0378988 0.616755 0.205496 -0.503623 1.35249 -2.9937 -0.512823 -1.86922 -0.036173 -0.0938489 -0.1721 0.00563497 -0.00261351 -0.00105228 0.199335 0.333378 1.05831 -1.95018 0.970729 0.00660925 -0.00402507 2.83676 -0.0458475 -1.38879 -0.196182 -0.000180473 0.000585961 1.52456
347.317 0.236546 -0.407077 1.5276 -2.99783 -0.510601 -1.86819 0.218025 -0.414457 1.56477 -2.98932 -0.489177 -1.8758 -0.0185207 -0.00737979 0.0371702 0.00850997 0.0214247 -0.00761005 0.0421794 1.31552 0.202772 -0.502318 1.35624 -2.99236 -0.512875 -1.86918 -0.0337743 -0.0952407 -0.171358 0.00547102 -0.00227396 -0.000994916 0.198934 0.317752 1.05947 -1.9467 0.973463 0.00526497 -0.00478464 2.8368 -0.0458475 -1.38879 -0.196182 -0.000180473 0.000585961 1.52456
347.652 0.229268 -0.404141 1.53142 -2.99572 -0.510844 -1.86814 0.210924 -0.408656 1.55818 -3.00878 -0.532125 -1.86427 -0.0183437 -0.0045153 0.0267579 -0.0130581 -0.0212818 0.00386376 0.0327546 1.38931 0.196855 -0.498757 1.3596 -2.9907 -0.512394 -1.86889 -0.0324124 -0.0946165 -0.171821 0.00502233 -0.00155038 -0.000753797 0.198809 0.28393 1.06128 -1.94191 0.976873 0.0032611 -0.00555519 2.8369 -0.0458475 -1.38879 -0.196182 -0.000180473 0.000585961 1.52456
347.95 0.224191 -0.403379 1.53382 -2.99478 -0.510435 -1.86797 0.207421 -0.410334 1.57784 -3.00372 -0.507576 -1.85648 -0.0167698 -0.00695433 0.0440251 -0.00894187 0.00285878 0.0114895 0.0476214 0.62745 0.19149 -0.497992 1.36197 -2.98987 -0.511911 -1.86859 -0.0327017 -0.0946129 -0.171853 0.00490249 -0.00147616 -0.000618831 0.198883 0.278362 1.06283 -1.93828 0.979282 0.00216414 -0.00540492 2.83698 -0.0458475 -1.38879 -0.196182 -0.000180473 0.000585961 1.52456
348.338 0.219583 -0.403272 1.53601 -2.99433 -0.50987 -1.86775 0.198579 -0.403554 1.56218 -2.96644 -0.509291 -1.88266 -0.0210044 -0.000281731 0.0261654 0.0278861 0.000578992 -0.014909 0.0335543 1.39718 0.188231 -0.497719 1.36404 -2.98951 -0.511729 -1.86828 -0.0313519 -0.0944474 -0.17197 0.00482176 -0.00185856 -0.00052859 0.198688 0.28393 1.06454 -1.93467 0.981616 0.00147483 -0.00497897 2.83709 -0.0458475 -1.38879 -0.196182 -0.000180473 0.000585961 1.52456
348.681 0.214912 -0.403367 1.53824 -2.99386 -0.509249 -1.8675 0.191369 -0.401381 1.55372 -2.98409 -0.519509 -1.86961 -0.0235427 0.00198627 0.0154779 0.00976393 -0.0102594 -0.00211164 0.0282448 0.778838 0.184011 -0.497533 1.36608 -2.98906 -0.511827 -1.86811 -0.0309008 -0.0941661 -0.172163 0.00479779 -0.00257767 -0.000605917 0.198651 0.298707 1.06639 -1.93108 0.983924 0.00073817 -0.00450658 2.83723 -0.0458475 -1.38879 -0.196182 -0.000180473 0.000585961 1.52456
349.041 0.20863 -0.403235 1.54143 -2.99307 -0.508648 -1.8672 0.188721 -0.403781 1.56568 -3.00056 -0.536157 -1.84787 -0.0199095 -0.000545238 0.024248 -0.00748939 -0.027509 0.0193342 0.0313791 1.8497 0.18018 -0.497379 1.36918 -2.98837 -0.512238 -1.8681 -0.0284503 -0.0941434 -0.172249 0.00469838 -0.00359064 -0.000898934 0.198349 0.322641 1.06901 -1.92639 0.987013 -0.000324552 -0.004132 2.8374 -0.0458475 -1.38879 -0.196182 -0.000180473 0.000585961 1.52456
349.411 0.204078 -0.402539 1.54403 -2.99241 -0.508668 -1.86706 0.185884 -0.408136 1.58809 -2.98713 -0.510441 -1.88169 -0.0181937 -0.00559699 0.0440586 0.0052878 -0.00177274 -0.0146294 0.0479948 0.74651 0.176838 -0.497699 1.37239 -2.98794 -0.512775 -1.86808 -0.0272395 -0.0951603 -0.171642 0.0044777 -0.00410734 -0.00102467 0.198137 0.331022 1.07107 -1.92296 0.989254 -0.00102786 -0.00431907 2.83753 -0.0458475 -1.38879 -0.196182 -0.000180473 0.000585961 1.52456
349.772 0.199552 -0.401885 1.54658 -2.99169 -0.508756 -1.86693 0.178261 -0.404298 1.57579 -2.99014 -0.507073 -1.86639 -0.0212911 -0.00241271 0.0292151 0.0015521 0.00168323 0.000548257 0.0362306 0.14537 0.17413 -0.497318 1.37507 -2.98751 -0.513471 -1.86806 -0.0254227 -0.0954331 -0.171504 0.00417488 -0.00471456 -0.00112562 0.197907 0.344917 1.07322 -1.91963 0.991334 -0.00176824 -0.00458803 2.83765 -0.0458475 -1.38879 -0.196182 -0.000180473 0.000585961 1.52456
350.076 0.19349 -0.401857 1.54955 -2.99067 -0.508565 -1.86674 0.174479 -0.407829 1.59779 -2.98655 -0.512855 -1.86025 -0.0190104 -0.00597156 0.0482451 0.0041185 -0.00429001 0.00648443 0.0521981 0.582827 0.17292 -0.498768 1.37886 -2.98676 -0.513629 -1.868 -0.0205696 -0.0969104 -0.170685 0.00390788 -0.00506392 -0.0012606 0.197352 0.351659 1.07621 -1.91541 0.993643 -0.00290118 -0.00466405 2.8378 -0.0458475 -1.38879 -0.196182 -0.000180473 0.000585961 1.52456
350.355 0.189 -0.40232 1.5514 -2.98984 -0.508319 -1.86659 0.168988 -0.407361 1.59874 -2.99773 -0.49535 -1.86169 -0.0200129 -0.00504094 0.0473407 -0.00788971 0.0129698 0.00489574 0.0516436 0.844415 0.173009 -0.500757 1.38164 -2.98622 -0.513403 -1.86794 -0.0159915 -0.0984372 -0.169764 0.00362864 -0.00508317 -0.00135515 0.196889 0.343781 1.07853 -1.91244 0.994908 -0.00384056 -0.00463959 2.8379 -0.0458475 -1.38879 -0.196182 -0.000180473 0.000585961 1.52456
350.625 0.18478 -0.402912 1.55303 -2.98909 -0.508214 -1.86649 0.163365 -0.407263 1.59836 -2.99509 -0.494911 -1.86355 -0.0214151 -0.00435101 0.0453312 -0.00599568 0.0133032 0.00293428 0.0503234 0.819483 0.173729 -0.503271 1.38439 -2.9859 -0.513099 -1.86787 -0.0110517 -0.10036 -0.168637 0.00319263 -0.00488522 -0.00137975 0.196551 0.322641 1.08091 -1.90967 0.995782 -0.0046444 -0.00473081 2.83797 -0.0458475 -1.38879 -0.196182 -0.000180473 0.000585961 1.52456
350.959 0.179542 -0.403822 1.55488 -2.98808 -0.508286 -1.86642 0.159094 -0.407047 1.59751 -2.99276 -0.4952 -1.86497 -0.0204471 -0.00322554 0.042622 -0.00468292 0.013086 0.00145517 0.0473827 0.787333 0.176131 -0.507819 1.38839 -2.98572 -0.512441 -1.86769 -0.00341053 -0.103997 -0.166492 0.00236079 -0.0041548 -0.00126922 0.196333 0.265408 1.08416 -1.90634 0.996394 -0.00563744 -0.00505654 2.83804 -0.0458475 -1.38879 -0.196182 -0.000180473 0.000585961 1.52456
351.599 0.171823 -0.406151 1.55697 -2.98603 -0.508212 -1.86636 0.149123 -0.406159 1.58845 -3.01017 -0.537264 -1.85524 -0.0226994 -7.97146e-06 0.0314876 -0.0241389 -0.0290518 0.011125 0.0388166 2.05176 0.179171 -0.51613 1.39407 -2.98584 -0.510442 -1.86696 0.00734844 -0.109979 -0.162892 0.000192893 -0.00222966 -0.000598385 0.196681 0.131221 1.08922 -1.90224 0.996201 -0.00766852 -0.00550634 2.8381 -0.0458475 -1.38879 -0.196182 -0.000180473 0.000585961 1.52456
351.94 0.168431 -0.408017 1.55759 -2.98511 -0.508051 -1.86634 0.143526 -0.402616 1.57185 -2.95742 -0.522283 -1.87986 -0.0249053 0.0054015 0.0142517 0.0276965 -0.0142323 -0.0135147 0.0291987 1.60376 0.179704 -0.520456 1.39619 -2.98614 -0.509231 -1.86667 0.0112728 -0.112439 -0.161408 -0.00102659 -0.00117985 -0.000330361 0.197033 0.0969133 1.09182 -1.90066 0.995591 -0.00860242 -0.00558532 2.83809 -0.0458475 -1.38879 -0.196182 -0.000180473 0.000585961 1.52456
352.242 0.164819 -0.411408 1.55788 -2.98429 -0.507688 -1.86634 0.140781 -0.411359 1.59523 -2.96872 -0.50879 -1.87235 -0.024038 4.92823e-05 0.0373521 0.0155632 -0.00110259 -0.00600892 0.0444186 0.786836 0.180284 -0.528236 1.39911 -2.98657 -0.507317 -1.86639 0.015465 -0.116828 -0.158765 -0.00228592 0.000370508 -4.71028e-05 0.197723 0.13417 1.09534 -1.89913 0.994195 -0.00949555 -0.00544918 2.83804 -0.0458475 -1.38879 -0.196182 -0.000180473 0.000585961 1.52456
352.647 0.162541 -0.414639 1.55766 -2.98374 -0.507245 -1.86634 0.137981 -0.414102 1.59506 -2.96768 -0.50734 -1.87321 -0.0245597 0.000537439 0.0374062 0.0160672 -9.48672e-05 -0.00687401 0.0447515 0.806486 0.18351 -0.535189 1.40111 -2.98664 -0.505661 -1.86614 0.0209691 -0.120549 -0.156546 -0.00289055 0.0015836 0.000203123 0.198692 0.183454 1.09801 -1.89842 0.992659 -0.0101315 -0.00516406 2.83798 -0.0458475 -1.38879 -0.196182 -0.000180473 0.000585961 1.52456
352.977 0.160667 -0.418754 1.55695 -2.98334 -0.506485 -1.86631 0.135005 -0.414274 1.58501 -2.98771 -0.517987 -1.85846 -0.025662 0.00448062 0.0280535 -0.00437137 -0.0115017 0.00784967 0.0382834 0.767193 0.185371 -0.540141 1.40094 -2.98668 -0.50404 -1.86597 0.0247038 -0.121387 -0.156016 -0.00333746 0.00244516 0.000340805 0.199213 0.2307 1.10069 -1.89811 0.990685 -0.0107286 -0.00454078 2.83789 -0.0458475 -1.38879 -0.196182 -0.000180473 0.000585961 1.52456
353.321 0.158846 -0.425344 1.55531 -2.98298 -0.505116 -1.86624 0.132386 -0.419718 1.58727 -3.00313 -0.529824 -1.86082 -0.0264602 0.0056252 0.0319536 -0.020141 -0.0247079 0.00541668 0.0418667 1.75435 0.187044 -0.548996 1.40072 -2.98717 -0.501188 -1.8656 0.028198 -0.123653 -0.154591 -0.00418414 0.00392802 0.000643724 0.199959 0.317752 1.10423 -1.89834 0.987387 -0.0114515 -0.00332367 2.83774 -0.0458475 -1.38879 -0.196182 -0.000180473 0.000585961 1.52456
353.695 0.158312 -0.430819 1.55367 -2.98305 -0.504011 -1.86619 0.132382 -0.427931 1.59469 -2.96652 -0.500947 -1.87462 -0.02593 0.0028881 0.0410187 0.0165369 0.00306389 -0.00842355 0.0486131 0.849037 0.189264 -0.556332 1.40008 -2.98809 -0.498421 -1.86538 0.0309515 -0.125513 -0.153585 -0.00504032 0.00558995 0.000814248 0.200748 0.418714 1.1068 -1.89899 0.98453 -0.0116862 -0.00224901 2.8376 -0.0458475 -1.38879 -0.196182 -0.000180473 0.000585961 1.52456
354.028 0.158615 -0.436372 1.55185 -2.98345 -0.50303 -1.86618 0.130976 -0.433459 1.59453 -2.96757 -0.4987 -1.87432 -0.0276391 0.0029131 0.0426828 0.015887 0.0043302 -0.0081377 0.0509335 0.836499 0.191763 -0.56251 1.39862 -2.98891 -0.496527 -1.8654 0.0331478 -0.126137 -0.153233 -0.00545582 0.00650315 0.000774242 0.20122 0.474778 1.10927 -1.90006 0.981491 -0.0115536 -0.00121121 2.83746 -0.0458475 -1.38879 -0.196182 -0.000180473 0.000585961 1.52456
354.373 0.159782 -0.443703 1.54941 -2.98408 -0.501777 -1.86619 0.129429 -0.437659 1.58448 -2.98795 -0.507304 -1.85956 -0.0303525 0.00604408 0.0350732 -0.0038632 -0.00552721 0.00663644 0.0467754 0.460552 0.194521 -0.569065 1.39571 -2.98981 -0.493982 -1.86581 0.0347388 -0.125362 -0.153693 -0.00572471 0.00779413 0.000377785 0.201355 0.548226 1.11235 -1.90209 0.977442 -0.0112542 0.000146556 2.83725 -0.0458475 -1.38879 -0.196182 -0.000180473 0.000585961 1.52456
354.681 0.161079 -0.449075 1.54767 -2.98453 -0.500815 -1.86622 0.132213 -0.444629 1.58466 -2.98931 -0.504884 -1.85839 -0.0288664 0.00444564 0.036993 -0.00477436 -0.00406899 0.0078328 0.0471329 0.460552 0.196956 -0.571484 1.39225 -2.98979 -0.492651 -1.86611 0.0358764 -0.122409 -0.155414 -0.00526121 0.00816426 0.000108342 0.201059 0.554614 1.11444 -1.90405 0.974564 -0.0110471 0.00118105 2.83708 -0.0458475 -1.38879 -0.196182 -0.000180473 0.000585961 1.52456
355.033 0.162455 -0.454654 1.5459 -2.98482 -0.499563 -1.86624 0.132144 -0.450584 1.58367 -2.97608 -0.518579 -1.85908 -0.0303107 0.00406945 0.0377652 0.00873377 -0.0190152 0.00715765 0.0485954 1.34377 0.197869 -0.573926 1.38858 -2.9893 -0.491239 -1.86638 0.0354134 -0.119273 -0.157323 -0.00448421 0.00832415 -0.000142768 0.200576 0.543926 1.11632 -1.90635 0.971826 -0.0110816 0.00245281 2.83687 -0.0458475 -1.38879 -0.196182 -0.000180473 0.000585961 1.52456
355.326 0.16418 -0.459984 1.54418 -2.98505 -0.498355 -1.8663 0.134986 -0.458484 1.58472 -2.99189 -0.499417 -1.857 -0.0291938 0.00149989 0.0405363 -0.0068398 -0.00106229 0.0092974 0.0499771 0.490986 0.197384 -0.577229 1.38566 -2.98797 -0.489913 -1.86674 0.0332045 -0.117245 -0.158523 -0.0029241 0.0084417 -0.000441243 0.199947 0.51662 1.11795 -1.90899 0.969204 -0.0111309 0.00366043 2.83663 -0.0458475 -1.38879 -0.196182 -0.000180473 0.000585961 1.52456
355.698 0.167695 -0.46634 1.54194 -2.98581 -0.497149 -1.86648 0.134965 -0.457573 1.56023 -2.96633 -0.5242 -1.86628 -0.0327295 0.00876656 0.0182896 0.0194749 -0.0270505 0.000207083 0.0385044 1.91315 0.198497 -0.579737 1.38118 -2.98708 -0.488323 -1.86707 0.0308025 -0.113397 -0.16076 -0.00127065 0.00882678 -0.000586798 0.199126 0.514343 1.11966 -1.913 0.96585 -0.0106107 0.00500364 2.83628 -0.0458475 -1.38879 -0.196182 -0.000180473 0.000585961 1.52456
356.001 0.171396 -0.470639 1.54018 -2.98687 -0.496545 -1.86671 0.141003 -0.475614 1.59814 -2.99234 -0.496297 -1.8715 -0.0303926 -0.0049742 0.0579612 -0.00547338 0.00024759 -0.00479297 0.065635 0.505904 0.199983 -0.580241 1.37714 -2.98693 -0.487515 -1.86732 0.0285877 -0.109601 -0.163039 -5.8176e-05 0.00903035 -0.000616653 0.198523 0.518888 1.12055 -1.91634 0.963375 -0.0096273 0.00585121 2.836 -0.0458475 -1.38879 -0.196182 -0.000180473 0.000585961 1.52456
356.379 0.176038 -0.474881 1.53809 -2.98848 -0.496043 -1.86697 0.142025 -0.470095 1.56335 -2.98458 -0.533026 -1.86548 -0.0340132 0.00478553 0.0252657 0.00389408 -0.0369826 0.00148735 0.0426398 2.1368 0.201685 -0.58035 1.37261 -2.98642 -0.48691 -1.86764 0.0256474 -0.105469 -0.165478 0.00205726 0.00913302 -0.000668687 0.1979 0.533759 1.1211 -1.91992 0.96079 -0.00807069 0.00674068 2.8357 -0.0458475 -1.38879 -0.196182 -0.000180473 0.000585961 1.52456
356.993 0.188187 -0.484539 1.53193 -2.99272 -0.494688 -1.86764 0.153125 -0.48231 1.56537 -3.00612 -0.513164 -1.85973 -0.035062 0.00222928 0.0334418 -0.0134055 -0.0184751 0.00790713 0.0485044 1.25679 0.209627 -0.581225 1.36131 -2.98862 -0.48688 -1.86836 0.0214392 -0.0966858 -0.170615 0.00409295 0.00780846 -0.000715172 0.197274 0.498108 1.12099 -1.9288 0.954273 -0.00398336 0.00912392 2.83495 -0.0458475 -1.38879 -0.196182 -0.000180473 0.000585961 1.52456
357.258 0.193366 -0.48814 1.529 -2.99434 -0.494078 -1.86797 0.158676 -0.483775 1.55247 -2.97763 -0.510963 -1.88124 -0.0346907 0.00436499 0.0234683 0.0167134 -0.0168848 -0.0132745 0.0421101 1.31522 0.212446 -0.581786 1.3566 -2.99009 -0.487528 -1.86853 0.0190794 -0.0936456 -0.172398 0.00425555 0.00655014 -0.000562965 0.197116 0.440575 1.1203 -1.93267 0.951458 -0.00240015 0.0101295 2.83459 -0.0458475 -1.38879 -0.196182 -0.000180473 0.000585961 1.52456
357.601 0.200297 -0.492123 1.52484 -2.99637 -0.493428 -1.86846 0.164129 -0.489293 1.55277 -2.98067 -0.50923 -1.87914 -0.036168 0.00283073 0.0279307 0.015702 -0.0158015 -0.0106858 0.0457849 1.21434 0.217237 -0.583991 1.35152 -2.9926 -0.488033 -1.86848 0.0169395 -0.0918672 -0.173322 0.00377418 0.0053958 -2.72554e-05 0.196894 0.376385 1.11876 -1.93774 0.947687 -0.000379155 0.0112665 2.83409 -0.0458475 -1.38879 -0.196182 -0.000180473 0.000585961 1.52456
357.917 0.205399 -0.49341 1.52185 -2.99756 -0.493707 -1.86894 0.173827 -0.498985 1.57273 -2.98095 -0.485107 -1.86653 -0.0315718 -0.00557526 0.0508821 0.0166115 0.00859959 0.0024141 0.0601402 1.13643 0.221004 -0.58427 1.34785 -2.99416 -0.488601 -1.8686 0.0156052 -0.0908606 -0.173998 0.00339517 0.00510548 0.00034838 0.196912 0.35718 1.11712 -1.94139 0.94476 0.00107905 0.0113072 2.83372 -0.0458475 -1.38879 -0.196182 -0.000180473 0.000585961 1.52456
358.556 0.215222 -0.492748 1.51545 -2.99925 -0.495752 -1.8701 0.183256 -0.497826 1.55401 -2.99013 -0.507514 -1.8722 -0.0319668 -0.00507727 0.0385578 0.00911916 -0.0117621 -0.00209729 0.0503424 0.825194 0.227483 -0.579917 1.33933 -2.99677 -0.490741 -1.86878 0.0122612 -0.0871683 -0.176129 0.00248177 0.00501039 0.00132243 0.196901 0.343781 1.11271 -1.9481 0.938088 0.00380562 0.00979291 2.83304 -0.0458475 -1.38879 -0.196182 -0.000180473 0.000585961 1.52456
358.951 0.221364 -0.492098 1.50996 -3.00029 -0.497046 -1.87077 0.188251 -0.494994 1.54514 -3.01149 -0.518755 -1.8548 -0.0331135 -0.00289606 0.0351757 -0.0112013 -0.0217091 0.0159653 0.0483965 1.49148 0.230381 -0.576516 1.33226 -2.99809 -0.492351 -1.86921 0.00901695 -0.0844178 -0.177704 0.00219924 0.00469469 0.00156228 0.196943 0.327456 1.10907 -1.95202 0.932726 0.00546874 0.0088265 2.83265 -0.0458475 -1.38879 -0.196182 -0.000180473 0.000585961 1.52456
359.301 0.225275 -0.49203 1.50503 -3.00076 -0.497596 -1.87117 0.193502 -0.493164 1.53313 -2.99605 -0.503008 -1.87569 -0.031773 -0.00113348 0.0281018 0.00471161 -0.00541165 -0.00452191 0.0424325 0.411169 0.232781 -0.574147 1.32602 -2.99842 -0.493618 -1.8696 0.00750636 -0.082117 -0.179009 0.00234638 0.00397855 0.00156567 0.197088 0.298707 1.10603 -1.95462 0.928131 0.00626484 0.0084268 2.83239 -0.0458475 -1.38879 -0.196182 -0.000180473 0.000585961 1.52456
360.005 0.231964 -0.492391 1.49112 -3.00069 -0.498107 -1.87187 0.199389 -0.48896 1.51176 -2.98787 -0.512745 -1.88078 -0.0325757 0.00343164 0.0206359 0.0128138 -0.014638 -0.00891593 0.0387142 1.0679 0.23769 -0.569054 1.30901 -2.99819 -0.495959 -1.87059 0.00572574 -0.0766628 -0.182109 0.00249552 0.00214873 0.00128 0.197671 0.225554 1.09809 -1.95944 0.915331 0.0066683 0.0079225 2.83185 -0.0458475 -1.38879 -0.196182 -0.000180473 0.000585961 1.52456
360.277 0.233938 -0.49246 1.48419 -3.00019 -0.498261 -1.87212 0.20703 -0.498863 1.53419 -3.00259 -0.501793 -1.87089 -0.0269081 -0.00640213 0.0500024 -0.00239512 -0.00353163 0.00123348 0.0571426 0.235734 0.238909 -0.566284 1.30047 -2.99815 -0.497214 -1.87072 0.00497073 -0.0738231 -0.183711 0.00204559 0.00104713 0.00140463 0.198051 0.181308 1.09435 -1.96097 0.908875 0.00635536 0.00764779 2.83165 -0.0458475 -1.38879 -0.196182 -0.000180473 0.000585961 1.52456
361.141 0.238235 -0.491451 1.46663 -2.9993 -0.499337 -1.87276 0.209561 -0.49449 1.50445 -3.01238 -0.520308 -1.86128 -0.0286738 -0.00303921 0.0378214 -0.0130882 -0.0209711 0.0114786 0.0475592 1.39914 0.241248 -0.557436 1.27853 -2.99767 -0.500222 -1.87113 0.00301249 -0.0659849 -0.188105 0.00162501 -0.000885001 0.00162736 0.199365 0.167859 1.08487 -1.96338 0.892504 0.00608434 0.0063895 2.83125 -0.0458475 -1.38879 -0.196182 -0.000180473 0.000585961 1.52456
361.474 0.239577 -0.490244 1.45906 -2.99866 -0.500021 -1.87301 0.211852 -0.495585 1.5018 -2.99977 -0.507172 -1.85916 -0.0277247 -0.00534127 0.0427379 -0.00111064 -0.00715036 0.0138424 0.0512222 0.867278 0.242062 -0.552959 1.26898 -2.99656 -0.502272 -1.8716 0.00248534 -0.0627156 -0.190085 0.00209325 -0.00225112 0.00140603 0.200179 0.216705 1.08054 -1.96394 0.885443 0.00576786 0.00557022 2.83113 -0.0458475 -1.38879 -0.196182 -0.000180473 0.000585961 1.52456
361.795 0.240504 -0.488674 1.45167 -2.99779 -0.500664 -1.87318 0.212278 -0.490991 1.48194 -3.00122 -0.501654 -1.86602 -0.0282257 -0.00231699 0.0302653 -0.00343216 -0.000989346 0.00716377 0.0414493 0.364769 0.242209 -0.548912 1.26014 -2.99529 -0.504012 -1.87206 0.00170455 -0.0602371 -0.191531 0.00249263 -0.0033476 0.00111786 0.200787 0.265408 1.07608 -1.96424 0.878639 0.00518002 0.00472937 2.83106 -0.0458475 -1.38879 -0.196182 -0.000180473 0.000585961 1.52456
362.116 0.241116 -0.486801 1.44454 -2.99677 -0.50123 -1.87328 0.215152 -0.493012 1.4841 -3.00465 -0.528225 -1.86612 -0.0259635 -0.00621063 0.0395576 -0.00788753 -0.0269957 0.00716215 0.0477229 1.60693 0.244131 -0.546684 1.25276 -2.99381 -0.506017 -1.87264 0.00301564 -0.0598827 -0.191778 0.00295854 -0.00478778 0.000634661 0.200932 0.333378 1.07151 -1.96431 0.872215 0.00438989 0.00392324 2.83106 -0.0458475 -1.38879 -0.196182 -0.000180473 0.000585961 1.52456
362.427 0.242055 -0.483187 1.43567 -2.99553 -0.502463 -1.8734 0.214761 -0.489781 1.47241 -2.98919 -0.513082 -1.88759 -0.0272939 -0.00659395 0.0367412 0.00634169 -0.0106194 -0.014188 0.0462423 0.935864 0.244807 -0.545022 1.245 -2.99277 -0.508103 -1.87308 0.00275182 -0.0618357 -0.190663 0.00276121 -0.00564092 0.000316485 0.200458 0.363695 1.06529 -1.96412 0.864294 0.00357641 0.00242336 2.83113 -0.0458475 -1.38879 -0.196182 -0.000180473 0.000585961 1.52456
362.773 0.243351 -0.479165 1.42958 -2.99501 -0.504271 -1.87359 0.215611 -0.487417 1.46528 -3.00829 -0.522398 -1.87202 -0.0277408 -0.00825193 0.035697 -0.0132844 -0.0181273 0.00157595 0.0459557 1.26424 0.246296 -0.543688 1.24031 -2.99351 -0.51076 -1.87336 0.00294473 -0.0645231 -0.18927 0.00150227 -0.00648879 0.000236867 0.199988 0.383595 1.06058 -1.96379 0.858739 0.0036344 0.000558451 2.83122 -0.0458475 -1.38879 -0.196182 -0.000180473 0.000585961 1.52456
363.142 0.244818 -0.474492 1.42385 -2.99461 -0.506495 -1.87382 0.217717 -0.484405 1.46197 -2.99386 -0.512045 -1.87056 -0.0271004 -0.00991312 0.0381269 0.000749597 -0.00554989 0.00326053 0.0478159 0.381549 0.249401 -0.544613 1.23771 -2.99425 -0.512907 -1.87338 0.004583 -0.0701206 -0.186132 0.00036394 -0.00641204 0.000441439 0.198955 0.369035 1.05588 -1.96334 0.853459 0.00394024 -0.00166623 2.83135 -0.0458475 -1.38879 -0.196182 -0.000180473 0.000585961 1.52456
363.473 0.246377 -0.46801 1.41673 -2.99386 -0.509488 -1.87407 0.219903 -0.480332 1.4593 -2.98215 -0.501461 -1.86803 -0.0264743 -0.0123226 0.0425748 0.0117085 0.00802667 0.00604278 0.051627 1.00327 0.253914 -0.544819 1.23439 -2.9943 -0.515287 -1.87339 0.00753676 -0.0768093 -0.182335 -0.000434386 -0.00579935 0.000679594 0.197997 0.33455 1.04979 -1.96257 0.846876 0.0041138 -0.00471972 2.83157 -0.0458475 -1.38879 -0.196182 -0.000180473 0.000585961 1.52456
363.83 0.247188 -0.463772 1.41156 -2.99324 -0.511272 -1.87415 0.218754 -0.468141 1.43547 -3.00296 -0.534783 -1.86124 -0.0284337 -0.00436884 0.0239087 -0.00971675 -0.0235107 0.0129058 0.0374058 1.50324 0.256284 -0.545169 1.23183 -2.99426 -0.516224 -1.87329 0.00909642 -0.0813971 -0.179733 -0.00101962 -0.00495126 0.000855598 0.197515 0.289391 1.04545 -1.9619 0.84227 0.0040163 -0.00658442 2.83177 -0.0458475 -1.38879 -0.196182 -0.000180473 0.000585961 1.52456
364.169 0.2477 -0.460415 1.40647 -2.99265 -0.512481 -1.87409 0.221792 -0.468009 1.44282 -2.98582 -0.526855 -1.87526 -0.0259078 -0.00759443 0.0363517 0.0068288 -0.0143744 -0.00116582 0.0452806 0.900051 0.257939 -0.546669 1.22956 -2.99442 -0.516214 -1.873 0.0102398 -0.0862539 -0.176911 -0.00177459 -0.00373321 0.00109433 0.197084 0.23239 1.04138 -1.96116 0.837935 0.00372561 -0.00789395 2.832 -0.0458475 -1.38879 -0.196182 -0.000180473 0.000585961 1.52456
364.503 0.248031 -0.458056 1.40144 -2.99219 -0.513091 -1.8739 0.218976 -0.457077 1.41663 -2.99301 -0.546241 -1.8677 -0.0290552 0.000979236 0.0151917 -0.000815795 -0.03315 0.00620045 0.0328017 1.92844 0.258986 -0.54801 1.2267 -2.99443 -0.515564 -1.87262 0.0109548 -0.0899533 -0.174743 -0.00223337 -0.00247254 0.00127398 0.196842 0.181308 1.03761 -1.96039 0.833864 0.00334288 -0.00859599 2.83226 -0.0458475 -1.38879 -0.196182 -0.000180473 0.000585961 1.52456
364.844 0.248307 -0.455906 1.39505 -2.99175 -0.513377 -1.87351 0.224025 -0.463571 1.44081 -2.98424 -0.502515 -1.87329 -0.0242824 -0.00766504 0.0457567 0.00751605 0.010862 0.000221706 0.0523647 0.760533 0.262269 -0.550401 1.22303 -2.99432 -0.514438 -1.87219 0.0139615 -0.0944959 -0.172023 -0.00256654 -0.00106056 0.00132939 0.196765 0.142653 1.03308 -1.95935 0.828868 0.00279916 -0.00898381 2.83263 -0.0458475 -1.38879 -0.196182 -0.000180473 0.000585961 1.52456
365.162 0.248331 -0.452665 1.39382 -2.99135 -0.513562 -1.87322 0.221205 -0.455275 1.4149 -2.99201 -0.521524 -1.8657 -0.0271253 -0.00260978 0.0210771 -0.000651701 -0.00796227 0.00752192 0.0344505 0.61612 0.26551 -0.552596 1.22495 -2.99471 -0.513733 -1.87193 0.0171793 -0.0999304 -0.16887 -0.00335577 -0.000170865 0.00128716 0.196972 0.170174 1.0301 -1.95858 0.829013 0.00230993 -0.00926482 2.83292 -0.0458475 -1.38879 -0.196182 -0.000180473 0.000585961 1.52456
365.498 0.248149 -0.446028 1.39845 -2.99073 -0.514019 -1.87298 0.22287 -0.454877 1.42141 -2.97493 -0.513882 -1.87944 -0.0252785 -0.00884902 0.0229541 0.0157967 0.000137268 -0.00645899 0.0352732 0.791794 0.26604 -0.550149 1.23207 -2.99496 -0.51361 -1.87177 0.0178909 -0.104121 -0.166384 -0.00422417 0.000409285 0.00121306 0.197091 0.218503 1.0275 -1.95783 0.835528 0.00170452 -0.00986344 2.8332 -0.0458475 -1.38879 -0.196182 -0.000180473 0.000585961 1.52456
365.808 0.248315 -0.437115 1.40718 -2.99042 -0.514815 -1.87282 0.22123 -0.445445 1.41507 -2.99133 -0.526023 -1.8658 -0.0270854 -0.00833051 0.00788891 -0.000912746 -0.0112076 0.00702289 0.0294152 0.745461 0.265263 -0.540716 1.24599 -2.99515 -0.514237 -1.87181 0.0169476 -0.103602 -0.161194 -0.00472467 0.000577922 0.00100893 0.192364 0.250229 1.02462 -1.95693 0.850912 0.00161237 -0.0110095 2.83354 -0.0458475 -1.38879 -0.196182 -0.000180473 0.000585961 1.52456
366.119 0.249304 -0.423517 1.42267 -2.99078 -0.516181 -1.87271 0.224624 -0.441562 1.44496 -2.99779 -0.524172 -1.87437 -0.02468 -0.0180445 0.0222899 -0.00701144 -0.00799031 -0.00165734 0.0378358 0.646496 0.264313 -0.532347 1.25909 -2.99467 -0.515316 -1.87215 0.0150091 -0.108829 -0.163582 -0.00389702 0.000865147 0.000557504 0.197048 0.214891 1.02291 -1.95633 0.865485 0.00216335 -0.0119174 2.83375 -0.0458475 -1.38879 -0.196182 -0.000180473 0.000585961 1.52456
366.448 0.250224 -0.413075 1.43591 -2.99133 -0.517121 -1.87266 0.222096 -0.426418 1.44495 -2.99544 -0.530897 -1.87557 -0.0281282 -0.0133432 0.00903955 -0.00410507 -0.0137764 -0.00291091 0.0324184 0.863208 0.263444 -0.521839 1.27229 -2.99391 -0.51676 -1.87249 0.01322 -0.108764 -0.163619 -0.00258135 0.000361171 0.000173347 0.196915 0.14537 1.02162 -1.9558 0.881473 0.00291703 -0.0126708 2.83392 -0.0458475 -1.38879 -0.196182 -0.000180473 0.000585961 1.52456
366.729 0.250913 -0.399745 1.45466 -2.99186 -0.517903 -1.87258 0.224052 -0.414073 1.46161 -2.9901 -0.516796 -1.86757 -0.0268607 -0.014328 0.00694776 0.00176154 0.00110774 0.00501232 0.031226 0.353878 0.263887 -0.508061 1.29077 -2.99221 -0.518886 -1.87301 0.0129743 -0.108316 -0.163889 -0.000350705 -0.000982939 -0.000429966 0.196876 0.068528 1.02058 -1.95514 0.903821 0.00358598 -0.0132824 2.8341 -0.0458475 -1.38879 -0.196182 -0.000180473 0.000585961 1.52456
367.044 0.250381 -0.390536 1.46918 -2.99159 -0.517918 -1.87247 0.22516 -0.4048 1.48147 -2.98814 -0.527806 -1.86075 -0.0252207 -0.0142636 0.0122891 0.00344253 -0.00988878 0.0117187 0.0314731 0.971161 0.263907 -0.498415 1.3049 -2.98974 -0.520503 -1.87364 0.0135259 -0.107878 -0.164278 0.00185067 -0.00258549 -0.00116727 0.196997 0.174713 1.02034 -1.95468 0.920837 0.0032669 -0.0133668 2.8342 -0.0458475 -1.38879 -0.196182 -0.000180473 0.000585961 1.52456
367.369 0.248946 -0.382077 1.48395 -2.99075 -0.517464 -1.8723 0.222996 -0.390736 1.48456 -2.99974 -0.547271 -1.86345 -0.0259503 -0.008659 0.000605578 -0.0089887 -0.0298071 0.00884459 0.0273635 1.78158 0.262666 -0.489035 1.31927 -2.98763 -0.521169 -1.87397 0.0137202 -0.106958 -0.164679 0.00312196 -0.00370457 -0.00167787 0.196843 0.262443 1.02054 -1.95425 0.937891 0.0022556 -0.0131497 2.8343 -0.0458475 -1.38879 -0.196182 -0.000180473 0.000585961 1.52456
367.676 0.24574 -0.372088 1.50393 -2.98886 -0.516115 -1.87195 0.222905 -0.383505 1.50985 -2.97479 -0.5191 -1.8707 -0.0228343 -0.011417 0.00592108 0.0140663 -0.00298524 0.00124973 0.0262071 0.860938 0.261176 -0.478447 1.33867 -2.9845 -0.521172 -1.87407 0.0154369 -0.106359 -0.165264 0.00435518 -0.00505713 -0.00211662 0.197137 0.361536 1.02148 -1.95379 0.960608 -9.3108e-05 -0.01235 2.83442 -0.0458475 -1.38879 -0.196182 -0.000180473 0.000585961 1.52456
367.975 0.243112 -0.364768 1.51918 -2.98724 -0.515239 -1.87172 0.21805 -0.371764 1.51304 -2.98569 -0.537613 -1.87463 -0.0250621 -0.00699614 -0.0061422 0.00154957 -0.022374 -0.00290295 0.0267354 1.28998 0.259621 -0.472388 1.35496 -2.98237 -0.520919 -1.87393 0.0165088 -0.10762 -0.164222 0.00487103 -0.00568032 -0.00221024 0.197037 0.406382 1.02261 -1.9536 0.977549 -0.00199506 -0.0119301 2.83451 -0.0458475 -1.38879 -0.196182 -0.000180473 0.000585961 1.52456
368.299 0.240971 -0.357104 1.53458 -2.98583 -0.514969 -1.8716 0.218903 -0.369514 1.55667 -2.99549 -0.536132 -1.86034 -0.0220679 -0.0124097 0.0220929 -0.00966607 -0.0211633 0.0112603 0.0336019 1.35451 0.259263 -0.465907 1.37109 -2.98092 -0.520827 -1.87385 0.018292 -0.108803 -0.163484 0.00491214 -0.00585806 -0.00225139 0.19723 0.414959 1.02409 -1.9536 0.994257 -0.00349509 -0.012037 2.83459 -0.0458475 -1.38879 -0.196182 -0.000180473 0.000585961 1.52456
368.619 0.239759 -0.349759 1.54971 -2.98503 -0.515051 -1.87153 0.215227 -0.357657 1.56431 -2.97071 -0.531322 -1.87787 -0.0245319 -0.00789827 0.0146012 0.0143185 -0.0162715 -0.00634034 0.0296208 1.17303 0.258888 -0.459548 1.38708 -2.98053 -0.520841 -1.87377 0.0191288 -0.10979 -0.162632 0.00449424 -0.00578997 -0.00223044 0.197152 0.400563 1.02588 -1.95384 1.01072 -0.00428579 -0.0123245 2.83467 -0.0458475 -1.38879 -0.196182 -0.000180473 0.000585961 1.52456
368.942 0.239657 -0.34097 1.57005 -2.98508 -0.515193 -1.87146 0.213107 -0.350016 1.57925 -3.00256 -0.5349 -1.85553 -0.0265505 -0.00904564 0.00919712 -0.0174873 -0.0197072 0.0159287 0.0295185 1.48147 0.259337 -0.449967 1.40643 -2.98172 -0.520471 -1.87356 0.0196793 -0.108997 -0.163614 0.00335458 -0.0052787 -0.00210286 0.197578 0.34605 1.02876 -1.95458 1.03236 -0.00423386 -0.0124432 2.83476 -0.0458475 -1.38879 -0.196182 -0.000180473 0.000585961 1.52456
369.248 0.24021 -0.335781 1.58496 -2.98563 -0.514915 -1.87134 0.216653 -0.347839 1.6208 -2.97061 -0.502465 -1.87918 -0.023557 -0.012058 0.0358385 0.0150167 0.0124496 -0.00783419 0.0445502 1.03665 0.259065 -0.443329 1.42074 -2.98322 -0.519489 -1.87327 0.0188548 -0.107548 -0.16422 0.00240441 -0.00457403 -0.00192895 0.197206 0.29074 1.03129 -1.95544 1.0484 -0.00383071 -0.0120357 2.83481 -0.0458475 -1.38879 -0.196182 -0.000180473 0.000585961 1.52456
369.588 0.240947 -0.331785 1.59973 -2.98636 -0.514196 -1.87116 0.213779 -0.336181 1.61571 -3.0081 -0.534451 -1.866 -0.0271686 -0.00439647 0.0159817 -0.0217439 -0.020255 0.00515525 0.0318258 1.61786 0.258801 -0.437389 1.43434 -2.98428 -0.518309 -1.8731 0.0178535 -0.105604 -0.165386 0.0020791 -0.0041126 -0.00194476 0.197037 0.262443 1.03412 -1.95656 1.06429 -0.00340097 -0.0111603 2.83485 -0.0458475 -1.38879 -0.196182 -0.000180473 0.000585961 1.52456
369.883 0.241521 -0.328641 1.61447 -2.98696 -0.513141 -1.87093 0.21681 -0.335193 1.64921 -2.98452 -0.53053 -1.87419 -0.0247105 -0.00655194 0.034739 0.00243603 -0.0173887 -0.00326753 0.0431316 1.01066 0.258049 -0.432134 1.44781 -2.98449 -0.516673 -1.87287 0.0165283 -0.103493 -0.166658 0.00246814 -0.00353179 -0.00194292 0.196873 0.240663 1.03723 -1.9579 1.08 -0.00320953 -0.00999866 2.83489 -0.0458475 -1.38879 -0.196182 -0.000180473 0.000585961 1.52456
370.174 0.24173 -0.325563 1.63408 -2.98732 -0.511245 -1.87054 0.217407 -0.33065 1.65907 -2.97451 -0.501342 -1.89052 -0.0243234 -0.00508669 0.0249877 0.0128043 0.00990253 -0.0199817 0.0352404 1.16466 0.25612 -0.42699 1.4662 -2.98393 -0.514428 -1.87211 0.0143903 -0.101428 -0.167884 0.00338521 -0.0031827 -0.00156808 0.196672 0.24866 1.04173 -1.95999 1.10069 -0.00354052 -0.00809411 2.83493 -0.0458475 -1.38879 -0.196182 -0.000180473 0.000585961 1.52456
370.514 0.241637 -0.323369 1.64887 -2.98725 -0.50987 -1.87027 0.213775 -0.321999 1.648 -2.97987 -0.536924 -1.87611 -0.0278613 0.00137008 -0.00086663 0.00738251 -0.0270539 -0.00584219 0.0279084 1.59765 0.255506 -0.422338 1.47955 -2.98318 -0.512762 -1.87155 0.0138697 -0.0989693 -0.169325 0.00407848 -0.00289226 -0.00128706 0.196617 0.265408 1.04531 -1.96178 1.11601 -0.00409028 -0.0067968 2.83496 -0.0458475 -1.38879 -0.196182 -0.000180473 0.000585961 1.52456
370.838 0.241689 -0.320064 1.66881 -2.98701 -0.508421 -1.86998 0.214888 -0.321829 1.67344 -2.97887 -0.543804 -1.86818 -0.0268003 -0.00176495 0.004626 0.00814211 -0.0353832 0.00179696 0.0272538 2.09443 0.256637 -0.416516 1.49784 -2.98222 -0.510764 -1.87089 0.0149482 -0.0964524 -0.170971 0.00478923 -0.00234301 -0.000909968 0.196869 0.286674 1.05024 -1.96447 1.13633 -0.00484157 -0.00547421 2.83499 -0.0458475 -1.38879 -0.196182 -0.000180473 0.000585961 1.52456
371.115 0.241815 -0.317055 1.6841 -2.98664 -0.507654 -1.86983 0.218124 -0.322843 1.71003 -2.96867 -0.519164 -1.87597 -0.0236909 -0.00578752 0.0259295 0.0179708 -0.0115099 -0.0061405 0.0355962 1.12396 0.254565 -0.412154 1.51253 -2.98206 -0.509369 -1.8705 0.0127505 -0.0950993 -0.17157 0.00458275 -0.00171473 -0.000676784 0.196578 0.265408 1.05402 -1.96673 1.15169 -0.00546673 -0.00483643 2.83501 -0.0458475 -1.38879 -0.196182 -0.000180473 0.000585961 1.52456
371.447 0.242224 -0.313896 1.6996 -2.98632 -0.507011 -1.86971 0.215117 -0.31684 1.70987 -2.96672 -0.521543 -1.87709 -0.0271069 -0.00294336 0.0102782 0.019603 -0.0145326 -0.00738459 0.0291391 1.29089 0.252492 -0.407703 1.52727 -2.98206 -0.508264 -1.8703 0.0102686 -0.093807 -0.172322 0.00425652 -0.00125341 -0.000593898 0.196469 0.240663 1.05783 -1.96919 1.1672 -0.00600155 -0.00430409 2.83501 -0.0458475 -1.38879 -0.196182 -0.000180473 0.000585961 1.52456
371.762 0.243227 -0.310836 1.71523 -2.9863 -0.506398 -1.86961 0.217016 -0.31619 1.74356 -3.00306 -0.523899 -1.8695 -0.0262112 -0.00535423 0.0283296 -0.0167653 -0.0175008 0.00010897 0.0389649 1.38649 0.251621 -0.403705 1.54235 -2.98232 -0.506615 -1.87004 0.0083942 -0.0928691 -0.172881 0.00397882 -0.000216842 -0.00043412 0.196425 0.216705 1.06165 -1.97188 1.1829 -0.00623239 -0.00372527 2.83501 -0.0458475 -1.38879 -0.196182 -0.000180473 0.000585961 1.52456
372.064 0.245851 -0.307027 1.73625 -2.98698 -0.505605 -1.86949 0.214729 -0.307416 1.73691 -2.96435 -0.53283 -1.86937 -0.0311223 -0.000389404 0.000657736 0.0226361 -0.0272258 0.000127925 0.0311317 2.03105 0.252286 -0.398157 1.56199 -2.98329 -0.504774 -1.86975 0.00643479 -0.0911304 -0.17426 0.00369632 0.000831 -0.000255044 0.196755 0.211218 1.0667 -1.97581 1.20422 -0.00582548 -0.00278969 2.83498 -0.0458475 -1.38879 -0.196182 -0.000180473 0.000585961 1.52456
372.361 0.248524 -0.304358 1.75208 -2.98786 -0.504985 -1.86942 0.219155 -0.306446 1.76652 -2.98037 -0.519428 -1.85934 -0.0293698 -0.0020883 0.014444 0.00748443 -0.014443 0.0100764 0.032796 1.20203 0.251158 -0.395627 1.5783 -2.98455 -0.503839 -1.8696 0.00263387 -0.0912697 -0.173782 0.00330684 0.00114558 -0.00018445 0.196309 0.195835 1.07043 -1.97899 1.22044 -0.00517371 -0.00196978 2.83495 -0.0458475 -1.38879 -0.196182 -0.000180473 0.000585961 1.52456
373.242 0.259573 -0.296586 1.80546 -2.99168 -0.502174 -1.86913 0.227846 -0.296752 1.81113 -2.97431 -0.535859 -1.86858 -0.0317272 -0.000165847 0.00567469 0.0173731 -0.0336858 0.000545075 0.0322311 2.17888 0.254119 -0.384893 1.62992 -2.98883 -0.4987 -1.869 -0.005454 -0.0883072 -0.175539 0.00284563 0.00347401 0.00012687 0.196575 0.259443 1.08222 -1.99053 1.27569 -0.00234772 0.00169757 2.83478 -0.0458475 -1.38879 -0.196182 -0.000180473 0.000585961 1.52456
373.548 0.26257 -0.294186 1.82152 -2.99249 -0.501136 -1.86903 0.232723 -0.295582 1.84355 -2.99126 -0.521547 -1.85827 -0.0298471 -0.00139638 0.0220325 0.00122186 -0.0204108 0.0107625 0.0371245 1.33969 0.255769 -0.381097 1.64519 -2.98906 -0.496587 -1.86892 -0.00680123 -0.0869117 -0.176326 0.00342478 0.0045489 0.000111038 0.196699 0.328649 1.08545 -1.99411 1.29242 -0.00188113 0.00289725 2.83471 -0.0458475 -1.38879 -0.196182 -0.000180473 0.000585961 1.52456
373.873 0.265134 -0.291342 1.83756 -2.99292 -0.500162 -1.86895 0.240993 -0.298976 1.89618 -3.02345 -0.484208 -1.86703 -0.0241408 -0.00763401 0.0586246 -0.0305253 0.0159539 0.0019225 0.0638585 1.92986 0.25844 -0.377533 1.66085 -2.98891 -0.495114 -1.86891 -0.00669395 -0.0861906 -0.176707 0.00401737 0.00504847 4.30146e-05 0.19672 0.370094 1.08847 -1.99769 1.30912 -0.00174481 0.00394128 2.83463 -0.0458475 -1.38879 -0.196182 -0.000180473 0.000585961 1.52456
374.202 0.267787 -0.285937 1.85914 -2.99275 -0.499363 -1.86896 0.24074 -0.292879 1.89409 -3.00402 -0.510833 -1.86763 -0.0270462 -0.00694205 0.0349577 -0.0112745 -0.0114707 0.00133523 0.0447407 0.89831 0.260397 -0.371998 1.68221 -2.98791 -0.494113 -1.86892 -0.00738931 -0.086061 -0.176922 0.00483401 0.00524917 4.35649e-05 0.196882 0.409261 1.09212 -2.00241 1.33134 -0.00211429 0.00465916 2.83451 -0.0458475 -1.38879 -0.196182 -0.000180473 0.000585961 1.52456
374.516 0.269389 -0.281288 1.87525 -2.99228 -0.498862 -1.86901 0.240565 -0.285232 1.89262 -2.98481 -0.537556 -1.86838 -0.0288236 -0.00394414 0.0173744 0.00747694 -0.0386938 0.00062827 0.0338855 2.26175 0.261243 -0.366157 1.69777 -2.98707 -0.49333 -1.86883 -0.00814583 -0.0848694 -0.177472 0.00521628 0.0055316 0.000173417 0.196889 0.438795 1.09456 -2.00593 1.34795 -0.00266585 0.00501821 2.83439 -0.0458475 -1.38879 -0.196182 -0.000180473 0.000585961 1.52456
374.834 0.271012 -0.276702 1.89103 -2.99184 -0.498261 -1.86906 0.240747 -0.278001 1.89415 -3.00186 -0.517461 -1.86813 -0.0302643 -0.00129928 0.00311917 -0.0100243 -0.0192001 0.000935573 0.0304523 1.23003 0.261599 -0.360111 1.71273 -2.98666 -0.49239 -1.8687 -0.00941229 -0.0834092 -0.178307 0.00517809 0.00587119 0.000362259 0.197076 0.455425 1.0967 -2.00944 1.36438 -0.00322511 0.00547654 2.83425 -0.0458475 -1.38879 -0.196182 -0.000180473 0.000585961 1.52456
375.172 0.273266 -0.270265 1.91152 -2.9912 -0.497542 -1.86918 0.248698 -0.278512 1.95632 -2.99565 -0.488095 -1.84581 -0.0245679 -0.00824691 0.0448032 -0.00445178 0.00944686 0.0233759 0.0517582 1.35219 0.263668 -0.352922 1.73279 -2.98631 -0.490715 -1.8685 -0.0095983 -0.0826567 -0.178735 0.0048915 0.00682648 0.000684683 0.197156 0.493372 1.09909 -2.01412 1.38584 -0.00396405 0.00599879 2.83403 -0.0458475 -1.38879 -0.196182 -0.000180473 0.000585961 1.52456
375.503 0.275042 -0.264869 1.92649 -2.99063 -0.49721 -1.86933 0.249568 -0.271831 1.96358 -3.02155 -0.510096 -1.8472 -0.0254733 -0.00696254 0.0370866 -0.030918 -0.0128865 0.02213 0.0455278 1.76702 0.26415 -0.347805 1.74791 -2.98607 -0.489289 -1.86836 -0.0108921 -0.082936 -0.178586 0.00455721 0.00792084 0.000974642 0.197205 0.539592 1.10049 -2.01766 1.4016 -0.00452443 0.00616851 2.83385 -0.0458475 -1.38879 -0.196182 -0.000180473 0.000585961 1.52456
375.802 0.277261 -0.259301 1.94099 -2.99024 -0.496977 -1.86951 0.250419 -0.266732 1.97675 -2.99082 -0.495374 -1.86639 -0.026842 -0.00743171 0.0357604 -0.000578661 0.00160343 0.00312618 0.0453269 0.189746 0.265437 -0.343052 1.76287 -2.98575 -0.48819 -1.86831 -0.0118242 -0.0837513 -0.178124 0.00448968 0.00878687 0.00120009 0.197186 0.584168 1.10156 -2.02123 1.41701 -0.00486837 0.00628983 2.83366 -0.0458475 -1.38879 -0.196182 -0.000180473 0.000585961 1.52456
376.153 0.280029 -0.253584 1.95501 -2.99009 -0.496843 -1.86972 0.252752 -0.257818 1.988 -2.95853 -0.483599 -1.88523 -0.0272768 -0.00423416 0.0329878 0.0315612 0.0132442 -0.0155136 0.0430134 1.76702 0.267553 -0.338403 1.77748 -2.98554 -0.487539 -1.86833 -0.0124761 -0.0848184 -0.177526 0.00455255 0.00930458 0.0013843 0.197143 0.614849 1.10227 -2.02484 1.4321 -0.00495144 0.00637661 2.83346 -0.0458475 -1.38879 -0.196182 -0.000180473 0.000585961 1.52456
376.466 0.284981 -0.245521 1.97308 -2.99045 -0.496938 -1.87004 0.257541 -0.253031 2.01212 -2.98868 -0.509648 -1.85597 -0.0274401 -0.00751066 0.0390386 0.00176735 -0.0127097 0.0140729 0.0483051 1.12674 0.27148 -0.332376 1.79644 -2.98647 -0.486959 -1.86838 -0.0135006 -0.0868557 -0.176644 0.00397896 0.00997865 0.00165972 0.197305 0.63919 1.10266 -2.02972 1.45191 -0.00441919 0.00637775 2.83319 -0.0458475 -1.38879 -0.196182 -0.000180473 0.000585961 1.52456
376.76 0.289448 -0.238927 1.98635 -2.99101 -0.497237 -1.87032 0.259921 -0.245612 2.0235 -2.95672 -0.496841 -1.87513 -0.0295275 -0.0066859 0.0371584 0.0342894 0.000396047 -0.00481026 0.0479304 1.84928 0.27607 -0.327274 1.81084 -2.98768 -0.486922 -1.8685 -0.0133787 -0.0883477 -0.175503 0.00333048 0.0103148 0.00181899 0.196941 0.644677 1.10254 -2.03341 1.4667 -0.00366245 0.00623672 2.833 -0.0458475 -1.38879 -0.196182 -0.000180473 0.000585961 1.52456
377.06 0.295584 -0.228788 2.00405 -2.99162 -0.498004 -1.87074 0.264691 -0.237048 2.03341 -2.98463 -0.519842 -1.87635 -0.0308923 -0.00825941 0.0293518 0.00698969 -0.0218374 -0.00560692 0.043406 1.30536 0.281704 -0.318883 1.82909 -2.98926 -0.487456 -1.86865 -0.0138801 -0.0900951 -0.174961 0.00235555 0.0105484 0.00209153 0.197284 0.642853 1.10184 -2.03832 1.4866 -0.0026701 0.00566134 2.83276 -0.0458475 -1.38879 -0.196182 -0.000180473 0.000585961 1.52456
377.39 0.300271 -0.22057 2.01743 -2.99204 -0.49863 -1.87104 0.273417 -0.23081 2.06544 -2.97748 -0.481854 -1.86252 -0.0268543 -0.0102394 0.0480011 0.014563 0.0167767 0.00851486 0.0559473 1.49724 0.284687 -0.310682 1.84295 -2.99056 -0.48834 -1.86871 -0.0155839 -0.0901114 -0.174487 0.00148554 0.010291 0.0023253 0.196999 0.619288 1.10095 -2.04197 1.50185 -0.00195198 0.00517274 2.83259 -0.0458475 -1.38879 -0.196182 -0.000180473 0.000585961 1.52456
377.706 0.305351 -0.212865 2.03066 -2.99279 -0.498918 -1.87127 0.281798 -0.224463 2.10795 -2.99919 -0.460849 -1.8508 -0.0235532 -0.0115977 0.077297 -0.00639349 0.0380691 0.0204635 0.0816338 2.42269 0.287707 -0.303093 1.85626 -2.99203 -0.489456 -1.86883 -0.0176446 -0.090228 -0.174396 0.000762572 0.00946208 0.00243646 0.197145 0.566482 1.09975 -2.04556 1.51731 -0.00104109 0.00509234 2.83244 -0.0458475 -1.38879 -0.196182 -0.000180473 0.000585961 1.52456
377.995 0.312469 -0.203084 2.04802 -2.99411 -0.498913 -1.87149 0.285201 -0.214148 2.10583 -2.98017 -0.495722 -1.84982 -0.0272679 -0.0110639 0.057807 0.0139354 0.00319131 0.021673 0.064866 1.7774 0.292511 -0.293263 1.8723 -2.99362 -0.490746 -1.86904 -0.0199581 -0.0901783 -0.175719 0.000492155 0.00816644 0.00244988 0.198514 0.493372 1.09771 -2.05019 1.53806 0.000339707 0.00543952 2.83225 -0.0458475 -1.38879 -0.196182 -0.000180473 0.000585961 1.52456
378.312 0.31743 -0.195548 2.06087 -2.99492 -0.498798 -1.87164 0.2915 -0.207447 2.13188 -2.99566 -0.470607 -1.87146 -0.02593 -0.0118987 0.0710081 -0.000737274 0.0281908 0.000178656 0.0765251 1.61568 0.295969 -0.284244 1.88564 -2.9941 -0.491898 -1.86937 -0.021461 -0.0886954 -0.175224 0.00082063 0.00689975 0.0022636 0.197563 0.425206 1.09583 -2.0535 1.5536 0.00116282 0.00576007 2.83212 -0.0458475 -1.38879 -0.196182 -0.000180473 0.000585961 1.52456
378.632 0.321822 -0.187403 2.07357 -2.9954 -0.498757 -1.87179 0.295317 -0.196338 2.13256 -2.9968 -0.475087 -1.87071 -0.026505 -0.00893473 0.0589952 -0.0014065 0.0236694 0.00108064 0.06529 1.35826 0.299676 -0.275846 1.89823 -2.99398 -0.49281 -1.86973 -0.022146 -0.0884427 -0.175337 0.0014165 0.00594697 0.0020625 0.197625 0.381549 1.09366 -2.05663 1.56905 0.00169038 0.00592393 2.83198 -0.0458475 -1.38879 -0.196182 -0.000180473 0.000585961 1.52456
378.947 0.325955 -0.178384 2.0861 -2.99568 -0.498955 -1.87198 0.299938 -0.187642 2.13926 -3.00521 -0.531343 -1.87232 -0.0260165 -0.00925761 0.0531541 -0.00952382 -0.0323882 -0.000341449 0.0598993 1.93715 0.303274 -0.265712 1.91013 -2.99349 -0.49389 -1.86998 -0.0226809 -0.0873282 -0.175978 0.00219342 0.00506521 0.00199417 0.19776 0.356083 1.09118 -2.05956 1.58437 0.00211079 0.0058094 2.83185 -0.0458475 -1.38879 -0.196182 -0.000180473 0.000585961 1.52456
379.256 0.330737 -0.165183 2.1026 -2.99569 -0.499496 -1.8726 0.30377 -0.176487 2.13995 -3.0064 -0.536029 -1.87153 -0.0269666 -0.0113037 0.0373433 -0.0107175 -0.0365324 0.00107021 0.0474289 2.17367 0.309163 -0.251651 1.92596 -2.99284 -0.495232 -1.87058 -0.0215735 -0.0864677 -0.176643 0.00284767 0.00426431 0.00202497 0.197851 0.343781 1.08739 -2.0631 1.60474 0.00256557 0.0052945 2.83138 -0.0458475 -1.38879 -0.196182 -0.000180473 0.000585961 1.52456
380.478 0.323017 -0.117949 2.15493 -2.98564 -0.500884 -1.89217 0.307444 -0.128929 2.20669 -3.0159 -0.53667 -1.8862 -0.0155726 -0.0109802 0.0517625 -0.0302638 -0.0357864 0.0059672 0.0551582 2.59601 0.309258 -0.205681 1.97912 -2.98152 -0.498643 -1.89115 -0.0137589 -0.087732 -0.175815 0.00411838 0.00224046 0.00101095 0.19697 0.297394 1.07132 -2.0713 1.66862 0.00297983 0.0013172 2.81462 -0.0458475 -1.38879 -0.196182 -0.000180473 0.000585961 1.52456
380.79 0.318573 -0.104304 2.1663 -2.98191 -0.501691 -1.89717 0.301257 -0.116562 2.21007 -2.94473 -0.49789 -1.90592 -0.0173162 -0.0122581 0.0437768 0.0371791 0.00380065 -0.00874662 0.0486469 1.95264 0.306093 -0.193872 1.99151 -2.97737 -0.499883 -1.89654 -0.0124805 -0.0895673 -0.174789 0.00454112 0.00180804 0.000634029 0.196798 0.297394 1.0667 -2.07232 1.68274 0.00212341 -0.000478669 2.81041 -0.0458475 -1.38879 -0.196182 -0.000180473 0.000585961 1.52456
381.139 0.314959 -0.0876464 2.17674 -2.97835 -0.502642 -1.90146 0.300937 -0.103276 2.2584 -2.96248 -0.473845 -1.89624 -0.0140213 -0.0156294 0.0816584 0.0158652 0.0287967 0.00522481 0.0843147 1.97318 0.303781 -0.178496 2.00285 -2.97339 -0.502443 -1.90138 -0.0111777 -0.0908499 -0.173892 0.00495669 0.000198199 8.69282e-05 0.196512 0.286674 1.06151 -2.07292 1.6963 0.00144609 -0.00346946 2.80677 -0.0459478 -1.38878 -0.196012 0.000955447 0.000586486 1.52448
381.452 0.309203 -0.0476546 2.18719 -2.97035 -0.513511 -1.90809 0.290948 -0.0831659 2.22023 -2.96791 -0.533422 -1.91313 -0.0182548 -0.0355113 0.033039 0.00243837 -0.0199109 -0.00503193 0.0518253 1.16768 0.300526 -0.13977 2.01367 -2.96456 -0.512786 -1.90784 -0.00867712 -0.0921154 -0.173525 0.00579468 0.000724548 0.000255385 0.196651 0.341497 1.05189 -2.07193 1.71067 -0.000162517 -0.0147429 2.8029 -0.0461656 -1.38879 -0.196213 -0.000384169 0.000586556 1.52451
381.78 0.302043 -0.00436434 2.18936 -2.96144 -0.525077 -1.91299 0.290325 -0.0532187 2.26845 -2.98623 -0.518582 -1.90375 -0.0117174 -0.0488544 0.0790877 -0.0247918 0.00649447 0.00924334 0.0936958 1.29875 0.296468 -0.0998243 2.01771 -2.95183 -0.525428 -1.91287 -0.00557446 -0.0954599 -0.171653 0.00961036 -0.000351499 0.00012355 0.19649 0.554614 1.04121 -2.06885 1.71725 -0.00285226 -0.0282563 2.80079 -0.0461648 -1.38879 -0.196209 -0.000357352 0.000586546 1.52451
382.367 0.290371 0.0690412 2.19119 -2.94813 -0.539123 -1.91924 0.274468 0.0379193 2.26849 -2.97193 -0.556639 -1.91107 -0.0159028 -0.031122 0.0773034 -0.0238025 -0.0175164 0.00816095 0.0848368 1.5562 0.290624 -0.0271817 2.01977 -2.90222 -0.540757 -1.91852 0.000252885 -0.0962229 -0.171418 0.0459061 -0.00163342 0.000716988 0.196578 2.65328 1.01293 -2.05899 1.7354 -0.00765844 -0.0452709 2.7984 -0.0461935 -1.38816 -0.196285 -0.000277964 0.00117641 1.52463
382.697 0.287237 0.0942476 2.19161 -2.94541 -0.542202 -1.92029 0.269534 0.0703489 2.25993 -2.93621 -0.545152 -1.90899 -0.0177025 -0.0238988 0.0683233 0.00920681 -0.00294942 0.0112938 0.0745158 1.03854 0.287838 -0.00138948 2.0198 -2.89126 -0.543802 -1.91865 0.000600679 -0.0956371 -0.171811 0.0541539 -0.00159969 0.00164166 0.196636 3.15381 0.999913 -2.05396 1.74455 -0.00887321 -0.0489989 2.79816 -0.0461932 -1.38816 -0.196271 -0.000264224 0.00109386 1.52463
383.019 0.28502 0.121231 2.19111 -2.94315 -0.545832 -1.92104 0.266568 0.101333 2.26878 -2.96218 -0.584627 -1.91637 -0.0184522 -0.0198986 0.0776731 -0.0190343 -0.0387943 0.00466701 0.0822772 2.42673 0.286074 0.0264082 2.01873 -2.88581 -0.547214 -1.91856 0.00105379 -0.094823 -0.172381 0.0573359 -0.00138188 0.0024745 0.196743 3.36185 0.985991 -2.04825 1.75368 -0.00965478 -0.0531038 2.79829 -0.0461929 -1.38816 -0.196259 -0.000252412 0.00102285 1.52463
383.31 0.282654 0.150625 2.19001 -2.94073 -0.550079 -1.92161 0.261714 0.129603 2.26066 -2.92693 -0.5716 -1.91401 -0.0209405 -0.0210218 0.0706443 0.0137946 -0.0215213 0.00760444 0.0766227 1.64354 0.284247 0.0566016 2.01705 -2.88076 -0.551144 -1.91852 0.0015926 -0.0940234 -0.172965 0.0599682 -0.00106488 0.00309354 0.196875 3.53247 0.971259 -2.04189 1.76305 -0.0104937 -0.0578264 2.79869 -0.0461927 -1.38817 -0.196248 -0.000242246 0.000961789 1.52463
383.647 0.279514 0.191623 2.18809 -2.93765 -0.556038 -1.92219 0.260143 0.165055 2.27246 -2.90145 -0.528413 -1.93407 -0.0193712 -0.0265684 0.0843696 0.0362056 0.0276246 -0.0118874 0.0905503 2.41119 0.282926 0.0994563 2.01341 -2.87244 -0.55688 -1.91845 0.00341169 -0.0921669 -0.174684 0.0652105 -0.000842536 0.00373254 0.197537 3.85387 0.950695 -2.03257 1.77629 -0.01148 -0.0643648 2.79947 -0.0461925 -1.38817 -0.196236 -0.000230871 0.000893454 1.52463
383.96 0.276692 0.224642 2.18599 -2.93511 -0.561025 -1.92268 0.258091 0.198013 2.2637 -2.94376 -0.567774 -1.91591 -0.018601 -0.0266294 0.0777033 -0.00864742 -0.00674935 0.00676431 0.0842195 0.582827 0.281411 0.132162 2.01185 -2.86479 -0.562142 -1.91865 0.00471928 -0.0924802 -0.174139 0.0703153 -0.00111703 0.00402362 0.197229 4.15662 0.934543 -2.02489 1.78651 -0.0122567 -0.0697884 2.80012 -0.0461923 -1.38817 -0.196228 -0.000223723 0.000850502 1.52463
384.243 0.273082 0.259045 2.18323 -2.93224 -0.566267 -1.92329 0.25419 0.237608 2.26423 -2.93763 -0.58706 -1.91944 -0.0188914 -0.0214368 0.0810015 -0.0053918 -0.0207927 0.00384982 0.0858933 1.22013 0.281155 0.164609 2.01034 -2.85848 -0.567246 -1.91961 0.00807351 -0.0944356 -0.172889 0.0737564 -0.000979412 0.00368134 0.197164 4.34316 0.917793 -2.01659 1.79682 -0.0132025 -0.0755522 2.80076 -0.0461922 -1.38817 -0.196222 -0.000217573 0.000813561 1.52463
384.502 0.267623 0.305556 2.17879 -2.9284 -0.573195 -1.92425 0.250648 0.276683 2.26816 -2.96395 -0.566535 -1.91845 -0.016975 -0.0288726 0.0893666 -0.0355485 0.00665915 0.00580118 0.0954367 1.91683 0.277955 0.212709 2.0043 -2.84914 -0.573792 -1.9218 0.0103322 -0.0928465 -0.174495 0.0792567 -0.000597776 0.00245508 0.197929 4.61906 0.894846 -2.0047 1.81086 -0.0144042 -0.0831739 2.80151 -0.046192 -1.38817 -0.196215 -0.000210695 0.00077222 1.52463
385.098 0.258857 0.372986 2.17047 -2.92157 -0.582439 -1.92595 0.242037 0.356867 2.26136 -2.94246 -0.537182 -1.91631 -0.0168202 -0.0161185 0.0908863 -0.0208934 0.0452566 0.00963954 0.0938245 2.78558 0.271503 0.279954 1.9966 -2.83537 -0.582952 -1.92668 0.0126462 -0.093032 -0.173872 0.0862006 -0.000513726 -0.000733441 0.197601 4.91606 0.859624 -1.98524 1.83198 -0.01566 -0.0933129 2.8022 -0.0461894 -1.38812 -0.195934 -0.000202644 0.00254227 1.52463
385.409 0.253675 0.411805 2.1649 -2.91225 -0.586449 -1.927 0.238168 0.396509 2.26221 -2.93641 -0.559344 -1.92001 -0.015507 -0.0152958 0.097307 -0.0241567 0.0271045 0.00698803 0.099715 1.9714 0.268628 0.320439 1.99106 -2.82863 -0.587131 -1.9289 0.0149532 -0.091366 -0.173839 0.0836271 -0.000681999 -0.00190525 0.196956 4.7321 0.836525 -1.97164 1.84664 -0.0157784 -0.0976394 2.8022 -0.0461838 -1.38788 -0.19482 -0.000198516 0.00992089 1.52459
385.745 0.250277 0.437227 2.16105 -2.90028 -0.588245 -1.92735 0.232724 0.428212 2.24717 -2.88532 -0.554408 -1.91821 -0.0175534 -0.00901455 0.0861196 0.0149623 0.0338369 0.00913248 0.0883514 2.29183 0.265882 0.348807 1.98725 -2.82414 -0.589329 -1.93026 0.015605 -0.0884195 -0.1738 0.0761455 -0.00108408 -0.00291089 0.195622 4.27288 0.819798 -1.9613 1.85814 -0.0155282 -0.0996327 2.80188 -0.046219 -1.38745 -0.193064 -3.13592e-05 0.0214653 1.52419
386.062 0.247584 0.460122 2.15739 -2.88474 -0.588249 -1.92563 0.228906 0.45984 2.24831 -2.88005 -0.572314 -1.92176 -0.0186779 -0.000281758 0.090913 0.00468749 0.0159346 0.00386881 0.0928122 1.00988 0.261643 0.372692 1.9862 -2.82171 -0.59087 -1.93129 0.014059 -0.0874303 -0.171193 0.063028 -0.00262121 -0.00565618 0.19274 3.44492 0.803751 -1.9509 1.8701 -0.0149516 -0.101032 2.80129 -0.0464007 -1.38658 -0.190324 0.0017773 0.0380028 1.52233
386.35 0.24479 0.487366 2.15266 -2.86064 -0.583562 -1.91855 0.221636 0.477033 2.2054 -2.87788 -0.58128 -1.93526 -0.0231546 -0.0103328 0.0527362 -0.0172341 0.00228173 -0.0167071 0.058515 1.71714 0.257078 0.401933 1.98631 -2.81929 -0.592244 -1.93287 0.0122874 -0.0854324 -0.166353 0.0413466 -0.00868196 -0.0143192 0.187411 2.092 0.78361 -1.937 1.88656 -0.0138685 -0.102309 2.80006 -0.0468625 -1.3846 -0.184958 0.00917483 0.0667099 1.517
386.66 0.243272 0.505399 2.14908 -2.84183 -0.575421 -1.90848 0.217935 0.497847 2.18705 -2.80848 -0.620429 -1.93847 -0.0253376 -0.00755206 0.0379667 0.0333511 -0.045008 -0.0299861 0.0462655 3.09124 0.25343 0.423137 1.98689 -2.81742 -0.592945 -1.93378 0.0101571 -0.0822612 -0.162185 0.0244117 -0.0175243 -0.0253008 0.182137 1.68214 0.769577 -1.92658 1.89911 -0.0128497 -0.102959 2.79884 -0.0473413 -1.38245 -0.179657 0.0198703 0.0918999 1.51055
386.973 0.241005 0.522612 2.14533 -2.8238 -0.563004 -1.8929 0.21837 0.525491 2.21072 -2.84207 -0.594918 -1.89848 -0.0226358 0.0028793 0.0653865 -0.0182661 -0.0319139 -0.0055789 0.0692536 2.21523 0.24959 0.441676 1.98993 -2.81593 -0.593472 -1.93531 0.00858497 -0.080936 -0.155396 0.0078757 -0.030468 -0.042409 0.17542 2.82064 0.756569 -1.91617 1.91174 -0.0121512 -0.103862 2.79742 -0.0479599 -1.37992 -0.173308 0.0359752 0.119078 1.50124
387.568 0.232677 0.557958 2.13622 -2.78001 -0.517016 -1.84148 0.21153 0.55974 2.18994 -2.85 -0.618161 -1.87873 -0.0211468 0.00178187 0.0537167 -0.0699937 -0.101145 -0.0372494 0.0577568 7.96299 0.236791 0.487124 1.99609 -2.81073 -0.594283 -1.94194 0.00411422 -0.070834 -0.140136 -0.0307166 -0.0772667 -0.100457 0.157075 8.15442 0.730532 -1.89202 1.94147 -0.0113935 -0.106411 2.79363 -0.0503547 -1.37366 -0.154494 0.0932987 0.1908 1.47605
387.849 0.228334 0.569594 2.13266 -2.76067 -0.492026 -1.8199 0.210813 0.587227 2.2211 -2.78921 -0.513882 -1.83608 -0.0175213 0.0176334 0.08843 -0.0285446 -0.0218569 -0.0161875 0.0918575 2.56231 0.229005 0.504817 1.99966 -2.80972 -0.594698 -1.94432 0.00067048 -0.0647768 -0.133003 -0.0490544 -0.102672 -0.124426 0.14794 10.677 0.721406 -1.88185 1.95435 -0.0110862 -0.107088 2.79199 -0.0518592 -1.3711 -0.144818 0.123103 0.221466 1.4692
388.118 0.223079 0.579743 2.12893 -2.73629 -0.458442 -1.79894 0.204018 0.593115 2.18924 -2.74182 -0.522254 -1.83332 -0.0190611 0.0133724 0.0603046 -0.00553057 -0.0638119 -0.0343797 0.0646435 4.23494 0.219691 0.523108 2.00534 -2.81019 -0.594178 -1.94648 -0.00338869 -0.0566345 -0.123598 -0.073897 -0.135736 -0.147535 0.135998 13.6268 0.711307 -1.86861 1.97181 -0.0101726 -0.106663 2.79002 -0.0540822 -1.36784 -0.130578 0.161181 0.256666 1.46781
388.419 0.218902 0.583982 2.12704 -2.71876 -0.435116 -1.79127 0.202281 0.613828 2.22244 -2.74249 -0.483134 -1.81795 -0.0166211 0.0298457 0.0953942 -0.0237339 -0.0480175 -0.0266841 0.101327 3.68748 0.211484 0.535859 2.01272 -2.8119 -0.592748 -1.94775 -0.00741842 -0.0481233 -0.114323 -0.0931386 -0.157632 -0.156484 0.124261 15.4031 0.705324 -1.85894 1.98517 -0.00939339 -0.105557 2.78883 -0.0558479 -1.36564 -0.119068 0.18622 0.277702 1.4733
388.737 0.213526 0.586179 2.12593 -2.70132 -0.414475 -1.79074 0.194038 0.605769 2.17264 -2.69572 -0.446651 -1.811 -0.0194881 0.0195907 0.0467107 0.00559344 -0.0321764 -0.0202539 0.0542722 2.13019 0.204408 0.54646 2.02039 -2.81331 -0.5909 -1.94817 -0.00911808 -0.0397192 -0.105534 -0.111994 -0.176425 -0.157431 0.113129 16.7385 0.700689 -1.8495 1.99888 -0.00897758 -0.104098 2.78797 -0.0576898 -1.36375 -0.106857 0.20727 0.294254 1.48413
389.027 0.206656 0.58684 2.12547 -2.68448 -0.398148 -1.79716 0.189174 0.615301 2.19286 -2.68259 -0.409098 -1.79685 -0.017482 0.0284607 0.0673903 0.00188619 -0.01095 0.000310599 0.0752136 0.637965 0.194969 0.555682 2.02946 -2.81542 -0.588036 -1.94771 -0.0116872 -0.0311587 -0.096013 -0.13094 -0.189888 -0.150551 0.101617 17.6052 0.69736 -1.84028 2.01306 -0.00907218 -0.102484 2.78747 -0.0595272 -1.36222 -0.0940073 0.22238 0.305869 1.49895
389.301 0.19589 0.586578 2.12579 -2.66542 -0.384707 -1.81448 0.181437 0.615039 2.19194 -2.67819 -0.410066 -1.79831 -0.0144524 0.0284612 0.0661523 -0.0127707 -0.0253587 0.0161743 0.0734509 1.72646 0.182649 0.555908 2.0283 -2.81797 -0.584188 -1.94659 -0.0132404 -0.0306695 -0.0974903 -0.152553 -0.199481 -0.132107 0.103055 18.0421 0.694847 -1.82833 2.03281 -0.00964791 -0.100508 2.78736 -0.0619134 -1.36075 -0.0759329 0.232261 0.313438 1.52188
389.629 0.186627 0.58541 2.12674 -2.65448 -0.381733 -1.83215 0.173707 0.614776 2.19101 -2.67376 -0.411005 -1.79977 -0.01292 0.0293662 0.0642752 -0.0192846 -0.0292724 0.0323824 0.0718373 2.42753 0.172072 0.555384 2.02763 -2.8197 -0.581213 -1.94545 -0.0145556 -0.0300262 -0.0991012 -0.165222 -0.19948 -0.113292 0.104568 17.8571 0.694306 -1.81965 2.04832 -0.0104306 -0.0990404 2.78765 -0.0635695 -1.36007 -0.0617492 0.230926 0.313718 1.53888
389.946 0.176685 0.583576 2.12828 -2.64647 -0.384636 -1.85172 0.163315 0.613277 2.19235 -2.64733 -0.365205 -1.81833 -0.0133694 0.0297008 0.0640672 -0.000854702 0.0194305 0.033391 0.0718713 2.19838 0.162872 0.552661 2.02661 -2.82254 -0.577557 -1.9436 -0.0138124 -0.0309154 -0.101676 -0.176066 -0.192921 -0.0918779 0.107166 17.3327 0.694824 -1.81126 2.0644 -0.0113628 -0.0975939 2.78819 -0.065088 -1.35977 -0.0470902 0.222678 0.310683 1.55398
390.232 0.166452 0.581364 2.13018 -2.6415 -0.393263 -1.87171 0.151745 0.612938 2.19115 -2.64088 -0.366446 -1.82027 -0.0147071 0.0315739 0.0609729 0.000622775 0.0268161 0.0514368 0.0702204 3.33542 0.152798 0.551674 2.02827 -2.82467 -0.575165 -1.94202 -0.0136538 -0.0296902 -0.10191 -0.183163 -0.181902 -0.0703071 0.107022 16.5533 0.696308 -1.80318 2.08105 -0.0122912 -0.0962989 2.78889 -0.0664247 -1.35983 -0.0319709 0.208284 0.305108 1.56592
390.572 0.15348 0.578458 2.13314 -2.63956 -0.412547 -1.89642 0.140169 0.613324 2.20663 -2.6787 -0.435748 -1.8835 -0.0133112 0.0348661 0.0734941 -0.0391358 -0.0232009 0.0129185 0.082427 2.44473 0.142626 0.549941 2.03098 -2.82752 -0.573161 -1.94085 -0.0108543 -0.0285164 -0.102152 -0.187958 -0.160614 -0.0444289 0.106612 15.2588 0.699633 -1.79298 2.10405 -0.0130326 -0.0949838 2.78993 -0.0678706 -1.36044 -0.0111067 0.181668 0.295201 1.57582
390.864 0.14454 0.576059 2.13568 -2.64176 -0.431853 -1.91244 0.128799 0.605634 2.19283 -2.62056 -0.436906 -1.90188 -0.0157406 0.0295749 0.0571481 0.0212017 -0.00505307 0.0105642 0.0662445 1.5952 0.136042 0.546558 2.03172 -2.83037 -0.572245 -1.94051 -0.00849805 -0.0295013 -0.103967 -0.188613 -0.140392 -0.0280718 0.108405 14.1639 0.703029 -1.78581 2.12182 -0.0131451 -0.0941249 2.79068 -0.0686008 -1.36121 0.00503408 0.157292 0.286108 1.57841
391.172 0.136282 0.573319 2.13819 -2.64683 -0.454433 -1.92607 0.119016 0.611786 2.22555 -2.65365 -0.428477 -1.90921 -0.0172662 0.0384675 0.0873582 -0.00681703 0.0259563 0.0168632 0.0970017 1.72488 0.129832 0.54553 2.03615 -2.833 -0.571828 -1.93956 -0.00644957 -0.027789 -0.102048 -0.18617 -0.117395 -0.0134929 0.10596 12.9456 0.707113 -1.77906 2.13993 -0.0129104 -0.09335 2.79132 -0.0689665 -1.36219 0.0215752 0.130612 0.275839 1.57731
391.496 0.12569 0.56987 2.14165 -2.65559 -0.486995 -1.94025 0.107196 0.596056 2.18251 -2.59548 -0.467972 -1.94661 -0.0184941 0.0261851 0.04086 0.0601079 0.0190233 -0.0063627 0.0519349 3.46803 0.125102 0.540316 2.04115 -2.83656 -0.57209 -1.93831 -0.000587594 -0.0295544 -0.100503 -0.180972 -0.0850947 0.00193686 0.10476 11.4048 0.713511 -1.77072 2.16445 -0.0124203 -0.0925775 2.79197 -0.0687974 -1.36379 0.0441778 0.0937436 0.261947 1.57177
392.059 0.109836 0.566594 2.14643 -2.663 -0.535091 -1.95588 0.0916659 0.594101 2.20005 -2.62797 -0.511057 -1.94207 -0.0181697 0.027507 0.0536271 0.0350262 0.0240342 0.0138033 0.0629495 2.85211 0.11934 0.530621 2.05374 -2.84229 -0.574957 -1.93617 0.00950495 -0.0359734 -0.0926888 -0.179285 -0.039866 0.019706 0.0998781 9.98855 0.724853 -1.75963 2.20194 -0.0117799 -0.0924892 2.79234 -0.0669802 -1.36697 0.0791629 0.0419468 0.248241 1.56061
392.355 0.101821 0.565802 2.14855 -2.65954 -0.556781 -1.96332 0.0811779 0.599271 2.22993 -2.66177 -0.510318 -1.95031 -0.0206436 0.033469 0.0813796 -0.0022258 0.0464629 0.0130153 0.0903823 2.74994 0.115966 0.527778 2.06116 -2.84451 -0.57661 -1.93564 0.0141441 -0.0380246 -0.0873931 -0.184965 -0.019829 0.0276798 0.0963509 9.90266 0.731205 -1.75474 2.22099 -0.0115614 -0.092843 2.79218 -0.0645935 -1.36976 0.103083 0.0120394 0.249079 1.55489
392.688 0.0912155 0.565155 2.15133 -2.64608 -0.581509 -1.97493 0.0725754 0.590427 2.20437 -2.60608 -0.547717 -1.95503 -0.01864 0.0252714 0.0530371 0.0400011 0.0337913 0.0198989 0.0616362 3.61899 0.110062 0.524397 2.07278 -2.8458 -0.578449 -1.93573 0.0188463 -0.0407579 -0.078555 -0.199714 0.00305936 0.0391989 0.0904836 10.3843 0.7403 -1.74893 2.24672 -0.0113596 -0.0934214 2.79162 -0.0621362 -1.37218 0.121315 -0.00739606 0.255284 1.55265
393.284 0.0757236 0.563971 2.15523 -2.61077 -0.607607 -1.99769 0.0539897 0.596525 2.23446 -2.61407 -0.592063 -1.97752 -0.0217339 0.0325542 0.0792331 -0.00330536 0.0155448 0.0201629 0.0883743 1.38451 0.102559 0.509993 2.08375 -2.84584 -0.580858 -1.93673 0.0268353 -0.0539777 -0.0714776 -0.23507 0.0267499 0.0609569 0.0935028 11.9676 0.755144 -1.74184 2.28584 -0.0113228 -0.0940656 2.79013 -0.0554524 -1.37757 0.15857 -0.0379201 0.277773 1.55455
393.63 0.0655715 0.56243 2.15742 -2.58364 -0.616745 -2.01516 0.046639 0.60202 2.2587 -2.64262 -0.602361 -1.98828 -0.0189325 0.0395895 0.101287 -0.0589776 0.0143838 0.0268801 0.110385 2.91725 0.094893 0.503468 2.09386 -2.84459 -0.581058 -1.93825 0.0293215 -0.0589621 -0.0635597 -0.260946 0.0356872 0.07691 0.0915211 13.1434 0.765736 -1.73826 2.31177 -0.0116749 -0.0941776 2.78881 -0.0497709 -1.38124 0.183756 -0.0511567 0.294789 1.56022
394.194 0.0528896 0.557897 2.16023 -2.54693 -0.619691 -2.04034 0.0283043 0.584592 2.21168 -2.5459 -0.647923 -2.04315 -0.0245853 0.0266951 0.0514486 0.00103689 -0.0282319 -0.00281207 0.0629604 1.62317 0.0853171 0.485148 2.0972 -2.84266 -0.580205 -1.94159 0.0324276 -0.0727492 -0.0630355 -0.295729 0.0394858 0.0987462 0.101575 14.6891 0.782434 -1.73478 2.34981 -0.0119272 -0.0934412 2.78654 -0.0396168 -1.38659 0.221525 -0.0610854 0.317755 1.5727
394.493 0.0453633 0.553322 2.16176 -2.52789 -0.614331 -2.0526 0.021526 0.57997 2.20506 -2.51788 -0.596383 -2.04784 -0.0238373 0.0266473 0.0433067 0.0100105 0.0179483 0.0047623 0.0561584 1.28024 0.079207 0.473187 2.10158 -2.84115 -0.578428 -1.94428 0.0338436 -0.0801355 -0.0601746 -0.313266 0.0359029 0.108322 0.105774 15.4763 0.79394 -1.73375 2.37412 -0.0123085 -0.0923994 2.78493 -0.0320905 -1.39001 0.246364 -0.0599887 0.330381 1.58179
394.824 0.0400476 0.549052 2.16272 -2.51826 -0.606573 -2.05782 0.01575 0.575674 2.20708 -2.49787 -0.624762 -2.06058 -0.0242976 0.0266212 0.0443608 0.0203906 -0.0181893 -0.00276458 0.0571572 1.50402 0.0737925 0.463618 2.10614 -2.83993 -0.57673 -1.94629 0.0337449 -0.0854343 -0.0565863 -0.321668 0.0298433 0.111524 0.107888 15.8678 0.802672 -1.73367 2.39148 -0.0127934 -0.0913707 2.78369 -0.0262479 -1.39245 0.264587 -0.0546797 0.337416 1.58818
395.149 0.0359702 0.544006 2.16316 -2.5144 -0.595253 -2.05864 0.0099626 0.571453 2.20568 -2.49414 -0.623648 -2.06204 -0.0260076 0.0274467 0.0425229 0.0202624 -0.0283954 -0.00340112 0.0569027 1.94259 0.0724034 0.452119 2.10934 -2.83893 -0.574891 -1.9485 0.0364332 -0.0918872 -0.05382 -0.324525 0.020362 0.110139 0.112549 16.033 0.811429 -1.7342 2.4079 -0.013022 -0.0902151 2.78243 -0.0204289 -1.39472 0.282383 -0.0446902 0.341345 1.59388
395.476 0.0314871 0.536021 2.16341 -2.51837 -0.574603 -2.0526 0.00614003 0.572818 2.2297 -2.52062 -0.62995 -2.07171 -0.0253471 0.0367965 0.0662882 -0.00224747 -0.0553475 -0.019106 0.0799411 3.3809 0.0719605 0.438246 2.11804 -2.83805 -0.572162 -1.95111 0.0404733 -0.0977752 -0.0453724 -0.319675 0.00244069 0.10149 0.115138 15.9233 0.823045 -1.73584 2.42836 -0.0133626 -0.0884839 2.78072 -0.0129633 -1.39744 0.305605 -0.0239891 0.341322 1.60005
395.772 0.0275817 0.528967 2.16331 -2.52604 -0.555192 -2.04357 0.00224772 0.564813 2.22885 -2.52014 -0.62518 -2.07106 -0.025334 0.0358455 0.0655368 0.00589712 -0.0699874 -0.027492 0.0788783 4.25229 0.0687152 0.42897 2.12537 -2.83733 -0.569914 -1.95237 0.0411335 -0.0999972 -0.037939 -0.311294 -0.0147212 0.0912001 0.11459 15.702 0.831631 -1.73778 2.44283 -0.0141899 -0.0870238 2.77937 -0.00773978 -1.39926 0.322821 -0.00371926 0.33836 1.60343
396.079 0.0236796 0.521585 2.16296 -2.53583 -0.533266 -2.03182 -0.00360417 0.563279 2.24978 -2.55058 -0.597477 -2.0232 -0.0272838 0.0416945 0.0868249 -0.0147489 -0.0642101 0.00861895 0.100107 3.74774 0.06833 0.419031 2.12796 -2.83585 -0.568077 -1.95368 0.0446504 -0.102554 -0.034998 -0.300017 -0.0348104 0.0781475 0.1172 15.4538 0.840028 -1.74036 2.45674 -0.0152694 -0.0856906 2.77793 -0.0029638 -1.40096 0.339977 0.0197811 0.334136 1.60588
396.68 0.0174898 0.504233 2.16191 -2.56114 -0.483205 -2.00382 -0.0122525 0.540669 2.22933 -2.53083 -0.500405 -2.01526 -0.0297423 0.0364361 0.0674168 0.030317 -0.0172003 -0.0114338 0.0822022 1.82842 0.0621155 0.398247 2.13782 -2.83038 -0.564707 -1.95836 0.0446257 -0.105985 -0.0240933 -0.269234 -0.0815018 0.0454618 0.117494 15.0389 0.85847 -1.74902 2.48831 -0.0175709 -0.0833421 2.7743 0.00645149 -1.40438 0.380049 0.0741496 0.320921 1.60856
397.268 0.0187574 0.489588 2.16211 -2.58261 -0.455383 -1.99046 -0.0151939 0.524713 2.23168 -2.59525 -0.455326 -1.98389 -0.0339513 0.0351245 0.0695699 -0.0126369 5.76801e-05 0.006568 0.0850082 0.65312 0.0578255 0.381687 2.13554 -2.82659 -0.562506 -1.96126 0.0390681 -0.107901 -0.026568 -0.243979 -0.107123 0.0291949 0.117791 14.5905 0.872509 -1.75957 2.51563 -0.0180787 -0.0819475 2.77127 0.0128568 -1.40649 0.414219 0.103608 0.305203 1.60878
398.183 0.0329152 0.467331 2.16539 -2.6067 -0.44606 -1.99206 -0.00349369 0.501115 2.23073 -2.60603 -0.443734 -1.97847 -0.0364089 0.0337848 0.065337 0.000668846 0.00232641 0.0135917 0.0820728 0.806971 0.0667319 0.360824 2.1308 -2.82236 -0.564429 -1.96293 0.0338167 -0.106507 -0.034593 -0.215661 -0.118368 0.029132 0.116978 13.4646 0.891365 -1.78309 2.56185 -0.0169482 -0.0811984 2.7678 0.019636 -1.40878 0.469747 0.111595 0.281244 1.60886
398.467 0.042231 0.460222 2.16722 -2.61218 -0.450965 -1.99563 0.000404164 0.493253 2.23041 -2.60956 -0.439878 -1.97672 -0.0418268 0.0330314 0.0631876 0.00261509 0.0110871 0.0189136 0.0826633 1.31908 0.0727126 0.354126 2.12842 -2.82182 -0.567002 -1.96369 0.0304816 -0.106096 -0.0387957 -0.20964 -0.116037 0.0319384 0.117007 13.0468 0.897196 -1.79424 2.5799 -0.0159385 -0.0819217 2.7671 0.020693 -1.40943 0.491174 0.10668 0.274835 1.60803
398.818 0.0514623 0.454854 2.16849 -2.61643 -0.455872 -1.99733 0.00819672 0.485483 2.2305 -2.61548 -0.436461 -1.97428 -0.0432656 0.0306293 0.0620126 0.000950091 0.0194103 0.0230556 0.081582 1.7454 0.0780494 0.347614 2.12278 -2.82225 -0.569162 -1.96407 0.0265871 -0.107239 -0.045707 -0.205815 -0.113291 0.0332622 0.119567 12.7519 0.900947 -1.80311 2.59299 -0.0145111 -0.0826144 2.76685 0.0208038 -1.40983 0.506882 0.102475 0.271029 1.60652
399.165 0.061399 0.44926 2.16977 -2.62119 -0.460871 -1.9975 0.0178013 0.477267 2.21984 -2.58708 -0.509859 -2.02643 -0.0435977 0.028007 0.0500749 0.0341066 -0.0489877 -0.0289263 0.0720601 3.37928 0.0834651 0.344197 2.12123 -2.82298 -0.57087 -1.96423 0.0220661 -0.105063 -0.048535 -0.20179 -0.109999 0.0332699 0.117816 12.4549 0.904202 -1.81232 2.6056 -0.0130269 -0.083308 2.76684 0.0203495 -1.41016 0.522285 0.098559 0.267545 1.60402
399.457 0.0712843 0.443704 2.17095 -2.62646 -0.464937 -1.99565 0.0284925 0.470641 2.22518 -2.64173 -0.522116 -2.00761 -0.0427918 0.0269363 0.054225 -0.0152708 -0.0571793 -0.011969 0.0741422 3.54077 0.0885528 0.340032 2.12069 -2.82358 -0.572359 -1.96418 0.0172686 -0.103672 -0.0502684 -0.197117 -0.107423 0.0314605 0.116504 12.1803 0.907 -1.82179 2.61772 -0.0117914 -0.0841301 2.76702 0.0193183 -1.41043 0.537458 0.096079 0.26426 1.60063
399.778 0.084354 0.437605 2.17189 -2.63533 -0.468244 -1.99007 0.0407443 0.471839 2.25364 -2.6281 -0.424346 -1.98881 -0.0436097 0.0342342 0.0817517 0.00722927 0.0438979 0.00125916 0.0987782 2.55512 0.0963984 0.33875 2.12025 -2.82355 -0.574938 -1.9634 0.0120443 -0.0988549 -0.0516386 -0.188224 -0.106694 0.0266626 0.112178 11.8095 0.910103 -1.83465 2.63315 -0.01045 -0.0860388 2.76755 0.0170731 -1.41065 0.557485 0.0962412 0.258986 1.59511
400.092 0.0942134 0.432592 2.1723 -2.64417 -0.46869 -1.98412 0.0512541 0.463185 2.24055 -2.63441 -0.472324 -1.97302 -0.0429593 0.030593 0.0682462 0.00976406 -0.00363392 0.0111031 0.0862494 1.04117 0.103346 0.339817 2.12096 -2.82366 -0.576755 -1.9625 0.00913297 -0.0927749 -0.0513414 -0.17949 -0.108064 0.0216193 0.106426 11.5238 0.912038 -1.84439 2.64424 -0.00955641 -0.0874412 2.76815 0.0148359 -1.41071 0.572431 0.0986615 0.253618 1.59059
400.381 0.104641 0.426241 2.17282 -2.65485 -0.467551 -1.97746 0.0638114 0.464671 2.27165 -2.68328 -0.47851 -1.97733 -0.0408291 0.0384302 0.0988275 -0.0284346 -0.0109592 0.000124797 0.113626 1.74294 0.11057 0.337701 2.11895 -2.82417 -0.578184 -1.96151 0.00592933 -0.0885404 -0.0538721 -0.169327 -0.110634 0.0159499 0.103811 11.2331 0.913705 -1.85416 2.65501 -0.00851336 -0.088308 2.76887 0.0122429 -1.41068 0.58731 0.102329 0.247078 1.58608
400.694 0.118498 0.415729 2.17352 -2.67064 -0.464718 -1.96875 0.0757386 0.456884 2.27238 -2.69173 -0.475521 -1.97397 -0.0427595 0.0411553 0.098853 -0.0210886 -0.010803 -0.00521864 0.1153 1.50324 0.121678 0.333265 2.11563 -2.82512 -0.579235 -1.96002 0.00318031 -0.0824637 -0.0578892 -0.154478 -0.114517 0.00873508 0.100804 10.8229 0.915578 -1.86709 2.66878 -0.00717 -0.0886062 2.76996 0.00845718 -1.41055 0.606736 0.10754 0.236988 1.58048
401.001 0.127907 0.406693 2.17415 -2.68242 -0.462521 -1.96322 0.0865073 0.44183 2.2414 -2.65753 -0.466345 -1.96394 -0.0413999 0.0351372 0.0672474 0.0248826 -0.00382341 -0.00072111 0.0864337 1.42464 0.129844 0.327627 2.10943 -2.82614 -0.579127 -1.95923 0.00193668 -0.0790658 -0.0647213 -0.143724 -0.116605 0.00399183 0.102196 10.5141 0.91674 -1.87661 2.67862 -0.00655764 -0.0882246 2.77078 0.00553849 -1.41043 0.620769 0.110541 0.228824 1.57676
401.336 0.136875 0.397759 2.17495 -2.69374 -0.461556 -1.95922 0.0983282 0.432378 2.24311 -2.66682 -0.460293 -1.95998 -0.0385467 0.0346186 0.068154 0.0269193 0.00126338 -0.00076281 0.0856111 1.52521 0.136736 0.3229 2.10698 -2.82695 -0.578566 -1.95842 -0.000139157 -0.0748587 -0.0679787 -0.133213 -0.11701 0.000799441 0.101118 10.1385 0.917679 -1.8859 2.68804 -0.00612962 -0.0877014 2.77156 0.00270357 -1.4103 0.634146 0.111762 0.220239 1.57356
401.657 0.148247 0.387023 2.17585 -2.70839 -0.463066 -1.9566 0.105251 0.413182 2.20375 -2.66274 -0.492943 -1.9751 -0.0429963 0.0261597 0.027905 0.0456491 -0.0298767 -0.018496 0.0575473 2.88853 0.144781 0.317767 2.1032 -2.82787 -0.577593 -1.95711 -0.00346635 -0.0692555 -0.072653 -0.119483 -0.114527 -0.000507113 0.100433 9.49061 0.918545 -1.8978 2.69987 -0.00563613 -0.0871564 2.77248 -0.000776105 -1.4101 0.650751 0.110134 0.207803 1.57012
401.949 0.155837 0.380391 2.17642 -2.7195 -0.466426 -1.95651 0.119498 0.417543 2.27423 -2.72306 -0.458436 -1.96102 -0.0363395 0.0371519 0.0978091 -0.00356448 0.00799053 -0.00450596 0.110759 0.603931 0.152826 0.314881 2.10167 -2.82839 -0.577016 -1.95616 -0.00301099 -0.0655099 -0.0747491 -0.108892 -0.110589 0.000355072 0.0994386 8.88308 0.91888 -1.90629 2.70822 -0.00558727 -0.0870175 2.77307 -0.00305655 -1.40987 0.662245 0.106451 0.197054 1.56799
402.256 0.162417 0.374945 2.1769 -2.73086 -0.471164 -1.95742 0.127459 0.409649 2.2745 -2.72864 -0.454888 -1.95871 -0.0349581 0.0347036 0.0976033 0.00222666 0.0162767 -0.00128838 0.109329 0.93962 0.159014 0.314741 2.10299 -2.82834 -0.576854 -1.95581 -0.00340305 -0.0602044 -0.0739101 -0.0974761 -0.10569 0.00161005 0.0953879 8.20521 0.918934 -1.91436 2.71618 -0.00591075 -0.0870617 2.77359 -0.00500888 -1.40958 0.672992 0.101247 0.185135 1.56603
402.577 0.168198 0.369844 2.17728 -2.74267 -0.475793 -1.95837 0.133642 0.397264 2.2439 -2.69125 -0.444662 -1.94968 -0.0345559 0.0274194 0.0666215 0.0514156 0.0311312 0.00868879 0.0799022 3.66191 0.16402 0.31419 2.1012 -2.82777 -0.576398 -1.9557 -0.00417758 -0.0556547 -0.0760811 -0.0851018 -0.100605 0.00267379 0.094357 7.50028 0.9187 -1.92199 2.72379 -0.00648996 -0.0869387 2.77402 -0.00666147 -1.40922 0.683119 0.0959344 0.172575 1.56407
402.921 0.174299 0.363672 2.17758 -2.75862 -0.47999 -1.95844 0.143406 0.397889 2.27539 -2.7392 -0.449827 -1.95455 -0.0308934 0.0342171 0.0978055 0.0194143 0.0301624 0.00389608 0.108125 2.12043 0.169293 0.310241 2.10045 -2.82624 -0.57545 -1.95559 -0.00500655 -0.0534301 -0.0771305 -0.0676256 -0.0954605 0.00285295 0.0939625 6.65626 0.917919 -1.93145 2.73343 -0.00782214 -0.086554 2.7744 -0.00845266 -1.40866 0.695792 0.0906915 0.1557 1.56114
403.228 0.179091 0.360323 2.17741 -2.77084 -0.481307 -1.95715 0.145535 0.382443 2.23206 -2.72812 -0.489037 -1.97059 -0.0335552 0.0221204 0.0546478 0.042714 -0.00772975 -0.0134318 0.0678354 2.24071 0.172823 0.308397 2.10179 -2.82514 -0.574988 -1.95561 -0.00626716 -0.0519264 -0.0756144 -0.0543073 -0.0936809 0.00153968 0.0919411 6.18193 0.916959 -1.93802 2.74026 -0.00855228 -0.0864957 2.77454 -0.00952693 -1.4082 0.704711 0.0891858 0.143602 1.55855
403.602 0.184574 0.358264 2.17685 -2.78316 -0.480706 -1.95452 0.151989 0.38382 2.25731 -2.82722 -0.521124 -1.95881 -0.0325848 0.0255558 0.0804584 -0.0440631 -0.040418 -0.0042919 0.0904899 3.52025 0.177855 0.307537 2.10257 -2.82401 -0.574678 -1.95619 -0.00671865 -0.0507269 -0.0742804 -0.0408526 -0.0939727 -0.00167113 0.0901994 5.89062 0.915676 -1.94417 2.74675 -0.00881781 -0.0867386 2.77453 -0.0104093 -1.40772 0.713165 0.0903083 0.132389 1.55555
404.205 0.196447 0.354845 2.17483 -2.80805 -0.470669 -1.94379 0.166672 0.383081 2.28183 -2.80974 -0.456662 -1.93195 -0.0297755 0.0282361 0.107005 -0.00168497 0.0140065 0.0118382 0.114603 1.02717 0.188462 0.309075 2.10886 -2.82373 -0.57372 -1.957 -0.00798559 -0.0457697 -0.0659638 -0.0156787 -0.103052 -0.0132111 0.0806837 6.07612 0.911518 -1.95675 2.76115 -0.00920159 -0.086866 2.77392 -0.0118222 -1.40665 0.731479 0.102085 0.112608 1.54737
404.487 0.200131 0.354745 2.17371 -2.81468 -0.463085 -1.93792 0.170298 0.37565 2.23801 -2.79713 -0.502113 -1.94685 -0.0298338 0.0209053 0.0643018 0.0175472 -0.0390275 -0.00892709 0.0739041 2.40729 0.19295 0.310834 2.10987 -2.82325 -0.573483 -1.95748 -0.00718162 -0.0439114 -0.063844 -0.0085706 -0.110398 -0.0195605 0.0778193 6.48471 0.909281 -1.96138 2.76727 -0.00970123 -0.0870947 2.77343 -0.0122494 -1.40632 0.738922 0.110654 0.108386 1.54394
404.776 0.203022 0.355889 2.17247 -2.81812 -0.454236 -1.93194 0.172806 0.373641 2.23158 -2.76161 -0.437871 -1.95676 -0.0302169 0.0177516 0.0591166 0.0565121 0.0163655 -0.0248126 0.0687237 3.06784 0.197203 0.313014 2.11249 -2.82216 -0.573613 -1.95824 -0.00581898 -0.0428749 -0.0599723 -0.00404227 -0.119376 -0.0263012 0.0739513 7.03191 0.906799 -1.96556 2.77345 -0.0103625 -0.0876477 2.77285 -0.0126355 -1.40612 0.746178 0.120799 0.107064 1.541
405.092 0.206637 0.360208 2.17069 -2.81772 -0.442436 -1.92472 0.176997 0.375471 2.23698 -2.8539 -0.522477 -1.92795 -0.0296406 0.0152636 0.0662948 -0.036184 -0.0800417 -0.00322788 0.0742061 5.07126 0.201562 0.319683 2.11689 -2.82073 -0.574795 -1.95954 -0.00507521 -0.0405253 -0.0538013 -0.00301781 -0.132359 -0.0348191 0.0675473 7.86457 0.903166 -1.97048 2.78192 -0.0110688 -0.0892351 2.77203 -0.0131168 -1.40611 0.755601 0.13512 0.109678 1.53829
405.379 0.209472 0.364795 2.16928 -2.81422 -0.434312 -1.92021 0.181957 0.384561 2.26127 -2.83129 -0.460355 -1.9047 -0.0275145 0.0197654 0.091989 -0.0170765 -0.0260433 0.015512 0.0980291 1.79471 0.203778 0.32524 2.11975 -2.81962 -0.576207 -1.96049 -0.00569419 -0.0395555 -0.0495323 -0.00540341 -0.141895 -0.0402806 0.0636436 8.49715 0.900274 -1.97373 2.78851 -0.0113028 -0.090835 2.77141 -0.0134937 -1.40631 0.762526 0.145512 0.114472 1.53731
405.992 0.217389 0.376775 2.16626 -2.79974 -0.419991 -1.9131 0.188113 0.393714 2.25123 -2.78762 -0.399867 -1.91607 -0.0292766 0.0169391 0.0849717 0.0121223 0.0201237 -0.00297343 0.0914562 1.32145 0.208151 0.337255 2.12673 -2.81673 -0.580151 -1.96366 -0.00923836 -0.0395202 -0.0395243 -0.0169895 -0.16016 -0.0505544 0.0566512 9.80981 0.893438 -1.98 2.80458 -0.0104236 -0.0948035 2.77019 -0.0146621 -1.40754 0.778363 0.165388 0.131411 1.53798
406.262 0.22084 0.382097 2.16525 -2.79131 -0.417042 -1.91142 0.193797 0.401366 2.26105 -2.85303 -0.413285 -1.89865 -0.027043 0.0192697 0.0958046 -0.061719 0.00375753 0.0127691 0.101396 3.31659 0.209606 0.342508 2.13002 -2.81624 -0.581852 -1.96493 -0.0112344 -0.039589 -0.0352208 -0.0249267 -0.16481 -0.0535117 0.0541665 10.2363 0.89068 -1.98214 2.81175 -0.00961039 -0.0965274 2.7698 -0.0153485 -1.40847 0.785013 0.170745 0.140658 1.53902
406.607 0.223772 0.386661 2.1646 -2.78131 -0.415862 -1.91023 0.19786 0.409508 2.26239 -2.85542 -0.417652 -1.89831 -0.0259116 0.0228466 0.0977884 -0.0741113 -0.00178938 0.0119152 0.103711 4.02 0.210336 0.347422 2.13366 -2.81623 -0.583146 -1.96575 -0.0134353 -0.0392392 -0.0309378 -0.0349239 -0.167284 -0.0555176 0.0517433 10.5858 0.888149 -1.98392 2.8191 -0.00872674 -0.0979191 2.76948 -0.016199 -1.40973 0.791602 0.174029 0.151455 1.54024
406.979 0.225985 0.390553 2.16434 -2.76961 -0.416522 -1.9094 0.197383 0.407041 2.22216 -2.74588 -0.408119 -1.90904 -0.0286019 0.0164881 0.0578187 0.0237268 0.00840231 0.000358466 0.0665803 1.44996 0.211577 0.350985 2.13751 -2.81636 -0.584251 -1.96637 -0.0144079 -0.0395681 -0.0268266 -0.0467495 -0.167729 -0.0569668 0.0499288 10.8876 0.885914 -1.98535 2.82662 -0.00780953 -0.0990451 2.76923 -0.0172392 -1.41139 0.798134 0.175254 0.163949 1.54147
407.593 0.227185 0.399055 2.16502 -2.73821 -0.426741 -1.90915 0.2014 0.415092 2.2237 -2.74796 -0.412163 -1.90875 -0.0257849 0.0160374 0.058683 -0.00974204 0.0145776 0.000407563 0.0660738 0.999364 0.21218 0.360282 2.14752 -2.81571 -0.587155 -1.96747 -0.0150048 -0.0387728 -0.0174959 -0.0775009 -0.160414 -0.058315 0.0451063 11.389 0.88213 -1.98714 2.84462 -0.00589096 -0.10159 2.76879 -0.0203559 -1.41686 0.813057 0.169191 0.196701 1.54318
407.913 0.226084 0.402015 2.16578 -2.72478 -0.435003 -1.91005 0.201446 0.419074 2.22422 -2.74788 -0.414191 -1.90896 -0.0246381 0.0170586 0.0584364 -0.0230947 0.0208111 0.00109627 0.0656723 1.76303 0.211457 0.363748 2.15052 -2.81569 -0.588527 -1.96783 -0.014627 -0.0382668 -0.0152596 -0.0909029 -0.153524 -0.0577788 0.0437167 11.5015 0.881215 -1.9872 2.85242 -0.00507038 -0.1025 2.76865 -0.0219096 -1.41986 0.819289 0.162399 0.210373 1.54299
408.174 0.222856 0.405024 2.16732 -2.70868 -0.449257 -1.91265 0.204576 0.432645 2.2698 -2.74544 -0.421481 -1.89854 -0.0182801 0.0276218 0.102478 -0.0367573 0.0277757 0.0141114 0.107698 2.48695 0.208157 0.366437 2.15181 -2.8159 -0.590252 -1.96808 -0.0146995 -0.0385864 -0.0155118 -0.107217 -0.140995 -0.0554299 0.044109 11.5063 0.880717 -1.9866 2.86277 -0.00413646 -0.103362 2.76851 -0.0240567 -1.42436 0.827365 0.149296 0.226349 1.54181
408.799 0.216736 0.406691 2.17046 -2.69053 -0.477784 -1.92097 0.19483 0.429422 2.23807 -2.72471 -0.512133 -1.92167 -0.0219057 0.0227311 0.0676126 -0.0341785 -0.0343491 -0.000696438 0.0746192 2.78994 0.202513 0.365517 2.15457 -2.81746 -0.592089 -1.96797 -0.0142228 -0.0411742 -0.015887 -0.126933 -0.114306 -0.0469948 0.0463681 11.0878 0.881514 -1.98414 2.87785 -0.0019992 -0.103484 2.76848 -0.0270118 -1.43199 0.838625 0.120343 0.24334 1.53861
409.096 0.21083 0.408126 2.17275 -2.681 -0.500623 -1.9296 0.191294 0.427972 2.23054 -2.67363 -0.50373 -1.93994 -0.0195362 0.0198459 0.0577922 0.00736425 -0.00310747 -0.0103433 0.0641518 0.565791 0.19948 0.364393 2.1568 -2.81855 -0.592904 -1.96758 -0.0113499 -0.0437331 -0.0159533 -0.137548 -0.0922813 -0.037978 0.0479157 10.6106 0.883011 -1.98136 2.88744 -0.000648466 -0.103638 2.76861 -0.028568 -1.43752 0.845402 0.0964386 0.250347 1.53634
409.389 0.205117 0.40965 2.17448 -2.67441 -0.518655 -1.93743 0.185399 0.427852 2.22991 -2.67079 -0.501159 -1.9409 -0.0197178 0.0182027 0.0554248 0.00362007 0.0174965 -0.00347049 0.0615795 1.02336 0.198421 0.361695 2.15556 -2.81922 -0.593492 -1.96712 -0.00669569 -0.0479543 -0.0189275 -0.144807 -0.0748361 -0.0296839 0.0519874 10.2459 0.884605 -1.97863 2.89431 0.000129957 -0.103864 2.76876 -0.0294191 -1.44183 0.850044 0.0772987 0.253928 1.53494
409.737 0.197512 0.41137 2.17621 -2.66831 -0.536299 -1.94603 0.179885 0.429634 2.23426 -2.65481 -0.544141 -1.94943 -0.0176265 0.0182638 0.0580517 0.0134969 -0.00784229 -0.00340785 0.0633582 0.826142 0.196946 0.359921 2.15454 -2.81933 -0.594192 -1.96665 -0.000565709 -0.0514485 -0.0216736 -0.151023 -0.0578928 -0.0206226 0.0558303 9.90981 0.886578 -1.97535 2.90072 0.000271008 -0.104094 2.76896 -0.029953 -1.44615 0.854236 0.0581516 0.255855 1.53393
410.331 0.175572 0.414875 2.17954 -2.66022 -0.568828 -1.9653 0.16021 0.433091 2.23197 -2.64263 -0.544577 -1.95474 -0.0153614 0.0182154 0.0524305 0.017593 0.0242505 0.0105624 0.0575911 1.98938 0.185263 0.355677 2.15241 -2.81847 -0.59487 -1.96588 0.0096909 -0.0591982 -0.0271376 -0.158252 -0.0260427 -0.000578619 0.0658391 9.20688 0.892492 -1.96575 2.91292 -0.000758484 -0.104323 2.76954 -0.0300273 -1.45561 0.862017 0.0214796 0.252795 1.53391
410.967 0.15554 0.41412 2.18139 -2.66745 -0.583242 -1.97856 0.141416 0.440525 2.2602 -2.69193 -0.606298 -1.95815 -0.0141239 0.026405 0.0788163 -0.0244771 -0.0230564 0.020413 0.0843132 1.80038 0.17316 0.354359 2.15398 -2.81853 -0.593683 -1.9649 0.01762 -0.0597602 -0.0274049 -0.151077 -0.0104411 0.0136606 0.0680645 8.26895 0.899895 -1.95397 2.92056 -0.000851117 -0.102923 2.77007 -0.0284417 -1.46282 0.867028 0.00294357 0.238679 1.53725
411.28 0.148034 0.412898 2.1818 -2.6738 -0.585063 -1.98239 0.130391 0.43882 2.25637 -2.65764 -0.550267 -1.97001 -0.017643 0.0259217 0.0745726 0.0161598 0.0347956 0.0123799 0.0808968 2.45782 0.168679 0.352249 2.15644 -2.81896 -0.592855 -1.96455 0.0206455 -0.060649 -0.0253594 -0.145164 -0.00779209 0.0178381 0.0689031 7.80866 0.903398 -1.94837 2.9228 -0.00059591 -0.10196 2.77023 -0.0271501 -1.4649 0.868556 -0.000494614 0.230777 1.5393
411.597 0.141636 0.411882 2.18203 -2.6799 -0.585667 -1.98552 0.123846 0.442797 2.2819 -2.68816 -0.560395 -1.97962 -0.0177899 0.0309146 0.0998633 -0.0082593 0.0252721 0.00589953 0.106042 1.50376 0.163371 0.351338 2.15782 -2.81991 -0.592355 -1.96449 0.0217356 -0.0605447 -0.0242112 -0.140015 -0.00668817 0.0210335 0.0687333 7.43052 0.907033 -1.94245 2.92478 9.69074e-07 -0.101046 2.77033 -0.0254387 -1.46634 0.869875 -0.00240801 0.223806 1.54144
411.911 0.135366 0.411477 2.18221 -2.68358 -0.585755 -1.98824 0.115841 0.441689 2.28144 -2.66372 -0.597956 -1.99073 -0.0195245 0.0302121 0.0992293 0.0198575 -0.0122011 -0.0024895 0.105548 1.2738 0.158622 0.350406 2.16012 -2.82056 -0.591929 -1.96453 0.0232558 -0.0610707 -0.0220878 -0.136978 -0.00617408 0.0237068 0.0689807 7.19178 0.910758 -1.93622 2.92672 0.00046041 -0.100305 2.77035 -0.023288 -1.46713 0.871064 -0.00360604 0.219285 1.54346
412.172 0.125868 0.41215 2.18244 -2.68192 -0.585656 -1.99173 0.106594 0.431428 2.23366 -2.66098 -0.589494 -2.00246 -0.0192743 0.0192787 0.0512167 0.0209492 -0.00383844 -0.0107364 0.0580199 1.02412 0.150178 0.352251 2.16584 -2.82007 -0.59137 -1.96504 0.0243099 -0.0598988 -0.0166072 -0.138148 -0.00571417 0.0266914 0.0667431 7.1872 0.915799 -1.92742 2.9295 0.000220658 -0.0996291 2.77022 -0.0197531 -1.46722 0.872568 -0.00493795 0.219059 1.54584
412.482 0.118371 0.414075 2.18259 -2.67484 -0.585521 -1.99434 0.0987539 0.431258 2.23278 -2.65609 -0.588358 -2.00455 -0.0196167 0.0171827 0.0501857 0.0187547 -0.00283733 -0.0102104 0.0565568 0.909567 0.143859 0.354532 2.17097 -2.81901 -0.591264 -1.96576 0.0254884 -0.0595427 -0.0116227 -0.144166 -0.00574355 0.0285744 0.0658034 7.48351 0.919586 -1.9205 2.93186 -0.000371565 -0.0996091 2.76999 -0.016678 -1.4666 0.873757 -0.00556873 0.224164 1.54753
412.804 0.111124 0.417369 2.18269 -2.66273 -0.585452 -1.99715 0.090916 0.433015 2.2318 -2.64919 -0.589753 -2.00755 -0.0202082 0.0156464 0.0491077 0.0135402 -0.00430046 -0.0103955 0.0553601 0.710518 0.138151 0.357262 2.17589 -2.81749 -0.591612 -1.96686 0.0270269 -0.0601066 -0.00680065 -0.154761 -0.00615976 0.0302956 0.0662534 8.04179 0.923346 -1.91336 2.93457 -0.00103664 -0.100099 2.76963 -0.013307 -1.46542 0.875096 -0.00585778 0.234053 1.54929
413.114 0.101908 0.423051 2.18277 -2.63867 -0.585171 -2.00153 0.0838372 0.445936 2.27758 -2.66304 -0.557461 -1.99001 -0.0180711 0.0228841 0.0948104 -0.02437 0.0277102 0.0115236 0.099193 1.97714 0.129674 0.361516 2.18148 -2.81539 -0.592515 -1.96868 0.027766 -0.0615357 -0.00129064 -0.176725 -0.00734345 0.0328519 0.0675223 9.2233 0.928298 -1.90359 2.93871 -0.0020414 -0.1012 2.76892 -0.00846296 -1.46304 0.877195 -0.00581506 0.254303 1.55196
413.368 0.0953213 0.427755 2.1829 -2.61583 -0.584868 -2.00539 0.0758609 0.449791 2.27696 -2.65746 -0.558423 -1.9925 -0.0194604 0.0220353 0.0940664 -0.0416261 0.0264455 0.012892 0.0985533 2.57359 0.123994 0.366328 2.18776 -2.81383 -0.593234 -1.97005 0.0286726 -0.0614276 0.0048642 -0.198 -0.00836642 0.0353411 0.0679642 10.368 0.931964 -1.89618 2.94218 -0.00284775 -0.102188 2.76823 -0.00464625 -1.46072 0.879023 -0.00569882 0.273912 1.5543
413.667 0.0891932 0.432949 2.18305 -2.59019 -0.585242 -2.01014 0.067194 0.450722 2.25196 -2.59984 -0.58742 -1.99716 -0.0219992 0.0177728 0.0689111 -0.00965248 -0.00217874 0.0129727 0.0744888 0.647101 0.117258 0.37184 2.19495 -2.81258 -0.593862 -1.9715 0.0280645 -0.0611096 0.0118993 -0.222383 -0.00862052 0.0386365 0.0682904 11.6668 0.935592 -1.88876 2.94597 -0.00361689 -0.103386 2.76743 -0.000701882 -1.45797 0.881104 -0.00626209 0.295813 1.55686
413.967 0.0813732 0.440445 2.18331 -2.55335 -0.587689 -2.01837 0.0599282 0.460606 2.27647 -2.62547 -0.599919 -2.00856 -0.021445 0.0201609 0.0931517 -0.0721208 -0.0122296 0.00980351 0.0976913 3.90946 0.107057 0.380771 2.20546 -2.81065 -0.594641 -1.9735 0.025684 -0.0596742 0.0221493 -0.257307 -0.00695241 0.0448688 0.0686387 13.4848 0.94039 -1.87898 2.95161 -0.00475889 -0.105254 2.76626 0.0047189 -1.45372 0.884377 -0.00925756 0.326412 1.56041
414.266 0.0756861 0.446336 2.18348 -2.5259 -0.590818 -2.02574 0.0543245 0.461542 2.24716 -2.54516 -0.577623 -2.01977 -0.0213616 0.0152052 0.0636799 -0.0192531 0.0131951 0.00597428 0.0688669 1.22013 0.101486 0.385771 2.21214 -2.80886 -0.595565 -1.97518 0.0258001 -0.0605658 0.0286588 -0.282956 -0.00474741 0.0505676 0.0717996 14.7902 0.943982 -1.87181 2.95619 -0.00575323 -0.10687 2.76534 0.0088139 -1.45012 0.887253 -0.0130288 0.348289 1.563
414.594 0.0702327 0.451834 2.18362 -2.50044 -0.594601 -2.03367 0.0465175 0.469008 2.25007 -2.52294 -0.612826 -2.03338 -0.0237152 0.0171739 0.0664468 -0.0224955 -0.018225 0.000287307 0.0726122 1.65162 0.0948542 0.390595 2.21844 -2.80704 -0.596516 -1.9768 0.0246215 -0.0612383 0.034812 -0.306596 -0.00191564 0.0568628 0.0746205 15.967 0.947596 -1.86487 2.96092 -0.00685366 -0.108468 2.76443 0.0128474 -1.44624 0.890453 -0.0177557 0.367783 1.56534
414.878 0.0648246 0.456105 2.18397 -2.47799 -0.598716 -2.04175 0.0419183 0.479011 2.26467 -2.50446 -0.581743 -2.00655 -0.0229064 0.0229062 0.0807016 -0.026476 0.0169731 0.0352072 0.0869606 1.97734 0.0887024 0.394932 2.22339 -2.80527 -0.597059 -1.97824 0.0238778 -0.0611725 0.0394207 -0.327281 0.00165682 0.0635182 0.0765912 16.9698 0.95125 -1.85823 2.9657 -0.00801636 -0.10966 2.76357 0.0167654 -1.44214 0.893928 -0.0233805 0.384249 1.56726
415.18 0.0591254 0.459801 2.18457 -2.45344 -0.605192 -2.05253 0.0352417 0.472797 2.21718 -2.44736 -0.59673 -2.04618 -0.0238838 0.0129953 0.0326066 0.00607588 0.00846233 0.00635292 0.0424559 0.795247 0.0807411 0.398681 2.23065 -2.80386 -0.597288 -1.97979 0.0216156 -0.0611199 0.0460836 -0.350425 0.00790428 0.0727363 0.0795398 18.0529 0.956188 -1.84998 2.9721 -0.00921463 -0.110682 2.76258 0.0217569 -1.43652 0.898906 -0.0324458 0.401264 1.5689
415.475 0.0561153 0.461586 2.18516 -2.43873 -0.611269 -2.0607 0.0290328 0.485412 2.26225 -2.43955 -0.603161 -2.03911 -0.0270824 0.0238253 0.0770836 -0.000813114 0.00810792 0.0215952 0.0851058 1.29724 0.0747165 0.399903 2.23544 -2.80404 -0.597088 -1.98053 0.0186013 -0.0616832 0.0502784 -0.365312 0.0141814 0.0801774 0.0817235 18.7203 0.959926 -1.84429 2.97692 -0.00970439 -0.111199 2.76197 0.0253182 -1.43233 0.902843 -0.0407109 0.410702 1.56933
416.044 0.0506439 0.462928 2.1871 -2.41295 -0.630923 -2.0819 0.022876 0.48395 2.24188 -2.40711 -0.621137 -2.08884 -0.027768 0.0210226 0.0547849 0.00584033 0.0097867 -0.00694678 0.0649184 0.654916 0.0650214 0.402338 2.24751 -2.80447 -0.59655 -1.9813 0.0143775 -0.0605898 0.060413 -0.391517 0.0343734 0.1006 0.0867615 19.7745 0.968631 -1.83285 2.98835 -0.0106822 -0.111564 2.76103 0.0331888 -1.42314 0.912469 -0.0671386 0.423085 1.5676
416.418 0.0483108 0.463267 2.18805 -2.40409 -0.641848 -2.0923 0.0189573 0.483863 2.24148 -2.40482 -0.620345 -2.08986 -0.0293535 0.0205969 0.0534251 -0.000734526 0.0215024 0.00243499 0.0643436 1.23765 0.061484 0.400999 2.25231 -2.80476 -0.596293 -1.98119 0.0131732 -0.0622671 0.0642578 -0.40067 0.0455551 0.111107 0.0904422 20.1065 0.972277 -1.82876 2.9934 -0.0113093 -0.11169 2.76087 0.0364445 -1.41964 0.916747 -0.0815913 0.425057 1.56591
416.715 0.0460784 0.464036 2.1889 -2.39584 -0.653659 -2.10319 0.0183347 0.494815 2.2874 -2.39976 -0.62939 -2.08224 -0.0277437 0.0307789 0.0984982 -0.0039179 0.0242691 0.0209587 0.106859 1.7617 0.059288 0.400311 2.25365 -2.80454 -0.596087 -1.98104 0.0132096 -0.063725 0.0647468 -0.408705 0.0575718 0.122158 0.0918015 20.3919 0.975821 -1.82518 2.9985 -0.0120163 -0.112029 2.76085 0.0396177 -1.4165 0.921074 -0.0968471 0.425807 1.56395
417.006 0.0441361 0.464875 2.18976 -2.38821 -0.66567 -2.11419 0.0151908 0.49215 2.27064 -2.40603 -0.657336 -2.11491 -0.0289453 0.027275 0.0808772 -0.017827 0.00833366 -0.000716806 0.090127 1.1508 0.0577489 0.397937 2.25237 -2.80479 -0.595839 -1.98058 0.0136128 -0.0669381 0.0626073 -0.416589 0.0698306 0.133616 0.092659 20.687 0.979233 -1.82212 3.00353 -0.012675 -0.112387 2.76094 0.0427174 -1.41377 0.925351 -0.112319 0.425761 1.56192
417.293 0.0417492 0.465347 2.19091 -2.37931 -0.680429 -2.12798 0.0122117 0.491372 2.26701 -2.36871 -0.641081 -2.13126 -0.0295375 0.0260245 0.0761008 0.0106041 0.0393471 -0.00327223 0.0856801 2.31241 0.0556499 0.397205 2.2491 -2.80487 -0.595906 -1.98013 0.0139008 -0.0681427 0.058198 -0.425551 0.0845223 0.147852 0.0906844 21.0345 0.983536 -1.81891 3.00984 -0.0136212 -0.112575 2.76121 0.0467125 -1.41081 0.930737 -0.131782 0.424819 1.55945
417.639 0.0406344 0.465058 2.1917 -2.37423 -0.690096 -2.13714 0.0112053 0.492552 2.27245 -2.36104 -0.712204 -2.14483 -0.029429 0.0274937 0.0807572 0.0131943 -0.0221075 -0.00769475 0.0902424 1.39297 0.0544075 0.396793 2.24692 -2.80489 -0.59608 -1.97975 0.0137731 -0.0682654 0.0552236 -0.430656 0.0940162 0.157382 0.0888792 21.2346 0.986543 -1.81716 3.01408 -0.0141545 -0.112427 2.76151 0.0495951 -1.40911 0.934379 -0.144628 0.423459 1.55793
417.921 0.040286 0.46375 2.19251 -2.37118 -0.69799 -2.14459 0.00922169 0.492691 2.27309 -2.36288 -0.711388 -2.14383 -0.0310643 0.0289408 0.0805792 0.00830062 -0.0133977 0.000753403 0.09108 0.918558 0.0533545 0.39667 2.24673 -2.80527 -0.596274 -1.97915 0.0130685 -0.0670798 0.054221 -0.434082 0.101716 0.165433 0.0872376 21.3656 0.989323 -1.81599 3.01782 -0.014442 -0.111812 2.76185 0.0523741 -1.40785 0.937629 -0.155483 0.421514 1.55673
418.209 0.0413379 0.461497 2.19345 -2.37068 -0.705717 -2.15123 0.00824375 0.490823 2.26903 -2.34701 -0.667366 -2.14621 -0.0330942 0.0293264 0.0755796 0.0236634 0.0383505 0.00502052 0.0875645 2.69137 0.0534667 0.396433 2.24741 -2.8058 -0.596304 -1.97822 0.0121287 -0.0650642 0.0539622 -0.435126 0.109412 0.173011 0.0853954 21.3949 0.99261 -1.8153 3.02215 -0.014272 -0.110731 2.76235 0.055876 -1.40684 0.941437 -0.166104 0.418046 1.55561
418.564 0.0430696 0.460056 2.19394 -2.37274 -0.709843 -2.15383 0.00903571 0.478301 2.22474 -2.30997 -0.71035 -2.1824 -0.0340339 0.0182445 0.0308018 0.0627697 -0.000506785 -0.0285668 0.0493956 2.81758 0.0548478 0.393646 2.24814 -2.80651 -0.596415 -1.9774 0.0117781 -0.0664099 0.0541984 -0.433767 0.113428 0.176432 0.0865244 21.3264 0.994709 -1.81541 3.02502 -0.0138143 -0.109973 2.76273 0.0583528 -1.40657 0.943998 -0.171429 0.414765 1.55491
418.893 0.0450206 0.459365 2.19419 -2.37575 -0.713638 -2.15538 0.0113005 0.490852 2.29697 -2.38418 -0.7175 -2.15418 -0.03372 0.0314872 0.102783 -0.00842952 -0.00386206 0.00119649 0.112662 0.493372 0.0567871 0.391824 2.25049 -2.80741 -0.596213 -1.97632 0.0117665 -0.0675405 0.056304 -0.431658 0.117425 0.17906 0.0887148 21.2384 0.996459 -1.816 3.02777 -0.0133452 -0.109435 2.76311 0.0607696 -1.40669 0.946371 -0.175777 0.411144 1.55403
419.136 0.0477948 0.459891 2.19435 -2.3792 -0.719987 -2.15761 0.014005 0.480522 2.2488 -2.36636 -0.735964 -2.17596 -0.0337897 0.0206312 0.0544475 0.0128389 -0.015977 -0.0183527 0.0673196 1.20626 0.0581585 0.391203 2.25521 -2.80879 -0.595503 -1.97488 0.0103638 -0.068688 0.0608655 -0.429588 0.124484 0.182727 0.0923583 21.191 0.998209 -1.81748 3.0316 -0.0127536 -0.109076 2.76358 0.0640468 -1.40748 0.949375 -0.182635 0.406424 1.55205
419.431 0.0502742 0.461862 2.19432 -2.38093 -0.72683 -2.16032 0.0153144 0.490926 2.29732 -2.38651 -0.718461 -2.153 -0.0349598 0.0290641 0.103 -0.00557937 0.00836821 0.00731874 0.112588 0.574713 0.0600883 0.391691 2.25912 -2.80948 -0.595368 -1.97408 0.00981416 -0.0701706 0.0648039 -0.428548 0.131462 0.186242 0.0960196 21.1993 0.999073 -1.81905 3.03477 -0.0122198 -0.109255 2.76391 0.0666116 -1.40848 0.951586 -0.189716 0.402779 1.54983
419.833 0.053063 0.464743 2.19423 -2.38186 -0.735385 -2.16389 0.0191484 0.488698 2.27299 -2.36696 -0.712335 -2.14147 -0.0339147 0.0239551 0.0787682 0.0149073 0.0230505 0.0224218 0.089042 2.36165 0.0634928 0.393206 2.26245 -2.80964 -0.595321 -1.97359 0.0104297 -0.0715368 0.0682273 -0.42778 0.140065 0.190294 0.0994045 21.2487 0.999565 -1.82099 3.03825 -0.0116215 -0.109624 2.76422 0.0692695 -1.40981 0.953835 -0.198561 0.399184 1.54689
420.118 0.056107 0.469075 2.19406 -2.38173 -0.748123 -2.1689 0.0208265 0.484806 2.24591 -2.37622 -0.783056 -2.17535 -0.0352805 0.015731 0.0518452 0.00550865 -0.034933 -0.00644573 0.0646537 2.02004 0.0685584 0.395798 2.2676 -2.80941 -0.596201 -1.97353 0.0124514 -0.0732769 0.0735409 -0.427684 0.151922 0.195366 0.10456 21.3788 0.999678 -1.82407 3.04331 -0.0112339 -0.110058 2.76462 0.0728652 -1.41207 0.956939 -0.211924 0.394994 1.54182
420.424 0.0578949 0.471929 2.19401 -2.38165 -0.757549 -2.17179 0.0247529 0.48883 2.24637 -2.37718 -0.785738 -2.17519 -0.0331419 0.0169006 0.0523641 0.0044696 -0.0281895 -0.00339598 0.0642341 1.62558 0.0717951 0.396658 2.27057 -2.80908 -0.596821 -1.97358 0.0139002 -0.0752714 0.0765619 -0.427431 0.160728 0.198205 0.108262 21.491 0.999383 -1.82673 3.04729 -0.0112382 -0.110071 2.76489 0.0755177 -1.41407 0.959338 -0.222041 0.392068 1.53729
420.74 0.0601439 0.473529 2.19405 -2.38398 -0.765854 -2.17269 0.0257828 0.493501 2.24972 -2.34398 -0.769455 -2.19188 -0.034361 0.0199723 0.0556702 0.039995 -0.00360116 -0.0191909 0.0684013 1.73303 0.0742214 0.397919 2.27278 -2.80868 -0.597549 -1.97384 0.0140775 -0.0756095 0.0787306 -0.424698 0.168305 0.198848 0.110061 21.4999 0.998772 -1.82966 3.05122 -0.0110884 -0.109491 2.76511 0.0780231 -1.41624 0.961729 -0.230883 0.388347 1.53252
421.009 0.0642701 0.474978 2.19388 -2.39279 -0.773938 -2.16938 0.0289049 0.498156 2.26645 -2.39517 -0.79941 -2.18815 -0.0353653 0.0231787 0.0725687 -0.00238003 -0.0254713 -0.018764 0.0839891 1.87388 0.0793389 0.399528 2.2776 -2.80883 -0.598232 -1.97407 0.0150688 -0.0754495 0.0837156 -0.416037 0.175706 0.195311 0.113701 21.2959 0.99746 -1.83397 3.05606 -0.0104504 -0.108485 2.76531 0.0809021 -1.41923 0.9648 -0.238202 0.381254 1.5265
421.3 0.067771 0.476277 2.19346 -2.40298 -0.777445 -2.16375 0.032611 0.49689 2.24733 -2.37911 -0.791099 -2.17485 -0.03516 0.0206128 0.0538712 0.0238682 -0.0136532 -0.0111058 0.0675516 1.28755 0.0841201 0.399445 2.28237 -2.80923 -0.598703 -1.97418 0.0163491 -0.0768319 0.0889162 -0.406246 0.178742 0.189563 0.118644 20.9855 0.996097 -1.83744 3.05935 -0.00983803 -0.10792 2.76539 0.0826141 -1.4215 0.967032 -0.239893 0.374683 1.52252
421.596 0.0710641 0.478235 2.19278 -2.41416 -0.778962 -2.15642 0.0365414 0.496967 2.24768 -2.38155 -0.792094 -2.17349 -0.0345227 0.018732 0.0549012 0.0326026 -0.0131327 -0.0170704 0.0675045 1.55821 0.0900945 0.39893 2.28324 -2.80925 -0.599912 -1.97464 0.0190304 -0.0793047 0.0904615 -0.395094 0.179049 0.181781 0.121798 20.5746 0.994416 -1.84107 3.0624 -0.00934289 -0.107735 2.7654 0.083897 -1.4238 0.969233 -0.238826 0.368138 1.51898
422.242 0.0771764 0.484055 2.19072 -2.4351 -0.777101 -2.13897 0.0444171 0.515423 2.29923 -2.43218 -0.754412 -2.13339 -0.0327593 0.0313678 0.108515 0.00291985 0.022689 0.00557691 0.117612 1.37629 0.0978342 0.402425 2.28836 -2.80867 -0.602966 -1.97627 0.0206578 -0.08163 0.097644 -0.373572 0.174136 0.162698 0.128936 19.7043 0.990212 -1.8487 3.0677 -0.00851466 -0.10856 2.76518 0.0849814 -1.42851 0.973414 -0.2304 0.358361 1.51296
422.531 0.0820341 0.487596 2.18937 -2.44645 -0.773693 -2.1273 0.0484434 0.519566 2.29979 -2.43335 -0.757087 -2.13313 -0.0335907 0.0319697 0.110422 0.0130931 0.0166061 -0.00582652 0.119764 1.1103 0.100547 0.403608 2.29192 -2.8087 -0.605156 -1.97698 0.0185127 -0.0839881 0.102543 -0.362252 0.168537 0.15032 0.133835 19.2056 0.986941 -1.85401 3.07067 -0.00755158 -0.109322 2.7649 0.0845212 -1.43168 0.976034 -0.222571 0.354996 1.50959
422.85 0.0861252 0.490155 2.18844 -2.45275 -0.771327 -2.11974 0.0519955 0.517676 2.27825 -2.41555 -0.748785 -2.12041 -0.0341297 0.0275212 0.0898129 0.0372012 0.0225418 -0.000668826 0.099943 2.4699 0.102374 0.403934 2.29493 -2.80879 -0.606371 -1.97719 0.0162485 -0.086221 0.106486 -0.356036 0.164956 0.142553 0.137976 18.9367 0.984336 -1.85806 3.07264 -0.00656879 -0.110076 2.76464 0.0835554 -1.43404 0.977913 -0.217095 0.354111 1.50729
423.151 0.0926324 0.493222 2.18742 -2.4581 -0.769513 -2.11203 0.0560084 0.520868 2.27918 -2.44021 -0.722961 -2.10553 -0.036624 0.0276456 0.0917569 0.0178921 0.0465517 0.00649883 0.102591 2.97019 0.108145 0.405451 2.29825 -2.80875 -0.607557 -1.97778 0.0155126 -0.0877708 0.110828 -0.350645 0.161956 0.134253 0.142223 18.733 0.980779 -1.8635 3.07496 -0.00468642 -0.111253 2.76425 0.0814535 -1.43714 0.980294 -0.211513 0.354882 1.50447

423.792 0.0992534 0.496622 2.18668 -2.45625 -0.770123 -2.10697 0.0668754 0.52544 2.27746 -2.45839 -0.773015 -2.10012 -0.032378 0.0288184 0.0907779 -0.00213674 -0.00289251 0.006846 0.100596 0.359365 0.117505 0.41013 2.30308 -2.808 -0.608693 -1.97929 0.0182519 -0.0864922 0.116398 -0.351748 0.161429 0.127678 0.146159 18.8719 0.975584 -1.87148 3.07789 -0.00300578 -0.113182 2.76373 0.0766721 -1.44175 0.983686 -0.208773 0.360489 1.50046
424.057 0.104144 0.496493 2.18687 -2.45234 -0.772755 -2.10656 0.070875 0.527602 2.2782 -2.46215 -0.773632 -2.09836 -0.0332687 0.0311088 0.0913249 -0.00981277 -0.000876606 0.0081987 0.102053 0.413068 0.123044 0.412972 2.30639 -2.80938 -0.609127 -1.97909 0.0189007 -0.083521 0.119511 -0.357034 0.163628 0.127464 0.147024 19.1752 0.973163 -1.8753 3.07932 -0.0015333 -0.113618 2.76417 0.07368 -1.44409 0.985433 -0.210739 0.365442 1.49848
424.646 0.208826 0.455249 2.18977 -2.50407 -0.793078 -2.0644 0.118854 0.510678 2.28262 -2.49669 -0.77605 -2.07748 -0.0899721 0.0554286 0.0928535 0.00738043 0.017028 -0.0130882 0.140674 1.11592 0.237683 0.379148 2.30723 -2.83457 -0.623761 -1.96995 0.0288578 -0.0761014 0.117462 -0.3305 0.169317 0.0944424 0.142904 18.6386 0.968223 -1.88189 3.0848 0.0361554 -0.0971393 2.7874 0.0657718 -1.44944 0.991358 -0.22564 0.376767 1.49098
424.962 0.262002 0.435865 2.18883 -2.54568 -0.811277 -2.01872 0.175086 0.490944 2.2882 -2.51736 -0.803238 -2.06315 -0.0869161 0.0550791 0.0993706 0.0283263 0.00803942 -0.044432 0.143048 1.83227 0.294911 0.362117 2.30202 -2.83915 -0.629883 -1.96519 0.032909 -0.0737477 0.113189 -0.293465 0.181394 0.0535363 0.139045 18.1976 0.965745 -1.88094 3.08879 0.0501581 -0.0886854 2.81468 0.0611236 -1.45193 0.99502 -0.240322 0.37549 1.48184
425.288 0.289584 0.430956 2.18699 -2.57833 -0.826642 -1.97734 0.225448 0.466586 2.27184 -2.53585 -0.790809 -2.02804 -0.0641363 0.0356298 0.08485 0.0424897 0.0358325 -0.0506946 0.112172 2.8888 0.334847 0.35826 2.29672 -2.8385 -0.631367 -1.96172 0.0452627 -0.0726962 0.109725 -0.26017 0.195275 0.0156182 0.139187 18.157 0.96389 -1.87669 3.09206 0.0540891 -0.0855144 2.83996 0.057697 -1.45332 0.997494 -0.252023 0.369844 1.47383
425.573 0.314889 0.43023 2.18427 -2.61582 -0.841891 -1.93089 0.262065 0.463764 2.29708 -2.58067 -0.801495 -1.96865 -0.052824 0.0335348 0.112811 0.0351433 0.0403964 -0.0377615 0.129001 2.77671 0.37002 0.360482 2.2914 -2.83757 -0.630687 -1.95814 0.0551306 -0.0697474 0.10713 -0.221751 0.211205 -0.0272546 0.139216 18.3408 0.961904 -1.86909 3.0955 0.0565956 -0.0832975 2.86878 0.0544382 -1.45415 0.999571 -0.263233 0.360931 1.46725
426.191 0.355569 0.443843 2.17643 -2.69515 -0.869173 -1.83907 0.311732 0.459152 2.25009 -2.64176 -0.839823 -1.88798 -0.0438373 0.0153088 0.0736592 0.0533918 0.0293497 -0.048911 0.0870732 2.6655 0.446492 0.382944 2.27441 -2.82587 -0.627396 -1.95732 0.0909233 -0.0608991 0.0979823 -0.130726 0.241777 -0.118248 0.146889 19.0419 0.956271 -1.83743 3.10412 0.0574654 -0.0827784 2.94539 0.048035 -1.4527 1.00279 -0.284227 0.329109 1.46964
426.485 0.378113 0.457749 2.17025 -2.74869 -0.883118 -1.78599 0.332338 0.463447 2.22364 -2.66408 -0.87375 -1.84996 -0.0457744 0.00569882 0.0533975 0.0846082 0.00936784 -0.0639712 0.0705625 3.14087 0.474719 0.396793 2.26843 -2.82674 -0.625446 -1.94988 0.0966061 -0.0609552 0.0981804 -0.0780494 0.257672 -0.163892 0.150624 19.5751 0.953294 -1.81778 3.10807 0.0569223 -0.08273 2.98101 0.046038 -1.44995 1.00352 -0.291251 0.311339 1.48119
426.805 0.391869 0.469234 2.16558 -2.78594 -0.891132 -1.75346 0.358497 0.484243 2.26632 -2.73968 -0.869788 -1.79493 -0.0333714 0.0150091 0.10074 0.046256 0.0213444 -0.0414757 0.107179 2.11044 0.509006 0.412396 2.26515 -2.82114 -0.619626 -1.95305 0.117138 -0.0568377 0.0995673 -0.0352083 0.271506 -0.199591 0.163907 20.1923 0.949907 -1.79447 3.1122 0.0558799 -0.0824087 3.01765 0.0445272 -1.44553 1.00396 -0.297086 0.292436 1.49888
427.14 0.401397 0.482496 2.16104 -2.81881 -0.897573 -1.72608 0.374646 0.499205 2.26241 -2.79781 -0.88868 -1.76004 -0.0267511 0.0167093 0.101368 0.0210038 0.00889306 -0.0339618 0.106161 1.35855 0.533596 0.430617 2.25968 -2.8204 -0.614757 -1.94808 0.132199 -0.0518787 0.0986349 -0.00158878 0.282816 -0.222001 0.172907 20.6128 0.946049 -1.76752 3.11664 0.0536564 -0.0821218 3.05476 0.0434929 -1.43921 1.00427 -0.301961 0.27381 1.52138
427.449 0.40994 0.501054 2.15537 -2.85451 -0.904299 -1.697 0.383368 0.509814 2.24392 -2.7811 -0.882854 -1.75069 -0.0265716 0.00876041 0.0885502 0.0734061 0.0214457 -0.0536939 0.0928652 2.9143 0.559155 0.45332 2.25494 -2.81782 -0.606677 -1.94438 0.149216 -0.0477343 0.0995715 0.0366926 0.297623 -0.247382 0.18563 21.2971 0.940059 -1.72606 3.12321 0.0501751 -0.081472 3.10448 0.0428039 -1.42747 1.00472 -0.307635 0.252277 1.55562
427.73 0.412945 0.516328 2.15141 -2.87421 -0.908774 -1.67882 0.393466 0.526575 2.24023 -2.83982 -0.899196 -1.71659 -0.0194794 0.0102464 0.0888196 0.0343879 0.00957762 -0.0377685 0.091506 1.4714 0.58103 0.471092 2.25042 -2.81683 -0.60067 -1.94019 0.168084 -0.0452366 0.0990165 0.05738 0.308103 -0.261371 0.200257 21.8422 0.934848 -1.69097 3.1287 0.0471052 -0.0811779 3.14132 0.0427384 -1.41595 1.00518 -0.311692 0.240429 1.58205
428.361 0.417014 0.548292 2.14366 -2.8983 -0.917877 -1.64488 0.397684 0.558274 2.21471 -2.86859 -0.91478 -1.68147 -0.0193295 0.00998241 0.071051 0.0297111 0.00309698 -0.0365958 0.074307 1.28907 0.609963 0.504994 2.24551 -2.81571 -0.589694 -1.93544 0.19295 -0.0432976 0.101849 0.0825909 0.328183 -0.29056 0.222435 23.2813 0.922353 -1.61113 3.14104 0.0427509 -0.0808461 -3.07041 0.0434781 -1.38519 1.00652 -0.320921 0.231778 1.63027
428.635 0.413675 0.572858 2.13902 -2.8994 -0.925178 -1.62394 0.40565 0.586391 2.24826 -2.94043 -0.910497 -1.63211 -0.00802493 0.0135323 0.109241 -0.0410338 0.014681 -0.00816478 0.110368 2.86375 0.628342 0.527053 2.24412 -2.80845 -0.581936 -1.94561 0.214668 -0.0458054 0.105099 0.0909525 0.343241 -0.321662 0.243364 24.855 0.912377 -1.55116 3.15011 0.039119 -0.0819813 -3.02556 0.0442805 -1.35851 1.00775 -0.328123 0.238504 1.65645
428.926 0.410179 0.588883 2.13623 -2.89315 -0.928463 -1.60939 0.399315 0.60136 2.22378 -2.90061 -0.935732 -1.62846 -0.0108638 0.0124769 0.0875523 -0.00745378 -0.00726938 -0.0190734 0.0891016 1.51646 0.636765 0.543419 2.24297 -2.80802 -0.577556 -1.94648 0.226587 -0.0454641 0.10674 0.0851365 0.350907 -0.337088 0.254562 25.8328 0.904043 -1.50291 3.15703 0.0367473 -0.082005 -2.99358 0.044729 -1.33507 1.00882 -0.332678 0.250018 1.67311
429.208 0.402386 0.611555 2.13258 -2.87538 -0.930062 -1.59269 0.392348 0.616866 2.20633 -2.87793 -0.931489 -1.62673 -0.0100382 0.00531113 0.0737542 -0.00255156 -0.00142678 -0.034043 0.0746234 2.07132 0.638539 0.564083 2.24204 -2.80734 -0.573668 -1.94787 0.236153 -0.0474714 0.109459 0.0680411 0.356394 -0.355184 0.264581 27.0689 0.891815 -1.43454 3.16602 0.033267 -0.0831291 -2.95344 0.0446774 -1.29912 1.01034 -0.335598 0.272747 1.69292
429.494 0.393982 0.627623 2.13027 -2.85479 -0.927464 -1.58366 0.390251 0.642519 2.22166 -2.8585 -0.936524 -1.60432 -0.00373088 0.0148957 0.0913896 -0.00370348 -0.00906069 -0.020661 0.0926707 1.45562 0.648154 0.577675 2.24246 -2.80299 -0.569028 -1.95745 0.254172 -0.0499475 0.112195 0.0518033 0.358436 -0.373786 0.282287 28.2347 0.881858 -1.38045 3.17231 0.0302338 -0.0841167 -2.92536 0.043836 -1.26863 1.0115 -0.334252 0.29474 1.70726
429.805 0.386714 0.640143 2.12845 -2.82904 -0.920012 -1.57815 0.384281 0.665694 2.23752 -2.84176 -0.91274 -1.58851 -0.00243286 0.025551 0.10907 -0.0127212 0.00727218 -0.0103567 0.112049 1.32027 0.645254 0.591419 2.24305 -2.80315 -0.566873 -1.95716 0.258541 -0.0487238 0.114599 0.0258905 0.35314 -0.379003 0.286967 28.8852 0.871293 -1.32414 3.17805 0.0277481 -0.0841659 -2.89878 0.0420387 -1.23517 1.01269 -0.329305 0.32034 1.72215
430.098 0.376677 0.650396 2.1274 -2.79894 -0.908254 -1.57509 0.370078 0.674175 2.2109 -2.81166 -0.910616 -1.59087 -0.00659882 0.0237787 0.0835028 -0.0127243 -0.00236249 -0.015778 0.0870729 1.55167 0.64341 0.602295 2.24289 -2.80459 -0.56501 -1.95376 0.266733 -0.0481014 0.115495 -0.00565518 0.343244 -0.378669 0.294618 29.3674 0.860147 -1.26578 3.18315 0.0246388 -0.0837963 -2.87368 0.0390569 -1.19883 1.01392 -0.32059 0.348667 1.73819
430.42 0.368051 0.656348 2.12695 -2.75705 -0.884979 -1.57293 0.355043 0.675478 2.17781 -2.77277 -0.940108 -1.59036 -0.0130079 0.01913 0.0508563 -0.0157259 -0.0551294 -0.0174239 0.0558706 3.63432 0.643824 0.605671 2.24695 -2.79936 -0.557641 -1.97001 0.275774 -0.0506767 0.119996 -0.0423174 0.327338 -0.397082 0.304989 30.7195 0.84438 -1.18509 3.18893 0.0224284 -0.081096 -2.84167 0.0328853 -1.14615 1.0157 -0.303579 0.38982 1.76189
430.759 0.361826 0.65835 2.12706 -2.72435 -0.864205 -1.57232 0.360163 0.707131 2.25734 -2.79698 -0.864528 -1.56124 -0.00166224 0.0487811 0.130285 -0.0726258 -0.000322809 0.0110767 0.139128 3.70137 0.635509 0.608291 2.24826 -2.80084 -0.554315 -1.97089 0.273683 -0.0500587 0.121202 -0.0764897 0.30989 -0.398571 0.303477 31.3425 0.831798 -1.12258 3.19251 0.0206976 -0.07878 -2.81852 0.0263762 -1.1037 1.01714 -0.28756 0.421831 1.78153
431.064 0.354543 0.658998 2.12752 -2.69253 -0.842135 -1.57168 0.341684 0.688613 2.1892 -2.73861 -0.884943 -1.55624 -0.0128589 0.0296158 0.0616822 -0.0460747 -0.0428082 0.0154391 0.0696214 3.19623 0.63122 0.610106 2.24768 -2.80201 -0.551465 -1.97068 0.276677 -0.0488918 0.120159 -0.109479 0.29067 -0.399 0.305579 31.9337 0.818482 -1.05855 3.19543 0.0183969 -0.0765398 -2.79596 0.0180688 -1.05889 1.01865 -0.269576 0.45297 1.80275
431.378 0.346971 0.655952 2.12869 -2.65395 -0.810907 -1.57003 0.333319 0.688114 2.18459 -2.73065 -0.916194 -1.55514 -0.0136524 0.0321613 0.0559083 -0.0766951 -0.105287 0.014894 0.0659278 7.12089 0.619653 0.607743 2.25073 -2.80105 -0.546016 -1.97674 0.272681 -0.0482093 0.122046 -0.147096 0.264891 -0.406705 0.302613 32.9759 0.799453 -0.97108 3.19825 0.0153904 -0.072827 -2.76635 0.00394441 -0.995835 1.02071 -0.243751 0.491214 1.83313
431.662 0.341813 0.652872 2.1296 -2.62946 -0.788728 -1.56741 0.331565 0.696445 2.21696 -2.67245 -0.835346 -1.55002 -0.0102483 0.0435737 0.0873588 -0.0429889 -0.046618 0.0173982 0.0981593 3.26027 0.614951 0.602787 2.25351 -2.79571 -0.540705 -1.99215 0.273138 -0.0500851 0.12391 -0.166245 0.248023 -0.42473 0.304083 34.1644 0.784116 -0.904142 3.19965 0.0130935 -0.0704656 -2.74433 -0.00906516 -0.946366 1.02226 -0.224332 0.516408 1.85693
432.034 0.339293 0.647836 2.13069 -2.60948 -0.768653 -1.56389 0.328969 0.701487 2.24537 -2.67116 -0.810022 -1.53575 -0.010324 0.053651 0.114675 -0.0616891 -0.0413692 0.0281474 0.127025 3.55193 0.611774 0.598555 2.25331 -2.79767 -0.537884 -1.99284 0.272481 -0.0492804 0.122615 -0.188199 0.230769 -0.428945 0.302835 34.8372 0.767762 -0.836242 3.20054 0.0115308 -0.0678241 -2.72219 -0.0241686 -0.895285 1.02377 -0.20679 0.538267 1.88095
432.303 0.339746 0.639079 2.13237 -2.58906 -0.747155 -1.55899 0.319377 0.681298 2.19921 -2.60008 -0.780448 -1.56239 -0.0203693 0.042219 0.0668395 -0.0110198 -0.0332922 -0.0033998 0.0816386 2.06033 0.607959 0.589894 2.25533 -2.79767 -0.533379 -2.00095 0.268213 -0.0491844 0.122962 -0.208609 0.213777 -0.441958 0.299127 35.9433 0.744191 -0.744459 3.2011 0.0100575 -0.0640985 -2.69207 -0.0475701 -0.825019 1.02568 -0.188795 0.561221 1.91246
432.61 0.339781 0.63282 2.13378 -2.57727 -0.736444 -1.55574 0.317615 0.67302 2.20042 -2.60018 -0.804553 -1.55935 -0.0221665 0.0401993 0.0666418 -0.0229049 -0.0681093 -0.00361584 0.0809226 4.16791 0.605919 0.581066 2.25997 -2.79136 -0.52919 -2.01705 0.266138 -0.0517543 0.126196 -0.214089 0.207254 -0.461313 0.299054 37.0063 0.725024 -0.674852 3.20114 0.00820016 -0.0618177 -2.669 -0.0675758 -0.770972 1.02699 -0.180241 0.573551 1.93526
432.963 0.339145 0.626321 2.13552 -2.56727 -0.730285 -1.55336 0.320913 0.668123 2.20946 -2.55433 -0.723022 -1.57124 -0.0182316 0.0418018 0.0739359 0.0129373 0.00726279 -0.0178866 0.0868695 0.873573 0.60108 0.575951 2.26122 -2.7922 -0.526884 -2.01747 0.261936 -0.0503706 0.125696 -0.224931 0.203401 -0.464116 0.294868 37.5202 0.704459 -0.604747 3.20098 0.00566937 -0.0596794 -2.64557 -0.0896305 -0.716041 1.02822 -0.17648 0.582544 1.95707
433.273 0.340713 0.618631 2.13751 -2.55843 -0.727875 -1.55196 0.313954 0.649959 2.17461 -2.53598 -0.75312 -1.5656 -0.0267582 0.0313283 0.0371083 0.0224571 -0.0252449 -0.0136456 0.0554481 1.73257 0.605013 0.566025 2.26204 -2.78662 -0.521788 -2.03265 0.264301 -0.0526054 0.124531 -0.228183 0.206087 -0.48069 0.296867 38.5409 0.682401 -0.534317 3.20073 0.00353687 -0.0571906 -2.62163 -0.113663 -0.660506 1.02941 -0.177427 0.589841 1.97784
433.554 0.345882 0.607368 2.14024 -2.54687 -0.729211 -1.55125 0.323756 0.657551 2.23575 -2.55379 -0.723485 -1.55183 -0.0221265 0.0501828 0.0955055 -0.00691503 0.00572536 -0.000576979 0.110133 0.53229 0.604111 0.554247 2.26421 -2.786 -0.518259 -2.03734 0.258229 -0.0531212 0.123971 -0.239125 0.210952 -0.486082 0.291329 39.3695 0.650479 -0.440194 3.20027 0.00146195 -0.0536048 -2.58881 -0.148652 -0.585982 1.03092 -0.184505 0.598988 2.0043
433.851 0.34779 0.601451 2.1421 -2.53561 -0.733471 -1.55233 0.322343 0.637236 2.19943 -2.53894 -0.75045 -1.54398 -0.0254465 0.035785 0.0573215 -0.00332431 -0.016979 0.00834157 0.072207 1.04305 0.595921 0.549533 2.26497 -2.78688 -0.517058 -2.03502 0.248131 -0.0519185 0.122865 -0.251267 0.216413 -0.482698 0.28171 39.8298 0.6245 -0.369644 3.19984 -0.00131981 -0.0520021 -2.56388 -0.17701 -0.530028 1.03196 -0.192539 0.60607 2.02376
434.162 0.352255 0.593863 2.14404 -2.52435 -0.737911 -1.55403 0.325977 0.629145 2.198 -2.54018 -0.746618 -1.54295 -0.0262781 0.0352814 0.0539569 -0.015834 -0.00870691 0.0110753 0.069618 0.834625 0.597536 0.540921 2.26616 -2.7859 -0.513329 -2.04092 0.245281 -0.052942 0.122113 -0.261555 0.224582 -0.486889 0.279065 40.6431 0.587007 -0.275962 3.19915 -0.00379596 -0.0489003 -2.53002 -0.207071 -0.474228 1.03296 -0.201881 0.613466 2.04327
434.456 0.35755 0.585577 2.14621 -2.51028 -0.744956 -1.5573 0.33405 0.628414 2.23283 -2.52166 -0.741694 -1.56602 -0.0235 0.0428361 0.0866213 -0.0113785 0.00326167 -0.00871837 0.0994506 1.07265 0.60652 0.534623 2.26492 -2.78477 -0.509683 -2.04661 0.24897 -0.0509547 0.118717 -0.274494 0.235272 -0.489305 0.280493 41.5426 0.556643 -0.206197 3.1985 -0.00641878 -0.0470397 -2.50433 -0.249665 -0.400197 1.03407 -0.214898 0.621159 2.07025
435.025 0.36805 0.571733 2.14884 -2.50205 -0.753199 -1.56129 0.343538 0.609643 2.2248 -2.51383 -0.772291 -1.53386 -0.024512 0.0379095 0.0759643 -0.0117798 -0.0190913 0.0274281 0.088366 1.62967 0.610211 0.524576 2.26217 -2.78774 -0.505796 -2.04499 0.242161 -0.0471567 0.11333 -0.285692 0.247403 -0.483705 0.271495 41.9968 0.489871 -0.0686824 3.19654 -0.0107633 -0.0416232 -2.45162 -0.318618 -0.290177 1.03489 -0.231759 0.620895 2.11484
435.294 0.371163 0.567169 2.14975 -2.50503 -0.758632 -1.563 0.343988 0.593528 2.19052 -2.4741 -0.765386 -1.57575 -0.0271754 0.0263587 0.0407681 0.0309341 -0.00675399 -0.0127525 0.0556356 1.42711 0.60615 0.521678 2.26178 -2.78775 -0.504746 -2.04127 0.234987 -0.0454906 0.112028 -0.282715 0.253886 -0.478266 0.26427 41.7346 0.440724 0.0209221 3.19486 -0.0158079 -0.0390782 -2.41608 -0.367698 -0.217717 1.03469 -0.239873 0.610975 2.1474
435.608 0.375429 0.564836 2.14966 -2.51468 -0.761634 -1.56197 0.358607 0.612461 2.27123 -2.53983 -0.793622 -1.52861 -0.0168217 0.047625 0.12157 -0.0251523 -0.0319884 0.0333637 0.131645 2.2855 0.610134 0.521842 2.25605 -2.79069 -0.504956 -2.03402 0.234705 -0.0429949 0.106383 -0.276017 0.256678 -0.472048 0.261251 41.1956 0.401478 0.0867082 3.19345 -0.0188215 -0.0371655 -2.38917 -0.406061 -0.163946 1.03417 -0.243722 0.598473 2.17298
435.906 0.379135 0.564737 2.14899 -2.52931 -0.764617 -1.55945 0.358312 0.598011 2.23217 -2.4966 -0.758664 -1.57579 -0.0208232 0.0332737 0.0831793 0.0327061 0.00595287 -0.0163438 0.0919757 1.4432 0.612643 0.518788 2.25398 -2.78739 -0.502183 -2.04232 0.233508 -0.0459491 0.104987 -0.258081 0.262434 -0.482872 0.260115 41.078 0.360243 0.15109 3.19196 -0.0221604 -0.0357221 -2.36225 -0.445702 -0.110683 1.03332 -0.246205 0.581673 2.19917
436.185 0.384697 0.56489 2.14786 -2.54984 -0.767226 -1.55542 0.362301 0.598159 2.23273 -2.49893 -0.758217 -1.57424 -0.0223958 0.0332692 0.0848662 0.0509102 0.00900939 -0.0188273 0.0938653 2.36447 0.612389 0.517739 2.24783 -2.78897 -0.501579 -2.03789 0.227692 -0.0471508 0.0999679 -0.239136 0.265647 -0.48247 0.253101 40.3218 0.3171 0.213924 3.19034 -0.0248787 -0.0338736 -2.33529 -0.486596 -0.0579203 1.0321 -0.248015 0.560582 2.22572
436.799 0.398283 0.570035 2.14323 -2.61444 -0.773241 -1.54086 0.377583 0.607491 2.26032 -2.60739 -0.801217 -1.54045 -0.0207003 0.0374563 0.117088 0.0070486 -0.0279764 0.000410351 0.124664 1.65729 0.611558 0.516264 2.24273 -2.78869 -0.498695 -2.03594 0.213275 -0.0537712 0.0994942 -0.174256 0.274546 -0.495079 0.241405 38.4993 0.209491 0.353836 3.18593 -0.0306625 -0.0297398 -2.27276 -0.586931 0.0630008 1.02769 -0.250281 0.498186 2.28858
437.107 0.407113 0.574097 2.14027 -2.64733 -0.775649 -1.53338 0.382412 0.603427 2.23081 -2.64813 -0.762951 -1.54189 -0.0247002 0.0293295 0.0905445 -0.000797953 0.0126978 -0.00850758 0.0983292 0.894381 0.610291 0.517855 2.24099 -2.79031 -0.499033 -2.03064 0.203178 -0.0562427 0.100723 -0.142986 0.276617 -0.497259 0.233645 37.4455 0.1606 0.410692 3.18392 -0.0323772 -0.0278869 -2.24603 -0.647374 0.130427 1.02455 -0.251074 0.457977 2.32457
438.573 0.451438 0.620561 2.11653 -2.82909 -0.790333 -1.49152 0.420716 0.638856 2.19227 -2.80882 -0.818109 -1.48278 -0.0307227 0.0182948 0.0757391 0.0202659 -0.0277762 0.00874082 0.0837556 2.22915 0.613671 0.532296 2.21479 -2.77792 -0.491124 -2.03381 0.162233 -0.0882644 0.0982536 0.0511681 0.29921 -0.542289 0.209198 33.9285 -0.142961 0.694794 3.17449 -0.0445618 -0.0195912 -2.09694 -0.91197 0.382222 1.01202 -0.257168 0.29934 2.46845
439.117 0.476533 0.641138 2.10452 -2.88894 -0.796076 -1.4819 0.442922 0.660216 2.17439 -2.82285 -0.789512 -1.50036 -0.0336104 0.019078 0.0698719 0.0660906 0.00656377 -0.0184646 0.079848 3.14523 0.621672 0.538107 2.20347 -2.77493 -0.486473 -2.04 0.145139 -0.103032 0.0989565 0.114009 0.309603 -0.558103 0.20365 33.462 -0.258384 0.779084 3.17092 -0.0447193 -0.0167493 -2.04528 -1.02029 0.466472 1.00711 -0.262081 0.24548 2.52533
439.433 0.490416 0.65847 2.09581 -2.92329 -0.801038 -1.47782 0.469347 0.684896 2.21422 -2.91239 -0.792206 -1.47041 -0.0210696 0.0264257 0.118418 0.0109059 0.00883189 0.00741442 0.123147 1.0986 0.616409 0.548594 2.19641 -2.77508 -0.485986 -2.03858 0.125993 -0.109876 0.100606 0.148214 0.315052 -0.560763 0.195112 33.0321 -0.337323 0.830756 3.16837 -0.0458321 -0.0162095 -2.01104 -1.09493 0.518459 1.00384 -0.265609 0.212905 2.56404
439.959 0.513543 0.688828 2.08066 -2.96868 -0.810671 -1.47417 0.482095 0.700318 2.15487 -2.9764 -0.85981 -1.4545 -0.0314485 0.0114905 0.0742156 -0.00772007 -0.0491393 0.0196675 0.0814186 2.94158 0.60612 0.569551 2.18365 -2.77378 -0.486416 -2.03702 0.0925768 -0.119277 0.102987 0.194902 0.324255 -0.562846 0.182767 32.5667 -0.478882 0.912984 3.16448 -0.0472778 -0.0155728 -1.95198 -1.22897 0.599819 0.998697 -0.27362 0.169048 2.63029
440.679 0.534822 0.728965 2.06295 -2.99116 -0.825899 -1.47645 0.507638 0.744021 2.12386 -2.97439 -0.803921 -1.47853 -0.0271839 0.0150564 0.0609131 0.0167689 0.0219784 -0.00207779 0.0683817 1.53519 0.595564 0.589914 2.1668 -2.76559 -0.483649 -2.04759 0.0607422 -0.139051 0.103849 0.22557 0.34225 -0.571138 0.183873 33.0131 -0.666168 1.00471 3.16116 -0.0493505 -0.0177287 -1.87906 -1.40467 0.68335 0.993382 -0.285562 0.14381 2.7093
440.913 0.541811 0.743727 2.05663 -2.99057 -0.833057 -1.47993 0.519656 0.761108 2.12758 -2.98804 -0.84125 -1.46017 -0.0221545 0.017381 0.0709535 0.00252481 -0.00819244 0.0197606 0.0763369 1.32913 0.589688 0.595776 2.15764 -2.7635 -0.481892 -2.05279 0.047877 -0.14795 0.101014 0.227064 0.351165 -0.572862 0.185433 33.3334 -0.750929 1.04102 3.16 -0.0495374 -0.0189058 -1.84812 -1.48285 0.712116 0.991155 -0.291532 0.142232 2.74228
441.164 0.544808 0.75265 2.05318 -2.98647 -0.838058 -1.48434 0.521516 0.767323 2.10144 -2.98889 -0.846442 -1.47651 -0.0232921 0.0146728 0.0482574 -0.00242361 -0.00838432 0.00782684 0.0555571 0.598725 0.583566 0.601904 2.14957 -2.76558 -0.482084 -2.05043 0.0387581 -0.150746 0.0963878 0.220886 0.355973 -0.566093 0.183077 33.2664 -0.815036 1.06665 3.159 -0.049944 -0.01964 -1.82573 -1.54123 0.730171 0.989321 -0.295877 0.143335 2.76663
442.339 0.554552 0.763476 2.04837 -2.96651 -0.857737 -1.5122 0.529057 0.786542 2.0772 -3.00588 -0.913796 -1.46328 -0.025495 0.0230658 0.0288307 -0.0393735 -0.0560595 0.0489179 0.0448691 3.66928 0.568522 0.607291 2.12133 -2.76635 -0.478593 -2.06271 0.0139698 -0.156185 0.0729608 0.200158 0.379144 -0.550511 0.172952 33.6433 -1.09754 1.16328 3.15134 -0.0460422 -0.0191678 -1.73233 -1.78828 0.77395 0.978203 -0.317083 0.150774 2.87467
442.646 0.554866 0.761362 2.04918 -2.967 -0.864317 -1.51789 0.526416 0.772154 2.04854 -2.87067 -0.819223 -1.47825 -0.02845 0.0107921 -0.000635784 0.0963206 0.0450935 0.0396364 0.0304348 7.80887 0.564702 0.609533 2.11402 -2.7681 -0.478782 -2.0628 0.00983558 -0.151829 0.0648382 0.198896 0.385535 -0.544908 0.165387 33.6366 -1.16391 1.1823 3.14879 -0.0444536 -0.0186411 -1.71032 -1.8434 0.776579 0.974849 -0.324369 0.148514 2.90071
442.982 0.555807 0.75627 2.05133 -2.9714 -0.875751 -1.52434 0.535757 0.787358 2.08888 -2.91096 -0.850084 -1.53238 -0.0200495 0.0310883 0.0375558 0.0604394 0.0256668 -0.00803261 0.0527153 3.45604 0.559111 0.605738 2.10645 -2.77056 -0.478565 -2.06402 0.00330404 -0.150532 0.0551286 0.200844 0.397186 -0.539672 0.160344 33.7833 -1.25325 1.20565 3.14508 -0.0417625 -0.0176513 -1.68024 -1.91549 0.776206 0.969916 -0.336816 0.142974 2.93559
443.292 0.555463 0.752223 2.05317 -2.97814 -0.88611 -1.52729 0.527089 0.768259 2.05495 -2.87892 -0.845033 -1.53198 -0.0283742 0.0160363 0.00177072 0.0992183 0.0410774 -0.00468649 0.0326404 5.96647 0.563167 0.609668 2.09956 -2.7722 -0.479048 -2.06441 0.00770389 -0.142555 0.0463857 0.205941 0.407062 -0.537121 0.15011 33.9408 -1.32093 1.22161 3.14205 -0.0395444 -0.0173058 -1.65716 -1.96848 0.773198 0.965911 -0.347466 0.136697 2.96182
443.596 0.557167 0.745255 2.05522 -2.98999 -0.895669 -1.527 0.517029 0.75091 2.02289 -2.92098 -0.922918 -1.50199 -0.0401375 0.00565545 -0.0323302 0.0690135 -0.0272495 0.0250092 0.0518483 5.39136 0.563288 0.609522 2.09411 -2.77169 -0.477881 -2.07042 0.00612105 -0.135733 0.0388814 0.218295 0.417787 -0.54342 0.141325 34.3915 -1.38927 1.23616 3.13879 -0.0358497 -0.0160845 -1.63345 -2.02054 0.768004 0.961715 -0.358198 0.128714 2.98803
444.45 0.548055 0.723094 2.06525 -3.04349 -0.925695 -1.51523 0.516529 0.737093 2.04583 -2.94655 -0.968283 -1.57167 -0.0315258 0.013999 -0.0194146 0.0969323 -0.0425885 -0.0564415 0.0395825 4.25331 0.554518 0.614163 2.06903 -2.77313 -0.474452 -2.07621 0.006463 -0.10893 0.00378287 0.270352 0.451243 -0.560979 0.109187 35.6269 -1.6225 1.27363 3.12703 -0.0279771 -0.0141272 -1.55214 -2.18797 0.737205 0.946983 -0.389044 0.0912804 3.07507
445.229 0.53088 0.702155 2.0751 -3.10772 -0.938203 -1.49061 0.506173 0.711202 2.05103 -3.03789 -0.967816 -1.50079 -0.0247072 0.00904682 -0.0240692 0.0698294 -0.0296126 -0.0101807 0.0356597 3.92685 0.542701 0.610192 2.05115 -2.77392 -0.472806 -2.08061 0.0118211 -0.0919632 -0.0239514 0.3338 0.465397 -0.589998 0.0957634 36.6109 -1.86484 1.29192 3.11408 -0.0202084 -0.0141135 -1.46803 -2.34792 0.690815 0.931586 -0.400995 0.0520706 -3.12124
445.525 0.515666 0.696931 2.07917 -3.12434 -0.934801 -1.48378 0.499285 0.707286 2.06306 -3.01045 -0.929494 -1.49709 -0.0163812 0.0103553 -0.0161137 0.113893 0.00530652 -0.0133093 0.0252037 5.93855 0.536053 0.613136 2.04366 -2.77467 -0.473066 -2.07732 0.0203871 -0.083795 -0.0355098 0.349671 0.461735 -0.593537 0.093264 36.5197 -1.9643 1.2934 3.10858 -0.0196756 -0.0154454 -1.43484 -2.41061 0.669095 0.925309 -0.396115 0.0408451 -3.08699
446.1 0.498714 0.686185 2.08456 -3.13944 -0.916194 -1.47929 0.467414 0.688932 2.03817 -3.00137 -0.966146 -1.52489 -0.0312999 0.00274688 -0.0463922 0.138073 -0.049952 -0.0456001 0.056031 6.64594 0.529454 0.612778 2.03428 -2.77868 -0.474884 -2.07604 0.03074 -0.073407 -0.0502889 0.360754 0.441311 -0.596745 0.0941409 35.9078 -2.11554 1.28937 3.09977 -0.0163879 -0.0165121 -1.38574 -2.50404 0.633916 0.915823 -0.376668 0.0326748 -3.03609
447.067 0.47372 0.661731 2.09282 -3.13371 -0.856189 -1.48404 0.470731 0.709427 2.16843 -3.13465 -0.885108 -1.47983 -0.00298882 0.0476952 0.0756051 -0.000943854 -0.0289191 0.0042133 0.0894421 1.66929 0.515026 0.598665 2.01837 -2.78692 -0.476926 -2.07999 0.0413062 -0.0630668 -0.0744468 0.346789 0.379263 -0.595945 0.105953 34.1049 -2.37219 1.26546 3.08434 -0.00890051 -0.0144266 -1.30463 -2.6605 0.569929 0.900107 -0.319235 0.0430331 -2.95253
447.404 0.465668 0.655644 2.095 -3.12548 -0.835731 -1.4872 0.433573 0.655557 2.04234 -3.07729 -0.914269 -1.48936 -0.032095 -8.7036e-05 -0.0526561 0.0481863 -0.0785373 -0.0021549 0.0616665 5.23057 0.516121 0.596662 2.01258 -2.79082 -0.478622 -2.0748 0.0504528 -0.0589824 -0.082421 0.334657 0.35711 -0.587603 0.113215 33.2329 -2.45014 1.25384 3.07976 -0.00722967 -0.013714 -1.28004 -2.70812 0.54972 0.895373 -0.299638 0.0509287 -2.9276
448.052 0.447099 0.642487 2.09929 -3.10114 -0.784867 -1.4936 0.427145 0.662071 2.10234 -3.0052 -0.806136 -1.51479 -0.0199545 0.0195848 0.00304992 0.0959482 -0.0212687 -0.0211861 0.0281256 4.86269 0.510814 0.586666 2.00672 -2.79385 -0.477504 -2.08097 0.0637148 -0.0558202 -0.0925707 0.307294 0.307363 -0.58737 0.125478 32.1489 -2.63317 1.21822 3.06925 -0.00384114 -0.0109736 -1.22098 -2.82122 0.500673 0.884268 -0.251899 0.0746388 -2.8684
448.317 0.440974 0.637331 2.10044 -3.091 -0.761524 -1.49547 0.427999 0.669535 2.14381 -3.06946 -0.828592 -1.51475 -0.0129758 0.0322044 0.0433625 0.0215378 -0.0670674 -0.0192865 0.05555 3.94486 0.499259 0.581316 2.0032 -2.79937 -0.478396 -2.07598 0.0582843 -0.0560153 -0.0972464 0.29163 0.283128 -0.580514 0.126458 31.4052 -2.71192 1.19919 3.06483 -0.00204781 -0.00934391 -1.19466 -2.87071 0.478681 0.879562 -0.230392 0.0854616 -2.84196
448.596 0.435366 0.633797 2.10098 -3.08108 -0.737684 -1.49707 0.419534 0.664403 2.14833 -3.09219 -0.786388 -1.48555 -0.0158317 0.0306064 0.0473439 -0.0111091 -0.0487047 0.0115268 0.0585563 2.83683 0.504012 0.573432 2.00367 -2.79727 -0.476859 -2.08636 0.0686458 -0.0603652 -0.0973089 0.28381 0.260824 -0.589291 0.133511 31.4054 -2.79075 1.17782 3.06046 -0.000369094 -0.0080291 -1.16776 -2.92084 0.455977 0.874898 -0.20805 0.0961917 -2.81468
448.89 0.424222 0.633268 2.10111 -3.06498 -0.706852 -1.4996 0.417323 0.661729 2.1609 -3.03749 -0.740191 -1.52248 -0.00689881 0.028461 0.0597939 0.0274919 -0.033339 -0.0228778 0.0665803 2.2614 0.492613 0.5701 2.00199 -2.80038 -0.477173 -2.08514 0.0683909 -0.0631683 -0.0991208 0.264596 0.229679 -0.585544 0.135987 30.8092 -2.89584 1.14558 3.05489 0.000121132 -0.00744943 -1.13149 -2.98858 0.424505 0.868773 -0.177787 0.111638 -2.77709
449.21 0.415371 0.633593 2.10135 -3.04966 -0.684041 -1.50258 0.408729 0.664057 2.16529 -3.05801 -0.695716 -1.49459 -0.00664275 0.0304642 0.0639438 -0.008348 -0.0116745 0.0079881 0.0711407 0.77934 0.484868 0.56927 2.00326 -2.80083 -0.476692 -2.08685 0.0694964 -0.0643228 -0.0980836 0.248831 0.207349 -0.584271 0.136336 30.5278 -2.97453 1.11859 3.05108 -0.000268023 -0.00682217 -1.10403 -3.03997 0.399937 0.864327 -0.155754 0.125051 -2.74798
449.479 0.402597 0.634858 2.10201 -3.0306 -0.663375 -1.50606 0.398522 0.662792 2.16119 -3.04945 -0.701351 -1.49784 -0.00407472 0.0279335 0.0591818 -0.0188455 -0.037976 0.00822617 0.0655696 2.34101 0.477931 0.56539 2.00614 -2.79924 -0.474867 -2.0915 0.0753344 -0.0694678 -0.0958708 0.23136 0.188509 -0.585438 0.140329 30.4986 -3.05294 1.0892 3.04781 -0.00221546 -0.00615447 -1.07655 -3.09179 0.374511 0.860112 -0.135603 0.140538 -2.71808
449.798 0.385814 0.636944 2.10325 -3.00046 -0.639656 -1.51245 0.391115 0.675469 2.19903 -3.04908 -0.613804 -1.50425 0.00530109 0.0385247 0.0957731 -0.0486219 0.0258516 0.00819608 0.103367 2.93945 0.459417 0.56255 2.00827 -2.79846 -0.47323 -2.0926 0.0736028 -0.0743945 -0.0949871 0.202 0.166426 -0.580147 0.141331 30.2878 -3.15676 1.04635 3.04444 -0.00526316 -0.00484617 -1.03981 -3.16144 0.339176 0.854928 -0.113181 0.164399 -2.67691
450.079 0.372333 0.639289 2.10437 -2.97465 -0.625684 -1.51836 0.369876 0.665717 2.16427 -2.99389 -0.614335 -1.50787 -0.00245733 0.0264277 0.0598992 -0.0192432 0.0113496 0.0104941 0.0655162 1.10889 0.436234 0.55875 2.00784 -2.79933 -0.472093 -2.08965 0.0639003 -0.0805395 -0.0965307 0.17532 0.153592 -0.571292 0.141025 30.0338 -3.2338 1.01154 3.04264 -0.0080312 -0.0038346 -1.01232 -3.21398 0.311502 0.851347 -0.10016 0.184507 -2.64504
450.381 0.363385 0.641628 2.10502 -2.94889 -0.614642 -1.52494 0.359379 0.677386 2.19285 -3.03158 -0.626481 -1.51135 -0.00400613 0.0357581 0.0878254 -0.0826968 -0.011839 0.0135898 0.0949105 4.38472 0.438794 0.549256 2.00906 -2.79401 -0.468444 -2.10216 0.0754093 -0.0923726 -0.0959674 0.154879 0.146198 -0.57722 0.153065 30.5968 -3.30989 0.974535 3.04134 -0.00896365 -0.00266948 -0.984709 -3.26669 0.282711 0.847951 -0.0903669 0.20605 -2.61241
451.232 0.337255 0.660252 2.10483 -2.85967 -0.596143 -1.55221 0.322647 0.677648 2.15108 -2.85734 -0.602986 -1.56274 -0.0146081 0.0173953 0.0462508 0.00232646 -0.00684365 -0.0105215 0.0515279 0.66676 0.407873 0.527498 2.00965 -2.79098 -0.468291 -2.10577 0.0706182 -0.132754 -0.0951813 0.0686892 0.127851 -0.55356 0.177961 30.7674 -3.55518 0.83625 3.03803 -0.01171 -0.00284893 -0.894255 -3.44192 0.177021 0.836713 -0.0723819 0.27885 -2.50127
451.551 0.328758 0.667124 2.10459 -2.82835 -0.591419 -1.56306 0.315203 0.68532 2.15159 -2.8549 -0.608705 -1.5643 -0.0135546 0.0181958 0.0469963 -0.0265468 -0.0172853 -0.0012468 0.0521868 1.84991 0.39792 0.520022 2.01339 -2.79232 -0.469051 -2.10501 0.0691619 -0.147102 -0.0912039 0.0360369 0.122368 -0.541956 0.186388 30.8456 -3.64919 0.775035 3.03616 -0.01253 -0.00274159 -0.858694 -3.51096 0.129843 0.831914 -0.0681322 0.303915 -2.45724
452.169 0.316363 0.677364 2.104 -2.78965 -0.587756 -1.57796 0.302749 0.704797 2.17673 -2.84381 -0.578491 -1.55579 -0.0136144 0.0274338 0.0727351 -0.0541655 0.00926458 0.0221729 0.0789199 2.68044 0.386903 0.50896 2.02362 -2.79439 -0.469687 -2.1062 0.0705394 -0.168403 -0.0803816 -0.00474337 0.118068 -0.528236 0.199491 31.1301 -3.78524 0.677509 3.0328 -0.0141476 -0.00303141 -0.806044 -3.61228 0.0532109 0.824706 -0.0647889 0.333514 -2.393
452.495 0.310347 0.68272 2.10366 -2.77345 -0.588487 -1.58538 0.299435 0.718043 2.19381 -2.78439 -0.555506 -1.56139 -0.0109112 0.0353228 0.0901585 -0.0109413 0.0329813 0.023992 0.0974439 2.21823 0.378445 0.508951 2.02748 -2.7959 -0.471072 -2.10314 0.0680984 -0.173769 -0.0761761 -0.0224471 0.117415 -0.517758 0.201584 31.0561 -3.85088 0.626359 3.03106 -0.0152629 -0.00355485 -0.779995 -3.6616 0.0122056 0.82125 -0.0654118 0.344817 -2.36179
452.809 0.305764 0.686972 2.10359 -2.75669 -0.591521 -1.59536 0.289844 0.714762 2.1724 -2.78918 -0.596144 -1.576 -0.0159203 0.0277899 0.0688052 -0.0324849 -0.00462264 0.0193593 0.0758939 1.56673 0.374684 0.506861 2.03453 -2.79879 -0.472822 -2.10021 0.0689192 -0.180112 -0.0690552 -0.0420944 0.118699 -0.504852 0.204838 30.9601 -3.93581 0.555883 3.02892 -0.0154112 -0.00336474 -0.745346 -3.72563 -0.045271 0.817012 -0.0693633 0.356314 -2.3209
453.152 0.303591 0.689964 2.1036 -2.74688 -0.596638 -1.60373 0.282714 0.713353 2.15378 -2.72969 -0.573439 -1.59933 -0.0208773 0.0233882 0.0501804 0.0171887 0.0231992 0.00439564 0.0591688 1.75323 0.367657 0.503755 2.04271 -2.79685 -0.473877 -2.10495 0.0640654 -0.186209 -0.0608926 -0.0499723 0.122762 -0.501222 0.206122 31.0668 -3.9975 0.501389 3.02759 -0.0154346 -0.00338975 -0.719325 -3.77222 -0.0904791 0.814227 -0.0751604 0.361706 -2.29059
453.498 0.303893 0.690369 2.10403 -2.74132 -0.603306 -1.61213 0.28323 0.725837 2.18012 -2.79262 -0.643215 -1.57317 -0.0206625 0.0354683 0.0760932 -0.0512978 -0.0399092 0.0389612 0.0864587 3.34492 0.363745 0.502587 2.04692 -2.79733 -0.475842 -2.10604 0.0598526 -0.187782 -0.0571109 -0.0560035 0.127464 -0.493918 0.205198 30.9289 -4.05743 0.445534 3.02658 -0.0144458 -0.00250852 -0.692941 -3.81744 -0.137476 0.811884 -0.0835638 0.363818 -2.26038
453.822 0.30509 0.690463 2.10462 -2.73786 -0.612069 -1.62155 0.28435 0.729558 2.18822 -2.71701 -0.574491 -1.61972 -0.0207401 0.0390953 0.0836 0.0208519 0.0375776 0.00183421 0.0945915 2.49277 0.371262 0.496331 2.0519 -2.79563 -0.476138 -2.1126 0.0661722 -0.194131 -0.0527161 -0.0577697 0.135931 -0.491046 0.211766 30.9559 -4.11557 0.388314 3.02589 -0.0137616 -0.00163577 -0.666124 -3.86117 -0.186224 0.809992 -0.0940713 0.362917 -2.23
454.547 0.307491 0.689129 2.10614 -2.73962 -0.635948 -1.64451 0.282347 0.721996 2.16571 -2.72266 -0.608534 -1.63408 -0.0251441 0.0328672 0.0595686 0.0169598 0.0274149 0.0104348 0.072532 2.10859 0.3516 0.4858 2.0564 -2.7993 -0.479196 -2.10736 0.0441086 -0.203329 -0.0497483 -0.0596773 0.156753 -0.462842 0.213923 29.8335 -4.24407 0.249587 3.02488 -0.012791 0.000260206 -0.601819 -3.95653 -0.306555 0.806944 -0.121918 0.349626 -2.15621
455.708 0.323073 0.678235 2.10774 -2.79442 -0.675274 -1.68521 0.303443 0.716024 2.1823 -2.80156 -0.666857 -1.66394 -0.0196307 0.0377895 0.0745609 -0.0071384 0.00841714 0.0212732 0.0858646 1.12501 0.352685 0.462104 2.05016 -2.79969 -0.480315 -2.11218 0.0296113 -0.216131 -0.0575809 -0.00527181 0.194959 -0.426967 0.225621 27.0094 -4.455 -0.0275692 3.02033 -0.0100179 0.00459103 -0.474282 -4.10487 -0.552393 0.80286 -0.166064 0.276031 -2.00198
456.272 0.318537 0.671483 2.10981 -2.83014 -0.693979 -1.70625 0.298417 0.707431 2.17352 -2.78029 -0.664059 -1.70501 -0.0201201 0.0359487 0.0637115 0.0498522 0.0299205 0.00123665 0.0758702 3.36988 0.325792 0.45555 2.04521 -2.79821 -0.478474 -2.10854 0.00725473 -0.215932 -0.0645997 0.0319316 0.215505 -0.402292 0.225505 25.2634 -4.55246 -0.187092 3.01604 -0.0146596 0.00634156 -0.404404 -4.16722 -0.693898 0.800281 -0.186537 0.224866 -1.91413
456.573 0.319695 0.667925 2.1104 -2.84578 -0.700568 -1.7148 0.290898 0.692494 2.13929 -2.77111 -0.697736 -1.72173 -0.028797 0.0245689 0.0288877 0.0746697 0.00283234 -0.00692454 0.0476172 4.0376 0.332559 0.450108 2.0419 -2.79543 -0.47652 -2.1146 0.0128641 -0.217817 -0.0685039 0.0503446 0.224049 -0.399796 0.228697 24.9398 -4.59039 -0.257245 3.01384 -0.0152225 0.00701952 -0.374772 -4.18985 -0.755848 0.799054 -0.193728 0.204412 -1.87625
456.882 0.318528 0.665626 2.11093 -2.85856 -0.706 -1.72382 0.301627 0.708874 2.20453 -2.86861 -0.667675 -1.68855 -0.0169013 0.0432483 0.0935959 -0.0100516 0.0383257 0.0352725 0.104481 2.78586 0.321909 0.448377 2.03725 -2.79661 -0.476751 -2.10997 0.00338102 -0.217249 -0.0736805 0.061953 0.229249 -0.386147 0.229429 24.1776 -4.62593 -0.328344 3.01138 -0.0167392 0.00697198 -0.345775 -4.20993 -0.818358 0.797698 -0.199269 0.185625 -1.83855
459.482 0.325514 0.639257 2.11745 -2.90204 -0.740677 -1.78427 0.303798 0.672426 2.18643 -2.89232 -0.713684 -1.79017 -0.021716 0.0331688 0.068972 0.00971527 0.026993 -0.00590349 0.0795543 1.60181 0.28689 0.434935 2.01557 -2.79245 -0.481193 -2.10543 -0.0386243 -0.204323 -0.101881 0.109586 0.259485 -0.321159 0.231558 21.5357 -4.83087 -0.998114 2.98541 -0.0156798 0.00557732 -0.0994202 -4.28062 -1.38182 0.779586 -0.235176 0.112512 -1.53942
460.987 0.340239 0.627148 2.11855 -2.941 -0.759452 -1.78563 0.310876 0.654789 2.16303 -2.91601 -0.760538 -1.80576 -0.0293624 0.0276408 0.0444841 0.0249925 -0.00108504 -0.0201287 0.0600416 1.05313 0.303429 0.427403 2.00576 -2.78831 -0.487268 -2.1181 -0.0368093 -0.199745 -0.112781 0.152696 0.272185 -0.332476 0.23232 22.0061 -4.854 -1.33303 2.97418 -0.00569785 0.00565627 0.0223105 -4.25079 -1.64128 0.770279 -0.251841 0.0828711 -1.41076
461.707 0.345336 0.624461 2.11785 -2.97555 -0.773542 -1.77783 0.324532 0.656795 2.19172 -2.97921 -0.778544 -1.76257 -0.0208048 0.0323337 0.0738636 -0.00366452 -0.005002 0.0152685 0.0832715 0.79623 0.310271 0.427152 2.00447 -2.79036 -0.490064 -2.12032 -0.0350655 -0.197309 -0.113386 0.185188 0.283478 -0.342488 0.230254 22.5975 -4.84789 -1.49021 2.96968 -0.000469982 0.00569233 0.0830302 -4.22544 -1.75755 0.766001 -0.264272 0.0573778 -1.34941
462.547 0.351335 0.627354 2.1167 -3.01819 -0.796411 -1.76815 0.33555 0.666367 2.22033 -2.96895 -0.780172 -1.78665 -0.0157854 0.0390131 0.103635 0.0492402 0.016239 -0.0185034 0.111855 2.38884 0.315797 0.433155 2.00519 -2.79712 -0.49535 -2.11096 -0.0355387 -0.194199 -0.111507 0.221066 0.301062 -0.342814 0.226738 23.1957 -4.82701 -1.67606 2.96581 0.00445638 0.00402016 0.157237 -4.18768 -1.8905 0.761367 -0.283304 0.0253561 -1.27646
464.412 0.350208 0.630849 2.11288 -3.14064 -0.81966 -1.72523 0.337714 0.663286 2.18479 -3.07859 -0.828734 -1.73219 -0.0124931 0.0324372 0.0719033 0.0620544 -0.00907383 -0.00695361 0.0798644 3.31517 0.343918 0.442568 1.99787 -2.79695 -0.49902 -2.11722 -0.00629003 -0.18828 -0.115015 0.343694 0.320641 -0.39199 0.220721 25.9774 -4.7145 -2.13854 2.96041 0.0158059 0.0044278 0.35143 -4.05946 -2.2059 0.754123 -0.303494 -0.0598233 -1.08553
464.783 0.343327 0.630681 2.11288 3.12798 -0.81336 -1.72018 0.331681 0.66266 2.18274 -3.07282 -0.830203 -1.73501 -0.0116466 0.0319791 0.069852 -6.2008 -0.0168428 -0.0148279 0.077702 4.24953 0.336665 0.448071 1.99305 -2.79919 -0.499878 -2.10994 -0.00666226 -0.18261 -0.119833 -5.92717 0.313482 -0.389753 0.218519 25.8501 -4.68544 -2.22147 2.95954 0.0151654 0.00494996 0.386574 -4.03128 -2.26095 0.753298 -0.297807 -0.071818 -1.05066
465.098 0.337114 0.629098 2.11297 3.11694 -0.803732 -1.71621 0.326491 0.667769 2.19948 3.1299 -0.824415 -1.69333 -0.0106228 0.0386709 0.0865142 0.0129561 -0.0206829 0.0228813 0.0953572 2.25585 0.346706 0.446089 1.98994 -2.79328 -0.495773 -2.12143 0.00959204 -0.183009 -0.123023 -5.91022 0.30796 -0.405214 0.220723 26.3168 -4.6536 -2.30449 2.95867 0.0151704 0.00602377 0.421808 -3.9911 -2.3341 0.752265 -0.285847 -0.0822284 -1.00403
465.672 0.320111 0.626578 2.1133 3.11645 -0.772573 -1.71699 0.310739 0.659023 2.18319 -3.11517 -0.760135 -1.7431 -0.00937243 0.0324449 0.0698928 -6.23162 0.0124373 -0.0261077 0.0776242 2.31173 0.3324 0.451394 1.98298 -2.79627 -0.493177 -2.11204 0.0122883 -0.175185 -0.130314 -5.91271 0.279396 -0.395052 0.218683 25.2773 -4.56843 -2.49768 2.95673 0.0142193 0.00785836 0.503416 -3.92527 -2.44329 0.750709 -0.260064 -0.0821022 -0.933737
466.037 0.311007 0.625872 2.11384 3.12955 -0.756858 -1.72221 0.29635 0.650514 2.15513 3.12926 -0.790733 -1.72229 -0.0146566 0.0246425 0.0412914 -0.000289443 -0.0338742 -8.65052e-05 0.0502698 1.94098 0.332947 0.448847 1.98023 -2.79087 -0.487993 -2.12251 0.0219408 -0.177025 -0.133611 -5.92042 0.268865 -0.4003 0.22287 25.0659 -4.52727 -2.57985 2.95617 0.0130228 0.00848247 0.537751 -3.88992 -2.4976 0.749956 -0.245141 -0.0731512 -0.898345
466.377 0.297724 0.62784 2.11442 -3.1302 -0.740649 -1.73098 0.291259 0.659625 2.19457 3.12439 -0.719473 -1.70886 -0.00646502 0.0317845 0.0801526 6.25459 0.0211768 0.0221274 0.0864667 1.72986 0.317079 0.451924 1.97874 -2.7917 -0.4863 -2.1177 0.0193546 -0.175916 -0.13568 0.338502 0.254349 -0.386712 0.223003 23.9907 -4.48338 -2.66139 2.95579 0.00998491 0.00795305 0.571276 -3.84024 -2.56962 0.748925 -0.223384 -0.0513134 -0.850684
466.652 0.283777 0.627642 2.11557 -3.09126 -0.716293 -1.745 0.277243 0.661131 2.19013 3.1072 -0.76132 -1.71491 -0.00653373 0.0334894 0.0745567 6.19846 -0.0450274 0.0300885 0.0819935 4.68149 0.305319 0.451215 1.97877 -2.79337 -0.484111 -2.11328 0.0215417 -0.176427 -0.136801 0.297886 0.232182 -0.368281 0.224288 22.3664 -4.42082 -2.76873 2.95541 0.00764846 0.00834171 0.615048 -3.80101 -2.62331 0.748174 -0.205839 -0.0286827 -0.814263
466.986 0.278087 0.62804 2.11579 -3.05939 -0.697082 -1.75615 0.263814 0.661016 2.18975 3.11859 -0.759859 -1.72046 -0.014273 0.032975 0.073956 6.17798 -0.0627777 0.0356878 0.0822226 6.08483 0.303224 0.447973 1.98038 -2.79024 -0.481025 -2.12306 0.0251366 -0.180068 -0.13541 0.269147 0.216057 -0.366911 0.226699 21.624 -4.37101 -2.84796 2.95515 0.007883 0.00818935 0.647322 -3.76001 -2.67671 0.747476 -0.187118 -0.00241805 -0.777252
467.328 0.269516 0.631349 2.11554 -3.02374 -0.677307 -1.76777 0.25918 0.665906 2.20572 -3.02256 -0.659225 -1.74472 -0.0103365 0.0345568 0.090183 0.00117213 0.018082 0.0230492 0.0971288 1.71235 0.291659 0.451149 1.97897 -2.79236 -0.481954 -2.11882 0.0221429 -0.1802 -0.136566 0.231375 0.195354 -0.351054 0.227184 20.2468 -4.31878 -2.92599 2.95485 0.00683758 0.0066546 0.678766 -3.70248 -2.74729 0.746709 -0.159612 0.0361224 -0.727348
467.629 0.260262 0.632665 2.11558 -2.97545 -0.645989 -1.78192 0.245292 0.655695 2.15968 -2.98266 -0.707047 -1.76454 -0.0149706 0.0230302 0.0441023 -0.00720814 -0.0610577 0.0173837 0.0519569 3.58965 0.276893 0.449169 1.97967 -2.7956 -0.482507 -2.11435 0.0166303 -0.183495 -0.135909 0.179846 0.163482 -0.332425 0.22895 18.5688 -4.24564 -3.02801 2.95415 0.00590866 0.00570204 0.719682 -3.6571 -2.79962 0.746251 -0.13623 0.066509 -0.689693
467.969 0.254505 0.63184 2.11567 -2.94081 -0.619441 -1.78989 0.238274 0.660604 2.17253 -2.93917 -0.640833 -1.78709 -0.0162315 0.0287645 0.0568585 0.00164266 -0.0213918 0.002791 0.0657552 1.24678 0.276925 0.44358 1.9844 -2.79477 -0.479658 -2.12303 0.0224197 -0.188259 -0.131273 0.146046 0.139784 -0.333149 0.230601 18.1756 -4.18829 -3.10289 2.9533 0.00573707 0.00553449 0.749777 -3.60978 -2.85127 0.745878 -0.110436 0.0975173 -0.652011
468.309 0.248554 0.631397 2.11567 -2.90566 -0.591565 -1.79633 0.230535 0.660162 2.17108 -2.93273 -0.641455 -1.7896 -0.0180196 0.0287654 0.0554181 -0.0270705 -0.0498899 0.00673677 0.064987 3.16743 0.266632 0.443945 1.98613 -2.79724 -0.480449 -2.11914 0.0180783 -0.187452 -0.12954 0.108422 0.111117 -0.322808 0.228573 17.4113 -4.12889 -3.17628 2.95231 0.0049097 0.00502501 0.779342 -3.56056 -2.90213 0.74565 -0.0832198 0.128875 -0.614478
468.635 0.239257 0.627941 2.11629 -2.86188 -0.553134 -1.80076 0.224368 0.660437 2.17491 -2.88404 -0.571864 -1.808 -0.0148891 0.0324957 0.058613 -0.0221638 -0.0187304 -0.00723967 0.0686523 1.87033 0.249448 0.438035 1.98799 -2.7989 -0.480178 -2.1163 0.0101902 -0.189906 -0.128308 0.0629824 0.0729555 -0.315546 0.229415 17.1073 -4.04663 -3.27165 2.95086 0.00318226 0.00536489 0.818175 -3.49199 -2.96854 0.745663 -0.0460451 0.16939 -0.564866
468.938 0.229885 0.62527 2.11691 -2.83101 -0.524638 -1.80165 0.216558 0.656909 2.17283 -2.86203 -0.622692 -1.81314 -0.0133269 0.0316391 0.055927 -0.0310129 -0.0980542 -0.0114939 0.0656237 6.03507 0.249128 0.431856 1.99001 -2.79686 -0.477616 -2.12091 0.019243 -0.193414 -0.126895 0.0341555 0.047022 -0.319259 0.232124 17.6411 -3.98279 -3.34115 2.94965 0.000412716 0.00547907 0.84687 -3.43834 -3.01712 0.745881 -0.0181602 0.197376 -0.528111
469.238 0.219802 0.621646 2.11769 -2.80323 -0.497219 -1.80046 0.207147 0.657104 2.18272 -2.82146 -0.562734 -1.79472 -0.0126553 0.0354575 0.0650274 -0.0182295 -0.0655151 0.0057424 0.0751396 3.86543 0.237843 0.425738 1.99249 -2.79575 -0.475493 -2.12215 0.0180409 -0.195909 -0.125209 0.00747857 0.0217261 -0.32169 0.233201 18.2772 -3.91726 -3.40877 2.94833 -0.00268621 0.00583362 0.875249 -3.38285 -3.06451 0.746214 0.00901895 0.223 -0.491822
469.551 0.212015 0.61373 2.11911 -2.77139 -0.461968 -1.7973 0.195137 0.647022 2.16484 -2.75745 -0.510535 -1.81226 -0.0168778 0.0332925 0.0457252 0.0139372 -0.0485665 -0.0149632 0.0590258 2.91134 0.232803 0.41884 1.99446 -2.79805 -0.473403 -2.1192 0.0207882 -0.194889 -0.124655 -0.0266602 -0.011435 -0.321903 0.232277 19.1915 -3.82752 -3.49568 2.94641 -0.00546635 0.00739675 0.912871 -3.30612 -3.12556 0.746768 0.0432153 0.253443 -0.444216
469.866 0.206737 0.609303 2.11976 -2.75076 -0.438859 -1.7938 0.189601 0.654143 2.21111 -2.81185 -0.50801 -1.7827 -0.0171361 0.04484 0.0913535 -0.0610962 -0.0691506 0.0111062 0.103198 5.13026 0.229009 0.412959 1.99818 -2.79454 -0.470956 -2.12808 0.0222723 -0.196344 -0.121579 -0.0437803 -0.0320975 -0.334274 0.232009 20.4605 -3.75857 -3.55825 2.9449 -0.00754293 0.00771425 0.940933 -3.24661 -3.16954 0.74724 0.0669114 0.273293 -0.409223
470.226 0.204642 0.603496 2.12055 -2.73414 -0.417905 -1.78973 0.182888 0.640476 2.18743 -2.74395 -0.458134 -1.79838 -0.021754 0.0369806 0.0668845 -0.00981217 -0.0402286 -0.00865615 0.0794628 2.47211 0.221018 0.408455 2.00105 -2.79638 -0.471973 -2.12384 0.0163766 -0.195041 -0.1195 -0.0622429 -0.0540681 -0.334109 0.229324 21.1507 -3.68834 -3.61844 2.94335 -0.00861335 0.00851947 0.969043 -3.18552 -3.2118 0.747748 0.0883704 0.290314 -0.375032
470.951 0.203692 0.593122 2.12172 -2.70971 -0.383319 -1.78011 0.179707 0.634572 2.2065 -2.73147 -0.404528 -1.7822 -0.0239853 0.0414495 0.0847716 -0.0217573 -0.0212093 -0.00208782 0.0973631 1.7774 0.214403 0.399285 2.00545 -2.79538 -0.475866 -2.12537 0.0107113 -0.193838 -0.116273 -0.0856638 -0.0925471 -0.345267 0.22629 22.8902 -3.51999 -3.74911 2.93998 -0.010895 0.00869772 1.03485 -3.03728 -3.30316 0.749131 0.125643 0.315505 -0.300024
471.404 0.20695 0.586525 2.12267 -2.70709 -0.374383 -1.77662 0.173166 0.608704 2.13616 -2.63137 -0.388903 -1.79199 -0.0337833 0.0221787 0.0134852 0.075714 -0.01452 -0.0153656 0.0426035 4.17617 0.213767 0.394276 2.00633 -2.79649 -0.477708 -2.12376 0.00681752 -0.192249 -0.116348 -0.0894003 -0.103325 -0.347138 0.224818 23.2493 -3.44611 -3.80077 2.93867 -0.0108006 0.0096927 1.06331 -2.97158 -3.33899 0.749701 0.13456 0.319612 -0.27044
472.223 0.230115 0.56468 2.12529 -2.72297 -0.364376 -1.76928 0.190918 0.610298 2.20232 -2.73491 -0.390872 -1.77943 -0.0391974 0.0456177 0.0770306 -0.0119388 -0.0264966 -0.010146 0.0977298 1.84504 0.209789 0.376087 2.00463 -2.80356 -0.483264 -2.1149 -0.0203265 -0.188593 -0.120664 -0.0805879 -0.118888 -0.345622 0.224811 23.1182 -3.26991 -3.9107 2.93562 -0.00543632 0.0150377 1.13237 -2.81402 -3.41399 0.750698 0.141059 0.313246 -0.206872
472.633 0.242998 0.554658 2.12602 -2.7385 -0.362638 -1.76508 0.202331 0.598372 2.20088 -2.73979 -0.383204 -1.77712 -0.040667 0.0437134 0.0748603 -0.00128659 -0.0205657 -0.0120446 0.0957535 1.38112 0.237341 0.367935 2.00553 -2.80048 -0.483566 -2.12286 -0.00565663 -0.186724 -0.120495 -0.0619775 -0.120928 -0.357777 0.222299 23.238 -3.19259 -3.95313 2.93406 -0.00246585 0.0178129 1.16358 -2.7449 -3.44216 0.750905 0.140547 0.303275 -0.181435
472.98 0.254927 0.546435 2.12618 -2.75813 -0.361871 -1.7599 0.217608 0.586564 2.19983 -2.74661 -0.37497 -1.77428 -0.0373192 0.0401292 0.0736507 0.0115217 -0.0130988 -0.0143797 0.0918015 1.13401 0.247269 0.362016 2.00515 -2.8025 -0.485514 -2.11874 -0.00765849 -0.184419 -0.121027 -0.0443699 -0.123643 -0.358831 0.220719 22.8416 -3.11404 -3.99264 2.93231 -0.000273263 0.0199917 1.19578 -2.67496 -3.4678 0.75099 0.139375 0.288857 -0.156708
473.644 0.275793 0.537357 2.12434 -2.81419 -0.365125 -1.74602 0.24089 0.566182 2.18393 -2.74816 -0.321536 -1.73615 -0.034903 0.0288253 0.0595875 0.0660342 0.0435882 0.00986801 0.0748317 4.72331 0.264351 0.3507 2.0102 -2.80083 -0.486689 -2.11914 -0.0114421 -0.186657 -0.114138 0.0133691 -0.121564 -0.37312 0.219087 22.1815 -2.92578 -4.07299 2.92801 0.00100532 0.021696 1.27405 -2.50933 -3.5176 0.750866 0.133912 0.241618 -0.099732
474.026 0.282362 0.538076 2.12281 -2.83974 -0.370073 -1.7408 0.25215 0.569571 2.20821 -2.8153 -0.342096 -1.75351 -0.0302127 0.0314953 0.0854006 0.0244404 0.0279768 -0.0127083 0.0959063 2.08563 0.272881 0.347308 2.01311 -2.80108 -0.486014 -2.12001 -0.00948177 -0.190769 -0.109699 0.0386643 -0.115941 -0.379209 0.220265 21.9211 -2.84304 -4.10221 2.92644 0.000410362 0.0209183 1.30846 -2.43765 -3.53467 0.750769 0.129223 0.218227 -0.0746489
474.377 0.286808 0.541724 2.12098 -2.86405 -0.377374 -1.73667 0.257738 0.56376 2.18199 -2.82953 -0.338543 -1.7321 -0.0290704 0.0220358 0.0610065 0.0345167 0.0388311 0.00456612 0.0710806 3.04825 0.275489 0.34935 2.01511 -2.8005 -0.486345 -2.11959 -0.011319 -0.192374 -0.105868 0.0635537 -0.108972 -0.382921 0.219872 21.5884 -2.75922 -4.12827 2.92518 -0.000971281 0.0191363 1.34296 -2.36575 -3.54917 0.750699 0.123058 0.194654 -0.0485665
474.74 0.292787 0.54586 2.11877 -2.89456 -0.387689 -1.73288 0.260621 0.563535 2.16678 -2.85109 -0.391324 -1.74395 -0.0321664 0.0176757 0.0480072 0.0434656 -0.00363524 -0.0110647 0.0604301 2.33414 0.275899 0.348684 2.01518 -2.79971 -0.487092 -2.11806 -0.0168886 -0.197175 -0.103588 0.0948548 -0.0994029 -0.385174 0.223369 21.1337 -2.64603 -4.15817 2.92397 -0.00239547 0.017409 1.38898 -2.26978 -3.56444 0.750732 0.113747 0.164718 -0.0117744
475.076 0.298796 0.54834 2.11718 -2.9158 -0.395258 -1.73161 0.263001 0.565701 2.15553 -2.96252 -0.15864 -1.69562 -0.0357945 0.0173609 0.0383505 -0.0467232 0.236618 0.035989 0.0552576 13.8613 0.276633 0.346844 2.01436 -2.79911 -0.486763 -2.11871 -0.0221633 -0.201496 -0.10282 0.116686 -0.0915046 -0.387101 0.227297 20.8959 -2.56025 -4.17702 2.92327 -0.00274309 0.0165189 1.42344 -2.19786 -3.57283 0.750784 0.106703 0.143977 0.0174395
475.39 0.306433 0.549978 2.1155 -2.93648 -0.403 -1.7308 0.262185 0.556854 2.10391 -3.0033 -0.0944968 -1.70023 -0.0442479 0.00687576 -0.011591 -0.0668212 0.308503 0.0305784 0.0462548 18.075 0.28822 0.345656 2.01207 -2.79873 -0.486607 -2.12066 -0.0182126 -0.204323 -0.103433 0.137743 -0.083607 -0.389859 0.229734 20.7718 -2.47383 -4.19282 2.9227 -0.00169616 0.0161008 1.45801 -2.12606 -3.57865 0.750783 0.0992268 0.124791 0.0478597
475.714 0.312296 0.557528 2.11303 -2.95886 -0.416602 -1.73184 0.281194 0.573566 2.15777 -2.90707 -0.312165 -1.72828 -0.0311023 0.0160373 0.0447428 0.0517969 0.104437 0.00355855 0.056802 6.71405 0.286203 0.349465 2.00862 -2.79605 -0.488536 -2.12047 -0.0260931 -0.208063 -0.104403 0.162815 -0.0719343 -0.388629 0.234246 20.4202 -2.35769 -4.20922 2.92217 -0.00250604 0.0133486 1.50359 -2.03065 -3.58249 0.750649 0.0879261 0.101157 0.0896682
476.146 0.313467 0.56401 2.11143 -2.97338 -0.428183 -1.7332 0.285159 0.575658 2.15171 -2.85047 -0.339897 -1.74124 -0.0283079 0.0116482 0.0402824 0.12291 0.0882853 -0.00803539 0.0505933 8.53985 0.289388 0.353301 2.00949 -2.78834 -0.487891 -2.12948 -0.0240788 -0.210708 -0.101942 0.185041 -0.0597085 -0.396283 0.235308 20.624 -2.27004 -4.2181 2.92187 -0.00389389 0.0110079 1.53721 -1.95938 -3.58251 0.750414 0.0781911 0.0844084 0.121563
476.569 0.318003 0.567579 2.11015 -2.98893 -0.43946 -1.73517 0.288775 0.586974 2.15799 -2.92626 -0.21536 -1.736 -0.0292289 0.0193954 0.0478334 0.0626657 0.224101 -0.000832234 0.0593173 13.3265 0.28828 0.358457 2.01054 -2.78838 -0.489705 -2.12558 -0.0297233 -0.209121 -0.0996169 0.200547 -0.0502444 -0.390408 0.233535 20.2202 -2.18207 -4.22416 2.92158 -0.00367172 0.0098604 1.57058 -1.88842 -3.58008 0.750113 0.0678806 0.0681749 0.15368
476.96 0.324773 0.570574 2.10861 -3.01093 -0.453552 -1.73754 0.292626 0.593033 2.16014 -3.03711 -0.353768 -1.72253 -0.0321471 0.0224592 0.051523 -0.0261825 0.0997839 0.0150136 0.0647493 5.8873 0.28339 0.363028 2.01375 -2.78633 -0.491137 -2.12533 -0.041383 -0.207545 -0.0948585 0.224595 -0.0375851 -0.38779 0.231917 20.0498 -2.06442 -4.22795 2.92125 -0.00253019 0.00893787 1.61466 -1.79434 -3.573 0.749862 0.0546412 0.0461761 0.196521
477.424 0.3311 0.570654 2.10762 -3.02894 -0.462271 -1.73874 0.276242 0.552915 2.01238 -2.85315 -0.592731 -1.76019 -0.054858 -0.0177384 -0.0952426 0.175785 -0.13046 -0.0214523 0.111334 12.0914 0.294344 0.372682 2.01557 -2.78901 -0.493342 -2.11893 -0.0367555 -0.197972 -0.0920519 0.239928 -0.0310715 -0.380187 0.221399 19.7331 -1.97596 -4.22759 2.92113 -0.000841626 0.00904602 1.64762 -1.72427 -3.56482 0.749972 0.0459707 0.0293437 0.228558
478.005 0.347895 0.564432 2.106 -3.06837 -0.472896 -1.73819 0.310643 0.58407 2.12809 -2.97005 -0.445205 -1.74312 -0.0372511 0.0196382 0.022097 0.098322 0.0276913 -0.00492717 0.0475561 5.73771 0.310944 0.372693 2.01466 -2.78884 -0.493024 -2.12276 -0.0369504 -0.191739 -0.0913316 0.279524 -0.0201279 -0.384564 0.21557 20.3236 -1.79842 -4.21852 2.92173 0.00489249 0.0118004 1.71444 -1.58578 -3.54112 0.75147 0.0335299 -0.00366732 0.292266
478.284 0.351802 0.563291 2.10492 -3.09077 -0.475864 -1.7364 0.324898 0.59056 2.16189 -3.05612 -0.440616 -1.74447 -0.0269041 0.027269 0.0569747 0.0346481 0.0352477 -0.00806597 0.0686552 2.72419 0.311613 0.370327 2.01236 -2.78875 -0.492649 -2.12162 -0.0401893 -0.192964 -0.0925571 0.302016 -0.0167854 -0.385215 0.217755 20.7114 -1.67954 -4.20609 2.92259 0.0058829 0.0122816 1.75921 -1.49494 -3.51995 0.753198 0.0303697 -0.0241325 0.334557
478.625 0.349736 0.564169 2.1042 -3.10439 -0.475334 -1.73509 0.32982 0.589915 2.15546 -2.9297 -0.299876 -1.75453 -0.0199162 0.0257465 0.0512507 0.174689 0.175458 -0.0194378 0.0607138 13.9205 0.315171 0.368635 2.01189 -2.78453 -0.4885 -2.131 -0.0345654 -0.195534 -0.0923143 0.31986 -0.0131658 -0.395909 0.218976 21.4983 -1.59018 -4.19338 2.92321 0.00489683 0.0118126 1.7925 -1.42771 -3.5013 0.754647 0.0313296 -0.0382282 0.366489
478.933 0.342883 0.567562 2.10364 -3.11361 -0.473467 -1.73542 0.328793 0.590779 2.16268 -3.05908 -0.439049 -1.74384 -0.0140902 0.0232179 0.0590475 0.0545232 0.0344173 -0.00841294 0.0649939 3.54287 0.306521 0.374518 2.00999 -2.78687 -0.48928 -2.1213 -0.0363624 -0.193044 -0.0936464 0.326741 -0.0158138 -0.385883 0.217618 21.2933 -1.50082 -4.17782 2.9238 0.00178989 0.0101097 1.8251 -1.36132 -3.48033 0.756146 0.0344158 -0.0508586 0.398962
479.21 0.335742 0.569547 2.10337 -3.12061 -0.470172 -1.7374 0.321094 0.594282 2.16171 -3.05456 -0.444927 -1.74499 -0.0146478 0.0247353 0.0583408 0.0660565 0.0252451 -0.00759636 0.0650388 3.89229 0.304553 0.374188 2.01036 -2.78384 -0.486365 -2.12671 -0.0311887 -0.195359 -0.0930152 0.336774 -0.0161935 -0.389307 0.218608 21.6983 -1.41165 -4.15949 2.92437 -0.00097806 0.00880236 1.85702 -1.2958 -3.45714 0.757686 0.0384697 -0.0617423 0.432364
479.497 0.329973 0.569046 2.10326 -3.12791 -0.464443 -1.74295 0.316121 0.602279 2.18047 -3.14015 -0.48286 -1.74657 -0.0138514 0.0332331 0.0772129 -0.0122402 -0.018417 -0.00362134 0.0851947 1.33472 0.298218 0.372589 2.01283 -2.78198 -0.484947 -2.13127 -0.0317541 -0.196457 -0.090434 0.345937 -0.0205043 -0.388318 0.218591 21.9588 -1.29338 -4.13091 2.92511 -0.00248059 0.00798711 1.89869 -1.20986 -3.42287 0.759773 0.0443841 -0.0733525 0.478628
479.831 0.326946 0.568549 2.10312 -3.13171 -0.46061 -1.74923 0.310538 0.601979 2.18209 3.05136 -0.35847 -1.7558 -0.0164079 0.0334298 0.0789767 6.18307 0.10214 -0.00657376 0.087316 8.30572 0.293429 0.373793 2.01298 -2.78486 -0.486592 -2.12565 -0.0335172 -0.194756 -0.0901341 0.346855 -0.0259824 -0.376425 0.217204 21.6238 -1.20533 -4.10645 2.92566 -0.00280241 0.00709389 1.9293 -1.14646 -3.39469 0.761379 0.0485707 -0.0806595 0.514512
480.109 0.322548 0.566995 2.10324 -3.13498 -0.455819 -1.7598 0.303758 0.592009 2.15356 3.1397 -0.47761 -1.72791 -0.0187901 0.0250143 0.0503181 6.27468 -0.0217907 0.031893 0.0592511 2.08168 0.295168 0.37 2.01726 -2.78085 -0.482575 -2.13811 -0.0273805 -0.196995 -0.0859804 0.354127 -0.0267563 -0.378302 0.216678 21.958 -1.08897 -4.06991 2.9264 -0.00304712 0.00590653 1.9692 -1.06338 -3.35388 0.763641 0.0536461 -0.0895148 0.563531
480.409 0.317405 0.564992 2.10379 -3.136 -0.451631 -1.76894 0.302301 0.597449 2.17679 -3.11983 -0.483649 -1.75015 -0.0151043 0.0324568 0.0730015 0.0161703 -0.0320184 0.0187838 0.0813069 2.50624 0.2841 0.371483 2.01792 -2.78232 -0.482589 -2.13411 -0.033305 -0.193509 -0.0858647 0.353676 -0.030958 -0.365176 0.214307 21.5867 -1.00259 -4.03964 2.92689 -0.00400638 0.00511203 1.99848 -1.00221 -3.32083 0.765461 0.0576712 -0.0960668 0.600762
481.002 0.302961 0.556769 2.1061 -3.13601 -0.438459 -1.78896 0.287531 0.591404 2.17154 -3.01337 -0.362886 -1.77563 -0.0154298 0.034635 0.0654375 0.122636 0.0755737 0.0133272 0.0756289 8.53617 0.271622 0.369077 2.02772 -2.78041 -0.477345 -2.13566 -0.0313393 -0.187692 -0.0783798 0.3556 -0.0388863 -0.346704 0.205801 21.2927 -0.832637 -3.97208 2.92744 -0.00782428 0.00459522 2.05536 -0.883032 -3.24851 0.769507 0.0687475 -0.109679 0.675336
481.225 0.292961 0.549742 2.1077 -3.1362 -0.42632 -1.80252 0.277217 0.575578 2.13821 3.11005 -0.535739 -1.76647 -0.0157442 0.0258354 0.0305113 6.24625 -0.109418 0.0360504 0.0429684 6.63265 0.256619 0.369659 2.03143 -2.77972 -0.475572 -2.13254 -0.0363421 -0.180083 -0.0762777 0.356475 -0.0492518 -0.330022 0.198919 21.0424 -0.721889 -3.92207 2.92758 -0.0105983 0.00426087 2.09217 -0.806155 -3.19577 0.772733 0.0792535 -0.119256 0.724262
481.515 0.285968 0.543568 2.10894 -3.13642 -0.415613 -1.8125 0.264976 0.558318 2.09482 2.94596 -0.618704 -1.70407 -0.0209914 0.0147506 -0.0141173 6.08238 -0.20309 0.108429 0.0292834 15.3259 0.248901 0.369301 2.03305 -2.77816 -0.474222 -2.13182 -0.0370666 -0.174267 -0.0758868 0.358266 -0.0586089 -0.319326 0.193653 20.9983 -0.640422 -3.88208 2.92765 -0.0127345 0.00408341 2.11922 -0.749963 -3.15396 0.775483 0.0885406 -0.126416 0.760098
481.829 0.278091 0.537262 2.11022 -3.13616 -0.404025 -1.82199 0.262199 0.569306 2.16042 -3.14042 -0.52844 -1.79318 -0.0158919 0.0320445 0.0501954 -0.00425995 -0.124415 0.0288037 0.0616358 7.29606 0.241596 0.367915 2.03497 -2.77645 -0.471381 -2.13367 -0.0364946 -0.169346 -0.0752555 0.359713 -0.0673561 -0.311682 0.188874 21.0573 -0.560484 -3.84006 2.92768 -0.0154355 0.0037495 2.14571 -0.695091 -3.1103 0.778467 0.0987284 -0.13344 0.795026
482.343 0.268867 0.518667 2.11298 -3.13861 -0.37791 -1.842 0.248326 0.557457 2.17999 3.0905 -0.451097 -1.81785 -0.0205403 0.0387902 0.0670111 6.2291 -0.0731875 0.0241494 0.0801066 5.06369 0.220363 0.362371 2.03404 -2.78044 -0.46938 -2.12532 -0.0485042 -0.156295 -0.0789333 0.358161 -0.09147 -0.283315 0.18169 20.8637 -0.380744 -3.73462 2.92791 -0.0181007 0.00396459 2.20612 -0.572456 -3.00192 0.786112 0.121478 -0.14805 0.873194
483.222 0.257903 0.501324 2.11646 -3.11893 -0.350908 -1.86383 0.232177 0.527589 2.15172 -3.01287 -0.450575 -1.85297 -0.0257267 0.0262648 0.0352604 0.106058 -0.099667 0.0108618 0.0509412 8.53484 0.181288 0.349258 2.04133 -2.77726 -0.468707 -2.12786 -0.0766159 -0.152066 -0.0751333 0.341674 -0.117798 -0.264031 0.186116 20.4679 -0.142444 -3.56765 2.92913 -0.0226731 -0.00014076 2.28884 -0.412554 -2.8346 0.797021 0.14786 -0.144468 0.977986
483.743 0.259869 0.492287 2.11864 -3.08824 -0.33721 -1.87024 0.235195 0.519129 2.17067 -3.02805 -0.340552 -1.87234 -0.0246735 0.0268415 0.0520285 0.0601876 -0.00334213 -0.00210119 0.0635312 3.4157 0.183308 0.341457 2.05055 -2.7743 -0.471412 -2.1321 -0.0765609 -0.15083 -0.0680977 0.313935 -0.134202 -0.261858 0.182342 19.8216 -0.0107274 -3.45954 2.93054 -0.0222327 -0.00305236 2.33766 -0.326914 -2.72958 0.803083 0.162827 -0.117623 1.03736
484.054 0.256893 0.489605 2.12049 -3.05752 -0.329889 -1.87097 0.235137 0.515203 2.1701 -3.02668 -0.33731 -1.87226 -0.0217553 0.0255985 0.0496142 0.030841 -0.00742073 -0.00129738 0.0599178 1.79515 0.179992 0.340297 2.0528 -2.77382 -0.473837 -2.13009 -0.0769002 -0.149308 -0.0676858 0.283703 -0.143948 -0.259129 0.181074 19.0168 0.0723233 -3.38451 2.93199 -0.0239012 -0.00620265 2.36969 -0.274495 -2.6585 0.806986 0.172017 -0.090252 1.07535
484.361 0.256849 0.485699 2.12218 -3.03326 -0.324855 -1.87014 0.233177 0.511268 2.16944 -3.02521 -0.328404 -1.87219 -0.0236722 0.0255692 0.0472589 0.00804847 -0.00354891 -0.00204385 0.058716 0.48295 0.176996 0.336277 2.05778 -2.77247 -0.473568 -2.13481 -0.0798537 -0.149422 -0.0644036 0.26079 -0.148712 -0.264666 0.181249 18.6434 0.132104 -3.32689 2.9332 -0.0239564 -0.00765315 2.39356 -0.237683 -2.60488 0.809794 0.17818 -0.0664689 1.10314
484.751 0.257818 0.481654 2.12384 -3.00919 -0.320123 -1.86859 0.231165 0.507202 2.1683 -3.02063 -0.332459 -1.87263 -0.0266533 0.0255479 0.0444621 -0.0114315 -0.0123359 -0.00403657 0.0577925 1.03892 0.170933 0.335679 2.06037 -2.77188 -0.474485 -2.13644 -0.0868852 -0.145975 -0.0634741 0.237315 -0.154362 -0.267851 0.181347 18.3087 0.189741 -3.26822 2.93435 -0.0234793 -0.00904032 2.41732 -0.20305 -2.55106 0.812506 0.184325 -0.0421048 1.13035
485.061 0.264678 0.471891 2.12601 -2.98296 -0.312053 -1.8656 0.23491 0.509528 2.19843 2.97686 -0.37644 -1.85995 -0.0297676 0.0376373 0.0724251 5.95982 -0.0643872 0.00565002 0.0868796 18.7831 0.171343 0.331286 2.06286 -2.77432 -0.476633 -2.13494 -0.0933348 -0.140604 -0.063146 0.208639 -0.16458 -0.269342 0.18019 18.0683 0.263297 -3.18843 2.93555 -0.0200908 -0.0090256 2.44923 -0.160314 -2.47911 0.816026 0.193567 -0.0118733 1.16574
485.447 0.274772 0.462428 2.1271 -2.96912 -0.304323 -1.86238 0.236755 0.49539 2.17478 -2.92276 -0.329036 -1.85537 -0.0380171 0.0329613 0.047679 0.0463627 -0.0247134 0.00700574 0.0693184 3.14423 0.190205 0.3218 2.0657 -2.77358 -0.477058 -2.14256 -0.0845667 -0.140629 -0.0614023 0.195548 -0.172735 -0.280189 0.175209 18.5036 0.316044 -3.12735 2.9361 -0.0151849 -0.0081295 2.47387 -0.13091 -2.42512 0.818601 0.202228 0.00795269 1.19161
485.791 0.281401 0.456253 2.12766 -2.9572 -0.295939 -1.85784 0.248074 0.483842 2.17406 -2.92729 -0.31955 -1.85359 -0.033327 0.0275894 0.0464044 0.0299073 -0.023611 0.00424528 0.0634447 2.25342 0.189895 0.320241 2.06566 -2.7763 -0.480687 -2.13977 -0.0915059 -0.136012 -0.0619917 0.180895 -0.184748 -0.281934 0.175259 18.7561 0.366783 -3.06509 2.93633 -0.0117265 -0.00861572 2.49896 -0.103801 -2.3712 0.821081 0.212699 0.024682 1.21677
486.136 0.287285 0.447875 2.1283 -2.94612 -0.282706 -1.84963 0.25561 0.476137 2.17353 -2.93013 -0.313316 -1.85248 -0.0316748 0.0282623 0.0452268 0.0159939 -0.03061 -0.00284654 0.0620283 1.96324 0.19574 0.31602 2.06619 -2.77736 -0.48511 -2.13794 -0.0915443 -0.131854 -0.0621123 0.168761 -0.202404 -0.288306 0.172116 19.4728 0.431401 -2.98009 2.93626 -0.00817076 -0.00902828 2.53337 -0.0711779 -2.29961 0.824234 0.228512 0.0422141 1.24909
486.836 0.294789 0.434956 2.12897 -2.94056 -0.263461 -1.83364 0.271341 0.473065 2.22559 -3.02833 -0.283752 -1.82539 -0.0234486 0.0381091 0.0966256 -0.087765 -0.0202913 0.00825349 0.106483 5.05726 0.219389 0.304932 2.06344 -2.77645 -0.488723 -2.14334 -0.0754003 -0.130024 -0.0655289 0.164114 -0.225262 -0.309701 0.163968 21.0885 0.521926 -2.84815 2.93569 -0.00285199 -0.00902768 2.58781 -0.029398 -2.19333 0.828427 0.251455 0.0595974 1.295
487.151 0.295022 0.430954 2.12929 -2.94071 -0.256717 -1.82441 0.2751 0.465067 2.2245 -3.02734 -0.277597 -1.82504 -0.0199224 0.0341132 0.0952096 -0.0866242 -0.0208799 -0.000635736 0.10308 5.11474 0.237753 0.299116 2.06622 -2.77177 -0.488835 -2.15172 -0.0572692 -0.131837 -0.0630697 0.168945 -0.232118 -0.327307 0.156967 22.0683 0.564311 -2.78009 2.93534 -0.00156395 -0.00978472 2.61636 -0.0114864 -2.14082 0.830169 0.260514 0.0646561 1.31702
487.496 0.292814 0.425507 2.13009 -2.94546 -0.251535 -1.81213 0.274651 0.458538 2.2121 -2.93079 -0.298453 -1.83921 -0.0181631 0.0330312 0.082016 0.0146752 -0.0469187 -0.0270819 0.090264 3.10362 0.242366 0.294322 2.06521 -2.77268 -0.489692 -2.15052 -0.0504482 -0.131185 -0.0648761 0.172786 -0.238158 -0.338389 0.154802 22.7528 0.617803 -2.68717 2.93486 -0.000615832 -0.0103936 2.65557 0.00965334 -2.07138 0.832095 0.268091 0.066579 1.34568
487.864 0.292674 0.420304 2.13084 -2.9534 -0.250967 -1.80405 0.271296 0.449368 2.19984 -2.90514 -0.224412 -1.80778 -0.0213783 0.0290642 0.0689979 0.0482609 0.026555 -0.0037354 0.0778619 3.11898 0.247372 0.287726 2.06294 -2.77483 -0.490228 -2.14748 -0.0453019 -0.132579 -0.0679013 0.17857 -0.239261 -0.343435 0.155692 23.0301 0.655606 -2.61591 2.93451 0.000782729 -0.0101998 2.68584 0.0236484 -2.01967 0.833222 0.269713 0.0642804 1.36697
488.193 0.289683 0.41755 2.13164 -2.96269 -0.254321 -1.79668 0.270789 0.446484 2.20406 -2.97181 -0.173669 -1.7955 -0.0188945 0.0289331 0.0724208 -0.00912418 0.0806519 0.00118308 0.0802427 4.64933 0.2687 0.281077 2.06274 -2.77037 -0.488015 -2.15474 -0.020983 -0.136473 -0.0689039 0.192315 -0.233694 -0.358058 0.154315 23.5292 0.691372 -2.54334 2.93417 0.00110745 -0.0108539 2.71656 0.0361974 -1.96822 0.834026 0.267855 0.0592788 1.3884
488.532 0.286495 0.414125 2.13265 -2.97376 -0.259783 -1.79015 0.267238 0.441319 2.19804 -2.90186 -0.222164 -1.80813 -0.0192566 0.0271939 0.0653824 0.0718953 0.037619 -0.0179761 0.0733838 4.54398 0.274982 0.277159 2.06245 -2.77199 -0.488673 -2.15016 -0.0115124 -0.136966 -0.0702069 0.201764 -0.22889 -0.360011 0.154342 23.5095 0.725062 -2.46953 2.93377 0.0014548 -0.0110336 2.74776 0.0473905 -1.91696 0.834521 0.263294 0.0523737 1.41024
488.887 0.284315 0.408297 2.13396 -2.99087 -0.268317 -1.78235 0.264621 0.437871 2.20974 -3.02531 -0.259094 -1.77351 -0.0196939 0.0295746 0.0757814 -0.0344411 0.00922291 0.00884046 0.0836978 1.97695 0.283899 0.273158 2.06095 -2.77365 -0.488956 -2.1469 -0.000415676 -0.135138 -0.073014 0.21722 -0.220639 -0.364552 0.153602 23.5485 0.766665 -2.36927 2.93308 0.00294453 -0.0105192 2.7902 0.0602989 -1.84877 0.834798 0.255294 0.0415945 1.44039
489.162 0.282656 0.40438 2.1349 -3.00379 -0.274986 -1.77689 0.26234 0.431581 2.19775 -2.93231 -0.286478 -1.78756 -0.0203166 0.0272014 0.0628474 0.0714825 -0.0114923 -0.0106707 0.0714316 4.02419 0.30087 0.27194 2.0598 -2.7748 -0.488959 -2.14477 0.0182136 -0.13244 -0.0751041 0.228989 -0.213973 -0.367882 0.153339 23.5827 0.795305 -2.29276 2.93242 0.00387406 -0.010184 2.82248 0.0685659 -1.79761 0.834759 0.249012 0.0330439 1.46377
489.551 0.27735 0.402567 2.13587 -3.01508 -0.281811 -1.77138 0.260546 0.429784 2.20787 -3.02033 -0.256984 -1.77392 -0.0168038 0.0272169 0.0719968 -0.00525395 0.024827 -0.0025391 0.0787824 1.46927 0.305552 0.271958 2.06082 -2.77136 -0.488046 -2.14725 0.0282021 -0.130609 -0.0750515 0.243714 -0.206235 -0.375871 0.153254 23.8299 0.821683 -2.21517 2.93168 0.00314648 -0.0105699 2.85476 0.0757236 -1.74629 0.834572 0.242935 0.0242768 1.4877
489.832 0.269192 0.398697 2.13726 -3.02937 -0.288372 -1.76426 0.254555 0.425576 2.20604 -3.01579 -0.253112 -1.77442 -0.014637 0.0268788 0.0687789 0.0135742 0.0352606 -0.0101619 0.0752811 2.18695 0.304648 0.27119 2.05932 -2.76918 -0.48716 -2.14483 0.0354559 -0.127507 -0.0779433 0.260184 -0.198787 -0.380574 0.153591 24.0126 0.853242 -2.11027 2.93059 0.00176021 -0.010212 2.89766 0.0836318 -1.67739 0.834251 0.236393 0.0127892 1.52046
490.204 0.266614 0.394659 2.13792 -3.04099 -0.290037 -1.75977 0.248285 0.42367 2.21205 -3.12153 -0.389746 -1.75247 -0.0183297 0.0290114 0.0741295 -0.0805381 -0.0997089 0.00729868 0.0816873 7.26642 0.319253 0.267702 2.05746 -2.76662 -0.484977 -2.14677 0.0526384 -0.126957 -0.0804667 0.274368 -0.19494 -0.386999 0.15926 24.3865 0.874136 -2.03067 2.92954 0.00178783 -0.00941669 2.92984 0.088325 -1.62515 0.83401 0.234394 0.00400607 1.54561
490.925 0.263339 0.384975 2.13765 -3.06742 -0.2779 -1.74909 0.24052 0.415249 2.21167 3.11999 -0.167775 -1.76589 -0.0228183 0.030274 0.0740233 6.18741 0.110125 -0.016798 0.0831663 8.55322 0.32791 0.25932 2.05277 -2.76871 -0.481514 -2.14226 0.0645716 -0.125654 -0.0848776 0.298707 -0.203614 -0.393162 0.164811 25.3802 0.913346 -1.84253 2.92594 0.0028051 -0.0071481 3.00451 0.0949145 -1.50079 0.833477 0.245407 -0.0151743 1.60595
491.256 0.265934 0.380364 2.13659 -3.07891 -0.265317 -1.74476 0.237985 0.404543 2.18692 -3.01938 -0.350113 -1.75242 -0.0279498 0.0241781 0.0503313 0.0595293 -0.0847951 -0.00766372 0.0624421 5.87503 0.339714 0.252501 2.05263 -2.77017 -0.479786 -2.14271 0.0737799 -0.127864 -0.0839519 0.308737 -0.214469 -0.397956 0.169825 26.1314 0.925951 -1.76104 2.92383 0.0044676 -0.00585134 3.03657 0.0957783 -1.4462 0.833212 0.257356 -0.0224991 1.63226
491.6 0.271308 0.375715 2.13495 -3.09095 -0.249486 -1.74052 0.243683 0.407584 2.22258 3.13539 -0.166541 -1.73355 -0.0276251 0.0318697 0.0876266 6.22634 0.0829443 0.00696176 0.0972484 5.728 0.352764 0.246493 2.04866 -2.77278 -0.479099 -2.14143 0.0814559 -0.129221 -0.0862941 0.318173 -0.229614 -0.400912 0.175442 26.9509 0.935954 -1.67906 2.92148 0.00699193 -0.00439289 3.06878 0.0954407 -1.39071 0.832905 0.272521 -0.0295101 1.65857
492.204 0.278768 0.374323 2.12975 -3.11442 -0.207852 -1.7298 0.250031 0.392753 2.18508 -3.13271 -0.363453 -1.73224 -0.0287373 0.0184301 0.0553295 -0.0182927 -0.155601 -0.00244343 0.0650143 8.98223 0.366989 0.244349 2.04495 -2.7795 -0.481108 -2.13064 0.0882209 -0.129973 -0.0847956 0.33492 -0.273257 -0.400847 0.178511 28.8498 0.948981 -1.48587 2.9156 0.00903693 -0.00423618 -3.13959 0.0897117 -1.25739 0.831942 0.315268 -0.0450557 1.71889
492.507 0.278165 0.375666 2.12754 -3.12097 -0.187774 -1.72497 0.253913 0.39286 2.18566 -3.13594 -0.362472 -1.73168 -0.0242525 0.0171941 0.0581195 -0.0149665 -0.174698 -0.00670894 0.0652817 10.0623 0.372767 0.243337 2.04776 -2.77622 -0.477148 -2.13905 0.0946019 -0.132329 -0.079785 0.344753 -0.289373 -0.414079 0.18118 30.1556 0.950161 -1.40238 2.91299 0.00762256 -0.00465216 -3.10822 0.0848937 -1.19861 0.831452 0.335907 -0.0504527 1.74437
492.835 0.278831 0.375586 2.12471 -3.12706 -0.158964 -1.71907 0.255141 0.395947 2.18606 -3.0166 -0.243904 -1.72323 -0.0236903 0.0203609 0.0613487 0.110461 -0.0849396 -0.00415785 0.0688437 7.94794 0.368859 0.244962 2.0485 -2.7781 -0.474716 -2.13719 0.0900281 -0.130625 -0.0762115 0.348967 -0.315751 -0.418115 0.176 31.4312 0.94768 -1.29071 2.90969 0.00612827 -0.00417494 -3.06703 0.0759965 -1.11885 0.830885 0.364489 -0.0548164 1.77885
493.176 0.28084 0.375897 2.1225 -3.12916 -0.137429 -1.7153 0.256613 0.397181 2.19188 3.14082 -0.151566 -1.7149 -0.0242271 0.0212838 0.0693784 6.26998 -0.0141364 0.000397318 0.076507 1.10641 0.375767 0.244765 2.05191 -2.77669 -0.472919 -2.14058 0.0949265 -0.131132 -0.0705941 0.352464 -0.33549 -0.425277 0.176607 32.5421 0.942785 -1.20686 2.90755 0.00544371 -0.00386113 -3.03655 0.0673329 -1.05809 0.830621 0.385878 -0.0556264 1.80559
493.549 0.284204 0.376504 2.12025 -3.12919 -0.116874 -1.71193 0.256648 0.399157 2.19221 3.13875 -0.152252 -1.71499 -0.0275554 0.0226522 0.0719623 6.26794 -0.0353783 -0.00306536 0.0803181 2.22352 0.380844 0.24667 2.05602 -2.7765 -0.472818 -2.14107 0.0966404 -0.129834 -0.06423 0.352689 -0.355944 -0.429145 0.174132 33.4982 0.935298 -1.12302 2.90585 0.00529257 -0.00357601 -3.00627 0.0568589 -0.996645 0.830565 0.406449 -0.0541701 1.83336
494.158 0.295701 0.380201 2.11547 -3.1204 -0.0765345 -1.70617 0.268103 0.401018 2.19184 3.14102 -0.143674 -1.7149 -0.0275982 0.0208174 0.0763775 6.26142 -0.0671398 -0.00873449 0.0838365 4.09146 0.386083 0.252095 2.0666 -2.77093 -0.47237 -2.14866 0.0903818 -0.128106 -0.0488703 0.349466 -0.395836 -0.442489 0.16422 35.5163 0.907782 -0.927902 2.90422 0.00507767 -0.00350008 -2.93621 0.0249383 -0.851215 0.831629 0.446746 -0.0437577 1.90264
494.475 0.299999 0.383553 2.11381 -3.11275 -0.064124 -1.70438 0.272313 0.401845 2.18554 -3.02371 -0.0836279 -1.7041 -0.0276863 0.0182925 0.0717387 0.0890394 -0.019504 0.000285302 0.0790417 5.22367 0.379676 0.257688 2.07237 -2.77139 -0.473419 -2.14512 0.0796765 -0.125865 -0.0414307 0.341359 -0.409295 -0.440738 0.154618 35.8612 0.891732 -0.844644 2.90467 0.00416429 -0.00408385 -2.90647 0.00789011 -0.788347 0.832689 0.459513 -0.0371287 1.93426
494.739 0.304114 0.386251 2.11238 -3.10468 -0.0542795 -1.70281 0.274217 0.401632 2.16307 -3.05182 -0.00242229 -1.69692 -0.0298966 0.015381 0.0506906 0.052865 0.0518572 0.00588879 0.060827 4.26287 0.38213 0.264355 2.07747 -2.77366 -0.47481 -2.13906 0.0780161 -0.121895 -0.0349036 0.331025 -0.420531 -0.436255 0.148873 35.9928 0.873193 -0.761717 2.90578 0.00358024 -0.00432846 -2.87678 -0.0112821 -0.725393 0.834163 0.469592 -0.029806 1.96691
495.081 0.305923 0.392227 2.1111 -3.09044 -0.0449212 -1.70188 0.283473 0.41068 2.19222 3.13907 -0.134475 -1.71504 -0.0224499 0.0184533 0.0811164 6.22951 -0.0895536 -0.0131642 0.0861649 6.0634 0.373006 0.274324 2.08621 -2.77165 -0.474936 -2.13794 0.0670825 -0.117903 -0.0248883 0.318789 -0.430015 -0.436058 0.137915 36.177 0.844691 -0.651811 2.90815 6.26888e-05 -0.00574068 -2.83786 -0.0402846 -0.641596 0.836858 0.479654 -0.0206144 2.01148
495.34 0.307669 0.39353 2.11061 -3.08081 -0.0386388 -1.7023 0.286016 0.416547 2.19674 3.12725 -0.0163114 -1.699 -0.0216534 0.0230163 0.0861262 6.20806 0.0223275 0.00329322 0.0917406 4.4896 0.369686 0.276119 2.09522 -2.76767 -0.472028 -2.14554 0.062017 -0.117411 -0.0153853 0.313139 -0.433389 -0.443242 0.133672 36.4883 0.8206 -0.570056 2.91049 -0.00215238 -0.00553133 -2.80902 -0.0646789 -0.579107 0.839489 0.485297 -0.0146208 2.04546
495.646 0.309478 0.394318 2.11025 -3.07179 -0.0331215 -1.70376 0.283795 0.416005 2.17343 3.05332 0.0367648 -1.71863 -0.0256834 0.0216868 0.0631892 6.12511 0.0698863 -0.0148729 0.0715739 9.93636 0.361024 0.281267 2.09775 -2.7692 -0.472317 -2.13926 0.0515456 -0.113051 -0.0124977 0.302588 -0.439196 -0.435504 0.124875 36.3186 0.794258 -0.489035 2.91319 -0.0045247 -0.00529765 -2.78049 -0.091382 -0.517146 0.842644 0.490065 -0.00985134 2.07965
495.992 0.314915 0.390683 2.10995 -3.06391 -0.0256247 -1.70753 0.285601 0.414932 2.16343 -3.0545 -0.00258869 -1.69689 -0.0293141 0.024249 0.0534755 0.00940938 0.023036 0.0106409 0.0656275 1.55369 0.36395 0.278926 2.10051 -2.76499 -0.466716 -2.14869 0.0490347 -0.111757 -0.00944162 0.298914 -0.441091 -0.441164 0.122406 36.5873 0.755708 -0.382375 2.91714 -0.00599441 -0.00322181 -2.74262 -0.130531 -0.435642 0.847516 0.494929 -0.00619615 2.12518
496.307 0.319071 0.387774 2.10971 -3.06035 -0.0208852 -1.71154 0.288857 0.411447 2.1594 -3.05597 0.0703819 -1.70675 -0.0302145 0.0236725 0.0496908 0.00437583 0.0912671 0.00479454 0.0627892 5.24209 0.354956 0.27814 2.09784 -2.76636 -0.465715 -2.14377 0.0358852 -0.109635 -0.0118719 0.293987 -0.44483 -0.432225 0.115968 36.4002 0.724229 -0.303544 2.92015 -0.00731268 -0.00180976 -2.71441 -0.162522 -0.375541 0.851486 0.497697 -0.0063115 2.15885
496.64 0.324406 0.384367 2.10934 -3.06014 -0.0174231 -1.71677 0.298083 0.41273 2.18669 -3.14091 0.000801872 -1.73071 -0.0263228 0.0283639 0.077347 -0.0807677 0.0182249 -0.0139399 0.0864868 4.81703 0.345606 0.27812 2.09607 -2.76873 -0.465523 -2.13696 0.0212005 -0.106247 -0.0132655 0.291408 -0.448099 -0.420187 0.109151 36.1307 0.690541 -0.225824 2.92305 -0.00812356 -0.000340164 -2.68632 -0.196676 -0.31644 0.855516 0.499105 -0.00940313 2.19178
497.274 0.342083 0.377779 2.10753 -3.07251 -0.0182345 -1.73163 0.311233 0.405836 2.19084 -3.05357 0.00186092 -1.71508 -0.0308499 0.028057 0.0833112 0.0189427 0.0200954 0.0165477 0.0931647 1.84907 0.356013 0.27859 2.08989 -2.76849 -0.46375 -2.13955 0.0139295 -0.099189 -0.0176357 0.304018 -0.445516 -0.407923 0.101703 35.8787 0.603242 -0.0492489 2.92946 -0.00754184 0.00220018 -2.62047 -0.284166 -0.18312 0.864599 0.494644 -0.0265414 2.26468
497.569 0.349776 0.375615 2.10668 -3.08057 -0.0216636 -1.73744 0.316016 0.395766 2.15171 -3.05676 0.00221278 -1.72855 -0.0337602 0.0201516 0.0450265 0.0238052 0.0238764 0.00888827 0.0597765 2.00115 0.348149 0.282039 2.08646 -2.7724 -0.465208 -2.133 -0.00162687 -0.0935753 -0.0202205 0.30817 -0.443545 -0.395562 0.0957489 35.4877 0.562054 0.0242686 2.93209 -0.00717247 0.00305447 -2.59208 -0.324717 -0.128323 0.868221 0.490024 -0.0358847 2.2942
497.903 0.355222 0.37406 2.10613 -3.08835 -0.0259025 -1.74213 0.32793 0.397931 2.17456 -3.03509 -0.0782496 -1.73497 -0.0272917 0.0238711 0.0684299 0.053269 -0.052347 0.00715522 0.0774424 4.31357 0.358901 0.284198 2.08292 -2.77065 -0.463571 -2.13895 0.00367909 -0.0898614 -0.0232069 0.317705 -0.437668 -0.396823 0.0928825 35.4586 0.518591 0.0964291 2.93464 -0.00787117 0.00375579 -2.56369 -0.366949 -0.0751338 0.871656 0.48471 -0.0454961 2.32281
498.152 0.361539 0.371124 2.10559 -3.09919 -0.0309001 -1.74701 0.330949 0.391883 2.15102 -3.05817 0.00376719 -1.72876 -0.03059 0.0207584 0.0454298 0.0410137 0.0346673 0.0182552 0.0585707 3.25991 0.363241 0.290568 2.07646 -2.77289 -0.463518 -2.13575 0.00170197 -0.0805564 -0.0291221 0.326292 -0.432618 -0.388737 0.0856757 35.1751 0.457141 0.190399 2.93783 -0.00899002 0.00521987 -2.52573 -0.42571 -0.00691973 0.875933 0.477901 -0.0582087 2.35986
498.491 0.366384 0.370322 2.10484 -3.10777 -0.0345174 -1.75006 0.340139 0.393345 2.17459 -3.1413 0.000355247 -1.76198 -0.0262444 0.0230229 0.0697466 -0.033525 0.0348727 -0.0119217 0.0779963 2.86225 0.354801 0.294265 2.07242 -2.77616 -0.464652 -2.13074 -0.0115828 -0.0760574 -0.0324276 0.331614 -0.430134 -0.380681 0.0834891 34.94 0.408459 0.259075 2.94002 -0.00946165 0.00575778 -2.49716 -0.471496 0.0421014 0.878898 0.473638 -0.0676546 2.38713
499.265 0.372846 0.374338 2.103 -3.12394 -0.0421987 -1.75529 0.351541 0.393345 2.17459 -3.14148 0.000142617 -1.76198 -0.0213052 0.0190072 0.071595 -0.0175313 0.0423413 -0.00668734 0.0770781 2.65653 0.360374 0.305935 2.06475 -2.77589 -0.465453 -2.13154 -0.012472 -0.0684031 -0.0382468 0.34805 -0.423254 -0.376242 0.0793559 34.8668 0.3046 0.391493 2.94392 -0.0114221 0.0045492 -2.44028 -0.567021 0.13445 0.884119 0.466919 -0.086645 2.44095
500.089 0.389393 0.37443 2.09959 3.13521 -0.0477136 -1.76235 0.359141 0.397146 2.17459 3.14121 -0.000462354 -1.76198 -0.0302517 0.0227153 0.0749967 0.00599935 0.0472513 0.000371281 0.0839979 2.72922 0.369825 0.30688 2.05575 -2.77502 -0.467392 -2.13541 -0.0195676 -0.0675505 -0.0438397 -5.91023 -0.419678 -0.373063 0.0828726 35.1987 0.17315 0.537201 2.94776 -0.0081883 0.00532389 -2.37307 -0.684234 0.232235 0.889186 0.461588 -0.108243 2.50354
500.651 0.411385 0.375482 2.09433 3.10683 -0.0480593 -1.76758 0.374876 0.391374 2.13354 -3.04173 -0.064883 -1.74712 -0.0365092 0.0158917 0.0392095 -6.14856 -0.0168237 0.0204569 0.0558825 7.92583 0.383352 0.315643 2.04594 -2.78149 -0.473479 -2.12604 -0.0280329 -0.0598389 -0.0483957 -5.88832 -0.425419 -0.358453 0.0819065 35.5973 0.0307954 0.673468 2.95026 -0.00156276 0.00593624 -2.30293 -0.806836 0.318781 0.892911 0.46277 -0.129561 2.56545
501.503 0.415977 0.386591 2.09056 3.07341 -0.0554025 -1.76532 0.397491 0.400857 2.14541 -3.06752 -0.185408 -1.7597 -0.0184868 0.0142661 0.0548449 -6.14093 -0.130006 0.00561755 0.0596092 11.0706 0.38581 0.341698 2.04551 -2.77954 -0.474702 -2.12691 -0.0301676 -0.0448927 -0.0450548 -5.85295 -0.4193 -0.361593 0.0703944 36.3751 -0.192173 0.852125 2.95413 -0.00224758 0.00429448 -2.19932 -0.989498 0.423463 0.896215 0.45926 -0.159474 2.65217
501.749 0.412231 0.392097 2.0903 3.06389 -0.0621371 -1.76384 0.394935 0.403187 2.13699 -3.12877 -0.0944657 -1.75751 -0.0172955 0.0110904 0.0466877 -6.19267 -0.0323286 0.00633001 0.0510085 5.54546 0.387854 0.350017 2.04562 -2.77525 -0.471815 -2.13631 -0.0243768 -0.0420795 -0.0446759 -5.83915 -0.409678 -0.372461 0.0660367 36.6443 -0.263289 0.90186 2.95581 -0.00396134 0.00295634 -2.16844 -1.04587 0.450778 0.897098 0.454372 -0.169399 2.6778
502.902 0.384919 0.413497 2.09285 3.01597 -0.115875 -1.76567 0.377312 0.432372 2.16587 2.99784 -0.0776952 -1.76458 -0.007607 0.0188753 0.0730248 -0.018131 0.0381795 0.00108992 0.0758074 2.41978 0.355061 0.386403 2.04608 -2.771 -0.472102 -2.13293 -0.0298572 -0.0270941 -0.0467645 -5.78698 -0.356228 -0.367254 0.0617451 36.0219 -0.589006 1.09506 2.96457 -0.0125471 -0.00348328 -2.04153 -1.29878 0.549642 0.900908 0.409205 -0.225413 2.78983
503.499 0.371081 0.419024 2.09626 2.99752 -0.1554 -1.77087 0.361778 0.439477 2.16351 2.99735 -0.0696676 -1.76617 -0.00930335 0.0204531 0.0672505 -0.000168199 0.0857327 0.00470215 0.070905 4.91948 0.352405 0.394328 2.04802 -2.7669 -0.471773 -2.13817 -0.018676 -0.0246954 -0.0482442 -5.76443 -0.316372 -0.367306 0.057325 35.318 -0.773131 1.18335 2.97015 -0.0154362 -0.00547203 -1.97728 -1.44 0.590651 0.902972 0.371837 -0.250188 2.85606
504.102 0.357562 0.42422 2.09997 2.99281 -0.191144 -1.7772 0.348577 0.446024 2.16824 3.13884 -0.104662 -1.77773 -0.00898506 0.021804 0.0682727 0.14603 0.0864822 -0.000531367 0.0722309 9.71798 0.332285 0.405862 2.05097 -2.76611 -0.473813 -2.13389 -0.0252773 -0.0183581 -0.0489994 -5.75892 -0.28267 -0.356695 0.0581111 34.1011 -0.961218 1.26025 2.9751 -0.0184755 -0.00798838 -1.91495 -1.58403 0.623311 0.904737 0.337302 -0.262908 2.92674

504.401 0.353735 0.424888 2.10091 2.99285 -0.199001 -1.7791 0.323257 0.428702 2.06585 -3.06546 -0.00129044 -1.78289 -0.0304774 0.00381418 -0.0350628 -6.05831 0.19771 -0.00378944 0.0466135 17.1252 0.330146 0.40461 2.05276 -2.76352 -0.471899 -2.13837 -0.0235889 -0.0202775 -0.0481542 -5.75637 -0.272898 -0.359264 0.0573275 33.9402 -1.01546 1.28011 2.97625 -0.0191335 -0.00845786 -1.89746 -1.62567 0.631105 0.905242 0.329361 -0.26495 2.94728
505.293 0.330053 0.426576 2.10559 2.99857 -0.218979 -1.7954 0.3212 0.442878 2.15255 2.89126 -0.104435 -1.80971 -0.00885295 0.0163021 0.0469623 -0.107309 0.114544 -0.0143041 0.0504934 9.11736 0.300254 0.404415 2.04973 -2.75912 -0.463837 -2.14067 -0.0297992 -0.0221608 -0.0558637 -5.75769 -0.244858 -0.345268 0.0670808 32.8691 -1.31583 1.37244 2.97886 -0.0274251 -0.0116017 -1.80467 -1.85819 0.661453 0.907817 0.308899 -0.277215 3.05834
505.634 0.3115 0.431055 2.10727 3.00724 -0.218993 -1.80051 0.307789 0.442547 2.13822 2.8792 -0.218967 -1.79582 -0.00371089 0.0114919 0.0309415 -0.12804 2.63776e-05 0.00468421 0.0332146 7.28255 0.274353 0.408409 2.04724 -2.75734 -0.461 -2.1369 -0.0371464 -0.022646 -0.0600379 -5.76459 -0.242007 -0.336396 0.0741434 32.4072 -1.39772 1.39263 2.97851 -0.0351016 -0.0145782 -1.78204 -1.92225 0.665951 0.908314 0.309414 -0.279565 3.0878
505.941 0.289727 0.43542 2.10932 3.02093 -0.216547 -1.80692 0.289051 0.446183 2.13766 2.89135 -0.206726 -1.79884 -0.000675655 0.0107631 0.0283402 -0.129583 0.00982085 0.00808233 0.0303228 7.36277 0.250543 0.412574 2.04581 -2.75409 -0.456175 -2.13649 -0.0391842 -0.0228465 -0.0635018 -5.77502 -0.239628 -0.329564 0.0780374 31.8813 -1.47904 1.41071 2.97776 -0.0442929 -0.0179116 -1.76154 -1.98625 0.668771 0.908669 0.311821 -0.279254 3.11724
506.573 0.236818 0.440734 2.11474 3.07284 -0.205952 -1.82713 0.237848 0.450703 2.12321 2.82424 -0.151768 -1.82208 0.00103026 0.00996828 0.00847134 -0.248606 0.0541835 0.00505495 0.0131222 14.5292 0.178491 0.417694 2.05093 -2.74598 -0.446574 -2.13581 -0.0583272 -0.0230407 -0.0638043 -5.81882 -0.240622 -0.308676 0.0894646 29.9738 -1.66411 1.44499 2.97502 -0.0650067 -0.0254643 -1.72341 -2.13417 0.668899 0.908954 0.319027 -0.261456 -3.09553
506.872 0.215639 0.441562 2.11724 3.10359 -0.201192 -1.83815 0.215207 0.458359 2.15501 2.92529 -0.159456 -1.82741 -0.000432071 0.0167965 0.0377744 -0.178301 0.0417357 0.0107478 0.0413427 10.4014 0.156638 0.41875 2.05369 -2.74263 -0.444025 -2.13552 -0.0590009 -0.0228126 -0.0635503 -5.84622 -0.242832 -0.297365 0.0896669 28.8252 -1.74041 1.45639 2.9737 -0.0726688 -0.0289514 -1.71138 -2.19646 0.666224 0.909022 0.321329 -0.24592 -3.06458
507.225 0.196421 0.441283 2.12 3.13949 -0.196425 -1.85019 0.189591 0.453531 2.12712 3.13981 -0.00237111 -1.85335 -0.00683032 0.0122487 0.00711945 0.000319387 0.194053 -0.00315934 0.015728 11.1199 0.128176 0.419827 2.05546 -2.73987 -0.44198 -2.13605 -0.068245 -0.0214553 -0.0645392 -5.87936 -0.245555 -0.285857 0.0963485 27.4914 -1.81435 1.46594 2.97239 -0.0795002 -0.0324837 -1.70187 -2.25775 0.661924 0.909166 0.323054 -0.225219 -3.03346
507.606 0.171695 0.438782 2.12401 -3.08787 -0.190005 -1.86661 0.168411 0.459451 2.1555 3.06926 -0.102223 -1.86678 -0.00328441 0.0206689 0.0314929 6.15713 0.0877819 -0.000173058 0.0378126 8.80033 0.0920408 0.420671 2.05754 -2.73704 -0.440644 -2.13578 -0.0796544 -0.0181111 -0.0664714 0.350823 -0.250639 -0.269173 0.105315 25.4906 -1.90875 1.4759 2.97074 -0.0872773 -0.0368989 -1.69285 -2.33741 0.653717 0.909512 0.324663 -0.189152 -2.99224
507.978 0.155967 0.435234 2.12737 -3.04166 -0.185558 -1.87904 0.150117 0.459166 2.17271 -3.0149 -0.142474 -1.8523 -0.00584961 0.0239322 0.0453386 0.0267648 0.043084 0.0267376 0.0515999 3.39984 0.069817 0.421808 2.05984 -2.73569 -0.439763 -2.13632 -0.08615 -0.0134256 -0.0675362 0.305976 -0.254205 -0.257279 0.110287 23.9376 -1.97605 1.48138 2.96956 -0.091871 -0.0399578 -1.68859 -2.39531 0.645779 0.909926 0.325312 -0.156824 -2.96218
508.338 0.142432 0.430721 2.13089 -2.99331 -0.181789 -1.89126 0.131569 0.459229 2.19583 -3.0033 -0.15748 -1.87392 -0.0108634 0.0285075 0.0649379 -0.00999509 0.0243084 0.0173388 0.0717469 1.75011 0.0489767 0.423678 2.0614 -2.7347 -0.439443 -2.13684 -0.0934554 -0.0070435 -0.069491 0.258605 -0.257655 -0.245575 0.116673 22.4577 -2.04013 1.48523 2.96843 -0.0953294 -0.0429231 -1.68621 -2.45136 0.636381 0.910527 0.325645 -0.121228 -2.9334
508.625 0.127872 0.42485 2.13555 -2.92626 -0.177699 -1.90663 0.107751 0.427581 2.06856 -2.82522 -0.43052 -1.93323 -0.0201212 0.00273042 -0.0669919 0.10104 -0.252821 -0.0265945 0.0700016 15.4977 0.0234159 0.426333 2.06401 -2.73344 -0.440974 -2.13799 -0.104456 0.00148211 -0.0715379 0.192819 -0.263275 -0.231359 0.126613 20.8249 -2.12029 1.48791 2.96697 -0.098299 -0.0474062 -1.68548 -2.52272 0.621662 0.911671 0.326788 -0.0696682 -2.8976
509.256 0.111388 0.418624 2.14179 -2.82341 -0.172174 -1.92555 0.0917818 0.446448 2.20458 -2.866 -0.220236 -1.9135 -0.0196066 0.0278243 0.0627952 -0.0425935 -0.0480623 0.0120475 0.0714272 3.65473 -0.00640418 0.431718 2.06452 -2.73227 -0.446959 -2.14085 -0.117793 0.0130944 -0.0772711 0.0911408 -0.274786 -0.215304 0.141483 19.6652 -2.22885 1.4871 2.96465 -0.0998126 -0.0559707 -1.68843 -2.62114 0.595208 0.914122 0.333177 0.0136351 -2.85019
510.162 0.0961329 0.414377 2.15014 -2.66022 -0.167022 -1.94527 0.0703619 0.441405 2.22283 -2.74413 -0.178977 -1.93504 -0.0257709 0.027028 0.0726893 -0.0839142 -0.0119548 0.0102219 0.0817214 4.7915 -0.0382825 0.438269 2.05741 -2.72967 -0.460799 -2.14864 -0.134415 0.0238926 -0.0927314 -0.0694584 -0.293777 -0.203375 0.165038 21.5068 -2.37825 1.4753 2.95958 -0.0948405 -0.073681 -1.69987 -2.75721 0.54197 0.918917 0.354753 0.154534 -2.78682
510.537 0.0942008 0.412629 2.15265 -2.61818 -0.169129 -1.95079 0.0670873 0.434808 2.20934 -2.6858 -0.196514 -1.95068 -0.0271135 0.0221788 0.056691 -0.0676231 -0.0273855 0.000110959 0.0666402 4.17898 -0.0450616 0.441512 2.05336 -2.72883 -0.46483 -2.1519 -0.139262 0.0288831 -0.0992975 -0.110656 -0.295701 -0.201113 0.17346 22.4576 -2.41566 1.46993 2.95713 -0.091654 -0.0786979 -1.70407 -2.79052 0.52467 0.919495 0.359391 0.191938 -2.77168
511.146 0.0874429 0.407565 2.15809 -2.54181 -0.181714 -1.96751 0.0613482 0.430367 2.20635 -2.55095 -0.150105 -1.94968 -0.0260947 0.022802 0.0482599 -0.00914109 0.0316083 0.0178318 0.0594128 2.10264 -0.0523694 0.447157 2.05057 -2.7294 -0.473565 -2.15562 -0.139812 0.0395926 -0.107516 -0.187587 -0.291851 -0.18811 0.180762 24.1696 -2.49066 1.45545 2.94818 -0.08383 -0.089005 -1.71379 -2.85423 0.483672 0.917163 0.36062 0.259873 -2.74426
511.473 0.083963 0.404678 2.16029 -2.52033 -0.188952 -1.97666 0.0581463 0.424086 2.194 -2.51102 -0.161588 -1.96519 -0.0258167 0.0194076 0.0337111 0.00931002 0.0273642 0.0114728 0.0466861 1.81575 -0.0551862 0.451692 2.0496 -2.72951 -0.477027 -2.15809 -0.139149 0.0470145 -0.110689 -0.209177 -0.288075 -0.181434 0.183916 24.5717 -2.51786 1.44872 2.94275 -0.0803511 -0.092719 -1.71757 -2.8755 0.46623 0.914411 0.357445 0.278187 -2.73606
511.812 0.0783294 0.400472 2.16265 -2.50464 -0.198757 -1.99014 0.0550537 0.427287 2.22576 -2.51961 -0.197263 -1.97392 -0.0232757 0.0268149 0.0631103 -0.014977 0.00149436 0.0162179 0.0724135 1.13712 -0.0534797 0.456045 2.04874 -2.72997 -0.48175 -2.15901 -0.131809 0.0555724 -0.113906 -0.225331 -0.282993 -0.168876 0.182857 24.5921 -2.54978 1.43953 2.93409 -0.075733 -0.0969763 -1.72197 -2.89836 0.443472 0.909237 0.350713 0.290409 -2.72871
512.151 0.0735632 0.397031 2.16403 -2.50289 -0.205864 -2.0006 0.0492411 0.423247 2.2249 -2.46418 -0.172656 -1.97294 -0.0243221 0.0262163 0.0608701 0.0387098 0.0332082 0.0276621 0.0705977 3.51758 -0.0533505 0.458946 2.04384 -2.7299 -0.484971 -2.16082 -0.126914 0.0619151 -0.120194 -0.227018 -0.279107 -0.16022 0.185438 24.2558 -2.57059 1.43259 2.92661 -0.0723255 -0.0996281 -1.72469 -2.91154 0.426995 0.904289 0.344223 0.290152 -2.72608
512.508 0.0686151 0.39323 2.16507 -2.50934 -0.212259 -2.01056 0.0446006 0.420948 2.23881 -2.4818 -0.233543 -1.99737 -0.0240145 0.0277177 0.0737401 0.0275427 -0.0212833 0.0131935 0.0823563 2.25307 -0.0515897 0.459532 2.03885 -2.73025 -0.487998 -2.16221 -0.120205 0.0663023 -0.126222 -0.220904 -0.275739 -0.151648 0.186486 23.6476 -2.58886 1.4257 2.91831 -0.0688859 -0.101733 -1.72688 -2.92144 0.411196 0.898441 0.337352 0.282512 -2.72586
513.176 0.0571678 0.38448 2.16571 -2.55307 -0.222632 -2.02813 0.0339575 0.41413 2.2497 -2.51964 -0.254471 -2.02284 -0.0232104 0.0296504 0.0839954 0.0334258 -0.0318395 0.00529115 0.0920494 2.71325 -0.0399719 0.457039 2.03017 -2.7317 -0.493863 -2.16214 -0.0971398 0.0725587 -0.135534 -0.178629 -0.271231 -0.134013 0.181853 21.4324 -2.62214 1.41018 2.89568 -0.060655 -0.105101 -1.72997 -2.93287 0.37769 0.881387 0.324422 0.23989 -2.73423
513.839 0.0465382 0.377046 2.16434 -2.61841 -0.224253 -2.03436 0.0210246 0.403455 2.23407 -2.55706 -0.232554 -2.03647 -0.0255136 0.0264095 0.069726 0.0613473 -0.00830016 -0.00211271 0.0788043 3.52181 -0.0237454 0.454181 2.02258 -2.73293 -0.496662 -2.16223 -0.0702836 0.0771346 -0.141764 -0.114519 -0.272409 -0.127869 0.17603 19.3313 -2.64111 1.39796 2.87289 -0.054286 -0.106292 -1.7307 -2.93159 0.353551 0.863449 0.320688 0.179965 -2.75081
514.484 0.0338072 0.367 2.16035 -2.71873 -0.211033 -2.02978 0.0103082 0.402005 2.2753 -2.71748 -0.259768 -2.03156 -0.023499 0.0350056 0.114949 0.00125092 -0.0487344 -0.00178365 0.122438 2.79442 -0.00698431 0.443492 2.00994 -2.73447 -0.49826 -2.16139 -0.0407915 0.0764919 -0.15041 -0.0157423 -0.287227 -0.131612 0.173603 18.2441 -2.65313 1.38551 2.84255 -0.0480731 -0.105382 -1.73001 -2.92026 0.331292 0.83971 0.332817 0.0911552 -2.77931
514.843 0.0298977 0.362624 2.15785 -2.76578 -0.199605 -2.02474 0.00239789 0.392768 2.25049 -2.70805 -0.192927 -2.01969 -0.0274998 0.0301442 0.0926466 0.0577305 0.00667788 0.00505085 0.101234 3.39765 0.000494189 0.437749 2.00543 -2.73355 -0.498625 -2.16021 -0.0294035 0.0751245 -0.152416 0.0322276 -0.29902 -0.135465 0.172449 18.6241 -2.6552 1.38085 2.82839 -0.0452086 -0.104495 -1.72942 -2.91292 0.323738 0.828777 0.344803 0.0506951 -2.7938
515.197 0.0274516 0.357314 2.15395 -2.83009 -0.180746 -2.0171 -0.00253266 0.384276 2.22458 -2.71402 -0.249902 -2.03929 -0.0299843 0.0269622 0.0706334 0.11607 -0.0691556 -0.0221913 0.0813333 7.60984 0.0122467 0.429242 1.99693 -2.73311 -0.499137 -2.15959 -0.0152049 0.071928 -0.157016 0.0969807 -0.31839 -0.142485 0.173375 19.9765 -2.65526 1.37534 2.80876 -0.0407209 -0.103138 -1.7285 -2.90153 0.31556 0.813627 0.365491 -0.00342815 -2.81493
515.512 0.027299 0.353576 2.15075 -2.87826 -0.164274 -2.01131 -0.00704111 0.354835 2.07693 -2.71436 -0.456918 -2.10067 -0.0343401 0.00125856 -0.0738164 0.163902 -0.292644 -0.0893567 0.0814229 19.1096 0.021238 0.422667 1.99118 -2.73377 -0.49957 -2.1593 -0.00606101 0.069091 -0.159569 0.144498 -0.335296 -0.147986 0.17399 21.4967 -2.65345 1.37174 2.79347 -0.0371016 -0.10196 -1.72779 -2.89216 0.3108 0.801793 0.383932 -0.0433017 -2.83187
515.921 0.0282177 0.350071 2.14735 -2.92526 -0.145632 -2.00572 -0.0072323 0.357152 2.11682 -2.81427 -0.397405 -2.06019 -0.03545 0.00708071 -0.0305308 0.110988 -0.251772 -0.0544733 0.0473177 15.7266 0.0287287 0.419469 1.98705 -2.73214 -0.499743 -2.15958 0.000511023 0.0693978 -0.160298 0.193119 -0.354111 -0.15386 0.174676 23.3943 -2.6502 1.36864 2.77766 -0.0334766 -0.100724 -1.7271 -2.88233 0.307113 0.789549 0.40501 -0.081746 -2.84949
516.256 0.0301302 0.346894 2.14394 -2.97004 -0.125569 -2.00067 -0.00435595 0.363647 2.17037 -2.781 -0.165206 -2.01839 -0.0344862 0.0167531 0.0264257 0.189034 -0.0396378 -0.0177243 0.0465648 10.9677 0.0368281 0.413665 1.98196 -2.73167 -0.500316 -2.15974 0.00669788 0.0667716 -0.161983 0.238371 -0.374747 -0.159078 0.175334 25.4954 -2.64562 1.36606 2.76152 -0.0298858 -0.0994819 -1.72647 -2.87229 0.30444 0.776983 0.427944 -0.117903 -2.86742
516.586 0.0342754 0.342796 2.1394 -3.0237 -0.097466 -1.99485 -0.00437938 0.344088 2.07709 -2.82697 -0.384893 -2.06346 -0.0386548 0.00129233 -0.0623063 0.196736 -0.287427 -0.0686099 0.0733344 19.7851 0.046874 0.40691 1.97736 -2.73035 -0.501065 -2.16022 0.0125985 0.0641139 -0.16204 0.293355 -0.403599 -0.165362 0.174718 28.4048 -2.63771 1.36347 2.73967 -0.0252427 -0.0977794 -1.72576 -2.85883 0.302309 0.759733 0.460317 -0.160131 -2.89081
516.931 0.0380561 0.339644 2.13622 -3.05843 -0.0755093 -1.99108 0.00096698 0.362817 2.20587 -3.0037 -0.299036 -2.0047 -0.0370891 0.0231734 0.0696458 0.054725 -0.223527 -0.0136162 0.0822383 13.1722 0.053337 0.403701 1.97382 -2.7276 -0.501535 -2.16111 0.0152809 0.0640571 -0.162404 0.330821 -0.426025 -0.170027 0.175248 30.6014 -2.63059 1.3622 2.7231 -0.022073 -0.0964257 -1.72534 -2.84888 0.301623 0.746499 0.485499 -0.186617 -2.90737
517.592 0.0488144 0.33025 2.13018 -3.11741 -0.0232748 -1.98368 0.0107193 0.35481 2.18402 -2.97677 -0.0339534 -1.9796 -0.0380951 0.0245601 0.053843 0.140639 -0.0106787 0.00407872 0.0703812 8.09124 0.0680241 0.393544 1.96538 -2.72586 -0.501138 -2.16161 0.0192096 0.0632938 -0.164797 0.391544 -0.477864 -0.177927 0.177576 34.9901 -2.6108 1.36156 2.68413 -0.0158306 -0.092517 -1.72478 -2.82688 0.302331 0.714681 0.543575 -0.228167 -2.93946
517.919 0.0539235 0.324768 2.12836 -3.13149 -0.00100353 -1.98054 0.0150391 0.346414 2.15937 3.0691 0.0786921 -1.99416 -0.0388844 0.0216455 0.0310008 6.20059 0.0796956 -0.0136222 0.0542363 6.59951 0.0686278 0.392293 1.96573 -2.72414 -0.500031 -2.16129 0.0147043 0.0675254 -0.162631 0.407353 -0.499027 -0.180752 0.176705 36.5162 -2.60124 1.36227 2.66751 -0.0137479 -0.0903514 -1.72471 -2.81807 0.303338 0.700768 0.566846 -0.235953 -2.94892
518.227 0.0593749 0.318842 2.12704 -3.13798 0.0207308 -1.97701 0.0221762 0.347981 2.20627 -3.13737 -0.00146767 -1.98386 -0.0371987 0.0291398 0.0792318 0.000609458 -0.0221985 -0.00684895 0.0922526 1.33149 0.0711669 0.384803 1.96234 -2.72302 -0.49858 -2.16098 0.011792 0.0659611 -0.164701 0.414964 -0.519311 -0.18397 0.17781 37.7489 -2.59117 1.36352 2.65106 -0.0119254 -0.0881084 -1.72472 -2.80962 0.304601 0.686763 0.588603 -0.237108 -2.95499
518.598 0.0676865 0.310661 2.12604 -3.13601 0.0468857 -1.97189 0.0286764 0.338381 2.1878 3.14101 -0.000877387 -1.96314 -0.0390102 0.0277204 0.061759 6.27701 -0.0477631 0.00875201 0.0781306 2.80603 0.0738995 0.377579 1.96023 -2.72151 -0.496765 -2.16097 0.00621294 0.0669182 -0.165811 0.414501 -0.543651 -0.189083 0.178913 38.9485 -2.57714 1.36593 2.62952 -0.00959691 -0.0851801 -1.72483 -2.79892 0.306586 0.667953 0.613474 -0.229635 -2.9576
518.954 0.0750403 0.304201 2.12575 -3.12905 0.0632628 -1.96822 0.0351615 0.330952 2.18932 3.01339 -0.0609037 -1.98034 -0.0398787 0.0267512 0.0635628 6.14244 -0.124167 -0.0121212 0.0796629 10.7715 0.0759194 0.376002 1.96012 -2.71983 -0.495533 -2.16179 0.000879168 0.0718011 -0.165634 0.409222 -0.558796 -0.193566 0.180529 39.5675 -2.56627 1.36823 2.61364 -0.0077351 -0.0830179 -1.72493 -2.79139 0.308216 0.653738 0.628266 -0.219561 -2.95612
519.248 0.0831805 0.297918 2.12595 -3.11886 0.076901 -1.96471 0.0438817 0.324086 2.18695 3.06072 0.0807502 -1.96639 -0.0392988 0.026168 0.0609915 6.17958 0.0038492 -0.00167517 0.0771305 5.93333 0.0792416 0.371499 1.95815 -2.71988 -0.494841 -2.16259 -0.0039389 0.0735807 -0.1678 0.398976 -0.571742 -0.19788 0.183266 39.9468 -2.55522 1.37087 2.59788 -0.00572909 -0.0810131 -1.72502 -2.78428 0.309885 0.639428 0.639921 -0.207127 -2.95245
519.602 0.0920228 0.291604 2.12632 -3.1067 0.0880292 -1.96127 0.0516049 0.317192 2.18514 3.11539 0.143001 -1.97058 -0.0404178 0.0255875 0.0588126 6.22209 0.0549719 -0.00931599 0.0758105 4.69302 0.0818588 0.369922 1.95788 -2.72019 -0.494828 -2.16361 -0.010164 0.0783181 -0.168443 0.386518 -0.582857 -0.202342 0.186038 40.1932 -2.54411 1.37381 2.58215 -0.00360533 -0.079191 -1.72509 -2.77752 0.311508 0.625025 0.649186 -0.193157 -2.9474
520.234 0.113736 0.277189 2.12753 -3.07879 0.106212 -1.95324 0.0727958 0.302047 2.18609 -3.07404 0.182747 -1.94151 -0.0409401 0.0248578 0.0585553 0.00474752 0.0765352 0.011726 0.0756487 4.43871 0.0927461 0.366 1.96167 -2.72372 -0.496393 -2.16452 -0.0209898 0.0888109 -0.165862 0.355069 -0.602604 -0.211286 0.18931 40.4604 -2.51851 1.38152 2.54541 0.00154891 -0.0758116 -1.72504 -2.76295 0.314752 0.591577 0.664375 -0.16133 -2.93558
520.875 0.13112 0.264096 2.12918 -3.05861 0.111593 -1.94476 0.0923909 0.289438 2.1998 -3.10195 0.109881 -1.93837 -0.0387288 0.0253419 0.0706186 -0.0433374 -0.00171142 0.00638615 0.0844341 2.55144 0.100525 0.367276 1.96659 -2.7269 -0.498872 -2.16357 -0.0305945 0.10318 -0.162588 0.331707 -0.610465 -0.218813 0.194979 40.3865 -2.49452 1.39001 2.50963 0.00500145 -0.0736997 -1.72479 -2.74954 0.317205 0.55921 0.668746 -0.137285 -2.92929
521.191 0.136655 0.25982 2.12989 -3.0529 0.110193 -1.94137 0.0994786 0.282811 2.18498 -3.08241 0.186384 -1.94419 -0.0371759 0.0229915 0.0550847 -0.0295088 0.0761913 -0.00281674 0.0703206 4.67546 0.10146 0.367387 1.96865 -2.72782 -0.499884 -2.16294 -0.0351948 0.107568 -0.161241 0.325082 -0.610077 -0.221566 0.196998 40.2457 -2.48499 1.39379 2.49471 0.00592102 -0.0735152 -1.72467 -2.74393 0.31803 0.545737 0.667719 -0.130022 -2.92854
521.567 0.141753 0.256391 2.13063 -3.04855 0.106852 -1.9386 0.106511 0.275225 2.17156 -3.01693 0.102216 -1.93342 -0.0352421 0.0188337 0.0409327 0.0316195 -0.00463645 0.00517278 0.0572031 1.82435 0.10372 0.367576 1.97021 -2.72859 -0.501208 -2.16279 -0.0380331 0.111185 -0.160412 0.31996 -0.60806 -0.224192 0.198848 40.0535 -2.476 1.39762 2.48008 0.00696099 -0.0737256 -1.72455 -2.73826 0.318758 0.532482 0.665201 -0.124066 -2.92831
522.201 0.151662 0.244065 2.13249 -3.04222 0.100359 -1.93468 0.119338 0.272177 2.21623 -3.02046 0.104402 -1.92498 -0.0323232 0.0281113 0.0837401 0.0217603 0.00404317 0.00969742 0.0940608 1.33237 0.106267 0.36465 1.97377 -2.73452 -0.501918 -2.16122 -0.0453946 0.120585 -0.158722 0.3077 -0.602277 -0.226544 0.204436 39.5169 -2.45734 1.40677 2.44633 0.0099414 -0.0724198 -1.72427 -2.72436 0.319983 0.502149 0.658951 -0.113378 -2.9277
522.553 0.154083 0.238104 2.13319 -3.04145 0.0991844 -1.93426 0.121617 0.259903 2.1703 -3.02111 0.106394 -1.93439 -0.0324657 0.0217982 0.0371129 0.020333 0.00720978 -0.000127885 0.0539125 1.2367 0.105888 0.365065 1.97966 -2.7367 -0.501307 -2.16009 -0.048195 0.126961 -0.153523 0.304748 -0.600491 -0.225829 0.204966 39.3565 -2.45047 1.41075 2.4318 0.0110302 -0.0716073 -1.72413 -2.71814 0.32028 0.489322 0.657448 -0.11117 -2.92741
522.895 0.154476 0.231356 2.13403 -3.04094 0.098276 -1.9346 0.125384 0.252269 2.16986 -3.02222 0.108432 -1.93472 -0.0290921 0.0209136 0.035826 0.018719 0.0101559 -0.000121688 0.0506678 1.22077 0.107061 0.361176 1.98197 -2.73793 -0.500663 -2.15946 -0.0474148 0.12982 -0.152062 0.303007 -0.598939 -0.22486 0.205485 39.2304 -2.44248 1.41601 2.4126 0.0117716 -0.0709905 -1.72392 -2.7096 0.320529 0.472452 0.656141 -0.109982 -2.92658
523.524 0.147631 0.224395 2.1351 -3.03931 0.0984319 -1.93583 0.126944 0.246724 2.21363 -3.0181 0.114156 -1.92518 -0.0206865 0.0223292 0.0785292 0.0212128 0.0157238 0.0106462 0.084222 1.58214 0.106157 0.355374 1.98664 -2.73743 -0.498956 -2.15896 -0.0414744 0.130979 -0.148461 0.301887 -0.597387 -0.223131 0.202278 39.1133 -2.43303 1.42376 2.3841 0.0105543 -0.0713258 -1.72356 -2.69643 0.320621 0.447457 0.65582 -0.110602 -2.92425
524.148 0.133125 0.218356 2.13675 -3.03425 0.0967992 -1.93723 0.115348 0.238996 2.21371 -3.01495 0.116513 -1.92479 -0.0177771 0.0206406 0.07696 0.019294 0.0197139 0.0124453 0.0816389 1.6847 0.102472 0.344889 1.98417 -2.7353 -0.497996 -2.15785 -0.0306533 0.126534 -0.152572 0.298952 -0.594796 -0.220624 0.200571 38.8901 -2.42546 1.4325 2.35122 0.00766767 -0.0721307 -1.72323 -2.68093 0.320661 0.417893 0.653294 -0.110189 -2.91994
524.485 0.126924 0.216356 2.13766 -3.03086 0.0930496 -1.93766 0.107679 0.237221 2.21522 -3.01741 0.114064 -1.92511 -0.019245 0.0208657 0.0775527 0.0134452 0.0210143 0.0125448 0.0825843 1.56373 0.102188 0.344067 1.98333 -2.7342 -0.497856 -2.15762 -0.024736 0.127712 -0.154335 0.296659 -0.590906 -0.219965 0.201845 38.6316 -2.42317 1.4361 2.33731 0.00683949 -0.0724905 -1.72317 -2.67445 0.32084 0.404784 0.649321 -0.108368 -2.91783
524.804 0.121481 0.214952 2.13868 -3.02644 0.0873988 -1.9377 0.0982101 0.229942 2.17407 -2.93705 0.130328 -1.91884 -0.0232704 0.0149903 0.0353833 0.0893934 0.042929 0.0188594 0.0449243 5.6783 0.102986 0.343829 1.98283 -2.73299 -0.498324 -2.15786 -0.0184943 0.128877 -0.155848 0.29345 -0.585723 -0.220158 0.203077 38.2946 -2.42137 1.43959 2.32348 0.00655022 -0.07295 -1.72316 -2.66814 0.32116 0.391352 0.643784 -0.104918 -2.91568
525.484 0.110981 0.214564 2.14127 -3.0106 0.0704797 -1.9346 0.0883036 0.231321 2.21431 -3.00704 0.119198 -1.92359 -0.0226774 0.016757 0.0730362 0.00355937 0.048718 0.0110082 0.0782902 2.86471 0.107876 0.340518 1.97754 -2.73127 -0.502074 -2.15909 -0.00310539 0.125954 -0.163736 0.279325 -0.572554 -0.224493 0.206599 37.3601 -2.41897 1.44728 2.29116 0.00736473 -0.0746915 -1.72332 -2.65434 0.322447 0.358776 0.628796 -0.0891926 -2.91081
525.831 0.105752 0.215287 2.14254 -2.99923 0.0623194 -1.9312 0.0844408 0.231335 2.21445 -3.00585 0.119247 -1.92339 -0.0213115 0.0160476 0.0719077 -0.0066213 0.0569276 0.00781274 0.0766969 3.31871 0.110253 0.340763 1.9793 -2.72975 -0.503978 -2.1602 0.00450027 0.125475 -0.163239 0.269474 -0.566298 -0.228994 0.20594 36.8966 -2.41868 1.45037 2.27733 0.00745557 -0.0755114 -1.72347 -2.64882 0.323332 0.344221 0.621686 -0.0776902 -2.90808
526.16 0.0999473 0.216743 2.14402 -2.98543 0.0530969 -1.92718 0.0768844 0.232753 2.22023 -2.98127 0.0216207 -1.91794 -0.0230628 0.0160102 0.0762164 0.0041648 -0.0314762 0.00924461 0.0812229 1.89217 0.110307 0.341411 1.98205 -2.72858 -0.505197 -2.16117 0.0103602 0.124668 -0.16197 0.256852 -0.558294 -0.233984 0.204655 36.3134 -2.41884 1.45333 2.26362 0.00729514 -0.0763847 -1.72368 -2.64365 0.324497 0.329374 0.613668 -0.0640313 -2.90485
526.482 0.092636 0.21985 2.14618 -2.96462 0.0384354 -1.92232 0.0693307 0.23177 2.19961 -3.09881 0.123979 -1.9382 -0.0233053 0.0119195 0.0534265 -0.134189 0.0855439 -0.0158854 0.0594946 9.09894 0.108993 0.3403 1.98425 -2.72756 -0.507136 -2.16246 0.0163567 0.12045 -0.161929 0.237058 -0.545572 -0.240145 0.202477 35.3963 -2.41967 1.45705 2.24571 0.0072458 -0.0776439 -1.72403 -2.63742 0.326578 0.309237 0.600887 -0.0435937 -2.89946
526.749 0.0873495 0.222925 2.14785 -2.94737 0.0261454 -1.9196 0.0652678 0.236699 2.2209 -2.97745 0.0193477 -1.91784 -0.0220817 0.0137744 0.0730559 -0.0300837 -0.00679767 0.00175913 0.0775532 1.77233 0.107445 0.339882 1.98786 -2.72708 -0.508653 -2.16322 0.0200951 0.116957 -0.159985 0.220289 -0.534798 -0.243624 0.199193 34.6215 -2.42075 1.45967 2.23257 0.00720919 -0.0786248 -1.72432 -2.63328 0.328558 0.293921 0.589996 -0.0270173 -2.89424
527.034 0.0800354 0.227534 2.15005 -2.92386 0.00963479 -1.91792 0.0575223 0.240638 2.22147 -2.97496 0.01729 -1.91779 -0.0225131 0.0131034 0.071428 -0.0511032 0.00765526 0.000128502 0.0760296 2.96081 0.104966 0.339579 1.99258 -2.72623 -0.509703 -2.16393 0.0249308 0.112044 -0.157463 0.197631 -0.519338 -0.246017 0.194859 33.533 -2.42272 1.46293 2.21526 0.00682593 -0.0798158 -1.72471 -2.62859 0.33169 0.273369 0.574996 -0.00549365 -2.88596
527.354 0.0746791 0.230427 2.15156 -2.90652 -0.00107423 -1.91814 0.0528059 0.242803 2.22515 -2.90117 -0.0721668 -1.93518 -0.0218732 0.0123764 0.073592 0.00535041 -0.0710926 -0.0170402 0.077765 4.19722 0.102295 0.338044 1.99393 -2.72574 -0.510123 -2.16435 0.0276156 0.107617 -0.157629 0.18078 -0.509049 -0.24621 0.192849 32.7892 -2.42457 1.4652 2.20229 0.00641083 -0.0802891 -1.72497 -2.62573 0.334312 0.257934 0.564792 0.00972074 -2.87873
527.7 0.0694382 0.232912 2.15285 -2.88937 -0.00897787 -1.91912 0.0455846 0.24535 2.2043 -2.89971 -0.0684732 -1.91354 -0.0238536 0.0124387 0.0514485 -0.0103369 -0.0594953 0.00557177 0.0580574 3.47243 0.0990134 0.334994 2.00047 -2.72567 -0.510325 -2.16465 0.0295752 0.102082 -0.152375 0.163705 -0.501347 -0.245538 0.185778 32.189 -2.4267 1.46733 2.18919 0.00587827 -0.0805119 -1.72517 -2.62338 0.337043 0.242551 0.557015 0.0241676 -2.87068
528.029 0.0643878 0.235329 2.15385 -2.87226 -0.0138016 -1.92033 0.0392209 0.248386 2.22127 -2.88499 0.0549952 -1.90176 -0.0251669 0.013057 0.0674164 -0.0127246 0.0687968 0.018567 0.0731357 4.15115 0.0965935 0.332674 2.00452 -2.72545 -0.510141 -2.16478 0.0322057 0.0973446 -0.149328 0.146808 -0.496339 -0.244458 0.181141 31.7518 -2.42906 1.4693 2.1759 0.00526321 -0.0806841 -1.72532 -2.62151 0.339796 0.227217 0.552219 0.0381229 -2.86192
528.351 0.0581104 0.238672 2.15481 -2.84828 -0.0156268 -1.92117 0.0342635 0.252476 2.22329 -2.96727 0.0106388 -1.91775 -0.0238469 0.0138043 0.0684744 -0.118987 0.0262656 0.00342604 0.0738104 6.98371 0.0926724 0.328419 2.00656 -2.72512 -0.509582 -2.16495 0.0345621 0.0897472 -0.148257 0.123165 -0.493955 -0.243772 0.176718 31.4473 -2.43251 1.47166 2.15786 0.00442478 -0.0809554 -1.72541 -2.6196 0.34337 0.206847 0.550735 0.0575008 -2.84926
528.699 0.0539581 0.240571 2.15529 -2.82905 -0.0129016 -1.92027 0.0283937 0.252855 2.20291 -2.77872 -0.0534332 -1.91374 -0.0255645 0.0122842 0.0476236 0.0503309 -0.0405316 0.00652895 0.0554297 3.73088 0.0899124 0.32507 2.00868 -2.72522 -0.508853 -2.16492 0.0359543 0.0844989 -0.146602 0.103826 -0.495952 -0.244656 0.172988 31.4794 -2.43527 1.47321 2.14398 0.00393707 -0.0809525 -1.72542 -2.61848 0.345817 0.191609 0.554051 0.0734694 -2.83925
529.038 0.0504369 0.242101 2.15557 -2.80916 -0.00723992 -1.91767 0.0236588 0.256346 2.2246 -2.88496 -0.0694196 -1.93476 -0.0267781 0.0142454 0.0690293 -0.0758019 -0.0621797 -0.0170929 0.0753993 5.73005 0.0874868 0.321325 2.0063 -2.72529 -0.508375 -2.16493 0.0370499 0.0792241 -0.149269 0.0838692 -0.501135 -0.247258 0.173004 31.7542 -2.43815 1.47457 2.12968 0.00368025 -0.0808875 -1.7254 -2.61757 0.347948 0.176322 0.56089 0.0905241 -2.82926
529.349 0.046406 0.243336 2.15529 -2.78284 0.00356946 -1.91149 0.0185548 0.258268 2.20887 -2.92411 -0.166271 -1.95262 -0.0278512 0.0149321 0.05358 -0.141273 -0.16984 -0.0411306 0.0622051 12.9881 0.0846241 0.317132 2.00618 -2.72508 -0.508187 -2.16527 0.0382181 0.0737954 -0.149102 0.0577598 -0.511757 -0.253784 0.170698 32.4486 -2.44213 1.47609 2.10983 0.0036244 -0.0808341 -1.72535 -2.61658 0.350107 0.155758 0.574693 0.114388 -2.81655
529.65 0.0434704 0.244503 2.15555 -2.76222 0.0138816 -1.90453 0.0169943 0.260755 2.22857 -2.82627 -0.0102369 -1.91833 -0.0264762 0.016252 0.073017 -0.0640456 -0.0241185 -0.0138043 0.0793511 3.9987 0.0827239 0.314392 2.00728 -2.725 -0.508019 -2.16547 0.0392535 0.0698884 -0.148273 0.0372191 -0.521901 -0.260936 0.168553 33.1849 -2.4452 1.477 2.09434 0.00363274 -0.0809051 -1.72531 -2.61595 0.351082 0.140199 0.587656 0.132538 -2.80774
529.974 0.0403402 0.245402 2.15545 -2.74238 0.0237302 -1.89668 0.0132448 0.266911 2.27317 -2.87802 -0.0747756 -1.92597 -0.0270954 0.0215087 0.117726 -0.135645 -0.0985058 -0.0292928 0.122704 9.78183 0.0800014 0.311025 2.00615 -2.72501 -0.507889 -2.16552 0.0396612 0.0656223 -0.149292 0.0173705 -0.531619 -0.268838 0.167832 33.9551 -2.44833 1.47771 2.07851 0.00360623 -0.081188 -1.72528 -2.61534 0.351463 0.124565 0.60114 0.150669 -2.79949
530.272 0.0369873 0.246281 2.15529 -2.72324 0.0323776 -1.88862 0.00929944 0.261212 2.20777 -2.69167 0.0280695 -1.88101 -0.0276878 0.014931 0.0524839 0.0315691 -0.00430812 0.00761462 0.0611891 1.86425 0.0771284 0.307734 2.00643 -2.72515 -0.507513 -2.16535 0.0401411 0.0614523 -0.148862 -0.00191139 -0.539891 -0.27673 0.165974 34.6839 -2.4515 1.47824 2.0624 0.00356374 -0.0817135 -1.72528 -2.61472 0.351194 0.108861 0.614028 0.168288 -2.79171
530.548 0.0318961 0.24767 2.15546 -2.69914 0.0409922 -1.87888 0.0054433 0.261212 2.20777 -2.68988 0.0281827 -1.88096 -0.0264528 0.0135423 0.0523152 0.00925833 -0.0128096 -0.00207534 0.0601667 0.915571 0.0742824 0.306008 2.00671 -2.72495 -0.507454 -2.16518 0.0423863 0.0583382 -0.148749 -0.025804 -0.548446 -0.2863 0.165306 35.5417 -2.45576 1.47867 2.04047 0.00337586 -0.0828221 -1.7253 -2.61381 0.349764 0.0877271 0.628447 0.189822 -2.78195
531.209 0.0238664 0.248692 2.15618 -2.66826 0.0446251 -1.8708 -0.00331863 0.269487 2.25269 -2.68105 0.026842 -1.86998 -0.027185 0.020795 0.0965056 -0.0127846 -0.0177832 0.000813658 0.102395 1.25679 0.0720192 0.303949 2.00747 -2.72452 -0.507521 -2.16537 0.0481528 0.0552574 -0.148709 -0.0562636 -0.552146 -0.29457 0.165791 36.2453 -2.46211 1.47883 2.00708 0.00330096 -0.0848769 -1.72536 -2.6121 0.345335 0.0558022 0.639856 0.216698 -2.7678
531.571 0.0196374 0.24865 2.15698 -2.65497 0.0417359 -1.87058 -0.00825309 0.269421 2.25155 -2.71574 0.0621289 -1.85341 -0.0278905 0.020771 0.0945716 -0.0607745 0.020393 0.0171709 0.100763 3.84878 0.0717048 0.303006 2.00774 -2.72455 -0.507904 -2.16587 0.0520674 0.0543555 -0.149241 -0.06958 -0.54964 -0.295295 0.167148 36.3 -2.46521 1.47873 1.99039 0.00332524 -0.0859845 -1.72536 -2.61104 0.342164 0.039852 0.639894 0.227703 -2.76072
531.892 0.0139102 0.248093 2.15833 -2.63881 0.0336475 -1.87385 -0.0131671 0.269678 2.25432 -2.67712 0.0247254 -1.87069 -0.0270774 0.0215849 0.095998 -0.0383103 -0.00892206 0.00315627 0.102052 2.26607 0.0712506 0.300286 2.00845 -2.72548 -0.508802 -2.16624 0.0573404 0.0521923 -0.149873 -0.0866703 -0.542449 -0.292386 0.168742 36.1001 -2.46924 1.47843 1.96813 0.00347238 -0.0875761 -1.72532 -2.60934 0.337035 0.0186059 0.634832 0.240667 -2.75116
532.217 0.00905335 0.247495 2.15957 -2.62738 0.0247434 -1.8784 -0.0168841 0.265661 2.22941 -2.64071 -0.0117454 -1.86755 -0.0259374 0.0181666 0.0698348 -0.0133295 -0.0364888 0.0108499 0.076679 2.31224 0.0713864 0.299217 2.01156 -2.7268 -0.509246 -2.16599 0.0623331 0.0517226 -0.148013 -0.0994236 -0.53399 -0.28759 0.168726 35.7511 -2.47216 1.4781 1.95141 0.0033943 -0.0888889 -1.72525 -2.60786 0.33262 0.00265088 0.627587 0.249467 -2.7441
532.524 0.0036985 0.246991 2.161 -2.61661 0.0128815 -1.88477 -0.0234102 0.262997 2.20692 -2.60603 0.0272425 -1.88141 -0.0271087 0.0160062 0.0459145 0.0105843 0.014361 0.0033557 0.0556707 1.03779 0.0697091 0.298715 2.01345 -2.72682 -0.509955 -2.16589 0.0660106 0.051724 -0.147548 -0.110209 -0.522837 -0.281119 0.169715 35.2164 -2.47588 1.47751 1.92936 0.00297794 -0.0908306 -1.72513 -2.60627 0.327898 -0.0132971 0.616805 0.257515 -2.7375
532.853 -0.00317232 0.246627 2.16312 -2.60448 -0.00730277 -1.8961 -0.028168 0.260601 2.2034 -2.56931 0.00579045 -1.89749 -0.0249957 0.0139747 0.040282 0.0351679 0.0130932 -0.00138977 0.0494239 2.1514 0.0674259 0.301351 2.01719 -2.72704 -0.510324 -2.16544 0.0705982 0.0547237 -0.14593 -0.122561 -0.503021 -0.269347 0.171097 34.1732 -2.47849 1.47697 1.91309 0.00278226 -0.0924177 -1.72503 -2.60414 0.321383 -0.0345029 0.596979 0.266419 -2.73015
533.181 -0.00720903 0.24654 2.16506 -2.59749 -0.0255079 -1.90666 -0.0349734 0.261083 2.207 -2.60033 0.0323256 -1.88025 -0.0277643 0.0145435 0.0419349 -0.00283855 0.0578335 0.0264129 0.0523536 3.64658 0.0655314 0.303213 2.01936 -2.7274 -0.510645 -2.1647 0.0727405 0.0566732 -0.145701 -0.129905 -0.485137 -0.258039 0.172429 33.1633 -2.48092 1.47634 1.89719 0.00297794 -0.0939612 -1.72491 -2.60264 0.316541 -0.0502863 0.578453 0.271562 -2.726
533.555 -0.0110587 0.24707 2.16689 -2.59111 -0.0451521 -1.91775 -0.0425495 0.272503 2.2952 -2.69658 -0.00791063 -1.93137 -0.0314907 0.0254326 0.128312 -0.105475 0.0372414 -0.0136127 0.134546 6.47514 0.0635012 0.303549 2.0186 -2.72676 -0.511555 -2.16445 0.0745599 0.0564787 -0.148289 -0.135657 -0.466403 -0.246701 0.175325 32.0972 -2.48316 1.47563 1.88168 0.00312745 -0.0956769 -1.7248 -2.60122 0.311888 -0.0658989 0.558224 0.276218 -2.72276
533.903 -0.0161007 0.248327 2.16924 -2.58306 -0.071265 -1.93211 -0.0452817 0.263455 2.23637 -2.60943 -0.0636169 -1.92178 -0.0291809 0.0151275 0.0671235 -0.0263711 0.00764816 0.0103298 0.0747391 1.64449 0.0600066 0.303417 2.01558 -2.72536 -0.512769 -2.16445 0.0761074 0.0550896 -0.153665 -0.142301 -0.441504 -0.232341 0.180112 30.6977 -2.48582 1.4746 1.8614 0.00310982 -0.0979683 -1.72466 -2.59952 0.306156 -0.0865325 0.53114 0.281937 -2.71958
534.213 -0.037913 0.23892 2.1721 -2.61504 -0.117166 -1.96259 -0.0500511 0.268722 2.27294 -2.62677 -0.106582 -1.92993 -0.0121382 0.0298022 0.100846 -0.0117338 0.0105836 0.0326539 0.105856 2.00974 0.0483192 0.289754 2.00879 -2.72491 -0.51172 -2.16418 0.0862322 0.0508336 -0.163304 -0.109872 -0.394554 -0.201592 0.191541 26.9626 -2.48749 1.47507 1.84869 -0.00188255 -0.0961004 -1.72441 -2.59165 0.300189 -0.099631 0.467803 0.247083 -2.73617
534.603 -0.0505993 0.233707 2.17509 -2.65519 -0.169893 -1.99546 -0.0687387 0.256063 2.23295 -2.64758 -0.195135 -1.96803 -0.0181394 0.0223557 0.0578544 0.00761173 -0.0252417 0.0274358 0.0646216 2.23651 0.0436585 0.279647 2.00046 -2.72833 -0.51316 -2.16411 0.0942578 0.0459398 -0.174637 -0.0731336 -0.343267 -0.168645 0.203698 22.8882 -2.48871 1.47576 1.83623 -0.00256078 -0.0959146 -1.72399 -2.58378 0.294665 -0.112868 0.401629 0.204714 -2.75262
534.916 -0.0573765 0.230069 2.17888 -2.70915 -0.239691 -2.0361 -0.0856253 0.244258 2.18957 -2.6354 -0.277111 -2.02825 -0.0282488 0.0141886 0.0106903 0.0737476 -0.03742 0.00784938 0.0333705 4.86027 0.0457411 0.267954 1.98891 -2.73347 -0.514724 -2.16283 0.103118 0.0378852 -0.189973 -0.024322 -0.275033 -0.126733 0.21945 17.6102 -2.48949 1.47669 1.81923 2.57603e-05 -0.0966346 -1.72316 -2.57503 0.28867 -0.130945 0.320236 0.146726 -2.76901
535.203 -0.061127 0.226862 2.18157 -2.74686 -0.288556 -2.06343 -0.0869831 0.228974 2.08603 -2.59756 -0.295867 -2.04186 -0.0258561 0.00211171 -0.095537 0.1493 -0.00731061 0.0215774 0.0989965 8.99831 0.0482681 0.257038 1.9812 -2.73764 -0.515101 -2.16105 0.109395 0.0301764 -0.200367 0.00922113 -0.226545 -0.0976109 0.230271 14.0566 -2.48955 1.4775 1.80659 0.00162382 -0.0966329 -1.72243 -2.56966 0.285275 -0.144357 0.264588 0.103868 -2.77669
536.194 -0.0791982 0.208319 2.1915 -2.82025 -0.446411 -2.14466 -0.10482 0.235423 2.24321 -2.83566 -0.49025 -2.12374 -0.0256215 0.0271031 0.0517057 -0.0154075 -0.0438386 0.0209193 0.0637536 2.75122 0.0457178 0.222984 1.95435 -2.74525 -0.51318 -2.15474 0.124916 0.0146642 -0.237148 0.0749983 -0.0667687 -0.0100783 0.268437 5.57991 -2.48681 1.48208 1.76935 -0.00187118 -0.0925665 -1.71888 -2.55848 0.278878 -0.185261 0.0846275 -0.000624367 -2.77598
536.841 -0.0658012 0.198934 2.19858 -2.81185 -0.528928 -2.17252 -0.116067 0.224407 2.3109 -2.83365 -0.482993 -2.13987 -0.050266 0.0254729 0.112321 -0.0218004 0.0459351 0.0326487 0.125664 3.11772 0.0578678 0.210439 1.94763 -2.75285 -0.522053 -2.15221 0.123669 0.0115046 -0.250947 0.0589996 0.00687505 0.0203082 0.280001 4.10885 -2.48233 1.48834 1.75661 0.00152372 -0.0926529 -1.71406 -2.55731 0.27632 -0.198018 0.000310579 -0.00224661 -2.7741
537.161 -0.0215902 0.246373 2.20052 -2.77845 -0.553331 -2.1952 -0.105637 0.217858 2.32695 -2.79998 -0.443964 -2.14965 -0.084047 -0.0285151 0.126429 -0.0215276 0.109367 0.0455522 0.154471 6.67162 0.0967498 0.248793 1.95399 -2.76138 -0.557107 -2.1669 0.11834 0.0024204 -0.246524 0.0170655 -0.0037762 0.0282964 0.273468 2.30274 -2.47851 1.49464 1.76192 0.0230715 -0.114914 -1.71734 -2.55736 0.277807 -0.193534 0.000829666 0.0270952 -2.76476
537.463 -0.00651582 0.264866 2.20238 -2.69986 -0.554511 -2.22839 -0.0650805 0.252561 2.25684 -2.78309 -0.596548 -2.1844 -0.0585647 -0.0123046 0.0544632 -0.083229 -0.042037 0.0439887 0.0809164 4.66934 0.106889 0.267445 1.96517 -2.76716 -0.569046 -2.17481 0.113405 0.00257989 -0.237212 -0.0673002 -0.0145356 0.0535724 0.262939 3.51725 -2.47622 1.49959 1.77332 0.0304436 -0.123235 -1.72089 -2.55761 0.281459 -0.184142 0.00110321 0.0902373 -2.74119
537.796 -0.00908736 0.27031 2.20559 -2.58599 -0.541161 -2.27331 -0.0418644 0.281695 2.28506 -2.71822 -0.548912 -2.21073 -0.032777 0.0113857 0.079477 -0.132231 -0.00775147 0.0625756 0.0867212 6.50168 0.101694 0.27712 1.9806 -2.76893 -0.570271 -2.18023 0.110781 0.00681047 -0.224986 -0.182932 -0.0291105 0.0930761 0.250874 9.05725 -2.4748 1.50536 1.78887 0.0290927 -0.125479 -1.7244 -2.55848 0.286831 -0.171405 0.00108786 0.178319 -2.70418
538.138 -0.018027 0.266832 2.21075 -2.39964 -0.503878 -2.35259 -0.0420503 0.29258 2.30001 -2.61057 -0.523215 -2.25146 -0.0240233 0.0257488 0.0892618 -0.210933 -0.0193366 0.101129 0.0959572 10.5809 0.088337 0.282322 2.00421 -2.769 -0.564183 -2.18584 0.106364 0.0154906 -0.206536 -0.369364 -0.0603045 0.166755 0.232832 18.5551 -2.47412 1.51455 1.81278 0.0246576 -0.123524 -1.72898 -2.56038 0.296664 -0.15101 0.00484004 0.32247 -2.63018
538.439 -0.0230968 0.263612 2.21395 -2.24518 -0.463114 -2.42383 -0.0509269 0.28813 2.2966 -2.44862 -0.502965 -2.31916 -0.02783 0.0245187 0.0826457 -0.203436 -0.0398514 0.104673 0.0905869 10.5821 0.0800673 0.287565 2.02104 -2.76807 -0.558374 -2.18968 0.103164 0.0239538 -0.192915 -0.522888 -0.0952607 0.23415 0.220075 26.6515 -2.47437 1.52207 1.83077 0.0224917 -0.121807 -1.73215 -2.56153 0.305454 -0.13451 0.0134377 0.442589 -2.55501
539.058 -0.0259987 0.273762 2.21206 -1.93424 -0.321323 -2.54314 -0.0596915 0.283119 2.28766 -2.10381 -0.460499 -2.48819 -0.0336928 0.00935706 0.0756021 -0.169568 -0.139177 0.0549442 0.0832973 12.0156 0.0768628 0.313452 2.0489 -2.76203 -0.549533 -2.19957 0.102861 0.0396903 -0.163166 -0.827784 -0.22821 0.343569 0.196924 44.5974 -2.47759 1.53805 1.86485 0.0246418 -0.126229 -1.73862 -2.56047 0.326208 -0.0951236 0.118851 0.694056 -2.32706
540.285 -0.0538488 0.283436 2.1988 -1.8024 -0.23399 -2.19275 -0.0735724 0.304936 2.31406 -1.757 -0.228016 -2.36934 -0.0197236 0.0214996 0.115255 0.0454033 0.00597398 -0.176585 0.118891 9.85804 0.0921935 0.321569 2.09038 -2.76667 -0.550042 -2.22077 0.146042 0.0381324 -0.108421 -0.964262 -0.316052 -0.0280233 0.185843 58.5222 -2.49486 1.56582 1.90524 0.0453735 -0.123162 -1.74907 -2.50787 0.359308 -0.0422637 0.55459 0.925547 -2.23223
540.928 -0.103256 0.30846 2.18953 -2.01271 -0.289802 -1.9355 -0.106682 0.310883 2.29107 -1.86757 -0.258847 -2.06897 -0.0034259 0.00242264 0.10154 0.145139 0.0309556 -0.133472 0.101627 9.80917 0.0963506 0.33194 2.10265 -2.77487 -0.567755 -2.22811 0.199607 0.0234804 -0.0868749 -0.762158 -0.277952 -0.292605 0.218956 55.015 -2.50977 1.57931 1.91926 0.0537842 -0.124909 -1.7541 -2.45883 0.37533 -0.0307416 0.544262 0.877421 -2.53137
541.783 -0.238329 0.34629 2.16372 -2.38808 -0.37662 -1.86147 -0.220056 0.362017 2.20715 -2.26106 -0.34759 -1.83353 0.0182727 0.0157274 0.0434299 0.127015 0.0290301 0.0279427 0.0496729 8.15716 0.0645527 0.338668 2.118 -2.75576 -0.579839 -2.21684 0.302882 -0.00762159 -0.0457216 -0.367677 -0.203219 -0.35537 0.306408 37.1853 -2.54133 1.59987 1.93486 0.0452922 -0.124465 -1.75047 -2.36943 0.418177 -0.021063 0.314846 0.595188 -2.86779
542.81 -0.3519 0.293546 2.15201 -2.46467 -0.354054 -2.05749 -0.358912 0.332692 2.21219 -2.44645 -0.425367 -2.01225 -0.00701188 0.039146 0.0601753 0.0182188 -0.0713126 0.0452366 0.0721294 5.15313 0.0302958 0.260151 2.1369 -2.76151 -0.530765 -2.17529 0.382196 -0.0333948 -0.0151149 -0.29684 -0.17671 -0.117804 0.383949 23.1215 -2.57142 1.62426 1.93972 0.0327789 -0.0917235 -1.73357 -2.29407 0.461293 -0.0159021 0.231452 0.417698 -2.74812
543.103 -0.37374 0.281464 2.15074 -2.44267 -0.341664 -2.10777 -0.393 0.314377 2.2191 -2.48275 -0.356728 -2.03248 -0.0192597 0.0329132 0.0683648 -0.0400787 -0.0150636 0.075294 0.0782813 4.22466 0.0243787 0.24209 2.13956 -2.76168 -0.519985 -2.16628 0.398119 -0.0393737 -0.0111801 -0.319008 -0.178321 -0.0585081 0.400217 22.3596 -2.57893 1.6307 1.93929 0.0307636 -0.0847515 -1.72848 -2.27774 0.471449 -0.0163459 0.223012 0.414655 -2.6977
544.085 -0.400021 0.294137 2.15188 -2.25699 -0.358381 -2.15354 -0.443136 0.293502 2.19394 -2.32432 -0.361398 -2.17992 -0.0431155 -0.000634642 0.0420637 -0.0673347 -0.00301739 -0.0263791 0.0602387 4.61567 0.0163078 0.240099 2.13148 -2.74816 -0.521716 -2.16177 0.416328 -0.0540376 -0.0203997 -0.491174 -0.163335 -0.00823627 0.420316 29.8218 -2.59656 1.64247 1.93115 0.0337202 -0.0846211 -1.71927 -2.2476 0.49451 -0.0283073 0.212104 0.579114 -2.6256
544.684 -0.380467 0.344681 2.15453 -2.08855 -0.408495 -2.09599 -0.444752 0.337598 2.2508 -2.19721 -0.372318 -2.11381 -0.0642845 -0.00708376 0.0962648 -0.10866 0.0361771 -0.0178192 0.115972 6.99516 0.0262021 0.27553 2.11449 -2.74049 -0.555821 -2.17998 0.406669 -0.0691513 -0.0400432 -0.651944 -0.147326 -0.0839826 0.414445 40.6608 -2.60193 1.64119 1.91791 0.0448742 -0.101882 -1.72216 -2.24691 0.499488 -0.0456469 0.231488 0.778461 -2.64699
545.029 -0.372456 0.369128 2.15434 -2.01912 -0.427502 -2.06689 -0.432058 0.35984 2.23603 -2.10641 -0.408721 -2.08574 -0.0596015 -0.00928804 0.0816872 -0.0872886 0.0187802 -0.0188519 0.101545 5.63228 0.0276203 0.292669 2.10512 -2.73608 -0.569302 -2.18876 0.400076 -0.0764592 -0.0492214 -0.716965 -0.1418 -0.121865 0.41028 45.5207 -2.60286 1.63901 1.91012 0.0479975 -0.11091 -1.72522 -2.25037 0.498981 -0.0548984 0.249971 0.861564 -2.65316
545.366 -0.367145 0.391446 2.15359 -1.95321 -0.441932 -2.0453 -0.421881 0.388876 2.22864 -2.02511 -0.415114 -2.06433 -0.0547356 -0.00257 0.0750534 -0.0718925 0.0268181 -0.0190269 0.0929279 4.92418 0.0230586 0.30686 2.09588 -2.73172 -0.582811 -2.19828 0.390204 -0.0845854 -0.0577072 -0.778507 -0.140879 -0.152973 0.403415 50.0877 -2.60309 1.63634 1.9013 0.0492172 -0.119467 -1.72879 -2.2553 0.497304 -0.0650158 0.272881 0.935039 -2.64871
545.704 -0.405292 0.388708 2.15131 -1.85487 -0.502264 -2.09422 -0.412411 0.410585 2.21424 -1.94759 -0.426405 -2.04574 -0.00711945 0.0218762 0.0629284 -0.0927204 0.0758588 0.0484805 0.0670017 6.44887 -0.0165673 0.306578 2.08941 -2.7169 -0.584293 -2.20556 0.388725 -0.0821304 -0.0618953 -0.862022 -0.0820296 -0.111341 0.402099 53.1483 -2.60237 1.63469 1.89176 0.0327077 -0.123401 -1.73322 -2.25692 0.486567 -0.0722655 0.163854 1.00295 -2.70904
545.989 -0.40924 0.396668 2.15363 -1.7877 -0.556795 -2.13907 -0.44488 0.407366 2.20706 -1.86244 -0.480429 -2.09886 -0.03564 0.0106977 0.0534317 -0.0747455 0.0763662 0.0402092 0.0651122 5.74426 -0.0207591 0.314592 2.08356 -2.71017 -0.588476 -2.21032 0.388481 -0.0820765 -0.0700636 -0.922468 -0.0316806 -0.0712555 0.403191 55.1926 -2.60033 1.63362 1.88469 0.0315362 -0.129889 -1.73597 -2.25748 0.478203 -0.0784471 0.0590243 1.04777 -2.77752
546.206 -0.424982 0.378461 2.15266 -1.74757 -0.57491 -2.15914 -0.464809 0.422479 2.25658 -1.81015 -0.593581 -2.136 -0.0398274 0.0440175 0.103925 -0.0625768 -0.0186708 0.0231407 0.119683 3.24232 -0.0390046 0.297165 2.08102 -2.70994 -0.577102 -2.20734 0.385977 -0.0812962 -0.0716361 -0.962372 -0.00219177 -0.0482017 0.400898 56.6879 -2.59747 1.63368 1.87771 0.0231678 -0.125309 -1.73691 -2.25834 0.47368 -0.0817531 -0.00126482 1.07241 -2.82126
546.538 -0.422852 0.393668 2.15293 -1.73808 -0.580048 -2.16418 -0.470957 0.402016 2.2249 -1.74086 -0.614208 -2.17261 -0.0481053 0.00834777 0.0719643 -0.00278013 -0.0341593 -0.00843502 0.0869636 2.04354 -0.0417523 0.310173 2.08351 -2.7028 -0.582863 -2.21079 0.3811 -0.0834943 -0.0694288 -0.964728 -0.00281507 -0.0466139 0.396268 56.7824 -2.59237 1.63763 1.87865 0.022928 -0.133343 -1.73912 -2.25881 0.473671 -0.0815114 0.00032828 1.07507 -2.81975
546.916 -0.384241 0.406432 2.16022 -1.75609 -0.590772 -2.16496 -0.482621 0.409792 2.2249 -1.73284 -0.614104 -2.17702 -0.0983798 0.00336064 0.0646721 0.0232566 -0.023332 -0.0120606 0.117781 1.73099 -0.00956046 0.319356 2.08652 -2.71363 -0.592823 -2.21226 0.37468 -0.0870752 -0.0737035 -0.957537 -0.00205087 -0.047292 0.391663 56.4158 -2.58621 1.64024 1.88025 0.0391504 -0.138087 -1.74008 -2.2587 0.474009 -0.0815968 0.0031683 1.06857 -2.81881
547.857 -0.308315 0.390099 2.17618 -1.86633 -0.579615 -2.16576 -0.376503 0.42993 2.26466 -1.79724 -0.558786 -2.15614 -0.068188 0.0398311 0.0884747 0.0690987 0.0208285 0.00961189 0.118591 4.44426 0.041737 0.296583 2.09828 -2.74494 -0.58868 -2.20037 0.350052 -0.0935156 -0.0778998 -0.878604 -0.00906491 -0.0346164 0.370608 51.4614 -2.5594 1.64829 1.88432 0.0612218 -0.130512 -1.73673 -2.25965 0.480664 -0.084072 0.0281456 0.980365 -2.78807
548.17 -0.296043 0.382194 2.17884 -1.90079 -0.565516 -2.17758 -0.360912 0.421625 2.27875 -1.84757 -0.57571 -2.16307 -0.0648689 0.0394312 0.0999094 0.0532172 -0.0101942 0.0145078 0.125478 3.61487 0.0473461 0.283073 2.10502 -2.75167 -0.583071 -2.19576 0.343389 -0.0991214 -0.0738205 -0.850874 -0.0175553 -0.0181836 0.364953 49.3344 -2.55086 1.65021 1.88632 0.0613894 -0.126574 -1.73424 -2.26079 0.484942 -0.0853964 0.0388069 0.941281 -2.76403
549.135 -0.256834 0.373166 2.18556 -1.98706 -0.520815 -2.25173 -0.311226 0.392492 2.24369 -1.93535 -0.536201 -2.23285 -0.0543916 0.0193255 0.0581277 0.0517103 -0.0153865 0.018879 0.0819192 3.73591 0.0608724 0.251512 2.12935 -2.76746 -0.564416 -2.18101 0.317707 -0.121654 -0.0562074 -0.780399 -0.0436011 0.0707202 0.344814 42.824 -2.52323 1.6516 1.9007 0.0572625 -0.115624 -1.72407 -2.26962 0.506648 -0.0900505 0.0495606 0.816496 -2.67535
549.744 -0.232468 0.394238 2.18808 -1.99282 -0.544915 -2.29044 -0.288858 0.399882 2.25255 -1.99477 -0.547841 -2.28476 -0.05639 0.00564308 0.0644668 -0.00195392 -0.00292595 0.00567975 0.085835 0.329838 0.0634977 0.254158 2.1491 -2.76966 -0.556646 -2.17512 0.295966 -0.14008 -0.0389791 -0.776837 -0.0117307 0.115327 0.329754 41.4214 -2.50538 1.6463 1.92145 0.0507714 -0.113504 -1.71866 -2.2807 0.528104 -0.0906378 -0.00779272 0.787177 -2.6892
550.382 -0.202797 0.436386 2.18894 -1.95741 -0.607045 -2.31068 -0.262 0.431466 2.25819 -1.97679 -0.588033 -2.30553 -0.0592029 -0.00491967 0.0692491 -0.0193751 0.0190113 0.00514853 0.0912394 1.46206 0.0761745 0.278735 2.1675 -2.76824 -0.564423 -2.17737 0.278971 -0.157651 -0.0214423 -0.810821 0.0426215 0.133308 0.321152 42.7505 -2.49068 1.63708 1.94711 0.0489232 -0.117126 -1.71735 -2.29297 0.55068 -0.0885247 -0.0976854 0.805374 -2.75983
550.655 -0.176983 0.476612 2.18637 -1.90757 -0.610695 -2.34557 -0.246824 0.457202 2.26346 -1.95369 -0.622278 -2.32806 -0.0698409 -0.0194106 0.0770957 -0.0461238 -0.0115826 0.0175083 0.105822 2.3163 0.089161 0.306387 2.17837 -2.76586 -0.574725 -2.18119 0.266144 -0.170225 -0.00799756 -0.858298 0.0359709 0.164384 0.316027 44.6069 -2.48118 1.62819 1.96586 0.0511669 -0.12326 -1.71802 -2.30074 0.566473 -0.0852918 -0.112552 0.834594 -2.74817
550.961 -0.165485 0.505256 2.18306 -1.8651 -0.609265 -2.37254 -0.221781 0.489848 2.24985 -1.90017 -0.608682 -2.35732 -0.0562966 -0.015408 0.0667901 -0.0350691 0.000582661 0.0152157 0.0886997 1.67164 0.0944601 0.325366 2.18678 -2.76208 -0.577992 -2.18308 0.259945 -0.17989 0.00371706 -0.89698 0.0312723 0.189462 0.316142 46.1784 -2.4744 1.62054 1.98039 0.0493079 -0.126596 -1.71873 -2.30667 0.579273 -0.0825447 -0.124648 0.859091 -2.73948
551.644 -0.149653 0.561233 2.17478 -1.78012 -0.611602 -2.42221 -0.19765 0.560602 2.26553 -1.82011 -0.580505 -2.38646 -0.0479969 -0.00063197 0.0907479 -0.0399981 0.0310973 0.0357553 0.102661 2.71123 0.0973626 0.360607 2.20456 -2.75539 -0.578048 -2.18575 0.247016 -0.200626 0.0297738 -0.975275 0.0335538 0.236461 0.319616 49.5061 -2.4617 1.60372 2.01067 0.0431947 -0.131288 -1.72057 -2.31751 0.606878 -0.0761834 -0.163874 0.908627 -2.74165
551.987 -0.141993 0.589203 2.17002 -1.74448 -0.619904 -2.4405 -0.188727 0.590005 2.25296 -1.75906 -0.62801 -2.41921 -0.0467339 0.000801281 0.0829433 -0.0145816 -0.00810534 0.021291 0.0952066 1.10038 0.0996515 0.378859 2.21239 -2.75236 -0.578483 -2.18746 0.241645 -0.210345 0.0423705 -1.00788 0.0414212 0.253041 0.32316 50.9256 -2.45563 1.59493 2.02599 0.0405885 -0.133149 -1.72166 -2.3233 0.625991 -0.0716718 -0.202513 0.934745 -2.76662
552.28 -0.130724 0.6242 2.16373 -1.71085 -0.637803 -2.45427 -0.181641 0.630516 2.2748 -1.73734 -0.622993 -2.45106 -0.0509172 0.00631574 0.111072 -0.0264884 0.0148108 0.00320917 0.12235 1.65162 0.103881 0.399191 2.22343 -2.74938 -0.58036 -2.19001 0.234604 -0.225009 0.059705 -1.03853 0.0574429 0.264263 0.330504 52.2942 -2.44769 1.58325 2.04567 0.0383103 -0.134601 -1.72318 -2.32665 0.640249 -0.0685356 -0.234397 0.947968 -2.79573
554.791 -0.0756699 0.770165 2.13029 -1.69128 -0.743276 -2.49712 -0.117635 0.811095 2.24666 -1.68005 -0.719978 -2.47502 -0.0419648 0.0409306 0.116371 0.0112246 0.0232978 0.0220928 0.130302 2.21028 0.143296 0.465199 2.26772 -2.74594 -0.582946 -2.18787 0.218966 -0.304965 0.137438 -1.05466 0.160331 0.309244 0.399799 51.9963 -2.40084 1.52581 2.13061 0.0333727 -0.127188 -1.7259 -2.32348 0.743473 -0.0550952 -0.419042 0.90683 -2.96504
555.823 -0.0624698 0.78828 2.12548 -1.72946 -0.769964 -2.5017 -0.105164 0.841853 2.25291 -1.71493 -0.77207 -2.50062 -0.0426946 0.0535734 0.127432 0.0145252 -0.00210631 0.00107262 0.144678 0.88426 0.167047 0.469134 2.27302 -2.75537 -0.574897 -2.17994 0.229517 -0.319145 0.147549 -1.02591 0.195067 0.321755 0.419884 50.3732 -2.38465 1.51538 2.14479 0.0331035 -0.121001 -1.72298 -2.31607 0.76548 -0.0544646 -0.442463 0.860087 -2.97908
557.338 -0.0572467 0.790947 2.1229 -1.8045 -0.77392 -2.44896 -0.0915633 0.839382 2.21036 -1.77422 -0.776269 -2.4739 -0.0343166 0.0484354 0.0874607 0.0302831 -0.00234858 -0.0249425 0.105702 1.26517 0.194497 0.471692 2.26439 -2.76939 -0.560518 -2.17309 0.251743 -0.319255 0.141492 -0.96489 0.213402 0.275869 0.430486 48.4521 -2.36653 1.51072 2.14544 0.0290347 -0.115907 -1.72046 -2.30707 0.777139 -0.0585993 -0.409752 0.818412 -2.97576
559.64 -0.0441952 0.779831 2.12024 -1.91109 -0.708266 -2.30566 -0.0811003 0.819368 2.19062 -1.87308 -0.734165 -2.34483 -0.0369051 0.0395373 0.0703811 0.0380032 -0.0258999 -0.0391691 0.088762 2.35069 0.20775 0.453521 2.2491 -2.78002 -0.552666 -2.1799 0.251945 -0.32631 0.128853 -0.868935 0.155599 0.12576 0.431923 46.684 -2.34913 1.52229 2.12873 0.0292591 -0.110377 -1.72225 -2.3016 0.792038 -0.0718837 -0.260631 0.822131 -2.93282
560.068 -0.0428257 0.778234 2.11948 -1.92724 -0.693589 -2.28882 -0.0778694 0.804088 2.15489 -1.8814 -0.716748 -2.31514 -0.0350437 0.0258536 0.0354083 0.045838 -0.0231588 -0.0263204 0.0561268 2.40778 0.209033 0.449046 2.24697 -2.78057 -0.553287 -2.18124 0.251859 -0.329188 0.127486 -0.853331 0.140303 0.107573 0.433647 46.2099 -2.34775 1.52485 2.12514 0.0295074 -0.109724 -1.72247 -2.30104 0.794819 -0.0745903 -0.233112 0.819762 -2.9183
561.156 -0.0431594 0.770253 2.1176 -1.97868 -0.644633 -2.24658 -0.0764111 0.804181 2.16791 -1.93611 -0.677226 -2.28641 -0.0332517 0.0339277 0.0503083 0.0425771 -0.0325923 -0.0398336 0.0691932 2.7947 0.205888 0.429801 2.24181 -2.78095 -0.558449 -2.18733 0.249047 -0.340452 0.124208 -0.802268 0.0861843 0.059246 0.439727 44.3894 -2.34513 1.53491 2.11215 0.0291446 -0.107236 -1.72258 -2.29907 0.803632 -0.0839157 -0.148428 0.801897 -2.86694
561.526 -0.0431417 0.767161 2.11744 -1.99317 -0.632633 -2.2385 -0.077645 0.812735 2.20394 -1.99199 -0.655275 -2.23288 -0.0345033 0.0455737 0.0864983 0.00117417 -0.0226417 0.005619 0.103679 1.34814 0.20447 0.424006 2.2404 -2.78085 -0.559665 -2.18882 0.247611 -0.343156 0.122967 -0.787685 0.0729685 0.0496755 0.440668 43.7826 -2.34493 1.53832 2.10838 0.0294275 -0.106507 -1.72246 -2.29841 0.80583 -0.0864611 -0.128498 0.794004 -2.85352
561.854 -0.0435535 0.763485 2.1173 -2.0112 -0.619698 -2.23113 -0.0758754 0.801464 2.18115 -1.97902 -0.622255 -2.22942 -0.0323219 0.0379795 0.0638548 0.0321833 -0.00255709 0.00170749 0.0810221 1.90824 0.202665 0.415944 2.2398 -2.78095 -0.559924 -2.18944 0.246218 -0.34754 0.122506 -0.769746 0.0597743 0.0416884 0.443188 42.9481 -2.34512 1.54308 2.10369 0.0298902 -0.105964 -1.72223 -2.29747 0.808321 -0.089486 -0.107285 0.782146 -2.83826
562.238 -0.0442753 0.76148 2.11711 -2.02359 -0.612433 -2.22837 -0.0780656 0.80146 2.18901 -2.01733 -0.643922 -2.2456 -0.0337903 0.0399796 0.0718939 0.00626006 -0.0314891 -0.0172348 0.0889319 1.98564 0.201597 0.410226 2.24003 -2.78104 -0.560127 -2.1896 0.245872 -0.351255 0.122913 -0.757452 0.0523057 0.0387715 0.446027 42.3094 -2.34562 1.54675 2.10046 0.0302584 -0.106047 -1.72205 -2.29675 0.80989 -0.0914787 -0.0952637 0.772279 -2.82851
562.593 -0.0452513 0.759722 2.11696 -2.03532 -0.606826 -2.22791 -0.0787391 0.797075 2.18223 -2.02583 -0.607951 -2.19694 -0.0334878 0.0373537 0.0652665 0.0094886 -0.00112482 0.0309649 0.0823192 2.13277 0.201178 0.405295 2.24025 -2.78154 -0.560299 -2.1896 0.246429 -0.354426 0.123288 -0.746216 0.0465271 0.038308 0.448938 41.6654 -2.34642 1.55049 2.09745 0.0306729 -0.106344 -1.72186 -2.29605 0.81126 -0.093276 -0.0861461 0.761522 -2.81967
562.977 -0.0469384 0.759128 2.11652 -2.0461 -0.602691 -2.22997 -0.0817374 0.804919 2.2116 -2.04167 -0.603035 -2.20528 -0.034799 0.0457914 0.0950758 0.0044302 -0.000344066 0.0246915 0.111118 1.57271 0.200092 0.400857 2.24118 -2.7819 -0.560946 -2.18956 0.24703 -0.358271 0.124659 -0.735798 0.0417446 0.040418 0.452683 40.9957 -2.34753 1.55428 2.0946 0.0309096 -0.107235 -1.72168 -2.29542 0.812495 -0.0949341 -0.0794323 0.749767 -2.81114
563.281 -0.0498103 0.758799 2.11588 -2.05995 -0.598314 -2.23638 -0.0825691 0.802465 2.20756 -2.05015 -0.617462 -2.23707 -0.0327588 0.0436667 0.0916819 0.00980212 -0.0191485 -0.000693468 0.106703 1.22269 0.198524 0.397176 2.24134 -2.78267 -0.562171 -2.18939 0.248334 -0.361623 0.125465 -0.722718 0.0361423 0.046989 0.45627 40.0445 -2.34946 1.55942 2.09092 0.031118 -0.108692 -1.72143 -2.29473 0.814049 -0.0970464 -0.0732304 0.732349 -2.79926
563.6 -0.0530074 0.757172 2.11578 -2.07059 -0.594607 -2.24339 -0.0822528 0.782165 2.14925 -2.02452 -0.599547 -2.25674 -0.0292454 0.024993 0.0334743 0.0460616 -0.00494021 -0.0133469 0.0509948 2.31528 0.1966 0.394465 2.24067 -2.78437 -0.563009 -2.18905 0.249607 -0.362706 0.124888 -0.713782 0.0315973 0.0543411 0.457665 39.3162 -2.35122 1.56334 2.08813 0.030919 -0.109207 -1.72122 -2.29436 0.815233 -0.0986584 -0.0698494 0.717807 -2.78933
563.947 -0.0569182 0.754392 2.116 -2.08173 -0.590268 -2.25229 -0.0874104 0.784517 2.1609 -2.05388 -0.607629 -2.24279 -0.0304921 0.0301252 0.0449035 0.0278485 -0.0173613 0.00949901 0.0620776 2.19339 0.192883 0.389399 2.24099 -2.78553 -0.563382 -2.18868 0.249801 -0.364993 0.124992 -0.703801 0.0268859 0.0636115 0.459612 38.4831 -2.3532 1.56732 2.08525 0.0304522 -0.109195 -1.72098 -2.29412 0.816472 -0.100345 -0.0672551 0.701852 -2.77821
564.653 -0.0682926 0.74774 2.11637 -2.10932 -0.578968 -2.28107 -0.0963299 0.781299 2.17038 -2.09345 -0.596101 -2.26696 -0.0280373 0.0335591 0.0540104 0.0158747 -0.017133 0.014111 0.0694941 1.80559 0.186569 0.378089 2.24074 -2.78738 -0.563734 -2.18726 0.254861 -0.369651 0.124366 -0.678064 0.0152347 0.0938051 0.4659 36.2262 -2.35842 1.57656 2.0782 0.0283993 -0.108999 -1.72033 -2.29413 0.819672 -0.10471 -0.0640041 0.658243 -2.7471
565.325 -0.0793709 0.742957 2.11609 -2.1408 -0.569095 -2.31882 -0.109851 0.792023 2.21356 -2.14528 -0.567262 -2.26964 -0.0304796 0.0490651 0.0974738 -0.00447931 0.00183279 0.0491805 0.113303 2.6905 0.175473 0.366098 2.24173 -2.78916 -0.564189 -2.18604 0.254844 -0.37686 0.125639 -0.648365 0.00490625 0.132774 0.471968 33.6617 -2.36379 1.58535 2.07093 0.0264122 -0.109401 -1.7196 -2.29462 0.823124 -0.109575 -0.0658464 0.606112 -2.71191
565.682 -0.0836949 0.74146 2.11586 -2.15568 -0.566359 -2.33725 -0.113853 0.777826 2.1793 -2.13716 -0.545972 -2.29588 -0.0301585 0.0363658 0.0634467 0.0185246 0.0203863 0.0413712 0.0791043 3.2811 0.172192 0.36078 2.24249 -2.79055 -0.563954 -2.18504 0.255887 -0.38068 0.126631 -0.634863 0.00240489 0.15221 0.475847 32.5208 -2.36595 1.58891 2.0679 0.0256982 -0.109738 -1.71928 -2.29486 0.824574 -0.111703 -0.0691311 0.581285 -2.69673
566.002 -0.0876353 0.740409 2.11558 -2.17149 -0.565169 -2.3574 -0.121123 0.792067 2.22459 -2.16966 -0.584609 -2.31488 -0.0334879 0.0516588 0.109013 0.00182585 -0.0194398 0.0425182 0.125195 2.73194 0.168577 0.354953 2.24403 -2.79122 -0.564025 -2.18428 0.256212 -0.385455 0.128446 -0.619731 0.00114404 0.173121 0.480332 31.3056 -2.36794 1.59234 2.065 0.0251268 -0.110226 -1.71898 -2.29507 0.82596 -0.113796 -0.0745723 0.554795 -2.68179
566.322 -0.0926393 0.739486 2.11522 -2.19413 -0.566523 -2.38778 -0.124888 0.777285 2.18855 -2.16177 -0.562968 -2.34038 -0.0322483 0.0377992 0.0733307 0.0323544 0.00355559 0.0473981 0.0885784 4.03002 0.165879 0.349264 2.24511 -2.79196 -0.564601 -2.18355 0.258518 -0.390222 0.12989 -0.597833 0.00192232 0.204231 0.485774 29.6264 -2.37028 1.59668 2.06142 0.0244293 -0.111028 -1.71862 -2.29531 0.827693 -0.116501 -0.0861423 0.516052 -2.66193
566.717 -0.0973511 0.738233 2.11512 -2.21314 -0.569187 -2.41312 -0.129764 0.788329 2.22236 -2.21366 -0.584891 -2.34423 -0.0324125 0.0500961 0.107232 -0.000521367 -0.0157048 0.0688927 0.122714 4.03265 0.163621 0.345569 2.24512 -2.79234 -0.564875 -2.18282 0.260972 -0.392664 0.129993 -0.5792 0.00431183 0.230302 0.489071 28.3122 -2.37174 1.59979 2.05881 0.0234334 -0.111315 -1.71834 -2.29541 0.828969 -0.118573 -0.0980097 0.483545 -2.64664
567.085 -0.102788 0.736357 2.1151 -2.23551 -0.572588 -2.43914 -0.134547 0.781193 2.20504 -2.22699 -0.569741 -2.3828 -0.0317593 0.0448368 0.0899369 0.00852055 0.0028471 0.0563406 0.105393 3.51981 0.161289 0.338631 2.24673 -2.79271 -0.564625 -2.18184 0.264077 -0.397725 0.13163 -0.5572 0.00796358 0.257308 0.495225 26.9426 -2.37289 1.60278 2.05594 0.0220845 -0.111223 -1.71806 -2.29533 0.830365 -0.120954 -0.111254 0.44738 -2.63087
567.461 -0.108471 0.734816 2.11487 -2.26134 -0.577324 -2.46473 -0.138668 0.775045 2.19318 -2.24433 -0.604029 -2.4365 -0.0301967 0.0402285 0.0783129 0.0170166 -0.0267048 0.0282319 0.0930757 2.76852 0.159847 0.332066 2.24748 -2.79336 -0.564091 -2.18058 0.268319 -0.40275 0.132617 -0.532022 0.0132329 0.284156 0.501786 25.5767 -2.37367 1.60569 2.0526 0.020608 -0.111136 -1.71777 -2.29497 0.831991 -0.123856 -0.125501 0.407845 -2.61533
567.795 -0.115895 0.733842 2.11388 -2.30457 -0.58504 -2.49604 -0.142766 0.765095 2.16781 -2.25734 -0.592278 -2.47486 -0.0268705 0.0312536 0.0539254 0.0472275 -0.00723828 0.0211813 0.0678731 3.5516 0.158101 0.323052 2.24782 -2.79415 -0.563099 -2.17902 0.273996 -0.41079 0.133933 -0.489583 0.0219412 0.317028 0.511625 23.6702 -2.374 1.60939 2.04713 0.0186829 -0.111302 -1.71741 -2.2939 0.834428 -0.128596 -0.143816 0.348056 -2.59493
568.158 -0.120599 0.733642 2.1128 -2.343 -0.593066 -2.51624 -0.151031 0.767535 2.17741 -2.2708 -0.601046 -2.49372 -0.0304321 0.0338925 0.0646077 0.0721954 -0.00797919 0.0225213 0.0790504 4.99857 0.157793 0.315675 2.24763 -2.79552 -0.56232 -2.17767 0.278392 -0.417968 0.134829 -0.452517 0.0307466 0.338576 0.519979 22.3094 -2.37361 1.61208 2.04221 0.0176296 -0.111553 -1.71717 -2.29256 0.83642 -0.132862 -0.157711 0.29885 -2.58124
568.56 -0.124232 0.733555 2.11156 -2.38711 -0.603403 -2.53304 -0.157978 0.772389 2.19389 -2.33776 -0.603334 -2.509 -0.0337457 0.0388345 0.0823222 0.0493511 6.8482e-05 0.0240356 0.0970765 3.783 0.160699 0.308892 2.24585 -2.79829 -0.561674 -2.17568 0.28493 -0.424662 0.134283 -0.411179 0.0417286 0.35736 0.52873 21.0932 -2.37263 1.61472 2.03649 0.0170524 -0.111774 -1.717 -2.29073 0.838505 -0.137777 -0.171845 0.245864 -2.56935
568.944 -0.127588 0.732863 2.10992 -2.45539 -0.62121 -2.55015 -0.15952 0.757576 2.1493 -2.36562 -0.633013 -2.55267 -0.0319324 0.0247128 0.039383 0.0897658 -0.0118026 -0.00251686 0.0564041 5.10492 0.164342 0.298683 2.2422 -2.80198 -0.561812 -2.17405 0.29193 -0.43418 0.132282 -0.346593 0.0593979 0.376096 0.539661 19.7365 -2.37035 1.61824 2.02749 0.0169288 -0.111752 -1.71688 -2.28758 0.841349 -0.145389 -0.191864 0.168745 -2.55606
569.305 -0.128822 0.731897 2.10873 -2.51368 -0.638152 -2.5593 -0.165929 0.774139 2.19612 -2.45979 -0.618254 -2.53091 -0.0371067 0.0422421 0.0873842 0.0538824 0.0198986 0.0283904 0.10391 4.40211 0.167265 0.289797 2.23852 -2.80469 -0.562468 -2.1734 0.296087 -0.4421 0.12979 -0.291014 0.0756839 0.385896 0.547691 19.1405 -2.3679 1.62091 2.01967 0.0173687 -0.11155 -1.71689 -2.28478 0.843443 -0.151873 -0.208517 0.105906 -2.54766
569.721 -0.129039 0.730714 2.10712 -2.59952 -0.665922 -2.56695 -0.169684 0.786809 2.23189 -2.55876 -0.615109 -2.51587 -0.0406455 0.0560948 0.124768 0.0407569 0.0508129 0.05108 0.142709 5.53718 0.172705 0.278759 2.2322 -2.80757 -0.564136 -2.17305 0.301744 -0.451955 0.125078 -0.208052 0.101785 0.393903 0.557635 19.3156 -2.36369 1.62456 2.00792 0.018479 -0.111449 -1.71704 -2.28073 0.846039 -0.161411 -0.233783 0.0162517 -2.5378
570.031 -0.126494 0.728068 2.10644 -2.62453 -0.659079 -2.5567 -0.165018 0.759411 2.15705 -2.57202 -0.668016 -2.56827 -0.0385232 0.0313431 0.0506109 0.0525138 -0.00893747 -0.0115679 0.0709076 2.70139 0.17507 0.272185 2.22827 -2.80859 -0.565297 -2.17287 0.301564 -0.455883 0.121827 -0.184061 0.093782 0.383832 0.560011 18.8609 -2.36126 1.6267 2.00216 0.019074 -0.110825 -1.71715 -2.28042 0.848134 -0.16749 -0.210254 -0.00185583 -2.53703
570.326 -0.11429 0.721249 2.10482 -2.64687 -0.609901 -2.52308 -0.165172 0.769446 2.19627 -2.62581 -0.662423 -2.54859 -0.0508813 0.0481975 0.0914537 0.0210542 -0.052522 -0.0255162 0.11522 3.24836 0.183015 0.25814 2.22105 -2.81059 -0.563441 -2.17289 0.297305 -0.463108 0.116234 -0.16372 0.0464602 0.350191 0.562468 16.9866 -2.35581 1.63134 1.99007 0.0212457 -0.109457 -1.71799 -2.28186 0.850184 -0.17359 -0.166913 -0.00171009 -2.53703
570.61 -0.104036 0.716384 2.10341 -2.66259 -0.570365 -2.49861 -0.15109 0.7471 2.14601 -2.63006 -0.662629 -2.5464 -0.0470539 0.030716 0.0425954 0.0325211 -0.0922636 -0.0477933 0.0705118 5.74501 0.19051 0.247473 2.21478 -2.81087 -0.561944 -2.17441 0.294547 -0.468911 0.111368 -0.148281 0.00842136 0.324192 0.564834 15.7381 -2.35137 1.63489 1.98016 0.0234366 -0.108597 -1.71905 -2.28319 0.852079 -0.180033 -0.121924 -0.0015551 -2.53703
570.941 -0.0924502 0.709641 2.10106 -2.68024 -0.516648 -2.46848 -0.140748 0.747403 2.16037 -2.6366 -0.636285 -2.51662 -0.0482983 0.0377611 0.0593156 0.0436405 -0.119637 -0.0481348 0.0853052 7.30106 0.196234 0.234663 2.20544 -2.80916 -0.559074 -2.17803 0.288684 -0.474978 0.104385 -0.12892 -0.042426 0.290455 0.565543 14.5303 -2.34531 1.6397 1.96631 0.0255459 -0.107717 -1.7208 -2.28471 0.854244 -0.188835 -0.0615364 -0.00133648 -2.53703
571.574 -0.0821567 0.686622 2.10318 -2.69865 -0.456536 -2.43838 -0.122183 0.733956 2.15118 -2.66211 -0.483563 -2.45427 -0.040026 0.047334 0.0480076 0.0365402 -0.0270271 -0.0158885 0.0784048 2.42543 0.196937 0.206775 2.19622 -2.80788 -0.54902 -2.18327 0.279094 -0.479847 0.0930396 -0.10923 -0.0924837 0.255109 0.562853 13.8694 -2.33665 1.64876 1.95023 0.0266796 -0.101617 -1.72332 -2.28599 0.85601 -0.197941 0.000457421 -0.000594325 -2.53697
571.905 -0.0824127 0.667232 2.10878 -2.70229 -0.451739 -2.43739 -0.12035 0.73215 2.2047 -2.72124 -0.389078 -2.39484 -0.0379376 0.0649184 0.0959203 -0.0189563 0.0626613 0.0425484 0.121878 4.22475 0.193048 0.188771 2.19813 -2.80909 -0.543843 -2.18485 0.275461 -0.47846 0.0893594 -0.106806 -0.0921037 0.252534 0.559274 13.7745 -2.33284 1.6555 1.94805 0.0257763 -0.0959253 -1.72448 -2.28599 0.856009 -0.197925 0.000449197 -0.000540746 -2.53697
572.293 -0.0837262 0.644524 2.11504 -2.7056 -0.446356 -2.43639 -0.11822 0.703031 2.18047 -2.71898 -0.532849 -2.4485 -0.0344939 0.0585076 0.0654256 -0.013376 -0.0864927 -0.012103 0.0943052 5.11136 0.186788 0.167536 2.20091 -2.81039 -0.538495 -2.18638 0.270514 -0.476988 0.0858661 -0.104785 -0.0921386 0.250015 0.555039 13.6913 -2.32825 1.66497 1.94485 0.0243082 -0.0901226 -1.72581 -2.28599 0.856008 -0.197913 0.000472218 -0.000480765 -2.53697
572.66 -0.0837141 0.631256 2.11876 -2.70698 -0.444017 -2.43625 -0.118767 0.682786 2.19178 -2.71825 -0.476734 -2.41453 -0.0350528 0.0515301 0.0730263 -0.0112707 -0.0327164 0.0217141 0.0960046 2.18283 0.182858 0.155722 2.20256 -2.81107 -0.536452 -2.18723 0.266572 -0.475534 0.0837985 -0.104092 -0.0924351 0.249017 0.551557 13.6643 -2.32519 1.67245 1.94234 0.0237957 -0.0876251 -1.72663 -2.28599 0.856008 -0.197905 0.000486664 -0.000443096 -2.53697
573.033 -0.0829152 0.618779 2.12221 -2.70832 -0.442382 -2.43621 -0.120363 0.669626 2.20503 -2.69966 -0.403311 -2.40255 -0.037448 0.0508472 0.0828222 0.00865729 0.0390701 0.033657 0.10415 3.12412 0.178701 0.144305 2.20436 -2.81208 -0.53496 -2.18747 0.261617 -0.474474 0.0821493 -0.103763 -0.0925789 0.248741 0.548012 13.6639 -2.32247 1.68018 1.93968 0.0237536 -0.0856129 -1.72728 -2.28599 0.856008 -0.197899 0.000499048 -0.000410753 -2.53697
573.384 -0.082394 0.60555 2.12575 -2.70991 -0.440693 -2.43593 -0.120361 0.654205 2.20495 -2.71094 -0.395794 -2.39843 -0.0379675 0.0486546 0.0791998 -0.00103445 0.0448988 0.0374984 0.100406 3.3366 0.17649 0.13284 2.2056 -2.81325 -0.53331 -2.18711 0.258884 -0.47271 0.0798473 -0.103348 -0.092617 0.248822 0.544841 13.6791 -2.32011 1.68822 1.93685 0.0237118 -0.0834029 -1.72776 -2.28599 0.856007 -0.197893 0.000509039 -0.000384664 -2.53697
573.792 -0.0826625 0.586873 2.13057 -2.71219 -0.438243 -2.43518 -0.118431 0.639709 2.20499 -2.66127 -0.432767 -2.41834 -0.0357684 0.0528366 0.0744156 0.0509218 0.00547634 0.0168439 0.0980243 3.45219 0.168942 0.114667 2.20869 -2.81503 -0.531006 -2.1855 0.251604 -0.472206 0.0781215 -0.102839 -0.0927625 0.249677 0.540727 13.738 -2.31755 1.69943 1.93285 0.0234315 -0.0802189 -1.72814 -2.28599 0.856007 -0.197887 0.000521082 -0.000353221 -2.53697
574.17 -0.0836827 0.572188 2.1341 -2.71395 -0.436254 -2.43437 -0.118326 0.615059 2.18257 -2.72321 -0.522236 -2.44134 -0.034643 0.0428704 0.0484656 -0.00925936 -0.085982 -0.00697003 0.0733957 4.99057 0.163851 0.100867 2.21054 -2.81655 -0.529099 -2.18378 0.247534 -0.471322 0.076435 -0.102597 -0.0928454 0.25059 0.537828 13.7952 -2.31609 1.70814 1.92958 0.023021 -0.0776996 -1.72827 -2.28599 0.856007 -0.197882 0.000529127 -0.000332247 -2.53697
574.581 -0.0847638 0.556776 2.13775 -2.71602 -0.434275 -2.43341 -0.118058 0.601742 2.19646 -2.70932 -0.463798 -2.43471 -0.0332943 0.0449654 0.0587153 0.00669453 -0.0295225 -0.00129576 0.0811042 1.72896 0.160469 0.08571 2.21273 -2.81839 -0.526908 -2.18209 0.245233 -0.471066 0.0749846 -0.102375 -0.0926333 0.251321 0.536345 13.8379 -2.31503 1.71718 1.9262 0.0227415 -0.0749819 -1.72827 -2.28599 0.856007 -0.197879 0.000535185 -0.00031647 -2.53697
574.922 -0.0876935 0.536384 2.14235 -2.71831 -0.431614 -2.43198 -0.120165 0.582578 2.2003 -2.66705 -0.480543 -2.44872 -0.0324719 0.0461945 0.0579524 0.0512616 -0.0489298 -0.0167431 0.0809125 3.8629 0.157217 0.0660331 2.21545 -2.82045 -0.524142 -2.1795 0.244911 -0.470351 0.0731003 -0.102141 -0.0925284 0.25248 0.535308 13.9071 -2.31426 1.7297 1.92144 0.0219394 -0.0716655 -1.72813 -2.28599 0.856007 -0.197875 0.000542818 -0.000296602 -2.53697
575.208 -0.0910658 0.521049 2.14557 -2.71973 -0.429513 -2.43079 -0.123397 0.568191 2.20756 -2.69883 -0.38834 -2.42243 -0.0323309 0.0471416 0.0619881 0.0208921 0.0411728 0.00835522 0.0843216 2.77178 0.15465 0.0516445 2.21696 -2.82206 -0.521984 -2.17702 0.245716 -0.469405 0.071382 -0.102331 -0.0924717 0.253765 0.534614 13.979 -2.31413 1.73945 1.91762 0.0209791 -0.0693013 -1.72793 -2.28599 0.856007 -0.197872 0.000547367 -0.000284772 -2.53697
575.585 -0.0948479 0.504215 2.14897 -2.72151 -0.427152 -2.42939 -0.125922 0.547941 2.20006 -2.68805 -0.465601 -2.43955 -0.0310746 0.0437259 0.051098 0.0334541 -0.0384488 -0.0101639 0.074085 2.81105 0.152777 0.0376633 2.2173 -2.82384 -0.519812 -2.17495 0.247624 -0.466551 0.0683387 -0.102335 -0.0926601 0.254444 0.532596 14.0283 -2.31436 1.74961 1.91358 0.0200185 -0.0665484 -1.72767 -2.286 0.856007 -0.19787 0.000551284 -0.0002746 -2.53697
575.975 -0.100033 0.479221 2.15371 -2.72469 -0.423621 -2.42725 -0.129768 0.528737 2.20008 -2.6987 -0.456472 -2.43476 -0.0297357 0.0495168 0.0463773 0.0259987 -0.0328504 -0.00751806 0.0740741 2.32389 0.148751 0.0151626 2.21839 -2.82708 -0.516852 -2.17204 0.248784 -0.464058 0.0646863 -0.102387 -0.0932307 0.255203 0.530497 14.0948 -2.31519 1.76392 1.90773 0.0189203 -0.0620457 -1.72725 -2.286 0.856006 -0.197868 0.000555671 -0.000263219 -2.53697
576.323 -0.103862 0.459385 2.15719 -2.72736 -0.421029 -2.42563 -0.13361 0.505672 2.20002 -2.71163 -0.446035 -2.4292 -0.0297478 0.0462873 0.0428261 0.015727 -0.0250058 -0.00357198 0.0697246 1.65871 0.144993 -0.0032667 2.21934 -2.82958 -0.514878 -2.17032 0.248855 -0.462651 0.0621486 -0.102222 -0.0938487 0.255308 0.528996 14.1262 -2.31618 1.7753 1.90291 0.0183278 -0.0585134 -1.72691 -2.286 0.856006 -0.197867 0.000558089 -0.000256959 -2.53697
576.689 -0.107786 0.437973 2.16071 -2.73041 -0.418282 -2.42391 -0.138874 0.484505 2.20853 -2.68804 -0.384123 -2.42495 -0.0310881 0.046532 0.0478176 0.042378 0.0341588 -0.00103109 0.0736086 3.1011 0.14025 -0.0210288 2.21867 -2.83218 -0.512429 -2.16872 0.248036 -0.459001 0.0579597 -0.101762 -0.0941464 0.255194 0.524941 14.1425 -2.31748 1.78735 1.89768 0.0178745 -0.0546094 -1.72655 -2.286 0.856006 -0.197865 0.000560515 -0.000250685 -2.53697
577.073 -0.113003 0.40494 2.16559 -2.73583 -0.413884 -2.42126 -0.140817 0.452625 2.17626 -2.72131 -0.53519 -2.45795 -0.0278145 0.0476848 0.0106674 0.0145238 -0.121307 -0.0366981 0.0562253 7.19822 0.134463 -0.0506367 2.2183 -2.83663 -0.507822 -2.16613 0.247466 -0.455577 0.0527077 -0.1008 -0.0939385 0.255131 0.521121 14.1621 -2.31968 1.80454 1.88989 0.0175799 -0.04799 -1.72605 -2.286 0.856006 -0.197864 0.000562861 -0.000244631 -2.53697
577.442 -0.117278 0.377035 2.16906 -2.74063 -0.410043 -2.41903 -0.14734 0.439228 2.24813 -2.74704 -0.419259 -2.4142 -0.030062 0.0621928 0.0790699 -0.0064004 -0.00921578 0.00483254 0.104994 0.638578 0.130006 -0.0766603 2.21764 -2.84053 -0.502914 -2.16386 0.247284 -0.453695 0.0485762 -0.0998933 -0.0928712 0.255174 0.518988 14.1672 -2.32171 1.81833 1.88322 0.0174376 -0.0421515 -1.72568 -2.286 0.856006 -0.197863 0.000565158 -0.000238718 -2.53697
577.771 -0.122104 0.347037 2.17202 -2.74575 -0.405883 -2.4167 -0.154247 0.407926 2.24897 -2.71919 -0.439772 -2.40068 -0.0321438 0.0608892 0.0769432 0.0265555 -0.0338892 0.016027 0.103252 2.84166 0.1259 -0.102979 2.2153 -2.84467 -0.497423 -2.16149 0.248004 -0.450016 0.0432772 -0.0989219 -0.0915396 0.255213 0.515648 14.1693 -2.32409 1.83293 1.87564 0.0172677 -0.0358856 -1.72532 -2.286 0.856006 -0.197863 0.000565957 -0.000236666 -2.53697
578.063 -0.128084 0.315353 2.1741 -2.75079 -0.401369 -2.41429 -0.159709 0.375057 2.25754 -2.753 -0.341244 -2.37896 -0.031625 0.0597041 0.0834403 -0.00220869 0.0601255 0.0353367 0.107364 3.97434 0.120708 -0.132589 2.21314 -2.8489 -0.491187 -2.15901 0.248792 -0.447942 0.0390445 -0.0981054 -0.0898182 0.25528 0.513881 14.1673 -2.32684 1.84829 1.86691 0.0167914 -0.0294215 -1.72498 -2.286 0.856006 -0.197862 0.000567458 -0.00023282 -2.53697
578.364 -0.138678 0.271464 2.17475 -2.75677 -0.394856 -2.41101 -0.165262 0.334514 2.2375 -2.77365 -0.452581 -2.40715 -0.0265837 0.0630504 0.0627489 -0.0168872 -0.0577246 0.00385523 0.0928411 3.42748 0.112526 -0.173575 2.20846 -2.85369 -0.48288 -2.15597 0.251204 -0.445038 0.0337165 -0.096925 -0.0880237 0.25504 0.512152 14.1608 -2.3311 1.86979 1.85302 0.0152712 -0.0209793 -1.7246 -2.286 0.856006 -0.197861 0.000568992 -0.000228893 -2.53697
578.722 -0.148164 0.238448 2.1733 -2.76042 -0.390021 -2.40868 -0.173373 0.298875 2.24158 -2.7395 -0.460542 -2.41694 -0.0252086 0.0604264 0.0682778 0.020917 -0.0705212 -0.00825385 0.0945975 4.18545 0.104577 -0.203826 2.20316 -2.85641 -0.477015 -2.15398 0.252741 -0.442275 0.0298551 -0.0959879 -0.0869939 0.254701 0.510271 14.1533 -2.33472 1.88648 1.84071 0.0136417 -0.0152393 -1.72438 -2.286 0.856006 -0.197861 0.000569735 -0.000226995 -2.53697
579.357 -0.170474 0.163333 2.16244 -2.76702 -0.380889 -2.40449 -0.191811 0.219774 2.19514 -2.72441 -0.446272 -2.4198 -0.0213369 0.0564412 0.0327071 0.0426121 -0.0653837 -0.0153065 0.068634 4.3635 0.0904191 -0.272407 2.18463 -2.86196 -0.466344 -2.15027 0.260893 -0.43574 0.0221919 -0.0949405 -0.0854556 0.254225 0.508357 14.1525 -2.34443 1.92632 1.80454 0.0104735 -0.00457809 -1.72411 -2.286 0.856006 -0.19786 0.000571244 -0.00022314 -2.53697
579.693 -0.179073 0.131608 2.15454 -2.76957 -0.378014 -2.40325 -0.206549 0.187191 2.24036 -2.77841 -0.415491 -2.39959 -0.0274759 0.0555833 0.0858203 -0.00884096 -0.037477 0.00366206 0.105875 2.19749 0.084623 -0.300743 2.17307 -2.86456 -0.463035 -2.14947 0.263696 -0.432352 0.0185245 -0.0949894 -0.0850214 0.25378 0.506761 14.1374 -2.34907 1.94344 1.78572 0.00986539 -0.00088874 -1.72408 -2.286 0.856006 -0.197859 0.00057199 -0.000221237 -2.53697
580.03 -0.189899 0.089228 2.14114 -2.77297 -0.374789 -2.40192 -0.219321 0.154495 2.2624 -2.74002 -0.317192 -2.38259 -0.0294216 0.0652673 0.121266 0.0329546 0.0575966 0.0193249 0.140822 4.13498 0.0772917 -0.334689 2.15426 -2.86789 -0.459321 -2.14887 0.267191 -0.423917 0.0131246 -0.0949194 -0.0845322 0.253046 0.501268 14.1091 -2.3557 1.96604 1.75775 0.00960533 0.00362423 -1.7241 -2.286 0.856006 -0.197859 0.00057275 -0.000219298 -2.53697
580.313 -0.198143 0.0572079 2.12892 -2.77543 -0.372557 -2.40103 -0.2303 0.114939 2.24289 -2.80936 -0.385493 -2.38782 -0.0321575 0.0577307 0.11397 -0.0339242 -0.0129363 0.0132082 0.131742 1.95224 0.0717563 -0.363046 2.13736 -2.87044 -0.45615 -2.14836 0.269899 -0.420254 0.00844152 -0.0950036 -0.0835932 0.252674 0.49953 14.086 -2.36101 1.98267 1.73474 0.00952268 0.00681626 -1.72413 -2.286 0.856006 -0.197859 0.00057275 -0.000219298 -2.53697
580.722 -0.206999 0.0252849 2.11491 -2.77761 -0.370328 -2.40017 -0.231993 0.0784636 2.185 -2.75706 -0.450757 -2.40463 -0.0249941 0.0531787 0.0700905 0.0205508 -0.0804287 -0.00446075 0.0914623 4.73781 0.0658699 -0.389398 2.11883 -2.87239 -0.453138 -2.1477 0.272869 -0.414683 0.00392196 -0.0947824 -0.0828093 0.252465 0.496422 14.0742 -2.36661 1.99893 1.71014 0.00924899 0.00981873 -1.72417 -2.286 0.856006 -0.197859 0.000573496 -0.000217395 -2.53697
581.036 -0.216759 -0.00640586 2.09923 -2.7794 -0.367993 -2.39926 -0.245442 0.0414789 2.19454 -2.78675 -0.379011 -2.39418 -0.0286823 0.0478847 0.0953175 -0.00734608 -0.0110173 0.00507632 0.110458 0.75537 0.0593651 -0.419015 2.10098 -2.87436 -0.44962 -2.14704 0.276124 -0.412609 0.00175727 -0.0949515 -0.0816265 0.252214 0.496481 14.0538 -2.37253 2.01471 1.68417 0.00860627 0.0126317 -1.72422 -2.286 0.856006 -0.197859 0.000573496 -0.000217395 -2.53697
581.317 -0.231336 -0.0476152 2.07604 -2.78099 -0.364731 -2.39797 -0.252636 0.00577848 2.14174 -2.74406 -0.435547 -2.40838 -0.0213004 0.0533937 0.0656955 0.0369326 -0.0708158 -0.0104122 0.0872954 4.50676 0.0483988 -0.455462 2.07465 -2.87601 -0.444852 -2.14608 0.279735 -0.407847 -0.00138911 -0.0950244 -0.0801212 0.251887 0.494563 14.0297 -2.38089 2.03487 1.64791 0.00703078 0.015928 -1.72427 -2.286 0.856006 -0.197859 0.000573496 -0.000217395 -2.53697
582.007 -0.254179 -0.104146 2.03829 -2.78169 -0.360765 -2.39638 -0.283654 -0.0636349 2.15019 -2.78688 -0.357593 -2.37169 -0.0294753 0.0405109 0.111897 -0.00518899 0.00317266 0.024685 0.1226 1.35133 0.0267079 -0.51025 2.03503 -2.87673 -0.437585 -2.14471 0.280887 -0.406105 -0.00325879 -0.0950404 -0.0768197 0.251667 0.49379 13.9874 -2.39427 2.06277 1.59174 0.00421368 0.0191002 -1.72432 -2.286 0.856006 -0.197858 0.000574239 -0.000215502 -2.53697
582.868 -0.278441 -0.161456 1.99166 -2.78137 -0.358768 -2.39555 -0.30761 -0.124322 2.0957 -2.78995 -0.381202 -2.36963 -0.0291691 0.0371344 0.104048 -0.00858589 -0.0224342 0.0259185 0.114262 1.88969 0.00600006 -0.563643 1.9865 -2.87664 -0.432317 -2.14335 0.284441 -0.402187 -0.00515353 -0.095268 -0.0735494 0.252202 0.492633 13.9757 -2.41083 2.0913 1.52518 0.00230132 0.0202333 -1.72434 -2.286 0.856006 -0.197858 0.000574239 -0.000215502 -2.53697
583.237 -0.28857 -0.184797 1.97069 -2.78126 -0.358018 -2.3952 -0.319455 -0.152339 2.06605 -2.78272 -0.329969 -2.37588 -0.030885 0.0324572 0.0953673 -0.0014615 0.0280488 0.0193273 0.105367 1.93735 -0.00450703 -0.586621 1.96541 -2.87636 -0.430142 -2.14306 0.284063 -0.401824 -0.00528031 -0.0951015 -0.0721238 0.252139 0.49212 13.956 -2.41815 2.10214 1.49629 0.00157182 0.0206661 -1.72432 -2.286 0.856006 -0.197858 0.000574239 -0.000215502 -2.53697
583.835 -0.307977 -0.229616 1.92702 -2.78135 -0.356679 -2.39452 -0.341747 -0.205098 2.01642 -2.78612 -0.352666 -2.37393 -0.0337693 0.0245184 0.0894008 -0.00477261 0.00401298 0.0205867 0.0986611 1.1378 -0.0239372 -0.628532 1.92011 -2.87482 -0.42709 -2.14261 0.28404 -0.398915 -0.00690581 -0.0934701 -0.0704103 0.251914 0.489755 13.9284 -2.43307 2.12126 1.43797 0.000449582 0.0216387 -1.72421 -2.286 0.856006 -0.197858 0.000574974 -0.000213629 -2.53697
584.178 -0.319727 -0.257043 1.89689 -2.78148 -0.356465 -2.39431 -0.35519 -0.231426 2.00768 -2.77679 -0.387368 -2.37425 -0.0354623 0.025617 0.110797 0.00468791 -0.030903 0.0200617 0.119121 2.18014 -0.0367595 -0.65464 1.88921 -2.87331 -0.425671 -2.14211 0.282968 -0.397597 -0.00767717 -0.0918305 -0.0692068 0.252203 0.488071 13.9291 -2.44317 2.13208 1.39869 0.000302957 0.0218709 -1.72411 -2.286 0.856006 -0.197858 0.000574974 -0.000213629 -2.53697
584.485 -0.327943 -0.276191 1.87399 -2.7816 -0.356673 -2.3943 -0.366068 -0.256946 1.98133 -2.77293 -0.341871 -2.38088 -0.0381253 0.0192449 0.107342 0.00867122 0.0148015 0.0134215 0.115526 1.34872 -0.0455923 -0.673217 1.86596 -2.87243 -0.425378 -2.14178 0.28235 -0.397025 -0.00802688 -0.0908382 -0.068705 0.25252 0.487253 13.9387 -2.45082 2.13917 1.36926 0.000520427 0.0218131 -1.72402 -2.286 0.856006 -0.197858 0.000574974 -0.000213629 -2.53697
584.778 -0.338468 -0.299661 1.84335 -2.78163 -0.357313 -2.39443 -0.370875 -0.27453 1.93411 -2.76907 -0.370502 -2.38038 -0.0324064 0.0251311 0.0907654 0.0125607 -0.0131892 0.0140553 0.0995997 1.46634 -0.0596312 -0.694703 1.83496 -2.87152 -0.426187 -2.14185 0.278837 -0.395042 -0.00838996 -0.0898895 -0.0688746 0.252585 0.48361 13.9426 -2.46112 2.14726 1.33031 0.0010184 0.0213995 -1.7239 -2.286 0.856006 -0.197858 0.000574974 -0.000213629 -2.53697
585.145 -0.346659 -0.3158 1.82017 -2.7813 -0.357864 -2.39454 -0.37687 -0.292562 1.892 -2.76434 -0.391309 -2.39992 -0.0302118 0.0232381 0.0718273 0.0169579 -0.0334445 -0.00538503 0.0813138 2.11933 -0.0708272 -0.710769 1.81121 -2.87012 -0.427345 -2.14207 0.275831 -0.394969 -0.00896484 -0.0888209 -0.0694811 0.252469 0.481833 13.9442 -2.46894 2.15234 1.30149 0.00118363 0.0207985 -1.7238 -2.286 0.856006 -0.197858 0.000574974 -0.000213629 -2.53697
585.467 -0.35536 -0.330505 1.79691 -2.78044 -0.358392 -2.39462 -0.381286 -0.308619 1.84927 -2.75778 -0.413014 -2.39983 -0.0259258 0.0218857 0.0523574 0.0226565 -0.0546222 -0.00520667 0.0623894 3.35812 -0.082009 -0.726015 1.78867 -2.86803 -0.428729 -2.14217 0.273351 -0.39551 -0.00823593 -0.0875872 -0.0703373 0.252457 0.48085 13.9556 -2.47685 2.15659 1.2729 0.000939788 0.0198491 -1.72369 -2.286 0.856006 -0.197858 0.000574974 -0.000213629 -2.53697
585.827 -0.364715 -0.344311 1.77323 -2.77911 -0.358724 -2.39462 -0.398933 -0.330842 1.85631 -2.77918 -0.37035 -2.37677 -0.0342182 0.0134689 0.0830828 -7.17256e-05 -0.0116266 0.0178525 0.0908573 1.21949 -0.0899668 -0.740369 1.76598 -2.86606 -0.429723 -2.142 0.274748 -0.396057 -0.00724225 -0.0869471 -0.0709994 0.252623 0.482079 13.9734 -2.48482 2.16007 1.24435 0.000183072 0.0187085 -1.72359 -2.286 0.856006 -0.197858 0.000574974 -0.000213629 -2.53697
587.058 -0.396571 -0.385692 1.69131 -2.77321 -0.359442 -2.39443 -0.428393 -0.372477 1.75772 -2.7653 -0.371484 -2.38453 -0.0318216 0.0132147 0.066414 0.00790691 -0.012042 0.00990113 0.0748202 1.0893 -0.115094 -0.780083 1.68619 -2.86242 -0.432585 -2.14107 0.281477 -0.394392 -0.00512023 -0.0892058 -0.0731434 0.253358 0.484562 14.0333 -2.51134 2.16658 1.1486 -0.00373472 0.0141702 -1.72323 -2.286 0.856006 -0.197858 0.000574974 -0.000213629 -2.53697
587.445 -0.404829 -0.396312 1.66631 -2.77144 -0.360378 -2.3947 -0.43395 -0.381723 1.71284 -2.76906 -0.406467 -2.39453 -0.029121 0.0145894 0.0465292 0.00238246 -0.0460881 0.000173887 0.0567966 2.64442 -0.122501 -0.793445 1.65383 -2.8617 -0.435246 -2.14146 0.282328 -0.397133 -0.0124846 -0.0902593 -0.0748671 0.253245 0.487421 14.0462 -2.52164 2.16728 1.10993 -0.00445949 0.0116477 -1.72311 -2.286 0.856006 -0.197858 0.000574974 -0.000213629 -2.53697
587.828 -0.415389 -0.40948 1.63287 -2.76888 -0.361815 -2.39516 -0.441256 -0.391598 1.67805 -2.7637 -0.420778 -2.3942 -0.0258668 0.0178825 0.0451722 0.0051801 -0.0589629 0.000960889 0.05504 3.39361 -0.126875 -0.802032 1.62896 -2.86095 -0.437449 -2.14194 0.288514 -0.392552 -0.00391103 -0.0920769 -0.0756338 0.253224 0.487189 14.0462 -2.52918 2.16721 1.08085 -0.00500795 0.00958351 -1.72303 -2.286 0.856006 -0.197858 0.000574974 -0.000213629 -2.53697
588.222 -0.423531 -0.419996 1.60712 -2.76703 -0.362299 -2.39528 -0.453137 -0.406233 1.65996 -2.76426 -0.388777 -2.38315 -0.0296056 0.0137632 0.0528351 0.00276635 -0.0264783 0.0121236 0.0621085 1.69996 -0.129444 -0.812486 1.60413 -2.86005 -0.438782 -2.14219 0.294087 -0.39249 -0.00298762 -0.0930219 -0.0764831 0.253082 0.490453 14.048 -2.53653 2.16673 1.0517 -0.00598622 0.00798668 -1.72296 -2.286 0.856006 -0.197858 0.000574974 -0.000213629 -2.53697
588.63 -0.43462 -0.435187 1.57182 -2.76478 -0.36201 -2.39506 -0.469489 -0.423988 1.66137 -2.7687 -0.380699 -2.38226 -0.0348682 0.0111985 0.0895518 -0.00392034 -0.0186895 0.012799 0.0967509 1.27103 -0.134292 -0.825285 1.56889 -2.85855 -0.439344 -2.14219 0.300328 -0.390098 -0.00293592 -0.0937784 -0.0773345 0.252872 0.492323 14.0509 -2.54596 2.16551 1.01278 -0.00791773 0.00663609 -1.72289 -2.286 0.856006 -0.197858 0.000574974 -0.000213629 -2.53697
589.34 -0.449735 -0.459509 1.51762 -2.76244 -0.360727 -2.39444 -0.483196 -0.446181 1.58278 -2.75767 -0.379836 -2.38929 -0.0334606 0.0133285 0.0651619 0.00477003 -0.0191088 0.00514579 0.0744536 1.19091 -0.140622 -0.847971 1.51496 -2.85622 -0.439497 -2.14208 0.309113 -0.388462 -0.00265575 -0.0937822 -0.0787697 0.252354 0.496448 14.0536 -2.55905 2.1626 0.954171 -0.0107403 0.00590498 -1.72284 -2.286 0.856006 -0.197858 0.000574974 -0.000213629 -2.53697
589.729 -0.455798 -0.471635 1.49035 -2.76188 -0.360369 -2.39428 -0.49176 -0.460908 1.55308 -2.75475 -0.389837 -2.38884 -0.0359624 0.0107271 0.062733 0.00713373 -0.0294678 0.00544067 0.0731013 1.79122 -0.141902 -0.861138 1.48865 -2.85569 -0.439732 -2.1421 0.313896 -0.389502 -0.00169495 -0.0938124 -0.0793629 0.252186 0.500246 14.0563 -2.56501 2.16068 0.924705 -0.0114508 0.00576502 -1.72285 -2.286 0.856006 -0.197858 0.000574974 -0.000213629 -2.53697
590.052 -0.462267 -0.487495 1.45378 -2.76165 -0.360406 -2.39435 -0.501533 -0.476479 1.53114 -2.76612 -0.375175 -2.3864 -0.0392663 0.0110164 0.0773609 -0.0044645 -0.0147688 0.00794806 0.0874524 0.95121 -0.143268 -0.87866 1.45321 -2.85602 -0.439956 -2.14213 0.318999 -0.391165 -0.000573562 -0.0943631 -0.0795503 0.252219 0.504748 14.0602 -2.57231 2.15764 0.88498 -0.0115601 0.00558316 -1.72289 -2.286 0.856006 -0.197858 0.000574974 -0.000213629 -2.53697
590.355 -0.466368 -0.499293 1.42594 -2.76162 -0.360583 -2.39451 -0.502441 -0.485369 1.48451 -2.75103 -0.385587 -2.39282 -0.0360731 0.0139242 0.0585772 0.0105873 -0.0250036 0.00168573 0.0701886 1.57247 -0.142641 -0.892409 1.42653 -2.85679 -0.44005 -2.14221 0.323728 -0.393116 0.000593539 -0.0951781 -0.0794667 0.252301 0.509254 14.0613 -2.57729 2.15501 0.854731 -0.0113963 0.00543592 -1.72296 -2.286 0.856006 -0.197858 0.000574974 -0.000213629 -2.53697
590.684 -0.470097 -0.511009 1.39768 -2.76151 -0.360757 -2.3947 -0.501925 -0.493622 1.44032 -2.73811 -0.395171 -2.39832 -0.0318277 0.0173866 0.0426402 0.0234008 -0.0344134 -0.00362721 0.0559775 2.35002 -0.140543 -0.905864 1.39937 -2.8577 -0.439913 -2.14227 0.329554 -0.394855 0.00169345 -0.0961893 -0.0791559 0.252425 0.514314 14.061 -2.58186 2.1521 0.824127 -0.0112711 0.00524138 -1.72306 -2.286 0.856006 -0.197858 0.000574974 -0.000213629 -2.53697
590.975 -0.474677 -0.526457 1.35947 -2.76111 -0.360869 -2.39495 -0.513249 -0.513741 1.42632 -2.75998 -0.359513 -2.39557 -0.0385728 0.0127166 0.0668565 0.00112649 0.00135601 -0.000620754 0.0782264 0.100871 -0.14099 -0.922116 1.36214 -2.85861 -0.439256 -2.1423 0.333686 -0.395659 0.00267855 -0.0974979 -0.0783877 0.252642 0.51759 14.0586 -2.58732 2.14778 0.782908 -0.0113671 0.00488913 -1.72324 -2.286 0.856006 -0.197858 0.000574974 -0.000213629 -2.53697
591.22 -0.477571 -0.537525 1.33069 -2.7606 -0.361175 -2.39526 -0.513811 -0.523449 1.38591 -2.74889 -0.367645 -2.40052 -0.0362402 0.014076 0.0552167 0.0117097 -0.00647001 -0.00526336 0.0675305 0.731149 -0.142376 -0.93558 1.3347 -2.85852 -0.438823 -2.14237 0.335195 -0.398055 0.00400541 -0.0979211 -0.0776481 0.252882 0.520404 14.0574 -2.59093 2.14422 0.751837 -0.0113849 0.00433369 -1.72339 -2.286 0.856006 -0.197858 0.000574974 -0.000213629 -2.53697
591.549 -0.479816 -0.547923 1.3022 -2.75999 -0.361859 -2.39575 -0.51975 -0.539318 1.36022 -2.76663 -0.367045 -2.3906 -0.0399334 0.0086054 0.0580193 -0.00663373 -0.00518616 0.00515335 0.0709575 0.490189 -0.142266 -0.944307 1.30551 -2.85796 -0.439071 -2.14263 0.337551 -0.396384 0.00330904 -0.097969 -0.0772122 0.253124 0.520645 14.0593 -2.59413 2.14043 0.720737 -0.011147 0.00344635 -1.72357 -2.286 0.856006 -0.197858 0.000574974 -0.000213629 -2.53697
591.838 -0.481741 -0.561125 1.26472 -2.75937 -0.363232 -2.39665 -0.514998 -0.541957 1.30902 -2.74557 -0.374299 -2.40197 -0.0332576 0.0191674 0.044298 0.0138017 -0.0110666 -0.00531896 0.0586155 0.972772 -0.142822 -0.957158 1.26873 -2.85674 -0.44059 -2.14337 0.338919 -0.396033 0.0040093 -0.0973694 -0.0773578 0.253286 0.521272 14.0626 -2.59776 2.13504 0.679604 -0.010277 0.00208391 -1.72383 -2.286 0.856006 -0.197858 0.000574974 -0.000213629 -2.53697
