85.0653 0.238531 -0.555774 1.38395 -2.9532 -0.48834 -1.96187 0.211138 -0.554567 1.39724 -2.93848 -0.50092 -1.96176 -0.0273924 0.00120734 0.0132974 0.0147163 -0.0125807 0.000107747 0.0304733 1.11171 0.157667 -0.598015 1.18178 -2.95907 -0.496237 -1.94986 -0.0808642 -0.0422404 -0.202171 -0.00587375 -0.00789715 0.0120128 0.221803 0.756922 -2.07936 0.544733 0.783074 0.00296124 0.00269865 0.405796 -0.830616 0.857347 -0.196618 0.000370174 0.000328252 -0.821674
86.3721 0.199848 -0.559597 1.39739 -2.9459 -0.479895 -2.00536 0.203222 -0.558905 1.40201 -2.95804 -0.519825 -1.96896 0.00337415 0.000692283 0.00462294 -0.0121374 -0.0399301 0.0364 0.00576504 2.94557 0.121624 -0.599799 1.19541 -2.93979 -0.476518 -2.0106 -0.0782242 -0.0402016 -0.201983 0.00610614 0.00337721 -0.00523438 0.220301 0.391671 -2.07717 0.545726 0.801641 0.0147388 0.00819235 0.366464 -0.830616 0.857347 -0.196618 0.000370174 0.000328252 -0.821674
86.9121 0.165723 -0.556284 1.40767 -2.93257 -0.474468 -2.03431 0.179912 -0.558732 1.40622 -2.9433 -0.495649 -1.99114 0.0141891 -0.00244746 -0.0014452 -0.0107296 -0.021181 0.0431729 0.014471 2.55956 0.0906876 -0.594579 1.20464 -2.92194 -0.468476 -2.04915 -0.0750354 -0.0382946 -0.203033 0.010635 0.00599185 -0.0148413 0.219816 0.860938 -2.07545 0.545665 0.811877 0.0146596 0.00832865 0.340188 -0.830616 0.857347 -0.196618 0.000370174 0.000328252 -0.821674
87.4177 0.124622 -0.550525 1.41865 -2.91534 -0.467653 -2.06643 0.146637 -0.55607 1.41668 -2.90765 -0.485168 -2.03415 0.0220155 -0.0055457 -0.0019703 0.00768961 -0.0175143 0.0322811 0.0227886 2.31714 0.0549675 -0.58874 1.21524 -2.90243 -0.464297 -2.08812 -0.0696545 -0.0382154 -0.203416 0.0129044 0.00335671 -0.0216868 0.218381 1.14124 -2.07324 0.545256 0.822627 0.01205 0.00768098 0.310746 -0.830616 0.857347 -0.196618 0.000370174 0.000328252 -0.821674
88.0101 0.064361 -0.539705 1.4327 -2.88983 -0.456936 -2.1114 0.103522 -0.562737 1.46314 -2.9162 -0.453283 -2.05238 0.0391608 -0.0230321 0.0304468 -0.0263691 0.00365337 0.0590221 0.0546905 3.04465 0.00728177 -0.578584 1.22734 -2.88134 -0.459304 -2.12737 -0.0570792 -0.0388791 -0.205353 0.00849089 -0.00236817 -0.015972 0.216656 0.836031 -2.06965 0.544297 0.837279 0.00677865 0.00607493 0.269056 -0.830616 0.857347 -0.196618 0.000370174 0.000328252 -0.821674
88.5715 0.0185465 -0.529951 1.44208 -2.87099 -0.448067 -2.14503 0.0531362 -0.544581 1.44877 -2.89068 -0.469846 -2.09655 0.0345896 -0.0146294 0.00669091 -0.0196937 -0.0217786 0.0484793 0.0381475 2.78713 -0.0361866 -0.567322 1.23718 -2.86374 -0.451903 -2.15899 -0.0547332 -0.0373705 -0.204897 0.00724561 -0.00383553 -0.0139603 0.215348 0.755888 -2.0666 0.54341 0.848365 0.00278752 0.0047894 0.237539 -0.830616 0.857347 -0.196618 0.000370174 0.000328252 -0.821674
89.0902 -0.025575 -0.518976 1.45047 -2.85343 -0.439012 -2.17741 -0.000662228 -0.531537 1.45463 -2.87234 -0.47644 -2.13732 0.0249128 -0.0125612 0.00416006 -0.0189129 -0.0374278 0.0400889 0.0282088 2.97454 -0.0732499 -0.556031 1.24508 -2.85225 -0.445467 -2.17858 -0.0476749 -0.0370558 -0.205393 0.00117977 -0.00645499 -0.00116886 0.214085 0.376385 -2.06332 0.542507 0.859548 -0.000696873 0.00351169 0.206914 -0.830616 0.857347 -0.196618 0.000370174 0.000328252 -0.821674
90.1663 -0.100175 -0.490355 1.47051 -2.82274 -0.421775 -2.22701 -0.0959497 -0.514159 1.49476 -2.8344 -0.431689 -2.20607 0.00422509 -0.023804 0.024254 -0.0116662 -0.0099138 0.0209431 0.0342453 1.24301 -0.130671 -0.532293 1.26732 -2.8317 -0.4262 -2.2057 -0.0304963 -0.0419382 -0.20319 -0.00896334 -0.0044251 0.0213034 0.209702 1.14124 -2.05519 0.54092 0.888898 -0.0107119 0.000685874 0.158722 -0.830616 0.857347 -0.196618 0.000370174 0.000328252 -0.821674
90.7267 -0.110721 -0.476967 1.48105 -2.81717 -0.420314 -2.23304 -0.127341 -0.497991 1.4952 -2.83016 -0.441386 -2.22221 -0.0166202 -0.021024 0.0141537 -0.0129898 -0.0210722 0.0108207 0.0303078 1.41803 -0.135515 -0.522256 1.27968 -2.82679 -0.419805 -2.21067 -0.0247934 -0.0452894 -0.201375 -0.0096211 0.000509142 0.0223647 0.207889 1.17069 -2.05166 0.540778 0.902596 -0.0130895 -0.0013405 0.153041 -0.830616 0.857347 -0.196618 0.000370174 0.000328252 -0.821674
91.2555 -0.108236 -0.463985 1.49231 -2.81699 -0.42296 -2.23212 -0.146085 -0.486598 1.52091 -2.8043 -0.43461 -2.22207 -0.0378492 -0.0226128 0.0285961 0.0126901 -0.0116497 0.0100441 0.0525513 1.28573 -0.129847 -0.51429 1.29377 -2.8252 -0.419999 -2.21417 -0.0216108 -0.0503054 -0.19854 -0.00821212 0.00296101 0.0179439 0.205951 0.954496 -2.04821 0.54109 0.916002 -0.0122902 -0.00350628 0.154675 -0.830616 0.857347 -0.196618 0.000370174 0.000328252 -0.821674
92.2592 -0.0682483 -0.44125 1.51618 -2.83187 -0.436593 -2.20813 -0.131198 -0.45969 1.549 -2.81528 -0.415808 -2.22045 -0.06295 -0.0184401 0.0328209 0.0165899 0.020785 -0.0123177 0.0733481 1.50506 -0.0832156 -0.500128 1.32273 -2.82933 -0.429026 -2.2193 -0.0149673 -0.0588782 -0.193445 0.00253758 0.00756767 -0.0111647 0.20276 0.734886 -2.04085 0.543234 0.94384 -0.00483336 -0.00597493 0.179609 -0.830616 0.857347 -0.196618 0.000370174 0.000328252 -0.821674
92.8524 -0.0433823 -0.434447 1.52425 -2.84154 -0.443224 -2.19088 -0.106093 -0.438139 1.51866 -2.8028 -0.461699 -2.2179 -0.0627104 -0.0036924 -0.00558679 0.0387403 -0.0184751 -0.0270212 0.063067 2.33213 -0.0558531 -0.495715 1.33225 -2.83441 -0.43493 -2.21397 -0.0124708 -0.0612684 -0.191998 0.00713539 0.00829426 -0.0230936 0.201923 1.29754 -2.03803 0.544479 0.953726 -0.00199418 -0.00613179 0.196473 -0.830616 0.857347 -0.196618 0.000370174 0.000328252 -0.821674
93.3754 -0.00774555 -0.426511 1.53284 -2.85517 -0.451948 -2.16402 -0.0800649 -0.433668 1.54057 -2.82384 -0.465696 -2.20336 -0.0723194 -0.00715651 0.00773087 0.0313282 -0.013748 -0.0393447 0.0730827 2.31071 -0.0224003 -0.491412 1.34188 -2.84274 -0.44702 -2.19912 -0.0146548 -0.0649004 -0.190964 0.0124337 0.00492818 -0.0351056 0.202223 1.84058 -2.03456 0.546192 0.964816 0.000413188 -0.00627414 0.222163 -0.830616 0.857347 -0.196618 0.000370174 0.000328252 -0.821674
94.4643 0.0448105 -0.415547 1.54191 -2.87566 -0.464077 -2.12291 -0.0193462 -0.428608 1.58171 -2.86482 -0.456106 -2.14724 -0.0641567 -0.0130613 0.0398024 0.0108455 0.00797112 -0.0243323 0.0766219 1.33002 0.0356142 -0.486668 1.35573 -2.86582 -0.465505 -2.14823 -0.00919627 -0.0711216 -0.186183 0.00984497 -0.00142811 -0.0253268 0.199517 1.30266 -2.02995 0.548592 0.97786 0.00321077 -0.00657884 0.260927 -0.830616 0.857347 -0.196618 0.000370174 0.000328252 -0.821674
95.535 0.0712713 -0.403155 1.55111 -2.88741 -0.471078 -2.10665 0.0309359 -0.411582 1.57463 -2.86806 -0.488756 -2.12013 -0.0403354 -0.00842794 0.023527 0.0193443 -0.0176788 -0.0134795 0.0474499 1.43531 0.0626292 -0.483206 1.3701 -2.88889 -0.472251 -2.10468 -0.00864208 -0.080052 -0.181007 -0.00148353 -0.00117365 0.00197315 0.198108 0.125115 -2.02537 0.550582 0.991521 0.00852611 -0.00723615 0.276715 -0.830616 0.857347 -0.196618 0.000370174 0.000328252 -0.821674
95.9523 0.069825 -0.398831 1.55417 -2.88586 -0.47062 -2.10533 0.0405162 -0.410975 1.59922 -2.8887 -0.452224 -2.10109 -0.0293089 -0.0121442 0.0450516 -0.0028456 0.0183961 0.00423241 0.0551012 1.07738 0.0607305 -0.482828 1.37555 -2.89509 -0.468368 -2.08619 -0.0090945 -0.0839977 -0.178627 -0.00923144 0.00225179 0.0191372 0.197601 0.986753 -2.02363 0.550939 0.995879 0.00627633 -0.00755407 0.277756 -0.830616 0.857347 -0.196618 0.000370174 0.000328252 -0.821674
96.3805 0.0648331 -0.396119 1.5561 -2.88288 -0.46888 -2.10566 0.0409606 -0.402129 1.59174 -2.90185 -0.501533 -2.09615 -0.0238725 -0.00601023 0.0356416 -0.0189652 -0.0326532 0.0095148 0.0433167 2.10375 0.0568274 -0.482484 1.37883 -2.89582 -0.464471 -2.07795 -0.00800572 -0.0863651 -0.177267 -0.0129385 0.0044092 0.0277161 0.197349 1.44076 -2.02204 0.551051 0.998971 0.0030301 -0.00740575 0.277049 -0.830616 0.857347 -0.196618 0.000370174 0.000328252 -0.821674
96.7562 0.0562388 -0.395177 1.55685 -2.87897 -0.465589 -2.10833 0.0354396 -0.398616 1.5916 -2.88535 -0.486283 -2.09383 -0.0207992 -0.00343923 0.0347577 -0.00637224 -0.0206942 0.0144945 0.0406513 1.3969 0.0507121 -0.484259 1.38116 -2.89601 -0.46036 -2.07103 -0.00552667 -0.0890821 -0.175688 -0.0170355 0.00522927 0.037298 0.197059 1.93553 -2.02021 0.551 1.00127 -0.000549605 -0.00635588 0.273923 -0.830616 0.857347 -0.196618 0.000370174 0.000328252 -0.821674
97.1122 0.0494239 -0.39569 1.55632 -2.87639 -0.463006 -2.11172 0.0279209 -0.398441 1.5993 -2.87713 -0.48599 -2.11475 -0.0215029 -0.00275161 0.0429743 -0.000746824 -0.0229835 -0.00302184 0.0481325 1.33149 0.0466206 -0.485785 1.38125 -2.89537 -0.459942 -2.06947 -0.00280322 -0.0900957 -0.175075 -0.018979 0.0030642 0.0422569 0.196917 2.17493 -2.01904 0.550936 1.00178 -0.00227626 -0.00533126 0.270329 -0.830616 0.857347 -0.196618 0.000370174 0.000328252 -0.821674
97.4768 0.0425039 -0.396662 1.55515 -2.87393 -0.460536 -2.11602 0.0209677 -0.399748 1.59901 -2.8779 -0.452256 -2.10793 -0.0215362 -0.00308572 0.0438593 -0.00396422 0.00828 0.00809333 0.0489588 0.6318 0.0414552 -0.488987 1.38137 -2.89343 -0.460581 -2.07242 -0.00104863 -0.0923246 -0.173772 -0.0194956 -4.49076e-05 0.0435988 0.196778 2.23773 -2.01803 0.550927 1.00146 -0.00339037 -0.00436465 0.265975 -0.830616 0.857347 -0.196618 0.000370174 0.000328252 -0.821674
97.8215 0.0356944 -0.397586 1.55354 -2.8715 -0.458394 -2.12099 0.0116905 -0.395033 1.57444 -2.85532 -0.490693 -2.12832 -0.024004 0.00255264 0.0208981 0.0161762 -0.0322984 -0.00733425 0.0319286 2.02584 0.0362246 -0.49104 1.38044 -2.89077 -0.46115 -2.07782 0.000530129 -0.093454 -0.173103 -0.0192722 -0.00275602 0.0431687 0.19672 2.22211 -2.01717 0.55102 1.00045 -0.00400761 -0.00369173 0.261115 -0.830616 0.857347 -0.196618 0.000370174 0.000328252 -0.821674
98.1658 0.0270781 -0.398557 1.55086 -2.86827 -0.456102 -2.12822 0.00421695 -0.402531 1.59897 -2.87164 -0.447487 -2.11248 -0.0228612 -0.00397438 0.0481058 -0.00336665 0.00861535 0.0157433 0.0534097 0.970758 0.0292889 -0.493466 1.37863 -2.88635 -0.461939 -2.08744 0.00221081 -0.0949087 -0.172237 -0.0180729 -0.00583628 0.0407888 0.196668 2.12154 -2.0162 0.551347 0.998169 -0.00424878 -0.00329088 0.254245 -0.830616 0.857347 -0.196618 0.000370174 0.000328252 -0.821674
98.5429 0.0211185 -0.399796 1.54831 -2.86616 -0.454407 -2.1337 -0.00206286 -0.396897 1.57369 -2.86628 -0.47218 -2.12806 -0.0231813 0.0028992 0.0253816 -0.000112132 -0.0177728 0.00563739 0.0344964 1.06753 0.0247834 -0.495472 1.37652 -2.88277 -0.461998 -2.09602 0.00366492 -0.0956759 -0.171791 -0.0166101 -0.00759088 0.0376832 0.196671 1.98465 -2.0156 0.551755 0.995861 -0.00413001 -0.00288361 0.249053 -0.830616 0.857347 -0.196618 0.000370174 0.000328252 -0.821674
98.902 0.0156946 -0.401683 1.5453 -2.86443 -0.452595 -2.13896 -0.00974222 -0.405346 1.59906 -2.86665 -0.443275 -2.11617 -0.0254369 -0.00366298 0.0537557 -0.00222168 0.00931969 0.0227944 0.0595829 1.36487 0.0210345 -0.496658 1.37311 -2.87953 -0.461205 -2.10487 0.00533981 -0.0949749 -0.172189 -0.0151085 -0.0086095 0.0340905 0.196718 1.82091 -2.0151 0.552304 0.993155 -0.00385079 -0.00221152 0.244008 -0.830616 0.857347 -0.196618 0.000370174 0.000328252 -0.821674
99.2624 0.00914355 -0.405056 1.54072 -2.8625 -0.449922 -2.14537 -0.0158457 -0.401775 1.57395 -2.87627 -0.481812 -2.13607 -0.0249892 0.00328083 0.0332283 -0.0137753 -0.0318897 0.0093011 0.0417055 1.96662 0.017572 -0.498963 1.36796 -2.87566 -0.458936 -2.11627 0.00842844 -0.0939075 -0.172765 -0.0131569 -0.00901401 0.0291014 0.196818 1.58486 -2.01452 0.55325 0.989094 -0.00357283 -0.000922648 0.237728 -0.830616 0.857347 -0.196618 0.000370174 0.000328252 -0.821674
100.009 0.000679596 -0.410053 1.5333 -2.85963 -0.446102 -2.15345 -0.0268381 -0.410031 1.57398 -2.87388 -0.476076 -2.1384 -0.0275177 2.18774e-05 0.040679 -0.0142429 -0.0299748 0.0150511 0.0491122 1.93209 0.0144104 -0.504028 1.36059 -2.86938 -0.454581 -2.13282 0.0137308 -0.0939752 -0.172715 -0.00974754 -0.0084792 0.020631 0.197104 1.17069 -2.0137 0.555135 0.982358 -0.00383311 0.000833295 0.229675 -0.830616 0.857347 -0.196618 0.000370174 0.000328252 -0.821674
100.399 -0.00353463 -0.41214 1.52831 -2.85759 -0.444441 -2.15787 -0.0298037 -0.406542 1.55007 -2.85807 -0.483066 -2.14756 -0.0262691 0.00559839 0.0217587 -0.000483653 -0.0386246 0.0103111 0.0345666 2.28756 0.0115494 -0.507001 1.35612 -2.86517 -0.451894 -2.14212 0.015084 -0.0948612 -0.17219 -0.00758031 -0.00745261 0.0157438 0.197169 0.91941 -2.01308 0.556738 0.977437 -0.00419893 0.00117952 0.225382 -0.830616 0.857347 -0.196618 0.000370174 0.000328252 -0.821674
100.648 -0.00519251 -0.412701 1.52468 -2.85634 -0.444135 -2.16079 -0.035894 -0.419017 1.58207 -2.86015 -0.425108 -2.14318 -0.0307015 -0.00631572 0.0573975 -0.00380591 0.0190269 0.0176154 0.0653983 1.43858 0.0102815 -0.508113 1.35282 -2.86242 -0.450802 -2.14793 0.015474 -0.0954121 -0.171861 -0.00607193 -0.00666695 0.0128562 0.197178 0.766683 -2.01256 0.558138 0.973547 -0.00395971 0.000801065 0.222762 -0.830616 0.857347 -0.196618 0.000370174 0.000328252 -0.821674
101.059 -0.00556415 -0.412843 1.52106 -2.85553 -0.444408 -2.16331 -0.0366835 -0.40589 1.52712 -2.84129 -0.487201 -2.15791 -0.0311194 0.00695254 0.00605716 0.0142411 -0.0427925 0.00540754 0.0324568 2.64575 0.0090679 -0.50951 1.34989 -2.85903 -0.449899 -2.15465 0.0146321 -0.0966671 -0.171169 -0.00349222 -0.00549082 0.00866766 0.197123 0.547512 -2.012 0.559697 0.969544 -0.00326809 0.000158954 0.220655 -0.830616 0.857347 -0.196618 0.000370174 0.000328252 -0.821674
101.417 -0.00513447 -0.413219 1.51731 -2.85509 -0.44474 -2.1653 -0.0387865 -0.415034 1.5566 -2.87031 -0.463916 -2.16225 -0.033652 -0.00181491 0.0392969 -0.0152205 -0.0191761 0.00304955 0.0517687 1.36544 0.00815383 -0.510044 1.34621 -2.85688 -0.448953 -2.15935 0.0132883 -0.096825 -0.171096 -0.00178221 -0.00421344 0.00594239 0.197041 0.393664 -2.01142 0.561385 0.965465 -0.00249596 -0.000342916 0.21903 -0.830616 0.857347 -0.196618 0.000370174 0.000328252 -0.821674
101.747 -0.00359998 -0.413773 1.51223 -2.85482 -0.445353 -2.1672 -0.0375087 -0.411101 1.5342 -2.84443 -0.456532 -2.16478 -0.0339088 0.00267241 0.021978 0.0103917 -0.0111793 0.00242155 0.0404966 0.92535 0.00579162 -0.51147 1.34162 -2.85511 -0.447783 -2.16384 0.0093916 -0.097697 -0.170606 -0.000296183 -0.00243055 0.00336145 0.196823 0.23239 -2.01064 0.563784 0.959965 -0.00148488 -0.000992467 0.217558 -0.830616 0.857347 -0.196618 0.000370174 0.000328252 -0.821674
102.136 -0.00140269 -0.413909 1.50854 -2.85501 -0.446266 -2.16822 -0.0360301 -0.418478 1.55678 -2.85826 -0.448701 -2.15648 -0.0346274 -0.00456911 0.0482436 -0.00325709 -0.00243513 0.0117455 0.0595599 0.631181 0.00473697 -0.512642 1.33851 -2.85373 -0.446616 -2.16732 0.00613966 -0.0987331 -0.170031 0.00128237 -0.000350623 0.000900492 0.196714 0.108352 -2.01006 0.565654 0.955861 -0.000362069 -0.00165295 0.216925 -0.830616 0.857347 -0.196618 0.000370174 0.000328252 -0.821674
102.486 0.00148356 -0.413775 1.505 -2.85543 -0.447526 -2.16896 -0.0348293 -0.413767 1.53415 -2.84631 -0.456255 -2.16362 -0.0363128 8.3668e-06 0.0291501 0.0091225 -0.00872865 0.00533742 0.0465656 0.869532 0.00206115 -0.5152 1.33654 -2.85317 -0.44677 -2.16931 0.000577593 -0.101425 -0.168468 0.00225464 0.000756335 -0.000357704 0.196644 0.128204 -2.0095 0.567536 0.95183 0.000979731 -0.00248081 0.216646 -0.830616 0.857347 -0.196618 0.000370174 0.000328252 -0.821674
102.895 0.00641047 -0.412995 1.50068 -2.85638 -0.449913 -2.16962 -0.0308299 -0.414141 1.53304 -2.85988 -0.472506 -2.16737 -0.0372404 -0.00114612 0.0323629 -0.00350588 -0.0225931 0.00225095 0.049351 1.30746 0.0016394 -0.516528 1.33348 -2.85282 -0.447555 -2.17152 -0.00477106 -0.103533 -0.167193 0.00355994 0.00235759 -0.00189786 0.196712 0.228997 -2.00882 0.569972 0.94662 0.0032955 -0.0039706 0.216735 -0.830616 0.857347 -0.196618 0.000370174 0.000328252 -0.821674
103.115 0.0102334 -0.412546 1.49759 -2.8572 -0.451694 -2.16978 -0.0267713 -0.414802 1.53301 -2.84752 -0.458799 -2.16192 -0.0370047 -0.00225576 0.0354273 0.00968789 -0.00710437 0.00786588 0.0512789 0.947087 0.00253042 -0.515486 1.33008 -2.8526 -0.447965 -2.17282 -0.00770301 -0.10294 -0.167509 0.00460475 0.0037288 -0.00303358 0.196761 0.325057 -2.00839 0.571656 0.942872 0.00495622 -0.00502461 0.217087 -0.830616 0.857347 -0.196618 0.000370174 0.000328252 -0.821674
103.556 0.0136265 -0.41265 1.49453 -2.85797 -0.453058 -2.16959 -0.0227604 -0.414833 1.53313 -2.85008 -0.460096 -2.16017 -0.0363869 -0.00218342 0.0386032 0.00788992 -0.00703784 0.00942664 0.0530941 0.935027 0.0032861 -0.515361 1.32689 -2.85262 -0.448885 -2.17324 -0.0103404 -0.102711 -0.167634 0.00534924 0.00417316 -0.00365038 0.196869 0.373253 -2.00805 0.573147 0.939272 0.00618661 -0.0057637 0.217627 -0.830616 0.857347 -0.196618 0.000370174 0.000328252 -0.821674
103.93 0.016856 -0.413482 1.49058 -2.85846 -0.454098 -2.16884 -0.0191574 -0.410679 1.51034 -2.85045 -0.482437 -2.17171 -0.0360134 0.00280214 0.0197565 0.00800941 -0.0283388 -0.00286657 0.041172 1.67515 0.00342574 -0.516238 1.32304 -2.85202 -0.449886 -2.17309 -0.0134303 -0.102756 -0.167539 0.00644525 0.00421248 -0.00424497 0.196998 0.418714 -2.00778 0.574756 0.934707 0.00673389 -0.00638189 0.218564 -0.830616 0.857347 -0.196618 0.000370174 0.000328252 -0.821674
104.356 0.0184572 -0.414481 1.4878 -2.8585 -0.454457 -2.16802 -0.01473 -0.417491 1.53306 -2.85416 -0.461139 -2.15737 -0.0331872 -0.00300985 0.0452607 0.00434003 -0.00668233 0.0106488 0.0562048 0.845341 0.0035771 -0.51725 1.32028 -2.85083 -0.450633 -2.17256 -0.0148801 -0.102769 -0.167519 0.00767214 0.00382403 -0.00454003 0.197092 0.45714 -2.00772 0.575658 0.931473 0.00652792 -0.00666329 0.219374 -0.830616 0.857347 -0.196618 0.000370174 0.000328252 -0.821674
104.734 0.0193497 -0.416001 1.48508 -2.85834 -0.454361 -2.16699 -0.0138841 -0.413314 1.51033 -2.85349 -0.482814 -2.16962 -0.0332337 0.0026874 0.0252419 0.00484573 -0.0284526 -0.00263361 0.0418193 1.64901 0.00617141 -0.518225 1.31718 -2.84999 -0.450787 -2.17149 -0.0131782 -0.102224 -0.1679 0.00834442 0.00357457 -0.00450139 0.197012 0.478881 -2.0078 0.576305 0.92837 0.00581741 -0.00667333 0.22024 -0.830616 0.857347 -0.196618 0.000370174 0.000328252 -0.821674
105.101 0.0192985 -0.418257 1.4823 -2.85785 -0.453613 -2.16572 -0.0118798 -0.414069 1.50346 -2.87075 -0.496348 -2.15585 -0.0311783 0.00418789 0.0211539 -0.0129041 -0.0427354 0.00987294 0.0379093 2.54545 0.00720282 -0.519207 1.31363 -2.84899 -0.450333 -2.16995 -0.0120957 -0.10095 -0.168674 0.0088595 0.00327941 -0.00422479 0.196947 0.494164 -2.00802 0.576723 0.9253 0.00439196 -0.00630451 0.221133 -0.830616 0.857347 -0.196618 0.000370174 0.000328252 -0.821674
105.438 0.0184253 -0.421361 1.4787 -2.85668 -0.452444 -2.16401 -0.0112043 -0.419179 1.51008 -2.84302 -0.467718 -2.16358 -0.0296296 0.00218205 0.0313759 0.0136682 -0.0152738 0.000423834 0.0432102 1.18167 0.00846448 -0.522026 1.30982 -2.84761 -0.44962 -2.16778 -0.00996081 -0.100664 -0.168878 0.00906998 0.00282431 -0.00377493 0.196856 0.494956 -2.00853 0.577021 0.921116 0.00195597 -0.00592551 0.222299 -0.830616 0.857347 -0.196618 0.000370174 0.000328252 -0.821674
105.745 0.0179631 -0.423392 1.47617 -2.85581 -0.451962 -2.16291 -0.0132228 -0.424297 1.51667 -2.84536 -0.437147 -2.17095 -0.0311859 -0.000905308 0.0404951 0.0104509 0.0148156 -0.00803941 0.0511198 1.02679 0.00852736 -0.524774 1.3077 -2.8469 -0.449506 -2.16632 -0.00943576 -0.101382 -0.168476 0.00891302 0.00245634 -0.00341653 0.196854 0.481327 -2.00907 0.577133 0.91788 0.000413786 -0.00596491 0.223124 -0.830616 0.857347 -0.196618 0.000370174 0.000328252 -0.821674
106.109 0.0178326 -0.425401 1.47372 -2.85512 -0.451747 -2.16196 -0.0138591 -0.425262 1.51065 -2.8617 -0.450444 -2.15843 -0.0316916 0.000139427 0.0369356 -0.00657928 0.0013031 0.00353134 0.0486685 0.349426 0.00844771 -0.527304 1.30553 -2.84669 -0.44971 -2.1648 -0.00938486 -0.101903 -0.168183 0.00843331 0.00203666 -0.00284511 0.19687 0.45284 -2.00977 0.577209 0.914554 -0.000768792 -0.00613299 0.22389 -0.830616 0.857347 -0.196618 0.000370174 0.000328252 -0.821674
106.438 0.0182217 -0.427635 1.47125 -2.85483 -0.451739 -2.16117 -0.0138489 -0.4286 1.51076 -2.84621 -0.462921 -2.16266 -0.0320706 -0.000965097 0.0395037 0.00861824 -0.0111816 -0.00149429 0.050892 0.79031 0.00902504 -0.530034 1.30335 -2.84679 -0.450029 -2.16361 -0.00919666 -0.102399 -0.167904 0.00804124 0.00171046 -0.00244845 0.196881 0.430693 -2.01064 0.577289 0.911132 -0.00142686 -0.00627331 0.224575 -0.830616 0.857347 -0.196618 0.000370174 0.000328252 -0.821674
106.748 0.0195476 -0.430631 1.46822 -2.85493 -0.452165 -2.16039 -0.0131215 -0.430051 1.50427 -2.85091 -0.462508 -2.14458 -0.0326691 0.000580753 0.0360506 0.00402542 -0.0103425 0.0158111 0.0486544 1.18729 0.0104436 -0.533796 1.30077 -2.84756 -0.451023 -2.16231 -0.00910402 -0.103165 -0.16745 0.00737514 0.00114237 -0.00192044 0.196889 0.392669 -2.01207 0.577436 0.90664 -0.0015218 -0.006572 0.225366 -0.830616 0.857347 -0.196618 0.000370174 0.000328252 -0.821674
107.119 0.0210122 -0.43289 1.46632 -2.85535 -0.452688 -2.15999 -0.0123057 -0.42685 1.48163 -2.84897 -0.483559 -2.15708 -0.033318 0.00603975 0.0153121 0.00638166 -0.0308703 0.00290823 0.0371622 1.82885 0.0109031 -0.535992 1.29884 -2.84883 -0.452219 -2.16143 -0.0101091 -0.103102 -0.167483 0.0065179 0.000469431 -0.00144378 0.196933 0.34605 -2.01337 0.577577 0.903577 -0.0011153 -0.00679969 0.225856 -0.830616 0.857347 -0.196618 0.000370174 0.000328252 -0.821674
107.492 0.0238555 -0.435741 1.46461 -2.85656 -0.453797 -2.15974 -0.0103983 -0.43203 1.4884 -2.85293 -0.45482 -2.16347 -0.0342539 0.00371132 0.0237982 0.0036298 -0.00102303 -0.00373479 0.0418743 0.2307 0.0123912 -0.539393 1.29748 -2.85072 -0.454196 -2.16076 -0.0114644 -0.103651 -0.167123 0.00583806 -0.000399027 -0.00102353 0.19699 0.314035 -2.01539 0.577774 0.900262 0.000340723 -0.00711509 0.226373 -0.830616 0.857347 -0.196618 0.000370174 0.000328252 -0.821674
107.869 0.0262297 -0.437803 1.46402 -2.85773 -0.454709 -2.15968 -0.00858446 -0.441084 1.51062 -2.86818 -0.445941 -2.15492 -0.0348142 -0.00328046 0.0466016 -0.0104566 0.00876806 0.0047589 0.0582623 0.737013 0.0125313 -0.542992 1.29781 -2.8522 -0.455758 -2.16048 -0.0136984 -0.105189 -0.166215 0.00552987 -0.00104895 -0.000796709 0.197179 0.305187 -2.01712 0.577877 0.898492 0.00175921 -0.00729211 0.22667 -0.830616 0.857347 -0.196618 0.000370174 0.000328252 -0.821674
108.236 0.0287067 -0.439833 1.46401 -2.85908 -0.455661 -2.15971 -0.00594716 -0.443721 1.51062 -2.86996 -0.445618 -2.15382 -0.0346538 -0.00388749 0.0466107 -0.0108816 0.0100428 0.00589545 0.0582114 0.806486 0.0138235 -0.546053 1.29843 -2.85405 -0.457478 -2.16023 -0.0148831 -0.10622 -0.165578 0.00502962 -0.00181738 -0.00052322 0.197282 0.294751 -2.01904 0.577886 0.897305 0.00339897 -0.00741123 0.226898 -0.830616 0.857347 -0.196618 0.000370174 0.000328252 -0.821674
109.255 0.0320548 -0.449014 1.46647 -2.86197 -0.455655 -2.15925 5.21927e-06 -0.44573 1.48855 -2.84561 -0.465587 -2.16281 -0.0320495 0.00328339 0.0220848 0.016363 -0.0099321 -0.00355846 0.0390601 1.03665 0.017246 -0.55742 1.30219 -2.85894 -0.458229 -2.15906 -0.0148088 -0.108406 -0.164277 0.00303073 -0.0025739 0.000183043 0.197378 0.23239 -2.02657 0.57661 0.896561 0.00567293 -0.00596251 0.227281 -0.830616 0.857347 -0.196618 0.000370174 0.000328252 -0.821674
109.632 0.0314994 -0.452576 1.46789 -2.86242 -0.454618 -2.15891 0.000624917 -0.446435 1.48223 -2.86161 -0.478795 -2.14964 -0.0308745 0.00614169 0.0143345 0.000806372 -0.0241778 0.00926996 0.0345895 1.49174 0.0164529 -0.560777 1.30348 -2.85995 -0.45726 -2.15858 -0.0150464 -0.108201 -0.164412 0.00246635 -0.00264222 0.000329334 0.197396 0.213062 -2.02909 0.575763 0.897323 0.00538918 -0.00487947 0.22729 -0.830616 0.857347 -0.196618 0.000370174 0.000328252 -0.821674
109.996 0.0303945 -0.454383 1.47655 -2.86335 -0.452665 -2.15833 0.00062669 -0.450136 1.48162 -2.86112 -0.47792 -2.14966 -0.0297678 0.00424708 0.00506535 0.00223273 -0.0252541 0.00866695 0.0304929 1.55369 0.0148921 -0.562561 1.3121 -2.86179 -0.455431 -2.15792 -0.0155024 -0.108178 -0.164456 0.00156677 -0.0027654 0.00040726 0.197455 0.187672 -2.03253 0.574296 0.906476 0.00497658 -0.0027869 0.227255 -0.830616 0.857347 -0.196618 0.000370174 0.000328252 -0.821674
110.36 0.0296579 -0.452211 1.48889 -2.86417 -0.451479 -2.15802 -0.000659316 -0.45872 1.51001 -2.8584 -0.45572 -2.15535 -0.0303172 -0.00650948 0.0211268 0.00576367 -0.00424146 0.00266641 0.0375213 0.485375 0.0148611 -0.559396 1.32383 -2.86353 -0.45437 -2.15759 -0.0147967 -0.107186 -0.165053 0.000634395 -0.00289138 0.000429532 0.197358 0.174713 -2.0351 0.572976 0.919951 0.00495457 -0.00139383 0.227203 -0.830616 0.857347 -0.196618 0.000370174 0.000328252 -0.821674
110.697 0.0290677 -0.447761 1.50446 -2.865 -0.450689 -2.15784 -0.000659313 -0.453447 1.51002 -2.85698 -0.457646 -2.15598 -0.029727 -0.00568615 0.00556102 0.00802226 -0.00695724 0.00186146 0.0307726 0.65132 0.014645 -0.553015 1.33833 -2.86486 -0.453762 -2.1574 -0.0144227 -0.105254 -0.16613 0.000147059 -0.00307267 0.000436961 0.197194 0.179137 -2.03761 0.571495 0.93703 0.00521308 -0.000315792 0.227141 -0.830616 0.857347 -0.196618 0.000370174 0.000328252 -0.821674
111.479 0.0273295 -0.432509 1.54699 -2.86663 -0.449647 -2.15769 -0.00344521 -0.445721 1.55692 -2.87568 -0.475167 -2.15244 -0.0307747 -0.0132119 0.00993009 -0.00905248 -0.0255195 0.0052464 0.034932 1.5357 0.0159583 -0.535792 1.37965 -2.86712 -0.453672 -2.15761 -0.0113712 -0.103283 -0.167337 -0.000494465 -0.00402525 7.42865e-05 0.196973 0.23239 -2.04298 0.567449 0.983521 0.00604562 0.00135976 0.226988 -0.830616 0.857347 -0.196618 0.000370174 0.000328252 -0.821674
111.8 0.0262292 -0.424301 1.56636 -2.86689 -0.449685 -2.15778 -0.00411526 -0.434121 1.56415 -2.85591 -0.464599 -2.16746 -0.0303445 -0.00981983 -0.002209 0.0109878 -0.0149147 -0.00968009 0.0319703 1.06128 0.018569 -0.526036 1.39811 -2.86786 -0.454431 -2.15808 -0.00766021 -0.101736 -0.168252 -0.000966805 -0.00474626 -0.000297909 0.196767 0.279765 -2.04501 0.565457 1.00452 0.00633904 0.0014611 0.226919 -0.830616 0.857347 -0.196618 0.000370174 0.000328252 -0.821674
112.516 0.0211244 -0.404747 1.61094 -2.86624 -0.449157 -2.15781 -0.00632788 -0.419313 1.62074 -2.84477 -0.424918 -2.1639 -0.0274522 -0.0145663 0.00979973 0.0214674 0.0242393 -0.0060876 0.0325858 1.78882 0.0269767 -0.504811 1.44139 -2.86908 -0.455866 -2.1591 0.00585238 -0.100064 -0.169551 -0.00284723 -0.00670843 -0.0012891 0.196964 0.436111 -2.04908 0.560191 1.05303 0.0055322 0.00157349 0.226748 -0.830616 0.857347 -0.196618 0.000370174 0.000328252 -0.821674
112.881 0.0174466 -0.395802 1.62965 -2.86497 -0.448794 -2.1578 -0.0100707 -0.410413 1.64759 -2.85095 -0.45073 -2.16846 -0.0275173 -0.0146104 0.0179412 0.0140209 -0.00193623 -0.0106613 0.0359521 0.777329 0.0298387 -0.494963 1.45981 -2.86876 -0.456223 -2.1594 0.012392 -0.0991611 -0.169841 -0.00379069 -0.00742913 -0.00160335 0.19706 0.504354 -2.05055 0.557705 1.0733 0.00425049 0.00124307 0.226659 -0.830616 0.857347 -0.196618 0.000370174 0.000328252 -0.821674
113.244 0.0130073 -0.386362 1.64822 -2.86315 -0.448449 -2.15781 -0.0136346 -0.394232 1.64009 -2.86326 -0.471301 -2.15788 -0.0266418 -0.00786962 -0.00812294 -0.000110205 -0.0228514 -6.90751e-05 0.0289431 1.30925 0.0305206 -0.484729 1.47792 -2.86827 -0.456831 -2.16003 0.0175133 -0.0983666 -0.170292 -0.00511226 -0.00838204 -0.00221906 0.197439 0.604579 -2.05186 0.555132 1.09334 0.00252126 0.000625189 0.226549 -0.830616 0.857347 -0.196618 0.000370174 0.000328252 -0.821674
113.603 0.00651506 -0.372488 1.67289 -2.86005 -0.448476 -2.15804 -0.0185321 -0.390215 1.69443 -2.87243 -0.472072 -2.14807 -0.0250472 -0.0177276 0.0215424 -0.0123845 -0.0235961 0.00996809 0.0374927 1.51569 0.0285041 -0.470722 1.50243 -2.86581 -0.457664 -2.16104 0.021989 -0.0982341 -0.170464 -0.00576626 -0.00918749 -0.00300263 0.197969 0.682423 -2.05346 0.551663 1.11971 -4.75278e-05 -0.00094844 0.226363 -0.830616 0.857347 -0.196618 0.000370174 0.000328252 -0.821674
113.98 0.00171526 -0.361999 1.69112 -2.85776 -0.448609 -2.15828 -0.0238098 -0.377511 1.70394 -2.84794 -0.45744 -2.16521 -0.025525 -0.015512 0.0128213 0.00981948 -0.0088303 -0.00692809 0.0325044 0.731149 0.0276781 -0.460383 1.52094 -2.86335 -0.458083 -2.16169 0.0259628 -0.0983841 -0.170175 -0.00558718 -0.00947329 -0.00341046 0.198276 0.699975 -2.05461 0.549106 1.13921 -0.001841 -0.00220043 0.226191 -0.830616 0.857347 -0.196618 0.000370174 0.000328252 -0.821674
114.329 -0.0028503 -0.352202 1.70894 -2.85582 -0.448537 -2.15848 -0.0298807 -0.37094 1.75412 -2.88065 -0.440184 -2.13012 -0.0270304 -0.0187385 0.0451799 -0.0248374 0.00835266 0.0283579 0.0558838 1.70479 0.025162 -0.450503 1.53877 -2.86094 -0.458002 -2.16216 0.0280123 -0.0983014 -0.170168 -0.0051208 -0.00946436 -0.00367479 0.198507 0.691538 -2.05577 0.546646 1.15845 -0.00345887 -0.0031121 0.226 -0.830616 0.857347 -0.196618 0.000370174 0.000328252 -0.821674
114.658 -0.00826714 -0.340224 1.73225 -2.85386 -0.448181 -2.15869 -0.0353896 -0.357465 1.76328 -2.85443 -0.425314 -2.14685 -0.0271225 -0.0172417 0.0310269 -0.000563115 0.0228674 0.0118371 0.0446718 1.46927 0.0225161 -0.437668 1.56166 -2.85824 -0.457167 -2.1623 0.0307832 -0.0974438 -0.170597 -0.00437144 -0.0089858 -0.00361435 0.198862 0.645284 -2.05742 0.5436 1.18384 -0.0052167 -0.00379268 0.225727 -0.830616 0.857347 -0.196618 0.000370174 0.000328252 -0.821674
115.044 -0.0113205 -0.331772 1.74961 -2.85304 -0.447981 -2.15886 -0.0390862 -0.341755 1.7536 -2.86301 -0.484179 -2.14805 -0.0277656 -0.00998342 0.00399344 -0.0099696 -0.0361974 0.0108158 0.0297749 2.16645 0.0220204 -0.428678 1.57874 -2.8568 -0.456597 -2.16236 0.0333409 -0.0969068 -0.170868 -0.00375326 -0.00861596 -0.00349337 0.199245 0.606518 -2.05877 0.541543 1.20282 -0.00593546 -0.00403813 0.225519 -0.830616 0.857347 -0.196618 0.000370174 0.000328252 -0.821674
115.373 -0.0135618 -0.323659 1.76701 -2.85268 -0.447826 -2.15905 -0.0446451 -0.33645 1.79506 -2.84141 -0.437588 -2.14793 -0.0310833 -0.0127909 0.0280519 0.011266 0.0102378 0.0111167 0.0437799 1.23226 0.0219668 -0.419723 1.59568 -2.8559 -0.4562 -2.16233 0.0355286 -0.0960644 -0.171332 -0.00321491 -0.00837454 -0.00328246 0.199613 0.574031 -2.06023 0.53971 1.22189 -0.00623091 -0.00409064 0.225318 -0.830616 0.857347 -0.196618 0.000370174 0.000328252 -0.821674
115.682 -0.0152867 -0.315788 1.7845 -2.85256 -0.447642 -2.15921 -0.046278 -0.328038 1.82689 -2.85092 -0.467622 -2.15234 -0.0309913 -0.0122496 0.0423884 0.00164033 -0.0199798 0.00687686 0.0539193 1.2278 0.0224193 -0.411263 1.61291 -2.85534 -0.455838 -2.16237 0.037706 -0.0954754 -0.171593 -0.00277795 -0.00819605 -0.00315578 0.199954 0.551074 -2.0618 0.538109 1.24115 -0.00633821 -0.00399832 0.225122 -0.830616 0.857347 -0.196618 0.000370174 0.000328252 -0.821674
116.077 -0.0173732 -0.305747 1.80807 -2.85249 -0.447094 -2.15933 -0.0467962 -0.314808 1.81492 -2.86557 -0.491932 -2.1407 -0.029423 -0.00906101 0.0068463 -0.0130781 -0.0448378 0.0186336 0.0315387 2.75264 0.0248723 -0.401486 1.63637 -2.85498 -0.455163 -2.16212 0.0422455 -0.0957381 -0.1717 -0.00248465 -0.00806901 -0.00279232 0.201076 0.528601 -2.06406 0.536344 1.26707 -0.00660139 -0.0035792 0.224866 -0.830616 0.857347 -0.196618 0.000370174 0.000328252 -0.821674
116.403 -0.0194343 -0.298787 1.82563 -2.85217 -0.446204 -2.15926 -0.0495342 -0.309409 1.85898 -2.86174 -0.463365 -2.14592 -0.0300999 -0.0106223 0.0333543 -0.00957497 -0.0171616 0.0133386 0.0461665 1.21788 0.0248004 -0.394077 1.65397 -2.85472 -0.453726 -2.16179 0.0442347 -0.0952903 -0.17166 -0.00254941 -0.00752218 -0.0025261 0.201257 0.496534 -2.06586 0.535308 1.28653 -0.0073447 -0.00300261 0.224673 -0.830616 0.857347 -0.196618 0.000370174 0.000328252 -0.821674
116.718 -0.021767 -0.292157 1.84301 -2.85163 -0.445048 -2.15911 -0.0522683 -0.299935 1.87088 -2.83846 -0.444703 -2.1611 -0.0305013 -0.00777784 0.0278711 0.013165 0.000344632 -0.00198854 0.0420431 0.713267 0.0241411 -0.386895 1.6711 -2.85435 -0.451489 -2.16136 0.0459081 -0.0947378 -0.171908 -0.00272638 -0.00644102 -0.00225033 0.201581 0.441462 -2.06773 0.534546 1.30583 -0.00844345 -0.0023137 0.224476 -0.830616 0.857347 -0.196618 0.000370174 0.000328252 -0.821674
117.052 -0.0244591 -0.284069 1.86568 -2.85105 -0.443282 -2.15884 -0.0557726 -0.295608 1.90648 -2.85711 -0.432419 -2.15157 -0.0313135 -0.0115389 0.040806 -0.00605377 0.0108634 0.00727085 0.0527144 0.747558 0.021116 -0.377644 1.69291 -2.85361 -0.44805 -2.1609 0.0455751 -0.0935755 -0.172774 -0.0025592 -0.00476835 -0.00205516 0.201703 0.353878 -2.07032 0.534028 1.33109 -0.00992278 -0.00113449 0.224207 -0.830616 0.857347 -0.196618 0.000370174 0.000328252 -0.821674
117.458 -0.025188 -0.278006 1.88242 -2.85106 -0.442302 -2.15874 -0.0574167 -0.284769 1.90625 -2.8291 -0.456743 -2.16006 -0.0322288 -0.00676318 0.0238269 0.0219586 -0.0144412 -0.00131755 0.0406467 1.48015 0.0188223 -0.370588 1.70936 -2.85316 -0.445762 -2.16078 0.0440102 -0.0925822 -0.173065 -0.0020981 -0.00346044 -0.00203707 0.201146 0.28116 -2.07228 0.534068 1.34969 -0.0104379 -0.000317524 0.224013 -0.830616 0.857347 -0.196618 0.000370174 0.000328252 -0.821674
117.827 -0.0243775 -0.271673 1.89907 -2.85158 -0.441805 -2.15879 -0.0576812 -0.280009 1.94282 -2.84779 -0.445816 -2.14996 -0.0333037 -0.00833635 0.0437497 0.00379135 -0.00401089 0.00882298 0.0556117 0.670856 0.0186362 -0.363606 1.72561 -2.85291 -0.444075 -2.16084 0.0430137 -0.0919331 -0.173459 -0.00132381 -0.00227016 -0.00205123 0.200972 0.209357 -2.07425 0.534501 1.36812 -0.0101994 0.000357349 0.223833 -0.830616 0.857347 -0.196618 0.000370174 0.000328252 -0.821674
118.208 -0.021176 -0.262671 1.92117 -2.85291 -0.441818 -2.15904 -0.0576904 -0.271447 1.94209 -2.83752 -0.490482 -2.16634 -0.0365144 -0.00877617 0.0209188 0.0153904 -0.0486637 -0.00730354 0.0429874 2.89746 0.019103 -0.353528 1.74681 -2.85343 -0.443034 -2.16103 0.0402789 -0.0908565 -0.174365 -0.000517037 -0.0012152 -0.00199773 0.2007 0.148038 -2.07681 0.535684 1.39253 -0.00892157 0.00100954 0.223623 -0.830616 0.857347 -0.196618 0.000370174 0.000328252 -0.821674
118.476 -0.0176922 -0.255631 1.93753 -2.85415 -0.442141 -2.1593 -0.0542968 -0.261262 1.94203 -2.83595 -0.494816 -2.16691 -0.0366046 -0.00563079 0.00450041 0.0181981 -0.0526749 -0.00760723 0.0373076 3.15827 0.0189289 -0.345062 1.76204 -2.85423 -0.442761 -2.16129 0.0366211 -0.0894312 -0.175486 -8.49768e-05 -0.000619813 -0.00199026 0.200336 0.121947 -2.07866 0.536984 1.41059 -0.00756183 0.00136089 0.223485 -0.830616 0.857347 -0.196618 0.000370174 0.000328252 -0.821674
119.149 -0.00936602 -0.241024 1.96957 -2.85671 -0.443094 -2.15991 -0.046965 -0.247006 1.99164 -2.83351 -0.467085 -2.17022 -0.0375989 -0.00598225 0.0220727 0.0231951 -0.0239908 -0.0103171 0.0440076 1.82048 0.0204019 -0.328354 1.79314 -2.85524 -0.442283 -2.16207 0.0297679 -0.0873302 -0.176427 0.00146247 0.000811342 -0.00216594 0.199096 0.125115 -2.08205 0.540445 1.44612 -0.00458898 0.00185061 0.223235 -0.830616 0.857347 -0.196618 0.000370174 0.000328252 -0.821674
119.528 -0.00380765 -0.2309 1.99057 -2.85811 -0.443645 -2.16026 -0.0423492 -0.239655 2.01788 -2.88219 -0.481095 -2.14288 -0.0385415 -0.00875484 0.0273015 -0.0240809 -0.0374501 0.0173831 0.0480361 2.50468 0.0225569 -0.317305 1.81349 -2.8554 -0.442166 -2.16261 0.0263646 -0.0864047 -0.177088 0.00271039 0.00147918 -0.00234866 0.198799 0.176939 -2.08401 0.543232 1.46962 -0.00293321 0.00209605 0.223086 -0.830616 0.857347 -0.196618 0.000370174 0.000328252 -0.821674
119.879 0.000260755 -0.223188 2.00608 -2.85902 -0.443981 -2.1605 -0.0363828 -0.230589 2.0313 -2.85643 -0.461064 -2.15821 -0.0366435 -0.00740147 0.0252111 0.00258951 -0.0170822 0.00229303 0.0450903 1.00717 0.0231116 -0.307771 1.828 -2.85505 -0.441892 -2.16319 0.0228509 -0.0845826 -0.178087 0.0039762 0.00208898 -0.00269265 0.198472 0.245493 -2.08529 0.545501 1.48713 -0.00186093 0.00227589 0.222976 -0.830616 0.857347 -0.196618 0.000370174 0.000328252 -0.821674
120.228 0.00453761 -0.215867 2.02143 -2.86015 -0.444118 -2.16065 -0.0328322 -0.220924 2.03197 -2.82829 -0.487042 -2.16651 -0.0373698 -0.0050573 0.0105453 0.0318538 -0.0429239 -0.00586363 0.0391571 2.99016 0.023514 -0.298017 1.8419 -2.85523 -0.441857 -2.16363 0.0189764 -0.0821507 -0.179529 0.00492315 0.00226125 -0.00298079 0.198342 0.29074 -2.08639 0.547882 1.50461 -0.000750971 0.00272674 0.22289 -0.830616 0.857347 -0.196618 0.000370174 0.000328252 -0.821674
120.588 0.0108417 -0.205839 2.0418 -2.86175 -0.444333 -2.1597 -0.0282118 -0.21477 2.08499 -2.85359 -0.426959 -2.16144 -0.0390535 -0.00893051 0.0431923 0.0081579 0.0173737 -0.0017302 0.058911 1.08643 0.0251674 -0.285677 1.86076 -2.85574 -0.442348 -2.16242 0.0143257 -0.0798381 -0.181043 0.00601503 0.00198492 -0.0027186 0.198384 0.331022 -2.0875 0.551172 1.52806 0.000270574 0.003353 0.22377 -0.830616 0.857347 -0.196618 0.000370174 0.000328252 -0.821674
121.314 0.0242756 -0.189488 2.07167 -2.86532 -0.445817 -2.15515 -0.0157644 -0.197342 2.11288 -2.89891 -0.495853 -2.14907 -0.04004 -0.00785368 0.0412119 -0.0335881 -0.0500365 0.00607776 0.057994 3.38159 0.0328023 -0.26571 1.88874 -2.85815 -0.444019 -2.15715 0.00852669 -0.0762215 -0.182933 0.00716895 0.00179831 -0.00199696 0.19836 0.389668 -2.08832 0.556239 1.5628 0.00181105 0.00389479 0.228136 -0.830616 0.857347 -0.196618 0.000370174 0.000328252 -0.821674
121.679 0.0328947 -0.1812 2.08601 -2.86785 -0.446959 -2.15146 -0.00747535 -0.187593 2.12808 -2.87327 -0.474479 -2.16437 -0.04037 -0.00639329 0.0420645 -0.00542816 -0.0275195 -0.0129118 0.0586518 1.82606 0.0373163 -0.25633 1.90255 -2.85973 -0.444828 -2.15364 0.00442161 -0.0751299 -0.183463 0.00811891 0.0021311 -0.00218744 0.198299 0.443232 -2.0883 0.558783 1.57982 0.00271979 0.00418791 0.231674 -0.830616 0.857347 -0.196618 0.000370174 0.000328252 -0.821674
122.117 0.0458811 -0.169483 2.10473 -2.87174 -0.448921 -2.14547 0.00189442 -0.179151 2.1614 -2.88559 -0.434961 -2.11802 -0.0439867 -0.00966796 0.0566708 -0.0138524 0.0139596 0.0274522 0.072387 1.63566 0.0473385 -0.243305 1.92025 -2.86236 -0.446416 -2.14806 0.00145734 -0.073822 -0.184478 0.0093875 0.00250444 -0.00258825 0.198706 0.512819 -2.08775 0.562131 1.6022 0.004068 0.00444208 0.237387 -0.830616 0.857347 -0.196618 0.000370174 0.000328252 -0.821674
122.462 0.0557995 -0.160151 2.11839 -2.8747 -0.450533 -2.14055 0.0123576 -0.170784 2.17479 -2.84988 -0.466286 -2.14967 -0.0434419 -0.010633 0.0564019 0.0248181 -0.015753 -0.00912815 0.0719822 1.56598 0.0551025 -0.231605 1.93277 -2.86718 -0.449533 -2.13748 -0.000697022 -0.0714542 -0.185619 0.00752712 0.00100005 0.00306883 0.198898 0.535223 -2.08692 0.564574 1.61883 0.00496613 0.00450878 0.242096 -0.830616 0.857347 -0.196618 0.000370174 0.000328252 -0.821674
122.824 0.0685159 -0.146153 2.13621 -2.87824 -0.453004 -2.13388 0.0237531 -0.159394 2.17488 -2.85148 -0.47272 -2.14859 -0.0447627 -0.0132406 0.0386761 0.0267577 -0.019716 -0.0147066 0.0606206 1.784 0.065367 -0.215622 1.94854 -2.86653 -0.450532 -2.13893 -0.00314883 -0.0694689 -0.187668 0.0117105 0.00247192 -0.0050433 0.200138 0.61992 -2.0852 0.567695 1.6408 0.00590957 0.00409655 0.248532 -0.830616 0.857347 -0.196618 0.000370174 0.000328252 -0.821674
123.462 0.0854114 -0.121148 2.16182 -2.88217 -0.457518 -2.12469 0.0453497 -0.133898 2.20944 -2.89006 -0.466186 -2.10824 -0.0400618 -0.0127504 0.0476182 -0.00788834 -0.00866896 0.0164443 0.0635217 0.979188 0.0756887 -0.189298 1.97429 -2.86458 -0.454231 -2.14075 -0.00972269 -0.0681497 -0.187531 0.0175928 0.00328624 -0.01606 0.199767 1.04005 -2.0812 0.57201 1.67301 0.00686984 0.00208258 0.257681 -0.830616 0.857347 -0.196618 0.000370174 0.000328252 -0.821674
124.455 0.104015 -0.0631833 2.19875 -2.88236 -0.468824 -2.11409 0.0685281 -0.0860636 2.27309 -2.88384 -0.434582 -2.11201 -0.0354865 -0.0228803 0.0743408 -0.00148438 0.0342421 0.00208831 0.0854947 1.96523 0.0902342 -0.137448 2.01424 -2.87244 -0.469899 -2.11011 -0.0137804 -0.0742647 -0.184508 0.00991413 -0.00107529 0.00398441 0.19937 0.704434 -2.06944 0.578217 1.72189 0.00680879 -0.0075644 0.269735 -0.830616 0.857347 -0.196618 0.000370174 0.000328252 -0.821674
124.783 0.10352 -0.0222208 2.20328 -2.87446 -0.479577 -2.11428 0.0744624 -0.0622249 2.27252 -2.88157 -0.445151 -2.11285 -0.0290572 -0.0400041 0.069242 -0.00710916 0.0344261 0.00143276 0.0850829 2.00838 0.0906609 -0.10054 2.02094 -2.8656 -0.480501 -2.10779 -0.0128588 -0.0783195 -0.182345 0.00886044 -0.000923648 0.0064897 0.198869 0.756922 -2.0614 0.580536 1.73037 0.00467242 -0.0204126 0.272397 -0.830616 0.857347 -0.196618 0.000370174 0.000328252 -0.821674
125.111 0.103039 0.0303171 2.20424 -2.86535 -0.492644 -2.11508 0.075648 -0.0208493 2.30838 -2.87698 -0.46735 -2.08493 -0.027391 -0.0511664 0.104146 -0.0116283 0.0252937 0.0301529 0.119226 2.11322 0.09035 -0.056434 2.02632 -2.85586 -0.492635 -2.10802 -0.0126889 -0.0867511 -0.17792 0.00949105 8.99857e-06 0.00706799 0.198349 0.817092 -2.04698 0.584122 1.73936 0.00274655 -0.0357772 0.275265 -0.830616 0.857347 -0.196618 0.000370174 0.000328252 -0.821674
125.518 0.103613 0.0607114 2.20379 -2.86172 -0.498887 -2.11511 0.0756369 0.0285818 2.30853 -2.89983 -0.45238 -2.08186 -0.0279766 -0.0321296 0.104736 -0.0381022 0.0465076 0.0332501 0.113069 3.41833 0.0912553 -0.0331232 2.03049 -2.84812 -0.498026 -2.10804 -0.0123581 -0.0938346 -0.173296 0.0136085 0.000861158 0.00707872 0.197457 1.03779 -2.03481 0.586903 1.7465 0.00227133 -0.0427715 0.276968 -0.830616 0.857347 -0.196618 0.000370174 0.000328252 -0.821674
126.556 0.101576 0.153716 2.20199 -2.85268 -0.513534 -2.11648 0.0771 0.126034 2.32069 -2.83709 -0.459869 -2.10792 -0.0244755 -0.027682 0.118696 0.0155886 0.0536647 0.00856379 0.124315 3.30192 0.0873351 0.0409923 2.04064 -2.80934 -0.510647 -2.11054 -0.0142405 -0.112724 -0.161353 0.0433372 0.00288674 0.00593769 0.197343 2.67137 -1.98876 0.596041 1.77538 0.00132612 -0.0594016 0.279972 -0.830616 0.857347 -0.196618 0.000370174 0.000328252 -0.821674
126.911 0.0986986 0.186623 2.20023 -2.84841 -0.51868 -2.11809 0.0729767 0.158001 2.25732 -2.83412 -0.53563 -2.11304 -0.0257219 -0.0286222 0.0570853 0.0142894 -0.01695 0.00505517 0.0688446 1.39128 0.0827529 0.0700127 2.04174 -2.80209 -0.515849 -2.11284 -0.0159457 -0.116611 -0.158494 0.0463239 0.00283086 0.00525248 0.197415 2.81981 -1.97285 0.598837 1.78462 0.00064121 -0.0657271 0.280143 -0.830616 0.857347 -0.196618 0.000370174 0.000328252 -0.821674
127.296 0.0950936 0.22055 2.19818 -2.84383 -0.523791 -2.12006 0.0716071 0.197967 2.30886 -2.85756 -0.5227 -2.10181 -0.0234866 -0.0225827 0.110688 -0.0137218 0.00109044 0.0182506 0.115384 0.945433 0.0773668 0.0966155 2.0447 -2.79427 -0.521203 -2.11536 -0.0177268 -0.123934 -0.153475 0.0495599 0.00258751 0.00469811 0.198062 2.98675 -1.95625 0.601615 1.79434 -0.000139243 -0.0721584 0.280053 -0.830616 0.857347 -0.196618 0.000370174 0.000328252 -0.821674
127.639 0.0890246 0.268767 2.19421 -2.83579 -0.532226 -2.12423 0.0650867 0.232907 2.25725 -2.80893 -0.566776 -2.12611 -0.0239379 -0.0358595 0.0630401 0.026858 -0.0345506 -0.0018734 0.076374 2.47496 0.0695812 0.138142 2.04576 -2.78237 -0.528655 -2.11927 -0.0194433 -0.130625 -0.148452 0.0534235 0.00357019 0.00496656 0.198693 3.22076 -1.93287 0.605367 1.80765 -0.00110661 -0.081619 0.279552 -0.830773 0.857985 -0.196429 -0.000755026 0.00112966 -0.821307
127.993 0.0848187 0.309551 2.1898 -2.83044 -0.538164 -2.12727 0.0605372 0.272925 2.26999 -2.79229 -0.516434 -2.1366 -0.0242814 -0.0366254 0.0801853 0.0381464 0.0217307 -0.00932436 0.0914368 2.33179 0.0629793 0.175267 2.04386 -2.7695 -0.535442 -2.12333 -0.0218393 -0.134283 -0.145939 0.0609401 0.00272187 0.0039445 0.199517 3.61574 -1.91424 0.608279 1.81738 -0.00172719 -0.0903124 0.279036 -0.830814 0.857953 -0.196671 0.000263137 0.000442102 -0.821184
128.319 0.0801544 0.350061 2.18475 -2.82429 -0.544764 -2.13057 0.0565724 0.321587 2.27041 -2.8112 -0.501284 -2.1334 -0.023582 -0.0284737 0.0856523 0.0130881 0.0434793 -0.0028295 0.0932908 2.58316 0.0576819 0.209536 2.04355 -2.75715 -0.541829 -2.1274 -0.0224725 -0.140525 -0.141201 0.0671374 0.00293424 0.00317162 0.200475 3.94725 -1.89506 0.611209 1.82746 -0.0024607 -0.0987228 0.278453 -0.830815 0.857953 -0.196664 0.000277197 0.000427122 -0.821184
128.687 0.0746999 0.400029 2.17731 -2.8176 -0.552087 -2.13448 0.0512747 0.367155 2.25811 -2.83684 -0.558346 -2.12822 -0.0234252 -0.0328736 0.0808059 -0.019247 -0.00625895 0.0062596 0.0903272 1.02793 0.0498975 0.254205 2.04026 -2.74308 -0.549042 -2.13248 -0.0248024 -0.145824 -0.137052 0.0745179 0.00304504 0.00200272 0.201651 4.33422 -1.86879 0.615134 1.84076 -0.00298201 -0.107986 0.277644 -0.830815 0.857953 -0.196655 0.000294155 0.000409073 -0.821184
129.051 0.0716201 0.434322 2.17148 -2.81378 -0.556895 -2.13714 0.0453643 0.412151 2.25589 -2.82702 -0.508365 -2.11223 -0.0262558 -0.0221711 0.0844045 -0.0132455 0.0485297 0.0249139 0.091132 3.04041 0.0461149 0.288754 2.03457 -2.7328 -0.553687 -2.13648 -0.0255052 -0.145567 -0.136914 0.080975 0.00320845 0.00066215 0.201459 4.66329 -1.84894 0.61803 1.85056 -0.00285562 -0.113572 0.277022 -0.83081 0.857958 -0.196611 4.47198e-05 0.000397034 -0.821184
129.366 0.0682863 0.465627 2.16572 -2.81028 -0.562123 -2.13998 0.0414855 0.443162 2.20959 -2.8017 -0.593527 -2.15336 -0.0268009 -0.0224647 0.0438691 0.00857959 -0.0314039 -0.0133772 0.0561021 1.91172 0.0440071 0.317123 2.03163 -2.72471 -0.557291 -2.14041 -0.0242793 -0.148504 -0.134087 0.0855702 0.00483189 -0.00042246 0.20155 4.89785 -1.82924 0.620813 1.8603 -0.00282703 -0.118007 0.276433 -0.830771 0.857995 -0.19634 -0.00172114 0.000387374 -0.821184
129.68 0.0643821 0.493304 2.16048 -2.8063 -0.569321 -2.14431 0.0376284 0.480042 2.20614 -2.75458 -0.582152 -2.14935 -0.0267537 -0.0132621 0.0456601 0.0517217 -0.0128308 -0.00504836 0.0545572 2.91081 0.0406757 0.345719 2.02687 -2.71771 -0.559984 -2.14377 -0.0237065 -0.147585 -0.13361 0.0885898 0.009337 0.000539529 0.200487 5.1204 -1.81007 0.623403 1.87032 -0.00309832 -0.121152 0.275923 -0.830685 0.85799 -0.195537 -0.00703933 0.000383768 -0.82064
130.416 0.0555625 0.544361 2.15151 -2.79122 -0.600083 -2.16756 0.0295982 0.553292 2.25693 -2.81257 -0.539197 -2.12753 -0.0259642 0.00893046 0.105422 -0.0213495 0.0608859 0.0400314 0.108939 3.98723 0.0306735 0.400144 2.02159 -2.70547 -0.563816 -2.14891 -0.0248889 -0.144217 -0.129922 0.0857567 0.0362673 0.0186468 0.195698 5.94725 -1.76893 0.628441 1.89578 -0.00409917 -0.124272 0.275264 -0.830191 0.857243 -0.190559 -0.0402111 0.000491704 -0.813553
130.788 0.0519226 0.561257 2.14928 -2.77954 -0.619823 -2.18381 0.0256558 0.576921 2.25687 -2.80064 -0.551737 -2.13335 -0.0262668 0.0156636 0.107586 -0.0211055 0.0680859 0.050458 0.111848 4.60087 0.0284237 0.421521 2.02078 -2.70287 -0.564583 -2.14879 -0.0234989 -0.139737 -0.128498 0.076664 0.0552403 0.0350131 0.191286 6.5702 -1.75335 0.63011 1.90791 -0.00469921 -0.124306 0.275227 -0.829972 0.856652 -0.18677 -0.0635935 0.00261767 -0.808199
131.147 0.047286 0.579437 2.14797 -2.75513 -0.651351 -2.21232 0.0221701 0.586726 2.20881 -2.77068 -0.630721 -2.17788 -0.0251159 0.00728927 0.0608363 -0.0155473 0.0206303 0.0344317 0.0662194 1.99508 0.0227025 0.447833 2.02175 -2.69968 -0.565082 -2.14712 -0.0245836 -0.131604 -0.126224 0.055449 0.0862692 0.065198 0.184001 7.87584 -1.7349 0.631855 1.92561 -0.0056552 -0.12329 0.275377 -0.82996 0.855573 -0.179846 -0.102609 0.0105282 -0.799001
131.463 0.0439091 0.59055 2.14812 -2.72949 -0.678764 -2.23834 0.017708 0.615383 2.25705 -2.81046 -0.609127 -2.15988 -0.0262011 0.0248325 0.108934 -0.080967 0.0696367 0.0784609 0.11476 5.70791 0.0215028 0.463083 2.02688 -2.69851 -0.564532 -2.14584 -0.0224063 -0.127467 -0.121239 0.030981 0.114232 0.0925062 0.177338 9.22006 -1.72294 0.632816 1.94 -0.0065188 -0.122076 0.275626 -0.830269 0.854566 -0.173264 -0.137192 0.0208487 -0.791873
131.81 0.0410738 0.6 2.14899 -2.69826 -0.708465 -2.2643 0.0144183 0.615289 2.2076 -2.72846 -0.702837 -2.22142 -0.0266555 0.0152897 0.0586124 -0.0301997 0.00562773 0.0428835 0.0661794 1.90269 0.0215283 0.478809 2.03259 -2.69763 -0.563915 -2.14451 -0.0195455 -0.121191 -0.116398 0.000624072 0.14455 0.119791 0.169168 10.7663 -1.71263 0.633524 1.95532 -0.00736657 -0.120687 0.275939 -0.830926 0.853297 -0.165403 -0.174021 0.0361407 -0.788198
132.158 0.0384624 0.610621 2.15074 -2.65149 -0.748723 -2.29642 0.0105309 0.624281 2.20538 -2.69267 -0.758108 -2.26148 -0.0279316 0.0136607 0.0546407 -0.0411859 -0.00938506 0.0349416 0.0628681 1.84419 0.022591 0.500051 2.04146 -2.69743 -0.563711 -2.14284 -0.0158714 -0.110569 -0.109281 -0.0459396 0.185012 0.153584 0.156268 12.9684 -1.70139 0.634175 1.97685 -0.00830331 -0.118856 0.276349 -0.832318 0.851237 -0.15298 -0.2229 0.0617368 -0.78978
132.501 0.0372409 0.616921 2.15223 -2.6153 -0.776241 -2.3169 0.00768212 0.638404 2.2176 -2.66755 -0.755739 -2.29568 -0.0295588 0.0214822 0.0653692 -0.0522464 0.0205024 0.0212236 0.0748888 2.60233 0.0260387 0.513999 2.0502 -2.69851 -0.563561 -2.14136 -0.0112022 -0.102922 -0.102026 -0.0832024 0.21268 0.175546 0.145354 14.5679 -1.69475 0.634509 1.99348 -0.00890632 -0.117426 0.276577 -0.833715 0.849469 -0.142307 -0.256111 0.0832014 -0.795415
132.879 0.0364526 0.620827 2.15393 -2.58019 -0.79903 -2.33297 0.00577116 0.646202 2.22111 -2.62314 -0.777198 -2.31633 -0.0306814 0.0253757 0.067177 -0.0429517 0.0218321 0.0166434 0.0780899 2.28088 0.0311385 0.525963 2.06025 -2.70041 -0.562641 -2.13975 -0.00531408 -0.0948639 -0.0936858 -0.120224 0.236389 0.193224 0.133433 16.011 -1.68957 0.634761 2.01039 -0.00951261 -0.115491 0.276709 -0.83542 0.847539 -0.130524 -0.284266 0.105895 -0.803929
133.26 0.0366057 0.622873 2.15566 -2.54836 -0.817125 -2.34481 0.00384537 0.650824 2.22034 -2.57467 -0.800484 -2.3399 -0.0327603 0.0279514 0.064682 -0.0263008 0.0166416 0.0049119 0.0777064 1.62654 0.0345514 0.537361 2.07056 -2.70379 -0.561458 -2.13793 -0.00205433 -0.0855116 -0.0851046 -0.155425 0.255667 0.206877 0.120662 17.2739 -1.68576 0.634976 2.02746 -0.00988983 -0.113245 0.276738 -0.837433 0.845414 -0.117771 -0.307204 0.127981 -0.81393
133.62 0.0383743 0.623117 2.15781 -2.51334 -0.832876 -2.35405 0.0049617 0.667713 2.27103 -2.56013 -0.786863 -2.31674 -0.0334126 0.0445961 0.113221 -0.0467855 0.0460138 0.0373157 0.126191 3.22537 0.041869 0.549488 2.08624 -2.70799 -0.559207 -2.13637 0.00349467 -0.0736286 -0.0715729 -0.194646 0.273669 0.217681 0.102743 18.5697 -1.68263 0.63527 2.05024 -0.0100017 -0.109862 0.27665 -0.840585 0.842259 -0.099513 -0.328582 0.155028 -0.827119
134.04 0.0410258 0.622055 2.15916 -2.49295 -0.838477 -2.35669 0.00674473 0.648435 2.20891 -2.515 -0.848102 -2.34917 -0.0342811 0.0263804 0.0497436 -0.0220455 -0.00962484 0.00751988 0.0659207 1.12813 0.0485949 0.556923 2.09914 -2.71118 -0.557675 -2.13559 0.00756913 -0.0651316 -0.0600288 -0.21823 0.280802 0.221106 0.0888981 19.2077 -1.68161 0.63553 2.06734 -0.00971408 -0.107222 0.276523 -0.843328 0.839665 -0.0850044 -0.337696 0.173252 -0.835529
134.361 0.0462851 0.619408 2.16053 -2.47401 -0.837908 -2.35516 0.00894956 0.666414 2.27332 -2.48918 -0.828175 -2.35417 -0.0373356 0.0470066 0.112798 -0.0151741 0.0097335 0.000985909 0.127777 0.99858 0.0558292 0.563805 2.11765 -2.71692 -0.555867 -2.1348 0.00954404 -0.0556026 -0.0428748 -0.24291 0.282041 0.220358 0.070859 19.6249 -1.68177 0.635946 2.09016 -0.00880552 -0.103667 0.276334 -0.847471 0.83599 -0.0646953 -0.340783 0.194406 -0.843385
134.74 0.0510753 0.616771 2.16134 -2.46502 -0.832916 -2.35169 0.0138199 0.659467 2.25637 -2.47238 -0.858777 -2.34207 -0.0372554 0.0426954 0.0950323 -0.00736671 -0.0258602 0.00961685 0.110644 1.52598 0.0603598 0.566545 2.12897 -2.72105 -0.55392 -2.13415 0.00928451 -0.0502267 -0.0323645 -0.256035 0.278996 0.21754 0.060468 19.7152 -1.68288 0.636297 2.10743 -0.00791844 -0.100986 0.276227 -0.850979 0.833053 -0.0487736 -0.338043 0.207703 -0.846506
135.092 0.0562283 0.613641 2.16198 -2.46065 -0.825385 -2.34704 0.0183452 0.641357 2.20773 -2.44315 -0.868949 -2.36361 -0.0378831 0.0277155 0.045745 0.0174916 -0.0435636 -0.0165701 0.065543 2.59027 0.0639265 0.560335 2.12763 -2.72492 -0.55181 -2.13338 0.00769818 -0.053306 -0.034355 -0.264271 0.273575 0.213666 0.0638831 19.6377 -1.68471 0.636653 2.12482 -0.00698741 -0.0982731 0.276203 -0.854794 0.829955 -0.0323551 -0.332366 0.217864 -0.847297
135.426 0.0613008 0.61021 2.16235 -2.46032 -0.815981 -2.34154 0.024827 0.656658 2.2705 -2.4914 -0.812289 -2.32668 -0.0364738 0.046448 0.108148 -0.0310753 0.00369247 0.0148555 0.123222 1.3173 0.0671048 0.552998 2.12825 -2.72939 -0.549321 -2.1323 0.00580399 -0.0572111 -0.0341064 -0.269068 0.26666 0.209237 0.0668584 19.4465 -1.68711 0.636988 2.14229 -0.00619176 -0.0956001 0.276295 -0.858866 0.826745 -0.0155373 -0.32449 0.224807 -0.84611
135.815 0.0677104 0.605629 2.16252 -2.46505 -0.802473 -2.33374 0.0291306 0.637269 2.22032 -2.429 -0.843459 -2.36697 -0.0385798 0.0316397 0.057797 0.0360515 -0.040986 -0.0332331 0.0763542 2.76371 0.0733806 0.544821 2.1274 -2.73437 -0.546239 -2.13096 0.00567014 -0.0608081 -0.0351247 -0.269327 0.256234 0.202776 0.0704523 19.016 -1.69102 0.637358 2.16574 -0.00537551 -0.0922233 0.276607 -0.864632 0.82234 0.00739422 -0.312505 0.229208 -0.842459
136.224 0.0717843 0.602277 2.1626 -2.472 -0.793623 -2.32854 0.0367276 0.648834 2.27088 -2.50263 -0.813342 -2.32028 -0.0350567 0.0465572 0.108287 -0.0306253 -0.0197182 0.00826104 0.122974 1.83952 0.0757723 0.539282 2.1259 -2.73751 -0.544067 -2.13003 0.00398794 -0.0629953 -0.0366961 -0.265504 0.249556 0.198512 0.0730132 18.6482 -1.69433 0.637553 2.18353 -0.00511685 -0.0898121 0.276969 -0.869142 0.818933 0.0249197 -0.304611 0.228228 -0.838921
136.643 0.0753316 0.599428 2.16262 -2.48084 -0.786865 -2.32421 0.041906 0.64795 2.2817 -2.47832 -0.786669 -2.32863 -0.0334256 0.048522 0.119079 0.00251455 0.000196641 -0.00442204 0.132859 0.183454 0.0770608 0.5319 2.12682 -2.74073 -0.54216 -2.12954 0.00172918 -0.0675271 -0.0358023 -0.259897 0.244706 0.194669 0.0764507 18.3087 -1.69785 0.637669 2.2016 -0.00507574 -0.0876672 0.277422 -0.873754 0.815495 0.0427711 -0.298572 0.224227 -0.835401
137.32 0.0834423 0.594267 2.16242 -2.50559 -0.780658 -2.31624 0.0485716 0.636838 2.26703 -2.50422 -0.794062 -2.29325 -0.0348706 0.042571 0.104603 0.00137166 -0.0134037 0.0229941 0.118195 1.57421 0.0754129 0.517668 2.12632 -2.74578 -0.539203 -2.12822 -0.00802932 -0.0765992 -0.0361018 -0.240192 0.241455 0.188026 0.0850603 17.6857 -1.70638 0.637636 2.24506 -0.00480719 -0.0835341 0.278737 -0.884522 0.80778 0.0856542 -0.292835 0.207795 -0.829886
137.685 0.0871858 0.592013 2.16234 -2.51896 -0.779594 -2.31119 0.0536727 0.625162 2.23252 -2.49449 -0.779478 -2.32517 -0.0335131 0.0331482 0.0701806 0.0244697 0.000115679 -0.0139782 0.0845414 1.01414 0.0746476 0.512001 2.1285 -2.74757 -0.538166 -2.12727 -0.0125382 -0.0800126 -0.0338398 -0.228611 0.241428 0.183928 0.0877745 17.4031 -1.71001 0.637482 2.2639 -0.00437957 -0.0819568 0.279373 -0.888778 0.804876 0.104431 -0.290976 0.198824 -0.828806
138.037 0.0912151 0.589647 2.16218 -2.53397 -0.778118 -2.30434 0.0562908 0.619083 2.22122 -2.48962 -0.826971 -2.33189 -0.0349242 0.0294357 0.0590427 0.0443478 -0.0488534 -0.0275556 0.0746472 3.31836 0.0759817 0.50509 2.12549 -2.74907 -0.537477 -2.1263 -0.0152334 -0.0845573 -0.036691 -0.215099 0.240641 0.178031 0.093425 17.0431 -1.71354 0.637223 2.28261 -0.00365092 -0.0805419 0.280017 -0.892612 0.802364 0.123313 -0.287932 0.189442 -0.828385
138.718 0.096409 0.583628 2.16183 -2.56929 -0.771462 -2.28446 0.0641053 0.614835 2.22342 -2.5366 -0.805934 -2.30667 -0.0323037 0.0312064 0.0615826 0.0326865 -0.0344716 -0.0222056 0.076222 2.37603 0.0764465 0.495041 2.12915 -2.75165 -0.536604 -2.12498 -0.0199625 -0.0885876 -0.0326832 -0.182364 0.234858 0.15948 0.0965114 16.0085 -1.721 0.636083 2.32544 -0.0029724 -0.0779209 0.281317 -0.899431 0.79832 0.167414 -0.276906 0.168387 -0.829239
139.088 0.0969989 0.581354 2.16161 -2.58227 -0.766504 -2.27538 0.0660291 0.611811 2.22303 -2.5741 -0.784961 -2.28725 -0.0309698 0.030457 0.061424 0.00817483 -0.0184577 -0.0118664 0.0752308 1.16365 0.0739501 0.488779 2.12665 -2.75223 -0.536391 -2.12479 -0.0230488 -0.0925749 -0.0349568 -0.169955 0.230113 0.150598 0.101604 15.4961 -1.72377 0.63535 2.34334 -0.00295578 -0.0773848 0.281689 -0.901248 0.797541 0.186249 -0.269855 0.161448 -0.829901
139.48 0.0970203 0.57913 2.16117 -2.59448 -0.759156 -2.26591 0.0684576 0.621893 2.2703 -2.59675 -0.744325 -2.2447 -0.0285627 0.0427634 0.109127 -0.00226461 0.014831 0.021205 0.120637 1.41416 0.0727648 0.484701 2.12794 -2.75263 -0.536325 -2.12438 -0.0242555 -0.0944284 -0.0332295 -0.158144 0.222831 0.141528 0.103001 14.8765 -1.72701 0.634155 2.36642 -0.00288986 -0.0772586 0.281959 -0.90221 0.797422 0.204964 -0.260163 0.155585 -0.830103
139.82 0.0958204 0.575438 2.16079 -2.6098 -0.7457 -2.25353 0.0684661 0.619039 2.27072 -2.63376 -0.716336 -2.22669 -0.0273543 0.0436014 0.109931 -0.0239629 0.0293644 0.0268391 0.121384 2.06412 0.0725012 0.48089 2.1284 -2.7534 -0.536169 -2.12386 -0.0233192 -0.0945475 -0.0323903 -0.1436 0.209531 0.129667 0.102626 13.9022 -1.72911 0.6331 2.38313 -0.00289831 -0.0773626 0.281987 -0.902023 0.798277 0.229762 -0.243746 0.148685 -0.829116
140.197 0.0942925 0.571493 2.16064 -2.62076 -0.733512 -2.24504 0.0683677 0.615103 2.26722 -2.59408 -0.743578 -2.24509 -0.0259248 0.0436099 0.106579 0.0266876 -0.0100655 -4.418e-05 0.118038 1.63255 0.0706478 0.477927 2.1274 -2.75443 -0.536032 -2.12301 -0.0236447 -0.093566 -0.0332381 -0.133663 0.19748 0.122037 0.102071 13.098 -1.73094 0.631918 2.39937 -0.00286066 -0.0774261 0.281889 -0.900721 0.799651 0.248284 -0.229703 0.143756 -0.827266
140.56 0.0923942 0.566402 2.16073 -2.63083 -0.720235 -2.23759 0.0640346 0.597412 2.22003 -2.60039 -0.731732 -2.24772 -0.0283595 0.0310105 0.0593035 0.0304468 -0.0114969 -0.0101365 0.072683 1.57147 0.0700977 0.474836 2.12792 -2.75586 -0.535605 -2.12192 -0.0222965 -0.091566 -0.0328084 -0.125027 0.18463 0.115667 0.099789 12.2872 -1.7325 0.630616 2.41516 -0.00273245 -0.0774 0.281702 -0.898422 0.801644 0.266737 -0.214975 0.139269 -0.824622
140.858 0.0896186 0.558838 2.16114 -2.64144 -0.702912 -2.2299 0.0620911 0.593491 2.21987 -2.60108 -0.730419 -2.24708 -0.0275275 0.0346539 0.058734 0.0403688 -0.0275068 -0.0171746 0.0735414 2.4107 0.0678479 0.471683 2.13013 -2.75691 -0.535012 -2.12138 -0.0217707 -0.0871541 -0.0310093 -0.115464 0.1679 0.10852 0.0950336 11.2677 -1.73413 0.628711 2.43584 -0.0023039 -0.0776117 0.28138 -0.893888 0.805226 0.291368 -0.196012 0.13475 -0.820447
141.178 0.0873071 0.553257 2.16163 -2.64707 -0.691864 -2.22615 0.0607818 0.582761 2.20865 -2.6365 -0.754584 -2.23269 -0.0265253 0.0295044 0.0470189 0.010567 -0.06272 -0.00654211 0.0615214 3.62223 0.0646471 0.466954 2.12742 -2.75714 -0.534637 -2.12135 -0.0226599 -0.0863032 -0.0342044 -0.11007 0.157227 0.104798 0.0955597 10.6379 -1.73501 0.627157 2.45122 -0.00184607 -0.0781953 0.281131 -0.889461 0.808519 0.309905 -0.183748 0.132257 -0.817235
141.551 0.0837991 0.545707 2.16269 -2.65255 -0.682353 -2.22428 0.058227 0.581059 2.22049 -2.64099 -0.695882 -2.22703 -0.0255721 0.0353522 0.0577938 0.0115604 -0.0135289 -0.00275167 0.0724143 0.965098 0.0601409 0.465083 2.12698 -2.7567 -0.534168 -2.12175 -0.0236583 -0.080624 -0.0357153 -0.104144 0.148185 0.102533 0.0912991 10.0972 -1.73574 0.624913 2.47167 -0.00117837 -0.0793307 0.280831 -0.882343 0.813466 0.334615 -0.172847 0.128668 -0.813347
141.858 0.0819162 0.541821 2.16346 -2.65486 -0.680335 -2.22464 0.054345 0.573241 2.22025 -2.64193 -0.690854 -2.22573 -0.0275712 0.0314199 0.0567943 0.0129272 -0.0105189 -0.00108783 0.0705193 0.925773 0.0583053 0.466089 2.12869 -2.75592 -0.533588 -2.12192 -0.0236108 -0.0757324 -0.0347662 -0.101065 0.146747 0.102722 0.0866116 9.99052 -1.73591 0.623713 2.48189 -0.000817733 -0.079979 0.2807 -0.878319 0.816101 0.346952 -0.17024 0.126394 -0.811732
142.228 0.0773842 0.534262 2.1653 -2.65878 -0.68186 -2.22756 0.0525848 0.579099 2.26964 -2.64082 -0.692526 -2.21914 -0.0247994 0.0448362 0.104343 0.0179592 -0.0106659 0.0084206 0.116245 1.51491 0.0533249 0.466214 2.12773 -2.75428 -0.533364 -2.12173 -0.0240593 -0.0680489 -0.0375669 -0.0954946 0.148496 0.105829 0.0813681 10.0516 -1.73589 0.621152 2.50245 -0.000314792 -0.081587 0.280487 -0.869476 0.821558 0.371664 -0.170699 0.120641 -0.809427
142.584 0.0733636 0.528952 2.16692 -2.66133 -0.687323 -2.23114 0.0485843 0.571773 2.26806 -2.67518 -0.659504 -2.20294 -0.0247792 0.0428209 0.101135 -0.0138498 0.0278191 0.0282034 0.112587 2.04488 0.0492829 0.468656 2.12752 -2.75204 -0.533603 -2.1216 -0.0240806 -0.0602961 -0.0394032 -0.0907064 0.15372 0.10954 0.0759481 10.3146 -1.73557 0.61909 2.51801 -0.000144951 -0.0830608 0.280369 -0.86226 0.825728 0.390272 -0.175352 0.115343 -0.808604
142.913 0.0678032 0.523047 2.16909 -2.66364 -0.69967 -2.23735 0.0427281 0.553595 2.22312 -2.66338 -0.701339 -2.23876 -0.0250752 0.0305474 0.05403 0.000259773 -0.001669 -0.00140977 0.0669414 0.118694 0.0439845 0.475199 2.13064 -2.74912 -0.535302 -2.12213 -0.0238188 -0.0478481 -0.0384547 -0.0854787 0.164369 0.115229 0.0658448 10.8909 -1.73479 0.616172 2.53914 5.11347e-05 -0.085659 0.280252 -0.852111 0.831259 0.415354 -0.186131 0.107886 -0.808739
143.279 0.0637414 0.51936 2.17071 -2.66507 -0.711649 -2.24267 0.0388433 0.54856 2.22242 -2.62564 -0.723345 -2.25526 -0.0248981 0.0291994 0.0517146 0.0394304 -0.011696 -0.0125906 0.0643966 1.98248 0.0412597 0.480097 2.13104 -2.74712 -0.537273 -2.12277 -0.0224817 -0.0392635 -0.0396638 -0.0820514 0.174376 0.119902 0.0601686 11.4504 -1.73399 0.613863 2.55536 0.000241742 -0.0879437 0.280185 -0.84425 0.835262 0.434484 -0.196598 0.101848 -0.80952
143.669 0.058958 0.515006 2.17245 -2.66677 -0.723715 -2.24763 0.033701 0.540116 2.20781 -2.66905 -0.772714 -2.26079 -0.0252571 0.0251099 0.0353569 -0.00228193 -0.0489985 -0.0131606 0.050185 2.93278 0.0386277 0.484081 2.12946 -2.74529 -0.539151 -2.12333 -0.0203303 -0.0309257 -0.0429928 -0.0785249 0.184564 0.124299 0.0567283 12.0286 -1.73307 0.611454 2.57186 5.53841e-05 -0.0899198 0.280129 -0.836283 0.839065 0.453925 -0.207478 0.095472 -0.810597
144.089 0.0535721 0.509559 2.1743 -2.66893 -0.733831 -2.25134 0.0295771 0.546496 2.25788 -2.65492 -0.752009 -2.23703 -0.023995 0.036937 0.0835802 0.014016 -0.0181787 0.0143084 0.0944762 1.81445 0.0342121 0.488696 2.12881 -2.74413 -0.540502 -2.12365 -0.01936 -0.0208624 -0.0454941 -0.0751973 0.193328 0.127686 0.0536634 12.5291 -1.7321 0.608967 2.58853 -0.000472906 -0.0913814 0.280071 -0.828303 0.842655 0.473666 -0.216788 0.0893406 -0.811735
144.488 0.0472859 0.500639 2.17679 -2.67201 -0.742327 -2.25359 0.0221594 0.527842 2.2089 -2.63089 -0.784083 -2.2768 -0.0251264 0.0272035 0.0321129 0.0411264 -0.0417561 -0.0232095 0.0490164 2.95141 0.0265432 0.491053 2.12805 -2.74326 -0.541913 -2.12388 -0.0207426 -0.00958555 -0.0487351 -0.0712501 0.200414 0.129712 0.0538261 12.9267 -1.73077 0.605594 2.61104 -0.000899969 -0.0924725 0.279955 -0.817884 0.847105 0.500424 -0.224462 0.0834498 -0.813141
144.939 0.0435963 0.493286 2.17846 -2.67316 -0.744535 -2.25342 0.0177026 0.531405 2.25661 -2.66941 -0.765603 -2.25315 -0.0258937 0.038119 0.0781532 0.00374951 -0.0210686 0.000264363 0.0907274 1.22812 0.0234218 0.491124 2.12388 -2.74312 -0.542744 -2.12387 -0.0201745 -0.00216184 -0.0545805 -0.0699545 0.201791 0.129551 0.0582298 12.9928 -1.72975 0.603069 2.62822 -0.000859494 -0.0928534 0.279822 -0.810457 0.850167 0.520801 -0.226076 0.082063 -0.814093
145.362 0.0408756 0.485994 2.17997 -2.67315 -0.743214 -2.25183 0.0137622 0.523525 2.25663 -2.6709 -0.760854 -2.25167 -0.0271134 0.0375311 0.0766625 0.00225125 -0.0176404 0.000154574 0.0895593 1.01991 0.0213279 0.490616 2.12077 -2.74329 -0.54322 -2.12402 -0.0195477 0.00462185 -0.0591969 -0.0701412 0.199994 0.127802 0.062512 12.8635 -1.72872 0.600574 2.64571 -0.000480802 -0.0929906 0.279634 -0.80351 0.852932 0.541393 -0.224129 0.0833007 -0.814906
145.842 0.0389875 0.479239 2.18116 -2.67144 -0.73804 -2.24868 0.00986397 0.514892 2.25766 -2.65758 -0.731461 -2.23262 -0.0291235 0.0356536 0.0765013 0.0138638 0.00657854 0.0160597 0.089285 1.61228 0.0185333 0.489795 2.11852 -2.74346 -0.543466 -2.12496 -0.0204542 0.0105564 -0.0626329 -0.0720173 0.194574 0.123723 0.0667285 12.5023 -1.72729 0.597302 2.66943 0.000379731 -0.0930779 0.279292 -0.797163 0.855413 0.562109 -0.218146 0.0876522 -0.815635
146.281 0.0362367 0.471511 2.18227 -2.66441 -0.725169 -2.24248 0.00784792 0.505268 2.25433 -2.67055 -0.751436 -2.24963 -0.0283888 0.0337575 0.0720595 -0.00614194 -0.0262669 -0.00714342 0.084487 1.65847 0.0177254 0.488057 2.11535 -2.74329 -0.54292 -2.12611 -0.0185112 0.0165464 -0.0669226 -0.0788832 0.18225 0.116379 0.0713799 11.7464 -1.72614 0.594882 2.68761 0.000872906 -0.0931007 0.278959 -0.789885 0.85832 0.589812 -0.204294 0.0995428 -0.816586
147.129 0.0318781 0.462945 2.18293 -2.64206 -0.693209 -2.22898 0.00197983 0.495162 2.25761 -2.66183 -0.720169 -2.2288 -0.0298983 0.0322173 0.0746776 -0.0197652 -0.0269607 0.000175819 0.0866522 1.91152 0.0155066 0.487347 2.1112 -2.74322 -0.54155 -2.12816 -0.0163715 0.0244015 -0.0717301 -0.10116 0.151659 0.100813 0.0775156 10.1744 -1.72314 0.589332 2.73197 0.00208393 -0.0932581 0.277906 -0.781069 0.861975 0.638665 -0.170558 0.132241 -0.817411
147.539 0.0300413 0.461752 2.1825 -2.63227 -0.676493 -2.2217 0.000969427 0.486809 2.24192 -2.65664 -0.769897 -2.23127 -0.0290719 0.0250569 0.0594235 -0.0243771 -0.0934037 -0.0095619 0.0707402 5.6482 0.0151341 0.485285 2.10931 -2.74263 -0.541247 -2.12978 -0.0149072 0.0235335 -0.0731887 -0.110365 0.135246 0.0919215 0.0783112 9.46174 -1.72173 0.586975 2.75149 0.00255206 -0.0936181 0.277372 -0.778803 0.862934 0.659567 -0.152552 0.147204 -0.817027
147.924 0.0276542 0.462795 2.18154 -2.62363 -0.658897 -2.21383 -0.00191939 0.487748 2.25523 -2.64459 -0.692036 -2.21173 -0.0295736 0.0249537 0.073686 -0.0209643 -0.0331389 0.00209949 0.0832281 2.20939 0.0154124 0.485484 2.1077 -2.74179 -0.541296 -2.13152 -0.0122419 0.0226891 -0.0738445 -0.118163 0.117601 0.0823086 0.0782155 8.79203 -1.72029 0.584613 2.77095 0.00272337 -0.0945032 0.27682 -0.777407 0.863503 0.680127 -0.133044 0.160834 -0.816109
148.251 0.0235055 0.465983 2.17951 -2.61532 -0.634273 -2.20242 -0.00389074 0.488001 2.25639 -2.64579 -0.689522 -2.21112 -0.0273963 0.0220179 0.0768709 -0.0304701 -0.0552498 -0.00869771 0.084525 3.79282 0.0152356 0.486557 2.10771 -2.74071 -0.541316 -2.13329 -0.00826995 0.0205739 -0.0718009 -0.125395 0.0929565 0.0691282 0.0751469 8.00244 -1.71839 0.581445 2.79616 0.00241166 -0.0959079 0.276126 -0.776833 0.863657 0.706454 -0.10567 0.175467 -0.814061
148.576 0.0191724 0.469508 2.17768 -2.61089 -0.615927 -2.19401 -0.00676827 0.491074 2.25688 -2.58267 -0.642627 -2.2118 -0.0259407 0.0215659 0.079198 0.0282163 -0.0267003 -0.0177888 0.0860832 2.01324 0.0132493 0.488349 2.10716 -2.73928 -0.54115 -2.1346 -0.00592308 0.018841 -0.0705242 -0.128398 0.0747769 0.0594096 0.0732375 7.52525 -1.71709 0.579067 2.81432 0.0015328 -0.0970303 0.275658 -0.777364 0.863341 0.725145 -0.0853451 0.1838 -0.812012
148.935 0.0143541 0.472882 2.17585 -2.60795 -0.597954 -2.18598 -0.0116886 0.493291 2.24906 -2.61451 -0.669129 -2.20101 -0.0260427 0.0204084 0.0732148 -0.00656282 -0.0711744 -0.0150361 0.0803438 4.2305 0.0114219 0.489787 2.10614 -2.73778 -0.54078 -2.13539 -0.00293219 0.0169043 -0.0697062 -0.129835 0.0571741 0.0505806 0.0717865 7.15508 -1.71598 0.576721 2.83173 0.000344315 -0.0977661 0.275258 -0.778693 0.862703 0.742837 -0.0658138 0.190187 -0.809598
149.348 0.00838321 0.476725 2.17327 -2.60688 -0.574073 -2.17548 -0.0174775 0.49747 2.2413 -2.61848 -0.619999 -2.17372 -0.0258607 0.020745 0.0680212 -0.0115966 -0.0459251 0.00176619 0.0756704 2.70183 0.00700996 0.491135 2.1055 -2.73566 -0.540379 -2.13644 -0.00137324 0.0144101 -0.0677719 -0.128782 0.0336946 0.0390478 0.0693005 6.76057 -1.71494 0.573717 2.85354 -0.00119838 -0.0981367 0.274857 -0.781544 0.86147 0.764783 -0.0404258 0.195747 -0.805888
149.678 0.00615439 0.47855 2.17194 -2.60796 -0.562064 -2.17017 -0.0213903 0.501359 2.24118 -2.61467 -0.620706 -2.17555 -0.0275447 0.0228086 0.0692429 -0.00671468 -0.0586424 -0.00538634 0.0779328 3.41535 0.00350508 0.491571 2.10498 -2.73426 -0.540196 -2.13716 -0.00264931 0.0130209 -0.0669585 -0.126305 0.0218676 0.0330067 0.0682642 6.57098 -1.71456 0.571615 2.86868 -0.00186041 -0.0982034 0.274668 -0.783346 0.860736 0.775052 -0.0275679 0.197134 -0.803874
150.092 0.00357811 0.48188 2.16911 -2.61442 -0.537695 -2.15915 -0.0262909 0.505351 2.24574 -2.60221 -0.55935 -2.17354 -0.029869 0.0234708 0.0766341 0.0122121 -0.0216546 -0.0143924 0.0855326 1.45158 0.00297045 0.490415 2.10447 -2.73289 -0.53976 -2.13792 -0.000607665 0.00853498 -0.0646355 -0.118462 -0.00206502 0.0212298 0.0651994 6.25213 -1.71457 0.56967 2.88266 -0.00203403 -0.0981321 0.274581 -0.787481 0.859074 0.794212 -0.00116429 0.196229 -0.799774
150.911 0.00102967 0.486072 2.16401 -2.63887 -0.496606 -2.14031 -0.0299 0.507015 2.22713 -2.59263 -0.506668 -2.14767 -0.0309297 0.0209424 0.0631231 0.0462386 -0.010062 -0.00736149 0.0733469 2.54053 0.00223979 0.48755 2.10332 -2.73222 -0.538137 -2.13836 0.00121012 0.00147799 -0.0606876 -0.09335 -0.0415308 0.00195416 0.0607177 5.80387 -1.71636 0.565751 2.91095 -0.00247321 -0.097595 0.274797 -0.795726 0.855455 0.823641 0.0430521 0.180847 -0.793959
151.69 -0.000714682 0.482949 2.16086 -2.6669 -0.463943 -2.12573 -0.0328884 0.511259 2.2287 -2.63509 -0.532444 -2.1367 -0.0321738 0.0283109 0.0678394 0.0318103 -0.0685015 -0.010974 0.0802424 4.24556 0.00159596 0.480567 2.10413 -2.7335 -0.534779 -2.13656 0.00231064 -0.0023813 -0.0567247 -0.0666013 -0.0708359 -0.010831 0.0568216 5.80353 -1.71999 0.563121 2.93107 -0.00345356 -0.0948054 0.275348 -0.803131 0.851868 0.84536 0.0754603 0.15986 -0.791318
152.42 -0.002086 0.477111 2.15849 -2.69168 -0.432707 -2.11207 -0.0336061 0.502959 2.21755 -2.63427 -0.42178 -2.11917 -0.0315201 0.0258476 0.0590648 0.0574067 0.0109274 -0.00709647 0.0717654 3.2043 0.000898596 0.470246 2.10747 -2.73366 -0.531793 -2.13362 0.0029846 -0.00686485 -0.0510172 -0.041977 -0.099086 -0.021551 0.0515634 6.50307 -1.72647 0.561172 2.951 -0.00511765 -0.0914864 0.276106 -0.811512 0.847823 0.867377 0.105339 0.14097 -0.790062
152.739 -0.00122917 0.475357 2.15792 -2.69649 -0.423511 -2.10778 -0.036723 0.503094 2.22666 -2.69243 -0.437571 -2.10481 -0.0354938 0.0277375 0.068744 0.00405017 -0.0140606 0.00296768 0.0821882 0.874469 0.00123156 0.465951 2.10708 -2.73393 -0.531679 -2.13271 0.00246073 -0.00940516 -0.050839 -0.0374474 -0.108168 -0.0249357 0.0517602 6.91863 -1.72989 0.560811 2.95881 -0.00540051 -0.0906505 0.276388 -0.814943 0.846284 0.875877 0.114462 0.138072 -0.789804
153.075 0.00103046 0.474382 2.15769 -2.69697 -0.417994 -2.10466 -0.0328147 0.500841 2.22531 -2.69335 -0.439971 -2.10487 -0.0338451 0.0264592 0.0676127 0.00362582 -0.0219763 -0.000208669 0.0801065 1.27534 0.00419981 0.463195 2.11072 -2.73457 -0.532811 -2.13221 0.00316935 -0.011187 -0.04697 -0.0375921 -0.114816 -0.0275529 0.0483878 7.31534 -1.73364 0.560764 2.96634 -0.00515585 -0.090273 0.276617 -0.818281 0.844894 0.883819 0.120438 0.13927 -0.789688
153.438 0.00598563 0.47461 2.15801 -2.69149 -0.417913 -2.10276 -0.0328368 0.49924 2.22681 -2.69612 -0.436283 -2.10352 -0.0388225 0.0246299 0.0688058 -0.00463036 -0.0183699 -0.000765617 0.082753 1.09074 0.00919354 0.46108 2.11501 -2.73593 -0.535206 -2.13221 0.00320791 -0.0135303 -0.0429965 -0.0444387 -0.117292 -0.0294525 0.0451891 7.64375 -1.73912 0.561162 2.97614 -0.00411795 -0.0905837 0.276827 -0.822587 0.843196 0.893632 0.121929 0.146436 -0.790045
153.8 0.0103783 0.474906 2.1588 -2.68346 -0.42339 -2.10309 -0.0289527 0.499304 2.22709 -2.69868 -0.43727 -2.10294 -0.039331 0.0243974 0.0682936 -0.0152213 -0.0138795 0.000149445 0.0824995 1.17769 0.0144182 0.459052 2.11506 -2.73714 -0.537147 -2.13228 0.00403992 -0.0158542 -0.0437387 -0.053683 -0.113757 -0.0291912 0.0466985 7.71246 -1.74355 0.561756 2.9834 -0.00315478 -0.0909646 0.276916 -0.825712 0.841985 0.900475 0.117505 0.155172 -0.790935
154.167 0.0144856 0.474773 2.16018 -2.67199 -0.432712 -2.10469 -0.0222234 0.500293 2.22741 -2.72377 -0.515781 -2.10531 -0.0367091 0.0255196 0.0672315 -0.0517814 -0.0830692 -0.000618965 0.0807396 5.61674 0.0203093 0.458105 2.11876 -2.73814 -0.539227 -2.13239 0.00582365 -0.0166682 -0.0414172 -0.066148 -0.106515 -0.0276937 0.0450236 7.72852 -1.74824 0.56255 2.99053 -0.00239834 -0.0912284 0.276946 -0.828765 0.840863 0.906874 0.108829 0.166788 -0.79239
154.472 0.0180739 0.474144 2.16194 -2.65671 -0.444292 -2.10707 -0.0173168 0.500702 2.2292 -2.67725 -0.489238 -2.11658 -0.0353907 0.0265584 0.0672578 -0.0205385 -0.0449466 -0.00950833 0.0805076 2.98163 0.0247025 0.457123 2.12239 -2.73863 -0.540815 -2.1326 0.00662859 -0.0170204 -0.0395485 -0.0819142 -0.096523 -0.025525 0.0435628 7.82469 -1.75315 0.563506 2.99745 -0.00189887 -0.0913742 0.276909 -0.832716 0.839698 0.914823 0.0936444 0.187319 -0.794942
154.818 0.0226884 0.473105 2.1646 -2.63155 -0.460528 -2.11063 -0.0132316 0.494894 2.20768 -2.63778 -0.474713 -2.10571 -0.03592 0.0217889 0.0430827 -0.00623045 -0.0141849 0.00491665 0.0601758 0.881156 0.030033 0.456057 2.12822 -2.73874 -0.543195 -2.13308 0.00734462 -0.0170479 -0.0363831 -0.107189 -0.0826666 -0.0224484 0.0408449 8.32975 -1.75997 0.564986 3.00616 -0.00124612 -0.0916844 0.276752 -0.835559 0.839194 0.920441 0.0818586 0.206044 -0.797095
155.14 0.0260981 0.472425 2.16658 -2.61014 -0.471766 -2.11311 -0.0102651 0.491772 2.20233 -2.59266 -0.452705 -2.11708 -0.0363632 0.019347 0.0357527 0.0174802 0.0190602 -0.00396431 0.0545421 1.42985 0.036702 0.454239 2.13086 -2.73856 -0.54578 -2.13344 0.0106039 -0.018186 -0.0357235 -0.128422 -0.0740144 -0.0203257 0.0414649 9.04457 -1.76524 0.566217 3.01221 -0.000680798 -0.0921439 0.276568 -0.838285 0.83908 0.925823 0.0712328 0.226837 -0.799236
155.469 0.0289497 0.471651 2.16844 -2.58741 -0.480875 -2.11498 -0.00656931 0.495651 2.2285 -2.61043 -0.506777 -2.14118 -0.035519 0.024 0.0600633 -0.0230223 -0.0259023 -0.0262001 0.0737916 2.84124 0.0417482 0.452875 2.13511 -2.73859 -0.547699 -2.13387 0.0127985 -0.0187763 -0.0333227 -0.151188 -0.0668237 -0.0188889 0.040333 10.0032 -1.77062 0.567522 3.01771 -0.000244407 -0.092735 0.276341 -0.840891 0.839422 0.93097 0.062884 0.248988 -0.801111
155.841 0.0329386 0.469226 2.17082 -2.55741 -0.488678 -2.11611 -0.00362257 0.499643 2.25062 -2.59488 -0.458365 -2.10895 -0.0365612 0.0304164 0.079804 -0.03747 0.0303131 0.00715681 0.0929008 2.64397 0.0477171 0.453686 2.14496 -2.73933 -0.549828 -2.13433 0.0147784 -0.0155399 -0.0258549 -0.181911 -0.0611503 -0.0182205 0.0335911 11.5223 -1.77793 0.569331 3.02418 0.000690261 -0.0931739 0.275996 -0.8442 0.84065 0.937543 0.0561942 0.279213 -0.802808
156.203 0.0363997 0.466021 2.17258 -2.53658 -0.491639 -2.11608 0.000333085 0.493106 2.23013 -2.54247 -0.489738 -2.11208 -0.0360666 0.0270851 0.0575506 -0.00588497 0.0019004 0.0039993 0.0731196 0.323851 0.0531805 0.452552 2.15056 -2.74077 -0.550957 -2.13443 0.0167808 -0.013469 -0.022015 -0.204189 -0.0593182 -0.0183445 0.0307843 12.7174 -1.78345 0.570701 3.02856 0.00184378 -0.0930516 0.275728 -0.846611 0.842145 0.942404 0.0540501 0.301188 -0.803387
156.568 0.0395819 0.46168 2.1743 -2.5174 -0.492156 -2.11525 0.0042287 0.489243 2.23027 -2.54577 -0.488596 -2.11067 -0.0353532 0.0275631 0.0559707 -0.0283746 0.0035605 0.00458013 0.0717098 1.5334 0.0593655 0.449498 2.15501 -2.74234 -0.551193 -2.13446 0.0197836 -0.0121819 -0.0192894 -0.224949 -0.059037 -0.0192027 0.0301972 13.8871 -1.78897 0.572039 3.03267 0.00310872 -0.09253 0.275473 -0.849011 0.844163 0.947294 0.0542439 0.322142 -0.803307
156.868 0.0424682 0.455261 2.17635 -2.49401 -0.489699 -2.11307 0.00812099 0.485314 2.23469 -2.53037 -0.523999 -2.1226 -0.0343472 0.0300539 0.0583385 -0.0363647 -0.0343002 -0.0095294 0.0740699 3.09933 0.0681368 0.443939 2.16055 -2.74428 -0.550833 -2.1342 0.0256686 -0.0113214 -0.0158047 -0.250272 -0.0611343 -0.0211266 0.0322 15.38 -1.79617 0.573705 3.03781 0.00462632 -0.0916293 0.275167 -0.852278 0.847719 0.953827 0.0577255 0.348283 -0.802147
157.184 0.0429666 0.451084 2.17751 -2.47879 -0.486081 -2.11084 0.0102644 0.486556 2.26752 -2.50296 -0.476848 -2.11618 -0.0327022 0.0354718 0.0900194 -0.024173 0.00923286 -0.00533469 0.102133 1.63805 0.0730585 0.440349 2.16594 -2.74521 -0.550154 -2.13364 0.0300919 -0.0107344 -0.0115614 -0.266422 -0.064073 -0.0227974 0.0339767 16.3665 -1.80138 0.574829 3.0414 0.00535819 -0.0912562 0.274973 -0.854777 0.851007 0.9587 0.0624162 0.365297 -0.800543
157.53 0.0421724 0.447549 2.17829 -2.46724 -0.481145 -2.10817 0.0124102 0.487077 2.29788 -2.51291 -0.486753 -2.08296 -0.0297622 0.039528 0.119595 -0.0456701 -0.00560762 0.0252068 0.129426 2.34935 0.075716 0.43655 2.1694 -2.74538 -0.549357 -2.13349 0.0335436 -0.0109987 -0.00888544 -0.278139 -0.0682113 -0.0253228 0.0364019 17.1471 -1.80637 0.575828 3.04473 0.00577936 -0.0911865 0.274844 -0.857254 0.854756 0.963527 0.0687092 0.378405 -0.798387
157.842 0.0399585 0.443007 2.17883 -2.45951 -0.472817 -2.10413 0.0101825 0.471977 2.2454 -2.45847 -0.502118 -2.11823 -0.0297761 0.0289695 0.0665688 0.00104623 -0.0293012 -0.014097 0.0784682 1.85182 0.0795589 0.429792 2.17156 -2.74522 -0.548198 -2.13339 0.0396004 -0.0132155 -0.00727376 -0.285704 -0.0753812 -0.0292651 0.0423762 17.7797 -1.81264 0.576966 3.04867 0.00621001 -0.0912114 0.274805 -0.860431 0.860344 0.969807 0.0789477 0.38813 -0.794924
158.21 0.0378566 0.439222 2.17899 -2.46031 -0.465692 -2.10101 0.0101823 0.467998 2.24513 -2.45945 -0.500249 -2.11754 -0.0276743 0.0287759 0.0661382 0.000858208 -0.0345567 -0.0165267 0.077254 2.18534 0.0812904 0.425331 2.17526 -2.74465 -0.546336 -2.13307 0.0434338 -0.0138918 -0.00372727 -0.28434 -0.0806443 -0.0320601 0.0457534 17.8603 -1.81704 0.577681 3.0512 0.0065626 -0.0910984 0.274902 -0.862648 0.864855 0.974312 0.0872775 0.388907 -0.792202
158.56 0.0359279 0.435689 2.17889 -2.46692 -0.458758 -2.09822 0.00626079 0.463943 2.24448 -2.45826 -0.497542 -2.11759 -0.0296671 0.0282538 0.0655931 0.00866051 -0.0387845 -0.0193673 0.0773361 2.43076 0.0837844 0.419498 2.17539 -2.74454 -0.545509 -2.13279 0.0478565 -0.0161904 -0.00349701 -0.277622 -0.0867518 -0.0345627 0.0506419 17.6578 -1.82116 0.578284 3.05333 0.00712807 -0.09113 0.275124 -0.864652 0.869508 0.978576 0.0953416 0.38382 -0.78975
158.929 0.0337878 0.432192 2.1786 -2.47875 -0.452453 -2.09594 0.00439821 0.462715 2.26214 -2.44033 -0.417209 -2.09869 -0.0293895 0.0305236 0.0835363 0.0384185 0.0352439 -0.00275739 0.0936683 2.94184 0.0875872 0.41516 2.17863 -2.74429 -0.544741 -2.13254 0.0537994 -0.0170321 2.2335e-05 -0.265533 -0.0922881 -0.0366057 0.0564311 17.1512 -1.82501 0.578769 3.05507 0.0076627 -0.091209 0.275485 -0.866392 0.874177 0.982571 0.102398 0.373246 -0.787901
159.257 0.0293945 0.427517 2.17812 -2.50026 -0.445831 -2.09399 0.00236035 0.45363 2.23704 -2.47409 -0.455688 -2.10307 -0.0270342 0.0261134 0.0589205 0.0261662 -0.00985687 -0.00908176 0.0698883 1.469 0.0902024 0.410424 2.18192 -2.74358 -0.543773 -2.13176 0.0608078 -0.0170925 0.00379676 -0.243321 -0.0979415 -0.0377708 0.0632784 16.0941 -1.82971 0.579229 3.05696 0.00763981 -0.0913507 0.276169 -0.868244 0.880219 0.987527 0.10901 0.352336 -0.786716
159.596 0.0250678 0.423827 2.17782 -2.51867 -0.442593 -2.09353 -0.00154477 0.44959 2.23638 -2.47285 -0.452995 -2.10311 -0.0266126 0.0257628 0.0585634 0.045818 -0.010402 -0.00958209 0.0692937 2.50999 0.0908209 0.405724 2.18656 -2.74293 -0.543018 -2.13043 0.0657531 -0.0181033 0.00874099 -0.22426 -0.100425 -0.0369028 0.0687576 15.1076 -1.83291 0.579454 3.0582 0.00704837 -0.0913869 0.276794 -0.869247 0.884484 0.991041 0.111453 0.333406 -0.786697
159.959 0.020385 0.420058 2.17761 -2.53738 -0.441361 -2.0943 -0.00648079 0.447607 2.24601 -2.51277 -0.462039 -2.08888 -0.0268658 0.0275489 0.0684009 0.0246101 -0.0206786 0.00541825 0.0784818 1.96742 0.0899519 0.399473 2.19117 -2.74247 -0.541466 -2.12851 0.0695669 -0.0205847 0.0135615 -0.205095 -0.100105 -0.034214 0.0738052 14.016 -1.83586 0.579618 3.05949 0.0061867 -0.091381 0.277472 -0.869934 0.88842 0.994474 0.111322 0.313721 -0.787132
160.28 0.0149853 0.414872 2.17778 -2.55961 -0.443699 -2.09784 -0.0103992 0.443563 2.2454 -2.51148 -0.459312 -2.08894 -0.0253845 0.0286907 0.0676192 0.0481322 -0.015613 0.0088988 0.0777167 3.14523 0.0894226 0.393177 2.19486 -2.74225 -0.53941 -2.12612 0.0744373 -0.0216955 0.0170771 -0.182639 -0.0957109 -0.0282794 0.0793929 12.5747 -1.83939 0.579832 3.06157 0.00511387 -0.0911881 0.278385 -0.870407 0.893002 0.998982 0.10649 0.289127 -0.787832
160.609 0.0119056 0.410973 2.17829 -2.5726 -0.448399 -2.10244 -0.0152409 0.435377 2.22883 -2.52849 -0.496547 -2.1191 -0.0271465 0.0244043 0.0505415 0.0441102 -0.048148 -0.0166612 0.0623454 3.56524 0.0888321 0.389576 2.19843 -2.74224 -0.53844 -2.12476 0.0769266 -0.0213971 0.0201419 -0.169638 -0.0900408 -0.0223223 0.0823482 11.5945 -1.84173 0.580054 3.06349 0.00448341 -0.0909098 0.279023 -0.870463 0.895862 1.0023 0.0995382 0.273721 -0.788055
160.94 0.00950013 0.407581 2.17903 -2.58128 -0.455032 -2.10831 -0.0190774 0.429775 2.2249 -2.54703 -0.453907 -2.10481 -0.0285775 0.0221949 0.0458672 0.0342486 0.00112456 0.00350291 0.0584216 2.05938 0.0898533 0.385761 2.20301 -2.7422 -0.538098 -2.12351 0.0803532 -0.0218197 0.0239815 -0.160918 -0.0830658 -0.0151992 0.0866478 10.7712 -1.8438 0.580379 3.06572 0.00389293 -0.0907246 0.279592 -0.870267 0.898205 1.00557 0.0906018 0.262012 -0.787824
161.308 0.00696426 0.404397 2.18022 -2.58554 -0.465691 -2.11742 -0.0232734 0.431743 2.25028 -2.58135 -0.460391 -2.11454 -0.0302377 0.0273463 0.0700557 0.00419474 0.00529988 0.00287793 0.0810552 0.461401 0.0892549 0.383186 2.20817 -2.74202 -0.538366 -2.12253 0.0822906 -0.021211 0.0279499 -0.156477 -0.0726751 -0.00511176 0.0894586 10.0148 -1.84609 0.581037 3.06914 0.00295354 -0.0908462 0.280207 -0.869616 0.900493 1.00985 0.0770321 0.252749 -0.786793
161.611 0.00538949 0.403663 2.18111 -2.58295 -0.474385 -2.12484 -0.0252382 0.427854 2.25047 -2.58279 -0.454946 -2.11318 -0.0306277 0.024191 0.0693646 0.000160393 0.0194394 0.0116608 0.0795909 1.30086 0.088678 0.382786 2.2119 -2.74133 -0.53883 -2.12206 0.0832886 -0.020877 0.0307929 -0.158376 -0.064445 0.00277975 0.0912197 9.72474 -1.84745 0.581747 3.07202 0.00204655 -0.091481 0.280526 -0.868871 0.901589 1.01303 0.0665239 0.250806 -0.78553
161.935 0.00437486 0.404329 2.18196 -2.57558 -0.483191 -2.1326 -0.0271966 0.427728 2.24983 -2.58017 -0.457497 -2.11453 -0.0315715 0.0233991 0.0678729 -0.00458439 0.0256931 0.0180719 0.0784283 1.74966 0.0851374 0.381675 2.21536 -2.74017 -0.539419 -2.1219 0.0807625 -0.0226537 0.0333969 -0.164586 -0.0562283 0.0106962 0.0902836 9.69538 -1.84852 0.582683 3.07516 0.00110181 -0.0925496 0.280707 -0.867968 0.902173 1.01616 0.0562504 0.253187 -0.78391
162.289 0.00600471 0.408345 2.18285 -2.55942 -0.49523 -2.14335 -0.0283962 0.429904 2.26644 -2.56948 -0.450311 -2.13895 -0.0344009 0.0215591 0.0835896 -0.010053 0.0449191 0.00440033 0.092927 2.62421 0.0830232 0.383713 2.21954 -2.73832 -0.541052 -2.12256 0.0770185 -0.0246321 0.0366846 -0.178899 -0.0458214 0.0207885 0.0887938 10.0629 -1.84954 0.584319 3.0797 0.000808344 -0.0950472 0.280731 -0.866637 0.902227 1.02027 0.043616 0.26274 -0.781323
162.612 0.00913893 0.413398 2.18335 -2.54299 -0.504264 -2.15153 -0.0272577 0.429361 2.25337 -2.5588 -0.497394 -2.12871 -0.0363967 0.0159629 0.0700213 -0.0158026 0.0068708 0.0228215 0.0805141 1.24395 0.0830905 0.387122 2.22329 -2.73683 -0.543181 -2.12349 0.0739516 -0.0262758 0.0399449 -0.193838 -0.0389164 0.0280353 0.0880616 10.6316 -1.85006 0.585818 3.08334 0.00120133 -0.0975646 0.280597 -0.865674 0.901791 1.02328 0.034988 0.274316 -0.779284
162.965 0.0137304 0.419826 2.1837 -2.52363 -0.513325 -2.15965 -0.0236248 0.43973 2.27655 -2.56676 -0.551145 -2.15469 -0.0373552 0.0199046 0.0928583 -0.0431306 -0.0378201 0.00496337 0.10205 3.18887 0.0838568 0.390169 2.22488 -2.7357 -0.545797 -2.12464 0.0701264 -0.0296567 0.041188 -0.212067 -0.0324721 0.0350156 0.0865661 11.4223 -1.85046 0.587492 3.08717 0.00209863 -0.100484 0.280343 -0.86486 0.901006 1.02622 0.0269261 0.289046 -0.77742
163.295 0.0189784 0.426654 2.184 -2.50237 -0.522317 -2.16758 -0.0202813 0.439938 2.24709 -2.51591 -0.487007 -2.14382 -0.0392597 0.0132844 0.0630884 -0.0135373 0.0353095 0.023765 0.0754847 2.35085 0.085486 0.394307 2.22348 -2.7346 -0.548519 -2.12636 0.0665076 -0.0323465 0.0394835 -0.23223 -0.0262022 0.0412254 0.0838362 12.3603 -1.8508 0.589258 3.09113 0.00318049 -0.103375 0.279994 -0.864302 0.899911 1.02909 0.0189966 0.305891 -0.776008
163.665 0.0242202 0.433008 2.18432 -2.48123 -0.530807 -2.17498 -0.0124658 0.449205 2.24937 -2.49454 -0.530648 -2.15979 -0.036686 0.0161969 0.0650547 -0.013313 0.000159117 0.0151888 0.0764219 0.817092 0.0871672 0.399163 2.2208 -2.73342 -0.550897 -2.12838 0.062947 -0.0338452 0.0364823 -0.252184 -0.0200895 0.0465968 0.080242 13.3218 -1.85117 0.591023 3.09503 0.00420584 -0.105898 0.279566 -0.864046 0.898538 1.03178 0.0112357 0.323043 -0.775221
163.99 0.0301683 0.439689 2.18461 -2.45662 -0.539293 -2.18257 -0.00755038 0.456188 2.24991 -2.43882 -0.547678 -2.18685 -0.0377187 0.0164991 0.0652928 0.0177969 -0.00838565 -0.00427743 0.0771885 1.03552 0.0881041 0.404243 2.21897 -2.73118 -0.553806 -2.13146 0.0579357 -0.0354455 0.0343529 -0.274559 -0.0145133 0.0511107 0.0761121 14.45 -1.85182 0.593223 3.09962 0.00509615 -0.108385 0.278932 -0.86413 0.896428 1.03494 0.00331296 0.343228 -0.774892
164.321 0.0336446 0.444304 2.18447 -2.44306 -0.542359 -2.18552 -0.002619 0.465165 2.26955 -2.42819 -0.516248 -2.15542 -0.0362636 0.0208607 0.0850781 0.0148705 0.0261116 0.0301006 0.0948077 2.72434 0.0878826 0.407107 2.2177 -2.72914 -0.555926 -2.13337 0.0542381 -0.0371971 0.0332309 -0.286084 -0.0135667 0.0521544 0.0736864 15.0675 -1.85252 0.59467 3.10235 0.00540252 -0.110114 0.278452 -0.864464 0.894794 1.03695 0.00110129 0.354682 -0.774715
164.701 0.0365468 0.448347 2.18395 -2.43494 -0.541736 -2.18557 0.000305085 0.468217 2.25106 -2.43935 -0.55506 -2.18781 -0.0362417 0.0198705 0.0671107 -0.00441893 -0.013324 -0.002235 0.0788171 0.835094 0.085442 0.414424 2.22129 -2.72697 -0.557791 -2.13498 0.0488952 -0.0339227 0.0373394 -0.292032 -0.0160548 0.0505881 0.0702547 15.443 -1.85346 0.595887 3.10437 0.00557953 -0.111708 0.278007 -0.864998 0.893252 1.03871 0.00329204 0.362141 -0.774108
165.108 0.0400247 0.451802 2.18289 -2.43326 -0.535492 -2.1818 0.00423617 0.472256 2.25157 -2.44025 -0.557865 -2.18787 -0.0357885 0.0204544 0.0686751 -0.00698617 -0.0223732 -0.00606505 0.0800966 1.43831 0.0834076 0.4239 2.22671 -2.72457 -0.559242 -2.13625 0.0433829 -0.0279016 0.0438181 -0.291303 -0.0237508 0.0455573 0.0676802 15.5512 -1.85522 0.597083 3.10626 0.00590318 -0.113223 0.27753 -0.866053 0.891454 1.04099 0.0123383 0.365259 -0.772245
165.524 0.0423204 0.452662 2.182 -2.43798 -0.527857 -2.17735 0.00816906 0.476299 2.25209 -2.44115 -0.560668 -2.18793 -0.0341513 0.0236372 0.0700845 -0.00317895 -0.0328113 -0.0105766 0.081467 2.01227 0.0807687 0.427222 2.22995 -2.72314 -0.559573 -2.13658 0.0384484 -0.0254394 0.0479452 -0.28516 -0.0317159 0.0407722 0.0665146 15.3676 -1.857 0.59761 3.10744 0.00623715 -0.113781 0.2773 -0.867169 0.890351 1.04292 0.0221055 0.362775 -0.770057
166.032 0.0446554 0.451273 2.18096 -2.4489 -0.51534 -2.17087 0.0102415 0.479308 2.26146 -2.39233 -0.512928 -2.17067 -0.0344139 0.0280345 0.080506 0.0565653 0.00241256 0.000204478 0.0919319 3.24968 0.078938 0.428415 2.23399 -2.72218 -0.55913 -2.13632 0.0342826 -0.0228588 0.0530304 -0.273282 -0.0437899 0.0345533 0.0671569 14.9531 -1.86002 0.597758 3.10911 0.00673901 -0.113614 0.277186 -0.869236 0.88935 1.04601 0.0367223 0.355492 -0.766321
166.464 0.044647 0.449206 2.18032 -2.45791 -0.505525 -2.16657 0.0121038 0.476372 2.25244 -2.4433 -0.561689 -2.18714 -0.0325432 0.0271666 0.0721216 0.0146111 -0.0561642 -0.0205746 0.0836577 3.38252 0.0791683 0.429342 2.23875 -2.72163 -0.558302 -2.13561 0.0345214 -0.0198637 0.058439 -0.263717 -0.0527768 0.030958 0.0707206 14.6062 -1.8628 0.597423 3.11066 0.00663775 -0.113156 0.277238 -0.871292 0.889024 1.04876 0.0473317 0.348594 -0.763209
166.854 0.0421778 0.446914 2.1798 -2.46636 -0.496671 -2.16343 0.0132249 0.477034 2.2647 -2.44936 -0.493722 -2.14175 -0.0289529 0.03012 0.0848956 0.0170015 0.00294931 0.021678 0.0946189 1.91581 0.0770476 0.428926 2.24395 -2.7208 -0.557305 -2.13491 0.0348698 -0.0179881 0.0641441 -0.254447 -0.0606338 0.0285229 0.0751927 14.256 -1.86599 0.596712 3.11262 0.00568903 -0.112667 0.277402 -0.873812 0.889058 1.05195 0.0560897 0.340922 -0.760221
167.216 0.0384989 0.44416 2.17946 -2.47473 -0.489747 -2.16179 0.0110864 0.468182 2.23207 -2.44298 -0.478755 -2.17189 -0.0274126 0.024022 0.0526071 0.0317565 0.0109914 -0.0100999 0.0640001 1.74966 0.0734021 0.42798 2.25091 -2.72015 -0.556169 -2.13407 0.0349031 -0.0161805 0.0714492 -0.245411 -0.0664227 0.0277206 0.0811481 13.8681 -1.8709 0.595261 3.11603 0.00411385 -0.111719 0.277772 -0.877863 0.889618 1.05686 0.0633818 0.329548 -0.756925
167.541 0.0351565 0.440513 2.17949 -2.48358 -0.485419 -2.16164 0.00718747 0.464153 2.23144 -2.44198 -0.475981 -2.17182 -0.027969 0.02364 0.0519475 0.0415975 0.00943851 -0.0101817 0.0635583 2.2421 0.0710259 0.425942 2.25684 -2.72086 -0.555044 -2.13309 0.0358695 -0.0145708 0.0773412 -0.237284 -0.0696251 0.0285535 0.0864904 13.4619 -1.87505 0.593881 3.11918 0.00342624 -0.110656 0.278142 -0.880154 0.8901 1.05959 0.0649489 0.323293 -0.755704
167.924 0.0311661 0.434446 2.18009 -2.49617 -0.483528 -2.16333 0.00329079 0.460128 2.23082 -2.44099 -0.473205 -2.17175 -0.0278753 0.025682 0.0507368 0.0551831 0.0103229 -0.00841742 0.063331 3.02905 0.0703178 0.423527 2.26242 -2.72204 -0.553923 -2.13199 0.0391517 -0.0109194 0.0823275 -0.225868 -0.0703949 0.0313478 0.0918145 12.7999 -1.87957 0.592312 3.12282 0.00305616 -0.109297 0.278566 -0.885205 0.89145 1.06556 0.0641476 0.310199 -0.754243
168.289 0.0280845 0.429303 2.18083 -2.50492 -0.484705 -2.1656 0.000344383 0.458406 2.24144 -2.48104 -0.485406 -2.15746 -0.0277401 0.0291022 0.0606128 0.023881 -0.000701144 0.00813892 0.0727349 1.63901 0.0688362 0.420701 2.26898 -2.72333 -0.552623 -2.13081 0.0407517 -0.00860248 0.0881552 -0.218412 -0.0679182 0.0347846 0.0974989 12.2846 -1.8844 0.5906 3.12695 0.00282394 -0.107757 0.279013 -0.889379 0.892812 1.07046 0.0605716 0.30092 -0.753974
168.655 0.0230923 0.422748 2.18191 -2.51448 -0.488537 -2.16903 -0.00364881 0.456528 2.26607 -2.51202 -0.489356 -2.16735 -0.0267411 0.0337803 0.0841593 0.00245564 -0.000818899 0.00167848 0.0945462 0.209357 0.0684573 0.415558 2.27611 -2.72461 -0.55102 -2.12958 0.0453651 -0.0071903 0.0941975 -0.210136 -0.0624829 0.0394492 0.104799 11.6526 -1.89121 0.588174 3.1331 0.00239918 -0.105874 0.279597 -0.895359 0.89512 1.07753 0.0536453 0.290396 -0.754466
169.061 0.0184515 0.418462 2.18272 -2.52024 -0.492318 -2.17147 -0.00747666 0.446398 2.24012 -2.48007 -0.47794 -2.15665 -0.0259281 0.027936 0.0574 0.0401689 0.0143779 0.0148144 0.0689017 2.9186 0.0663581 0.411306 2.27888 -2.72515 -0.550505 -2.12901 0.0479066 -0.00715562 0.0961604 -0.20491 -0.0581872 0.0424571 0.107671 11.241 -1.89651 0.586312 3.13804 0.00183729 -0.104778 0.279981 -0.900049 0.897172 1.08313 0.0477992 0.283597 -0.755352
169.445 0.0142161 0.414288 2.18354 -2.52563 -0.496598 -2.1737 -0.0126447 0.447224 2.2742 -2.52862 -0.536544 -2.16824 -0.0268608 0.0329361 0.0906622 -0.00299218 -0.0399469 0.00545811 0.10013 2.30495 0.0636582 0.406448 2.28095 -2.72579 -0.55015 -2.1284 0.0494421 -0.00784047 0.0974098 -0.200166 -0.0535527 0.0452909 0.10952 10.8571 -1.90192 0.584478 3.14309 0.00157162 -0.103754 0.280295 -0.904845 0.899427 1.08884 0.0417814 0.277491 -0.75658
169.763 0.0100986 0.40893 2.18462 -2.53244 -0.502725 -2.17627 -0.0181114 0.431568 2.2194 -2.49217 -0.506582 -2.1866 -0.02821 0.0226382 0.0347802 0.0402701 -0.00385694 -0.0103369 0.0501792 2.09798 0.0635929 0.399713 2.28166 -2.72656 -0.550059 -2.12792 0.0534943 -0.0092176 0.0970382 -0.194121 -0.0473344 0.0483455 0.111189 10.3793 -1.90922 0.582152 3.14972 0.00203159 -0.102489 0.280591 -0.911326 0.902662 1.09635 0.0340232 0.270549 -0.758534
170.132 0.00725767 0.405764 2.18532 -2.53659 -0.507391 -2.17791 -0.0213283 0.431424 2.24384 -2.56055 -0.537848 -2.18521 -0.028586 0.0256595 0.0585183 -0.0239696 -0.0304576 -0.00729811 0.0699998 2.3831 0.0651876 0.395376 2.28314 -2.72691 -0.550094 -2.12785 0.05793 -0.0103878 0.0978219 -0.190324 -0.042703 0.0500642 0.114162 10.0762 -1.91469 0.580522 3.15446 0.00252182 -0.101906 0.280716 -0.916201 0.90519 1.10175 0.0286559 0.266377 -0.760124
170.461 0.00400054 0.403007 2.18595 -2.53955 -0.511766 -2.17927 -0.024786 0.436805 2.29235 -2.58257 -0.504782 -2.16453 -0.0287866 0.033798 0.106398 -0.0430198 0.00698399 0.0147369 0.115288 2.21876 0.0656055 0.390862 2.28299 -2.72647 -0.550265 -2.1283 0.061605 -0.0121453 0.0970393 -0.186922 -0.0384988 0.0509658 0.115582 9.81746 -1.9201 0.579003 3.15891 0.00280915 -0.101479 0.280755 -0.921059 0.907744 1.10684 0.0237152 0.263257 -0.761779
170.796 0.0008241 0.400165 2.18662 -2.54136 -0.515975 -2.18042 -0.0284695 0.429728 2.27085 -2.54944 -0.487311 -2.15251 -0.0292936 0.0295625 0.0842283 -0.00808303 0.0286631 0.0279082 0.0939493 2.18086 0.0670451 0.386623 2.28298 -2.72624 -0.550529 -2.12898 0.066221 -0.013542 0.0963597 -0.184882 -0.0345548 0.0514376 0.117702 9.64594 -1.92544 0.577612 3.16307 0.0030904 -0.100962 0.280721 -0.925892 0.910266 1.11157 0.0189291 0.261419 -0.763529
171.15 -0.00205196 0.396339 2.18763 -2.54211 -0.522065 -2.18188 -0.0324715 0.427018 2.27236 -2.52406 -0.522115 -2.16796 -0.0304195 0.0306794 0.0847362 0.018047 -5.0315e-05 0.0139182 0.0951146 1.58979 0.0703298 0.381616 2.28117 -2.72701 -0.551154 -2.12978 0.0723818 -0.0147232 0.0935425 -0.184908 -0.029089 0.0521026 0.119189 9.56904 -1.93235 0.575982 3.16815 0.00397991 -0.100111 0.280579 -0.932297 0.913474 1.11722 0.0122369 0.261171 -0.766153
171.476 -0.00355192 0.393407 2.18843 -2.54208 -0.526754 -2.18272 -0.034468 0.42319 2.27311 -2.52673 -0.519179 -2.16644 -0.0309161 0.0297835 0.0846772 0.0153468 0.00757519 0.0162791 0.0949373 1.62823 0.0735516 0.377359 2.2824 -2.72816 -0.551625 -2.13024 0.0771035 -0.0160473 0.0939638 -0.186089 -0.0248703 0.0524729 0.122604 9.5816 -1.93732 0.574931 3.17154 0.00482544 -0.099339 0.280405 -0.937002 0.915682 1.1209 0.00714758 0.261919 -0.768436
171.871 -0.00482421 0.390693 2.18913 -2.54216 -0.530808 -2.18278 -0.0364311 0.418999 2.27192 -2.52441 -0.517409 -2.16713 -0.0316069 0.0283058 0.0827907 0.0177461 0.0133995 0.0156536 0.0930296 1.82756 0.0779914 0.375686 2.28355 -2.72963 -0.552688 -2.13062 0.0828156 -0.0150073 0.0944218 -0.187468 -0.0218798 0.0521626 0.126488 9.63043 -1.94206 0.57402 3.17448 0.00565353 -0.0985949 0.280183 -0.941527 0.917697 1.1241 0.00292629 0.262897 -0.770958
172.24 -0.00633661 0.388491 2.18965 -2.54353 -0.534295 -2.18099 -0.0369976 0.410724 2.24324 -2.53303 -0.55648 -2.19871 -0.0306609 0.022233 0.0535906 0.010506 -0.0221858 -0.0177181 0.0656229 1.54104 0.0790746 0.372714 2.28267 -2.73054 -0.55444 -2.13122 0.0854112 -0.0157768 0.0930211 -0.187003 -0.0201457 0.0497691 0.127267 9.62267 -1.94795 0.573005 3.17756 0.00662358 -0.0982 0.279817 -0.9471 0.920063 1.1277 0.000182739 0.263471 -0.77455
172.565 -0.00720702 0.38772 2.1897 -2.54632 -0.53538 -2.17826 -0.0395144 0.414682 2.27555 -2.54026 -0.568763 -2.1674 -0.0323074 0.026962 0.0858546 0.00606059 -0.033383 0.0108648 0.0956124 2.09592 0.0772242 0.369874 2.28301 -2.73075 -0.555895 -2.13164 0.0844313 -0.0178455 0.0933063 -0.18443 -0.0205145 0.0466224 0.127095 9.5322 -1.95202 0.572378 3.17922 0.00728731 -0.0982941 0.279507 -0.950838 0.921541 1.1299 0.000337718 0.262607 -0.777328
172.922 -0.00749598 0.387827 2.1895 -2.55074 -0.535716 -2.17488 -0.0408185 0.41589 2.29303 -2.556 -0.525794 -2.17763 -0.0333225 0.0280626 0.103523 -0.00525836 0.00992247 -0.00274449 0.112316 0.697735 0.0775054 0.369506 2.28323 -2.73012 -0.557622 -2.13201 0.0850014 -0.0183213 0.093726 -0.179386 -0.0219055 0.0428726 0.127849 9.32641 -1.95578 0.571846 3.18036 0.00803491 -0.0987885 0.27919 -0.954156 0.922706 1.13168 0.0018127 0.260321 -0.780053
173.28 -0.00746621 0.388475 2.18915 -2.5565 -0.535749 -2.17147 -0.0403895 0.410986 2.2715 -2.52477 -0.51271 -2.1663 -0.0329233 0.0225109 0.0823535 0.0317215 0.0230393 0.0051654 0.0915029 2.38162 0.0786783 0.370282 2.28463 -2.72918 -0.558511 -2.13252 0.0861445 -0.0181933 0.0954829 -0.17268 -0.0227619 0.0389499 0.12988 9.03227 -1.95926 0.571383 3.18106 0.00872204 -0.0995394 0.278887 -0.957034 0.923499 1.1331 0.00378317 0.256543 -0.782582
173.636 -0.00796536 0.389525 2.18863 -2.56544 -0.53638 -2.16814 -0.0408185 0.41589 2.29303 -2.556 -0.525794 -2.17763 -0.0328532 0.0263647 0.104401 0.00943924 0.0105864 -0.00948168 0.112579 0.811324 0.0801053 0.370958 2.28454 -2.7278 -0.559297 -2.13323 0.0880707 -0.0185668 0.0959108 -0.162361 -0.0229169 0.0349147 0.13153 8.53631 -1.96347 0.570827 3.18157 0.00899895 -0.100658 0.278555 -0.960178 0.923847 1.13457 0.00525581 0.24901 -0.785458
173.967 -0.00849366 0.389885 2.18839 -2.57258 -0.538329 -2.16747 -0.0396354 0.406749 2.2269 -2.54417 -0.56221 -2.17304 -0.0311418 0.0168645 0.0385052 0.0284094 -0.0238814 -0.00557512 0.0523152 2.01984 0.0794021 0.371411 2.28402 -2.72642 -0.559477 -2.13368 0.0878957 -0.0184742 0.0956307 -0.153845 -0.0211489 0.0337931 0.131195 8.0683 -1.96637 0.570439 3.1818 0.00880283 -0.101317 0.278386 -0.962037 0.923481 1.13542 0.00403268 0.241733 -0.787149
174.349 -0.00870955 0.389361 2.18853 -2.58102 -0.543736 -2.16956 -0.041562 0.406596 2.22606 -2.54051 -0.562018 -2.17455 -0.0328525 0.0172347 0.0375367 0.0405089 -0.0182817 -0.00499634 0.0527762 2.42237 0.0760149 0.372488 2.2845 -2.7251 -0.559302 -2.13393 0.0847245 -0.0168737 0.0959766 -0.144088 -0.0155656 0.0356205 0.12913 7.44661 -1.96991 0.569967 3.18209 0.00830358 -0.101733 0.278285 -0.963926 0.922142 1.13626 -0.00169972 0.231585 -0.788706
174.659 -0.00838704 0.388649 2.18881 -2.58428 -0.547636 -2.17179 -0.0434695 0.415601 2.27507 -2.56338 -0.534705 -2.15375 -0.0350824 0.026952 0.0862601 0.0209012 0.0129304 0.0180409 0.0969432 2.08018 0.0736024 0.372137 2.28557 -2.72452 -0.558969 -2.13394 0.0819894 -0.0165124 0.096765 -0.140237 -0.0113335 0.0378511 0.1279 7.16697 -1.97233 0.569662 3.18239 0.00795932 -0.101694 0.278297 -0.964637 0.921126 1.13658 -0.0062503 0.226946 -0.789203
175.107 -0.00672796 0.387026 2.18971 -2.58809 -0.557937 -2.17836 -0.0419205 0.406732 2.24287 -2.56973 -0.575635 -2.18565 -0.0351926 0.0197062 0.0531558 0.0183623 -0.0176982 -0.00729544 0.0667262 1.35566 0.0717707 0.371236 2.28663 -2.72408 -0.558482 -2.13382 0.0784986 -0.01579 0.0969163 -0.135985 -0.000545142 0.0445328 0.125714 6.79339 -1.97454 0.569412 3.18284 0.00764812 -0.101545 0.278365 -0.965637 0.918434 1.13709 -0.0184444 0.219408 -0.789853
175.456 -0.0046595 0.386261 2.19061 -2.58785 -0.568039 -2.1849 -0.0398584 0.415904 2.29315 -2.59691 -0.550561 -2.1644 -0.0351989 0.0296427 0.102532 -0.00906249 0.0174784 0.0204946 0.112385 1.41582 0.0688181 0.371328 2.28828 -2.7238 -0.558232 -2.1337 0.0734776 -0.0149329 0.0976691 -0.135958 0.00980772 0.0511988 0.123131 6.72263 -1.97651 0.569228 3.18354 0.00741134 -0.101507 0.278475 -0.966085 0.91587 1.13742 -0.0302142 0.215961 -0.790338
175.808 -0.00114851 0.386637 2.19205 -2.58176 -0.584972 -2.19551 -0.0382595 0.407998 2.25528 -2.59667 -0.595675 -2.19846 -0.037111 0.0213605 0.0632272 -0.0149151 -0.0107024 -0.00295693 0.0763622 1.13849 0.0664735 0.371055 2.28952 -2.723 -0.558406 -2.13363 0.067622 -0.0155819 0.0974768 -0.141236 0.0265661 0.0618736 0.119655 7.02174 -1.97872 0.569096 3.18501 0.00709549 -0.10182 0.278641 -0.96647 0.911815 1.13783 -0.0494713 0.215783 -0.791619
176.16 0.00166243 0.388083 2.19322 -2.57295 -0.59985 -2.20442 -0.0343228 0.408014 2.25537 -2.5988 -0.596879 -2.19764 -0.0359852 0.0199304 0.0621473 -0.0258498 0.00297035 0.00677315 0.0745281 1.31373 0.0656509 0.372807 2.29195 -2.7218 -0.558891 -2.13362 0.0639885 -0.0152763 0.0987269 -0.148846 0.0409588 0.0707984 0.118638 7.53499 -1.98001 0.569084 3.18653 0.00672892 -0.102339 0.278749 -0.966688 0.908352 1.13812 -0.0661342 0.21894 -0.793462
176.529 0.00444213 0.3905 2.19434 -2.56139 -0.615176 -2.21316 -0.0318503 0.416824 2.29279 -2.5717 -0.587061 -2.17825 -0.0362924 0.0263243 0.0984541 -0.0103031 0.0281155 0.0349075 0.108182 2.36811 0.0655137 0.375621 2.29643 -2.72065 -0.559519 -2.13375 0.0610716 -0.014879 0.102099 -0.159252 0.0556575 0.0794064 0.119897 8.24936 -1.98099 0.569151 3.18831 0.00622412 -0.103104 0.278822 -0.966861 0.904639 1.13843 -0.0831205 0.224527 -0.796205
176.911 0.00738614 0.394439 2.19515 -2.54809 -0.62959 -2.22071 -0.0290838 0.421126 2.31083 -2.56208 -0.580217 -2.20409 -0.0364699 0.0266869 0.115673 -0.013987 0.0493732 0.0166152 0.124188 2.94663 0.0655237 0.378887 2.29951 -2.719 -0.560834 -2.13421 0.0581376 -0.0155516 0.104357 -0.170909 0.0687566 0.0864976 0.120467 9.02504 -1.98166 0.569297 3.19022 0.00572114 -0.104413 0.278849 -0.966963 0.900818 1.13882 -0.0983997 0.232058 -0.799778
177.269 0.0116688 0.400862 2.19577 -2.53036 -0.645018 -2.22728 -0.0244632 0.415554 2.25361 -2.54193 -0.660609 -2.22753 -0.036132 0.0146926 0.0578392 -0.0115748 -0.0155912 -0.000250242 0.0697622 1.11768 0.066319 0.384547 2.30268 -2.71706 -0.563058 -2.13507 0.0546502 -0.0163146 0.106916 -0.186702 0.0819597 0.0922025 0.121177 10.0022 -1.98211 0.569604 3.19277 0.00521926 -0.106545 0.278796 -0.966966 0.895765 1.13948 -0.113822 0.2439 -0.805485
177.583 0.0150978 0.405029 2.19604 -2.51816 -0.653054 -2.22924 -0.0215267 0.420363 2.25825 -2.50651 -0.639237 -2.24186 -0.0366245 0.0153347 0.0622136 0.0116534 0.0138171 -0.0126173 0.0738041 1.00678 0.0667672 0.390075 2.30531 -2.71614 -0.56437 -2.13562 0.0516694 -0.0149537 0.109275 -0.197978 0.0886845 0.0936216 0.121797 10.6531 -1.98218 0.569897 3.19466 0.00501139 -0.107799 0.278692 -0.966926 0.892137 1.14011 -0.121414 0.253666 -0.810142
178.004 0.0194241 0.409625 2.1962 -2.50317 -0.659346 -2.22871 -0.0184161 0.422892 2.24037 -2.48877 -0.676602 -2.23176 -0.0378402 0.0132664 0.0441636 0.0143927 -0.0172563 -0.00305361 0.0596515 1.22844 0.0694951 0.39716 2.30746 -2.71546 -0.565318 -2.13638 0.0500709 -0.0124651 0.111259 -0.212292 0.0940273 0.0923313 0.122642 11.4351 -1.98198 0.570336 3.19723 0.00482453 -0.108959 0.278474 -0.966937 0.887704 1.14118 -0.126846 0.267668 -0.816255
178.686 0.0230834 0.415054 2.19609 -2.48301 -0.661057 -2.22432 -0.0118364 0.439434 2.29068 -2.48694 -0.689419 -2.22637 -0.0349198 0.02438 0.094589 -0.0039345 -0.0283628 -0.00205398 0.103735 1.65493 0.0715178 0.402662 2.31024 -2.71426 -0.565748 -2.13758 0.0484344 -0.0123915 0.114156 -0.231251 0.0953082 0.0867349 0.124623 12.41 -1.98115 0.57104 3.2013 0.00386065 -0.109883 0.278087 -0.967283 0.882304 1.14326 -0.127616 0.28858 -0.82357
179.047 0.0239595 0.418184 2.19584 -2.47391 -0.660874 -2.22257 -0.00775277 0.439601 2.27602 -2.46789 -0.677383 -2.21221 -0.0317123 0.0214166 0.0801802 0.00602669 -0.0165088 0.0103587 0.0888437 1.27288 0.0724329 0.404755 2.31138 -2.71411 -0.566151 -2.13822 0.0484734 -0.0134295 0.115539 -0.240193 0.0947231 0.0843457 0.126013 12.8592 -1.98052 0.571421 3.20354 0.00327246 -0.110418 0.277916 -0.9677 0.880254 1.14448 -0.127081 0.297794 -0.826104
179.4 0.0250267 0.423077 2.19544 -2.46292 -0.662278 -2.22227 -0.00775364 0.44359 2.27609 -2.46641 -0.679062 -2.21325 -0.0327804 0.0205129 0.080647 -0.00348877 -0.0167845 0.00901712 0.0894386 1.05053 0.0724615 0.407243 2.31181 -2.71404 -0.566769 -2.139 0.0474348 -0.0158344 0.116362 -0.251113 0.0955083 0.0832706 0.126653 13.4266 -1.97952 0.57199 3.20682 0.00280388 -0.11129 0.277771 -0.96861 0.878243 1.14619 -0.12821 0.307935 -0.828717
179.801 0.0262928 0.427049 2.19514 -2.4565 -0.665379 -2.22363 -0.00775451 0.447579 2.27616 -2.46493 -0.680742 -2.2143 -0.0340473 0.0205299 0.0810155 -0.00843418 -0.0153627 0.0093325 0.0902453 0.985959 0.0734571 0.410102 2.31131 -2.71424 -0.567433 -2.13945 0.0471643 -0.0169472 0.116166 -0.257737 0.0979463 0.0841741 0.126516 13.7901 -1.97867 0.572463 3.20941 0.00294929 -0.111978 0.27773 -0.969542 0.877285 1.14746 -0.131164 0.313132 -0.830446
180.164 0.0274298 0.430608 2.19496 -2.45218 -0.670393 -2.22625 -0.00562785 0.442112 2.22871 -2.409 -0.679765 -2.24991 -0.0330576 0.0115037 0.03375 0.0431844 -0.00937191 -0.023664 0.0486231 2.01383 0.0750157 0.413216 2.3145 -2.7152 -0.568025 -2.13932 0.0475859 -0.0173916 0.119546 -0.263023 0.102368 0.0869258 0.129839 14.101 -1.97776 0.572962 3.21206 0.00327276 -0.112421 0.277753 -0.970662 0.876775 1.14865 -0.136407 0.315685 -0.832249
180.484 0.028036 0.434455 2.19498 -2.44933 -0.680834 -2.23229 -0.00475498 0.455845 2.27768 -2.42862 -0.663468 -2.23026 -0.032791 0.0213899 0.082698 0.0207073 0.0173657 0.00203309 0.0914972 1.60718 0.0762672 0.414817 2.31735 -2.71668 -0.567833 -2.13876 0.0482311 -0.0196381 0.12237 -0.267346 0.113001 0.0935338 0.13299 14.4519 -1.97645 0.573635 3.21582 0.00361287 -0.112505 0.277897 -0.972443 0.876678 1.15023 -0.148153 0.314603 -0.834997
180.845 0.0279322 0.437516 2.19511 -2.44878 -0.692071 -2.23927 -0.0037823 0.459594 2.27658 -2.46267 -0.686923 -2.21646 -0.0317145 0.0220772 0.0814724 -0.0138875 0.00514735 0.0228102 0.0901718 1.05127 0.0757105 0.415463 2.31977 -2.71755 -0.56757 -2.13836 0.0477783 -0.0220534 0.124665 -0.268776 0.1245 0.100913 0.135316 14.6979 -1.97538 0.574135 3.21885 0.00381449 -0.112548 0.278097 -0.973978 0.87694 1.15141 -0.160886 0.310473 -0.837242
181.164 0.0273507 0.441145 2.19525 -2.44908 -0.70589 -2.2483 -0.00378307 0.463585 2.27665 -2.46117 -0.688606 -2.21753 -0.0311338 0.0224405 0.0814073 -0.012095 0.0172842 0.0307763 0.0900002 1.73235 0.0746771 0.416367 2.32222 -2.71801 -0.566975 -2.13782 0.0473264 -0.0247774 0.126979 -0.268933 0.138916 0.110484 0.137758 14.9737 -1.97423 0.574626 3.22205 0.00392966 -0.112764 0.278368 -0.975642 0.87741 1.15259 -0.176522 0.303837 -0.839437
181.55 0.0262601 0.444799 2.19543 -2.44971 -0.721578 -2.25906 -0.00378835 0.466376 2.27569 -2.43213 -0.715452 -2.23477 -0.0300485 0.0215765 0.0802646 0.0175793 0.00612663 0.024291 0.0883791 2.21823 0.0735294 0.419106 2.32513 -2.71796 -0.566803 -2.13743 0.0472693 -0.0256931 0.129701 -0.268254 0.154775 0.121631 0.140417 15.2939 -1.97298 0.575109 3.22537 0.00391752 -0.112923 0.278701 -0.977401 0.878041 1.15378 -0.194277 0.295554 -0.841433
181.92 0.024266 0.449922 2.19572 -2.44926 -0.74391 -2.27517 -0.00583879 0.472112 2.28903 -2.44585 -0.729767 -2.25167 -0.0301048 0.0221899 0.0933064 0.00341608 0.0141437 0.0235009 0.100523 1.69189 0.0723859 0.4203 2.32894 -2.71731 -0.567177 -2.13708 0.0481199 -0.0296217 0.133221 -0.268051 0.176734 0.138088 0.144709 15.8638 -1.97117 0.575758 3.23 0.00376036 -0.11314 0.2792 -0.979877 0.879083 1.15542 -0.219826 0.284172 -0.843838
182.323 0.0231059 0.45342 2.19598 -2.44799 -0.760205 -2.28716 -0.00675416 0.469108 2.25078 -2.43424 -0.760895 -2.29065 -0.02986 0.0156878 0.0548031 0.0137415 -0.000690297 -0.0034942 0.0643515 0.66676 0.0716734 0.42059 2.32873 -2.71686 -0.567771 -2.13688 0.0485675 -0.0328304 0.132755 -0.268871 0.192434 0.150281 0.145122 16.3721 -1.96969 0.576264 3.23352 0.00385978 -0.113103 0.279571 -0.981763 0.880006 1.15669 -0.238511 0.276715 -0.845541
182.653 0.0224176 0.456827 2.19617 -2.44621 -0.775026 -2.29799 -0.00967678 0.471799 2.24023 -2.42692 -0.807421 -2.29852 -0.0320944 0.0149718 0.0440569 0.0192947 -0.0323947 -0.000532509 0.0565262 2.1494 0.0709116 0.422101 2.32929 -2.71696 -0.568421 -2.13664 0.048494 -0.0347258 0.133126 -0.270754 0.206606 0.161348 0.145877 16.9101 -1.9681 0.576796 3.23692 0.00420774 -0.11302 0.279894 -0.98359 0.881017 1.1579 -0.255368 0.270637 -0.847223
183.011 0.0216589 0.460485 2.19638 -2.44417 -0.791495 -2.3098 -0.00967727 0.475718 2.24025 -2.42503 -0.80894 -2.29995 -0.0313362 0.0152323 0.0438693 0.019144 -0.0174457 0.00984179 0.0560223 1.8461 0.0707072 0.425052 2.33161 -2.71741 -0.569 -2.13623 0.0490483 -0.035433 0.135235 -0.273235 0.222494 0.173562 0.148154 17.5628 -1.96578 0.577538 3.24108 0.00473333 -0.112536 0.280211 -0.985817 0.882343 1.15932 -0.274236 0.264157 -0.849344
183.372 0.0206076 0.463129 2.19636 -2.44321 -0.800967 -2.31648 -0.0107312 0.481777 2.25481 -2.40112 -0.80178 -2.33484 -0.0313388 0.0186481 0.0584451 0.0420888 -0.000813207 -0.0183602 0.068889 1.811 0.0719442 0.426987 2.33543 -2.71751 -0.569254 -2.13573 0.0513366 -0.0361425 0.139062 -0.274302 0.231712 0.180759 0.152578 17.9468 -1.96386 0.578113 3.24387 0.00485218 -0.112166 0.28035 -0.987229 0.883221 1.16023 -0.285156 0.260059 -0.850667
183.735 0.0186156 0.466902 2.19598 -2.44223 -0.807962 -2.32161 -0.0117027 0.482395 2.24853 -2.43442 -0.823825 -2.31906 -0.0303184 0.0154922 0.0525503 0.00780921 -0.0158632 0.00254272 0.0626158 1.06899 0.0722181 0.429386 2.33801 -2.71712 -0.569496 -2.13547 0.0536024 -0.0375159 0.142027 -0.274891 0.238466 0.186139 0.156372 18.2299 -1.96177 0.57871 3.24641 0.00445535 -0.112347 0.280402 -0.988346 0.883942 1.16106 -0.293048 0.256518 -0.851626
184.073 0.0165666 0.47149 2.19532 -2.4414 -0.812777 -2.32535 -0.0129612 0.497944 2.29742 -2.42319 -0.836084 -2.31949 -0.0295278 0.0264538 0.1021 0.0182124 -0.0233076 0.00586157 0.109527 1.87074 0.0709448 0.431894 2.34008 -2.71639 -0.569901 -2.13543 0.0543782 -0.039596 0.144765 -0.274984 0.242876 0.189925 0.15963 18.4092 -1.95953 0.579348 3.24871 0.0039116 -0.112952 0.280381 -0.989127 0.884459 1.16182 -0.298202 0.253642 -0.85217
184.42 0.0154445 0.478552 2.19414 -2.43979 -0.816998 -2.32904 -0.0147609 0.496735 2.2646 -2.40692 -0.819091 -2.35723 -0.0302053 0.0181834 0.070455 0.0328714 -0.00209234 -0.0281821 0.0787839 1.31522 0.0713651 0.43629 2.34258 -2.71596 -0.571138 -2.13569 0.0559206 -0.0422622 0.148439 -0.276176 0.24586 0.193356 0.164157 18.5577 -1.95639 0.580292 3.2515 0.00369725 -0.114291 0.280247 -0.989643 0.884798 1.16274 -0.302015 0.251624 -0.852489
184.843 0.0157081 0.483997 2.19322 -2.43709 -0.818864 -2.33112 -0.0169935 0.509477 2.2997 -2.45232 -0.817929 -2.304 -0.0327016 0.0254803 0.106486 -0.0152267 0.000935589 0.0271256 0.114271 1.09539 0.0729631 0.439386 2.34272 -2.7158 -0.57209 -2.13617 0.057255 -0.0446106 0.149505 -0.278706 0.246774 0.194951 0.166193 18.658 -1.95398 0.581067 3.25342 0.00387229 -0.115469 0.280067 -0.98965 0.884817 1.16338 -0.303301 0.252369 -0.852837
185.275 0.0165221 0.488687 2.1924 -2.43357 -0.819388 -2.33211 -0.0169942 0.517518 2.29973 -2.4484 -0.820969 -2.30698 -0.0335163 0.0288313 0.107324 -0.0148243 -0.00158107 0.0251318 0.116073 1.00717 0.0746062 0.44269 2.34375 -2.71582 -0.572841 -2.13675 0.0580841 -0.0459967 0.151342 -0.282252 0.246547 0.195356 0.168505 18.7398 -1.95158 0.581872 3.2551 0.00416602 -0.116467 0.279816 -0.989279 0.88467 1.16396 -0.303247 0.254942 -0.853484
185.729 0.0176607 0.492518 2.1917 -2.4298 -0.818613 -2.33168 -0.0156313 0.509895 2.24854 -2.41817 -0.832841 -2.33099 -0.033292 0.0173763 0.0568346 0.0116268 -0.0142277 0.000695594 0.068121 1.07192 0.0777099 0.447345 2.34442 -2.71629 -0.573616 -2.13775 0.0600492 -0.0451733 0.152718 -0.286489 0.244997 0.193929 0.170203 18.7881 -1.94848 0.582944 3.25681 0.00464052 -0.117531 0.279375 -0.988101 0.884271 1.16458 -0.301075 0.260387 -0.854948
186.194 0.0200008 0.49632 2.19099 -2.42476 -0.816589 -2.32931 -0.0146725 0.51725 2.25489 -2.38113 -0.813558 -2.34948 -0.0346734 0.0209306 0.0638945 0.043625 0.00303079 -0.0201653 0.0756495 1.84631 0.0794539 0.450259 2.34482 -2.71651 -0.574454 -2.13875 0.0594531 -0.0460606 0.153823 -0.291751 0.242135 0.190557 0.171225 18.82 -1.94628 0.583706 3.25772 0.00515837 -0.118211 0.278977 -0.986698 0.883853 1.16497 -0.298572 0.265573 -0.856626
186.559 0.0219264 0.497936 2.19072 -2.42063 -0.814949 -2.32681 -0.0129644 0.530082 2.29753 -2.40695 -0.847898 -2.33207 -0.0348907 0.0321461 0.106814 0.0136851 -0.0329487 -0.00526438 0.116876 1.97991 0.0812767 0.452664 2.3457 -2.71674 -0.575095 -2.13973 0.0593503 -0.0452725 0.154977 -0.296104 0.239854 0.187078 0.172018 18.8596 -1.94421 0.584395 3.25837 0.00566473 -0.118635 0.278541 -0.984877 0.883365 1.16532 -0.296119 0.271495 -0.858861
187.556 0.0271019 0.497247 2.19161 -2.4018 -0.81692 -2.32544 -0.00681157 0.524039 2.25867 -2.38805 -0.817022 -2.34654 -0.0339135 0.0267928 0.0670503 0.0137554 -0.000101949 -0.0211008 0.0797729 0.832748 0.0830649 0.456738 2.34021 -2.71769 -0.575806 -2.14307 0.055963 -0.0405086 0.148592 -0.315888 0.241115 0.182377 0.163867 19.5387 -1.93822 0.585806 3.25937 0.00656755 -0.118892 0.277124 -0.976425 0.881213 1.16644 -0.298572 0.290548 -0.868036
188.231 0.0292363 0.492295 2.19368 -2.3868 -0.827591 -2.33829 -0.00286452 0.520621 2.25662 -2.35592 -0.837177 -2.36563 -0.0321008 0.0283253 0.0629391 0.0308821 -0.0095859 -0.0273439 0.0761191 1.33677 0.081479 0.455654 2.33367 -2.71818 -0.575029 -2.14414 0.0522426 -0.036641 0.139993 -0.331379 0.252562 0.194142 0.15385 20.4239 -1.93461 0.585829 3.25914 0.0063977 -0.118008 0.276629 -0.969137 0.879102 1.16678 -0.314002 0.29584 -0.871415
188.594 0.0293726 0.490093 2.19462 -2.38042 -0.833433 -2.34691 -0.0028641 0.516673 2.25659 -2.35799 -0.835757 -2.36402 -0.0322367 0.0265799 0.0619704 0.0224211 -0.00232317 -0.0171113 0.0747398 0.873125 0.0797115 0.454244 2.33013 -2.71803 -0.574445 -2.1442 0.0503389 -0.0358491 0.135511 -0.337611 0.258988 0.202707 0.148937 20.8339 -1.93307 0.585618 3.25875 0.00596096 -0.117676 0.276613 -0.965888 0.878098 1.16668 -0.322687 0.295663 -0.871432
188.958 0.0285758 0.488586 2.19544 -2.37353 -0.839502 -2.35691 -0.000899506 0.521923 2.28812 -2.37245 -0.854866 -2.3276 -0.0294753 0.0333372 0.0926851 0.00108406 -0.0153643 0.0293095 0.102814 1.93775 0.0769925 0.454813 2.32863 -2.71704 -0.573555 -2.14405 0.0484167 -0.0337737 0.133194 -0.343503 0.265947 0.212854 0.14569 21.2534 -1.93149 0.585304 3.25818 0.00510799 -0.117624 0.276708 -0.962683 0.877077 1.16637 -0.331884 0.294604 -0.870746
189.327 0.0267892 0.487371 2.19635 -2.3642 -0.847482 -2.3713 -0.00286368 0.512725 2.25657 -2.36007 -0.834334 -2.36241 -0.0296529 0.0253536 0.0602222 0.00413199 0.0131477 0.00889259 0.0717552 1.03098 0.0727027 0.457715 2.32978 -2.71522 -0.572302 -2.14348 0.0459135 -0.0296565 0.133432 -0.351021 0.27518 0.22782 0.144193 21.8074 -1.92929 0.584795 3.25729 0.00365741 -0.117778 0.276989 -0.958622 0.875714 1.16573 -0.344247 0.292314 -0.869015
189.669 0.025116 0.487005 2.19688 -2.35772 -0.85325 -2.38231 -0.00493759 0.520923 2.2969 -2.38239 -0.86625 -2.346 -0.0300536 0.033918 0.100022 -0.0246665 -0.013 0.0363051 0.109809 1.55696 0.0690209 0.460085 2.33064 -2.71366 -0.571367 -2.14292 0.0439049 -0.02692 0.133754 -0.355936 0.281883 0.23939 0.143327 22.2014 -1.92755 0.584405 3.25672 0.00241407 -0.11799 0.277291 -0.955818 0.874663 1.16523 -0.353289 0.289792 -0.867237
190.024 0.0231493 0.486969 2.19728 -2.35254 -0.858578 -2.39275 -0.00684379 0.512056 2.26222 -2.33207 -0.864079 -2.40373 -0.0299931 0.025087 0.0649423 0.020475 -0.00550109 -0.0109801 0.0758053 0.866827 0.0641237 0.462654 2.33189 -2.71145 -0.570094 -2.14215 0.0409744 -0.0243147 0.134606 -0.35891 0.288484 0.250593 0.142789 22.5484 -1.92576 0.584067 3.25633 0.00101241 -0.118197 0.277652 -0.953266 0.873564 1.1648 -0.361725 0.286276 -0.865132
190.363 0.0211658 0.48744 2.19754 -2.34962 -0.864936 -2.4044 -0.00684379 0.512056 2.26222 -2.33207 -0.864079 -2.40373 -0.0280096 0.0246152 0.0646794 0.017547 0.000856761 0.000675728 0.0746584 1.03628 0.0588903 0.466598 2.33207 -2.70893 -0.569021 -2.14138 0.0377246 -0.0208424 0.134524 -0.359315 0.295915 0.263019 0.14126 22.8705 -1.9233 0.583792 3.25614 -0.000638702 -0.118462 0.278181 -0.950265 0.871982 1.16442 -0.371219 0.279437 -0.861917
190.675 0.0200956 0.488349 2.19744 -2.35205 -0.868764 -2.41025 -0.0107938 0.512034 2.26213 -2.32999 -0.862644 -2.40486 -0.0308894 0.0236854 0.0646843 0.0220528 0.00612016 0.00538175 0.0754931 1.55167 0.0555923 0.469086 2.33338 -2.707 -0.568796 -2.14103 0.0354967 -0.0192627 0.135935 -0.354954 0.299968 0.269214 0.141808 22.9341 -1.92144 0.583776 3.25616 -0.00178288 -0.118763 0.278594 -0.948251 0.870677 1.16427 -0.376109 0.271854 -0.859147
191.739 0.0201165 0.490659 2.19557 -2.39783 -0.869691 -2.40089 -0.0130377 0.524414 2.30338 -2.38367 -0.894918 -2.39464 -0.0331542 0.0337553 0.107817 0.0141654 -0.0252272 0.00624986 0.117742 1.82349 0.0515361 0.476876 2.33523 -2.70129 -0.569713 -2.14025 0.0314196 -0.0137827 0.139664 -0.303456 0.299978 0.260632 0.143816 21.7312 -1.91563 0.585303 3.25588 -0.00479611 -0.119255 0.279837 -0.942033 0.86572 1.16427 -0.371006 0.231142 -0.848718
193.103 0.0285237 0.480855 2.19344 -2.49111 -0.845669 -2.3551 -0.00693422 0.513552 2.27338 -2.45823 -0.840658 -2.3793 -0.0354579 0.0326971 0.0799414 0.03288 0.00501131 -0.0242073 0.0933648 1.28542 0.045975 0.477645 2.33147 -2.69878 -0.563833 -2.13674 0.0174513 -0.00320993 0.138035 -0.207673 0.281836 0.218358 0.139171 19.0537 -1.91043 0.591497 3.25557 -0.00716177 -0.115216 0.280513 -0.933169 0.858506 1.16677 -0.335384 0.173138 -0.835798
193.545 0.0321549 0.477443 2.19324 -2.50876 -0.83956 -2.34747 -0.00394918 0.506279 2.2587 -2.48867 -0.865814 -2.36389 -0.0361041 0.0288363 0.0654552 0.0200946 -0.0262539 -0.0164138 0.0801213 1.68586 0.0468212 0.475504 2.32808 -2.69846 -0.562867 -2.13636 0.0146663 -0.00193873 0.13484 -0.1897 0.276693 0.211116 0.135649 18.538 -1.9096 0.593646 3.25567 -0.00734731 -0.114017 0.280526 -0.930715 0.856732 1.16774 -0.328035 0.162055 -0.83244
193.825 0.0377919 0.473849 2.19302 -2.52776 -0.8338 -2.34101 -4.99201e-06 0.502331 2.25869 -2.49307 -0.865839 -2.36099 -0.0377968 0.0284822 0.065664 0.0346859 -0.0320392 -0.0199773 0.0809419 2.28293 0.0478294 0.472711 2.3239 -2.69786 -0.56237 -2.13642 0.0100375 -0.00113742 0.130882 -0.170103 0.27143 0.204591 0.131271 18.0366 -1.90859 0.596926 3.25589 -0.0074822 -0.112944 0.280507 -0.92715 0.854288 1.16909 -0.321187 0.148922 -0.828203
194.198 0.0415799 0.472092 2.19294 -2.53695 -0.831722 -2.33908 0.00496881 0.502559 2.27312 -2.50661 -0.82301 -2.35178 -0.0366111 0.0304675 0.0801788 0.0303453 0.00871257 -0.0127052 0.0932592 1.39241 0.0473031 0.471668 2.32059 -2.69688 -0.561417 -2.1362 0.00572319 -0.000423379 0.127647 -0.15993 0.270305 0.202881 0.127776 17.8983 -1.90789 0.599673 3.25612 -0.00794139 -0.112581 0.280474 -0.92433 0.852449 1.17005 -0.318901 0.141343 -0.825777
194.55 0.0455178 0.471486 2.19289 -2.54129 -0.831846 -2.33944 0.00891011 0.499556 2.27299 -2.51965 -0.841799 -2.36917 -0.0366077 0.0280704 0.0800961 0.0216353 -0.00995297 -0.0297257 0.0924308 1.27564 0.0475646 0.472257 2.31809 -2.69608 -0.560607 -2.13587 0.00204677 0.000771279 0.125197 -0.154791 0.271239 0.203572 0.125216 17.9347 -1.9072 0.602654 3.25644 -0.00843254 -0.112719 0.280429 -0.921444 0.850673 1.17093 -0.319017 0.136518 -0.824309
194.964 0.0496956 0.471992 2.19288 -2.54092 -0.833882 -2.34167 0.013783 0.495123 2.25737 -2.54034 -0.851805 -2.33471 -0.0359126 0.0231316 0.0644972 0.000576234 -0.0179228 0.00695108 0.0773607 1.11065 0.0468972 0.474908 2.31643 -2.6949 -0.560563 -2.13591 -0.00279837 0.00291663 0.123557 -0.153981 0.273319 0.205757 0.123623 18.071 -1.90654 0.605856 3.25682 -0.00888339 -0.113337 0.28037 -0.918534 0.849014 1.17173 -0.321124 0.134653 -0.823884
195.288 0.0555289 0.472725 2.19308 -2.53535 -0.838148 -2.34592 0.0191259 0.506304 2.30818 -2.57771 -0.843671 -2.31019 -0.036403 0.0335784 0.115098 -0.0423655 -0.00552357 0.0357283 0.125301 1.66624 0.0480887 0.478169 2.31467 -2.6934 -0.561221 -2.13644 -0.00744022 0.00544332 0.121588 -0.158056 0.276927 0.209473 0.121937 18.3236 -1.90573 0.610438 3.25738 -0.00942295 -0.114194 0.280257 -0.914643 0.847052 1.17269 -0.325838 0.13606 -0.824835
195.627 0.0602474 0.473116 2.19334 -2.52902 -0.841723 -2.34913 0.0235993 0.495856 2.2562 -2.55422 -0.873604 -2.35135 -0.0366481 0.0227401 0.0628533 -0.0251919 -0.0318817 -0.00222745 0.0762281 2.39065 0.0513355 0.480436 2.31225 -2.69277 -0.561775 -2.13662 -0.00891189 0.00731974 0.118903 -0.16375 0.279947 0.212509 0.119461 18.543 -1.90519 0.614082 3.25776 -0.00967594 -0.114795 0.280141 -0.911732 0.845812 1.17335 -0.329781 0.139194 -0.826476
196.005 0.0652407 0.472996 2.19369 -2.52232 -0.844945 -2.35159 0.0295196 0.49684 2.25614 -2.51512 -0.8941 -2.37199 -0.0357211 0.0238438 0.0624493 0.0071926 -0.0491549 -0.0204004 0.075792 2.95486 0.0553198 0.483215 2.31003 -2.69273 -0.562472 -2.1368 -0.00992087 0.0102186 0.116344 -0.170411 0.282473 0.214784 0.117213 18.731 -1.90472 0.617874 3.25804 -0.00977484 -0.115206 0.279995 -0.90885 0.844803 1.17395 -0.333326 0.143356 -0.828689
196.407 0.07242 0.472592 2.19409 -2.51444 -0.848316 -2.35313 0.0334595 0.496842 2.25615 -2.51736 -0.895538 -2.37068 -0.0389605 0.0242504 0.0620583 -0.00292725 -0.0472225 -0.0175581 0.0771831 2.93585 0.0622492 0.486776 2.30842 -2.69305 -0.563902 -2.13744 -0.0101708 0.0141844 0.114331 -0.178613 0.284413 0.215688 0.115655 18.8773 -1.9042 0.623109 3.25817 -0.00957778 -0.115702 0.279768 -0.905093 0.843845 1.17463 -0.336605 0.149289 -0.832138
196.762 0.0778765 0.472641 2.19426 -2.50917 -0.850423 -2.35342 0.0406761 0.500592 2.27313 -2.4959 -0.871474 -2.38169 -0.0372004 0.0279508 0.0788736 0.0132688 -0.021051 -0.0282768 0.091576 1.67 0.0684329 0.489352 2.30803 -2.69341 -0.565159 -2.13812 -0.00944359 0.0167111 0.113772 -0.184242 0.285264 0.215294 0.11538 18.9422 -1.9039 0.627117 3.2582 -0.00929295 -0.116229 0.279589 -0.902441 0.843422 1.17511 -0.338228 0.15372 -0.834924
197.074 0.0831652 0.473136 2.19434 -2.50386 -0.852724 -2.35375 0.0485965 0.499125 2.271 -2.49024 -0.856823 -2.3601 -0.0345687 0.0259884 0.076666 0.0136164 -0.0040992 -0.00635052 0.0880231 0.606518 0.0749754 0.49135 2.30712 -2.69424 -0.566731 -2.13895 -0.00818983 0.0182141 0.112781 -0.190384 0.285993 0.214799 0.114535 19.0079 -1.90366 0.631148 3.25832 -0.0089657 -0.116895 0.279412 -0.900051 0.843234 1.17562 -0.339901 0.158094 -0.837783
198.047 0.0990553 0.476803 2.19435 -2.48646 -0.865263 -2.36001 0.0645419 0.502727 2.27376 -2.46386 -0.880662 -2.37508 -0.0345134 0.0259238 0.0794167 0.0225955 -0.015399 -0.0150612 0.0903893 1.21949 0.0965248 0.495124 2.30498 -2.6965 -0.569469 -2.14052 -0.0025305 0.0183216 0.110634 -0.210048 0.295794 0.219491 0.112169 19.6967 -1.90346 0.644113 3.26006 -0.00764704 -0.119169 0.279064 -0.894949 0.843861 1.1777 -0.351101 0.168744 -0.845977
198.343 0.102526 0.477401 2.19438 -2.48336 -0.868884 -2.3624 0.0685166 0.502757 2.2739 -2.4661 -0.882062 -2.37379 -0.0340092 0.0253553 0.0795181 0.0172556 -0.0131787 -0.0113849 0.0901257 0.9915 0.10148 0.494735 2.30363 -2.69674 -0.569573 -2.14076 -0.00104556 0.0173339 0.109255 -0.213384 0.29931 0.221646 0.110627 19.9209 -1.9036 0.647681 3.26077 -0.00750263 -0.119374 0.279073 -0.894357 0.844345 1.17829 -0.35489 0.169641 -0.847293
199.375 0.11179 0.476435 2.19419 -2.48954 -0.872635 -2.36242 0.0804448 0.502855 2.27434 -2.47288 -0.886241 -2.36987 -0.0313449 0.0264208 0.080148 0.0166686 -0.0136063 -0.00745022 0.0900237 1.03628 0.114837 0.491693 2.30972 -2.6988 -0.568264 -2.14013 0.00304687 0.0152582 0.115522 -0.209257 0.304371 0.222295 0.116565 20.128 -1.90466 0.658006 3.26249 -0.00682639 -0.118091 0.279416 -0.895214 0.846787 1.17943 -0.358747 0.164192 -0.846982
199.745 0.115305 0.476485 2.19368 -2.49779 -0.870809 -2.3584 0.0828494 0.499484 2.25913 -2.50121 -0.911955 -2.35443 -0.032456 0.0229994 0.0654504 -0.00342431 -0.0411459 0.00397315 0.0765906 2.36182 0.118508 0.491495 2.31481 -2.70018 -0.567562 -2.13936 0.00320284 0.0150104 0.12113 -0.202386 0.303248 0.21904 0.122098 19.9709 -1.90524 0.661348 3.2632 -0.00608094 -0.117506 0.279627 -0.896648 0.848051 1.17982 -0.355793 0.159935 -0.8458
200.143 0.117052 0.476858 2.19318 -2.50472 -0.868175 -2.35413 0.0873788 0.515366 2.32619 -2.50386 -0.860255 -2.32312 -0.0296733 0.0385077 0.133011 0.000863329 0.0079198 0.0310119 0.141616 1.87053 0.120868 0.491505 2.31903 -2.70066 -0.566915 -2.13889 0.00381612 0.0146465 0.125849 -0.195938 0.30126 0.215241 0.126756 19.7717 -1.90568 0.663498 3.26391 -0.00570416 -0.117123 0.279784 -0.89806 0.849082 1.18023 -0.352114 0.156774 -0.844942

201.544 0.125453 0.47201 2.19138 -2.54252 -0.843675 -2.3196 0.096255 0.503458 2.27265 -2.51532 -0.87484 -2.34634 -0.0291984 0.0314475 0.081262 0.0272031 -0.0311643 -0.026736 0.0918966 2.08488 0.132223 0.488312 2.32957 -2.70905 -0.565399 -2.13737 0.00676922 0.016302 0.138185 -0.166533 0.278277 0.182229 0.139308 17.9824 -1.90736 0.668585 3.26869 -0.00195749 -0.11245 0.281706 -0.905757 0.854418 1.18388 -0.321643 0.149682 -0.84314
201.83 0.129614 0.465448 2.19147 -2.55818 -0.832398 -2.29537 0.0966904 0.497586 2.25956 -2.54311 -0.880847 -2.30752 -0.0329235 0.0321378 0.0680914 0.0150682 -0.0484489 -0.0121462 0.0821781 2.83324 0.136919 0.479389 2.33013 -2.71692 -0.571875 -2.13776 0.00730481 0.0139411 0.138662 -0.158743 0.260523 0.157615 0.139552 16.7232 -1.9075 0.668587 3.27039 -0.00268688 -0.108931 0.289096 -0.907252 0.856151 1.18576 -0.307966 0.15055 -0.843992
202.606 0.150754 0.454469 2.18983 -2.60609 -0.804198 -2.19378 0.108524 0.483649 2.25906 -2.5845 -0.840278 -2.26086 -0.0422293 0.0291799 0.0692275 0.0215976 -0.0360805 -0.0670814 0.0861813 3.68854 0.166227 0.465908 2.32771 -2.73292 -0.595354 -2.15155 0.0154733 0.0114387 0.137879 -0.126823 0.208844 0.0422271 0.139215 13.3765 -1.90671 0.667154 3.27348 -0.00848224 -0.101989 0.328914 -0.909402 0.862133 1.19005 -0.263788 0.160874 -0.856262
202.942 0.164371 0.452089 2.18844 -2.62631 -0.792152 -2.13653 0.119965 0.477883 2.25054 -2.56788 -0.804778 -2.22234 -0.044406 0.0257941 0.0621003 0.0584287 -0.0126256 -0.0858106 0.0805833 3.51001 0.182895 0.465151 2.32567 -2.7354 -0.596807 -2.1555 0.0185236 0.0130618 0.137233 -0.109091 0.195345 -0.0189687 0.139092 13.1947 -1.90573 0.666158 3.27427 -0.0121122 -0.0995372 0.354294 -0.909812 0.865902 1.19145 -0.24247 0.171365 -0.86513
203.321 0.187555 0.45133 2.186 -2.64743 -0.777516 -2.05751 0.137195 0.479091 2.27485 -2.60908 -0.776866 -2.14789 -0.0503602 0.027761 0.0888452 0.038345 0.000649513 -0.0903805 0.105831 3.96052 0.207443 0.46683 2.32229 -2.73865 -0.596695 -2.15394 0.0198883 0.0155001 0.136284 -0.0912208 0.180821 -0.0964265 0.138597 14.2017 -1.9037 0.664741 3.27508 -0.0168291 -0.0966159 0.394402 -0.910058 0.87232 1.19283 -0.215912 0.192167 -0.875737
203.718 0.208372 0.453391 2.18367 -2.65663 -0.768755 -2.00195 0.156495 0.481354 2.28084 -2.65368 -0.799087 -2.07072 -0.0518779 0.0279633 0.0971687 0.00295684 -0.0303319 -0.0687705 0.113644 4.1989 0.228647 0.468726 2.31791 -2.74028 -0.5968 -2.15268 0.0202748 0.0153357 0.13424 -0.0836501 0.171955 -0.150739 0.136626 15.7055 -1.90159 0.663739 3.27571 -0.0198287 -0.0949726 0.428108 -0.910139 0.878326 1.19354 -0.199405 0.212339 -0.87998
204.021 0.228253 0.456979 2.18127 -2.65823 -0.760989 -1.95182 0.178748 0.478756 2.25922 -2.63257 -0.768371 -2.03733 -0.0495049 0.0217766 0.0779455 0.0256617 -0.00738202 -0.0855092 0.0948707 4.04583 0.247288 0.472067 2.31249 -2.74336 -0.598091 -2.14436 0.019035 0.0150879 0.131219 -0.0851344 0.162898 -0.192535 0.133448 17.3187 -1.89896 0.662861 3.27635 -0.0239007 -0.093366 0.464579 -0.910223 0.885571 1.19392 -0.186035 0.235989 -0.879545
204.432 0.253902 0.465489 2.17762 -2.6499 -0.752508 -1.89479 0.201422 0.48362 2.25889 -2.68438 -0.787006 -1.95674 -0.0524804 0.0181308 0.0812653 -0.0344781 -0.034498 -0.0619504 0.0984224 5.49241 0.270599 0.479664 2.30272 -2.74135 -0.597211 -2.14221 0.0166969 0.0141741 0.125102 -0.0914443 0.155297 -0.247418 0.127004 19.9985 -1.89464 0.66203 3.27703 -0.0299241 -0.0920296 0.516356 -0.910454 0.897545 1.19383 -0.172315 0.271159 -0.87094
204.741 0.271955 0.4732 2.17471 -2.63894 -0.746815 -1.8586 0.225447 0.491217 2.26201 -2.69631 -0.785113 -1.89616 -0.0465082 0.0180169 0.0872982 -0.0573746 -0.0382978 -0.0375535 0.100542 5.48234 0.286985 0.485697 2.29489 -2.73188 -0.591692 -2.15451 0.0150296 0.0124973 0.120178 -0.0929432 0.155123 -0.295908 0.121757 22.4984 -1.89084 0.661773 3.27717 -0.0345883 -0.0911637 0.556532 -0.910782 0.908569 1.19323 -0.164063 0.298406 -0.859017
205.13 0.285387 0.479629 2.17244 -2.62528 -0.741078 -1.82671 0.245588 0.500754 2.2648 -2.61673 -0.762825 -1.88277 -0.039799 0.0211255 0.0923582 0.00855418 -0.0217464 -0.0560539 0.102763 3.15542 0.297512 0.492373 2.28884 -2.73083 -0.589166 -2.14786 0.012125 0.0127443 0.116402 -0.105548 0.151912 -0.321144 0.117724 24.2376 -1.8866 0.661934 3.27689 -0.0409184 -0.0893324 0.597701 -0.911357 0.921517 1.19213 -0.157891 0.32439 -0.843581
205.522 0.296624 0.485884 2.17045 -2.61167 -0.737619 -1.7987 0.262087 0.50606 2.25314 -2.63521 -0.73476 -1.82206 -0.0345372 0.0201756 0.0826935 -0.0235472 0.00285909 -0.023362 0.091859 2.46244 0.306963 0.496063 2.28479 -2.72503 -0.581548 -2.15234 0.0103396 0.0101788 0.114337 -0.113367 0.156071 -0.353648 0.115254 26.3248 -1.88199 0.662681 3.27632 -0.0475356 -0.0871625 0.639334 -0.912345 0.93649 1.19058 -0.155015 0.347664 -0.825843
205.883 0.307946 0.493453 2.1684 -2.59599 -0.737267 -1.7659 0.277025 0.517016 2.26217 -2.58467 -0.700312 -1.8148 -0.0309205 0.0235631 0.0937637 0.0113189 0.0369548 -0.048899 0.101503 3.21857 0.312904 0.500988 2.27751 -2.72337 -0.573361 -2.14674 0.00495801 0.00753493 0.109102 -0.127382 0.163906 -0.380848 0.109474 28.4666 -1.87538 0.664939 3.27522 -0.0568117 -0.0836162 0.695362 -0.914564 0.959822 1.18791 -0.156842 0.372847 -0.800332
206.211 0.316411 0.500106 2.16668 -2.58859 -0.740508 -1.74324 0.286991 0.524892 2.2705 -2.56511 -0.705881 -1.79088 -0.0294203 0.0247856 0.10382 0.0234817 0.034627 -0.0476409 0.110718 2.88704 0.320583 0.506526 2.27362 -2.72572 -0.570533 -2.13578 0.00417139 0.00642031 0.106938 -0.137133 0.169974 -0.392538 0.107211 29.6014 -1.8702 0.667859 3.27413 -0.0626839 -0.0813977 0.737351 -0.917053 0.980061 1.18548 -0.161381 0.386985 -0.780715
206.592 0.326866 0.509263 2.1643 -2.58514 -0.747304 -1.71406 0.290427 0.518617 2.206 -2.51929 -0.735826 -1.77898 -0.0364385 0.00935424 0.0417048 0.0658535 0.0114778 -0.0649198 0.0561654 3.08908 0.320205 0.50511 2.27206 -2.71987 -0.55971 -2.14419 -0.00666091 -0.0041529 0.107766 -0.134724 0.187594 -0.430129 0.108052 31.8052 -1.86318 0.673717 3.27224 -0.0691858 -0.0788891 0.792617 -0.921678 1.01101 1.18174 -0.16935 0.399915 -0.75468
206.978 0.33275 0.515314 2.16277 -2.58622 -0.753024 -1.69233 0.305249 0.536231 2.25156 -2.6095 -0.752051 -1.71452 -0.0275007 0.0209175 0.0887888 -0.0232766 0.000973052 -0.0221906 0.0952748 2.39081 0.327972 0.509081 2.26907 -2.72222 -0.556086 -2.13598 -0.0047778 -0.00623309 0.106296 -0.135995 0.196938 -0.443651 0.106586 32.7538 -1.85796 0.679752 3.27049 -0.0737398 -0.0769223 0.833279 -0.926321 1.03734 1.17863 -0.175971 0.406078 -0.735374
207.343 0.337474 0.521505 2.16125 -2.59034 -0.759459 -1.67149 0.312763 0.547156 2.25598 -2.59352 -0.759994 -1.68885 -0.024711 0.0256509 0.094727 -0.00318002 -0.000534572 -0.0173602 0.101202 1.12848 0.329153 0.512328 2.26857 -2.72605 -0.554034 -2.12463 -0.00832188 -0.00917657 0.107317 -0.135705 0.205426 -0.453141 0.108029 33.4179 -1.85291 0.687322 3.26849 -0.0777679 -0.0753948 0.873129 -0.932094 1.06633 1.17532 -0.182851 0.409177 -0.715785
207.72 0.340454 0.527334 2.16005 -2.59638 -0.766436 -1.65301 0.315647 0.545359 2.22065 -2.57496 -0.761098 -1.68216 -0.0248079 0.0180247 0.0606012 0.0214237 0.00533892 -0.0291521 0.0679178 1.24647 0.328155 0.510121 2.27174 -2.7209 -0.54386 -2.13461 -0.0122995 -0.0172138 0.11169 -0.124515 0.222576 -0.481602 0.113676 34.8041 -1.84815 0.696523 3.26631 -0.0814057 -0.0742656 0.912128 -0.939102 1.09794 1.17189 -0.18987 0.409348 -0.695217
208.067 0.342161 0.533223 2.15893 -2.60667 -0.7756 -1.63186 0.323334 0.561231 2.26107 -2.62122 -0.800928 -1.63621 -0.0188267 0.0280077 0.102141 -0.0145496 -0.0253283 -0.00434605 0.107572 1.77696 0.329883 0.511094 2.27347 -2.72169 -0.536705 -2.13062 -0.0122781 -0.0221299 0.114539 -0.115023 0.238895 -0.498759 0.117302 35.6801 -1.84247 0.711453 3.26318 -0.0862624 -0.0724197 0.963117 -0.950526 1.144 1.1673 -0.199569 0.405351 -0.665028
209.5 0.348058 0.541049 2.15737 -2.63943 -0.80381 -1.60809 0.325383 0.566566 2.22781 -2.64551 -0.833507 -1.60277 -0.0226744 0.0255179 0.0704325 -0.00608795 -0.029697 0.00532605 0.0782689 1.71897 0.324707 0.506737 2.27735 -2.73489 -0.517792 -2.11427 -0.0233505 -0.0343113 0.119976 -0.0954614 0.286017 -0.506177 0.126952 36.4496 -1.83286 0.782453 3.25225 -0.0951363 -0.066905 1.12164 -1.00587 1.32143 1.15343 -0.231093 0.37452 -0.535569
209.867 0.349995 0.54086 2.15733 -2.64339 -0.80853 -1.61089 0.32222 0.560538 2.19287 -2.62429 -0.832204 -1.59932 -0.0277754 0.0196784 0.0355487 0.0190981 -0.0236734 0.0115706 0.0492182 2.13019 0.327855 0.505445 2.28298 -2.73678 -0.509953 -2.11529 -0.0221404 -0.0354146 0.125653 -0.0933951 0.298577 -0.504401 0.132412 36.6035 -1.83318 0.803866 3.24964 -0.0960302 -0.0657941 1.15669 -1.02289 1.36768 1.15064 -0.236943 0.367592 -0.500083
210.212 0.352362 0.540264 2.15741 -2.64639 -0.814889 -1.61818 0.33452 0.578616 2.26347 -2.66944 -0.84066 -1.6044 -0.0178419 0.0383529 0.106067 -0.0230524 -0.0257712 0.013783 0.11419 1.73551 0.327526 0.50803 2.28494 -2.73934 -0.50093 -2.1137 -0.0248361 -0.0322334 0.127534 -0.0929582 0.313959 -0.495515 0.133868 36.5571 -1.83537 0.83537 3.2464 -0.0970012 -0.0645907 1.20241 -1.04816 1.43179 1.14735 -0.244858 0.358802 -0.451318
210.556 0.354176 0.540712 2.1571 -2.64763 -0.818573 -1.62217 0.331351 0.568737 2.22869 -2.6496 -0.835354 -1.5998 -0.022825 0.0280245 0.0715913 -0.00197074 -0.0167811 0.0223605 0.0801976 1.53799 0.32924 0.509362 2.28661 -2.74186 -0.496537 -2.11112 -0.0249352 -0.0313503 0.129508 -0.0942315 0.322036 -0.488955 0.135561 36.506 -1.83726 0.852379 3.24499 -0.0973783 -0.0642052 1.22483 -1.06191 1.46475 1.14595 -0.249264 0.354429 -0.426699
211.694 0.362488 0.545553 2.15653 -2.64797 -0.847829 -1.65233 0.336355 0.569992 2.22987 -2.6665 -0.862243 -1.61964 -0.0261334 0.0244387 0.0733409 -0.018523 -0.0144146 0.0326947 0.0816033 1.52213 0.334117 0.525266 2.28617 -2.75232 -0.48552 -2.09687 -0.0283707 -0.0202867 0.129637 -0.104346 0.362309 -0.44454 0.134246 36.012 -1.85809 0.960336 3.24065 -0.0981253 -0.0650451 1.34406 -1.15106 1.6538 1.14137 -0.280081 0.33302 -0.29738
212.057 0.366715 0.550638 2.15526 -2.64993 -0.857432 -1.6569 0.33736 0.565767 2.1984 -2.61683 -0.881227 -1.66187 -0.0293553 0.0151287 0.0431405 0.0331088 -0.0237943 -0.00496375 0.0543297 2.17115 0.338126 0.526402 2.28877 -2.75096 -0.481365 -2.10447 -0.0285886 -0.0242355 0.133514 -0.101025 0.376068 -0.447566 0.138675 36.4984 -1.86703 0.993659 3.24032 -0.0975841 -0.0668003 1.37572 -1.17933 1.70699 1.14089 -0.288259 0.327965 -0.265409
212.421 0.370801 0.557811 2.15347 -2.65297 -0.86689 -1.65894 0.341506 0.571053 2.20027 -2.62356 -0.856002 -1.6619 -0.0292951 0.0132418 0.0468048 0.0294072 0.010888 -0.00295409 0.0567823 1.68051 0.338528 0.535494 2.2847 -2.75462 -0.484267 -2.09896 -0.0322726 -0.0223178 0.131231 -0.101651 0.382622 -0.440011 0.136972 36.4186 -1.8774 1.02837 3.24015 -0.0971758 -0.0693906 1.40716 -1.20928 1.76062 1.14058 -0.295146 0.323222 -0.235003
212.814 0.37533 0.569372 2.15061 -2.65838 -0.878271 -1.65819 0.347564 0.580245 2.20235 -2.59653 -0.881041 -1.70777 -0.0277655 0.0108728 0.0517477 0.0618529 -0.00276989 -0.049574 0.0597241 2.26693 0.349534 0.547834 2.28416 -2.75577 -0.485635 -2.09701 -0.0257958 -0.0215384 0.133555 -0.0973842 0.392636 -0.43882 0.137718 36.5852 -1.89348 1.07645 3.24006 -0.0971601 -0.0735995 1.4488 -1.25179 1.83254 1.14034 -0.301917 0.317229 -0.196303
213.161 0.378127 0.578914 2.14818 -2.66333 -0.885505 -1.65554 0.352327 0.589773 2.20204 -2.67211 -0.894559 -1.62861 -0.0258001 0.0108583 0.0538617 -0.00877812 -0.00905376 0.0269253 0.0607012 1.30236 0.349488 0.559982 2.28283 -2.75403 -0.484436 -2.10061 -0.0286383 -0.0189326 0.134652 -0.0906988 0.401069 -0.445072 0.13896 36.9425 -1.90727 1.11358 3.24005 -0.0976446 -0.0769551 1.48003 -1.28559 1.88659 1.14031 -0.305214 0.312788 -0.167937
213.573 0.38119 0.588907 2.14549 -2.66865 -0.891788 -1.65203 0.349434 0.590617 2.16645 -2.65968 -0.946022 -1.64391 -0.0317554 0.00170986 0.020956 0.00896987 -0.0542338 0.00811389 0.0380852 3.24281 0.348086 0.571674 2.2796 -2.75399 -0.485571 -2.099 -0.0331042 -0.0172331 0.134107 -0.0853338 0.406217 -0.446972 0.139203 37.0413 -1.92257 1.15137 3.24011 -0.0982151 -0.0803905 1.51135 -1.32101 1.94055 1.1404 -0.307372 0.308553 -0.13953
214.283 0.389186 0.608895 2.13971 -2.67555 -0.902641 -1.64643 0.370649 0.637103 2.24334 -2.70918 -0.915994 -1.62344 -0.0185365 0.028208 0.103633 -0.0336286 -0.0133531 0.0229899 0.108992 1.42382 0.352549 0.593243 2.27187 -2.74939 -0.482721 -2.105 -0.0366369 -0.0156521 0.132157 -0.0738447 0.41992 -0.458569 0.138032 37.6757 -1.96429 1.24076 3.24065 -0.0997039 -0.0867461 1.58473 -1.41027 2.06521 1.14119 -0.310873 0.302757 -0.071518
214.568 0.394646 0.616171 2.13721 -2.67486 -0.906349 -1.64569 0.370265 0.639392 2.21736 -2.69468 -0.884252 -1.62143 -0.0243812 0.0232213 0.0801429 -0.0198281 0.0220977 0.0242641 0.0869285 1.53646 0.351946 0.603242 2.26698 -2.74962 -0.482463 -2.10461 -0.0426997 -0.012929 0.129761 -0.0747669 0.423886 -0.458922 0.137217 37.8675 -1.98475 1.2791 3.24106 -0.0997283 -0.0887473 1.61648 -1.4515 2.11773 1.14169 -0.312625 0.303481 -0.0415874
214.954 0.401041 0.624098 2.13445 -2.67138 -0.910315 -1.6464 0.367127 0.636191 2.17034 -2.77104 -0.895854 -1.59433 -0.0339133 0.0120933 0.03589 -0.0996659 0.0144606 0.0520738 0.0508375 3.92895 0.352586 0.607354 2.26695 -2.74723 -0.480303 -2.11218 -0.0484548 -0.0167436 0.132499 -0.0758489 0.430012 -0.465782 0.142071 38.4229 -2.00671 1.31722 3.24152 -0.099326 -0.0910908 1.64824 -1.49458 2.16953 1.14223 -0.314653 0.306429 -0.0113959
215.355 0.408333 0.634807 2.13096 -2.66185 -0.91554 -1.64925 0.38425 0.658585 2.22005 -2.66892 -0.917788 -1.66483 -0.0240822 0.0237774 0.0890882 -0.00707371 -0.00224813 -0.0155783 0.0952997 1.24553 0.356334 0.619846 2.26382 -2.74667 -0.479452 -2.11089 -0.0519985 -0.0149619 0.132861 -0.0848211 0.436088 -0.461642 0.143457 38.7579 -2.03822 1.36738 3.2423 -0.099288 -0.0942685 1.69061 -1.55497 2.23722 1.14305 -0.317758 0.313407 0.0287684
215.673 0.413085 0.641495 2.1288 -2.65305 -0.91914 -1.65168 0.382627 0.65643 2.17768 -2.73373 -0.926804 -1.60856 -0.0304572 0.0149352 0.0488813 -0.0806841 -0.0076646 0.0431218 0.0594986 3.07434 0.360769 0.629648 2.26012 -2.74875 -0.479498 -2.1061 -0.0523158 -0.0118465 0.13132 -0.0956995 0.439642 -0.45442 0.141853 38.9353 -2.06342 1.4043 3.24306 -0.0995249 -0.0960389 1.72241 -1.60248 2.28676 1.14383 -0.320574 0.319743 0.05851
216.079 0.417002 0.647233 2.12707 -2.64354 -0.923193 -1.65386 0.397136 0.681339 2.22156 -2.75655 -0.907228 -1.58337 -0.0198662 0.0341058 0.0944944 -0.113005 0.0159649 0.0704925 0.102406 4.19573 0.354636 0.627853 2.25921 -2.74645 -0.474994 -2.11211 -0.0623667 -0.0193802 0.132143 -0.102907 0.448199 -0.458247 0.147401 39.6475 -2.08989 1.44044 3.24396 -0.10008 -0.0973472 1.7544 -1.6519 2.33505 1.14469 -0.324405 0.326449 0.0875318
216.885 0.425288 0.659012 2.12379 -2.62273 -0.937729 -1.65617 0.401649 0.684138 2.19328 -2.70702 -0.930961 -1.62402 -0.0236391 0.0251258 0.0694914 -0.0842965 0.00676714 0.0321481 0.0775833 3.54409 0.359442 0.639989 2.24798 -2.75206 -0.475172 -2.10242 -0.0658457 -0.0190234 0.124191 -0.129332 0.462556 -0.446256 0.141849 40.5705 -2.15632 1.52124 3.2465 -0.101433 -0.0994184 1.82991 -1.7746 2.44184 1.14664 -0.339526 0.341339 0.151289
217.299 0.427507 0.662776 2.12308 -2.61422 -0.945515 -1.6559 0.405536 0.690051 2.19378 -2.71028 -0.983694 -1.6102 -0.0219708 0.0272755 0.0707016 -0.0960657 -0.0381797 0.0457028 0.0789011 4.27086 0.365359 0.642744 2.24539 -2.75247 -0.474048 -2.10662 -0.062148 -0.0200317 0.122312 -0.138252 0.471466 -0.45072 0.138651 41.403 -2.18667 1.55415 3.24769 -0.102324 -0.099668 1.86277 -1.83034 2.48468 1.14733 -0.34823 0.34734 0.176883
217.677 0.429929 0.667017 2.12212 -2.60676 -0.953661 -1.65386 0.416878 0.707625 2.23398 -2.67446 -0.990041 -1.61284 -0.0130512 0.0406073 0.111852 -0.0676984 -0.0363799 0.0410229 0.119709 3.13862 0.369339 0.644675 2.24047 -2.75691 -0.476943 -2.10208 -0.0605904 -0.0223427 0.118344 -0.150146 0.476718 -0.448219 0.134818 41.9215 -2.21807 1.58594 3.24883 -0.103176 -0.0998166 1.89604 -1.88795 2.52558 1.14781 -0.357303 0.353285 0.201785
218.438 0.439507 0.675857 2.11912 -2.59719 -0.967355 -1.64115 0.419239 0.709744 2.21022 -2.61683 -0.957675 -1.6381 -0.0202676 0.0338869 0.0911023 -0.019639 0.00968074 0.00305357 0.0992911 1.13194 0.378477 0.64963 2.22979 -2.76196 -0.478235 -2.10488 -0.0610302 -0.0262267 0.110676 -0.164773 0.48912 -0.463728 0.129081 43.5746 -2.29524 1.6555 3.25056 -0.102534 -0.0998258 1.97495 -2.02948 2.6129 1.14771 -0.372761 0.367847 0.259837
218.773 0.443713 0.679527 2.1175 -2.5971 -0.968599 -1.63216 0.413859 0.695141 2.14736 -2.59046 -0.997606 -1.64737 -0.0298542 0.015614 0.0298534 0.00663666 -0.0290074 -0.0152078 0.0450144 1.76481 0.389645 0.65477 2.22255 -2.76683 -0.480139 -2.09981 -0.0540682 -0.024757 0.105046 -0.169736 0.48846 -0.467647 0.120711 43.9011 -2.32978 1.68325 3.25063 -0.101781 -0.0998318 2.009 -2.093 2.64669 1.14699 -0.374173 0.373746 0.285995
219.161 0.448559 0.684128 2.11523 -2.60034 -0.965792 -1.61834 0.425156 0.709925 2.18116 -2.60502 -0.981311 -1.62358 -0.0234028 0.0257976 0.0659325 -0.00468191 -0.0155193 -0.00523663 0.0745675 1.04193 0.394496 0.663304 2.21301 -2.77037 -0.480088 -2.0993 -0.0540628 -0.0208234 0.0977813 -0.170025 0.485704 -0.480958 0.113656 44.3788 -2.377 1.71823 3.25004 -0.10054 -0.0998544 2.05419 -2.1801 2.68809 1.14532 -0.371012 0.380635 0.322797
219.536 0.450919 0.686602 2.11386 -2.60407 -0.960817 -1.60783 0.423296 0.705199 2.15226 -2.59372 -0.976469 -1.61563 -0.0276233 0.0185971 0.0383971 0.0103451 -0.0156525 -0.00779827 0.0508255 0.958588 0.40038 0.668011 2.20978 -2.76876 -0.476005 -2.10511 -0.0505394 -0.0185915 0.0959149 -0.164698 0.484812 -0.497277 0.109998 44.8442 -2.41315 1.74293 3.24923 -0.0996437 -0.0995808 2.08777 -2.24706 2.71624 1.14362 -0.365798 0.385106 0.351761
219.872 0.452011 0.687081 2.11314 -2.60899 -0.953448 -1.59753 0.4274 0.709534 2.15401 -2.59719 -0.97777 -1.61314 -0.0246109 0.0224535 0.0408657 0.0118002 -0.0243217 -0.0156037 0.0527244 1.48464 0.404896 0.67369 2.20662 -2.77241 -0.474983 -2.10242 -0.0471149 -0.0133913 0.093481 -0.163425 0.478464 -0.50489 0.105536 44.8935 -2.44985 1.76627 3.24825 -0.0989099 -0.0984625 2.12105 -2.31525 2.7418 1.14169 -0.358772 0.388434 0.381899
220.239 0.452344 0.685998 2.11289 -2.61475 -0.944597 -1.588 0.436469 0.721744 2.18519 -2.60766 -0.961692 -1.59153 -0.0158744 0.035746 0.0723024 0.0070825 -0.0170944 -0.00353646 0.0822035 1.01529 0.408184 0.679199 2.20145 -2.77599 -0.473503 -2.1024 -0.0441594 -0.00679924 0.0885575 -0.161239 0.471094 -0.514401 0.0991903 44.9614 -2.48705 1.78828 3.24723 -0.0981076 -0.0967007 2.15396 -2.38449 2.76468 1.13962 -0.35076 0.390683 0.413062
220.625 0.45191 0.68466 2.11264 -2.62246 -0.932846 -1.57729 0.436786 0.721281 2.18668 -2.61014 -0.934256 -1.59552 -0.0151242 0.0366213 0.074041 0.0123209 -0.00140933 -0.0182352 0.0839758 0.641024 0.416168 0.685511 2.19666 -2.77844 -0.470149 -2.1067 -0.0357418 0.000850865 0.0840131 -0.155976 0.462698 -0.52941 0.0913039 45.1297 -2.53738 1.81559 3.24607 -0.0968285 -0.0944337 2.19752 -2.47816 2.79087 1.13677 -0.340049 0.392554 0.455796
221.015 0.451526 0.68516 2.1121 -2.62728 -0.925377 -1.57085 0.429912 0.708032 2.15227 -2.59123 -0.955218 -1.58724 -0.0216146 0.0228721 0.0401742 0.0360451 -0.0298408 -0.0163893 0.0510323 2.22193 0.421298 0.688516 2.19412 -2.77978 -0.468603 -2.10972 -0.030228 0.003356 0.0820243 -0.152505 0.456774 -0.538872 0.0874813 45.2191 -2.57565 1.83458 3.24553 -0.0954565 -0.093396 2.23003 -2.54924 2.80715 1.13465 -0.332924 0.394157 0.488141
221.355 0.450446 0.687117 2.11135 -2.62964 -0.919515 -1.56568 0.436786 0.721281 2.18668 -2.61014 -0.934256 -1.59552 -0.0136599 0.0341647 0.0753357 0.0194995 -0.0147413 -0.0298431 0.0838409 1.35248 0.422623 0.696523 2.18694 -2.7839 -0.470038 -2.10468 -0.0278226 0.00940605 0.0755869 -0.154258 0.449477 -0.538996 0.0810922 45.0426 -2.61429 1.85232 3.24542 -0.0941087 -0.0928292 2.26242 -2.6209 2.82046 1.13262 -0.327293 0.397111 0.519997
221.762 0.445937 0.690763 2.11093 -2.62716 -0.914199 -1.56086 0.433991 0.721694 2.18215 -2.64231 -0.938236 -1.54169 -0.0119457 0.0309306 0.0712207 -0.0151466 -0.0240368 0.0191675 0.0785607 1.52701 0.42269 0.702084 2.18215 -2.77968 -0.464459 -2.11598 -0.0232467 0.0113207 0.0712163 -0.15252 0.44974 -0.555116 0.075765 45.7037 -2.66631 1.87404 3.24598 -0.0930534 -0.0923642 2.30581 -2.71706 2.83349 1.13004 -0.322766 0.404045 0.560955
222.074 0.441902 0.694601 2.11058 -2.62182 -0.912256 -1.5582 0.430254 0.724651 2.18245 -2.63959 -0.912932 -1.54959 -0.0116481 0.0300495 0.0718679 -0.0177711 -0.000676216 0.00860526 0.0787633 0.697735 0.423802 0.709101 2.17802 -2.77967 -0.463862 -2.11795 -0.0180999 0.0144994 0.0674393 -0.157855 0.448394 -0.559754 0.0713155 46.0636 -2.70563 1.88886 3.24694 -0.0922128 -0.0922875 2.33829 -2.78944 2.83967 1.12821 -0.321721 0.411781 0.59037
222.427 0.436574 0.698792 2.11047 -2.61302 -0.911318 -1.5564 0.426414 0.729403 2.18241 -2.63773 -0.94279 -1.54544 -0.01016 0.0306103 0.0719394 -0.0247036 -0.0314721 0.0109576 0.0788384 2.05614 0.41795 0.717396 2.17132 -2.78125 -0.465142 -2.11601 -0.0186236 0.018603 0.0608489 -0.168228 0.446176 -0.559613 0.0662986 46.3695 -2.74515 1.90239 3.24827 -0.0916733 -0.0921615 2.37076 -2.86187 2.84277 1.12643 -0.322233 0.421833 0.618795
222.803 0.429865 0.70243 2.11082 -2.60142 -0.910159 -1.55552 0.426195 0.741815 2.21075 -2.59612 -0.898252 -1.56131 -0.00366955 0.0393844 0.0999222 0.00530069 0.0119074 -0.00578536 0.107467 0.713816 0.419911 0.723881 2.16498 -2.7776 -0.462222 -2.12341 -0.00995322 0.0214508 0.0541593 -0.176179 0.447937 -0.567889 0.0590968 47.0928 -2.78484 1.91462 3.24984 -0.0913548 -0.0917697 2.40317 -2.93421 2.84284 1.12467 -0.323169 0.433761 0.646752
223.185 0.42094 0.70731 2.11116 -2.58419 -0.907469 -1.55499 0.418206 0.747136 2.20936 -2.58968 -0.903593 -1.56555 -0.00273447 0.0398254 0.0981928 -0.00548661 0.00387621 -0.0105612 0.105997 0.902223 0.416964 0.73057 2.15691 -2.77923 -0.462651 -2.12254 -0.00397629 0.0232601 0.0457462 -0.195041 0.444818 -0.567554 0.0514738 47.6846 -2.83796 1.92884 3.25205 -0.0905686 -0.0910734 2.44598 -3.03024 2.83832 1.12224 -0.323778 0.4515 0.684306
223.601 0.413476 0.708778 2.11211 -2.57038 -0.903832 -1.5557 0.403854 0.739761 2.17357 -2.56785 -0.903824 -1.56543 -0.00962261 0.0309833 0.0614598 0.00252435 7.53141e-06 -0.00972869 0.0694972 0.45284 0.408426 0.738458 2.14874 -2.78313 -0.463616 -2.11653 -0.00505051 0.0296802 0.0366267 -0.212757 0.440216 -0.560825 0.0474124 47.9015 -2.87793 1.93793 3.25369 -0.089957 -0.0895568 2.47781 -3.1017 2.83152 1.12029 -0.323726 0.465108 0.713142
224.003 0.406195 0.709975 2.11298 -2.55739 -0.899456 -1.5568 0.396043 0.740342 2.17249 -2.5621 -0.93225 -1.56518 -0.0101513 0.0303665 0.0595097 -0.0047102 -0.0327942 -0.00838408 0.0675764 2.00993 0.405551 0.742156 2.14516 -2.7796 -0.458432 -2.12659 -0.000643452 0.0321808 0.0321801 -0.222216 0.441024 -0.569791 0.0455146 48.682 -2.91802 1.94568 3.2553 -0.0891621 -0.0877618 2.50952 -3.17249 2.82186 1.11824 -0.323112 0.478035 0.742914
224.347 0.395871 0.710947 2.11433 -2.54021 -0.892454 -1.55928 0.383705 0.735693 2.16159 -2.54625 -0.909588 -1.54689 -0.0121654 0.0247467 0.0472509 -0.00604108 -0.0171342 0.0123932 0.0547087 1.09647 0.397624 0.745793 2.14139 -2.78309 -0.457302 -2.12543 0.00175356 0.034846 0.0270594 -0.242886 0.435151 -0.566151 0.0441534 49.1228 -2.97168 1.95393 3.2575 -0.0881183 -0.0849031 2.5522 -3.26561 2.80458 1.11541 -0.321514 0.494598 0.784219
224.744 0.388819 0.712895 2.11484 -2.5272 -0.887009 -1.5617 0.385964 0.757802 2.22354 -2.55979 -0.896592 -1.53623 -0.00285547 0.0449074 0.108701 -0.0325838 -0.00958247 0.0254656 0.117647 1.29452 0.384785 0.747788 2.13616 -2.78587 -0.457205 -2.12577 -0.00403451 0.0348936 0.0213179 -0.258668 0.429804 -0.564074 0.0410888 49.4818 -3.01211 1.9586 3.25925 -0.0868648 -0.0831541 2.58468 -3.33438 2.78836 1.11325 -0.319811 0.507357 0.816297
225.153 0.381186 0.718073 2.11433 -2.51002 -0.878899 -1.56474 0.377828 0.759944 2.22128 -2.55334 -0.871099 -1.54493 -0.00335804 0.041871 0.106956 -0.0433174 0.00780026 0.0198157 0.114909 1.82285 0.375544 0.747821 2.13215 -2.78692 -0.455962 -2.13262 -0.00564278 0.0297473 0.0178261 -0.276893 0.422937 -0.567878 0.0351356 50.174 -3.06627 1.96282 3.26165 -0.0843871 -0.0816287 2.62839 -3.42451 2.76253 1.11027 -0.31586 0.525532 0.860641
225.508 0.374139 0.722577 2.11385 -2.49565 -0.8711 -1.56689 0.370586 0.762914 2.21861 -2.50769 -0.87597 -1.57242 -0.00355337 0.040337 0.104767 -0.0120397 -0.00487042 -0.00552464 0.11232 0.99426 0.379215 0.757796 2.12468 -2.79335 -0.458687 -2.1244 0.00507614 0.0352192 0.0108322 -0.297706 0.412413 -0.557507 0.0371953 50.2324 -3.10702 1.96453 3.26345 -0.0830885 -0.0804541 2.66173 -3.49085 2.74008 1.10798 -0.311136 0.540455 0.895048
225.845 0.367504 0.728497 2.11279 -2.48079 -0.862427 -1.56853 0.356333 0.753952 2.17878 -2.48541 -0.879236 -1.57308 -0.0111711 0.0254553 0.0659915 -0.00462226 -0.0168089 -0.00454645 0.0716075 1.08209 0.370828 0.764629 2.11954 -2.79742 -0.460187 -2.12241 0.0033232 0.0361324 0.00675298 -0.316633 0.40224 -0.553878 0.036908 50.5555 -3.14783 1.96499 3.26527 -0.0815065 -0.0797811 2.69536 -3.55606 2.71509 1.10567 -0.304987 0.556691 0.930221
226.585 0.346297 0.745404 2.11011 -2.43506 -0.840977 -1.57383 0.34619 0.7804 2.20503 -2.48056 -0.870902 -1.55994 -0.000106304 0.0349959 0.0949197 -0.0454998 -0.0299256 0.0138957 0.101166 2.68963 0.368631 0.780217 2.11066 -2.80023 -0.460048 -2.12415 0.0223339 0.0348126 0.000543466 -0.365166 0.380929 -0.550319 0.0413644 51.8426 -3.24298 1.96124 3.26992 -0.0796171 -0.0791643 2.77423 -3.70342 2.647 1.1005 -0.289541 0.60309 1.01257
227.368 0.321239 0.760362 2.10881 -2.3811 -0.82751 -1.58366 0.317357 0.78824 2.17875 -2.4102 -0.842474 -1.57539 -0.00388201 0.0278772 0.0699447 -0.0291001 -0.0149637 0.00826725 0.0753954 1.60254 0.35047 0.786774 2.10229 -2.79909 -0.457067 -2.1288 0.0292315 0.0264119 -0.00652162 -0.417989 0.370443 -0.545138 0.0399324 53.6084 -3.32402 1.95243 3.27476 -0.0801493 -0.0785409 2.84179 -3.82366 2.57811 1.09657 -0.284488 0.651168 1.07991
228.113 0.28786 0.776593 2.10844 -2.3063 -0.822109 -1.6029 0.281753 0.793353 2.15386 -2.341 -0.839066 -1.58943 -0.00610732 0.0167607 0.0454176 -0.0347055 -0.0169572 0.0134754 0.0487953 1.79646 0.330405 0.798256 2.09561 -2.80443 -0.460445 -2.12171 0.0425443 0.0216631 -0.0128286 -0.498136 0.361664 -0.518809 0.0494357 55.8357 -3.41757 1.93493 3.2809 -0.0818808 -0.0773593 2.92068 -3.95602 2.48638 1.09232 -0.295097 0.711092 1.15168
228.473 0.275337 0.784277 2.10779 -2.27469 -0.822591 -1.61224 0.266929 0.803459 2.15574 -2.33044 -0.84633 -1.59717 -0.00840797 0.0191824 0.0479466 -0.0557498 -0.0237397 0.0150676 0.0523214 2.95154 0.326488 0.802763 2.09569 -2.80076 -0.458343 -2.13341 0.0511504 0.0184867 -0.0121067 -0.526073 0.364247 -0.521168 0.0557198 57.3052 -3.45724 1.92482 3.28345 -0.0817748 -0.0774053 2.9547 -4.01007 2.44367 1.09056 -0.303382 0.735999 1.18085
228.87 0.263477 0.79184 2.107 -2.2447 -0.823698 -1.62151 0.255245 0.817724 2.16853 -2.28461 -0.841675 -1.60699 -0.00823227 0.0258837 0.0615294 -0.0399128 -0.0179773 0.0145125 0.0672578 2.04162 0.315487 0.803133 2.09674 -2.80324 -0.460935 -2.13018 0.05201 0.0112923 -0.0102556 -0.558545 0.362763 -0.508674 0.0542009 58.2586 -3.49657 1.91306 3.28583 -0.0814841 -0.0775133 2.98886 -4.06251 2.39908 1.08883 -0.312638 0.7594 1.20965
229.265 0.248726 0.802061 2.10565 -2.20677 -0.825735 -1.6339 0.240937 0.826934 2.16782 -2.24027 -0.846601 -1.63599 -0.0077882 0.0248728 0.0621702 -0.0334996 -0.0208654 -0.00209238 0.0674125 2.33867 0.31127 0.813598 2.09337 -2.80597 -0.464634 -2.1274 0.0625446 0.0115378 -0.0122849 -0.599205 0.361101 -0.493503 0.0647755 59.5222 -3.54834 1.89476 3.28876 -0.0806281 -0.0781508 3.03461 -4.12992 2.33683 1.08663 -0.325501 0.788807 1.24786
230.588 0.208604 0.82902 2.10202 -2.07826 -0.834122 -1.67648 0.193556 0.860151 2.16789 -2.09623 -0.835048 -1.66048 -0.0150472 0.0311317 0.0658633 -0.0179762 -0.000926104 0.0160055 0.074388 0.710518 0.303271 0.82372 2.08554 -2.80986 -0.471431 -2.1341 0.0946677 -0.00530008 -0.0164776 -0.7316 0.362691 -0.457617 0.0962371 64.5904 -3.70892 1.81445 3.29731 -0.0753891 -0.0803853 -3.09858 -4.32842 2.1127 1.08171 -0.381332 0.888439 1.36101
238.386 0.0185525 0.844269 2.10774 -1.717 -0.831771 -2.10407 -0.0150729 0.885599 2.172 -1.6899 -0.896198 -2.11316 -0.0336254 0.0413294 0.0642625 0.0271025 -0.0644273 -0.0090895 0.0834773 3.88302 0.226287 0.800228 2.14734 -2.83296 -0.489933 -2.13481 0.207734 -0.0440411 0.0396032 -1.11596 0.341838 -0.0307437 0.216013 67.6233 -4.2162 0.879958 3.3243 -0.0319329 -0.0807969 -2.32213 -4.64758 0.473215 1.08079 -0.577039 1.01188 2.2391
242.049 0.0470686 0.808239 2.09883 -1.92665 -0.559958 -1.83054 -0.00711606 0.856721 2.13333 -1.84303 -0.591039 -1.8384 -0.0541846 0.0484816 0.0345029 0.0836255 -0.0310811 -0.00786025 0.0804792 4.89697 0.292674 0.797039 2.14067 -2.88985 -0.519362 -2.08629 0.245605 -0.0112 0.0418354 -0.963202 0.0405956 -0.255753 0.249394 63.9057 -4.12888 0.374894 3.29927 -0.0182686 -0.0803777 -1.96177 -4.39646 -0.188734 1.08163 0.048097 1.05021 3.01081
243.369 0.0915969 0.746852 2.11551 -1.9971 -0.523474 -1.8089 0.0464456 0.751345 2.06167 -1.98954 -0.472384 -1.78462 -0.0451513 0.00449314 -0.0538309 0.00755343 0.0510896 0.0242869 0.0704031 3.35661 0.296654 0.790536 2.11753 -2.87072 -0.518457 -2.10986 0.205057 0.0436834 0.00202672 -0.873627 0.00501706 -0.300958 0.209669 60.3951 -4.04693 0.2033 3.28941 -0.0177164 -0.0788945 -1.81125 -4.28318 -0.439841 1.09119 0.11228 0.98993 -3.08219
248.368 0.0808555 0.646454 2.14808 -1.94698 -0.536257 -1.88504 0.0530542 0.69699 2.23323 -1.90466 -0.498849 -1.85813 -0.0278013 0.0505363 0.0851496 0.0423217 0.0374076 0.0269066 0.102846 4.06794 0.192976 0.798223 2.0991 -2.80281 -0.512337 -2.16898 0.11212 0.151769 -0.0489757 -0.855838 0.0239192 -0.283942 0.194945 58.7988 -3.75844 -0.187226 3.26539 -0.0428285 -0.0965281 -1.41521 -3.75143 -1.01416 1.11366 0.0851301 0.970824 -2.64817
249.278 0.076767 0.626324 2.15469 -1.9872 -0.562848 -1.88373 0.0497597 0.681542 2.25968 -1.96433 -0.556271 -1.87169 -0.0270073 0.0552185 0.104987 0.0228698 0.00657778 0.0120313 0.121659 1.81467 0.183134 0.787304 2.1104 -2.80758 -0.520225 -2.17148 0.106367 0.16098 -0.0442895 -0.820385 0.0426232 -0.287756 0.197964 57.2223 -3.69122 -0.241103 3.26891 -0.0467352 -0.091373 -1.32994 -3.61664 -1.07445 1.11851 0.027383 0.930622 -2.61853
249.69 0.0758382 0.620215 2.15661 -2.00098 -0.571204 -1.87768 0.0479489 0.672878 2.26712 -1.99291 -0.589197 -1.87974 -0.0278894 0.0526632 0.110511 0.00806412 -0.0179935 -0.00206094 0.125554 1.10924 0.172977 0.786213 2.11531 -2.81253 -0.524274 -2.16453 0.0971385 0.165998 -0.0412919 -0.81155 0.0469295 -0.286848 0.196714 56.78 -3.66041 -0.262943 3.27122 -0.048616 -0.0892843 -1.29061 -3.55613 -1.09519 1.12099 0.0112847 0.919041 -2.59932
251.56 0.0985894 0.637169 2.14972 -2.08805 -0.569646 -1.80663 0.0627337 0.662903 2.22706 -2.0541 -0.579304 -1.82682 -0.0358557 0.0257346 0.0773336 0.0339512 -0.00965823 -0.0201846 0.0890415 1.72714 0.154886 0.786003 2.13303 -2.80553 -0.520425 -2.15598 0.0562963 0.148834 -0.0166937 -0.717478 0.0492204 -0.349346 0.159999 54.2083 -3.42176 -0.388999 3.29224 -0.0483445 -0.0894879 -1.01496 -3.12225 -1.16012 1.138 0.0320166 0.871133 -2.36623
252.044 0.0998303 0.6408 2.14802 -2.10551 -0.565394 -1.7998 0.0694612 0.679224 2.25534 -2.08486 -0.56954 -1.78707 -0.0303691 0.0384241 0.107317 0.0206513 -0.00414636 0.0127256 0.117965 1.70754 0.1529 0.781924 2.13762 -2.79862 -0.510561 -2.16161 0.0530693 0.141124 -0.010397 -0.693111 0.054833 -0.361809 0.15113 53.3573 -3.38166 -0.404219 3.29535 -0.0476203 -0.0896361 -0.976343 -3.0542 -1.16035 1.14018 0.0399533 0.857962 -2.32665
252.503 0.0983854 0.643762 2.14666 -2.1238 -0.562738 -1.79608 0.0712045 0.680821 2.24769 -2.12112 -0.584633 -1.78733 -0.0271808 0.0370593 0.101026 0.00268949 -0.0218957 0.00874783 0.110988 1.39016 0.151275 0.779687 2.13906 -2.79868 -0.506904 -2.1546 0.0528894 0.135925 -0.0075978 -0.674872 0.0558334 -0.358518 0.14605 52.1973 -3.34076 -0.418286 3.2984 -0.0473725 -0.0898042 -0.93915 -2.98581 -1.1586 1.1423 0.0442831 0.841889 -2.28936
253.01 0.0910823 0.644811 2.14571 -2.1502 -0.560706 -1.79402 0.070578 0.679503 2.22731 -2.12093 -0.56393 -1.78346 -0.0205043 0.0346918 0.0815973 0.0292643 -0.00322357 0.0105661 0.0910059 2.07226 0.135906 0.772011 2.14385 -2.79668 -0.500569 -2.15027 0.0448239 0.1272 -0.00185925 -0.64648 0.0601377 -0.356244 0.134879 50.5404 -3.2851 -0.435138 3.3022 -0.0491474 -0.0891604 -0.891011 -2.89434 -1.15368 1.14511 0.0449622 0.814998 -2.24301
253.403 0.084761 0.643048 2.14565 -2.17182 -0.559698 -1.79321 0.0627618 0.669506 2.19149 -2.12145 -0.552488 -1.79911 -0.0219992 0.0264582 0.0458411 0.0503626 0.00721039 -0.00590872 0.0573185 2.75321 0.127159 0.761439 2.14751 -2.79211 -0.496679 -2.15854 0.0423982 0.118391 0.00186376 -0.620294 0.0630193 -0.365334 0.125767 49.5281 -3.24251 -0.44624 3.30467 -0.0509475 -0.0879798 -0.85537 -2.82559 -1.14837 1.14719 0.0433791 0.792316 -2.20982
253.828 0.0814416 0.640474 2.14573 -2.19533 -0.559015 -1.79203 0.057301 0.683274 2.23968 -2.16456 -0.541935 -1.78552 -0.0241407 0.0428004 0.0939556 0.0307722 0.0170804 0.0065047 0.10603 2.21187 0.12782 0.755545 2.14833 -2.79454 -0.498889 -2.15414 0.0463785 0.115071 0.00260301 -0.599208 0.0601262 -0.362107 0.124093 48.2677 -3.19916 -0.455936 3.30668 -0.0516969 -0.0868824 -0.819867 -2.75676 -1.14193 1.14919 0.041874 0.768954 -2.17702
254.632 0.0855686 0.633476 2.14594 -2.25214 -0.557497 -1.78773 0.0533013 0.675346 2.23628 -2.23624 -0.596396 -1.79286 -0.0322673 0.0418702 0.090338 0.0159026 -0.0388994 -0.00513775 0.104667 2.36463 0.126489 0.737327 2.15156 -2.79622 -0.501249 -2.15729 0.0409201 0.103851 0.00561952 -0.54408 0.0562481 -0.36956 0.111764 45.7006 -3.09517 -0.472944 3.30907 -0.0499843 -0.085589 -0.737558 -2.59616 -1.12351 1.15322 0.0414502 0.716451 -2.09982
255.588 0.0971124 0.628332 2.14627 -2.29487 -0.561276 -1.78881 0.0614649 0.683326 2.28576 -2.29453 -0.584588 -1.77475 -0.0356475 0.0549942 0.139498 0.000347501 -0.0233114 0.014061 0.154126 1.56548 0.134954 0.73098 2.15682 -2.80204 -0.505365 -2.15424 0.0378418 0.102648 0.0105513 -0.507167 0.0559114 -0.365423 0.109909 43.6387 -2.98784 -0.482182 3.30887 -0.0485276 -0.0869455 -0.655069 -2.43664 -1.10122 1.1563 0.0370928 0.674406 -2.02105
258.164 0.150037 0.620693 2.15177 -2.2342 -0.604357 -1.84292 0.110591 0.660757 2.24983 -2.25442 -0.599961 -1.8176 -0.039446 0.040064 0.0980601 -0.0202181 0.00439549 0.025325 0.113035 1.26764 0.107676 0.713614 2.16859 -2.80178 -0.506362 -2.16205 -0.0423609 0.0929207 0.016823 -0.567584 0.0979944 -0.319127 0.103497 45.1996 -2.68707 -0.467415 3.30889 -0.0565876 -0.0945878 -0.420165 -2.01425 -1.01502 1.16742 -0.0208758 0.695896 -1.78723
258.614 0.167794 0.620743 2.15244 -2.20639 -0.615403 -1.85685 0.122933 0.658498 2.24214 -2.22774 -0.599639 -1.83249 -0.0448603 0.0377552 0.0896955 -0.0213461 0.0157641 0.0243607 0.10716 1.52007 0.107679 0.707148 2.16692 -2.80003 -0.503431 -2.16669 -0.060115 0.0864048 0.0144807 -0.593639 0.111973 -0.309838 0.106251 46.3262 -2.62317 -0.456782 3.30869 -0.058339 -0.0961626 -0.368561 -1.92782 -0.989893 1.16979 -0.0371823 0.71364 -1.73801
268.277 0.269138 0.601917 2.1553 -2.31134 -0.74165 -1.88706 0.247926 0.623497 2.22246 -2.29732 -0.740745 -1.89188 -0.0212117 0.0215804 0.0671573 0.0140224 0.000905512 -0.0048261 0.0736597 0.651921 0.164994 0.621302 2.09207 -2.77918 -0.487385 -2.1648 -0.104144 0.0193849 -0.0632313 -0.467837 0.254266 -0.277747 0.123369 40.8514 -1.6566 0.235995 3.21135 -0.0914333 -0.102043 0.575794 -0.699623 0.352034 1.10278 -0.185007 0.547952 -0.881109
268.763 0.265707 0.610368 2.15418 -2.30568 -0.751302 -1.88613 0.244442 0.629819 2.21735 -2.25957 -0.738412 -1.91385 -0.0212655 0.0194505 0.0631786 0.0461167 0.0128894 -0.0277216 0.0694412 2.08807 0.173422 0.630446 2.08304 -2.77766 -0.488964 -2.16443 -0.0922856 0.0200775 -0.0711341 -0.471982 0.262338 -0.278307 0.118236 41.2953 -1.62496 0.298313 3.20629 -0.0922921 -0.103809 0.628049 -0.679353 0.463003 1.09538 -0.194343 0.551653 -0.838042
269.547 0.260943 0.622772 2.15161 -2.30582 -0.753981 -1.87098 0.240836 0.646048 2.21988 -2.25507 -0.74503 -1.91749 -0.0201068 0.0232759 0.0682707 0.0507508 0.0089506 -0.0465068 0.0748795 2.29354 0.176016 0.639638 2.07265 -2.78046 -0.495417 -2.15786 -0.0849265 0.016866 -0.078953 -0.474637 0.258564 -0.286879 0.117177 41.7671 -1.5775 0.411893 3.1972 -0.0931768 -0.105093 0.721846 -0.659809 0.660574 1.08228 -0.19348 0.558861 -0.75685
270.454 0.259538 0.631319 2.14871 -2.31649 -0.745965 -1.8505 0.239727 0.662628 2.23654 -2.30818 -0.767684 -1.85622 -0.0198107 0.0313092 0.0878343 0.0083058 -0.0217193 -0.00572411 0.0953289 1.2915 0.18603 0.644255 2.0671 -2.77674 -0.492172 -2.16139 -0.0735078 0.012936 -0.081609 -0.460257 0.253793 -0.310897 0.110593 41.9713 -1.5456 0.513094 3.18912 -0.0923559 -0.104951 0.803072 -0.659251 0.831796 1.07089 -0.180059 0.56215 -0.681081
270.944 0.257307 0.636929 2.14663 -2.32811 -0.737707 -1.83627 0.240065 0.671233 2.24902 -2.33677 -0.801862 -1.84157 -0.017242 0.0343046 0.102395 -0.00866736 -0.0641556 -0.00530873 0.109357 3.74983 0.185881 0.650825 2.06206 -2.77747 -0.492717 -2.15845 -0.0714256 0.0138962 -0.0845693 -0.449359 0.24499 -0.322185 0.111565 41.7341 -1.52907 0.582074 3.18361 -0.0920826 -0.104915 0.857475 -0.66698 0.946124 1.06334 -0.167251 0.560254 -0.6276
271.292 0.253578 0.640099 2.14534 -2.33855 -0.729811 -1.82521 0.233735 0.664596 2.20748 -2.32702 -0.77764 -1.83054 -0.0198434 0.0244978 0.0621411 0.0115338 -0.0478283 -0.00532666 0.0696809 2.78629 0.187499 0.651649 2.06315 -2.77117 -0.487583 -2.16805 -0.0660791 0.0115505 -0.0821857 -0.43262 0.242228 -0.342839 0.106086 41.7381 -1.51926 0.634415 3.17943 -0.0928665 -0.104418 0.898602 -0.676895 1.03172 1.05781 -0.156194 0.55652 -0.586249
271.722 0.250389 0.643316 2.14382 -2.35153 -0.721393 -1.81394 0.229165 0.667278 2.20044 -2.33061 -0.753423 -1.82742 -0.0212243 0.0239621 0.0566154 0.0209242 -0.0320297 -0.0134806 0.0650381 2.03874 0.18124 0.647832 2.06584 -2.77284 -0.488674 -2.16167 -0.0691485 0.00451566 -0.0779798 -0.421304 0.232719 -0.347722 0.10432 41.198 -1.51175 0.687184 3.17523 -0.0935079 -0.104052 0.939957 -0.690208 1.11702 1.05246 -0.14416 0.550479 -0.543995
272.116 0.248873 0.646996 2.14195 -2.36798 -0.713037 -1.80299 0.22444 0.667476 2.19163 -2.33329 -0.727779 -1.82441 -0.0244332 0.0204799 0.0496825 0.0346811 -0.0147414 -0.021425 0.0590318 1.7176 0.184999 0.651398 2.06397 -2.76791 -0.484537 -2.16813 -0.0638745 0.00440241 -0.0779771 -0.399938 0.2285 -0.365146 0.100895 40.8359 -1.50661 0.740291 3.17094 -0.0933278 -0.104242 0.981227 -0.70675 1.2019 1.04728 -0.131377 0.54148 -0.50105
272.574 0.246558 0.649964 2.13983 -2.3944 -0.700794 -1.78896 0.224975 0.676804 2.20646 -2.3638 -0.760565 -1.80962 -0.0215838 0.0268401 0.0666301 0.0306062 -0.059771 -0.0206585 0.0750055 3.66501 0.194963 0.653525 2.06257 -2.76805 -0.482757 -2.16275 -0.0515956 0.00356041 -0.0772557 -0.373646 0.218037 -0.373794 0.092969 39.7273 -1.50353 0.8114 3.16502 -0.0932523 -0.104196 1.03603 -0.733549 1.31419 1.04076 -0.113573 0.524488 -0.443123
273.009 0.245689 0.651655 2.13806 -2.41724 -0.691505 -1.77888 0.226635 0.691592 2.2418 -2.40684 -0.744764 -1.76841 -0.0190539 0.0399376 0.103738 0.0104063 -0.0532596 0.0104646 0.112782 3.23991 0.188551 0.644211 2.066 -2.77118 -0.483018 -2.15445 -0.0571376 -0.0074433 -0.0720631 -0.353934 0.208487 -0.37557 0.092267 38.6636 -1.50409 0.864787 3.16044 -0.0931826 -0.104195 1.07698 -0.757018 1.3976 1.0362 -0.100165 0.508265 -0.399403
273.521 0.244319 0.651986 2.13681 -2.44088 -0.682348 -1.77026 0.221302 0.681966 2.19826 -2.4112 -0.709496 -1.78128 -0.0230172 0.02998 0.0614554 0.0296824 -0.027148 -0.0110141 0.0721481 2.08168 0.192729 0.638169 2.06898 -2.76747 -0.476874 -2.15966 -0.05159 -0.0138175 -0.0678279 -0.32659 0.205473 -0.389401 0.0863312 37.928 -1.50716 0.918078 3.15576 -0.0933435 -0.104122 1.11778 -0.783266 1.48019 1.03195 -0.0875867 0.490174 -0.355831
273.946 0.241125 0.650494 2.13594 -2.47131 -0.671446 -1.76112 0.220896 0.683679 2.20379 -2.44871 -0.711063 -1.76174 -0.0202289 0.0331852 0.0678484 0.0226031 -0.0396164 -0.000617018 0.0781912 2.60233 0.193356 0.632782 2.06999 -2.76882 -0.473444 -2.15366 -0.0477692 -0.0177113 -0.0659591 -0.297505 0.198003 -0.392534 0.0833438 36.5491 -1.51518 0.98878 3.1495 -0.0946509 -0.103716 1.17226 -0.822408 1.58881 1.02683 -0.0734853 0.464416 -0.298403
274.398 0.240799 0.649029 2.13501 -2.49345 -0.664811 -1.75497 0.218641 0.685672 2.21022 -2.48903 -0.710918 -1.74127 -0.0221584 0.0366432 0.0752083 0.00442798 -0.0461068 0.0136996 0.0865448 2.81286 0.20423 0.630882 2.06862 -2.77366 -0.473833 -2.14516 -0.0365696 -0.0181473 -0.0663923 -0.280205 0.190978 -0.39019 0.0779397 35.4991 -1.52421 1.04142 3.14487 -0.0957544 -0.103147 1.21317 -0.854772 1.66901 1.02344 -0.0653019 0.445095 -0.255791
274.682 0.240938 0.645357 2.13499 -2.51258 -0.65917 -1.75071 0.218775 0.68616 2.22107 -2.47285 -0.645314 -1.76118 -0.0221628 0.0408031 0.086077 0.0397378 0.0138561 -0.0104666 0.0978025 2.12504 0.197678 0.618289 2.06865 -2.77198 -0.468597 -2.15055 -0.0432598 -0.0270682 -0.0663406 -0.259392 0.190573 -0.399833 0.0836969 35.0005 -1.53584 1.09363 3.14034 -0.0969292 -0.102022 1.2542 -0.889694 1.74802 1.02042 -0.0593432 0.427596 -0.213557
275.115 0.24392 0.640834 2.1352 -2.52897 -0.655598 -1.74831 0.218378 0.684089 2.22695 -2.51265 -0.641834 -1.74172 -0.0255424 0.0432544 0.0917444 0.0163171 0.0137645 0.00659081 0.104596 1.43695 0.205995 0.615741 2.06336 -2.77622 -0.468424 -2.1429 -0.0379248 -0.0250931 -0.0718437 -0.247249 0.187174 -0.394586 0.0850263 34.1277 -1.55009 1.14535 3.13594 -0.0972669 -0.100752 1.29504 -0.927126 1.82571 1.01768 -0.0561346 0.412533 -0.1718
275.487 0.251524 0.633813 2.1359 -2.54538 -0.654982 -1.74892 0.218638 0.672034 2.20036 -2.51352 -0.665806 -1.75893 -0.0328861 0.0382202 0.0644548 0.0318589 -0.010824 -0.0100111 0.0818334 1.66154 0.215156 0.608366 2.05771 -2.78005 -0.466641 -2.13812 -0.0363677 -0.0254474 -0.0781896 -0.234665 0.188341 -0.389207 0.0899099 33.3207 -1.57309 1.21349 3.13027 -0.0966093 -0.0988852 1.34871 -0.980879 1.92699 1.01425 -0.0571253 0.396671 -0.117001
275.949 0.258691 0.628285 2.1367 -2.55335 -0.657574 -1.75222 0.225914 0.665989 2.20579 -2.55926 -0.660995 -1.7365 -0.032777 0.0377045 0.0690916 -0.00590318 -0.00342035 0.0157197 0.085262 0.768722 0.214949 0.603441 2.05191 -2.78238 -0.464987 -2.13504 -0.0437424 -0.0248434 -0.0847867 -0.229032 0.192587 -0.38282 0.0985869 32.839 -1.59323 1.2639 3.12615 -0.0957611 -0.097479 1.38826 -1.02402 2.00105 1.01174 -0.0616074 0.387744 -0.0765307
276.426 0.266378 0.622837 2.13762 -2.55843 -0.662301 -1.75745 0.234987 0.664044 2.21851 -2.50634 -0.623959 -1.77501 -0.0313919 0.0412068 0.0808876 0.0520862 0.0383414 -0.0175613 0.0960534 3.33789 0.217888 0.593782 2.05095 -2.7819 -0.460207 -2.13842 -0.04849 -0.0290554 -0.0866646 -0.22347 0.202094 -0.380973 0.103471 32.6938 -1.61572 1.31367 3.12211 -0.0949303 -0.096087 1.42719 -1.06952 2.07337 1.00926 -0.0686754 0.380501 -0.0365697
276.868 0.277865 0.616558 2.13875 -2.56041 -0.671778 -1.7667 0.24165 0.652667 2.19984 -2.52756 -0.655193 -1.75017 -0.036215 0.0361087 0.0610904 0.0328533 0.0165851 0.0165293 0.0796706 2.74566 0.230056 0.589938 2.0449 -2.78493 -0.458485 -2.13633 -0.0478096 -0.0266203 -0.0938576 -0.224517 0.213293 -0.36963 0.108645 32.4346 -1.64919 1.37899 3.11699 -0.0934871 -0.0945383 1.47818 -1.13392 2.16691 1.00594 -0.0815093 0.374475 0.0155625
277.751 0.293511 0.609864 2.1405 -2.55199 -0.691128 -1.78119 0.26075 0.644267 2.20735 -2.56063 -0.674487 -1.76641 -0.0327611 0.0344032 0.0668577 -0.00864062 0.0166403 0.0147803 0.0820172 1.1586 0.230706 0.584055 2.04374 -2.78649 -0.454547 -2.13877 -0.0628045 -0.025809 -0.0967532 -0.234501 0.236581 -0.357573 0.118202 32.8469 -1.70628 1.47461 3.1102 -0.0926176 -0.0924291 1.55427 -1.23874 2.30044 1.00095 -0.106496 0.37474 0.0896102
278.189 0.302026 0.609756 2.14065 -2.54473 -0.703379 -1.7874 0.268996 0.64498 2.21965 -2.62754 -0.613511 -1.75081 -0.0330299 0.0352237 0.0790048 -0.0828153 0.089868 0.0365891 0.0925929 6.42071 0.237883 0.590692 2.03884 -2.79219 -0.459094 -2.13204 -0.0641432 -0.0190636 -0.101807 -0.247462 0.244285 -0.34464 0.12183 33.0261 -1.73772 1.52132 3.10743 -0.0919612 -0.092274 1.59231 -1.29491 2.36391 0.998558 -0.120696 0.378327 0.124177
278.64 0.313386 0.612093 2.1403 -2.53322 -0.721227 -1.79341 0.280321 0.646489 2.22481 -2.59724 -0.607394 -1.76346 -0.0330653 0.0343952 0.084512 -0.0640161 0.113834 0.0299475 0.0970496 7.15218 0.238848 0.590204 2.03844 -2.79159 -0.459707 -2.14003 -0.0745384 -0.0218892 -0.10186 -0.258368 0.26152 -0.34662 0.128104 34.0784 -1.78244 1.58235 3.10451 -0.0909535 -0.0925385 1.64306 -1.37374 2.44484 0.995501 -0.140521 0.385982 0.167298
279.058 0.321873 0.615945 2.13947 -2.52425 -0.734968 -1.79572 0.281672 0.631796 2.16802 -2.56977 -0.673045 -1.7761 -0.0402006 0.0158506 0.0285475 -0.0455236 0.0619226 0.0196146 0.0517908 4.10561 0.241368 0.591173 2.04112 -2.79112 -0.460251 -2.14308 -0.0805043 -0.024772 -0.0983507 -0.266869 0.274717 -0.347361 0.129489 34.8655 -1.81791 1.6271 3.10284 -0.0900101 -0.0931984 1.68126 -1.43584 2.50265 0.993289 -0.155038 0.393262 0.197758
279.886 0.336933 0.629706 2.13655 -2.50398 -0.765387 -1.79479 0.302714 0.644827 2.18321 -2.52115 -0.706779 -1.76797 -0.0342193 0.0151205 0.0466589 -0.0171696 0.0586077 0.0268127 0.0598051 3.54586 0.239593 0.60112 2.04364 -2.7893 -0.460858 -2.15016 -0.0973406 -0.0285859 -0.0929144 -0.285327 0.304529 -0.355373 0.13757 36.9279 -1.90643 1.72762 3.10074 -0.0889247 -0.0952138 1.7715 -1.5906 2.62723 0.988455 -0.186226 0.411659 0.265403
281.197 0.348497 0.657822 2.13046 -2.47833 -0.803976 -1.79023 0.325338 0.677046 2.20116 -2.48643 -0.774603 -1.78661 -0.023159 0.0192249 0.0707048 -0.00809975 0.0293729 0.00362594 0.0768447 1.71874 0.258756 0.643712 2.02493 -2.79683 -0.473331 -2.13674 -0.0897409 -0.0141097 -0.105532 -0.3185 0.330645 -0.346509 0.139246 38.8739 -2.04454 1.85985 3.10194 -0.0868901 -0.0995033 1.90101 -1.83485 2.77781 0.982289 -0.224297 0.436444 0.362782
281.612 0.348139 0.666379 2.12892 -2.46942 -0.81376 -1.79082 0.328289 0.689832 2.20823 -2.48028 -0.807343 -1.79002 -0.0198499 0.0234529 0.0793178 -0.0108547 0.00641656 0.000794513 0.085061 0.694925 0.261028 0.644591 2.02667 -2.79118 -0.470793 -2.14863 -0.0871102 -0.0217872 -0.102247 -0.321755 0.342967 -0.357811 0.136078 39.8934 -2.08809 1.89644 3.10292 -0.0864176 -0.100754 1.93949 -1.91313 2.81624 0.980419 -0.234375 0.443837 0.393574
282.067 0.344345 0.673161 2.12818 -2.45974 -0.821246 -1.79196 0.325596 0.690592 2.17725 -2.46394 -0.81085 -1.78321 -0.0187487 0.0174308 0.0490661 -0.00419793 0.0103955 0.00874993 0.0553428 0.698856 0.256294 0.655089 2.02546 -2.79435 -0.474104 -2.14125 -0.0880507 -0.018072 -0.102722 -0.33461 0.347142 -0.349293 0.136497 40.235 -2.13242 1.93145 3.104 -0.0868812 -0.101176 1.97795 -1.99352 2.85147 0.978528 -0.243153 0.451004 0.425515
282.51 0.338756 0.678756 2.12787 -2.45104 -0.826853 -1.79299 0.322369 0.700455 2.18131 -2.4539 -0.8429 -1.78901 -0.0163866 0.0216991 0.0534331 -0.00286339 -0.0160466 0.00398904 0.0599539 0.932092 0.255497 0.658473 2.02978 -2.78857 -0.470462 -2.15235 -0.0832592 -0.020283 -0.0980948 -0.33753 0.356391 -0.359359 0.130254 41.0792 -2.1775 1.9648 3.10507 -0.087541 -0.101253 2.01657 -2.07586 2.88349 0.97662 -0.25023 0.457308 0.458683
283.023 0.329254 0.684174 2.12808 -2.4421 -0.832184 -1.79333 0.316758 0.706407 2.18203 -2.44864 -0.844559 -1.79284 -0.0124956 0.0222331 0.0539488 -0.00654064 -0.0123746 0.000493432 0.0596735 0.792782 0.252494 0.666472 2.03367 -2.79031 -0.471778 -2.1497 -0.07676 -0.0177016 -0.0944153 -0.348218 0.360406 -0.356374 0.122962 41.5561 -2.2387 2.00657 3.10656 -0.0887346 -0.100664 2.0687 -2.18835 2.92111 0.974214 -0.257778 0.46373 0.504442
283.699 0.316765 0.691242 2.12822 -2.43385 -0.841194 -1.79197 0.305234 0.72616 2.21603 -2.43758 -0.858023 -1.7842 -0.0115311 0.0349185 0.0878134 -0.00372829 -0.0168285 0.00777391 0.0952022 1.01529 0.251649 0.67709 2.03589 -2.78983 -0.4706 -2.15136 -0.0651159 -0.0141518 -0.0923268 -0.355977 0.370594 -0.359391 0.113862 42.3508 -2.33286 2.06324 3.10936 -0.0889744 -0.0998267 2.14815 -2.36189 2.96632 0.971315 -0.269457 0.47075 0.574033
284.129 0.310405 0.694764 2.12858 -2.42971 -0.84896 -1.79316 0.296997 0.727802 2.2122 -2.44004 -0.831037 -1.78401 -0.013408 0.0330381 0.0836237 -0.0103359 0.0179232 0.00914445 0.0909078 1.10358 0.252913 0.683067 2.03519 -2.79284 -0.473451 -2.14563 -0.0574918 -0.011697 -0.0933831 -0.363135 0.375509 -0.352468 0.110284 42.5438 -2.38093 2.0888 3.11112 -0.0882667 -0.100195 2.18801 -2.45028 2.98375 0.970231 -0.27803 0.473361 0.608
284.498 0.301625 0.699741 2.12908 -2.42236 -0.863775 -1.79702 0.291115 0.735931 2.21924 -2.4631 -0.893821 -1.77031 -0.0105098 0.0361902 0.0901642 -0.0407395 -0.0300452 0.026712 0.0977229 2.29166 0.257919 0.694032 2.03316 -2.79622 -0.476487 -2.14023 -0.0437063 -0.00570867 -0.0959235 -0.373857 0.387288 -0.343206 0.105566 43.0235 -2.44591 2.11993 3.11383 -0.0875209 -0.10077 2.24084 -2.56916 3.00152 0.969118 -0.294804 0.476165 0.651531
285.394 0.282835 0.709072 2.13108 -2.39589 -0.902602 -1.81825 0.269796 0.730466 2.17983 -2.39823 -0.862891 -1.79451 -0.0130399 0.0213941 0.0487494 -0.00233575 0.0397118 0.0237421 0.054811 2.60083 0.26021 0.702837 2.03481 -2.79108 -0.476534 -2.15084 -0.0226251 -0.00623529 -0.0962691 -0.39519 0.426069 -0.332591 0.0990884 44.8197 -2.56153 2.16605 3.11935 -0.0864906 -0.103505 2.33224 -2.77822 3.0175 0.968055 -0.339057 0.481845 0.723671
285.871 0.273744 0.713382 2.13213 -2.37785 -0.922429 -1.83342 0.266596 0.74871 2.21687 -2.40028 -0.894486 -1.81039 -0.0071478 0.0353281 0.0847377 -0.0224367 0.027943 0.0230321 0.092085 1.81143 0.260928 0.713581 2.02656 -2.7935 -0.480704 -2.14302 -0.0128159 0.000199231 -0.105571 -0.415651 0.441725 -0.309597 0.106347 45.3325 -2.61161 2.18243 3.12181 -0.0864342 -0.105149 2.371 -2.86752 3.0185 0.967874 -0.36246 0.485298 0.753723
286.302 0.263903 0.717054 2.13349 -2.35505 -0.942707 -1.85261 0.25495 0.751596 2.21679 -2.38174 -0.921397 -1.82256 -0.00895343 0.0345425 0.0833039 -0.026687 0.0213105 0.0300515 0.090625 1.60181 0.252911 0.708571 2.02948 -2.78563 -0.476908 -2.15402 -0.0109922 -0.00848236 -0.104003 -0.430572 0.465799 -0.301408 0.104926 46.4786 -2.6619 2.19671 3.12412 -0.086725 -0.106719 2.40956 -2.95628 3.01603 0.967733 -0.387562 0.489749 0.783648
286.807 0.252802 0.719311 2.13535 -2.3279 -0.962689 -1.87558 0.243281 0.75635 2.21651 -2.36012 -0.949643 -1.83688 -0.00952085 0.0370384 0.0811637 -0.0322259 0.0130459 0.0386964 0.089722 1.48121 0.242329 0.70977 2.0284 -2.78656 -0.478724 -2.14845 -0.0104734 -0.00954162 -0.106946 -0.458666 0.483965 -0.272867 0.10788 47.2305 -2.71233 2.20881 3.12618 -0.0878447 -0.107676 2.4482 -3.0442 3.01012 0.967565 -0.414133 0.494489 0.813724
287.256 0.238747 0.721032 2.13801 -2.28713 -0.987998 -1.91108 0.234877 0.768937 2.24756 -2.3517 -0.980006 -1.86006 -0.00386997 0.047905 0.109548 -0.064568 0.007992 0.0510173 0.119627 2.1045 0.240205 0.71924 2.02613 -2.78813 -0.480943 -2.14343 0.00145769 -0.00179205 -0.111876 -0.501002 0.507055 -0.232356 0.1119 48.3664 -2.77973 2.22144 3.1285 -0.0895071 -0.108477 2.50005 -3.15969 2.997 0.967283 -0.450081 0.500977 0.85493
287.743 0.231027 0.721983 2.13967 -2.25587 -1.00467 -1.93899 0.217261 0.755508 2.20834 -2.27804 -0.984934 -1.92462 -0.0137666 0.0335245 0.0686652 -0.0221679 0.0197373 0.0143689 0.0776422 1.34756 0.233175 0.714624 2.03263 -2.7839 -0.479272 -2.15469 0.00214767 -0.00735913 -0.107042 -0.52803 0.525399 -0.215698 0.107316 49.5847 -2.83037 2.2282 3.12992 -0.0899343 -0.108997 2.53913 -3.24478 2.98327 0.967056 -0.475179 0.506276 0.887247
288.346 0.224437 0.721546 2.14146 -2.22508 -1.01831 -1.96612 0.21059 0.766426 2.24015 -2.30057 -1.02795 -1.89465 -0.0138474 0.0448802 0.0986872 -0.0754918 -0.00963769 0.0714764 0.109294 2.35302 0.222285 0.717904 2.03364 -2.78676 -0.482132 -2.14943 -0.00215189 -0.0036421 -0.107827 -0.561683 0.536182 -0.183306 0.10791 50.2682 -2.88106 2.23257 3.13111 -0.0903622 -0.108793 2.57856 -3.32834 2.96625 0.966845 -0.498029 0.511895 0.9206
289.426 0.212041 0.716681 2.1459 -2.15836 -1.03977 -2.02057 0.195286 0.76119 2.23331 -2.19022 -1.02159 -2.00206 -0.0167553 0.0445091 0.0874125 -0.0318528 0.0181801 0.0185031 0.0995125 1.49017 0.214337 0.711297 2.03877 -2.78743 -0.479406 -2.15434 0.0022963 -0.00538449 -0.107136 -0.629066 0.560362 -0.133773 0.107296 52.3172 -2.99933 2.23345 3.1342 -0.0922655 -0.105498 2.67299 -3.51624 2.91364 0.967036 -0.543165 0.526552 1.00043
290.372 0.209102 0.71538 2.14755 -2.11837 -1.04866 -2.04055 0.184304 0.753446 2.23051 -2.11822 -1.02902 -2.05057 -0.0247977 0.0380664 0.0829607 0.000148571 0.01964 -0.0100228 0.0945857 1.2599 0.220654 0.715786 2.03195 -2.79933 -0.487173 -2.14373 0.0115523 0.000406165 -0.1156 -0.680964 0.561486 -0.103186 0.116176 53.6159 -3.11768 2.22127 3.13776 -0.093575 -0.10132 2.77282 -3.69313 2.84348 0.967571 -0.569233 0.542984 1.08175
293.426 0.226045 0.757222 2.13124 -2.21067 -1.02897 -1.89636 0.202177 0.787026 2.21268 -2.19263 -1.07908 -1.91928 -0.0238676 0.029804 0.0814343 0.0180395 -0.0501075 -0.0229156 0.0899416 2.94517 0.218341 0.699672 2.04325 -2.79749 -0.48296 -2.15934 -0.00770377 -0.0575498 -0.0879884 -0.586822 0.546012 -0.262976 0.10542 54.7937 -3.49813 2.09331 3.1487 -0.0930598 -0.0947843 3.10991 -4.19066 2.50363 0.963563 -0.528434 0.557015 1.37066
293.847 0.226519 0.763962 2.12846 -2.22622 -1.0226 -1.88086 0.202501 0.796931 2.21607 -2.20699 -1.06071 -1.91018 -0.0240176 0.0329689 0.0876065 0.0192267 -0.0381038 -0.0293162 0.096637 2.36761 0.214709 0.693934 2.04206 -2.80041 -0.485051 -2.15306 -0.0118099 -0.0700282 -0.0864074 -0.574189 0.537552 -0.2722 0.111847 54.3062 -3.54491 2.06721 3.14996 -0.0933044 -0.0942103 -3.13021 -4.24654 2.44839 0.962749 -0.517932 0.554798 1.41511
294.256 0.228931 0.771188 2.12535 -2.24251 -1.01608 -1.86804 0.202748 0.804613 2.2186 -2.22293 -1.04018 -1.9 -0.0261827 0.0334253 0.093255 0.0195745 -0.0241011 -0.0319656 0.102466 1.73235 0.212885 0.684805 2.04187 -2.79687 -0.483323 -2.16252 -0.0160455 -0.0863825 -0.0834754 -0.554358 0.532755 -0.294487 0.121192 54.125 -3.5906 2.03902 3.15085 -0.0923418 -0.0943934 -3.0876 -4.30068 2.39094 0.961776 -0.506458 0.551593 1.46182
295.144 0.230685 0.783908 2.11948 -2.27633 -0.999202 -1.85034 0.212413 0.840068 2.25923 -2.30421 -1.02079 -1.82993 -0.018272 0.0561603 0.139758 -0.0278702 -0.0215857 0.0204111 0.151724 1.51129 0.212297 0.68208 2.03348 -2.80132 -0.486619 -2.15318 -0.0183872 -0.101828 -0.0859999 -0.524981 0.512584 -0.302835 0.134548 52.4574 -3.69225 1.96569 3.15065 -0.0915019 -0.0946438 -2.98951 -4.42075 2.24874 0.958488 -0.479134 0.539164 1.57771
295.679 0.229584 0.785427 2.11844 -2.28777 -0.992409 -1.8489 0.206994 0.820484 2.19127 -2.28416 -1.00914 -1.84524 -0.0225894 0.0350572 0.0728362 0.00361147 -0.0167303 0.00365948 0.0839309 1.03854 0.209892 0.67603 2.0341 -2.7973 -0.481389 -2.16044 -0.019692 -0.109396 -0.084336 -0.509528 0.511021 -0.311537 0.139527 52.0258 -3.73335 1.93121 3.1496 -0.0919551 -0.0938411 -2.94784 -4.46962 2.18448 0.956726 -0.469739 0.531624 1.62914
296.155 0.229024 0.785617 2.11793 -2.29675 -0.987734 -1.85185 0.205207 0.824834 2.19266 -2.28435 -1.01084 -1.84596 -0.0238166 0.0392174 0.0747288 0.0124005 -0.0231052 0.00588858 0.0876905 1.66554 0.214443 0.675987 2.03417 -2.79991 -0.481723 -2.1533 -0.014581 -0.10963 -0.0837635 -0.503151 0.506011 -0.301452 0.138736 51.1558 -3.77285 1.89498 3.14817 -0.0922308 -0.0930344 -2.90629 -4.51691 2.1183 0.954916 -0.463369 0.523085 1.68089
296.704 0.228325 0.785099 2.11787 -2.30233 -0.986827 -1.86377 0.205189 0.825637 2.19228 -2.29675 -0.987328 -1.83771 -0.0231355 0.0405379 0.0744116 0.00557742 -0.000500994 0.0260619 0.0878388 1.76901 0.206761 0.67654 2.03347 -2.80207 -0.482132 -2.14855 -0.0215642 -0.108559 -0.0843997 -0.499739 0.504695 -0.284772 0.139189 50.2875 -3.82289 1.84402 3.14607 -0.0928755 -0.0923996 -2.85083 -4.5774 2.02716 0.952741 -0.461797 0.510732 1.74916
297.193 0.228003 0.783294 2.11861 -2.29941 -0.990316 -1.87871 0.20715 0.835608 2.22387 -2.34028 -1.02191 -1.82615 -0.0208531 0.0523143 0.105258 -0.0408729 -0.0315958 0.0525594 0.119377 2.43172 0.206229 0.673525 2.03485 -2.8002 -0.481449 -2.15508 -0.0217739 -0.109769 -0.0837636 -0.500788 0.508868 -0.276362 0.139784 50.1435 -3.85839 1.80388 3.14458 -0.0936104 -0.0917556 -2.80901 -4.62069 1.9566 0.951474 -0.467096 0.502662 1.79854
298.028 0.230938 0.775286 2.12247 -2.26672 -1.00905 -1.92865 0.205514 0.827286 2.21717 -2.31987 -1.06221 -1.87307 -0.0254244 0.0519995 0.0947014 -0.0531534 -0.0531587 0.0555813 0.11099 3.46419 0.209983 0.674622 2.03853 -2.80913 -0.489273 -2.14539 -0.0209552 -0.100664 -0.0839363 -0.542405 0.519774 -0.216744 0.132732 50.1102 -3.93419 1.70402 3.14184 -0.0948264 -0.09016 -2.71009 -4.71416 1.78447 0.950149 -0.49739 0.494656 1.90488
298.507 0.234355 0.771552 2.12432 -2.24269 -1.01905 -1.95344 0.204525 0.811693 2.1857 -2.2874 -1.01769 -1.91031 -0.0298305 0.0401409 0.0613811 -0.0447159 0.00136717 0.043128 0.0791757 1.37743 0.200254 0.6678 2.04464 -2.80674 -0.486307 -2.15192 -0.0341011 -0.103752 -0.0796769 -0.564056 0.532746 -0.198486 0.135188 50.8337 -3.96364 1.65868 3.14091 -0.0948538 -0.0899255 -2.66742 -4.7507 1.70741 0.950273 -0.514665 0.497475 1.9463
300.19 0.253725 0.751829 2.13277 -2.12192 -1.05673 -2.05346 0.229751 0.809819 2.24641 -2.184 -1.06789 -2.00982 -0.0239741 0.0579902 0.113644 -0.0620818 -0.0111575 0.0436408 0.129817 1.9428 0.200706 0.671701 2.04838 -2.81369 -0.488131 -2.14467 -0.0530196 -0.0801283 -0.0843878 -0.691775 0.568599 -0.0912055 0.127879 53.9295 -4.07076 1.44714 3.13785 -0.0940464 -0.0902264 -2.4835 -4.87942 1.35207 0.954722 -0.588608 0.526879 2.10803
303.624 0.26265 0.727261 2.14126 -2.09377 -1.09774 -2.11888 0.239665 0.751259 2.16801 -2.07223 -1.10421 -2.11518 -0.0229853 0.0239981 0.0267441 0.0215386 -0.00646417 0.00369765 0.0426554 1.47353 0.175202 0.695942 2.04751 -2.79634 -0.490761 -2.15684 -0.0874478 -0.0313189 -0.093748 -0.702568 0.606981 -0.0379583 0.131972 53.9507 -4.18859 0.958978 3.13579 -0.0896319 -0.104113 -2.12534 -4.94066 0.540405 0.969336 -0.620513 0.4976 2.47502
304.521 0.251354 0.719707 2.1452 -2.06921 -1.10827 -2.16072 0.235375 0.756165 2.1987 -2.01674 -1.06 -2.16834 -0.015979 0.036458 0.0534937 0.052472 0.0482697 -0.00761721 0.066679 3.81526 0.167534 0.70432 2.04804 -2.80088 -0.494919 -2.14341 -0.0838201 -0.0153865 -0.0971677 -0.731673 0.613347 0.0173123 0.129244 53.6353 -4.19462 0.847548 3.13808 -0.08995 -0.105478 -2.04938 -4.90877 0.358627 0.973201 -0.636499 0.48711 2.56033
305.065 0.241788 0.713519 2.14823 -2.05475 -1.11306 -2.1878 0.227959 0.748079 2.19194 -2.05059 -1.07076 -2.14581 -0.0138292 0.0345596 0.0437073 0.00415852 0.0422956 0.0419947 0.0574103 3.56875 0.15856 0.694326 2.05574 -2.79522 -0.489768 -2.15925 -0.0832279 -0.0191933 -0.0924871 -0.74047 0.623289 0.0285486 0.125893 54.0126 -4.19431 0.773349 3.13999 -0.0907019 -0.105563 -1.99818 -4.87843 0.239463 0.975872 -0.645484 0.479386 2.61939
305.528 0.235858 0.710133 2.14989 -2.04711 -1.11578 -2.20509 0.216048 0.735851 2.17835 -1.9977 -1.09423 -2.21876 -0.0198101 0.0257179 0.0284524 0.0494155 0.0215468 -0.0136704 0.043167 2.48806 0.164455 0.698116 2.0533 -2.79907 -0.49329 -2.15197 -0.0714032 -0.0120176 -0.0965934 -0.751956 0.622487 0.0531211 0.120719 53.705 -4.19172 0.717769 3.1415 -0.0907044 -0.105964 -1.95941 -4.85107 0.151525 0.977827 -0.650138 0.473808 2.66471
305.984 0.229609 0.70755 2.15124 -2.04212 -1.11683 -2.21816 0.20327 0.715327 2.13419 -1.96614 -1.09591 -2.25584 -0.0263397 0.00777704 -0.0170505 0.0759836 0.0209156 -0.0376883 0.0323262 2.87058 0.155379 0.695596 2.05664 -2.79872 -0.493524 -2.15398 -0.0742307 -0.0119534 -0.0946094 -0.756605 0.623302 0.0641769 0.120847 53.5925 -4.18709 0.662304 3.14299 -0.0909367 -0.106492 -1.92013 -4.81987 0.0650229 0.979685 -0.65234 0.469274 2.71035
306.507 0.223968 0.706891 2.1519 -2.04004 -1.11666 -2.2262 0.204634 0.734153 2.19885 -1.99337 -1.09363 -2.24084 -0.0193342 0.0272627 0.0469575 0.0466685 0.0230367 -0.0146408 0.0576374 2.36364 0.160376 0.699913 2.0559 -2.7983 -0.49478 -2.15561 -0.063592 -0.00697717 -0.0959982 -0.758263 0.621884 0.0705923 0.115362 53.4162 -4.18038 0.607021 3.14445 -0.0909823 -0.107701 -1.88041 -4.78492 -0.0198664 0.981438 -0.651779 0.466292 2.75572
309.044 0.199793 0.712271 2.15076 -2.07624 -1.08482 -2.14573 0.17214 0.730326 2.17609 -2.01927 -1.08646 -2.17311 -0.0276532 0.0180545 0.0253251 0.0569691 -0.00164197 -0.0273718 0.0416176 2.01635 0.161062 0.698852 2.06857 -2.79184 -0.503341 -2.15784 -0.0387314 -0.0134193 -0.0821875 -0.7156 0.581479 -0.012101 0.0918421 52.7691 -4.0565 0.20236 3.15365 -0.086979 -0.118056 -1.5714 -4.40767 -0.597744 0.992714 -0.599627 0.50637 3.05705
309.478 0.197619 0.710744 2.15102 -2.08056 -1.0747 -2.12909 0.169018 0.72912 2.17254 -2.06024 -1.09954 -2.14621 -0.0286007 0.0183756 0.0215231 0.0203185 -0.0248437 -0.0171164 0.0402357 1.52367 0.166363 0.700708 2.06465 -2.79184 -0.502014 -2.154 -0.0312562 -0.0100361 -0.0863708 -0.711287 0.572683 -0.0249086 0.0923991 52.6975 -4.02227 0.138149 3.15465 -0.0850887 -0.119018 -1.521 -4.3257 -0.682175 0.994341 -0.587844 0.519721 3.10627
311.593 0.172802 0.691876 2.15645 -2.07988 -1.02486 -2.1117 0.153648 0.738267 2.25244 -2.06772 -1.00582 -2.10066 -0.0191537 0.0463908 0.0959994 0.0121659 0.0190403 0.0110425 0.108328 1.68098 0.16006 0.671189 2.07277 -2.78378 -0.486946 -2.1601 -0.0127416 -0.0206873 -0.0836713 -0.703895 0.537909 -0.0484029 0.0871275 51.9543 -3.85362 -0.0922042 3.15445 -0.083448 -0.118122 -1.33183 -3.96465 -0.965077 0.997537 -0.542397 0.555634 -2.95936
312.004 0.167537 0.688867 2.15723 -2.08029 -1.01576 -2.11504 0.146068 0.721221 2.21229 -2.04471 -1.01191 -2.13277 -0.021469 0.0323538 0.0550562 0.0355881 0.0038522 -0.0177301 0.0673712 1.31224 0.155643 0.667738 2.07482 -2.78599 -0.488495 -2.15533 -0.0118938 -0.0211296 -0.0824113 -0.7057 0.527263 -0.0402821 0.0859043 51.412 -3.8039 -0.142668 3.15392 -0.0835492 -0.11823 -1.28507 -3.86812 -1.02154 0.997767 -0.533605 0.557245 -2.90159
312.734 0.162841 0.683607 2.15848 -2.08991 -1.00666 -2.11773 0.134827 0.702196 2.17144 -2.01975 -1.01606 -2.16552 -0.0280142 0.0185893 0.0129663 0.0701549 -0.00939855 -0.0477856 0.0360344 2.29934 0.150617 0.658542 2.0881 -2.78403 -0.486821 -2.15959 -0.0122238 -0.0250644 -0.0703777 -0.694121 0.519841 -0.041857 0.0757012 50.6875 -3.72385 -0.21252 3.15336 -0.0835859 -0.117517 -1.21427 -3.7204 -1.09547 0.998159 -0.522897 0.55125 -2.81547
313.059 0.16356 0.681244 2.15891 -2.09811 -1.00491 -2.11809 0.136137 0.720288 2.23943 -2.07035 -0.989361 -2.13112 -0.0274228 0.0390443 0.0805157 0.0277599 0.0155532 -0.013031 0.0935908 1.37345 0.150572 0.657328 2.09324 -2.78107 -0.484509 -2.16713 -0.0129876 -0.0239153 -0.0656789 -0.682965 0.520405 -0.0490395 0.0710939 50.4335 -3.68145 -0.244705 3.15338 -0.082813 -0.116992 -1.17873 -3.64554 -1.12758 0.998489 -0.519397 0.545439 -2.77364
313.477 0.166881 0.678752 2.15923 -2.10995 -1.00452 -2.11752 0.138049 0.718109 2.23874 -2.07375 -0.990055 -2.12861 -0.0288315 0.039357 0.0795124 0.0362052 0.0144682 -0.0110907 0.0932869 1.78312 0.160276 0.664674 2.09566 -2.78163 -0.48531 -2.16458 -0.00660444 -0.0140772 -0.0635703 -0.671672 0.519213 -0.0470629 0.0654444 49.815 -3.62264 -0.284708 3.15391 -0.0812877 -0.116193 -1.13131 -3.54493 -1.16534 0.999213 -0.516423 0.537151 -2.71985
314.255 0.173437 0.678456 2.15871 -2.12517 -1.00681 -2.11607 0.144957 0.724274 2.27028 -2.07292 -0.957422 -2.14292 -0.0284798 0.0458183 0.11157 0.0522441 0.0493884 -0.0268475 0.123928 3.41638 0.155418 0.662379 2.11248 -2.77877 -0.485882 -2.1663 -0.0180186 -0.0160768 -0.0462347 -0.653598 0.520928 -0.0502287 0.0521611 49.1635 -3.53007 -0.338392 3.15622 -0.0792779 -0.115546 -1.06051 -3.3928 -1.21124 1.00129 -0.514887 0.525799 -2.64348
314.651 0.17556 0.678399 2.15859 -2.13067 -1.00846 -2.11586 0.148971 0.724507 2.27102 -2.07583 -0.958213 -2.14087 -0.0265893 0.0461081 0.112423 0.0548395 0.0502424 -0.0250051 0.124386 3.56579 0.158274 0.667024 2.11581 -2.77996 -0.487683 -2.16105 -0.0172866 -0.0113749 -0.0427887 -0.64929 0.520772 -0.0451917 0.0475299 48.8012 -3.48207 -0.362352 3.15827 -0.0790018 -0.114898 -1.0252 -3.31646 -1.22937 1.00294 -0.515629 0.520718 -2.60705
315.152 0.179653 0.679714 2.15793 -2.13913 -1.0121 -2.11481 0.149105 0.711992 2.22884 -2.10693 -1.0175 -2.14197 -0.0305476 0.0322774 0.070917 0.0322035 -0.00540779 -0.0271529 0.0836911 1.02182 0.152523 0.666124 2.12711 -2.77518 -0.485569 -2.16525 -0.0271295 -0.0135905 -0.0308136 -0.63605 0.526527 -0.0504388 0.0432457 48.5818 -3.41649 -0.39128 3.16185 -0.0785859 -0.114061 -0.978101 -3.21472 -1.24869 1.00568 -0.517616 0.512871 -2.55938
315.655 0.183226 0.681196 2.15723 -2.14779 -1.01507 -2.1128 0.15419 0.713921 2.23184 -2.09772 -0.984978 -2.14433 -0.0290353 0.0327249 0.0746145 0.050075 0.0300969 -0.031532 0.0864945 2.3967 0.151282 0.669166 2.13121 -2.77497 -0.486385 -2.16472 -0.031944 -0.0120295 -0.0260231 -0.627183 0.52869 -0.0519215 0.0429224 48.3167 -3.36625 -0.41069 3.16512 -0.078215 -0.1134 -0.942809 -3.13855 -1.25968 1.00815 -0.518667 0.505667 -2.52355
316.061 0.186586 0.68303 2.15631 -2.16256 -1.01788 -2.10739 0.156193 0.716111 2.23259 -2.10002 -0.984552 -2.14285 -0.0303937 0.0330817 0.0762845 0.0625475 0.0333282 -0.0354624 0.0885297 2.88988 0.157135 0.675697 2.13237 -2.77473 -0.486691 -2.1616 -0.0294517 -0.00733314 -0.0239346 -0.61217 0.53119 -0.0542119 0.0386529 47.8242 -3.29803 -0.433502 3.17009 -0.0787847 -0.112021 -0.895294 -3.0373 -1.26985 1.01193 -0.518506 0.494315 -2.475
316.488 0.189403 0.684691 2.1554 -2.17796 -1.01927 -2.10026 0.161001 0.717737 2.23164 -2.13715 -1.00158 -2.11999 -0.0284024 0.0330462 0.0762382 0.0408022 0.0176982 -0.0197293 0.0878124 1.81488 0.158918 0.674165 2.13494 -2.77704 -0.488256 -2.15605 -0.030485 -0.0105254 -0.0204601 -0.599087 0.531019 -0.0557911 0.0381934 47.304 -3.24604 -0.448292 3.17408 -0.079538 -0.110804 -0.858945 -2.96169 -1.27429 1.01498 -0.516628 0.483844 -2.43741
317.36 0.199665 0.690799 2.15209 -2.22066 -1.02048 -2.07742 0.16989 0.73156 2.25927 -2.18983 -1.02381 -2.10644 -0.0297752 0.0407613 0.107179 0.0308271 -0.00332967 -0.0290252 0.118471 0.953676 0.157901 0.671319 2.13548 -2.77647 -0.490164 -2.15877 -0.041764 -0.0194798 -0.0166126 -0.555814 0.530314 -0.081349 0.0489864 46.262 -3.14022 -0.471829 3.18201 -0.0802829 -0.108904 -0.784351 -2.81141 -1.27549 1.02105 -0.507543 0.458905 -2.35882

322.221 0.305912 0.73928 2.12246 -2.40228 -1.01072 -1.98856 0.280218 0.778127 2.22629 -2.37158 -0.991947 -1.98225 -0.0256944 0.0388469 0.103835 0.0307003 0.0187773 0.00630684 0.113802 2.33515 0.194663 0.726025 2.12562 -2.76939 -0.467719 -2.15477 -0.111249 -0.0132552 0.00315624 -0.367115 0.543005 -0.166216 0.11208 41.9593 -2.42479 -0.428177 3.2263 -0.0635628 -0.10402 -0.295058 -1.84083 -1.0318 1.05658 -0.459285 0.370304 -1.83954
322.464 0.305245 0.742874 2.12072 -2.41656 -1.01302 -2.012 0.282483 0.770874 2.18383 -2.39278 -1.0226 -1.98376 -0.0227628 0.0280008 0.0631141 0.0237839 -0.00957241 0.0282411 0.072702 2.92034 0.178833 0.729208 2.12026 -2.76135 -0.45795 -2.15172 -0.126412 -0.0136658 -0.000458319 -0.344786 0.555075 -0.139724 0.12715 40.8493 -2.35841 -0.408452 3.22875 -0.0589263 -0.108302 -0.262312 -1.74739 -0.984425 1.05933 -0.456294 0.347529 -1.78119
329.555 0.030382 0.624863 2.16313 -2.73332 -1.23384 -2.64194 0.00379704 0.685745 2.31406 -2.70768 -1.26466 -2.66173 -0.026585 0.0608824 0.150927 0.0256345 -0.0308123 -0.0197935 0.164902 1.84356 0.0677222 0.729199 2.05998 -2.71298 -0.491412 -2.14661 0.0373402 0.104337 -0.103151 0.0203359 0.742431 0.495328 0.151395 51.2847 -1.78768 -0.0517848 3.17792 0.0279872 -0.135411 -0.232931 -0.881764 -0.220581 1.05303 -0.725228 -0.261174 -1.16201
329.958 0.0266092 0.619 2.16174 -2.81951 -1.19593 -2.56953 -0.00124896 0.665185 2.26151 -2.71536 -1.24774 -2.65316 -0.0278581 0.0461851 0.0997663 0.104154 -0.0518041 -0.0836327 0.113413 3.69024 0.0703102 0.716703 2.05848 -2.71417 -0.493233 -2.15128 0.0437011 0.0977026 -0.103266 0.105337 0.702701 0.418246 0.148726 49.2627 -1.77252 -0.0269051 3.16336 0.0344713 -0.131104 -0.240508 -0.867615 -0.183934 1.03895 -0.681521 -0.273885 -1.16452
330.395 0.0244687 0.615846 2.16043 -2.86673 -1.16147 -2.52694 -0.00518266 0.651815 2.23277 -2.8669 -1.2229 -2.52674 -0.0296513 0.0359689 0.0723356 -0.000175099 -0.0614374 0.000202041 0.0860546 3.52014 0.0682539 0.70797 2.05868 -2.71401 -0.495008 -2.15507 0.0437852 0.0921245 -0.101754 0.152715 0.666458 0.371864 0.144076 47.4155 -1.76337 -0.0093207 3.15175 0.038292 -0.127645 -0.245893 -0.8613 -0.159797 1.02695 -0.644465 -0.278328 -1.16866
330.821 0.0236342 0.613218 2.15879 -2.90106 -1.12386 -2.49367 -0.00715841 0.649257 2.23747 -2.81579 -1.18912 -2.56586 -0.0307926 0.0360393 0.0786796 0.0852715 -0.0652588 -0.072197 0.0918559 4.2354 0.0649331 0.700166 2.0623 -2.71438 -0.494955 -2.15984 0.0412989 0.0869479 -0.0964892 0.186676 0.628907 0.333829 0.136293 45.4237 -1.75607 0.0072058 3.13964 0.0413955 -0.123971 -0.250922 -0.858382 -0.138524 1.01395 -0.605508 -0.279124 -1.17374
331.218 0.023477 0.610781 2.15637 -2.93138 -1.07087 -2.46035 -0.0083426 0.659657 2.28363 -2.92457 -1.12389 -2.4624 -0.0318196 0.0488763 0.12726 0.00681128 -0.0530202 -0.00205298 0.139987 3.05172 0.0630432 0.689539 2.06701 -2.71457 -0.494705 -2.16658 0.0395662 0.0787577 -0.0893644 0.216811 0.576168 0.293777 0.125516 42.5879 -1.74914 0.0274203 3.12285 0.0443185 -0.11892 -0.256949 -0.859258 -0.114534 0.995392 -0.552237 -0.275937 -1.18097
331.641 0.0240879 0.609972 2.15427 -2.94533 -1.03081 -2.44156 -0.00915672 0.644076 2.23322 -2.92292 -1.11196 -2.46399 -0.0332447 0.0341043 0.0789552 0.022416 -0.081149 -0.0224382 0.0922075 4.69235 0.0599586 0.682138 2.07177 -2.71401 -0.495845 -2.17277 0.0358706 0.0721659 -0.0824957 0.231318 0.534968 0.268788 0.115326 40.3422 -1.74598 0.0411105 3.10988 0.0456342 -0.115302 -0.260877 -0.863118 -0.0997135 0.980788 -0.512596 -0.271206 -1.18636
332.154 0.0254935 0.610469 2.15183 -2.95552 -0.990968 -2.4253 -0.00723471 0.642049 2.23304 -2.94412 -1.05482 -2.43949 -0.0327282 0.0315795 0.0812067 0.0114002 -0.0638564 -0.0141882 0.0930749 3.68323 0.0574374 0.674125 2.07778 -2.71379 -0.495813 -2.17821 0.0319439 0.0636551 -0.0740518 0.241732 0.495155 0.247091 0.102743 38.1666 -1.74449 0.053479 3.09658 0.0464146 -0.112122 -0.264261 -0.869341 -0.0875356 0.965795 -0.473416 -0.265959 -1.19166
333.042 0.0300807 0.611944 2.14561 -2.9737 -0.899122 -2.38832 -0.00429552 0.637782 2.20497 -2.97766 -0.962533 -2.39278 -0.0343762 0.0258381 0.0593539 -0.00396249 -0.0634114 -0.00446287 0.0732954 3.66201 0.0515693 0.660178 2.09151 -2.71247 -0.497428 -2.19085 0.0214886 0.0482339 -0.054099 0.261228 0.401694 0.197466 0.0755974 33.1022 -1.74725 0.0770408 3.06404 0.0458229 -0.105143 -0.269877 -0.891155 -0.0685486 0.929815 -0.382809 -0.253663 -1.20569
333.912 0.0336992 0.610663 2.1406 -2.9856 -0.821506 -2.35189 0.0005213 0.6332 2.18267 -2.94164 -0.893215 -2.39611 -0.0331779 0.0225374 0.0420778 0.0439591 -0.0717098 -0.0442141 0.0581313 4.47054 0.0460082 0.646714 2.10443 -2.71073 -0.498353 -2.19846 0.012309 0.036051 -0.0361652 0.274867 0.323153 0.153437 0.0525272 28.9047 -1.75604 0.0913353 3.03444 0.0428351 -0.0989771 -0.272311 -0.915544 -0.0613218 0.898416 -0.305374 -0.24133 -1.22282
346.366 0.067347 0.544419 2.17202 -2.69326 -0.855646 -2.30499 0.0281209 0.568621 2.22871 -2.65324 -0.88361 -2.31263 -0.0392261 0.0242014 0.056687 0.040027 -0.0279642 -0.00764132 0.0730603 2.54622 0.00177745 0.521677 2.18279 -2.70362 -0.5228 -2.19488 -0.0655696 -0.022742 0.0107648 -0.0103544 0.332846 0.110114 0.0702314 19.9673 -2.08449 0.0198896 2.46781 -0.0152351 -0.079544 -0.249125 -1.25433 -0.268684 0.325929 -0.36008 0.0158867 -1.34487
359.47 0.0952373 0.477072 2.15973 -2.80931 -0.525553 -2.17063 0.0822121 0.518376 2.18897 -2.78593 -0.569899 -2.19164 -0.0130252 0.0413046 0.0292413 0.0233817 -0.0443456 -0.0210192 0.0522569 2.83186 0.0364617 0.31127 2.03514 -2.70837 -0.517231 -2.21359 -0.0587755 -0.165802 -0.12459 0.10094 0.00832154 -0.0429664 0.215563 5.05455 -2.14471 0.0402011 1.88738 -0.000364873 -0.0914811 -0.256414 -1.23425 -0.26669 -0.19753 0.00210297 0.000181982 -1.31708
359.849 0.0837443 0.463539 2.16259 -2.80852 -0.522757 -2.17033 0.0699244 0.505174 2.22327 -2.79727 -0.562227 -2.15823 -0.0138199 0.0416346 0.060679 0.0112479 -0.0394693 0.0121019 0.0748757 2.54391 0.0279708 0.297712 2.03771 -2.70776 -0.519362 -2.2148 -0.0557735 -0.165827 -0.124878 0.100753 0.00339545 -0.0444675 0.214951 5.02055 -2.15434 0.0362271 1.88388 -0.00258262 -0.0893782 -0.256882 -1.23424 -0.26669 -0.197494 0.00190668 0.000221473 -1.31708
360.606 0.0633589 0.434967 2.16866 -2.80816 -0.51938 -2.16939 0.0458956 0.486213 2.27954 -2.78343 -0.457519 -2.14743 -0.0174633 0.0512462 0.110875 0.0247262 0.0618611 0.0219586 0.123388 4.22188 0.00808358 0.267587 2.04457 -2.70848 -0.522073 -2.21304 -0.0552754 -0.16738 -0.124098 0.0996736 -0.00269335 -0.043643 0.215573 4.96767 -2.17803 0.0271319 1.87546 -0.00516299 -0.0863293 -0.256995 -1.23423 -0.266688 -0.197412 0.00144726 0.000293429 -1.31708
361.687 0.0418846 0.395609 2.17585 -2.8093 -0.515931 -2.16699 0.0177348 0.437106 2.25766 -2.83665 -0.549059 -2.1351 -0.0241498 0.0414966 0.0818137 -0.0273563 -0.0331282 0.0318869 0.0948613 2.5473 -0.0129885 0.229459 2.05052 -2.71993 -0.517949 -2.20468 -0.054873 -0.16615 -0.125335 0.0893715 -0.00201792 -0.0376861 0.215234 4.46826 -2.21025 0.0169349 1.86287 -0.00731166 -0.0824774 -0.255966 -1.23421 -0.266687 -0.197331 0.000982464 0.000355692 -1.31708
363.675 0.0057769 0.255701 2.19322 -2.82225 -0.494665 -2.15582 -0.0227797 0.300755 2.2704 -2.80466 -0.503339 -2.15823 -0.0285566 0.0450539 0.0771818 0.0175913 -0.00867442 -0.00241794 0.0938209 1.07155 -0.0468522 0.0988937 2.05952 -2.76061 -0.49908 -2.1857 -0.0526291 -0.156807 -0.133703 0.0616342 -0.00441463 -0.0298842 0.212685 3.1147 -2.29164 0.00781263 1.82516 -0.0122547 -0.0579913 -0.253148 -1.2342 -0.266685 -0.197242 0.00046715 0.000424793 -1.31708
364.099 0.00228998 0.226279 2.19573 -2.82492 -0.491 -2.15396 -0.0267859 0.275368 2.27354 -2.8177 -0.487761 -2.15282 -0.0290759 0.0490891 0.0778148 0.00722008 0.00323894 0.00114796 0.0964899 0.485375 -0.0507415 0.070398 2.06109 -2.76685 -0.49583 -2.18319 -0.0530315 -0.155881 -0.134639 0.058075 -0.00483078 -0.0292284 0.212694 2.94517 -2.30914 0.00890144 1.81607 -0.0126394 -0.0535767 -0.25272 -1.23419 -0.266685 -0.197233 0.000412979 0.000432054 -1.31708
364.848 -0.000258362 0.181736 2.19878 -2.82906 -0.485925 -2.15153 -0.0315589 0.223089 2.25743 -2.82739 -0.534284 -2.14532 -0.0313005 0.0413526 0.0586485 0.00166619 -0.0483589 0.00621214 0.0782906 2.80114 -0.0552487 0.0251971 2.0641 -2.77544 -0.491297 -2.18039 -0.0549903 -0.156539 -0.134676 0.0536155 -0.00537175 -0.0288597 0.213696 2.73795 -2.33568 0.0124471 1.80158 -0.0127083 -0.0472648 -0.252239 -1.23419 -0.266684 -0.197222 0.000349646 0.000440543 -1.31708
365.224 0.000303555 0.149901 2.20046 -2.83265 -0.482211 -2.14991 -0.0346887 0.198766 2.27213 -2.79842 -0.487672 -2.15504 -0.0349922 0.048865 0.0716768 0.0342312 -0.00546122 -0.00512276 0.0935404 1.86928 -0.0567783 -0.00613841 2.06513 -2.78205 -0.486974 -2.17842 -0.0570818 -0.156039 -0.135327 0.0506022 -0.00476282 -0.0285075 0.21429 2.59525 -2.35348 0.0160481 1.79144 -0.0121605 -0.0423821 -0.252034 -1.23419 -0.266684 -0.197216 0.000316876 0.000444936 -1.31708
365.599 0.00129406 0.125772 2.20137 -2.83533 -0.479415 -2.14876 -0.032715 0.173012 2.27268 -2.80919 -0.478027 -2.15019 -0.0340091 0.0472408 0.0713083 0.0261452 0.00138761 -0.00142362 0.0920499 1.46447 -0.058378 -0.0313224 2.06644 -2.78695 -0.483536 -2.17702 -0.0596721 -0.157094 -0.134928 0.0483774 -0.0041209 -0.0282591 0.215511 2.49057 -2.36681 0.0193407 1.78356 -0.01173 -0.0387201 -0.251923 -1.23419 -0.266684 -0.197212 0.000296279 0.000447697 -1.31708
365.983 0.00236485 0.101472 2.20192 -2.83783 -0.476543 -2.14765 -0.0332924 0.146561 2.30922 -2.85265 -0.507149 -2.12627 -0.0356573 0.0450898 0.107297 -0.0148255 -0.0306057 0.0213717 0.121726 2.07679 -0.055644 -0.057063 2.06768 -2.79242 -0.479838 -2.17564 -0.0580088 -0.158535 -0.134246 0.0454022 -0.00329457 -0.0279927 0.215686 2.35268 -2.38009 0.0231069 1.77536 -0.0114742 -0.0350883 -0.251847 -1.23419 -0.266684 -0.197209 0.000278565 0.000450072 -1.31708
366.392 0.00346595 0.077149 2.2021 -2.84009 -0.47363 -2.14657 -0.0307222 0.117416 2.27228 -2.82417 -0.456239 -2.14303 -0.0341881 0.0402668 0.0701764 0.0159209 0.0173913 0.00354211 0.0878349 1.42546 -0.0573236 -0.0821591 2.06802 -2.7972 -0.476422 -2.17445 -0.0607895 -0.159308 -0.134089 0.0428921 -0.00279225 -0.0278773 0.21692 2.24175 -2.39332 0.0273281 1.76687 -0.011412 -0.0315269 -0.251803 -1.23419 -0.266684 -0.197207 0.000263331 0.000452115 -1.31708
366.752 0.00558893 0.0445951 2.20177 -2.84301 -0.469832 -2.14523 -0.0295775 0.0880264 2.25782 -2.8327 -0.510625 -2.13531 -0.0351664 0.0434313 0.0560517 0.0103193 -0.0407927 0.00991509 0.0791501 2.53991 -0.054869 -0.116496 2.06856 -2.80401 -0.472006 -2.17301 -0.0604579 -0.161091 -0.13321 0.0390057 -0.00217361 -0.0277802 0.217601 2.07735 -2.41091 0.0336438 1.75504 -0.0113228 -0.0269107 -0.251782 -1.23419 -0.266684 -0.197204 0.000247058 0.000454298 -1.31708
367.123 0.00807622 0.0205767 2.20101 -2.8452 -0.467318 -2.14436 -0.0267427 0.0608273 2.27236 -2.80759 -0.467888 -2.14549 -0.0348189 0.0402506 0.0713543 0.0376038 -0.000570868 -0.00113038 0.0890163 2.12633 -0.0501511 -0.144248 2.0697 -2.8112 -0.468661 -2.17213 -0.0582273 -0.164824 -0.131308 0.0339955 -0.00134338 -0.0277631 0.21863 1.88014 -2.42407 0.0388816 1.74568 -0.0110306 -0.023724 -0.25179 -1.23419 -0.266684 -0.197202 0.000238272 0.000455477 -1.31708
367.534 0.0115072 -0.00394056 2.1997 -2.8476 -0.464924 -2.14356 -0.0256347 0.0328121 2.25777 -2.85037 -0.490259 -2.12689 -0.0371419 0.0367527 0.0580696 -0.00276667 -0.0253351 0.016671 0.0781176 1.70456 -0.0497035 -0.170973 2.06952 -2.81751 -0.465574 -2.17139 -0.0612107 -0.167033 -0.130176 0.0300866 -0.000649986 -0.0278332 0.220437 1.7463 -2.43722 0.0445319 1.73578 -0.0104603 -0.0205524 -0.251808 -1.23419 -0.266684 -0.197201 0.00022868 0.000456764 -1.31708
367.932 0.0176235 -0.0376768 2.19706 -2.85138 -0.461746 -2.14251 -0.0223082 0.00544765 2.32562 -2.86162 -0.41852 -2.12102 -0.0399318 0.0431244 0.128562 -0.010243 0.0432264 0.0214838 0.141359 2.71613 -0.046187 -0.205339 2.06701 -2.82591 -0.461252 -2.17043 -0.0638105 -0.167663 -0.130049 0.0254706 0.000494433 -0.0279251 0.221575 1.61592 -2.45473 0.0526526 1.72171 -0.00917198 -0.0160378 -0.251844 -1.23419 -0.266684 -0.197198 0.000216514 0.000458397 -1.31708
368.365 0.0234314 -0.0636987 2.19452 -2.85474 -0.459359 -2.14173 -0.0148969 -0.0235335 2.27265 -2.86204 -0.470144 -2.14364 -0.0383283 0.0401652 0.0781279 -0.00729928 -0.0107851 -0.00190272 0.095845 0.780845 -0.0406713 -0.234299 2.06584 -2.83375 -0.457279 -2.1697 -0.0641027 -0.1706 -0.128687 0.0209883 0.00207958 -0.0279646 0.223101 1.52393 -2.46778 0.059116 1.71074 -0.00773105 -0.0123794 -0.251877 -1.23419 -0.266684 -0.197197 0.000210374 0.000459222 -1.31708
368.744 0.0304022 -0.0904299 2.19163 -2.85865 -0.45697 -2.14097 -0.00989325 -0.0519894 2.2566 -2.86874 -0.520219 -2.13265 -0.0402955 0.0384405 0.0649669 -0.0100894 -0.0632494 0.00832489 0.0855692 3.66543 -0.0388851 -0.259906 2.06211 -2.84056 -0.45368 -2.16894 -0.0692873 -0.169476 -0.129529 0.0180928 0.00328977 -0.0279627 0.224278 1.48859 -2.48067 0.0658173 1.69969 -0.00581706 -0.00848587 -0.251914 -1.23419 -0.266684 -0.197196 0.000204338 0.000460032 -1.31708
369.548 0.0479131 -0.149162 2.1841 -2.86745 -0.452537 -2.13964 0.00587071 -0.111119 2.25662 -2.89019 -0.502606 -2.12187 -0.0420424 0.0380427 0.0725182 -0.0227379 -0.0500687 0.0177711 0.0920527 3.12149 -0.027635 -0.317654 2.05365 -2.85556 -0.446032 -2.16781 -0.0755482 -0.168492 -0.130452 0.0118903 0.00650562 -0.0281754 0.226086 1.50116 -2.50969 0.0818374 1.67406 -0.000859502 -0.000482179 -0.251998 -1.23419 -0.266684 -0.197195 0.000195332 0.000461242 -1.31708
369.934 0.0548887 -0.172512 2.18044 -2.87066 -0.450965 -2.13919 0.0155315 -0.138489 2.2208 -2.83738 -0.487001 -2.14862 -0.0393572 0.0340225 0.0403632 0.0332756 -0.036036 -0.00942686 0.0658461 2.69414 -0.0248875 -0.338445 2.0484 -2.86009 -0.443757 -2.16757 -0.0797762 -0.165933 -0.132035 0.0105695 0.00720828 -0.0283735 0.226564 1.52598 -2.52149 0.0886301 1.66309 0.000988261 0.00240024 -0.25203 -1.23419 -0.266684 -0.197194 0.000192425 0.000461633 -1.31708
370.313 0.0612675 -0.19499 2.17646 -2.87351 -0.449428 -2.13876 0.023252 -0.164788 2.22228 -2.87213 -0.505008 -2.15197 -0.0380154 0.0302024 0.0458227 0.00138943 -0.0555799 -0.0132116 0.0667613 3.26567 -0.0206044 -0.361769 2.04483 -2.86449 -0.441047 -2.1673 -0.0818719 -0.166778 -0.131634 0.00902007 0.00838089 -0.0285439 0.227696 1.56348 -2.53282 0.0952509 1.65213 0.00255363 0.00508198 -0.252056 -1.23419 -0.266684 -0.197194 0.000189646 0.000462006 -1.31708
370.672 0.0683984 -0.222552 2.17077 -2.87639 -0.447673 -2.13828 0.0310766 -0.191055 2.2231 -2.85887 -0.47114 -2.13875 -0.0373218 0.0314962 0.0523291 0.017523 -0.0234671 -0.000473241 0.0715769 1.67094 -0.0135721 -0.388864 2.03878 -2.86886 -0.438034 -2.16691 -0.0819706 -0.166312 -0.13199 0.00753026 0.0096383 -0.0286284 0.227597 1.60474 -2.5471 0.103688 1.63752 0.00401238 0.00795864 -0.252091 -1.23419 -0.266684 -0.197193 0.000186861 0.00046238 -1.31708
371.042 0.0722297 -0.240913 2.16626 -2.87753 -0.446623 -2.13801 0.0367375 -0.219186 2.27373 -2.89508 -0.442566 -2.12192 -0.0354922 0.0217265 0.107474 -0.0175506 0.00405783 0.0160946 0.115249 1.05721 -0.00880973 -0.404414 2.0325 -2.87096 -0.436365 -2.16678 -0.0810395 -0.163501 -0.133759 0.00656986 0.0102588 -0.0287696 0.226256 1.63518 -2.55713 0.109659 1.62652 0.00438634 0.00940249 -0.252129 -1.23419 -0.266684 -0.197193 0.000184028 0.000462761 -1.31708
371.833 0.0782914 -0.27995 2.1538 -2.87863 -0.444347 -2.13747 0.0446855 -0.257181 2.22404 -2.88042 -0.450406 -2.12902 -0.0336059 0.0227691 0.0702339 -0.00179462 -0.00605898 0.00844858 0.0811209 0.567862 0.00429557 -0.441469 2.01885 -2.87428 -0.433239 -2.16689 -0.0739958 -0.161519 -0.134953 0.00434494 0.0111076 -0.0294171 0.223106 1.71783 -2.57813 0.122308 1.59996 0.00401391 0.011854 -0.252253 -1.23419 -0.266684 -0.197192 0.000181195 0.000463142 -1.31708
372.257 0.0804205 -0.296496 2.14597 -2.87893 -0.443422 -2.13726 0.0466139 -0.276518 2.2233 -2.88311 -0.446175 -2.12748 -0.0338066 0.019978 0.0773356 -0.00417983 -0.00275323 0.00978096 0.086734 0.53008 0.00960541 -0.456843 2.01008 -2.87548 -0.432148 -2.1669 -0.0708151 -0.160347 -0.135882 0.00344707 0.011274 -0.0296434 0.221788 1.74832 -2.58612 0.127207 1.58633 0.00373795 0.0127822 -0.252312 -1.23419 -0.266684 -0.197192 0.000178387 0.000463519 -1.31708
372.665 0.0829997 -0.318857 2.13317 -2.87938 -0.442065 -2.13694 0.050499 -0.295946 2.22336 -2.88839 -0.440734 -2.12505 -0.0325006 0.022911 0.0901914 -0.00900988 0.00133151 0.0118848 0.0985682 0.660272 0.0177339 -0.475476 1.99631 -2.87718 -0.430778 -2.1669 -0.0652658 -0.156619 -0.136859 0.00219475 0.011287 -0.0299641 0.21799 1.7886 -2.5958 0.133273 1.56616 0.00333861 0.0141447 -0.25239 -1.23419 -0.266684 -0.197192 0.000178387 0.000463519 -1.31708
373.04 0.0841132 -0.335435 2.12257 -2.87946 -0.44076 -2.1366 0.0530406 -0.316249 2.20893 -2.89279 -0.485255 -2.11188 -0.0310726 0.0191866 0.086355 -0.0133307 -0.0444952 0.0247176 0.0937594 2.84991 0.0248343 -0.492258 1.98439 -2.87855 -0.429467 -2.16692 -0.0592789 -0.156823 -0.138178 0.000905041 0.0112928 -0.0303166 0.217257 1.83376 -2.60229 0.137475 1.55042 0.00263116 0.0152873 -0.252443 -1.23419 -0.266684 -0.197191 0.000175585 0.000463896 -1.31708
373.424 0.0847733 -0.350863 2.11165 -2.87922 -0.439534 -2.13628 0.0541546 -0.330319 2.17433 -2.84499 -0.473068 -2.14007 -0.0306187 0.0205443 0.0626786 0.034234 -0.0335333 -0.00378721 0.0727199 2.68526 0.0310256 -0.504697 1.97166 -2.87898 -0.428258 -2.1668 -0.0537477 -0.153834 -0.139986 0.000241581 0.0112761 -0.0305257 0.214826 1.85899 -2.60809 0.141396 1.53465 0.00169442 0.0162083 -0.252493 -1.23419 -0.266684 -0.197191 0.000175585 0.000463896 -1.31708
373.725 0.0854684 -0.364515 2.10061 -2.87873 -0.438734 -2.13607 0.0541735 -0.350436 2.17555 -2.87729 -0.441444 -2.13104 -0.0312949 0.0140793 0.0749382 0.00144559 -0.00271028 0.00503226 0.0824217 0.366908 0.0364992 -0.517321 1.95995 -2.87907 -0.427863 -2.16697 -0.0489693 -0.152806 -0.140659 -0.000334013 0.0108702 -0.0309033 0.213383 1.88471 -2.61316 0.145062 1.51894 0.000789578 0.0166477 -0.252531 -1.23419 -0.266684 -0.197191 0.000175585 0.000463896 -1.31708
374.034 0.0864602 -0.376899 2.08941 -2.87824 -0.438228 -2.13594 0.0547567 -0.366232 2.16204 -2.881 -0.484416 -2.11819 -0.0317035 0.0106669 0.0726301 -0.00275757 -0.0461886 0.0177415 0.0799626 2.81397 0.0390816 -0.528624 1.9481 -2.8787 -0.428051 -2.16718 -0.0473786 -0.151725 -0.141305 -0.000461919 0.0101766 -0.0312428 0.212679 1.89341 -2.61751 0.148505 1.50337 5.8365e-05 0.016836 -0.252559 -1.23419 -0.266684 -0.197191 0.000175585 0.000463896 -1.31708
374.405 0.0893923 -0.391442 2.07433 -2.87816 -0.438313 -2.136 0.0558091 -0.376437 2.1289 -2.86158 -0.449992 -2.13917 -0.0335832 0.0150056 0.0545652 0.0165784 -0.0116791 -0.00316407 0.0658055 1.11136 0.0444387 -0.542388 1.9326 -2.87869 -0.429132 -2.16773 -0.0449536 -0.150946 -0.14173 -0.000529025 0.00918055 -0.0317299 0.211879 1.90495 -2.62216 0.15279 1.48298 5.74417e-05 0.016727 -0.252594 -1.23419 -0.266684 -0.197191 0.000172817 0.000464268 -1.31708
375.118 0.095555 -0.410183 2.05157 -2.87884 -0.43912 -2.13631 0.0619527 -0.404064 2.11771 -2.89651 -0.463989 -2.11753 -0.0336023 0.00611866 0.0661357 -0.0176774 -0.0248695 0.0187808 0.0744344 1.80624 0.0525381 -0.559706 1.90913 -2.87901 -0.430521 -2.16856 -0.0430169 -0.149523 -0.14244 -0.000177737 0.00859854 -0.0322526 0.210943 1.91663 -2.62677 0.158558 1.45354 0.00117635 0.0163744 -0.252633 -1.23419 -0.266684 -0.197191 0.000172817 0.000464268 -1.31708
375.504 0.0992392 -0.421054 2.03648 -2.8792 -0.439461 -2.13642 0.0669712 -0.417382 2.12908 -2.87346 -0.439517 -2.13345 -0.032268 0.00367206 0.0925995 0.00574759 -5.58647e-05 0.00296742 0.0981294 0.429783 0.0569352 -0.571494 1.89457 -2.87865 -0.430822 -2.16872 -0.042304 -0.15044 -0.14191 0.000548971 0.0086396 -0.0322974 0.211093 1.9029 -2.62833 0.161917 1.43494 0.00171211 0.0162644 -0.252633 -1.23419 -0.266684 -0.197191 0.000172817 0.000464268 -1.31708
375.864 0.101793 -0.428239 2.02539 -2.87944 -0.439636 -2.13647 0.070619 -0.428738 2.12546 -2.85433 -0.415502 -2.1256 -0.0311738 -0.000499337 0.100071 0.0251105 0.0241344 0.0108661 0.104816 2.26105 0.0594507 -0.57908 1.88373 -2.87848 -0.430246 -2.16855 -0.0423421 -0.150842 -0.141659 0.000958416 0.00939024 -0.0320812 0.211219 1.89362 -2.62872 0.16416 1.42175 0.00202723 0.0162326 -0.252628 -1.23419 -0.266684 -0.197191 0.000172817 0.000464268 -1.31708
376.23 0.104104 -0.434614 2.01461 -2.87965 -0.439691 -2.13648 0.0743328 -0.439883 2.12549 -2.85762 -0.412863 -2.1241 -0.029771 -0.0052692 0.110881 0.0220284 0.0268286 0.012383 0.114929 2.28019 0.0610829 -0.584629 1.8725 -2.8786 -0.429489 -2.16831 -0.0430209 -0.150014 -0.14211 0.00104698 0.0102025 -0.0318318 0.211069 1.89196 -2.62847 0.166157 1.40933 0.00223939 0.0162858 -0.252621 -1.23419 -0.266684 -0.197191 0.000172817 0.000464268 -1.31708
376.572 0.106508 -0.440336 2.00413 -2.88005 -0.43966 -2.13647 0.0742732 -0.439278 2.07416 -2.8873 -0.468683 -2.12187 -0.0322343 0.00105824 0.0700299 -0.00725263 -0.0290229 0.0145989 0.0770996 1.82542 0.0634138 -0.590022 1.86184 -2.87917 -0.428715 -2.1681 -0.0430937 -0.149686 -0.142295 0.000874965 0.0109447 -0.0316295 0.210976 1.89837 -2.62757 0.1679 1.39773 0.00256742 0.0165059 -0.252613 -1.23419 -0.266684 -0.197191 0.000172817 0.000464268 -1.31708
377.003 0.109433 -0.446391 1.99074 -2.88051 -0.439589 -2.13645 0.0774187 -0.451557 2.08498 -2.88789 -0.422402 -2.13287 -0.0320148 -0.00516608 0.094238 -0.00738171 0.0171868 0.00357736 0.0996616 1.05758 0.0653749 -0.596534 1.8487 -2.87986 -0.427485 -2.16783 -0.0440586 -0.150143 -0.142037 0.000646146 0.0121035 -0.0313867 0.211326 1.91315 -2.62537 0.169815 1.38354 0.00292705 0.0167895 -0.252605 -1.23419 -0.266684 -0.197191 0.000172817 0.000464268 -1.31708
377.424 0.111386 -0.449645 1.98102 -2.88073 -0.439589 -2.13644 0.0785198 -0.449518 2.04242 -2.87019 -0.437367 -2.1416 -0.0328661 0.000126837 0.0613997 0.010544 0.00222228 -0.00516011 0.0696428 0.563018 0.06575 -0.599818 1.83901 -2.88001 -0.426895 -2.16775 -0.0456359 -0.150174 -0.142013 0.000720808 0.0126942 -0.0313075 0.211666 1.91989 -2.62298 0.170933 1.37364 0.00311992 0.0168972 -0.252599 -1.23419 -0.266684 -0.197191 0.000172817 0.000464268 -1.31708
377.717 0.113348 -0.450809 1.97156 -2.88062 -0.440198 -2.13662 0.0820906 -0.456672 2.0425 -2.87275 -0.435831 -2.14027 -0.0312578 -0.00586288 0.0709465 0.00787034 0.00436676 -0.00365221 0.0777485 0.478881 0.065219 -0.600805 1.8295 -2.87964 -0.427011 -2.16789 -0.0481294 -0.149996 -0.142054 0.000975078 0.0131865 -0.0312725 0.21212 1.92356 -2.61996 0.171775 1.36399 0.00339583 0.0163293 -0.252594 -1.23419 -0.266684 -0.197191 0.000172817 0.000464268 -1.31708
378.079 0.116226 -0.449598 1.95883 -2.88013 -0.441988 -2.13716 0.085662 -0.460261 2.0426 -2.87461 -0.435373 -2.13923 -0.0305638 -0.0106624 0.0837716 0.00551703 0.00661594 -0.00207041 0.0898082 0.475601 0.0637511 -0.599881 1.81709 -2.8784 -0.428441 -2.16865 -0.0524747 -0.150283 -0.141737 0.00173455 0.0135476 -0.0314916 0.213139 1.92783 -2.61503 0.172469 1.35096 0.00406776 0.0145756 -0.252588 -1.23419 -0.266684 -0.197191 0.000172817 0.000464268 -1.31708
378.806 0.120027 -0.445178 1.93851 -2.87896 -0.445268 -2.13811 0.0883005 -0.45272 2.0012 -2.85749 -0.450602 -2.14797 -0.0317265 -0.00754205 0.0626914 0.0214636 -0.0053343 -0.00986227 0.0706659 1.15012 0.0622746 -0.598771 1.79899 -2.87548 -0.432316 -2.17014 -0.0577523 -0.153593 -0.13952 0.00347092 0.0129518 -0.0320349 0.215388 1.91029 -2.60598 0.172584 1.33072 0.00504124 0.0112444 -0.25256 -1.23419 -0.266684 -0.197191 0.000172817 0.000464268 -1.31708
379.126 0.121456 -0.441128 1.92406 -2.87758 -0.447502 -2.13874 0.091856 -0.452169 2.00271 -2.88138 -0.429673 -2.14176 -0.0295998 -0.0110406 0.0786582 -0.00379926 0.0178294 -0.00301742 0.0847653 1.07374 0.0590989 -0.598288 1.78678 -2.87218 -0.435278 -2.17116 -0.0623569 -0.15716 -0.137274 0.00540119 0.0122237 -0.0324221 0.217789 1.88305 -2.59907 0.172051 1.31648 0.00519316 0.00869265 -0.252527 -1.23419 -0.266684 -0.197191 0.000172817 0.000464268 -1.31708
379.463 0.121883 -0.43831 1.91245 -2.87637 -0.448937 -2.13912 0.0913289 -0.441366 1.95465 -2.88668 -0.464724 -2.13394 -0.0305544 -0.0030561 0.0422016 -0.0103139 -0.0157874 0.00518945 0.0521909 1.04904 0.0556626 -0.598244 1.7769 -2.8696 -0.436971 -2.1717 -0.0662207 -0.159935 -0.135546 0.00677104 0.0119652 -0.032577 0.219857 1.86634 -2.59354 0.171355 1.3052 0.00499616 0.00690004 -0.252489 -1.23419 -0.266684 -0.19719 0.000170051 0.000464642 -1.31708
380.115 0.121845 -0.435835 1.88692 -2.87461 -0.450393 -2.13942 0.095689 -0.450462 1.99127 -2.88705 -0.430897 -2.11831 -0.0261556 -0.0146269 0.10435 -0.0124443 0.0194961 0.02111 0.108568 1.57595 0.0495447 -0.600466 1.74984 -2.86537 -0.437836 -2.1719 -0.0723 -0.164631 -0.137079 0.00923478 0.0125579 -0.0324765 0.2261 1.8478 -2.57987 0.168888 1.27685 0.00416707 0.00464372 -0.252342 -1.23419 -0.266684 -0.19719 0.000170051 0.000464642 -1.31708
380.467 0.121658 -0.43624 1.86793 -2.87405 -0.450631 -2.13937 0.0920837 -0.436241 1.91696 -2.86943 -0.478128 -2.14253 -0.0295747 -7.67075e-07 0.049025 0.00462038 -0.027497 -0.00316595 0.0572548 1.59446 0.0464515 -0.603727 1.73687 -2.86416 -0.437091 -2.17162 -0.0752069 -0.167487 -0.131063 0.00989343 0.0135402 -0.0322494 0.225578 1.85414 -2.57376 0.167524 1.26383 0.00387987 0.00434624 -0.252261 -1.23419 -0.266684 -0.19719 0.000170051 0.000464642 -1.31708
380.839 0.121813 -0.436843 1.85309 -2.87392 -0.450898 -2.13935 0.0946717 -0.448491 1.95223 -2.8696 -0.444322 -2.12734 -0.0271412 -0.0116483 0.0991355 0.00432149 0.0065756 0.0120081 0.103442 0.907844 0.0424101 -0.606595 1.72337 -2.86369 -0.436845 -2.17149 -0.0794028 -0.169752 -0.129724 0.0102318 0.0140529 -0.0321391 0.227923 1.85899 -2.56752 0.165999 1.25025 0.00388443 0.00405886 -0.252177 -1.23419 -0.266684 -0.19719 0.000170051 0.000464642 -1.31708
381.189 0.123212 -0.437187 1.83233 -2.87428 -0.452122 -2.13962 0.0937457 -0.444365 1.91597 -2.87575 -0.435876 -2.13078 -0.0294667 -0.00717795 0.0836396 -0.00146442 0.016246 0.008841 0.0889685 1.04568 0.0378734 -0.61097 1.70528 -2.86292 -0.437183 -2.17158 -0.0853389 -0.173782 -0.127051 0.0113644 0.0149386 -0.0319657 0.231571 1.86676 -2.55902 0.16372 1.23096 0.00490571 0.00320275 -0.252082 -1.23419 -0.266684 -0.19719 0.000170051 0.000464642 -1.31708
381.956 0.125782 -0.438282 1.79861 -2.8753 -0.454647 -2.14029 0.0964284 -0.442983 1.87099 -2.86252 -0.486111 -2.12689 -0.0293533 -0.0047015 0.0723802 0.0127722 -0.0314634 0.0133964 0.0782471 2.20992 0.0330885 -0.615248 1.6737 -2.86097 -0.438742 -2.17226 -0.0926932 -0.176966 -0.124912 0.0143295 0.0159047 -0.0319758 0.23561 1.8872 -2.54604 0.159676 1.19913 0.00730366 0.00156502 -0.251991 -1.23419 -0.266684 -0.19719 0.000170051 0.000464642 -1.31708
382.258 0.126297 -0.439433 1.78061 -2.87559 -0.455778 -2.14061 0.0971158 -0.440135 1.83851 -2.88398 -0.496366 -2.13521 -0.0291813 -0.000702289 0.0578997 -0.00838737 -0.0405881 0.00539613 0.0648415 2.36612 0.0296943 -0.617487 1.65655 -2.85942 -0.4401 -2.17274 -0.0966028 -0.178054 -0.124064 0.0161726 0.0156775 -0.032133 0.237544 1.89134 -2.53954 0.157309 1.18193 0.008254 0.000756723 -0.251973 -1.23419 -0.266684 -0.19719 0.000170051 0.000464642 -1.31708
382.641 0.125593 -0.441653 1.75566 -2.87548 -0.456898 -2.14094 0.0974138 -0.443419 1.82885 -2.89112 -0.494353 -2.11286 -0.0281796 -0.00176608 0.0731888 -0.0156391 -0.0374554 0.0280825 0.0784462 2.58392 0.0237757 -0.621612 1.63292 -2.85755 -0.441845 -2.17323 -0.101818 -0.179958 -0.122739 0.0179375 0.0150531 -0.0322823 0.240451 1.88927 -2.53095 0.153741 1.1579 0.0088483 -0.000239123 -0.251968 -1.23419 -0.266684 -0.19719 0.000170051 0.000464642 -1.31708
383.04 0.12411 -0.444145 1.73628 -2.87519 -0.457305 -2.14107 0.0974146 -0.447672 1.81369 -2.87018 -0.468221 -2.15321 -0.0266956 -0.00352652 0.0774107 0.00500309 -0.0109166 -0.0121444 0.0819604 0.882931 0.0185195 -0.62525 1.61429 -2.85618 -0.442457 -2.1733 -0.105591 -0.181105 -0.121984 0.0190062 0.0148477 -0.0322309 0.242546 1.88969 -2.52459 0.150749 1.1392 0.00884292 -0.000724974 -0.251971 -1.23419 -0.266684 -0.19719 0.000170051 0.000464642 -1.31708
383.685 0.119249 -0.450418 1.69624 -2.87406 -0.457514 -2.14111 0.09369 -0.454698 1.77303 -2.88077 -0.456249 -2.13528 -0.025559 -0.0042797 0.0767842 -0.00670309 0.00126495 0.00583585 0.0810394 0.388662 0.00824408 -0.634645 1.57606 -2.85292 -0.441672 -2.17277 -0.111005 -0.184227 -0.120185 0.0211487 0.0158415 -0.0316621 0.246386 1.91622 -2.51217 0.143981 1.10029 0.00797741 -0.00144606 -0.251951 -1.23419 -0.266684 -0.19719 0.000170051 0.000464642 -1.31708
384.039 0.114202 -0.453823 1.66951 -2.87207 -0.457721 -2.14112 0.0901317 -0.454043 1.73485 -2.8863 -0.480899 -2.12776 -0.0240708 -0.000220132 0.0653341 -0.0142295 -0.0231776 0.0133579 0.0696276 1.56498 0.00212179 -0.638993 1.54995 -2.84921 -0.440957 -2.17233 -0.112081 -0.185171 -0.11956 0.0228634 0.016764 -0.0312185 0.247275 1.94983 -2.50416 0.138955 1.07381 0.00633144 -0.00258705 -0.251896 -1.23419 -0.266684 -0.19719 0.000170051 0.000464642 -1.31708
384.44 0.10972 -0.456153 1.64975 -2.87009 -0.457819 -2.14106 0.0848579 -0.455166 1.70487 -2.87109 -0.488139 -2.13626 -0.0248619 0.000986582 0.0551175 -0.000998936 -0.0303195 0.00479985 0.0604733 1.75569 -0.00409149 -0.641423 1.52999 -2.84542 -0.440472 -2.17189 -0.113811 -0.18527 -0.119762 0.0246749 0.0173468 -0.0308331 0.248236 1.98446 -2.49831 0.134993 1.05396 0.00461397 -0.00363043 -0.251817 -1.23419 -0.266684 -0.19719 0.000170051 0.000464642 -1.31708
384.772 0.103325 -0.459463 1.62345 -2.8672 -0.457836 -2.14088 0.0812503 -0.455688 1.67657 -2.87446 -0.478894 -2.14002 -0.0220743 0.00377521 0.0531215 -0.00725554 -0.021058 0.000864409 0.0576491 1.2698 -0.00556253 -0.649163 1.50641 -2.84135 -0.440472 -2.17136 -0.108887 -0.1897 -0.117044 0.02585 0.0173638 -0.0304829 0.248076 1.99684 -2.49077 0.129582 1.02755 0.00200763 -0.00504215 -0.251647 -1.23419 -0.266684 -0.19719 0.000170051 0.000464642 -1.31708
385.135 0.098126 -0.46193 1.60407 -2.86465 -0.457745 -2.14067 0.0757542 -0.462389 1.66902 -2.89335 -0.490119 -2.12553 -0.0223718 -0.000459229 0.0649451 -0.028702 -0.0323739 0.0151382 0.0686919 2.3653 -0.00606136 -0.652908 1.48759 -2.83883 -0.44038 -2.17088 -0.104187 -0.190978 -0.116481 0.0258221 0.0173654 -0.0302142 0.24677 1.98781 -2.48533 0.125528 1.00787 -0.000377218 -0.00620101 -0.251473 -1.23419 -0.266684 -0.19719 0.000170051 0.000464642 -1.31708
385.489 0.0929785 -0.464422 1.58508 -2.86201 -0.457643 -2.1404 0.0695061 -0.463469 1.64174 -2.87779 -0.495478 -2.13459 -0.0234724 0.000953664 0.0566644 -0.015788 -0.0378352 0.00581574 0.061341 2.31342 -0.00719452 -0.657601 1.46951 -2.83742 -0.440084 -2.17017 -0.100173 -0.193178 -0.115564 0.0245824 0.0175592 -0.029762 0.246389 1.95425 -2.4801 0.121576 0.988526 -0.0028694 -0.0073931 -0.251258 -1.23419 -0.266684 -0.19719 0.000170051 0.000464642 -1.31708
385.824 0.088447 -0.466942 1.56658 -2.8596 -0.457725 -2.14016 0.0634607 -0.465708 1.61463 -2.86729 -0.470102 -2.13432 -0.0249863 0.00123407 0.0480514 -0.00768277 -0.0123772 0.00583554 0.0541735 0.822819 -0.00653269 -0.66288 1.45257 -2.83633 -0.440095 -2.16966 -0.0949797 -0.195938 -0.114015 0.0232777 0.0176305 -0.0294953 0.245789 1.92315 -2.47509 0.117822 0.969576 -0.00505866 -0.00862393 -0.251009 -1.23419 -0.266684 -0.19719 0.000170051 0.000464642 -1.31708
386.122 0.0838738 -0.470927 1.54247 -2.85726 -0.458051 -2.13987 0.058987 -0.466647 1.58891 -2.85406 -0.47629 -2.14218 -0.0248868 0.0042801 0.046437 0.00319987 -0.0182391 -0.00231097 0.0528589 1.05906 -0.00701634 -0.668239 1.42925 -2.83586 -0.440716 -2.16919 -0.0908901 -0.197312 -0.113215 0.0213988 0.0173352 -0.0293194 0.24497 1.8768 -2.46881 0.113267 0.94487 -0.00710435 -0.0100277 -0.250648 -1.23419 -0.266684 -0.19719 0.000170051 0.000464642 -1.31708
386.442 0.0814878 -0.474592 1.52476 -2.85617 -0.458331 -2.13965 0.0561725 -0.474971 1.58658 -2.84026 -0.459245 -2.13817 -0.0253153 -0.000379147 0.0618169 0.0159039 -0.00091421 0.0014843 0.0668008 0.953265 -0.00589397 -0.671217 1.41117 -2.83596 -0.441862 -2.169 -0.0873818 -0.196625 -0.11359 0.0202084 0.0164692 -0.0293535 0.24331 1.8344 -2.46442 0.110265 0.926741 -0.00804654 -0.0107917 -0.250371 -1.23419 -0.266684 -0.19719 0.000170051 0.000464642 -1.31708
386.801 0.0798985 -0.478809 1.50739 -2.85554 -0.458626 -2.13944 0.051023 -0.475666 1.55698 -2.84715 -0.476967 -2.13161 -0.0288755 0.00314309 0.0495942 0.00839278 -0.0183416 0.00782942 0.057474 1.31581 -0.00410224 -0.676018 1.39419 -2.83571 -0.442949 -2.16888 -0.0840008 -0.197209 -0.1132 0.0198352 0.0156766 -0.0294337 0.242408 1.80883 -2.46032 0.107659 0.908918 -0.00856078 -0.0113387 -0.250105 -1.23419 -0.266684 -0.19719 0.000170051 0.000464642 -1.31708
387.12 0.0792753 -0.484879 1.48484 -2.85549 -0.459418 -2.13933 0.0495648 -0.48004 1.53392 -2.84948 -0.494695 -2.14229 -0.0297104 0.00483936 0.0490843 0.00601988 -0.0352765 -0.0029515 0.0575795 2.0443 -0.00232703 -0.683495 1.37267 -2.83585 -0.445107 -2.16896 -0.0816023 -0.198616 -0.112164 0.0196425 0.0143113 -0.0296249 0.242257 1.77498 -2.45533 0.104832 0.885562 -0.00829044 -0.012027 -0.249791 -1.23419 -0.266684 -0.19719 0.000170051 0.000464642 -1.31708
387.444 0.0796771 -0.48921 1.46861 -2.85568 -0.460533 -2.13946 0.0495724 -0.489185 1.53322 -2.85485 -0.464092 -2.13304 -0.0301047 2.49344e-05 0.0646125 0.000829327 -0.00355879 0.00641517 0.0712816 0.441462 -0.000154846 -0.691002 1.35848 -2.83623 -0.447839 -2.16927 -0.079832 -0.201793 -0.110131 0.0194455 0.0126939 -0.0298119 0.243356 1.73731 -2.45197 0.10319 0.868366 -0.00755295 -0.0128775 -0.249592 -1.23419 -0.266684 -0.19719 0.000170051 0.000464642 -1.31708
387.781 0.080407 -0.493288 1.45307 -2.85573 -0.461973 -2.13972 0.0494925 -0.495048 1.51016 -2.84587 -0.467929 -2.13886 -0.0309145 -0.0017597 0.0570914 0.00985442 -0.00595636 0.000859122 0.0649479 0.680125 0.00119945 -0.696104 1.3438 -2.8366 -0.450058 -2.16956 -0.0792076 -0.202817 -0.109274 0.0191226 0.0119152 -0.0298349 0.243617 1.71441 -2.44897 0.101937 0.851467 -0.00670684 -0.0140653 -0.249427 -1.23419 -0.266684 -0.19719 0.000170051 0.000464642 -1.31708
388.1 0.0814672 -0.497988 1.43794 -2.85601 -0.463294 -2.14 0.0506908 -0.497345 1.48738 -2.8516 -0.460066 -2.14051 -0.0307764 0.000642937 0.0494428 0.00440682 0.00322748 -0.000516967 0.0582425 0.303902 0.00176771 -0.700484 1.32869 -2.83763 -0.452048 -2.16973 -0.0796995 -0.202496 -0.109251 0.0183762 0.0112456 -0.0297328 0.2435 1.6854 -2.44638 0.101051 0.83487 -0.00570754 -0.015041 -0.249304 -1.23419 -0.266684 -0.19719 0.000170051 0.000464642 -1.31708
388.498 0.0835123 -0.506256 1.41795 -2.85731 -0.464417 -2.14023 0.0510429 -0.499304 1.46069 -2.84519 -0.489349 -2.13603 -0.0324694 0.00695244 0.0427411 0.0121199 -0.0249327 0.00420201 0.0541239 1.65351 0.00236185 -0.708476 1.30874 -2.83982 -0.453744 -2.16985 -0.0811505 -0.20222 -0.109203 0.0174888 0.0106723 -0.0296182 0.243728 1.65847 -2.44362 0.100388 0.813162 -0.00393142 -0.0153609 -0.249218 -1.23419 -0.266684 -0.19719 0.000170051 0.000464642 -1.31708
388.814 0.0850791 -0.513923 1.40295 -2.85863 -0.464667 -2.14028 0.0534432 -0.504033 1.43951 -2.85115 -0.480491 -2.13737 -0.0316359 0.00989048 0.036558 0.00747924 -0.0158237 0.00290799 0.0493472 1.04792 0.0033439 -0.715115 1.2932 -2.8417 -0.454479 -2.16987 -0.0817352 -0.201192 -0.109753 0.0169292 0.0101881 -0.029592 0.24332 1.64235 -2.4421 0.100219 0.796966 -0.00263411 -0.0149353 -0.249209 -1.23419 -0.266684 -0.19719 0.000170051 0.000464642 -1.31708
389.157 0.0863592 -0.522675 1.38782 -2.85991 -0.464429 -2.14023 0.0559583 -0.519129 1.43954 -2.85599 -0.475318 -2.13485 -0.0304008 0.0035462 0.051724 0.00392306 -0.0108889 0.00537076 0.0601012 0.772784 0.00401453 -0.72197 1.27692 -2.84337 -0.45515 -2.16987 -0.0823446 -0.199295 -0.110902 0.0165419 0.00927894 -0.0296438 0.242484 1.62389 -2.44102 0.100276 0.780573 -0.00164415 -0.0141148 -0.249242 -1.23419 -0.266684 -0.19719 0.000170051 0.000464642 -1.31708
389.477 0.0878335 -0.535451 1.36753 -2.86156 -0.463788 -2.14012 0.056641 -0.529293 1.42457 -2.84968 -0.452651 -2.14834 -0.0311926 0.00615773 0.0570345 0.0118813 0.0111375 -0.00821858 0.065298 0.899181 0.00390524 -0.732735 1.25567 -2.84512 -0.455646 -2.16989 -0.0839283 -0.197285 -0.111859 0.0164426 0.00814208 -0.0297677 0.241821 1.60888 -2.44025 0.100629 0.758338 -0.000546733 -0.0127776 -0.249344 -1.23419 -0.266684 -0.19719 0.000170051 0.000464642 -1.31708
389.803 0.0888436 -0.545551 1.35222 -2.8627 -0.46331 -2.14008 0.0570787 -0.528198 1.37615 -2.86259 -0.483469 -2.13276 -0.0317649 0.0173539 0.0239271 0.000108956 -0.0201589 0.00731976 0.0433898 1.22972 0.0035124 -0.741579 1.23925 -2.84624 -0.456138 -2.16997 -0.0853312 -0.196028 -0.112971 0.0164634 0.00717182 -0.0298945 0.241807 1.59961 -2.44013 0.101052 0.74127 0.000203967 -0.0118283 -0.249449 -1.23419 -0.266684 -0.19719 0.000170051 0.000464642 -1.31708
390.094 0.0895014 -0.555822 1.33692 -2.86341 -0.462848 -2.14007 0.059484 -0.545039 1.37619 -2.86777 -0.4775 -2.13005 -0.0300174 0.0107834 0.0392746 -0.00435905 -0.0146517 0.010012 0.0505947 0.983176 0.00484101 -0.75062 1.22316 -2.84692 -0.456447 -2.17005 -0.0846604 -0.194797 -0.113761 0.0164996 0.00640099 -0.0299817 0.240946 1.59324 -2.44038 0.101573 0.723811 0.000609956 -0.0110942 -0.249569 -1.23419 -0.266684 -0.19719 0.000170051 0.000464642 -1.31708
390.418 0.0897264 -0.569988 1.31636 -2.86369 -0.462071 -2.14002 0.0600851 -0.558444 1.36194 -2.84967 -0.466512 -2.14616 -0.0296412 0.0115438 0.0455808 0.0140209 -0.00444113 -0.00614093 0.055583 0.762075 0.00715161 -0.762746 1.20128 -2.84723 -0.456106 -2.16997 -0.0825747 -0.192758 -0.115076 0.0164635 0.005965 -0.0299481 0.2392 1.58634 -2.44122 0.102387 0.699894 0.000467934 -0.0103062 -0.24974 -1.23419 -0.266684 -0.19719 0.000170051 0.000464642 -1.31708
390.688 0.0895647 -0.581284 1.30073 -2.86368 -0.461176 -2.13989 0.0602431 -0.567961 1.33943 -2.8587 -0.476255 -2.13714 -0.0293216 0.0133234 0.0386996 0.00498859 -0.0150798 0.00274683 0.0503481 0.945433 0.0107236 -0.77249 1.18444 -2.84714 -0.455464 -2.16982 -0.0788412 -0.191206 -0.116294 0.0165484 0.00571171 -0.0299324 0.237276 1.58387 -2.44222 0.103084 0.681478 -2.67512e-05 -0.00954995 -0.249866 -1.23419 -0.266684 -0.19719 0.000170051 0.000464642 -1.31708
