133.155 -0.188046 -0.572877 1.39745 -2.96766 0.50334 1.93436 -0.222154 -0.591778 1.4133 -2.97185 0.513475 1.93921 -0.034108 -0.0189016 0.0158439 -0.00419198 0.0101356 0.00484694 0.042091 0.732753 -0.227009 -0.630626 1.20385 -2.87972 0.47961 2.10005 -0.0389632 -0.0577488 -0.193608 0.0879415 -0.0237293 0.165692 0.20576 8.49479 -2.10871 1.16375 0.776628 -0.00779584 -0.0060763 -1.25088 -1.49976 -0.00459648 -0.195962 0.000169541 0.000692979 0.00308706
133.648 -0.168367 -0.548792 1.40273 -2.95823 0.503026 1.94283 -0.222906 -0.574309 1.42978 -2.96456 0.504792 1.93319 -0.0545382 -0.0255167 0.0270503 -0.0063288 0.00176537 -0.00964404 0.0660094 0.503578 -0.210389 -0.607546 1.20976 -2.86526 0.473914 2.11644 -0.0420213 -0.0587539 -0.192968 0.0929697 -0.0291122 0.17361 0.206045 8.96133 -2.09784 1.14939 0.788886 -0.003047 -0.00871114 -1.24355 -1.49976 -0.00459648 -0.195962 0.000169541 0.000692979 0.00308706
134.11 -0.140777 -0.534798 1.40555 -2.94576 0.50024 1.96019 -0.202726 -0.551278 1.42834 -2.95312 0.51195 1.94143 -0.0619484 -0.0164796 0.0227866 -0.00736234 0.0117102 -0.0187608 0.0680324 1.15927 -0.18418 -0.595352 1.2141 -2.8515 0.467906 2.13654 -0.0434022 -0.0605539 -0.191455 0.0942595 -0.0323334 0.17635 0.20544 9.15577 -2.08975 1.13901 0.79603 0.00094245 -0.0102133 -1.22751 -1.49976 -0.00459648 -0.195962 0.000169541 0.000692979 0.00308706
135.183 -0.0486315 -0.507527 1.40671 -2.90512 0.486427 2.02493 -0.125237 -0.523271 1.43366 -2.92262 0.501747 1.98723 -0.0766058 -0.0157441 0.0269478 -0.0175017 0.0153199 -0.0377 0.0827194 2.09462 -0.0986636 -0.571015 1.21709 -2.81391 0.448847 2.19839 -0.0500322 -0.0634878 -0.189614 0.0912058 -0.0375804 0.173461 0.206125 9.15556 -2.07199 1.11612 0.806944 0.0105938 -0.0125598 -1.16957 -1.49976 -0.00459648 -0.195962 0.000169541 0.000692979 0.00308706
135.659 -0.00970596 -0.496533 1.40481 -2.88779 0.479465 2.05302 -0.0806576 -0.50654 1.42003 -2.88474 0.508558 2.02876 -0.0709516 -0.0100065 0.0152198 0.0030544 0.0290929 -0.0242563 0.0732524 2.22967 -0.061419 -0.56213 1.21667 -2.80067 0.44294 2.21859 -0.0517131 -0.0655963 -0.188147 0.0871248 -0.0365251 0.165573 0.205855 8.77978 -2.06519 1.10681 0.809831 0.0148145 -0.0135967 -1.14381 -1.49976 -0.00459648 -0.195962 0.000169541 0.000692979 0.00308706
136.082 0.0247403 -0.486536 1.40144 -2.87325 0.472584 2.07941 -0.0367982 -0.496998 1.4283 -2.89653 0.492379 2.06026 -0.0615385 -0.0104625 0.0268648 -0.0232874 0.0197955 -0.0191526 0.0679571 1.7064 -0.0284345 -0.555563 1.21549 -2.79148 0.437726 2.23362 -0.0531748 -0.069027 -0.185951 0.0817632 -0.0348581 0.154211 0.205353 8.21979 -2.05911 1.09776 0.811905 0.017299 -0.0140823 -1.11938 -1.49976 -0.00459648 -0.195962 0.000169541 0.000692979 0.00308706
136.549 0.0622376 -0.474554 1.39555 -2.8587 0.464281 2.1112 -4.49481e-05 -0.489175 1.43465 -2.86323 0.476917 2.0872 -0.0622825 -0.014621 0.0391058 -0.00453204 0.0126363 -0.0240053 0.074981 1.46954 0.00829529 -0.547893 1.2122 -2.78607 0.432505 2.24501 -0.0539423 -0.0733388 -0.183341 0.0726226 -0.0317759 0.133812 0.204701 7.19167 -2.05225 1.086 0.813842 0.017607 -0.0139119 -1.08983 -1.49976 -0.00459648 -0.195962 0.000169541 0.000692979 0.00308706
137.005 0.0841921 -0.465967 1.3909 -2.85074 0.45912 2.13209 0.0315029 -0.474067 1.41565 -2.86025 0.479737 2.10753 -0.0526892 -0.00810017 0.0247547 -0.00951732 0.0206173 -0.0245671 0.0587755 1.72624 0.0300162 -0.543106 1.20975 -2.78501 0.429633 2.25051 -0.0541759 -0.0771393 -0.181142 0.0657237 -0.0294875 0.118418 0.2042 6.40964 -2.04806 1.0774 0.814989 0.0162658 -0.0135739 -1.07044 -1.49976 -0.00459648 -0.195962 0.000169541 0.000692979 0.00308706
137.44 0.101296 -0.457183 1.38662 -2.84455 0.455155 2.15022 0.0558534 -0.468992 1.42279 -2.83386 0.464316 2.1287 -0.0454424 -0.0118092 0.0361687 0.0106863 0.00916125 -0.0215221 0.0592675 1.68563 0.0481149 -0.53744 1.20721 -2.7849 0.427799 2.25513 -0.0531808 -0.0802571 -0.179418 0.0596504 -0.0273561 0.104913 0.203618 5.71855 -2.04464 1.06898 0.816078 0.014244 -0.0134919 -1.05368 -1.49976 -0.00459648 -0.195962 0.000169541 0.000692979 0.00308706
138.392 0.126067 -0.43392 1.37969 -2.83311 0.45095 2.18192 0.087403 -0.447509 1.40988 -2.84041 0.456737 2.16138 -0.038664 -0.0135889 0.0301908 -0.00729109 0.00578668 -0.0205355 0.0509024 1.11241 0.0831175 -0.523224 1.20524 -2.79103 0.431416 2.24502 -0.0429495 -0.089304 -0.174447 0.04208 -0.0195339 0.0631017 0.200628 3.56238 -2.03933 1.05019 0.818905 0.00988945 -0.0161184 -1.02517 -1.49976 -0.00459648 -0.195962 0.000169541 0.000692979 0.00308706
138.864 0.130915 -0.424242 1.37777 -2.82969 0.450572 2.19088 0.0964899 -0.429639 1.38979 -2.82834 0.477687 2.17971 -0.0344248 -0.00539723 0.0120209 0.00135054 0.0271143 -0.0111719 0.0368605 1.69512 0.0911626 -0.516236 1.20481 -2.79272 0.433577 2.24164 -0.0397521 -0.0919946 -0.172956 0.0369732 -0.0169958 0.0507543 0.199892 2.93598 -2.0381 1.04265 0.820333 0.0083872 -0.0176615 -1.01734 -1.49976 -0.00459648 -0.195962 0.000169541 0.000692979 0.00308706
139.793 0.12951 -0.408673 1.3738 -2.82831 0.450449 2.20153 0.10156 -0.407413 1.37614 -2.81903 0.476978 2.2034 -0.0279498 0.0012606 0.00234371 0.0092717 0.0265292 0.00187187 0.0280762 1.5979 0.103387 -0.507509 1.2047 -2.8061 0.441023 2.21921 -0.0261226 -0.0988356 -0.169103 0.0222063 -0.00942604 0.0176781 0.197602 1.35104 -2.03749 1.02671 0.823748 0.00413771 -0.0183483 -1.0081 -1.49976 -0.00459648 -0.195962 0.000169541 0.000692979 0.00308706
140.211 0.124417 -0.405059 1.37204 -2.83022 0.450653 2.20232 0.0991503 -0.402579 1.37605 -2.81831 0.479554 2.20344 -0.0252669 0.0024795 0.00400346 0.0119089 0.0289011 0.00111969 0.025702 1.78114 0.105196 -0.506341 1.20433 -2.81215 0.443075 2.21147 -0.0192209 -0.101282 -0.16771 0.0180708 -0.00757786 0.0091474 0.196861 1.03249 -2.03806 1.02067 0.824879 0.0019986 -0.0174959 -1.00745 -1.49976 -0.00459648 -0.195962 0.000169541 0.000692979 0.00308706
140.664 0.117354 -0.402377 1.37038 -2.83297 0.45129 2.20141 0.0948115 -0.405439 1.40063 -2.83671 0.45142 2.19972 -0.0225426 -0.00306221 0.0302447 -0.00373756 0.000129679 -0.00168987 0.0378456 0.193827 0.104965 -0.50622 1.20416 -2.82036 0.445828 2.19974 -0.0123892 -0.103843 -0.166222 0.0126125 -0.0054628 -0.00166259 0.196384 0.829923 -2.03902 1.01514 0.825721 -0.000178765 -0.0165513 -1.00839 -1.49976 -0.00459648 -0.195962 0.000169541 0.000692979 0.00308706
141.081 0.105606 -0.400509 1.36817 -2.8379 0.452465 2.19796 0.0864751 -0.401752 1.39413 -2.83663 0.47992 2.19155 -0.0191311 -0.0012431 0.0259582 0.00127347 0.0274557 -0.00641235 0.0322703 1.62462 0.102486 -0.507223 1.20365 -2.83037 0.448649 2.18694 -0.00311996 -0.106714 -0.164525 0.00753725 -0.00381592 -0.0110239 0.196128 0.933351 -2.04075 1.00856 0.826454 -0.00318699 -0.0148961 -1.01165 -1.49976 -0.00459648 -0.195962 0.000169541 0.000692979 0.00308706
141.605 0.0955823 -0.400234 1.36654 -2.84237 0.453445 2.19405 0.0750897 -0.395657 1.37498 -2.84335 0.478081 2.19062 -0.0204926 0.0045764 0.00844603 -0.000973812 0.0246352 -0.00343544 0.0226324 1.42272 0.0980786 -0.507741 1.2025 -2.83767 0.450397 2.17833 0.00249633 -0.107508 -0.164041 0.00470239 -0.0030483 -0.0157212 0.196147 1.06128 -2.04226 1.00422 0.826825 -0.00548214 -0.013354 -1.01526 -1.49976 -0.00459648 -0.195962 0.000169541 0.000692979 0.00308706
142.054 0.0850749 -0.400555 1.36504 -2.84718 0.454479 2.18935 0.0654252 -0.402697 1.3996 -2.84814 0.461127 2.19064 -0.0196497 -0.00214221 0.0345528 -0.000959977 0.00664853 0.00128475 0.039807 0.396636 0.0951405 -0.508129 1.20109 -2.84487 0.452089 2.16988 0.0100656 -0.107575 -0.163952 0.00231099 -0.00238948 -0.0194739 0.196351 1.18762 -2.04386 1.00039 0.827177 -0.00770173 -0.0117037 -1.01959 -1.49976 -0.00459648 -0.195962 0.000169541 0.000692979 0.00308706
142.876 0.0617147 -0.40099 1.36296 -2.85723 0.457118 2.17662 0.0414706 -0.397859 1.37429 -2.85925 0.487099 2.17839 -0.0202441 0.00313081 0.0113318 -0.00202068 0.0299809 0.00177528 0.0234101 1.72782 0.0836457 -0.510056 1.20005 -2.85573 0.45695 2.15416 0.021931 -0.109067 -0.162913 0.00149925 -0.000168724 -0.0224525 0.197275 1.32648 -2.04734 0.99338 0.82852 -0.0111236 -0.00879669 -1.03126 -1.49976 -0.00459648 -0.195962 0.000169541 0.000692979 0.00308706
143.231 0.0535719 -0.400406 1.36281 -2.86007 0.458208 2.17102 0.0311896 -0.404598 1.39984 -2.85293 0.456894 2.17435 -0.0223823 -0.00419227 0.0370342 0.00713863 -0.00131386 0.00333193 0.043475 0.3743 0.078531 -0.509942 1.20021 -2.8587 0.459818 2.14865 0.0249591 -0.109536 -0.162598 0.00137332 0.0016098 -0.0223704 0.197634 1.32175 -2.04857 0.99116 0.829337 -0.0112661 -0.00829974 -1.03643 -1.49976 -0.00459648 -0.195962 0.000169541 0.000692979 0.00308706
143.564 0.0466134 -0.40059 1.36268 -2.86259 0.458521 2.16524 0.021965 -0.402951 1.39411 -2.87162 0.472424 2.15949 -0.0246484 -0.00236115 0.0314368 -0.00903376 0.0139035 -0.00575443 0.0400174 0.926196 0.0731697 -0.5097 1.19981 -2.86136 0.461026 2.14387 0.0265562 -0.10911 -0.162861 0.00122154 0.00250471 -0.0213751 0.197823 1.26548 -2.0496 0.989386 0.830302 -0.0106616 -0.00734942 -1.04145 -1.49976 -0.00459648 -0.195962 0.000169541 0.000692979 0.00308706
143.98 0.0392474 -0.401637 1.36269 -2.86539 0.458029 2.15781 0.0146294 -0.403702 1.39461 -2.86337 0.461249 2.15279 -0.0246181 -0.00206514 0.0319226 0.00201746 0.00322059 -0.00502123 0.0403654 0.399585 0.067398 -0.512184 1.20062 -2.86484 0.460901 2.13807 0.0281506 -0.110547 -0.162073 0.000547173 0.00287182 -0.0197452 0.198194 1.15724 -2.05067 0.987636 0.831877 -0.00909917 -0.00560149 -1.04774 -1.49976 -0.00459648 -0.195962 0.000169541 0.000692979 0.00308706
144.363 0.0343782 -0.401745 1.36325 -2.86714 0.458033 2.15284 0.00854341 -0.403636 1.39438 -2.86632 0.463364 2.15048 -0.0258348 -0.00189065 0.0311337 0.000819575 0.00533108 -0.00235864 0.0405008 0.34605 0.063187 -0.514004 1.20214 -2.86743 0.460266 2.13456 0.0288088 -0.112259 -0.161111 -0.000288814 0.00223334 -0.0182845 0.198466 1.04829 -2.05126 0.986704 0.833301 -0.00811403 -0.00477498 -1.05204 -1.49976 -0.00459648 -0.195962 0.000169541 0.000692979 0.00308706
145.003 0.0248366 -0.399212 1.36643 -2.8701 0.459699 2.14355 -0.00241057 -0.403706 1.39463 -2.87106 0.465741 2.14698 -0.0272472 -0.00449326 0.0281961 -0.000959558 0.00604156 0.0034332 0.0394666 0.414015 0.051184 -0.516596 1.20825 -2.87129 0.45895 2.12913 0.0263474 -0.117384 -0.158178 -0.00119545 -0.000749353 -0.0144226 0.198729 0.799663 -2.05202 0.985551 0.837391 -0.00679012 -0.00478947 -1.06052 -1.49976 -0.00459648 -0.195962 0.000169541 0.000692979 0.00308706
145.295 0.0220824 -0.396803 1.36861 -2.87035 0.460955 2.14058 -0.00610019 -0.400566 1.3943 -2.86044 0.455442 2.14186 -0.0281826 -0.00376219 0.0256904 0.0099126 -0.00551352 0.00128585 0.0383198 0.62495 0.0457946 -0.518145 1.21275 -2.8711 0.458943 2.12893 0.0237122 -0.121341 -0.155858 -0.000750169 -0.0020121 -0.0116402 0.198941 0.659085 -2.05213 0.985464 0.839438 -0.00609806 -0.00574695 -1.06344 -1.49976 -0.00459648 -0.195962 0.000169541 0.000692979 0.00308706
145.607 0.0200528 -0.393348 1.37143 -2.86992 0.462705 2.13823 -0.0102902 -0.395316 1.38865 -2.87506 0.471223 2.1294 -0.0303429 -0.00196768 0.0172166 -0.00513309 0.00851754 -0.00882915 0.0349425 0.668518 0.040938 -0.519193 1.21821 -2.87022 0.459964 2.12854 0.0208853 -0.125845 -0.153222 -0.000290985 -0.00274129 -0.00968785 0.199374 0.569926 -2.05215 0.985636 0.841696 -0.00535197 -0.00743568 -1.06592 -1.49976 -0.00459648 -0.195962 0.000169541 0.000692979 0.00308706
145.95 0.0187302 -0.38993 1.37456 -2.86923 0.464362 2.13636 -0.0121853 -0.391982 1.39408 -2.8592 0.460582 2.14152 -0.0309156 -0.00205252 0.0195221 0.0100326 -0.00378022 0.00515956 0.036621 0.559531 0.03516 -0.519389 1.22348 -2.86891 0.460594 2.12933 0.0164298 -0.129459 -0.151071 0.000322068 -0.00376857 -0.00703716 0.19963 0.464781 -2.05214 0.986103 0.84415 -0.00456695 -0.00917533 -1.06798 -1.49976 -0.00459648 -0.195962 0.000169541 0.000692979 0.00308706
146.277 0.0180577 -0.386781 1.37868 -2.86832 0.465721 2.13432 -0.0127286 -0.38636 1.38912 -2.85938 0.488113 2.13347 -0.0307863 0.000421538 0.010441 0.00893465 0.0223919 -0.000853657 0.0325113 1.39044 0.0311161 -0.522322 1.23123 -2.86766 0.460813 2.1299 0.0130584 -0.135541 -0.147443 0.000657634 -0.00490745 -0.00441998 0.200702 0.391671 -2.05217 0.987245 0.847483 -0.0033503 -0.0107693 -1.07011 -1.49976 -0.00459648 -0.195962 0.000169541 0.000692979 0.00308706
146.601 0.01825 -0.3856 1.38162 -2.86767 0.466136 2.13309 -0.0141985 -0.390051 1.41367 -2.87111 0.455642 2.13446 -0.0324485 -0.00445155 0.0320591 -0.00344377 -0.0104937 0.00137858 0.0458312 0.648309 0.0287691 -0.524182 1.23599 -2.867 0.460535 2.13013 0.0105191 -0.138582 -0.145629 0.000671701 -0.00560066 -0.00296009 0.201305 0.373253 -2.05228 0.988513 0.84985 -0.00233946 -0.0114337 -1.0713 -1.49976 -0.00459648 -0.195962 0.000169541 0.000692979 0.00308706
146.971 0.0189218 -0.38513 1.38447 -2.86694 0.46628 2.13214 -0.013513 -0.386794 1.40849 -2.87122 0.482073 2.12656 -0.0324348 -0.00166403 0.0240214 -0.00428369 0.0157931 -0.005574 0.0403957 0.953676 0.0267211 -0.527591 1.24115 -2.86642 0.460256 2.13061 0.0077993 -0.142461 -0.14332 0.000519163 -0.00602363 -0.0015288 0.202229 0.360452 -2.05251 0.990136 0.851993 -0.00127688 -0.0119057 -1.07217 -1.49976 -0.00459648 -0.195962 0.000169541 0.000692979 0.00308706
147.631 0.0224957 -0.386983 1.39054 -2.86453 0.465376 2.13077 -0.0110543 -0.384329 1.40847 -2.86935 0.482482 2.12776 -0.03355 0.00265418 0.0179229 -0.00482691 0.0171061 -0.00301486 0.0381298 1.01143 0.0231615 -0.539175 1.25301 -2.8644 0.458842 2.13318 0.000665783 -0.152191 -0.137532 0.000127633 -0.00653406 0.00240235 0.205128 0.397621 -2.05377 0.995249 0.855812 0.00195486 -0.012285 -1.07313 -1.49976 -0.00459648 -0.195962 0.000169541 0.000692979 0.00308706
148.061 0.0241427 -0.388831 1.39294 -2.86355 0.464858 2.13056 -0.00931119 -0.386177 1.41302 -2.84018 0.456473 2.13646 -0.0334539 0.00265368 0.0200811 0.023366 -0.00838513 0.00589266 0.0391083 1.3173 0.0223045 -0.544281 1.25735 -2.86398 0.457677 2.1341 -0.00183824 -0.15545 -0.135589 -0.000431595 -0.00718175 0.00353434 0.206282 0.463938 -2.05472 0.997959 0.856891 0.00315474 -0.0123092 -1.07319 -1.49976 -0.00459648 -0.195962 0.000169541 0.000692979 0.00308706
148.394 0.0252737 -0.392578 1.3958 -2.86322 0.464326 2.13059 -0.00680748 -0.388317 1.41406 -2.85271 0.467508 2.14095 -0.0320812 0.00426153 0.0182628 0.0105119 0.00318251 0.0103615 0.0371603 0.653719 0.0199626 -0.550355 1.26159 -2.86488 0.456202 2.13463 -0.00531103 -0.157777 -0.134214 -0.00165859 -0.00812327 0.00404638 0.207208 0.546797 -2.05646 1.002 0.857779 0.00367464 -0.0120136 -1.07303 -1.49976 -0.00459648 -0.195962 0.000169541 0.000692979 0.00308706
148.686 0.0254461 -0.396695 1.39763 -2.86373 0.463744 2.13067 -0.00613734 -0.389238 1.40843 -2.86845 0.479167 2.12884 -0.0315834 0.00745769 0.0107952 -0.00471482 0.0154225 -0.00183493 0.0342004 0.915998 0.0181288 -0.555253 1.26383 -2.86655 0.455133 2.1346 -0.0073173 -0.158558 -0.133802 -0.0028134 -0.00861095 0.00393102 0.207598 0.593473 -2.05811 1.00534 0.858101 0.00344911 -0.0112806 -1.07279 -1.49976 -0.00459648 -0.195962 0.000169541 0.000692979 0.00308706
149.145 0.0253076 -0.40173 1.39931 -2.86461 0.462949 2.13075 -0.0056428 -0.398337 1.42791 -2.85491 0.469693 2.12092 -0.0309504 0.00339247 0.0286045 0.00970217 0.00674381 -0.00983478 0.0422807 1.02832 0.0150637 -0.560368 1.26547 -2.86886 0.454256 2.13437 -0.0102439 -0.158638 -0.133834 -0.00425206 -0.00869352 0.00361152 0.207805 0.628696 -2.06006 1.00891 0.858244 0.00299753 -0.0101897 -1.0725 -1.49976 -0.00459648 -0.195962 0.000169541 0.000692979 0.00308706
149.512 0.0250272 -0.407641 1.40083 -2.86573 0.461856 2.13075 -0.0056033 -0.40388 1.42765 -2.86731 0.480869 2.12476 -0.0306305 0.00376097 0.0268284 -0.00158278 0.019013 -0.00599516 0.0408917 1.13332 0.0131704 -0.565615 1.26648 -2.87093 0.453429 2.13414 -0.0118568 -0.157975 -0.134345 -0.00520737 -0.00842626 0.00338882 0.207714 0.641024 -2.06226 1.01269 0.85824 0.00251621 -0.00873151 -1.0722 -1.49976 -0.00459648 -0.195962 0.000169541 0.000692979 0.00308706
149.915 0.0245847 -0.416322 1.40271 -2.86726 0.460155 2.13062 -0.00560328 -0.410249 1.42814 -2.87047 0.47778 2.1235 -0.0301879 0.00607231 0.0254256 -0.00320847 0.0176251 -0.00712045 0.039933 1.07338 0.0123831 -0.572683 1.26725 -2.87402 0.452446 2.13327 -0.0122016 -0.156361 -0.135466 -0.00676337 -0.00770904 0.00264453 0.20724 0.648309 -2.06553 1.01799 0.857999 0.00201135 -0.00656361 -1.07184 -1.49976 -0.00459648 -0.195962 0.000169541 0.000692979 0.00308706
150.264 0.0237989 -0.422517 1.4043 -2.86843 0.459342 2.13059 -0.0061491 -0.412029 1.40853 -2.86028 0.482411 2.12977 -0.0299481 0.0104881 0.00423296 0.00815095 0.0230685 -0.000824897 0.0320126 1.40973 0.0114943 -0.576296 1.26722 -2.87611 0.452657 2.13215 -0.0123047 -0.15378 -0.137078 -0.00767319 -0.00668507 0.00155786 0.206373 0.618656 -2.06816 1.0221 0.857703 0.00136943 -0.00531819 -1.07165 -1.49976 -0.00459648 -0.195962 0.000169541 0.000692979 0.00308706
150.634 0.0223445 -0.428451 1.40604 -2.86989 0.459003 2.13059 -0.00809555 -0.423824 1.42765 -2.87395 0.473398 2.12137 -0.0304401 0.00462638 0.0216127 -0.00405912 0.0143948 -0.00922935 0.0376179 0.950387 0.0120133 -0.578697 1.26681 -2.87766 0.453412 2.13128 -0.0103312 -0.150246 -0.139228 -0.00776772 -0.00559162 0.000681979 0.205098 0.563712 -2.07091 1.02629 0.857373 0.000241481 -0.00433721 -1.07155 -1.49976 -0.00459648 -0.195962 0.000169541 0.000692979 0.00308706
151.005 0.0192747 -0.436787 1.40826 -2.87274 0.458851 2.13049 -0.0100372 -0.432039 1.43427 -2.86299 0.457402 2.13181 -0.029312 0.00474761 0.0260134 0.00974814 -0.00144856 0.0013231 0.039477 0.535954 0.0128516 -0.58037 1.26503 -2.87995 0.454991 2.13014 -0.00642311 -0.143583 -0.143223 -0.00720719 -0.00385965 -0.000344211 0.202904 0.461401 -2.07467 1.03199 0.856877 -0.00214224 -0.00285057 -1.07159 -1.49976 -0.00459648 -0.195962 0.000169541 0.000692979 0.00308706
151.386 0.0164289 -0.443451 1.40978 -2.87545 0.458763 2.13025 -0.0125368 -0.438057 1.43346 -2.8637 0.456418 2.13098 -0.0289656 0.00539392 0.023685 0.0117508 -0.00234424 0.00072915 0.0378032 0.669688 0.0126099 -0.581954 1.26352 -2.88186 0.456174 2.12962 -0.00381893 -0.138503 -0.14626 -0.00641425 -0.00258891 -0.000628434 0.201469 0.382573 -2.07746 1.03633 0.856493 -0.00436981 -0.00148415 -1.07177 -1.49976 -0.00459648 -0.195962 0.000169541 0.000692979 0.00308706
151.662 0.0135936 -0.449859 1.41129 -2.87823 0.45868 2.12989 -0.0155355 -0.443263 1.42802 -2.89506 0.480146 2.11995 -0.0291291 0.00659536 0.0167278 -0.0168248 0.0214667 -0.00994124 0.0342318 1.50662 0.0115772 -0.583602 1.2621 -2.88383 0.457659 2.12916 -0.00201639 -0.133744 -0.149194 -0.00559549 -0.00102049 -0.000732486 0.200376 0.310274 -2.08012 1.04073 0.856292 -0.00671322 -1.81899e-05 -1.07208 -1.49976 -0.00459648 -0.195962 0.000169541 0.000692979 0.00308706
152.007 0.010453 -0.458157 1.4142 -2.88145 0.458587 2.12918 -0.0187665 -0.451936 1.43377 -2.86766 0.478622 2.13462 -0.0292195 0.00622132 0.0195763 0.0137872 0.0200352 0.00543881 0.0357171 1.34785 0.011316 -0.585004 1.2611 -2.8867 0.458854 2.12798 0.000862975 -0.126847 -0.153101 -0.00525232 0.000266492 -0.00120544 0.198824 0.278362 -2.0833 1.04668 0.856641 -0.00903072 0.00150939 -1.07265 -1.49976 -0.00459648 -0.195962 0.000169541 0.000692979 0.00308706
152.356 0.009764 -0.462663 1.41727 -2.88236 0.458481 2.12857 -0.0212632 -0.457692 1.43419 -2.8861 0.463818 2.12894 -0.0310272 0.0049713 0.0169199 -0.00373652 0.00533639 0.00037657 0.0356887 0.379492 0.012915 -0.584729 1.26143 -2.88745 0.459435 2.12686 0.00315095 -0.122066 -0.155839 -0.00509307 0.000953243 -0.001709 0.197979 0.269795 -2.08531 1.05119 0.857697 -0.00947507 0.00202728 -1.07316 -1.49976 -0.00459648 -0.195962 0.000169541 0.000692979 0.00308706
153.042 0.0111449 -0.468848 1.42592 -2.88219 0.458102 2.12719 -0.0222042 -0.471098 1.45437 -2.88428 0.466555 2.12517 -0.0333491 -0.00224955 0.0284501 -0.00208909 0.00845332 -0.00202226 0.0438934 0.499677 0.0162561 -0.581392 1.26462 -2.88652 0.46015 2.12467 0.00511116 -0.112544 -0.161302 -0.0043317 0.00204879 -0.00251815 0.19675 0.253338 -2.08831 1.06029 0.862371 -0.00846309 0.0022558 -1.07425 -1.49976 -0.00459648 -0.195962 0.000169541 0.000692979 0.00308706
153.438 0.0131343 -0.470952 1.43343 -2.8814 0.458099 2.12636 -0.0201995 -0.469816 1.44841 -2.8849 0.491207 2.11613 -0.0333338 0.00113654 0.0149832 -0.00350678 0.0331078 -0.0102321 0.0365641 1.96841 0.0185651 -0.579841 1.27004 -2.88451 0.46042 2.12391 0.00543082 -0.108889 -0.16339 -0.00311519 0.00232063 -0.0024539 0.196425 0.216705 -2.08959 1.06638 0.86735 -0.00735186 0.00187751 -1.07497 -1.49976 -0.00459648 -0.195962 0.000169541 0.000692979 0.00308706
154.38 0.0187045 -0.469112 1.45758 -2.87891 0.460769 2.12533 -0.0150506 -0.478299 1.49696 -2.87769 0.450674 2.11347 -0.0337552 -0.00918702 0.0393825 0.00121614 -0.0100955 -0.011863 0.0526763 0.918132 0.0311638 -0.575286 1.29272 -2.88003 0.462711 2.12314 0.0124593 -0.106174 -0.164861 -0.00111717 0.00194146 -0.00219024 0.196487 0.158259 -2.09092 1.08169 0.884898 -0.0058635 -0.00157918 -1.07654 -1.49976 -0.00459648 -0.195962 0.000169541 0.000692979 0.00308706
155.055 0.0211805 -0.46801 1.47297 -2.8793 0.462585 2.12498 -0.0116763 -0.469615 1.49008 -2.88643 0.492339 2.11037 -0.0328569 -0.00160428 0.0171027 -0.00713451 0.0297536 -0.0146129 0.0370763 1.86004 0.0388822 -0.573923 1.30822 -2.8788 0.46264 2.12213 0.0177016 -0.105913 -0.164754 0.000493702 5.48108e-05 -0.00285004 0.196659 0.176939 -2.09078 1.09121 0.89721 -0.00687439 -0.00295338 -1.07732 -1.49976 -0.00459648 -0.195962 0.000169541 0.000692979 0.00308706
155.375 0.0237633 -0.46962 1.48289 -2.88015 0.462357 2.12436 -0.00975945 -0.468669 1.49748 -2.88256 0.49319 2.12809 -0.0335227 0.000951465 0.0145894 -0.0024066 0.030833 0.00373122 0.0365723 1.79231 0.0438075 -0.571836 1.3158 -2.87803 0.460568 2.12069 0.0200442 -0.102216 -0.167089 0.00211922 -0.00178922 -0.00367099 0.196897 0.303902 -2.09033 1.09784 0.905529 -0.00719376 -0.0023496 -1.07779 -1.49976 -0.00459648 -0.195962 0.000169541 0.000692979 0.00308706
155.774 0.0269267 -0.472061 1.48974 -2.88047 0.461101 2.1236 -0.00718417 -0.468101 1.49776 -2.86993 0.479222 2.12475 -0.0341108 0.00395995 0.00802394 0.0105363 0.0181214 0.00115177 0.0352649 1.18762 0.0467705 -0.57112 1.32081 -2.87737 0.458863 2.11977 0.0198438 -0.0990587 -0.168933 0.00309704 -0.00223711 -0.00383125 0.196837 0.361536 -2.08979 1.10295 0.911742 -0.00652093 -0.00113188 -1.07813 -1.49976 -0.00459648 -0.195962 0.000169541 0.000692979 0.00308706
156.054 0.0310234 -0.475076 1.49626 -2.88041 0.459273 2.12268 -0.00396471 -0.474968 1.51983 -2.88205 0.470601 2.11786 -0.0349881 0.000108454 0.0235765 -0.00163433 0.011328 -0.00481615 0.0421904 0.694925 0.0502904 -0.571517 1.32578 -2.87644 0.456967 2.11888 0.019267 -0.0964414 -0.170478 0.00397388 -0.00230574 -0.00379615 0.196812 0.400563 -2.08907 1.10812 0.917778 -0.00517904 0.000395132 -1.07846 -1.49976 -0.00459648 -0.195962 0.000169541 0.000692979 0.00308706
156.773 0.0421629 -0.480853 1.51052 -2.8788 0.455533 2.12072 0.00539879 -0.481751 1.53514 -2.89206 0.486957 2.10332 -0.0367641 -0.000897526 0.0246279 -0.0132668 0.0314237 -0.0173944 0.0442599 2.03086 0.0575586 -0.573839 1.33796 -2.87311 0.454419 2.11735 0.0153956 -0.0929857 -0.172554 0.00568539 -0.00111399 -0.00336654 0.196617 0.45024 -2.08682 1.12006 0.930322 -0.00107823 0.00281862 -1.07918 -1.49976 -0.00459648 -0.195962 0.000169541 0.000692979 0.00308706
157.394 0.05145 -0.482853 1.52165 -2.87634 0.454384 2.11966 0.0168494 -0.484245 1.54312 -2.87113 0.470539 2.12064 -0.0346006 -0.00139242 0.0214703 0.00521415 0.0161542 0.000975193 0.0407445 0.966313 0.0629286 -0.574586 1.34833 -2.86955 0.453833 2.11759 0.0114786 -0.091733 -0.173321 0.00679012 -0.000551796 -0.00206945 0.196436 0.454565 -2.08458 1.12972 0.938828 0.00213413 0.00264802 -1.07979 -1.49976 -0.00459648 -0.195962 0.000169541 0.000692979 0.00308706
157.731 0.0562735 -0.48437 1.52783 -2.87552 0.454188 2.11916 0.021872 -0.491082 1.56721 -2.87146 0.446326 2.10914 -0.0344015 -0.00671214 0.0393766 0.00405194 -0.00786233 -0.0100222 0.0527165 0.838368 0.0640935 -0.573335 1.35292 -2.86908 0.453331 2.1177 0.00782004 -0.0889651 -0.174914 0.00643359 -0.000857091 -0.0014637 0.196394 0.414959 -2.08313 1.13574 0.943189 0.0032028 0.00242868 -1.08017 -1.49976 -0.00459648 -0.195962 0.000169541 0.000692979 0.00308706
157.986 0.0592704 -0.486087 1.53155 -2.87534 0.454061 2.11881 0.0259948 -0.489581 1.56674 -2.86486 0.474917 2.11962 -0.0332755 -0.00349393 0.0351877 0.0104857 0.0208564 0.000808012 0.0485556 1.32884 0.0639489 -0.573776 1.35592 -2.86939 0.453192 2.11763 0.00467849 -0.0876895 -0.175635 0.00595463 -0.000868324 -0.00117249 0.196365 0.378459 -2.08211 1.14002 0.945617 0.00358737 0.00245835 -1.08045 -1.49976 -0.00459648 -0.195962 0.000169541 0.000692979 0.00308706
158.401 0.0619097 -0.488266 1.53437 -2.87537 0.453892 2.11847 0.0295472 -0.494092 1.57464 -2.86428 0.445065 2.12934 -0.0323625 -0.0058265 0.0402712 0.0110905 -0.0088274 0.0108709 0.0519909 0.838835 0.0623465 -0.574413 1.35789 -2.87019 0.453646 2.11801 0.000436872 -0.0861476 -0.176484 0.00517161 -0.000246123 -0.000461403 0.196387 0.30901 -2.08118 1.1441 0.94721 0.00381708 0.00261667 -1.0807 -1.49976 -0.00459648 -0.195962 0.000169541 0.000692979 0.00308706
159.058 0.0683903 -0.495674 1.53724 -2.8751 0.452694 2.11753 0.034736 -0.49258 1.55888 -2.87864 0.484669 2.10842 -0.0336544 0.00309401 0.0216441 -0.00353578 0.0319746 -0.00911622 0.040133 1.89072 0.0623451 -0.580754 1.36017 -2.8714 0.453911 2.11818 -0.00604521 -0.085079 -0.177065 0.00369858 0.00121623 0.000645402 0.196538 0.211218 -2.07934 1.15278 0.947222 0.00505241 0.0035152 -1.08119 -1.49976 -0.00459648 -0.195962 0.000169541 0.000692979 0.00308706
159.424 0.0711581 -0.49995 1.53686 -2.87498 0.451686 2.11703 0.0374378 -0.496436 1.55816 -2.87672 0.483187 2.10947 -0.0337203 0.00351394 0.0212921 -0.0017351 0.0315007 -0.00755648 0.0400344 1.84822 0.0623857 -0.584046 1.35927 -2.87225 0.453594 2.11804 -0.00877246 -0.0840957 -0.177596 0.00272931 0.00190786 0.00101172 0.196696 0.179137 -2.07871 1.15609 0.94586 0.0058661 0.00432236 -1.08136 -1.49976 -0.00459648 -0.195962 0.000169541 0.000692979 0.00308706
159.832 0.0735709 -0.504307 1.53588 -2.87494 0.450754 2.11657 0.0414713 -0.509228 1.58323 -2.88047 0.458094 2.0959 -0.0320996 -0.00492113 0.0473505 -0.00552896 0.00733987 -0.020665 0.0574166 1.16197 0.064288 -0.588009 1.35809 -2.87291 0.453027 2.11755 -0.0092829 -0.0837021 -0.177792 0.0020317 0.00227271 0.000983013 0.196729 0.167859 -2.07821 1.1591 0.943897 0.00655276 0.0050979 -1.08151 -1.49976 -0.00459648 -0.195962 0.000169541 0.000692979 0.00308706
160.104 0.0759493 -0.510139 1.5337 -2.87519 0.449715 2.11606 0.0428787 -0.507053 1.55944 -2.86638 0.463943 2.10495 -0.0330707 0.00308559 0.0257356 0.00880343 0.0142278 -0.0111092 0.042018 1.26795 0.0684217 -0.594841 1.35648 -2.87374 0.452121 2.1168 -0.00752762 -0.0847025 -0.177222 0.00144572 0.00240674 0.000735005 0.196568 0.155766 -2.07772 1.16261 0.940454 0.00704992 0.00610497 -1.08167 -1.49976 -0.00459648 -0.195962 0.000169541 0.000692979 0.00308706
160.527 0.0772073 -0.514402 1.53156 -2.87552 0.449056 2.11577 0.0456035 -0.512521 1.5595 -2.86669 0.461451 2.10517 -0.0316038 0.00188063 0.027939 0.00882702 0.0123942 -0.0105907 0.0422247 1.18234 0.0696941 -0.597794 1.35361 -2.87421 0.451255 2.11623 -0.00751322 -0.0833919 -0.177954 0.00131421 0.00219914 0.000467316 0.196668 0.142653 -2.0775 1.16482 0.937437 0.00719975 0.00682398 -1.08176 -1.49976 -0.00459648 -0.195962 0.000169541 0.000692979 0.00308706
160.868 0.0780753 -0.518257 1.52925 -2.87587 0.448562 2.11555 0.0470041 -0.525857 1.58334 -2.88233 0.451278 2.09577 -0.0310712 -0.0076004 0.054092 -0.00645468 0.00271529 -0.0197844 0.0628421 1.03967 0.0697491 -0.601542 1.35126 -2.87448 0.450564 2.11584 -0.00832618 -0.0832848 -0.177991 0.00138941 0.00200149 0.000281364 0.196689 0.137056 -2.0774 1.16665 0.934304 0.00721336 0.00741139 -1.08181 -1.49976 -0.00459648 -0.195962 0.000169541 0.000692979 0.00308706
161.475 0.0799989 -0.522546 1.52489 -2.87474 0.448869 2.11559 0.0483288 -0.52616 1.55956 -2.86904 0.456186 2.10448 -0.03167 -0.00361448 0.0346637 0.00569768 0.00731695 -0.0111124 0.0470917 0.932512 0.0676199 -0.607271 1.34775 -2.87326 0.450523 2.11511 -0.0123789 -0.084725 -0.177147 0.00147418 0.00165398 -0.000479993 0.196755 0.137056 -2.07757 1.16932 0.927405 0.00806143 0.00661821 -1.08185 -1.49976 -0.00459648 -0.195962 0.000169541 0.000692979 0.00308706
161.84 0.0809054 -0.523278 1.52334 -2.87364 0.449023 2.11563 0.0496417 -0.520297 1.53612 -2.8678 0.475886 2.11764 -0.0312637 0.00298096 0.012786 0.00583944 0.0268633 0.00201195 0.0339085 1.56848 0.06601 -0.608268 1.34637 -2.87208 0.45073 2.11496 -0.0148954 -0.0849891 -0.176965 0.00155599 0.0017072 -0.000662076 0.19688 0.148038 -2.07787 1.16981 0.924894 0.00894546 0.00597424 -1.08186 -1.49976 -0.00459648 -0.195962 0.000169541 0.000692979 0.00308706
162.132 0.0818487 -0.523825 1.52157 -2.87205 0.448981 2.11559 0.0510543 -0.528908 1.55963 -2.86868 0.454665 2.105 -0.0307944 -0.00508304 0.0380611 0.00337209 0.00568474 -0.0105882 0.0492218 0.783347 0.0654933 -0.609855 1.34522 -2.87019 0.450897 2.11485 -0.0163554 -0.0860296 -0.176344 0.00186115 0.00191631 -0.000742821 0.19689 0.170174 -2.07855 1.16986 0.922235 0.0103833 0.00527067 -1.08187 -1.49976 -0.00459648 -0.195962 0.000169541 0.000692979 0.00308706
162.397 0.0818289 -0.523457 1.52069 -2.87098 0.449215 2.11564 0.0523257 -0.522999 1.53618 -2.86744 0.474344 2.11817 -0.0295032 0.000458122 0.0154903 0.003535 0.0251289 0.00253306 0.0333256 1.45212 0.0640715 -0.610257 1.3448 -2.86891 0.45132 2.11495 -0.0177573 -0.0867998 -0.175883 0.00206814 0.00210451 -0.000684317 0.196938 0.185575 -2.07934 1.16945 0.92076 0.0112112 0.00456481 -1.08189 -1.49976 -0.00459648 -0.195962 0.000169541 0.000692979 0.00308706
162.786 0.0809327 -0.522776 1.52006 -2.87027 0.449598 2.11571 0.0518935 -0.524852 1.54365 -2.86778 0.448557 2.12678 -0.0290392 -0.00207593 0.0235927 0.00248893 -0.00104079 0.0110613 0.0374726 0.588839 0.0622718 -0.609996 1.34442 -2.86822 0.451712 2.11502 -0.0186609 -0.0872204 -0.175631 0.00204688 0.00211419 -0.000698645 0.196982 0.185575 -2.08039 1.16867 0.919701 0.0116241 0.00390968 -1.08192 -1.49976 -0.00459648 -0.195962 0.000169541 0.000692979 0.00308706
163.113 0.0790307 -0.522137 1.51962 -2.87017 0.449982 2.1158 0.0501201 -0.525981 1.55096 -2.8849 0.468606 2.09127 -0.0289106 -0.0038447 0.0313449 -0.0147276 0.0186238 -0.0245204 0.0428148 1.6653 0.061023 -0.609888 1.34428 -2.86818 0.452002 2.11503 -0.0180076 -0.0877517 -0.175343 0.00198943 0.00201976 -0.00076251 0.1969 0.181308 -2.08174 1.16754 0.919125 0.0114969 0.00353636 -1.08195 -1.49976 -0.00459648 -0.195962 0.000169541 0.000692979 0.00308706
163.506 0.0752362 -0.521163 1.51945 -2.8707 0.45048 2.11591 0.0483289 -0.528884 1.55956 -2.86971 0.455261 2.10418 -0.0269073 -0.00772063 0.0401099 0.00098691 0.00478159 -0.011733 0.0489123 0.750692 0.0585765 -0.609375 1.34433 -2.86853 0.451995 2.11526 -0.0166596 -0.0882121 -0.175112 0.00216893 0.00151493 -0.000646628 0.196782 0.167859 -2.08399 1.16551 0.919157 0.0107465 0.00335844 -1.08199 -1.49976 -0.00459648 -0.195962 0.000169541 0.000692979 0.00308706
163.944 0.0718365 -0.520567 1.51947 -2.87139 0.450607 2.11595 0.0442747 -0.520262 1.53602 -2.86992 0.4771 2.11591 -0.0275618 0.000304975 0.0165447 0.00147076 0.0264926 -3.62648e-05 0.0321476 1.52033 0.0569285 -0.609153 1.34455 -2.86925 0.451475 2.11543 -0.014908 -0.0885855 -0.174927 0.00214152 0.000868012 -0.000517605 0.196645 0.148038 -2.08599 1.16361 0.919695 0.0100645 0.0035699 -1.08199 -1.49976 -0.00459648 -0.195962 0.000169541 0.000692979 0.00308706
164.307 0.0679953 -0.519701 1.51968 -2.87216 0.45076 2.11602 0.0411063 -0.522076 1.54341 -2.87116 0.451895 2.12383 -0.026889 -0.00237503 0.0237281 0.000993857 0.00113587 0.00780864 0.03594 0.430693 0.0551549 -0.60863 1.34492 -2.87039 0.450774 2.11544 -0.0128404 -0.088929 -0.174762 0.00176286 1.41644e-05 -0.000578641 0.196507 0.118694 -2.08824 1.1614 0.920547 0.00928223 0.00379783 -1.08198 -1.49976 -0.00459648 -0.195962 0.000169541 0.000692979 0.00308706
164.668 0.0620812 -0.517953 1.52005 -2.87332 0.451281 2.11626 0.0369081 -0.528694 1.5671 -2.8579 0.445138 2.11404 -0.0251731 -0.0107407 0.0470462 0.0154202 -0.0061431 -0.0022182 0.0544279 1.00911 0.051248 -0.60801 1.34591 -2.87238 0.450515 2.11552 -0.0108331 -0.090057 -0.174147 0.000946227 -0.000765978 -0.000743187 0.196354 0.0927874 -2.09156 1.158 0.921781 0.00788681 0.00389659 -1.08191 -1.49976 -0.00459648 -0.195962 0.000169541 0.000692979 0.00308706
165.006 0.0571494 -0.516151 1.52027 -2.8742 0.451947 2.11658 0.0308617 -0.517515 1.53583 -2.87458 0.481038 2.11188 -0.0262876 -0.00136419 0.0155572 -0.000378309 0.0290916 -0.00470059 0.0305766 1.68702 0.0489785 -0.606759 1.3464 -2.87383 0.451216 2.11582 -0.00817087 -0.0906077 -0.173872 0.00036919 -0.000730402 -0.000766126 0.196234 0.068528 -2.09424 1.15513 0.922586 0.00666088 0.00373534 -1.08181 -1.49976 -0.00459648 -0.195962 0.000169541 0.000692979 0.00308706
165.241 0.0520116 -0.51383 1.52051 -2.87493 0.452843 2.11701 0.0254979 -0.514816 1.53578 -2.87606 0.483176 2.11045 -0.0265137 -0.00098663 0.0152701 -0.00112936 0.030333 -0.00656657 0.0306125 1.77321 0.0454025 -0.604217 1.34648 -2.87458 0.452489 2.11634 -0.00660907 -0.0903872 -0.174022 0.000349126 -0.000354597 -0.00067057 0.196207 0.0559529 -2.09705 1.15201 0.923341 0.00539218 0.00331181 -1.08168 -1.49976 -0.00459648 -0.195962 0.000169541 0.000692979 0.00308706
165.913 0.0392049 -0.508268 1.52078 -2.87699 0.454847 2.11813 0.0141448 -0.511918 1.54324 -2.86335 0.474644 2.12087 -0.0250601 -0.0036496 0.0224644 0.0136408 0.0197968 0.00274384 0.0338523 1.3461 0.0365517 -0.598324 1.34652 -2.87561 0.455317 2.11788 -0.00265317 -0.0900551 -0.174251 0.00138675 0.000469464 -0.000256138 0.196164 0.0927874 -2.1039 1.14398 0.925278 0.00211203 0.00255999 -1.08124 -1.49976 -0.00459648 -0.195962 0.000169541 0.000692979 0.00308706
166.294 0.0336279 -0.505934 1.52076 -2.87794 0.455566 2.11861 0.00875576 -0.509212 1.54321 -2.86483 0.476801 2.11945 -0.0248721 -0.0032782 0.0224498 0.0131085 0.021235 0.000836492 0.0336655 1.41913 0.0311884 -0.59639 1.34673 -2.87646 0.456311 2.1186 -0.00243954 -0.0904561 -0.174025 0.0014855 0.000745465 -1.03237e-05 0.196145 0.0969133 -2.10687 1.1403 0.926192 0.000705493 0.00239038 -1.08101 -1.49976 -0.00459648 -0.195962 0.000169541 0.000692979 0.00308706
166.706 0.0283184 -0.503568 1.52061 -2.87869 0.45615 2.11907 0.00068431 -0.505791 1.54307 -2.88293 0.466366 2.1131 -0.0276341 -0.00222289 0.0224602 -0.00424233 0.0102159 -0.00597329 0.0356797 0.66676 0.0279219 -0.59511 1.34721 -2.87769 0.457096 2.11928 -0.000396472 -0.0915416 -0.173407 0.000998759 0.000945614 0.000203369 0.196087 0.0740187 -2.1098 1.13652 0.927046 -0.000443163 0.00223987 -1.08077 -1.49976 -0.00459648 -0.195962 0.000169541 0.000692979 0.00308706
167.161 0.0211665 -0.499883 1.52037 -2.87961 0.457255 2.1198 -0.00471596 -0.503817 1.5432 -2.86896 0.481702 2.11569 -0.0258825 -0.00393434 0.0228224 0.0106463 0.0244465 -0.00411707 0.034731 1.58733 0.0231641 -0.593519 1.34817 -2.87974 0.458325 2.12023 0.00199758 -0.0936364 -0.172202 -0.000138931 0.00106945 0.000426311 0.196023 0.068528 -2.11359 1.13138 0.928028 -0.00211884 0.00172781 -1.08042 -1.49976 -0.00459648 -0.195962 0.000169541 0.000692979 0.00308706
167.469 0.0156354 -0.496885 1.52013 -2.88042 0.458307 2.12042 -0.0108421 -0.502698 1.55019 -2.87044 0.457259 2.12336 -0.0264775 -0.00581292 0.0300618 0.00997723 -0.00104779 0.00294519 0.0404792 0.523393 0.0201789 -0.59289 1.3493 -2.88187 0.459354 2.12098 0.00454349 -0.0960055 -0.170825 -0.00145526 0.00104725 0.000564368 0.196008 0.118694 -2.11631 1.12748 0.928672 -0.00362037 0.00121098 -1.08017 -1.49976 -0.00459648 -0.195962 0.000169541 0.000692979 0.00308706
167.854 0.0101871 -0.493269 1.52073 -2.88124 0.459413 2.12106 -0.0176111 -0.500034 1.55033 -2.87218 0.459235 2.12183 -0.0277982 -0.00676568 0.0295911 0.00906183 -0.000178291 0.000772531 0.04116 0.501241 0.017958 -0.593147 1.35217 -2.8837 0.460257 2.12171 0.00777096 -0.0998789 -0.168569 -0.00245733 0.000843843 0.000647908 0.196091 0.167859 -2.11886 1.12359 0.930333 -0.00516913 0.000657157 -1.0799 -1.49976 -0.00459648 -0.195962 0.000169541 0.000692979 0.00308706
168.164 0.00336188 -0.484152 1.52903 -2.8823 0.460757 2.1219 -0.023566 -0.492383 1.54329 -2.8896 0.476353 2.1068 -0.0269279 -0.00823123 0.0142575 -0.00730062 0.0155965 -0.015101 0.0315617 1.18134 0.014429 -0.588214 1.36292 -2.88607 0.460855 2.1225 0.0110671 -0.104062 -0.16611 -0.0037728 9.83643e-05 0.00060211 0.196326 0.234068 -2.12191 1.11851 0.941316 -0.00712927 8.93986e-06 -1.07951 -1.49976 -0.00459648 -0.195962 0.000169541 0.000692979 0.00308706
168.553 -0.00112591 -0.474609 1.53978 -2.8828 0.461644 2.1225 -0.0295549 -0.49123 1.57428 -2.88776 0.4589 2.11135 -0.028429 -0.0166211 0.0345038 -0.0049574 -0.00274331 -0.0111524 0.0476968 0.593473 0.0126795 -0.581618 1.37541 -2.88754 0.460676 2.12291 0.0138054 -0.107009 -0.164365 -0.00474218 -0.000967318 0.000414624 0.196615 0.288036 -2.12388 1.11483 0.95479 -0.00827653 -0.000508486 -1.07922 -1.49976 -0.00459648 -0.195962 0.000169541 0.000692979 0.00308706
169.523 -0.0118416 -0.440785 1.58465 -2.88434 0.461624 2.12349 -0.0414113 -0.453627 1.60682 -2.87704 0.453822 2.11919 -0.0295697 -0.0128427 0.022167 0.00730059 -0.00780259 -0.00430608 0.0391239 0.725777 0.00824175 -0.546186 1.41945 -2.89012 0.457201 2.12287 0.0200833 -0.105402 -0.165202 -0.00578366 -0.0044232 -0.000623209 0.196989 0.406382 -2.12833 1.10368 1.01166 -0.0101211 0.0002376 -1.07835 -1.49976 -0.00459648 -0.195962 0.000169541 0.000692979 0.00308706
169.866 -0.0138389 -0.431497 1.59803 -2.88479 0.460979 2.12352 -0.0441933 -0.439087 1.60752 -2.88932 0.474631 2.12406 -0.0303543 -0.00759037 0.0094879 -0.00453298 0.0136521 0.000534157 0.0326959 0.828979 0.00731956 -0.534828 1.43228 -2.89057 0.456178 2.1227 0.0211585 -0.103331 -0.16575 -0.00577988 -0.0048005 -0.000823026 0.196464 0.416841 -2.12897 1.10066 1.02947 -0.0102432 0.00102707 -1.07816 -1.49976 -0.00459648 -0.195962 0.000169541 0.000692979 0.00308706
170.198 -0.0153327 -0.421418 1.61219 -2.88499 0.460301 2.12352 -0.0470436 -0.431117 1.63326 -2.88402 0.486574 2.12101 -0.0317109 -0.00969971 0.021068 0.000963802 0.0262726 -0.00250904 0.0392877 1.51543 0.00607173 -0.523267 1.44495 -2.8908 0.455558 2.12262 0.0214044 -0.101849 -0.167243 -0.00580825 -0.00474306 -0.000899332 0.196981 0.414959 -2.12927 1.09777 1.04705 -0.010104 0.00167281 -1.078 -1.49976 -0.00459648 -0.195962 0.000169541 0.000692979 0.00308706
170.834 -0.0159452 -0.398219 1.64332 -2.8842 0.458604 2.12324 -0.0485675 -0.408378 1.65983 -2.87882 0.471225 2.11081 -0.0326223 -0.010159 0.0165131 0.00538153 0.0126209 -0.0124299 0.0379487 1.14978 0.00507628 -0.49636 1.47411 -2.88946 0.455547 2.12247 0.0210215 -0.0981416 -0.169211 -0.00526272 -0.00305742 -0.000763923 0.196739 0.33455 -2.12863 1.09133 1.08709 -0.00848737 0.00275226 -1.0778 -1.49976 -0.00459648 -0.195962 0.000169541 0.000692979 0.00308706
171.29 -0.0151723 -0.387778 1.65662 -2.88338 0.457842 2.12298 -0.048147 -0.402222 1.69518 -2.8711 0.448502 2.11837 -0.0329747 -0.0144441 0.0385559 0.0122814 -0.00933983 -0.00461065 0.0527496 1.00717 0.00643218 -0.483865 1.48605 -2.88813 0.455399 2.12223 0.0216045 -0.0960874 -0.170576 -0.00474375 -0.00244337 -0.000752526 0.196966 0.292083 -2.12782 1.08865 1.10396 -0.0072977 0.00301288 -1.07783 -1.49976 -0.00459648 -0.195962 0.000169541 0.000692979 0.00308706
171.612 -0.0139818 -0.373315 1.67425 -2.88227 0.457146 2.12259 -0.0481252 -0.385381 1.69597 -2.88234 0.471597 2.12508 -0.0341434 -0.0120654 0.0217216 -7.05236e-05 0.0144511 0.00249159 0.0422277 0.840699 0.00725624 -0.464307 1.5007 -2.88553 0.455575 2.12188 0.021238 -0.0909917 -0.173555 -0.0032579 -0.00157136 -0.000710589 0.197108 0.193827 -2.12632 1.08507 1.12646 -0.00581131 0.00308239 -1.07799 -1.49976 -0.00459648 -0.195962 0.000169541 0.000692979 0.00308706
172.27 -0.0130297 -0.350204 1.70096 -2.88124 0.457037 2.12202 -0.046747 -0.367157 1.75437 -2.89342 0.439095 2.10564 -0.0337173 -0.0169525 0.0534093 -0.0121799 -0.0179414 -0.0163796 0.0653972 1.36257 0.00541236 -0.434584 1.52356 -2.88255 0.457461 2.12188 0.018442 -0.084379 -0.177402 -0.00131409 0.000423838 -0.0001402 0.197311 0.0740187 -2.12331 1.07963 1.16057 -0.00456522 0.00268537 -1.07845 -1.49976 -0.00459648 -0.195962 0.000169541 0.000692979 0.00308706
172.631 -0.012159 -0.334688 1.71877 -2.88068 0.456884 2.12149 -0.0467437 -0.350976 1.75381 -2.86855 0.464447 2.11221 -0.0345847 -0.016288 0.035035 0.0121309 0.00756383 -0.0092812 0.0518542 1.13229 0.00362662 -0.414128 1.53855 -2.88076 0.459427 2.12203 0.0157856 -0.0794405 -0.18022 -7.92855e-05 0.00254381 0.000541432 0.197583 0.150658 -2.12088 1.07593 1.18358 -0.00373488 0.00255146 -1.07887 -1.49976 -0.00459648 -0.195962 0.000169541 0.000692979 0.00308706
172.979 -0.0112737 -0.323029 1.73219 -2.88027 0.45664 2.12099 -0.044662 -0.335897 1.76322 -2.88038 0.451065 2.12919 -0.0333883 -0.0128678 0.0310329 -0.000110693 -0.00557559 0.00819784 0.0473645 0.570612 0.00343312 -0.398966 1.54992 -2.87955 0.460861 2.12188 0.0147068 -0.0759372 -0.182272 0.000717811 0.00422075 0.000891703 0.198004 0.247082 -2.11888 1.0731 1.20099 -0.00301725 0.0025669 -1.07924 -1.49976 -0.00459648 -0.195962 0.000169541 0.000692979 0.00308706
173.262 -0.0101566 -0.311212 1.74566 -2.87978 0.45635 2.12043 -0.0436421 -0.318948 1.75463 -2.89774 0.475219 2.1165 -0.0334855 -0.0077356 0.00896824 -0.0179557 0.0188693 -0.00392953 0.0355183 1.43858 0.00408319 -0.384463 1.5618 -2.87874 0.461363 2.12146 0.0142398 -0.0732503 -0.183864 0.0010398 0.00501313 0.00102977 0.19843 0.29342 -2.11675 1.07022 1.21851 -0.00217724 0.00258496 -1.07965 -1.49976 -0.00459648 -0.195962 0.000169541 0.000692979 0.00308706
173.632 -0.00923012 -0.298893 1.75922 -2.87933 0.456323 2.11991 -0.0436636 -0.307261 1.78482 -2.87411 0.468702 2.10833 -0.0344335 -0.00836876 0.0255993 0.00522586 0.012379 -0.0115779 0.0437153 1.10003 0.00431515 -0.369039 1.57357 -2.87786 0.461963 2.12114 0.0135453 -0.0701465 -0.185658 0.00147317 0.00563906 0.00123273 0.198929 0.333378 -2.11452 1.06727 1.23615 -0.00151006 0.00239588 -1.08009 -1.49976 -0.00459648 -0.195962 0.000169541 0.000692979 0.00308706
173.887 -0.00843273 -0.28143 1.77754 -2.87879 0.45682 2.11936 -0.0420604 -0.296876 1.81692 -2.88864 0.459465 2.10064 -0.0336277 -0.0154461 0.0393719 -0.00985699 0.00264502 -0.0187228 0.0540329 0.977988 0.0035592 -0.350835 1.59145 -2.87641 0.462828 2.12077 0.0119919 -0.0694049 -0.186095 0.0023781 0.00600753 0.00140725 0.198978 0.36584 -2.11142 1.06321 1.2599 -0.000978159 0.00171448 -1.08069 -1.49976 -0.00459648 -0.195962 0.000169541 0.000692979 0.00308706
174.326 -0.00834907 -0.267438 1.79152 -2.87848 0.457692 2.11912 -0.0420358 -0.279503 1.8173 -2.87969 0.505494 2.11385 -0.0336868 -0.0120652 0.0257821 -0.00121845 0.0478023 -0.00526809 0.0441031 2.75278 0.00203432 -0.336503 1.60525 -2.8756 0.463815 2.1206 0.0103834 -0.0690652 -0.186268 0.00287496 0.00612299 0.0014751 0.198931 0.380522 -2.10904 1.0601 1.27794 -0.000978495 0.000821444 -1.08113 -1.49976 -0.00459648 -0.195962 0.000169541 0.000692979 0.00308706
174.954 -0.00908874 -0.231983 1.82539 -2.87776 0.46093 2.11913 -0.0414325 -0.24795 1.86097 -2.89239 0.464099 2.11677 -0.0323438 -0.0159671 0.0355813 -0.0146268 0.00316938 -0.00236661 0.0506665 0.807456 0.000543926 -0.305588 1.64156 -2.87519 0.46679 2.12052 0.00963266 -0.0736047 -0.183835 0.00257605 0.00586003 0.00138927 0.198257 0.361536 -2.10336 1.05276 1.32119 -0.00181325 -0.00227207 -1.08196 -1.49976 -0.00459648 -0.195962 0.000169541 0.000692979 0.00308706
175.306 -0.00930504 -0.216517 1.84011 -2.87739 0.462377 2.11927 -0.0414321 -0.228449 1.86098 -2.88768 0.471601 2.11888 -0.032127 -0.0119318 0.0208742 -0.010283 0.00922349 -0.000385001 0.0401279 0.784345 0.000423884 -0.29326 1.65806 -2.87496 0.467849 2.12063 0.00972892 -0.0767432 -0.18205 0.00243766 0.00547134 0.00136669 0.197804 0.338041 -2.1009 1.0497 1.33999 -0.00220857 -0.00367963 -1.08222 -1.49976 -0.00459648 -0.195962 0.000169541 0.000692979 0.00308706
175.718 -0.00927571 -0.201832 1.85458 -2.87711 0.463497 2.11937 -0.0430286 -0.212838 1.89609 -2.9079 0.462145 2.10942 -0.0337529 -0.011006 0.0415116 -0.0307897 -0.00135247 -0.00995424 0.0546224 1.5952 0.000177076 -0.282341 1.67475 -2.87485 0.468015 2.12071 0.00945278 -0.0805098 -0.179829 0.00226239 0.00451801 0.00133886 0.197255 0.28393 -2.09845 1.04675 1.35862 -0.00251622 -0.00476973 -1.08242 -1.49976 -0.00459648 -0.195962 0.000169541 0.000692979 0.00308706
176.052 -0.00880065 -0.183514 1.87359 -2.87687 0.464457 2.11944 -0.0413729 -0.195401 1.89535 -2.87543 0.492254 2.11852 -0.0325723 -0.011887 0.0217611 0.00143336 0.0277973 -0.000917231 0.0409365 1.59692 2.26694e-05 -0.266734 1.69528 -2.86932 0.464973 2.13315 0.00882332 -0.0832199 -0.178311 0.00754775 0.000515556 0.0137199 0.196973 0.707759 -2.09519 1.04308 1.38312 -0.00276191 -0.00570197 -1.08261 -1.49976 -0.00459648 -0.195962 0.000169541 0.000692979 0.00308706
176.905 -0.00709376 -0.158654 1.90129 -2.87661 0.464969 2.11939 -0.0407252 -0.166224 1.94194 -2.8635 0.465156 2.12636 -0.0336314 -0.00756993 0.0406512 0.0131025 0.000186497 0.00697223 0.0533 0.673766 -0.000236032 -0.244893 1.72472 -2.87102 0.466587 2.1291 0.00685773 -0.0862397 -0.176568 0.00559212 0.00161793 0.00970869 0.196623 0.510524 -2.09035 1.0382 1.41891 -0.00274042 -0.00625996 -1.08279 -1.49976 -0.00459648 -0.195962 0.000169541 0.000692979 0.00308706
177.331 -0.00560653 -0.14719 1.915 -2.8764 0.464818 2.11929 -0.0394863 -0.152906 1.96743 -2.91109 0.476955 2.10161 -0.0338798 -0.00571624 0.0524294 -0.0346919 0.0121372 -0.0176756 0.0626846 1.90619 -0.000837238 -0.235129 1.73942 -2.86879 0.465748 2.13314 0.00476929 -0.0879388 -0.17558 0.00760941 0.000929958 0.0138516 0.196429 0.716005 -2.08797 1.03606 1.43655 -0.00243322 -0.00623001 -1.08284 -1.49976 -0.00459648 -0.195962 0.000169541 0.000692979 0.00308706
177.741 -0.00294848 -0.132526 1.93334 -2.87592 0.464319 2.11908 -0.0389222 -0.141772 1.98013 -2.87998 0.455856 2.11829 -0.0359737 -0.00924585 0.0467944 -0.00405358 -0.00846329 -0.000789451 0.0597437 0.530818 0.000434028 -0.220585 1.75786 -2.8647 0.463633 2.14058 0.00338251 -0.0880585 -0.175474 0.0112202 -0.000686775 0.0214993 0.196359 1.10606 -2.08484 1.0335 1.46004 -0.00168688 -0.00602397 -1.08289 -1.49976 -0.00459648 -0.195962 0.000169541 0.000692979 0.00308706
178.099 -0.000671942 -0.121669 1.94726 -2.87546 0.463882 2.11888 -0.0354138 -0.127098 1.98043 -2.89819 0.485207 2.12767 -0.0347418 -0.0054292 0.0331692 -0.022725 0.021325 0.00878836 0.0483391 2.01013 0.00135666 -0.209249 1.77146 -2.86123 0.462419 2.14435 0.0020286 -0.0875802 -0.175795 0.0142338 -0.00146316 0.0254635 0.196414 1.31819 -2.08256 1.03178 1.47766 -0.000984505 -0.0058655 -1.08295 -1.49976 -0.00459648 -0.195962 0.000169541 0.000692979 0.00308706
178.429 0.00220492 -0.110955 1.9614 -2.87474 0.463255 2.11857 -0.0320046 -0.114099 1.98005 -2.86993 0.465184 2.12294 -0.0342095 -0.00314385 0.0186507 0.00480507 0.00192913 0.00437122 0.03909 0.298707 0.00126552 -0.198587 1.78564 -2.85925 0.461872 2.14409 -0.000939405 -0.0876313 -0.175764 0.0154931 -0.00138298 0.0255252 0.196401 1.33207 -2.08034 1.03021 1.49548 0.000100049 -0.005668 -1.08306 -1.49976 -0.00459648 -0.195962 0.000169541 0.000692979 0.00308706
178.83 0.00825472 -0.0965634 1.98074 -2.87287 0.462031 2.12078 -0.0297031 -0.105182 2.06101 -2.89195 0.45389 2.10668 -0.0379578 -0.00861873 0.0802646 -0.0190782 -0.0081414 -0.0141005 0.0892047 1.13332 0.00472759 -0.184621 1.80524 -2.85634 0.461146 2.14407 -0.00352713 -0.0880572 -0.175505 0.0165286 -0.000885433 0.0232915 0.196389 1.24678 -2.07754 1.02829 1.51963 0.00118459 -0.00549766 -1.08083 -1.49976 -0.00459648 -0.195962 0.000169541 0.000692979 0.00308706
179.139 0.0145763 -0.0856868 1.99532 -2.87068 0.460831 2.12461 -0.0246531 -0.0898882 2.01927 -2.88009 0.504794 2.13037 -0.0392294 -0.00420141 0.0239483 -0.00940623 0.0439632 0.00576059 0.0461532 2.62853 0.00827335 -0.174761 1.82041 -2.85387 0.460494 2.14407 -0.0063029 -0.0890744 -0.174905 0.0168087 -0.000336533 0.0194633 0.196382 1.10287 -2.07559 1.02696 1.53768 0.00172879 -0.00550837 -1.07721 -1.49976 -0.00459648 -0.195962 0.000169541 0.000692979 0.00308706
179.869 0.0326404 -0.061028 2.0288 -2.86412 0.457202 2.13735 -0.00905179 -0.0668656 2.07303 -2.8662 0.46388 2.13884 -0.0416921 -0.00583758 0.0442328 -0.00208135 0.0066777 0.00148754 0.0610643 0.420579 0.0226388 -0.154257 1.85634 -2.85052 0.45885 2.15102 -0.0100016 -0.0932289 -0.172458 0.0136037 0.00164851 0.0136721 0.196299 0.830866 -2.07163 1.02414 1.57897 0.00272923 -0.0055855 -1.06524 -1.49976 -0.00459648 -0.195962 0.000169541 0.000692979 0.00308706
180.168 0.0400836 -0.051166 2.04248 -2.86143 0.455608 2.14319 -1.30756e-05 -0.0549538 2.10285 -2.86305 0.473915 2.11333 -0.0400966 -0.00378775 0.060377 -0.00161687 0.0183074 -0.0298557 0.0725773 1.97298 0.0286526 -0.145785 1.87116 -2.85043 0.458699 2.15406 -0.011431 -0.0946193 -0.171314 0.010997 0.00309082 0.0108726 0.196041 0.685284 -2.07021 1.02302 1.59608 0.00288221 -0.00556175 -1.05968 -1.49976 -0.00459648 -0.195962 0.000169541 0.000692979 0.00308706
180.653 0.0471924 -0.0411628 2.0563 -2.85883 0.454091 2.14907 0.00831382 -0.0432942 2.1169 -2.85056 0.474264 2.14022 -0.0388785 -0.00213143 0.0605997 0.00826952 0.0201724 -0.00885054 0.0720306 1.42574 0.0330638 -0.136734 1.88524 -2.84961 0.458085 2.15805 -0.0141286 -0.0955715 -0.171061 0.00921425 0.00399381 0.00897112 0.196457 0.596761 -2.06895 1.02195 1.6128 0.00289294 -0.00557793 -1.05426 -1.49976 -0.00459648 -0.195962 0.000169541 0.000692979 0.00308706
181.888 0.0669192 -0.00999606 2.10067 -2.85148 0.449474 2.1654 0.030524 -0.0109429 2.11534 -2.85296 0.509134 2.1594 -0.0363952 -0.000946844 0.0146672 -0.00147555 0.0596601 -0.00599395 0.0392509 3.43262 0.0370678 -0.106069 1.92996 -2.84856 0.456775 2.16909 -0.0298514 -0.0960727 -0.170715 0.00292761 0.00730096 0.00368994 0.198153 0.465622 -2.06593 1.01857 1.66706 0.00322815 -0.00543431 -1.03888 -1.49976 -0.00459648 -0.195962 0.000169541 0.000692979 0.00308706
182.325 0.071643 -0.000542466 2.1138 -2.84953 0.448433 2.16921 0.0358907 0.000199873 2.15931 -2.88182 0.493288 2.14663 -0.0357523 0.000742339 0.0455036 -0.0322978 0.0448549 -0.0225852 0.0578737 3.08705 0.0365644 -0.0974871 1.94363 -2.84885 0.457186 2.17187 -0.0350786 -0.0969447 -0.170175 0.000674346 0.00875262 0.0026552 0.198968 0.520394 -2.06536 1.01757 1.68303 0.00349409 -0.00557676 -1.03529 -1.49976 -0.00459648 -0.195962 0.000169541 0.000692979 0.00308706
183.024 0.079513 0.0220252 2.14391 -2.84568 0.447033 2.17609 0.0466109 0.0225847 2.22339 -2.8389 0.472498 2.1606 -0.0329021 0.000559418 0.079486 0.00677706 0.025465 -0.0154885 0.0860284 1.83654 0.0386999 -0.0768001 1.97493 -2.84917 0.456154 2.17775 -0.0408131 -0.0988253 -0.168978 -0.00349119 0.00912095 0.00165851 0.199964 0.582155 -2.06464 1.01513 1.71953 0.00401267 -0.00641172 -1.02894 -1.49976 -0.00459648 -0.195962 0.000169541 0.000692979 0.00308706
183.481 0.0812797 0.0315235 2.15663 -2.84456 0.446763 2.17819 0.05047 0.0332692 2.22154 -2.87071 0.446159 2.15251 -0.0308097 0.0017458 0.0649109 -0.026147 -0.00060378 -0.0256789 0.0718728 1.58338 0.0395196 -0.0657615 1.98673 -2.84863 0.454364 2.17934 -0.0417601 -0.097285 -0.169902 -0.00406577 0.00760155 0.00115389 0.200187 0.51129 -2.06459 1.01399 1.73487 0.00403987 -0.00676847 -1.02706 -1.49976 -0.00459648 -0.195962 0.000169541 0.000692979 0.00308706
183.912 0.0822322 0.0443787 2.17371 -2.8437 0.447731 2.17977 0.0517303 0.043281 2.23656 -2.83246 0.413583 2.16741 -0.0305019 -0.0010977 0.0628534 0.0112452 -0.0341476 -0.012366 0.0698722 2.26417 0.0386091 -0.0498739 2.00208 -2.8456 0.452572 2.18125 -0.0436231 -0.0942525 -0.171626 -0.00189689 0.00484164 0.00148086 0.200604 0.322641 -2.06471 1.01227 1.75536 0.00384181 -0.00744787 -1.02517 -1.49964 -0.00487175 -0.196061 0.000833762 0.00069294 0.00388251
184.592 0.0805725 0.0697696 2.19814 -2.84152 0.45016 2.18248 0.05196 0.0662411 2.28687 -2.85465 0.459918 2.17616 -0.0286124 -0.00352854 0.0887344 -0.0131342 0.00975742 -0.00631256 0.0933001 0.877596 0.032255 -0.0177486 2.02231 -2.83719 0.454282 2.18473 -0.0483175 -0.0875182 -0.175826 0.00432268 0.00412229 0.00225968 0.202259 0.325057 -2.06494 1.00858 1.78533 0.00305499 -0.0107123 -1.02356 -1.49964 -0.00486658 -0.196035 0.000660981 0.000692945 0.00388251
184.85 0.074433 0.106086 2.20252 -2.83379 0.463283 2.1869 0.0499628 0.0862122 2.28689 -2.84837 0.469133 2.17883 -0.0244702 -0.0198738 0.0843658 -0.0145809 0.00585024 -0.00807424 0.090063 0.822819 0.0239681 0.0205214 2.02701 -2.82754 0.46622 2.18993 -0.0504649 -0.0855646 -0.175512 0.00624262 0.00293703 0.00302841 0.201674 0.361536 -2.0634 1.00318 1.79431 0.000277506 -0.0236284 -1.0232 -1.49969 -0.00488759 -0.195466 0.00259116 0.00241615 0.00431443
185.252 0.0670417 0.169231 2.20045 -2.82536 0.480124 2.18982 0.0419739 0.137104 2.28562 -2.87932 0.459332 2.17259 -0.0250677 -0.0321263 0.085168 -0.0539584 -0.0207918 -0.0172286 0.0944144 3.03125 0.0148416 0.0788064 2.02547 -2.81008 0.48419 2.19706 -0.0522 -0.0904243 -0.174983 0.0152801 0.00406635 0.00723925 0.203766 0.809876 -2.05868 0.991012 1.80068 -0.00214713 -0.0441361 -1.0233 -1.49979 -0.00520079 -0.196059 -9.84375e-05 0.000765637 0.00681208
185.907 0.0631157 0.222429 2.19687 -2.82428 0.489845 2.19054 0.0339307 0.223077 2.28735 -2.78288 0.494439 2.18424 -0.029185 0.000648179 0.0904804 0.0414027 0.0045933 -0.00630257 0.0950731 2.57618 0.00749266 0.130661 2.02379 -2.78125 0.489762 2.19873 -0.055623 -0.0917678 -0.173072 0.0430293 -8.32136e-05 0.00819612 0.20364 2.28242 -2.05013 0.970132 1.81362 -0.00173756 -0.0565392 -1.02389 -1.49913 -0.00508407 -0.194967 -0.0011436 -0.00523965 0.00873649
186.259 0.0588577 0.253666 2.19451 -2.81783 0.495641 2.18349 0.0307958 0.24551 2.27326 -2.81255 0.540211 2.17469 -0.0280619 -0.00815664 0.0787553 0.0052808 0.0445703 -0.00879666 0.0840024 2.64915 0.00342698 0.163233 2.01993 -2.75716 0.492293 2.19957 -0.0554307 -0.0904337 -0.174576 0.0606615 -0.00334804 0.0160837 0.204273 3.15095 -2.04339 0.9543 1.82201 -0.00207871 -0.0623206 -1.02463 -1.49859 -0.00594717 -0.195394 -0.00272403 0.00194149 0.0156474
186.651 0.0553799 0.280346 2.19169 -2.81778 0.50463 2.18079 0.0283521 0.266894 2.23639 -2.79621 0.541597 2.21025 -0.0270278 -0.0134523 0.0446968 0.0215759 0.0369672 0.029462 0.0539377 2.60354 -0.00148755 0.191441 2.01526 -2.74426 0.498237 2.2012 -0.0568675 -0.088905 -0.176433 0.0735275 -0.00639312 0.020407 0.205589 3.80961 -2.03772 0.941294 1.82797 -0.0024114 -0.0677377 -1.02536 -1.49797 -0.00668148 -0.195991 0.000213056 0.00084864 0.0199897
186.985 0.0508947 0.307201 2.18897 -2.81619 0.508766 2.18044 0.0228577 0.301888 2.27153 -2.83716 0.537067 2.17071 -0.0280369 -0.0053122 0.0825581 -0.020969 0.0283008 -0.00972441 0.0873506 1.92722 -0.00560559 0.216287 2.01387 -2.73536 0.50525 2.20225 -0.0565003 -0.0909136 -0.175103 0.0808356 -0.00351613 0.0218098 0.205228 4.17514 -2.03201 0.928204 1.83556 -0.00330579 -0.0726248 -1.02593 -1.49782 -0.00679847 -0.195843 -0.000646 0.000931848 0.0209621
187.356 0.0445899 0.341647 2.18458 -2.8134 0.513756 2.17453 0.01889 0.333627 2.27153 -2.82723 0.552374 2.17597 -0.0257 -0.00801963 0.0869426 -0.013833 0.0386173 0.00144146 0.0910155 2.36579 -0.0119852 0.249864 2.01101 -2.728 0.512044 2.20263 -0.0565752 -0.0917825 -0.173577 0.0853997 -0.00171217 0.0281042 0.204337 4.33712 -2.02383 0.909917 1.84585 -0.00444331 -0.0786896 -1.0267 -1.49685 -0.0075322 -0.194875 -0.00338318 0.00459534 0.0265606
187.675 0.0400275 0.365366 2.18115 -2.80925 0.516414 2.1659 0.0138914 0.367324 2.28326 -2.78914 0.45741 2.16468 -0.0261361 0.0019574 0.102113 0.0201105 -0.0590041 -0.00121766 0.105423 3.58277 -0.0171487 0.276863 2.00708 -2.72385 0.515563 2.20231 -0.0571762 -0.0885034 -0.174072 0.0854009 -0.000851387 0.0364111 0.203477 4.26875 -2.0174 0.895904 1.85408 -0.00506168 -0.0825013 -1.02724 -1.4955 -0.00847871 -0.193285 -0.00686429 0.0117003 0.0338637
188.407 0.0306469 0.406465 2.17468 -2.79195 0.512862 2.14315 0.00197 0.415101 2.25595 -2.82961 0.53295 2.13559 -0.0286769 0.00863588 0.0812765 -0.0376666 0.0200886 -0.00755983 0.0866187 2.28824 -0.0251763 0.324279 2.0036 -2.72004 0.520836 2.2014 -0.0558231 -0.0821864 -0.171073 0.0719103 0.00797416 0.0582455 0.19783 3.83778 -2.00427 0.868163 1.87298 -0.00643536 -0.0879548 -1.028 -1.49198 -0.0112262 -0.186951 -0.0218741 0.0390752 0.0499368
189.585 0.0207815 0.459633 2.16454 -2.71114 0.468221 2.11515 -0.00993785 0.474045 2.24581 -2.74517 0.502427 2.11774 -0.0307194 0.014412 0.0812764 -0.0340336 0.0342057 0.00258629 0.0880752 2.81689 -0.0294717 0.396529 2.00607 -2.711 0.52313 2.20094 -0.0502532 -0.0631037 -0.158466 0.000144129 0.054909 0.0857959 0.177817 5.83244 -1.98207 0.824991 1.91186 -0.00767552 -0.0929747 -1.02813 -1.48665 -0.0191458 -0.165157 -0.0775087 0.131889 0.0504577
189.957 0.0218214 0.475161 2.16071 -2.6604 0.430522 2.11215 -0.0109504 0.486752 2.22307 -2.67168 0.41821 2.1076 -0.0327718 0.011591 0.0623621 -0.011277 -0.0123126 -0.00455189 0.0713959 0.918984 -0.024913 0.42453 2.00839 -2.70418 0.521555 2.20259 -0.0467344 -0.0506311 -0.152321 -0.0437818 0.0910327 0.0904437 0.16718 8.49956 -1.97321 0.809287 1.92911 -0.00687646 -0.0937932 -1.02807 -1.48546 -0.0243685 -0.152491 -0.116371 0.18177 0.0309013
190.893 0.0271035 0.492634 2.15487 -2.5689 0.35597 2.11217 -0.00723736 0.51693 2.25279 -2.62112 0.36741 2.10431 -0.0343409 0.0242954 0.0979249 -0.0522138 0.0114398 -0.00785836 0.106578 2.93745 -0.0190488 0.464618 2.01421 -2.69765 0.51938 2.20346 -0.0461523 -0.0280158 -0.140655 -0.128748 0.16341 0.0912946 0.150661 14.2116 -1.96013 0.787505 1.95646 -0.0053384 -0.0943532 -1.02824 -1.48533 -0.0350107 -0.129221 -0.191693 0.264247 -0.0211437
191.799 0.0384321 0.507836 2.14835 -2.47717 0.271661 2.10162 0.00518795 0.50332 2.11394 -2.48382 0.457738 2.19304 -0.0332441 -0.00451563 -0.034411 -0.00664938 0.186077 0.0914162 0.0480591 11.9411 -0.0116677 0.506979 2.02739 -2.6938 0.515442 2.2042 -0.0500997 -0.000856881 -0.120957 -0.216632 0.243781 0.102574 0.130925 20.9459 -1.94578 0.765135 1.99083 -0.00344276 -0.0952807 -1.0289 -1.48772 -0.0512662 -0.0961072 -0.285487 0.344794 -0.0865028
192.693 0.0554279 0.516377 2.14134 -2.42651 0.192714 2.05737 0.0204053 0.509394 2.08555 -2.4 0.319167 2.12817 -0.0350225 -0.00698224 -0.0557899 0.0265156 0.126453 0.0707939 0.0662408 8.25264 -0.00816604 0.5585 2.05574 -2.70032 0.515556 2.20567 -0.0635939 0.0421232 -0.0855977 -0.273811 0.322841 0.148293 0.114654 27.3889 -1.92851 0.739588 2.04369 -0.00500904 -0.0954884 -1.02997 -1.4959 -0.0810499 -0.0406799 -0.389098 0.397655 -0.126948
193.091 0.0614311 0.516639 2.13955 -2.42758 0.179548 2.04057 0.0244985 0.545308 2.21181 -2.44116 0.187044 2.05007 -0.0369326 0.0286691 0.072266 -0.013576 0.00749661 0.00950498 0.0860716 1.11382 -0.00919416 0.56493 2.05617 -2.70252 0.516829 2.20591 -0.0706253 0.0482914 -0.0833737 -0.274942 0.337281 0.165346 0.119462 28.4599 -1.92424 0.73351 2.05981 -0.00619036 -0.0956869 -1.03015 -1.49962 -0.0912446 -0.0231656 -0.409635 0.401809 -0.124602
193.504 0.0685252 0.516902 2.13855 -2.43328 0.170494 2.02449 0.0322147 0.545137 2.21113 -2.43699 0.186174 2.05056 -0.0363105 0.0282353 0.0725804 -0.00370931 0.0156796 0.0260627 0.0859278 1.78728 -0.0104196 0.564416 2.05259 -2.70491 0.518128 2.20615 -0.0789448 0.0475136 -0.0859555 -0.271628 0.347634 0.181655 0.126009 29.2068 -1.92039 0.728194 2.07594 -0.00726725 -0.0958906 -1.03024 -1.50396 -0.101807 -0.00547419 -0.424878 0.402368 -0.117844
193.843 0.0801619 0.514689 2.13734 -2.44604 0.162039 2.00609 0.0392874 0.537038 2.17824 -2.39718 0.177069 2.0053 -0.0408745 0.0223486 0.0409001 0.0488556 0.0150309 -0.000794896 0.061992 2.93638 -0.01294 0.565509 2.05147 -2.70822 0.518883 2.2057 -0.0931018 0.0508192 -0.0858733 -0.262184 0.356844 0.199607 0.136473 29.7552 -1.91594 0.722304 2.09743 -0.00835177 -0.095857 -1.03025 -1.51067 -0.116284 0.0185149 -0.438789 0.397938 -0.105527
194.208 0.0904516 0.511373 2.13669 -2.45815 0.156314 1.99548 0.0501449 0.537943 2.19361 -2.43473 0.190883 2.03032 -0.0403066 0.0265699 0.0569241 0.0234187 0.0345685 0.034845 0.0746387 2.96359 -0.0150725 0.565481 2.05133 -2.7103 0.518815 2.2052 -0.105524 0.0541077 -0.0853582 -0.252146 0.3625 0.209727 0.146113 29.9258 -1.91315 0.718782 2.1136 -0.00879103 -0.0955349 -1.03021 -1.5163 -0.127309 0.0369903 -0.446347 0.390961 -0.0963397
194.545 0.101617 0.506804 2.13614 -2.47205 0.150317 1.98843 0.0614608 0.531965 2.18857 -2.42174 0.165455 1.99209 -0.0401559 0.0251616 0.0524234 0.0503074 0.015138 0.00365812 0.070667 2.9857 -0.0175144 0.563581 2.05073 -2.71349 0.518705 2.20426 -0.119131 0.0567772 -0.0854137 -0.241445 0.368388 0.215831 0.157198 29.97 -1.91084 0.715991 2.12988 -0.00898285 -0.0950238 -1.03018 -1.5223 -0.138318 0.0559781 -0.452186 0.380596 -0.0885725
195.131 0.117325 0.49955 2.13529 -2.49129 0.14091 1.98436 0.0729742 0.528225 2.18892 -2.4709 0.182213 1.99422 -0.0443506 0.0286748 0.0536285 0.0203856 0.0413029 0.00986464 0.0752678 2.65918 -0.0193201 0.559867 2.04876 -2.71642 0.518245 2.20303 -0.136645 0.0603174 -0.086536 -0.225138 0.377335 0.218676 0.172622 29.8594 -1.90856 0.713333 2.15167 -0.0089046 -0.0943733 -1.03022 -1.53072 -0.15276 0.08201 -0.459183 0.363033 -0.0820641
195.644 0.128463 0.493862 2.13533 -2.50565 0.133543 1.98525 0.0893906 0.528064 2.21616 -2.49768 0.157721 1.99849 -0.0390722 0.0342025 0.0808315 0.00797111 0.0241778 0.0132358 0.0960738 1.61301 -0.0189854 0.554247 2.04545 -2.71821 0.517528 2.20197 -0.147448 0.0603855 -0.0898755 -0.212559 0.383985 0.216718 0.182934 29.6582 -1.90749 0.712077 2.1682 -0.00882729 -0.0937909 -1.03034 -1.53715 -0.163166 0.102032 -0.463424 0.347529 -0.079956
196.086 0.138617 0.486226 2.13475 -2.52028 0.126734 1.98963 0.100679 0.51496 2.18898 -2.51677 0.101032 1.97061 -0.0379387 0.0287342 0.054228 0.00351419 -0.0257024 -0.0190147 0.0721503 1.85625 -0.0193718 0.548521 2.04427 -2.7209 0.516158 2.20022 -0.157989 0.062295 -0.0904838 -0.200616 0.389424 0.210588 0.192428 29.322 -1.907 0.711394 2.18519 -0.00929073 -0.0929395 -1.03056 -1.54362 -0.172959 0.122479 -0.465773 0.331973 -0.080026
197.121 0.153984 0.467659 2.13586 -2.54934 0.116727 2.00678 0.121428 0.488892 2.14696 -2.5728 0.293598 2.06282 -0.032556 0.0212333 0.0111016 -0.0234562 0.176871 0.0560416 0.0404227 10.7954 -0.0182097 0.533118 2.04292 -2.72738 0.512901 2.1969 -0.172193 0.0654596 -0.0929451 -0.178034 0.396174 0.19012 0.206335 28.3552 -1.90802 0.71177 2.22736 -0.0123368 -0.0900938 -1.03149 -1.55819 -0.192624 0.172069 -0.464895 0.299424 -0.0848658
197.664 0.157765 0.459413 2.13705 -2.56012 0.114223 2.01403 0.125647 0.489436 2.19044 -2.52017 0.112786 2.00854 -0.032118 0.0300225 0.0533871 0.0399519 -0.00143634 -0.00548362 0.06916 2.34702 -0.0187255 0.524942 2.04155 -2.73005 0.511287 2.1959 -0.17649 0.065529 -0.0954992 -0.169929 0.397064 0.181879 0.211099 27.9444 -1.90926 0.712675 2.24635 -0.014106 -0.0885448 -1.03202 -1.56395 -0.19946 0.193925 -0.463154 0.287899 -0.0869815
198.092 0.161025 0.450716 2.13786 -2.56912 0.112495 2.01982 0.131599 0.4828 2.20856 -2.54978 0.189487 2.04109 -0.029426 0.0320848 0.0707049 0.0193344 0.0769927 0.021272 0.0830332 4.66531 -0.0196234 0.519933 2.04475 -2.73253 0.510266 2.1951 -0.180649 0.0692177 -0.0931073 -0.163413 0.397771 0.175287 0.214695 27.6269 -1.91085 0.713965 2.26591 -0.0157714 -0.0868686 -1.03258 -1.56937 -0.205229 0.216088 -0.461342 0.279191 -0.08843
198.45 0.164986 0.440066 2.13914 -2.57928 0.109652 2.02328 0.137267 0.476896 2.22104 -2.65511 0.138512 2.05464 -0.027719 0.0368296 0.0818949 -0.0758297 0.0288594 0.0313588 0.0939763 5.17377 -0.0173755 0.509077 2.04351 -2.73543 0.508896 2.19349 -0.182362 0.0690107 -0.0956369 -0.156148 0.399244 0.170205 0.217174 27.3746 -1.91338 0.716209 2.29276 -0.0173251 -0.0847063 -1.03326 -1.57584 -0.211254 0.24621 -0.460808 0.270277 -0.0882507
199.289 0.171245 0.428808 2.13948 -2.59064 0.100597 2.01809 0.144832 0.461679 2.23209 -2.67556 0.192411 2.04699 -0.026413 0.0328716 0.0926153 -0.084916 0.0918141 0.0289026 0.101763 7.51136 -0.0104726 0.502838 2.04658 -2.73543 0.50997 2.19102 -0.181718 0.0740305 -0.0928945 -0.144785 0.409373 0.172931 0.217097 27.6478 -1.91776 0.720483 2.33367 -0.0180516 -0.0832003 -1.03389 -1.58386 -0.216879 0.292021 -0.46917 0.261915 -0.0840725
200.66 0.172548 0.419164 2.13765 -2.6083 0.0655085 1.99285 0.147801 0.44866 2.21976 -2.68362 0.0438298 1.98999 -0.0247465 0.0294962 0.0821061 -0.075321 -0.0216788 -0.00285989 0.0906853 4.48506 0.00587002 0.492389 2.03746 -2.72849 0.518187 2.19097 -0.166678 0.0732258 -0.100188 -0.120193 0.452679 0.198119 0.207801 29.8528 -1.92635 0.729807 2.40187 -0.0199368 -0.0835977 -1.03389 -1.59249 -0.21793 0.369112 -0.511386 0.250966 -0.0738067
201.224 0.171886 0.41485 2.13616 -2.617 0.0484206 1.98464 0.148295 0.447252 2.24218 -2.63233 0.0831671 1.98104 -0.0235908 0.0324016 0.106019 -0.0153259 0.0347464 -0.00360695 0.113342 2.18014 0.00973863 0.486891 2.03386 -2.72588 0.519068 2.19191 -0.162147 0.0720409 -0.102301 -0.108877 0.470648 0.207268 0.20481 30.7492 -1.9292 0.733243 2.42178 -0.0201837 -0.0831953 -1.03382 -1.59383 -0.216494 0.392116 -0.529079 0.243563 -0.0709315
202.727 0.170076 0.403197 2.13364 -2.64476 0.00307215 1.97236 0.145297 0.429841 2.19806 -2.60266 0.0339414 1.96776 -0.0247785 0.0266443 0.0644207 0.0421064 0.0308692 -0.00459705 0.0739859 3.00687 0.0197783 0.474025 2.03054 -2.72138 0.517924 2.19361 -0.150297 0.0708286 -0.103094 -0.0766196 0.514852 0.22125 0.195536 32.7882 -1.93625 0.742534 2.46721 -0.0195457 -0.081491 -1.03381 -1.59472 -0.21069 0.445492 -0.572248 0.214192 -0.0657109
203.176 0.168585 0.396777 2.1315 -2.66029 -0.0188624 1.97047 0.143692 0.42861 2.21629 -2.68606 0.0326527 1.98824 -0.0248938 0.0318328 0.0847865 -0.0257649 0.0515152 0.0177699 0.0939243 3.45661 0.0251736 0.465491 2.02681 -2.72115 0.516212 2.19396 -0.143412 0.0687142 -0.104696 -0.0608546 0.535075 0.223492 0.190394 33.6746 -1.93944 0.74706 2.48675 -0.0191014 -0.080544 -1.03394 -1.59426 -0.207461 0.468746 -0.590562 0.197137 -0.0643024
203.493 0.166904 0.388943 2.13046 -2.68055 -0.0437539 1.97197 0.141486 0.42036 2.21297 -2.68405 -0.0536139 1.94695 -0.025418 0.0314173 0.0825115 -0.00349819 -0.00986002 -0.0250171 0.0918764 1.56273 0.0317627 0.458221 2.02794 -2.72096 0.513327 2.19411 -0.135141 0.0692775 -0.102526 -0.040404 0.557081 0.222144 0.183232 34.5782 -1.94382 0.753564 2.51369 -0.0180336 -0.0794166 -1.03422 -1.59301 -0.202576 0.500396 -0.610539 0.172763 -0.0631939
203.904 0.1662 0.382429 2.12921 -2.69633 -0.0596649 1.97576 0.141013 0.414881 2.21939 -2.77217 -0.081596 1.96487 -0.0251869 0.0324522 0.0901839 -0.0758367 -0.021931 -0.0108949 0.0990992 4.60768 0.0358663 0.453948 2.02889 -2.72044 0.510654 2.19381 -0.130334 0.07152 -0.100325 -0.0241021 0.570319 0.218046 0.179352 35.0609 -1.94721 0.758762 2.53447 -0.0167035 -0.0785642 -1.0345 -1.59163 -0.198623 0.524497 -0.621399 0.153754 -0.0625969
204.267 0.166242 0.375148 2.12872 -2.71181 -0.0724773 1.98121 0.140922 0.406875 2.21801 -2.77165 -0.0854414 1.96447 -0.0253203 0.0317267 0.0892883 -0.059847 -0.0129641 -0.0167337 0.0980821 3.70771 0.0421373 0.446475 2.02382 -2.71957 0.50758 2.19329 -0.124105 0.071327 -0.104905 -0.00776022 0.580057 0.212084 0.177467 35.3639 -1.95071 0.764192 2.55549 -0.0148851 -0.0774111 -1.03478 -1.58992 -0.194555 0.548654 -0.628642 0.134593 -0.0619953
204.589 0.166091 0.365355 2.12873 -2.73097 -0.0833014 1.99066 0.140515 0.400646 2.22704 -2.73365 -0.0347758 1.98589 -0.0255764 0.0352916 0.098312 -0.00268096 0.0485256 -0.0047733 0.10754 2.79876 0.0474625 0.436689 2.0228 -2.71812 0.504218 2.19281 -0.118629 0.0713338 -0.10593 0.0128517 0.587519 0.202146 0.174306 35.5011 -1.95559 0.771682 2.58368 -0.012394 -0.0759626 -1.03508 -1.58724 -0.189076 0.580542 -0.632021 0.110777 -0.0614438
204.886 0.165701 0.358774 2.1291 -2.74212 -0.0865239 1.99833 0.14075 0.392643 2.2307 -2.76786 -0.100908 1.9839 -0.0249507 0.0338695 0.1016 -0.0257339 -0.0143842 -0.0144276 0.109965 1.94017 0.0500719 0.430451 2.02317 -2.71677 0.50278 2.19271 -0.115629 0.0716775 -0.105935 0.0253587 0.589304 0.194385 0.172424 35.4364 -1.95944 0.777394 2.6048 -0.0105891 -0.075305 -1.03521 -1.58509 -0.18506 0.604002 -0.630462 0.0963036 -0.0617662
205.26 0.164867 0.35231 2.12998 -2.74959 -0.0866241 2.00553 0.140337 0.384619 2.22432 -2.73339 -0.0431607 1.98491 -0.0245303 0.0323095 0.0943337 0.0161929 0.0434634 -0.0206108 0.102686 2.88351 0.0527892 0.423891 2.02287 -2.71561 0.501932 2.19295 -0.112078 0.0715808 -0.107111 0.0339783 0.588556 0.187424 0.170757 35.2711 -1.96348 0.78312 2.62575 -0.0089973 -0.0747593 -1.03523 -1.58295 -0.181258 0.626992 -0.626563 0.0858535 -0.0629087
205.626 0.163392 0.345508 2.13137 -2.75328 -0.0836262 2.0121 0.139732 0.376684 2.22844 -2.84086 -0.0776613 2.00257 -0.0236596 0.0311756 0.0970678 -0.0875799 0.00596485 -0.00953061 0.104661 5.10254 0.0548608 0.416774 2.02467 -2.71497 0.501067 2.19323 -0.108531 0.0712657 -0.106693 0.038316 0.584693 0.181131 0.168051 34.957 -1.96775 0.788794 2.64657 -0.00773051 -0.0740954 -1.03511 -1.58087 -0.177694 0.649506 -0.620212 0.0797639 -0.0647644
205.938 0.160122 0.336667 2.13384 -2.75245 -0.0754747 2.01958 0.135146 0.361308 2.18898 -2.68488 -0.0928731 1.99375 -0.0249752 0.0246416 0.0551338 0.0675701 -0.0173984 -0.0258352 0.0653506 4.14832 0.0578692 0.408182 2.03119 -2.71501 0.499655 2.1936 -0.102252 0.0715151 -0.102655 0.0374428 0.57513 0.174021 0.16158 34.32 -1.97377 0.796166 2.67394 -0.00674886 -0.0733447 -1.03473 -1.5783 -0.173407 0.678666 -0.608978 0.0783522 -0.0681646
206.274 0.156535 0.330659 2.13597 -2.74869 -0.0668023 2.02445 0.132311 0.353546 2.18835 -2.73676 -0.0618174 2.01211 -0.0242239 0.0228867 0.0523771 0.0119364 0.00498489 -0.0123417 0.0620802 0.993472 0.0600465 0.39976 2.0335 -2.71581 0.498714 2.19359 -0.0964882 0.0691009 -0.102469 0.0328872 0.565517 0.169142 0.156795 33.7163 -1.97852 0.801481 2.69383 -0.00663368 -0.0730883 -1.03428 -1.57654 -0.170576 0.699664 -0.599096 0.0811075 -0.0710012
206.67 0.151782 0.325247 2.13832 -2.74357 -0.0568868 2.02887 0.13158 0.355973 2.23892 -2.83934 -0.0954072 2.02237 -0.0202016 0.0307257 0.100602 -0.0957696 -0.0385204 -0.00650145 0.107111 5.952 0.0606597 0.396069 2.04109 -2.71707 0.498528 2.19309 -0.0911221 0.0708219 -0.0972347 0.0265038 0.555414 0.164218 0.150909 33.0884 -1.98344 0.806578 2.71288 -0.00715096 -0.0731286 -1.03373 -1.57492 -0.168124 0.719776 -0.588846 0.0858387 -0.0737558
207.062 0.143519 0.319476 2.14184 -2.73722 -0.0422921 2.03465 0.122503 0.343083 2.20091 -2.74184 -0.0728531 2.03312 -0.0210155 0.0236073 0.0590625 -0.00462461 -0.030561 -0.00153486 0.0669875 1.77388 0.0589451 0.390758 2.04933 -2.71941 0.499746 2.19249 -0.0845736 0.0712815 -0.0925145 0.0178106 0.542038 0.157835 0.144197 32.2653 -1.99016 0.813023 2.7368 -0.0088955 -0.0737885 -1.03294 -1.5729 -0.165428 0.74516 -0.574707 0.092773 -0.0766231
207.409 0.13708 0.31507 2.14368 -2.73365 -0.029702 2.03934 0.116474 0.341841 2.23123 -2.74294 0.0267938 2.04501 -0.0206064 0.0267706 0.0875481 -0.00928285 0.0564958 0.00566199 0.09384 3.29634 0.0584092 0.38271 2.05523 -2.72107 0.501141 2.19239 -0.0786707 0.0676396 -0.0884566 0.0125862 0.530843 0.153042 0.136341 31.5859 -1.99525 0.817612 2.75356 -0.0103335 -0.074518 -1.03237 -1.57144 -0.163772 0.763088 -0.563148 0.0968942 -0.0776997
207.727 0.131566 0.311185 2.14584 -2.73213 -0.0163981 2.04425 0.106345 0.33008 2.18538 -2.70609 -0.0285059 2.03127 -0.025221 0.0188951 0.0395438 0.0260367 -0.0121078 -0.0129782 0.0505651 1.79166 0.0577684 0.376202 2.0609 -2.72227 0.502212 2.1923 -0.0737972 0.0650173 -0.0849379 0.00985358 0.51861 0.148054 0.129953 30.8424 -2.0003 0.822018 2.7693 -0.0113952 -0.0753982 -1.03183 -1.56999 -0.162364 0.780039 -0.550349 0.0990595 -0.0775743
208.386 0.121982 0.301026 2.15076 -2.73766 0.0196425 2.05825 0.0969172 0.32603 2.22964 -2.75548 0.019374 2.04393 -0.0250651 0.0250045 0.0788767 -0.0178256 -0.000268552 -0.0143162 0.0864582 1.29754 0.0575465 0.360833 2.06973 -2.72489 0.503471 2.19058 -0.0644358 0.0598071 -0.0810337 0.0127708 0.483828 0.132335 0.119563 28.6786 -2.01165 0.831664 2.80226 -0.012419 -0.0768844 -1.03083 -1.5665 -0.159562 0.815674 -0.513129 0.0949586 -0.0727832
208.687 0.119264 0.296477 2.15287 -2.74285 0.0375935 2.06534 0.0930046 0.322077 2.22922 -2.758 0.0174734 2.04369 -0.0262589 0.0256003 0.0763541 -0.01515 -0.02012 -0.0216475 0.0847045 1.8872 0.0581805 0.35493 2.07199 -2.72531 0.503725 2.18978 -0.0610831 0.0584529 -0.0808789 0.0175406 0.466131 0.124439 0.117001 27.5738 -2.01625 0.835512 2.81495 -0.0122113 -0.0772725 -1.0305 -1.56495 -0.158361 0.829242 -0.493754 0.0900771 -0.0694147
209.037 0.117209 0.292345 2.15502 -2.74888 0.0567497 2.07283 0.0913674 0.315913 2.23432 -2.7969 0.0802225 2.08631 -0.0258413 0.0235683 0.0792992 -0.0480181 0.0234728 0.0134824 0.0866695 3.20394 0.0598555 0.349754 2.07689 -2.72469 0.503958 2.18928 -0.0573532 0.0574093 -0.0781344 0.024187 0.447209 0.116456 0.112651 26.4017 -2.02066 0.839156 2.82686 -0.0116688 -0.0776695 -1.03021 -1.56337 -0.157057 0.841808 -0.472873 0.0839639 -0.0656747
209.637 0.111116 0.287705 2.15961 -2.76338 0.107288 2.09148 0.0840542 0.304396 2.20107 -2.64343 0.0652998 2.07692 -0.0270617 0.0166908 0.0414618 0.119951 -0.0419885 -0.0145612 0.0522494 7.39584 0.0594853 0.342684 2.09301 -2.72267 0.507397 2.18826 -0.0516306 0.0549792 -0.066598 0.0407101 0.400109 0.0967761 0.100617 23.5235 -2.0302 0.8467 2.85254 -0.0108119 -0.0799094 -1.0297 -1.55953 -0.153148 0.867778 -0.419804 0.0683189 -0.0566653
210.044 0.107285 0.287418 2.16163 -2.76864 0.12999 2.09894 0.0815494 0.307909 2.23278 -2.80416 0.069946 2.08389 -0.0257357 0.0204916 0.0711456 -0.0355179 -0.0600441 -0.0150508 0.0783832 4.04583 0.0576457 0.34056 2.09982 -2.7219 0.50927 2.18864 -0.0496394 0.0531427 -0.0618139 0.04674 0.37928 0.0897019 0.095442 22.2872 -2.03395 0.849498 2.86293 -0.0108683 -0.0811234 -1.02954 -1.55782 -0.150968 0.87776 -0.396767 0.0626119 -0.0528068
210.355 0.101623 0.287802 2.16406 -2.77428 0.158978 2.10695 0.0769395 0.292053 2.12756 -2.74932 0.357216 2.1624 -0.0246835 0.00425155 -0.0365069 0.0249578 0.198238 0.0554535 0.0442731 11.7807 0.0548591 0.337881 2.10582 -2.72081 0.51212 2.18963 -0.046764 0.0500793 -0.058246 0.0534685 0.353142 0.0826837 0.08993 20.7673 -2.03864 0.85285 2.87625 -0.0110275 -0.0826726 -1.02937 -1.55544 -0.147536 0.890192 -0.367921 0.0567325 -0.0473198
210.723 0.0968938 0.288151 2.16569 -2.77724 0.178773 2.111 0.0703556 0.283517 2.07261 -2.68038 0.378642 2.16986 -0.0265381 -0.00463366 -0.093079 0.0968628 0.199869 0.058859 0.0968992 12.7612 0.0528396 0.337742 2.10697 -2.71965 0.514116 2.19072 -0.0440542 0.0495913 -0.0587199 0.057589 0.335343 0.0797197 0.0885895 19.7568 -2.04191 0.855102 2.88581 -0.0112411 -0.0835607 -1.02928 -1.55358 -0.144554 0.898893 -0.348626 0.0541868 -0.0428754
211.024 0.0919069 0.288446 2.16729 -2.77884 0.196304 2.11324 0.0681166 0.298265 2.17228 -2.77238 0.322663 2.14669 -0.0237903 0.009819 0.00499096 0.00646564 0.126359 0.0334551 0.0262164 7.47375 0.048907 0.337855 2.10816 -2.71866 0.515534 2.19131 -0.0429999 0.0494084 -0.0591227 0.060186 0.31923 0.0780741 0.0882365 18.8513 -2.04493 0.857146 2.89496 -0.0114587 -0.0841384 -1.02921 -1.55166 -0.141213 0.90705 -0.331809 0.0535398 -0.0382258
211.311 0.0854468 0.287867 2.16926 -2.77945 0.214591 2.11355 0.0600235 0.305358 2.22963 -2.74866 0.178245 2.09416 -0.0254233 0.0174909 0.0603761 0.0307878 -0.0363464 -0.0193829 0.0678052 3.07345 0.0440601 0.336602 2.10928 -2.71768 0.517227 2.19188 -0.0413867 0.0487346 -0.0599766 0.0617613 0.302636 0.0783367 0.0876648 17.9352 -2.04855 0.859561 2.90643 -0.0115465 -0.084086 -1.0291 -1.54896 -0.13623 0.917103 -0.314016 0.0550171 -0.0319282
211.673 0.0799593 0.287514 2.17014 -2.77943 0.225392 2.11231 0.0561359 0.305388 2.22985 -2.75094 0.179021 2.09396 -0.0238233 0.0178745 0.0597092 0.0284969 -0.0463709 -0.0183458 0.0667251 3.39385 0.0409669 0.337036 2.11102 -2.71761 0.518343 2.19231 -0.0389924 0.0495225 -0.0591238 0.0618237 0.292951 0.080003 0.0864205 17.4127 -2.05092 0.861132 2.91444 -0.011755 -0.0838593 -1.02901 -1.54678 -0.132122 0.924035 -0.304273 0.0570557 -0.02731
212.03 0.0740001 0.288329 2.17086 -2.77945 0.233585 2.11033 0.0490804 0.284718 2.08799 -2.73555 0.404513 2.1767 -0.0249197 -0.00361138 -0.0828737 0.0438993 0.170928 0.0663641 0.0866146 10.5184 0.0365342 0.337453 2.11294 -2.7173 0.51992 2.19312 -0.0374659 0.0491232 -0.0579241 0.0621427 0.286335 0.0827868 0.0846876 17.0766 -2.05295 0.86249 2.922 -0.0121447 -0.0838993 -1.02891 -1.54442 -0.127712 0.930483 -0.297282 0.0591703 -0.0228895
212.392 0.0679572 0.291297 2.17109 -2.7793 0.240364 2.10801 0.0411268 0.281889 2.06101 -2.63914 0.407773 2.16679 -0.0268304 -0.00940749 -0.11008 0.140164 0.167409 0.0587811 0.113693 12.2638 0.0327251 0.340062 2.11705 -2.71604 0.522254 2.19461 -0.0352321 0.0487652 -0.0540445 0.0632636 0.28189 0.0866055 0.0808712 16.8799 -2.05462 0.863647 2.92919 -0.0125078 -0.0846972 -1.02881 -1.54185 -0.123006 0.936497 -0.292353 0.0610253 -0.0187424
212.755 0.0602807 0.298808 2.17104 -2.7774 0.248588 2.10486 0.0362826 0.313966 2.25689 -2.82988 0.277125 2.09406 -0.0239981 0.0151582 0.0858435 -0.0524882 0.0285365 -0.0107963 0.0904145 3.3366 0.0291717 0.346659 2.12229 -2.71339 0.525534 2.19691 -0.031109 0.0478509 -0.0487524 0.0640014 0.276945 0.0920546 0.0750618 16.6773 -2.05624 0.864943 2.93856 -0.0127271 -0.086928 -1.02869 -1.53819 -0.116279 0.944015 -0.287472 0.0642376 -0.0139812
213.068 0.0553859 0.304928 2.17079 -2.7742 0.252917 2.10214 0.0289157 0.317415 2.23225 -2.76471 0.190859 2.09347 -0.0264702 0.0124861 0.0614568 0.0094815 -0.0620574 -0.00866839 0.0680699 3.64733 0.0268884 0.35176 2.12598 -2.71127 0.52746 2.19843 -0.0284975 0.0468312 -0.0448099 0.0629237 0.274543 0.0962893 0.0708039 16.5956 -2.05702 0.865818 2.94547 -0.0124904 -0.0886331 -1.02862 -1.53534 -0.111023 0.949435 -0.28552 0.067987 -0.0112272
213.465 0.0513822 0.309997 2.1704 -2.7704 0.25409 2.09877 0.0263066 0.303693 2.09939 -2.654 0.391979 2.15313 -0.0250756 -0.00630405 -0.071003 0.116402 0.137889 0.0543645 0.0755642 10.1639 0.0254272 0.355819 2.12969 -2.70903 0.528734 2.20002 -0.025955 0.0458225 -0.0407069 0.0613673 0.274644 0.10125 0.0665613 16.6651 -2.05747 0.866688 2.9521 -0.0118749 -0.0898536 -1.02858 -1.53237 -0.105766 0.954744 -0.286182 0.0722543 -0.00915805
213.803 0.0460278 0.314881 2.16963 -2.76596 0.250127 2.09325 0.0206898 0.306396 2.0747 -2.71229 0.473641 2.16929 -0.025338 -0.00848456 -0.094924 0.053669 0.223514 0.0760346 0.0986132 13.5208 0.0230887 0.358204 2.1346 -2.70714 0.529139 2.20162 -0.0229391 0.0433233 -0.035027 0.0588227 0.279013 0.108367 0.0602495 17.0055 -2.0576 0.867922 2.96026 -0.0112076 -0.0907916 -1.02856 -1.52821 -0.099022 0.961724 -0.292146 0.077779 -0.00738373
214.026 0.0415563 0.317545 2.16884 -2.76323 0.243476 2.08841 0.0152819 0.330469 2.20992 -2.7993 0.36097 2.11614 -0.0262744 0.0129239 0.0410763 -0.03607 0.117494 0.0277364 0.0504444 7.35274 0.0203453 0.358481 2.13947 -2.70662 0.529274 2.2027 -0.0212111 0.0409366 -0.0293709 0.0566148 0.285798 0.114291 0.0546659 17.4673 -2.05739 0.86895 2.96583 -0.0110829 -0.091252 -1.02857 -1.52496 -0.0943278 0.966928 -0.300332 0.0817367 -0.00670968
214.427 0.0377647 0.319851 2.16786 -2.7605 0.234158 2.08281 0.0108368 0.31781 2.10781 -2.71542 0.417761 2.13671 -0.0269279 -0.00204103 -0.0600513 0.0450772 0.183604 0.0539011 0.0658441 11.0322 0.0188888 0.359272 2.14409 -2.70623 0.529185 2.2036 -0.0188759 0.0394214 -0.0237652 0.0542656 0.295027 0.120791 0.0497507 18.0773 -2.05693 0.870104 2.97092 -0.0108065 -0.091793 -1.0286 -1.52161 -0.0900765 0.972137 -0.311295 0.08557 -0.00644583
214.826 0.0335021 0.321725 2.16643 -2.75747 0.218872 2.07454 0.00655752 0.338977 2.23359 -2.76936 0.282116 2.08511 -0.0269446 0.0172524 0.0671643 -0.0118872 0.063244 0.0105624 0.0743956 3.76359 0.0182058 0.357822 2.14765 -2.70607 0.528547 2.20444 -0.0152963 0.0360969 -0.0187784 0.051403 0.309675 0.129897 0.0434695 19.0339 -2.05594 0.871897 2.97701 -0.010386 -0.0924297 -1.0287 -1.51701 -0.0852534 0.979112 -0.328797 0.0900725 -0.0063952
215.179 0.0310143 0.321934 2.16543 -2.75576 0.206363 2.06813 0.00153702 0.335501 2.20415 -2.71124 0.213642 2.0863 -0.0294773 0.0135676 0.0387236 0.0445187 0.00727933 0.0181619 0.0505223 2.57997 0.0189955 0.356753 2.15109 -2.70586 0.527936 2.20476 -0.0120187 0.0348189 -0.014342 0.0498951 0.321573 0.136623 0.0395285 19.8034 -2.05496 0.873468 2.98106 -0.0100268 -0.092751 -1.02881 -1.51347 -0.0823656 0.98434 -0.342828 0.0928565 -0.00643866
215.551 0.0290494 0.320904 2.16458 -2.7544 0.193886 2.06197 0.00153618 0.329422 2.15857 -2.71634 0.273321 2.08218 -0.0275132 0.00851773 -0.00600675 0.0380588 0.079435 0.0202057 0.0294213 5.0633 0.0192629 0.354859 2.15307 -2.70584 0.526238 2.20475 -0.00978651 0.0339555 -0.0115121 0.0485601 0.332353 0.142776 0.0371656 20.5051 -2.05377 0.875255 2.9847 -0.0097046 -0.0928699 -1.02893 -1.5099 -0.0801698 0.989517 -0.356613 0.0952548 -0.00657365
216.245 0.0265095 0.312519 2.16378 -2.75229 0.169344 2.05088 -0.00227518 0.320478 2.13063 -2.66871 0.268111 2.07301 -0.0287847 0.00795935 -0.03315 0.0835786 0.0987671 0.0221376 0.0446188 7.34206 0.0180244 0.350363 2.15513 -2.7066 0.522875 2.20379 -0.00848518 0.0378443 -0.00865261 0.0456873 0.353531 0.152914 0.0397373 21.8492 -2.05031 0.880257 2.99185 -0.00920683 -0.0917984 -1.02927 -1.50155 -0.0778783 1.00125 -0.382355 0.0995219 -0.00748451
216.946 0.028774 0.303416 2.16426 -2.75056 0.158542 2.04648 -0.0052391 0.32936 2.25379 -2.79399 0.209749 2.04001 -0.0340131 0.0259442 0.08953 -0.043429 0.0512072 -0.00647584 0.0992251 3.8207 0.0194993 0.344584 2.15518 -2.70638 0.52138 2.2035 -0.00927476 0.0411682 -0.00907594 0.0441871 0.362838 0.157021 0.043165 22.4341 -2.04652 0.885299 2.99679 -0.00811878 -0.0913096 -1.02957 -1.49453 -0.0791115 1.01075 -0.393155 0.101079 -0.00862153
217.189 0.0319609 0.297752 2.16508 -2.74946 0.159243 2.04707 0.000527947 0.300995 2.09888 -2.67557 0.289319 2.08331 -0.0314329 0.00324307 -0.0661988 0.0738924 0.130075 0.0362371 0.0733542 8.59258 0.0212699 0.345495 2.15517 -2.70577 0.521105 2.20329 -0.010691 0.0477429 -0.00991777 0.043694 0.361861 0.156225 0.0499204 22.3665 -2.0436 0.888904 2.99975 -0.00722147 -0.0917302 -1.0298 -1.49 -0.081342 1.01667 -0.392173 0.100922 -0.00937743
217.515 0.0351368 0.293284 2.16616 -2.74826 0.164289 2.04957 0.00176488 0.314101 2.20944 -2.85267 0.285172 2.09741 -0.0333719 0.0208165 0.0432871 -0.104413 0.120883 0.0478406 0.0584875 9.9261 0.0225702 0.346635 2.15473 -2.70547 0.520944 2.20316 -0.0125665 0.0533503 -0.0114298 0.0427825 0.356655 0.153592 0.0559894 22.0356 -2.04123 0.891679 3.00201 -0.00649368 -0.0920598 -1.02998 -1.48674 -0.0835814 1.02093 -0.386538 0.100743 -0.0101125
217.84 0.0387249 0.288199 2.16762 -2.7466 0.172779 2.05377 0.0035052 0.310883 2.23454 -2.71755 0.204646 2.05528 -0.0352197 0.0226845 0.0669216 0.0290474 0.0318667 0.00150983 0.0789526 2.461 0.0245255 0.346873 2.15481 -2.70524 0.520602 2.20285 -0.0141994 0.0586745 -0.0128111 0.0413612 0.347823 0.149078 0.0617126 21.4733 -2.03875 0.894474 3.0044 -0.00579583 -0.0921566 -1.03018 -1.48364 -0.0861798 1.02508 -0.376914 0.100774 -0.0111052
218.443 0.0470618 0.275845 2.17217 -2.74198 0.205594 2.07029 0.0141108 0.27578 2.06879 -2.6444 0.368202 2.11303 -0.032951 -6.50602e-05 -0.103383 0.0975787 0.162607 0.0427442 0.108508 10.7802 0.0313383 0.350603 2.15758 -2.70527 0.519445 2.20095 -0.0157234 0.0747577 -0.0145925 0.0367098 0.313851 0.130661 0.0777746 19.2903 -2.03254 0.900758 3.01102 -0.0047734 -0.0918724 -1.0307 -1.47709 -0.0927684 1.03442 -0.339865 0.100682 -0.0141147
218.761 0.0502245 0.271862 2.17428 -2.74002 0.223816 2.07945 0.0155011 0.296506 2.26592 -2.7799 0.185069 2.06161 -0.0347234 0.0246436 0.0916351 -0.0398711 -0.0387468 -0.0178417 0.101045 3.20051 0.0331719 0.353539 2.15803 -2.70497 0.519436 2.20009 -0.0170526 0.0816772 -0.0162558 0.0350494 0.29562 0.120645 0.0850071 18.1164 -2.0297 0.903209 3.01444 -0.00467397 -0.0920347 -1.03094 -1.47457 -0.095502 1.03842 -0.319791 0.100145 -0.0154336
219.118 0.0531273 0.268898 2.17625 -2.73853 0.242255 2.08871 0.0194524 0.292482 2.2654 -2.77826 0.182277 2.06155 -0.0336749 0.0235841 0.0891581 -0.0397375 -0.0599772 -0.0271616 0.0981804 4.23309 0.0346939 0.357565 2.15813 -2.70441 0.520293 2.19964 -0.0184334 0.0886668 -0.0181168 0.0341202 0.278039 0.11093 0.0923569 16.9833 -2.02675 0.905453 3.0181 -0.00473862 -0.0924291 -1.03117 -1.47223 -0.0980804 1.04247 -0.299748 0.099052 -0.016546
220.338 0.066914 0.264841 2.18088 -2.73967 0.295277 2.11381 0.0331513 0.282443 2.24992 -2.73901 0.307024 2.11888 -0.0337627 0.0176018 0.0690315 0.000663057 0.0117471 0.0050726 0.0788358 0.729542 0.0477287 0.375826 2.16265 -2.70237 0.52455 2.19938 -0.0191853 0.110985 -0.0182372 0.0373 0.229274 0.0855728 0.114098 13.8807 -2.01175 0.912882 3.03639 -0.00493334 -0.095203 -1.03176 -1.4639 -0.106425 1.06211 -0.243894 0.0898272 -0.0167243
221.005 0.0722435 0.266276 2.18004 -2.74487 0.291533 2.11214 0.0395145 0.28716 2.27878 -2.76071 0.24841 2.07585 -0.032729 0.0208836 0.0987442 -0.0158422 -0.0431233 -0.0362854 0.106102 3.20051 0.0534641 0.380737 2.16494 -2.70116 0.524247 2.19883 -0.0187794 0.114461 -0.015091 0.0437076 0.232714 0.086694 0.116969 14.0959 -2.00497 0.914674 3.04421 -0.0050594 -0.0960547 -1.03165 -1.46167 -0.107579 1.07082 -0.248654 0.0849167 -0.0155277
221.398 0.0762832 0.267584 2.17851 -2.75047 0.279389 2.10779 0.0422267 0.285458 2.2581 -2.79942 0.327338 2.1059 -0.0340565 0.017874 0.0795972 -0.0489555 0.0479492 -0.00188932 0.0884027 3.90435 0.0564718 0.380034 2.16366 -2.69993 0.52321 2.19875 -0.0198114 0.112449 -0.0148446 0.0505395 0.243822 0.0909657 0.115142 14.7888 -2.00047 0.915539 3.04913 -0.00473715 -0.0963662 -1.03151 -1.46046 -0.107593 1.07667 -0.261542 0.0800488 -0.0150365
221.749 0.0792691 0.268749 2.17694 -2.75704 0.26683 2.10383 0.0461675 0.285446 2.25801 -2.79725 0.326257 2.10632 -0.0331016 0.0166976 0.0810682 -0.0402113 0.0594261 0.00248642 0.0891436 4.13669 0.0593158 0.37922 2.16353 -2.69911 0.52248 2.19893 -0.0199533 0.110471 -0.0134095 0.0579289 0.25565 0.0951014 0.113057 15.527 -1.99715 0.916056 3.05258 -0.00437107 -0.0965304 -1.0314 -1.45955 -0.107221 1.081 -0.27454 0.0740189 -0.014608
222.651 0.0854796 0.274887 2.17027 -2.80168 0.223538 2.09421 0.0526435 0.287087 2.20279 -2.73102 0.299495 2.12638 -0.0328361 0.0121999 0.0325194 0.0706634 0.0759568 0.0321632 0.0477971 5.90405 0.0669299 0.378706 2.1644 -2.6954 0.521018 2.20034 -0.0185497 0.103819 -0.0058679 0.106279 0.29748 0.106129 0.105627 18.3562 -1.98707 0.917379 3.06229 -0.00343044 -0.0977333 -1.03121 -1.45499 -0.103676 1.09422 -0.318555 0.0302074 -0.00831541
223.028 0.0872797 0.276058 2.1684 -2.81919 0.213675 2.09308 0.0548619 0.274837 2.10295 -2.69801 0.387291 2.13883 -0.0324178 -0.00122109 -0.0654533 0.12118 0.173616 0.0457488 0.0730516 11.9623 0.0697134 0.376772 2.1632 -2.6939 0.519577 2.20034 -0.0175663 0.100715 -0.00519625 0.125296 0.305902 0.107263 0.102367 19.0789 -1.98449 0.917798 3.06487 -0.00263058 -0.0978163 -1.03126 -1.45302 -0.102029 1.09777 -0.327826 0.0124281 -0.0048422
223.652 0.0917343 0.277497 2.1655 -2.85341 0.202537 2.09423 0.0615454 0.286759 2.17138 -2.83731 0.357172 2.13453 -0.030189 0.00926178 0.00588498 0.0161004 0.154635 0.0402984 0.0321215 9.1373 0.0777619 0.375546 2.16171 -2.69058 0.516294 2.19993 -0.0139725 0.0980484 -0.00378834 0.162827 0.313757 0.105706 0.0991114 20.1467 -1.97961 0.918937 3.07126 0.00039482 -0.0974768 -1.03157 -1.44768 -0.0974111 1.1052 -0.336314 -0.0239893 0.00218556
224.29 0.0919903 0.278087 2.16522 -2.8681 0.208121 2.09976 0.0620734 0.294848 2.22306 -2.9623 0.202731 2.09618 -0.0299169 0.0167618 0.057843 -0.0942081 -0.00539003 -0.00358196 0.0672443 5.36849 0.0818383 0.374261 2.15941 -2.68884 0.515312 2.19996 -0.010152 0.0961746 -0.00580772 0.179257 0.307191 0.100201 0.0968831 20.1288 -1.97705 0.919942 3.07749 0.00239181 -0.0968635 -1.03198 -1.44267 -0.0928569 1.11043 -0.327955 -0.0415318 0.00362333
224.69 0.0904431 0.280818 2.16582 -2.87019 0.219594 2.1055 0.0620225 0.295491 2.22185 -2.8891 0.29926 2.11376 -0.0284206 0.0146729 0.0560345 -0.0189043 0.0796665 0.0082559 0.0645204 4.74285 0.0834366 0.376994 2.16053 -2.68713 0.51643 2.20033 -0.00700651 0.0961762 -0.00529236 0.183064 0.296836 0.0948281 0.0965762 19.6605 -1.97628 0.920515 3.08188 0.00348512 -0.0975042 -1.03228 -1.43913 -0.0896138 1.1133 -0.315341 -0.0466681 0.00227714
225.026 0.0884768 0.283316 2.16658 -2.86905 0.230772 2.11041 0.0608259 0.282218 2.11665 -2.75621 0.370541 2.14091 -0.0276509 -0.00109792 -0.0499245 0.112842 0.13977 0.0305013 0.0570809 10.11 0.0838008 0.381105 2.16132 -2.68568 0.517602 2.20063 -0.004676 0.097789 -0.00526145 0.183375 0.28683 0.0902211 0.098042 19.1401 -1.97621 0.920882 3.08517 0.00421935 -0.0982431 -1.03252 -1.43638 -0.0871266 1.11522 -0.303479 -0.048117 0.000578721
225.693 0.0820422 0.286865 2.16872 -2.8627 0.255203 2.11997 0.054264 0.303243 2.22182 -2.89087 0.30647 2.11405 -0.0277782 0.0163788 0.0530902 -0.0281729 0.051267 -0.00592179 0.0621165 3.32331 0.0814256 0.38682 2.1658 -2.68341 0.520307 2.20115 -0.000616685 0.0999559 -0.00292613 0.179283 0.265104 0.081179 0.100001 17.9119 -1.9775 0.921474 3.09151 0.00514925 -0.09932 -1.03299 -1.43078 -0.0821605 1.11875 -0.277692 -0.0462305 -0.00313046
225.985 0.0755877 0.289183 2.17012 -2.85847 0.270998 2.12513 0.050385 0.303242 2.2218 -2.89322 0.307839 2.1137 -0.0252027 0.0140586 0.0516817 -0.0347459 0.036841 -0.0114372 0.059193 2.84661 0.0780907 0.391637 2.17001 -2.68314 0.522461 2.20133 0.00250301 0.102453 -0.000111766 0.175333 0.251463 0.0762008 0.102484 17.1145 -1.97939 0.921787 3.09536 0.00513709 -0.100308 -1.03324 -1.42703 -0.0789715 1.12113 -0.26196 -0.0440637 -0.00451299
226.351 0.0696344 0.29031 2.17111 -2.8567 0.282077 2.12812 0.0454308 0.312935 2.27084 -2.81737 0.269996 2.11799 -0.0242036 0.0226247 0.0997303 0.0393315 -0.0120807 -0.0101303 0.10509 2.5704 0.0749222 0.394799 2.17217 -2.6835 0.523946 2.20129 0.00528781 0.104488 0.00105666 0.1732 0.241869 0.0731707 0.104627 16.5766 -1.98134 0.922015 3.09806 0.00474759 -0.10094 -1.03339 -1.42426 -0.07664 1.12304 -0.251285 -0.0430524 -0.00456918
226.67 0.063211 0.290862 2.1721 -2.85613 0.292981 2.13047 0.038722 0.305955 2.22106 -2.84783 0.373675 2.12707 -0.0244889 0.0150928 0.0489622 0.00829846 0.080694 -0.00340307 0.0567873 4.65842 0.0716969 0.397183 2.17389 -2.68384 0.525418 2.20136 0.00848599 0.10632 0.00179284 0.172289 0.232437 0.0708854 0.106674 16.0866 -1.9837 0.922263 3.10073 0.00421823 -0.101414 -1.03348 -1.42159 -0.0743045 1.12509 -0.240904 -0.042712 -0.00378906
227.84 0.0326448 0.286674 2.17774 -2.86076 0.354011 2.14039 0.00872663 0.304903 2.23461 -2.85955 0.377014 2.14639 -0.0239181 0.018229 0.0568693 0.00121633 0.0230029 0.00600069 0.0643311 1.35768 0.0567123 0.398249 2.18133 -2.68759 0.530713 2.20169 0.0240675 0.111575 0.00359363 0.173174 0.176703 0.061301 0.114198 13.5314 -1.99872 0.924153 3.11462 0.00145927 -0.100414 -1.03338 -1.41253 -0.0618924 1.13547 -0.180626 -0.0457809 0.00553659
228.226 0.0272019 0.286302 2.17897 -2.86108 0.368796 2.14337 0.000922623 0.302973 2.23478 -2.86289 0.379723 2.14553 -0.0262792 0.0166705 0.0558078 -0.00180944 0.0109278 0.00216295 0.0638985 0.653719 0.055243 0.396274 2.18214 -2.68789 0.531529 2.20169 0.0280411 0.109972 0.00316944 0.173186 0.162734 0.0583231 0.113535 12.9388 -2.0024 0.924694 3.11801 0.0011543 -0.100152 -1.03331 -1.4117 -0.0588354 1.13771 -0.165653 -0.0464902 0.00721059
228.531 0.0219782 0.286267 2.18009 -2.8616 0.383201 2.14676 -0.00492782 0.303066 2.23544 -2.86971 0.380807 2.14397 -0.026906 0.0167989 0.0553495 -0.00811254 -0.00239446 -0.00278937 0.0637942 0.45284 0.0531956 0.394641 2.18262 -2.68814 0.532118 2.20168 0.0312175 0.108374 0.00253395 0.173457 0.148917 0.0549269 0.112809 12.3931 -2.00611 0.925254 3.1214 0.000807026 -0.0999141 -1.03325 -1.41133 -0.0556809 1.13987 -0.150977 -0.0476581 0.00846146
228.846 0.0173235 0.285347 2.18112 -2.8634 0.396192 2.15026 -0.0107942 0.301952 2.23492 -2.82613 0.429985 2.15651 -0.0281178 0.0166058 0.0538015 0.0372676 0.0337932 0.00624874 0.0629362 2.7968 0.0515037 0.393099 2.1841 -2.68854 0.53237 2.20144 0.0341802 0.107752 0.00297474 0.174859 0.136178 0.0511824 0.113083 11.9722 -2.00982 0.925824 3.12462 0.000572351 -0.0991796 -1.0332 -1.41136 -0.0524664 1.14188 -0.137125 -0.05012 0.0093722
229.19 0.0120667 0.284092 2.18211 -2.86872 0.410261 2.15462 -0.0155145 0.300319 2.223 -2.87367 0.474102 2.1439 -0.0275812 0.0162266 0.0408831 -0.00495038 0.0638408 -0.0107153 0.0519178 3.69968 0.0494849 0.389673 2.18711 -2.68889 0.532178 2.20094 0.0374182 0.10558 0.00499377 0.179836 0.121917 0.0463226 0.112126 11.705 -2.01467 0.926564 3.12839 0.00046541 -0.0981074 -1.03316 -1.41193 -0.0482318 1.14431 -0.121667 -0.0564693 0.0102245
229.982 0.00635521 0.285355 2.1822 -2.88327 0.423026 2.15949 -0.0243869 0.30117 2.23645 -2.87252 0.473044 2.16652 -0.0307422 0.0158153 0.0542489 0.0107503 0.0500183 0.00702833 0.0643284 2.92222 0.0480405 0.38597 2.19138 -2.68805 0.531973 2.20046 0.0416853 0.100615 0.00917826 0.19522 0.108948 0.0409647 0.109295 12.0541 -2.02159 0.927547 3.13264 0.000766136 -0.0978696 -1.03321 -1.4137 -0.0423786 1.14748 -0.107884 -0.0731254 0.0111318
230.393 0.00317683 0.287628 2.18135 -2.89734 0.425118 2.16107 -0.0263416 0.30115 2.23632 -2.87036 0.4738 2.16704 -0.0295184 0.0135223 0.0549705 0.0269733 0.0486819 0.00596548 0.0638432 3.13463 0.0475746 0.383432 2.19481 -2.68678 0.53194 2.20041 0.0443977 0.0958044 0.0134674 0.210555 0.106821 0.0393318 0.106447 12.762 -2.02593 0.928133 3.13437 0.000869928 -0.0985054 -1.03331 -1.41533 -0.0391031 1.14934 -0.106054 -0.0882619 0.0117919
230.782 0.000569203 0.289987 2.1803 -2.90978 0.423814 2.16145 -0.0302082 0.304068 2.23577 -2.92577 0.436384 2.15378 -0.0307774 0.0140807 0.0554723 -0.0159943 0.0125698 -0.00767326 0.0649823 1.10252 0.0465881 0.380894 2.19739 -2.6857 0.532325 2.20055 0.0460189 0.0909071 0.0170907 0.224081 0.108511 0.0391057 0.103315 13.485 -2.02906 0.928586 3.13504 0.000641747 -0.0994542 -1.03341 -1.41668 -0.0370975 1.15061 -0.108252 -0.101148 0.0124749
231.51 -0.00449564 0.294465 2.17736 -2.9386 0.413007 2.15954 -0.0358323 0.309584 2.22652 -2.95803 0.49313 2.16698 -0.0313366 0.0151193 0.0491614 -0.0194353 0.0801232 0.00744415 0.0602281 4.78659 0.0427821 0.383145 2.21114 -2.68306 0.533942 2.20158 0.0472777 0.0886806 0.0337742 0.255532 0.120936 0.0420416 0.106019 15.3524 -2.03597 0.930038 3.13488 -0.000160219 -0.102097 -1.0337 -1.42018 -0.0343154 1.15334 -0.122188 -0.129692 0.0150299
231.819 -0.00555313 0.294374 2.17643 -2.94817 0.407057 2.15792 -0.0380156 0.311877 2.23578 -2.92726 0.442948 2.15372 -0.0324625 0.0175029 0.0593559 0.0209136 0.0358904 -0.00419319 0.0698805 2.4412 0.0427274 0.385268 2.21753 -2.68238 0.534224 2.20184 0.0482805 0.0908931 0.0411 0.265792 0.127167 0.0439195 0.110823 16.0065 -2.03879 0.930977 3.13457 -0.000313668 -0.102773 -1.03383 -1.42181 -0.0339949 1.15469 -0.129282 -0.138854 0.0164166
232.452 -0.00683536 0.289353 2.17571 -2.96066 0.397926 2.15509 -0.0390878 0.311149 2.24401 -2.98424 0.399877 2.16555 -0.0322525 0.0217955 0.0683012 -0.0235733 0.00195018 0.0104563 0.078615 1.68051 0.0413834 0.383203 2.22509 -2.6818 0.533632 2.20217 0.0482188 0.0938497 0.04938 0.278865 0.135705 0.0470855 0.116496 16.8474 -2.04422 0.933604 3.1345 -0.000918234 -0.10279 -1.034 -1.42514 -0.0349087 1.1582 -0.139286 -0.149371 0.0185998
232.772 -0.00723977 0.283297 2.17631 -2.96303 0.397068 2.15474 -0.0411575 0.314171 2.30043 -3.0253 0.250558 2.13145 -0.0339178 0.0308739 0.124123 -0.0622709 -0.14651 -0.0232871 0.132326 9.05082 0.0410575 0.375788 2.22616 -2.68192 0.533166 2.20262 0.0482973 0.0924907 0.0498482 0.281103 0.136097 0.047876 0.115637 16.9593 -2.04763 0.935903 3.135 -0.00157363 -0.102143 -1.03405 -1.42731 -0.0365764 1.16102 -0.140017 -0.150669 0.0189242
233.075 -0.00709791 0.278275 2.17726 -2.96108 0.399666 2.15548 -0.0399513 0.300057 2.23498 -2.93329 0.438656 2.15156 -0.0328534 0.0217821 0.057727 0.0277866 0.0389898 -0.00391775 0.0699014 2.80463 0.0413483 0.369874 2.22698 -2.68167 0.532861 2.20311 0.0484462 0.0915991 0.0497251 0.279406 0.133195 0.0476373 0.114935 16.7996 -2.05001 0.937872 3.13554 -0.00211018 -0.101667 -1.03404 -1.42893 -0.03834 1.16314 -0.137125 -0.148348 0.0184165
233.384 -0.00623912 0.273412 2.17856 -2.95585 0.40495 2.15702 -0.0390857 0.295468 2.24395 -2.99062 0.391789 2.16342 -0.0328466 0.0220562 0.0653877 -0.0347708 -0.013161 0.00639165 0.0764259 2.28859 0.041159 0.365817 2.22829 -2.68141 0.532707 2.20334 0.0473982 0.0924052 0.0497274 0.274438 0.127756 0.0463192 0.115144 16.4242 -2.0522 0.940008 3.13611 -0.00252208 -0.101405 -1.03401 -1.43055 -0.0404964 1.16514 -0.131484 -0.143336 0.0173443
233.728 -0.00417056 0.268097 2.18066 -2.94517 0.416166 2.16045 -0.0380152 0.288452 2.23578 -2.93579 0.4311 2.15033 -0.0338447 0.0203551 0.0551136 0.00937464 0.014934 -0.0101232 0.0678034 1.27011 0.0399692 0.361606 2.22969 -2.68031 0.532791 2.20365 0.0441397 0.0935091 0.0490266 0.264853 0.116625 0.0432018 0.114437 15.6977 -2.05476 0.943048 3.13687 -0.0029425 -0.101723 -1.03392 -1.43267 -0.0438619 1.16759 -0.120075 -0.134015 0.0153243
234.083 -0.00154845 0.265363 2.18238 -2.93538 0.42716 2.16399 -0.0377742 0.290613 2.28262 -3.00117 0.391215 2.13242 -0.0362258 0.0252497 0.100245 -0.0657866 -0.0359442 -0.0315668 0.109539 4.03634 0.0393193 0.360637 2.23062 -2.67867 0.533361 2.20409 0.0408677 0.0952737 0.0482441 0.256716 0.106201 0.0401067 0.114345 15.0724 -2.05639 0.945432 3.1374 -0.00293864 -0.102584 -1.03384 -1.4342 -0.0466516 1.16927 -0.109157 -0.126277 0.0135741
234.432 0.00192179 0.263203 2.18414 -2.92498 0.439339 2.16814 -0.0337893 0.286632 2.28266 -3.00046 0.387794 2.13246 -0.0357111 0.0234299 0.0985202 -0.0754784 -0.0515451 -0.0356821 0.10738 4.94878 0.038518 0.359903 2.23146 -2.67676 0.534376 2.20463 0.0365962 0.0967004 0.0473183 0.248223 0.0950367 0.0364859 0.113707 14.4321 -2.05776 0.947884 3.13784 -0.00267024 -0.103732 -1.03375 -1.43567 -0.0495937 1.17084 -0.0970769 -0.118587 0.0117643
234.789 0.00782108 0.26026 2.18648 -2.91137 0.455559 2.17413 -0.0301116 0.278123 2.23187 -2.91233 0.505841 2.17535 -0.0379327 0.0178627 0.045393 -0.0009626 0.0502816 0.00121806 0.061794 2.88297 0.0397597 0.358443 2.2335 -2.6743 0.535581 2.20513 0.0319386 0.0981829 0.0470183 0.237068 0.0800215 0.0310018 0.113449 13.6239 -2.05923 0.951229 3.13824 -0.00185911 -0.10526 -1.03364 -1.43753 -0.0536383 1.17283 -0.0806728 -0.109217 0.00939678

235.631 0.0216498 0.2541 2.19024 -2.88928 0.480489 2.18685 -0.0145675 0.267618 2.23402 -2.85879 0.527063 2.18946 -0.0362172 0.0135182 0.0437829 0.0304952 0.0465739 0.0026039 0.0584069 3.15331 0.0471106 0.352204 2.24072 -2.67061 0.537784 2.20487 0.0254608 0.0981046 0.050484 0.218674 0.0572951 0.0180186 0.113232 12.4965 -2.06149 0.958844 3.13783 -0.000528229 -0.109039 -1.03267 -1.44131 -0.0628279 1.17744 -0.0557248 -0.0963147 0.00457651
236.574 0.0945872 0.303032 2.18656 -2.84352 0.492959 2.26465 0.0431856 0.311924 2.24366 -2.85137 0.492654 2.21974 -0.0514016 0.00889158 0.0571027 -0.00785934 -0.00030551 -0.0449058 0.0773427 2.3931 0.109264 0.409503 2.23373 -2.66105 0.507987 2.19333 0.0146771 0.106471 0.0471772 0.182463 0.0150277 -0.0713212 0.117377 12.9497 -2.06525 0.968587 3.13777 0.00584671 -0.13801 -0.989914 -1.44359 -0.0703426 1.18524 -0.0396966 -0.110797 -0.0132167
236.823 0.131267 0.311644 2.18523 -2.81946 0.490424 2.32067 0.0717881 0.322297 2.24775 -2.84883 0.521955 2.26747 -0.0594788 0.010653 0.06252 -0.0293654 0.031531 -0.0531961 0.086948 3.22646 0.139593 0.42505 2.23154 -2.66306 0.503848 2.18861 0.0083257 0.113406 0.0463138 0.156401 0.013424 -0.132057 0.122781 14.238 -2.06918 0.974011 3.13705 0.00472676 -0.144526 -0.958077 -1.44417 -0.071124 1.18795 -0.0274858 -0.117648 -0.0293827
237.278 0.162226 0.315185 2.18431 -2.79829 0.487383 2.36751 0.102158 0.329783 2.24534 -2.8394 0.548544 2.31762 -0.060068 0.0145983 0.0610302 -0.0411089 0.061161 -0.0498904 0.0868675 4.39605 0.165036 0.431321 2.22918 -2.66196 0.503289 2.19087 0.00280982 0.116136 0.0448648 0.136327 0.0159061 -0.176636 0.124533 15.469 -2.07347 0.978839 3.13629 0.00328796 -0.147697 -0.930247 -1.44463 -0.0704829 1.18968 -0.0155439 -0.120196 -0.0411683
237.606 0.193936 0.319939 2.18295 -2.77597 0.48574 2.41376 0.138488 0.336224 2.26218 -2.80827 0.523764 2.37491 -0.0554478 0.0162853 0.0792259 -0.0323079 0.0380245 -0.0388414 0.0980633 3.02323 0.190326 0.437265 2.22419 -2.65945 0.503445 2.195 -0.00360988 0.117326 0.0412422 0.116521 0.0177051 -0.218751 0.124416 16.7924 -2.07907 0.984318 3.13537 0.00137949 -0.151064 -0.899532 -1.44512 -0.0686021 1.19114 -0.00199827 -0.120572 -0.049533
237.973 0.236021 0.328527 2.18054 -2.74533 0.486891 2.47145 0.175766 0.3426 2.27162 -2.78826 0.501736 2.40466 -0.0602553 0.0140731 0.0910878 -0.0429381 0.0148449 -0.0667836 0.110117 3.53313 0.221671 0.447421 2.21391 -2.66201 0.507776 2.19078 -0.0143503 0.118894 0.0333733 0.083321 0.0208849 -0.280663 0.12432 18.8664 -2.08877 0.992615 3.1338 -0.00256529 -0.155718 -0.854797 -1.44594 -0.0638649 1.19249 0.0175224 -0.11682 -0.0518115
238.693 0.293004 0.344726 2.17621 -2.69808 0.496422 2.54407 0.248031 0.364166 2.28858 -2.74019 0.452626 2.48818 -0.0449724 0.0194401 0.112366 -0.0421108 -0.0437952 -0.0558957 0.122583 3.91266 0.258901 0.465505 2.19495 -2.66992 0.515693 2.18623 -0.0341025 0.12078 0.0187447 0.0281519 0.0192715 -0.357846 0.126894 21.3594 -2.10861 1.00719 3.13056 -0.0125531 -0.161928 -0.781435 -1.4481 -0.0511136 1.1928 0.0467452 -0.0996563 -0.0332826
239.026 0.318012 0.353155 2.17405 -2.67331 0.503771 2.57521 0.279361 0.37323 2.28316 -2.68671 0.49198 2.53244 -0.0386505 0.0200743 0.109112 -0.0133975 -0.0117903 -0.0427706 0.117483 2.29217 0.274426 0.474703 2.18538 -2.67175 0.518342 2.19191 -0.0435861 0.121548 0.0113335 0.00156256 0.0145715 -0.383304 0.129623 22.0212 -2.12103 1.01549 3.12859 -0.0192222 -0.163999 -0.742664 -1.44985 -0.0417458 1.19207 0.0610111 -0.0857856 -0.0157857
239.358 0.347535 0.364292 2.17133 -2.63892 0.515323 2.61399 0.306494 0.382179 2.27727 -2.63587 0.525679 2.57728 -0.0410419 0.0178873 0.105936 0.003051 0.0103564 -0.0367126 0.115008 2.27434 0.290442 0.485885 2.17441 -2.67798 0.525164 2.19585 -0.0570936 0.121593 0.00308266 -0.0390536 0.00984099 -0.418142 0.134365 22.9334 -2.14018 1.0277 3.12572 -0.0291111 -0.165472 -0.689922 -1.45308 -0.0256177 1.19015 0.0804175 -0.0633479 0.0124878
239.694 0.367314 0.373109 2.16924 -2.61255 0.52405 2.64272 0.331002 0.391286 2.26098 -2.62553 0.535268 2.62878 -0.0363128 0.0181766 0.0917409 -0.0129719 0.0112178 -0.0139398 0.100326 1.00171 0.294792 0.492441 2.16532 -2.68397 0.530751 2.1977 -0.0725227 0.119331 -0.0039223 -0.0714127 0.00670006 -0.445021 0.139696 23.7024 -2.15644 1.0378 3.12348 -0.0367756 -0.165874 -0.649859 -1.45626 -0.0105185 1.18803 0.0951261 -0.045265 0.035198
240.45 0.456077 0.38426 2.15906 -2.50646 0.517244 2.764 0.403879 0.38371 2.09659 -2.38887 0.517804 2.7811 -0.0521979 -0.000549056 -0.0624701 0.117595 0.000560559 0.0170984 0.0814091 6.31075 0.336099 0.491708 2.13997 -2.72042 0.552008 2.20206 -0.119978 0.107448 -0.0190943 -0.21396 0.0347641 -0.561938 0.162186 28.0284 -2.27487 1.11121 3.11267 -0.0621413 -0.142981 -0.441338 -1.49106 0.13029 1.1682 0.140928 0.0442724 0.154335
240.606 0.463373 0.38322 2.15711 -2.50389 0.501378 2.7617 0.418411 0.38425 2.10944 -2.434 0.545708 2.81047 -0.0449622 0.00103016 -0.0476703 0.0698948 0.0443304 0.0487692 0.0655372 4.37041 0.332489 0.489555 2.13991 -2.72697 0.556173 2.19944 -0.130885 0.106335 -0.0172001 -0.223079 0.0547954 -0.562265 0.16951 28.1432 -2.29922 1.12659 3.11128 -0.0632784 -0.137524 -0.411631 -1.50069 0.164707 1.16388 0.128732 0.0541391 0.176739
240.746 0.466782 0.383072 2.155 -2.50748 0.481032 2.74923 0.429419 0.386723 2.12299 -2.42541 0.511124 2.81001 -0.0373635 0.00365113 -0.0320176 0.082066 0.0300923 0.060781 0.0493405 4.64899 0.332066 0.48809 2.13964 -2.7289 0.557421 2.20422 -0.134716 0.105018 -0.0153657 -0.221427 0.0763892 -0.545007 0.171503 27.539 -2.32421 1.1425 3.11007 -0.064027 -0.132666 -0.384275 -1.51135 0.201671 1.15959 0.107737 0.0612568 0.201167
241.01 0.460399 0.381534 2.15152 -2.5299 0.428865 2.69707 0.441041 0.395562 2.17653 -2.40881 0.389861 2.70822 -0.0193581 0.0140278 0.0250089 0.12109 -0.0390047 0.011151 0.0345971 7.07119 0.321054 0.476948 2.14688 -2.73758 0.560876 2.20935 -0.139344 0.0954134 -0.00463743 -0.207677 0.132011 -0.487722 0.168944 25.6926 -2.37568 1.17583 3.10865 -0.0656638 -0.123173 -0.336537 -1.53577 0.282531 1.15178 0.042298 0.0700023 0.256773
241.294 0.437774 0.377094 2.14801 -2.56682 0.355302 2.60664 0.424406 0.393141 2.18402 -2.473 0.355436 2.62861 -0.0133676 0.0160469 0.0360134 0.0938196 0.000133586 0.021964 0.0416312 5.07652 0.304154 0.464653 2.1537 -2.74539 0.563327 2.21567 -0.13362 0.0875586 0.00568987 -0.178572 0.208024 -0.39097 0.159853 23.2745 -2.43734 1.21739 3.10953 -0.0657163 -0.11241 -0.291619 -1.56912 0.38691 1.14509 -0.0570147 0.0767418 0.330278
241.446 0.422616 0.374053 2.14585 -2.58879 0.311651 2.55113 0.419498 0.400282 2.22324 -2.57942 0.355505 2.61494 -0.00311774 0.0262294 0.0773816 0.00936511 0.0438543 0.0638073 0.0817656 4.32201 0.300138 0.456769 2.15678 -2.74844 0.565818 2.21712 -0.122478 0.0827164 0.0109253 -0.159653 0.254167 -0.33401 0.148196 22.5787 -2.47294 1.24253 3.11143 -0.0634763 -0.10699 -0.270448 -1.59006 0.450495 1.14275 -0.115275 0.0778234 0.373372
242.322 0.338869 0.368094 2.14019 -2.66815 0.161269 2.36491 0.328848 0.391528 2.21635 -2.66443 0.14214 2.35477 -0.010021 0.0234339 0.0761566 0.00371451 -0.0191286 -0.01014 0.0803081 1.27319 0.266638 0.434693 2.1456 -2.75201 0.573819 2.21168 -0.0722311 0.0665989 0.00541056 -0.0838621 0.412551 -0.153235 0.0983972 25.038 -2.6429 1.37431 3.12717 -0.0437293 -0.0928896 -0.198026 -1.70068 0.770207 1.13937 -0.304691 0.0592329 0.539148
242.481 0.326975 0.362966 2.14059 -2.67298 0.141742 2.34394 0.3175 0.392905 2.22405 -2.74506 0.200506 2.35524 -0.00947459 0.0299385 0.0834622 -0.0720728 0.0587645 0.011302 0.0891741 5.45108 0.264324 0.431232 2.14236 -2.74809 0.572576 2.21214 -0.062651 0.0682659 0.0017731 -0.0751072 0.430835 -0.1318 0.0926743 25.706 -2.67862 1.40385 3.13006 -0.0371917 -0.0899363 -0.185823 -1.72532 0.836418 1.139 -0.324083 0.0583716 0.562133
244.271 0.284865 0.379236 2.14758 -2.71392 0.218276 2.36513 0.270286 0.401285 2.26035 -2.69418 0.192647 2.33817 -0.0145788 0.0220498 0.112777 0.0197395 -0.0256288 -0.0269661 0.115833 2.5565 0.255401 0.481107 2.1635 -2.73145 0.553929 2.21459 -0.0294638 0.101872 0.0159253 -0.0175383 0.335653 -0.150539 0.107236 20.9281 -2.85381 1.54573 3.14072 -0.0102993 -0.0947519 -0.112211 -1.84942 1.14975 1.12904 -0.229272 -0.00268608 0.66471
244.612 0.284454 0.384233 2.14694 -2.71065 0.218375 2.3675 0.262349 0.402263 2.21739 -2.69813 0.290903 2.38364 -0.0221053 0.0180296 0.0704467 0.0125127 0.0725274 0.0161351 0.076003 4.2781 0.259963 0.487897 2.16291 -2.7285 0.550423 2.21715 -0.0244911 0.103664 0.0159692 -0.017858 0.332047 -0.150348 0.107708 20.7332 -2.87999 1.5649 3.14222 -0.00780068 -0.0974212 -0.0957034 -1.86774 1.19103 1.13024 -0.228304 -0.00411544 0.67882
245.212 0.290039 0.394268 2.14471 -2.70358 0.214233 2.3781 0.271422 0.423602 2.26885 -2.74757 0.246656 2.36261 -0.0186169 0.0293337 0.124145 -0.0439855 0.0324227 -0.0154909 0.128915 3.09313 0.264571 0.505765 2.1536 -2.72697 0.545444 2.21155 -0.0254677 0.111497 0.00889465 -0.0233844 0.331211 -0.166557 0.114714 21.0383 -2.93327 1.60079 3.1447 -0.00372625 -0.103454 -0.0566982 -1.90438 1.2694 1.13388 -0.228903 -0.00912928 0.7063
248.035 0.365546 0.415426 2.13857 -2.69127 0.253303 2.56911 0.344687 0.446152 2.24775 -2.77404 0.273188 2.57179 -0.0208591 0.0307257 0.109183 -0.0827681 0.0198857 0.00268502 0.115326 4.91829 0.331117 0.559498 2.10086 -2.72554 0.544658 2.20238 -0.0344282 0.144072 -0.0377056 -0.0342728 0.291356 -0.366728 0.152852 26.2424 -3.24173 1.71708 3.13443 -0.0118394 -0.128085 0.21543 -2.11642 1.59298 1.14458 -0.129115 -0.0814317 0.83559
250.729 0.45062 0.387902 2.12757 -2.71753 0.213419 2.6556 0.417342 0.409013 2.17599 -2.73037 0.264354 2.66609 -0.0332775 0.0211111 0.0484282 -0.0128476 0.0509353 0.0104925 0.0624368 3.10312 0.361944 0.547761 2.06255 -2.75693 0.535384 2.19831 -0.0886761 0.159858 -0.0650178 -0.0394005 0.321966 -0.457283 0.194024 31.3421 -3.59234 1.72924 3.11019 -0.0312474 -0.115649 0.499597 -2.42576 1.81183 1.14253 -0.13044 -0.118434 1.03149
250.959 0.459793 0.385459 2.1247 -2.72957 0.198686 2.6598 0.436005 0.412379 2.20894 -2.69507 0.128805 2.62398 -0.0237883 0.0269199 0.0842448 0.0345042 -0.0698808 -0.0358176 0.0915846 5.04679 0.372381 0.543238 2.05572 -2.75656 0.532482 2.20116 -0.0874119 0.157778 -0.0689742 -0.0269859 0.333796 -0.458638 0.193112 31.9845 -3.63421 1.72618 3.10749 -0.0318405 -0.112776 0.530884 -2.46974 1.83371 1.14121 -0.140301 -0.129752 1.05459
252.093 0.489056 0.390392 2.11241 -2.76701 0.144343 2.6657 0.467568 0.411545 2.19414 -2.69781 0.0894509 2.65944 -0.0214881 0.021153 0.0817368 0.0692017 -0.0548924 -0.0062569 0.0871211 5.10576 0.388902 0.536137 2.02328 -2.75861 0.528776 2.20288 -0.100154 0.145745 -0.0891244 0.00839638 0.384433 -0.462816 0.19803 34.4721 -3.77539 1.71023 3.0989 -0.03064 -0.106305 0.635231 -2.63033 1.90333 1.13352 -0.181064 -0.166828 1.13853
252.776 0.500025 0.400092 2.10519 -2.78573 0.114687 2.66637 0.482695 0.419933 2.18765 -2.80523 0.208757 2.71313 -0.0173294 0.0198408 0.0824607 -0.0195027 0.0940698 0.0467557 0.0865664 6.19941 0.399202 0.533774 2.00477 -2.76161 0.52657 2.20292 -0.100823 0.133683 -0.100424 0.0241143 0.411883 -0.463453 0.195247 35.737 -3.86044 1.6962 3.09422 -0.0299561 -0.103272 0.69833 -2.73654 1.94239 1.1261 -0.20513 -0.1851 1.19378
253.075 0.504789 0.410555 2.10061 -2.79432 0.098758 2.66769 0.480047 0.420348 2.14598 -2.80172 0.199867 2.70542 -0.024742 0.00979336 0.0453711 -0.00739371 0.101108 0.0377345 0.0525986 6.21949 0.406164 0.537631 1.99194 -2.76156 0.52415 2.2063 -0.0986249 0.127076 -0.108674 0.0327664 0.425392 -0.461383 0.194127 36.2812 -3.917 1.68488 3.09149 -0.0293363 -0.102369 0.740562 -2.81119 1.96708 1.11997 -0.217737 -0.194545 1.23108
253.489 0.506347 0.421271 2.09736 -2.79815 0.0890491 2.66998 0.483943 0.428182 2.14326 -2.72 0.129691 2.67902 -0.0224043 0.00691142 0.0458974 0.0781538 0.0406421 0.0090419 0.0515392 5.02321 0.411497 0.540381 1.98496 -2.76244 0.523466 2.20757 -0.0948504 0.11911 -0.112398 0.0357176 0.434417 -0.462409 0.189254 36.7063 -3.95927 1.67533 3.0896 -0.0292593 -0.102652 0.772555 -2.86902 1.98476 1.1148 -0.225289 -0.199972 1.25864
253.764 0.506613 0.430443 2.09471 -2.80091 0.0803464 2.67288 0.493495 0.447571 2.16851 -2.8051 0.109143 2.6878 -0.0131174 0.0171277 0.0737984 -0.00418472 0.0287969 0.0149241 0.0768871 1.88409 0.409495 0.547042 1.97727 -2.76545 0.523784 2.2065 -0.0971175 0.116599 -0.117434 0.0354578 0.443438 -0.466377 0.19188 37.2066 -4.00143 1.66483 3.08778 -0.029099 -0.102073 0.804484 -2.92834 2.00161 1.10917 -0.23111 -0.203734 1.28555
254.046 0.505869 0.443821 2.09144 -2.80138 0.0708994 2.67744 0.48687 0.451836 2.13565 -2.70432 0.115227 2.69788 -0.0189983 0.00801501 0.0442135 0.0970675 0.0443272 0.0204441 0.0487853 6.1267 0.414275 0.555592 1.97145 -2.76454 0.524199 2.21256 -0.091594 0.111771 -0.119989 0.0368482 0.4533 -0.464878 0.187828 37.5411 -4.05741 1.64931 3.08559 -0.0283972 -0.101805 0.846853 -3.00955 2.0226 1.1012 -0.236273 -0.206334 1.32056
254.423 0.505884 0.45202 2.08999 -2.79983 0.0647829 2.68144 0.490588 0.469382 2.15996 -2.7917 0.0963428 2.70658 -0.0152963 0.0173614 0.0699663 0.00813147 0.03156 0.025137 0.0736932 2.33515 0.410881 0.562266 1.96597 -2.76837 0.528097 2.20975 -0.0950035 0.110246 -0.124021 0.0314568 0.463314 -0.471694 0.19121 38.1285 -4.0992 1.63649 3.08418 -0.0276634 -0.101194 0.878231 -3.07191 2.03707 1.09504 -0.23856 -0.20622 1.34653
255.066 0.497761 0.470182 2.08708 -2.79303 0.0577411 2.68555 0.481957 0.484322 2.13799 -2.88 0.11471 2.6991 -0.0158038 0.0141402 0.0509026 -0.0869639 0.0569693 0.013548 0.0551432 6.06159 0.424079 0.569458 1.95864 -2.76391 0.527691 2.22275 -0.0736815 0.0992761 -0.128443 0.0291191 0.46995 -0.462803 0.178276 37.9943 -4.1821 1.60778 3.08205 -0.0259597 -0.100094 0.939933 -3.19982 2.06226 1.08264 -0.240124 -0.201133 1.39949
255.446 0.492553 0.480416 2.08663 -2.78695 0.055617 2.68784 0.48399 0.500563 2.16434 -2.76706 0.090675 2.70588 -0.008563 0.0201474 0.0777085 0.0198947 0.035058 0.0180404 0.0807332 2.49607 0.41887 0.58558 1.94794 -2.77164 0.533286 2.21134 -0.0736822 0.105164 -0.13869 0.0153057 0.477669 -0.476499 0.189007 38.6637 -4.23674 1.58632 3.081 -0.0250559 -0.0993063 0.980569 -3.28707 2.07593 1.07445 -0.239283 -0.1956 1.43654
255.753 0.484862 0.488327 2.08604 -2.7826 0.0559008 2.68746 0.471606 0.505796 2.14198 -2.86458 0.10984 2.69832 -0.0132557 0.0174693 0.0559389 -0.0819898 0.0539392 0.0108554 0.0600838 5.69946 0.425613 0.591746 1.94709 -2.77241 0.531649 2.21208 -0.0592493 0.103419 -0.138949 0.0101812 0.475748 -0.475388 0.183065 38.4764 -4.27731 1.56902 3.08037 -0.0243378 -0.0983987 1.01079 -3.35334 2.08437 1.06843 -0.237992 -0.190859 1.46525
256.085 0.478274 0.496573 2.08577 -2.77694 0.0572973 2.68736 0.46603 0.51145 2.14215 -2.8623 0.111526 2.69859 -0.0122438 0.0148763 0.0563855 -0.0853569 0.0542291 0.011232 0.0595864 5.87456 0.430431 0.60189 1.94659 -2.76993 0.530052 2.21783 -0.047843 0.105317 -0.139175 0.00701093 0.472755 -0.469527 0.18097 38.0828 -4.3175 1.55068 3.08004 -0.0235339 -0.098066 1.04086 -3.42019 2.09109 1.06261 -0.235703 -0.185278 1.4944
256.385 0.469684 0.506585 2.08607 -2.76779 0.0603144 2.68739 0.452798 0.517159 2.12026 -2.7349 0.0960591 2.7015 -0.0168864 0.0105744 0.0341858 0.0328942 0.0357448 0.0141035 0.0395682 2.85677 0.428256 0.618516 1.94611 -2.77159 0.529269 2.21724 -0.041428 0.111931 -0.13996 -0.00379508 0.468955 -0.470157 0.183939 37.8262 -4.37042 1.52464 3.08019 -0.0225749 -0.0974915 1.0807 -3.51001 2.09709 1.05535 -0.231494 -0.175918 1.53349
256.74 0.461739 0.51485 2.08601 -2.75936 0.0642176 2.68675 0.450048 0.533062 2.14639 -2.83884 0.107634 2.69828 -0.0116909 0.0182121 0.060382 -0.0794861 0.0434168 0.01153 0.0641431 5.28001 0.424973 0.630622 1.94453 -2.7763 0.532452 2.2106 -0.036766 0.115772 -0.141485 -0.0169443 0.468234 -0.47615 0.186475 37.8881 -4.40957 1.50391 3.08091 -0.0216205 -0.0971839 1.11042 -3.57773 2.09923 1.05041 -0.227164 -0.167454 1.56275
257.081 0.456341 0.522138 2.08653 -2.75031 0.068188 2.68706 0.445824 0.545473 2.16276 -2.71632 0.107106 2.71215 -0.0105166 0.023335 0.076229 0.0339935 0.0389185 0.0250887 0.0804113 3.21577 0.424945 0.637538 1.94665 -2.77363 0.531414 2.21697 -0.0313963 0.1154 -0.13988 -0.0233167 0.463226 -0.47009 0.184035 37.3776 -4.4482 1.48216 3.08216 -0.020469 -0.0969631 1.13995 -3.64563 2.09927 1.04596 -0.221954 -0.158472 1.59208
257.407 0.446098 0.533555 2.08617 -2.7389 0.075248 2.68588 0.435575 0.550606 2.14908 -2.82104 0.107793 2.69869 -0.0105231 0.0170514 0.0629111 -0.0821465 0.0325455 0.0128042 0.0660249 5.17657 0.421428 0.653142 1.9461 -2.77884 0.533016 2.20959 -0.0246699 0.119587 -0.140069 -0.0399408 0.457768 -0.476296 0.18582 37.2408 -4.49886 1.45157 3.08443 -0.0185632 -0.0969722 1.17901 -3.73614 2.09603 1.04082 -0.214501 -0.147477 1.63158
257.696 0.440842 0.54219 2.08634 -2.73133 0.0805648 2.68628 0.4282 0.56017 2.14982 -2.80829 0.107629 2.69893 -0.0126422 0.0179799 0.0634806 -0.0769628 0.0270642 0.0126512 0.067178 4.79314 0.417805 0.664478 1.94672 -2.78035 0.533499 2.20773 -0.0230377 0.122288 -0.13962 -0.0490176 0.452934 -0.478545 0.187026 37.0537 -4.53616 1.4274 3.08657 -0.0172632 -0.097657 1.2081 -3.80388 2.09111 1.03757 -0.20843 -0.140751 1.66164
258.002 0.431258 0.551874 2.08598 -2.72555 0.0886569 2.68606 0.423061 0.574142 2.16361 -2.69895 -0.0546327 2.63192 -0.00819725 0.0222688 0.0776287 0.0266043 -0.14329 -0.054135 0.0811746 8.91553 0.414633 0.669619 1.95057 -2.77972 0.532706 2.21076 -0.0166247 0.117745 -0.135413 -0.0541701 0.444049 -0.475295 0.180214 36.5219 -4.57281 1.40216 3.0891 -0.0165065 -0.0982607 1.23708 -3.87141 2.08401 1.0348 -0.201137 -0.135398 1.69215
258.301 0.422896 0.561104 2.0861 -2.72086 0.098422 2.68721 0.411587 0.581232 2.15142 -2.78645 0.111425 2.70034 -0.0113087 0.0201277 0.0653167 -0.0655867 0.0130027 0.0131233 0.0692769 3.97907 0.406353 0.681787 1.95017 -2.78516 0.533857 2.20364 -0.0165423 0.120682 -0.135932 -0.0642987 0.435435 -0.483571 0.182525 36.4284 -4.60879 1.37582 3.09207 -0.0158801 -0.0990042 1.26591 -3.93869 2.07471 1.03246 -0.19174 -0.131269 1.72307
258.925 0.4007 0.580308 2.08776 -2.71457 0.132563 2.6929 0.391777 0.604081 2.15649 -2.65216 0.143933 2.72611 -0.00892336 0.0237733 0.0687324 0.0624114 0.0113698 0.0332085 0.0732731 3.86716 0.405882 0.694455 1.95252 -2.78406 0.534023 2.21279 0.00518241 0.114147 -0.135237 -0.0694885 0.40146 -0.480109 0.177046 34.9113 -4.69005 1.30998 3.10077 -0.015219 -0.0998002 1.3321 -4.09433 2.0443 1.02848 -0.159038 -0.125191 1.79711
259.243 0.390776 0.587069 2.08935 -2.71306 0.151053 2.6964 0.38132 0.612201 2.16196 -2.59856 0.0928025 2.69495 -0.0094564 0.0251321 0.0726145 0.114492 -0.0582508 -0.0014475 0.0774204 7.36873 0.391711 0.70327 1.94782 -2.79104 0.537465 2.20436 0.000935247 0.116201 -0.141528 -0.0779834 0.386411 -0.492045 0.183122 34.7681 -4.72371 1.2799 3.10496 -0.0154394 -0.0997065 1.36006 -4.16022 2.02754 1.0272 -0.141239 -0.123303 1.82982
259.884 0.366125 0.601055 2.09294 -2.70788 0.200076 2.7025 0.357519 0.625844 2.15981 -2.7191 0.157522 2.69504 -0.00860554 0.0247892 0.0668623 -0.011219 -0.0425548 -0.00745304 0.0718271 2.53821 0.383061 0.710733 1.9487 -2.79481 0.536855 2.20543 0.0169366 0.109678 -0.144241 -0.0869347 0.336779 -0.497068 0.181993 33.1239 -4.79961 1.20559 3.11492 -0.0155198 -0.0985039 1.42442 -4.31122 1.97972 1.02456 -0.0957749 -0.11637 1.90803
260.228 0.358353 0.606232 2.09442 -2.70326 0.219722 2.70401 0.345009 0.63166 2.15699 -2.79346 0.257489 2.73697 -0.0133443 0.0254271 0.0625647 -0.0901999 0.0377669 0.0329638 0.0688401 6.29021 0.375674 0.713664 1.94887 -2.79754 0.536086 2.20163 0.0173202 0.107431 -0.145555 -0.0942734 0.316364 -0.502373 0.181735 32.6087 -4.83101 1.17209 3.11898 -0.0147758 -0.0979298 1.45186 -4.37441 1.95559 1.02347 -0.0771514 -0.111317 1.9421
260.546 0.349805 0.610454 2.09641 -2.69683 0.24191 2.70416 0.333347 0.632157 2.14312 -2.70747 0.261621 2.72397 -0.0164578 0.0217027 0.0467063 -0.010635 0.0197106 0.0198135 0.054068 1.811 0.369169 0.716993 1.94634 -2.80078 0.531857 2.19602 0.019364 0.106538 -0.150067 -0.103946 0.289947 -0.508134 0.185055 31.9516 -4.87177 1.12598 3.12387 -0.0131797 -0.0961118 1.48844 -4.45694 1.92026 1.02204 -0.0557277 -0.103476 1.9875
261.182 0.339916 0.616114 2.09851 -2.68367 0.265276 2.70177 0.322501 0.641323 2.15194 -2.69862 0.281744 2.70903 -0.0174148 0.0252093 0.0534293 -0.01495 0.0164675 0.00725166 0.0615912 1.41028 0.363203 0.711883 1.95093 -2.80205 0.524853 2.19338 0.0232874 0.0957689 -0.147574 -0.118382 0.259576 -0.508397 0.17746 30.9404 -4.93031 1.05405 3.12994 -0.0103703 -0.0934329 1.5437 -4.57651 1.86089 1.01979 -0.0330649 -0.0881861 2.05437
261.477 0.336525 0.619696 2.09923 -2.67482 0.272247 2.70034 0.317894 0.648367 2.16624 -2.60885 0.230767 2.71288 -0.0186306 0.0286712 0.067017 0.0659665 -0.0414796 0.0125405 0.0752357 4.36987 0.362671 0.713435 1.94949 -2.80262 0.523386 2.19249 0.0261462 0.0937388 -0.149734 -0.127806 0.25114 -0.507853 0.178581 30.5958 -4.95827 1.01699 3.13242 -0.00923097 -0.0927355 1.57173 -4.63419 1.82852 1.01859 -0.0263372 -0.078596 2.08711
261.8 0.329238 0.624117 2.09937 -2.66297 0.277805 2.69571 0.30414 0.63848 2.11218 -2.39235 0.166975 2.62484 -0.0250989 0.0143625 0.0128149 0.270622 -0.110831 -0.0708722 0.03163 18.0184 0.356394 0.70866 1.94984 -2.80169 0.51997 2.1965 0.0271559 0.0845426 -0.149526 -0.138715 0.242164 -0.499215 0.173905 29.8557 -4.9941 0.966552 3.13506 -0.00817325 -0.091161 1.60934 -4.70877 1.78285 1.01688 -0.0222731 -0.0646777 2.13021
262.108 0.327231 0.626914 2.09953 -2.65423 0.277712 2.69193 0.308764 0.657699 2.17522 -2.60465 0.250282 2.6974 -0.0184674 0.0307853 0.0756857 0.0495787 -0.0274293 0.00546943 0.0837682 3.18936 0.341888 0.709475 1.944 -2.80615 0.521417 2.18915 0.0146571 0.0825609 -0.155528 -0.151916 0.243705 -0.502783 0.176692 29.9863 -5.01984 0.928021 3.13645 -0.00707109 -0.0903477 1.63773 -4.76291 1.7469 1.01546 -0.0228864 -0.0544759 2.16228
264.181 0.299041 0.658378 2.09182 -2.62995 0.25826 2.65103 0.281764 0.698951 2.17931 -2.64177 0.265613 2.66903 -0.0172776 0.0405734 0.0874913 -0.0118201 0.00735278 0.0180075 0.0979768 1.43613 0.321439 0.703497 1.90774 -2.80539 0.519162 2.18908 0.0223973 0.0451197 -0.184075 -0.175447 0.260902 -0.461942 0.190843 28.5779 -5.18163 0.614077 3.12784 -0.00521387 -0.0913071 1.85337 -5.12681 1.43381 0.995066 -0.0586364 -0.020325 2.40145
266.369 0.29911 0.67107 2.09517 -2.60202 0.322284 2.67433 0.271142 0.696744 2.14075 -2.56313 0.310219 2.67327 -0.0279678 0.0256733 0.0455793 0.0388841 -0.0120648 -0.00105778 0.0593194 2.35135 0.29255 0.713925 1.89767 -2.80116 0.512194 2.1789 -0.00656004 0.0428541 -0.197499 -0.199137 0.18991 -0.495429 0.202202 28.0431 -5.27457 0.272172 3.11095 0.00235844 -0.0905176 2.06042 -5.40062 1.06574 0.96532 0.0151011 -0.00200025 2.62218
267.014 0.300063 0.674909 2.09616 -2.5912 0.347697 2.6855 0.274811 0.70186 2.15343 -2.64981 0.401468 2.70436 -0.0252515 0.0269509 0.0572726 -0.0586073 0.0537711 0.0188636 0.0681479 4.95867 0.290963 0.720273 1.89758 -2.79547 0.509507 2.18167 -0.00909976 0.0453636 -0.198578 -0.204265 0.161809 -0.503834 0.203896 27.7599 -5.28684 0.165803 3.10781 0.00579904 -0.0900128 2.1238 -5.46598 0.944139 0.958018 0.0450224 0.00350755 2.68931
267.275 0.30024 0.679068 2.09574 -2.58808 0.356754 2.68972 0.275226 0.70041 2.14353 -2.50784 0.329598 2.69462 -0.0250136 0.0213421 0.0477896 0.080241 -0.0271556 0.00489803 0.0580087 4.77143 0.282657 0.725565 1.8962 -2.79457 0.509444 2.17915 -0.0175829 0.0464966 -0.199545 -0.206483 0.15269 -0.510571 0.205643 27.8756 -5.28952 0.120295 3.10659 0.00697252 -0.0911447 2.15137 -5.49148 0.890831 0.955312 0.0551954 0.00351656 2.71842
267.599 0.299059 0.682948 2.09538 -2.58719 0.365063 2.69335 0.280143 0.716988 2.17372 -2.57206 0.354482 2.71144 -0.0189158 0.03404 0.0783386 0.0151337 -0.0105813 0.0180906 0.087484 1.24929 0.280527 0.729355 1.89519 -2.79314 0.508756 2.17922 -0.0185318 0.0464077 -0.200189 -0.205947 0.143693 -0.514132 0.206331 27.8585 -5.29056 0.0748861 3.10544 0.00765821 -0.0921703 2.17913 -5.5155 0.8368 0.952838 0.0640777 0.001809 2.74769
268.329 0.291219 0.688576 2.09562 -2.59274 0.382594 2.69913 0.271227 0.717386 2.15489 -2.63843 0.404583 2.70775 -0.0199922 0.0288097 0.0592681 -0.0456905 0.0219885 0.00861692 0.0688651 3.11055 0.269164 0.731545 1.89826 -2.79011 0.50808 2.18389 -0.0220549 0.0429693 -0.197357 -0.197378 0.125486 -0.515238 0.203181 27.5616 -5.28645 -0.0306171 3.10306 0.00767335 -0.0932647 2.24411 -5.56575 0.707818 0.947925 0.0812587 -0.00710976 2.81686
268.655 0.286047 0.691761 2.09546 -2.59704 0.390123 2.70021 0.269924 0.727056 2.17529 -2.62982 0.360436 2.67626 -0.0161229 0.0352949 0.0798378 -0.0327803 -0.0296863 -0.0239487 0.0887679 2.5325 0.260572 0.736834 1.89669 -2.79267 0.509274 2.17923 -0.0254744 0.0450734 -0.198764 -0.195636 0.119151 -0.520983 0.205396 27.7255 -5.28189 -0.0755975 3.10225 0.00741246 -0.0941861 2.27184 -5.58476 0.65128 0.946222 0.0874488 -0.0126781 2.84715
268.968 0.27917 0.696719 2.09515 -2.60384 0.400151 2.70155 0.262991 0.730084 2.17316 -2.56714 0.364655 2.71487 -0.0161783 0.0333657 0.0780037 0.0366984 -0.0354958 0.0133145 0.0863689 2.81814 0.254759 0.741373 1.89397 -2.79202 0.508715 2.18118 -0.0244105 0.0446543 -0.201187 -0.188181 0.108564 -0.520377 0.207524 27.5396 -5.27322 -0.135346 3.10133 0.00695289 -0.0961064 2.3091 -5.60774 0.574721 0.944283 0.0952709 -0.0218027 2.88823
269.282 0.272069 0.699699 2.09491 -2.61113 0.408256 2.70142 0.258934 0.739184 2.18573 -2.69323 0.416576 2.70288 -0.0131356 0.0394856 0.0908202 -0.0820979 0.00831979 0.00145172 0.0998997 4.76173 0.238479 0.74707 1.88881 -2.796 0.510277 2.1748 -0.0335905 0.0473709 -0.206097 -0.18487 0.102021 -0.526626 0.214122 27.7551 -5.26476 -0.180015 3.10066 0.00645321 -0.0970497 2.33732 -5.62318 0.516427 0.942992 0.101083 -0.029841 2.9195
270.115 0.252158 0.696831 2.09835 -2.64192 0.439119 2.70309 0.232888 0.726443 2.14834 -2.62904 0.431655 2.7167 -0.0192707 0.029612 0.0499879 0.0128791 -0.00746376 0.0136056 0.0612129 0.92196 0.226997 0.753 1.8805 -2.79603 0.50728 2.17632 -0.0251618 0.0561692 -0.21785 -0.15411 0.0681613 -0.526768 0.226378 27.5568 -5.22475 -0.327979 3.09861 0.00626275 -0.0957814 2.43315 -5.66309 0.316501 0.939161 0.128775 -0.0615284 3.02548
270.442 0.246483 0.694477 2.10018 -2.65085 0.452845 2.7058 0.22798 0.733191 2.17397 -2.56776 0.404558 2.70432 -0.0185028 0.0387139 0.0737862 0.0830906 -0.0482876 -0.00147705 0.0853553 5.5369 0.220699 0.756733 1.87735 -2.795 0.504802 2.17786 -0.025784 0.0622561 -0.22283 -0.144153 0.0519568 -0.527939 0.232796 27.5744 -5.20935 -0.371917 3.09837 0.00659488 -0.0948565 2.46229 -5.6714 0.254749 0.93814 0.142619 -0.0715537 3.05758
270.766 0.240346 0.690407 2.10278 -2.65918 0.470011 2.70952 0.221708 0.72833 2.17617 -2.69473 0.443069 2.70836 -0.0186375 0.0379228 0.073395 -0.0355523 -0.0269424 -0.00116622 0.0846896 2.53312 0.219933 0.751405 1.87972 -2.79221 0.501467 2.18365 -0.0204125 0.0609986 -0.223054 -0.133034 0.0314556 -0.525867 0.232143 27.4515 -5.19247 -0.415528 3.09846 0.00711452 -0.0930597 2.49114 -5.6779 0.192139 0.937167 0.160506 -0.0809917 3.08975
271.463 0.225992 0.683318 2.10981 -2.66963 0.522457 2.72387 0.209056 0.724474 2.1934 -2.644 0.465726 2.70431 -0.0169362 0.0411557 0.0835879 0.0256227 -0.0567307 -0.0195615 0.0946972 3.94169 0.201736 0.752265 1.88035 -2.79551 0.505291 2.17582 -0.0242565 0.068947 -0.22946 -0.12588 -0.0171653 -0.548046 0.240819 28.5539 -5.14785 -0.515476 3.10015 0.00855678 -0.0901512 2.55732 -5.68554 0.0429855 0.935176 0.215403 -0.0989139 -3.11714
271.813 0.216163 0.684632 2.11175 -2.67 0.550585 2.73127 0.198127 0.716247 2.17714 -2.68458 0.563375 2.73883 -0.0180363 0.0316151 0.0653917 -0.0145802 0.0127907 0.00755476 0.0748392 1.34348 0.199929 0.74784 1.88646 -2.79316 0.50321 2.18025 -0.0162339 0.0632086 -0.225286 -0.123163 -0.0473742 -0.551027 0.234547 28.7872 -5.12667 -0.557355 3.10144 0.00856031 -0.0902663 2.58554 -5.68542 -0.0220203 0.93451 0.242165 -0.104539 -3.08356
272.199 0.202806 0.688762 2.11421 -2.66491 0.588657 2.74325 0.18852 0.71776 2.17596 -2.68697 0.567845 2.73897 -0.0142858 0.0289986 0.0617514 -0.0220595 -0.0208122 -0.00428395 0.0697011 1.6554 0.186893 0.750256 1.88984 -2.79869 0.504715 2.16971 -0.0159129 0.0614946 -0.224365 -0.133777 -0.0839428 -0.573548 0.233183 29.9662 -5.09664 -0.612245 3.1036 0.00786451 -0.0916392 2.62347 -5.68191 -0.109417 0.933834 0.278445 -0.108747 -3.03773
272.808 0.184317 0.695741 2.11755 -2.64791 0.642413 2.76201 0.164379 0.722713 2.17103 -2.62395 0.624399 2.76899 -0.0199385 0.0269724 0.0534838 0.0239551 -0.0180138 0.00697724 0.0631314 1.56823 0.175963 0.752647 1.8977 -2.79617 0.502774 2.17377 -0.00835409 0.0569058 -0.219841 -0.14826 -0.139638 -0.588245 0.22724 30.9546 -5.04789 -0.692686 3.10742 0.0072757 -0.0938874 2.68119 -5.66928 -0.241395 0.933292 0.330115 -0.107776 -2.96668
273.094 0.173627 0.700516 2.11911 -2.63358 0.674554 2.77395 0.155921 0.73571 2.19838 -2.66437 0.638112 2.76352 -0.0177061 0.0351944 0.079269 -0.0307939 -0.036442 -0.0104343 0.0885196 2.55773 0.173286 0.753853 1.90628 -2.79705 0.504295 2.16917 -0.000341262 0.053337 -0.212831 -0.163471 -0.170258 -0.604786 0.219413 31.8966 -5.01295 -0.745147 3.11009 0.00769686 -0.09525 2.7205 -5.65601 -0.329538 0.933278 0.361213 -0.104945 -2.91844
273.409 0.166273 0.701603 2.12087 -2.62283 0.697215 2.78233 0.148599 0.744158 2.21779 -2.64515 0.675659 2.80408 -0.0176739 0.0425545 0.0969213 -0.0223163 -0.0215561 0.0217532 0.107317 2.59495 0.167723 0.755442 1.912 -2.7965 0.504987 2.16808 0.00145027 0.053839 -0.208874 -0.173665 -0.192229 -0.614245 0.215706 32.4955 -4.98546 -0.783874 3.11224 0.00824684 -0.0951642 2.75 -5.64348 -0.395594 0.933524 0.383887 -0.102136 -2.882
273.755 0.160523 0.702745 2.1228 -2.611 0.719126 2.79183 0.1385 0.736698 2.19564 -2.63335 0.718246 2.81379 -0.0220232 0.0339528 0.0728448 -0.0223528 -0.00087995 0.0219568 0.0833317 2.31241 0.169295 0.753132 1.92191 -2.79193 0.503466 2.17451 0.00877156 0.0503866 -0.200888 -0.18093 -0.21566 -0.617326 0.207296 32.8928 -4.9569 -0.822036 3.11462 0.00901308 -0.0953676 2.77954 -5.62876 -0.461507 0.934054 0.406419 -0.0993528 -2.84542
274.092 0.153659 0.705066 2.12387 -2.59975 0.741583 2.80094 0.133258 0.747093 2.22084 -2.59768 0.731409 2.80738 -0.0204012 0.0420264 0.0969789 0.00206778 -0.0101736 0.0064379 0.107644 0.656706 0.160611 0.757023 1.92891 -2.79452 0.506997 2.16654 0.00695173 0.0519564 -0.194952 -0.194771 -0.234585 -0.6344 0.201877 33.7894 -4.92729 -0.859594 3.11723 0.00985817 -0.0957532 2.80916 -5.61189 -0.52718 0.934954 0.428772 -0.0977391 -2.80895
274.415 0.145023 0.706447 2.12586 -2.58819 0.771049 2.81304 0.123911 0.738458 2.1924 -2.58 0.758119 2.8407 -0.0211113 0.0320114 0.0665372 0.00819447 -0.01293 0.0276533 0.0767959 1.49985 0.159469 0.757375 1.94085 -2.79249 0.506409 2.16898 0.0144466 0.0509284 -0.185005 -0.204302 -0.26464 -0.644062 0.19243 34.6459 -4.88621 -0.908667 3.12107 0.0106109 -0.0958127 2.84872 -5.58614 -0.6142 0.936816 0.458233 -0.0986801 -2.76085
274.778 0.138506 0.706862 2.12747 -2.58153 0.792248 2.82146 0.12031 0.759216 2.25096 -2.59197 0.793762 2.80073 -0.0181951 0.052354 0.123488 -0.0104439 0.00151447 -0.0207336 0.135356 0.874021 0.162459 0.753866 1.95114 -2.79028 0.504815 2.17327 0.0239538 0.0470044 -0.176338 -0.208752 -0.287433 -0.648188 0.184061 35.2338 -4.85424 -0.944677 3.12425 0.0108629 -0.0957409 2.87841 -5.56438 -0.678862 0.938741 0.479059 -0.1009 -2.72507
275.117 0.131282 0.708051 2.1283 -2.5755 0.811557 2.82778 0.112376 0.758728 2.24952 -2.59248 0.797993 2.80117 -0.0189067 0.0506773 0.121217 -0.0169791 -0.0135639 -0.0266063 0.132738 1.3179 0.155988 0.752917 1.96094 -2.79291 0.505824 2.16845 0.024706 0.0448663 -0.167361 -0.217413 -0.305733 -0.659331 0.175023 35.9857 -4.82133 -0.979983 3.12764 0.0111621 -0.095783 2.90807 -5.54052 -0.742791 0.941067 0.497265 -0.102887 -2.68925
275.415 0.124684 0.710916 2.12927 -2.566 0.830817 2.83504 0.102336 0.74446 2.20158 -2.61472 0.825102 2.81752 -0.0223487 0.0335442 0.0723121 -0.0487201 -0.00571522 -0.0175173 0.0827872 2.18624 0.1563 0.7541 1.97012 -2.79177 0.505104 2.16961 0.0316154 0.0431846 -0.159147 -0.225768 -0.325714 -0.665424 0.167906 36.5709 -4.77601 -1.02594 3.13241 0.0116224 -0.0970285 2.94786 -5.5055 -0.826544 0.944705 0.515028 -0.103511 -2.64111
275.768 0.118756 0.714221 2.12896 -2.55855 0.84064 2.83704 0.0966032 0.75449 2.22548 -2.58342 0.839038 2.81008 -0.0221526 0.0402692 0.0965185 -0.0248732 -0.00160213 -0.0269624 0.106903 1.07119 0.158728 0.753575 1.97671 -2.78796 0.502618 2.17621 0.0399726 0.0393543 -0.152249 -0.229408 -0.338022 -0.660824 0.162254 36.6057 -4.74094 -1.05956 3.13606 0.0118435 -0.0982321 2.97785 -5.47689 -0.888029 0.947734 0.522587 -0.101504 -2.6047
276.083 0.113398 0.716776 2.12885 -2.55092 0.845893 2.83707 0.0887017 0.755383 2.2224 -2.57606 0.842728 2.81399 -0.024696 0.0386063 0.0935549 -0.0251374 -0.00316449 -0.0230821 0.104177 1.00444 0.155521 0.753939 1.97948 -2.79172 0.505123 2.16874 0.0421231 0.0371629 -0.149364 -0.240794 -0.34077 -0.668334 0.159577 36.7924 -4.70493 -1.09243 3.13967 0.0117241 -0.0993464 3.00794 -5.44635 -0.948241 0.950911 0.525534 -0.0971339 -2.56813
276.384 0.108443 0.718959 2.12863 -2.54117 0.846328 2.83345 0.0849063 0.761966 2.22461 -2.57837 0.845952 2.81435 -0.0235364 0.0430078 0.0959791 -0.0372033 -0.000375974 -0.0190947 0.107776 1.49959 0.152932 0.755503 1.97907 -2.78875 0.503861 2.17306 0.044489 0.036544 -0.149557 -0.247589 -0.342467 -0.660386 0.160256 36.3779 -4.65541 -1.13512 3.14429 0.0120853 -0.100402 3.04836 -5.40276 -1.0264 0.955213 0.523362 -0.0884996 -2.51947
276.714 0.106682 0.71841 2.12887 -2.53536 0.84253 2.82792 0.0807487 0.770961 2.24512 -2.54478 0.861211 2.80834 -0.0259328 0.0525503 0.116247 -0.00942346 0.0186813 -0.0195756 0.130182 1.33559 0.158551 0.749646 1.98368 -2.78429 0.500584 2.18023 0.0518693 0.0312352 -0.145199 -0.24893 -0.341945 -0.647689 0.157317 35.8166 -4.61714 -1.16625 3.14745 0.0128048 -0.100365 3.0788 -5.36805 -1.08336 0.958355 0.518231 -0.08075 -2.4833
277.048 0.104557 0.716619 2.12916 -2.53129 0.836968 2.8199 0.0769644 0.750933 2.19252 -2.54087 0.842382 2.8255 -0.0275922 0.0343142 0.063352 -0.00957942 0.00541321 0.00559949 0.0771509 0.873125 0.151181 0.748464 1.98343 -2.78748 0.502972 2.17254 0.0466244 0.0318451 -0.145735 -0.256192 -0.333996 -0.647354 0.156291 35.4784 -4.57792 -1.19658 3.15027 0.0134074 -0.0997068 3.10903 -5.33169 -1.13883 0.961331 0.511028 -0.0725134 -2.44746
277.335 0.104078 0.715401 2.12961 -2.52743 0.830437 2.81242 0.0767866 0.766615 2.24388 -2.5482 0.862923 2.80654 -0.0272915 0.0512143 0.114275 -0.0207681 0.0324859 -0.00588767 0.128166 2.09592 0.15727 0.743313 1.9877 -2.78415 0.502137 2.17796 0.0531914 0.0279124 -0.141904 -0.256718 -0.3283 -0.634467 0.154095 34.7775 -4.5378 -1.22604 3.15279 0.0138112 -0.0997716 3.13922 -5.29377 -1.19282 0.964141 0.502725 -0.0647928 -2.41196
282.711 0.102028 0.727515 2.12929 -2.47685 0.87641 2.75434 0.0716217 0.750661 2.17794 -2.50476 0.891547 2.75222 -0.0304064 0.0231459 0.0486513 -0.0279144 0.0151361 -0.00212185 0.0618646 1.73889 0.141958 0.731968 2.04602 -2.77764 0.514321 2.17661 0.0399303 0.00445354 -0.0832743 -0.300795 -0.36209 -0.577734 0.0924602 32.6831 -3.67377 -1.59625 3.19877 0.0163585 -0.10685 -2.62649 -4.34786 -1.94782 1.00863 0.50969 -0.0172025 -1.79792
283.104 0.10521 0.730009 2.12874 -2.46489 0.868738 2.75616 0.0751126 0.771003 2.22554 -2.51265 0.911694 2.73096 -0.0300971 0.0409936 0.0967985 -0.0477611 0.0429557 -0.0251924 0.109345 3.0802 0.148239 0.736161 2.0452 -2.77318 0.512383 2.18049 0.0430294 0.00615123 -0.0835471 -0.308286 -0.356355 -0.575663 0.094178 32.4162 -3.62497 -1.6035 3.20052 0.0172301 -0.108733 -2.59827 -4.29039 -1.97387 1.01066 0.503595 -0.00713766 -1.76909
285.24 0.133717 0.71021 2.13329 -2.41458 0.802459 2.72915 0.102123 0.756528 2.22311 -2.40684 0.812094 2.73692 -0.0315937 0.0463179 0.0898161 0.00774509 0.00963476 0.00777658 0.105879 0.64407 0.169325 0.729264 2.03677 -2.76342 0.516923 2.18255 0.0356082 0.0190537 -0.0965296 -0.348838 -0.285536 -0.546599 0.104637 29.3697 -3.23731 -1.60132 3.1999 0.0193624 -0.116078 -2.36123 -3.84011 -2.12311 1.02248 0.437393 0.0621477 -1.52575
289.666 0.173357 0.579031 2.15421 -2.38455 0.539279 2.49162 0.148302 0.624265 2.25031 -2.39081 0.566753 2.49753 -0.0250551 0.0452341 0.0960996 -0.0062579 0.0274739 0.00591297 0.109128 1.68795 0.159638 0.584227 2.04124 -2.77711 0.513751 2.17269 -0.0137191 0.00519549 -0.11297 -0.39256 -0.0255281 -0.318927 0.113918 20.6301 -2.46613 -1.24978 3.14976 0.0154199 -0.106136 -1.89702 -2.85851 -2.06118 1.0227 0.123178 0.252988 -1.04925
290.598 0.174106 0.568166 2.15047 -2.40374 0.469715 2.43203 0.145206 0.605159 2.23419 -2.39212 0.504848 2.43479 -0.0288998 0.0369928 0.0837188 0.0116235 0.0351329 0.0027584 0.0959817 2.10282 0.157505 0.559642 2.03941 -2.7815 0.515942 2.17127 -0.0166008 -0.00852342 -0.111061 -0.377755 0.0462267 -0.260765 0.112617 19.7609 -2.33855 -1.13313 3.13777 0.013447 -0.104878 -1.81049 -2.669 -1.97975 1.01911 0.0348502 0.265377 -0.972092
290.948 0.178062 0.56566 2.14834 -2.41579 0.444408 2.41312 0.144867 0.587961 2.18498 -2.36522 0.523754 2.45476 -0.0331947 0.0223011 0.0366346 0.0505766 0.0793463 0.041637 0.054234 5.3209 0.164887 0.549241 2.04314 -2.78106 0.515808 2.17101 -0.0131754 -0.0164186 -0.105207 -0.365265 0.0714007 -0.242116 0.107293 19.4157 -2.291 -1.08361 3.13284 0.0139395 -0.104888 -1.77598 -2.59574 -1.94195 1.01722 0.00384425 0.26138 -0.941962
291.265 0.181905 0.565502 2.14642 -2.42548 0.426491 2.40139 0.148752 0.591498 2.20151 -2.36778 0.444201 2.38151 -0.0331528 0.0259954 0.0550935 0.0576919 0.0177092 -0.0198833 0.0693553 4.05328 0.171917 0.543324 2.04539 -2.77758 0.514566 2.17567 -0.00998753 -0.022178 -0.101024 -0.352108 0.088075 -0.225729 0.103911 19.0089 -2.2567 -1.04543 3.12908 0.0143399 -0.105726 -1.74989 -2.54195 -1.91188 1.01573 -0.018196 0.255704 -0.919658
292.588 0.198088 0.563857 2.13873 -2.47011 0.352923 2.36941 0.169044 0.608764 2.25438 -2.46135 0.350052 2.33439 -0.0290432 0.0449065 0.11565 0.00875337 -0.00287095 -0.0350179 0.127417 2.23546 0.18404 0.529229 2.04847 -2.78018 0.517453 2.1651 -0.0140478 -0.0346282 -0.0902608 -0.310077 0.164529 -0.20431 0.0976907 19.0803 -2.12251 -0.86919 3.11206 0.0130519 -0.109861 -1.63352 -2.32261 -1.76723 1.0094 -0.10424 0.219305 -0.825924
293.413 0.205058 0.561707 2.13346 -2.49868 0.317633 2.35652 0.175517 0.598507 2.22367 -2.50226 0.355074 2.34962 -0.0295411 0.0367997 0.090213 -0.00357615 0.0374411 -0.00690488 0.10181 2.1787 0.197053 0.51752 2.04861 -2.77493 0.520483 2.16962 -0.00800497 -0.0441872 -0.0848452 -0.276247 0.20285 -0.1869 0.0959964 18.9801 -2.06026 -0.766623 3.10179 0.0118057 -0.111397 -1.568 -2.2145 -1.68183 1.00624 -0.142138 0.194231 -0.771648
293.872 0.210867 0.560262 2.13207 -2.50943 0.307051 2.35511 0.178217 0.588764 2.19813 -2.4736 0.289442 2.33622 -0.0326496 0.0285016 0.0660659 0.0358233 -0.017609 -0.0188896 0.0790129 2.77615 0.199629 0.5186 2.04528 -2.77757 0.521358 2.16104 -0.0112378 -0.0416616 -0.0867887 -0.268139 0.214307 -0.19407 0.0969239 19.253 -2.03582 -0.721013 3.0974 0.0111569 -0.112654 -1.53877 -2.17022 -1.64384 1.00499 -0.153518 0.182837 -0.746384
294.122 0.21718 0.558067 2.13111 -2.51961 0.29985 2.35644 0.186448 0.593445 2.21552 -2.52266 0.305845 2.32755 -0.0307319 0.0353779 0.0844052 -0.00305048 0.00599482 -0.0288872 0.0965416 1.64782 0.206543 0.520896 2.04506 -2.77644 0.520031 2.16104 -0.0106368 -0.0371707 -0.0860537 -0.256823 0.22018 -0.195398 0.09434 19.1696 -2.01278 -0.674403 3.09314 0.0103122 -0.113679 -1.50865 -2.12712 -1.605 1.00379 -0.160575 0.171431 -0.720167
294.832 0.235106 0.540454 2.1332 -2.54075 0.296271 2.37222 0.203322 0.584058 2.22026 -2.51253 0.280735 2.34553 -0.0317841 0.0436035 0.0870597 0.0282249 -0.0155362 -0.0266903 0.102425 2.67459 0.217884 0.51602 2.0445 -2.78213 0.515431 2.15281 -0.0172219 -0.0244342 -0.0887009 -0.241378 0.21916 -0.219413 0.0936027 19.1673 -1.96465 -0.561928 3.08459 0.008258 -0.110819 -1.43573 -2.03077 -1.51065 1.00142 -0.155814 0.147083 -0.657415
295.779 0.267798 0.518744 2.13711 -2.55016 0.317082 2.41709 0.234153 0.553805 2.20802 -2.5742 0.334349 2.3956 -0.0336453 0.0350613 0.0709122 -0.0240417 0.0172671 -0.02149 0.0859642 1.81833 0.24704 0.513561 2.04008 -2.78265 0.516334 2.15161 -0.0207585 -0.00518319 -0.0970291 -0.23249 0.199252 -0.265481 0.0993601 19.3036 -1.9101 -0.394936 3.07626 0.00791519 -0.107685 -1.32886 -1.90314 -1.36606 0.999394 -0.115481 0.123731 -0.571188
296.111 0.278046 0.513554 2.13799 -2.54949 0.323041 2.43157 0.250213 0.558386 2.25732 -2.61214 0.279266 2.36867 -0.0278329 0.0448323 0.119337 -0.0626519 -0.0437753 -0.0629021 0.130484 4.94791 0.26098 0.513643 2.03795 -2.77961 0.5158 2.15649 -0.0170662 8.9103e-05 -0.100035 -0.23012 0.192759 -0.27508 0.10148 19.3001 -1.89714 -0.343999 3.07422 0.00800958 -0.107152 -1.29641 -1.86712 -1.32036 0.999045 -0.103364 0.119308 -0.546366
296.902 0.298322 0.504617 2.13862 -2.55262 0.328955 2.45869 0.268189 0.535767 2.21731 -2.59655 0.406599 2.45432 -0.0301329 0.0311497 0.0786922 -0.0439313 0.0776441 -0.0043769 0.0898374 5.07265 0.267921 0.520939 2.02958 -2.77904 0.519762 2.15328 -0.0304007 0.0163216 -0.109045 -0.226421 0.190806 -0.30541 0.114374 20.1066 -1.87329 -0.224531 3.0693 0.0076331 -0.107012 -1.22118 -1.78671 -1.20958 0.998591 -0.0862341 0.106195 -0.488124
297.394 0.306373 0.50284 2.13845 -2.55638 0.327638 2.46711 0.282626 0.544332 2.2644 -2.59863 0.231467 2.4054 -0.0237465 0.0414916 0.125955 -0.0422459 -0.0961712 -0.0617118 0.134722 6.63194 0.278327 0.522321 2.02802 -2.77568 0.518686 2.15834 -0.0280458 0.019481 -0.110424 -0.219296 0.191048 -0.308771 0.115583 20.1336 -1.86586 -0.173231 3.06708 0.00721368 -0.108013 -1.18904 -1.75368 -1.16023 0.998542 -0.0845907 0.0984397 -0.462296
297.85 0.310412 0.506178 2.13635 -2.56195 0.325439 2.47225 0.285413 0.532818 2.21689 -2.55792 0.274211 2.42961 -0.0249989 0.0266393 0.0805397 0.0040276 -0.0512276 -0.0426387 0.0884378 3.86888 0.274686 0.530687 2.02558 -2.77463 0.519866 2.15869 -0.0357261 0.0245083 -0.110764 -0.212683 0.194427 -0.313554 0.118936 20.3217 -1.86014 -0.121906 3.06482 0.00642565 -0.110543 -1.1567 -1.7215 -1.10968 0.998586 -0.0864655 0.0896365 -0.435627
298.289 0.31498 0.513816 2.13287 -2.57172 0.31974 2.47704 0.286775 0.527492 2.17531 -2.55086 0.336959 2.47306 -0.0282053 0.0136761 0.0424315 0.0208669 0.0172185 -0.00397867 0.0527542 1.62196 0.273167 0.548711 2.01663 -2.77622 0.521818 2.15506 -0.0418136 0.0348948 -0.116249 -0.204499 0.202078 -0.321977 0.128373 20.7887 -1.85524 -0.0533349 3.06175 0.00481903 -0.115464 -1.11247 -1.67978 -1.04035 0.998871 -0.0936682 0.075142 -0.39841
298.699 0.320661 0.515841 2.13103 -2.58161 0.312078 2.47971 0.290711 0.534263 2.17582 -2.57523 0.368984 2.49668 -0.0299508 0.0184218 0.0447871 0.00638476 0.0569061 0.0169683 0.0569412 3.38703 0.284404 0.549491 2.0153 -2.77416 0.519535 2.15928 -0.0362575 0.0336503 -0.115732 -0.192552 0.207457 -0.320433 0.12586 20.8238 -1.85367 -0.00168179 3.05943 0.00406918 -0.11781 -1.0785 -1.64937 -0.986816 0.999277 -0.101291 0.0625403 -0.369272
299.08 0.325041 0.516493 2.12903 -2.59322 0.303634 2.48098 0.30394 0.549199 2.2244 -2.57691 0.278122 2.49449 -0.0211008 0.0327059 0.095369 0.0163061 -0.0255128 0.0135119 0.103006 1.78728 0.278897 0.556224 2.00745 -2.77862 0.521929 2.15149 -0.0461438 0.0397314 -0.121585 -0.185399 0.218294 -0.329486 0.135981 21.4878 -1.85397 0.0502098 3.05713 0.00352371 -0.119294 -1.04384 -1.61974 -0.931854 0.999767 -0.109438 0.0492682 -0.339164
299.474 0.329949 0.513957 2.12751 -2.60983 0.291885 2.48312 0.302342 0.538487 2.17753 -2.56948 0.363176 2.49672 -0.0276069 0.0245299 0.0500226 0.0403499 0.0712907 0.0135975 0.0621781 4.63405 0.283897 0.557642 2.00122 -2.77859 0.522274 2.15474 -0.046052 0.0436843 -0.12628 -0.168767 0.230389 -0.328375 0.141336 21.7869 -1.85732 0.119762 3.05413 0.00218145 -0.119893 -0.996491 -1.58153 -0.856258 1.00047 -0.120113 0.031652 -0.297551
299.794 0.332398 0.509503 2.12696 -2.62292 0.283442 2.48441 0.306075 0.536645 2.17753 -2.57784 0.268955 2.49047 -0.0263228 0.0271422 0.0505687 0.0450824 -0.0144879 0.00606102 0.063141 2.64427 0.292508 0.554052 2.00171 -2.77806 0.519801 2.1597 -0.0398906 0.0445493 -0.125254 -0.155147 0.236358 -0.324702 0.138796 21.8257 -1.86204 0.172153 3.0519 0.00111311 -0.119152 -0.960478 -1.55391 -0.797775 1.00096 -0.127228 0.0188912 -0.265314
300.191 0.335088 0.504267 2.12666 -2.63545 0.275634 2.4859 0.309946 0.532962 2.17802 -2.57917 0.265176 2.4893 -0.0251423 0.0286956 0.0513543 0.0562778 -0.0104582 0.00339358 0.0639753 3.2341 0.293602 0.551762 2.00234 -2.78134 0.518976 2.15793 -0.0414865 0.047495 -0.124326 -0.145895 0.243342 -0.327976 0.139405 22.2016 -1.86862 0.224656 3.04974 0.000415872 -0.118143 -0.924089 -1.52726 -0.73774 1.00142 -0.133258 0.00661623 -0.232364
300.596 0.337513 0.499076 2.12643 -2.64709 0.268595 2.48777 0.319988 0.53833 2.22729 -2.68381 0.263092 2.48928 -0.0175252 0.0392546 0.100859 -0.0367249 -0.0055032 0.00151723 0.109638 2.15195 0.299155 0.554686 2.00051 -2.78497 0.517047 2.1561 -0.0383575 0.0556106 -0.125923 -0.137878 0.248452 -0.331671 0.1429 22.545 -1.87701 0.277179 3.04765 -7.74562e-05 -0.117182 -0.887345 -1.50166 -0.676157 1.00187 -0.138343 -0.00503387 -0.199007
300.898 0.340327 0.490898 2.12668 -2.66108 0.259486 2.49093 0.321967 0.530603 2.2275 -2.68993 0.261004 2.48794 -0.0183597 0.0397055 0.100828 -0.0288521 0.00151729 -0.00299315 0.109908 1.61979 0.307886 0.555488 2.00121 -2.78697 0.513808 2.15819 -0.0324412 0.0645903 -0.125465 -0.125898 0.254322 -0.332742 0.144796 22.8294 -1.89095 0.347076 3.0451 -0.000583773 -0.115503 -0.838113 -1.46938 -0.591688 1.00254 -0.144227 -0.0190635 -0.154531
301.239 0.341889 0.485476 2.12678 -2.66961 0.252568 2.49345 0.317685 0.512174 2.17822 -2.69155 0.254796 2.48493 -0.0242045 0.0266983 0.051444 -0.0219398 0.00222778 -0.00851527 0.0628104 1.23543 0.303189 0.55999 1.99942 -2.7929 0.515477 2.15067 -0.0387001 0.0745143 -0.127355 -0.123288 0.262909 -0.342774 0.152543 23.5656 -1.90341 0.39927 3.04341 -0.000773316 -0.114596 -0.801063 -1.44673 -0.526633 1.00321 -0.148742 -0.0280921 -0.121458
301.585 0.342999 0.478566 2.12719 -2.67683 0.244582 2.49533 0.326549 0.517512 2.22555 -2.69465 0.244832 2.50672 -0.0164502 0.0389462 0.0983614 -0.0178165 0.000249815 0.0113882 0.107062 1.33823 0.309847 0.562457 1.99793 -2.79112 0.513119 2.15621 -0.0331523 0.0838914 -0.12926 -0.114288 0.268537 -0.339121 0.157623 23.6613 -1.91752 0.451165 3.04196 -0.000699153 -0.113086 -0.764273 -1.4256 -0.460186 1.00407 -0.153912 -0.0353469 -0.0887565
301.929 0.343506 0.468322 2.12799 -2.68363 0.231802 2.49576 0.326149 0.508212 2.22256 -2.79324 0.199167 2.48019 -0.0173568 0.0398897 0.0945695 -0.109614 -0.0326347 -0.0155739 0.104095 6.42925 0.317448 0.559073 1.9984 -2.78971 0.5139 2.16068 -0.0260585 0.0907508 -0.129596 -0.106085 0.282097 -0.335084 0.160343 24.0518 -1.93881 0.519712 3.0404 -0.000215958 -0.110777 -0.716145 -1.40006 -0.369599 1.00556 -0.163164 -0.0416045 -0.0455937
302.233 0.343717 0.461741 2.1284 -2.68592 0.219856 2.49405 0.326058 0.500303 2.2219 -2.80042 0.19842 2.47945 -0.0176587 0.0385617 0.0935025 -0.114504 -0.0214366 -0.0145986 0.102672 6.55502 0.31464 0.558151 1.99927 -2.78785 0.514884 2.16528 -0.0290775 0.0964105 -0.129129 -0.101927 0.295027 -0.328769 0.163753 24.3368 -1.95655 0.570496 3.03941 0.000387939 -0.109713 -0.680604 -1.38308 -0.300351 1.00696 -0.173381 -0.0436594 -0.0132422
302.93 0.341447 0.445336 2.12917 -2.68683 0.183394 2.48088 0.325004 0.482637 2.22149 -2.7231 0.227369 2.52182 -0.0164426 0.0373018 0.0923263 -0.0362656 0.0439751 0.0409363 0.100925 4.26067 0.316761 0.561463 1.98929 -2.79056 0.517019 2.16604 -0.0246855 0.116127 -0.139876 -0.103726 0.333625 -0.314844 0.183467 25.4679 -2.00348 0.686387 3.03743 0.00211588 -0.106909 -0.599842 -1.35145 -0.135141 1.01096 -0.208791 -0.0416184 0.0633476
303.243 0.336416 0.440524 2.1288 -2.68616 0.165629 2.47142 0.304005 0.446643 2.07781 -2.64275 0.331419 2.55648 -0.0324103 0.00611928 -0.0509881 0.0434119 0.16579 0.0850643 0.0607261 10.6832 0.308864 0.561875 1.9863 -2.79496 0.517613 2.16255 -0.0275515 0.121351 -0.142501 -0.108807 0.351984 -0.308868 0.189187 26.0871 -2.02585 0.734743 3.03666 0.0022116 -0.106355 -0.565965 -1.34158 -0.0630703 1.01285 -0.22812 -0.0388961 0.0966676
303.598 0.331152 0.433673 2.12912 -2.68576 0.14687 2.46129 0.30147 0.440197 2.08588 -2.62481 0.292157 2.53143 -0.029683 0.00652453 -0.0432383 0.0609516 0.145287 0.0701335 0.0528507 9.56378 0.30694 0.562188 1.98324 -2.79691 0.515966 2.16385 -0.024212 0.128515 -0.145878 -0.111146 0.369096 -0.297447 0.195915 26.5172 -2.04949 0.782243 3.03595 0.00198498 -0.105001 -0.532749 -1.33409 0.00958863 1.01477 -0.248718 -0.0356061 0.130084
303.885 0.325483 0.428154 2.12916 -2.68492 0.128055 2.45029 0.313283 0.461561 2.22201 -2.7621 0.0837586 2.45717 -0.0121995 0.0334071 0.0928448 -0.0771739 -0.0442968 0.0068757 0.0994234 5.1491 0.303173 0.563764 1.98112 -2.79914 0.517539 2.16351 -0.0223095 0.13561 -0.148039 -0.114223 0.389483 -0.286787 0.201999 27.165 -2.07433 0.828855 3.03534 0.00186691 -0.104131 -0.500104 -1.32908 0.0826885 1.01671 -0.269994 -0.0321947 0.163502
304.202 0.317856 0.419858 2.12922 -2.68502 0.101678 2.43454 0.305496 0.456451 2.22149 -2.69485 0.174931 2.49241 -0.0123597 0.0365928 0.0922727 -0.00983226 0.0732535 0.0578647 0.10003 5.42542 0.295852 0.562221 1.98115 -2.80364 0.518717 2.16085 -0.0220039 0.142363 -0.148069 -0.118621 0.417039 -0.273695 0.206581 28.1604 -2.10918 0.889596 3.03464 0.00186744 -0.102403 -0.457414 -1.32635 0.180514 1.01934 -0.299558 -0.028519 0.208038
304.507 0.312502 0.413047 2.12906 -2.68642 0.0806434 2.42187 0.285935 0.424528 2.10733 -2.5487 0.165339 2.47404 -0.026567 0.0114813 -0.0217291 0.137716 0.0846954 0.0521661 0.0361908 9.42857 0.299775 0.559825 1.97891 -2.80324 0.515702 2.16461 -0.0127271 0.146778 -0.150145 -0.116828 0.435058 -0.25726 0.210355 28.6466 -2.13653 0.934071 3.03416 0.00226223 -0.100699 -0.426144 -1.32736 0.253881 1.02137 -0.322695 -0.0270191 0.241335
304.829 0.307449 0.406081 2.12875 -2.68957 0.0589898 2.40894 0.287581 0.433027 2.17616 -2.67889 -0.0243839 2.40742 -0.019868 0.0269465 0.0474068 0.0106755 -0.0833737 -0.00152008 0.0580367 4.81695 0.30299 0.553741 1.98086 -2.80094 0.512848 2.17065 -0.00445902 0.14766 -0.147887 -0.111372 0.453858 -0.238286 0.209031 29.1492 -2.16483 0.977583 3.0337 0.00294148 -0.0988349 -0.395704 -1.33099 0.327046 1.0234 -0.346197 -0.027407 0.27456
305.132 0.300145 0.401058 2.12754 -2.69644 0.0317591 2.39295 0.2727 0.408592 2.10572 -2.48408 0.112912 2.40589 -0.0274447 0.00753392 -0.021818 0.212357 0.0811528 0.0129409 0.0358608 12.9931 0.302845 0.554198 1.98184 -2.80481 0.513955 2.16335 0.00269977 0.15314 -0.145706 -0.108372 0.482196 -0.229601 0.211399 30.4332 -2.20392 1.03403 3.03328 0.00368261 -0.0979251 -0.356029 -1.33993 0.424025 1.02611 -0.376654 -0.0319876 0.318859
305.478 0.293963 0.400177 2.12614 -2.70494 0.0139546 2.38302 0.278639 0.422622 2.19515 -2.79851 -0.0671569 2.36371 -0.0153241 0.0224453 0.0690154 -0.0935713 -0.0811116 -0.0193181 0.0741738 7.20171 0.300812 0.557486 1.9819 -2.8045 0.513849 2.16309 0.00684913 0.157309 -0.144238 -0.0995551 0.499895 -0.219937 0.213536 31.1396 -2.23421 1.07517 3.03322 0.00402719 -0.0982037 -0.326888 -1.34969 0.496186 1.02817 -0.397051 -0.0395593 0.352276
305.802 0.288678 0.39999 2.12483 -2.71694 -0.00138561 2.3758 0.270987 0.422646 2.19525 -2.80564 -0.0652507 2.3643 -0.0176904 0.0226565 0.0704123 -0.0887001 -0.0638651 -0.0115054 0.0760537 6.31398 0.302745 0.554269 1.98468 -2.80109 0.514002 2.16802 0.0140678 0.15428 -0.140151 -0.0841481 0.515388 -0.207785 0.208908 31.6828 -2.26534 1.11527 3.03348 0.00440327 -0.0986991 -0.298237 -1.36203 0.567727 1.03025 -0.414275 -0.0511305 0.386049
306.113 0.281449 0.402569 2.12243 -2.739 -0.0166823 2.36985 0.262239 0.421182 2.17869 -2.70107 -0.0135419 2.3871 -0.0192094 0.0186135 0.0562583 0.0379292 0.00314041 0.0172483 0.0622933 2.40762 0.299488 0.558202 1.98451 -2.79927 0.5169 2.16745 0.01804 0.155633 -0.137922 -0.0602697 0.533582 -0.202408 0.208733 32.5188 -2.30816 1.16715 3.03433 0.00512137 -0.100117 -0.260693 -1.38243 0.661942 1.03308 -0.431524 -0.0731069 0.431955
306.461 0.277097 0.40643 2.12057 -2.75932 -0.0241247 2.36874 0.258554 0.42328 2.17969 -2.70364 -0.011773 2.38751 -0.018543 0.0168504 0.0591174 0.0556832 0.0123517 0.0187672 0.0642078 3.45808 0.296815 0.565697 1.98153 -2.79938 0.519621 2.16312 0.0197177 0.159267 -0.139042 -0.0400511 0.543746 -0.20562 0.212338 33.1307 -2.34132 1.20486 3.03532 0.00565351 -0.101938 -0.232806 -1.40062 0.731552 1.03523 -0.440176 -0.0940736 0.467076
306.785 0.27294 0.409359 2.1188 -2.78317 -0.0288763 2.3698 0.255843 0.430618 2.19675 -2.81875 -0.054918 2.36675 -0.0170968 0.0212597 0.0779487 -0.0355824 -0.0260417 -0.00304829 0.082585 2.53821 0.303547 0.564336 1.98439 -2.79473 0.518631 2.1688 0.0306078 0.154977 -0.134418 -0.0115545 0.547508 -0.200998 0.20742 33.3174 -2.37543 1.24155 3.03657 0.00621032 -0.103095 -0.205084 -1.42126 0.800114 1.0374 -0.445374 -0.117979 0.50267
307.068 0.269405 0.412622 2.11701 -2.80938 -0.0304428 2.3727 0.249687 0.43498 2.19461 -2.73967 -0.134046 2.36038 -0.0197175 0.0223583 0.0776022 0.06971 -0.103603 -0.0123151 0.0831311 7.15607 0.294753 0.569329 1.98103 -2.79706 0.521238 2.15968 0.0253484 0.156707 -0.135975 0.0123163 0.55168 -0.213016 0.209019 33.897 -2.41053 1.27721 3.03808 0.00688529 -0.104231 -0.177459 -1.44428 0.867529 1.03958 -0.447201 -0.144242 0.538682
307.48 0.265506 0.415832 2.11523 -2.8474 -0.028106 2.3793 0.244503 0.43284 2.1707 -2.80366 0.159183 2.42588 -0.0210033 0.0170087 0.0554692 0.043745 0.187289 0.0465805 0.0617031 11.2977 0.29746 0.569445 1.9795 -2.79454 0.521591 2.16083 0.0319544 0.153613 -0.135725 0.0528604 0.549697 -0.21847 0.207459 34.2393 -2.45891 1.32311 3.04042 0.00740026 -0.105154 -0.140618 -1.47854 0.955467 1.04246 -0.445034 -0.181801 0.587198
307.76 0.263038 0.417258 2.11415 -2.87671 -0.0236295 2.38512 0.240667 0.436543 2.17028 -2.80159 0.164315 2.42706 -0.0223708 0.0192846 0.0561324 0.0751275 0.187944 0.0419461 0.0634287 11.7785 0.296861 0.567802 1.97953 -2.79103 0.520533 2.16654 0.0338232 0.150544 -0.134621 0.0856799 0.544162 -0.21858 0.204769 34.3374 -2.4964 1.35628 3.04235 0.00767048 -0.105225 -0.112823 -1.50684 1.01982 1.04455 -0.44067 -0.210251 0.623697
307.973 0.261601 0.419459 2.11305 -2.90434 -0.0171015 2.39086 0.241442 0.443034 2.1965 -2.82581 -0.0466376 2.3912 -0.0201595 0.0235745 0.0834491 0.0785261 -0.0295361 0.00033398 0.0890275 4.80742 0.288769 0.569947 1.97565 -2.79486 0.524383 2.15829 0.0271673 0.150488 -0.137398 0.109476 0.541484 -0.232567 0.205579 34.877 -2.53492 1.38835 3.04439 0.00803913 -0.10554 -0.0847812 -1.53732 1.08267 1.04652 -0.434701 -0.237316 0.660003
308.313 0.262388 0.418212 2.11321 -2.93697 -0.00821877 2.39826 0.235774 0.44099 2.16883 -2.80174 0.158428 2.44785 -0.0266146 0.0227782 0.0556131 0.135229 0.166647 0.0495988 0.0657267 12.4819 0.286333 0.569669 1.97331 -2.79449 0.523794 2.15972 0.0239444 0.151457 -0.139903 0.142478 0.532013 -0.238534 0.20757 35.1261 -2.58782 1.42936 3.04717 0.0082178 -0.104415 -0.0472335 -1.58123 1.16394 1.04889 -0.425532 -0.269103 0.707636
308.634 0.260703 0.418778 2.11216 -2.95934 -0.000259793 2.40129 0.237694 0.447026 2.19726 -2.82916 -0.0422115 2.39218 -0.0230085 0.0282485 0.085097 0.130183 -0.0419517 -0.00910924 0.0925681 7.84293 0.289436 0.564718 1.97872 -2.79133 0.522944 2.16568 0.0287329 0.14594 -0.133446 0.168011 0.523204 -0.235615 0.19983 35.1394 -2.62859 1.45877 3.04924 0.00849874 -0.10341 -0.0190747 -1.6165 1.22288 1.05044 -0.418669 -0.28885 0.742609
309.392 0.267433 0.4195 2.11011 -2.99768 0.0074173 2.40091 0.241493 0.441077 2.16924 -2.7985 0.151283 2.44658 -0.02594 0.0215778 0.0591306 0.199183 0.143866 0.0456679 0.0680801 14.1434 0.287734 0.567793 1.98648 -2.79257 0.521848 2.15565 0.0203014 0.148293 -0.123631 0.205114 0.51443 -0.245265 0.194133 35.8276 -2.77034 1.54796 3.0558 0.010492 -0.10075 0.0743632 -1.74691 1.40543 1.05531 -0.413086 -0.322727 0.853011
309.988 0.270503 0.421469 2.10823 -2.99783 -0.00513452 2.39433 0.246965 0.44648 2.19462 -2.81127 -0.0531962 2.38856 -0.0235374 0.0250115 0.086386 0.186553 -0.0480617 -0.00577553 0.092963 11.0323 0.290386 0.569589 1.99401 -2.7913 0.520068 2.15577 0.0198836 0.14812 -0.114221 0.206524 0.525203 -0.238561 0.1881 36.1596 -2.85914 1.59446 3.05962 0.010069 -0.0997543 0.129633 -1.83328 1.50388 1.05872 -0.427487 -0.319915 0.912702
310.373 0.27159 0.420822 2.10721 -2.99354 -0.0181295 2.38921 0.24927 0.450971 2.19785 -2.81663 -0.0406232 2.39234 -0.0223195 0.0301484 0.0906359 0.176906 -0.0224937 0.00313102 0.0980916 10.2241 0.291874 0.565882 1.99829 -2.79011 0.518886 2.15943 0.0202839 0.14506 -0.108925 0.203427 0.537015 -0.229779 0.182533 36.3981 -2.9197 1.62242 3.06235 0.00914269 -0.0981311 0.165831 -1.89371 1.56502 1.06134 -0.440921 -0.312947 0.949738
311.056 0.274251 0.424008 2.10501 -2.98424 -0.0372429 2.38243 0.24915 0.445026 2.17002 -2.79167 0.145609 2.4458 -0.0251015 0.0210176 0.0650063 0.192566 0.182852 0.0633685 0.0727849 15.4891 0.2881 0.574734 1.99504 -2.79268 0.520635 2.15643 0.0138483 0.150726 -0.109974 0.191558 0.557878 -0.226005 0.187094 37.0239 -3.0123 1.65986 3.06681 0.00759292 -0.0975583 0.219712 -1.98806 1.65033 1.06566 -0.461384 -0.301601 1.00308
311.407 0.277848 0.424969 2.10376 -2.97815 -0.0486021 2.37918 0.24982 0.443634 2.15303 -2.8143 -0.0274017 2.37213 -0.0280282 0.0186649 0.0492767 0.163844 0.0212004 -0.00705102 0.0596837 9.45904 0.289545 0.572295 1.99692 -2.79184 0.517004 2.15983 0.011696 0.147326 -0.106837 0.186301 0.565606 -0.21935 0.182362 37.1144 -3.07509 1.68186 3.06996 0.00674955 -0.0965291 0.255961 -2.05319 1.70307 1.06852 -0.472542 -0.294336 1.03774
311.736 0.282549 0.427366 2.10233 -2.97359 -0.0559242 2.37707 0.255998 0.448242 2.17188 -2.78451 0.15523 2.42634 -0.0265505 0.020876 0.0695504 0.189083 0.211154 0.0492675 0.0773175 16.376 0.286463 0.57566 1.99691 -2.79396 0.517277 2.15438 0.00391388 0.148294 -0.105418 0.179633 0.573201 -0.222686 0.181987 37.4216 -3.12268 1.69681 3.07229 0.00679267 -0.0964894 0.283355 -2.10305 1.7405 1.07059 -0.47967 -0.28999 1.06378
312.31 0.297589 0.43579 2.09778 -2.97005 -0.0714851 2.37493 0.268288 0.456756 2.17174 -2.77211 0.132606 2.44405 -0.029301 0.0209659 0.0739568 0.197934 0.204091 0.0691185 0.0822662 16.6653 0.296129 0.583237 1.99317 -2.78776 0.51581 2.16058 -0.00145968 0.147447 -0.104614 0.182283 0.587295 -0.214354 0.180795 37.9689 -3.23526 1.72638 3.07696 0.00756982 -0.0978962 0.348542 -2.222 1.82119 1.07533 -0.495211 -0.288766 1.12702
312.974 0.310407 0.439445 2.09398 -2.98208 -0.0824191 2.37775 0.277428 0.454092 2.12462 -2.73726 0.263472 2.47857 -0.0329788 0.0146462 0.030639 0.244825 0.345891 0.100822 0.0473377 24.6111 0.2972 0.58884 1.98342 -2.78735 0.520008 2.15737 -0.0132072 0.149395 -0.110568 0.194733 0.602427 -0.220379 0.186329 39.0933 -3.33341 1.74541 3.07961 0.00739464 -0.0978667 0.405474 -2.32634 1.88363 1.07912 -0.506148 -0.301189 1.18565
313.348 0.316798 0.440894 2.09219 -2.99258 -0.0860805 2.38107 0.28864 0.459555 2.1445 -2.94781 0.226768 2.44636 -0.0281584 0.0186609 0.0523116 0.0447736 0.312849 0.0652913 0.0622706 18.4486 0.30052 0.587438 1.97985 -2.78688 0.519291 2.15698 -0.0162782 0.146544 -0.11234 0.205705 0.605372 -0.22409 0.185365 39.5346 -3.383 1.75265 3.08039 0.00699644 -0.0979167 0.434315 -2.37923 1.91276 1.08075 -0.510103 -0.311738 1.21635
314.57 0.343638 0.43475 2.08559 -3.06355 -0.100386 2.40421 0.312468 0.455368 2.1305 -2.67511 0.171826 2.46751 -0.0311698 0.0206182 0.0449074 0.388439 0.272212 0.0633007 0.0584238 27.2513 0.304619 0.579075 1.95989 -2.78823 0.516378 2.15706 -0.0390189 0.144325 -0.125698 0.275318 0.616764 -0.247155 0.195325 42.1464 -3.61739 1.76622 3.07704 0.00465149 -0.0945244 0.569322 -2.63116 2.0319 1.08443 -0.525498 -0.379618 1.36436
314.886 0.350163 0.432935 2.08422 -3.07901 -0.102523 2.40947 0.318625 0.452081 2.12814 -2.67452 0.156275 2.48566 -0.0315378 0.0191462 0.0439161 0.404487 0.258798 0.0761869 0.0573571 27.6984 0.306743 0.580817 1.95759 -2.78722 0.515048 2.15921 -0.04342 0.147882 -0.126636 0.291797 0.617571 -0.25026 0.199477 42.6616 -3.66792 1.76483 3.07501 0.00494061 -0.0942265 0.597986 -2.68618 2.05422 1.08435 -0.527984 -0.395218 1.39599
315.195 0.356742 0.43173 2.08297 -3.09285 -0.102593 2.41495 0.326203 0.448934 2.11781 -2.60537 0.112446 2.46231 -0.0305387 0.0172037 0.034844 0.487488 0.215039 0.0473599 0.0494235 30.5837 0.303003 0.579657 1.95456 -2.78913 0.516067 2.15442 -0.0537387 0.147926 -0.128402 0.303727 0.61866 -0.260533 0.203119 43.2662 -3.71841 1.76191 3.0729 0.00547888 -0.0943533 0.626608 -2.74168 2.07552 1.08403 -0.528287 -0.409907 1.4267
315.555 0.364892 0.431085 2.08195 -3.10626 -0.0968166 2.42316 0.333211 0.447674 2.12094 -2.56871 0.15292 2.50746 -0.0316809 0.0165887 0.0389864 0.537546 0.249737 0.0842977 0.0529037 34.0977 0.306852 0.576197 1.95436 -2.78692 0.515233 2.15648 -0.0580397 0.145112 -0.127597 0.319336 0.61205 -0.266677 0.20176 43.5451 -3.78555 1.75555 3.07054 0.00621318 -0.0949664 0.664922 -2.81668 2.10226 1.08326 -0.521857 -0.425719 1.46448
315.852 0.369703 0.430871 2.08193 -3.11215 -0.0872769 2.43008 0.340729 0.447826 2.12165 -2.56621 0.147989 2.50645 -0.0289744 0.0169547 0.0397231 0.545937 0.235266 0.0763733 0.0520087 34.1445 0.308741 0.578929 1.95376 -2.78514 0.514708 2.15848 -0.0609623 0.148058 -0.128171 0.327003 0.601985 -0.271595 0.205098 43.4544 -3.83566 1.74888 3.06931 0.00657465 -0.0954267 0.693679 -2.87382 2.12105 1.08241 -0.510751 -0.434113 1.4898
316.135 0.374508 0.429809 2.08286 -3.11463 -0.074534 2.43783 0.352312 0.454812 2.15873 -2.5978 0.0792563 2.50059 -0.0221962 0.0250025 0.0758662 0.516826 0.15379 0.0627607 0.0829065 31.0626 0.306603 0.576304 1.95318 -2.78303 0.5133 2.16167 -0.0679052 0.146495 -0.129686 0.331599 0.587834 -0.276166 0.2071 43.111 -3.88548 1.74057 3.06856 0.00690754 -0.0956187 0.722413 -2.93177 2.13871 1.0814 -0.494915 -0.439711 1.5127
316.473 0.378098 0.429572 2.08377 -3.11409 -0.0590128 2.44543 0.356119 0.454863 2.15897 -2.59631 0.0766251 2.49997 -0.0219788 0.0252909 0.075193 0.517775 0.135638 0.0545346 0.0823206 30.7738 0.304483 0.577066 1.94944 -2.7857 0.514775 2.15495 -0.0736145 0.147494 -0.134338 0.328389 0.573787 -0.290488 0.212651 42.8427 -3.93493 1.73062 3.06817 0.00752532 -0.0958943 0.751167 -2.99056 2.15519 1.08024 -0.475814 -0.442712 1.5337
317.065 0.388229 0.429981 2.08662 -3.09876 -0.02361 2.46221 0.360826 0.447975 2.1306 -2.66442 0.109924 2.49669 -0.0274036 0.0179937 0.0439741 0.434343 0.133534 0.0344857 0.0548494 26.01 0.307758 0.577418 1.94764 -2.78616 0.514624 2.14953 -0.0804717 0.147437 -0.138985 0.3126 0.538234 -0.312673 0.218014 41.6242 -4.04835 1.70104 3.06789 0.0104362 -0.0971266 0.818738 -3.13085 2.18835 1.07689 -0.428403 -0.437893 1.57802
318.046 0.389821 0.427344 2.09154 -3.05019 0.00135516 2.47719 0.366378 0.4466 2.1318 -2.68883 -0.109055 2.43714 -0.0234431 0.0192556 0.0402573 0.361354 -0.11041 -0.0400493 0.0504084 21.6409 0.32073 0.58075 1.95097 -2.78522 0.513128 2.15085 -0.0690915 0.153406 -0.140569 0.264973 0.511773 -0.326343 0.219241 39.6396 -4.20365 1.64316 3.06717 0.0123974 -0.0960568 0.915962 -3.33763 2.21972 1.07113 -0.386391 -0.399019 1.6397
318.368 0.388187 0.427807 2.0925 -3.03171 -0.000510988 2.4781 0.370374 0.450469 2.15958 -2.71555 -0.0146785 2.49704 -0.0178136 0.0226616 0.0670759 0.316163 -0.0141675 0.0189364 0.0730072 18.1732 0.324413 0.581781 1.95297 -2.78519 0.513897 2.1498 -0.0637746 0.153974 -0.139537 0.246525 0.514408 -0.328306 0.21736 39.3 -4.24829 1.62234 3.06671 0.012552 -0.0961716 0.945078 -3.40069 2.22485 1.0695 -0.384832 -0.382498 1.66021
318.677 0.384257 0.431273 2.09266 -3.00694 -0.00983681 2.47625 0.368467 0.452517 2.16491 -2.71466 0.00591633 2.48101 -0.0157906 0.0212438 0.0722504 0.292281 0.0157531 0.00475458 0.0769465 16.7733 0.326825 0.586063 1.95091 -2.7831 0.513098 2.15141 -0.0574329 0.15479 -0.141746 0.223838 0.522935 -0.324841 0.217602 38.9329 -4.30628 1.59221 3.06582 0.0124337 -0.0974147 0.983984 -3.48518 2.22836 1.06761 -0.391873 -0.360175 1.68986
319.363 0.376046 0.433506 2.0924 -2.9775 -0.0387903 2.46857 0.355384 0.450533 2.13279 -2.69597 -0.100099 2.43979 -0.0206623 0.017027 0.0403868 0.28153 -0.0613085 -0.0287783 0.0484555 16.476 0.325311 0.584302 1.95027 -2.78483 0.510376 2.14717 -0.050735 0.150796 -0.142133 0.192667 0.549167 -0.321405 0.213343 39.1734 -4.38997 1.542 3.06358 0.0112955 -0.0980165 1.04218 -3.6122 2.22628 1.06538 -0.419916 -0.331736 1.73955
319.677 0.372789 0.434603 2.09211 -2.96754 -0.0561719 2.46422 0.357597 0.459415 2.16609 -2.83822 0.129846 2.52685 -0.0151919 0.0248128 0.0739772 0.129327 0.186018 0.0626313 0.0794927 13.3867 0.326108 0.580784 1.95126 -2.78224 0.507353 2.1522 -0.0466802 0.146182 -0.14085 0.185305 0.563525 -0.31202 0.208295 39.3508 -4.43036 1.51469 3.0621 0.0106623 -0.0986152 1.0712 -3.67568 2.22189 1.06442 -0.438265 -0.322129 1.76662
319.997 0.365025 0.438744 2.08996 -2.96051 -0.0792131 2.45697 0.345856 0.453139 2.12432 -2.66462 0.111202 2.51866 -0.0191698 0.0143947 0.0343602 0.295888 0.190415 0.0616862 0.0418965 20.3963 0.318301 0.587905 1.94618 -2.78647 0.511636 2.14201 -0.0467243 0.149161 -0.143774 0.174038 0.590849 -0.314965 0.212375 40.4505 -4.48271 1.47602 3.06 0.00992217 -0.0996242 1.11008 -3.76017 2.21253 1.06323 -0.462938 -0.315448 1.80484
320.286 0.362087 0.440025 2.08917 -2.95963 -0.0939346 2.45373 0.340765 0.458339 2.13444 -2.70446 -0.0860424 2.44375 -0.0213216 0.018314 0.0452769 0.255175 0.00789219 -0.00997775 0.0532918 14.5871 0.321669 0.586663 1.94609 -2.78289 0.512168 2.14767 -0.0404181 0.146638 -0.14308 0.176739 0.606103 -0.306058 0.208826 40.9571 -4.52087 1.44531 3.05854 0.00966586 -0.100031 1.13931 -3.82339 2.20283 1.06234 -0.478768 -0.314839 1.83496
320.59 0.357014 0.440186 2.08827 -2.96343 -0.105374 2.45089 0.342152 0.466538 2.16414 -2.82694 0.143245 2.53032 -0.0148618 0.0263521 0.0758662 0.136496 0.248619 0.0794284 0.0816761 16.8221 0.323375 0.578398 1.94812 -2.77926 0.510893 2.15488 -0.0336389 0.138212 -0.140154 0.184175 0.616267 -0.29601 0.199693 41.2977 -4.55806 1.41317 3.05729 0.00931437 -0.0993401 1.16836 -3.88641 2.19079 1.06141 -0.490956 -0.31735 1.86612
320.875 0.351694 0.440751 2.0878 -2.97111 -0.114047 2.44942 0.338258 0.466373 2.16339 -2.82621 0.146908 2.53117 -0.0134363 0.0256218 0.0755884 0.1449 0.260954 0.0817413 0.0809359 17.6798 0.317328 0.575991 1.94429 -2.78069 0.511844 2.15253 -0.0343662 0.13524 -0.143515 0.190416 0.62589 -0.296895 0.200168 41.8889 -4.60613 1.36816 3.05604 0.00887372 -0.0987381 1.20692 -3.96991 2.171 1.06 -0.500936 -0.32355 1.90865
321.156 0.347438 0.44068 2.08772 -2.97832 -0.116265 2.44902 0.330566 0.461939 2.14327 -2.83196 0.255877 2.55102 -0.0168724 0.0212596 0.0555438 0.146362 0.372143 0.102 0.0618204 23.4727 0.315111 0.573494 1.94234 -2.78277 0.51171 2.14995 -0.0323269 0.132814 -0.145385 0.195548 0.627975 -0.299069 0.199553 42.1384 -4.64099 1.33286 3.05539 0.0085994 -0.0977681 1.23569 -4.03198 2.15334 1.05873 -0.503915 -0.32896 1.94081
321.475 0.343778 0.441331 2.08775 -2.9848 -0.115773 2.44883 0.326592 0.465882 2.16117 -2.82433 0.157707 2.53361 -0.0171861 0.0245503 0.0734203 0.160474 0.27348 0.0847804 0.0793008 18.7365 0.313591 0.570302 1.94289 -2.78033 0.50868 2.15619 -0.0301874 0.128971 -0.144863 0.204473 0.624453 -0.292642 0.196291 41.9738 -4.67483 1.29633 3.05488 0.00841485 -0.0970404 1.26443 -4.09338 2.13328 1.05726 -0.504268 -0.333854 1.97295
321.76 0.340753 0.44137 2.08808 -2.99118 -0.113599 2.44783 0.322858 0.467197 2.16299 -2.7271 0.0583443 2.49475 -0.0178947 0.0258276 0.0749095 0.264078 0.171943 0.0469203 0.0812325 18.2987 0.30939 0.566442 1.939 -2.78075 0.50706 2.15683 -0.0313627 0.125072 -0.14908 0.210437 0.620659 -0.291002 0.197108 41.8707 -4.7183 1.24582 3.05434 0.00876015 -0.0956258 1.30263 -4.17394 2.10283 1.05501 -0.502506 -0.338071 2.01544
322.106 0.339391 0.442702 2.08808 -2.99315 -0.111053 2.44611 0.320801 0.465686 2.16022 -2.83477 0.161535 2.53329 -0.0185898 0.0229835 0.0721396 0.158385 0.272588 0.0871816 0.0779611 18.6606 0.302946 0.567469 1.93324 -2.7826 0.50993 2.15244 -0.0364443 0.124767 -0.154842 0.21055 0.620984 -0.293668 0.202166 41.9693 -4.74961 1.20666 3.05398 0.00934504 -0.0949977 1.3313 -4.23324 2.0773 1.0531 -0.500345 -0.338872 2.04693
322.451 0.337848 0.444377 2.08808 -2.9929 -0.108037 2.44351 0.31918 0.469227 2.16363 -2.72886 0.0616406 2.49557 -0.0186677 0.0248505 0.0755569 0.26404 0.169678 0.0520518 0.0816999 18.2688 0.303701 0.559522 1.93427 -2.77858 0.508314 2.15987 -0.0341469 0.115145 -0.153809 0.214325 0.616351 -0.283644 0.195145 41.5745 -4.77975 1.16649 3.05362 0.00982855 -0.0943241 1.35999 -4.29148 2.04956 1.05095 -0.49783 -0.337273 2.07806
322.753 0.336249 0.446167 2.08827 -2.99014 -0.104757 2.44028 0.315286 0.465217 2.14118 -2.82829 0.266123 2.55314 -0.0209638 0.0190499 0.0529042 0.161852 0.37088 0.112856 0.0600103 23.8345 0.297325 0.562748 1.92565 -2.78038 0.50894 2.15555 -0.0389247 0.11658 -0.162628 0.209761 0.613697 -0.284727 0.203848 41.3885 -4.80869 1.12535 3.05321 0.0100726 -0.0936272 1.38872 -4.3486 2.01968 1.04857 -0.495108 -0.333033 2.10878
323.07 0.332607 0.449495 2.08868 -2.98359 -0.100006 2.43529 0.31589 0.472574 2.16661 -2.66685 0.146948 2.53055 -0.0167172 0.0230785 0.0779308 0.316737 0.246954 0.0952564 0.0829776 23.5073 0.296472 0.554561 1.9253 -2.77936 0.506973 2.15843 -0.0361352 0.105066 -0.163378 0.204235 0.60698 -0.276858 0.197578 40.7598 -4.84532 1.06909 3.05251 0.00948832 -0.0929336 1.42716 -4.4229 1.97677 1.04503 -0.491876 -0.324141 2.14938
323.382 0.328331 0.449673 2.08955 -2.97919 -0.0973083 2.4312 0.31142 0.474564 2.16218 -2.72571 0.0733831 2.49869 -0.0169112 0.024891 0.0726276 0.253487 0.170691 0.0674877 0.078615 17.9514 0.290994 0.544284 1.92654 -2.77897 0.505192 2.1625 -0.0373377 0.0946114 -0.16301 0.200226 0.602501 -0.268705 0.19214 40.2612 -4.87135 1.02592 3.05166 0.00828654 -0.0912938 1.45587 -4.47722 1.94251 1.04212 -0.49034 -0.316503 2.18005
323.735 0.324202 0.450816 2.09005 -2.97559 -0.095295 2.42637 0.306972 0.474647 2.16255 -2.81312 0.185282 2.51805 -0.0172305 0.0238308 0.0725007 0.162462 0.280577 0.0916722 0.0782378 19.1688 0.277371 0.540912 1.92402 -2.78431 0.508108 2.15599 -0.0468308 0.0900965 -0.166026 0.191277 0.603403 -0.270385 0.194615 40.1786 -4.89617 0.982023 3.0504 0.00719389 -0.0901779 1.48442 -4.53035 1.90672 1.03902 -0.490184 -0.309787 2.21162
324.347 0.319341 0.456154 2.08945 -2.97602 -0.0935683 2.4138 0.297946 0.476174 2.14431 -2.81761 0.28614 2.53608 -0.0213952 0.0200199 0.0548518 0.158414 0.379708 0.122287 0.0621873 24.3063 0.267333 0.517023 1.92524 -2.78246 0.506106 2.1668 -0.0520083 0.0608689 -0.164215 0.193568 0.599674 -0.246995 0.182692 39.4806 -4.94951 0.877065 3.04542 0.00649004 -0.0896528 1.55127 -4.64994 1.81835 1.03121 -0.4945 -0.304383 2.29102
326.577 0.29751 0.431406 2.09545 -3.08291 -0.0494922 2.40754 0.27859 0.462065 2.17062 -2.68874 0.192684 2.49487 -0.01892 0.0306585 0.0751706 0.394168 0.242176 0.0873362 0.0833579 26.617 0.237707 0.463567 1.9586 -2.79324 0.508157 2.15852 -0.059803 0.0321603 -0.136844 0.289673 0.557649 -0.249014 0.152764 39.9389 -5.08948 0.464593 3.01112 0.00619481 -0.081032 1.79362 -5.04993 1.45259 0.998702 -0.466649 -0.388019 2.59447
328.181 0.273031 0.405971 2.11239 -3.03204 0.0284503 2.41345 0.255144 0.435174 2.19081 -2.80937 -0.0630541 2.40988 -0.0178871 0.0292037 0.0784187 0.222666 -0.0915044 -0.00356932 0.0855704 13.7872 0.224546 0.462769 1.97589 -2.79074 0.515958 2.15745 -0.0484855 0.0567987 -0.136499 0.241298 0.487508 -0.256007 0.155592 35.8828 -5.13534 0.146868 3.00338 0.0108368 -0.079862 1.96252 -5.3046 1.1382 0.987987 -0.37633 -0.34377 2.74049
328.512 0.268199 0.405608 2.11497 -3.01548 0.0420691 2.41354 0.246105 0.422699 2.1531 -2.70135 0.0824712 2.44123 -0.0220944 0.0170912 0.0381362 0.31413 0.0404022 0.0276844 0.047272 18.1161 0.221695 0.463984 1.97958 -2.7899 0.517536 2.1578 -0.0465043 0.0583757 -0.135386 0.225584 0.475467 -0.255745 0.154595 34.9491 -5.13773 0.100837 3.00409 0.0114744 -0.0806588 1.9868 -5.33779 1.08781 0.987171 -0.361311 -0.328798 2.76005
328.867 0.2611 0.4087 2.11788 -2.99058 0.0600732 2.41344 0.243682 0.426693 2.17762 -2.95947 0.258564 2.47223 -0.0174175 0.0179936 0.0597392 0.0311142 0.198491 0.0587946 0.0647758 11.9125 0.21541 0.475574 1.97911 -2.79007 0.520514 2.15481 -0.0456898 0.066874 -0.13877 0.20051 0.460441 -0.258629 0.160676 33.7483 -5.13915 0.040412 3.00571 0.0119887 -0.0827377 2.01921 -5.3795 1.01911 0.986258 -0.342604 -0.306375 2.78638
329.126 0.255696 0.412318 2.11975 -2.97071 0.072182 2.41323 0.237845 0.433121 2.19002 -2.8245 -0.0625981 2.41035 -0.0178511 0.0208038 0.0702777 0.146212 -0.13478 -0.00288559 0.0754348 11.3907 0.221481 0.47772 1.98342 -2.78699 0.519334 2.15835 -0.0342144 0.0654025 -0.136323 0.183727 0.447152 -0.254881 0.155022 32.6321 -5.1389 -0.00420766 3.00737 0.0122474 -0.084432 2.04364 -5.40873 0.966435 0.985714 -0.330327 -0.288303 2.8064
329.435 0.250314 0.417511 2.12116 -2.94998 0.0824414 2.41297 0.228504 0.429744 2.15544 -2.70924 0.106077 2.42389 -0.0218092 0.0122333 0.0342837 0.240741 0.0236352 0.0109176 0.0424343 13.8148 0.217668 0.482288 1.98662 -2.784 0.518892 2.16101 -0.0326459 0.0647776 -0.13454 0.165979 0.43645 -0.251964 0.152849 31.6379 -5.13752 -0.0482548 3.0093 0.0124054 -0.0864511 2.06825 -5.43604 0.912827 0.985279 -0.320282 -0.269538 2.82655
329.727 0.242415 0.426592 2.12229 -2.92274 0.0924071 2.41305 0.224723 0.442022 2.17826 -2.94823 0.27039 2.47487 -0.017692 0.0154303 0.0559692 -0.0254974 0.177983 0.0618229 0.060693 10.9774 0.211762 0.492221 1.98618 -2.78574 0.521009 2.15472 -0.0306528 0.0656295 -0.136114 0.136998 0.428602 -0.25833 0.154188 30.819 -5.13391 -0.10618 3.01206 0.011922 -0.0895533 2.10157 -5.46935 0.840011 0.984845 -0.311332 -0.244969 2.85363
330.036 0.236554 0.433673 2.12272 -2.904 0.0959447 2.41318 0.206928 0.421792 2.06257 -2.58804 0.195548 2.47167 -0.0296264 -0.0118809 -0.0601501 0.315962 0.0996034 0.058492 0.0680949 18.8023 0.216498 0.492397 1.9873 -2.78339 0.521407 2.15857 -0.0200564 0.0587244 -0.135419 0.120607 0.425462 -0.254607 0.14896 30.205 -5.12989 -0.149114 3.01404 0.0112199 -0.0917568 2.12683 -5.49192 0.784524 0.984608 -0.308704 -0.228001 2.87422
330.337 0.23021 0.441182 2.12248 -2.88708 0.0958757 2.41277 0.206137 0.448738 2.14201 -3.02434 0.309481 2.47192 -0.0240731 0.00755594 0.0195276 -0.137256 0.213606 0.0591525 0.0319051 15.2831 0.21323 0.493589 1.98767 -2.78252 0.521853 2.16004 -0.0169795 0.0524072 -0.134813 0.104562 0.425977 -0.252732 0.145634 29.8413 -5.12475 -0.191695 3.01576 0.0102081 -0.0938308 2.15236 -5.51235 0.728396 0.984363 -0.31 -0.212631 2.89515
330.945 0.217398 0.45937 2.12025 -2.85577 0.0853048 2.41003 0.190522 0.463013 2.1314 -2.62344 0.114329 2.45836 -0.0268764 0.00364258 0.0111564 0.23233 0.029024 0.0483256 0.0293271 13.4252 0.209818 0.49764 1.99041 -2.78361 0.52354 2.15881 -0.00758004 0.0382695 -0.129832 0.0721541 0.438236 -0.251215 0.135567 29.7826 -5.10842 -0.290143 3.01853 0.00748842 -0.098448 2.21284 -5.55156 0.595324 0.983407 -0.324112 -0.184307 2.94615
331.232 0.21349 0.469221 2.11838 -2.84526 0.0797763 2.40852 0.187605 0.474515 2.14054 -2.72462 0.0645097 2.40323 -0.0258848 0.00529379 0.0221569 0.120641 -0.0152666 -0.00529021 0.0344815 6.99549 0.205107 0.499054 1.99011 -2.78428 0.524567 2.15774 -0.00838302 0.0298326 -0.128277 0.0609849 0.444791 -0.250777 0.131967 29.9095 -5.09955 -0.332145 3.01939 0.0065183 -0.101117 2.23926 -5.56474 0.537494 0.982814 -0.331729 -0.175629 2.96924
331.548 0.210085 0.477837 2.11676 -2.83633 0.0748746 2.40722 0.179912 0.48396 2.12883 -2.62103 -0.00708732 2.40857 -0.0301732 0.00612301 0.0120728 0.215301 -0.0819619 0.00134499 0.0330706 13.194 0.204084 0.501411 1.9887 -2.78491 0.52434 2.15761 -0.00600114 0.0235739 -0.12806 0.0514186 0.449465 -0.249613 0.13035 29.9641 -5.08953 -0.374156 3.0202 0.00532413 -0.103126 2.26595 -5.57569 0.479242 0.982083 -0.338505 -0.167877 2.99302
332.122 0.206456 0.492752 2.1139 -2.81728 0.0672967 2.40297 0.179027 0.508817 2.16226 -2.77509 -0.0632024 2.37478 -0.0274289 0.0160649 0.0483605 0.042194 -0.130499 -0.0281845 0.0578719 8.02262 0.198688 0.497317 1.98894 -2.78498 0.527214 2.15834 -0.007768 0.00456536 -0.124958 0.0323029 0.459918 -0.244627 0.125283 30.1006 -5.06154 -0.472548 3.02197 0.0032501 -0.105094 2.32886 -5.59252 0.34217 0.979665 -0.349122 -0.149201 3.0512
332.433 0.207143 0.495844 2.11331 -2.81043 0.0655533 2.40043 0.178464 0.510501 2.14265 -2.71184 0.102597 2.41354 -0.0286787 0.0146567 0.029339 0.0985855 0.0370433 0.0131114 0.0435668 6.02148 0.199682 0.495159 1.99067 -2.78433 0.52616 2.15997 -0.00746128 -0.000684526 -0.122636 0.0260974 0.460606 -0.24046 0.122865 29.9537 -5.04755 -0.514932 3.02258 0.00284285 -0.10438 2.35603 -5.5961 0.283165 0.978319 -0.351317 -0.141173 3.0776
333.076 0.212983 0.502728 2.11206 -2.80056 0.0685693 2.39574 0.174075 0.501372 2.07076 -2.55456 0.0420607 2.41047 -0.0389084 -0.00135641 -0.0413011 0.246001 -0.0265086 0.0147341 0.0567582 14.1546 0.202155 0.484757 2.00126 -2.78218 0.523124 2.16432 -0.0108278 -0.0179717 -0.110794 0.0183818 0.454555 -0.231412 0.112763 29.3318 -5.01028 -0.614117 3.0239 0.00257454 -0.102636 2.42 -5.59678 0.145443 0.974935 -0.349265 -0.128257 -3.14012
333.406 0.216714 0.505659 2.1115 -2.79956 0.0732473 2.39492 0.179477 0.506999 2.08135 -2.71841 -0.0884394 2.33641 -0.0372373 0.00133942 -0.030158 0.0811489 -0.161687 -0.0585123 0.0479366 10.8795 0.203148 0.4832 2.00599 -2.78572 0.522935 2.15764 -0.0135659 -0.0224592 -0.105514 0.0138406 0.449688 -0.237289 0.108728 29.1986 -4.99235 -0.656607 3.02462 0.00267372 -0.101873 2.44759 -5.59402 0.0865304 0.973593 -0.344785 -0.125969 -3.11084
333.97 0.228788 0.518837 2.10947 -2.79871 0.0942627 2.39872 0.19061 0.518501 2.08379 -2.70893 -0.0826629 2.33715 -0.0381778 -0.000335336 -0.0256748 0.0897858 -0.176926 -0.0615673 0.0460093 11.9067 0.203885 0.481189 2.01398 -2.78557 0.52416 2.15317 -0.0249031 -0.037648 -0.0954874 0.0131403 0.429898 -0.245548 0.105619 28.4363 -4.94586 -0.755212 3.0273 0.00338553 -0.10326 2.5127 -5.58106 -0.0504068 0.971121 -0.324481 -0.125834 -3.04234
334.881 0.242525 0.529084 2.11052 -2.80168 0.146262 2.41893 0.213149 0.551302 2.1665 -2.96774 0.30615 2.45862 -0.0293755 0.0222183 0.055986 -0.166057 0.159887 0.0396968 0.067015 13.7521 0.21957 0.472195 2.02473 -2.78343 0.521623 2.15728 -0.0229551 -0.0568885 -0.0857838 0.0182489 0.375361 -0.261649 0.105461 26.3825 -4.86762 -0.893624 3.03371 0.00246469 -0.101804 2.60576 -5.54826 -0.244525 0.969016 -0.26846 -0.129728 -2.94924
335.5 0.247673 0.534269 2.11286 -2.79874 0.189843 2.43615 0.22013 0.551516 2.15298 -2.85491 0.27498 2.46268 -0.0275437 0.0172472 0.0401149 -0.0561758 0.0851371 0.0265241 0.0516268 6.2217 0.230528 0.473109 2.02946 -2.78195 0.525409 2.16104 -0.0171449 -0.0611603 -0.0834026 0.0167872 0.335566 -0.275108 0.104836 25.047 -4.81426 -0.974463 3.03875 0.000876079 -0.100795 2.66144 -5.52138 -0.360072 0.968182 -0.222109 -0.128203 -2.89515
335.807 0.249917 0.536323 2.11495 -2.79532 0.220093 2.44668 0.222844 0.559482 2.16885 -2.96315 0.300035 2.45853 -0.0270734 0.0231595 0.0539009 -0.167835 0.0799421 0.011847 0.0646114 10.8268 0.233844 0.471405 2.03451 -2.78434 0.528665 2.15914 -0.0160737 -0.0649172 -0.0804375 0.0109748 0.308572 -0.28754 0.104608 24.2865 -4.77624 -1.02722 3.04218 -0.000445044 -0.0997315 2.69846 -5.50082 -0.436582 0.967837 -0.190464 -0.125189 -2.85812
336.091 0.252181 0.539554 2.1163 -2.79087 0.242982 2.45399 0.22401 0.555589 2.15419 -2.8513 0.271735 2.46246 -0.0281709 0.0160351 0.0378827 -0.0604236 0.0287532 0.0084747 0.049858 3.97365 0.235796 0.477251 2.03409 -2.78744 0.532171 2.1545 -0.0163847 -0.0623035 -0.0822089 0.00342926 0.28919 -0.29949 0.104444 23.8648 -4.74654 -1.06614 3.04477 -0.00126885 -0.0999999 2.72631 -5.4841 -0.493668 0.967739 -0.167395 -0.121914 -2.8295
336.372 0.254668 0.540214 2.11829 -2.78645 0.264698 2.46045 0.232191 0.575369 2.21618 -2.69499 0.223633 2.47384 -0.022477 0.0351549 0.0978843 0.0914556 -0.0410651 0.0133971 0.106407 5.62441 0.24129 0.475089 2.03752 -2.78557 0.531576 2.16051 -0.013378 -0.0651256 -0.0807769 0.000875192 0.266878 -0.299937 0.104619 22.9795 -4.71586 -1.10448 3.04731 -0.00200624 -0.0993497 2.75411 -5.46631 -0.550522 0.967746 -0.144856 -0.117869 -2.8002
336.685 0.257608 0.541936 2.12022 -2.77992 0.294285 2.46794 0.228547 0.562253 2.16224 -2.74066 0.300331 2.48421 -0.0290612 0.0203176 0.0420146 0.0392591 0.00604651 0.0162729 0.054978 2.19553 0.248709 0.475115 2.03986 -2.78968 0.532523 2.15412 -0.00889868 -0.0668209 -0.0803625 -0.00975998 0.238238 -0.313815 0.104892 22.3672 -4.67351 -1.15463 3.05066 -0.00237468 -0.0987314 2.7912 -5.44102 -0.626041 0.967936 -0.115093 -0.112313 -2.76047
336.973 0.260429 0.540865 2.12225 -2.77535 0.315556 2.47362 0.233384 0.567717 2.17929 -2.84601 0.356583 2.50146 -0.0270444 0.026852 0.0570471 -0.0706578 0.0410266 0.0278336 0.0686061 5.35848 0.250631 0.477035 2.04037 -2.79108 0.531586 2.15259 -0.00979773 -0.06383 -0.0818767 -0.0157359 0.21603 -0.321028 0.104279 21.8485 -4.64074 -1.19146 3.05311 -0.00228165 -0.0974723 2.81887 -5.4209 -0.682505 0.968132 -0.0926136 -0.108333 -2.73071
337.294 0.263942 0.540695 2.12403 -2.76972 0.336496 2.4799 0.240759 0.574718 2.2137 -2.74776 0.293643 2.48298 -0.0231825 0.0340228 0.0896706 0.0219597 -0.0428535 0.00308363 0.0986701 2.73953 0.259563 0.476045 2.04618 -2.78783 0.530269 2.15912 -0.00437891 -0.06465 -0.0778427 -0.018107 0.193772 -0.320781 0.101283 21.0957 -4.60718 -1.22754 3.05553 -0.00173468 -0.0967641 2.84655 -5.39978 -0.738811 0.96838 -0.0702361 -0.104404 -2.70133
337.92 0.27013 0.54284 2.12791 -2.75038 0.384711 2.49798 0.244867 0.571456 2.19764 -2.77277 0.378392 2.47274 -0.0252633 0.0286154 0.0697256 -0.0223911 -0.00631919 -0.0252423 0.0794905 1.57694 0.268477 0.492506 2.05317 -2.79028 0.534181 2.15636 -0.00165336 -0.0503341 -0.0747404 -0.0398984 0.14947 -0.341618 0.0901243 20.523 -4.5261 -1.30834 3.06177 -0.000561737 -0.096364 2.91118 -5.3464 -0.869531 0.96947 -0.0182066 -0.0918445 -2.635
338.277 0.271817 0.544433 2.12962 -2.73937 0.404937 2.5077 0.24458 0.565186 2.17736 -2.77723 0.43265 2.50297 -0.0272368 0.0207529 0.0477412 -0.0378637 0.0277136 -0.00472729 0.0587516 2.61209 0.273842 0.494361 2.05967 -2.788 0.533119 2.16102 0.00202511 -0.050072 -0.0699513 -0.0486347 0.128182 -0.346678 0.0860494 20.1386 -4.49027 -1.34136 3.06494 -0.000188834 -0.0964998 2.93899 -5.32168 -0.925248 0.970336 0.00418866 -0.0849086 -2.60763
338.637 0.272042 0.547894 2.13055 -2.72726 0.425057 2.51828 0.247741 0.571 2.1889 -2.71335 0.445196 2.52027 -0.0243011 0.0231064 0.058348 0.0139136 0.0201382 0.00198746 0.0672974 1.3797 0.276349 0.501481 2.06264 -2.79027 0.533832 2.15598 0.0043075 -0.0464128 -0.0679109 -0.0630089 0.108775 -0.362303 0.0823686 20.324 -4.45382 -1.37335 3.06843 0.00021207 -0.0972223 2.96698 -5.29587 -0.980748 0.971528 0.0263247 -0.0778702 -2.58093
338.961 0.273601 0.552433 2.13257 -2.70967 0.449924 2.53561 0.248695 0.573864 2.18888 -2.70478 0.435271 2.54327 -0.0249056 0.0214314 0.0563055 0.00488583 -0.0146539 0.00766772 0.0651913 0.933351 0.281862 0.513002 2.06682 -2.78833 0.533339 2.1598 0.00826132 -0.0394305 -0.0657539 -0.0786623 0.0834141 -0.375805 0.0771141 20.3633 -4.40428 -1.41431 3.07348 0.00053087 -0.0986647 3.00468 -5.25971 -1.05434 0.97359 0.0549815 -0.0687517 -2.54633
339.276 0.273661 0.554721 2.13408 -2.69645 0.466465 2.54869 0.248734 0.577779 2.18923 -2.70214 0.435987 2.54413 -0.0249278 0.0230582 0.0551458 -0.00568459 -0.0304778 -0.00456239 0.0647622 1.77476 0.288558 0.517903 2.07363 -2.78541 0.531266 2.16708 0.014897 -0.0368175 -0.0604541 -0.0889628 0.0648005 -0.38161 0.0723336 20.267 -4.36644 -1.44373 3.0775 0.000699671 -0.0991648 3.03315 -5.23124 -1.1091 0.975493 0.0750025 -0.0615639 -2.52086
339.606 0.272293 0.556874 2.13531 -2.68265 0.48139 2.56143 0.254519 0.593218 2.24016 -2.70958 0.448572 2.52352 -0.0177733 0.0363438 0.104853 -0.0269292 -0.0328173 -0.0379089 0.112387 2.76173 0.293621 0.524704 2.07891 -2.79032 0.530443 2.16091 0.0213281 -0.0321695 -0.056395 -0.107675 0.0490532 -0.400521 0.0683386 20.8529 -4.32803 -1.472 3.08173 0.000718956 -0.0994432 3.0618 -5.20156 -1.16338 0.977708 0.0933101 -0.0535433 -2.49552
339.911 0.27156 0.560045 2.13705 -2.66177 0.498042 2.57889 0.250074 0.590112 2.21762 -2.70361 0.49677 2.55581 -0.0214859 0.0300664 0.0805768 -0.0418379 -0.00127159 -0.0230811 0.0886468 2.11544 0.293605 0.539066 2.08046 -2.79133 0.528135 2.16099 0.0220448 -0.0209788 -0.0565841 -0.129559 0.0300934 -0.417907 0.0642483 21.3599 -4.276 -1.50788 3.08773 0.000897667 -0.100185 3.10047 -5.16002 -1.23484 0.981132 0.115004 -0.0409752 -2.46158
340.243 0.272329 0.561298 2.13857 -2.64418 0.507535 2.59137 0.250208 0.592364 2.21879 -2.7064 0.496586 2.55513 -0.0221216 0.0310667 0.0802197 -0.062219 -0.0109495 -0.0362409 0.088824 3.20748 0.297481 0.543039 2.08431 -2.7901 0.525095 2.16456 0.0251515 -0.0182589 -0.0542592 -0.145913 0.0175595 -0.426809 0.0625304 21.5926 -4.2364 -1.53339 3.09249 0.00151234 -0.10034 3.12966 -5.1273 -1.28758 0.984 0.129117 -0.0292759 -2.43575
340.563 0.272568 0.564148 2.13929 -2.62403 0.515792 2.60313 0.251335 0.596065 2.22912 -2.6504 0.507738 2.57344 -0.0212322 0.0319172 0.0898355 -0.026373 -0.00805407 -0.0296897 0.0976726 1.69466 0.299228 0.551588 2.08484 -2.79393 0.52527 2.15833 0.0266605 -0.0125601 -0.0544481 -0.169899 0.00947797 -0.444802 0.0619123 22.2846 -4.19635 -1.55767 3.09744 0.00243694 -0.100946 -3.12415 -5.09319 -1.33947 0.987038 0.141571 -0.0155037 -2.40947
340.801 0.273355 0.566634 2.14017 -2.60281 0.522322 2.6144 0.251372 0.600049 2.22946 -2.64785 0.508466 2.57445 -0.0219826 0.033415 0.089293 -0.0450412 -0.0138559 -0.0399499 0.0978419 2.58952 0.305912 0.55882 2.08623 -2.79126 0.523884 2.16307 0.0325572 -0.00781358 -0.0539379 -0.188454 0.00156199 -0.451329 0.0634848 22.4684 -4.15589 -1.58066 3.1025 0.00346928 -0.101446 -3.09468 -5.05766 -1.39042 0.990184 0.152627 -0.000317403 -2.38267
341.143 0.272653 0.569838 2.14121 -2.57455 0.528762 2.62761 0.253065 0.603747 2.23603 -2.59096 0.508857 2.61589 -0.0195883 0.0339087 0.0948196 -0.01641 -0.0199042 -0.0117192 0.102588 1.41748 0.310385 0.56792 2.08947 -2.7917 0.522613 2.16258 0.0377321 -0.00191805 -0.0517328 -0.217147 -0.00614908 -0.465031 0.0640599 23.0228 -4.10132 -1.60923 3.10931 0.0043181 -0.101901 -3.05532 -5.00812 -1.45667 0.994537 0.164408 0.0211222 -2.34619
341.456 0.270405 0.572107 2.1421 -2.5549 0.532056 2.63595 0.252757 0.607358 2.24223 -2.54526 0.535306 2.61422 -0.0176472 0.0352507 0.100135 0.0096469 0.00324994 -0.0217299 0.107616 1.60937 0.315342 0.572887 2.09289 -2.79365 0.522971 2.16065 0.0449369 0.000779861 -0.0492016 -0.238746 -0.00908519 -0.475306 0.0666388 23.4806 -4.05998 -1.62906 3.11434 0.00418906 -0.102176 -3.02593 -4.96938 -1.50497 0.997851 0.170774 0.0369176 -2.31837
341.78 0.268563 0.57441 2.14319 -2.53705 0.533091 2.64285 0.246878 0.605363 2.22418 -2.54661 0.567543 2.64279 -0.0216852 0.0309538 0.0809909 -0.00955515 0.0344525 -5.52572e-05 0.0893751 2.04813 0.318345 0.580529 2.09052 -2.79269 0.522664 2.16455 0.0497819 0.00611931 -0.0526652 -0.255641 -0.010427 -0.478296 0.0727276 23.6318 -4.01833 -1.64752 3.1192 0.00371528 -0.102696 -2.99656 -4.92931 -1.55192 1.00118 0.174249 0.0520777 -2.29017
348.733 0.24718 0.628602 2.12549 -2.37811 0.403783 2.48016 0.224922 0.657449 2.19384 -2.3694 0.391762 2.4739 -0.0222575 0.028847 0.0683535 0.00871031 -0.0120209 -0.00625948 0.077458 0.99544 0.250756 0.60645 2.0566 -2.80362 0.530008 2.16581 0.00357649 -0.0221519 -0.0688898 -0.425511 0.126225 -0.314349 0.072452 23.8831 -2.83221 -1.62895 3.17658 -0.00329338 -0.0927771 -2.26905 -3.53051 -2.10236 1.03521 -0.00868109 0.292033 -1.51308
349.002 0.245786 0.63051 2.12565 -2.36634 0.405634 2.47697 0.227298 0.67311 2.23614 -2.39885 0.379178 2.43316 -0.0184886 0.0426004 0.110489 -0.0325147 -0.026456 -0.0438083 0.119852 2.9139 0.246047 0.606916 2.05554 -2.80545 0.530531 2.16186 0.000260716 -0.0235934 -0.0701084 -0.43911 0.124896 -0.315109 0.0739723 24.3843 -2.78942 -1.61043 3.17763 -0.00341228 -0.0919853 -2.24424 -3.47299 -2.09888 1.03453 -0.00789733 0.305743 -1.48471
350.821 0.241059 0.654984 2.12612 -2.25446 0.436024 2.50227 0.220748 0.695315 2.23858 -2.30384 0.491389 2.4866 -0.020311 0.0403313 0.112465 -0.0493742 0.0553648 -0.0156664 0.121192 4.07391 0.258139 0.621866 2.06051 -2.79625 0.527136 2.16758 0.0170802 -0.0331174 -0.0656088 -0.54179 0.0911122 -0.33469 0.075452 28.2663 -2.51808 -1.4624 3.1843 -0.00315693 -0.0933868 -2.07476 -3.09646 -2.04402 1.02878 0.0318666 0.405988 -1.30686
351.075 0.241774 0.657465 2.12613 -2.2412 0.438724 2.50715 0.216785 0.684624 2.18891 -2.24487 0.470674 2.53049 -0.0249891 0.027159 0.0627753 -0.00366927 0.0319506 0.0233398 0.0728203 2.33028 0.258837 0.626453 2.05893 -2.79778 0.52826 2.16226 0.0170628 -0.0310118 -0.0672062 -0.556583 0.0895359 -0.344889 0.0759576 28.9626 -2.4797 -1.43657 3.18459 -0.00293174 -0.0936931 -2.04841 -3.04196 -2.03158 1.02795 0.0368253 0.416824 -1.28077
351.379 0.244428 0.658343 2.12615 -2.2311 0.439299 2.51019 0.218854 0.697265 2.2199 -2.24036 0.443204 2.49648 -0.0255744 0.0389223 0.0937446 -0.00926682 0.00390539 -0.0137141 0.104676 0.770248 0.262555 0.623293 2.05938 -2.794 0.526363 2.16649 0.0181271 -0.0350503 -0.06677 -0.562905 0.0870645 -0.343708 0.0775587 29.2232 -2.44197 -1.40981 3.18448 -0.00196922 -0.0936013 -2.02192 -2.98822 -2.0182 1.02715 0.0397731 0.425092 -1.25478
351.674 0.248614 0.658116 2.12608 -2.22341 0.43834 2.51221 0.222861 0.699622 2.22121 -2.23976 0.440165 2.49516 -0.0257533 0.0415056 0.0951337 -0.016353 0.00182422 -0.0170464 0.106941 1.03173 0.269719 0.623891 2.05919 -2.7912 0.523758 2.16696 0.0211047 -0.0342249 -0.0668892 -0.567794 0.0854172 -0.345252 0.0780443 29.4743 -2.39281 -1.37266 3.18372 -0.000483514 -0.093232 -1.98636 -2.91774 -1.99898 1.02604 0.0413539 0.431219 -1.22026
352.027 0.250922 0.655828 2.12647 -2.22347 0.437319 2.51276 0.226603 0.697256 2.21987 -2.23736 0.439621 2.49636 -0.0243196 0.0414282 0.0933949 -0.0138838 0.00230252 -0.0163942 0.105025 0.9475 0.271623 0.625129 2.0584 -2.79281 0.523524 2.16044 0.0207004 -0.0306988 -0.0680703 -0.569339 0.0862049 -0.352316 0.0774886 29.6241 -2.35689 -1.34371 3.18271 0.000282882 -0.0923249 -1.9599 -2.8657 -1.98363 1.02515 0.0419062 0.43109 -1.19443
352.355 0.252717 0.655103 2.12635 -2.22717 0.437255 2.51375 0.231148 0.701144 2.23533 -2.24062 0.48468 2.51205 -0.0215689 0.0460407 0.108975 -0.0134585 0.0474248 -0.00170328 0.120252 2.81439 0.275929 0.626136 2.05882 -2.78868 0.521148 2.16582 0.0232128 -0.0289672 -0.0675346 -0.561516 0.0838929 -0.347931 0.077064 29.2389 -2.32188 -1.31386 3.18142 0.000831786 -0.0923461 -1.93339 -2.81434 -1.96752 1.02422 0.0426456 0.426612 -1.1686
352.734 0.254521 0.655562 2.12587 -2.23362 0.43831 2.51588 0.228102 0.681399 2.1786 -2.21235 0.440128 2.53375 -0.0264191 0.0258364 0.0527261 0.0212755 0.00181833 0.0178687 0.0643858 1.21788 0.276057 0.634887 2.055 -2.79006 0.522437 2.15872 0.0215365 -0.0206752 -0.0708671 -0.556438 0.0841278 -0.357155 0.0768988 29.0848 -2.28783 -1.28314 3.17999 0.00131387 -0.0931165 -1.90666 -2.76363 -1.95063 1.02332 0.0443111 0.418388 -1.14269
354.06 0.262911 0.65272 2.12561 -2.27731 0.453229 2.54173 0.239034 0.689043 2.19995 -2.25737 0.471004 2.54752 -0.023877 0.0363226 0.0743406 0.0199437 0.0177746 0.00579175 0.086116 1.45428 0.29038 0.655687 2.03661 -2.78209 0.521069 2.16029 0.0274684 0.00296695 -0.0890008 -0.504776 0.0678398 -0.381437 0.0931904 26.9981 -2.14273 -1.12781 3.17287 0.00172133 -0.0967931 -1.77611 -2.53551 -1.86081 1.02029 0.0668405 0.360878 -1.01979
355.052 0.27101 0.642068 2.1272 -2.31996 0.46139 2.56524 0.245486 0.684821 2.21425 -2.30864 0.508876 2.56146 -0.0255237 0.0427531 0.0870506 0.0113205 0.0474856 -0.00377969 0.100285 2.82854 0.292101 0.672658 2.02564 -2.78342 0.519285 2.15821 0.0210911 0.0305902 -0.10156 -0.463463 0.0578951 -0.407024 0.108144 25.8599 -2.05399 -1.00513 3.16585 0.0012122 -0.0981275 -1.67647 -2.38082 -1.78571 1.01888 0.0825409 0.307957 -0.933118
356.735 0.283027 0.616297 2.12876 -2.41255 0.446842 2.5818 0.255805 0.644446 2.16964 -2.40338 0.51298 2.61445 -0.0272218 0.0281484 0.0408848 0.00917088 0.0661384 0.0326542 0.056612 4.15058 0.289551 0.691642 2.01308 -2.78942 0.519485 2.15422 0.00652454 0.0753445 -0.115675 -0.376877 0.0726424 -0.427581 0.138203 24.2095 -1.94018 -0.790955 3.15122 -0.00031382 -0.100936 -1.51082 -2.14539 -1.64541 1.01994 0.0719217 0.208892 -0.797798
357.75 0.281464 0.594849 2.13294 -2.44028 0.435017 2.58394 0.26788 0.653198 2.27206 -2.51291 0.399353 2.56797 -0.0135839 0.0583493 0.13912 -0.0726355 -0.0356633 -0.0159649 0.151471 4.38687 0.280673 0.695816 2.00798 -2.79553 0.519113 2.15273 -0.00079033 0.100967 -0.124958 -0.355252 0.0840964 -0.431209 0.160653 24.0894 -1.88755 -0.647698 3.14547 -0.00367592 -0.100878 -1.40772 -2.00561 -1.53962 1.02398 0.0594944 0.183147 -0.706692
358.43 0.279532 0.579937 2.13676 -2.43519 0.426713 2.58396 0.258942 0.6211 2.22145 -2.41957 0.417413 2.58244 -0.0205895 0.0411629 0.0846851 0.0156228 -0.00929988 -0.00151898 0.096384 1.07556 0.281006 0.694208 2.00576 -2.79624 0.512555 2.1597 0.00147442 0.114271 -0.131 -0.361048 0.0858411 -0.424253 0.173842 24.1245 -1.85871 -0.544412 3.14404 -0.00576789 -0.099751 -1.33522 -1.91193 -1.45482 1.02775 0.0513277 0.190763 -0.63979
358.753 0.279507 0.574585 2.13818 -2.42717 0.422899 2.58392 0.252203 0.599583 2.17183 -2.39016 0.435291 2.59889 -0.0273033 0.0249978 0.0336527 0.0370078 0.0123911 0.0149751 0.0500287 2.05481 0.272847 0.697101 2.00251 -2.79913 0.513064 2.1568 -0.00665939 0.122516 -0.135668 -0.371959 0.0901645 -0.427121 0.182922 24.5535 -1.84823 -0.499658 3.14404 -0.00611694 -0.0992253 -1.30398 -1.87302 -1.41549 1.02938 0.0480936 0.199514 -0.610786
359.069 0.279615 0.569913 2.13956 -2.4162 0.419078 2.58402 0.263837 0.620251 2.2714 -2.48869 0.418038 2.58293 -0.015778 0.0503377 0.131838 -0.0724963 -0.00104046 -0.00109304 0.142 4.1291 0.273109 0.699735 2.00119 -2.80106 0.512292 2.15565 -0.00650539 0.129822 -0.138366 -0.384862 0.0932142 -0.428372 0.189846 24.9845 -1.83886 -0.454714 3.14441 -0.00632609 -0.098653 -1.27274 -1.83497 -1.37426 1.03097 0.0450618 0.211118 -0.581718
359.394 0.279371 0.566411 2.14084 -2.40247 0.415241 2.58426 0.252206 0.588207 2.17185 -2.39712 0.432277 2.59593 -0.0271643 0.0217967 0.0310128 0.00534253 0.0170356 0.0116657 0.0466346 1.15114 0.266325 0.699663 2.00138 -2.804 0.512432 2.15224 -0.0130456 0.133253 -0.139464 -0.401536 0.0971906 -0.432021 0.19333 25.6083 -1.83057 -0.409653 3.14516 -0.00662023 -0.0982289 -1.24157 -1.79788 -1.3311 1.03251 0.0419268 0.225371 -0.552712
359.743 0.278037 0.566421 2.1416 -2.37974 0.410008 2.58472 0.252011 0.584892 2.17015 -2.36052 0.453364 2.6176 -0.026026 0.0184709 0.0285516 0.0192211 0.0433568 0.0328796 0.042822 3.03241 0.262645 0.703596 2.00085 -2.8034 0.511544 2.15525 -0.0153926 0.137175 -0.140753 -0.423661 0.101536 -0.429479 0.197143 26.2467 -1.8212 -0.349478 3.14675 -0.00728508 -0.099029 -1.19987 -1.75009 -1.27054 1.0345 0.0366179 0.247848 -0.514392
360.033 0.276619 0.566333 2.14208 -2.36236 0.40413 2.58357 0.255301 0.597138 2.21539 -2.3674 0.404142 2.60032 -0.0213176 0.0308051 0.0733126 -0.00504271 1.1149e-05 0.0167485 0.0823294 1.10571 0.263931 0.70433 2.00159 -2.80357 0.510299 2.15696 -0.0126873 0.137997 -0.140491 -0.441217 0.106168 -0.426607 0.197337 26.8096 -1.81539 -0.304289 3.14816 -0.00778209 -0.0991137 -1.16868 -1.71562 -1.22293 1.03591 0.0304918 0.266037 -0.486192
360.36 0.275622 0.565845 2.1423 -2.34633 0.395458 2.57992 0.253821 0.595025 2.21115 -2.31201 0.394332 2.62024 -0.0218003 0.0291793 0.0688467 0.0343145 -0.00112609 0.0403242 0.077888 2.38999 0.254501 0.705141 2.00201 -2.80674 0.51022 2.15316 -0.0211202 0.139295 -0.140291 -0.460415 0.114762 -0.426761 0.198823 27.6102 -1.8106 -0.259067 3.14958 -0.00785293 -0.0987117 -1.13774 -1.68241 -1.17357 1.03722 0.0212577 0.283934 -0.458663
361.053 0.273913 0.570741 2.13999 -2.31895 0.366014 2.56105 0.257631 0.610662 2.26167 -2.37534 0.363159 2.56045 -0.016282 0.0399216 0.121687 -0.0563934 -0.00285521 -0.000602156 0.129099 3.22306 0.253735 0.703601 1.99949 -2.80354 0.510156 2.15967 -0.0201788 0.13286 -0.140497 -0.484588 0.144142 -0.401384 0.194418 28.5491 -1.80336 -0.153508 3.15227 -0.00688509 -0.0995706 -1.06651 -1.61002 -1.05215 1.03972 -0.0143428 0.317086 -0.396773
361.433 0.272944 0.574714 2.13788 -2.31354 0.349614 2.54828 0.249892 0.599446 2.20254 -2.31975 0.372774 2.56186 -0.0230523 0.0247326 0.0646566 -0.00621247 0.0231601 0.0135768 0.0729629 1.63972 0.245745 0.703248 1.99712 -2.80435 0.510526 2.15711 -0.0271988 0.128535 -0.140769 -0.490814 0.160912 -0.391172 0.192553 28.9983 -1.80201 -0.108248 3.15289 -0.00619889 -0.100502 -1.03639 -1.58128 -0.997716 1.04047 -0.0357004 0.32571 -0.370994
362.033 0.270658 0.586222 2.13083 -2.31427 0.302482 2.50937 0.25176 0.620462 2.23653 -2.30691 0.326043 2.54801 -0.0188984 0.0342399 0.105691 0.00735731 0.023561 0.0386389 0.112695 2.51482 0.242324 0.702785 1.98514 -2.80102 0.506225 2.16084 -0.0283344 0.116563 -0.145693 -0.486751 0.203744 -0.348528 0.188722 29.3794 -1.80327 -0.00244755 3.15253 -0.00418366 -0.103398 -0.965923 -1.51993 -0.865999 1.04132 -0.0985212 0.333244 -0.311522
362.392 0.269605 0.590446 2.12778 -2.3182 0.279209 2.49022 0.249272 0.620279 2.21495 -2.29953 0.289325 2.51098 -0.0203335 0.0298331 0.0871707 0.0186757 0.0101163 0.0207555 0.0943515 1.47698 0.230537 0.703382 1.97943 -2.80452 0.508781 2.15528 -0.0390679 0.112936 -0.148346 -0.486312 0.229572 -0.334946 0.190492 29.9173 -1.80588 0.0430428 3.15139 -0.00371039 -0.104578 -0.935633 -1.49627 -0.807876 1.04117 -0.130405 0.333023 -0.285919
362.743 0.264953 0.594664 2.12416 -2.32423 0.254191 2.46764 0.239886 0.610547 2.15686 -2.25213 0.311706 2.51675 -0.0250666 0.0158829 0.0327014 0.0720995 0.057515 0.0491027 0.0441586 5.4166 0.230318 0.701489 1.97557 -2.80295 0.509416 2.16011 -0.0346343 0.106825 -0.14859 -0.47872 0.255225 -0.307535 0.186253 30.0775 -1.8098 0.0886638 3.14962 -0.00397527 -0.105369 -0.905266 -1.47428 -0.748951 1.04073 -0.164695 0.331979 -0.259886
363.131 0.260045 0.597741 2.12003 -2.33219 0.219385 2.43608 0.239243 0.62021 2.17733 -2.30626 0.227 2.45456 -0.0208028 0.0224687 0.0572937 0.0259327 0.00761497 0.0184814 0.0649628 1.68005 0.228653 0.695789 1.97057 -2.80254 0.511527 2.1634 -0.0313921 0.0980478 -0.149465 -0.470343 0.292142 -0.272675 0.18149 30.6215 -1.81715 0.149754 3.14641 -0.00432106 -0.105842 -0.86486 -1.44767 -0.669364 1.03976 -0.21288 0.330477 -0.224008
363.448 0.258104 0.598058 2.1173 -2.33671 0.192602 2.41097 0.240706 0.641547 2.23485 -2.35288 0.201828 2.44844 -0.0173978 0.0434892 0.117549 -0.016169 0.0092266 0.0374757 0.126538 2.55497 0.222083 0.691179 1.96822 -2.80029 0.51073 2.16827 -0.0360212 0.0931212 -0.149085 -0.46358 0.318128 -0.242696 0.17943 31.0634 -1.82426 0.195785 3.1435 -0.00395796 -0.105602 -0.834625 -1.42983 -0.609055 1.0388 -0.249592 0.330515 -0.196053
363.808 0.256574 0.599436 2.11423 -2.33841 0.166649 2.38481 0.231144 0.622135 2.16415 -2.32453 0.214593 2.41698 -0.0254294 0.0226988 0.0499113 0.0138869 0.0479432 0.0321676 0.0604402 3.31954 0.214783 0.695339 1.96205 -2.80371 0.512598 2.16093 -0.0417905 0.0959029 -0.152184 -0.465292 0.345948 -0.223881 0.184672 32.0591 -1.83279 0.241985 3.14035 -0.00329852 -0.10594 -0.804428 -1.41388 -0.548362 1.03777 -0.286273 0.332498 -0.167545
364.12 0.254532 0.602909 2.11029 -2.33638 0.135153 2.35115 0.231302 0.628194 2.17508 -2.3393 0.146288 2.3748 -0.0232303 0.0252848 0.0647951 -0.00291423 0.0111345 0.0236423 0.0733306 1.52752 0.217513 0.691563 1.96288 -2.8017 0.513011 2.16292 -0.0370189 0.0886544 -0.147413 -0.465314 0.377858 -0.188238 0.175956 33.1639 -1.84647 0.30381 3.136 -0.00309054 -0.107597 -0.764029 -1.3956 -0.46704 1.03637 -0.333575 0.337918 -0.129153
364.425 0.251826 0.606538 2.1073 -2.33223 0.114215 2.327 0.227358 0.621892 2.13736 -2.36742 0.21094 2.42397 -0.024468 0.0153543 0.0300594 -0.0351906 0.0967247 0.0969653 0.0416894 8.32112 0.204371 0.69228 1.95907 -2.80448 0.517146 2.15706 -0.0474541 0.0857423 -0.148229 -0.472248 0.402931 -0.169945 0.177695 34.3859 -1.85853 0.350362 3.13273 -0.00361774 -0.109379 -0.733327 -1.38418 -0.405918 1.03542 -0.367309 0.344013 -0.100488
365.071 0.249898 0.602524 2.10466 -2.3137 0.0696176 2.27502 0.228985 0.634507 2.17072 -2.38131 0.185913 2.38216 -0.0209137 0.0319821 0.0660586 -0.0676032 0.116296 0.107144 0.076315 10.1527 0.207698 0.677603 1.95732 -2.80183 0.518324 2.16473 -0.0422 0.0750783 -0.147339 -0.488127 0.448707 -0.110295 0.170664 36.9485 -1.89296 0.459686 3.12523 -0.00497088 -0.109248 -0.661614 -1.36555 -0.26363 1.03361 -0.439102 0.367428 -0.0360166
365.426 0.252798 0.596923 2.10514 -2.30163 0.0530198 2.25564 0.228087 0.638564 2.19074 -2.33728 0.0552704 2.29229 -0.0247113 0.0416404 0.0855981 -0.035653 0.00225065 0.0366574 0.0983443 3.01077 0.194805 0.674586 1.95363 -2.80494 0.52146 2.15975 -0.0579927 0.077663 -0.15151 -0.503316 0.46844 -0.0958873 0.179861 38.4074 -1.9104 0.506772 3.122 -0.00528705 -0.108238 -0.630885 -1.36108 -0.2031 1.03296 -0.467167 0.381146 -0.00985616
365.801 0.253261 0.591049 2.10488 -2.28875 0.0374537 2.23423 0.228923 0.629979 2.18086 -2.29785 0.0481457 2.24623 -0.0243383 0.0389301 0.0759764 -0.00909123 0.010692 0.0120051 0.0887712 1.07265 0.192436 0.671992 1.95117 -2.80406 0.519419 2.16294 -0.0608249 0.0809433 -0.15371 -0.515303 0.481966 -0.071289 0.184061 39.5772 -1.92941 0.553913 3.11872 -0.0054169 -0.106395 -0.600249 -1.35868 -0.142972 1.03234 -0.493255 0.395672 0.0156081
366.055 0.257604 0.58376 2.1055 -2.2754 0.0235398 2.21636 0.228766 0.61096 2.14418 -2.29079 0.0129069 2.22684 -0.0288379 0.0271999 0.038683 -0.0153856 -0.0106329 0.0104776 0.055388 1.23606 0.195515 0.662176 1.95768 -2.80128 0.516187 2.16921 -0.0620886 0.0784164 -0.147817 -0.525876 0.492648 -0.0471502 0.178477 40.6107 -1.94994 0.601016 3.11538 -0.00531766 -0.104717 -0.569655 -1.35831 -0.0833164 1.03178 -0.517166 0.409696 0.04056
366.455 0.264229 0.573317 2.10647 -2.25923 0.00732074 2.19602 0.236442 0.615161 2.18899 -2.28485 0.00681103 2.22241 -0.0277874 0.0418446 0.0825238 -0.0256204 -0.000509709 0.0263913 0.096609 2.11507 0.189289 0.656711 1.96052 -2.80552 0.515906 2.16333 -0.0749401 0.083394 -0.145954 -0.546286 0.508585 -0.0326968 0.184047 42.1923 -1.97959 0.663578 3.11103 -0.0053805 -0.102257 -0.529011 -1.36093 -0.00457204 1.03124 -0.545171 0.426276 0.073259
366.848 0.27038 0.565182 2.10729 -2.2495 -0.00219081 2.18477 0.242654 0.605396 2.18477 -2.28776 0.012987 2.20155 -0.0277257 0.040214 0.0774841 -0.0382598 0.0151778 0.0167734 0.0915951 2.55098 0.188322 0.654245 1.96425 -2.80767 0.513896 2.16106 -0.0820579 0.0890622 -0.143039 -0.558175 0.516087 -0.0237124 0.187419 43.0553 -2.00346 0.710173 3.10808 -0.00529208 -0.100318 -0.498736 -1.36515 0.0539817 1.03104 -0.561082 0.435994 0.0981778
367.16 0.27798 0.5583 2.10793 -2.24224 -0.00778188 2.17826 0.245209 0.584177 2.14892 -2.21656 0.0148355 2.17133 -0.0327709 0.0258778 0.0409911 0.0256807 0.0226174 -0.00693293 0.0585138 2.00154 0.191089 0.640195 1.97026 -2.80517 0.51011 2.16649 -0.0868908 0.0818957 -0.137673 -0.562927 0.517892 -0.0117704 0.182238 43.4372 -2.02866 0.75635 3.10568 -0.00482227 -0.0989096 -0.468669 -1.37128 0.112255 1.03103 -0.570297 0.44284 0.124328
367.538 0.289079 0.554486 2.10797 -2.2368 -0.00640285 2.17903 0.256333 0.584617 2.17142 -2.18089 0.025928 2.16063 -0.032746 0.0301317 0.0634469 0.0559097 0.0323308 -0.0184 0.0774966 3.8561 0.186125 0.639106 1.97369 -2.81067 0.509962 2.1551 -0.102954 0.0846207 -0.134279 -0.573864 0.516365 -0.023938 0.189185 43.7174 -2.06422 0.817043 3.10356 -0.00411163 -0.0990997 -0.428372 -1.38234 0.189802 1.03116 -0.569458 0.447196 0.162238
367.866 0.298262 0.55515 2.1076 -2.23561 0.00091753 2.18666 0.272251 0.594886 2.22379 -2.27727 0.00823828 2.17414 -0.0260109 0.0397355 0.116188 -0.0416587 0.00732075 -0.0125221 0.12552 2.52429 0.183515 0.642686 1.97561 -2.80853 0.509826 2.1566 -0.114747 0.0875358 -0.131994 -0.572915 0.508908 -0.0300548 0.19558 43.3383 -2.09235 0.86177 3.10281 -0.00348514 -0.100559 -0.397838 -1.39278 0.248004 1.03133 -0.559097 0.447218 0.193086
368.228 0.307352 0.554886 2.10755 -2.23773 0.0114632 2.19883 0.272823 0.575557 2.14475 -2.20356 0.00168589 2.16676 -0.0345283 0.0206713 0.0372003 0.0341717 -0.00977729 -0.0320641 0.054803 2.75122 0.191281 0.632931 1.98322 -2.8042 0.507352 2.16245 -0.11607 0.0780452 -0.124333 -0.566472 0.495889 -0.0363767 0.187142 42.5204 -2.12177 0.905719 3.10274 -0.00272105 -0.101233 -0.36718 -1.40499 0.306337 1.03159 -0.54191 0.444773 0.225834
368.592 0.319068 0.555008 2.10763 -2.24443 0.0286194 2.21913 0.284596 0.577558 2.15575 -2.23962 0.0100397 2.19223 -0.0344724 0.0225496 0.0481186 0.00480132 -0.0185796 -0.026906 0.0633422 1.89775 0.183247 0.63578 1.98513 -2.80868 0.507793 2.14854 -0.135822 0.080772 -0.1225 -0.56425 0.479174 -0.0705935 0.199945 41.5264 -2.16301 0.962949 3.10335 -0.00165979 -0.102094 -0.326392 -1.42388 0.384383 1.03208 -0.512896 0.437753 0.271618
368.905 0.326998 0.558544 2.10699 -2.2503 0.0429431 2.23537 0.300289 0.587013 2.18748 -2.23839 0.0346823 2.20782 -0.0267087 0.0284693 0.0804863 0.0119088 -0.00826082 -0.0275527 0.0894534 1.8071 0.192096 0.63662 1.9882 -2.8033 0.506001 2.15482 -0.134902 0.0780765 -0.11879 -0.553006 0.463058 -0.0805576 0.195973 40.3757 -2.19545 1.00472 3.10418 -0.00107561 -0.104112 -0.295492 -1.43995 0.443132 1.03259 -0.490152 0.430589 0.306651
369.213 0.33309 0.560107 2.10693 -2.25737 0.0557112 2.2506 0.311639 0.598917 2.21372 -2.26504 0.0183672 2.21333 -0.0214505 0.0388106 0.106787 -0.00767587 -0.0373441 -0.0372745 0.115628 3.0435 0.195658 0.63559 1.99216 -2.80191 0.505724 2.15518 -0.137432 0.0754836 -0.114768 -0.54454 0.450013 -0.0954277 0.194311 39.4345 -2.22923 1.04543 3.10516 -0.00108388 -0.105119 -0.264455 -1.4576 0.502071 1.03327 -0.469159 0.422958 0.341731
369.853 0.341678 0.558954 2.10762 -2.27132 0.0754005 2.27251 0.318367 0.589763 2.18017 -2.27872 0.0763943 2.25523 -0.0233109 0.0308096 0.0725441 -0.00739621 0.000993839 -0.0172812 0.0821905 1.04867 0.191137 0.627981 1.9936 -2.80256 0.509393 2.15465 -0.15054 0.0690274 -0.114026 -0.531236 0.433993 -0.117864 0.20107 38.1393 -2.31319 1.13599 3.10746 -0.00191979 -0.105202 -0.192071 -1.50489 0.640188 1.0355 -0.437123 0.410044 0.422203
370.122 0.34296 0.557029 2.10796 -2.27395 0.0785924 2.27365 0.326353 0.596366 2.20815 -2.27729 0.105161 2.27288 -0.0166068 0.0393373 0.100192 -0.00333932 0.0265683 -0.000767217 0.108911 1.53442 0.19365 0.621312 1.99806 -2.79995 0.507869 2.1624 -0.149309 0.064283 -0.109899 -0.526004 0.429277 -0.111256 0.196223 37.7682 -2.35127 1.17281 3.10819 -0.00236552 -0.104568 -0.161219 -1.52778 0.699543 1.03661 -0.433026 0.409068 0.455712
370.471 0.343985 0.555266 2.10834 -2.27367 0.0787824 2.27032 0.323442 0.587474 2.18227 -2.27301 0.0591704 2.27255 -0.0205436 0.0322079 0.0739319 0.00066047 -0.019612 0.00222922 0.0832185 1.13125 0.193256 0.62003 1.99958 -2.80238 0.508684 2.16149 -0.150729 0.0647638 -0.108764 -0.528707 0.429901 -0.108832 0.196833 37.9126 -2.39051 1.20839 3.10866 -0.00275466 -0.104286 -0.130517 -1.55223 0.758955 1.03773 -0.434793 0.410981 0.488522
371.315 0.341869 0.541255 2.10931 -2.25799 0.0517731 2.2291 0.330347 0.585659 2.22223 -2.27816 0.079082 2.22951 -0.0115213 0.0444045 0.112919 -0.0201743 0.0273089 0.000408343 0.121882 1.94642 0.194077 0.609383 2.00096 -2.81205 0.508407 2.15535 -0.147792 0.0681281 -0.108351 -0.554066 0.456633 -0.0737535 0.195509 40.2114 -2.52894 1.31771 3.10807 -0.0021054 -0.100274 -0.0297785 -1.64502 0.956365 1.04161 -0.481965 0.432813 0.586842
371.551 0.339273 0.536474 2.10941 -2.24666 0.0327253 2.20702 0.319625 0.565129 2.16959 -2.24234 0.047233 2.22433 -0.0196482 0.0286556 0.0601763 0.00431795 0.0145076 0.0173127 0.0694866 1.31015 0.199133 0.604875 1.99971 -2.81137 0.508955 2.15784 -0.14014 0.0684012 -0.1097 -0.564711 0.47623 -0.0491795 0.190662 41.5908 -2.58715 1.35724 3.10695 -0.00162696 -0.0997039 0.00962248 -1.68702 1.03456 1.04303 -0.513405 0.44337 0.61963
371.909 0.335367 0.531665 2.10953 -2.23828 0.0159962 2.18997 0.319107 0.564795 2.17912 -2.23675 0.0318163 2.18488 -0.0162598 0.0331304 0.069586 0.00152879 0.0158201 -0.00508992 0.0787669 0.956953 0.205192 0.596851 2.00287 -2.80859 0.506893 2.16378 -0.130174 0.0651863 -0.106656 -0.570314 0.490897 -0.0261916 0.180472 42.5882 -2.63171 1.38527 3.10578 -0.00128608 -0.0986549 0.0386477 -1.72039 1.09264 1.04397 -0.539339 0.450381 0.641622
372.225 0.331768 0.527658 2.10964 -2.22933 -0.00186205 2.17364 0.311653 0.554272 2.16045 -2.20922 0.0327529 2.19831 -0.0201159 0.0266142 0.0508061 0.0201073 0.034615 0.0246753 0.0607801 2.68497 0.204802 0.592825 2.00523 -2.81011 0.509975 2.15994 -0.126966 0.0651671 -0.10441 -0.580782 0.511837 -0.0136973 0.176829 43.9345 -2.677 1.41189 3.10433 -0.000884801 -0.0983565 0.0672452 -1.75532 1.15003 1.0448 -0.566634 0.456012 0.66167
372.55 0.327894 0.524069 2.10938 -2.22021 -0.0208015 2.15727 0.303771 0.544004 2.13851 -2.19427 -0.0184466 2.16285 -0.0241232 0.0199349 0.0291317 0.0259355 0.00235493 0.00557766 0.0427549 1.53212 0.203921 0.594282 2.00287 -2.80886 0.510952 2.16076 -0.123973 0.070213 -0.106507 -0.588657 0.531754 0.00348808 0.177885 45.1892 -2.72297 1.4371 3.10269 -0.00011606 -0.0982575 0.0954855 -1.79182 1.2065 1.0456 -0.594877 0.460356 0.680079
372.861 0.324358 0.519537 2.10894 -2.20824 -0.0454785 2.13749 0.299267 0.538168 2.12649 -2.15761 -0.0248655 2.13922 -0.0250909 0.0186318 0.0175512 0.0506307 0.020613 0.00173435 0.0358433 3.13688 0.206043 0.589789 2.00512 -2.8054 0.509429 2.16409 -0.118315 0.0702527 -0.103824 -0.597161 0.554907 0.0265984 0.172375 46.6648 -2.78529 1.46846 3.10039 0.00164122 -0.0985286 0.132718 -1.84293 1.28012 1.04662 -0.630583 0.463901 0.703785

373.828 0.316865 0.5038 2.10911 -2.19246 -0.0950409 2.10358 0.300527 0.541614 2.1966 -2.16884 -0.0585673 2.09834 -0.0163384 0.0378137 0.087491 0.0236203 0.0364736 -0.00523704 0.0967032 2.49528 0.218041 0.58203 2.00449 -2.79987 0.505597 2.16377 -0.0988247 0.0782304 -0.104624 -0.607411 0.600638 0.060196 0.163806 49.1884 -2.94556 1.53488 3.09509 0.00727672 -0.0973499 0.22399 -1.98261 1.45337 1.04872 -0.693009 0.460113 0.771215
374.075 0.314584 0.496149 2.11014 -2.19354 -0.106943 2.09759 0.301458 0.540017 2.21753 -2.19498 -0.0790105 2.10314 -0.0131255 0.0438681 0.107392 -0.0014425 0.0279325 0.00554935 0.116746 1.63231 0.212088 0.581459 2.00157 -2.8024 0.506198 2.15714 -0.102496 0.0853105 -0.108571 -0.608866 0.613141 0.0595498 0.171962 49.7133 -2.99467 1.55126 3.09355 0.0084438 -0.0957931 0.251086 -2.02754 1.50165 1.04921 -0.70464 0.455533 0.795425
374.441 0.310187 0.483063 2.11214 -2.19925 -0.119824 2.09162 0.29184 0.519215 2.17503 -2.18852 -0.104072 2.08927 -0.0183465 0.0361524 0.0628929 0.0107259 0.0157521 -0.00234841 0.0748272 1.09182 0.215768 0.569523 2.00303 -2.80181 0.503982 2.15992 -0.0944194 0.0864604 -0.109108 -0.602567 0.623807 0.0683028 0.168211 49.9705 -3.04409 1.56598 3.09195 0.00911235 -0.091634 0.277327 -2.0737 1.54797 1.04969 -0.714453 0.449393 0.821657
374.724 0.302504 0.458872 2.11611 -2.21311 -0.138268 2.08207 0.285634 0.504833 2.17844 -2.17533 -0.130824 2.06948 -0.01687 0.045961 0.0623269 0.0377826 0.00744495 -0.0125893 0.0792569 2.22932 0.207026 0.550631 2.00467 -2.80379 0.505283 2.1609 -0.0954783 0.0917582 -0.111437 -0.590676 0.643552 0.0788317 0.173072 50.4064 -3.11014 1.58308 3.08975 0.00962989 -0.0832079 0.309806 -2.13696 1.60653 1.05032 -0.72624 0.438893 0.859822
375.049 0.294795 0.439191 2.11923 -2.22687 -0.152304 2.07182 0.279967 0.483772 2.18629 -2.20675 -0.148606 2.05302 -0.0148278 0.0445816 0.0670529 0.0201179 0.00369812 -0.0188013 0.0818747 1.47034 0.200435 0.532717 2.00863 -2.80741 0.511452 2.15824 -0.0943599 0.0935265 -0.110605 -0.580541 0.663756 0.0864127 0.172871 50.9354 -3.15945 1.59415 3.08814 0.00987569 -0.076167 0.331644 -2.18558 1.64791 1.05085 -0.735512 0.430026 0.890556
375.395 0.285864 0.420058 2.12207 -2.24185 -0.166609 2.0574 0.269544 0.457732 2.17156 -2.19112 -0.149843 2.06753 -0.0163203 0.0376743 0.0494857 0.0507259 0.0167657 0.0101242 0.0643004 3.19953 0.194967 0.519545 2.01032 -2.80975 0.515818 2.15844 -0.090897 0.0994874 -0.111751 -0.567901 0.682427 0.101037 0.175066 51.4197 -3.20826 1.60384 3.0867 0.0102714 -0.0693061 0.350987 -2.23504 1.68701 1.05148 -0.746698 0.421178 0.922561
375.737 0.27652 0.4022 2.12458 -2.25685 -0.181525 2.03833 0.260036 0.436577 2.1794 -2.22408 -0.167294 2.05182 -0.0164847 0.0343768 0.0548194 0.0327724 0.0142312 0.0134904 0.0667733 2.30036 0.176598 0.50358 2.01409 -2.81315 0.522401 2.15547 -0.0999227 0.10138 -0.110489 -0.556302 0.703927 0.117136 0.180195 52.1173 -3.25633 1.6123 3.08549 0.0110062 -0.0629704 0.367693 -2.28519 1.72372 1.05229 -0.760807 0.412749 0.955384
376.13 0.259696 0.384276 2.12609 -2.27771 -0.202589 2.0044 0.248375 0.4188 2.18577 -2.25634 -0.185732 2.03515 -0.0113215 0.0345243 0.0596774 0.0213688 0.0168568 0.0307426 0.0698677 2.52321 0.165771 0.482812 2.02173 -2.81438 0.52545 2.15714 -0.0939254 0.0985365 -0.104356 -0.536666 0.728039 0.152735 0.171527 52.9432 -3.31889 1.62184 3.08436 0.0120484 -0.0561109 0.385813 -2.35282 1.76887 1.05367 -0.784694 0.401962 0.999884
376.409 0.246 0.373282 2.12705 -2.29384 -0.219584 1.97504 0.234148 0.403044 2.17786 -2.24373 -0.195999 1.99853 -0.0118527 0.0297615 0.0508075 0.0501151 0.0235857 0.0234907 0.0600636 3.67098 0.156223 0.472573 2.02526 -2.81495 0.527932 2.15825 -0.0897769 0.0992908 -0.101794 -0.521111 0.747517 0.183207 0.168168 53.711 -3.36446 1.62782 3.08393 0.012632 -0.0520473 0.396356 -2.40385 1.79985 1.05496 -0.805948 0.393623 1.03359
376.807 0.230364 0.364776 2.12752 -2.31096 -0.237494 1.94356 0.217519 0.389941 2.17344 -2.25278 -0.216094 1.94649 -0.012845 0.0251654 0.0459206 0.0581834 0.0214 0.00292897 0.0539166 3.59107 0.1367 0.463945 2.02641 -2.81627 0.533139 2.15703 -0.0936643 0.0991696 -0.101107 -0.505309 0.770633 0.213465 0.169794 54.6963 -3.40877 1.63291 3.08389 0.0128704 -0.0485917 0.404422 -2.45489 1.82833 1.05644 -0.829208 0.384788 1.06731
377.057 0.206085 0.357151 2.12712 -2.336 -0.262378 1.89978 0.202914 0.389848 2.22114 -2.32002 -0.232117 1.92191 -0.00317118 0.0326969 0.0940174 0.0159808 0.0302611 0.022139 0.0995913 2.454 0.123333 0.445771 2.03387 -2.81663 0.535901 2.15819 -0.0827521 0.08862 -0.0932491 -0.480627 0.798279 0.258417 0.15296 55.9195 -3.46574 1.63844 3.08453 0.0126865 -0.0445737 0.411627 -2.52261 1.86235 1.05864 -0.860873 0.372403 1.11176
377.378 0.187231 0.352202 2.12688 -2.35636 -0.280341 1.86886 0.178287 0.374258 2.16992 -2.32843 -0.264894 1.89757 -0.00894376 0.0220564 0.0430378 0.0279245 0.0154477 0.0287102 0.0491806 2.73237 0.108925 0.438236 2.03478 -2.81714 0.538164 2.15832 -0.0783059 0.0860339 -0.0921029 -0.460779 0.818505 0.289463 0.14838 56.8104 -3.50685 1.64177 3.08559 0.0122759 -0.0414762 0.414675 -2.57287 1.88488 1.06032 -0.882506 0.362693 1.14458
377.718 0.167675 0.348676 2.12636 -2.37882 -0.296082 1.84113 0.157327 0.372817 2.19454 -2.321 -0.284409 1.83535 -0.0103489 0.0241414 0.0681774 0.0578249 0.0116726 -0.00577854 0.073062 3.30239 0.091997 0.428537 2.03684 -2.81786 0.539511 2.15843 -0.0756785 0.0798608 -0.0895268 -0.439035 0.835593 0.3173 0.141845 57.513 -3.54652 1.64454 3.08716 0.0117015 -0.0383348 0.415981 -2.62247 1.90487 1.06187 -0.899764 0.352575 1.17698
378.04 0.142668 0.347259 2.12517 -2.41184 -0.310586 1.81165 0.135725 0.367647 2.18636 -2.37594 -0.291873 1.83731 -0.006944 0.0203879 0.0611871 0.0359014 0.018713 0.025663 0.0648671 3.05569 0.0708368 0.417585 2.04154 -2.8172 0.542129 2.15904 -0.0718317 0.0703261 -0.0836275 -0.405357 0.852715 0.347388 0.130764 58.0511 -3.59707 1.64751 3.0901 0.0112548 -0.0345404 0.415478 -2.68723 1.92767 1.06355 -0.912802 0.338256 1.21939
378.316 0.125974 0.347434 2.12496 -2.43861 -0.315717 1.79575 0.116236 0.370529 2.21487 -2.38044 -0.281694 1.8091 -0.00973764 0.0230954 0.0899117 0.0581705 0.0340237 0.0133488 0.0933399 4.12227 0.056689 0.412363 2.04383 -2.81655 0.543013 2.15906 -0.069285 0.064929 -0.0811241 -0.377942 0.858731 0.363315 0.124889 58.028 -3.63318 1.64933 3.09288 0.0111678 -0.0322394 0.413765 -2.73447 1.94193 1.06445 -0.914489 0.326932 1.25001
378.661 0.110012 0.350924 2.12411 -2.46592 -0.315689 1.78479 0.0957524 0.36821 2.18913 -2.41582 -0.318159 1.7762 -0.0142598 0.0172857 0.0650207 0.0500921 -0.00247016 -0.00859697 0.0687738 2.76017 0.0441602 0.406343 2.04668 -2.81499 0.54414 2.15937 -0.0658521 0.0554187 -0.0774281 -0.349078 0.859829 0.374581 0.115771 57.7084 -3.66773 1.65088 3.09612 0.0110877 -0.0305946 0.411187 -2.78031 1.95377 1.06507 -0.910113 0.315669 1.27857
379.268 0.0779733 0.365707 2.1224 -2.52239 -0.300103 1.7738 0.0616058 0.381311 2.19813 -2.46837 -0.319305 1.74725 -0.0163675 0.015604 0.0757385 0.0540115 -0.0192023 -0.0265529 0.0790424 3.19855 0.0234154 0.398911 2.05018 -2.80932 0.546163 2.16059 -0.0545579 0.0332044 -0.0722151 -0.286931 0.846266 0.386786 0.096406 56.1715 -3.74223 1.65376 3.10474 0.0101339 -0.0287507 0.403052 -2.88035 1.9721 1.0654 -0.884692 0.29404 1.33157
379.605 0.0666591 0.374099 2.12161 -2.54061 -0.288836 1.77322 0.0462915 0.389199 2.19921 -2.5444 -0.301796 1.7833 -0.0203677 0.0151002 0.0776008 -0.0037984 -0.0129598 0.0100833 0.0816379 0.92704 0.0161474 0.397326 2.05095 -2.80541 0.54563 2.16198 -0.0505117 0.0232269 -0.0706622 -0.264807 0.834466 0.388756 0.0899114 55.2797 -3.77161 1.6548 3.10827 0.00938158 -0.0285132 0.399109 -2.91975 1.97609 1.06474 -0.870449 0.288397 1.34684
379.888 0.0576707 0.383533 2.12057 -2.55414 -0.27618 1.77401 0.0355546 0.408275 2.24596 -2.5798 -0.290526 1.78939 -0.0221161 0.0247424 0.125392 -0.0256654 -0.0143456 0.015386 0.129709 1.69996 0.0128489 0.392829 2.0524 -2.80248 0.544941 2.16174 -0.0448218 0.00929611 -0.0681651 -0.24834 0.821122 0.387735 0.0821091 54.3548 -3.79954 1.65579 3.1111 0.00881474 -0.0285203 0.39511 -2.9568 1.97792 1.06328 -0.855903 0.285191 1.35742
380.204 0.0502866 0.395784 2.11966 -2.56741 -0.257734 1.77825 0.0245336 0.415285 2.22564 -2.58777 -0.277895 1.77133 -0.0257531 0.0195011 0.105982 -0.020352 -0.0201604 -0.00691718 0.110796 1.75947 0.00850249 0.392243 2.05654 -2.79691 0.542798 2.16157 -0.0417842 -0.00354127 -0.0631245 -0.229499 0.800532 0.383328 0.0757836 52.9705 -3.83456 1.65712 3.11333 0.00846784 -0.0288752 0.389878 -3.00242 1.97748 1.05977 -0.834799 0.282226 1.36615
380.512 0.0477783 0.404848 2.11903 -2.57566 -0.242952 1.78408 0.0194205 0.421328 2.20166 -2.54877 -0.253548 1.78515 -0.0283578 0.0164802 0.0826361 0.0268854 -0.010596 0.00106703 0.0889072 1.6707 0.00805546 0.396451 2.0622 -2.79136 0.540083 2.16172 -0.0397229 -0.00839729 -0.0568224 -0.215698 0.783035 0.37764 0.069837 51.7792 -3.85921 1.65812 3.11366 0.00849438 -0.0293632 0.38613 -3.03368 1.97527 1.05595 -0.817635 0.279691 1.36976
380.821 0.0472394 0.413086 2.1186 -2.58342 -0.227895 1.79201 0.0163849 0.428192 2.18269 -2.55393 -0.240906 1.76667 -0.0308545 0.0151063 0.0640976 0.0294969 -0.0130109 -0.0253344 0.0727235 2.09275 0.00944864 0.401282 2.06857 -2.78713 0.537955 2.16116 -0.0377908 -0.011804 -0.0500238 -0.203702 0.76585 0.369152 0.0637955 50.5649 -3.8825 1.65913 3.11287 0.00847024 -0.029972 0.382601 -3.06232 1.9717 1.05127 -0.799554 0.276322 1.37163
381.436 0.0506405 0.429593 2.11726 -2.60601 -0.194368 1.81762 0.017384 0.447884 2.18574 -2.58863 -0.225425 1.78228 -0.0332565 0.0182914 0.0684808 0.0173825 -0.0310561 -0.0353413 0.0782955 2.72347 0.0126841 0.411466 2.08489 -2.77754 0.532974 2.15954 -0.0379564 -0.0181267 -0.0323686 -0.171529 0.727342 0.341917 0.0530753 47.551 -3.93176 1.66147 3.10686 0.00738097 -0.0315634 0.37555 -3.11839 1.95931 1.03817 -0.757596 0.261387 1.37362
381.729 0.0544923 0.435063 2.11686 -2.61782 -0.179967 1.83027 0.019068 0.449659 2.16243 -2.58116 -0.192524 1.81178 -0.0354243 0.0145961 0.0455694 0.036657 -0.0125574 -0.0184836 0.0595357 2.28619 0.0145926 0.41483 2.0907 -2.77403 0.531439 2.15847 -0.0398997 -0.0202334 -0.0261668 -0.156208 0.711405 0.328199 0.0518274 46.2177 -3.95074 1.66247 3.10282 0.00676202 -0.0325514 0.373123 -3.1378 1.95278 1.03198 -0.739053 0.25209 1.3749
382.31 0.0692071 0.447018 2.11671 -2.64453 -0.137007 1.86203 0.031214 0.472361 2.21116 -2.69026 -0.153104 1.84868 -0.0379931 0.0253436 0.0944448 -0.0457344 -0.0160977 -0.0133502 0.104908 2.98019 0.0237463 0.423318 2.1013 -2.76439 0.528585 2.15782 -0.0454608 -0.0236997 -0.0154156 -0.119861 0.665591 0.295788 0.053535 42.6855 -3.99022 1.66476 3.09131 0.00579622 -0.0364384 0.368939 -3.17315 1.93591 1.01639 -0.687861 0.230257 1.37939
382.941 0.0863782 0.455219 2.1182 -2.66031 -0.0872505 1.89192 0.0480758 0.477867 2.18812 -2.66988 -0.10799 1.8775 -0.0383024 0.0226479 0.0699253 -0.00957367 -0.0207391 -0.0144275 0.0828828 1.57619 0.0372643 0.425967 2.10788 -2.75579 0.52659 2.15705 -0.0491138 -0.0292525 -0.0103229 -0.0954819 0.613841 0.265132 0.0580899 39.0645 -4.0189 1.66649 3.07976 0.00545509 -0.040815 0.366946 -3.19346 1.92079 1.00178 -0.632755 0.216668 1.38202
383.262 0.0980233 0.458963 2.11996 -2.66576 -0.0513549 1.91324 0.059584 0.482014 2.18962 -2.66485 -0.105796 1.87711 -0.0384393 0.0230516 0.0696566 0.000914132 -0.0544409 -0.0361371 0.0828312 3.74178 0.0443791 0.424105 2.11185 -2.75207 0.525446 2.15416 -0.0536442 -0.0348577 -0.00811288 -0.0863108 0.576801 0.240916 0.064487 36.5182 -4.03557 1.66738 3.07106 0.00490871 -0.043984 0.366322 -3.2023 1.91096 0.991572 -0.594071 0.210861 1.3811
383.522 0.106359 0.460314 2.12167 -2.66657 -0.0251895 1.9296 0.0696931 0.489215 2.20521 -2.68017 -0.0429635 1.91344 -0.0366663 0.0289007 0.0835419 -0.0135978 -0.017774 -0.0161651 0.0957023 1.59716 0.0476743 0.425629 2.11591 -2.75104 0.524431 2.15192 -0.0586851 -0.0346845 -0.00576645 -0.0844669 0.54962 0.222322 0.068412 34.6902 -4.04686 1.66784 3.06374 0.00424053 -0.0462719 0.366169 -3.20662 1.90387 0.983583 -0.566109 0.208662 1.37834
383.837 0.114314 0.459317 2.12387 -2.66412 -0.000883892 1.94596 0.0786053 0.490702 2.21229 -2.64269 -0.00346552 1.93295 -0.0357085 0.0313843 0.0884155 0.0214322 -0.00258162 -0.0130035 0.100386 1.44266 0.0527251 0.425246 2.12028 -2.7509 0.523758 2.15062 -0.0615887 -0.0340719 -0.00358984 -0.0867833 0.524642 0.204665 0.0704766 33.0529 -4.05718 1.66811 3.05573 0.0034134 -0.0479556 0.366262 -3.20908 1.89711 0.975333 -0.539827 0.20895 1.37362
384.148 0.124688 0.455532 2.12736 -2.65563 0.0292624 1.96766 0.0854685 0.477688 2.16649 -2.64177 -0.00583681 1.94144 -0.0392196 0.0221561 0.0391301 0.0138609 -0.0350992 -0.0262144 0.0596677 2.63789 0.0576918 0.423865 2.12727 -2.75158 0.521436 2.14814 -0.0669963 -0.0316669 -8.6778e-05 -0.0959461 0.492174 0.180486 0.0741033 30.9958 -4.06943 1.66815 3.04418 0.00236646 -0.0497169 0.366713 -3.20978 1.88875 0.964031 -0.507006 0.213335 1.36474
384.448 0.13256 0.452153 2.13011 -2.64584 0.050628 1.98366 0.0939597 0.473769 2.16623 -2.60004 0.0262877 1.96052 -0.0385999 0.0216156 0.0361193 0.0458029 -0.0243403 -0.0231408 0.0571121 3.29491 0.0621885 0.420677 2.12952 -2.75159 0.520728 2.14718 -0.0703711 -0.0314761 -0.000586865 -0.105746 0.4701 0.163515 0.077092 29.6627 -4.07749 1.66793 3.03491 0.001848 -0.0512119 0.367235 -3.20855 1.88309 0.955339 -0.48393 0.219086 1.35681
384.805 0.139912 0.448623 2.13268 -2.63385 0.0711113 1.99902 0.102925 0.467513 2.15533 -2.58247 0.0868787 1.99747 -0.0369875 0.0188901 0.0226451 0.0513758 0.0157673 -0.00154379 0.0473045 3.08705 0.0660925 0.416917 2.12991 -2.75124 0.520638 2.14661 -0.07382 -0.0317055 -0.0027743 -0.117386 0.449526 0.147596 0.0803886 28.4872 -4.08459 1.6675 3.02518 0.00143916 -0.0529512 0.367871 -3.20604 1.878 0.946401 -0.461447 0.226956 1.34832
385.106 0.146944 0.445637 2.13583 -2.61936 0.0928281 2.01511 0.113804 0.475466 2.21859 -2.64827 0.096238 2.01202 -0.0331394 0.0298287 0.0827614 -0.0289159 0.00340993 -0.00308431 0.0940076 1.66107 0.0692872 0.413351 2.12972 -2.75092 0.520402 2.1455 -0.0776565 -0.0322857 -0.00611165 -0.131562 0.427574 0.130389 0.0843223 27.2993 -4.09074 1.66683 3.01495 0.00102911 -0.05504 0.368598 -3.20242 1.87355 0.937144 -0.43944 0.236281 1.33994
385.927 0.161097 0.435176 2.14637 -2.56894 0.168277 2.06622 0.131256 0.460572 2.20328 -2.58437 0.108993 2.02851 -0.0298405 0.0253957 0.056914 -0.0154292 -0.0592844 -0.0377119 0.0690985 4.05695 0.0783086 0.409022 2.13706 -2.74851 0.521072 2.14457 -0.0827885 -0.0261546 -0.00931025 -0.179566 0.352795 0.0783566 0.0873194 23.7617 -4.10462 1.66272 2.97749 -0.0014535 -0.0624337 0.371392 -3.1848 1.86375 0.903052 -0.361753 0.272752 1.31921
386.308 0.16351 0.432288 2.15077 -2.54883 0.202612 2.08646 0.13299 0.454746 2.19909 -2.55505 0.212869 2.08063 -0.0305203 0.0224583 0.0483192 -0.00621993 0.0102572 -0.00583161 0.0614052 0.731149 0.0783817 0.408593 2.14198 -2.74711 0.522114 2.14456 -0.0851287 -0.0236949 -0.00878993 -0.198278 0.319502 0.0580985 0.088801 22.382 -4.10745 1.66026 2.96192 -0.00247177 -0.0657478 0.372501 -3.1765 1.86202 0.888401 -0.326476 0.287845 1.31579
386.609 0.164526 0.429981 2.15422 -2.53429 0.229378 2.10146 0.138852 0.461746 2.24703 -2.55041 0.213854 2.07412 -0.0256747 0.0317651 0.0928124 -0.0161196 -0.0155244 -0.0273372 0.101402 1.86046 0.0775521 0.410185 2.14671 -2.74599 0.522906 2.14525 -0.0869744 -0.0197964 -0.0075052 -0.211703 0.293528 0.043792 0.089514 21.3912 -4.10862 1.65812 2.95029 -0.00299608 -0.0679549 0.37326 -3.17017 1.86149 0.877223 -0.298528 0.298654 1.31525
386.886 0.165066 0.427407 2.15767 -2.5215 0.255108 2.11549 0.138826 0.45774 2.24663 -2.55114 0.211678 2.07361 -0.0262404 0.0303326 0.0889573 -0.0296336 -0.0434303 -0.0418765 0.0975809 3.59793 0.0772787 0.411652 2.15211 -2.74461 0.523468 2.14576 -0.0877872 -0.0157552 -0.00555671 -0.223106 0.26836 0.0302687 0.0893627 20.4621 -4.10901 1.65574 2.93857 -0.00320897 -0.0698671 0.373921 -3.1638 1.86162 0.865929 -0.271098 0.307792 1.3163
387.556 0.161879 0.422447 2.16388 -2.5016 0.305833 2.14179 0.135184 0.445112 2.21856 -2.49907 0.297427 2.12496 -0.0266945 0.0226642 0.0546768 0.00253176 -0.00840606 -0.016824 0.0649294 1.12501 0.0755994 0.415041 2.16059 -2.74192 0.525773 2.14668 -0.0862794 -0.00740609 -0.00329461 -0.240319 0.21994 0.00488851 0.0866593 18.7304 -4.10705 1.64921 2.91078 -0.00368336 -0.0742257 0.375022 -3.14904 1.86415 0.839625 -0.217262 0.320138 1.32258
387.851 0.158084 0.42084 2.16591 -2.49731 0.321475 2.14917 0.13322 0.439985 2.20267 -2.45545 0.286983 2.13664 -0.0248643 0.0191447 0.0367526 0.0418602 -0.0344921 -0.0125299 0.0483271 3.34726 0.0733331 0.417504 2.16698 -2.74187 0.527177 2.14617 -0.084751 -0.00333685 0.00106761 -0.24456 0.205702 -0.00300292 0.0848233 18.2372 -4.10506 1.646 2.89873 -0.00422785 -0.0760118 0.375324 -3.14284 1.86597 0.828511 -0.201315 0.322275 1.32567
388.12 0.152978 0.419386 2.16745 -2.49649 0.332616 2.15386 0.128347 0.440036 2.21758 -2.44969 0.326444 2.15133 -0.0246308 0.0206503 0.0501356 0.0467994 -0.00617231 -0.0025246 0.0595541 2.75449 0.0711387 0.418275 2.16898 -2.74222 0.528712 2.14597 -0.0818392 -0.00111134 0.00153117 -0.24573 0.196095 -0.00789009 0.0818611 17.8523 -4.10245 1.64258 2.88658 -0.00497049 -0.0777058 0.375561 -3.13672 1.86816 0.817578 -0.190571 0.321844 1.32864
388.433 0.144672 0.417915 2.16874 -2.49974 0.340598 2.15589 0.125039 0.444277 2.24395 -2.48438 0.377779 2.15267 -0.0196336 0.0263622 0.0752078 0.0153695 0.0371805 -0.00321849 0.0820771 2.33699 0.0673738 0.415581 2.17264 -2.74248 0.530533 2.14662 -0.0772985 -0.00233475 0.00390249 -0.242732 0.189935 -0.00926939 0.0774322 17.4729 -4.09813 1.63771 2.87026 -0.00612859 -0.0799218 0.375797 -3.12872 1.87149 0.803245 -0.184348 0.318253 1.33211
388.756 0.137709 0.416929 2.1691 -2.50527 0.341048 2.15408 0.118241 0.446211 2.26347 -2.54367 0.341686 2.14534 -0.0194672 0.0292828 0.0943653 -0.0384014 0.00063823 -0.00873051 0.100704 2.08694 0.064837 0.412433 2.17359 -2.74271 0.531089 2.147 -0.0728716 -0.00449568 0.0044886 -0.237435 0.190041 -0.00707321 0.073148 17.2792 -4.09435 1.6339 2.85775 -0.00703342 -0.0814983 0.375931 -3.12279 1.87418 0.792593 -0.186087 0.313544 1.33423
389.068 0.130826 0.415096 2.16908 -2.51366 0.336358 2.14942 0.108873 0.439499 2.23447 -2.50724 0.340082 2.13543 -0.0219538 0.0244027 0.0653898 0.00642071 0.00372376 -0.0139887 0.0731662 1.00949 0.0633111 0.407818 2.17099 -2.74284 0.53095 2.14713 -0.0675153 -0.00727779 0.00191009 -0.229177 0.194592 -0.00229137 0.0679332 17.1682 -4.09021 1.62998 2.84491 -0.00771237 -0.0826395 0.376023 -3.11687 1.87699 0.781977 -0.193195 0.306875 1.33599
389.385 0.121934 0.412174 2.16843 -2.52736 0.324153 2.14015 0.102467 0.442413 2.26426 -2.55353 0.343802 2.14321 -0.0194679 0.0302394 0.0958322 -0.0261655 0.019649 0.00305442 0.102358 1.92803 0.0594766 0.400413 2.17003 -2.7432 0.530041 2.14653 -0.0624579 -0.0117609 0.00159671 -0.215845 0.205888 0.0063842 0.0635756 17.1886 -4.08422 1.62467 2.82707 -0.00828479 -0.0838535 0.376068 -3.10899 1.88075 0.767531 -0.208936 0.296172 1.33784
389.72 0.115536 0.410411 2.1676 -2.53854 0.312631 2.13231 0.0932988 0.435759 2.23531 -2.51685 0.341971 2.13325 -0.0222369 0.0253483 0.0677135 0.0216902 0.0293393 0.000945336 0.0756448 2.08074 0.0561341 0.396786 2.16761 -2.74391 0.529007 2.1454 -0.0594016 -0.0136249 1.24038e-05 -0.20537 0.216376 0.0130918 0.0609441 17.3031 -4.07946 1.62065 2.81319 -0.00851218 -0.0848572 0.376037 -3.10312 1.8835 0.756325 -0.223221 0.287158 1.33897
390.005 0.109366 0.409237 2.16665 -2.55037 0.300953 2.12496 0.0861918 0.437334 2.25318 -2.57562 0.299465 2.12592 -0.0231741 0.0280969 0.0865287 -0.0252463 -0.00148847 0.000956234 0.0938812 1.46607 0.0525396 0.395425 2.16761 -2.74435 0.528911 2.14475 -0.0568263 -0.0138113 0.000959539 -0.193979 0.227958 0.0197855 0.0584885 17.4653 -4.07453 1.61663 2.79896 -0.00862163 -0.0860167 0.375955 -3.09731 1.88619 0.744745 -0.237449 0.277057 1.34008
390.354 0.1015 0.408353 2.16509 -2.56748 0.28783 2.11767 0.0792033 0.434623 2.24957 -2.57459 0.355148 2.11777 -0.0222969 0.0262705 0.0844772 -0.00710447 0.0673186 0.000101994 0.0912343 3.87869 0.0475106 0.394357 2.16876 -2.74449 0.529506 2.14445 -0.0539896 -0.0139955 0.00366922 -0.177006 0.241677 0.0267795 0.0558947 17.5735 -4.0678 1.61127 2.77973 -0.00857648 -0.0877239 0.375784 -3.08975 1.88966 0.728779 -0.253129 0.261061 1.34192
390.656 0.0961503 0.407945 2.16424 -2.58181 0.280353 2.11439 0.0733229 0.428449 2.22254 -2.53874 0.30002 2.1159 -0.0228274 0.0205041 0.0582961 0.0430645 0.019667 0.00151128 0.0658783 2.69123 0.0446404 0.394452 2.16945 -2.74415 0.530014 2.14474 -0.0515099 -0.0134931 0.00520493 -0.162348 0.249661 0.0303568 0.0535017 17.5067 -4.06271 1.60727 2.76526 -0.00833777 -0.0890064 0.375614 -3.0842 1.89219 0.71654 -0.261456 0.246931 1.34369
390.986 0.090971 0.40739 2.16352 -2.59623 0.276235 2.11342 0.0650317 0.426252 2.20598 -2.54826 0.257663 2.10158 -0.0259393 0.0188623 0.0424627 0.0479667 -0.0185727 -0.0118365 0.0532139 3.18248 0.0420649 0.395275 2.16887 -2.74353 0.530366 2.14516 -0.0489062 -0.0121143 0.00535356 -0.1473 0.254131 0.031742 0.0506679 17.2691 -4.05766 1.60327 2.75098 -0.00807564 -0.0901276 0.375409 -3.0788 1.89457 0.704155 -0.265673 0.232052 1.34576
391.318 0.0862023 0.406648 2.16321 -2.60997 0.275557 2.11454 0.0600621 0.428845 2.2298 -2.63409 0.362875 2.13099 -0.0261402 0.0221965 0.0665845 -0.0241203 0.0873184 0.0164403 0.0748966 5.35189 0.0391782 0.397663 2.1698 -2.74281 0.530228 2.14538 -0.0470242 -0.00898479 0.0065863 -0.132848 0.254671 0.0308306 0.0483258 16.8585 -4.0527 1.59928 2.73703 -0.00772465 -0.0910459 0.375168 -3.07357 1.89674 0.691715 -0.265712 0.217364 1.34794
391.585 0.0805424 0.405123 2.16324 -2.62576 0.279613 2.11875 0.0561763 0.436721 2.27033 -2.65071 0.31443 2.10895 -0.0243662 0.031598 0.107087 -0.0249548 0.0348173 -0.00980024 0.11428 2.42253 0.0340104 0.399835 2.17135 -2.74191 0.529586 2.14528 -0.046532 -0.00528876 0.00810553 -0.116147 0.249973 0.0265265 0.0475279 16.1079 -4.04627 1.59396 2.71897 -0.00708109 -0.0918729 0.374793 -3.06688 1.89919 0.675063 -0.259878 0.199617 1.35059
391.925 0.0765951 0.404368 2.16367 -2.63485 0.286629 2.12379 0.0504081 0.429669 2.23865 -2.60371 0.253414 2.10722 -0.026187 0.0253018 0.0749725 0.0311401 -0.0332148 -0.016564 0.0833475 2.93412 0.0297652 0.400498 2.16967 -2.74149 0.529773 2.14469 -0.0468299 -0.00386906 0.00599748 -0.106642 0.243144 0.0209016 0.0473707 15.4426 -4.04161 1.58998 2.7059 -0.00662306 -0.0924947 0.374489 -3.06211 1.90061 0.662517 -0.251286 0.188539 1.35221
392.249 0.0727073 0.404236 2.16437 -2.64123 0.296937 2.13017 0.0455537 0.428066 2.23561 -2.6522 0.306087 2.13652 -0.0271536 0.0238296 0.0712351 -0.0109714 0.00915084 0.00635099 0.0798724 0.96874 0.0255395 0.403012 2.17078 -2.74135 0.530496 2.14424 -0.0471678 -0.00122362 0.00641038 -0.10012 0.233559 0.0140726 0.0476172 14.704 -4.03711 1.586 2.69324 -0.00629006 -0.0932269 0.374189 -3.05761 1.90165 0.649934 -0.239425 0.179783 1.35352
392.859 0.06482 0.405974 2.16647 -2.64788 0.327033 2.14664 0.0377571 0.428185 2.23623 -2.65684 0.307927 2.13579 -0.0270629 0.0222108 0.0697575 -0.00896552 -0.0191059 -0.0108493 0.0780501 1.2842 0.0136494 0.408353 2.16926 -2.74125 0.533767 2.14355 -0.0511706 0.0023796 0.00279589 -0.0933755 0.206734 -0.00309063 0.0513022 12.964 -4.02731 1.57672 2.66461 -0.00564043 -0.0953446 0.373607 -3.04806 1.90244 0.620418 -0.206377 0.16679 1.35595
393.141 0.0610543 0.406402 2.16759 -2.64985 0.341617 2.15402 0.0338573 0.428245 2.23654 -2.65917 0.308836 2.13542 -0.027197 0.0218431 0.0689492 -0.00931443 -0.0327815 -0.0185943 0.0772709 2.14101 0.00936265 0.411509 2.16998 -2.74151 0.53532 2.14362 -0.0516916 0.00510682 0.00239086 -0.0916578 0.193702 -0.0103995 0.0519983 12.1803 -4.02345 1.57275 2.65257 -0.00583233 -0.0958925 0.373442 -3.04449 1.90216 0.607663 -0.190533 0.162487 1.3573
393.502 0.0553071 0.40636 2.16917 -2.6529 0.36182 2.16362 0.0281529 0.430981 2.24596 -2.64625 0.363946 2.1499 -0.0271542 0.0246215 0.0767921 0.00665554 0.0021257 -0.0137217 0.0850916 0.99544 0.00282365 0.415064 2.1732 -2.74228 0.537159 2.14403 -0.0524834 0.00870449 0.00402578 -0.0893704 0.175339 -0.019597 0.0533525 11.1055 -4.01867 1.5675 2.63667 -0.00669706 -0.0961294 0.37333 -3.04035 1.90125 0.590575 -0.168704 0.157087 1.3597
393.803 0.0514465 0.40629 2.17032 -2.65598 0.37735 2.17057 0.0245744 0.436809 2.27106 -2.69821 0.379119 2.16007 -0.0268721 0.0305186 0.100736 -0.0422345 0.00176975 -0.0105022 0.108633 2.26987 -0.00101395 0.417644 2.17504 -2.74269 0.537849 2.14432 -0.0524605 0.0113542 0.00471244 -0.0867076 0.160499 -0.0262464 0.0538816 10.2391 -4.01537 1.56367 2.6249 -0.00733333 -0.0960987 0.373322 -3.03778 1.90022 0.577738 -0.151858 0.152354 1.36203
394.138 0.0485984 0.40661 2.1714 -2.6593 0.39223 2.17691 0.0192139 0.427522 2.22322 -2.67222 0.42755 2.18132 -0.0293845 0.020912 0.0518228 -0.012921 0.0353194 0.00441408 0.0631377 2.20371 -0.00463589 0.421541 2.17808 -2.74273 0.538199 2.14468 -0.0532343 0.0149311 0.00668613 -0.0834287 0.145969 -0.0322278 0.0556914 9.3931 -4.0123 1.55995 2.61323 -0.0076802 -0.0960557 0.373357 -3.03568 1.89886 0.564927 -0.13578 0.147286 1.36456
394.429 0.046853 0.407242 2.1722 -2.66299 0.405347 2.18236 0.0166475 0.436907 2.27157 -2.70291 0.381305 2.15914 -0.0302055 0.0296645 0.0993694 -0.0399167 -0.024042 -0.0232111 0.108012 2.56216 -0.00584622 0.425937 2.18124 -2.74215 0.538215 2.14514 -0.0526992 0.0186948 0.00904696 -0.0791587 0.132868 -0.037212 0.0566441 8.616 -4.00948 1.5564 2.60167 -0.00767442 -0.0960026 0.373414 -3.03403 1.89718 0.552229 -0.12144 0.14176 1.36699
394.828 0.0454722 0.408627 2.17281 -2.66855 0.420065 2.18871 0.0153336 0.427564 2.22343 -2.67448 0.428712 2.1808 -0.0301385 0.0189371 0.0506243 -0.00592171 0.0086469 -0.00791362 0.0618851 0.662638 -0.00594849 0.431513 2.18566 -2.74104 0.537978 2.14546 -0.0514206 0.0228869 0.012849 -0.0724899 0.117913 -0.0432514 0.057732 7.71434 -4.00607 1.55192 2.58651 -0.00744885 -0.0959223 0.373492 -3.0326 1.89447 0.53552 -0.105144 0.133727 1.36961
395.068 0.0447726 0.410651 2.1729 -2.67231 0.429578 2.19334 0.0135432 0.434853 2.26097 -2.64555 0.361657 2.172 -0.0312294 0.0242022 0.0880645 0.0267629 -0.0679207 -0.021331 0.0965214 4.52021 -0.0042094 0.43775 2.18957 -2.73976 0.538015 2.14563 -0.048982 0.0270985 0.016666 -0.0674436 0.108438 -0.0477075 0.0584065 7.15196 -4.00378 1.54875 2.57541 -0.00728001 -0.0960803 0.373548 -3.03217 1.89208 0.523138 -0.0945381 0.127861 1.37082
395.336 0.0443032 0.413407 2.17307 -2.67519 0.438248 2.19825 0.0137759 0.44058 2.27544 -2.72413 0.463692 2.16377 -0.0305273 0.0271725 0.102373 -0.0489384 0.0254431 -0.0344745 0.110229 3.00999 -0.00350588 0.442156 2.19114 -2.73865 0.538123 2.14591 -0.047809 0.0287483 0.0180706 -0.0634523 0.0998751 -0.0523351 0.0586406 6.68607 -4.00173 1.54576 2.56463 -0.00716406 -0.0962491 0.373597 -3.03232 1.88936 0.510888 -0.0849436 0.122806 1.37124
395.735 0.0441346 0.416801 2.17314 -2.67676 0.448054 2.20502 0.0116025 0.436247 2.23828 -2.68023 0.49777 2.20987 -0.0325321 0.019446 0.0651343 -0.0034644 0.0497163 0.00484875 0.0753589 2.87766 -0.00100029 0.447638 2.19503 -2.73711 0.537783 2.14625 -0.0451349 0.0308372 0.0218853 -0.0603493 0.0897292 -0.0587711 0.0588818 6.21968 -3.99935 1.54201 2.55087 -0.00696958 -0.0960114 0.37364 -3.03347 1.88521 0.494803 -0.0732132 0.118226 1.37063
395.991 0.0440733 0.419594 2.17319 -2.676 0.455137 2.21051 0.0125032 0.438901 2.23664 -2.66535 0.42604 2.20535 -0.03157 0.0193068 0.0634535 0.0106476 -0.0290978 -0.00516305 0.0734559 1.84207 0.00255739 0.452053 2.19956 -2.73605 0.537326 2.14625 -0.0415159 0.0324588 0.0263692 -0.060058 0.0821883 -0.0642642 0.0589277 5.95713 -3.99784 1.53939 2.54109 -0.00692032 -0.0956355 0.373653 -3.03508 1.88173 0.482936 -0.0644411 0.11668 1.36955
396.417 0.0435722 0.423032 2.17359 -2.67324 0.462699 2.21631 0.0125043 0.442823 2.23672 -2.66399 0.428048 2.20606 -0.0310679 0.0197907 0.0631328 0.00924331 -0.0346511 -0.0102504 0.0730933 2.19891 0.00510154 0.455712 2.20387 -2.73541 0.537 2.14612 -0.0384707 0.0326798 0.0302777 -0.0621723 0.0743017 -0.0701864 0.0588617 5.76477 -3.99654 1.53693 2.53182 -0.00726431 -0.0951359 0.373664 -3.03733 1.87793 0.471206 -0.0552804 0.117333 1.3683
396.711 0.0424246 0.428108 2.17351 -2.66637 0.474336 2.22423 0.0125054 0.446745 2.2368 -2.66263 0.430058 2.20678 -0.0299191 0.0186368 0.0632944 0.00373364 -0.0442779 -0.0174496 0.0724476 2.76909 0.00479921 0.459661 2.20999 -2.73472 0.536969 2.14605 -0.0376253 0.0315527 0.0364806 -0.0683531 0.0626332 -0.0781806 0.0611725 5.59156 -3.99512 1.53395 2.52032 -0.00798791 -0.0944654 0.373694 -3.04133 1.8724 0.455795 -0.0416664 0.121568 1.36711
397.34 0.0433941 0.437764 2.17342 -2.65473 0.490405 2.23285 0.0116054 0.455825 2.23844 -2.67281 0.50738 2.21392 -0.0317888 0.0180605 0.0650131 -0.0180886 0.0169753 -0.0189301 0.0745883 1.45616 0.00215376 0.463247 2.21944 -2.73415 0.536953 2.14576 -0.0412404 0.0254831 0.0460159 -0.0794287 0.0465481 -0.0870955 0.0668403 5.51242 -3.9936 1.53022 2.50359 -0.0083327 -0.0935546 0.373841 -3.04892 1.86349 0.432717 -0.0232554 0.130008 1.36772
397.698 0.0442398 0.442329 2.17265 -2.65095 0.495803 2.23434 0.0117001 0.463171 2.24576 -2.66389 0.570588 2.24615 -0.0325397 0.020842 0.0731164 -0.0129381 0.0747848 0.0118079 0.0826996 4.45835 7.16991e-05 0.462079 2.22029 -2.73455 0.537089 2.14564 -0.0441681 0.0197498 0.0476417 -0.0836032 0.0412854 -0.0886966 0.0679015 5.50509 -3.9931 1.5287 2.49501 -0.00845496 -0.0931373 0.373974 -3.05314 1.85892 0.4211 -0.017167 0.133587 1.3693
398.004 0.0459919 0.450374 2.17171 -2.65036 0.4994 2.23252 0.0125269 0.467454 2.23795 -2.6233 0.483408 2.22765 -0.033465 0.0170804 0.0662366 0.027062 -0.0159925 -0.0048709 0.0761507 1.93128 -0.00103023 0.460534 2.22133 -2.73486 0.538155 2.14626 -0.0470221 0.0101607 0.0496195 -0.0844999 0.0387548 -0.0862563 0.0691116 5.38976 -3.99272 1.52701 2.48277 -0.0086349 -0.0929826 0.374225 -3.05883 1.85293 0.405416 -0.0145437 0.135178 1.37255
398.675 0.0497121 0.461897 2.16879 -2.65699 0.496295 2.22306 0.0156187 0.483551 2.24467 -2.68905 0.54682 2.23612 -0.0340934 0.0216544 0.0758775 -0.0320608 0.0505241 0.0130573 0.0859573 3.69904 -0.000678208 0.459166 2.21954 -2.73249 0.539446 2.14806 -0.0503903 -0.0027311 0.050745 -0.0754955 0.0431511 -0.0750034 0.071566 4.98727 -3.99283 1.52514 2.46198 -0.0086139 -0.093363 0.374775 -3.06715 1.84437 0.380768 -0.0206945 0.132946 1.37904
399.007 0.0518283 0.467565 2.16683 -2.66417 0.493204 2.21595 0.019425 0.487095 2.23842 -2.65618 0.520185 2.22195 -0.0324033 0.0195294 0.0715876 0.00798191 0.0269805 0.00599818 0.0809701 1.60132 -0.00280672 0.456684 2.21774 -2.73042 0.539344 2.14888 -0.054635 -0.0108817 0.0509096 -0.0662543 0.04614 -0.0670723 0.0754664 4.66413 -3.99343 1.52425 2.4467 -0.00885473 -0.0931702 0.375218 -3.07252 1.8392 0.363425 -0.025784 0.129504 1.38376
399.297 0.0529486 0.470846 2.16603 -2.67113 0.492468 2.2117 0.0203287 0.493735 2.23732 -2.64135 0.451823 2.21688 -0.0326199 0.0228892 0.071294 0.0297788 -0.0406445 0.00517753 0.0816751 2.82161 -0.00556233 0.454698 2.21657 -2.72981 0.539091 2.14898 -0.0585109 -0.0161482 0.0505399 -0.0586757 0.0466236 -0.0627264 0.0789846 4.40771 -3.99418 1.52375 2.43465 -0.0092448 -0.0926116 0.375544 -3.07647 1.83579 0.349946 -0.0274394 0.125294 1.38717
400.145 0.0563111 0.47972 2.164 -2.69533 0.507972 2.20994 0.0243084 0.501577 2.23332 -2.68811 0.558275 2.21615 -0.0320026 0.0218572 0.069316 0.00721806 0.0503037 0.00620806 0.0794142 2.90771 -0.0157604 0.449371 2.22122 -2.72715 0.541786 2.15044 -0.0720715 -0.0303492 0.0572185 -0.0318157 0.0338147 -0.0595022 0.0968985 3.53114 -3.99837 1.52323 2.39153 -0.0099478 -0.0918837 0.376248 -3.08861 1.82843 0.302468 -0.01296 0.103096 1.39663
400.513 0.0583578 0.482947 2.16396 -2.69859 0.518995 2.21323 0.0243088 0.50548 2.23333 -2.68647 0.560198 2.21708 -0.0340491 0.0225333 0.0693657 0.0121257 0.0412033 0.00384844 0.0804904 2.43863 -0.0160239 0.449854 2.22472 -2.72569 0.542761 2.15132 -0.0743817 -0.0330929 0.0607553 -0.0270989 0.0237662 -0.0619087 0.101582 3.35696 -4.00012 1.52343 2.37832 -0.00940987 -0.0923739 0.37635 -3.09189 1.82749 0.287875 -0.00169584 0.097522 1.39896
400.846 0.0604246 0.485888 2.16443 -2.69821 0.533769 2.21875 0.0271611 0.507027 2.22308 -2.7222 0.596487 2.20842 -0.0332635 0.0211397 0.0586458 -0.0239847 0.0627188 -0.0103216 0.0706588 3.77896 -0.0161607 0.451989 2.2298 -2.72425 0.543659 2.15238 -0.0765853 -0.033899 0.0653643 -0.0260394 0.00989059 -0.0663704 0.10624 3.34457 -4.00209 1.52376 2.36545 -0.00870647 -0.092904 0.376407 -3.09506 1.82713 0.273419 0.0137979 0.094247 1.4011
401.056 0.0638586 0.488488 2.16563 -2.6909 0.556861 2.22887 0.0311521 0.51356 2.2386 -2.67528 0.489604 2.21246 -0.0327065 0.0250721 0.0729677 0.0156183 -0.0672573 -0.0164071 0.0838011 4.16828 -0.0136448 0.453679 2.2359 -2.72218 0.543774 2.15304 -0.0775033 -0.0348093 0.0702702 -0.0312758 -0.0130872 -0.0758329 0.110256 3.80879 -4.00504 1.52432 2.34885 -0.00720855 -0.0934058 0.376408 -3.09909 1.82745 0.254498 0.0393294 0.0947491 1.40354
401.448 0.0662638 0.48963 2.16767 -2.68055 0.576725 2.23885 0.0321064 0.51326 2.23324 -2.6786 0.561239 2.22031 -0.0341574 0.0236305 0.0655697 0.00194977 -0.015486 -0.0185331 0.0776177 1.43368 -0.0108358 0.453918 2.23861 -2.72055 0.5434 2.15314 -0.0770996 -0.0357112 0.0709422 -0.0400043 -0.0333248 -0.0857044 0.110691 4.58783 -4.00745 1.52479 2.33671 -0.00587644 -0.093402 0.376343 -3.10195 1.82829 0.240541 0.0612746 0.0985266 1.40508
401.76 0.0684062 0.488304 2.16945 -2.66761 0.596231 2.24972 0.0361298 0.515171 2.23732 -2.7047 0.588123 2.23676 -0.0322764 0.0268674 0.0678658 -0.037095 -0.00810789 -0.0129647 0.0798084 1.8768 -0.00857718 0.455009 2.24235 -2.71911 0.54289 2.15304 -0.0769834 -0.0332948 0.0728962 -0.0515016 -0.0533407 -0.0966848 0.111125 5.57577 -4.00997 1.52524 2.32473 -0.00455225 -0.0928135 0.376206 -3.10468 1.82962 0.226771 0.0846625 0.104694 1.40643
402.029 0.0697755 0.486814 2.17271 -2.64682 0.622797 2.26599 0.0386965 0.521587 2.27367 -2.71555 0.59845 2.20525 -0.031079 0.034773 0.100958 -0.0687362 -0.024347 -0.0607409 0.11121 3.721 -0.00536744 0.456283 2.25047 -2.7177 0.542469 2.15298 -0.0751429 -0.0305302 0.077754 -0.070879 -0.080328 -0.113011 0.112358 7.11428 -4.01335 1.52577 2.30884 -0.00300615 -0.0921275 0.375923 -3.10803 1.83215 0.208751 0.115491 0.114966 1.40813
402.348 0.0696865 0.486656 2.17483 -2.63068 0.641374 2.27819 0.0400002 0.511033 2.23648 -2.62403 0.643013 2.27088 -0.0296863 0.024377 0.0616445 0.00664494 0.00163861 -0.00731601 0.072633 0.72145 -0.00221101 0.458397 2.25689 -2.7167 0.542467 2.15295 -0.0718975 -0.028259 0.0820567 -0.0860238 -0.0989073 -0.125247 0.112699 8.26653 -4.01581 1.52609 2.29695 -0.00210075 -0.0922551 0.375689 -3.11029 1.83459 0.195564 0.136944 0.122914 1.40947
402.626 0.0692457 0.486517 2.17655 -2.61524 0.658043 2.28963 0.0400002 0.511033 2.23648 -2.62403 0.643013 2.27088 -0.0292455 0.024516 0.0599212 -0.00878713 -0.0150302 -0.0187564 0.0710415 1.22269 0.000558211 0.460338 2.26042 -2.71587 0.54236 2.15262 -0.0686875 -0.0261791 0.0838691 -0.100625 -0.115683 -0.137019 0.111523 9.35444 -4.01815 1.52632 2.28507 -0.00118018 -0.0926146 0.375474 -3.11233 1.83745 0.182686 0.156301 0.130304 1.41097
402.922 0.068427 0.48626 2.17875 -2.5954 0.677999 2.30377 0.0400519 0.509304 2.23752 -2.60439 0.691197 2.30554 -0.0283751 0.0230447 0.0587676 -0.00898912 0.0131974 0.00177213 0.0692086 0.955725 0.00413126 0.465402 2.26678 -2.71469 0.541936 2.15192 -0.0642957 -0.020858 0.088029 -0.119297 -0.136064 -0.151855 0.110987 10.7127 -4.02102 1.52644 2.26943 0.000226932 -0.0931439 0.375258 -3.11487 1.84174 0.16603 0.179726 0.139652 1.41344
403.299 0.0673239 0.486093 2.18021 -2.58115 0.691202 2.31316 0.0379565 0.521803 2.28785 -2.60223 0.700757 2.30211 -0.0293674 0.03571 0.107635 -0.02108 0.00955492 -0.0110457 0.117145 1.0857 0.00680423 0.468591 2.2705 -2.71376 0.541766 2.15163 -0.0605196 -0.0175016 0.0902931 -0.132608 -0.149436 -0.16153 0.110099 11.617 -4.02296 1.52638 2.25795 0.00122255 -0.0935915 0.375161 -3.11665 1.84519 0.153958 0.195229 0.146596 1.41576
403.558 0.0656151 0.486127 2.18148 -2.56769 0.702803 2.32119 0.0349595 0.506958 2.22302 -2.59463 0.746658 2.31331 -0.0306556 0.0208308 0.0415432 -0.0269374 0.0438552 -0.00788176 0.0556734 2.82397 0.00891039 0.473475 2.27494 -2.71292 0.541861 2.15148 -0.0567047 -0.0126529 0.0934586 -0.145229 -0.160942 -0.169705 0.110046 12.4066 -4.02466 1.52615 2.24666 0.0020486 -0.0941263 0.375126 -3.11835 1.8487 0.142201 0.20868 0.153538 1.41851
403.921 0.063566 0.486178 2.18254 -2.55534 0.711793 2.32704 0.0347608 0.517546 2.2736 -2.59416 0.753689 2.30881 -0.0288052 0.0313678 0.0910625 -0.0388227 0.0418957 -0.0182247 0.100529 2.94823 0.00969692 0.477165 2.27758 -2.71209 0.542044 2.15155 -0.0538691 -0.0090137 0.0950458 -0.156745 -0.169749 -0.175485 0.109621 13.0268 -4.02614 1.52575 2.23541 0.00278137 -0.0946667 0.375157 -3.11991 1.85216 0.130669 0.219008 0.160737 1.42163
404.372 0.0601895 0.485999 2.18357 -2.54377 0.719986 2.33108 0.032214 0.509196 2.23706 -2.53289 0.738632 2.34083 -0.0279755 0.0231973 0.0534898 0.0108815 0.0186461 0.00974358 0.0646676 1.1737 0.0119845 0.481055 2.27998 -2.71146 0.542295 2.15185 -0.0482049 -0.00494392 0.0964105 -0.16769 -0.177691 -0.179234 0.107903 13.5701 -4.02773 1.52492 2.22041 0.00353827 -0.0953107 0.375295 -3.12172 1.85669 0.115647 0.227981 0.168001 1.42583
404.796 0.0568208 0.485179 2.18408 -2.54117 0.723417 2.33099 0.029887 0.519216 2.28527 -2.55314 0.704713 2.30023 -0.0269338 0.0340364 0.101187 -0.011971 -0.0187036 -0.0307681 0.110103 1.77277 0.0131219 0.482016 2.28191 -2.71168 0.542375 2.15233 -0.0436989 -0.00316326 0.0978239 -0.17051 -0.181042 -0.178665 0.107187 13.7351 -4.02866 1.52407 2.20897 0.00377487 -0.0955508 0.375438 -3.12284 1.86006 0.104527 0.231118 0.169821 1.42856
405.073 0.0531849 0.483691 2.18437 -2.54394 0.72397 2.32793 0.0243846 0.50607 2.23618 -2.50027 0.761515 2.35774 -0.0288003 0.0223797 0.0518145 0.0436662 0.0375456 0.0298108 0.0633644 2.83241 0.0134283 0.481684 2.28216 -2.71236 0.54216 2.15263 -0.0397565 -0.0020065 0.0977949 -0.168422 -0.18181 -0.175297 0.105586 13.6742 -4.02936 1.52304 2.19703 0.00390517 -0.0955776 0.375585 -3.12367 1.86335 0.0932658 0.230659 0.168467 1.43074
405.429 0.0479841 0.481076 2.18445 -2.55528 0.721934 2.32071 0.0204947 0.505273 2.23699 -2.54104 0.741555 2.33676 -0.0274894 0.0241972 0.0525349 0.01424 0.0196209 0.0160588 0.0640397 1.33149 0.0126344 0.478621 2.2806 -2.71378 0.541769 2.15256 -0.0353497 -0.00245462 0.0961444 -0.158506 -0.180166 -0.168141 0.102466 13.3324 -4.02996 1.5214 2.18026 0.00392956 -0.0954302 0.375743 -3.12435 1.8676 0.07781 0.226387 0.161368 1.43273
405.715 0.0439478 0.478945 2.18416 -2.56821 0.718629 2.31348 0.0155322 0.499234 2.22318 -2.53357 0.79109 2.34308 -0.0284156 0.0202885 0.0390277 0.0346417 0.0724613 0.0296087 0.0523663 4.4086 0.0109692 0.469401 2.27086 -2.71547 0.541719 2.15261 -0.0329786 -0.00954417 0.0867039 -0.14726 -0.17691 -0.160862 0.0932537 12.9074 -4.03015 1.52001 2.16704 0.00386664 -0.0953711 0.375807 -3.12446 1.87062 0.0658803 0.220801 0.152881 1.43366
406.057 0.0393953 0.477353 2.18364 -2.58321 0.714124 2.3052 0.0109012 0.50846 2.27294 -2.59646 0.736912 2.28216 -0.028494 0.0311073 0.0892954 -0.0132524 0.0227879 -0.0230359 0.0987585 1.64116 0.00933989 0.460687 2.26052 -2.71666 0.542067 2.15286 -0.0300554 -0.0166659 0.0768809 -0.133459 -0.172057 -0.152335 0.0842125 12.3651 -4.03015 1.5185 2.15332 0.00349529 -0.095614 0.375822 -3.12419 1.8734 0.0536682 0.213363 0.143136 1.43431
406.424 0.0330217 0.475337 2.18268 -2.60547 0.705841 2.29272 0.00595271 0.510435 2.28615 -2.60777 0.684231 2.27396 -0.027069 0.0350981 0.103471 -0.00229191 -0.0216108 -0.0187561 0.112565 1.58881 0.00541691 0.449555 2.24562 -2.71833 0.542631 2.15317 -0.0276048 -0.0257818 0.0629437 -0.112856 -0.163211 -0.139552 0.0734073 11.5068 -4.02989 1.51635 2.13414 0.00268392 -0.0961859 0.375787 -3.12307 1.87669 0.0368967 0.200571 0.128953 1.43487
406.65 0.0287597 0.473585 2.18196 -2.62233 0.698292 2.28298 2.51984e-05 0.495183 2.22246 -2.61981 0.755097 2.30051 -0.0287345 0.0215984 0.0405032 0.0025203 0.0568048 0.0175223 0.0541542 3.38067 0.00177569 0.441562 2.23357 -2.71947 0.542906 2.15332 -0.026984 -0.0320226 0.0516115 -0.0971354 -0.155386 -0.12966 0.0664631 10.8208 -4.02956 1.51468 2.1192 0.00212599 -0.0966626 0.375738 -3.12164 1.87881 0.024007 0.18968 0.118324 1.43521
406.966 0.0251407 0.471505 2.1812 -2.63797 0.690482 2.27372 -0.00389194 0.492383 2.22296 -2.6104 0.732763 2.28066 -0.0290327 0.0208786 0.041766 0.027576 0.0422811 0.00694368 0.0549838 2.77516 -0.00298657 0.433897 2.2209 -2.72042 0.543133 2.15329 -0.0281273 -0.0376083 0.039703 -0.0824443 -0.147349 -0.120434 0.0614968 10.1645 -4.02916 1.513 2.10392 0.00168425 -0.0971665 0.375686 -3.11971 1.88062 0.0109053 0.178788 0.108478 1.43561
407.185 0.0225377 0.46909 2.18071 -2.65129 0.683948 2.26597 -0.00801511 0.503641 2.28699 -2.65687 0.658252 2.25138 -0.0305528 0.034551 0.106278 -0.00558394 -0.0256963 -0.014591 0.115855 1.62365 -0.00715555 0.425617 2.2085 -2.72103 0.543498 2.15318 -0.0296932 -0.0434731 0.0277937 -0.0697358 -0.14045 -0.112782 0.0595323 9.62333 -4.02872 1.51131 2.08856 0.00150942 -0.097611 0.375636 -3.11735 1.88213 -0.00229892 0.16978 0.0997678 1.43616
407.558 0.0199483 0.465867 2.18053 -2.66533 0.680015 2.25924 -0.00891755 0.498417 2.27235 -2.69103 0.690578 2.23925 -0.0288658 0.0325508 0.0918147 -0.0256975 0.010563 -0.0199921 0.101601 1.30806 -0.0109719 0.414392 2.19274 -2.72122 0.544575 2.15359 -0.0309202 -0.0514741 0.0122085 -0.0558897 -0.13544 -0.10565 0.0612755 9.20543 -4.02811 1.5091 2.0685 0.00138877 -0.0982938 0.375588 -3.1137 1.88375 -0.0197129 0.163321 0.0894128 1.43718
407.847 0.0181892 0.463813 2.18081 -2.67221 0.682174 2.25748 -0.0128898 0.496583 2.27304 -2.69318 0.691473 2.23795 -0.031079 0.0327702 0.0922315 -0.02097 0.00929931 -0.0195265 0.102696 1.12883 -0.0138336 0.40658 2.18142 -2.72096 0.545564 2.1541 -0.0320228 -0.0572333 0.000614906 -0.0487483 -0.13661 -0.103375 0.0655858 9.21968 -4.02766 1.50748 2.05405 0.00117162 -0.098973 0.375569 -3.11071 1.88467 -0.03252 0.164026 0.0832154 1.43831
408.112 0.016507 0.461822 2.18147 -2.67652 0.689345 2.25864 -0.0146748 0.48449 2.23573 -2.6272 0.678248 2.26942 -0.0311817 0.0226685 0.0542665 0.0493184 -0.0110966 0.0107816 0.0665659 2.56216 -0.0168199 0.400096 2.16969 -2.72055 0.54651 2.15443 -0.0333269 -0.0617254 -0.0117763 -0.0440249 -0.142835 -0.104206 0.0711294 9.56271 -4.02722 1.5059 2.04004 0.000845561 -0.099652 0.375556 -3.10761 1.88542 -0.0452243 0.170204 0.0777903 1.43977
408.476 0.0145451 0.458706 2.18297 -2.67951 0.705297 2.26372 -0.0167991 0.489148 2.27079 -2.71659 0.716545 2.25162 -0.0313441 0.0304421 0.0878171 -0.0370817 0.0112472 -0.0120979 0.0980868 1.8676 -0.0207889 0.391924 2.15396 -2.71926 0.54783 2.15476 -0.035334 -0.0667821 -0.029011 -0.039752 -0.157468 -0.108959 0.080932 10.4295 -4.02666 1.5039 2.02185 0.000352954 -0.100293 0.375529 -3.1034 1.88622 -0.0621137 0.185601 0.0711157 1.44212
408.799 0.013859 0.455723 2.18455 -2.67965 0.721264 2.26987 -0.0177014 0.4841 2.2566 -2.69183 0.74534 2.23808 -0.0315604 0.0283773 0.0720501 -0.012178 0.0240763 -0.031781 0.0836214 2.00115 -0.0232809 0.385751 2.14206 -2.71819 0.548524 2.15488 -0.0371399 -0.0699718 -0.0424953 -0.0385422 -0.17274 -0.114981 0.0898959 11.3504 -4.02625 1.50252 2.00848 0.000247849 -0.100391 0.375482 -3.1003 1.8867 -0.07484 0.201972 0.0665012 1.44416
409.394 0.0140045 0.452321 2.18635 -2.67898 0.739561 2.27752 -0.0196057 0.478426 2.2531 -2.70805 0.768393 2.25343 -0.0336101 0.026105 0.0667417 -0.0290655 0.0288315 -0.0240852 0.0791553 2.06393 -0.0248355 0.378664 2.13056 -2.71674 0.549188 2.15499 -0.03884 -0.0736572 -0.0557922 -0.0377593 -0.190373 -0.122524 0.100233 12.4297 -4.02582 1.50125 1.99519 0.000493563 -0.100203 0.375395 -3.09732 1.88718 -0.0876948 0.221325 0.06139 1.44618
409.965 0.0144877 0.448262 2.18865 -2.6803 0.765474 2.28869 -0.0196054 0.474488 2.25309 -2.70995 0.766752 2.25216 -0.0340931 0.0262265 0.0644319 -0.0296481 0.00127746 -0.0365275 0.0774702 1.53008 -0.0269243 0.369533 2.11479 -2.71482 0.550366 2.15497 -0.041412 -0.0787291 -0.0738606 -0.0345211 -0.215108 -0.133716 0.115623 13.9891 -4.02512 1.49975 1.97721 0.00100405 -0.100025 0.375195 -3.09356 1.88802 -0.105141 0.248653 0.05134 1.44811
410.955 0.0148258 0.44547 2.19113 -2.68723 0.804945 2.30659 -0.0189634 0.477912 2.29775 -2.72088 0.798488 2.26432 -0.0337892 0.0324426 0.106617 -0.0336582 -0.00645696 -0.0422718 0.116454 1.73483 -0.0272329 0.354835 2.09185 -2.71148 0.552794 2.15515 -0.0420587 -0.0906349 -0.0992822 -0.0242548 -0.25215 -0.151444 0.140857 16.4423 -4.02362 1.49792 1.9492 0.00194449 -0.100732 0.374675 -3.08876 1.88993 -0.132495 0.289509 0.029686 1.44833
411.192 0.0140289 0.445625 2.19163 -2.69311 0.823757 2.31541 -0.0189634 0.477912 2.29775 -2.72088 0.798488 2.26432 -0.0329923 0.0322876 0.106113 -0.0277718 -0.0252696 -0.0510862 0.11572 2.5379 -0.0270677 0.34812 2.07983 -2.70986 0.554219 2.15525 -0.0410965 -0.0975047 -0.111803 -0.0167527 -0.269538 -0.160159 0.153935 17.66 -4.02262 1.49718 1.93469 0.00221321 -0.101519 0.374339 -3.08694 1.89128 -0.146781 0.308806 0.0162796 1.447
411.509 0.00748004 0.451217 2.18421 -2.74579 0.746837 2.26279 -0.0188635 0.47718 2.28943 -2.72958 0.824463 2.28361 -0.0263435 0.0259635 0.105217 0.016213 0.0776262 0.0208289 0.111529 4.52757 -0.0313647 0.337142 2.06535 -2.71186 0.553663 2.15408 -0.0388447 -0.114075 -0.118858 0.0339383 -0.193174 -0.108707 0.169261 13.4025 -4.02161 1.49622 1.91646 0.00146743 -0.101626 0.373958 -3.09315 1.89151 -0.162608 0.222626 0.00157878 1.44488
412.073 0.00233182 0.455459 2.17678 -2.76636 0.659573 2.21637 -0.0253297 0.474181 2.24233 -2.7639 0.777334 2.25258 -0.0276615 0.0187223 0.0655532 0.00246192 0.117761 0.0362115 0.0735724 7.03269 -0.0363214 0.329197 2.05454 -2.71018 0.553666 2.15497 -0.0386532 -0.126262 -0.122237 0.0561786 -0.105908 -0.0614011 0.179939 8.51188 -4.02084 1.49571 1.90252 0.00069122 -0.102164 0.374163 -3.09722 1.89134 -0.172954 0.127634 0.0113224 1.44666
412.457 -0.00248253 0.455786 2.16982 -2.77542 0.568258 2.17163 -0.0327643 0.485891 2.27388 -2.77246 0.605845 2.18234 -0.0302817 0.0301041 0.104059 0.00296395 0.0375872 0.0107049 0.112479 2.21982 -0.0417785 0.318894 2.04425 -2.70973 0.551998 2.15637 -0.0392959 -0.136892 -0.125566 0.0656933 -0.0162596 -0.0152652 0.18987 4.39293 -4.02038 1.49526 1.88872 -0.000628003 -0.101699 0.37482 -3.09981 1.89052 -0.182061 0.0289476 0.0293222 1.44951
412.634 -0.00654783 0.441329 2.16536 -2.81998 0.515701 2.1422 -0.0374459 0.484452 2.25782 -2.83069 0.580093 2.14065 -0.030898 0.043123 0.0924554 -0.0107142 0.064393 -0.00154551 0.106594 3.7336 -0.04916 0.295915 2.03419 -2.72195 0.54523 2.14947 -0.0426122 -0.145414 -0.13117 0.0980295 0.0295296 0.00727186 0.200416 5.67561 -4.02122 1.49399 1.87281 -0.00184409 -0.096373 0.372516 -3.10016 1.88847 -0.191302 -0.0246541 0.00350643 1.4531
413.15 -0.0161257 0.431882 2.16922 -2.82166 0.538365 2.16032 -0.0388504 0.462167 2.22184 -2.7933 0.528978 2.15556 -0.0227247 0.030285 0.0526252 0.0283625 -0.00938653 -0.00476228 0.0648306 1.85899 -0.0605822 0.286664 2.03394 -2.72185 0.544709 2.15274 -0.0444565 -0.145218 -0.135274 0.0998108 0.00634463 -0.00758096 0.203381 5.96536 -4.02556 1.49172 1.86913 -0.00820392 -0.0950561 0.374341 -3.09774 1.88714 -0.19421 -5.6455e-05 -0.00118924 1.44673
413.689 -0.0184876 0.42972 2.17094 -2.8203 0.547266 2.16003 -0.0504789 0.45278 2.22361 -2.79173 0.596602 2.17944 -0.0319913 0.0230598 0.052669 0.0285669 0.0493368 0.0194176 0.0657969 3.15207 -0.0640632 0.287818 2.03376 -2.71872 0.545175 2.15732 -0.0455757 -0.141903 -0.137182 0.101579 -0.00209016 -0.00271122 0.202564 5.90345 -4.03057 1.48964 1.86771 -0.0113665 -0.0971471 0.376645 -3.09569 1.88565 -0.193758 0.00499099 0.00209919 1.45182
414.039 -0.00949722 0.417562 2.17368 -2.81356 0.547419 2.15375 -0.0525841 0.459 2.27329 -2.83827 0.565804 2.15828 -0.0430869 0.0414383 0.0996114 -0.0247094 0.0183857 0.00453134 0.116172 1.88948 -0.0582072 0.281915 2.03546 -2.71624 0.544578 2.1626 -0.04871 -0.135647 -0.138219 0.0973164 -0.00284077 0.00885425 0.199693 5.33252 -4.03737 1.48788 1.86591 -0.0107084 -0.0968106 0.379568 -3.0908 1.8833 -0.19093 0.00404494 0.0117662 1.45998
414.445 -2.71094e-05 0.404588 2.17651 -2.80295 0.541126 2.15378 -0.0427115 0.437214 2.22345 -2.79321 0.586272 2.17769 -0.0426844 0.0326259 0.0469308 0.00974594 0.0451456 0.0239148 0.0713366 2.83931 -0.0514749 0.27431 2.03735 -2.7157 0.543047 2.1654 -0.0514478 -0.130279 -0.139167 0.0872498 0.00192103 0.0116204 0.197451 4.6916 -4.0428 1.48715 1.86423 -0.00948911 -0.0955444 0.38133 -3.08531 1.88114 -0.18857 -0.000250981 0.0217795 1.45978
414.646 0.00965568 0.390708 2.17967 -2.78787 0.539902 2.16244 -0.0327874 0.431942 2.27186 -2.80458 0.508268 2.14255 -0.0424431 0.0412341 0.0921895 -0.0167098 -0.0316337 -0.0198855 0.109547 2.09947 -0.0454978 0.266839 2.03852 -2.71567 0.540424 2.16641 -0.0551534 -0.123869 -0.141153 0.0721996 0.0005226 0.00397496 0.195728 4.02448 -4.04824 1.48691 1.86202 -0.008588 -0.0943441 0.382646 -3.07863 1.87869 -0.186468 0.00241011 0.0321923 1.45384
415.044 0.0194662 0.375878 2.18307 -2.76716 0.540556 2.17701 -0.0208793 0.412641 2.2696 -2.76119 0.536065 2.15597 -0.0403454 0.0367629 0.0865347 0.00596586 -0.00449007 -0.0210421 0.102311 1.43504 -0.0403549 0.259522 2.0386 -2.71597 0.537523 2.16651 -0.0598211 -0.116356 -0.144471 0.0511894 -0.00303271 -0.010498 0.194908 3.28706 -4.05347 1.48719 1.85924 -0.0078526 -0.0929606 0.383497 -3.07094 1.87601 -0.184801 0.0086017 0.0455051 1.44344
415.283 0.0320631 0.357241 2.1875 -2.74739 0.5449 2.19418 -0.0109703 0.396804 2.2697 -2.76426 0.524955 2.15383 -0.0430334 0.0395638 0.0821994 -0.0168681 -0.0199453 -0.0403476 0.100866 2.30342 -0.0342128 0.249931 2.03823 -2.71793 0.532041 2.16457 -0.066276 -0.107309 -0.149266 0.0294622 -0.0128588 -0.0296128 0.195418 3.03461 -4.06011 1.48819 1.8547 -0.0072563 -0.0916865 0.383905 -3.05978 1.87234 -0.183445 0.0189378 0.0566813 1.43211
415.498 0.0401259 0.345567 2.18956 -2.75319 0.552875 2.18554 1.38931e-05 0.372022 2.22291 -2.73769 0.630111 2.21559 -0.040112 0.026455 0.033346 0.0155047 0.0772358 0.0300455 0.0584876 4.65059 -0.0283129 0.245005 2.03624 -2.72046 0.529814 2.16322 -0.0684388 -0.100562 -0.153329 0.0327376 -0.0230612 -0.0223201 0.19572 3.06133 -4.06442 1.48948 1.85047 -0.00728339 -0.0914212 0.38388 -3.05173 1.86998 -0.182846 0.0242668 0.0553255 1.44194
416.001 0.0528483 0.325703 2.19205 -2.78191 0.567211 2.14635 0.0148522 0.355557 2.27236 -2.75264 0.562637 2.17945 -0.0379961 0.029854 0.0803034 0.0292646 -0.0045734 0.0331011 0.0937209 1.75279 -0.0185661 0.233094 2.03174 -2.72584 0.53155 2.16117 -0.0714144 -0.0926089 -0.160311 0.0560726 -0.0356604 0.0148203 0.198434 3.51669 -4.07225 1.49411 1.83887 -0.0105373 -0.0924304 0.383647 -3.03392 1.86385 -0.18369 0.0249218 0.0489138 1.47727
416.256 0.058038 0.321481 2.19192 -2.79679 0.569518 2.12777 0.0216406 0.346212 2.25678 -2.76287 0.561879 2.15291 -0.0363974 0.0247308 0.0648614 0.0339218 -0.00763964 0.0251421 0.0783798 1.74428 -0.0135329 0.230378 2.02875 -2.72659 0.534353 2.16078 -0.0715709 -0.0911031 -0.163171 0.0701997 -0.0351649 0.0330119 0.200118 3.97907 -4.07456 1.49684 1.83331 -0.0120247 -0.0938399 0.383498 -3.0272 1.86117 -0.185027 0.0204643 0.0443656 1.49231
416.995 0.0816159 0.31811 2.18886 -2.84695 0.56053 2.10067 0.0432856 0.345384 2.30325 -2.90003 0.539342 2.04963 -0.0383302 0.0272737 0.114395 -0.0530849 -0.0211882 -0.0510462 0.12369 3.15877 0.0113359 0.225041 2.01634 -2.72459 0.539024 2.15941 -0.0702799 -0.0930688 -0.172517 0.122356 -0.0215053 0.0587399 0.208238 6.10926 -4.07968 1.50847 1.81411 -0.0127098 -0.09906 0.382761 -3.01156 1.85418 -0.193675 0.000225973 0.00674915 1.50986
417.282 0.0958903 0.30774 2.18919 -2.85114 0.555123 2.1016 0.0526234 0.339842 2.27329 -2.83635 0.56133 2.09876 -0.0432669 0.0321017 0.0841019 0.014785 0.00620744 -0.00284984 0.0998783 1.00872 0.0266723 0.215746 2.01508 -2.72271 0.533371 2.15764 -0.069218 -0.0919938 -0.174106 0.128432 -0.0217523 0.0560366 0.208727 6.44449 -4.08243 1.51198 1.8113 -0.00815885 -0.0956376 0.382266 -3.01058 1.85364 -0.194738 0.000294416 -0.000434451 1.50754
417.528 0.103396 0.298746 2.18975 -2.85147 0.552143 2.09985 0.0685159 0.327998 2.27376 -2.83189 0.551039 2.09985 -0.0348805 0.029252 0.0840054 0.019579 -0.00110363 8.91303e-07 0.0955471 1.12361 0.0373119 0.205656 2.01674 -2.72346 0.53119 2.1546 -0.0660845 -0.0930903 -0.173011 0.12801 -0.0209536 0.0547442 0.207282 6.42956 -4.08599 1.51519 1.8098 -0.00623182 -0.092869 0.381511 -3.01058 1.85364 -0.194719 0.000351546 -0.000390894 1.50754
418.022 0.113725 0.279578 2.19118 -2.85417 0.547762 2.09647 0.0804418 0.308196 2.27415 -2.8325 0.538349 2.09866 -0.0332833 0.028618 0.0829717 0.02167 -0.00941286 0.00218879 0.0938673 1.29905 0.0519674 0.186141 2.01873 -2.72853 0.526725 2.149 -0.0617576 -0.0934371 -0.172451 0.125638 -0.0210369 0.0525205 0.205631 6.33593 -4.09539 1.52161 1.80573 -0.00494431 -0.0878018 0.379884 -3.01058 1.85364 -0.194684 0.000455665 -0.00031151 1.50754
418.392 0.118012 0.271097 2.19175 -2.85513 0.545944 2.09517 0.087404 0.301476 2.29835 -2.91763 0.547024 2.0646 -0.0306081 0.0303799 0.106602 -0.0624977 0.00107959 -0.0305698 0.114995 3.06184 0.0550976 0.176634 2.02003 -2.73176 0.523949 2.14671 -0.0629145 -0.0944625 -0.171725 0.123373 -0.0219953 0.0515399 0.205842 6.24353 -4.09984 1.52386 1.80364 -0.00430462 -0.0857436 0.379265 -3.01058 1.85364 -0.194673 0.000490233 -0.000285162 1.50754
418.725 0.125588 0.258752 2.19247 -2.85557 0.543014 2.09342 0.0905522 0.285585 2.25267 -2.86969 0.564647 2.08458 -0.0350356 0.0268326 0.0601963 -0.014124 0.0216329 -0.00883868 0.0746396 1.41996 0.0606616 0.163852 2.02136 -2.73489 0.520525 2.14463 -0.0649262 -0.0949006 -0.171117 0.120675 -0.0224889 0.0512114 0.206162 6.12298 -4.10618 1.52634 1.80053 -0.00251415 -0.0830106 0.378514 -3.01057 1.85364 -0.19466 0.000528942 -0.00025569 1.50754
418.982 0.131152 0.249229 2.19297 -2.85573 0.540822 2.09219 0.0964603 0.273805 2.25285 -2.87048 0.556668 2.08379 -0.0346915 0.0245755 0.0598765 -0.0147559 0.015846 -0.00839877 0.0734347 1.16028 0.0652198 0.152585 2.02322 -2.73703 0.518522 2.14331 -0.065932 -0.096644 -0.169752 0.118696 -0.0222999 0.0511176 0.206162 6.02688 -4.11121 1.52774 1.79794 -0.00106182 -0.0810133 0.378003 -3.01057 1.85364 -0.194652 0.000551766 -0.000238318 1.50754
419.244 0.136548 0.239289 2.19344 -2.85578 0.538631 2.09104 0.102441 0.265198 2.25518 -2.82906 0.580589 2.09575 -0.0341069 0.0259096 0.0617441 0.0267184 0.0419579 0.0047139 0.075146 2.78502 0.0702489 0.140543 2.02528 -2.73983 0.516551 2.14193 -0.0662991 -0.0987455 -0.168155 0.115948 -0.0220803 0.0508921 0.205967 5.89255 -4.11653 1.52869 1.79508 0.000440087 -0.0790595 0.377554 -3.01057 1.85364 -0.194645 0.000574204 -0.000221236 1.50754
419.441 0.142329 0.223919 2.19424 -2.85651 0.535421 2.08949 0.111718 0.258904 2.30379 -2.87344 0.550712 2.0743 -0.0306108 0.0349845 0.109553 -0.0169314 0.0152909 -0.0151901 0.119008 1.26238 0.0770965 0.124506 2.02672 -2.74451 0.51326 2.13995 -0.0652325 -0.0994137 -0.167517 0.112004 -0.0221605 0.0504626 0.205427 5.70674 -4.12419 1.52913 1.79083 0.00196408 -0.075936 0.377066 -3.01057 1.85364 -0.194637 0.000597623 -0.000203407 1.50754
420.023 0.146726 0.19403 2.19579 -2.86 0.529474 2.08694 0.119863 0.229023 2.30618 -2.89762 0.463525 2.04623 -0.0268632 0.0349925 0.110389 -0.0376243 -0.0659489 -0.040711 0.118877 4.42386 0.0839765 0.0945575 2.02845 -2.75404 0.507523 2.13697 -0.0627494 -0.0994725 -0.167342 0.105961 -0.0219518 0.0500382 0.204537 5.42224 -4.13712 1.52786 1.78319 0.00267156 -0.0692469 0.376566 -3.01057 1.85364 -0.194628 0.000624214 -0.000183161 1.50754
420.341 0.147449 0.176331 2.19663 -2.86253 0.526075 2.08559 0.118233 0.206174 2.25584 -2.84143 0.550768 2.08847 -0.0292166 0.0298432 0.0592118 0.0210957 0.0246939 0.00287853 0.0724587 1.81251 0.0850272 0.0780701 2.02852 -2.75943 0.504716 2.1357 -0.0624221 -0.098261 -0.168115 0.103104 -0.0213583 0.0501077 0.204485 5.28313 -4.14434 1.52634 1.77876 0.00251828 -0.0651977 0.376404 -3.01057 1.85364 -0.194624 0.000635209 -0.000174788 1.50754
420.565 0.147524 0.151584 2.1977 -2.8661 0.521522 2.08393 0.118023 0.185061 2.25084 -2.87003 0.575066 2.09756 -0.0295019 0.0334776 0.0531372 -0.00393234 0.0535437 0.0136346 0.0693879 3.20247 0.0848276 0.0547338 2.02843 -2.76634 0.501201 2.13424 -0.0626968 -0.0968497 -0.169266 0.0997591 -0.0203215 0.0503079 0.204846 5.11879 -4.15471 1.52348 1.7723 0.00206161 -0.0596055 0.376292 -3.01057 1.85364 -0.19462 0.000648065 -0.000164995 1.50754
420.973 0.147714 0.131684 2.19841 -2.86864 0.5179 2.08274 0.118227 0.16282 2.25567 -2.85569 0.532791 2.08124 -0.029487 0.0311356 0.0572661 0.0129474 0.0148911 -0.00149638 0.0715424 1.16163 0.0823627 0.0372739 2.02778 -2.77174 0.498888 2.13338 -0.0653517 -0.0944102 -0.170631 0.0969009 -0.0190115 0.0506442 0.205668 4.97398 -4.16298 1.52078 1.76708 0.00190359 -0.0554234 0.37629 -3.01057 1.85364 -0.194618 0.000655721 -0.000159164 1.50754
421.231 0.147049 0.112294 2.19903 -2.8712 0.514742 2.08177 0.117901 0.139464 2.22971 -2.87355 0.613802 2.08749 -0.0291477 0.0271704 0.0306783 -0.00235063 0.0990604 0.00572573 0.0502889 5.69092 0.0811537 0.0200439 2.0271 -2.77631 0.496847 2.13259 -0.0658948 -0.0922497 -0.171932 0.0948869 -0.0178949 0.0508255 0.205944 4.87251 -4.17154 1.51767 1.76161 0.00141133 -0.0515998 0.376354 -3.01057 1.85364 -0.194616 0.000661066 -0.000155092 1.50754
421.475 0.145084 0.0880171 2.19973 -2.87442 0.511433 2.08086 0.118222 0.119471 2.2555 -2.86935 0.515227 2.07451 -0.0268622 0.0314539 0.0557637 0.00507934 0.00379372 -0.00635616 0.0694299 0.607163 0.0768847 -0.00297513 2.02699 -2.78182 0.494251 2.13173 -0.068199 -0.0909922 -0.172745 0.0925996 -0.017183 0.0508693 0.206813 4.76477 -4.18324 1.513 1.75408 0.00033914 -0.0473323 0.376528 -3.01057 1.85364 -0.194613 0.000668315 -0.000149568 1.50754
421.97 0.138727 0.0561162 2.20072 -2.87933 0.508893 2.08037 0.115705 0.0818128 2.30275 -2.92617 0.477433 2.04895 -0.0230217 0.0256965 0.102029 -0.0468434 -0.0314601 -0.0314176 0.107704 3.01947 0.0669977 -0.0322382 2.0261 -2.79014 0.491837 2.13124 -0.0717291 -0.0883544 -0.174615 0.089185 -0.0170557 0.0508694 0.208427 4.61151 -4.20082 1.50529 1.74267 -0.00279268 -0.0430143 0.376921 -3.01057 1.85364 -0.19461 0.000677283 -0.000142733 1.50754
422.244 0.134168 0.0379738 2.20124 -2.88196 0.50832 2.08046 0.11155 0.0635738 2.29954 -2.91429 0.535426 2.06746 -0.0226182 0.0256 0.0983 -0.0323331 0.0271063 -0.0130019 0.104066 2.24106 0.0618165 -0.0501964 2.02634 -2.79449 0.491399 2.13189 -0.0723516 -0.0881702 -0.174897 0.0874661 -0.0169204 0.051427 0.208801 4.53605 -4.21221 1.50002 1.73517 -0.00498833 -0.041386 0.377243 -3.01057 1.85364 -0.194609 0.00068234 -0.000138878 1.50754
422.739 0.130015 0.0146367 2.20156 -2.88399 0.508045 2.08095 0.10234 0.0346719 2.25206 -2.88556 0.545451 2.08055 -0.0276753 0.0200353 0.0504987 -0.00157798 0.0374061 -0.000401612 0.0609709 2.14484 0.0571646 -0.0722935 2.02573 -2.80001 0.491037 2.13299 -0.0728507 -0.0869301 -0.175828 0.0839757 -0.0170079 0.0520331 0.209236 4.38633 -4.22838 1.49246 1.72416 -0.00697559 -0.0402718 0.37781 -3.01057 1.85364 -0.194607 0.000687352 -0.000135054 1.50754
422.988 0.129351 0.00387469 2.20149 -2.88434 0.507755 2.08121 0.103592 0.0227014 2.32598 -2.86991 0.453339 2.06457 -0.0257592 0.0188267 0.124494 0.0144293 -0.0544163 -0.0166386 0.128518 3.47006 0.055864 -0.0813849 2.02447 -2.80235 0.490439 2.13332 -0.0734871 -0.0852596 -0.177014 0.0819901 -0.0173155 0.052114 0.20977 4.3053 -4.23606 1.48893 1.71876 -0.00731309 -0.0398563 0.378118 -3.01057 1.85364 -0.194607 0.000688965 -0.000133823 1.50754
423.223 0.129366 -0.0132111 2.20108 -2.88515 0.506136 2.08121 0.0984549 0.00799812 2.23064 -2.88466 0.590777 2.07126 -0.0309115 0.0212092 0.0295606 0.000483804 0.0846413 -0.00994691 0.0477408 4.88471 0.0556887 -0.095256 2.02218 -2.80527 0.488512 2.13341 -0.0736777 -0.0820448 -0.178902 0.0798829 -0.0176236 0.0521949 0.210157 4.22457 -4.24597 1.48451 1.71163 -0.00737535 -0.0380976 0.37853 -3.01057 1.85364 -0.194605 0.00069235 -0.000131237 1.50754
423.446 0.130024 -0.0276783 2.20036 -2.88598 0.504096 2.08097 0.100176 -0.0056842 2.26964 -2.88943 0.529835 2.10026 -0.0298473 0.0219941 0.0692885 -0.00344702 0.0257393 0.0192838 0.0785843 1.91049 0.056145 -0.106457 2.01949 -2.80799 0.486321 2.13335 -0.0738786 -0.078779 -0.180863 0.0779872 -0.0177745 0.052379 0.210656 4.15454 -4.25323 1.48139 1.7061 -0.00715755 -0.0359602 0.378838 -3.01057 1.85364 -0.194605 0.00069235 -0.000131237 1.50754
423.696 0.13317 -0.0459309 2.19844 -2.88649 0.500374 2.08025 0.103724 -0.0228609 2.30575 -2.87855 0.50005 2.05395 -0.029446 0.02307 0.107305 0.00794361 -0.00032418 -0.0263014 0.113638 1.771 0.0569081 -0.122606 2.01648 -2.81208 0.482447 2.1329 -0.0762616 -0.0766747 -0.18196 0.0744166 -0.0179268 0.0526494 0.21167 4.0239 -4.26066 1.47835 1.69946 -0.00569711 -0.0324841 0.379119 -3.01057 1.85364 -0.194605 0.000693984 -0.000129986 1.50754
424.198 0.140938 -0.0966848 2.19122 -2.88893 0.489596 2.07778 0.110205 -0.0676038 2.25188 -2.91031 0.506067 2.06811 -0.0307332 0.029081 0.0606551 -0.0213808 0.0164702 -0.00967203 0.0739546 1.43176 0.0624742 -0.16461 2.00463 -2.82476 0.472425 2.13094 -0.0784639 -0.067925 -0.186591 0.0641722 -0.0171715 0.0531591 0.21351 3.6603 -4.27944 1.47113 1.68084 -0.002139 -0.0220226 0.379628 -3.01057 1.85364 -0.194604 0.000697274 -0.000127451 1.50754
424.406 0.142091 -0.11724 2.18784 -2.89054 0.486159 2.07694 0.112237 -0.0942556 2.25372 -2.87964 0.520832 2.07508 -0.0298541 0.0229849 0.0658799 0.0109034 0.0346731 -0.00185986 0.0758929 2.10059 0.0620364 -0.182312 1.99973 -2.82991 0.469785 2.13053 -0.0800548 -0.0650721 -0.188113 0.0606354 -0.0163745 0.0535836 0.214546 3.54409 -4.28792 1.46795 1.67225 -0.00173056 -0.0183275 0.379759 -3.01057 1.85364 -0.194604 0.000697274 -0.000127451 1.50754
424.667 0.141892 -0.142349 2.18364 -2.8929 0.482912 2.0761 0.114167 -0.11587 2.25294 -2.8839 0.513676 2.07301 -0.0277256 0.0264794 0.0692946 0.00900105 0.0307648 -0.00309183 0.0791935 1.86865 0.0597473 -0.202967 1.99301 -2.83474 0.467465 2.13026 -0.082145 -0.0606179 -0.190629 0.05816 -0.0154462 0.0541587 0.216244 3.47164 -4.29948 1.46366 1.66085 -0.00208259 -0.0144719 0.379849 -3.01057 1.85364 -0.194603 0.000698886 -0.000126206 1.50754
424.882 0.141079 -0.159793 2.18075 -2.89467 0.481164 2.0756 0.114133 -0.138397 2.25168 -2.92649 0.480697 2.06036 -0.0269465 0.0213959 0.0709265 -0.0318177 -0.000467139 -0.0152393 0.0788319 1.61665 0.0564461 -0.218062 1.98878 -2.83782 0.466424 2.13057 -0.0846331 -0.0582685 -0.191971 0.0568525 -0.0147398 0.0549733 0.217741 3.44674 -4.30827 1.46046 1.65245 -0.00269523 -0.012185 0.379855 -3.01057 1.85364 -0.194603 0.000698886 -0.000126206 1.50754
425.099 0.140216 -0.176319 2.17795 -2.89627 0.479793 2.07517 0.114219 -0.15959 2.27377 -2.90318 0.442673 2.0734 -0.0259973 0.0167285 0.0958241 -0.00690382 -0.0371209 -0.00176138 0.100687 2.1574 0.0532602 -0.231745 1.98432 -2.84109 0.465909 2.13112 -0.086956 -0.0554255 -0.193624 0.0551854 -0.0138842 0.0559512 0.219371 3.4165 -4.31709 1.45731 1.6441 -0.00335182 -0.0102981 0.379824 -3.01057 1.85364 -0.194603 0.000698886 -0.000126206 1.50754
425.375 0.139872 -0.192816 2.17504 -2.89767 0.478329 2.07467 0.112275 -0.179516 2.27461 -2.90826 0.436037 2.07119 -0.0275964 0.0132999 0.0995697 -0.0105868 -0.0422924 -0.00348419 0.104176 2.48443 0.0499151 -0.243932 1.97893 -2.84401 0.465281 2.13108 -0.0899565 -0.0511163 -0.196109 0.0536601 -0.0130481 0.0564061 0.221729 3.37962 -4.32592 1.45426 1.63574 -0.00375567 -0.00841602 0.379759 -3.01057 1.85364 -0.194603 0.000698886 -0.000126206 1.50754
425.605 0.141324 -0.215048 2.17085 -2.89878 0.475855 2.07387 0.112219 -0.196575 2.25324 -2.90488 0.486292 2.06268 -0.0291052 0.0184732 0.0823858 -0.00609632 0.0104367 -0.0111942 0.0893073 0.826616 0.0487227 -0.262175 1.97261 -2.84741 0.463652 2.13062 -0.0926017 -0.0471266 -0.198244 0.0513709 -0.0122035 0.056749 0.223823 3.32531 -4.33762 1.4504 1.62455 -0.00332165 -0.00577202 0.379662 -3.01057 1.85364 -0.194603 0.00070051 -0.000124953 1.50754
425.872 0.143312 -0.231741 2.16741 -2.89926 0.473763 2.07323 0.114209 -0.216294 2.25362 -2.90916 0.480109 2.06067 -0.0291029 0.0154476 0.0862115 -0.00990025 0.00634618 -0.0125657 0.0922932 0.772784 0.0488324 -0.275196 1.96724 -2.84964 0.461869 2.13007 -0.0944794 -0.0434544 -0.200173 0.0496196 -0.0118937 0.0568338 0.225575 3.28623 -4.34627 1.44767 1.61608 -0.00256425 -0.00373109 0.379608 -3.01057 1.85364 -0.194603 0.00070051 -0.000124953 1.50754
426.119 0.14546 -0.248395 2.16362 -2.89971 0.471629 2.07261 0.116156 -0.235935 2.25321 -2.91244 0.472853 2.05921 -0.0293042 0.0124605 0.0895985 -0.0127284 0.00122431 -0.013401 0.0950889 0.785343 0.048443 -0.288381 1.96168 -2.85224 0.460062 2.12956 -0.0970173 -0.039986 -0.20194 0.0474713 -0.0115674 0.0569488 0.227577 3.24184 -4.35474 1.44509 1.6074 -0.00176577 -0.00167184 0.379579 -3.01057 1.85364 -0.194603 0.00070051 -0.000124953 1.50754
426.337 0.147304 -0.269758 2.15805 -2.90067 0.469264 2.07194 0.118148 -0.255663 2.25363 -2.91656 0.466854 2.05731 -0.0291558 0.0140947 0.0955783 -0.0158889 -0.00240914 -0.0146314 0.100915 0.928306 0.0491948 -0.304683 1.95343 -2.85552 0.458103 2.12913 -0.0981087 -0.0349255 -0.204625 0.04515 -0.0111603 0.0571902 0.229601 3.20222 -4.36564 1.44187 1.59544 -0.00131943 0.000816934 0.379567 -3.01057 1.85364 -0.194603 0.00070051 -0.000124953 1.50754
426.612 0.147891 -0.284921 2.15354 -2.90165 0.467925 2.07157 0.118457 -0.268371 2.20396 -2.90968 0.503231 2.08006 -0.0294334 0.0165506 0.0504221 -0.00802927 0.0353065 0.00848804 0.0606847 2.17924 0.0487362 -0.318162 1.94807 -2.85801 0.457536 2.12906 -0.0991544 -0.0332404 -0.205473 0.0436384 -0.0103889 0.0574959 0.230555 3.17854 -4.37346 1.43963 1.58621 -0.00145913 0.00240891 0.379565 -3.01057 1.85364 -0.194603 0.00070051 -0.000124953 1.50754
426.845 0.148595 -0.299197 2.14874 -2.90243 0.46681 2.07126 0.122168 -0.292353 2.25558 -2.89123 0.478888 2.06268 -0.0264268 0.00684451 0.106838 0.0112082 0.0120784 -0.00857664 0.110271 1.19157 0.0480564 -0.331137 1.94259 -2.86004 0.457277 2.12898 -0.100539 -0.0319395 -0.206143 0.0423901 -0.00953257 0.0577221 0.231567 3.1579 -4.38094 1.43756 1.57678 -0.00155104 0.00372567 0.379562 -3.01057 1.85364 -0.194603 0.00070051 -0.000124953 1.50754
427.048 0.150304 -0.316902 2.1418 -2.9029 0.465533 2.07092 0.122031 -0.308673 2.25261 -2.92569 0.449992 2.05331 -0.0282729 0.00822946 0.110811 -0.02279 -0.0155411 -0.0176129 0.114656 1.5334 0.0491355 -0.348309 1.93549 -2.86178 0.456939 2.12878 -0.101168 -0.0314068 -0.206307 0.0411222 -0.00859429 0.0578551 0.231914 3.13513 -4.39034 1.4351 1.56389 -0.00127184 0.0050458 0.379571 -3.01057 1.85364 -0.194603 0.00070051 -0.000124953 1.50754
427.274 0.151847 -0.329429 2.13616 -2.90303 0.4647 2.0707 0.122456 -0.319881 2.20745 -2.89837 0.46059 2.06753 -0.0293907 0.00954827 0.0712902 0.00466162 -0.00410957 -0.00317113 0.0776999 0.451108 0.0517711 -0.362193 1.93076 -2.86284 0.456571 2.1285 -0.100076 -0.0327635 -0.205399 0.0401846 -0.00812911 0.0577931 0.230819 3.11508 -4.39693 1.43348 1.55398 -0.0009313 0.00582887 0.37958 -3.01057 1.85364 -0.194603 0.00070051 -0.000124953 1.50754
427.984 0.155606 -0.364829 2.11543 -2.90318 0.463876 2.0705 0.127931 -0.356739 2.18507 -2.93003 0.473526 2.04849 -0.0276754 0.00809035 0.0696323 -0.0268539 0.00965061 -0.0220087 0.0753661 1.58437 0.059186 -0.39829 1.91054 -2.8647 0.45541 2.12858 -0.0964202 -0.0334611 -0.204898 0.0384776 -0.00846581 0.0580764 0.22891 3.10778 -4.41592 1.42932 1.51964 -0.000625426 0.00661862 0.379604 -3.01057 1.85364 -0.194602 0.000702106 -0.000123706 1.50754
428.45 0.15552 -0.385802 2.10186 -2.90498 0.463134 2.07022 0.128093 -0.383068 2.18819 -2.90687 0.487116 2.05304 -0.027427 0.00273341 0.0863322 -0.00188692 0.023982 -0.0171796 0.0906254 1.6646 0.0622686 -0.421168 1.89801 -2.86666 0.455611 2.12882 -0.0932512 -0.0353661 -0.203849 0.0383261 -0.00752269 0.0585984 0.226938 3.12111 -4.42515 1.42776 1.4994 -0.00180787 0.00804446 0.379524 -3.01057 1.85364 -0.194602 0.000702106 -0.000123706 1.50754
428.732 0.155816 -0.398558 2.09283 -2.90606 0.462585 2.06997 0.130175 -0.400871 2.20749 -2.91293 0.435477 2.06133 -0.0256412 -0.00231337 0.114654 -0.00687438 -0.0271081 -0.00864118 0.117509 1.62582 0.0634671 -0.437055 1.89079 -2.86776 0.456183 2.12889 -0.0923487 -0.0384968 -0.202044 0.0382987 -0.00640212 0.0589162 0.22546 3.1265 -4.43039 1.42721 1.48659 -0.00243248 0.00898692 0.379436 -3.01057 1.85364 -0.194602 0.000702106 -0.000123706 1.50754
428.996 0.156465 -0.407438 2.08584 -2.90665 0.462152 2.06978 0.128369 -0.401809 2.14518 -2.88556 0.491686 2.06578 -0.028096 0.00562813 0.0593486 0.0210906 0.0295345 -0.00399598 0.0659038 2.15177 0.0641349 -0.446627 1.88417 -2.86845 0.456183 2.12888 -0.09233 -0.0391891 -0.201662 0.0382061 -0.00596873 0.0591029 0.225229 3.13113 -4.43383 1.42708 1.47701 -0.00269004 0.00962226 0.379362 -3.01057 1.85364 -0.194602 0.000702106 -0.000123706 1.50754
429.265 0.157227 -0.416655 2.07812 -2.90738 0.46148 2.06952 0.128367 -0.413045 2.14515 -2.88801 0.48833 2.06458 -0.02886 0.00360989 0.0670207 0.0193675 0.0268502 -0.00494097 0.0730596 1.99135 0.0643703 -0.458754 1.87816 -2.86951 0.455854 2.12876 -0.092857 -0.0420994 -0.199964 0.0378659 -0.00562644 0.059238 0.224455 3.13188 -4.43684 1.42721 1.46708 -0.00293891 0.0105217 0.379292 -3.01057 1.85364 -0.194602 0.000702106 -0.000123706 1.50754
429.632 0.158768 -0.428422 2.06664 -2.90808 0.460607 2.0692 0.132194 -0.428528 2.16197 -2.89189 0.44005 2.07358 -0.0265743 -0.000106663 0.0953331 0.0161863 -0.0205573 0.0043814 0.0989677 1.45185 0.0621751 -0.474086 1.86874 -2.87155 0.455621 2.12893 -0.0965933 -0.0456646 -0.197901 0.0365348 -0.00498637 0.0597306 0.224901 3.13663 -4.44018 1.42781 1.45288 -0.00305355 0.0115883 0.379214 -3.01057 1.85364 -0.194602 0.000702106 -0.000123706 1.50754
429.915 0.160559 -0.43658 2.05698 -2.90818 0.460071 2.069 0.132007 -0.437898 2.14305 -2.91844 0.459913 2.05589 -0.028552 -0.0013186 0.0860723 -0.0102641 -0.000158076 -0.0131078 0.0906939 0.719821 0.0611084 -0.4842 1.86022 -2.87283 0.455441 2.12897 -0.0994501 -0.0476203 -0.196754 0.0353511 -0.0046301 0.0599709 0.225544 3.13475 -4.44215 1.42858 1.44124 -0.00282171 0.0121018 0.379167 -3.01057 1.85364 -0.194602 0.000702106 -0.000123706 1.50754
430.173 0.162658 -0.4438 2.04646 -2.90792 0.459856 2.06889 0.135757 -0.449153 2.14316 -2.91951 0.456032 2.05561 -0.0269006 -0.0053533 0.0967044 -0.0115867 -0.00382384 -0.0132754 0.100519 0.78783 0.0609818 -0.493612 1.85095 -2.87386 0.455503 2.12904 -0.101676 -0.0498125 -0.19551 0.0340606 -0.00435282 0.0601513 0.225928 3.13113 -4.44366 1.42964 1.42867 -0.0024446 0.0121809 0.379123 -3.01057 1.85364 -0.194602 0.000702106 -0.000123706 1.50754
430.554 0.167197 -0.455735 2.02283 -2.90667 0.460449 2.0689 0.137346 -0.456372 2.0819 -2.92013 0.484236 2.05234 -0.0298511 -0.000636678 0.0590764 -0.0134574 0.0237873 -0.0165572 0.066193 1.63901 0.060131 -0.510578 1.8302 -2.87552 0.45705 2.12938 -0.107066 -0.0548427 -0.192623 0.0311587 -0.00339921 0.0604824 0.2271 3.12312 -4.44533 1.43252 1.40079 -0.00156996 0.0111248 0.379007 -3.01057 1.85364 -0.194602 0.000702106 -0.000123706 1.50754
430.88 0.170767 -0.462204 2.00557 -2.90522 0.461285 2.06898 0.141001 -0.465532 2.0822 -2.91954 0.481205 2.05258 -0.0297655 -0.00332889 0.0766307 -0.0143202 0.0199193 -0.0163976 0.082276 1.46927 0.0616554 -0.520121 1.81472 -2.87479 0.458284 2.12954 -0.109111 -0.0579173 -0.190847 0.0304312 -0.00300139 0.060562 0.227338 3.12086 -4.44549 1.43493 1.38069 -0.000641839 0.00976772 0.378888 -3.01057 1.85364 -0.194602 0.000702106 -0.000123706 1.50754
431.144 0.173528 -0.467339 1.99175 -2.90416 0.461731 2.06896 0.142714 -0.464497 2.04159 -2.92256 0.470866 2.05932 -0.0308135 0.002842 0.049835 -0.0183908 0.00913465 -0.0096442 0.0586607 1.07992 0.0629454 -0.528177 1.80261 -2.8738 0.458831 2.12944 -0.110582 -0.0608374 -0.18914 0.0303604 -0.00290051 0.0604812 0.227384 3.11546 -4.44516 1.43693 1.36498 0.000136242 0.00892394 0.378774 -3.01057 1.85364 -0.194602 0.000702106 -0.000123706 1.50754
431.444 0.176946 -0.474699 1.97221 -2.90301 0.462124 2.06885 0.146399 -0.474773 2.04354 -2.89734 0.485901 2.06622 -0.0305474 -7.44036e-05 0.071334 0.00567043 0.0237772 -0.00262792 0.0775996 1.42437 0.0632798 -0.539662 1.78549 -2.87258 0.459067 2.12908 -0.113666 -0.0649629 -0.186719 0.0304301 -0.00305653 0.0602386 0.228044 3.10362 -4.44417 1.4398 1.34324 0.00107134 0.00808646 0.37859 -3.01057 1.85364 -0.194602 0.000702106 -0.000123706 1.50754
431.791 0.179481 -0.479245 1.95715 -2.90187 0.462798 2.06884 0.149482 -0.480979 2.02451 -2.91816 0.502416 2.05043 -0.0299995 -0.00173303 0.0673616 -0.0162879 0.0396185 -0.0184117 0.0737602 2.4945 0.0637428 -0.549034 1.77323 -2.87151 0.45942 2.12885 -0.115738 -0.0697887 -0.183919 0.0303581 -0.00337715 0.0600144 0.228237 3.0925 -4.44304 1.44205 1.32641 0.00182672 0.00700653 0.378428 -3.01057 1.85364 -0.194602 0.000702106 -0.000123706 1.50754
432.022 0.181928 -0.48321 1.94172 -2.90056 0.463728 2.06888 0.153151 -0.490275 2.02648 -2.9284 0.459598 2.03688 -0.0287768 -0.0070648 0.0847587 -0.0278468 -0.00412998 -0.0319998 0.089789 1.83227 0.0647742 -0.556952 1.76005 -2.8707 0.459674 2.12852 -0.117154 -0.0737424 -0.181663 0.0298571 -0.00405386 0.059639 0.228395 3.07371 -4.44161 1.44434 1.30906 0.00260973 0.00562346 0.378248 -3.01057 1.85364 -0.194602 0.000702106 -0.000123706 1.50754
432.233 0.184293 -0.48881 1.92 -2.89921 0.465161 2.06896 0.156783 -0.494761 2.0051 -2.90205 0.467269 2.07257 -0.0275097 -0.00595106 0.0850978 -0.00283521 0.00210786 0.0036108 0.0896317 0.338041 0.0658016 -0.56724 1.7411 -2.87019 0.460212 2.12826 -0.118491 -0.0784308 -0.178896 0.029022 -0.00494851 0.0592958 0.228463 3.05672 -4.4393 1.44739 1.28487 0.0031848 0.00379733 0.377978 -3.01057 1.85364 -0.194602 0.000702106 -0.000123706 1.50754
432.571 0.185366 -0.493563 1.90304 -2.89864 0.466212 2.06901 0.158206 -0.498891 1.9901 -2.90691 0.464534 2.05025 -0.0271606 -0.00532774 0.0870512 -0.00826632 -0.00167816 -0.0187611 0.0913455 0.965503 0.066997 -0.575434 1.7261 -2.87029 0.460926 2.12809 -0.118369 -0.0818715 -0.176942 0.0283501 -0.00528604 0.0590838 0.228085 3.04504 -4.43734 1.44963 1.26608 0.00324739 0.00262837 0.377762 -3.01057 1.85364 -0.194602 0.000702106 -0.000123706 1.50754
433.407 0.186571 -0.511953 1.84458 -2.89832 0.469156 2.06899 0.1586 -0.508947 1.90073 -2.9026 0.51095 2.06597 -0.027971 0.00300659 0.0561505 -0.00427492 0.041793 -0.00302501 0.0628036 2.40501 0.0672075 -0.605251 1.67405 -2.87229 0.461654 2.12678 -0.119364 -0.0932975 -0.170522 0.0260307 -0.00750291 0.0577899 0.2281 2.9899 -4.42984 1.45661 1.2021 0.00232464 -9.17251e-05 0.377038 -3.01057 1.85364 -0.194602 0.000702106 -0.000123706 1.50754
433.741 0.186746 -0.519034 1.82629 -2.89863 0.469406 2.06885 0.15654 -0.511955 1.86622 -2.90675 0.500199 2.07081 -0.0302056 0.00707932 0.0399279 -0.00811318 0.0307927 0.00196962 0.0505641 1.84122 0.0676862 -0.61554 1.65742 -2.87318 0.460396 2.12597 -0.11906 -0.0965056 -0.168868 0.0254544 -0.00900991 0.0571283 0.228046 2.97098 -4.42744 1.45855 1.18241 0.00201024 -0.000177777 0.376851 -3.01057 1.85364 -0.194602 0.000702106 -0.000123706 1.50754
434.072 0.18714 -0.526515 1.80745 -2.89883 0.469498 2.06868 0.159808 -0.525018 1.8663 -2.9086 0.495573 2.0701 -0.0273324 0.00149672 0.0588469 -0.00976422 0.0260754 0.00141919 0.064902 1.61058 0.0680875 -0.6255 1.64008 -2.87346 0.459327 2.12535 -0.119052 -0.0989855 -0.16737 0.0253729 -0.0101711 0.0566654 0.228001 2.96068 -4.425 1.46043 1.16242 0.00187468 -0.000172887 0.376689 -3.01057 1.85364 -0.194602 0.000702106 -0.000123706 1.50754
434.675 0.189107 -0.543803 1.76309 -2.89837 0.469522 2.06839 0.162633 -0.545516 1.83376 -2.91578 0.478296 2.07391 -0.0264746 -0.00171271 0.0706696 -0.0174046 0.00877403 0.00551821 0.0754853 1.27871 0.0694787 -0.64704 1.59832 -2.87279 0.455883 2.12383 -0.119629 -0.103237 -0.164766 0.025583 -0.0136394 0.0554354 0.228291 2.94796 -4.41915 1.46459 1.11519 0.00242497 -0.00038908 0.376432 -3.01057 1.85364 -0.194602 0.000702106 -0.000123706 1.50754
434.958 0.190331 -0.551402 1.74389 -2.89788 0.469316 2.06827 0.164041 -0.556682 1.82306 -2.90075 0.488103 2.05855 -0.0262904 -0.00528005 0.0791673 -0.00286724 0.0187875 -0.00972148 0.0835855 1.18828 0.0708843 -0.655838 1.57988 -2.87248 0.454721 2.12318 -0.119447 -0.104437 -0.164007 0.0254031 -0.0145945 0.0549085 0.228194 2.93812 -4.41658 1.46626 1.09481 0.00301748 -0.000417411 0.376376 -3.01057 1.85364 -0.194602 0.000702106 -0.000123706 1.50754
435.269 0.191881 -0.562121 1.71782 -2.89729 0.468804 2.0681 0.163183 -0.558779 1.7789 -2.90234 0.506044 2.05482 -0.0286987 0.00334154 0.0610809 -0.0050491 0.0372396 -0.0132804 0.0675696 2.23808 0.0733382 -0.667613 1.55455 -2.87193 0.452799 2.12233 -0.118543 -0.105492 -0.163274 0.0253599 -0.0160047 0.0542269 0.227682 2.93078 -4.41309 1.46834 1.06731 0.00384934 -0.000219248 0.37635 -3.01057 1.85364 -0.194602 0.000702106 -0.000123706 1.50754
435.886 0.193385 -0.576718 1.67895 -2.89614 0.468985 2.06819 0.167576 -0.5825 1.75206 -2.89637 0.471899 2.05354 -0.0258087 -0.00578248 0.073107 -0.000226034 0.00291364 -0.0146472 0.0777442 0.849958 0.0765173 -0.684312 1.51702 -2.87013 0.450188 2.12131 -0.116868 -0.107595 -0.161934 0.0260146 -0.0187968 0.053123 0.226842 2.93598 -4.40768 1.47104 1.02557 0.00476689 -0.000866387 0.376383 -3.01057 1.85364 -0.194602 0.000702106 -0.000123706 1.50754
436.208 0.194039 -0.583734 1.65965 -2.89536 0.469179 2.06828 0.165095 -0.579185 1.69514 -2.87652 0.496594 2.08086 -0.0289433 0.00454928 0.0354951 0.0188427 0.0274154 0.0125768 0.0460251 1.85182 0.0758876 -0.69277 1.49864 -2.86879 0.448931 2.1211 -0.118151 -0.109036 -0.161006 0.0265707 -0.0202485 0.0528215 0.227533 2.95618 -4.4049 1.47216 1.00472 0.00534981 -0.00137062 0.376414 -3.01057 1.85364 -0.194602 0.000702106 -0.000123706 1.50754
436.857 0.195204 -0.593185 1.63409 -2.8939 0.469151 2.06834 0.166024 -0.589336 1.68182 -2.89508 0.506207 2.06545 -0.0291808 0.00384871 0.0477305 -0.00117916 0.0370567 -0.00288349 0.0560762 2.12817 0.0736699 -0.703925 1.47429 -2.86675 0.447189 2.12104 -0.121535 -0.110741 -0.159805 0.0271467 -0.0219614 0.0527017 0.229285 2.99408 -4.40114 1.47337 0.977227 0.00665627 -0.00196826 0.376466 -3.01057 1.85364 -0.194602 0.000702106 -0.000123706 1.50754
437.387 0.196081 -0.600579 1.61511 -2.8927 0.468804 2.0683 0.167752 -0.601347 1.6703 -2.87325 0.464402 2.07832 -0.0283293 -0.000768237 0.0551855 0.0194559 -0.00440125 0.0100209 0.0620369 1.02946 0.0715928 -0.711973 1.45588 -2.86546 0.446169 2.12111 -0.124488 -0.111394 -0.159229 0.0272444 -0.0226346 0.0528127 0.230781 3.01688 -4.39828 1.474 0.957003 0.00789868 -0.00217156 0.376516 -3.01057 1.85364 -0.194602 0.000702106 -0.000123706 1.50754
437.653 0.196641 -0.608213 1.59625 -2.89161 0.468314 2.06823 0.170121 -0.611267 1.6576 -2.89204 0.474092 2.06322 -0.0265203 -0.00305466 0.0613536 -0.000427889 0.00577831 -0.00501343 0.0669098 0.431601 0.0706712 -0.719372 1.43696 -2.86445 0.445327 2.12132 -0.12597 -0.111159 -0.159283 0.0271626 -0.0229863 0.0530907 0.231508 3.03848 -4.39538 1.47437 0.936907 0.00913055 -0.00220785 0.376576 -3.01057 1.85364 -0.194602 0.000702106 -0.000123706 1.50754
438.05 0.19601 -0.61877 1.57092 -2.89089 0.467833 2.06821 0.171612 -0.624333 1.64433 -2.88213 0.447371 2.08102 -0.0243982 -0.0055622 0.073405 0.0087508 -0.0204625 0.0128124 0.0775532 1.35624 0.0685693 -0.728968 1.41132 -2.86411 0.445112 2.12193 -0.127441 -0.110198 -0.159603 0.0267709 -0.0227215 0.0537141 0.232073 3.05889 -4.39144 1.47437 0.910083 0.00998873 -0.00209442 0.376673 -3.01057 1.85364 -0.194602 0.000702106 -0.000123706 1.50754
438.407 0.1944 -0.62669 1.55215 -2.89095 0.467727 2.06828 0.16926 -0.627535 1.60826 -2.88528 0.462546 2.07643 -0.02514 -0.00084582 0.0561152 0.0056711 -0.00518068 0.00814918 0.0614951 0.524887 0.0663817 -0.737075 1.39267 -2.86461 0.445531 2.12228 -0.128019 -0.110385 -0.159481 0.0263456 -0.0221956 0.0540063 0.232396 3.05787 -4.3884 1.47399 0.890032 0.00994062 -0.00197406 0.376756 -3.01057 1.85364 -0.194602 0.000702106 -0.000123706 1.50754
438.676 0.192046 -0.634612 1.53344 -2.89136 0.467804 2.0684 0.167511 -0.641132 1.59836 -2.89287 0.457136 2.05618 -0.0245352 -0.00652016 0.0649229 -0.00150998 -0.0106684 -0.0122141 0.0697099 0.903956 0.064619 -0.745164 1.37397 -2.86569 0.446168 2.12255 -0.127427 -0.110552 -0.159474 0.0256703 -0.021636 0.0541544 0.232145 3.04941 -4.38529 1.47328 0.869918 0.0094811 -0.00187026 0.376844 -3.01057 1.85364 -0.194602 0.000702106 -0.000123706 1.50754
439.001 0.18813 -0.645489 1.50822 -2.89221 0.467993 2.06859 0.162193 -0.635756 1.54117 -2.87634 0.500285 2.07119 -0.0259368 0.00973342 0.0329432 0.0158679 0.0322922 0.00260041 0.0430431 2.03606 0.0620225 -0.755648 1.34831 -2.86742 0.446401 2.12268 -0.126108 -0.110159 -0.159909 0.0247873 -0.0215915 0.0540904 0.231536 3.04388 -4.38105 1.47186 0.842699 0.00853462 -0.00167464 0.376966 -3.01057 1.85364 -0.194602 0.000702106 -0.000123706 1.50754
