127.887 -0.689315 -0.466755 1.48606 -2.68429 -0.247535 -2.65015 -0.907681 -0.408146 1.45867 -2.62709 -0.166001 -2.77452 -0.218366 0.0586093 -0.0273864 0.057198 0.0815333 -0.124368 0.227747 8.58494 -0.713587 -0.587575 1.32887 -2.71225 -0.254339 -2.62575 -0.0242723 -0.12082 -0.157193 -0.0279631 -0.00680442 0.0244001 0.19974 1.88699 -2.18902 -1.25089 0.933158 -0.0140341 0.00848441 0.54847 -1.49976 -0.00459648 -0.195962 0.000169541 0.000692979 0.00308706
128.923 -0.342427 -0.537277 1.55723 -2.7578 -0.367488 -2.43353 -0.573495 -0.51189 1.55757 -2.71589 -0.327552 -2.55358 -0.231068 0.0253869 0.000345306 0.0419071 0.0399364 -0.12005 0.232458 6.85924 -0.364426 -0.672668 1.40939 -2.79339 -0.378672 -2.37563 -0.0219985 -0.135391 -0.147835 -0.0355989 -0.0111838 0.0578941 0.201668 3.26195 -2.17889 -1.22717 0.933933 0.0101527 -0.000927003 0.786067 -1.49976 -0.00459648 -0.195962 0.000169541 0.000692979 0.00308706
129.43 -0.208266 -0.547313 1.56999 -2.79323 -0.406087 -2.3422 -0.412111 -0.53912 1.58572 -2.75339 -0.380875 -2.43944 -0.203845 0.00819306 0.0157351 0.0398404 0.0252124 -0.0972316 0.204616 5.34566 -0.229473 -0.685618 1.42414 -2.83565 -0.419396 -2.26226 -0.0212072 -0.138304 -0.145842 -0.0424216 -0.0133085 0.0799485 0.202108 4.30548 -2.17421 -1.21723 0.935185 0.0147559 -0.00456001 0.878648 -1.49976 -0.00459648 -0.195962 0.000169541 0.000692979 0.00308706
129.888 -0.0891925 -0.547262 1.57507 -2.82793 -0.436767 -2.25596 -0.255617 -0.5573 1.61644 -2.79986 -0.423145 -2.3341 -0.166424 -0.0100377 0.0413748 0.0280661 0.0136217 -0.0781354 0.171784 4.15134 -0.108577 -0.688905 1.43136 -2.87645 -0.450091 -2.1604 -0.0193844 -0.141643 -0.143707 -0.0485222 -0.0133244 0.0955596 0.202707 5.02219 -2.16924 -1.20774 0.936842 0.0163763 -0.00770063 0.96311 -1.49976 -0.00459648 -0.195962 0.000169541 0.000692979 0.00308706
130.424 0.0442656 -0.534969 1.57436 -2.87041 -0.467428 -2.15208 -0.122395 -0.549903 1.60101 -2.81971 -0.460477 -2.24424 -0.166661 -0.0149338 0.0266479 0.0507006 0.00695125 -0.0921561 0.169437 4.76913 0.0294446 -0.684177 1.43523 -2.92678 -0.480029 -2.03637 -0.0148209 -0.149208 -0.139128 -0.056369 -0.0126011 0.115718 0.204546 5.94673 -2.16213 -1.19596 0.939677 0.0151914 -0.0113515 1.06133 -1.49976 -0.00459648 -0.195962 0.000169541 0.000692979 0.00308706
130.903 0.124888 -0.51973 1.57079 -2.89808 -0.484249 -2.08474 -0.00487405 -0.535927 1.58855 -2.8381 -0.492822 -2.17289 -0.129762 -0.0161969 0.0177534 0.059989 -0.00857251 -0.0881483 0.131969 4.61108 0.112075 -0.669044 1.43183 -2.96063 -0.49674 -1.95117 -0.0128135 -0.149314 -0.138966 -0.0625487 -0.0124908 0.133573 0.204378 6.78755 -2.15651 -1.18783 0.942142 0.0128556 -0.0137767 1.12353 -1.49976 -0.00459648 -0.195962 0.000169541 0.000692979 0.00308706
131.806 0.233236 -0.483462 1.56291 -2.94088 -0.504759 -1.98794 0.159835 -0.512291 1.61253 -2.93078 -0.50116 -2.02729 -0.0734016 -0.0288293 0.0496254 0.0100949 0.00359913 -0.0393513 0.0931751 2.05023 0.229526 -0.636646 1.42629 -3.01109 -0.516565 -1.8314 -0.00371022 -0.153185 -0.136623 -0.0702157 -0.0118064 0.156539 0.205293 7.86053 -2.14284 -1.17136 0.951656 0.0104306 -0.0162147 1.21119 -1.49976 -0.00459648 -0.195962 0.000169541 0.000692979 0.00308706
132.323 0.243497 -0.469828 1.56335 -2.9452 -0.507644 -1.97452 0.201953 -0.494069 1.60593 -2.94971 -0.512624 -1.99608 -0.0415444 -0.0242418 0.0425794 -0.00450611 -0.00498007 -0.0215544 0.0642387 1.40889 0.241965 -0.62366 1.42718 -3.01834 -0.521836 -1.80802 -0.00153268 -0.153832 -0.136172 -0.0731433 -0.0141921 0.166506 0.20545 8.35696 -2.13683 -1.1654 0.957132 0.0085658 -0.0174657 1.22329 -1.49976 -0.00459648 -0.195962 0.000169541 0.000692979 0.00308706
132.756 0.235752 -0.458564 1.56545 -2.94155 -0.50781 -1.97487 0.217947 -0.473816 1.59438 -2.94503 -0.506484 -1.97033 -0.0178054 -0.0152514 0.0289306 -0.00347974 0.00132603 0.00454541 0.0372374 0.250229 0.237201 -0.612813 1.42961 -3.01641 -0.524489 -1.80282 0.00144833 -0.154249 -0.13584 -0.0748651 -0.0166781 0.172049 0.205541 8.64359 -2.13081 -1.16009 0.962207 0.00537017 -0.0188726 1.22308 -1.49976 -0.00459648 -0.195962 0.000169541 0.000692979 0.00308706
133.81 0.168866 -0.445381 1.56977 -2.91318 -0.497893 -2.01536 0.184245 -0.450828 1.59187 -2.92693 -0.511576 -1.98278 0.0153795 -0.00544656 0.0220997 -0.0137484 -0.0136839 0.032584 0.0274698 1.81618 0.172074 -0.600751 1.43471 -2.98973 -0.522182 -1.83407 0.00320802 -0.155369 -0.135053 -0.0765517 -0.0242894 0.181296 0.205887 9.19462 -2.11743 -1.15018 0.969597 -0.00366429 -0.0200377 1.18647 -1.49976 -0.00459648 -0.195962 0.000169541 0.000692979 0.00308706
134.851 0.0713004 -0.44306 1.56726 -2.87568 -0.479004 -2.08626 0.101837 -0.447583 1.60775 -2.89473 -0.4877 -2.04514 0.0305362 -0.00452243 0.0404911 -0.0190575 -0.00869561 0.0411234 0.050916 2.14484 0.0740291 -0.598729 1.43233 -2.9469 -0.508101 -1.90908 0.00272867 -0.155669 -0.134935 -0.0712228 -0.0290961 0.177186 0.206028 9.12128 -2.10627 -1.1433 0.970127 -0.00874443 -0.0189833 1.12125 -1.49976 -0.00459648 -0.195962 0.000169541 0.000692979 0.00308706
135.246 0.031206 -0.442898 1.56391 -2.86083 -0.470001 -2.11535 0.0564788 -0.450421 1.61544 -2.87033 -0.479485 -2.07824 0.0252728 -0.00752343 0.0515299 -0.00950687 -0.00948408 0.0371117 0.0578848 2.01363 0.0328337 -0.597506 1.42826 -2.92444 -0.498077 -1.94993 0.00162768 -0.154608 -0.135654 -0.0636091 -0.0280757 0.16542 0.205689 8.57437 -2.10242 -1.1411 0.968722 -0.0108955 -0.0181609 1.09395 -1.49976 -0.00459648 -0.195962 0.000169541 0.000692979 0.00308706
135.679 -0.00434875 -0.443178 1.55942 -2.84824 -0.461452 -2.1416 0.0076371 -0.443718 1.59127 -2.86225 -0.507639 -2.11131 0.0119858 -0.000540882 0.0318442 -0.0140083 -0.0461869 0.030295 0.0340295 3.05966 -0.00108311 -0.59629 1.42282 -2.90479 -0.489372 -1.98772 0.00326563 -0.153112 -0.136604 -0.0565444 -0.0279196 0.153887 0.205219 8.03891 -2.09922 -1.13925 0.966452 -0.0123361 -0.0171457 1.06906 -1.49976 -0.00459648 -0.195962 0.000169541 0.000692979 0.00308706
136.166 -0.0437465 -0.443889 1.55272 -2.83506 -0.451397 -2.1717 -0.032136 -0.447296 1.59915 -2.85948 -0.483389 -2.1375 0.0116105 -0.00340683 0.0464224 -0.0244129 -0.031992 0.0342009 0.0479734 2.58573 -0.0391456 -0.595442 1.4151 -2.88164 -0.478805 -2.03562 0.00460085 -0.151552 -0.137621 -0.0465795 -0.0274079 0.136082 0.204765 7.19037 -2.09602 -1.13721 0.962756 -0.0130714 -0.0156746 1.04029 -1.49976 -0.00459648 -0.195962 0.000169541 0.000692979 0.00308706
137.097 -0.0847766 -0.441044 1.54503 -2.82096 -0.442338 -2.20662 -0.0953882 -0.446905 1.58287 -2.83495 -0.460326 -2.1775 -0.0106116 -0.00586182 0.0378383 -0.0139853 -0.0179883 0.0291206 0.0397329 1.82263 -0.0782682 -0.587611 1.40448 -2.84936 -0.466441 -2.10834 0.00650846 -0.146568 -0.140557 -0.0284044 -0.024103 0.0982803 0.203177 5.3119 -2.09354 -1.13484 0.957507 -0.011661 -0.0160714 1.00752 -1.49976 -0.00459648 -0.195962 0.000169541 0.000692979 0.00308706
137.552 -0.097103 -0.439978 1.54241 -2.81717 -0.43977 -2.21931 -0.114971 -0.437796 1.5577 -2.82084 -0.477549 -2.19942 -0.0178684 0.00218223 0.0152922 -0.00367204 -0.0377794 0.0198958 0.0236197 2.41184 -0.0923502 -0.581834 1.39901 -2.83616 -0.461084 -2.14148 0.00475282 -0.141856 -0.143403 -0.0189876 -0.0213146 0.07783 0.201768 4.28194 -2.0933 -1.13398 0.955565 -0.00964287 -0.0161919 0.995785 -1.49976 -0.00459648 -0.195962 0.000169541 0.000692979 0.00308706
138.029 -0.105395 -0.442611 1.53926 -2.81685 -0.436865 -2.23109 -0.129878 -0.439186 1.56512 -2.81322 -0.472065 -2.22136 -0.0244838 0.00342469 0.0258578 0.00363169 -0.0352005 0.00972861 0.0357745 2.12688 -0.0985368 -0.578845 1.39239 -2.82787 -0.455263 -2.17042 0.00685778 -0.136234 -0.146874 -0.0110216 -0.0183989 0.0606678 0.200446 3.42028 -2.09391 -1.13323 0.953644 -0.00538774 -0.0141477 0.98469 -1.49976 -0.00459648 -0.195962 0.000169541 0.000692979 0.00308706
138.539 -0.107526 -0.446095 1.53742 -2.81831 -0.435165 -2.23643 -0.136712 -0.435471 1.54217 -2.79579 -0.475492 -2.23212 -0.0291859 0.0106241 0.00475055 0.0225259 -0.0403269 0.00430948 0.0314206 2.71022 -0.100521 -0.578383 1.38808 -2.82194 -0.450302 -2.19235 0.00700484 -0.132288 -0.149341 -0.00362079 -0.0151375 0.0440765 0.19963 2.59299 -2.09489 -1.13298 0.952598 -0.0023387 -0.01201 0.979519 -1.49976 -0.00459648 -0.195962 0.000169541 0.000692979 0.00308706
139.439 -0.103879 -0.456123 1.53497 -2.82386 -0.432679 -2.23928 -0.143367 -0.452989 1.57037 -2.82775 -0.45136 -2.23473 -0.0394879 0.00313317 0.035404 -0.00388757 -0.0186807 0.0045509 0.0531277 1.10145 -0.0969542 -0.575138 1.37761 -2.81672 -0.442063 -2.22165 0.00692479 -0.119015 -0.157356 0.00713931 -0.00938431 0.0176319 0.197417 1.35162 -2.09816 -1.13339 0.951183 0.00237645 -0.00694333 0.976239 -1.49976 -0.00459648 -0.195962 0.000169541 0.000692979 0.00308706
139.856 -0.099226 -0.461493 1.53434 -2.82734 -0.431992 -2.23717 -0.140609 -0.45842 1.57018 -2.83049 -0.450436 -2.23312 -0.0413829 0.00307253 0.0358419 -0.00315516 -0.0184436 0.00405214 0.0548327 1.08065 -0.0914715 -0.573321 1.37268 -2.81544 -0.438658 -2.23258 0.00775449 -0.111828 -0.161664 0.0118961 -0.00666558 0.00458672 0.196726 0.911287 -2.09973 -1.13392 0.950913 0.00381793 -0.00445472 0.977843 -1.49976 -0.00459648 -0.195962 0.000169541 0.000692979 0.00308706
140.301 -0.0934156 -0.466879 1.53398 -2.83105 -0.43158 -2.23362 -0.135099 -0.46381 1.56986 -2.83417 -0.450281 -2.23075 -0.0416831 0.00306947 0.0358797 -0.00312459 -0.0187011 0.00287323 0.0550841 1.08715 -0.0862188 -0.571232 1.36791 -2.81582 -0.436349 -2.23898 0.00719687 -0.104352 -0.166068 0.0152313 -0.00476887 -0.00535735 0.196264 0.839767 -2.10127 -1.13461 0.950819 0.00489479 -0.00205306 0.980794 -1.49976 -0.00459648 -0.195962 0.000169541 0.000692979 0.00308706
141.775 -0.0714687 -0.478456 1.53564 -2.84066 -0.43315 -2.21597 -0.112055 -0.472734 1.54515 -2.83199 -0.458067 -2.23032 -0.040586 0.00572162 0.0095052 0.00866716 -0.0249166 -0.0143515 0.0420751 1.61519 -0.0683835 -0.564457 1.35903 -2.82158 -0.435179 -2.23555 0.0030852 -0.086001 -0.176611 0.0190791 -0.0020289 -0.0195784 0.196462 1.19812 -2.10529 -1.1374 0.951662 0.00489739 0.00191949 0.996542 -1.49976 -0.00459648 -0.195962 0.000169541 0.000692979 0.00308706
142.188 -0.0650919 -0.481455 1.53619 -2.84317 -0.433521 -2.20973 -0.107723 -0.482629 1.57088 -2.83867 -0.436931 -2.21457 -0.0426315 -0.00117427 0.034696 0.0045006 -0.00341014 -0.00483396 0.0549785 0.348305 -0.0637326 -0.562362 1.35668 -2.823 -0.434376 -2.23124 0.00135929 -0.0809069 -0.179504 0.0201717 -0.000854471 -0.0215109 0.1969 1.28816 -2.10609 -1.13824 0.952091 0.00409244 0.00296165 1.00206 -1.49976 -0.00459648 -0.195962 0.000169541 0.000692979 0.00308706
142.471 -0.0568099 -0.486146 1.53636 -2.84686 -0.433511 -2.2013 -0.0994736 -0.485268 1.57054 -2.84236 -0.438266 -2.21192 -0.0426637 0.000878482 0.0341791 0.00449201 -0.00475439 -0.0106294 0.0546733 0.615485 -0.0568226 -0.562909 1.35454 -2.82603 -0.432586 -2.22363 -1.27536e-05 -0.0767626 -0.18182 0.0208203 0.000925627 -0.0223358 0.19736 1.33501 -2.10686 -1.13925 0.952567 0.00300553 0.00492801 1.00937 -1.49976 -0.00459648 -0.195962 0.000169541 0.000692979 0.00308706
142.836 -0.0507524 -0.489462 1.53618 -2.84966 -0.433525 -2.19524 -0.0929355 -0.487597 1.56476 -2.8311 -0.452514 -2.19734 -0.0421831 0.00186477 0.0285784 0.0185578 -0.0189888 -0.00210593 0.0509865 1.48964 -0.051502 -0.563446 1.35282 -2.82946 -0.431126 -2.21691 -0.000749622 -0.0739841 -0.183359 0.0201961 0.00239897 -0.0216748 0.197724 1.30236 -2.10722 -1.13984 0.952724 0.00238304 0.00639462 1.01464 -1.49976 -0.00459648 -0.195962 0.000169541 0.000692979 0.00308706
143.196 -0.0448469 -0.491612 1.53601 -2.85214 -0.434066 -2.18973 -0.0846747 -0.490422 1.56286 -2.84634 -0.467973 -2.19984 -0.0398278 0.00118998 0.0268538 0.00579913 -0.0339073 -0.0101079 0.0480499 2.01305 -0.046703 -0.564312 1.35195 -2.83325 -0.430941 -2.2102 -0.00185607 -0.0727003 -0.184061 0.0188861 0.00312455 -0.0204701 0.197907 1.23067 -2.10739 -1.14023 0.952657 0.00204352 0.00725562 1.01958 -1.49976 -0.00459648 -0.195962 0.000169541 0.000692979 0.00308706
143.619 -0.0372106 -0.4918 1.53618 -2.85472 -0.436025 -2.18353 -0.0787726 -0.499197 1.58211 -2.85623 -0.447171 -2.16573 -0.041562 -0.00739721 0.0459349 -0.00150662 -0.0111462 0.0178036 0.062387 1.17503 -0.0377582 -0.562269 1.35083 -2.83809 -0.432946 -2.20242 -0.000547533 -0.070469 -0.185344 0.0166268 0.00307914 -0.0188844 0.198289 1.11417 -2.10732 -1.1404 0.952387 0.00216772 0.00699677 1.02552 -1.49976 -0.00459648 -0.195962 0.000169541 0.000692979 0.00308706
143.986 -0.031889 -0.490668 1.53645 -2.85632 -0.437952 -2.17966 -0.0713799 -0.491644 1.55591 -2.85406 -0.4708 -2.1781 -0.0394909 -0.000975867 0.0194571 0.00226054 -0.0328475 0.00156389 0.0440348 1.89134 -0.0311158 -0.559581 1.35019 -2.842 -0.436074 -2.19689 0.000773166 -0.0689122 -0.186256 0.0143166 0.00187808 -0.017225 0.198597 0.986356 -2.10703 -1.14026 0.952192 0.00257979 0.00623942 1.02944 -1.49976 -0.00459648 -0.195962 0.000169541 0.000692979 0.00308706
144.582 -0.0237364 -0.486256 1.5374 -2.85818 -0.441781 -2.1736 -0.0605445 -0.488785 1.55764 -2.84701 -0.459999 -2.16964 -0.0368081 -0.00252903 0.0202402 0.0111675 -0.0182176 0.0039611 0.042082 1.29483 -0.0181769 -0.555348 1.35114 -2.84686 -0.442298 -2.18791 0.00555957 -0.0690919 -0.186252 0.0113201 -0.00051634 -0.01431 0.198732 0.799174 -2.1059 -1.13943 0.952358 0.00306676 0.0040335 1.03578 -1.49976 -0.00459648 -0.195962 0.000169541 0.000692979 0.00308706
144.872 -0.0211395 -0.480754 1.53915 -2.85741 -0.444322 -2.1708 -0.0566521 -0.493489 1.58153 -2.86286 -0.454327 -2.16004 -0.0355127 -0.0127354 0.0423848 -0.00544974 -0.0100053 0.0107622 0.0567434 0.799663 -0.00844969 -0.550317 1.35306 -2.84853 -0.446481 -2.18156 0.0126898 -0.069563 -0.18609 0.0088869 -0.00215903 -0.0107652 0.199071 0.61992 -2.10478 -1.13861 0.95346 0.00225842 0.00153785 1.03891 -1.49976 -0.00459648 -0.195962 0.000169541 0.000692979 0.00308706
145.224 -0.0206083 -0.47539 1.54117 -2.85582 -0.446206 -2.16931 -0.0538888 -0.487949 1.58148 -2.86241 -0.45684 -2.15991 -0.0332805 -0.0125595 0.0403107 -0.00659334 -0.0106338 0.00939702 0.0537614 0.7913 -0.00237226 -0.545806 1.3555 -2.84818 -0.449147 -2.1781 0.018236 -0.0704162 -0.185675 0.00764164 -0.00294117 -0.00879288 0.199414 0.531555 -2.10383 -1.13792 0.954917 0.0010648 -0.000831374 1.04073 -1.49976 -0.00459648 -0.195962 0.000169541 0.000692979 0.00308706
145.564 -0.0210743 -0.46953 1.54354 -2.85361 -0.447942 -2.16826 -0.0523794 -0.47513 1.55746 -2.8463 -0.46668 -2.16896 -0.0313051 -0.00559935 0.0139226 0.00731527 -0.018738 -0.000698635 0.034716 1.14671 0.00260353 -0.541018 1.35843 -2.84713 -0.451627 -2.17525 0.0236778 -0.0714879 -0.18511 0.00648231 -0.00368496 -0.00698946 0.199842 0.462248 -2.10287 -1.13723 0.956709 -0.000518258 -0.00338753 1.04213 -1.49976 -0.00459648 -0.195962 0.000169541 0.000692979 0.00308706
145.892 -0.0224828 -0.464213 1.54607 -2.8513 -0.448764 -2.16705 -0.0538887 -0.474143 1.5815 -2.85866 -0.461518 -2.16166 -0.0314058 -0.00992994 0.0354327 -0.00736605 -0.0127544 0.00539468 0.0483778 0.832277 0.00856025 -0.5355 1.36085 -2.84729 -0.45396 -2.17084 0.0310431 -0.071287 -0.185215 0.00400167 -0.00519665 -0.00379043 0.200873 0.380522 -2.10173 -1.13638 0.959308 -0.0027272 -0.00523902 1.04342 -1.49976 -0.00459648 -0.195962 0.000169541 0.000692979 0.00308706
146.596 -0.0255567 -0.463237 1.54769 -2.84978 -0.446325 -2.16518 -0.056652 -0.465876 1.58157 -2.85531 -0.463674 -2.16355 -0.0310953 -0.00263937 0.0338751 -0.0055261 -0.0173484 0.00163187 0.0460588 1.03476 0.0158307 -0.534323 1.3626 -2.84821 -0.452379 -2.16648 0.0413874 -0.0710861 -0.185089 0.00157464 -0.00605411 -0.00129912 0.202544 0.358274 -2.10065 -1.13529 0.962999 -0.00615574 -0.00397929 1.04435 -1.49976 -0.00459648 -0.195962 0.000169541 0.000692979 0.00308706
146.903 -0.0270876 -0.464076 1.54795 -2.84934 -0.444535 -2.16444 -0.0579915 -0.466577 1.58161 -2.84056 -0.44852 -2.15966 -0.0309039 -0.00250092 0.0336642 0.00877636 -0.00398494 0.00477816 0.0457667 0.706098 0.0202362 -0.534567 1.36269 -2.84967 -0.450774 -2.16357 0.0473238 -0.0704911 -0.18526 -0.000330662 -0.00623955 0.000869938 0.203789 0.360452 -2.10049 -1.13472 0.964497 -0.00777826 -0.00271974 1.04448 -1.49976 -0.00459648 -0.195962 0.000169541 0.000692979 0.00308706
147.268 -0.0287801 -0.465648 1.54776 -2.8488 -0.442115 -2.16374 -0.0598313 -0.465358 1.57509 -2.84005 -0.476133 -2.15176 -0.0310512 0.000290711 0.027324 0.00874325 -0.0340179 0.0119829 0.0413626 2.19678 0.0261407 -0.535201 1.36221 -2.85134 -0.448918 -2.16095 0.0549208 -0.0695524 -0.185549 -0.00254138 -0.00680251 0.00278818 0.205627 0.422436 -2.10072 -1.13379 0.965874 -0.00976568 -0.000987601 1.04439 -1.49976 -0.00459648 -0.195962 0.000169541 0.000692979 0.00308706
147.665 -0.0294225 -0.466515 1.54733 -2.84837 -0.440726 -2.1635 -0.0605446 -0.461591 1.55768 -2.83921 -0.469304 -2.17329 -0.0311221 0.00492318 0.01035 0.00916084 -0.0285778 -0.00978531 0.0331655 1.73551 0.0292381 -0.536348 1.3621 -2.85204 -0.448052 -2.15998 0.0586605 -0.0698329 -0.185234 -0.0036758 -0.00732583 0.00351767 0.206468 0.473953 -2.10125 -1.13289 0.966319 -0.0109287 -5.45371e-05 1.0442 -1.49976 -0.00459648 -0.195962 0.000169541 0.000692979 0.00308706
148.013 -0.0286239 -0.466004 1.54684 -2.84784 -0.440321 -2.16378 -0.0621509 -0.469452 1.58199 -2.84076 -0.446793 -2.15994 -0.033527 -0.00344783 0.0351569 0.00707537 -0.00647144 0.00384053 0.0487027 0.65312 0.0336251 -0.537034 1.36238 -2.85309 -0.44856 -2.15988 0.0622489 -0.0710293 -0.184461 -0.00524909 -0.00823899 0.0039053 0.207234 0.552493 -2.10246 -1.13132 0.966243 -0.0114436 8.1944e-06 1.04384 -1.49976 -0.00459648 -0.195962 0.000169541 0.000692979 0.00308706
148.372 -0.0267081 -0.464966 1.54644 -2.84775 -0.440779 -2.1643 -0.0621509 -0.469452 1.58199 -2.84076 -0.446793 -2.15994 -0.0354428 -0.00448661 0.0355556 0.00698997 -0.00601315 0.00436045 0.0504036 0.653719 0.0377447 -0.537622 1.3629 -2.85432 -0.449544 -2.16066 0.0644528 -0.0726567 -0.183534 -0.0065675 -0.00876465 0.00364431 0.207648 0.607807 -2.10377 -1.12986 0.965832 -0.0110352 -0.000418726 1.04352 -1.49976 -0.00459648 -0.195962 0.000169541 0.000692979 0.00308706
148.757 -0.0238462 -0.464035 1.54584 -2.84806 -0.441464 -2.16492 -0.0593854 -0.469426 1.5819 -2.8418 -0.44748 -2.15915 -0.0355392 -0.0053909 0.0360683 0.00626383 -0.00601597 0.00576808 0.0509217 0.677242 0.0413741 -0.538552 1.36331 -2.8554 -0.450204 -2.16147 0.0652203 -0.0745166 -0.182528 -0.00733574 -0.00874084 0.00344418 0.207661 0.628696 -2.10541 -1.12818 0.965181 -0.0101267 -0.000831141 1.04319 -1.49976 -0.00459648 -0.195962 0.000169541 0.000692979 0.00308706
149.13 -0.0189796 -0.463217 1.54469 -2.84893 -0.44244 -2.16574 -0.0580384 -0.468305 1.58279 -2.84364 -0.447058 -2.15846 -0.0390588 -0.00508723 0.0381083 0.00529328 -0.00461801 0.00728038 0.0548061 0.66676 0.04607 -0.53984 1.3633 -2.85732 -0.450712 -2.16261 0.0650496 -0.076623 -0.181388 -0.00839593 -0.00827159 0.00312675 0.207375 0.643462 -2.10807 -1.12566 0.964003 -0.0084916 -0.00120634 1.04276 -1.49976 -0.00459648 -0.195962 0.000169541 0.000692979 0.00308706
149.484 -0.0150562 -0.46307 1.54352 -2.84963 -0.442942 -2.16625 -0.0538739 -0.468141 1.58223 -2.84458 -0.448854 -2.15739 -0.0388177 -0.00507073 0.0387099 0.00504986 -0.00591212 0.00885913 0.0550544 0.763614 0.04857 -0.540502 1.36246 -2.85874 -0.450367 -2.16414 0.0636262 -0.0774317 -0.181068 -0.00910524 -0.0074256 0.00210945 0.206953 0.642853 -2.11038 -1.12358 0.962923 -0.00738728 -0.0012668 1.04246 -1.49976 -0.00459648 -0.195962 0.000169541 0.000692979 0.00308706
149.851 -0.0108399 -0.462873 1.54228 -2.8503 -0.443523 -2.16675 -0.0497406 -0.468237 1.58257 -2.84677 -0.449102 -2.15608 -0.0389006 -0.00536458 0.0402867 0.00352836 -0.00557967 0.0106722 0.0562588 0.789815 0.0498761 -0.541208 1.36163 -2.85925 -0.450163 -2.16539 0.060716 -0.0783351 -0.180649 -0.00895301 -0.00664007 0.00136116 0.206051 0.61612 -2.11291 -1.12138 0.96169 -0.00628444 -0.00141328 1.04219 -1.49976 -0.00459648 -0.195962 0.000169541 0.000692979 0.00308706
150.244 -0.00617879 -0.462331 1.54106 -2.85093 -0.444412 -2.1673 -0.0442171 -0.461486 1.55732 -2.84562 -0.473465 -2.16828 -0.0380383 0.000844239 0.0162672 0.00530894 -0.0290527 -0.000979401 0.0413793 1.68864 0.0495806 -0.542053 1.36108 -2.85883 -0.449491 -2.1671 0.0557594 -0.0797226 -0.179972 -0.00789918 -0.00507875 0.000201513 0.204584 0.533759 -2.11565 -1.11908 0.960309 -0.00502845 -0.00182816 1.04197 -1.49976 -0.00459648 -0.195962 0.000169541 0.000692979 0.00308706
150.628 -0.00102786 -0.461561 1.53984 -2.85165 -0.445594 -2.16789 -0.0387771 -0.461461 1.55724 -2.84778 -0.474831 -2.16659 -0.0377492 9.97228e-05 0.0173999 0.00386247 -0.0292373 0.00129611 0.0415664 1.69558 0.0478819 -0.541638 1.35993 -2.85851 -0.449447 -2.16832 0.0489098 -0.0800775 -0.179904 -0.00686728 -0.00385273 -0.000433814 0.202904 0.461401 -2.11855 -1.11671 0.958791 -0.00354197 -0.00244454 1.04179 -1.49976 -0.00459648 -0.195962 0.000169541 0.000692979 0.00308706
150.969 0.00673512 -0.460657 1.53816 -2.85307 -0.447467 -2.16868 -0.0325834 -0.46941 1.58894 -2.85307 -0.424534 -2.15965 -0.0393185 -0.00875321 0.0507826 3.38795e-06 0.0229322 0.00902975 0.0648185 1.41222 0.0473991 -0.54209 1.35887 -2.85854 -0.449573 -2.1694 0.040664 -0.0814331 -0.179288 -0.00547227 -0.00210617 -0.000719647 0.20107 0.354982 -2.12261 -1.11354 0.956661 -0.0010052 -0.00327131 1.04163 -1.49976 -0.00459648 -0.195962 0.000169541 0.000692979 0.00308706
151.248 0.0128468 -0.46007 1.5369 -2.85428 -0.448968 -2.16924 -0.0270329 -0.46938 1.58884 -2.85511 -0.425855 -2.15813 -0.0398797 -0.00931024 0.0519327 -0.000833746 0.0231136 0.0111027 0.0661368 1.46126 0.0467655 -0.543323 1.35857 -2.85889 -0.449521 -2.17001 0.0339187 -0.0832534 -0.17833 -0.00461499 -0.000552242 -0.000770464 0.199708 0.288036 -2.12573 -1.11121 0.955036 0.00104501 -0.00389823 1.04157 -1.49976 -0.00459648 -0.195962 0.000169541 0.000692979 0.00308706
151.61 0.0212176 -0.459484 1.53526 -2.85609 -0.451071 -2.16992 -0.0191212 -0.460701 1.56392 -2.8393 -0.466341 -2.17374 -0.0403388 -0.00121705 0.0286585 0.0167909 -0.0152706 -0.00381779 0.0494976 1.24616 0.047494 -0.544329 1.35777 -2.86004 -0.450448 -2.17132 0.0262764 -0.0848452 -0.177496 -0.00394753 0.000622363 -0.00140608 0.198479 0.274112 -2.12992 -1.10828 0.952849 0.00397473 -0.00471455 1.04156 -1.49976 -0.00459648 -0.195962 0.000169541 0.000692979 0.00308706
151.914 0.0276079 -0.459842 1.53389 -2.85788 -0.452405 -2.17027 -0.0115878 -0.458686 1.55705 -2.85801 -0.482487 -2.1584 -0.0391957 0.00115573 0.0231624 -0.000121342 -0.0300822 0.01187 0.0455426 1.85182 0.0478735 -0.545316 1.35673 -2.86127 -0.451191 -2.17209 0.0202656 -0.0854739 -0.177155 -0.00338938 0.00121351 -0.00181386 0.197738 0.266879 -2.13299 -1.10629 0.951244 0.00634758 -0.00490662 1.04162 -1.49976 -0.00459648 -0.195962 0.000169541 0.000692979 0.00308706
152.664 0.0387179 -0.460814 1.53155 -2.86078 -0.454614 -2.17064 0.00200459 -0.461422 1.55711 -2.86432 -0.484737 -2.15371 -0.0367134 -0.000607828 0.0255581 -0.00353855 -0.0301229 0.0169311 0.0447376 1.94501 0.04904 -0.54937 1.3562 -2.86256 -0.452363 -2.17317 0.0103221 -0.0885554 -0.175351 -0.00177541 0.00225096 -0.00252984 0.196715 0.247082 -2.13868 -1.10302 0.948351 0.0101087 -0.00526208 1.04189 -1.49976 -0.00459648 -0.195962 0.000169541 0.000692979 0.00308706
153.05 0.044335 -0.459758 1.53116 -2.86127 -0.456498 -2.17091 0.00744195 -0.461437 1.55716 -2.86657 -0.486011 -2.15196 -0.0368931 -0.00167891 0.0259981 -0.00530399 -0.0295132 0.0189429 0.0451643 1.95705 0.0501888 -0.5507 1.35723 -2.86219 -0.454127 -2.17329 0.00585374 -0.0909418 -0.173933 -0.000929231 0.00237107 -0.00238016 0.19636 0.214891 -2.14197 -1.10151 0.94694 0.0115764 -0.00657511 1.04218 -1.49976 -0.00459648 -0.195962 0.000169541 0.000692979 0.00308706
153.411 0.0473693 -0.458992 1.53132 -2.86112 -0.45756 -2.17093 0.0122813 -0.463467 1.56404 -2.85242 -0.472488 -2.16395 -0.035088 -0.00447485 0.0327225 0.00869994 -0.0149287 0.00697628 0.0481866 1.14842 0.0508893 -0.550067 1.35748 -2.86145 -0.455081 -2.17306 0.00351999 -0.0910745 -0.173836 -0.000333913 0.00247816 -0.00212824 0.19628 0.193827 -2.14415 -1.1008 0.946284 0.011976 -0.00753087 1.04245 -1.49976 -0.00459648 -0.195962 0.000169541 0.000692979 0.00308706
153.734 0.049526 -0.458738 1.53175 -2.86082 -0.45814 -2.17074 0.0157344 -0.463921 1.57025 -2.8667 -0.459709 -2.17644 -0.0337916 -0.00518267 0.0385039 -0.00588293 -0.00156895 -0.00569259 0.0514906 0.570612 0.051357 -0.548267 1.35702 -2.8607 -0.455739 -2.1728 0.00183097 -0.0895287 -0.174729 0.000126104 0.00240112 -0.00205271 0.196339 0.179137 -2.14607 -1.10049 0.946007 0.0119113 -0.00816238 1.04277 -1.49976 -0.00459648 -0.195962 0.000169541 0.000692979 0.00308706
154.02 0.0509926 -0.459578 1.53232 -2.86075 -0.458014 -2.17029 0.0185178 -0.463266 1.57037 -2.85501 -0.445885 -2.17093 -0.0324748 -0.00368768 0.03805 0.00573961 0.0121295 -0.000646123 0.0501599 0.762589 0.0506806 -0.546487 1.35608 -2.85995 -0.456037 -2.17243 -0.000311958 -0.0869091 -0.176239 0.000802054 0.00197777 -0.00214162 0.196503 0.158259 -2.14775 -1.1006 0.946169 0.0115592 -0.00809681 1.04313 -1.49976 -0.00459648 -0.195962 0.000169541 0.000692979 0.00308706
154.325 0.0520426 -0.461552 1.53362 -2.86079 -0.457225 -2.16942 0.0212502 -0.464392 1.56953 -2.85467 -0.446853 -2.17057 -0.0307924 -0.00283987 0.0359041 0.0061256 0.0103721 -0.00115183 0.0473851 0.678397 0.0504224 -0.545281 1.35554 -2.85879 -0.456218 -2.17193 -0.00162018 -0.083729 -0.178082 0.00200605 0.00100697 -0.00251573 0.196791 0.150658 -2.14965 -1.10138 0.947147 0.010768 -0.00743246 1.04367 -1.49976 -0.00459648 -0.195962 0.000169541 0.000692979 0.00308706
154.695 0.0522946 -0.462771 1.53529 -2.86066 -0.456675 -2.16875 0.0218373 -0.463459 1.56401 -2.85649 -0.475246 -2.16072 -0.0304573 -0.000687574 0.028721 0.00417095 -0.0185716 0.0080294 0.0418691 1.22461 0.0473788 -0.54613 1.35704 -2.85698 -0.457181 -2.17188 -0.00491582 -0.0833585 -0.178248 0.00367545 -0.000505885 -0.00313066 0.196838 0.209357 -2.15083 -1.1024 0.94845 0.010047 -0.00704905 1.0441 -1.49976 -0.00459648 -0.195962 0.000169541 0.000692979 0.00308706
155.067 0.0521797 -0.463651 1.53752 -2.86038 -0.456253 -2.16809 0.02126 -0.466016 1.57039 -2.85679 -0.445562 -2.16983 -0.0309197 -0.00236511 0.0328682 0.00358773 0.0106912 -0.00174412 0.0451878 0.639802 0.0444795 -0.547048 1.35933 -2.85502 -0.457953 -2.17178 -0.00770018 -0.0833968 -0.178193 0.00535434 -0.00169948 -0.00369612 0.196894 0.301316 -2.15181 -1.10376 0.950178 0.00926423 -0.0068475 1.04456 -1.49976 -0.00459648 -0.195962 0.000169541 0.000692979 0.00308706
155.369 0.0515751 -0.465061 1.54091 -2.86007 -0.455598 -2.16714 0.0212188 -0.466689 1.57034 -2.86958 -0.460013 -2.17447 -0.0303563 -0.00162772 0.0294234 -0.00950537 -0.00441525 -0.00733223 0.0423071 0.860028 0.0405657 -0.550212 1.36378 -2.85322 -0.457809 -2.17102 -0.0110093 -0.0851505 -0.177133 0.00685017 -0.00221112 -0.00388315 0.196845 0.377424 -2.15285 -1.10606 0.952863 0.00820336 -0.00646544 1.0452 -1.49976 -0.00459648 -0.195962 0.000169541 0.000692979 0.00308706
155.663 0.0508612 -0.466654 1.5435 -2.86003 -0.454919 -2.16635 0.0204745 -0.466224 1.56413 -2.85645 -0.473429 -2.16107 -0.0303867 0.000429187 0.0206259 0.00357783 -0.01851 0.00527886 0.0367282 1.14603 0.0374568 -0.553581 1.36743 -2.85231 -0.457055 -2.1701 -0.0134045 -0.0869275 -0.176071 0.00772159 -0.00213618 -0.00375151 0.196817 0.415901 -2.15347 -1.10811 0.95496 0.00743631 -0.00592914 1.0457 -1.49976 -0.00459648 -0.195962 0.000169541 0.000692979 0.00308706
156.029 0.0499237 -0.468643 1.54611 -2.8601 -0.45409 -2.16549 0.0204745 -0.466224 1.56413 -2.85645 -0.473429 -2.16107 -0.0294491 0.00241868 0.0180166 0.00364909 -0.0193386 0.00441857 0.0346078 1.17603 0.0363127 -0.556436 1.37055 -2.85178 -0.455583 -2.16902 -0.013611 -0.0877929 -0.175563 0.0083174 -0.00149309 -0.00353983 0.196762 0.437007 -2.15395 -1.11042 0.957114 0.0066625 -0.00521068 1.04622 -1.49976 -0.00459648 -0.195962 0.000169541 0.000692979 0.00308706
156.379 0.0482978 -0.471124 1.54988 -2.86003 -0.453095 -2.16435 0.0191063 -0.46618 1.56397 -2.85609 -0.473619 -2.16125 -0.0291915 0.00494381 0.0140925 0.00394482 -0.0205237 0.00310282 0.03279 1.22525 0.0346554 -0.561046 1.37554 -2.85128 -0.453979 -2.16763 -0.0136424 -0.0899224 -0.174345 0.00875627 -0.000883708 -0.00327823 0.196642 0.454565 -2.15441 -1.11381 0.960112 0.00555421 -0.0044227 1.04693 -1.49976 -0.00459648 -0.195962 0.000169541 0.000692979 0.00308706
156.688 0.0470874 -0.472356 1.55311 -2.85988 -0.452772 -2.16363 0.0173221 -0.4763 1.58873 -2.86974 -0.463139 -2.15401 -0.0297652 -0.00394366 0.0356143 -0.00985738 -0.010367 0.00962439 0.0465822 0.836966 0.0341257 -0.564463 1.38005 -2.85104 -0.453394 -2.16628 -0.0129617 -0.0921069 -0.173062 0.0088425 -0.000622095 -0.0026501 0.196475 0.462248 -2.15464 -1.11655 0.962508 0.00490032 -0.00423649 1.04746 -1.49976 -0.00459648 -0.195962 0.000169541 0.000692979 0.00308706
157.627 0.0432276 -0.474493 1.56564 -2.85936 -0.453257 -2.16182 0.0145533 -0.475374 1.58791 -2.84994 -0.477675 -2.16015 -0.0286743 -0.000880897 0.0222724 0.00942909 -0.0244179 0.00167519 0.0363188 1.51827 0.0298381 -0.576398 1.39828 -2.85286 -0.453934 -2.16279 -0.0133895 -0.101904 -0.167359 0.00650069 -0.000677408 -0.000970079 0.196399 0.353878 -2.15492 -1.1267 0.971362 0.0037784 -0.00490408 1.04917 -1.49976 -0.00459648 -0.195962 0.000169541 0.000692979 0.00308706
158.01 0.0413337 -0.475053 1.56982 -2.85885 -0.453264 -2.16132 0.0127093 -0.4824 1.61386 -2.85134 -0.453112 -2.14767 -0.0286244 -0.00734738 0.0440367 0.00750438 0.000152238 0.0136507 0.0530337 1.04455 0.0296135 -0.579491 1.40393 -2.85374 -0.453247 -2.16155 -0.0117202 -0.104438 -0.165897 0.00511309 1.77021e-05 -0.000226546 0.196383 0.288036 -2.1549 -1.13005 0.974331 0.00308113 -0.00517032 1.04961 -1.49976 -0.00459648 -0.195962 0.000169541 0.000692979 0.00308706
158.346 0.0388547 -0.476502 1.57389 -2.85831 -0.452633 -2.16065 0.00985359 -0.481865 1.61442 -2.86433 -0.466975 -2.15298 -0.0290011 -0.0053629 0.0405367 -0.00601283 -0.0143419 0.00767288 0.0501303 0.923657 0.0280202 -0.583726 1.4096 -2.85425 -0.45196 -2.16039 -0.0108345 -0.107224 -0.164288 0.00406395 0.000673137 0.000264547 0.196482 0.242283 -2.15489 -1.13353 0.977429 0.00197869 -0.00491396 1.05001 -1.49976 -0.00459648 -0.195962 0.000169541 0.000692979 0.00308706
158.626 0.0350246 -0.479512 1.57909 -2.85765 -0.451127 -2.15961 0.00703464 -0.481858 1.6144 -2.86323 -0.466343 -2.15382 -0.0279899 -0.00234643 0.0353171 -0.00558222 -0.015216 0.00578818 0.0451247 0.937117 0.0257488 -0.589621 1.41645 -2.85504 -0.44963 -2.15875 -0.00927574 -0.110109 -0.16264 0.00260532 0.00149681 0.000854973 0.196626 0.195835 -2.1549 -1.13833 0.981591 0.000152732 -0.00399452 1.0505 -1.49976 -0.00459648 -0.195962 0.000169541 0.000692979 0.00308706
159.062 0.0322389 -0.482172 1.58277 -2.85729 -0.449924 -2.15884 0.00562288 -0.482951 1.61333 -2.86126 -0.466823 -2.15453 -0.0266161 -0.000778062 0.0305606 -0.00397037 -0.0168982 0.00431244 0.0405336 1.00015 0.023906 -0.593378 1.42074 -2.85573 -0.447876 -2.15779 -0.00833297 -0.111206 -0.162027 0.00155631 0.00204851 0.0010544 0.196695 0.172459 -2.15498 -1.14199 0.984508 -0.00112164 -0.00317437 1.05083 -1.49976 -0.00459648 -0.195962 0.000169541 0.000692979 0.00308706
159.417 0.0297747 -0.485128 1.58608 -2.85713 -0.448816 -2.15814 0.00139697 -0.484669 1.61437 -2.86176 -0.464096 -2.15517 -0.0283777 0.000458878 0.0282886 -0.00463324 -0.0152808 0.00296876 0.0400718 0.909137 0.0214063 -0.596045 1.42386 -2.85617 -0.446466 -2.15718 -0.00836846 -0.110917 -0.16222 0.000954026 0.00234965 0.000965655 0.196692 0.163129 -2.15515 -1.14564 0.986996 -0.00214521 -0.00233174 1.05113 -1.49976 -0.00459648 -0.195962 0.000169541 0.000692979 0.00308706
159.731 0.0270494 -0.490884 1.58931 -2.8577 -0.446816 -2.15709 -0.000728125 -0.484475 1.60665 -2.8596 -0.492541 -2.14689 -0.0277775 0.00640854 0.0173464 -0.00189166 -0.0457243 0.0102003 0.03337 2.67562 0.0181801 -0.601009 1.42659 -2.85693 -0.444458 -2.1564 -0.00886926 -0.110125 -0.162721 0.000776399 0.00235794 0.000692722 0.196683 0.153233 -2.15552 -1.15042 0.98948 -0.0031284 -0.000378145 1.05148 -1.49976 -0.00459648 -0.195962 0.000169541 0.000692979 0.00308706
160.145 0.0254841 -0.495944 1.59099 -2.85854 -0.445206 -2.1563 -0.00347906 -0.492814 1.62033 -2.83001 -0.432117 -2.16503 -0.0289632 0.00312969 0.0293344 0.0285252 0.0130892 -0.008729 0.0413421 1.67023 0.0162169 -0.605203 1.42774 -2.85754 -0.443108 -2.15587 -0.0092672 -0.109259 -0.163257 0.00100417 0.00209842 0.000422822 0.196663 0.139882 -2.15591 -1.15387 0.990743 -0.00357265 0.00138064 1.05172 -1.49976 -0.00459648 -0.195962 0.000169541 0.000692979 0.00308706
160.486 0.0244127 -0.500482 1.59244 -2.85937 -0.444065 -2.15568 -0.00563751 -0.495144 1.61401 -2.84365 -0.474115 -2.16103 -0.0300502 0.00533846 0.0215778 0.0157173 -0.0300504 -0.00535529 0.037378 1.90393 0.0162877 -0.610095 1.42936 -2.85812 -0.442143 -2.1555 -0.00812506 -0.109612 -0.163072 0.00124797 0.00192158 0.000179943 0.196655 0.13417 -2.15638 -1.15714 0.99155 -0.0037078 0.00274834 1.05194 -1.49976 -0.00459648 -0.195962 0.000169541 0.000692979 0.00308706
160.813 0.0238548 -0.504229 1.59374 -2.86015 -0.443497 -2.15527 -0.00704604 -0.500809 1.6141 -2.84437 -0.471367 -2.16104 -0.0309008 0.00341976 0.0203634 0.0157794 -0.0278695 -0.0057725 0.0371648 1.79231 0.0172072 -0.614018 1.43076 -2.85862 -0.441755 -2.15536 -0.00664758 -0.109789 -0.162977 0.00152456 0.00174245 -9.44797e-05 0.19662 0.131221 -2.15691 -1.16019 0.99196 -0.00351089 0.00360828 1.05214 -1.49976 -0.00459648 -0.195962 0.000169541 0.000692979 0.00308706
161.121 0.0232471 -0.507528 1.59546 -2.8605 -0.44356 -2.15504 -0.00716131 -0.50927 1.63225 -2.87636 -0.477074 -2.13814 -0.0304084 -0.0017414 0.0367928 -0.0158576 -0.0335146 0.0169012 0.0477642 2.16066 0.0182857 -0.620075 1.43407 -2.85863 -0.4419 -2.15549 -0.00496141 -0.112547 -0.161392 0.00187442 0.00165929 -0.000452142 0.196822 0.137056 -2.15768 -1.16386 0.991986 -0.00328486 0.00373539 1.05236 -1.49976 -0.00459648 -0.195962 0.000169541 0.000692979 0.00308706
161.457 0.0227127 -0.509482 1.59653 -2.86045 -0.443747 -2.15496 -0.00845576 -0.506423 1.61402 -2.8455 -0.469617 -2.16055 -0.0311685 0.00305892 0.017486 0.0149505 -0.0258692 -0.00558769 0.0358691 1.6707 0.0189623 -0.622762 1.43557 -2.85821 -0.441972 -2.15565 -0.00375044 -0.11328 -0.160964 0.00223971 0.00177569 -0.000685509 0.196865 0.155766 -2.15828 -1.16632 0.991705 -0.0032806 0.00355174 1.05247 -1.49976 -0.00459648 -0.195962 0.000169541 0.000692979 0.00308706
161.736 0.0222527 -0.512347 1.59754 -2.86059 -0.443798 -2.15487 -0.00845578 -0.509242 1.61402 -2.84623 -0.468662 -2.16022 -0.0307084 0.00310472 0.0164799 0.0143645 -0.0248636 -0.00535052 0.0349891 1.60572 0.0203911 -0.626428 1.43705 -2.85801 -0.441784 -2.15557 -0.00186154 -0.114082 -0.160489 0.00258455 0.00201409 -0.00069985 0.196913 0.179137 -2.15913 -1.16924 0.991192 -0.00318056 0.00357968 1.05257 -1.49976 -0.00459648 -0.195962 0.000169541 0.000692979 0.00308706
162.035 0.0220581 -0.514062 1.5983 -2.86063 -0.443949 -2.15489 -0.00946039 -0.529753 1.67468 -2.86115 -0.403625 -2.14871 -0.0315185 -0.0156914 0.0763826 -0.000523396 0.0403231 0.00618147 0.0841067 2.33565 0.0213119 -0.628486 1.43801 -2.85797 -0.441826 -2.15554 -0.000746208 -0.114424 -0.160295 0.002662 0.00212238 -0.000651307 0.196947 0.185575 -2.1598 -1.17115 0.990858 -0.00306537 0.00347364 1.05259 -1.49976 -0.00459648 -0.195962 0.000169541 0.000692979 0.00308706
162.385 0.0221014 -0.515107 1.59923 -2.8606 -0.444374 -2.15504 -0.00914378 -0.509721 1.60661 -2.86269 -0.481809 -2.14646 -0.0312452 0.00538652 0.00738075 -0.00209431 -0.037435 0.00857497 0.0325538 2.19178 0.0217968 -0.629666 1.43903 -2.85798 -0.442263 -2.15573 -0.000304552 -0.114559 -0.160207 0.0026202 0.00211106 -0.000691087 0.196953 0.183454 -2.1605 -1.17282 0.990649 -0.00281602 0.00310248 1.05258 -1.49976 -0.00459648 -0.195962 0.000169541 0.000692979 0.00308706
162.731 0.0222667 -0.515852 1.60028 -2.86056 -0.44483 -2.15524 -0.0100604 -0.523359 1.64753 -2.86155 -0.428405 -2.16124 -0.0323271 -0.0075065 0.0472504 -0.000988679 0.0164252 -0.00600268 0.0577407 1.01182 0.0217251 -0.629866 1.43976 -2.85792 -0.442832 -2.15599 -0.000541527 -0.114013 -0.160512 0.00264617 0.00199815 -0.000750315 0.196884 0.179137 -2.16121 -1.17428 0.990647 -0.00252621 0.00270496 1.05253 -1.49976 -0.00459648 -0.195962 0.000169541 0.000692979 0.00308706
163.144 0.0228787 -0.516703 1.60191 -2.86081 -0.445363 -2.15554 -0.010749 -0.523239 1.64032 -2.86073 -0.457451 -2.15224 -0.0336277 -0.006536 0.0384131 8.8209e-05 -0.0120878 0.00329532 0.0514695 0.718188 0.0216817 -0.629291 1.44057 -2.85809 -0.443879 -2.15615 -0.00119708 -0.112589 -0.161337 0.00272555 0.00148398 -0.000610968 0.196742 0.167859 -2.1622 -1.17593 0.991205 -0.00190364 0.00238622 1.05243 -1.49976 -0.00459648 -0.195962 0.000169541 0.000692979 0.00308706
163.568 0.023545 -0.517888 1.60315 -2.86143 -0.445336 -2.15565 -0.00788471 -0.523236 1.64031 -2.86178 -0.458076 -2.15142 -0.0314297 -0.00534761 0.037166 -0.000347021 -0.0127407 0.00423794 0.0489667 0.766683 0.0219014 -0.628806 1.44086 -2.85897 -0.444792 -2.15615 -0.00164355 -0.110917 -0.162289 0.00246579 0.000543423 -0.00049534 0.196578 0.13417 -2.16295 -1.17696 0.99213 -0.00132364 0.00271647 1.05232 -1.49976 -0.00459648 -0.195962 0.000169541 0.000692979 0.00308706
163.887 0.0244179 -0.519291 1.60446 -2.86235 -0.44509 -2.15571 -0.00788471 -0.523236 1.64031 -2.86178 -0.458076 -2.15142 -0.0323026 -0.00394496 0.0358504 0.000572582 -0.0129866 0.00429525 0.0484177 0.788823 0.0223384 -0.62849 1.44118 -2.86016 -0.445236 -2.15632 -0.00207946 -0.109199 -0.163284 0.00219153 -0.000146213 -0.000607332 0.196444 0.11535 -2.16368 -1.17781 0.993463 -0.000615622 0.00337962 1.0522 -1.49976 -0.00459648 -0.195962 0.000169541 0.000692979 0.00308706
164.293 0.0249909 -0.520768 1.60657 -2.86318 -0.444399 -2.15566 -0.00714957 -0.521434 1.63237 -2.86191 -0.487028 -2.14164 -0.0321405 -0.000666166 0.025805 0.00126884 -0.0426293 0.0140142 0.0412232 2.58225 0.0228146 -0.628301 1.44231 -2.86164 -0.445193 -2.15642 -0.00217628 -0.107533 -0.164258 0.00153956 -0.000793673 -0.000760032 0.196339 0.0927874 -2.16457 -1.17867 0.995889 -0.00025777 0.004367 1.05206 -1.49976 -0.00459648 -0.195962 0.000169541 0.000692979 0.00308706
164.575 0.0248683 -0.521224 1.60854 -2.86331 -0.443719 -2.15553 -0.00725719 -0.534104 1.66765 -2.86468 -0.432467 -2.13764 -0.0321254 -0.0128804 0.0591117 -0.00137597 0.0112519 0.0178848 0.0684993 1.18465 0.0217407 -0.626806 1.44317 -2.86239 -0.444316 -2.15627 -0.00312757 -0.105583 -0.165374 0.000921242 -0.000596966 -0.000745967 0.196229 0.0625573 -2.16515 -1.17907 0.998229 -0.000533609 0.00499937 1.05199 -1.49976 -0.00459648 -0.195962 0.000169541 0.000692979 0.00308706
164.886 0.0246676 -0.520669 1.61093 -2.86312 -0.443296 -2.15545 -0.00725719 -0.534104 1.66765 -2.86468 -0.432467 -2.13764 -0.0319248 -0.0134354 0.0567224 -0.00156745 0.0108292 0.0178099 0.0664615 1.16466 0.0204556 -0.625062 1.44487 -2.86216 -0.443583 -2.15611 -0.00421206 -0.104393 -0.166058 0.000954817 -0.000286644 -0.000651928 0.196191 0.0559529 -2.16564 -1.17925 1.00093 -0.000939338 0.00525631 1.05193 -1.49976 -0.00459648 -0.195962 0.000169541 0.000692979 0.00308706
165.215 0.0246988 -0.518963 1.61366 -2.86273 -0.44336 -2.1555 -0.00645367 -0.523155 1.64006 -2.86345 -0.458534 -2.15035 -0.0311524 -0.00419207 0.0263965 -0.000718648 -0.0151742 0.00515293 0.0410466 0.913431 0.0196408 -0.62281 1.4473 -2.8613 -0.443235 -2.15594 -0.00505798 -0.103847 -0.166367 0.00143353 0.00012565 -0.00043694 0.196183 0.0740187 -2.16607 -1.17919 1.00382 -0.00121951 0.00500957 1.05191 -1.49976 -0.00459648 -0.195962 0.000169541 0.000692979 0.00308706
165.564 0.025123 -0.515802 1.61727 -2.86216 -0.443855 -2.15565 -0.00645366 -0.52029 1.64006 -2.86275 -0.459483 -2.15066 -0.0315767 -0.00448861 0.0227925 -0.000592422 -0.0156274 0.0049856 0.0392012 0.935864 0.0195727 -0.618763 1.4504 -2.86053 -0.443261 -2.15579 -0.0055503 -0.102961 -0.166871 0.00163082 0.000593844 -0.000145482 0.196158 0.0969133 -2.16655 -1.17876 1.00757 -0.0014036 0.00431354 1.05192 -1.49976 -0.00459648 -0.195962 0.000169541 0.000692979 0.00308706
165.903 0.0257486 -0.513377 1.61954 -2.86187 -0.444326 -2.15575 -0.00717301 -0.519767 1.64751 -2.844 -0.445334 -2.16563 -0.0329216 -0.00638931 0.02797 0.0178617 -0.00100855 -0.00987885 0.0436689 0.934189 0.0199747 -0.615749 1.45235 -2.86044 -0.443545 -2.15571 -0.00577397 -0.102372 -0.16719 0.0014286 0.000780526 4.01821e-05 0.196127 0.0927874 -2.16685 -1.17818 1.01003 -0.00138308 0.00377252 1.05196 -1.49976 -0.00459648 -0.195962 0.000169541 0.000692979 0.00308706
166.373 0.0267437 -0.511362 1.62123 -2.8619 -0.444732 -2.15581 -0.00652662 -0.524629 1.67463 -2.84388 -0.421543 -2.15285 -0.0332703 -0.0132673 0.0534037 0.0180226 0.0231893 0.00296404 0.0643031 1.73416 0.0218698 -0.612653 1.45341 -2.86145 -0.44377 -2.15552 -0.00487387 -0.101291 -0.167816 0.000446494 0.000962007 0.000293506 0.196076 0.068528 -2.16713 -1.17742 1.01205 -0.00112961 0.00345087 1.05202 -1.49976 -0.00459648 -0.195962 0.000169541 0.000692979 0.00308706
166.741 0.0284753 -0.50922 1.6226 -2.8623 -0.445184 -2.15584 -0.00502046 -0.511776 1.64031 -2.86004 -0.462507 -2.15184 -0.0334958 -0.0025559 0.017717 0.00225911 -0.0173228 0.00399958 0.0379788 1.03929 0.0241793 -0.60742 1.45299 -2.86331 -0.444093 -2.15535 -0.00429597 -0.0982001 -0.169603 -0.00101555 0.00109096 0.000493721 0.196028 0.0839294 -2.16745 -1.17612 1.01406 -0.000553022 0.00327367 1.05212 -1.49976 -0.00459648 -0.195962 0.000169541 0.000692979 0.00308706
167.135 0.0297936 -0.508117 1.62301 -2.86273 -0.445279 -2.15575 -0.00364369 -0.519639 1.67503 -2.85728 -0.439181 -2.15762 -0.0334373 -0.0115213 0.0520185 0.00545163 0.00609805 -0.0018691 0.0629024 0.45024 0.0261089 -0.602233 1.45109 -2.86469 -0.444242 -2.15517 -0.00368466 -0.0941154 -0.171924 -0.00195303 0.00103668 0.000579729 0.196033 0.118694 -2.16763 -1.17496 1.01515 -0.000174534 0.00341192 1.05222 -1.49976 -0.00459648 -0.195962 0.000169541 0.000692979 0.00308706
167.485 0.0309832 -0.506681 1.6242 -2.86319 -0.445113 -2.15555 -0.00218277 -0.507408 1.64005 -2.85514 -0.493613 -2.16142 -0.0331659 -0.000726812 0.0158542 0.00805351 -0.0485 -0.00586693 0.0367677 2.81202 0.0301185 -0.596734 1.44995 -2.86665 -0.444481 -2.15491 -0.000864678 -0.0900527 -0.174247 -0.00345595 0.00063203 0.000644914 0.196143 0.187672 -2.16775 -1.17364 1.01739 4.27909e-05 0.00377755 1.05235 -1.49976 -0.00459648 -0.195962 0.000169541 0.000692979 0.00308706
167.805 0.0318013 -0.502277 1.63033 -2.86342 -0.444725 -2.15526 -0.000718743 -0.51671 1.67502 -2.85762 -0.440753 -2.15712 -0.0325201 -0.0144326 0.0446847 0.00580247 0.00397204 -0.00186035 0.057119 0.378459 0.0326535 -0.589162 1.45429 -2.86772 -0.444637 -2.15466 0.000852127 -0.0868844 -0.176047 -0.00429834 8.84749e-05 0.000599468 0.196321 0.234068 -2.16778 -1.17213 1.0255 -8.43161e-05 0.00421767 1.05249 -1.49976 -0.00459648 -0.195962 0.000169541 0.000692979 0.00308706
168.142 0.0326522 -0.491531 1.645 -2.86321 -0.444562 -2.15498 -5.57565e-06 -0.506334 1.66729 -2.85598 -0.474086 -2.14819 -0.0326578 -0.0148033 0.0222816 0.00722605 -0.0295242 0.00678652 0.0422154 1.82392 0.0345851 -0.574391 1.46665 -2.8683 -0.445537 -2.15459 0.00193283 -0.0828597 -0.178352 -0.00509477 -0.000974349 0.000390511 0.196669 0.288036 -2.16768 -1.16979 1.0436 -0.000492332 0.0042453 1.0527 -1.49976 -0.00459648 -0.195962 0.000169541 0.000692979 0.00308706
168.445 0.0336441 -0.481204 1.65878 -2.86308 -0.444805 -2.15488 0.00220617 -0.49623 1.67502 -2.85372 -0.448055 -2.15843 -0.031438 -0.0150268 0.0162459 0.00936206 -0.00325047 -0.00355503 0.0384458 0.518888 0.0354787 -0.562023 1.47929 -2.86862 -0.447131 -2.15485 0.00183452 -0.0808196 -0.17949 -0.00553799 -0.00232565 2.70901e-05 0.196855 0.343781 -2.16752 -1.1678 1.06036 -0.000531332 0.00398188 1.05285 -1.49976 -0.00459648 -0.195962 0.000169541 0.000692979 0.00308706
168.787 0.0351938 -0.469561 1.67383 -2.86316 -0.445448 -2.15491 0.00220617 -0.481604 1.67503 -2.85011 -0.452899 -2.15999 -0.0329876 -0.012043 0.00119921 0.0130449 -0.00745063 -0.00507495 0.0351376 0.797703 0.0350765 -0.549147 1.4936 -2.8687 -0.448716 -2.15518 -0.000117236 -0.0795869 -0.180234 -0.00554653 -0.00326728 -0.00027028 0.197024 0.375344 -2.16729 -1.16562 1.07852 -0.00014212 0.00348177 1.053 -1.49976 -0.00459648 -0.195962 0.000169541 0.000692979 0.00308706
169.146 0.0384194 -0.452415 1.69484 -2.86366 -0.447165 -2.15529 0.00447534 -0.470885 1.70247 -2.84222 -0.465995 -2.15821 -0.033944 -0.0184701 0.00763301 0.0214375 -0.0188302 -0.00292625 0.0393904 1.58708 0.0351106 -0.532467 1.51484 -2.86886 -0.451575 -2.15601 -0.00330873 -0.0800514 -0.179996 -0.00519332 -0.00441073 -0.00072305 0.197022 0.406382 -2.16688 -1.16248 1.10369 0.00130295 0.00230099 1.05315 -1.49976 -0.00459648 -0.195962 0.000169541 0.000692979 0.00308706
169.437 0.0412387 -0.439357 1.71066 -2.86432 -0.44857 -2.15567 0.00599825 -0.45725 1.72404 -2.87391 -0.478491 -2.13602 -0.0352404 -0.0178935 0.0133777 -0.00958216 -0.0299206 0.0196493 0.0417256 1.98879 0.0356491 -0.520197 1.53111 -2.86929 -0.453359 -2.15666 -0.00558956 -0.0808402 -0.179553 -0.00496208 -0.00478904 -0.000985014 0.196991 0.415901 -2.16647 -1.16 1.12281 0.00274211 0.00145868 1.0532 -1.49976 -0.00459648 -0.195962 0.000169541 0.000692979 0.00308706
169.767 0.0441018 -0.42664 1.72626 -2.86519 -0.449813 -2.15607 0.0100732 -0.450374 1.77129 -2.86831 -0.423071 -2.15234 -0.0340285 -0.0237338 0.0450334 -0.00311263 0.026742 0.00373672 0.0612311 1.54687 0.0367881 -0.508145 1.54709 -2.87016 -0.454363 -2.15707 -0.00731369 -0.0815048 -0.179166 -0.0049681 -0.0045492 -0.000995778 0.19697 0.408304 -2.16594 -1.15748 1.14189 0.00429154 0.000854858 1.05319 -1.49976 -0.00459648 -0.195962 0.000169541 0.000692979 0.00308706
170.498 0.0481045 -0.398494 1.76117 -2.86634 -0.451349 -2.15679 0.014875 -0.419454 1.7946 -2.87972 -0.45954 -2.13577 -0.0332295 -0.0209606 0.0334271 -0.0133857 -0.00819026 0.0210171 0.0515841 1.20236 0.0364387 -0.481907 1.58314 -2.87076 -0.454159 -2.1576 -0.0116657 -0.083414 -0.178033 -0.00442062 -0.00280974 -0.00081164 0.196951 0.320206 -2.16407 -1.15164 1.18529 0.00637446 0.000144437 1.05299 -1.49976 -0.00459648 -0.195962 0.000169541 0.000692979 0.00308706
170.849 0.048551 -0.3868 1.77539 -2.86628 -0.451635 -2.15702 0.0179972 -0.401896 1.79317 -2.8742 -0.467154 -2.13765 -0.0305538 -0.0150969 0.0177848 -0.00792722 -0.015519 0.0193664 0.0384415 1.33472 0.0345789 -0.470734 1.59768 -2.86992 -0.453778 -2.15781 -0.0139722 -0.083934 -0.177713 -0.00364613 -0.00214287 -0.000791247 0.197033 0.262443 -2.16295 -1.14922 1.20311 0.00657596 -0.000122013 1.05287 -1.49976 -0.00459648 -0.195962 0.000169541 0.000692979 0.00308706
171.226 0.0488469 -0.371379 1.79369 -2.86617 -0.452082 -2.15737 0.0168496 -0.393879 1.83636 -2.86974 -0.44015 -2.14431 -0.0319973 -0.0224998 0.0426634 -0.00357229 0.0119318 0.0130577 0.0578812 0.967932 0.0297403 -0.458543 1.61788 -2.86867 -0.453548 -2.15809 -0.0191066 -0.0871635 -0.175815 -0.0024973 -0.00146684 -0.00072117 0.197163 0.185575 -2.16113 -1.1461 1.22611 0.00687289 -0.000546035 1.05269 -1.49976 -0.00459648 -0.195962 0.000169541 0.000692979 0.00308706
171.55 0.0490219 -0.359625 1.80693 -2.86604 -0.452703 -2.15772 0.0168495 -0.377842 1.83636 -2.86597 -0.445537 -2.14591 -0.0321724 -0.0182167 0.0294383 7.46298e-05 0.00716556 0.011811 0.0472602 0.793276 0.0265973 -0.450311 1.63318 -2.86749 -0.452819 -2.15805 -0.0224246 -0.0906858 -0.173745 -0.00144658 -0.000116466 -0.000327259 0.197266 0.0927874 -2.15954 -1.14386 1.24269 0.00723428 -0.00112685 1.05255 -1.49976 -0.00459648 -0.195962 0.000169541 0.000692979 0.00308706
171.871 0.0489883 -0.348028 1.81961 -2.86587 -0.453391 -2.15808 0.0186623 -0.365687 1.86026 -2.88085 -0.477457 -2.12803 -0.030326 -0.0176591 0.040649 -0.0149855 -0.0240661 0.0300507 0.0537015 2.06772 0.0244279 -0.441608 1.64756 -2.86682 -0.452274 -2.15796 -0.0245603 -0.0935802 -0.17205 -0.000952733 0.00111662 0.0001158 0.197387 0.0839294 -2.15774 -1.14172 1.25861 0.00759215 -0.00178567 1.05243 -1.49976 -0.00459648 -0.195962 0.000169541 0.000692979 0.00308706
172.19 0.0488031 -0.336685 1.83173 -2.86571 -0.454134 -2.15844 0.0188687 -0.354693 1.87967 -2.87363 -0.442453 -2.16019 -0.0299344 -0.0180082 0.0479431 -0.00792646 0.0116817 -0.00175583 0.0593203 0.838835 0.0216442 -0.433502 1.66159 -2.86629 -0.451628 -2.15786 -0.0271589 -0.0968169 -0.17014 -0.000584307 0.00250605 0.000575452 0.197633 0.148038 -2.15575 -1.13972 1.27387 0.00798943 -0.00248404 1.05232 -1.49976 -0.00459648 -0.195962 0.000169541 0.000692979 0.00308706
172.567 0.0480864 -0.322149 1.84711 -2.86547 -0.455044 -2.15886 0.0188686 -0.338278 1.87968 -2.86967 -0.447996 -2.1619 -0.0292178 -0.016129 0.0325754 -0.00420642 0.00704818 -0.00304065 0.0466367 0.536683 0.017045 -0.422341 1.67898 -2.86551 -0.45063 -2.15786 -0.0310413 -0.100192 -0.168127 -4.0134e-05 0.00441457 0.000993672 0.198163 0.259443 -2.15278 -1.1373 1.29332 0.00843147 -0.00335856 1.0522 -1.49976 -0.00459648 -0.195962 0.000169541 0.000692979 0.00308706
172.881 0.0474789 -0.311948 1.85813 -2.86553 -0.455631 -2.15912 0.0174776 -0.327927 1.90548 -2.86725 -0.459229 -2.13823 -0.0300014 -0.0159785 0.047349 -0.00171097 -0.0035977 0.0208863 0.0582866 1.17503 0.0138949 -0.413504 1.69084 -2.86538 -0.450332 -2.15793 -0.033584 -0.101556 -0.16729 0.00015292 0.00529906 0.00119339 0.198563 0.312787 -2.15033 -1.1357 1.30739 0.00890244 -0.00381277 1.05213 -1.49976 -0.00459648 -0.195962 0.000169541 0.000692979 0.00308706
173.582 0.0446851 -0.288742 1.88302 -2.86542 -0.45701 -2.15966 0.016229 -0.308606 1.95205 -2.85715 -0.43103 -2.14603 -0.0284561 -0.0198634 0.0690297 0.00827804 0.0259795 0.013628 0.077262 1.83526 0.0089157 -0.394501 1.71824 -2.86407 -0.450947 -2.15813 -0.0357694 -0.105759 -0.164775 0.00135788 0.00606316 0.00152863 0.199035 0.3743 -2.14382 -1.13283 1.33898 0.00973833 -0.00501363 1.05204 -1.49976 -0.00459648 -0.195962 0.000169541 0.000692979 0.00308706
174.577 0.0342747 -0.256273 1.91879 -2.86316 -0.458034 -2.15993 0.00866275 -0.273676 1.98965 -2.8868 -0.4496 -2.14783 -0.025612 -0.0174027 0.0708675 -0.0236435 0.00843487 0.0120947 0.0773371 1.31373 0.00426624 -0.361519 1.75339 -2.86186 -0.452197 -2.15845 -0.0300085 -0.105246 -0.165398 0.00129857 0.00583765 0.00147194 0.198327 0.360452 -2.13269 -1.13121 1.3836 0.00840281 -0.00699481 1.05209 -1.49976 -0.00459648 -0.195962 0.000169541 0.000692979 0.00308706
174.966 0.0300041 -0.248495 1.92973 -2.86277 -0.457397 -2.15964 0.00438614 -0.263126 2.00206 -2.8589 -0.427218 -2.16476 -0.025618 -0.0146316 0.072331 0.00387333 0.0301789 -0.00512299 0.0781162 1.75189 0.00349317 -0.351744 1.76333 -2.86163 -0.452273 -2.15821 -0.0265109 -0.10325 -0.166395 0.00113732 0.00512397 0.00143129 0.197613 0.318981 -2.12904 -1.13134 1.39738 0.00761591 -0.00665908 1.05217 -1.49976 -0.00459648 -0.195962 0.000169541 0.000692979 0.00308706
175.689 0.0177288 -0.232188 1.95616 -2.86166 -0.454745 -2.15847 -0.00610298 -0.242147 2.00209 -2.84968 -0.43186 -2.16912 -0.0238318 -0.00995888 0.0459287 0.0119794 0.0228848 -0.0106518 0.0526932 1.48438 -0.00253759 -0.333415 1.7884 -2.86575 -0.454168 -2.14617 -0.0202664 -0.101227 -0.16776 -0.0040852 0.000577394 0.012299 0.19698 0.638578 -2.12011 -1.13259 1.43053 0.00479435 -0.00500645 1.05247 -1.49976 -0.00459648 -0.195962 0.000169541 0.000692979 0.00308706
176.121 0.0117894 -0.22511 1.96803 -2.86098 -0.453506 -2.15788 -0.0115513 -0.236498 2.02889 -2.89357 -0.442688 -2.1453 -0.0233407 -0.0113877 0.0608572 -0.0325948 0.0108176 0.0125815 0.066167 1.7958 -0.00658649 -0.326076 1.7999 -2.86375 -0.452142 -2.14876 -0.0183759 -0.100966 -0.168128 -0.00277669 0.00136428 0.00911755 0.196974 0.481327 -2.11617 -1.13341 1.44524 0.00330811 -0.00431832 1.05264 -1.49976 -0.00459648 -0.195962 0.000169541 0.000692979 0.00308706
176.574 0.00596071 -0.217706 1.98024 -2.86031 -0.452438 -2.15732 -0.0186441 -0.227022 2.03112 -2.86227 -0.466432 -2.15477 -0.0246048 -0.00931555 0.0508822 -0.00195869 -0.0139941 0.00254813 0.0572815 0.813732 -0.00925408 -0.318759 1.81235 -2.86373 -0.451037 -2.14655 -0.0152148 -0.101053 -0.167886 -0.00341776 0.00140143 0.010773 0.196543 0.565791 -2.11222 -1.13433 1.46025 0.00193751 -0.00376087 1.05284 -1.49976 -0.00459648 -0.195962 0.000169541 0.000692979 0.00308706
176.951 0.000113553 -0.209567 1.99274 -2.85945 -0.451662 -2.15683 -0.0257389 -0.216385 2.03118 -2.85673 -0.468431 -2.1576 -0.0258524 -0.0068179 0.0384427 0.00271909 -0.0167692 -0.000769541 0.0468259 0.971161 -0.0131931 -0.311056 1.82508 -2.8652 -0.451439 -2.14032 -0.0133067 -0.101489 -0.167658 -0.00574283 0.000223253 0.0165142 0.196434 0.855466 -2.10827 -1.1353 1.47547 0.000577466 -0.00354142 1.05305 -1.49976 -0.00459648 -0.195962 0.000169541 0.000692979 0.00308706
177.323 -0.00734731 -0.197446 2.00972 -2.8581 -0.451235 -2.1564 -0.031772 -0.205391 2.01871 -2.8491 -0.516526 -2.15305 -0.0244247 -0.00794491 0.00898215 0.00900488 -0.0652904 0.00334249 0.0272097 3.79323 -0.0198313 -0.299837 1.84257 -2.86638 -0.452501 -2.13299 -0.012484 -0.102391 -0.167155 -0.00828423 -0.00126577 0.0234081 0.196419 1.2137 -2.1031 -1.13662 1.49589 -0.00102115 -0.00385897 1.05331 -1.49976 -0.00459648 -0.195962 0.000169541 0.000692979 0.00308706
177.707 -0.0124576 -0.187424 2.02255 -2.857 -0.45144 -2.15627 -0.0380413 -0.199024 2.07258 -2.87393 -0.456363 -2.14965 -0.0255838 -0.0116001 0.05003 -0.0169303 -0.00492361 0.00661533 0.0573768 0.917279 -0.0231529 -0.291905 1.85662 -2.86506 -0.453069 -2.13087 -0.0106953 -0.104482 -0.165923 -0.00806391 -0.00162889 0.0253995 0.19637 1.32382 -2.09933 -1.13761 1.51115 -0.00194668 -0.00457892 1.05349 -1.49976 -0.00459648 -0.195962 0.000169541 0.000692979 0.00308706
178.085 -0.0171922 -0.177369 2.03524 -2.85599 -0.451797 -2.15624 -0.0452621 -0.190279 2.11662 -2.84273 -0.439835 -2.1394 -0.0280699 -0.01291 0.0813789 0.013259 0.011962 0.0168477 0.0870466 1.61592 -0.0266299 -0.283653 1.87035 -2.86211 -0.453198 -2.13136 -0.00943775 -0.106284 -0.164886 -0.00612337 -0.0014011 0.0248835 0.1964 1.31343 -2.0957 -1.13859 1.52618 -0.00266287 -0.00537787 1.05361 -1.49976 -0.00459648 -0.195962 0.000169541 0.000692979 0.00308706
178.721 -0.0281538 -0.155819 2.06371 -2.8539 -0.452187 -2.15764 -0.0545155 -0.164427 2.11701 -2.83465 -0.446315 -2.14326 -0.0263618 -0.00860742 0.0532939 0.0192541 0.00587155 0.0143853 0.0600772 1.67304 -0.032957 -0.264884 1.90037 -2.85347 -0.452372 -2.13948 -0.00480325 -0.109065 -0.163345 0.000432888 -0.000185599 0.0181693 0.196468 1.05202 -2.08796 -1.1409 1.55997 -0.00357885 -0.0067439 1.05251 -1.49976 -0.00459648 -0.195962 0.000169541 0.000692979 0.00308706
179.098 -0.0347924 -0.148103 2.07528 -2.85252 -0.451412 -2.15992 -0.060037 -0.15409 2.11453 -2.84667 -0.475187 -2.15644 -0.0252446 -0.00598669 0.0392478 0.00584725 -0.0237755 0.00348502 0.0470481 1.43804 -0.0375806 -0.257771 1.91241 -2.85115 -0.45076 -2.14424 -0.00278815 -0.109668 -0.162872 0.00137572 0.000651907 0.0156831 0.196372 0.936282 -2.08499 -1.14191 1.57383 -0.00399215 -0.00679572 1.05033 -1.49976 -0.00459648 -0.195962 0.000169541 0.000692979 0.00308706
179.445 -0.0436923 -0.14133 2.08658 -2.85046 -0.449739 -2.16367 -0.067512 -0.145034 2.11721 -2.84572 -0.474897 -2.1577 -0.0238196 -0.00370402 0.0306272 0.0047441 -0.0251581 0.00596549 0.0389759 1.5334 -0.0466919 -0.248735 1.92703 -2.8481 -0.446854 -2.15264 -0.00299955 -0.107405 -0.159556 0.00236264 0.00288497 0.0110264 0.192361 0.720365 -2.0814 -1.14326 1.59189 -0.0049393 -0.00619964 1.04511 -1.49976 -0.00459648 -0.195962 0.000169541 0.000692979 0.00308706
179.828 -0.0582278 -0.134457 2.10081 -2.84714 -0.446086 -2.17068 -0.0773689 -0.138469 2.15974 -2.86692 -0.459537 -2.14714 -0.0191411 -0.00401183 0.0589364 -0.0197787 -0.0134514 0.0235353 0.0620965 1.53595 -0.0548163 -0.243713 1.9377 -2.84559 -0.442844 -2.16038 0.00341146 -0.109255 -0.163102 0.00155158 0.00324208 0.0103027 0.196343 0.660272 -2.07898 -1.14421 1.60509 -0.00578129 -0.00515314 1.03953 -1.49976 -0.00459648 -0.195962 0.000169541 0.000692979 0.00308706
180.287 -0.0707518 -0.128793 2.11122 -2.84383 -0.443096 -2.17743 -0.090315 -0.13387 2.17734 -2.83522 -0.426915 -2.16377 -0.0195632 -0.0050771 0.0661189 0.00861331 0.0161802 0.0136597 0.069139 1.42875 -0.0653778 -0.240383 1.94949 -2.84253 -0.438805 -2.16925 0.00537396 -0.11159 -0.161727 0.00130374 0.00429086 0.0081792 0.196562 0.561626 -2.07681 -1.14506 1.61802 -0.00668172 -0.00442602 1.03283 -1.49976 -0.00459648 -0.195962 0.000169541 0.000692979 0.00308706
180.679 -0.0839329 -0.121219 2.12161 -2.83969 -0.440554 -2.1852 -0.103924 -0.124545 2.16327 -2.82229 -0.481483 -2.16321 -0.0199908 -0.00332652 0.0416642 0.0174057 -0.0409297 0.0219928 0.0463314 3.03306 -0.0768288 -0.236313 1.96194 -2.83869 -0.43558 -2.17867 0.00710409 -0.115095 -0.159667 0.000998685 0.00497364 0.00652805 0.196953 0.492578 -2.07489 -1.14575 1.63084 -0.00756545 -0.00454033 1.02538 -1.49976 -0.00459648 -0.195962 0.000169541 0.000692979 0.00308706
181.079 -0.10127 -0.108907 2.13563 -2.83361 -0.437771 -2.19636 -0.120393 -0.118152 2.2223 -2.87569 -0.435957 -2.16626 -0.0191239 -0.00924505 0.0866776 -0.0420894 0.00181326 0.0300925 0.0892423 2.29797 -0.091037 -0.229607 1.97925 -2.83362 -0.431205 -2.19206 0.0102325 -0.1207 -0.156379 -1.84245e-05 0.00656534 0.00430051 0.197807 0.44937 -2.07275 -1.14638 1.6481 -0.00851249 -0.00556182 1.01491 -1.49976 -0.00459648 -0.195962 0.000169541 0.000692979 0.00308706
181.545 -0.113535 -0.0986097 2.14645 -2.82899 -0.435986 -2.20484 -0.136063 -0.107635 2.22502 -2.8314 -0.460432 -2.18085 -0.0225274 -0.00902511 0.078573 -0.00240369 -0.0244458 0.0239854 0.0822354 1.92498 -0.0999234 -0.222667 1.99216 -2.82963 -0.428201 -2.20138 0.0136117 -0.124057 -0.154291 -0.000636531 0.00778508 0.00345476 0.198447 0.48295 -2.07149 -1.1466 1.66143 -0.00903497 -0.00665039 1.00705 -1.49976 -0.00459648 -0.195962 0.000169541 0.000692979 0.00308706
181.886 -0.124423 -0.0875525 2.15766 -2.82466 -0.434575 -2.21314 -0.147769 -0.0960062 2.22577 -2.82374 -0.460977 -2.18449 -0.0233459 -0.00845365 0.0681172 0.000918543 -0.026402 0.0286509 0.0725014 2.2496 -0.108696 -0.214849 2.00534 -2.82634 -0.425881 -2.21028 0.0157271 -0.127297 -0.152318 -0.00167782 0.00869361 0.00285441 0.19913 0.520394 -2.07055 -1.14659 1.67519 -0.00920529 -0.00792726 0.999459 -1.49976 -0.00459648 -0.195962 0.000169541 0.000692979 0.00308706
182.264 -0.133289 -0.0755261 2.16921 -2.82075 -0.433794 -2.2211 -0.161315 -0.0828145 2.23801 -2.84712 -0.433521 -2.20191 -0.0280265 -0.00728843 0.0687993 -0.0263667 0.000272743 0.0191924 0.0746455 1.44753 -0.117712 -0.201145 2.0226 -2.82414 -0.424349 -2.22164 0.0155767 -0.125619 -0.146604 -0.00339234 0.00944495 -0.000536205 0.19369 0.580135 -2.06977 -1.14614 1.69415 -0.00856822 -0.0101295 0.990039 -1.49976 -0.00459648 -0.195962 0.000169541 0.000692979 0.00308706
182.654 -0.14107 -0.0571727 2.18513 -2.81632 -0.434193 -2.23132 -0.174001 -0.0716892 2.28924 -2.83631 -0.44245 -2.20125 -0.0329315 -0.0145165 0.104109 -0.0199914 -0.00825729 0.0300784 0.110154 1.68237 -0.122966 -0.188808 2.03555 -2.8215 -0.425527 -2.22961 0.018104 -0.131636 -0.149576 -0.00518472 0.0086657 0.00171469 0.200072 0.565791 -2.06947 -1.14533 1.70854 -0.00711844 -0.0123433 0.983655 -1.49976 -0.00459648 -0.195962 0.000169541 0.000692979 0.00308706
183.1 -0.141281 -0.0373653 2.19628 -2.81318 -0.437725 -2.23928 -0.176768 -0.0534681 2.23538 -2.81461 -0.492111 -2.23309 -0.0354867 -0.0161027 0.0390925 -0.00142258 -0.0543859 0.00618959 0.0551981 3.13313 -0.125313 -0.171209 2.04818 -2.81831 -0.430272 -2.23793 0.0159683 -0.133844 -0.148107 -0.00512436 0.00745366 0.00135442 0.200262 0.50513 -2.06914 -1.14339 1.72197 -0.00375917 -0.0169149 0.9779 -1.49976 -0.00459648 -0.195962 0.000169541 0.000692979 0.00308706
183.509 -0.124423 0.0142873 2.20062 -2.80653 -0.455038 -2.25241 -0.176783 -0.0339473 2.2356 -2.80791 -0.498102 -2.2363 -0.0523605 -0.0482346 0.0349829 -0.00138789 -0.0430643 0.0161047 0.0793221 2.62271 -0.113185 -0.12467 2.05615 -2.8098 -0.450247 -2.25074 0.0112382 -0.138957 -0.14447 -0.00327055 0.00479098 0.00166317 0.200766 0.322641 -2.06665 -1.13645 1.72833 0.00719089 -0.0347087 0.972853 -1.49964 -0.00487175 -0.196061 0.000833762 0.00069294 0.00388251
183.838 -0.119403 0.0758287 2.20149 -2.79339 -0.471026 -2.26514 -0.163729 0.0224167 2.29905 -2.84441 -0.445416 -2.2261 -0.0443254 -0.053412 0.0975583 -0.0510272 0.0256105 0.039031 0.11973 3.14896 -0.113198 -0.0710059 2.0627 -2.79366 -0.466861 -2.26296 0.0062053 -0.146835 -0.138799 -0.000275027 0.00416509 0.00217742 0.202148 0.266879 -2.06157 -1.124 1.73693 0.0117291 -0.0543768 0.967258 -1.49964 -0.00486813 -0.196042 0.000712886 0.000692944 0.00388251
184.154 -0.121319 0.10945 2.20078 -2.78552 -0.476481 -2.27112 -0.159695 0.0766256 2.29887 -2.82787 -0.463507 -2.23355 -0.0383762 -0.0328247 0.0980887 -0.0423467 0.0129738 0.0375736 0.110325 2.51839 -0.117144 -0.0416903 2.0658 -2.78324 -0.472454 -2.26856 0.00417511 -0.151141 -0.134981 0.00228024 0.00402718 0.00256242 0.202684 0.331022 -2.05685 -1.11317 1.74428 0.011454 -0.0629614 0.964142 -1.49964 -0.00486585 -0.196031 0.000636926 0.000692948 0.00388251
184.487 -0.123545 0.136497 2.20041 -2.77698 -0.479172 -2.27768 -0.159763 0.118843 2.29993 -2.81149 -0.477611 -2.24063 -0.0362183 -0.0176549 0.0995128 -0.034502 0.0015611 0.0370473 0.10736 2.13497 -0.121168 -0.0175391 2.06799 -2.77372 -0.474788 -2.27126 0.00237667 -0.154037 -0.132427 0.00326753 0.00438382 0.00641984 0.20315 0.544645 -2.05176 -1.10169 1.75318 0.0103652 -0.068042 0.96204 -1.49983 -0.00508988 -0.195795 -0.000390903 0.00239734 0.00621083
184.842 -0.119947 0.182559 2.19821 -2.77072 -0.486277 -2.28419 -0.16391 0.151111 2.3164 -2.81413 -0.417956 -2.24215 -0.0439629 -0.0314479 0.118188 -0.0434124 0.068321 0.0420391 0.129962 4.69795 -0.118353 0.0243808 2.06883 -2.76016 -0.482657 -2.27659 0.00159474 -0.158178 -0.12938 0.0105534 0.00362053 0.0075977 0.204357 0.918132 -2.04372 -1.0838 1.76456 0.0115895 -0.0782155 0.959713 -1.4998 -0.00520119 -0.196054 -8.51808e-05 0.000762053 0.00681208
185.182 -0.116991 0.217113 2.19603 -2.76615 -0.491546 -2.28779 -0.161794 0.192763 2.33057 -2.76436 -0.38955 -2.25739 -0.0448034 -0.02435 0.134541 0.00178999 0.101996 0.0303948 0.143881 6.11106 -0.113438 0.0562209 2.06923 -2.74962 -0.48876 -2.28016 0.00355245 -0.160893 -0.126797 0.0165309 0.00278597 0.00762492 0.204882 1.22589 -2.03719 -1.06928 1.77401 0.0120257 -0.08539 0.958757 -1.49972 -0.00518437 -0.195903 -4.91291e-05 -0.000165701 0.00693096
185.554 -0.113532 0.2491 2.19379 -2.76141 -0.497409 -2.29489 -0.154999 0.225295 2.25981 -2.7637 -0.503971 -2.28925 -0.0414672 -0.023805 0.0660212 -0.00229164 -0.0065625 0.0056435 0.0815169 0.471469 -0.111394 0.0885284 2.06851 -2.72286 -0.498339 -2.28468 0.00213769 -0.160571 -0.125285 0.0385556 -0.000930466 0.010214 0.203676 2.5416 -2.03043 -1.05413 1.78459 0.0120543 -0.0913145 0.958481 -1.49912 -0.00517372 -0.194953 -0.00297941 -0.00221583 0.0103061
186.635 -0.0913428 0.375 2.17992 -2.73649 -0.511471 -2.31282 -0.135248 0.351589 2.25974 -2.71452 -0.556201 -2.31428 -0.0439053 -0.0234109 0.0798206 0.0219673 -0.0447305 -0.0014544 0.0940588 2.83766 -0.0928089 0.207964 2.06035 -2.67604 -0.515641 -2.29027 -0.00146603 -0.167036 -0.119567 0.0604417 -0.00416966 0.0225487 0.205425 4.25616 -2.00497 -0.996063 1.81899 0.0140812 -0.115574 0.960729 -1.49767 -0.0069116 -0.195687 -0.00115024 0.00144975 0.0218389
187.019 -0.0853163 0.408364 2.17518 -2.72678 -0.515835 -2.31935 -0.129175 0.393514 2.2567 -2.74387 -0.550271 -2.30639 -0.0438586 -0.0148505 0.0815239 -0.0170907 -0.0344363 0.0129611 0.0937564 2.15958 -0.0852683 0.242057 2.0565 -2.669 -0.519332 -2.29139 4.80081e-05 -0.166307 -0.118681 0.0577765 -0.00349703 0.0279596 0.204312 4.3373 -1.9972 -0.977806 1.8304 0.0137526 -0.120815 0.962017 -1.49685 -0.0075322 -0.194875 -0.00338318 0.00459534 0.0265606
187.353 -0.0771214 0.448973 2.16913 -2.70611 -0.520469 -2.33209 -0.123038 0.436788 2.27138 -2.74386 -0.498761 -2.30489 -0.0459162 -0.0121851 0.102247 -0.0377487 0.0217082 0.0271925 0.112744 2.31596 -0.0801087 0.279966 2.05582 -2.66151 -0.523702 -2.2923 -0.00298732 -0.169007 -0.113311 0.044599 -0.0032332 0.0397881 0.203498 4.19171 -1.98719 -0.953633 1.84669 0.0127199 -0.126314 0.964028 -1.49496 -0.0088338 -0.192578 -0.00831234 0.0149665 0.0366215
187.686 -0.0702541 0.476066 2.16518 -2.68527 -0.525703 -2.34403 -0.113533 0.462077 2.22165 -2.68471 -0.539015 -2.33212 -0.0432791 -0.0139898 0.0564692 0.000554522 -0.0133122 0.0119098 0.0725091 1.03476 -0.0763985 0.309484 2.05401 -2.65714 -0.526089 -2.29301 -0.00614441 -0.166583 -0.111166 0.0281299 -0.000385933 0.0510173 0.200364 3.98399 -1.98016 -0.935969 1.86001 0.0119765 -0.129254 0.965626 -1.4932 -0.0101543 -0.189623 -0.0154615 0.0275687 0.045054
188.038 -0.0630122 0.499278 2.16212 -2.65951 -0.533031 -2.35599 -0.107084 0.496578 2.22831 -2.70667 -0.520173 -2.34721 -0.0440716 -0.00269989 0.0661949 -0.0471595 0.0128573 0.00877691 0.0795699 2.59435 -0.0695859 0.337691 2.05258 -2.65437 -0.52752 -2.29277 -0.00657366 -0.161588 -0.109537 0.0051342 0.00551099 0.063222 0.195325 3.79282 -1.97372 -0.919039 1.87451 0.011273 -0.130792 0.967194 -1.49136 -0.0118211 -0.185384 -0.0256256 0.0458493 0.0520109
188.426 -0.0529427 0.524738 2.1595 -2.61814 -0.546608 -2.37034 -0.0992857 0.523745 2.228 -2.69516 -0.534897 -2.35365 -0.046343 -0.000992883 0.0685048 -0.0770229 0.0117112 0.0166919 0.0827138 4.06129 -0.064028 0.368087 2.05573 -2.65093 -0.52887 -2.29216 -0.0110853 -0.156651 -0.103766 -0.0327888 0.0177388 0.0781751 0.188228 4.00037 -1.96616 -0.897838 1.89543 0.0105255 -0.130999 0.969032 -1.489 -0.0144796 -0.17779 -0.0435503 0.0792513 0.0568015
188.844 -0.045515 0.540812 2.15857 -2.58286 -0.561933 -2.37969 -0.0896164 0.545917 2.23123 -2.62132 -0.542788 -2.35675 -0.0441013 0.00510556 0.0726594 -0.0384587 0.019145 0.0229408 0.0851492 2.1787 -0.0602345 0.387594 2.06102 -2.64881 -0.529106 -2.29128 -0.0147195 -0.153218 -0.0975567 -0.065951 0.0328273 0.088409 0.182235 4.85809 -1.96137 -0.883201 1.91242 0.00998484 -0.130202 0.970144 -1.48748 -0.0170409 -0.170647 -0.0620011 0.109563 0.0550655
189.202 -0.0382239 0.554653 2.15857 -2.54437 -0.58342 -2.38768 -0.0818148 0.565334 2.23097 -2.61468 -0.554493 -2.36144 -0.0435909 0.0106808 0.0723976 -0.0703111 0.0289265 0.0262371 0.0851802 3.83512 -0.0561885 0.407175 2.06695 -2.64741 -0.529253 -2.28929 -0.0179646 -0.147478 -0.0916169 -0.103039 0.0541669 0.0983837 0.174546 6.40879 -1.95742 -0.869813 1.93069 0.00945655 -0.1287 0.971003 -1.48629 -0.0203265 -0.162195 -0.08629 0.143672 0.0469615
189.613 -0.0269083 0.571055 2.15975 -2.48778 -0.622675 -2.39537 -0.0727205 0.580315 2.22131 -2.5761 -0.603798 -2.36108 -0.0458122 0.00926081 0.0615626 -0.0883228 0.0188772 0.0342918 0.0772947 4.38088 -0.0511384 0.430127 2.079 -2.64677 -0.52902 -2.2866 -0.0242301 -0.140927 -0.0807504 -0.15899 0.0936549 0.10877 0.16422 9.41367 -1.95345 -0.853953 1.9569 0.0095845 -0.126203 0.97174 -1.48529 -0.0259103 -0.14897 -0.127794 0.19527 0.0237254
190.04 -0.0169678 0.582561 2.16117 -2.44154 -0.658536 -2.40085 -0.0641103 0.596329 2.2268 -2.50372 -0.607403 -2.39051 -0.0471425 0.0137681 0.0656247 -0.0621773 0.0511325 0.0103339 0.0819669 4.37336 -0.0490506 0.446513 2.09068 -2.64626 -0.529292 -2.28505 -0.0320827 -0.136047 -0.070486 -0.204726 0.129244 0.115796 0.156546 12.2035 -1.95141 -0.843604 1.97788 0.0104731 -0.124247 0.971966 -1.48513 -0.0311075 -0.137544 -0.165141 0.236838 -0.00188474
190.958 0.00714876 0.607722 2.16406 -2.33166 -0.743432 -2.42347 -0.0403732 0.61463 2.20532 -2.41753 -0.716848 -2.40412 -0.047522 0.00690773 0.0412582 -0.0858724 0.0265843 0.0193502 0.0633111 4.52532 -0.0329777 0.484545 2.12106 -2.64885 -0.531172 -2.28322 -0.0401264 -0.123178 -0.0429993 -0.317196 0.21226 0.140243 0.136498 19.1525 -1.94905 -0.824477 2.0294 0.0136885 -0.120023 0.971678 -1.48678 -0.046218 -0.106189 -0.259542 0.325287 -0.0695728
191.432 0.0159334 0.616451 2.16489 -2.28943 -0.773607 -2.43946 -0.0283748 0.639413 2.24824 -2.36465 -0.737885 -2.40656 -0.0443082 0.022962 0.0833541 -0.0752254 0.035722 0.0329052 0.0971513 3.89491 -0.0292624 0.4993 2.13599 -2.65262 -0.531967 -2.2821 -0.0451958 -0.11715 -0.0288947 -0.363195 0.24164 0.15736 0.128848 21.7823 -1.94875 -0.818394 2.05212 0.0147433 -0.117782 0.971445 -1.48828 -0.0539057 -0.0909049 -0.297915 0.353344 -0.094038
192.347 0.0286309 0.642256 2.16436 -2.18033 -0.831261 -2.51989 -0.00478791 0.662653 2.23702 -2.21249 -0.81938 -2.48206 -0.0334188 0.0203962 0.0726505 -0.0321639 0.0118811 0.037831 0.0825283 1.63925 -0.0222304 0.54204 2.19012 -2.66385 -0.525746 -2.27665 -0.0508612 -0.100217 0.0257593 -0.483521 0.305515 0.243234 0.115299 27.7824 -1.94918 -0.806535 2.12857 0.0126741 -0.110282 0.971707 -1.49707 -0.0844017 -0.034862 -0.396574 0.39947 -0.126777
192.727 0.0278627 0.64962 2.16327 -2.15915 -0.836498 -2.54613 -0.00384793 0.672735 2.23799 -2.20067 -0.874229 -2.52329 -0.0317106 0.0231149 0.0747147 -0.0415112 -0.0377318 0.0228405 0.0843929 2.70978 -0.0212583 0.542003 2.1916 -2.66602 -0.522588 -2.27467 -0.049121 -0.107617 0.0283267 -0.506863 0.31391 0.271463 0.121641 28.753 -1.9496 -0.805203 2.15125 0.0105729 -0.108161 0.9723 -1.501 -0.0947309 -0.0172848 -0.415293 0.402394 -0.12275
197.287 0.0105844 0.694845 2.14807 -2.25649 -0.867793 -2.5772 -0.0220967 0.7265 2.19966 -2.20074 -0.908805 -2.63256 -0.0326811 0.0316555 0.0515902 0.0557427 -0.0410117 -0.0553612 0.0687872 3.17101 -0.0124081 0.50338 2.23653 -2.68006 -0.504865 -2.26869 -0.0229926 -0.191465 0.0884599 -0.423578 0.362928 0.308517 0.212162 27.8303 -1.9771 -0.829223 2.40106 -0.00369011 -0.0877456 0.975753 -1.5658 -0.201503 0.201276 -0.462518 0.284716 -0.0875751
197.657 0.0107407 0.691371 2.14864 -2.27066 -0.868637 -2.56934 -0.0229345 0.718498 2.18702 -2.21895 -0.932667 -2.62666 -0.0336752 0.0271266 0.0383813 0.0517083 -0.0640299 -0.0573187 0.0578187 4.21436 -0.0120876 0.49626 2.23802 -2.68104 -0.503869 -2.26867 -0.0228283 -0.195111 0.0893853 -0.410374 0.364769 0.300672 0.215822 27.5388 -1.98231 -0.833353 2.42348 -0.00361366 -0.0857155 0.97503 -1.57107 -0.206912 0.223565 -0.46091 0.276711 -0.0886275
198.491 0.0104735 0.679735 2.15174 -2.28577 -0.870977 -2.56975 -0.0221023 0.713984 2.19964 -2.25162 -0.893817 -2.5991 -0.0325757 0.0342484 0.0479013 0.0341432 -0.0228404 -0.0293467 0.0672954 1.81273 -0.0139174 0.485342 2.24605 -2.68068 -0.499597 -2.27025 -0.0243908 -0.194393 0.094307 -0.394919 0.37138 0.299509 0.217434 27.4482 -1.99558 -0.843112 2.47563 -0.00369965 -0.0816873 0.973171 -1.58141 -0.21544 0.276693 -0.464817 0.264089 -0.0858263
198.998 0.0105435 0.673012 2.15395 -2.28374 -0.874168 -2.57918 -0.0221015 0.707029 2.199 -2.29555 -0.879794 -2.5711 -0.032645 0.0340172 0.0450474 -0.0118005 -0.00562646 0.0080808 0.0652084 0.542486 -0.0162239 0.479832 2.24687 -2.6793 -0.496261 -2.27131 -0.0267674 -0.19318 0.0929195 -0.395559 0.377907 0.307865 0.21603 27.7926 -2.00159 -0.847147 2.49785 -0.00369181 -0.0800145 0.972406 -1.58499 -0.217441 0.299705 -0.471986 0.260982 -0.0831139
199.434 0.0107497 0.665962 2.15648 -2.27721 -0.879293 -2.59344 -0.0221026 0.698607 2.19963 -2.26273 -0.889655 -2.59054 -0.0328523 0.0326448 0.043153 0.0144801 -0.0103613 0.00290489 0.063302 1.13229 -0.0175231 0.476124 2.2497 -2.67811 -0.493186 -2.27168 -0.0282728 -0.189838 0.0932187 -0.400906 0.386108 0.321765 0.213372 28.3457 -2.00769 -0.850965 2.51998 -0.00367023 -0.0786075 0.97172 -1.58897 -0.218635 0.330511 -0.486581 0.257925 -0.0790995
199.807 0.0112583 0.656938 2.15993 -2.26494 -0.889544 -2.61793 -0.0212427 0.693039 2.20942 -2.25234 -0.875016 -2.61561 -0.0325011 0.0361008 0.0494875 0.0126016 0.0145277 0.00232076 0.0693441 1.1747 -0.0228647 0.469583 2.24666 -2.67466 -0.488637 -2.27193 -0.0341231 -0.187355 0.086732 -0.409714 0.400908 0.345994 0.209258 29.3275 -2.01587 -0.855571 2.54927 -0.00365301 -0.0774732 0.970987 -1.59128 -0.21848 0.353686 -0.500627 0.254423 -0.0758862
200.387 0.0120168 0.651264 2.16235 -2.25469 -0.900457 -2.63948 -0.0220992 0.680871 2.19813 -2.234 -0.909362 -2.63211 -0.034116 0.0296064 0.0357726 0.0206941 -0.00890412 0.00736739 0.0576205 1.62221 -0.0247207 0.464013 2.24243 -2.67193 -0.486966 -2.27157 -0.0367376 -0.187252 0.0800752 -0.417241 0.413492 0.367912 0.206942 30.1652 -2.02196 -0.858573 2.57096 -0.00360139 -0.077444 0.970616 -1.593 -0.217532 0.376801 -0.517146 0.248813 -0.0728129
202.424 0.0175286 0.638982 2.16823 -2.23283 -0.953475 -2.71178 -0.0176513 0.675006 2.23899 -2.23205 -0.939987 -2.68144 -0.03518 0.0360246 0.0707597 0.00077454 0.0134879 0.0303393 0.0868466 1.93553 -0.0259313 0.462456 2.23676 -2.66501 -0.489759 -2.27007 -0.0434599 -0.176526 0.0685335 -0.432185 0.463716 0.441713 0.194286 33.1107 -2.0415 -0.865371 2.64099 -0.00317497 -0.0818294 0.970645 -1.59462 -0.209657 0.453203 -0.578525 0.208735 -0.0651943
202.835 0.0210677 0.636276 2.16945 -2.23292 -0.972804 -2.72927 -0.0150498 0.68596 2.28849 -2.26766 -0.940134 -2.65834 -0.0361176 0.0496832 0.119034 -0.0347437 0.0326706 0.0709266 0.133948 3.27978 -0.0241568 0.465541 2.23636 -2.66441 -0.492392 -2.26993 -0.0452245 -0.170735 0.0669089 -0.431492 0.480412 0.459335 0.188872 33.9418 -2.0471 -0.866487 2.662 -0.00257697 -0.0838698 0.970994 -1.59401 -0.206292 0.476584 -0.596064 0.191158 -0.0639477
203.141 0.0270091 0.63185 2.17098 -2.24083 -0.996961 -2.74371 -0.00992738 0.672901 2.25469 -2.21682 -1.00197 -2.74697 -0.0369364 0.0410512 0.0837138 0.0240106 -0.00501019 -0.00326606 0.100287 1.25585 -0.0198173 0.470188 2.23791 -2.66435 -0.496669 -2.2695 -0.0468263 -0.161662 0.0669333 -0.423524 0.500292 0.474213 0.181128 34.789 -2.05434 -0.867454 2.6903 -0.00146026 -0.0863603 0.971596 -1.59259 -0.201278 0.508409 -0.614548 0.166452 -0.0629771
203.513 0.0328264 0.628555 2.17192 -2.25277 -1.01337 -2.74774 -0.00692869 0.664024 2.24127 -2.18688 -1.03441 -2.77023 -0.0397551 0.0354695 0.0693502 0.0658896 -0.0210423 -0.0224813 0.0874529 3.00947 -0.0182497 0.469088 2.23325 -2.66435 -0.501084 -2.26942 -0.0510761 -0.159467 0.0613267 -0.41158 0.512288 0.478328 0.178324 35.174 -2.05958 -0.867874 2.71155 -0.000162321 -0.0882808 0.972096 -1.5911 -0.197277 0.532558 -0.624256 0.147372 -0.0624105
203.845 0.0391029 0.624587 2.17263 -2.27035 -1.0275 -2.74539 0.00188629 0.668197 2.27212 -2.19671 -0.975688 -2.80278 -0.0372166 0.0436108 0.0994961 0.0736414 0.0518109 -0.0573925 0.114832 3.74753 -0.0157844 0.468069 2.23105 -2.66438 -0.504341 -2.26947 -0.0548873 -0.156517 0.0584262 -0.394026 0.523158 0.475919 0.175852 35.4281 -2.06461 -0.868124 2.7326 0.00125134 -0.0899924 0.972605 -1.58928 -0.193182 0.556675 -0.63011 0.128316 -0.0617921
204.16 0.0474714 0.618355 2.17365 -2.29949 -1.04109 -2.73295 0.00792725 0.672722 2.3011 -2.23961 -1.00749 -2.78149 -0.0395441 0.0543677 0.127451 0.0598787 0.0335967 -0.0485362 0.144095 2.62749 -0.010421 0.464288 2.22859 -2.66472 -0.507742 -2.26917 -0.0578924 -0.154066 0.0549439 -0.365236 0.533343 0.463783 0.173513 35.4956 -2.07092 -0.868333 2.76011 0.0030616 -0.0917833 0.973261 -1.58653 -0.18772 0.58841 -0.631817 0.105546 -0.0614602
204.864 0.056306 0.60963 2.17485 -2.33934 -1.04921 -2.70532 0.0201157 0.634732 2.20762 -2.27827 -1.05438 -2.76083 -0.0361904 0.0251017 0.0327686 0.0610665 -0.00517511 -0.0555093 0.0548964 1.76614 -0.00468244 0.459553 2.22503 -2.66462 -0.510212 -2.26822 -0.0609885 -0.150077 0.0501796 -0.325285 0.538997 0.437106 0.16959 35.1809 -2.07927 -0.868678 2.80021 0.00424155 -0.094353 0.973993 -1.58224 -0.180038 0.634548 -0.624658 0.0832985 -0.0634392
205.208 0.0599621 0.605308 2.17547 -2.35447 -1.04818 -2.69036 0.0246789 0.649615 2.27309 -2.3164 -1.03296 -2.73499 -0.0352832 0.0443078 0.0976146 0.0380728 0.0152217 -0.0446334 0.112857 1.55997 -0.00155311 0.457509 2.22158 -2.66486 -0.511091 -2.26803 -0.0615152 -0.147799 0.046105 -0.310384 0.537088 0.42233 0.166596 34.82 -2.08289 -0.868969 2.81981 0.00465165 -0.0953897 0.974169 -1.58021 -0.176572 0.6569 -0.617698 0.0787485 -0.0655386
205.873 0.0688035 0.594444 2.17718 -2.37749 -1.03612 -2.6566 0.0345917 0.637495 2.27236 -2.32512 -1.03572 -2.72798 -0.0342119 0.0430508 0.0951753 0.0523692 0.000399656 -0.0713878 0.109919 2.14831 0.00539762 0.460581 2.22165 -2.66631 -0.513765 -2.26934 -0.0634059 -0.133863 0.0444696 -0.288824 0.522352 0.387252 0.154652 33.5125 -2.0898 -0.87021 2.86379 0.00640349 -0.0966775 0.974003 -1.57598 -0.169716 0.706469 -0.595698 0.0825306 -0.0719451
206.284 0.0717747 0.589313 2.17809 -2.38365 -1.02845 -2.64352 0.037987 0.623101 2.23853 -2.35888 -1.07521 -2.6835 -0.0337876 0.0337879 0.0604364 0.0247695 -0.0467577 -0.0399834 0.0770441 2.96504 0.0076961 0.462073 2.22151 -2.66673 -0.514257 -2.27128 -0.0640786 -0.127239 0.0434139 -0.283082 0.514193 0.372239 0.148932 32.8776 -2.09203 -0.871055 2.88155 0.00710983 -0.0966407 0.973736 -1.5744 -0.167391 0.726277 -0.585391 0.087614 -0.074592
206.663 0.0745407 0.582336 2.17919 -2.39224 -1.01681 -2.62632 0.0421617 0.620075 2.25241 -2.38756 -1.06222 -2.63873 -0.032379 0.0377389 0.0732238 0.00467926 -0.0454097 -0.0124045 0.0885119 2.649 0.0106061 0.464173 2.22298 -2.66741 -0.513896 -2.27336 -0.0639346 -0.118162 0.0437877 -0.275169 0.50291 0.35296 0.141306 32.0344 -2.09422 -0.872511 2.90401 0.00783393 -0.0962425 0.973285 -1.57241 -0.164844 0.751243 -0.570968 0.0943072 -0.0771011
207.359 0.0755114 0.57081 2.18077 -2.41444 -0.995549 -2.59663 0.0436834 0.60199 2.22925 -2.35118 -1.03226 -2.65812 -0.031828 0.0311799 0.0484783 0.0632613 -0.0367107 -0.0614956 0.0658434 2.87902 0.0154096 0.464106 2.21717 -2.66888 -0.512373 -2.27595 -0.0601018 -0.106704 0.0363976 -0.254443 0.483176 0.320679 0.12776 30.5707 -2.09572 -0.875395 2.93467 0.00819135 -0.0945976 0.972588 -1.5695 -0.161936 0.785468 -0.545714 0.0992386 -0.0772476
208.329 0.0706219 0.550489 2.18178 -2.48533 -0.946386 -2.53029 0.0437876 0.581993 2.23483 -2.42579 -1.00394 -2.5837 -0.0268343 0.0315037 0.0530526 0.0595392 -0.0575525 -0.0534092 0.067284 3.81885 0.0111342 0.455564 2.20955 -2.6709 -0.508337 -2.27952 -0.0594877 -0.0949258 0.0277694 -0.18557 0.438049 0.250772 0.115416 27.1882 -2.09317 -0.881486 2.9765 0.00771847 -0.0904165 0.971873 -1.56443 -0.157941 0.83354 -0.486933 0.0881579 -0.0681976
208.592 0.0684572 0.545542 2.18146 -2.51069 -0.928786 -2.50868 0.0399853 0.577575 2.2405 -2.48095 -0.974229 -2.52553 -0.0284719 0.0320331 0.0590452 0.0297444 -0.0454436 -0.0168553 0.0729596 2.81689 0.00942861 0.455311 2.21041 -2.67068 -0.507132 -2.2803 -0.0590285 -0.0902311 0.0289477 -0.159987 0.421653 0.228372 0.111642 25.9984 -2.09115 -0.883445 2.98676 0.00773199 -0.0894967 0.971806 -1.56284 -0.156586 0.845787 -0.465634 0.0817395 -0.0643877
208.937 0.0641211 0.539051 2.18083 -2.54424 -0.903054 -2.48007 0.0393035 0.590759 2.31509 -2.55351 -0.909771 -2.45717 -0.0248175 0.051708 0.13426 -0.0092772 -0.00671754 0.0228972 0.145998 1.02641 0.00907835 0.456513 2.20914 -2.67048 -0.504943 -2.28091 -0.0550427 -0.0825384 0.0283116 -0.126242 0.39811 0.199158 0.103169 24.3466 -2.08756 -0.886081 2.99899 0.00744277 -0.0882612 0.971827 -1.56065 -0.154424 0.860773 -0.435368 0.0726105 -0.0592168
209.27 0.0591886 0.533791 2.18038 -2.56729 -0.882197 -2.45987 0.0352534 0.56873 2.25207 -2.55991 -0.917378 -2.48001 -0.0239352 0.0349388 0.0716856 0.00737888 -0.0351809 -0.0201461 0.0832612 2.19303 0.00658122 0.454919 2.20836 -2.67051 -0.502325 -2.28086 -0.0526074 -0.0788726 0.0279817 -0.103224 0.379872 0.179012 0.0988504 23.1138 -2.08422 -0.88804 3.00729 0.00673068 -0.087132 0.971905 -1.55897 -0.152457 0.871172 -0.412051 0.0663116 -0.0553909
209.949 0.0441746 0.524781 2.1789 -2.60622 -0.834633 -2.42449 0.023115 0.573405 2.31451 -2.63988 -0.846734 -2.38661 -0.0210596 0.0486245 0.135608 -0.0336642 -0.0121019 0.0378733 0.145594 1.6347 -0.00402994 0.454403 2.20544 -2.67003 -0.497762 -2.27921 -0.0482045 -0.070378 0.026537 -0.0638082 0.33687 0.145277 0.0893362 20.4108 -2.07451 -0.892258 3.02456 0.0042632 -0.0858431 0.972195 -1.55483 -0.146581 0.893152 -0.361239 0.0556735 -0.0458664
210.296 0.0383003 0.522867 2.17811 -2.61559 -0.816968 -2.41551 0.015381 0.546753 2.22286 -2.63767 -0.908145 -2.38904 -0.0229192 0.0238859 0.0447512 -0.0220874 -0.0911768 0.026466 0.0556642 5.31721 -0.0110725 0.45346 2.20266 -2.66937 -0.496635 -2.27836 -0.0493728 -0.0694062 0.024555 -0.0537892 0.320333 0.137146 0.0886445 19.4367 -2.06967 -0.893812 3.03126 0.00374405 -0.0861191 0.972343 -1.55295 -0.143479 0.901672 -0.342722 0.0537669 -0.0413431
210.962 0.0270715 0.521615 2.1765 -2.6222 -0.785846 -2.40751 0.00274787 0.539447 2.20893 -2.60411 -0.855974 -2.43297 -0.0243236 0.0178322 0.0324317 0.0180837 -0.0701286 -0.0254631 0.0442881 4.13915 -0.0233748 0.455402 2.1995 -2.66749 -0.496221 -2.27794 -0.0504463 -0.0662134 0.0230014 -0.0452973 0.289625 0.129574 0.0863603 17.7103 -2.0572 -0.896809 3.04538 0.00416589 -0.0881749 0.972728 -1.54825 -0.134896 0.919469 -0.310441 0.055643 -0.0303701
211.254 0.0215361 0.520897 2.17622 -2.62066 -0.77662 -2.40803 -0.00311326 0.556795 2.27975 -2.65701 -0.776387 -2.38056 -0.0246493 0.0358985 0.103532 -0.0363518 0.000233359 0.0274709 0.112317 1.49017 -0.0294822 0.455548 2.19868 -2.66706 -0.495194 -2.27733 -0.0510182 -0.0653484 0.0224617 -0.0463991 0.281426 0.130698 0.0858942 17.2915 -2.05146 -0.897887 3.05077 0.00417404 -0.0890263 0.972912 -1.54601 -0.130685 0.926236 -0.301652 0.0577831 -0.0258118
212 0.0090463 0.520678 2.17585 -2.61391 -0.764761 -2.41327 -0.0157274 0.545467 2.23753 -2.57252 -0.796027 -2.42249 -0.0247737 0.0247888 0.0616868 0.0413932 -0.0312657 -0.00922379 0.070947 2.71094 -0.0401562 0.462761 2.19897 -2.66534 -0.494256 -2.27564 -0.0492025 -0.0579168 0.0231196 -0.0514256 0.270506 0.137628 0.079434 16.8283 -2.03952 -0.899773 3.06026 0.00368709 -0.0915141 0.973308 -1.54096 -0.121368 0.93842 -0.290969 0.0616679 -0.0174497
212.304 0.000851828 0.519823 2.17595 -2.60757 -0.759557 -2.41757 -0.0230284 0.557055 2.28082 -2.64725 -0.768094 -2.38483 -0.0238802 0.0372322 0.104869 -0.0396743 -0.0085373 0.0327328 0.113815 1.73956 -0.0465055 0.468754 2.19954 -2.66427 -0.49434 -2.27455 -0.0473574 -0.0510692 0.0235877 -0.0567037 0.265216 0.14302 0.0735334 16.6379 -2.03141 -0.900883 3.06581 0.00347668 -0.0930835 0.973576 -1.53725 -0.114538 0.945837 -0.286595 0.0653787 -0.0129835
212.694 -0.00503361 0.518606 2.17632 -2.60109 -0.757556 -2.42152 -0.0310315 0.555675 2.28332 -2.64975 -0.763248 -2.3837 -0.0259979 0.0370688 0.106995 -0.0486566 -0.0056926 0.0378188 0.116181 2.06071 -0.0509894 0.471767 2.19931 -2.66383 -0.494427 -2.27356 -0.0459558 -0.0468388 0.0229913 -0.0627414 0.263129 0.147961 0.0695299 16.6061 -2.02533 -0.901657 3.06985 0.00342413 -0.0940599 0.973756 -1.53436 -0.109262 0.951215 -0.285404 0.0693889 -0.0104639
213.055 -0.0109195 0.517495 2.17687 -2.59313 -0.758243 -2.42689 -0.0369934 0.540284 2.22029 -2.64962 -0.778359 -2.41055 -0.0260739 0.0227891 0.0434224 -0.0564968 -0.0201163 0.0163346 0.05554 2.91054 -0.0539878 0.474653 2.20012 -2.66342 -0.494853 -2.2725 -0.0430683 -0.0428417 0.0232499 -0.070291 0.26339 0.154387 0.065045 16.7255 -2.01932 -0.902379 3.07395 0.0033061 -0.0950671 0.973908 -1.53136 -0.104042 0.956496 -0.287119 0.0736805 -0.00861353
213.42 -0.0187498 0.516456 2.1778 -2.58045 -0.763861 -2.43677 -0.0429155 0.540881 2.22673 -2.60728 -0.790958 -2.42994 -0.0241657 0.0244257 0.0489235 -0.0268342 -0.027097 0.00683221 0.0597838 2.02062 -0.0582573 0.480326 2.20168 -2.66292 -0.496001 -2.27162 -0.0395076 -0.0361298 0.0238738 -0.0824768 0.267859 0.165147 0.0586188 17.1424 -2.01145 -0.903256 3.07962 0.00296599 -0.0965225 0.97406 -1.52714 -0.0974151 0.96346 -0.294537 0.0790988 -0.00710128
213.737 -0.0245818 0.515849 2.17868 -2.56932 -0.771161 -2.44626 -0.0510544 0.553839 2.2881 -2.59709 -0.771033 -2.40702 -0.0264726 0.0379901 0.109413 -0.0277734 0.000128469 0.0392481 0.118808 1.61277 -0.0608119 0.48508 2.20211 -2.66263 -0.496854 -2.27103 -0.0362301 -0.030769 0.023425 -0.0933152 0.274307 0.175232 0.0529914 17.6563 -2.00573 -0.903837 3.08412 0.00253284 -0.0975563 0.974137 -1.52385 -0.0928562 0.968662 -0.303708 0.0830417 -0.00658662
214.079 -0.0301467 0.515371 2.17966 -2.55704 -0.780544 -2.45745 -0.0551543 0.534111 2.21082 -2.57493 -0.829476 -2.44623 -0.0250076 0.0187401 0.0311604 -0.0178876 -0.0489314 0.0112223 0.044131 2.89367 -0.0630331 0.489339 2.2035 -2.66246 -0.497744 -2.27062 -0.0328864 -0.026032 0.0238365 -0.105424 0.2828 0.186834 0.0482427 18.3071 -2.00021 -0.904335 3.08886 0.00199579 -0.0984951 0.974191 -1.52048 -0.0887744 0.973877 -0.315435 0.0867813 -0.00641428
214.427 -0.0345167 0.515261 2.18065 -2.54439 -0.79147 -2.46992 -0.064119 0.519464 2.15417 -2.58897 -0.920982 -2.44008 -0.0296024 0.00420249 -0.0264764 -0.0445813 -0.129512 0.0298372 0.039937 7.60891 -0.0647025 0.493634 2.20325 -2.66265 -0.499178 -2.27029 -0.0301859 -0.0216274 0.022602 -0.118267 0.292292 0.199628 0.0434716 19.0338 -1.99494 -0.904733 3.09384 0.00173047 -0.0994219 0.974227 -1.51701 -0.0852534 0.979112 -0.328797 0.0900725 -0.0063952
214.788 -0.0384823 0.51549 2.18193 -2.52787 -0.806888 -2.48733 -0.0693059 0.54585 2.2633 -2.56983 -0.832408 -2.44666 -0.0308235 0.0303593 0.0813695 -0.0419554 -0.0255201 0.04067 0.0921562 2.2709 -0.0662849 0.50055 2.20377 -2.66269 -0.501308 -2.27023 -0.0278026 -0.0149402 0.0218444 -0.13482 0.30558 0.217104 0.0383845 20.0436 -1.98835 -0.905088 3.10073 0.00175153 -0.100491 0.974263 -1.51228 -0.0815546 0.986074 -0.347498 0.0936962 -0.00647076
215.495 -0.0426041 0.516386 2.18345 -2.50568 -0.827279 -2.51102 -0.0745536 0.547098 2.27256 -2.54857 -0.82061 -2.48042 -0.0319495 0.0307116 0.0891037 -0.0428946 0.00666938 0.0306043 0.0995161 1.71349 -0.0709926 0.505576 2.2071 -2.66183 -0.504798 -2.27086 -0.0283885 -0.0108106 0.0236465 -0.156156 0.322481 0.24016 0.0384959 21.3405 -1.9795 -0.905228 3.11139 0.00148505 -0.101586 0.974298 -1.50511 -0.0783666 0.996288 -0.37281 0.0979029 -0.0069833
215.823 -0.0446707 0.518975 2.18372 -2.49366 -0.837072 -2.52296 -0.0786058 0.549652 2.2749 -2.55068 -0.818973 -2.47979 -0.0339351 0.030677 0.0911788 -0.0570251 0.0180987 0.043167 0.102011 2.44168 -0.0739232 0.509028 2.20931 -2.66061 -0.506145 -2.27119 -0.0292524 -0.00994683 0.025594 -0.166949 0.330927 0.251768 0.040121 21.99 -1.97433 -0.905046 3.11859 0.000851084 -0.102667 0.974271 -1.50037 -0.0778829 1.00288 -0.384976 0.0999578 -0.00767344
216.192 -0.0450503 0.521457 2.18362 -2.48758 -0.842068 -2.52887 -0.0790409 0.546796 2.259 -2.52293 -0.861302 -2.49562 -0.0339906 0.025339 0.0753821 -0.0353576 -0.0192337 0.0332535 0.0864863 1.77189 -0.0758434 0.511222 2.20919 -2.66003 -0.506832 -2.2713 -0.0307931 -0.0102355 0.025572 -0.172449 0.335236 0.257576 0.0413147 22.3183 -1.97089 -0.904775 3.12394 0.000508608 -0.103436 0.974219 -1.49685 -0.0783884 1.00766 -0.390961 0.100847 -0.00824954
216.502 -0.0438113 0.52344 2.1834 -2.48526 -0.844594 -2.5312 -0.0781989 0.536269 2.20763 -2.43962 -0.893346 -2.56687 -0.0343877 0.0128295 0.0242308 0.0456473 -0.0487524 -0.0356638 0.04398 3.26387 -0.0760781 0.51266 2.21221 -2.65993 -0.507321 -2.27146 -0.0322669 -0.0107802 0.0288148 -0.174663 0.337273 0.259743 0.0445831 22.4594 -1.96785 -0.904411 3.12916 0.000562715 -0.103798 0.974131 -1.49338 -0.0795771 1.01226 -0.39361 0.101099 -0.00880348
216.771 -0.039744 0.52647 2.18268 -2.48789 -0.843447 -2.52808 -0.0786797 0.549064 2.24808 -2.51943 -0.881958 -2.52318 -0.0389357 0.022594 0.0654032 -0.0315394 -0.0385108 0.00490039 0.0793981 2.72793 -0.0773227 0.514353 2.21695 -2.66042 -0.508203 -2.27196 -0.0375787 -0.0121165 0.0342702 -0.172523 0.335244 0.256117 0.0522821 22.2804 -1.96442 -0.90383 3.13578 0.00129753 -0.104218 0.973952 -1.4889 -0.0820411 1.0181 -0.390755 0.10084 -0.00959683
217.116 -0.0354327 0.529272 2.18178 -2.49319 -0.839099 -2.52132 -0.0747478 0.559604 2.27898 -2.50268 -0.836493 -2.50539 -0.0393151 0.0303319 0.0971997 -0.00948705 0.00260578 0.0159269 0.109149 0.642853 -0.077326 0.515252 2.21912 -2.66095 -0.509005 -2.2724 -0.0418933 -0.0140197 0.0373404 -0.167765 0.330094 0.248916 0.0578438 21.8773 -1.96229 -0.903381 3.1405 0.00217845 -0.104653 0.973747 -1.48569 -0.0844144 1.02232 -0.383764 0.100734 -0.0104142
217.704 -0.0273499 0.533557 2.1794 -2.51118 -0.820273 -2.49677 -0.0655003 0.565741 2.26775 -2.55487 -0.809522 -2.50291 -0.0381504 0.0321837 0.0883461 -0.0436906 0.0107513 -0.00614602 0.101471 2.8378 -0.0787684 0.51728 2.22564 -2.66151 -0.510005 -2.27377 -0.0514185 -0.0162767 0.0462384 -0.150334 0.310268 0.222996 0.0710407 20.371 -1.95908 -0.902724 3.14916 0.00331416 -0.104971 0.97317 -1.47978 -0.0899372 1.03045 -0.358056 0.100866 -0.0127646
218.001 -0.0229668 0.534452 2.17765 -2.52807 -0.800721 -2.47377 -0.0629334 0.570768 2.28385 -2.54256 -0.81021 -2.46084 -0.0399665 0.0363163 0.106205 -0.0144937 -0.00948963 0.0129306 0.119145 0.804056 -0.0809665 0.517615 2.22982 -2.66089 -0.510007 -2.27496 -0.0579996 -0.016837 0.0521752 -0.13282 0.290714 0.198816 0.0798103 18.9114 -1.95766 -0.902638 3.15419 0.00353851 -0.10458 0.972695 -1.47623 -0.0936939 1.03575 -0.333293 0.100552 -0.0145654
218.361 -0.0197094 0.534205 2.17636 -2.54184 -0.784391 -2.45556 -0.058938 0.570698 2.28357 -2.54431 -0.811925 -2.46007 -0.0392286 0.0364933 0.10721 -0.00247426 -0.027534 -0.00451634 0.119853 1.62124 -0.0834095 0.515557 2.23328 -2.66008 -0.509587 -2.27595 -0.0637001 -0.018648 0.0569205 -0.118239 0.274804 0.179605 0.0874379 17.7301 -1.95695 -0.902814 3.15768 0.00373361 -0.104084 0.972319 -1.47377 -0.0963808 1.03976 -0.313008 0.0998502 -0.0158367
218.693 -0.0163477 0.533524 2.17518 -2.55529 -0.768506 -2.43859 -0.0551199 0.57374 2.29173 -2.54279 -0.791961 -2.43544 -0.0387722 0.0402164 0.11655 0.0124952 -0.0234549 0.00314709 0.129246 1.59152 -0.0852838 0.513178 2.23652 -2.65989 -0.508785 -2.27638 -0.068936 -0.0203463 0.0613416 -0.104604 0.259721 0.162215 0.0944931 16.6255 -1.95654 -0.903219 3.16105 0.00404731 -0.103582 0.971951 -1.47149 -0.0988966 1.04383 -0.293384 0.0985514 -0.0168402
219.085 -0.0128031 0.532322 2.17422 -2.56769 -0.754214 -2.424 -0.0509988 0.572009 2.28483 -2.63109 -0.760375 -2.39359 -0.0381957 0.0396873 0.110618 -0.0634023 -0.00616086 0.0304147 0.123573 2.76768 -0.0854368 0.510759 2.23963 -2.65986 -0.507762 -2.27662 -0.0726337 -0.0215632 0.0654122 -0.0921722 0.246453 0.147382 0.100097 15.6622 -1.95639 -0.90387 3.16434 0.00454565 -0.10305 0.971618 -1.46873 -0.101875 1.04936 -0.270647 0.0960585 -0.0175454
219.974 -0.00426787 0.523226 2.1737 -2.59478 -0.726307 -2.3984 -0.0403943 0.55664 2.25105 -2.61938 -0.720963 -2.39807 -0.0361264 0.033414 0.077351 -0.0246055 0.00534376 0.00032807 0.0916776 1.43067 -0.0881431 0.504845 2.25004 -2.66169 -0.50563 -2.2769 -0.0838753 -0.0183808 0.0763335 -0.0669067 0.220677 0.121504 0.11489 13.8513 -1.95753 -0.908437 3.17664 0.00558265 -0.100739 0.971189 -1.46348 -0.106721 1.06355 -0.243401 0.0890755 -0.0165075
220.291 -0.00364994 0.520749 2.17428 -2.59662 -0.727585 -2.39933 -0.0371719 0.549503 2.2341 -2.59798 -0.771757 -2.41018 -0.0335219 0.0287542 0.0598183 -0.00136613 -0.0441726 -0.0108462 0.0743555 2.61988 -0.0881752 0.503092 2.25162 -2.66084 -0.505975 -2.2773 -0.0845253 -0.0176571 0.0773382 -0.0642246 0.22161 0.122029 0.11592 13.9124 -1.95814 -0.910223 3.1802 0.00548483 -0.100545 0.971321 -1.46234 -0.107356 1.0679 -0.245023 0.0867011 -0.0158766
220.649 -0.00413261 0.518385 2.17514 -2.59647 -0.732847 -2.40319 -0.0353285 0.548693 2.24273 -2.59651 -0.748299 -2.3857 -0.0311959 0.0303079 0.0675911 -3.94847e-05 -0.0154519 0.0174905 0.080376 1.33618 -0.0882507 0.501653 2.25437 -2.65983 -0.506482 -2.27741 -0.0841181 -0.0167319 0.079229 -0.0633599 0.226365 0.125779 0.116761 14.2333 -1.95883 -0.912195 3.18384 0.00505168 -0.100561 0.97154 -1.46135 -0.107635 1.07228 -0.251211 0.0839145 -0.0153842
221.009 -0.00634549 0.514571 2.17675 -2.59527 -0.745204 -2.41175 -0.0372955 0.544909 2.24328 -2.59888 -0.744768 -2.38405 -0.03095 0.030338 0.0665258 -0.00360906 0.000435953 0.0277007 0.0793976 1.45508 -0.0880053 0.497476 2.25489 -2.65825 -0.507174 -2.27709 -0.0816598 -0.0170946 0.0781375 -0.0629745 0.23803 0.134657 0.114307 15.016 -1.95986 -0.915057 3.18873 0.00394557 -0.10054 0.971971 -1.46017 -0.107507 1.07812 -0.265668 0.0783327 -0.0149189
221.399 -0.009265 0.510785 2.17818 -2.59604 -0.756677 -2.4192 -0.0391236 0.552847 2.29224 -2.63937 -0.732138 -2.36216 -0.0298586 0.0420619 0.114067 -0.0433303 0.0245386 0.0570375 0.125188 2.79708 -0.0887551 0.495248 2.25645 -2.65734 -0.507059 -2.27632 -0.0794901 -0.0155372 0.0782738 -0.0612954 0.249617 0.142886 0.112636 15.7932 -1.96075 -0.917312 3.19211 0.00261039 -0.10035 0.972382 -1.45922 -0.107021 1.08241 -0.279168 0.0713411 -0.0143838
221.653 -0.0124906 0.506518 2.17961 -2.60019 -0.768862 -2.42649 -0.043006 0.547853 2.28396 -2.6486 -0.755417 -2.3832 -0.0305154 0.0413344 0.104355 -0.048404 0.0134453 0.0432934 0.116317 2.22193 -0.0890625 0.492148 2.25676 -2.65635 -0.506749 -2.27535 -0.0765719 -0.0143708 0.0771557 -0.0561529 0.262113 0.151137 0.109648 16.6464 -1.96176 -0.919587 3.19501 0.00113276 -0.100182 0.972848 -1.45809 -0.106201 1.08653 -0.293233 0.0608781 -0.0132506
221.953 -0.0154614 0.502005 2.18088 -2.60846 -0.78094 -2.43303 -0.0449438 0.529421 2.23168 -2.57516 -0.799254 -2.44384 -0.0294824 0.0274158 0.0508014 0.0333079 -0.0183137 -0.0108088 0.0648199 1.85667 -0.0895195 0.489858 2.25741 -2.65513 -0.506732 -2.27424 -0.0740581 -0.0121475 0.0765251 -0.0466664 0.274208 0.158795 0.107183 17.5183 -1.96293 -0.921815 3.19736 -0.000307821 -0.100142 0.973342 -1.45669 -0.105077 1.09047 -0.306722 0.0468018 -0.011216
222.287 -0.0174804 0.497667 2.18192 -2.62025 -0.792081 -2.43833 -0.0472488 0.517291 2.20088 -2.59195 -0.849246 -2.46021 -0.0297684 0.0196238 0.0189532 0.0282997 -0.0571649 -0.0218801 0.0403791 3.45729 -0.0895044 0.486647 2.2584 -2.6539 -0.507016 -2.27349 -0.072024 -0.0110197 0.0764727 -0.0336517 0.285065 0.164836 0.105627 18.3561 -1.96429 -0.923933 3.19914 -0.00144225 -0.100393 0.973852 -1.45499 -0.103676 1.09422 -0.318555 0.0302074 -0.00831541
222.588 -0.0181908 0.492647 2.18286 -2.63968 -0.8042 -2.44267 -0.0507741 0.528375 2.27314 -2.65863 -0.772472 -2.40155 -0.0325833 0.0357282 0.0902838 -0.0189458 0.0317278 0.0411252 0.102417 2.53111 -0.0874321 0.483307 2.25797 -2.65208 -0.508706 -2.27296 -0.0692413 -0.00933948 0.0751146 -0.0123956 0.295494 0.169716 0.102586 19.3016 -1.96647 -0.92653 3.20064 -0.00231402 -0.101365 0.97453 -1.45231 -0.101429 1.0989 -0.330206 0.00653478 -0.00365055
222.914 -0.0174939 0.488173 2.1835 -2.65546 -0.809927 -2.44303 -0.0507228 0.513128 2.2244 -2.71371 -0.816271 -2.40041 -0.0332289 0.0249549 0.0408956 -0.0582451 -0.00634369 0.0426154 0.058304 2.32204 -0.0858429 0.480815 2.25553 -2.65098 -0.510207 -2.27256 -0.0683491 -0.00735887 0.0720273 0.0044855 0.29972 0.170464 0.0995675 19.8175 -1.96839 -0.928299 3.20117 -0.00261941 -0.101967 0.975008 -1.45006 -0.0995004 1.10217 -0.335046 -0.010053 -0.000327127
223.276 -0.0150579 0.480588 2.18446 -2.6757 -0.812451 -2.43936 -0.0511403 0.511884 2.24443 -2.64119 -0.838772 -2.4326 -0.0360824 0.0312966 0.0599764 0.034514 -0.0263209 0.00676002 0.0766719 2.73137 -0.084346 0.473753 2.25432 -2.65072 -0.511232 -2.27178 -0.0692881 -0.00683515 0.0698621 0.0249835 0.301219 0.167578 0.098632 20.2073 -1.97135 -0.930418 3.20119 -0.00260326 -0.102244 0.975537 -1.44687 -0.0966853 1.10615 -0.335937 -0.0278915 0.00277167
223.567 -0.0118624 0.474882 2.18507 -2.68877 -0.81079 -2.43404 -0.0502196 0.506303 2.24574 -2.67127 -0.817773 -2.44231 -0.0383573 0.0314204 0.0606682 0.0175047 -0.00698236 -0.0082709 0.0783528 0.836031 -0.0812704 0.468468 2.2532 -2.65102 -0.51177 -2.27133 -0.0694081 -0.00641449 0.0681227 0.0377541 0.29902 0.162712 0.0974645 20.2309 -1.97384 -0.931828 3.20072 -0.00212684 -0.102544 0.975802 -1.44437 -0.0944252 1.10882 -0.332331 -0.0372052 0.00368516
223.928 -0.00752045 0.469355 2.18557 -2.69996 -0.806293 -2.42687 -0.0462874 0.498325 2.24515 -2.67789 -0.817045 -2.43818 -0.0387669 0.0289707 0.0595777 0.0220678 -0.0107522 -0.0113092 0.0767573 1.09967 -0.0778261 0.464503 2.25224 -2.65161 -0.51196 -2.27084 -0.0703057 -0.00485184 0.0666703 0.0483417 0.294333 0.15603 0.0970121 20.0446 -1.97652 -0.933099 3.19982 -0.00123148 -0.102996 0.97593 -1.4418 -0.0920574 1.11119 -0.32524 -0.0432132 0.0034209
224.262 -0.00235049 0.46387 2.18598 -2.70962 -0.799418 -2.41837 -0.0409715 0.500252 2.27609 -2.73785 -0.821471 -2.38397 -0.038621 0.036382 0.0901129 -0.0282319 -0.0220529 0.0344011 0.104573 1.86467 -0.0729509 0.461036 2.2518 -2.65212 -0.512289 -2.27078 -0.0706004 -0.00283453 0.0658244 0.0575015 0.287129 0.147592 0.0965676 19.6603 -1.97934 -0.934266 3.19855 -3.14296e-05 -0.103535 0.975914 -1.43913 -0.0896138 1.1133 -0.315341 -0.0466681 0.00227714
224.617 0.00429987 0.456202 2.18647 -2.71993 -0.787233 -2.4061 -0.0355441 0.474111 2.18347 -2.76068 -0.868355 -2.39483 -0.0398439 0.0179095 -0.00300634 -0.0407455 -0.0811227 0.0112656 0.0437873 5.02469 -0.0687826 0.455863 2.2525 -2.65248 -0.512368 -2.27091 -0.0730824 -0.000338591 0.0660317 0.0674574 0.274865 0.135194 0.0984954 18.9424 -1.98324 -0.935737 3.19642 0.00139211 -0.104177 0.975684 -1.43545 -0.0862931 1.11582 -0.299242 -0.0481954 -5.71814e-05
224.951 0.00843704 0.451045 2.18673 -2.72487 -0.776885 -2.39748 -0.0307559 0.482416 2.25785 -2.69688 -0.792456 -2.40343 -0.039193 0.0313711 0.0711178 0.027993 -0.0155701 -0.00594514 0.0870516 1.64687 -0.0657698 0.453134 2.25331 -2.65204 -0.511872 -2.27107 -0.0742068 0.00208903 0.0665818 0.0728324 0.265014 0.126407 0.0997204 18.3418 -1.98619 -0.936831 3.19468 0.00207592 -0.104947 0.975375 -1.43265 -0.0837994 1.11759 -0.286216 -0.0473717 -0.00198742
225.256 0.0122502 0.446009 2.18701 -2.72804 -0.766565 -2.39005 -0.0244589 0.489865 2.31614 -2.74154 -0.760217 -2.35769 -0.0367091 0.0438559 0.129132 -0.0135024 0.00634788 0.0323572 0.141231 1.47803 -0.0619131 0.45092 2.25331 -2.65172 -0.511816 -2.27157 -0.0741633 0.00491109 0.0663036 0.0763149 0.254749 0.118483 0.0996016 17.7029 -1.98914 -0.937962 3.19295 0.00264264 -0.105766 0.974983 -1.42984 -0.0813516 1.11933 -0.27357 -0.0456221 -0.00360675
225.575 0.0171132 0.439117 2.18746 -2.73135 -0.753728 -2.38239 -0.019665 0.464511 2.22413 -2.76916 -0.812599 -2.36867 -0.0367782 0.0253938 0.0366673 -0.0378135 -0.0588706 0.0137181 0.0578098 3.77947 -0.059611 0.449188 2.25557 -2.65159 -0.511813 -2.27257 -0.0767242 0.0100701 0.0681091 0.0797507 0.241915 0.109824 0.103087 16.9226 -1.99302 -0.939595 3.19076 0.00337086 -0.106777 0.974409 -1.4261 -0.078191 1.12175 -0.258322 -0.04367 -0.00462563
225.948 0.020595 0.43356 2.18787 -2.73376 -0.74451 -2.37808 -0.0149642 0.464038 2.25481 -2.7097 -0.793529 -2.39485 -0.0355592 0.0304784 0.066942 0.0240595 -0.0490191 -0.0167686 0.0816983 2.97809 -0.0584448 0.445669 2.25654 -2.6517 -0.511353 -2.27343 -0.0790398 0.0121092 0.068676 0.0820574 0.233156 0.104655 0.105405 16.4147 -1.99586 -0.940963 3.18922 0.00392917 -0.107373 0.973991 -1.42336 -0.0758651 1.12371 -0.24783 -0.0428482 -0.00440049
226.259 0.0232041 0.427732 2.18826 -2.73638 -0.73482 -2.3745 -0.0110526 0.459383 2.26093 -2.75553 -0.75096 -2.3519 -0.0342568 0.0316513 0.0726685 -0.0191485 -0.0161405 0.0226003 0.0863484 1.34668 -0.0578332 0.443269 2.25671 -2.65145 -0.510863 -2.27399 -0.0810374 0.0155375 0.0684519 0.0849319 0.223957 0.100514 0.107211 15.9379 -1.99862 -0.942488 3.18774 0.00419511 -0.107879 0.973621 -1.42074 -0.0735141 1.1258 -0.237375 -0.0427732 -0.00335664
226.832 0.0271292 0.413052 2.18895 -2.74426 -0.707984 -2.36623 -0.00711413 0.445774 2.26199 -2.77003 -0.747075 -2.34452 -0.0342433 0.0327214 0.0730443 -0.0257644 -0.0390914 0.0217178 0.0870561 2.50999 -0.0602915 0.433928 2.25534 -2.65154 -0.509038 -2.27467 -0.0874207 0.0208752 0.0663976 0.0927195 0.198946 0.091563 0.111744 14.7443 -2.00466 -0.946762 3.18407 0.00446253 -0.108754 0.973029 -1.41549 -0.0676216 1.13097 -0.209591 -0.0443477 0.00123245
227.142 0.0281684 0.405825 2.18919 -2.74852 -0.694201 -2.36176 -0.00504214 0.433316 2.23862 -2.71277 -0.719243 -2.37029 -0.0332106 0.027491 0.049431 0.0357508 -0.0250414 -0.00853507 0.0655905 2.27864 -0.0611219 0.430718 2.25539 -2.65188 -0.508263 -2.27474 -0.0892903 0.0248934 0.0662012 0.0966387 0.185938 0.0870128 0.113908 14.1461 -2.00706 -0.94893 3.18229 0.00465671 -0.108783 0.972885 -1.4138 -0.0648343 1.13321 -0.195535 -0.0451149 0.00348664
227.483 0.0283144 0.397911 2.18944 -2.75304 -0.679428 -2.35659 -0.00504293 0.425478 2.23853 -2.71697 -0.716427 -2.36772 -0.0333574 0.0275667 0.0490874 0.0360696 -0.0369991 -0.0111339 0.0654386 2.73438 -0.0616654 0.425836 2.25398 -2.65217 -0.507097 -2.27471 -0.0899799 0.0279246 0.0645358 0.100864 0.172331 0.0818713 0.114197 13.5312 -2.00934 -0.951307 3.18043 0.00470771 -0.108522 0.972791 -1.41253 -0.0618924 1.13547 -0.180626 -0.0457809 0.00553659
227.798 0.0270802 0.386417 2.18985 -2.75951 -0.659484 -2.34891 -0.00314894 0.423431 2.27458 -2.77667 -0.709637 -2.31614 -0.0302292 0.0370141 0.0847293 -0.0171603 -0.0501529 0.0327709 0.0972775 3.22695 -0.0630984 0.417592 2.24987 -2.65247 -0.505147 -2.27445 -0.0901786 0.031175 0.060021 0.107046 0.154337 0.0744589 0.112723 12.7554 -2.01214 -0.954775 3.17793 0.0045599 -0.107704 0.972723 -1.41153 -0.0577939 1.13844 -0.160713 -0.0467999 0.00767309
228.1 0.0251808 0.3774 2.19017 -2.7652 -0.644895 -2.34275 -0.00408299 0.409495 2.25263 -2.74803 -0.656816 -2.35406 -0.0292638 0.0320952 0.0624631 0.0171674 -0.0119209 -0.0113182 0.0760796 1.04005 -0.0669803 0.409749 2.24717 -2.65269 -0.503744 -2.27417 -0.0921611 0.0323494 0.057002 0.112506 0.141151 0.0685717 0.11309 12.2404 -2.01406 -0.95756 3.17596 0.00433661 -0.106851 0.972694 -1.4113 -0.0546126 1.14055 -0.146224 -0.0482898 0.00879697
228.458 0.0230082 0.368993 2.19037 -2.77222 -0.631708 -2.33678 -0.00719278 0.409349 2.31254 -2.78466 -0.602156 -2.31367 -0.030201 0.040356 0.122163 -0.0124393 0.0295521 0.0231072 0.132153 2.00896 -0.0688607 0.404292 2.24573 -2.65275 -0.502496 -2.27398 -0.0918689 0.0352996 0.0553611 0.119468 0.129212 0.0627979 0.112919 11.8741 -2.01581 -0.960454 3.17391 0.00425702 -0.106186 0.972678 -1.41145 -0.0513958 1.14251 -0.132871 -0.0513517 0.00961778
228.802 0.0200213 0.35905 2.19053 -2.784 -0.618046 -2.33002 -0.0089568 0.386339 2.23261 -2.77765 -0.683876 -2.33999 -0.0289781 0.0272885 0.0420753 0.00635122 -0.06583 -0.00996801 0.05792 3.79901 -0.0700388 0.398011 2.24453 -2.6527 -0.501705 -2.27399 -0.0900601 0.0389601 0.0539983 0.131302 0.116341 0.0560358 0.112002 11.7013 -2.01789 -0.964424 3.17117 0.00445631 -0.105641 0.972693 -1.41216 -0.0472027 1.14487 -0.118529 -0.0586784 0.0103945
229.202 0.0171963 0.35313 2.19055 -2.79413 -0.611323 -2.32631 -0.0101591 0.387178 2.28908 -2.81254 -0.636312 -2.30143 -0.0273554 0.0340481 0.0985208 -0.018415 -0.0249889 0.0248812 0.107768 1.85414 -0.0713185 0.394221 2.24245 -2.6523 -0.501671 -2.27407 -0.0885148 0.0410915 0.0518916 0.14183 0.109652 0.052238 0.110527 11.8358 -2.01924 -0.967454 3.16923 0.00452796 -0.105698 0.972745 -1.41301 -0.0442301 1.14648 -0.111064 -0.0667079 0.0108465
229.608 0.0140748 0.348165 2.19058 -2.80539 -0.607802 -2.32384 -0.0141699 0.381446 2.29065 -2.81734 -0.631813 -2.29954 -0.0282447 0.033281 0.100072 -0.0119503 -0.0240105 0.0242938 0.109177 1.78641 -0.0712413 0.393189 2.24065 -2.65142 -0.502201 -2.27427 -0.0853161 0.045024 0.05007 0.153974 0.105602 0.0495695 0.108688 12.1996 -2.02042 -0.970514 3.16748 0.00459302 -0.105976 0.972847 -1.41408 -0.0415021 1.14796 -0.106867 -0.0766399 0.0112808
229.972 0.0103115 0.343755 2.19068 -2.81737 -0.607389 -2.3226 -0.0192944 0.377219 2.30731 -2.84229 -0.562127 -2.2926 -0.0296059 0.0334642 0.116629 -0.0249163 0.0452614 0.0300044 0.124895 3.00127 -0.0715961 0.39191 2.23873 -2.65048 -0.502771 -2.27429 -0.0819075 0.0481548 0.0480546 0.166897 0.104618 0.0483125 0.106475 12.761 -2.02144 -0.973599 3.16599 0.00440478 -0.106263 0.973009 -1.41533 -0.0391031 1.14934 -0.106054 -0.0882619 0.0117919
230.396 0.00427579 0.338204 2.19097 -2.834 -0.610732 -2.32255 -0.022134 0.369314 2.28352 -2.86711 -0.604575 -2.28291 -0.0264098 0.0311105 0.0925561 -0.0331139 0.00615668 0.0396417 0.101153 1.99036 -0.0713367 0.390285 2.23608 -2.64886 -0.503356 -2.27403 -0.0756125 0.0520816 0.0451149 0.185136 0.107375 0.0485159 0.102299 13.7534 -2.0226 -0.977729 3.16438 0.00366272 -0.106421 0.973306 -1.41715 -0.0365285 1.15101 -0.109582 -0.105552 0.0127542
230.82 -0.000823005 0.334176 2.19134 -2.84554 -0.615562 -2.32362 -0.0272397 0.363868 2.29312 -2.85936 -0.594846 -2.30943 -0.0264167 0.0296927 0.101783 -0.0138259 0.0207163 0.0141851 0.109267 1.40165 -0.0712451 0.391855 2.23879 -2.64793 -0.503199 -2.27344 -0.0704221 0.0576796 0.0474493 0.197609 0.112363 0.0501811 0.102653 14.5708 -2.02336 -0.980801 3.16358 0.00275363 -0.106278 0.973575 -1.41862 -0.0351615 1.15216 -0.115181 -0.118358 0.0137691
231.372 -0.0105396 0.326473 2.19243 -2.86508 -0.629511 -2.32823 -0.0392636 0.355946 2.29369 -2.85796 -0.587104 -2.30953 -0.028724 0.0294737 0.101262 0.00712135 0.0424069 0.0186972 0.109305 2.77798 -0.0754366 0.396384 2.25081 -2.64663 -0.503077 -2.27194 -0.064897 0.0699115 0.0583805 0.218454 0.126434 0.0562937 0.111837 16.2061 -2.02496 -0.987603 3.16369 0.001137 -0.105533 0.974234 -1.42236 -0.034006 1.1552 -0.131478 -0.141349 0.0168685
231.741 -0.012355 0.324088 2.19285 -2.87011 -0.63439 -2.33002 -0.0429948 0.348325 2.27674 -2.86659 -0.622475 -2.32827 -0.0306398 0.0242366 0.0838925 0.00351902 0.0119149 0.00174928 0.0925427 0.735419 -0.0755625 0.39838 2.25445 -2.64677 -0.503403 -2.27138 -0.0632075 0.074292 0.0616076 0.223336 0.130987 0.0586386 0.115369 16.6561 -2.02563 -0.990256 3.16475 0.00125757 -0.105125 0.974471 -1.42403 -0.0343842 1.15691 -0.136966 -0.147041 0.0180497
232.326 -0.0148195 0.319826 2.19332 -2.87434 -0.635819 -2.33014 -0.0469746 0.344372 2.2769 -2.86686 -0.619495 -2.32796 -0.0321551 0.0245453 0.0835805 0.00747725 0.0163244 0.00218349 0.0928554 1.06643 -0.0763669 0.394567 2.25516 -2.64771 -0.503259 -2.26954 -0.0615475 0.074741 0.0618473 0.22663 0.13256 0.0606062 0.114889 16.9327 -2.02711 -0.995662 3.16901 0.00162678 -0.103704 0.974752 -1.42785 -0.0371174 1.16173 -0.139371 -0.150219 0.0188254
232.624 -0.015705 0.319794 2.19317 -2.87208 -0.632059 -2.32853 -0.0474589 0.336493 2.25097 -2.88727 -0.657767 -2.31718 -0.0317538 0.0166993 0.0577986 -0.0151957 -0.0257075 0.011347 0.0680283 1.63399 -0.0768711 0.394994 2.25519 -2.64754 -0.503155 -2.26911 -0.061166 0.0751995 0.062026 0.224535 0.128904 0.0594155 0.11508 16.6879 -2.02768 -0.997601 3.17129 0.00158412 -0.103436 0.974712 -1.42947 -0.0390179 1.16382 -0.135538 -0.146943 0.0181142
232.958 -0.0161645 0.321033 2.19279 -2.86769 -0.626057 -2.32609 -0.0496809 0.346262 2.30906 -2.92967 -0.613119 -2.28146 -0.0335164 0.025229 0.116277 -0.0619819 0.0129373 0.0446329 0.123613 3.02517 -0.077739 0.395102 2.25549 -2.64664 -0.503378 -2.26905 -0.0615745 0.0740696 0.0627034 0.221054 0.122679 0.0570455 0.114932 16.2664 -2.0282 -0.999302 3.17367 0.00161051 -0.103474 0.974555 -1.43109 -0.0412911 1.16578 -0.129026 -0.141209 0.0168894
233.318 -0.0157 0.324176 2.19209 -2.86208 -0.618416 -2.32303 -0.0494189 0.3404 2.25082 -2.88216 -0.659453 -2.31937 -0.033719 0.0162239 0.0587319 -0.0200857 -0.0410374 0.00366033 0.0696392 2.5707 -0.0770205 0.39605 2.25666 -2.64549 -0.504248 -2.2696 -0.0613205 0.0718737 0.0645749 0.216587 0.114168 0.0534303 0.114438 15.6977 -2.02869 -1.00078 3.17605 0.001961 -0.104149 0.974289 -1.43267 -0.0438619 1.16759 -0.120075 -0.134015 0.0153243
233.652 -0.0142888 0.329526 2.19084 -2.85446 -0.605878 -2.31786 -0.0496292 0.345036 2.26197 -2.83465 -0.674766 -2.33573 -0.0353404 0.0155095 0.0711371 0.0198134 -0.0688883 -0.0178739 0.0809319 4.06525 -0.0754839 0.397475 2.25895 -2.6438 -0.50546 -2.27056 -0.0611951 0.067949 0.0681151 0.210655 0.100418 0.0472962 0.114024 14.8491 -2.02933 -1.0025 3.17909 0.00265644 -0.105359 0.973807 -1.4347 -0.0476189 1.1698 -0.10522 -0.12368 0.0129722
234.065 -0.0132562 0.333723 2.18976 -2.84917 -0.595372 -2.3134 -0.0472427 0.353736 2.29238 -2.84979 -0.584046 -2.31195 -0.0339865 0.0200126 0.10262 -0.000624372 0.0113265 0.00144148 0.109938 0.652521 -0.0744793 0.398967 2.26035 -2.64229 -0.505881 -2.27135 -0.0612231 0.065244 0.0705887 0.20688 0.0894915 0.0420448 0.113964 14.2258 -2.02981 -1.00367 3.18125 0.00308761 -0.106273 0.973381 -1.43614 -0.0505962 1.17135 -0.0929372 -0.116126 0.011164
234.384 -0.012622 0.337307 2.18869 -2.84462 -0.584558 -2.30863 -0.0460855 0.357541 2.28475 -2.86187 -0.590636 -2.28433 -0.0334635 0.0202342 0.0960588 -0.0172481 -0.00607828 0.0243059 0.103714 1.2294 -0.0727792 0.399703 2.2619 -2.64127 -0.506003 -2.27212 -0.0601572 0.0623964 0.0732149 0.203351 0.0785544 0.0365179 0.113458 13.6234 -2.03032 -1.00481 3.18333 0.00328577 -0.106907 0.972936 -1.43753 -0.0536383 1.17283 -0.0806728 -0.109217 0.00939678

234.669 -0.0125561 0.340438 2.1875 -2.84035 -0.571166 -2.30238 -0.0460867 0.361546 2.28484 -2.85999 -0.59213 -2.28527 -0.0335306 0.0211085 0.0973325 -0.0196399 -0.0209642 0.0171084 0.105088 1.56773 -0.070498 0.402719 2.26315 -2.63969 -0.505194 -2.27357 -0.0579419 0.0622814 0.0756462 0.200661 0.0659719 0.0288038 0.113836 12.9843 -2.03107 -1.00636 3.186 0.00314348 -0.107085 0.972361 -1.43929 -0.0577012 1.17477 -0.0659974 -0.101806 0.00715215
234.958 -0.0122892 0.337881 2.18725 -2.84052 -0.562451 -2.29674 -0.046088 0.365552 2.28493 -2.85811 -0.593625 -2.28622 -0.0337988 0.0276708 0.0976836 -0.0175937 -0.031174 0.0105204 0.107005 1.97635 -0.0685541 0.399646 2.2647 -2.6405 -0.503697 -2.27322 -0.0562649 0.0617654 0.0774517 0.200016 0.0587538 0.0235148 0.113927 12.6543 -2.0317 -1.00755 3.18804 0.00266565 -0.105115 0.972785 -1.44049 -0.0607402 1.17626 -0.0580414 -0.0983832 0.00558612
235.26 -0.00197913 0.314325 2.18964 -2.85216 -0.554411 -2.28329 -0.046088 0.365552 2.28493 -2.85811 -0.593625 -2.28622 -0.0441089 0.0512271 0.0952871 -0.00595324 -0.039214 -0.00292553 0.116831 2.29234 -0.0567532 0.372298 2.26981 -2.65205 -0.498776 -2.26487 -0.054774 0.0579735 0.0801659 0.200111 0.0556345 0.0184262 0.113083 12.4445 -2.03233 -1.00868 3.19058 0.00416018 -0.0938948 0.978594 -1.44168 -0.0638281 1.17812 -0.0546838 -0.095813 0.00402221
235.504 0.0233658 0.282158 2.19211 -2.88151 -0.547174 -2.25312 -0.0363366 0.332669 2.23862 -2.82663 -0.600779 -2.29665 -0.0597024 0.0505108 0.0465138 0.0548883 -0.0536051 -0.0435371 0.0909903 4.12559 -0.0312108 0.335722 2.27733 -2.6662 -0.507551 -2.25865 -0.0545766 0.0535636 0.0852237 0.215311 0.0396222 -0.00553383 0.114502 12.3889 -2.03262 -1.0096 3.19424 0.00700908 -0.0787393 0.995468 -1.44277 -0.0673517 1.18127 -0.0496925 -0.0998028 7.3583e-05
235.827 0.0444271 0.263443 2.19279 -2.90911 -0.543552 -2.21996 -0.0141938 0.312256 2.29638 -2.88307 -0.543837 -2.25109 -0.0586209 0.0488131 0.103594 0.0260387 -0.000285016 -0.0311256 0.12865 1.62895 -0.00984519 0.313356 2.28181 -2.67045 -0.524782 -2.26694 -0.0542723 0.0499131 0.0890272 0.238658 0.0187705 -0.0469822 0.115597 12.5647 -2.03198 -1.00949 3.19709 0.00714824 -0.0695107 1.01417 -1.44329 -0.0693741 1.18372 -0.0443382 -0.106404 -0.00664527
236.137 0.0679789 0.252048 2.19242 -2.93819 -0.541631 -2.17886 0.00892617 0.288117 2.29567 -2.89171 -0.501684 -2.20043 -0.0590527 0.0360689 0.103256 0.046477 0.0399461 -0.0215706 0.124298 3.25197 0.0124792 0.298783 2.28631 -2.67773 -0.531981 -2.2617 -0.0554997 0.0467353 0.0938927 0.260457 0.00965005 -0.0828432 0.11866 13.1526 -2.03032 -1.00842 3.20003 0.00659823 -0.062993 1.03707 -1.44374 -0.0706934 1.18596 -0.0370426 -0.112816 -0.017
236.482 0.0935463 0.243792 2.19132 -2.96805 -0.538548 -2.13139 0.0362478 0.268042 2.25406 -2.92101 -0.615717 -2.17964 -0.0572985 0.0242493 0.0627391 0.0470408 -0.0771687 -0.0482451 0.0883592 5.12973 0.0369155 0.286017 2.29139 -2.67883 -0.534598 -2.26785 -0.0566307 0.0422245 0.100072 0.289225 0.0039497 -0.136456 0.122492 14.2482 -2.0275 -1.00619 3.20306 0.00557392 -0.0571921 1.06355 -1.44417 -0.071124 1.18795 -0.0274858 -0.117648 -0.0293827
236.835 0.130495 0.237514 2.18873 -3.00546 -0.530794 -2.06501 0.0643025 0.260988 2.2691 -2.94655 -0.513089 -2.13404 -0.0661927 0.0234742 0.080366 0.0589109 0.0177044 -0.0690279 0.10673 3.84043 0.0733584 0.272227 2.29334 -2.68429 -0.533836 -2.26258 -0.0571368 0.0347134 0.104605 0.321167 -0.00304212 -0.197569 0.124144 15.9539 -2.02178 -1.00114 3.20728 0.00413212 -0.0503459 1.10333 -1.44479 -0.0700032 1.1902 -0.0111807 -0.120604 -0.044462
237.187 0.158899 0.235729 2.18605 -3.02931 -0.521549 -2.01765 0.0947489 0.253637 2.23934 -2.9833 -0.521933 -2.07539 -0.0641497 0.0179084 0.0532935 0.0460016 -0.000384201 -0.0577455 0.0853 3.03319 0.10185 0.263396 2.29318 -2.68983 -0.533764 -2.25324 -0.0570491 0.027667 0.10713 0.33948 -0.0122154 -0.235599 0.124486 17.1849 -2.01592 -0.995593 3.21059 0.00282097 -0.0455358 1.13586 -1.4453 -0.0676692 1.19154 0.00277362 -0.120133 -0.0511617
237.575 0.1965 0.236135 2.18177 -3.05221 -0.505059 -1.96231 0.127843 0.252325 2.25374 -3.02105 -0.532343 -2.00873 -0.0686571 0.0161898 0.0719705 0.0311608 -0.0272845 -0.0464223 0.100775 2.82785 0.138591 0.250684 2.29123 -2.69313 -0.53132 -2.24831 -0.0579088 0.0145492 0.109459 0.359074 -0.0262608 -0.286001 0.124685 18.9172 -2.00595 -0.985575 3.21518 0.000631214 -0.0389492 1.18226 -1.4462 -0.0622377 1.1927 0.0225023 -0.11499 -0.0505288
237.926 0.222968 0.241667 2.17808 -3.06046 -0.491835 -1.92827 0.159099 0.251389 2.23673 -3.0516 -0.538272 -1.97545 -0.0638684 0.00972188 0.0586413 0.00885724 -0.0464369 -0.0471858 0.0872496 3.64594 0.163582 0.243322 2.28863 -2.68891 -0.527042 -2.25802 -0.0593851 0.00165505 0.110546 0.371547 -0.0352067 -0.329749 0.125498 20.4616 -1.99684 -0.975913 3.21876 -0.00154144 -0.0352715 1.21878 -1.44721 -0.0561914 1.19295 0.0371864 -0.107003 -0.0422237
238.251 0.247173 0.249577 2.17429 -3.06166 -0.477853 -1.89979 0.188231 0.25369 2.22248 -3.04633 -0.49867 -1.93784 -0.058942 0.0041127 0.04819 0.015339 -0.0208163 -0.0380492 0.0762453 2.26935 0.189476 0.240533 2.28605 -2.69249 -0.526372 -2.24928 -0.0576977 -0.00904418 0.111758 0.369179 -0.0485191 -0.349492 0.126098 21.0884 -1.98635 -0.964281 3.22234 -0.00421723 -0.0318472 1.25649 -1.44862 -0.0482353 1.19262 0.0514716 -0.0954277 -0.0279357
238.632 0.270043 0.260659 2.17014 -3.05758 -0.463706 -1.8747 0.220013 0.266644 2.24975 -3.07449 -0.50901 -1.89674 -0.0500295 0.00598491 0.0796065 -0.0169151 -0.045304 -0.0220436 0.0942123 3.22744 0.21141 0.235896 2.2841 -2.68721 -0.519381 -2.26093 -0.0586332 -0.0247629 0.113957 0.370373 -0.0556754 -0.386232 0.130526 22.4113 -1.97458 -0.95058 3.22579 -0.00688457 -0.0291012 1.29508 -1.45056 -0.0381181 1.1917 0.0658357 -0.0805097 -0.00911504
238.956 0.296434 0.281091 2.16434 -3.04597 -0.445509 -1.8453 0.244438 0.277015 2.23801 -2.98981 -0.442444 -1.88485 -0.0519956 -0.00407551 0.0736785 0.0561695 0.00306561 -0.0395524 0.09027 3.0426 0.240206 0.240604 2.28089 -2.68698 -0.514596 -2.25836 -0.0562279 -0.0404861 0.116552 0.358994 -0.0690861 -0.413063 0.135591 23.3242 -1.95706 -0.928995 3.22984 -0.010539 -0.0274188 1.3471 -1.45407 -0.0208856 1.1895 0.0852922 -0.0573727 0.0200095
239.24 0.31201 0.29748 2.16006 -3.03567 -0.431673 -1.82339 0.27324 0.299419 2.26627 -3.04663 -0.388969 -1.84588 -0.0387694 0.00193852 0.10621 -0.0109573 0.0427048 -0.0224937 0.113082 2.94743 0.257783 0.244876 2.27865 -2.68914 -0.513358 -2.24953 -0.0542266 -0.0526041 0.118587 0.346524 -0.0816848 -0.426139 0.140608 23.7819 -1.94272 -0.910296 3.23227 -0.0139077 -0.0263945 1.3863 -1.45748 -0.00486966 1.1872 0.100061 -0.0391835 0.0427729
239.395 0.324647 0.316659 2.15566 -3.02529 -0.419365 -1.80118 0.286491 0.31198 2.22245 -2.97809 -0.435493 -1.81669 -0.0381563 -0.00467885 0.0667845 0.0471985 -0.0161271 -0.0155136 0.0770582 2.63893 0.27165 0.249549 2.27916 -2.68312 -0.50475 -2.25927 -0.0529973 -0.0671097 0.123493 0.342172 -0.085385 -0.458089 0.150209 25.144 -1.92753 -0.889445 3.23408 -0.0172138 -0.0267685 1.42515 -1.46169 0.0140061 1.18439 0.114684 -0.0210485 0.0650435
239.529 0.336796 0.343597 2.14992 -3.01331 -0.406383 -1.77121 0.302571 0.33491 2.22014 -3.05686 -0.471103 -1.79349 -0.034225 -0.00868691 0.0702189 -0.0435457 -0.0647201 -0.0222835 0.0785971 4.93046 0.286443 0.265227 2.27718 -2.68236 -0.500422 -2.25339 -0.0503532 -0.0783696 0.127262 0.330952 -0.0940385 -0.48218 0.157711 26.1969 -1.90626 -0.858375 3.23557 -0.0214212 -0.0285169 1.47568 -1.46865 0.043839 1.18 0.132167 0.00166124 0.0931822
239.679 0.34216 0.364546 2.14635 -3.0046 -0.401595 -1.75054 0.309888 0.353384 2.19647 -3.07243 -0.480959 -1.76949 -0.0322719 -0.0111626 0.0501149 -0.0678314 -0.0793636 -0.0189464 0.0606431 6.36834 0.298403 0.280891 2.27276 -2.68227 -0.498589 -2.24704 -0.0437573 -0.0836556 0.126408 0.322324 -0.0969934 -0.496494 0.157772 26.7826 -1.88978 -0.832721 3.23618 -0.0242379 -0.0311921 1.5119 -1.47503 0.0697344 1.17634 0.141256 0.0173677 0.113348
240.003 0.338712 0.411563 2.14136 -2.98341 -0.416673 -1.71619 0.310539 0.396238 2.14007 -3.0521 -0.110871 -1.74855 -0.028173 -0.0153251 -0.00128317 -0.0686889 0.305801 -0.0323631 0.0320971 18.1546 0.303363 0.31351 2.27244 -2.67247 -0.482733 -2.25014 -0.0353484 -0.0980538 0.13108 0.310939 -0.0660602 -0.53395 0.16747 28.056 -1.85058 -0.765846 3.23649 -0.0315602 -0.0402376 1.58841 -1.49415 0.14147 1.16677 0.137841 0.0478748 0.161605
240.163 0.330581 0.426819 2.14161 -2.97337 -0.43552 -1.71103 0.312557 0.422478 2.15996 -2.99365 -0.161492 -1.72425 -0.018024 -0.0043417 0.0183524 -0.0202743 0.274028 -0.013221 0.0260868 15.7778 0.301354 0.331116 2.27187 -2.67101 -0.479798 -2.2444 -0.0292267 -0.0957036 0.130259 0.302364 -0.044278 -0.533376 0.164259 27.6886 -1.83388 -0.734566 3.2363 -0.03523 -0.0438078 1.61751 -1.50413 0.176754 1.16244 0.122715 0.0568151 0.184641
240.303 0.319645 0.440542 2.14305 -2.96215 -0.462993 -1.71329 0.30525 0.439804 2.16179 -2.99941 -0.182183 -1.72457 -0.0143958 -0.000737512 0.0187414 -0.0372579 0.28081 -0.0112772 0.0236437 16.269 0.295651 0.338371 2.27989 -2.66715 -0.471859 -2.24636 -0.0239947 -0.10217 0.136841 0.295 -0.00886608 -0.53307 0.172453 27.3526 -1.81749 -0.701924 3.23609 -0.0388736 -0.0479689 1.64428 -1.51514 0.214527 1.1582 0.0988302 0.0631259 0.20981
240.395 0.310812 0.448028 2.1447 -2.9535 -0.485189 -1.71886 0.291853 0.452812 2.15293 -2.90334 -0.323157 -1.72637 -0.0189596 0.00478399 0.00823678 0.0501585 0.162032 -0.00750257 0.0212178 9.67678 0.29045 0.350454 2.27946 -2.66826 -0.473049 -2.23777 -0.0203621 -0.0975744 0.134764 0.285246 0.0121405 -0.518904 0.167621 26.4344 -1.80683 -0.679481 3.23595 -0.0413958 -0.050602 1.66091 -1.52306 0.241006 1.15551 0.0784639 0.0662719 0.227865
240.571 0.285399 0.46016 2.15114 -2.92613 -0.55051 -1.74704 0.276916 0.464271 2.1538 -2.89853 -0.332048 -1.72813 -0.00848223 0.0041113 0.00266148 0.0276016 0.218462 0.018911 0.00979462 12.7201 0.274628 0.367793 2.28635 -2.66652 -0.465757 -2.23333 -0.0107705 -0.0923675 0.13521 0.259614 0.0847531 -0.486282 0.164102 24.7748 -1.78152 -0.621282 3.23563 -0.0475938 -0.0565879 1.69859 -1.5448 0.311345 1.14955 0.0154111 0.07217 0.277108
240.849 0.253331 0.465703 2.16074 -2.88293 -0.636354 -1.8037 0.249321 0.487885 2.21956 -2.90111 -0.578966 -1.79008 -0.0040093 0.0221821 0.0588258 -0.0181799 0.0573876 0.0136154 0.0629968 3.40237 0.245403 0.381919 2.29541 -2.66494 -0.455594 -2.22924 -0.00792732 -0.0837835 0.134667 0.217986 0.18076 -0.425543 0.158801 23.1796 -1.75468 -0.548135 3.23475 -0.0535963 -0.0635327 1.73682 -1.57425 0.402567 1.1444 -0.0717963 0.0773347 0.341088
241.001 0.232564 0.462597 2.16822 -2.85143 -0.691245 -1.85197 0.231661 0.491638 2.2368 -2.91467 -0.640936 -1.80034 -0.000903053 0.0290407 0.0685772 -0.063241 0.0503088 0.0516268 0.0744783 4.11514 0.231759 0.388539 2.29412 -2.66589 -0.452055 -2.2225 -0.000804966 -0.0740577 0.125903 0.185544 0.23919 -0.370529 0.146071 22.4309 -1.73952 -0.497759 3.23331 -0.0566513 -0.0676397 1.75855 -1.59546 0.466765 1.14231 -0.129236 0.0774641 0.383999
241.45 0.192704 0.442323 2.1839 -2.78655 -0.797591 -1.97078 0.182169 0.475886 2.24113 -2.80394 -0.757573 -1.90556 -0.0105351 0.0335627 0.0572331 -0.0173915 0.040018 0.0652177 0.0671794 3.87121 0.19069 0.38569 2.28406 -2.66907 -0.443024 -2.21227 -0.00201473 -0.0566333 0.100163 0.117475 0.354568 -0.241492 0.115083 23.1947 -1.71332 -0.367568 3.22517 -0.0599806 -0.0764229 1.80352 -1.65233 0.634621 1.14022 -0.246146 0.0659981 0.480679
241.59 0.186052 0.437016 2.18719 -2.77075 -0.821597 -2.00098 0.167072 0.460668 2.21057 -2.7895 -0.842914 -1.95504 -0.0189804 0.0236519 0.0233829 -0.0187495 -0.0213168 0.0459426 0.038294 2.3222 0.178135 0.385356 2.28038 -2.66794 -0.442194 -2.21604 -0.00791668 -0.0516592 0.0931852 0.102803 0.379403 -0.215059 0.10684 23.8849 -1.70902 -0.327548 3.22161 -0.0593064 -0.0798598 1.81519 -1.67025 0.685712 1.1399 -0.271698 0.0627243 0.504804
241.735 0.181282 0.432424 2.18992 -2.75642 -0.842024 -2.02744 0.160465 0.459026 2.24012 -2.78525 -0.857 -1.99908 -0.0208171 0.0266017 0.0502044 -0.0288308 -0.0149764 0.0283641 0.0605102 1.44021 0.167009 0.388482 2.27626 -2.66683 -0.442038 -2.21859 -0.014273 -0.0439419 0.0863354 0.0895851 0.399986 -0.19115 0.0979205 24.53 -1.70639 -0.287187 3.21774 -0.0581802 -0.083501 1.82618 -1.68845 0.736574 1.13958 -0.292822 0.0603422 0.526247
241.874 0.177802 0.430567 2.19164 -2.74295 -0.859768 -2.05051 0.155028 0.457323 2.26061 -2.72914 -0.876885 -2.04658 -0.0227745 0.0267556 0.0689721 0.013813 -0.0171169 0.00392833 0.077406 1.38225 0.160211 0.388374 2.2759 -2.66513 -0.441288 -2.22036 -0.0175913 -0.0421935 0.0842621 0.0778233 0.41848 -0.169858 0.0958637 25.1962 -1.70538 -0.246566 3.2138 -0.0568669 -0.0878911 1.83649 -1.70683 0.786904 1.13927 -0.310083 0.0588605 0.545216
242.053 0.174283 0.430152 2.19367 -2.72504 -0.879699 -2.07791 0.151055 0.453296 2.26023 -2.72749 -0.874244 -2.0474 -0.0232285 0.0231435 0.0665552 -0.00245016 0.00545467 0.0305108 0.0741942 1.67211 0.149628 0.391927 2.27258 -2.66368 -0.44282 -2.22005 -0.0246552 -0.0382259 0.0789032 0.0613621 0.436879 -0.142141 0.0910758 25.8561 -1.70642 -0.192189 3.20876 -0.0551871 -0.0943732 1.84941 -1.7315 0.852704 1.13892 -0.328035 0.0583896 0.567413
242.619 0.186713 0.374415 2.20022 -2.75539 -0.860367 -2.07639 0.147806 0.45866 2.28684 -2.71824 -0.890865 -2.09715 -0.038907 0.0842451 0.0866278 0.0371569 -0.030498 -0.0207588 0.126946 2.26071 0.151659 0.342114 2.27928 -2.68276 -0.432751 -2.21659 -0.0350536 -0.0323006 0.0790607 0.07263 0.427616 -0.140198 0.0923183 25.3035 -1.71252 -0.110865 3.19676 -0.0455623 -0.0795467 1.86573 -1.76869 0.94982 1.13627 -0.320424 0.0463421 0.599596
243.218 0.180187 0.384316 2.19378 -2.81056 -0.803088 -2.05241 0.163374 0.378847 2.24039 -2.78695 -0.830937 -2.06757 -0.0168127 -0.00546901 0.046614 0.0236091 -0.0278489 -0.0151552 0.0498542 1.84843 0.132544 0.374378 2.27476 -2.6746 -0.44636 -2.22096 -0.0476427 -0.00993845 0.080982 0.135958 0.356728 -0.168544 0.0944811 21.9431 -1.7254 -0.0142259 3.17605 -0.0475542 -0.0934461 1.88774 -1.81238 1.06216 1.12929 -0.248097 0.0056627 0.637031
244.174 0.19432 0.406623 2.18825 -2.81872 -0.794547 -2.04514 0.155858 0.436864 2.2878 -2.8156 -0.785356 -2.03732 -0.0384622 0.0302408 0.0995429 0.00311595 0.00919114 0.00781598 0.110917 0.789319 0.131771 0.404161 2.27753 -2.66806 -0.465988 -2.23273 -0.0625484 -0.00246254 0.089278 0.150654 0.328559 -0.18759 0.109036 20.8017 -1.75479 0.123541 3.1724 -0.0510427 -0.104948 1.93587 -1.87384 1.20446 1.13076 -0.228546 -0.0045953 0.683511
244.548 0.208157 0.402838 2.18765 -2.82724 -0.794375 -2.03636 0.163305 0.427538 2.23919 -2.78688 -0.807106 -2.05558 -0.0448524 0.0247004 0.051542 0.0403584 -0.0127307 -0.019222 0.0726527 1.85351 0.141882 0.39296 2.28109 -2.6682 -0.466797 -2.2391 -0.066275 -0.00987802 0.0934466 0.159037 0.327578 -0.202739 0.114988 21.0409 -1.76583 0.1636 3.17403 -0.0506452 -0.101994 1.9548 -1.89213 1.24385 1.13257 -0.229112 -0.0068177 0.697376
244.85 0.223454 0.40321 2.18607 -2.83854 -0.794807 -2.02405 0.179053 0.423882 2.24053 -2.79915 -0.808341 -2.04827 -0.0444008 0.0206715 0.0544648 0.0393848 -0.0135345 -0.0242256 0.0732472 1.76614 0.152192 0.393717 2.27811 -2.67016 -0.469813 -2.23818 -0.0712618 -0.00949297 0.092044 0.16838 0.324994 -0.214138 0.116792 21.1527 -1.77779 0.203168 3.17614 -0.0506427 -0.100134 1.97559 -1.91052 1.28196 1.13455 -0.228607 -0.0105876 0.71062
245.13 0.245335 0.403203 2.18337 -2.86094 -0.792731 -1.99954 0.199222 0.429516 2.27016 -2.88471 -0.818393 -1.99775 -0.0461133 0.0263126 0.0867885 -0.0237639 -0.0256625 0.00179284 0.10174 1.95565 0.169706 0.397521 2.27081 -2.67139 -0.473629 -2.24047 -0.075629 -0.00568181 0.0874395 0.189557 0.319102 -0.240924 0.115748 21.4853 -1.79503 0.25527 3.1794 -0.0514129 -0.0962311 2.00604 -1.9353 1.33086 1.13725 -0.225424 -0.0185489 0.726716
245.425 0.263508 0.404733 2.1805 -2.88298 -0.789379 -1.97555 0.219888 0.432002 2.28849 -2.8358 -0.770677 -2.00263 -0.0436202 0.0272695 0.107992 0.0471755 0.0187028 -0.0270782 0.119619 2.22757 0.184186 0.396757 2.26477 -2.67456 -0.475146 -2.23662 -0.0793216 -0.00797574 0.0842731 0.208418 0.314233 -0.261066 0.116006 21.7937 -1.8089 0.293932 3.182 -0.0520403 -0.0930663 2.0308 -1.95422 1.36614 1.13914 -0.220596 -0.0265185 0.737609
245.679 0.283116 0.407112 2.17696 -2.90865 -0.783821 -1.94795 0.239144 0.43293 2.27245 -2.89049 -0.800999 -1.97268 -0.0439718 0.0258178 0.0954904 0.0181533 -0.017178 -0.0247332 0.108252 1.39998 0.194594 0.392405 2.26077 -2.67221 -0.470622 -2.24359 -0.0885218 -0.0147075 0.0838071 0.236434 0.313199 -0.295648 0.122785 22.7444 -1.82353 0.332323 3.18458 -0.0524927 -0.0895785 2.05697 -1.97357 1.40029 1.1408 -0.213455 -0.0357747 0.747987
245.901 0.310017 0.413689 2.17093 -2.94564 -0.77258 -1.90869 0.259761 0.430263 2.25336 -2.92826 -0.802266 -1.93103 -0.0502561 0.0165743 0.0824326 0.0173792 -0.0296859 -0.0223363 0.0979567 1.92783 0.216739 0.400712 2.24973 -2.67352 -0.469275 -2.24257 -0.0932785 -0.0129769 0.0788031 0.272121 0.303304 -0.333875 0.122797 23.5904 -1.84417 0.383193 3.18781 -0.0530404 -0.0853587 2.09353 -2.00029 1.44419 1.14248 -0.19979 -0.0496033 0.7622
246.64 0.346958 0.429661 2.16006 -2.99629 -0.747633 -1.8533 0.305155 0.441867 2.23251 -2.954 -0.788759 -1.87609 -0.0418038 0.0122056 0.0724439 0.0422943 -0.041126 -0.0227884 0.084526 2.95486 0.245375 0.403969 2.24082 -2.67326 -0.465238 -2.24334 -0.101583 -0.0256924 0.0807524 0.323031 0.282395 -0.390042 0.132288 24.9446 -1.87739 0.459046 3.1924 -0.054815 -0.0797228 2.15048 -2.04316 1.50668 1.14393 -0.172329 -0.0688986 0.786935
247.629 0.393089 0.467641 2.14124 -3.04322 -0.700128 -1.78459 0.353612 0.473649 2.19464 -3.05303 -0.776541 -1.79559 -0.0394773 0.00600767 0.0534011 -0.00981004 -0.0764127 -0.0110001 0.06668 4.51197 0.280035 0.418869 2.23706 -2.6744 -0.465024 -2.24511 -0.113054 -0.0487718 0.0958193 0.368819 0.235104 -0.460521 0.156017 26.4302 -1.9385 0.584363 3.20165 -0.0607404 -0.0713126 2.24977 -2.12538 1.60203 1.14459 -0.124932 -0.0812374 0.841816
248.017 0.405466 0.480638 2.1357 -3.04987 -0.68889 -1.76891 0.367948 0.486642 2.18828 -3.02818 -0.696868 -1.78485 -0.0375176 0.00600409 0.0525824 0.0216947 -0.00797849 -0.0159441 0.0648732 1.0668 0.290752 0.42737 2.23703 -2.679 -0.466503 -2.23866 -0.114714 -0.0532674 0.101334 0.370866 0.222387 -0.469753 0.162066 26.4902 -1.95828 0.621589 3.2051 -0.0618725 -0.0690822 2.28065 -2.1533 1.62862 1.14462 -0.114149 -0.0799436 0.861403
248.346 0.420845 0.500364 2.12807 -3.05777 -0.680264 -1.75089 0.38388 0.502789 2.19201 -3.04032 -0.705286 -1.77948 -0.0369645 0.00242488 0.0639399 0.0174449 -0.025022 -0.0285888 0.0738956 1.90947 0.304575 0.438732 2.23568 -2.67962 -0.462679 -2.24466 -0.116269 -0.0616323 0.107614 0.378141 0.217585 -0.493768 0.169993 27.3704 -1.9857 0.670919 3.21021 -0.0626594 -0.067158 2.32201 -2.19303 1.66283 1.1447 -0.105289 -0.0784048 0.889367
248.67 0.429732 0.511657 2.1236 -3.06435 -0.676667 -1.73855 0.397818 0.519119 2.18419 -3.01351 -0.691331 -1.77278 -0.0319144 0.00746277 0.0605856 0.050839 -0.014664 -0.0342309 0.0688828 2.41168 0.310812 0.441827 2.2342 -2.6823 -0.461436 -2.24412 -0.11892 -0.06983 0.110598 0.382046 0.215231 -0.505571 0.176777 27.81 -2.00699 0.707657 3.21433 -0.063601 -0.0642269 2.35315 -2.22478 1.68766 1.14478 -0.103235 -0.0787611 0.911316
249.019 0.436935 0.521478 2.1198 -3.07285 -0.675567 -1.72652 0.407384 0.532818 2.17392 -2.9863 -0.677486 -1.76661 -0.0295507 0.0113396 0.0541152 0.0865487 -0.00191941 -0.0400889 0.062692 3.95141 0.320302 0.446994 2.23017 -2.68725 -0.461644 -2.23715 -0.116633 -0.0744845 0.110369 0.385603 0.213923 -0.510628 0.17701 28.005 -2.02894 0.744179 3.21841 -0.0646154 -0.0608825 2.38451 -2.25831 1.71192 1.1448 -0.104176 -0.0812822 0.93372
249.34 0.444399 0.533256 2.11541 -3.08859 -0.677551 -1.71014 0.423853 0.553455 2.21062 -3.07415 -0.660793 -1.72814 -0.0205457 0.0201996 0.0952146 0.0144475 0.016758 -0.0179998 0.0994784 1.26949 0.330278 0.454237 2.2261 -2.69031 -0.459555 -2.23471 -0.114121 -0.0790188 0.110695 0.398282 0.217996 -0.524571 0.177541 28.7405 -2.05928 0.792565 3.22346 -0.0659037 -0.0563848 2.42655 -2.3059 1.74352 1.14457 -0.108971 -0.0888689 0.963831
249.652 0.448372 0.539942 2.11288 -3.10366 -0.680741 -1.697 0.432067 0.565694 2.21318 -3.08151 -0.666912 -1.72529 -0.0163049 0.0257518 0.100298 0.0221524 0.0138293 -0.0282919 0.104827 1.5162 0.330467 0.449713 2.22785 -2.68863 -0.454447 -2.24181 -0.117905 -0.0902284 0.114974 0.415031 0.226294 -0.544819 0.187782 29.862 -2.08293 0.82864 3.22683 -0.0669284 -0.0524902 2.45829 -2.34384 1.76672 1.14415 -0.114809 -0.0974269 0.986349
249.95 0.450496 0.549318 2.11023 -3.11988 -0.686955 -1.68371 0.431134 0.567701 2.18394 -3.07874 -0.709715 -1.69498 -0.019362 0.0183836 0.0737064 0.041136 -0.0227599 -0.0112734 0.0783931 2.39065 0.335402 0.454041 2.22385 -2.69164 -0.454775 -2.23354 -0.115094 -0.0952762 0.113618 0.428238 0.23218 -0.549829 0.187705 30.2718 -2.10744 0.864536 3.2298 -0.0682052 -0.0503619 2.49018 -2.38379 1.78949 1.14348 -0.121978 -0.107487 1.00883
250.342 0.45136 0.557107 2.10818 -3.13711 -0.694094 -1.66999 0.429875 0.571802 2.1633 -3.11824 -0.667083 -1.67507 -0.021485 0.0146952 0.0551239 0.0188673 0.0270107 -0.00507787 0.0609606 1.80342 0.336302 0.450257 2.22214 -2.68944 -0.450283 -2.2367 -0.115059 -0.106849 0.113965 0.447673 0.243811 -0.566713 0.194019 31.3432 -2.13284 0.900222 3.23231 -0.0695779 -0.0479589 2.52216 -2.42576 1.81183 1.14253 -0.13044 -0.118434 1.03149
250.661 0.450806 0.567767 2.10594 3.12299 -0.706724 -1.65232 0.445332 0.599551 2.23123 -3.11111 -0.679288 -1.68124 -0.00547349 0.031784 0.125283 -6.23409 0.0274357 -0.0289182 0.129368 2.6781 0.334301 0.449245 2.21738 -2.68927 -0.447834 -2.23308 -0.116505 -0.118522 0.111437 -5.81226 0.25889 -0.580758 0.200098 32.3746 -2.16822 0.947394 3.23477 -0.0714706 -0.0458672 2.56477 -2.48484 1.84091 1.14068 -0.143912 -0.133571 1.06245
251.01 0.449783 0.574708 2.10476 3.10597 -0.717783 -1.64012 0.436924 0.599812 2.18973 3.05579 -0.734692 -1.62678 -0.0128594 0.0251048 0.0849643 -0.0501816 -0.0169095 0.0133332 0.089524 2.62137 0.339656 0.453909 2.20883 -2.69223 -0.447754 -2.22419 -0.110127 -0.120799 0.104072 -5.7982 0.270029 -0.584069 0.193782 32.8354 -2.19593 0.982386 3.23584 -0.0727102 -0.0446056 2.59653 -2.53144 1.86219 1.1388 -0.155518 -0.144996 1.0867
251.352 0.44959 0.578352 2.10422 3.08883 -0.728712 -1.62861 0.436144 0.607272 2.18556 3.0942 -0.708487 -1.63013 -0.0134461 0.02892 0.0813472 0.00537179 0.0202249 -0.00152089 0.0873758 1.18729 0.340849 0.447892 2.20604 -2.69108 -0.441995 -2.23013 -0.108742 -0.130461 0.10182 -5.77991 0.286717 -0.60152 0.19802 34.0037 -2.22468 1.01698 3.23611 -0.0733252 -0.042451 2.62818 -2.57995 1.883 1.13642 -0.168038 -0.156189 1.11207
251.696 0.449538 0.581272 2.10395 3.06728 -0.743593 -1.6145 0.436169 0.611125 2.18569 3.09349 -0.710995 -1.62977 -0.0133694 0.029853 0.0817476 0.0262099 0.0325981 -0.0152636 0.0880489 2.18212 0.338884 0.441644 2.19896 -2.69559 -0.44064 -2.22523 -0.110654 -0.139628 0.0950146 -5.76287 0.302953 -0.610727 0.201911 34.7955 -2.26473 1.06244 3.23513 -0.0738726 -0.0395355 2.6704 -2.64754 1.90999 1.13243 -0.185355 -0.170154 1.14756
252.048 0.450037 0.584671 2.10344 3.05254 -0.755233 -1.6052 0.436193 0.614978 2.18582 3.09277 -0.713506 -1.62941 -0.0138437 0.0303074 0.0823834 0.0402305 0.0417273 -0.0242103 0.0888662 2.94384 0.343685 0.449235 2.18708 -2.70007 -0.442126 -2.21715 -0.106352 -0.135436 0.0836465 -5.7526 0.313107 -0.61195 0.191443 35.1018 -2.29612 1.09601 3.23333 -0.0739158 -0.0386827 2.70204 -2.70035 1.92962 1.12881 -0.197648 -0.179513 1.17514
252.414 0.450926 0.585429 2.10345 3.03904 -0.764778 -1.59638 0.436959 0.618991 2.18993 3.05276 -0.747269 -1.62493 -0.0139664 0.0335616 0.0864769 0.0137181 0.0175085 -0.0285495 0.0938067 1.59225 0.347939 0.441857 2.18112 -2.70075 -0.439264 -2.22097 -0.102987 -0.143572 0.0776627 -5.73979 0.325514 -0.62459 0.193004 35.9091 -2.32867 1.12909 3.23058 -0.0737932 -0.037173 2.73366 -2.75493 1.94867 1.12465 -0.208574 -0.187695 1.20313
253.671 0.45739 0.585751 2.10333 2.99745 -0.790177 -1.55857 0.438382 0.610677 2.16404 3.01924 -0.801569 -1.58697 -0.0190078 0.0249257 0.0607137 0.0217895 -0.0113919 -0.0284021 0.0683282 1.31522 0.355677 0.435901 2.15355 -2.71524 -0.437826 -2.21189 -0.101713 -0.149851 0.050221 -5.71269 0.352352 -0.653319 0.187944 37.5453 -2.48401 1.26667 3.20933 -0.0726243 -0.0340842 2.87054 -3.00955 2.0226 1.1012 -0.236273 -0.206334 1.32056
254.015 0.456346 0.585245 2.10399 2.99392 -0.793306 -1.54934 0.433655 0.605568 2.13612 3.00625 -0.796648 -1.56323 -0.0226904 0.0203232 0.032125 0.0123228 -0.00334214 -0.0138942 0.0442708 0.605226 0.356761 0.437475 2.14583 -2.72032 -0.435753 -2.2043 -0.0995849 -0.14777 0.0418342 -5.71425 0.357553 -0.654959 0.183039 37.7003 -2.53652 1.30692 3.20097 -0.0736402 -0.0339317 2.91182 -3.09294 2.04163 1.09297 -0.239125 -0.205793 1.35521
254.372 0.45541 0.584075 2.10477 2.99439 -0.794404 -1.54419 0.433415 0.604247 2.13481 3.02893 -0.826182 -1.55667 -0.0219949 0.020172 0.0300394 0.0345415 -0.0317785 -0.0124741 0.0423445 2.38589 0.354219 0.434782 2.14073 -2.71987 -0.429072 -2.20976 -0.101191 -0.149293 0.0359614 -5.71426 0.365332 -0.665569 0.183905 38.2829 -2.57734 1.33632 3.19455 -0.0744713 -0.0337203 2.94255 -3.15674 2.05446 1.08677 -0.240076 -0.203414 1.38155
254.671 0.454938 0.583703 2.10523 2.99684 -0.79502 -1.54085 0.438263 0.615044 2.17276 2.99708 -0.795576 -1.54465 -0.016675 0.0313409 0.0675378 0.000241896 -0.000556512 -0.00379806 0.0762998 0.211218 0.345586 0.437959 2.13185 -2.72224 -0.427488 -2.20568 -0.109352 -0.145744 0.0266241 -5.71907 0.367532 -0.664824 0.184142 38.2716 -2.61938 1.36495 3.18803 -0.0750623 -0.0340527 2.97308 -3.2215 2.06592 1.08058 -0.240014 -0.199844 1.4086
255.01 0.455635 0.581897 2.1058 3.00188 -0.794378 -1.53894 0.438112 0.61292 2.17197 3.0051 -0.79524 -1.54678 -0.0175237 0.0310227 0.0661685 0.00322622 -0.000861625 -0.00783647 0.0751516 0.34605 0.341823 0.441273 2.12441 -2.72484 -0.42654 -2.20301 -0.113812 -0.140625 0.0186051 -5.72672 0.367839 -0.66407 0.181864 38.177 -2.67731 1.40183 3.17929 -0.0751943 -0.0340874 3.01345 -3.30909 2.07893 1.07243 -0.238957 -0.194089 1.44604
255.348 0.457055 0.579514 2.10627 3.00676 -0.792646 -1.53907 0.438259 0.611242 2.17274 2.99786 -0.793194 -1.54519 -0.0187966 0.0317281 0.0664637 -0.00889424 -0.000548204 -0.00611686 0.0760092 0.798684 0.336957 0.439321 2.12288 -2.7228 -0.422378 -2.21331 -0.120098 -0.140193 0.0166064 -5.72956 0.370267 -0.67424 0.185347 38.5748 -2.72213 1.42846 3.17285 -0.074826 -0.0337586 3.04358 -3.37556 2.08681 1.06646 -0.237315 -0.189105 1.47493
255.644 0.458169 0.577753 2.10648 3.01312 -0.790188 -1.54008 0.43975 0.607774 2.17058 3.02314 -0.823341 -1.53808 -0.0184191 0.0300205 0.0641021 0.0100152 -0.0331529 0.00199731 0.0731408 2.0113 0.327722 0.442808 2.12059 -2.72581 -0.42339 -2.20965 -0.130447 -0.134945 0.0141127 -5.73893 0.366799 -0.669579 0.188217 38.2428 -2.76812 1.45417 3.16671 -0.0744964 -0.0335531 3.0736 -3.44258 2.09291 1.06073 -0.234803 -0.183166 1.50417
255.981 0.458386 0.577078 2.10668 3.02162 -0.787417 -1.54205 0.441639 0.605872 2.17046 3.03707 -0.760947 -1.55148 -0.0167467 0.0287935 0.0637858 0.015455 0.0264698 -0.00942894 0.0719593 1.64521 0.325614 0.450302 2.11761 -2.72847 -0.424828 -2.20606 -0.132772 -0.126776 0.0109297 -5.75008 0.362589 -0.664006 0.183902 37.8415 -2.81526 1.47893 3.16105 -0.0744131 -0.0338083 3.10353 -3.51001 2.09709 1.05535 -0.231494 -0.175918 1.53349
256.29 0.45727 0.576473 2.10731 3.03594 -0.782313 -1.5462 0.441904 0.604338 2.17185 3.02268 -0.819718 -1.53808 -0.0153653 0.0278642 0.0645397 -0.0132608 -0.0374051 0.00812004 0.0719575 2.20886 0.317464 0.449859 2.11919 -2.72773 -0.419531 -2.21337 -0.139806 -0.126614 0.0118803 -5.76367 0.362781 -0.667178 0.188992 37.9206 -2.87985 1.51042 3.15447 -0.0745512 -0.0343516 -3.1401 -3.60035 2.09948 1.04887 -0.225502 -0.164455 1.57251
256.65 0.455235 0.575881 2.10795 3.04754 -0.777362 -1.54985 0.438758 0.603508 2.16547 3.06108 -0.795952 -1.54468 -0.0164773 0.0276267 0.0575175 0.0135391 -0.0185908 0.00517664 0.0659014 1.46634 0.310452 0.455101 2.11582 -2.73053 -0.419955 -2.20974 -0.144783 -0.12078 0.00786688 -5.77807 0.357407 -0.659884 0.188711 37.4453 -2.92953 1.53282 3.1503 -0.0748914 -0.0345476 -3.11064 -3.66827 2.09881 1.04459 -0.220137 -0.15555 1.60191
256.981 0.451861 0.572807 2.10923 3.06138 -0.768896 -1.5546 0.43712 0.603865 2.16674 3.05863 -0.794331 -1.5445 -0.0147409 0.0310582 0.0575148 -0.00274671 -0.0254352 0.0101051 0.0670064 1.53468 0.30402 0.464716 2.11218 -2.73432 -0.419435 -2.20701 -0.147841 -0.10809 0.00294826 -5.7957 0.349461 -0.652408 0.183164 36.9136 -2.99736 1.56097 3.14575 -0.0752765 -0.0334676 -3.07146 -3.75874 2.09463 1.03968 -0.212549 -0.14509 1.64156
257.565 0.444531 0.574453 2.10962 3.07793 -0.755467 -1.56237 0.435276 0.60387 2.19061 3.10152 -0.738753 -1.58391 -0.00925444 0.0294171 0.0809872 0.0235895 0.0167145 -0.0215366 0.0866599 1.41416 0.294413 0.469569 2.11413 -2.73564 -0.418306 -2.21237 -0.150118 -0.104884 0.00451005 -5.81357 0.337161 -0.65 0.183184 36.4923 -3.10243 1.59917 3.14095 -0.0759899 -0.0342415 -3.01275 -3.89387 2.08116 1.03397 -0.19829 -0.13391 1.70242
257.875 0.439281 0.576061 2.10954 3.08509 -0.745745 -1.5672 0.425248 0.599339 2.16408 3.06874 -0.794213 -1.54964 -0.0140326 0.0232789 0.0545418 -0.0163511 -0.0484682 0.0175575 0.0609395 2.87902 0.290653 0.468879 2.11651 -2.73501 -0.416933 -2.21852 -0.148627 -0.107181 0.0069654 -5.82009 0.328812 -0.651322 0.183375 36.3757 -3.15632 1.61634 3.13922 -0.0765546 -0.0348899 -2.98378 -3.96105 2.07111 1.03178 -0.188002 -0.130115 1.73347
258.193 0.432309 0.578294 2.10885 3.09301 -0.728339 -1.57449 0.421269 0.604942 2.17725 -3.13329 -0.719151 -1.59081 -0.0110397 0.0266479 0.0684082 -6.2263 0.00918841 -0.0163256 0.0742406 2.78136 0.282657 0.480475 2.1071 -2.73836 -0.416807 -2.21529 -0.149652 -0.0978194 -0.00174808 -5.83138 0.311533 -0.640802 0.178794 35.6425 -3.22935 1.63707 3.13733 -0.0767811 -0.0358073 -2.94551 -4.0501 2.05424 1.02944 -0.169849 -0.126564 1.77564
258.495 0.427306 0.577123 2.10883 3.09847 -0.711113 -1.58113 0.414019 0.604266 2.16475 3.05884 -0.766096 -1.56164 -0.0132868 0.0271435 0.055913 -0.0396237 -0.0549831 0.0194849 0.0635576 3.59303 0.272684 0.484316 2.10053 -2.74211 -0.4174 -2.21167 -0.154622 -0.0928065 -0.00830811 -5.84058 0.293713 -0.630537 0.180527 34.9142 -3.28488 1.65094 3.13614 -0.0764925 -0.0354972 -2.91708 -4.11636 2.03896 1.02804 -0.153288 -0.124545 1.80795
258.813 0.421839 0.577016 2.10825 3.10386 -0.6925 -1.58812 0.412154 0.610371 2.18983 3.09416 -0.708007 -1.59833 -0.00968571 0.0333556 0.0815807 -0.00970276 -0.0155065 -0.0102098 0.0886669 1.36372 0.265695 0.47829 2.09877 -2.74237 -0.41496 -2.2173 -0.156144 -0.0987259 -0.00947381 -5.84623 0.27754 -0.629185 0.18498 34.6381 -3.34098 1.66333 3.1351 -0.0761335 -0.0354481 -2.88876 -4.18205 2.02145 1.0268 -0.135019 -0.122649 1.84084
259.169 0.415662 0.576609 2.10792 3.11039 -0.672528 -1.59601 0.401731 0.60095 2.1595 3.0859 -0.701568 -1.5782 -0.0139313 0.0243408 0.05158 -0.0244919 -0.0290398 0.0178114 0.0587116 1.99056 0.259821 0.486991 2.09039 -2.74563 -0.416594 -2.2136 -0.155841 -0.0896179 -0.0175266 -5.85602 0.255934 -0.617594 0.180624 33.801 -3.39761 1.67421 3.13419 -0.0758459 -0.0354201 -2.86051 -4.24704 2.0017 1.02566 -0.115553 -0.120151 1.87424
259.463 0.405554 0.57765 2.10734 3.12181 -0.646152 -1.60704 0.398392 0.605839 2.17696 -3.13374 -0.682996 -1.60577 -0.00716191 0.0281881 0.0696195 -6.25555 -0.0368444 0.00126524 0.0754502 2.66653 0.246053 0.490119 2.08315 -2.74756 -0.416424 -2.2127 -0.1595 -0.0875317 -0.0241979 -5.86937 0.229728 -0.605661 0.183542 32.9185 -3.47379 1.68632 3.13327 -0.075933 -0.0358843 -2.82291 -4.33239 1.97191 1.0242 -0.0893854 -0.114788 1.91937
259.805 0.396505 0.579728 2.10685 3.13189 -0.628333 -1.61494 0.385161 0.600503 2.15097 3.12124 -0.633265 -1.59472 -0.0113434 0.0207745 0.0441111 -0.0106463 -0.00493162 0.0202224 0.0500604 0.979987 0.239198 0.489845 2.0815 -2.74479 -0.415851 -2.22002 -0.157306 -0.0898832 -0.0253517 -5.87668 0.212482 -0.605081 0.18294 32.6617 -3.53134 1.69354 3.13289 -0.0764722 -0.036507 -2.79462 -4.39524 1.94709 1.02311 -0.0713845 -0.109459 1.95347
260.141 0.386592 0.580248 2.10739 -3.14026 -0.612094 -1.62286 0.379523 0.608981 2.17787 3.14056 -0.642373 -1.61844 -0.00706914 0.0287332 0.070482 6.28081 -0.0302799 0.00441589 0.0764414 1.74697 0.227445 0.490735 2.07734 -2.74515 -0.418572 -2.21851 -0.159147 -0.089513 -0.0300443 0.395111 0.193521 -0.595655 0.185049 31.9502 -3.58912 1.6991 3.1328 -0.0772744 -0.036681 -2.76626 -4.45694 1.92026 1.02204 -0.0557277 -0.103476 1.9875
260.746 0.360714 0.582051 2.10935 -3.11175 -0.584877 -1.63626 0.356658 0.609928 2.1777 3.13473 -0.596927 -1.63202 -0.00405571 0.0278778 0.0683493 6.24649 -0.0120497 0.0042374 0.0739273 2.0948 0.210541 0.493305 2.07243 -2.74402 -0.420085 -2.21885 -0.150173 -0.0887459 -0.0369168 0.367732 0.164792 -0.582587 0.178299 30.9185 -3.72442 1.7052 3.13376 -0.0803806 -0.0360357 -2.69909 -4.5959 1.85029 1.0194 -0.0304775 -0.0851181 2.06533
261.063 0.349612 0.58515 2.10973 -3.09864 -0.578916 -1.6399 0.338455 0.605377 2.15807 -3.07954 -0.574573 -1.63758 -0.0111565 0.0202269 0.04834 0.0190987 0.00434342 0.00231739 0.0535757 1.19812 0.200411 0.494248 2.06982 -2.74402 -0.420277 -2.21793 -0.149201 -0.090902 -0.0399024 0.354613 0.15864 -0.578034 0.17921 30.5757 -3.78239 1.70464 3.13468 -0.0818186 -0.0361201 -2.66991 -4.65309 1.81736 1.01818 -0.0247845 -0.0751888 2.09793
261.391 0.33603 0.588648 2.1114 -3.08006 -0.576156 -1.64559 0.330434 0.612886 2.18084 3.0767 -0.464986 -1.65444 -0.0055955 0.0242384 0.0694379 6.15676 0.11117 -0.00885382 0.0737592 9.84391 0.190343 0.499936 2.0635 -2.74557 -0.421276 -2.2135 -0.145687 -0.0887123 -0.0479061 0.334493 0.154881 -0.567911 0.177171 29.9539 -3.85943 1.70074 3.13623 -0.0832304 -0.0366819 -2.63085 -4.72699 1.77102 1.01642 -0.0221842 -0.0612176 2.14092
261.674 0.327334 0.590384 2.11261 -3.06769 -0.576775 -1.64916 0.322775 0.627545 2.21271 3.1314 -0.551279 -1.63243 -0.00455937 0.0371614 0.1001 6.19909 0.0254959 0.0167369 0.106873 4.61821 0.189664 0.494229 2.06182 -2.74686 -0.420281 -2.21249 -0.13767 -0.0961548 -0.050789 0.320827 0.156494 -0.563323 0.175437 29.7054 -3.91686 1.69538 3.13745 -0.0838035 -0.0362566 -2.6015 -4.78061 1.73462 1.01494 -0.0236158 -0.0512747 2.17294
261.981 0.320141 0.592451 2.11345 -3.05727 -0.579279 -1.65259 0.303616 0.611035 2.15151 -3.05518 -0.588741 -1.64599 -0.0165254 0.0185838 0.0380606 0.0020918 -0.0094619 0.00660037 0.0454649 0.707759 0.184717 0.493309 2.05624 -2.74845 -0.419343 -2.21168 -0.135424 -0.0991416 -0.0572113 0.308819 0.159935 -0.559088 0.177319 29.5074 -3.9739 1.68791 3.13851 -0.0838491 -0.0357316 -2.57218 -4.83272 1.69694 1.01321 -0.0269943 -0.0426489 2.20488
262.286 0.314046 0.593389 2.11458 -3.04826 -0.582351 -1.65622 0.303616 0.633555 2.22016 -3.05423 -0.535874 -1.65891 -0.01043 0.0401664 0.105585 -0.00597411 0.0464769 -0.00268594 0.113447 2.69965 0.180704 0.495588 2.04672 -2.75117 -0.420302 -2.2092 -0.133342 -0.0978009 -0.0678596 0.297089 0.162049 -0.552974 0.178745 29.1947 -4.04924 1.67462 3.13943 -0.0834124 -0.0346517 -2.53306 -4.88329 1.65806 1.01118 -0.0313863 -0.0352599 2.23673
263.173 0.298217 0.609647 2.11426 -3.03034 -0.603729 -1.66917 0.279434 0.628242 2.1753 -3.02144 -0.605562 -1.67465 -0.0187827 0.0185943 0.0610383 0.00890138 -0.00183218 -0.00547986 0.0665147 0.43341 0.169953 0.503677 2.03343 -2.75181 -0.423566 -2.21091 -0.128264 -0.10597 -0.0808338 0.278529 0.180163 -0.541741 0.184974 28.7963 -4.23314 1.62494 3.13922 -0.081024 -0.0354544 -2.43638 -5.05543 1.50674 1.00088 -0.0530809 -0.0217191 2.35127
263.494 0.294108 0.61613 2.11325 -3.02832 -0.608445 -1.67189 0.274974 0.632289 2.16326 -3.08679 -0.633033 -1.65342 -0.0191341 0.016159 0.0500114 -0.0584703 -0.0245877 0.0184664 0.0559318 3.19427 0.168448 0.501305 2.03025 -2.74944 -0.423285 -2.21615 -0.12566 -0.114825 -0.0829912 0.278878 0.18516 -0.54426 0.189375 28.9783 -4.28677 1.60562 3.13842 -0.0805396 -0.0361826 -2.40788 -5.09876 1.46329 0.997469 -0.0572988 -0.0207276 2.38154
263.773 0.289861 0.62303 2.1118 -3.02692 -0.610575 -1.67388 0.271827 0.643422 2.17526 -3.01816 -0.617265 -1.67648 -0.0180342 0.0203914 0.0634586 0.00876488 -0.00669047 -0.00259949 0.069051 0.578784 0.163167 0.506927 2.02268 -2.75047 -0.426218 -2.21191 -0.126694 -0.116103 -0.0891248 0.276448 0.184357 -0.538025 0.193583 28.6396 -4.33953 1.58437 3.13715 -0.0802449 -0.0369686 -2.37961 -5.14058 1.41892 0.993827 -0.0588167 -0.0201534 2.41134
264.104 0.285541 0.628402 2.11079 -3.02555 -0.609011 -1.67557 0.268021 0.651006 2.17522 -3.01642 -0.623128 -1.67745 -0.0175199 0.0226037 0.0644385 0.00912919 -0.0141165 -0.00187899 0.0704996 0.935027 0.163545 0.513369 2.01679 -2.7521 -0.429601 -2.20602 -0.121996 -0.115034 -0.0939991 0.273449 0.17941 -0.53045 0.192228 28.1801 -4.39133 1.56126 3.13537 -0.0801127 -0.0373499 -2.35148 -5.18089 1.37362 0.989943 -0.0570584 -0.0195631 2.44072
264.373 0.280543 0.638258 2.10785 -3.02397 -0.602181 -1.67645 0.262207 0.658314 2.17429 -3.01311 -0.63088 -1.67899 -0.0183363 0.0200558 0.0664367 0.0108681 -0.0286989 -0.00254447 0.0717795 1.73438 0.158016 0.512513 2.01884 -2.74635 -0.428848 -2.21604 -0.122527 -0.125745 -0.0890101 0.277628 0.173333 -0.539596 0.196844 28.5366 -4.4587 1.52766 3.13223 -0.0797716 -0.0388246 -2.31434 -5.23231 1.31176 0.9845 -0.048876 -0.0181856 2.47936
264.676 0.277142 0.642844 2.10614 -3.02203 -0.592342 -1.67637 0.25888 0.668157 2.17833 -3.03152 -0.580534 -1.68261 -0.0182626 0.0253137 0.0721904 -0.00949137 0.0118083 -0.00624315 0.0786496 1.04717 0.156377 0.51909 2.01498 -2.74773 -0.431127 -2.2123 -0.120765 -0.123754 -0.0911603 0.274303 0.161215 -0.535939 0.195472 28.1961 -4.50784 1.50046 3.12954 -0.0795413 -0.0387469 -2.28663 -5.26907 1.26428 0.980388 -0.0391863 -0.0159174 2.50801
265.011 0.274896 0.649983 2.1034 -3.01971 -0.581394 -1.6761 0.25459 0.673449 2.17413 -3.00928 -0.642609 -1.68113 -0.0203061 0.0234662 0.0707306 0.0104256 -0.0612148 -0.00503063 0.0772387 3.54166 0.158213 0.525678 2.01173 -2.75 -0.434306 -2.20688 -0.116683 -0.124305 -0.091668 0.269706 0.147088 -0.530777 0.193571 27.7635 -4.5557 1.4716 3.12671 -0.0788738 -0.0398625 -2.25914 -5.30428 1.2159 0.976354 -0.0271391 -0.0128355 2.53654
265.265 0.27303 0.656829 2.10006 -3.01646 -0.563492 -1.67554 0.25705 0.696567 2.22003 -3.04945 -0.524069 -1.6725 -0.0159798 0.0397389 0.11997 -0.0329867 0.0394225 0.00304449 0.127387 2.89191 0.154015 0.521425 2.01408 -2.74677 -0.431643 -2.21783 -0.119015 -0.135403 -0.0859816 0.269694 0.131849 -0.542288 0.199728 28.2194 -4.61738 1.43072 3.12289 -0.0776348 -0.0402033 -2.22294 -5.34882 1.15007 0.971239 -0.00884489 -0.00804126 2.57457
265.598 0.272425 0.659921 2.09807 -3.01411 -0.548608 -1.6753 0.25134 0.691189 2.17901 -3.02976 -0.598855 -1.68424 -0.021085 0.0312678 0.0809326 -0.0156431 -0.0502478 -0.00894475 0.089288 3.139 0.152889 0.525737 2.00966 -2.74841 -0.434057 -2.21553 -0.119536 -0.134184 -0.0884148 0.265699 0.11455 -0.540228 0.200279 27.9704 -4.662 1.39836 3.12005 -0.0764667 -0.0397619 -2.196 -5.38041 1.09974 0.967626 0.00555306 -0.00437181 2.60313
265.939 0.272293 0.660904 2.09653 -3.01223 -0.532959 -1.67479 0.247222 0.687129 2.15146 -3.04357 -0.599052 -1.66319 -0.0250717 0.0262246 0.0549345 -0.0313427 -0.066093 0.0116072 0.065834 4.08964 0.152481 0.526028 2.00815 -2.75059 -0.435208 -2.21241 -0.119813 -0.134876 -0.0883833 0.261633 0.0977512 -0.537611 0.200894 27.7445 -4.70518 1.36463 3.11728 -0.0752508 -0.0383341 -2.16907 -5.41047 1.04862 0.964198 0.0198077 -0.000912479 2.63172
266.288 0.272164 0.660221 2.09547 -3.01097 -0.51742 -1.67416 0.24756 0.689115 2.15448 -3.06261 -0.533801 -1.66741 -0.0246033 0.0288936 0.0590117 -0.0516436 -0.0163807 0.00675016 0.0701609 2.93892 0.15259 0.516048 2.01389 -2.74982 -0.430903 -2.21824 -0.119574 -0.144173 -0.0815815 0.261145 0.086517 -0.54408 0.204302 28.0899 -4.76057 1.31756 3.11385 -0.0738899 -0.0353737 -2.1328 -5.43899 0.996741 0.960989 0.0331799 0.00182958 2.66041
266.572 0.273112 0.661488 2.09348 -3.01098 -0.500103 -1.67371 0.244783 0.682022 2.12942 -2.99287 -0.519064 -1.666 -0.0283288 0.0205338 0.035937 0.0181105 -0.0189609 0.00770376 0.050156 1.70249 0.152905 0.515493 2.01332 -2.75268 -0.432186 -2.2141 -0.120207 -0.145995 -0.08016 0.258304 0.0679169 -0.540397 0.205402 27.8595 -4.80051 1.28069 3.11158 -0.0726675 -0.0341494 -2.10526 -5.47465 0.926449 0.957088 0.0485785 0.00370048 2.699
266.84 0.273961 0.663369 2.09178 -3.01262 -0.489319 -1.67373 0.248808 0.69157 2.15625 -2.98037 -0.523853 -1.68611 -0.0251531 0.0282012 0.0644652 0.03225 -0.0345344 -0.0123797 0.0747245 2.56124 0.155682 0.521002 2.00888 -2.75695 -0.435676 -2.2065 -0.118279 -0.142367 -0.0829005 0.255665 0.0536425 -0.532769 0.202807 27.4301 -4.8391 1.24251 3.10957 -0.0716138 -0.0330521 -2.07745 -5.49965 0.872902 0.954462 0.0582787 0.00313583 2.72816
267.146 0.274517 0.66778 2.08938 -3.01541 -0.480773 -1.67407 0.25146 0.693268 2.15569 -3.06728 -0.535542 -1.66636 -0.0230576 0.025488 0.0663176 -0.0518653 -0.0547697 0.00771561 0.0746948 4.19442 0.15717 0.516424 2.01236 -2.75311 -0.433887 -2.21675 -0.117348 -0.151355 -0.0770168 0.262299 0.0468853 -0.542679 0.206423 27.9727 -4.87635 1.20306 3.10774 -0.0708 -0.0330289 -2.04948 -5.52318 0.818626 0.952062 0.0668071 0.000897522 2.75749
267.512 0.274177 0.672257 2.0868 -3.02005 -0.470124 -1.67538 0.251907 0.701268 2.15963 -3.09209 -0.444522 -1.67215 -0.0222708 0.0290108 0.0728367 -0.0720351 0.025602 0.00322721 0.0815034 4.30648 0.158163 0.520899 2.01028 -2.75459 -0.434521 -2.21459 -0.116014 -0.151358 -0.0765146 0.265465 0.0356032 -0.539209 0.205483 27.8304 -4.9239 1.14862 3.10557 -0.0702934 -0.0325329 -2.01215 -5.55223 0.745091 0.949202 0.0767771 -0.0039576 2.79692
267.888 0.273347 0.674751 2.08525 -3.02412 -0.462656 -1.67715 0.251976 0.705243 2.16026 -3.09434 -0.447994 -1.67196 -0.021371 0.0304921 0.075013 -0.0702271 0.0146621 0.00518906 0.0837463 3.99145 0.15984 0.529261 2.00533 -2.75753 -0.436228 -2.20846 -0.113506 -0.14549 -0.0799229 0.266583 0.0264276 -0.531314 0.201094 27.4543 -4.95795 1.10648 3.10414 -0.0702321 -0.0319278 -1.98411 -5.57225 0.689057 0.947332 0.0833653 -0.00886135 2.8269
268.528 0.27613 0.678904 2.08129 -3.03872 -0.446197 -1.6826 0.252108 0.71318 2.16146 -3.09879 -0.455106 -1.67156 -0.0240225 0.0342767 0.0801726 -0.0600704 -0.00890914 0.0110336 0.0904412 3.25738 0.159492 0.518679 2.00717 -2.7596 -0.436993 -2.21376 -0.116639 -0.160224 -0.0741205 0.279117 0.00920422 -0.531161 0.21159 27.5911 -5.03188 1.00402 3.10127 -0.0683937 -0.0298265 -1.91765 -5.61306 0.555372 0.943839 0.097205 -0.0243621 2.89862
268.828 0.27912 0.680764 2.07933 -3.04707 -0.439458 -1.68555 0.246899 0.696881 2.10647 -2.9045 -0.408141 -1.68755 -0.0322212 0.0161168 0.0271385 0.142564 0.0313174 -0.00199738 0.0451049 8.31744 0.161032 0.519923 2.0034 -2.76171 -0.438859 -2.21409 -0.118088 -0.160841 -0.0759314 0.285355 0.000598954 -0.528546 0.213495 27.5365 -5.06122 0.958431 3.10006 -0.0669491 -0.0291773 -1.88862 -5.62798 0.496829 0.942584 0.103077 -0.0327394 2.92999
269.456 0.287371 0.686192 2.07415 -3.06651 -0.42384 -1.69183 0.257106 0.709021 2.12372 -2.99824 -0.464796 -1.70112 -0.0302654 0.0228292 0.0495705 0.068276 -0.0409562 -0.00928913 0.0624051 4.39329 0.1581 0.525011 1.99604 -2.76626 -0.442959 -2.21165 -0.129271 -0.16118 -0.0781134 0.300257 -0.0191194 -0.519814 0.220888 27.3551 -5.11587 0.864605 3.09717 -0.0630987 -0.0290262 -1.8298 -5.65304 0.377411 0.940252 0.118237 -0.0516152 2.99347
269.688 0.293209 0.69005 2.07019 -3.08013 -0.40953 -1.69664 0.262199 0.716301 2.12877 -3.12025 -0.468992 -1.68268 -0.0310108 0.0262508 0.058575 -0.0401178 -0.0594628 0.0139571 0.0712868 3.99557 0.159471 0.527288 1.98987 -2.76988 -0.446682 -2.20705 -0.133738 -0.162763 -0.0803204 0.310252 -0.0371524 -0.510411 0.225453 27.1713 -5.14947 0.800373 3.09473 -0.0601773 -0.0296454 -1.79041 -5.66605 0.296013 0.938814 0.132957 -0.0648988 3.03617
270.333 0.298983 0.695914 2.06259 -3.10069 -0.3694 -1.70648 0.272089 0.721332 2.11819 -3.09314 -0.298196 -1.69299 -0.0268943 0.0254187 0.0556062 0.00754783 0.0712043 0.0134992 0.0667941 4.20095 0.156827 0.525637 1.98466 -2.76874 -0.447071 -2.21291 -0.142156 -0.170277 -0.0779275 0.331946 -0.0776707 -0.506429 0.235107 27.8939 -5.20327 0.685546 3.08889 -0.0560488 -0.0317191 -1.72259 -5.68119 0.149939 0.936545 0.17457 -0.0867499 3.11131
270.688 0.297845 0.695323 2.06022 -3.10641 -0.345359 -1.71123 0.274723 0.724212 2.11622 -2.99777 -0.37483 -1.70225 -0.0231221 0.0288884 0.0559979 0.108644 -0.0294703 0.00897828 0.0671188 6.6421 0.15441 0.527116 1.98048 -2.77137 -0.447473 -2.2071 -0.143436 -0.168207 -0.0797455 0.335043 -0.102114 -0.495874 0.235004 27.9489 -5.22449 0.635659 3.08585 -0.0554521 -0.0317471 -1.69397 -5.68447 0.0859993 0.935692 0.198264 -0.0944379 -3.1392
271.031 0.295001 0.694678 2.05814 -3.11001 -0.319286 -1.71686 0.271168 0.71731 2.0965 -3.0231 -0.468693 -1.71112 -0.0238333 0.0226315 0.0383657 0.0869053 -0.149407 0.00574274 0.0505186 9.96972 0.147525 0.521544 1.98144 -2.76691 -0.44454 -2.21658 -0.147477 -0.173134 -0.0766933 0.343096 -0.125254 -0.499721 0.240014 28.7994 -5.24461 0.585467 3.08263 -0.0553278 -0.0323805 -1.6655 -5.68574 0.0213773 0.93494 0.224219 -0.100974 -3.10602
271.371 0.290764 0.692428 2.05667 -3.11155 -0.291677 -1.72272 0.269388 0.713457 2.08222 -3.00133 -0.378143 -1.71563 -0.0213757 0.0210286 0.0255542 0.110217 -0.0864658 0.00708207 0.0393972 8.13919 0.142946 0.529982 1.97335 -2.76742 -0.446615 -2.21458 -0.147818 -0.162446 -0.0833194 0.344124 -0.154938 -0.49186 0.234906 29.1752 -5.26361 0.535025 3.07936 -0.0556107 -0.0325908 -1.63709 -5.68491 -0.0438022 0.934318 0.251246 -0.106002 -3.07223
271.736 0.284127 0.685032 2.05607 -3.11025 -0.25286 -1.72968 0.263657 0.716782 2.09498 -3.01689 -0.472689 -1.71254 -0.0204703 0.0317497 0.038913 0.0933594 -0.219829 0.0171421 0.0542337 13.8504 0.139229 0.530379 1.96772 -2.7689 -0.448381 -2.2126 -0.144898 -0.154653 -0.0883447 0.341354 -0.195521 -0.482922 0.229604 29.8505 -5.28713 0.467437 3.07513 -0.0562556 -0.0310077 -1.59879 -5.68042 -0.131363 0.9337 0.287425 -0.109082 -3.02606
272.062 0.278817 0.680735 2.05552 -3.10658 -0.22563 -1.73453 0.261831 0.716751 2.11027 -3.09163 -0.318994 -1.72462 -0.0169862 0.0360159 0.0547483 0.0149461 -0.0933646 0.00990601 0.0676983 5.47103 0.135345 0.522038 1.97079 -2.76543 -0.447094 -2.22069 -0.143473 -0.158697 -0.084737 0.341147 -0.221464 -0.486168 0.230107 30.7801 -5.30336 0.416481 3.0722 -0.0567603 -0.0306855 -1.56974 -5.67447 -0.19734 0.933408 0.313582 -0.108773 -2.99061
272.359 0.273418 0.676153 2.05556 -3.10136 -0.20007 -1.73961 0.254196 0.708599 2.10801 -3.08137 -0.326249 -1.72507 -0.0192217 0.0324461 0.0524527 0.0199914 -0.126179 0.0145455 0.0646027 7.40046 0.129231 0.526979 1.96738 -2.76549 -0.448579 -2.21913 -0.144187 -0.149174 -0.0881776 0.335873 -0.248509 -0.479513 0.225429 31.2714 -5.31831 0.365304 3.06948 -0.0571714 -0.0308696 -1.54046 -5.66633 -0.263431 0.933258 0.338094 -0.107189 -2.95467
272.632 0.26876 0.670505 2.05583 -3.09612 -0.175768 -1.74413 0.250888 0.705362 2.11131 -3.12018 -0.180796 -1.73741 -0.0178711 0.0348565 0.0554816 -0.0240546 -0.00502786 0.00671399 0.0679158 1.39381 0.12861 0.526474 1.96777 -2.76475 -0.448591 -2.2204 -0.140149 -0.144031 -0.0880586 0.331375 -0.272823 -0.476276 0.219411 31.8941 -5.33195 0.313936 3.06693 -0.0572211 -0.0306202 -1.51094 -5.65601 -0.329538 0.933278 0.361213 -0.104945 -2.91844
272.98 0.264087 0.665623 2.05586 -3.09044 -0.152559 -1.74811 0.24354 0.69992 2.11162 -3.1218 -0.18559 -1.73784 -0.0205472 0.0342975 0.0557577 -0.0313576 -0.0330306 0.0102727 0.0686107 2.60759 0.124782 0.525126 1.96976 -2.76356 -0.44773 -2.22134 -0.139305 -0.140497 -0.086103 0.32688 -0.295171 -0.473225 0.215775 32.5073 -5.34424 0.262406 3.06452 -0.05724 -0.0308505 -1.48125 -5.64348 -0.395594 0.933524 0.383887 -0.102136 -2.882
273.306 0.25652 0.656419 2.05706 -3.08237 -0.120928 -1.75352 0.235244 0.684963 2.0795 3.11025 -0.0595232 -1.76237 -0.0212753 0.0285446 0.0224434 6.19262 0.0614048 -0.00885383 0.0420849 6.32664 0.119173 0.529577 1.97032 -2.76341 -0.447125 -2.21884 -0.137346 -0.126842 -0.0867372 0.318956 -0.326197 -0.465329 0.206098 33.2417 -5.35847 0.193521 3.06149 -0.0577363 -0.0307182 -1.44172 -5.62337 -0.483429 0.93431 0.413887 -0.0986128 -2.83324
273.966 0.245249 0.637576 2.05922 -3.07577 -0.066731 -1.76417 0.227929 0.683513 2.12901 -3.10247 -0.0975495 -1.76455 -0.0173203 0.0459371 0.0697866 -0.0267075 -0.0308185 -0.000378089 0.0853251 2.33783 0.116017 0.528738 1.97804 -2.76401 -0.44596 -2.21719 -0.129232 -0.108838 -0.0811839 0.311755 -0.379229 -0.453024 0.18745 34.8049 -5.37715 0.0726588 3.0568 -0.0577018 -0.0302885 -1.37251 -5.57912 -0.635824 0.937408 0.465396 -0.0993753 -2.74891
274.336 0.240649 0.626015 2.06112 -3.07512 -0.0442726 -1.76897 0.222251 0.672017 2.12796 -3.09448 -0.0976462 -1.76384 -0.0183982 0.0460024 0.0668401 -0.0193654 -0.0533736 0.00512998 0.0832005 3.25931 0.11304 0.528732 1.97745 -2.7652 -0.445067 -2.21698 -0.12761 -0.0972829 -0.0836757 0.309919 -0.400794 -0.448005 0.180969 35.5136 -5.38265 0.0207848 3.05533 -0.0577173 -0.028834 -1.34258 -5.55666 -0.700262 0.939475 0.485476 -0.101637 -2.71315
275.313 0.227697 0.592538 2.06821 -3.06529 0.000243382 -1.78258 0.206099 0.6352 2.12242 -3.00185 0.0269692 -1.76018 -0.0215983 0.0426618 0.0542031 0.0634356 0.0267258 0.0224081 0.0722806 4.13223 0.106751 0.521984 1.98575 -2.76937 -0.446799 -2.21476 -0.120946 -0.0705547 -0.0824682 0.29592 -0.447042 -0.432178 0.162502 36.7413 -5.38948 -0.152634 3.05555 -0.0572356 -0.0257824 -1.24173 -5.46692 -0.908245 0.948782 0.524053 -0.100287 -2.59251
275.937 0.223374 0.573207 2.07463 -3.04819 0.000824434 -1.78864 0.201412 0.613122 2.13257 -3.0561 0.0403034 -1.79404 -0.0219628 0.0399144 0.0579458 -0.00790742 0.0394789 -0.00539516 0.0737105 2.32625 0.10574 0.506314 1.99146 -2.77182 -0.447851 -2.21577 -0.117635 -0.0668935 -0.0831626 0.276369 -0.448675 -0.427125 0.158835 36.323 -5.38335 -0.274727 3.06041 -0.0550118 -0.0243604 -1.1706 -5.39138 -1.04555 0.956273 0.521939 -0.0860257 -2.50739
276.266 0.221822 0.565207 2.07772 -3.03964 -0.00384167 -1.79048 0.19767 0.601891 2.13239 -3.05494 0.0412124 -1.79404 -0.0241515 0.0366834 0.0546706 -0.0153088 0.0450541 -0.00355635 0.0701273 2.73266 0.104197 0.507262 1.98948 -2.7751 -0.449774 -2.21031 -0.117624 -0.0579456 -0.0882381 0.264533 -0.445933 -0.41983 0.158048 35.7658 -5.37796 -0.327292 3.06315 -0.0539455 -0.0234268 -1.14007 -5.35611 -1.10201 0.959368 0.516009 -0.0780294 -2.47132
276.892 0.217299 0.559451 2.08204 -3.02169 -0.0214227 -1.79478 0.193917 0.586896 2.13207 -3.05351 0.0425661 -1.79407 -0.0233823 0.0274456 0.0500243 -0.0318271 0.0639888 0.000706035 0.0616638 4.095 0.102792 0.500197 1.99559 -2.77473 -0.450681 -2.21085 -0.114507 -0.0592538 -0.0864509 0.246957 -0.429259 -0.416077 0.155231 34.6394 -5.36229 -0.432817 3.06899 -0.0521976 -0.0256505 -1.07942 -5.28079 -1.21048 0.96504 0.499885 -0.0623668 -2.40018
277.15 0.211911 0.557116 2.08454 -3.01033 -0.0330104 -1.79835 0.191093 0.586922 2.14274 -3.06815 -0.0261472 -1.78886 -0.0208178 0.0298061 0.0582042 -0.0578188 0.00686323 0.00948824 0.0686259 3.36418 0.102756 0.50989 1.99181 -2.77562 -0.452723 -2.20827 -0.109155 -0.0472265 -0.0927337 0.234708 -0.419713 -0.409922 0.150813 33.8316 -5.34832 -0.503255 3.07271 -0.051877 -0.0272055 -1.03958 -5.22724 -1.27944 0.968435 0.489121 -0.0535274 -2.35311
277.433 0.206295 0.553767 2.08666 -3.00252 -0.0388492 -1.80159 0.18737 0.585114 2.14298 -3.06774 -0.0263261 -1.78887 -0.0189253 0.0313467 0.0563193 -0.0652213 0.0125231 0.0127173 0.0671762 3.85133 0.101732 0.512041 1.9948 -2.77599 -0.452882 -2.20726 -0.104563 -0.041727 -0.0918627 0.226532 -0.414033 -0.405671 0.145304 33.3352 -5.33603 -0.555994 3.07519 -0.0522418 -0.0275281 -1.01 -5.18539 -1.32941 0.970818 0.482819 -0.0482845 -2.31775
277.739 0.200128 0.550262 2.0886 -2.9963 -0.0422874 -1.80597 0.180462 0.577916 2.13731 -2.98678 -0.0300769 -1.8035 -0.019666 0.0276536 0.0487098 0.0095234 0.0122105 0.00246689 0.0593643 0.901355 0.0952382 0.505131 2.00379 -2.77513 -0.450953 -2.20912 -0.10489 -0.0451308 -0.0848049 0.221175 -0.408665 -0.403154 0.142234 32.9661 -5.32215 -0.608579 3.07737 -0.052739 -0.0278284 -0.980728 -5.14219 -1.37793 0.97315 0.47867 -0.0452717 -2.28238
278.298 0.185616 0.543649 2.09157 -2.98937 -0.0416717 -1.82077 0.165574 0.570608 2.13793 -2.98303 -0.0318789 -1.80366 -0.0200422 0.0269593 0.0463648 0.00634689 0.00979278 0.0171178 0.0572555 1.19812 0.0903666 0.502922 2.00951 -2.77296 -0.449726 -2.21045 -0.0952499 -0.0407264 -0.0820593 0.216413 -0.408054 -0.389673 0.132155 32.4396 -5.28346 -0.730261 3.08153 -0.0536617 -0.0294062 -0.913611 -5.03647 -1.48559 0.978829 0.477583 -0.0477583 -2.19977
278.598 0.180627 0.542392 2.09145 -2.98934 -0.0374141 -1.82781 0.159477 0.566065 2.13099 -2.98305 0.0341411 -1.80838 -0.0211502 0.0236732 0.0395379 0.00628967 0.0715552 0.0194288 0.050705 4.26361 0.0883318 0.504196 2.00987 -2.77397 -0.451835 -2.20701 -0.0922952 -0.038196 -0.0815802 0.215373 -0.414421 -0.379205 0.128968 32.3522 -5.26415 -0.781767 3.08291 -0.0534328 -0.0302841 -0.885425 -4.98911 -1.52939 0.981394 0.481332 -0.0515202 -2.16452
278.863 0.173926 0.539887 2.09154 -2.98895 -0.0278042 -1.83709 0.152719 0.561953 2.12651 -2.91306 -0.0248823 -1.8195 -0.0212072 0.022066 0.0349677 0.075885 0.00292183 0.0175906 0.0464693 4.49205 0.089317 0.507351 2.00806 -2.77475 -0.451817 -2.20511 -0.0846088 -0.0325361 -0.0834798 0.2142 -0.424012 -0.368017 0.123232 32.4197 -5.23593 -0.849633 3.08434 -0.0530856 -0.0317567 -0.848312 -4.92407 -1.58561 0.984841 0.490421 -0.056498 -2.11805
279.428 0.163089 0.535203 2.0917 -2.9867 -0.0097819 -1.84799 0.14137 0.558404 2.12325 -2.91845 0.0346296 -1.8233 -0.0217189 0.0232005 0.0315561 0.0682536 0.0444115 0.0246903 0.0447857 4.86091 0.0869072 0.495569 2.01894 -2.77559 -0.449712 -2.20427 -0.0761814 -0.039634 -0.072761 0.211106 -0.43993 -0.356277 0.112555 32.7782 -5.18847 -0.949321 3.0859 -0.0529912 -0.0336901 -0.793724 -4.82285 -1.66532 0.989843 0.507676 -0.061675 -2.05068
280.063 0.152019 0.533651 2.09185 -2.97836 0.002727 -1.85533 0.130723 0.563822 2.16515 -3.04145 0.0429087 -1.86152 -0.0212956 0.0301706 0.0733004 -0.0630926 0.0401817 -0.00618696 0.0820775 4.29345 0.0878081 0.504086 2.01944 -2.77794 -0.452384 -2.19753 -0.0642108 -0.0295658 -0.0724105 0.200415 -0.455111 -0.342199 0.101195 32.9365 -5.1256 -1.06169 3.08803 -0.0523571 -0.0379504 -0.731864 -4.70003 -1.75128 0.995376 0.522379 -0.0597198 -1.97689
280.423 0.148228 0.531304 2.0927 -2.97309 0.00469076 -1.85659 0.126956 0.563893 2.16543 -3.04095 0.0425711 -1.86145 -0.0212715 0.0325895 0.072728 -0.0678578 0.0378803 -0.0048694 0.0824858 4.45553 0.0867188 0.495201 2.02421 -2.77433 -0.450583 -2.20564 -0.0615087 -0.0361022 -0.0684882 0.198762 -0.455273 -0.34906 0.0988804 33.1376 -5.09635 -1.10832 3.08919 -0.0518497 -0.0390778 -0.705812 -4.64606 -1.78583 0.997652 0.52511 -0.0558221 -1.94692
280.796 0.144801 0.528902 2.0938 -2.96676 0.00410148 -1.85645 0.121554 0.55788 2.15026 -2.89777 -0.026666 -1.83864 -0.0232469 0.028978 0.0564629 0.0689897 -0.0307675 0.0178106 0.0675885 4.45676 0.0859969 0.497762 2.02444 -2.77586 -0.454477 -2.20072 -0.0588042 -0.0311401 -0.0693543 0.1909 -0.458579 -0.344268 0.0961127 33.0425 -5.06578 -1.15396 3.09045 -0.0514479 -0.0401383 -0.679705 -4.59139 -1.81904 0.999812 0.52553 -0.0501851 -1.91785
281.143 0.14198 0.525076 2.09545 -2.96016 0.00176609 -1.85523 0.11789 0.558887 2.16921 -2.86692 -0.0913368 -1.85517 -0.0240901 0.033811 0.0737569 0.093243 -0.0931029 5.67571e-05 0.084638 7.54842 0.0823785 0.492533 2.03103 -2.77145 -0.454555 -2.20814 -0.0596012 -0.0325429 -0.0644174 0.188716 -0.456321 -0.35291 0.0935999 33.1668 -5.03394 -1.19855 3.09175 -0.0511268 -0.040615 -0.653353 -4.5361 -1.85094 1.00188 0.523915 -0.0435281 -1.88967
281.544 0.139671 0.518439 2.09792 -2.95208 -0.00305007 -1.85232 0.113807 0.54832 2.14554 -2.90446 0.0379052 -1.8415 -0.0258639 0.0298814 0.0476198 0.0476208 0.0409553 0.0108211 0.0618829 3.64347 0.0783631 0.487545 2.03338 -2.77114 -0.457369 -2.20631 -0.0613082 -0.0308938 -0.0645392 0.18094 -0.454319 -0.353989 0.0942255 33.0095 -4.98958 -1.25633 3.09351 -0.050673 -0.0403189 -0.617806 -4.46149 -1.89149 1.00459 0.519541 -0.0340985 -1.85315
282.281 0.141807 0.50233 2.10293 -2.94001 -0.011302 -1.84658 0.110158 0.534676 2.14761 -2.89011 -0.0225807 -1.83863 -0.031649 0.032346 0.0446809 0.049894 -0.0112787 0.00795051 0.0635948 2.97348 0.0795441 0.475687 2.04046 -2.77143 -0.45728 -2.20696 -0.0622632 -0.0266434 -0.0624741 0.168578 -0.445978 -0.360375 0.092139 32.7048 -4.91891 -1.3394 3.09639 -0.049055 -0.0367702 -0.562633 -4.34786 -1.94782 1.00863 0.50969 -0.0172025 -1.79792
282.681 0.147875 0.493097 2.10627 -2.93025 -0.0195754 -1.8429 0.113538 0.529081 2.17809 -2.96291 0.0400682 -1.84608 -0.0343377 0.0359842 0.0718229 -0.0326634 0.0596436 -0.00318253 0.087364 3.89943 0.0816813 0.467032 2.04496 -2.77383 -0.460461 -2.2048 -0.066194 -0.0260654 -0.0613073 0.156416 -0.440886 -0.361903 0.0939129 32.4068 -4.86893 -1.39254 3.09871 -0.0470038 -0.0350271 -0.523911 -4.27115 -1.98222 1.01134 0.50143 -0.0036315 -1.75928
283.007 0.152629 0.488932 2.1082 -2.92171 -0.027137 -1.83989 0.119195 0.521243 2.17714 -2.96364 0.0422371 -1.8462 -0.0334344 0.0323106 0.068932 -0.0419342 0.0693741 -0.00631439 0.0831472 4.65699 0.0859939 0.466943 2.0453 -2.77774 -0.465523 -2.19758 -0.0666355 -0.0219898 -0.0628996 0.143969 -0.438386 -0.357693 0.0942348 32.0519 -4.82991 -1.43132 3.10069 -0.0459528 -0.0345045 -0.493938 -4.21319 -2.00632 1.01335 0.494559 0.00724122 -1.72926
283.292 0.157201 0.485392 2.10999 -2.91221 -0.0349596 -1.83635 0.124454 0.518113 2.1845 -2.88742 -0.0132246 -1.8275 -0.0327476 0.0327219 0.0745031 0.0247928 0.021735 0.00885535 0.0877146 1.96483 0.0870895 0.46075 2.04882 -2.77495 -0.465917 -2.20517 -0.0701117 -0.0246414 -0.0611712 0.137257 -0.430957 -0.368819 0.0962537 32.0395 -4.78959 -1.46922 3.10286 -0.0455061 -0.0337843 -0.463 -4.15492 -2.02888 1.01531 0.487185 0.0188194 -1.69834
283.59 0.163725 0.489328 2.11078 -2.89837 -0.0492697 -1.83242 0.13095 0.521232 2.21785 -3.04596 -0.0322768 -1.84699 -0.032775 0.0319045 0.107076 -0.147597 0.0169929 -0.014568 0.116436 8.58678 0.0879951 0.456746 2.04923 -2.77391 -0.468767 -2.20444 -0.0757296 -0.0325819 -0.0615433 0.124455 -0.419497 -0.372024 0.102879 31.567 -4.73384 -1.51837 3.10593 -0.0451041 -0.036255 -0.420909 -4.0768 -2.05658 1.01769 0.47666 0.0341282 -1.65602
283.88 0.167132 0.493747 2.11115 -2.88806 -0.0607632 -1.8303 0.135452 0.513394 2.17705 -2.86475 -0.0727889 -1.82327 -0.0316798 0.0196461 0.0659021 0.0233171 -0.0120257 0.00703589 0.0757143 1.57917 0.0925295 0.463097 2.04607 -2.77427 -0.47122 -2.19876 -0.0746027 -0.0306507 -0.0650838 0.113792 -0.410457 -0.368458 0.103638 31.0009 -4.69066 -1.55417 3.10818 -0.0456588 -0.0384393 -0.389051 -4.01795 -2.07556 1.01922 0.467939 0.0443746 -1.62373
284.202 0.169413 0.498436 2.11148 -2.879 -0.0724828 -1.82941 0.136613 0.507983 2.13431 -2.81597 -0.0452917 -1.81946 -0.0327997 0.00954773 0.0228289 0.0630323 0.0271911 0.00995259 0.041087 4.00458 0.0936467 0.46345 2.04987 -2.7674 -0.466849 -2.20814 -0.0757662 -0.0349858 -0.0616044 0.111608 -0.394366 -0.378736 0.103729 30.6726 -4.64642 -1.58896 3.11026 -0.046782 -0.0405635 -0.357124 -3.95889 -2.093 1.02048 0.4585 0.0524974 -1.59119
284.493 0.171774 0.502681 2.11209 -2.86996 -0.0874853 -1.83011 0.143169 0.525229 2.17881 -2.86965 -0.0749842 -1.82311 -0.0286057 0.0225485 0.0667131 0.00031487 0.0125011 0.00699857 0.0760089 0.821867 0.0939005 0.466156 2.05221 -2.76514 -0.465403 -2.20661 -0.0778739 -0.0365244 -0.0598862 0.104826 -0.377918 -0.376504 0.104808 29.879 -4.58595 -1.63365 3.11277 -0.0486209 -0.0421273 -0.314544 -3.8798 -2.11381 1.02186 0.444758 0.059767 -1.54758
284.813 0.17339 0.504682 2.1129 -2.86482 -0.0988265 -1.83224 0.143215 0.529214 2.17954 -2.87041 -0.0762178 -1.82314 -0.0301753 0.0245327 0.0666398 -0.00559435 0.0226088 0.00909928 0.0771574 1.42244 0.0951102 0.468269 2.05429 -2.76622 -0.467246 -2.20024 -0.0782802 -0.0364128 -0.058617 0.0986005 -0.36842 -0.368003 0.104353 29.145 -4.53956 -1.66577 3.1146 -0.0499752 -0.0428553 -0.282733 -3.82023 -2.12747 1.02279 0.433591 0.0631637 -1.51484
285.128 0.175129 0.50612 2.11343 -2.86048 -0.109837 -1.83422 0.147049 0.531227 2.17999 -2.87397 -0.0778405 -1.82343 -0.0280802 0.0251077 0.0665599 -0.0134898 0.0319968 0.0107883 0.0764795 2.06166 0.0961176 0.463996 2.05832 -2.76078 -0.465245 -2.21095 -0.0790112 -0.0421234 -0.0551098 0.0996973 -0.355408 -0.376726 0.105139 28.9358 -4.49233 -1.69661 3.11646 -0.0512044 -0.0428105 -0.251073 -3.76042 -2.13935 1.02368 0.421972 0.066272 -1.48219
285.44 0.177433 0.506493 2.11503 -2.85297 -0.124796 -1.83736 0.14861 0.535135 2.18861 -2.83156 -0.131764 -1.83817 -0.0288234 0.0286417 0.0735788 0.0214079 -0.00696865 -0.000813792 0.0840534 1.28512 0.0964516 0.462584 2.06081 -2.76081 -0.464403 -2.20977 -0.0809814 -0.043909 -0.0542194 0.0921562 -0.339608 -0.372411 0.106891 28.1264 -4.42809 -1.73565 3.11909 -0.0524951 -0.0425336 -0.20928 -3.68032 -2.15219 1.0248 0.406252 0.0721506 -1.43897
292.669 0.146155 0.513766 2.16678 -2.6606 -0.654368 -1.9791 0.117909 0.548061 2.26411 -2.659 -0.659137 -1.9803 -0.0282461 0.0342951 0.0973308 0.00160701 -0.00476845 -0.00119889 0.106992 0.282549 0.137187 0.443757 2.09931 -2.74818 -0.477253 -2.20586 -0.00896787 -0.0700086 -0.067462 -0.0875782 0.177116 -0.226757 0.0976358 19.1406 -3.12648 -1.91908 3.13793 -0.0548594 -0.0592563 0.488036 -2.25999 -1.71899 1.00755 -0.127396 0.205343 -0.795718
293.069 0.14749 0.510564 2.16816 -2.67396 -0.671878 -1.9789 0.118439 0.536999 2.21862 -2.64051 -0.688499 -2.00017 -0.0290513 0.0264346 0.0504605 0.0334459 -0.0166213 -0.0212698 0.0639455 1.76813 0.141271 0.445827 2.09721 -2.74682 -0.476637 -2.20435 -0.00621894 -0.064737 -0.0709546 -0.0728577 0.195241 -0.225455 0.0962502 19.1694 -3.05895 -1.89865 3.13688 -0.056157 -0.057342 0.527353 -2.19961 -1.66926 1.00582 -0.146367 0.190437 -0.763351
293.455 0.150098 0.507844 2.16879 -2.68609 -0.680726 -1.97605 0.118428 0.533069 2.2184 -2.64132 -0.686457 -1.99947 -0.0316708 0.0252244 0.0496051 0.0447698 -0.00573126 -0.0234167 0.0640311 2.03471 0.145283 0.444595 2.09711 -2.74854 -0.478872 -2.19854 -0.00481489 -0.0632491 -0.0716825 -0.0624476 0.201855 -0.222484 0.0957184 18.9336 -3.00864 -1.88128 3.13613 -0.0570639 -0.0552674 0.55781 -2.15573 -1.63099 1.00459 -0.156387 0.17901 -0.737733
293.745 0.154833 0.5048 2.16903 -2.70054 -0.685122 -1.97005 0.121866 0.540155 2.26412 -2.66308 -0.655458 -1.97782 -0.0329674 0.0353546 0.0950943 0.0374606 0.0296639 -0.0077703 0.106676 2.55068 0.144116 0.438317 2.10397 -2.74396 -0.476844 -2.2074 -0.0107172 -0.0664834 -0.0650512 -0.0434194 0.208278 -0.237354 0.0936299 19.2362 -2.95861 -1.86209 3.13536 -0.057576 -0.05267 0.589192 -2.113 -1.59185 1.00341 -0.161766 0.167721 -0.711274
294.109 0.164705 0.503737 2.16787 -2.72277 -0.684085 -1.95659 0.128563 0.535415 2.26085 -2.71441 -0.672017 -1.95679 -0.0361417 0.0316785 0.0929748 0.00835609 0.0120674 -0.000191968 0.104662 0.836966 0.150331 0.436035 2.1071 -2.74588 -0.479022 -2.20481 -0.0143738 -0.067702 -0.0607748 -0.0231097 0.205062 -0.248212 0.0921073 19.0276 -2.89234 -1.83362 3.13432 -0.0573997 -0.0499336 0.632325 -2.05771 -1.53817 1.00202 -0.160197 0.153625 -0.675358
294.404 0.174056 0.507686 2.16554 -2.74037 -0.679467 -1.9435 0.132742 0.524592 2.21537 -2.69558 -0.702576 -1.9754 -0.0413141 0.0169067 0.049833 0.044791 -0.0231096 -0.0319086 0.0669031 2.38753 0.157853 0.436362 2.10861 -2.74484 -0.47918 -2.2073 -0.0162034 -0.0713237 -0.0569354 -0.00446764 0.200287 -0.263801 0.092689 19.0705 -2.84296 -1.81012 3.13363 -0.0566682 -0.0496352 0.665172 -2.01748 -1.49672 1.00115 -0.1529 0.144005 -0.648505
294.695 0.183885 0.511631 2.16285 -2.75817 -0.671067 -1.92812 0.144458 0.528872 2.21709 -2.70311 -0.706166 -1.97199 -0.0394264 0.0172417 0.0542363 0.0550591 -0.0350992 -0.0438746 0.0692336 3.19892 0.162044 0.436705 2.10978 -2.7463 -0.479477 -2.20496 -0.0218407 -0.074926 -0.0530703 0.0118687 0.19159 -0.276845 0.0943789 18.9747 -2.79388 -1.78484 3.13306 -0.0558568 -0.0490283 0.698227 -1.97829 -1.45424 1.00044 -0.141866 0.135684 -0.62212
295.057 0.196924 0.521246 2.15816 -2.77947 -0.6585 -1.90694 0.15588 0.539754 2.24202 -2.75128 -0.680943 -1.92082 -0.0410446 0.0185073 0.0838543 0.0281929 -0.0224435 -0.0138847 0.0951773 1.81661 0.167143 0.442641 2.10855 -2.74736 -0.480168 -2.20267 -0.0297815 -0.0786049 -0.0496106 0.0321069 0.178332 -0.295729 0.0976058 18.9854 -2.72897 -1.74851 3.13266 -0.0546509 -0.0497845 0.742042 -1.92772 -1.39593 0.999687 -0.124344 0.127059 -0.587918
295.363 0.206363 0.52955 2.15443 -2.79347 -0.649202 -1.89163 0.166384 0.545318 2.22471 -2.74516 -0.632783 -1.90381 -0.0399794 0.015768 0.0702819 0.0483105 0.0164186 -0.0121794 0.0823804 2.59299 0.174277 0.451178 2.10555 -2.75022 -0.482281 -2.19571 -0.0320866 -0.0783727 -0.048875 0.0432473 0.166921 -0.304082 0.0977784 18.8166 -2.68075 -1.71944 3.1327 -0.053638 -0.0506908 0.774499 -1.89102 -1.35094 0.999266 -0.111221 0.122216 -0.562887
295.712 0.215703 0.535583 2.15113 -2.80703 -0.640359 -1.877 0.177986 0.554865 2.22406 -2.74808 -0.642164 -1.90273 -0.0377178 0.0192819 0.0729248 0.0589532 -0.00180474 -0.0257244 0.0843353 2.76329 0.174496 0.446505 2.11032 -2.74657 -0.477638 -2.20416 -0.0412076 -0.0890782 -0.0408147 0.060461 0.162721 -0.327155 0.106296 19.5052 -2.63298 -1.68893 3.13303 -0.052472 -0.0504081 0.806676 -1.85533 -1.30489 0.998949 -0.0998523 0.117802 -0.538122
296.082 0.223044 0.54364 2.14786 -2.81921 -0.634745 -1.86467 0.188953 0.558699 2.20474 -2.77576 -0.646356 -1.87262 -0.0340913 0.0150585 0.0568728 0.0434497 -0.0116117 -0.00795326 0.0679962 2.34351 0.180304 0.451853 2.10975 -2.74725 -0.478386 -2.20043 -0.0427406 -0.0917873 -0.0381133 0.0719564 0.156359 -0.335762 0.108186 19.5591 -2.58568 -1.65707 3.13364 -0.051931 -0.051156 0.838573 -1.82058 -1.25778 0.99872 -0.0913435 0.112646 -0.51331
296.572 0.229905 0.552452 2.14427 -2.83509 -0.630936 -1.85096 0.198648 0.573292 2.22774 -2.81715 -0.667364 -1.87709 -0.0312564 0.0208395 0.0834675 0.0179422 -0.0364287 -0.0261241 0.0915318 2.4068 0.179478 0.449303 2.11451 -2.7419 -0.474938 -2.20857 -0.0504265 -0.103149 -0.0297646 0.0931888 0.155997 -0.357601 0.118611 20.2988 -2.52343 -1.61267 3.13483 -0.0522733 -0.0511765 0.880934 -1.77561 -1.19326 0.998565 -0.0852884 0.103731 -0.479596
297.029 0.233388 0.556756 2.14248 -2.84683 -0.630778 -1.84273 0.203571 0.577672 2.20725 -2.85844 -0.629902 -1.84512 -0.0298173 0.0209168 0.0647684 -0.011611 0.000876128 -0.00239025 0.074307 0.755888 0.181193 0.45637 2.11317 -2.74313 -0.476118 -2.2038 -0.0521952 -0.100385 -0.0293102 0.103694 0.154659 -0.361074 0.116879 20.2799 -2.47742 -1.57798 3.13594 -0.053192 -0.0502539 0.912913 -1.74286 -1.14351 0.998547 -0.0848398 0.0956353 -0.453511
297.498 0.236365 0.560918 2.14096 -2.85851 -0.633799 -1.83628 0.205402 0.577587 2.1852 -2.80289 -0.660304 -1.8437 -0.0309625 0.016669 0.0442386 0.0556161 -0.0265048 -0.00741635 0.0565118 3.31777 0.183704 0.457628 2.11516 -2.74544 -0.478146 -2.19707 -0.0526608 -0.10329 -0.0257922 0.113065 0.155653 -0.360785 0.118774 20.1505 -2.43205 -1.54212 3.13721 -0.0543212 -0.0493425 0.945216 -1.71094 -1.09256 0.998631 -0.087853 0.086357 -0.426511
297.882 0.240201 0.563427 2.13993 -2.8759 -0.640765 -1.82978 0.211485 0.589825 2.20945 -2.86398 -0.636958 -1.84357 -0.0287161 0.0263984 0.0695195 0.0119263 0.00380697 -0.0137853 0.0797148 0.703322 0.182675 0.457011 2.11764 -2.7463 -0.480014 -2.19591 -0.057526 -0.106416 -0.0222878 0.129608 0.16075 -0.366124 0.123005 20.3161 -2.37265 -1.49246 3.13906 -0.0560008 -0.0471283 0.989013 -1.66956 -1.02266 0.998992 -0.0960772 0.071055 -0.388808
298.328 0.243711 0.562936 2.13952 -2.89062 -0.646655 -1.82471 0.213285 0.586881 2.18772 -2.82407 -0.623826 -1.83791 -0.0304257 0.0239455 0.0481963 0.0665518 0.0228289 -0.0132012 0.0618223 3.66052 0.182112 0.448973 2.12103 -2.74318 -0.477708 -2.20581 -0.0615986 -0.113963 -0.0184916 0.147443 0.168946 -0.381108 0.130858 21.0491 -2.32897 -1.45379 3.14043 -0.0572877 -0.0443641 1.02283 -1.6394 -0.968657 0.999437 -0.103993 0.0581447 -0.359342
298.688 0.247524 0.56419 2.13884 -2.90526 -0.653813 -1.81995 0.217118 0.585955 2.18793 -2.81126 -0.664724 -1.84042 -0.0304058 0.0217649 0.0490909 0.0940031 -0.0109103 -0.0204693 0.0617102 4.79951 0.184087 0.453075 2.11737 -2.74658 -0.478827 -2.19815 -0.0634371 -0.111114 -0.021472 0.158679 0.174986 -0.378203 0.129737 20.9513 -2.28606 -1.41382 3.14166 -0.0586886 -0.0426473 1.05755 -1.61004 -0.913207 0.999942 -0.112181 0.0448247 -0.328917
299.112 0.251701 0.56447 2.13832 -2.91987 -0.660395 -1.81481 0.22329 0.594308 2.21176 -2.8728 -0.6392 -1.84014 -0.0284102 0.0298378 0.0734356 0.0470614 0.0211942 -0.0253279 0.0842035 2.47291 0.182701 0.44221 2.12196 -2.74355 -0.473039 -2.20662 -0.0689995 -0.12226 -0.0163593 0.176317 0.187355 -0.391806 0.141337 21.7871 -2.24398 -1.37252 3.14267 -0.060242 -0.0406042 1.09317 -1.58153 -0.856258 1.00047 -0.120113 0.031652 -0.297551
299.439 0.259083 0.563521 2.13768 -2.93949 -0.667594 -1.80727 0.227212 0.592086 2.20355 -2.93288 -0.660668 -1.81834 -0.0318716 0.0285645 0.0658704 0.00661068 0.00692572 -0.0110621 0.0785534 0.637965 0.189645 0.44747 2.11904 -2.74757 -0.472414 -2.2002 -0.0694384 -0.116051 -0.018635 0.191916 0.19518 -0.392926 0.136517 21.9571 -2.18924 -1.31531 3.14355 -0.0619442 -0.0375142 1.14189 -1.54492 -0.777936 1.00112 -0.129368 0.0147512 -0.254399
299.817 0.266179 0.564996 2.13643 -2.95401 -0.672899 -1.80142 0.233173 0.592573 2.20535 -2.93842 -0.658802 -1.81614 -0.033006 0.0275777 0.068921 0.015587 0.0140968 -0.0147194 0.0812406 1.10924 0.19063 0.45383 2.11725 -2.75159 -0.474085 -2.19346 -0.0755492 -0.111166 -0.0191841 0.202415 0.198814 -0.39204 0.13577 21.9624 -2.14927 -1.27074 3.14387 -0.0627412 -0.0363284 1.17903 -1.5186 -0.717383 1.00157 -0.135035 0.0026358 -0.221269
300.187 0.274088 0.566437 2.13496 -2.96818 -0.677474 -1.7952 0.239894 0.588815 2.18802 -2.96918 -0.725782 -1.79529 -0.0341941 0.0223786 0.053056 -0.000994766 -0.0483082 -9.37778e-05 0.0669699 2.76852 0.192596 0.447549 2.12497 -2.74979 -0.471632 -2.20319 -0.0814927 -0.118887 -0.00999525 0.218396 0.205842 -0.407997 0.144482 22.7954 -2.11028 -1.22473 3.14398 -0.0632721 -0.0351993 1.2164 -1.49338 -0.65529 1.00202 -0.139879 -0.00871618 -0.187866
300.479 0.284022 0.56934 2.13321 -2.98481 -0.683863 -1.78748 0.247735 0.591216 2.18982 -2.9782 -0.725996 -1.79194 -0.0362864 0.0218762 0.0566147 0.00660882 -0.0421335 -0.00445561 0.0707142 2.43124 0.195985 0.45685 2.12465 -2.75224 -0.472435 -2.19989 -0.0880365 -0.11249 -0.00856056 0.232565 0.211428 -0.412414 0.1431 23.0953 -2.05988 -1.16118 3.14401 -0.0643148 -0.0347634 1.26628 -1.46167 -0.570161 1.00275 -0.145681 -0.0222328 -0.143471
300.796 0.290637 0.573853 2.13143 -2.99497 -0.689999 -1.78192 0.259369 0.593499 2.19118 -2.98499 -0.728104 -1.78799 -0.0312681 0.0196456 0.0597514 0.00998166 -0.0381042 -0.00607233 0.0702416 2.22598 0.194831 0.463765 2.12611 -2.75546 -0.475514 -2.19126 -0.0958058 -0.110088 -0.00532303 0.239513 0.214485 -0.409336 0.146036 23.0178 -2.02334 -1.11191 3.14417 -0.0653758 -0.0355452 1.30343 -1.43951 -0.504636 1.00347 -0.150384 -0.0307333 -0.110514
301.167 0.296475 0.579156 2.12963 -3.00267 -0.697254 -1.77675 0.257644 0.58884 2.14633 3.12807 -0.715812 -1.73742 -0.0388314 0.00968417 0.0167006 6.13075 -0.0185585 0.0393247 0.0433656 7.54535 0.191352 0.460459 2.13317 -2.75055 -0.470716 -2.20016 -0.105123 -0.118697 0.00353591 0.252117 0.226538 -0.423412 0.158595 23.9343 -1.98796 -1.06134 3.14455 -0.0666419 -0.0367641 1.34022 -1.41892 -0.437741 1.0044 -0.155865 -0.0372913 -0.077933
301.53 0.302339 0.589482 2.12734 -3.00697 -0.711695 -1.77297 0.275397 0.611879 2.21249 -3.04789 -0.694911 -1.74044 -0.0269419 0.0223966 0.0851521 -0.0409185 0.0167842 0.0325335 0.092078 2.05976 0.187029 0.469267 2.13572 -2.74897 -0.469588 -2.19592 -0.11531 -0.120215 0.00838435 0.258 0.242107 -0.422948 0.166788 24.3323 -1.94273 -0.99208 3.14563 -0.0687562 -0.0404895 1.38818 -1.39418 -0.346633 1.006 -0.166213 -0.0425172 -0.0348259
301.829 0.30542 0.59201 2.12723 -3.00692 -0.723525 -1.77137 0.266377 0.59619 2.11931 3.07386 -0.760736 -1.70826 -0.0390433 0.00418048 -0.00791941 6.08078 -0.0372114 0.0631092 0.0400571 9.76622 0.184975 0.480156 2.13264 -2.75173 -0.46929 -2.18622 -0.120445 -0.111853 0.00541237 0.255185 0.254235 -0.414847 0.164461 24.3558 -1.91038 -0.938933 3.1469 -0.0707328 -0.0409471 1.42356 -1.37786 -0.277043 1.00747 -0.177479 -0.0439292 -0.00240846
302.203 0.30909 0.596079 2.12704 -3.00403 -0.739155 -1.7721 0.270422 0.601455 2.12164 3.11596 -0.793005 -1.71008 -0.0386673 0.00537611 -0.00540276 6.11998 -0.0538502 0.0620275 0.0394113 7.96639 0.181976 0.475039 2.13899 -2.74808 -0.464198 -2.19376 -0.127114 -0.12104 0.011951 0.255944 0.274956 -0.421655 0.17593 25.2465 -1.87948 -0.884842 3.14856 -0.0721706 -0.0424081 1.45839 -1.36357 -0.206502 1.00915 -0.19171 -0.0434855 0.0302993
302.499 0.313965 0.601172 2.12728 -2.9962 -0.764291 -1.77701 0.273523 0.604826 2.11717 3.08791 -0.768233 -1.71042 -0.0404415 0.00365408 -0.0101071 6.08411 -0.00394185 0.066593 0.0418452 9.1832 0.177805 0.481058 2.13917 -2.7492 -0.464047 -2.19112 -0.13616 -0.120114 0.0118947 0.246998 0.300245 -0.414108 0.181957 25.7504 -1.84065 -0.811418 3.15117 -0.0735505 -0.0446459 1.50356 -1.3479 -0.111191 1.01158 -0.215042 -0.0407856 0.0744316
302.824 0.316566 0.603369 2.12816 -2.98781 -0.784752 -1.78326 0.287415 0.62751 2.17969 -3.09495 -0.739898 -1.75198 -0.0291505 0.024141 0.05153 -0.107144 0.0448533 0.0312829 0.0639365 5.68293 0.172195 0.478648 2.14361 -2.7498 -0.465045 -2.1911 -0.14437 -0.12472 0.0154474 0.238004 0.319707 -0.407837 0.191407 26.1764 -1.81334 -0.755508 3.15326 -0.0746759 -0.0458871 1.53657 -1.33882 -0.0389097 1.01348 -0.234893 -0.0378457 0.107803
303.181 0.318504 0.604815 2.12939 -2.97785 -0.805903 -1.79128 0.286732 0.620781 2.15325 -3.10937 -0.801907 -1.72817 -0.0317715 0.0159665 0.0238673 -0.131522 0.00399567 0.0631058 0.0428252 5.53746 0.169322 0.478961 2.14693 -2.7489 -0.463626 -2.19369 -0.149182 -0.125854 0.0175389 0.228943 0.342277 -0.402406 0.195965 26.8226 -1.78763 -0.69897 3.15534 -0.0757731 -0.0470485 1.56895 -1.33214 0.0339154 1.01541 -0.255727 -0.0344508 0.141226
303.485 0.319727 0.607124 2.13034 -2.967 -0.82788 -1.8007 0.297024 0.636557 2.20118 -3.0171 -0.813892 -1.78098 -0.0227021 0.0294336 0.0708392 -0.0501043 0.0139874 0.0197168 0.0799994 2.32658 0.15977 0.485727 2.14689 -2.75036 -0.464228 -2.18931 -0.159956 -0.121397 0.0165504 0.216637 0.363652 -0.388613 0.201487 27.2207 -1.76356 -0.641878 3.1574 -0.0768106 -0.0486581 1.60067 -1.32797 0.107121 1.01736 -0.277261 -0.0311399 0.17464
303.784 0.319538 0.605982 2.13337 -2.95136 -0.857378 -1.81637 0.296401 0.636101 2.19627 -2.99158 -0.787262 -1.77621 -0.0231365 0.030119 0.062905 -0.0402191 0.0701155 0.0401584 0.0734813 4.35514 0.155038 0.490116 2.1494 -2.75195 -0.464236 -2.18532 -0.1645 -0.115865 0.0160362 0.199408 0.393141 -0.368945 0.201847 27.8936 -1.73408 -0.56503 3.16012 -0.0785403 -0.0497825 1.64204 -1.3264 0.204981 1.02002 -0.307203 -0.0278649 0.21915
304.085 0.318616 0.604187 2.13577 -2.94071 -0.879714 -1.82867 0.294713 0.63253 2.18406 -2.96701 -0.844887 -1.82879 -0.0239036 0.0283423 0.0482859 -0.0263053 0.0348271 -0.000118508 0.0608786 2.50374 0.14803 0.481919 2.15548 -2.74789 -0.459959 -2.1949 -0.170587 -0.122268 0.0197106 0.192815 0.419756 -0.366229 0.210803 29.0121 -1.71399 -0.506918 3.16215 -0.0798118 -0.0502022 1.67252 -1.32828 0.278301 1.02205 -0.330508 -0.0268978 0.252415
304.423 0.317358 0.60425 2.13743 -2.93202 -0.902849 -1.84111 0.2943 0.628747 2.18089 -2.93838 -0.873295 -1.83349 -0.0230582 0.0244972 0.0434601 -0.006363 0.0295536 0.00762032 0.0549598 1.71578 0.138669 0.492943 2.15395 -2.74856 -0.461234 -2.19096 -0.17869 -0.111306 0.0165144 0.183457 0.441615 -0.349854 0.211168 29.5923 -1.69568 -0.44844 3.16411 -0.0808405 -0.0513552 1.70242 -1.33279 0.351359 1.02408 -0.354037 -0.0280449 0.285622
304.745 0.315686 0.601909 2.1399 -2.9263 -0.924925 -1.8537 0.301478 0.646359 2.24856 -2.92156 -0.879138 -1.84936 -0.0142081 0.0444495 0.108661 0.00474305 0.0457876 0.00433888 0.118258 2.66902 0.134846 0.493845 2.15739 -2.74635 -0.460356 -2.19371 -0.18084 -0.108064 0.0174899 0.179952 0.464569 -0.340013 0.211393 30.4326 -1.6792 -0.389659 3.16591 -0.0817542 -0.0520273 1.73179 -1.33993 0.424025 1.02611 -0.376654 -0.0319876 0.318859
305.679 0.309744 0.594963 2.14447 -2.9597 -0.983848 -1.87438 0.287508 0.620213 2.18769 -2.94239 -0.986212 -1.86706 -0.0222357 0.0252495 0.0432164 0.0173006 -0.00236454 0.00732053 0.0547688 1.36745 0.119917 0.509695 2.15751 -2.74416 -0.461153 -2.18967 -0.189827 -0.0852682 0.01304 0.215534 0.522695 -0.315287 0.208507 32.6451 -1.63481 -0.17252 3.17033 -0.0828028 -0.0553471 1.83682 -1.38822 0.685254 1.0338 -0.434804 -0.0797122 0.443602
306.056 0.306595 0.594908 2.14446 -2.98337 -0.992691 -1.87281 0.294503 0.638631 2.25591 -2.95108 -0.970669 -1.87987 -0.0120918 0.043723 0.111443 0.032295 0.022022 -0.0070572 0.120322 1.98367 0.117055 0.504481 2.16187 -2.73811 -0.459669 -2.19832 -0.18954 -0.0904275 0.0174079 0.245265 0.533022 -0.325507 0.210727 33.3453 -1.62714 -0.113204 3.17089 -0.0832679 -0.0572131 1.86487 -1.40723 0.754529 1.03595 -0.442286 -0.101758 0.478893
306.72 0.299507 0.585396 2.14595 -3.04657 -0.995959 -1.86012 0.286239 0.631964 2.25321 -2.9943 -0.967654 -1.88355 -0.0132672 0.046568 0.107263 0.0522762 0.0283051 -0.0234375 0.117686 2.59133 0.109492 0.499067 2.16156 -2.73415 -0.458683 -2.20098 -0.190015 -0.0863291 0.0156114 0.312426 0.537275 -0.34086 0.209289 34.0648 -1.61759 0.00487591 3.17125 -0.0844158 -0.0570305 1.92095 -1.45246 0.88973 1.0403 -0.447106 -0.153416 0.550765
307.597 0.293695 0.573363 2.1438 3.11537 -0.976931 -1.82778 0.27177 0.603843 2.20575 3.01836 0.432107 -1.91692 -0.0219243 0.0304807 0.0619509 -0.0970148 1.40904 -0.0891416 0.0724407 81.1263 0.107922 0.486282 2.15462 -2.73426 -0.457136 -2.19931 -0.185773 -0.0870804 0.0108191 -5.84963 0.519795 -0.371529 0.205454 35.0195 -1.61926 0.198914 3.17009 -0.0842021 -0.0569217 2.01674 -1.54795 1.10326 1.04714 -0.432505 -0.245799 0.672014
307.9 0.291603 0.573377 2.14195 3.07863 -0.966945 -1.82078 0.275846 0.612984 2.24658 3.06079 0.373135 -1.88749 -0.0157574 0.0396072 0.104629 -0.0178471 1.34008 -0.066714 0.112979 76.8832 0.109223 0.496342 2.14613 -2.73911 -0.46303 -2.1859 -0.18238 -0.0770349 0.00418003 -5.81774 0.503915 -0.365123 0.198026 34.8497 -1.62609 0.27514 3.16949 -0.0840991 -0.0587571 2.05542 -1.59277 1.18378 1.04943 -0.423194 -0.276102 0.719368
308.194 0.289344 0.574838 2.14054 3.05825 -0.960302 -1.81895 0.269326 0.599594 2.20084 3.09376 0.428138 -1.87911 -0.020018 0.0247554 0.0602994 0.0355095 1.38844 -0.0601632 0.0681878 79.6105 0.106245 0.496866 2.14733 -2.73426 -0.459495 -2.19306 -0.183098 -0.0779719 0.00679384 -5.79251 0.500807 -0.374106 0.199125 35.3302 -1.63345 0.331577 3.16916 -0.084243 -0.0606673 2.08414 -1.62868 1.24213 1.05093 -0.416594 -0.294554 0.754112
308.48 0.286858 0.574835 2.13988 3.0436 -0.954964 -1.81918 0.269585 0.609495 2.22666 3.11069 0.384247 -1.88715 -0.0172729 0.0346595 0.0867834 0.0670888 1.33921 -0.0679623 0.0950316 76.8368 0.108667 0.493881 2.15462 -2.73201 -0.459729 -2.1943 -0.178191 -0.0809546 0.014746 -5.77561 0.495235 -0.375115 0.196273 35.4955 -1.64268 0.387246 3.16912 -0.0844558 -0.0618545 2.11264 -1.66642 1.2986 1.05234 -0.411875 -0.308774 0.788096
309.342 0.280265 0.57584 2.14036 3.03385 -0.964308 -1.82788 0.26036 0.606988 2.21405 -3.14005 0.367716 -1.88094 -0.0199046 0.031148 0.0736842 -6.17389 1.33202 -0.0530544 0.0824363 76.5091 0.110398 0.499719 2.16428 -2.72534 -0.463533 -2.19824 -0.169867 -0.0761218 0.0239179 -5.75919 0.500775 -0.370354 0.187673 36.0269 -1.68666 0.566137 3.17336 -0.0841714 -0.0647642 2.20592 -1.80389 1.47198 1.05751 -0.421614 -0.32226 0.893414
309.64 0.279936 0.576287 2.14113 3.03866 -0.974099 -1.83108 0.256599 0.603579 2.19803 -3.11881 0.398743 -1.88398 -0.0233373 0.0272911 0.0569019 -6.15747 1.37284 -0.0529006 0.0672849 78.8976 0.108406 0.498515 2.16978 -2.72378 -0.46384 -2.2006 -0.17153 -0.0777729 0.028653 -5.76245 0.510259 -0.36952 0.190505 36.2975 -1.70366 0.617563 3.17583 -0.0832208 -0.0655183 2.23317 -1.84819 1.5195 1.05934 -0.430693 -0.318382 0.922135
310.031 0.280345 0.575963 2.14229 3.04611 -0.988521 -1.83405 0.259435 0.612442 2.23043 -3.08704 0.389271 -1.86782 -0.0209103 0.0364786 0.0881456 -6.13315 1.37779 -0.0337721 0.0976605 79.2848 0.113703 0.506302 2.16854 -2.72507 -0.464068 -2.19856 -0.166642 -0.0696612 0.0262568 -5.77118 0.524453 -0.364512 0.182515 36.6301 -1.72887 0.684404 3.17962 -0.0815761 -0.0658023 2.26899 -1.90914 1.57976 1.06204 -0.444431 -0.311016 0.958762
310.342 0.281081 0.574567 2.14351 3.05139 -0.999246 -1.83571 0.259435 0.612442 2.23043 -3.08704 0.389271 -1.86782 -0.0216459 0.037875 0.0869262 -6.13843 1.38852 -0.0321023 0.0972586 79.8713 0.115842 0.496868 2.17629 -2.72415 -0.462511 -2.20307 -0.165238 -0.0776984 0.0327866 -5.77554 0.536735 -0.367359 0.185515 37.0349 -1.74959 0.733248 3.18262 -0.0801826 -0.0656024 2.29569 -1.95615 1.62273 1.06419 -0.45485 -0.305312 0.985496
310.667 0.281846 0.570477 2.14529 3.05576 -1.00801 -1.83621 0.259135 0.603171 2.20342 3.14059 0.442686 -1.89848 -0.0227113 0.0326947 0.0581313 0.0848356 1.4507 -0.0622632 0.0704556 83.2341 0.113606 0.490944 2.17994 -2.7271 -0.46443 -2.20032 -0.16824 -0.0795322 0.0346536 -5.78286 0.543583 -0.364105 0.189291 37.1241 -1.77181 0.78102 3.18563 -0.0789295 -0.0641196 2.32252 -2.00418 1.66382 1.06638 -0.464429 -0.299741 1.01179
311.027 0.282577 0.568769 2.1464 3.06031 -1.01623 -1.83654 0.259137 0.599327 2.20344 3.14018 0.443696 -1.89877 -0.0234397 0.0305582 0.0570408 0.0798663 1.45992 -0.0622286 0.068825 83.7512 0.119188 0.494577 2.17901 -2.73036 -0.467765 -2.195 -0.163389 -0.0741915 0.0326051 -5.79067 0.548463 -0.358462 0.182383 37.115 -1.79549 0.82777 3.18857 -0.0778313 -0.0635195 2.34956 -2.05319 1.70307 1.06852 -0.472542 -0.294336 1.03774
311.604 0.284265 0.566453 2.14805 3.06335 -1.03215 -1.83379 0.265215 0.606199 2.24681 -3.13744 0.451858 -1.88582 -0.0190497 0.0397463 0.0987577 -6.20078 1.48401 -0.0520367 0.108147 85.1239 0.125063 0.48147 2.19174 -2.7284 -0.467718 -2.20132 -0.159202 -0.0849822 0.0436906 -5.79175 0.564434 -0.367534 0.185677 37.7584 -1.85631 0.933056 3.19514 -0.0759096 -0.062088 2.41355 -2.17063 1.78771 1.07331 -0.488674 -0.287414 1.09934
311.928 0.285816 0.566647 2.14813 3.05833 -1.03847 -1.83017 0.265201 0.604229 2.24677 3.13868 0.452273 -1.88901 -0.0206148 0.0375819 0.0986429 0.0803475 1.49075 -0.0588455 0.107554 85.5096 0.129758 0.485113 2.18908 -2.73128 -0.469422 -2.1952 -0.156058 -0.0815335 0.0409549 -5.78962 0.56905 -0.36503 0.180773 37.9685 -1.88469 0.976586 3.19782 -0.0750297 -0.0616885 2.44144 -2.222 1.82119 1.07533 -0.495211 -0.288766 1.12702
312.274 0.288618 0.567702 2.14753 3.04432 -1.04544 -1.82285 0.26304 0.593724 2.20397 3.12091 0.487214 -1.91282 -0.0255783 0.026022 0.0564351 0.0765942 1.53266 -0.0899682 0.0672035 87.9439 0.1351 0.473469 2.19467 -2.72765 -0.463977 -2.20282 -0.153518 -0.0942324 0.0471385 -5.77196 0.581465 -0.379968 0.186198 38.8977 -1.9246 1.03316 3.20103 -0.0737775 -0.0612062 2.47881 -2.29134 1.86346 1.07792 -0.502948 -0.295657 1.16564
312.577 0.29078 0.567811 2.14699 3.02878 -1.0486 -1.81557 0.26771 0.601968 2.23469 -3.12916 0.479468 -1.89455 -0.0230697 0.0341567 0.0876943 -6.15794 1.52807 -0.0789753 0.0968978 87.7642 0.135448 0.470432 2.19258 -2.72848 -0.464234 -2.20097 -0.155331 -0.0973785 0.0455938 -5.75726 0.584367 -0.385401 0.188916 39.3053 -1.95601 1.07449 3.20307 -0.0730431 -0.0604124 2.50708 -2.34392 1.89349 1.07969 -0.50757 -0.304422 1.1958
312.913 0.293224 0.568412 2.14612 3.00952 -1.05056 -1.80676 0.27162 0.601981 2.23474 -3.13034 0.479089 -1.8954 -0.021604 0.0335693 0.0886177 -6.13986 1.52965 -0.0886426 0.0971943 87.9175 0.142117 0.470605 2.18836 -2.73091 -0.466959 -2.1957 -0.151107 -0.0978071 0.0422436 -5.74043 0.5836 -0.388944 0.184889 39.5849 -1.98866 1.11489 3.20474 -0.0724168 -0.059705 2.53567 -2.39696 1.92217 1.08124 -0.511258 -0.315775 1.22673
313.211 0.296508 0.574343 2.14346 2.98089 -1.05385 -1.79412 0.270104 0.599455 2.21445 3.13858 0.515695 -1.88504 -0.0264046 0.0251122 0.0709953 0.157685 1.56955 -0.0909159 0.0798007 90.2483 0.146022 0.465233 2.18798 -2.72505 -0.46483 -2.20577 -0.150486 -0.10911 0.0445243 -5.70594 0.589023 -0.411645 0.191137 40.5478 -2.03404 1.16731 3.20643 -0.0718005 -0.060717 2.57391 -2.46831 1.95836 1.08289 -0.515492 -0.333709 1.26871
313.827 0.301412 0.579726 2.14024 2.93244 -1.05645 -1.77219 0.276242 0.604576 2.20144 -3.11873 0.497907 -1.88084 -0.0251696 0.0248501 0.0612037 -6.05117 1.55436 -0.108647 0.0706889 89.7267 0.15322 0.462707 2.18346 -2.72889 -0.469057 -2.19646 -0.148192 -0.11702 0.0432191 -5.66133 0.587393 -0.424267 0.193707 41.4268 -2.10569 1.2427 3.20764 -0.0714748 -0.0605447 2.63154 -2.57652 2.00852 1.08424 -0.522202 -0.363864 1.33243
314.15 0.305252 0.584456 2.13767 2.8987 -1.05783 -1.75647 0.28309 0.616979 2.23251 -3.08817 0.489363 -1.86346 -0.0221629 0.0325227 0.094841 -5.98687 1.54719 -0.106994 0.102683 89.7306 0.160796 0.455959 2.18673 -2.72578 -0.46644 -2.20345 -0.144456 -0.128497 0.0490653 -5.62448 0.591386 -0.446982 0.199466 42.4494 -2.15565 1.29069 3.20754 -0.0714496 -0.0608312 2.67016 -2.64945 2.03945 1.08443 -0.52645 -0.384856 1.37496
314.47 0.308057 0.586823 2.13596 2.87413 -1.05704 -1.74468 0.28241 0.614071 2.21155 -3.05365 0.475665 -1.85547 -0.0256468 0.0272481 0.0755903 -5.92777 1.5327 -0.110788 0.0843452 89.3971 0.163949 0.456916 2.1878 -2.72781 -0.468136 -2.19904 -0.144108 -0.129907 0.0518373 -5.60193 0.588901 -0.454367 0.200823 42.8857 -2.19416 1.32546 3.207 -0.071709 -0.0605336 2.69914 -2.70462 2.06143 1.08427 -0.528436 -0.400281 1.40638
314.786 0.310772 0.590481 2.13384 2.85267 -1.05429 -1.73414 0.28995 0.624663 2.2323 -3.04108 0.436585 -1.86865 -0.0208219 0.0341818 0.0984517 -5.89375 1.49087 -0.134514 0.106276 87.3567 0.170786 0.459432 2.18557 -2.72981 -0.47042 -2.19295 -0.139986 -0.13105 0.0517249 -5.58248 0.583869 -0.458809 0.198609 43.1776 -2.23351 1.35912 3.20606 -0.072192 -0.0608774 2.72808 -2.76031 2.08238 1.08388 -0.527533 -0.41435 1.43655
315.117 0.314845 0.591686 2.13162 2.83147 -1.04303 -1.72244 0.28598 0.61467 2.17943 -3.01748 0.487209 -1.85734 -0.0288644 0.0229832 0.0478014 -5.84895 1.53023 -0.134897 0.060385 90.058 0.179699 0.456048 2.18536 -2.73017 -0.470226 -2.19124 -0.135146 -0.135638 0.0537321 -5.56164 0.5728 -0.468803 0.19887 43.3629 -2.28716 1.4022 3.20407 -0.0729592 -0.0599302 2.76669 -2.83564 2.10865 1.083 -0.518741 -0.428849 1.47321
315.436 0.31817 0.592877 2.12964 2.82211 -1.03002 -1.71605 0.289894 0.616821 2.18029 -3.02477 0.486058 -1.86111 -0.0282766 0.0239441 0.0506489 -5.84688 1.51608 -0.145064 0.062755 89.3148 0.180683 0.447379 2.19072 -2.72627 -0.467103 -2.1988 -0.137488 -0.145498 0.0610838 -5.54838 0.562921 -0.48275 0.209293 43.4457 -2.32823 1.43313 3.20202 -0.0736207 -0.0595447 2.79561 -2.89304 2.12706 1.08209 -0.505955 -0.436254 1.49768
315.754 0.321774 0.593212 2.12784 2.81752 -1.01354 -1.71157 0.292848 0.61685 2.17378 -3.00474 0.446426 -1.84997 -0.0289263 0.0236375 0.0459481 -5.82226 1.45997 -0.138402 0.0592173 86.5345 0.187047 0.448346 2.1848 -2.72727 -0.467925 -2.19521 -0.134728 -0.144867 0.0569696 -5.54479 0.54562 -0.483637 0.205872 43.0332 -2.37 1.46283 3.19953 -0.0743092 -0.0591586 2.82447 -2.95128 2.14434 1.08103 -0.488811 -0.441019 1.51989
316.096 0.326415 0.590386 2.12656 2.81598 -0.994113 -1.70739 0.298399 0.62146 2.18673 -3.01023 0.417603 -1.84274 -0.0280165 0.0310734 0.0601745 -5.82621 1.41172 -0.135353 0.0732901 83.865 0.195639 0.437323 2.18511 -2.72526 -0.464688 -2.20122 -0.130776 -0.153063 0.058551 -5.54124 0.529425 -0.49383 0.209664 42.7297 -2.41242 1.49127 3.19666 -0.0747353 -0.0575176 2.85334 -3.01034 2.1604 1.07981 -0.469043 -0.443082 1.54036
316.387 0.33363 0.586402 2.12499 2.81939 -0.968317 -1.70295 0.313429 0.63654 2.24681 -3.01919 0.392739 -1.82585 -0.0202001 0.0501381 0.121824 -5.83858 1.36106 -0.122899 0.133278 80.9787 0.200075 0.427033 2.18365 -2.72714 -0.463703 -2.19945 -0.133555 -0.159369 0.0586672 -5.54652 0.504614 -0.496496 0.216049 41.9402 -2.47 1.52721 3.19245 -0.0750413 -0.0555961 2.89186 -3.09034 2.1797 1.07794 -0.441584 -0.441162 1.56582
316.668 0.339937 0.582501 2.12413 2.82566 -0.950468 -1.69966 0.307822 0.610781 2.16574 -3.01656 0.413366 -1.82598 -0.0321152 0.0282799 0.0416176 -5.84221 1.36383 -0.126311 0.0596922 81.1204 0.206159 0.426231 2.18 -2.72909 -0.463772 -2.19841 -0.133778 -0.15627 0.055869 -5.55474 0.486696 -0.498744 0.213162 41.2414 -2.51398 1.55269 3.1892 -0.0749888 -0.053841 2.92085 -3.15123 2.1924 1.07634 -0.422179 -0.435645 1.58405
316.975 0.346962 0.581528 2.12289 2.83533 -0.937236 -1.69683 0.317169 0.611384 2.17808 -3.02514 0.384181 -1.82015 -0.0297933 0.0298558 0.055191 -5.86046 1.32142 -0.123319 0.0694626 78.5622 0.212242 0.423574 2.18083 -2.72806 -0.46331 -2.20359 -0.13472 -0.157954 0.0579437 -5.56339 0.473927 -0.506755 0.215537 40.688 -2.55867 1.57691 3.18611 -0.0745492 -0.0535526 2.94976 -3.2128 2.20339 1.07462 -0.40572 -0.426468 1.60209
317.278 0.356339 0.580475 2.12182 2.85239 -0.926447 -1.69321 0.326512 0.611787 2.18983 -3.03466 0.353526 -1.81438 -0.0298271 0.0313121 0.0680041 -5.88705 1.27997 -0.121173 0.0805895 75.9378 0.215205 0.425166 2.17858 -2.72941 -0.46234 -2.20282 -0.141134 -0.155309 0.0567554 -5.5818 0.464107 -0.509606 0.217396 39.942 -2.61929 1.6073 3.18253 -0.0737609 -0.053303 2.98809 -3.2958 2.21515 1.07227 -0.390542 -0.409268 1.62675
317.629 0.362812 0.57947 2.12169 2.86758 -0.924021 -1.69084 0.33327 0.607571 2.17813 -3.08237 0.329011 -1.82626 -0.0295423 0.0281012 0.0564458 -5.94995 1.25303 -0.13543 0.0696315 73.6795 0.218434 0.429212 2.17559 -2.73249 -0.463116 -2.19695 -0.144378 -0.150258 0.0539002 -5.60007 0.460904 -0.506115 0.215239 39.3151 -2.66551 1.6287 3.18042 -0.0731972 -0.0530064 3.0167 -3.35861 2.22166 1.07057 -0.385251 -0.393612 1.64638
317.929 0.36818 0.578661 2.12206 2.88379 -0.926737 -1.68867 0.340893 0.607594 2.17822 -3.08422 0.328495 -1.82738 -0.0272867 0.0289335 0.056151 -5.968 1.25523 -0.138706 0.0688088 73.6094 0.221753 0.427133 2.17866 -2.7284 -0.459141 -2.20596 -0.146427 -0.151528 0.0565943 -5.61219 0.467596 -0.517285 0.218184 39.2891 -2.71234 1.64896 3.17888 -0.072932 -0.0526811 3.04537 -3.42179 2.22609 1.06899 -0.385565 -0.376865 1.66736
318.268 0.371606 0.579165 2.12292 2.90048 -0.935423 -1.68713 0.34974 0.612249 2.19827 -3.12162 0.341552 -1.83423 -0.0218657 0.0330836 0.0753482 -6.0221 1.27697 -0.147098 0.0851468 74.3465 0.220582 0.431122 2.17499 -2.72858 -0.461917 -2.2034 -0.151024 -0.148043 0.052066 -5.62906 0.473506 -0.516265 0.217798 38.9377 -2.7598 1.6681 3.178 -0.0732727 -0.0528963 3.07408 -3.48518 2.22836 1.06761 -0.391873 -0.360175 1.68986
318.588 0.374211 0.580269 2.12452 2.91997 -0.9545 -1.6844 0.349892 0.604313 2.16966 3.12803 0.351522 -1.85167 -0.0243186 0.0240441 0.0451341 0.208059 1.30602 -0.167264 0.0566268 75.6703 0.223894 0.436981 2.17092 -2.7282 -0.464667 -2.20039 -0.150316 -0.143288 0.0463916 -5.64817 0.489832 -0.515989 0.212788 38.8564 -2.824 1.69186 3.1777 -0.0742512 -0.0529155 3.11267 -3.56985 2.22796 1.06606 -0.40884 -0.34006 1.7223
318.925 0.37566 0.58147 2.12577 2.9304 -0.972489 -1.6816 0.357538 0.616816 2.21112 3.12908 0.356902 -1.83993 -0.0181218 0.035346 0.0853521 0.198672 1.32939 -0.158332 0.094142 76.9007 0.225122 0.441288 2.16932 -2.72275 -0.464875 -2.21069 -0.150538 -0.140182 0.043552 -5.65315 0.507614 -0.529089 0.21026 39.3383 -2.87284 1.70835 3.17785 -0.0749235 -0.0529278 -3.14126 -3.63337 2.22507 1.06505 -0.425862 -0.328113 1.74841
319.236 0.376421 0.585316 2.12654 2.93701 -0.993085 -1.67892 0.348975 0.598896 2.14665 3.11117 0.393544 -1.84421 -0.0274468 0.0135802 0.0201078 0.174151 1.38663 -0.165286 0.0366343 80.0573 0.223205 0.447049 2.16825 -2.72221 -0.468622 -2.20815 -0.153216 -0.138266 0.0417068 -5.65923 0.524463 -0.529232 0.210552 39.633 -2.92223 1.72366 3.1781 -0.0755327 -0.0542573 -3.11195 -3.69682 2.21993 1.06411 -0.444597 -0.319786 1.77595
319.55 0.375874 0.587429 2.12797 2.93854 -1.01724 -1.67423 0.358877 0.618268 2.20229 3.0321 0.401135 -1.87071 -0.016997 0.0308392 0.0743168 0.0935613 1.41837 -0.196479 0.0822371 81.8099 0.224307 0.454317 2.16464 -2.72232 -0.469376 -2.20332 -0.151567 -0.133112 0.0366649 -5.66086 0.547864 -0.529094 0.205026 40.3064 -2.98883 1.74219 3.17829 -0.0765752 -0.0545476 -3.07278 -3.78126 2.20956 1.06293 -0.468571 -0.314863 1.81475
319.834 0.375691 0.587139 2.12895 2.93418 -1.03085 -1.66981 0.350753 0.606784 2.15786 3.0692 0.451277 -1.86126 -0.024938 0.0196455 0.0289116 0.135017 1.48213 -0.191453 0.0429387 85.463 0.223224 0.451005 2.16516 -2.71898 -0.46411 -2.20882 -0.152467 -0.136134 0.0362113 -5.65317 0.566744 -0.539009 0.207581 41.2195 -3.03927 1.75462 3.17815 -0.0769091 -0.0539753 -3.04326 -3.84443 2.19908 1.06204 -0.483261 -0.315373 1.84524
320.433 0.373387 0.588842 2.1295 2.91662 -1.04786 -1.66234 0.353614 0.616138 2.18101 3.10843 0.467053 -1.85167 -0.0197733 0.0272959 0.0515131 0.191803 1.51492 -0.189328 0.0615601 87.461 0.224054 0.462793 2.15112 -2.72257 -0.466906 -2.19828 -0.149333 -0.12605 0.0216229 -5.6392 0.580957 -0.535942 0.196612 41.8673 -3.15843 1.77858 3.17676 -0.0770373 -0.0541056 -2.9746 -3.99066 2.16538 1.0596 -0.502307 -0.325343 1.91936
320.731 0.371142 0.590554 2.12923 2.91001 -1.04943 -1.66171 0.358044 0.625544 2.2144 3.09432 0.444345 -1.86565 -0.013098 0.0349892 0.0851674 0.184309 1.49377 -0.203942 0.0930016 86.2792 0.22502 0.461321 2.15027 -2.72144 -0.466834 -2.20062 -0.146122 -0.129234 0.0210315 -5.63145 0.582592 -0.538906 0.196202 42.0855 -3.21001 1.78665 3.17579 -0.0769865 -0.0547173 -2.94536 -4.05253 2.14692 1.05826 -0.504266 -0.330696 1.95154
321.031 0.369294 0.592428 2.12868 2.90471 -1.04904 -1.66235 0.349769 0.616076 2.18079 3.10953 0.467454 -1.85086 -0.0195256 0.0236486 0.0521123 0.204824 1.5165 -0.188504 0.0604665 87.5951 0.219607 0.457325 2.14904 -2.72163 -0.468375 -2.2015 -0.149687 -0.135103 0.0203589 -5.62634 0.580669 -0.539143 0.202666 42.0953 -3.26184 1.79339 3.17473 -0.0763218 -0.0554145 -2.91634 -4.11367 2.12606 1.05673 -0.504008 -0.335209 1.98363
321.367 0.365842 0.595489 2.12807 2.90264 -1.04752 -1.66673 0.352365 0.625211 2.20295 3.10456 0.470135 -1.87363 -0.0134772 0.0297223 0.0748767 0.201919 1.51765 -0.206895 0.0816797 87.7172 0.222039 0.459662 2.14387 -2.72436 -0.471056 -2.19608 -0.143804 -0.135827 0.0158021 -5.627 0.576462 -0.529342 0.198439 41.8552 -3.33118 1.80031 3.17334 -0.0751313 -0.056815 -2.87815 -4.19382 2.09457 1.0544 -0.501842 -0.338584 2.02598
321.671 0.361352 0.596085 2.12851 2.90615 -1.04533 -1.67308 0.350223 0.62926 2.21386 3.09692 0.444208 -1.86382 -0.0111292 0.0331751 0.0853535 0.190779 1.48954 -0.190734 0.0922478 86.0158 0.221847 0.459799 2.13867 -2.72353 -0.468844 -2.19821 -0.139505 -0.136286 0.0101638 -5.62968 0.576491 -0.525124 0.195292 41.8288 -3.38328 1.804 3.17234 -0.0745699 -0.0572552 -2.84988 -4.25277 2.0683 1.05241 -0.499541 -0.338622 2.05735
322.046 0.355818 0.595955 2.1293 2.91369 -1.04279 -1.68127 0.34631 0.633044 2.21357 3.09846 0.443648 -1.86275 -0.00950791 0.0370891 0.0842749 0.184768 1.48644 -0.181473 0.0925649 85.7895 0.214602 0.453625 2.13626 -2.72377 -0.467877 -2.19767 -0.141216 -0.14233 0.00696092 -5.63746 0.574912 -0.516395 0.20062 41.6045 -3.43539 1.8064 3.17134 -0.0741324 -0.0573079 -2.82179 -4.31065 2.03983 1.05019 -0.496949 -0.336158 2.08835
322.333 0.350066 0.594463 2.13051 2.92466 -1.03981 -1.69077 0.334383 0.62342 2.17982 3.1149 0.46702 -1.84697 -0.0156833 0.0289568 0.0493168 0.19024 1.50683 -0.156197 0.059301 86.9056 0.212327 0.444405 2.13628 -2.7217 -0.466098 -2.2032 -0.137739 -0.150059 0.00576931 -5.64636 0.573709 -0.512427 0.203772 41.4015 -3.48748 1.8075 3.17031 -0.0735057 -0.0567555 -2.79375 -4.36737 2.00927 1.04772 -0.494194 -0.331088 2.11895
322.629 0.34183 0.590601 2.13282 2.94272 -1.03598 -1.70455 0.331935 0.627498 2.20767 -3.13465 0.46059 -1.82689 -0.00989436 0.036897 0.0748443 -6.07737 1.49657 -0.122345 0.0840296 86.3283 0.212388 0.445125 2.12769 -2.72518 -0.467663 -2.19806 -0.129442 -0.145476 -0.00513048 -5.6679 0.568321 -0.493513 0.194794 40.6835 -3.55688 1.80694 3.16882 -0.0726485 -0.055192 -2.75621 -4.44115 1.96553 1.04408 -0.491259 -0.321608 2.15955
323.617 0.313417 0.585183 2.13877 2.98622 -1.03497 -1.74414 0.307389 0.620936 2.21177 3.10792 0.450561 -1.85587 -0.00602803 0.035753 0.0729932 0.121693 1.48553 -0.111729 0.0815023 85.3738 0.214433 0.426193 2.12053 -2.72849 -0.462874 -2.19727 -0.098984 -0.15899 -0.0182458 -5.71471 0.572095 -0.453127 0.188172 39.8205 -3.7301 1.79491 3.16362 -0.0732985 -0.0533171 -2.66242 -4.61636 1.84421 1.03352 -0.492946 -0.304221 2.26749
325.025 0.273866 0.57484 2.14338 2.96798 -1.02065 -1.78582 0.260853 0.613101 2.22562 -3.06001 0.45053 -1.84604 -0.0130128 0.0382608 0.0822418 -6.02799 1.47118 -0.0602177 0.0916348 85.1906 0.216122 0.413778 2.10821 -2.73205 -0.455521 -2.19589 -0.057744 -0.161062 -0.0351696 -5.70003 0.565124 -0.410066 0.174678 39.9221 -4.00345 1.73938 3.14463 -0.077238 -0.0500562 -2.51059 -4.8737 1.62718 1.01282 -0.493838 -0.345818 2.46502
327.443 0.287817 0.588093 2.13098 2.97935 -0.919551 -1.81277 0.257475 0.610717 2.19636 -3.02336 0.359963 -1.85804 -0.0303413 0.022624 0.0653771 -6.0027 1.27951 -0.0452776 0.075542 74.6829 0.213288 0.450807 2.11617 -2.73337 -0.448392 -2.19397 -0.0745291 -0.137285 -0.0148139 -5.71272 0.471159 -0.381207 0.156912 36.4348 -4.47119 1.49891 3.11592 -0.0720529 -0.0547178 -2.24942 -5.28163 1.17125 0.988584 -0.386471 -0.352672 2.72743
327.763 0.292625 0.593494 2.12876 2.99675 -0.908272 -1.81773 0.266765 0.624907 2.22642 -3.06625 0.338926 -1.85683 -0.0258609 0.0314132 0.0976555 -6.06299 1.2472 -0.0390986 0.105793 72.331 0.213076 0.457707 2.11514 -2.73241 -0.447699 -2.19723 -0.0795496 -0.135786 -0.0136235 -5.72916 0.460573 -0.379499 0.157961 35.6374 -4.51309 1.46641 3.11518 -0.0708406 -0.0565423 -2.22515 -5.31584 1.12151 0.987704 -0.371282 -0.338988 2.74701
328.067 0.297383 0.59653 2.12717 3.02317 -0.891839 -1.82499 0.270317 0.625284 2.20025 -3.10531 0.345792 -1.87496 -0.0270666 0.0287537 0.0730742 -6.12848 1.23763 -0.0499716 0.0830615 71.3384 0.210499 0.463796 2.11437 -2.73323 -0.447771 -2.19731 -0.0868845 -0.132734 -0.0128019 -5.75641 0.444068 -0.372324 0.159158 34.3313 -4.56737 1.42149 3.11455 -0.0697187 -0.0571506 -2.19329 -5.35902 1.05368 0.986689 -0.351715 -0.317844 2.77315
328.402 0.299584 0.597894 2.12648 3.03714 -0.884108 -1.82871 0.271168 0.620196 2.16889 -3.13891 0.35499 -1.89144 -0.0284154 0.0223028 0.0424032 -6.17605 1.2391 -0.0627265 0.0557035 71.2175 0.210047 0.465 2.11466 -2.73239 -0.447215 -2.20033 -0.0895367 -0.132894 -0.0118236 -5.76953 0.436893 -0.371617 0.160678 33.7486 -4.59381 1.3984 3.11441 -0.0690971 -0.0573806 -2.17749 -5.3795 1.01911 0.986258 -0.342604 -0.306375 2.78638
328.713 0.303835 0.596695 2.12631 3.06497 -0.869096 -1.83502 0.274778 0.621608 2.16739 -3.11982 0.306738 -1.88012 -0.0290569 0.0249129 0.0410791 -6.1848 1.17583 -0.0450997 0.0561467 67.5582 0.210441 0.472072 2.11121 -2.7338 -0.449038 -2.20021 -0.0933942 -0.124623 -0.0151 -5.79878 0.420058 -0.365192 0.156465 32.3713 -4.64535 1.35107 3.11456 -0.0676533 -0.0560874 -2.14582 -5.41805 0.948667 0.985559 -0.326698 -0.282082 2.8131
328.999 0.306798 0.595433 2.12646 3.08524 -0.860222 -1.83827 0.280062 0.624061 2.17937 -3.13923 0.272424 -1.87574 -0.0267362 0.0286283 0.0529045 -6.22447 1.13265 -0.0374717 0.0658277 64.9711 0.214056 0.47684 2.10912 -2.73686 -0.451549 -2.19601 -0.0927425 -0.118592 -0.0173421 -5.8221 0.408672 -0.357746 0.151545 31.3231 -4.68285 1.31458 3.11511 -0.0664876 -0.0547889 -2.12162 -5.4447 0.894761 0.985155 -0.317547 -0.263284 2.83329
329.288 0.310021 0.597552 2.12604 3.11032 -0.854295 -1.84078 0.280283 0.617555 2.1597 3.07531 0.304284 -1.89741 -0.0297383 0.0200028 0.0336631 -0.0350041 1.15858 -0.0566321 0.04917 66.5068 0.214693 0.478198 2.10707 -2.73391 -0.451363 -2.2059 -0.0953275 -0.119353 -0.0189703 -5.84423 0.402932 -0.36512 0.153923 30.6729 -4.73144 1.26463 3.11647 -0.0649335 -0.0544262 -2.08862 -5.47711 0.821592 0.984761 -0.310022 -0.239134 2.86046
329.897 0.311242 0.605435 2.12563 -3.14055 -0.859142 -1.8425 0.285187 0.62481 2.16861 3.05754 0.271235 -1.89091 -0.0260553 0.0193743 0.0429823 6.19809 1.13038 -0.0484123 0.0538676 65.0455 0.21992 0.499181 2.092 -2.73716 -0.457941 -2.20007 -0.0913223 -0.106254 -0.0336354 0.403387 0.4012 -0.357571 0.144087 29.7088 -4.80139 1.18715 3.11978 -0.0631616 -0.0557643 -2.03789 -5.51867 0.709558 0.984263 -0.311222 -0.2079 2.90222
330.22 0.30974 0.611042 2.12574 -3.12387 -0.868913 -1.84214 0.290794 0.639978 2.20456 2.99927 0.262498 -1.91205 -0.0189453 0.0289354 0.0788168 6.12314 1.13141 -0.0699069 0.0860713 65.6858 0.222366 0.517739 2.08171 -2.73769 -0.460981 -2.19952 -0.0873736 -0.0933035 -0.0440341 0.386179 0.407932 -0.357385 0.135199 29.6042 -4.84607 1.13403 3.12243 -0.0623226 -0.0563603 -2.00318 -5.54156 0.633622 0.983741 -0.31908 -0.191194 2.93118
330.784 0.305305 0.617382 2.12654 -3.10713 -0.885512 -1.83994 0.289352 0.645632 2.20917 -3.01969 -0.81794 -1.86101 -0.0159535 0.0282502 0.0826312 0.0874435 0.0675723 -0.0210699 0.0887722 5.69512 0.229777 0.527124 2.07585 -2.73923 -0.465971 -2.20125 -0.0755282 -0.0902585 -0.0506903 0.367904 0.419541 -0.361306 0.128143 29.7514 -4.9101 1.05246 3.12632 -0.0610067 -0.0561563 -1.94956 -5.56864 0.518122 0.982588 -0.334144 -0.173002 2.9771
331.11 0.301318 0.620034 2.12708 -3.09995 -0.892107 -1.83883 0.283188 0.642148 2.18428 -3.06407 -0.848082 -1.83704 -0.0181303 0.0221142 0.0572001 0.0358855 0.0440258 0.0017877 0.06395 3.30488 0.228966 0.52336 2.07562 -2.7371 -0.46591 -2.20827 -0.0723525 -0.0966737 -0.0514629 0.362849 0.426197 -0.369436 0.13126 30.0568 -4.94076 1.01089 3.12809 -0.0606836 -0.0557622 -1.92206 -5.57884 0.459741 0.981801 -0.340427 -0.165322 3.00108
331.372 0.293704 0.624935 2.12765 -3.08825 -0.899307 -1.83928 0.272914 0.634136 2.1413 -3.04325 -0.901103 -1.86578 -0.0207902 0.0092005 0.0136519 0.0449971 -0.00179585 -0.0265027 0.026519 1.68191 0.230217 0.531112 2.0682 -2.73856 -0.467026 -2.20422 -0.0634875 -0.0938235 -0.0594476 0.349686 0.43228 -0.364942 0.127936 30.0562 -4.98017 0.954701 3.1302 -0.0606923 -0.0559558 -1.88501 -5.58895 0.381448 0.980464 -0.346807 -0.154712 3.03412
331.672 0.286301 0.629387 2.12788 -3.07786 -0.903198 -1.84115 0.271458 0.651004 2.18204 -3.03943 -0.907696 -1.85559 -0.0148432 0.0216176 0.0541637 0.03843 -0.00449862 -0.0144464 0.0601776 1.65304 0.231 0.543053 2.06184 -2.7406 -0.469678 -2.19745 -0.0553019 -0.0863335 -0.0660392 0.337254 0.43352 -0.356303 0.121955 29.8074 -5.00857 0.912015 3.13154 -0.0610712 -0.0564391 -1.85704 -5.59394 0.32251 0.979233 -0.350037 -0.14645 3.05989
332 0.275686 0.634588 2.12827 -3.06423 -0.9057 -1.8455 0.257624 0.642661 2.13857 -3.01093 -0.954568 -1.89061 -0.0180626 0.00807285 0.0102936 0.0533003 -0.0488682 -0.045108 0.0223021 3.34445 0.227419 0.548008 2.06119 -2.73881 -0.470172 -2.19861 -0.0482667 -0.0865794 -0.0670831 0.325422 0.435527 -0.35311 0.11969 29.7114 -5.04477 0.85445 3.13287 -0.0613442 -0.0571713 -1.81982 -5.59735 0.243807 0.977362 -0.351883 -0.136448 3.09577
332.308 0.267678 0.636153 2.12873 -3.05682 -0.904338 -1.84831 0.25635 0.66387 2.19933 -3.06307 -0.857302 -1.8067 -0.0113275 0.0277166 0.0706009 -0.00624842 0.0470354 0.041601 0.0766877 3.42851 0.227456 0.546848 2.06427 -2.73713 -0.46867 -2.20156 -0.0402219 -0.0893049 -0.064457 0.319694 0.435668 -0.35325 0.117251 29.6773 -5.07059 0.810851 3.13346 -0.061358 -0.0567629 -1.79188 -5.59762 0.184773 0.975893 -0.351053 -0.130832 3.12386
332.629 0.259655 0.636001 2.12956 -3.05192 -0.900394 -1.85115 0.237319 0.641253 2.11552 -2.98683 -0.97573 -1.87535 -0.0223359 0.00525174 -0.0140413 0.0650957 -0.0753359 -0.0242045 0.0269003 5.11014 0.228574 0.553789 2.06162 -2.73838 -0.469569 -2.19931 -0.0310807 -0.0822125 -0.0679419 0.313543 0.430826 -0.348166 0.11109 29.3253 -5.09519 0.766909 3.13373 -0.0611576 -0.0561059 -1.76393 -5.59606 0.125794 0.974473 -0.348032 -0.127302 -3.13041
334.45 0.214755 0.618345 2.13196 -3.06657 -0.815379 -1.84125 0.185314 0.629076 2.11188 -2.96467 -0.864639 -1.8742 -0.0294411 0.0107303 -0.0200792 0.101898 -0.0492592 -0.0329526 0.0372168 5.40269 0.228172 0.544034 2.05811 -2.74045 -0.467275 -2.20137 0.013417 -0.0743118 -0.0738543 0.32612 0.348104 -0.360122 0.105625 26.4355 -5.22082 0.480756 3.1295 -0.0580953 -0.0500273 -1.58586 -5.54826 -0.244525 0.969016 -0.26846 -0.129728 -2.94924
335.06 0.20521 0.605979 2.13129 -3.0737 -0.759744 -1.83145 0.182626 0.640293 2.19088 -3.07781 -0.780124 -1.82763 -0.0225834 0.0343144 0.0595936 -0.00411247 -0.02038 0.00381788 0.0723801 1.18101 0.218777 0.539199 2.05218 -2.74357 -0.461245 -2.19873 0.0135675 -0.0667795 -0.0791064 0.330132 0.298499 -0.367285 0.10441 25.0289 -5.25305 0.372074 3.12498 -0.0555988 -0.0474291 -1.52072 -5.51643 -0.379242 0.968075 -0.214147 -0.127613 -2.886
335.921 0.19606 0.590149 2.13041 -3.06701 -0.682288 -1.83056 0.174333 0.630969 2.21832 -3.03634 -0.658092 -1.83992 -0.0217269 0.0408207 0.0879157 0.0306689 0.0241955 -0.00936027 0.0993356 2.03124 0.210759 0.531089 2.04645 -2.74667 -0.456231 -2.19938 0.0146992 -0.0590596 -0.0839596 0.320343 0.226057 -0.368819 0.103698 22.9381 -5.28563 0.213804 3.11777 -0.0525187 -0.046699 -1.42865 -5.46015 -0.56943 0.967775 -0.137391 -0.116446 -2.79032
336.236 0.19352 0.58273 2.1303 -3.06164 -0.651792 -1.83236 0.170713 0.616859 2.18573 -3.11152 -0.735694 -1.82512 -0.0228075 0.0341291 0.055432 -0.0498785 -0.0839027 0.00723837 0.068976 5.47067 0.209117 0.528491 2.04215 -2.74832 -0.458657 -2.19766 0.0155964 -0.0542386 -0.0881503 0.313316 0.193134 -0.365304 0.104669 21.9344 -5.29429 0.149652 3.11462 -0.0517854 -0.0463619 -1.39217 -5.43442 -0.644878 0.967999 -0.107631 -0.11097 -2.75052
336.833 0.190562 0.571334 2.13014 -3.05341 -0.606319 -1.83401 0.168493 0.613366 2.21737 -3.03663 -0.548818 -1.82971 -0.0220688 0.0420321 0.0872252 0.0167829 0.057501 0.00429666 0.0993075 3.47818 0.20242 0.516472 2.04789 -2.74775 -0.455375 -2.20129 0.0118581 -0.0548619 -0.0822499 0.305661 0.150944 -0.367282 0.0995766 21.1388 -5.30262 0.0527874 3.10924 -0.0514251 -0.0463353 -1.33781 -5.39251 -0.75754 0.968483 -0.0628711 -0.102948 -2.69165
337.484 0.191018 0.555202 2.13044 -3.04189 -0.553315 -1.83178 0.16458 0.597711 2.21674 -3.03426 -0.536234 -1.82968 -0.0264382 0.042509 0.0862991 0.00762863 0.017081 0.0021051 0.0997673 1.10358 0.196696 0.509376 2.05451 -2.75061 -0.451527 -2.20025 0.00567755 -0.045826 -0.0759291 0.291281 0.101787 -0.368463 0.0888678 20.389 -5.30516 -0.0609392 3.10272 -0.0510219 -0.0456877 -1.27471 -5.33828 -0.888125 0.969724 -0.0107292 -0.0895767 -2.62581
337.829 0.192636 0.547665 2.13061 -3.03657 -0.530764 -1.82904 0.163616 0.583343 2.19206 -3.09774 -0.582662 -1.81054 -0.0290202 0.0356774 0.0614424 -0.0611644 -0.0518976 0.018499 0.0767477 4.27984 0.193065 0.507069 2.05587 -2.7519 -0.451739 -2.19925 0.000429403 -0.0405964 -0.0747472 0.284667 0.0790246 -0.370217 0.0850611 20.1802 -5.30386 -0.109872 3.10011 -0.0508347 -0.0452576 -1.24761 -5.3132 -0.943773 0.970698 0.0115938 -0.0825529 -2.59865
338.193 0.194475 0.540787 2.1307 -3.03139 -0.508944 -1.82519 0.16407 0.570156 2.17117 -2.98797 -0.581403 -1.84615 -0.0304052 0.0293691 0.0404763 0.0434208 -0.0724588 -0.0209606 0.0585265 4.66522 0.194802 0.497433 2.0625 -2.74961 -0.450629 -2.20514 0.000326329 -0.0433535 -0.0682001 0.28178 0.0583151 -0.379951 0.0808139 20.4584 -5.30111 -0.158907 3.09768 -0.0509631 -0.0452203 -1.22029 -5.28702 -0.999194 0.971994 0.0336181 -0.0755717 -2.57219
338.511 0.198105 0.532558 2.13059 -3.02517 -0.481681 -1.81856 0.170353 0.574359 2.21624 -3.03874 -0.520428 -1.82714 -0.0277517 0.0418005 0.0856451 -0.013565 -0.0387468 -0.00858364 0.0992599 2.47828 0.193885 0.499467 2.06266 -2.75208 -0.452608 -2.20146 -0.00421964 -0.0330909 -0.0679317 0.273092 0.0290735 -0.382901 0.0756805 20.4274 -5.29518 -0.224395 3.09477 -0.0512203 -0.045601 -1.18355 -5.25035 -1.07264 0.974188 0.0618449 -0.0664107 -2.53781
338.842 0.201345 0.52429 2.13098 -3.02052 -0.462024 -1.81225 0.171309 0.56051 2.19256 -3.10801 -0.565782 -1.80696 -0.0300353 0.0362209 0.0615722 -0.0874856 -0.103758 0.00528981 0.0774932 7.6839 0.189529 0.499614 2.0636 -2.75471 -0.45379 -2.19898 -0.0118153 -0.0246753 -0.0673875 0.265812 0.00823423 -0.38673 0.0727293 20.5536 -5.28903 -0.273547 3.093 -0.0517429 -0.04477 -1.15552 -5.22149 -1.12725 0.976199 0.0812753 -0.0590116 -2.51241
339.165 0.20583 0.517501 2.13124 -3.01509 -0.444762 -1.80558 0.175113 0.55155 2.19101 -3.05465 -0.50693 -1.80258 -0.0307172 0.0340481 0.0597664 -0.0395599 -0.0621681 0.00299896 0.0753316 4.18282 0.190657 0.49547 2.07001 -2.75505 -0.455074 -2.20116 -0.0151737 -0.0220317 -0.0612354 0.260042 -0.0103126 -0.395577 0.0668237 20.9752 -5.28139 -0.32272 3.09167 -0.0520961 -0.0445748 -1.12704 -5.1914 -1.18135 0.978515 0.099046 -0.0506526 -2.48707
339.466 0.213562 0.511286 2.13103 -3.00594 -0.425583 -1.79623 0.178963 0.543973 2.1913 -3.05831 -0.500669 -1.80134 -0.034599 0.0326871 0.0602662 -0.0523683 -0.0750863 -0.00511048 0.0767955 5.32708 0.192431 0.492557 2.0739 -2.75571 -0.458201 -2.20227 -0.0211318 -0.0187288 -0.0571306 0.250225 -0.0326187 -0.406036 0.0637277 21.5081 -5.26887 -0.388277 3.09072 -0.0522917 -0.0451602 -1.08861 -5.14927 -1.25251 0.982065 0.119898 -0.0373081 -2.45302
339.786 0.21994 0.50776 2.13093 -2.99658 -0.413653 -1.78918 0.18811 0.544168 2.21863 -3.01605 -0.3592 -1.78214 -0.0318305 0.0364076 0.0877024 -0.0194652 0.0544531 0.0070358 0.100152 3.28646 0.195344 0.494155 2.07419 -2.75711 -0.461155 -2.20086 -0.0245967 -0.0136047 -0.0567405 0.239471 -0.0475018 -0.411683 0.0633212 21.8063 -5.25775 -0.437386 3.09061 -0.0524627 -0.0459268 -1.05947 -5.11609 -1.30498 0.984998 0.133425 -0.0249055 -2.42705
340.11 0.226724 0.504804 2.13075 -2.98546 -0.403261 -1.7819 0.194239 0.53808 2.20969 -2.91664 -0.360834 -1.79752 -0.0324851 0.0332759 0.0789461 0.0688211 0.0424273 -0.0156246 0.0916245 4.42996 0.19763 0.497021 2.0743 -2.75972 -0.464141 -2.19649 -0.0290939 -0.0077824 -0.0564474 0.225741 -0.0608797 -0.414589 0.0639791 21.9831 -5.24517 -0.486395 3.09095 -0.0526438 -0.0465664 -1.03012 -5.0815 -1.35656 0.988075 0.145414 -0.0105431 -2.40059
340.383 0.233973 0.504118 2.13048 -2.9726 -0.395309 -1.77544 0.203728 0.536745 2.21992 -3.02611 -0.347054 -1.77979 -0.0302452 0.0326275 0.0894382 -0.0535095 0.0482552 -0.00434575 0.0998926 4.20207 0.195763 0.490045 2.08089 -2.75688 -0.463627 -2.20384 -0.0382098 -0.0140731 -0.0495944 0.215727 -0.0683177 -0.428395 0.0641689 22.7077 -5.23117 -0.535253 3.09167 -0.0526091 -0.0483365 -1.00078 -5.04551 -1.40717 0.991258 0.155908 0.00493912 -2.37363
340.696 0.243213 0.500559 2.13086 -2.95453 -0.386271 -1.7673 0.208289 0.527296 2.18499 -2.93571 -0.353818 -1.77444 -0.0349241 0.0267373 0.0541335 0.0188231 0.0324531 -0.00714403 0.0697496 2.11396 0.198775 0.498929 2.0787 -2.75805 -0.465922 -2.20213 -0.0444383 -0.00163003 -0.0521575 0.196478 -0.0796506 -0.43483 0.0685407 23.115 -5.21038 -0.600054 3.09323 -0.0527723 -0.0490884 -0.961638 -4.99536 -1.47291 0.99564 0.1668 0.0264569 -2.33696
341.005 0.25011 0.500178 2.13076 -2.94109 -0.382834 -1.76209 0.215949 0.52355 2.18526 -2.93952 -0.349279 -1.77327 -0.0341603 0.0233726 0.054503 0.00157209 0.0335544 -0.0111794 0.0684382 2.01829 0.203179 0.504474 2.07903 -2.76064 -0.469375 -2.19649 -0.0469309 0.00429632 -0.0517295 0.180452 -0.0865411 -0.434394 0.0699779 23.1583 -5.19323 -0.648341 3.09482 -0.0528046 -0.0503107 -0.932388 -4.95617 -1.52078 0.998962 0.172249 0.042048 -2.30901
341.337 0.256324 0.497449 2.13135 -2.92799 -0.380919 -1.75775 0.221249 0.517842 2.16196 -2.88264 -0.426195 -1.76808 -0.0350755 0.0203931 0.0306039 0.0453542 -0.0452769 -0.0103208 0.0508209 3.55303 0.201089 0.495479 2.08342 -2.75868 -0.46641 -2.20345 -0.0552351 -0.00197028 -0.0479316 0.169308 -0.0854916 -0.445697 0.073159 23.7639 -5.17481 -0.696316 3.09678 -0.0530463 -0.0502216 -0.903125 -4.91566 -1.56725 1.00228 0.174771 0.0569359 -2.28068
341.647 0.261922 0.495045 2.13213 -2.91518 -0.381736 -1.75451 0.229625 0.516867 2.17001 -2.88578 -0.482175 -1.7664 -0.0322967 0.0218226 0.0378852 0.0294023 -0.100439 -0.0118901 0.0543561 5.95444 0.205584 0.501821 2.08059 -2.76233 -0.468427 -2.19668 -0.0563381 0.00677635 -0.0515378 0.152853 -0.0866914 -0.442174 0.0766554 23.6362 -5.15513 -0.743964 3.09911 -0.0534396 -0.0499974 -0.873739 -4.87387 -1.6122 1.00553 0.174294 0.070944 -2.25196
341.932 0.267874 0.495659 2.13287 -2.89791 -0.388256 -1.75223 0.236455 0.518621 2.18871 -2.88004 -0.359297 -1.753 -0.0314191 0.0229622 0.0558414 0.0178699 0.0289585 -0.000765661 0.0680638 1.94179 0.209269 0.505143 2.0816 -2.76055 -0.467883 -2.20113 -0.0586058 0.00948376 -0.0512692 0.137358 -0.0796276 -0.448902 0.0784417 23.9778 -5.12691 -0.806958 3.10277 -0.0542842 -0.0509357 -0.834535 -4.81619 -1.66956 1.00965 0.169171 0.088409 -2.21315
342.296 0.270457 0.495012 2.13401 -2.88496 -0.395165 -1.75169 0.240444 0.512864 2.1648 -2.8946 -0.418413 -1.76411 -0.030013 0.0178517 0.0307978 -0.00963199 -0.0232472 -0.0124208 0.0465614 1.7018 0.207637 0.505038 2.08046 -2.75966 -0.468333 -2.20228 -0.0628203 0.0100259 -0.0535474 0.125304 -0.073167 -0.450593 0.0831519 24.0716 -5.10429 -0.853748 3.1059 -0.055463 -0.0507608 -0.805191 -4.77152 -1.71051 1.0126 0.162205 0.100618 -2.18391
342.91 0.273189 0.497547 2.13672 -2.8545 -0.420132 -1.75363 0.246963 0.513677 2.17251 -2.89683 -0.475187 -1.76246 -0.0262261 0.0161297 0.0357815 -0.0423318 -0.0550551 -0.00883008 0.0472048 4.14123 0.204144 0.507521 2.08618 -2.75766 -0.467929 -2.20187 -0.0690447 0.00997402 -0.0505414 0.0968334 -0.0477971 -0.448236 0.0861458 23.9763 -5.04652 -0.961107 3.11444 -0.0585455 -0.0507933 -0.736595 -4.66284 -1.79851 1.01876 0.137056 0.127694 -2.11605
343.494 0.27548 0.505353 2.13837 -2.82828 -0.449682 -1.75852 0.249307 0.522952 2.18306 -2.77738 -0.390517 -1.74868 -0.0261727 0.0175989 0.0446855 0.050902 0.059164 0.00983961 0.0546948 4.65337 0.205639 0.520688 2.08976 -2.75994 -0.473336 -2.1938 -0.0698408 0.0153349 -0.0486101 0.068342 -0.0236549 -0.435278 0.0864629 23.4937 -4.99132 -1.05068 3.12319 -0.0594189 -0.0520608 -0.678343 -4.56512 -1.86485 1.0234 0.108394 0.151122 -2.05922
344.085 0.27293 0.514023 2.14042 -2.80189 -0.481661 -1.76421 0.251347 0.534006 2.2013 -2.78746 -0.440335 -1.74834 -0.0215829 0.0199834 0.060879 0.0144325 0.0413252 0.0158744 0.0676122 2.79036 0.207186 0.524186 2.09763 -2.75642 -0.469369 -2.19835 -0.0657445 0.010164 -0.0427903 0.0454739 0.0122914 -0.434136 0.079099 23.8029 -4.92054 -1.1517 3.1343 -0.0607201 -0.0522185 -0.611053 -4.44629 -1.93147 1.02857 0.0758521 0.174042 -1.99528
344.384 0.269547 0.523351 2.14026 -2.79107 -0.498277 -1.76751 0.24545 0.529164 2.1661 -2.73815 -0.490731 -1.7801 -0.0240973 0.00581336 0.0258481 0.0529271 0.00754542 -0.0125909 0.0358134 2.79764 0.204483 0.530936 2.09602 -2.75682 -0.470277 -2.19424 -0.065064 0.00758534 -0.0442305 0.0342519 0.0279994 -0.426727 0.0790392 23.6526 -4.87709 -1.20751 3.14065 -0.0612584 -0.0538604 -0.573168 -4.37631 -1.96442 1.03137 0.0602929 0.182688 -1.95924
344.633 0.266797 0.529112 2.14037 -2.78514 -0.509209 -1.77068 0.241761 0.536946 2.16698 -2.73649 -0.49506 -1.78117 -0.0250361 0.00783435 0.0266106 0.0486466 0.0141492 -0.0104922 0.0373672 2.67854 0.207785 0.535851 2.09155 -2.75807 -0.472114 -2.1905 -0.0590128 0.00673904 -0.048819 0.0270714 0.0370953 -0.419815 0.0768844 23.4573 -4.84314 -1.24831 3.14525 -0.0612098 -0.0547738 -0.545092 -4.32297 -1.98673 1.03331 0.0498953 0.186998 -1.93213
345.218 0.258771 0.54152 2.14001 -2.77468 -0.527838 -1.77774 0.245208 0.571791 2.25178 -2.83291 -0.502757 -1.75526 -0.013563 0.0302709 0.111768 -0.0582385 0.0250811 0.0224721 0.116586 3.25907 0.204251 0.530218 2.09086 -2.75676 -0.472997 -2.19202 -0.0545196 -0.0113019 -0.0491471 0.0179176 0.0548407 -0.414281 0.0742668 23.4693 -4.77205 -1.32695 3.15362 -0.06111 -0.0567536 -0.489799 -4.21432 -2.02516 1.03631 0.0321933 0.193728 -1.87705
345.465 0.251261 0.547363 2.1402 -2.76619 -0.536108 -1.7832 0.235013 0.569109 2.21113 -2.76864 -0.551907 -1.79081 -0.0162479 0.0217468 0.0709252 -0.00244751 -0.0157989 -0.00761562 0.0759427 1.0453 0.202589 0.52564 2.09172 -2.75486 -0.469375 -2.19618 -0.0486715 -0.0217221 -0.0484768 0.0113346 0.0667333 -0.412987 0.072047 23.6628 -4.72249 -1.37698 3.15832 -0.061298 -0.0570939 -0.453441 -4.14054 -2.04627 1.03756 0.0233932 0.199152 -1.83906
356.345 0.239071 0.559419 2.13306 -2.78027 -0.478634 -1.76529 0.20545 0.580856 2.20407 -2.76622 -0.471043 -1.75863 -0.0336211 0.0214366 0.0710122 0.0140504 0.00759008 0.00665634 0.081441 1.12396 0.126502 0.484734 2.11612 -2.75539 -0.470706 -2.18983 -0.112569 -0.0746855 -0.016931 0.0248751 0.00792781 -0.424542 0.136149 23.7107 -2.94896 -1.80467 3.15665 -0.0531414 -0.0422772 0.59289 -2.13114 -1.63557 1.02023 0.0705266 0.204266 -0.789029
356.67 0.245761 0.565174 2.13081 -2.79259 -0.482218 -1.76229 0.213407 0.589282 2.20678 -2.77186 -0.473983 -1.75711 -0.032354 0.0241078 0.075971 0.0207261 0.00823581 0.00518333 0.0860206 1.43012 0.12478 0.482291 2.12102 -2.75338 -0.467906 -2.19626 -0.120982 -0.0828836 -0.0097914 0.0392123 0.0143125 -0.433963 0.146977 23.9327 -2.89977 -1.78868 3.15885 -0.0537997 -0.0416644 0.624388 -2.08873 -1.60512 1.02128 0.0664496 0.193077 -0.762274
357.004 0.251816 0.572237 2.12846 -2.80017 -0.485919 -1.75977 0.221388 0.59774 2.20954 -2.77756 -0.476871 -1.75557 -0.0304276 0.025503 0.0810793 0.022611 0.00904763 0.00420458 0.0902779 1.51465 0.123903 0.487823 2.12295 -2.75439 -0.468828 -2.19388 -0.127913 -0.0844136 -0.00551445 0.0457803 0.0170907 -0.43411 0.153355 23.7999 -2.83446 -1.7651 3.16234 -0.054757 -0.0415784 0.666167 -2.04688 -1.57316 1.02254 0.0628111 0.18616 -0.734801
357.333 0.259701 0.58118 2.12564 -2.80412 -0.490305 -1.75727 0.229393 0.606229 2.21234 -2.78332 -0.479708 -1.75401 -0.0303078 0.0250483 0.0867 0.0208087 0.0105966 0.00326481 0.0951992 1.42574 0.126198 0.488473 2.12652 -2.75419 -0.47016 -2.19527 -0.133502 -0.0927077 0.000871212 0.0499385 0.0201449 -0.437998 0.162537 23.9338 -2.78576 -1.74576 3.16526 -0.0552613 -0.0414379 0.69723 -1.99199 -1.52808 1.02449 0.0584156 0.18294 -0.697216
357.665 0.264909 0.586311 2.12412 -2.80252 -0.493129 -1.75565 0.237422 0.61475 2.21519 -2.78912 -0.482492 -1.75243 -0.0274868 0.0284397 0.0910721 0.0133946 0.010637 0.00321308 0.0992898 1.06165 0.12427 0.488563 2.12838 -2.75392 -0.471294 -2.19803 -0.140638 -0.0977475 0.00425851 0.0486027 0.0218346 -0.44238 0.171324 24.211 -2.73736 -1.72504 3.16843 -0.0558397 -0.0406274 0.728197 -1.95159 -1.49233 1.0261 0.0549139 0.185013 -0.668608
358.348 0.277001 0.599868 2.12073 -2.78595 -0.500924 -1.75285 0.245428 0.620013 2.18275 -2.75448 -0.496366 -1.74627 -0.0315728 0.0201446 0.0620194 0.0314725 0.00455802 0.00657903 0.0724503 2.02777 0.125178 0.489268 2.1353 -2.75528 -0.47104 -2.19983 -0.151823 -0.1106 0.0145692 0.0306715 0.0298844 -0.44698 0.1884 24.895 -2.62583 -1.67143 3.17616 -0.0560023 -0.0401252 0.799926 -1.86024 -1.40196 1.02991 0.0470911 0.203065 -0.601094
358.686 0.281738 0.602517 2.12023 -2.77462 -0.502988 -1.75156 0.249323 0.620741 2.159 -2.76318 -0.540601 -1.75925 -0.0324149 0.0182237 0.0387627 0.0114354 -0.0376123 -0.00769658 0.0537157 2.2316 0.127201 0.491564 2.13658 -2.75832 -0.471909 -2.19653 -0.154537 -0.110953 0.0163493 0.0162998 0.0310788 -0.444971 0.190944 25.133 -2.5787 -1.64628 3.17943 -0.0557224 -0.0388237 0.830489 -1.8225 -1.36009 1.03149 0.0440326 0.215592 -0.572039
359.009 0.285756 0.607519 2.11941 -2.76043 -0.506589 -1.75067 0.257376 0.632725 2.18715 -2.76299 -0.500331 -1.74378 -0.0283798 0.0252059 0.067732 -0.00256373 0.00625813 0.00689487 0.0776427 0.50046 0.130125 0.496557 2.13815 -2.76075 -0.473817 -2.19283 -0.155631 -0.110963 0.0187335 -0.000320796 0.0327717 -0.442164 0.192054 25.4111 -2.53197 -1.61986 3.18271 -0.0553334 -0.0388937 0.860886 -1.78574 -1.31629 1.03302 0.0407811 0.230648 -0.543081
359.309 0.288686 0.613679 2.11894 -2.73769 -0.512904 -1.75009 0.261375 0.634563 2.18039 -2.71632 -0.506961 -1.75958 -0.0273107 0.020884 0.061443 0.0213711 0.00594314 -0.00949246 0.0704078 1.12292 0.129358 0.499222 2.14037 -2.75909 -0.473396 -2.19872 -0.159327 -0.114457 0.0214264 -0.0214017 0.0395079 -0.44863 0.197344 26.4025 -2.47032 -1.58269 3.18713 -0.0551994 -0.0390945 0.901032 -1.73846 -1.25487 1.03498 0.0348694 0.253866 -0.504924
359.618 0.289023 0.616909 2.11939 -2.71908 -0.519713 -1.75058 0.266824 0.647674 2.20237 -2.77283 -0.548433 -1.742 -0.022199 0.0307647 0.0829733 -0.0537516 -0.0287194 0.00857606 0.091235 3.30037 0.129075 0.497344 2.14475 -2.75858 -0.473598 -2.20171 -0.159948 -0.119565 0.0253518 -0.039499 0.0461149 -0.451129 0.201301 27.1252 -2.42461 -1.55342 3.1905 -0.0554208 -0.0389206 0.930914 -1.70441 -1.20667 1.03636 0.0277716 0.272105 -0.476942
359.973 0.288224 0.620526 2.1201 -2.70037 -0.529856 -1.75245 0.266964 0.649424 2.19532 -2.72213 -0.553859 -1.75995 -0.0212607 0.0288975 0.0752243 -0.0217573 -0.0240032 -0.00750547 0.0833413 2.04526 0.133209 0.503899 2.14416 -2.76125 -0.475757 -2.19605 -0.155015 -0.116627 0.024068 -0.0608829 0.0540983 -0.443599 0.195476 27.4392 -2.37938 -1.52295 3.1939 -0.0557243 -0.0391744 0.960649 -1.67163 -1.15674 1.03762 0.0174082 0.2896 -0.449634
360.295 0.285871 0.625228 2.12145 -2.67739 -0.548691 -1.75796 0.267065 0.653511 2.19617 -2.72253 -0.555832 -1.76005 -0.0188059 0.0282824 0.074724 -0.0451409 -0.00714116 -0.0020874 0.0820806 2.68249 0.134072 0.512213 2.14216 -2.76215 -0.475106 -2.19447 -0.151799 -0.113016 0.0207178 -0.0847578 0.0735848 -0.436514 0.190381 28.0234 -2.31989 -1.48048 3.19837 -0.0560331 -0.0398663 0.999891 -1.62996 -1.08768 1.0391 -0.00214199 0.309384 -0.414177
360.674 0.282656 0.627353 2.12316 -2.66237 -0.56619 -1.76457 0.267363 0.662752 2.21407 -2.67019 -0.525067 -1.76298 -0.0152932 0.0353982 0.0909107 -0.00781309 0.041123 0.00159649 0.0987505 2.39114 0.131146 0.506444 2.1451 -2.75869 -0.472705 -2.20301 -0.15151 -0.12091 0.0219423 -0.0963166 0.0934841 -0.438442 0.195079 28.7581 -2.27596 -1.44727 3.20157 -0.0565086 -0.0401165 1.02917 -1.60028 -1.03416 1.04 -0.0210787 0.320338 -0.388147
361.04 0.278438 0.629022 2.12518 -2.6494 -0.586657 -1.77324 0.260658 0.65746 2.19017 -2.63836 -0.570426 -1.76098 -0.0177803 0.0284385 0.0649928 0.0110374 0.0162306 0.0122579 0.0731365 1.49776 0.132438 0.505734 2.14554 -2.75821 -0.473033 -2.20345 -0.146 -0.123288 0.0203582 -0.108807 0.113624 -0.43021 0.192173 29.0361 -2.23266 -1.41291 3.20458 -0.0571642 -0.0403622 1.05844 -1.57201 -0.97928 1.04068 -0.0435594 0.327796 -0.362453
361.384 0.271761 0.628164 2.12886 -2.63539 -0.617279 -1.78739 0.256741 0.65914 2.18941 -2.63616 -0.572672 -1.7621 -0.0150199 0.0309766 0.0605461 -0.000761993 0.0446074 0.0252924 0.069649 2.92623 0.132373 0.503856 2.14277 -2.76143 -0.476722 -2.19612 -0.139388 -0.124307 0.01391 -0.126037 0.140557 -0.408723 0.187283 28.9819 -2.176 -1.36524 3.20826 -0.0583015 -0.0394762 1.09784 -1.5366 -0.904234 1.04123 -0.0787794 0.332511 -0.328473
361.657 0.266919 0.626909 2.13185 -2.62627 -0.643245 -1.79983 0.244973 0.646297 2.15319 -2.58708 -0.60334 -1.79924 -0.0219463 0.0193874 0.0213339 0.0391888 0.0399046 0.000589954 0.0362304 3.21845 0.131884 0.498896 2.14381 -2.75933 -0.47497 -2.20441 -0.135035 -0.128014 0.0119576 -0.133066 0.168275 -0.404572 0.186453 29.5657 -2.13439 -1.32806 3.21075 -0.0590415 -0.0385794 1.12793 -1.51186 -0.846722 1.0413 -0.108863 0.333326 -0.303022
362.011 0.262891 0.629985 2.13388 -2.61653 -0.673681 -1.81513 0.243962 0.657045 2.19537 -2.60907 -0.637699 -1.80917 -0.0189294 0.0270603 0.0614933 0.00745616 0.0359816 0.00595887 0.0697997 2.17421 0.130571 0.499373 2.1422 -2.7608 -0.476465 -2.20187 -0.13232 -0.130613 0.00832154 -0.144272 0.197216 -0.386746 0.186111 29.7352 -2.09358 -1.28959 3.21302 -0.0592889 -0.0397998 1.15822 -1.48875 -0.788316 1.04105 -0.141585 0.33271 -0.277299
362.346 0.258456 0.631875 2.13629 -2.6053 -0.705239 -1.83278 0.240794 0.659881 2.20168 -2.60154 -0.673559 -1.81405 -0.0176623 0.028006 0.0653929 0.00375983 0.0316802 0.018732 0.0732975 2.18803 0.128766 0.495472 2.14358 -2.75998 -0.473499 -2.20543 -0.129689 -0.136403 0.00729443 -0.154683 0.23174 -0.372646 0.188357 30.307 -2.05364 -1.24985 3.21508 -0.0596679 -0.0404112 1.18868 -1.46734 -0.729154 1.04052 -0.176551 0.331579 -0.251064
363.048 0.246142 0.638818 2.14158 -2.56679 -0.781204 -1.88529 0.231478 0.67309 2.23271 -2.56785 -0.706574 -1.84942 -0.0146641 0.034272 0.0911294 -0.00105767 0.07463 0.0358685 0.098459 4.72655 0.125008 0.503025 2.14035 -2.76085 -0.473749 -2.20052 -0.121134 -0.135793 -0.00122709 -0.19406 0.307455 -0.315232 0.181975 31.5068 -1.9642 -1.15231 3.21917 -0.0613403 -0.042754 1.26062 -1.4243 -0.58886 1.03847 -0.26186 0.330939 -0.186594
363.41 0.240755 0.641993 2.1435 -2.54401 -0.811867 -1.91157 0.225102 0.675615 2.22832 -2.60942 -0.783774 -1.86445 -0.0156529 0.0336219 0.0848232 -0.065411 0.0280926 0.0471175 0.0925765 3.07192 0.123627 0.502377 2.14515 -2.75867 -0.473209 -2.20376 -0.117128 -0.139616 0.00164593 -0.214664 0.338658 -0.29219 0.182248 32.4217 -1.92767 -1.1085 3.22074 -0.0620546 -0.0434296 1.29159 -1.40899 -0.528063 1.03741 -0.298292 0.333564 -0.157958
364.024 0.22797 0.64551 2.14934 -2.47623 -0.875258 -1.98151 0.214878 0.688398 2.25418 -2.54817 -0.844006 -1.91533 -0.0130921 0.0428885 0.10484 -0.071942 0.0312524 0.0661859 0.114028 3.29954 0.122004 0.509531 2.14666 -2.7605 -0.475172 -2.19618 -0.105965 -0.135979 -0.00267996 -0.284272 0.400087 -0.214667 0.172412 34.4667 -1.84719 -1.00171 3.22441 -0.0637032 -0.043707 1.36422 -1.38083 -0.385543 1.03512 -0.378158 0.346509 -0.0910235
364.352 0.221513 0.647791 2.15136 -2.44118 -0.897832 -2.01298 0.205523 0.686782 2.24892 -2.58602 -0.854946 -1.89624 -0.0159895 0.0389912 0.0975625 -0.144834 0.0428857 0.116741 0.106275 5.85484 0.116116 0.505947 2.14844 -2.75736 -0.471582 -2.20162 -0.105397 -0.141844 -0.002921 -0.316171 0.42625 -0.188633 0.176739 35.8274 -1.81492 -0.953983 3.22614 -0.0647969 -0.0437201 1.39542 -1.37213 -0.324482 1.03432 -0.409444 0.355717 -0.0630836
364.686 0.212195 0.651895 2.15373 -2.38816 -0.923894 -2.05706 0.19784 0.683589 2.22896 -2.53122 -0.876776 -1.95886 -0.0143544 0.0316948 0.0752321 -0.143061 0.0471176 0.0981981 0.0828883 5.81507 0.11209 0.511886 2.14583 -2.75698 -0.469109 -2.19887 -0.100104 -0.140009 -0.00789918 -0.36882 0.454785 -0.14181 0.172296 37.4757 -1.77415 -0.888505 3.22869 -0.0664078 -0.043984 1.43679 -1.36382 -0.243414 1.03339 -0.448657 0.371833 -0.027207
365.038 0.204852 0.65598 2.15491 -2.34567 -0.940329 -2.09019 0.186301 0.678159 2.20807 -2.43589 -0.939977 -2.04627 -0.0185507 0.0221797 0.053162 -0.0902109 0.000352192 0.0439163 0.0605167 3.46961 0.109039 0.511247 2.14896 -2.75924 -0.469887 -2.19041 -0.0958129 -0.144732 -0.00595165 -0.413568 0.470442 -0.100218 0.173675 38.5705 -1.7454 -0.838027 3.23074 -0.0676575 -0.0441119 1.4677 -1.36005 -0.18301 1.03275 -0.476112 0.385958 -0.00130375
365.685 0.191998 0.667822 2.15544 -2.26343 -0.966944 -2.15272 0.172201 0.688297 2.21259 -2.27669 -0.921824 -2.1406 -0.0197969 0.0204755 0.0571513 -0.0132585 0.0451204 0.0121171 0.0638548 2.62436 0.0951151 0.51619 2.15931 -2.75538 -0.468041 -2.19406 -0.0968827 -0.151632 0.00387098 -0.491955 0.498904 -0.0413373 0.179982 41.0989 -1.69301 -0.733659 3.23513 -0.0690928 -0.0452283 1.52912 -1.35864 -0.0635482 1.03162 -0.524694 0.414139 0.0487551
366.072 0.186071 0.67424 2.15551 -2.22612 -0.977555 -2.18127 0.164485 0.695207 2.21299 -2.24672 -0.944072 -2.16204 -0.021586 0.0209674 0.057483 -0.0205944 0.033483 0.0192248 0.0648836 2.03836 0.0949947 0.514841 2.16792 -2.75426 -0.468126 -2.19501 -0.0910765 -0.159399 0.0124128 -0.528141 0.509428 -0.0137403 0.184003 42.1912 -1.66955 -0.679885 3.23755 -0.0694156 -0.0460717 1.55959 -1.36212 0.0149857 1.03115 -0.551103 0.429821 0.081473
366.405 0.178345 0.68053 2.15532 -2.19108 -0.986167 -2.2067 0.162697 0.7174 2.25528 -2.23375 -0.958205 -2.15968 -0.0156476 0.0368704 0.0999583 -0.0426655 0.0279619 0.0470169 0.107684 2.21753 0.0923526 0.516891 2.17684 -2.75277 -0.467254 -2.19877 -0.0859925 -0.163639 0.0215211 -0.561683 0.518913 0.00792887 0.186106 43.3213 -1.64124 -0.606738 3.24091 -0.0697145 -0.0456012 1.59995 -1.36698 0.0734297 1.03102 -0.564987 0.43861 0.10672
367.103 0.168297 0.688311 2.15419 -2.17884 -0.98596 -2.21064 0.148209 0.719275 2.23051 -2.17718 -0.997846 -2.2345 -0.0200877 0.0309634 0.0763237 0.00166545 -0.0118861 -0.0238573 0.0847795 1.45697 0.0957087 0.516135 2.18765 -2.75217 -0.468886 -2.20278 -0.072588 -0.172176 0.0334662 -0.573331 0.517074 0.00786231 0.189825 43.7357 -1.60545 -0.494276 3.24561 -0.0695167 -0.0445774 1.66044 -1.38234 0.189802 1.03116 -0.569458 0.447196 0.162238
367.432 0.161534 0.695005 2.15149 -2.19821 -0.976672 -2.18834 0.142836 0.731442 2.25295 -2.18725 -0.980678 -2.19399 -0.018698 0.0364367 0.101461 0.0109542 -0.00400592 -0.00565643 0.109415 0.463094 0.0978853 0.518224 2.19313 -2.75192 -0.469496 -2.20318 -0.0636489 -0.176782 0.0416416 -0.553707 0.507176 -0.0148424 0.19245 43.1962 -1.58619 -0.417767 3.24809 -0.0695633 -0.0441866 1.70084 -1.39665 0.267429 1.03141 -0.554049 0.446688 0.203793
367.815 0.156861 0.701004 2.1489 -2.22202 -0.966226 -2.16425 0.137641 0.737844 2.24851 -2.21685 -0.998556 -2.1784 -0.0192196 0.0368403 0.0996042 0.00517497 -0.0323292 -0.0141534 0.107924 1.9434 0.0986638 0.52522 2.19266 -2.75205 -0.472593 -2.20074 -0.0581971 -0.175784 0.0437595 -0.53003 0.493634 -0.0364874 0.190268 42.3323 -1.57422 -0.35975 3.24959 -0.0696013 -0.0448597 1.73128 -1.40943 0.32582 1.03169 -0.535064 0.44338 0.237116
368.774 0.147823 0.712745 2.14137 -2.31873 -0.924413 -2.07773 0.122869 0.748893 2.22897 -2.26921 -0.929954 -2.12169 -0.0249541 0.0361485 0.0875949 0.0495185 -0.0055413 -0.0439623 0.0979912 1.74966 0.109801 0.527249 2.19973 -2.74763 -0.477737 -2.20539 -0.038022 -0.185496 0.0583614 -0.4289 0.446676 -0.127656 0.198143 39.1752 -1.55004 -0.164217 3.25292 -0.0688157 -0.0456642 1.83381 -1.46384 0.521758 1.03353 -0.462889 0.420505 0.353383
369.133 0.146928 0.713889 2.13995 -2.33984 -0.91448 -2.06057 0.1218 0.752219 2.22732 -2.30578 -0.945991 -2.10207 -0.0251282 0.0383298 0.0873695 0.034063 -0.0315106 -0.0415064 0.0986612 2.29797 0.115303 0.52483 2.19896 -2.74527 -0.474361 -2.21075 -0.0316249 -0.189059 0.0590105 -0.405432 0.440119 -0.150183 0.200564 38.6896 -1.54753 -0.105357 3.2538 -0.0685392 -0.0454442 1.86486 -1.48358 0.580915 1.03445 -0.447213 0.414109 0.388062
369.427 0.146921 0.715176 2.13876 -2.35442 -0.906448 -2.04991 0.119471 0.745503 2.20186 -2.3544 -0.928901 -2.05274 -0.0274493 0.0303274 0.0630955 1.3231e-05 -0.0224528 -0.00283328 0.0751948 1.29664 0.119576 0.522444 2.19864 -2.74783 -0.473794 -2.20671 -0.0273451 -0.192732 0.0598757 -0.393414 0.432654 -0.156801 0.203663 38.1224 -1.54757 -0.0269918 3.25509 -0.0681819 -0.045611 1.90619 -1.51235 0.659963 1.03587 -0.435126 0.409381 0.433433
369.713 0.148387 0.714542 2.13868 -2.35567 -0.904051 -2.05005 0.122135 0.771406 2.26945 -2.38986 -0.924006 -2.03834 -0.0262511 0.0568644 0.130767 -0.0341873 -0.0199552 0.0117063 0.144992 1.8743 0.122437 0.529429 2.19448 -2.7519 -0.474717 -2.2009 -0.0259494 -0.185113 0.0558028 -0.396231 0.429334 -0.150853 0.195074 37.9085 -1.55012 0.0316053 3.2561 -0.0677127 -0.0452127 1.93716 -1.53576 0.719345 1.03699 -0.432934 0.40939 0.466751
370.038 0.151789 0.712308 2.13952 -2.34913 -0.905137 -2.05719 0.120576 0.747222 2.20409 -2.33556 -0.892214 -2.06005 -0.0312135 0.0349141 0.0645783 0.0135653 0.0129227 -0.0028662 0.0797724 0.989525 0.129469 0.520889 2.20215 -2.75285 -0.47287 -2.20595 -0.0223201 -0.191419 0.0626329 -0.403725 0.432267 -0.148766 0.202638 38.2582 -1.55479 0.0900133 3.25714 -0.0667567 -0.0445017 1.96808 -1.56073 0.778757 1.0381 -0.436745 0.412239 0.499219
370.344 0.157776 0.712445 2.14024 -2.32708 -0.913848 -2.07787 0.124947 0.753377 2.23079 -2.31619 -0.88314 -2.08898 -0.0328285 0.0409318 0.090549 0.0108886 0.0307081 -0.0111089 0.104653 1.80797 0.134226 0.532097 2.19641 -2.76131 -0.479218 -2.19153 -0.0235492 -0.180348 0.0561672 -0.434231 0.434631 -0.11366 0.190354 38.4734 -1.56425 0.167596 3.25869 -0.0652904 -0.0451804 2.00894 -1.59646 0.857881 1.03966 -0.451104 0.41989 0.540336
370.598 0.162681 0.711072 2.14135 -2.30402 -0.92374 -2.0985 0.129838 0.75353 2.23128 -2.35961 -0.898743 -2.06583 -0.0328439 0.0424576 0.0899315 -0.0555889 0.0249972 0.032673 0.104733 2.50499 0.134575 0.528795 2.19882 -2.76124 -0.476379 -2.19834 -0.0281067 -0.182277 0.0574729 -0.457222 0.447361 -0.0998345 0.193179 39.475 -1.57368 0.225544 3.25989 -0.0643299 -0.0449106 2.03932 -1.62507 0.917045 1.04084 -0.468244 0.427465 0.568936
371.173 0.171387 0.713136 2.14343 -2.24059 -0.953012 -2.15521 0.142584 0.754113 2.2329 -2.28295 -0.935412 -2.11324 -0.0288038 0.0409774 0.0894676 -0.0423594 0.0175993 0.0419732 0.102534 1.79842 0.139645 0.533338 2.1984 -2.76129 -0.475624 -2.2004 -0.0317421 -0.179798 0.0549705 -0.520702 0.477388 -0.0451871 0.190674 41.5911 -1.59826 0.340786 3.26201 -0.0633045 -0.047818 2.09881 -1.68702 1.03456 1.04303 -0.513405 0.44337 0.61963
371.853 0.176966 0.715125 2.14611 -2.15624 -0.99264 -2.22981 0.147077 0.746539 2.21323 -2.18356 -0.983533 -2.21203 -0.0298893 0.0314137 0.0671271 -0.0273201 0.00910674 0.0177779 0.0799139 1.04755 0.141792 0.552969 2.19301 -2.76106 -0.476185 -2.19451 -0.0351742 -0.162156 0.0469069 -0.604821 0.516455 0.0352986 0.17243 44.2548 -1.63608 0.473781 3.26361 -0.0643745 -0.0509308 2.16574 -1.76731 1.16896 1.04507 -0.576045 0.457602 0.667943

373.124 0.188287 0.719576 2.14919 -2.02084 -1.05993 -2.35611 0.159154 0.758689 2.23444 -2.03213 -1.05238 -2.341 -0.0291323 0.0391125 0.0852511 -0.0112908 0.00754998 0.0151157 0.0982152 0.616755 0.134108 0.562 2.19902 -2.75316 -0.476964 -2.20164 -0.0541782 -0.157577 0.0498261 -0.732315 0.58297 0.154471 0.17392 48.7515 -1.73137 0.71438 3.26545 -0.065342 -0.0562469 2.28576 -1.939 1.40326 1.04816 -0.678638 0.463142 0.748987
373.711 0.193934 0.736165 2.14504 -1.97846 -1.08702 -2.40444 0.168458 0.771552 2.25481 -1.99746 -1.07962 -2.39029 -0.0254762 0.0353869 0.10977 -0.019 0.00739775 0.0141416 0.118114 0.680125 0.132568 0.588831 2.19039 -2.75169 -0.48569 -2.19457 -0.0613664 -0.147334 0.0453566 -0.773232 0.601326 0.209863 0.165923 49.6135 -1.79521 0.839234 3.26655 -0.0649158 -0.0638358 2.34964 -2.0428 1.51731 1.04937 -0.708074 0.453661 0.803941
374.028 0.193613 0.751931 2.14059 -1.95756 -1.09854 -2.43188 0.17252 0.783947 2.25646 -1.99223 -1.08464 -2.39602 -0.0210932 0.0320159 0.115871 -0.0346768 0.0139052 0.0358616 0.12205 1.24835 0.123731 0.598481 2.19006 -2.74234 -0.482455 -2.20502 -0.0698819 -0.15345 0.0494651 -0.784782 0.616089 0.226854 0.175719 50.1901 -1.82482 0.891357 3.26728 -0.0650222 -0.0707838 2.37542 -2.08934 1.56296 1.04984 -0.717465 0.446992 0.830864
374.337 0.188082 0.775493 2.13409 -1.92349 -1.11178 -2.47992 0.167833 0.783564 2.20813 -1.91016 -1.10803 -2.47224 -0.0202486 0.00807035 0.0740487 0.0133359 0.00375366 0.00768188 0.0771903 1.19419 0.112935 0.627221 2.18139 -2.73497 -0.480253 -2.20439 -0.0751469 -0.148273 0.0473052 -0.811479 0.631526 0.275535 0.172828 50.6643 -1.86585 0.959026 3.26843 -0.0660607 -0.0816525 2.40671 -2.15307 1.62057 1.05049 -0.729204 0.435982 0.869891
374.654 0.179991 0.793299 2.12912 -1.8912 -1.11927 -2.5263 0.169621 0.834454 2.284 -1.92837 -1.08151 -2.46683 -0.0103708 0.0411559 0.154886 -0.0371763 0.0377595 0.0594678 0.160596 2.80812 0.106873 0.648058 2.17811 -2.7305 -0.47993 -2.20057 -0.0731186 -0.14524 0.0489937 -0.839303 0.639344 0.325728 0.169828 50.9251 -1.89742 1.00803 3.26937 -0.0674365 -0.0901255 2.42733 -2.20198 1.6612 1.05104 -0.738965 0.427044 0.901108
375.062 0.169517 0.808838 2.1251 -1.85102 -1.12429 -2.58405 0.16357 0.862381 2.29725 -1.92903 -1.1121 -2.49889 -0.00594676 0.0535426 0.17215 -0.0780124 0.0121843 0.0851529 0.180382 2.24577 0.0902358 0.656203 2.18144 -2.72227 -0.470764 -2.20525 -0.0792811 -0.152635 0.0563358 -0.871252 0.653524 0.378794 0.180988 51.6488 -1.92938 1.05518 3.27037 -0.0688299 -0.0982966 2.44523 -2.25169 1.69951 1.05173 -0.751046 0.418317 0.933429
375.398 0.157345 0.821146 2.12233 -1.803 -1.12656 -2.65311 0.145357 0.842053 2.18963 -1.81995 -1.14826 -2.6127 -0.0119885 0.020907 0.0673017 -0.016955 -0.0217048 0.0404101 0.0714867 1.94118 0.0821041 0.674671 2.17763 -2.71813 -0.469841 -2.20314 -0.0752411 -0.146475 0.0552972 -0.915136 0.656716 0.449971 0.173706 52.1102 -1.9615 1.1002 3.2714 -0.0699635 -0.105758 2.46035 -2.30203 1.73541 1.0526 -0.766238 0.410032 0.966446
376.018 0.126425 0.839852 2.11886 -1.67182 -1.12202 -2.84604 0.115259 0.866568 2.18141 -1.71076 -1.15114 -2.77703 -0.0111659 0.0267153 0.0625507 -0.0389368 -0.0291245 0.0690167 0.0689273 2.71844 0.0508515 0.701045 2.17664 -2.70715 -0.460806 -2.20721 -0.0755738 -0.138807 0.0577733 -1.03533 0.661214 0.638834 0.168275 54.0318 -2.03597 1.1956 3.27354 -0.0704064 -0.120552 2.48519 -2.42087 1.80962 1.05543 -0.813526 0.390724 1.04485
380.088 0.00874799 0.745077 2.15164 -1.70929 -1.04476 3.10301 -0.0217261 0.809413 2.26098 -1.64174 -1.0422 3.05037 -0.0304741 0.0643362 0.109333 0.0675527 0.00255916 -0.0526481 0.130466 1.98031 0.011442 0.679173 2.13584 -2.70362 -0.481677 -2.21674 0.00269399 -0.065904 -0.0158076 -0.994333 0.56308 -5.31976 0.0678268 51.4228 -2.40613 1.44951 3.23655 -0.0117733 -0.143068 2.46541 -3.04353 1.97422 1.05447 -0.811631 0.278735 1.37053
381.343 0.00820653 0.708928 2.15893 -1.89109 -1.05231 -3.02512 -0.0255971 0.759816 2.25189 -1.81782 -1.04459 -3.10329 -0.0338036 0.0508886 0.0929547 0.0732651 0.00772358 -0.0781683 0.111234 2.29917 0.0318882 0.663596 2.15326 -2.70188 -0.497684 -2.22262 0.0236817 -0.0453316 -0.00566944 -0.810794 0.554631 0.802502 0.0514579 45.7319 -2.47253 1.44185 3.20435 0.00795164 -0.134353 2.45154 -3.14369 1.95049 1.02985 -0.732504 0.248819 1.37546
381.9 0.0108027 0.692891 2.16079 -2.01325 -1.04514 -2.91622 -0.0244067 0.766148 2.32489 -1.92201 -1.02136 -2.99954 -0.0352094 0.0732572 0.164099 0.0912369 0.0237788 -0.0833218 0.183125 3.01558 0.04587 0.649873 2.15983 -2.70159 -0.502774 -2.22413 0.0350673 -0.0430179 -0.000961887 -0.688338 0.542368 0.692096 0.0555084 42.1266 -2.49748 1.43041 3.18596 0.0148469 -0.128657 2.4477 -3.17714 1.93339 1.01402 -0.679363 0.227644 1.38
382.539 0.0159641 0.678702 2.16178 -2.12451 -1.02523 -2.80741 -0.0194634 0.717637 2.22215 -2.02303 -1.07887 -2.91954 -0.0354275 0.0389356 0.060378 0.101475 -0.0536385 -0.11213 0.0801036 4.42846 0.0585994 0.635797 2.16178 -2.70008 -0.506852 -2.22608 0.0426353 -0.0429049 6.00765e-06 -0.575567 0.51838 0.581332 0.0604864 38.4049 -2.5127 1.41828 3.16928 0.0195783 -0.122945 2.44617 -3.19601 1.9183 0.99927 -0.623034 0.214985 1.38204
382.862 0.0192903 0.669043 2.16236 -2.19215 -1.00712 -2.73585 -0.0167354 0.715541 2.24615 -2.09832 -1.04291 -2.83604 -0.0360257 0.046498 0.083793 0.093829 -0.0357973 -0.100189 0.102378 3.64562 0.0687458 0.623778 2.16178 -2.69979 -0.507909 -2.22856 0.0494555 -0.0452642 -0.000578882 -0.50764 0.499208 0.50729 0.067045 35.9289 -2.51975 1.40954 3.15776 0.0216433 -0.118817 2.44579 -3.20395 1.90856 0.988936 -0.584582 0.209892 1.38039
383.452 0.0244912 0.655597 2.16303 -2.27217 -0.977993 -2.64017 -0.0108966 0.702581 2.25516 -2.2272 -1.00984 -2.69738 -0.0353878 0.0469843 0.0921316 0.0449712 -0.0318478 -0.0572137 0.109307 2.55987 0.0782598 0.608723 2.17146 -2.70044 -0.51029 -2.23261 0.0537686 -0.0468738 0.00843525 -0.42827 0.467702 0.407559 0.0718288 32.5107 -2.52591 1.39615 3.13992 0.0235048 -0.112828 2.44579 -3.20952 1.89494 0.972531 -0.531406 0.209672 1.37163
383.735 0.0290684 0.64594 2.16391 -2.31334 -0.95795 -2.5824 -0.00695929 0.695169 2.25679 -2.28402 -0.98853 -2.6339 -0.0360277 0.0492289 0.0928771 0.0293171 -0.03058 -0.0515033 0.11112 2.53034 0.0845622 0.597457 2.17595 -2.70264 -0.510344 -2.23394 0.0554937 -0.0484831 0.0120409 -0.389305 0.447606 0.34846 0.0746669 30.5699 -2.52727 1.38736 3.12781 0.0245721 -0.108361 2.44604 -3.20952 1.8868 0.961157 -0.499202 0.215037 1.36218
384.047 0.0327452 0.638833 2.16458 -2.33819 -0.942783 -2.54266 -0.0039166 0.675845 2.21616 -2.26802 -0.976177 -2.61934 -0.0366618 0.0370122 0.0515801 0.0701698 -0.0333945 -0.0766826 0.073311 3.1923 0.0896791 0.587681 2.1779 -2.70391 -0.510637 -2.23549 0.0569339 -0.0511526 0.013327 -0.36572 0.432146 0.307168 0.0776895 29.2315 -2.52698 1.38102 3.11855 0.0251796 -0.105065 2.44632 -3.20784 1.88132 0.952387 -0.476402 0.221464 1.35402
384.399 0.0359484 0.632294 2.16514 -2.35821 -0.926886 -2.5056 0.000944214 0.681653 2.26767 -2.36002 -0.947952 -2.53351 -0.0350042 0.0493591 0.102532 -0.00180443 -0.021066 -0.0279182 0.119056 2.07188 0.0939818 0.57529 2.17955 -2.70508 -0.509984 -2.2364 0.0580335 -0.0570042 0.014406 -0.346864 0.416902 0.269197 0.0826129 28.0446 -2.52565 1.37501 3.10906 0.0253911 -0.102032 2.44664 -3.20495 1.87644 0.943357 -0.454081 0.229951 1.34548
384.986 0.041366 0.621387 2.16539 -2.39087 -0.88701 -2.42967 0.00588257 0.663824 2.25429 -2.39358 -0.941774 -2.46418 -0.0354834 0.0424366 0.0889034 -0.00271415 -0.0547636 -0.0345185 0.104708 3.77719 0.0971369 0.556575 2.17859 -2.70542 -0.509438 -2.23855 0.055771 -0.0648126 0.0132057 -0.314558 0.377572 0.191117 0.0865186 25.5268 -2.51897 1.36265 3.08512 0.024501 -0.0970957 2.44747 -3.19443 1.86769 0.920718 -0.402014 0.25356 1.32777
385.567 0.0426679 0.614291 2.16481 -2.4083 -0.846279 -2.37316 0.0106245 0.640531 2.20808 -2.36618 -0.915485 -2.43313 -0.0320434 0.02624 0.0432774 0.0421273 -0.069206 -0.0599697 0.059902 4.53337 0.0973835 0.549411 2.18494 -2.70196 -0.510187 -2.24127 0.0547157 -0.06488 0.0201317 -0.293656 0.336093 0.131893 0.0872267 23.3936 -2.50976 1.35413 3.06198 0.0221119 -0.0944494 2.44816 -3.18275 1.8632 0.899422 -0.353241 0.276586 1.31805
385.896 0.0410521 0.609068 2.16428 -2.41754 -0.814656 -2.33851 0.0116725 0.641393 2.21778 -2.37702 -0.858855 -2.39707 -0.0293796 0.0323252 0.0534911 0.0405188 -0.0441991 -0.0585536 0.0690606 3.38946 0.0945723 0.542205 2.18726 -2.6999 -0.509174 -2.24182 0.0535202 -0.0668632 0.0229722 -0.282356 0.305482 0.0966963 0.0886725 22.0398 -2.50208 1.34948 3.04533 0.019519 -0.0929805 2.44854 -3.17439 1.86178 0.884692 -0.317187 0.291498 1.31543
386.196 0.0390099 0.604679 2.1639 -2.42327 -0.789664 -2.31473 0.00897205 0.648665 2.26336 -2.43657 -0.808463 -2.33007 -0.0300378 0.0439864 0.099456 -0.0132948 -0.0187987 -0.0153448 0.112821 1.86362 0.0901787 0.535723 2.19055 -2.69837 -0.508171 -2.24179 0.0511688 -0.0689555 0.0266454 -0.275097 0.281493 0.072939 0.0899059 21.0789 -2.49564 1.34646 3.0323 0.0173061 -0.0919821 2.44876 -3.16805 1.86146 0.873464 -0.28927 0.30199 1.31542
386.489 0.0367115 0.599965 2.16359 -2.42906 -0.765374 -2.29371 0.00895966 0.640655 2.2526 -2.42253 -0.79184 -2.31172 -0.0277519 0.0406896 0.0890093 0.00652655 -0.0264663 -0.0180102 0.101727 1.72101 0.0874309 0.533577 2.19507 -2.69645 -0.507217 -2.24187 0.0507193 -0.0663886 0.0314784 -0.267386 0.258156 0.0518361 0.0892792 20.1667 -2.48872 1.34378 3.01894 0.0150431 -0.0910957 2.44896 -3.16168 1.86181 0.862163 -0.262318 0.310207 1.31697
386.799 0.0335679 0.59319 2.16341 -2.43611 -0.736467 -2.27111 0.00503486 0.636776 2.2563 -2.46041 -0.764005 -2.28919 -0.028533 0.0435867 0.0928942 -0.0243014 -0.027538 -0.0180796 0.106505 2.7328 0.0812645 0.527025 2.19738 -2.69439 -0.505523 -2.24159 0.0476966 -0.0661644 0.0339742 -0.258288 0.230944 0.0295241 0.0883569 19.151 -2.47887 1.34066 3.00092 0.0120897 -0.0900713 2.44924 -3.15322 1.86316 0.847115 -0.230603 0.317635 1.32052
387.111 0.0315201 0.587358 2.16365 -2.44061 -0.718482 -2.25837 0.00206906 0.625646 2.23767 -2.44557 -0.793196 -2.27749 -0.0294511 0.0382886 0.074023 -0.00496269 -0.0747142 -0.0191212 0.08839 4.47588 0.0759148 0.525204 2.20218 -2.69277 -0.504248 -2.24203 0.0443947 -0.0621541 0.0385263 -0.252166 0.214234 0.0163388 0.085547 18.5453 -2.47113 1.33858 2.98744 0.0100771 -0.0891896 2.44949 -3.14697 1.86472 0.835903 -0.211327 0.321041 1.32363
387.441 0.029594 0.581435 2.16421 -2.4442 -0.704814 -2.24966 0.00114763 0.618202 2.23197 -2.42929 -0.72765 -2.25391 -0.0284464 0.0367678 0.067761 0.0149068 -0.0228367 -0.00424653 0.0821743 1.49253 0.0730014 0.523121 2.20618 -2.6916 -0.502801 -2.24238 0.0434074 -0.0583133 0.0419732 -0.247394 0.202013 0.00727852 0.0839428 18.1012 -2.46319 1.3367 2.9742 0.0081485 -0.0883853 2.44981 -3.14078 1.86666 0.824842 -0.197203 0.322462 1.32667
387.689 0.0269253 0.575837 2.16487 -2.44744 -0.695528 -2.24475 -0.00274782 0.610278 2.23151 -2.43029 -0.722988 -2.25237 -0.0296732 0.0344415 0.066643 0.0171468 -0.0274597 -0.00762548 0.0806722 1.75279 0.0677625 0.520292 2.20587 -2.69049 -0.501563 -2.2425 0.0408371 -0.0555443 0.0410038 -0.243051 0.193965 0.00224718 0.0802131 17.7431 -2.45514 1.33496 2.96125 0.00592577 -0.0878775 2.45018 -3.1347 1.86896 0.813981 -0.188109 0.321188 1.32958
388.008 0.0222862 0.56899 2.16619 -2.44984 -0.689952 -2.24407 -0.00476597 0.619238 2.28229 -2.45088 -0.64833 -2.22225 -0.0270522 0.0502481 0.1161 -0.00103553 0.0416225 0.0218197 0.129367 2.67606 0.0626535 0.517481 2.20461 -2.68878 -0.500383 -2.24175 0.0403673 -0.051509 0.0384214 -0.238933 0.18957 0.00232517 0.0758874 17.4009 -2.44439 1.3328 2.94447 0.0024614 -0.0874905 2.45073 -3.12674 1.87237 0.799683 -0.184338 0.316915 1.33285
388.332 0.0178998 0.564084 2.16743 -2.45053 -0.690971 -2.24797 -0.00859204 0.598524 2.23129 -2.43456 -0.716012 -2.24882 -0.0264918 0.0344399 0.0638589 0.015973 -0.0250414 -0.000854657 0.0772391 1.6854 0.058814 0.517105 2.20204 -2.68682 -0.500039 -2.24126 0.0409142 -0.046979 0.0346079 -0.236287 0.190932 0.00671354 0.071265 17.2249 -2.43644 1.33122 2.93226 -0.000551378 -0.087316 2.45114 -3.12082 1.87511 0.78906 -0.187864 0.311488 1.33486
388.656 0.0136969 0.559494 2.16885 -2.45051 -0.696393 -2.25543 -0.0145514 0.595221 2.24453 -2.4511 -0.724728 -2.26392 -0.0282484 0.0357268 0.0756753 -0.000589285 -0.0283348 -0.00849366 0.088324 1.70157 0.0527877 0.514378 2.19748 -2.68463 -0.499991 -2.24098 0.0390907 -0.0451155 0.0286291 -0.234116 0.196403 0.0144428 0.0662051 17.1506 -2.42871 1.32959 2.92029 -0.00352956 -0.0872229 2.45153 -3.1149 1.87793 0.778404 -0.196575 0.304378 1.3365
388.996 0.0102497 0.555365 2.1704 -2.45002 -0.705122 -2.26541 -0.0184391 0.588406 2.24099 -2.44647 -0.723073 -2.26552 -0.0286888 0.0330407 0.0705907 0.00355084 -0.0179507 -0.000107313 0.0830529 1.04755 0.0497766 0.512094 2.19504 -2.68235 -0.500118 -2.24116 0.0395269 -0.0432712 0.0246367 -0.232327 0.205005 0.0242589 0.0635746 17.1886 -2.4213 1.32783 2.90833 -0.00625867 -0.087233 2.4519 -3.10899 1.88075 0.767531 -0.208936 0.296172 1.33784
389.305 0.00782734 0.5506 2.17241 -2.44996 -0.71968 -2.28038 -0.0223682 0.583812 2.24211 -2.41854 -0.742928 -2.28173 -0.0301956 0.0332121 0.0697045 0.031416 -0.0232488 -0.00134871 0.0829068 2.19874 0.0468405 0.510181 2.19365 -2.67994 -0.501438 -2.24248 0.0390132 -0.0404187 0.0212386 -0.229985 0.218241 0.0379064 0.0600564 17.3525 -2.41206 1.32518 2.89208 -0.00908671 -0.0874256 2.45234 -3.10117 1.88441 0.752507 -0.228051 0.283933 1.33934
389.614 0.00802797 0.547592 2.17376 -2.45215 -0.730976 -2.29095 -0.0262974 0.579322 2.24369 -2.45114 -0.71412 -2.26175 -0.0343253 0.0317297 0.0699373 0.00100443 0.0168554 0.0291941 0.0841203 1.96503 0.0462477 0.509594 2.19436 -2.67899 -0.501822 -2.24289 0.0382197 -0.0379974 0.0206029 -0.226837 0.229154 0.0480587 0.0576977 17.5106 -2.40569 1.32288 2.87947 -0.0104666 -0.0877037 2.4526 -3.0954 1.88706 0.740801 -0.241834 0.273393 1.34049
389.914 0.00965436 0.543729 2.17512 -2.46055 -0.74354 -2.30137 -0.0253889 0.577682 2.24495 -2.46763 -0.77884 -2.2841 -0.0350433 0.0339526 0.0698266 -0.00708349 -0.0353 0.0172673 0.0851855 2.16338 0.0474501 0.509231 2.19542 -2.67833 -0.502125 -2.24299 0.0377957 -0.0344985 0.0203017 -0.21778 0.241415 0.0583735 0.0550529 17.5659 -2.398 1.31937 2.86197 -0.0119469 -0.0880748 2.45286 -3.08789 1.89052 0.72472 -0.25627 0.256489 1.34248
390.238 0.0113981 0.540915 2.17585 -2.47096 -0.750272 -2.30581 -0.0226251 0.577117 2.26189 -2.45437 -0.768974 -2.31152 -0.0340231 0.0362018 0.0860448 0.016589 -0.0187024 -0.00571251 0.0993572 1.31552 0.0485231 0.510396 2.19679 -2.67809 -0.502311 -2.24251 0.0371251 -0.0305187 0.020939 -0.207132 0.247961 0.063304 0.0524223 17.4479 -2.39286 1.31636 2.84842 -0.0130411 -0.0883002 2.453 -3.08238 1.893 0.712419 -0.263383 0.242012 1.34435
390.573 0.0145005 0.538384 2.17611 -2.48459 -0.753878 -2.30665 -0.0215631 0.570575 2.25172 -2.48732 -0.793828 -2.29763 -0.0360636 0.0321915 0.0756091 -0.00273374 -0.0399501 0.00901891 0.0897419 2.32759 0.0489173 0.510534 2.19796 -2.67767 -0.502867 -2.24226 0.0344168 -0.0278496 0.021852 -0.193085 0.251012 0.0643884 0.0493723 17.1461 -2.38826 1.31301 2.83457 -0.0136744 -0.0886448 2.45309 -3.07705 1.89532 0.700014 -0.266091 0.227076 1.34649
390.885 0.01902 0.536332 2.176 -2.50009 -0.754654 -2.30442 -0.0187698 0.573049 2.26927 -2.50889 -0.763139 -2.30695 -0.0377898 0.0367173 0.0932677 -0.0087956 -0.00848501 -0.00252974 0.107122 0.782347 0.0508047 0.508377 2.19861 -2.67738 -0.503904 -2.24226 0.0317847 -0.0279554 0.022608 -0.177289 0.250749 0.0621605 0.0479885 16.7017 -2.38419 1.30932 2.82053 -0.0138172 -0.089128 2.45314 -3.07187 1.89741 0.687557 -0.264876 0.212671 1.34864
391.163 0.0260876 0.5352 2.17542 -2.52163 -0.751109 -2.2973 -0.0147406 0.568752 2.264 -2.49931 -0.744389 -2.28644 -0.0408281 0.0335526 0.0885841 0.0223199 0.00672011 0.0108625 0.10315 1.80363 0.0555266 0.506824 2.19928 -2.67655 -0.505817 -2.24272 0.029439 -0.0283759 0.023857 -0.154914 0.245292 0.0545833 0.0473392 15.903 -2.37953 1.30386 2.8016 -0.0137639 -0.0902692 2.45314 -3.06526 1.8997 0.670887 -0.257445 0.195716 1.35116
391.505 0.0313961 0.534612 2.1746 -2.53708 -0.744615 -2.28922 -0.00688254 0.569132 2.26945 -2.51752 -0.76575 -2.30253 -0.0382787 0.0345197 0.0948534 0.0195572 -0.021135 -0.0133042 0.107954 1.46019 0.0593835 0.505535 2.19994 -2.67563 -0.506637 -2.24366 0.0279874 -0.029077 0.0253403 -0.138552 0.237978 0.0455615 0.0476539 15.2015 -2.37654 1.29936 2.7872 -0.0137868 -0.0912236 2.45308 -3.06058 1.90101 0.658323 -0.247599 0.185349 1.35269
391.829 0.0372715 0.533741 2.17369 -2.5514 -0.735543 -2.27965 -0.00292761 0.568539 2.27105 -2.55853 -0.742919 -2.28154 -0.0401991 0.0347982 0.0973556 -0.00712943 -0.00737606 -0.0018866 0.110928 0.645284 0.0638402 0.504461 2.20087 -2.67533 -0.507074 -2.24434 0.0265687 -0.0292798 0.0271787 -0.123922 0.228469 0.0353094 0.047978 14.452 -2.3739 1.29452 2.7727 -0.0135766 -0.0920219 2.45293 -3.05615 1.9019 0.645733 -0.235089 0.177352 1.35389
392.141 0.0436765 0.532393 2.17284 -2.56424 -0.724917 -2.26963 0.00500389 0.568578 2.2712 -2.56308 -0.745684 -2.27954 -0.0386726 0.0361842 0.0983641 0.00115939 -0.0207674 -0.00990468 0.111716 1.30056 0.0700247 0.500593 2.20169 -2.67544 -0.507035 -2.24527 0.0263482 -0.0318001 0.0288561 -0.111195 0.217882 0.0243608 0.05038 13.7082 -2.37155 1.28933 2.75814 -0.0131163 -0.0925702 2.45272 -3.05197 1.90236 0.633096 -0.22122 0.171429 1.3549
392.448 0.0522325 0.529806 2.17179 -2.57981 -0.708726 -2.25622 0.0116877 0.553543 2.2152 -2.51828 -0.745626 -2.28336 -0.0405447 0.0237366 0.0434132 0.0615314 -0.0369003 -0.0271389 0.0639688 3.4678 0.0760739 0.496432 2.2028 -2.67621 -0.506276 -2.24587 0.0238414 -0.0333741 0.0310109 -0.096396 0.20245 0.0103504 0.0514191 12.7104 -2.36879 1.2819 2.73855 -0.0124268 -0.0929626 2.45236 -3.04683 1.90239 0.61617 -0.201184 0.165302 1.35636
392.755 0.0586232 0.526891 2.17102 -2.59102 -0.695236 -2.24635 0.0208415 0.56295 2.26454 -2.58783 -0.704895 -2.24158 -0.0377817 0.0360591 0.0935178 0.00318744 -0.00965871 0.00477623 0.107113 0.692104 0.0803854 0.492342 2.20281 -2.67689 -0.505712 -2.24609 0.0217622 -0.0345489 0.0317916 -0.085867 0.189524 0.000258019 0.0517487 11.915 -2.36691 1.27599 2.72364 -0.0118368 -0.092937 2.45206 -3.04338 1.90199 0.6034 -0.185163 0.16121 1.35782
393.074 0.064805 0.523412 2.17041 -2.60211 -0.680823 -2.23688 0.0271772 0.549108 2.21682 -2.56444 -0.724267 -2.25979 -0.0376278 0.0256966 0.0464137 0.0376651 -0.0434443 -0.022913 0.0650415 2.98557 0.0868723 0.487813 2.20499 -2.678 -0.504777 -2.24605 0.0220673 -0.0355986 0.0345847 -0.0758924 0.176046 -0.00917706 0.0543169 11.1101 -2.36457 1.26772 2.70346 -0.0110286 -0.0926098 2.45168 -3.04035 1.90125 0.590575 -0.168704 0.157087 1.3597
393.401 0.0727548 0.518024 2.16959 -2.61719 -0.660959 -2.22516 0.033775 0.542872 2.20726 -2.60278 -0.751357 -2.2441 -0.0389797 0.0248478 0.0376668 0.0144093 -0.0903978 -0.018945 0.059629 5.24606 0.0917872 0.484722 2.20842 -2.67881 -0.50428 -2.24585 0.0190324 -0.0333012 0.0388281 -0.0616138 0.156679 -0.0206887 0.0545786 9.95167 -2.36291 1.26128 2.68813 -0.0103507 -0.0922821 2.45145 -3.03703 1.8998 0.573459 -0.146376 0.150703 1.36287
393.695 0.0785966 0.514067 2.16896 -2.62801 -0.647129 -2.21767 0.040602 0.550431 2.2618 -2.62277 -0.653048 -2.19898 -0.0379946 0.0363639 0.0928371 0.00523796 -0.00591878 0.01869 0.106699 1.31938 0.0966732 0.482265 2.21182 -2.67947 -0.504417 -2.24574 0.0180766 -0.0318018 0.0428535 -0.0514617 0.142712 -0.0280661 0.0563431 9.12624 -2.36129 1.25469 2.67281 -0.00954829 -0.0921354 2.45128 -3.03508 1.89834 0.560678 -0.13076 0.145497 1.36539
394.022 0.0844539 0.509863 2.16851 -2.63866 -0.635051 -2.21129 0.0485208 0.547713 2.26275 -2.66166 -0.622272 -2.18099 -0.0359331 0.0378498 0.0942391 -0.0230026 0.0127797 0.0303038 0.107726 1.61131 0.100516 0.480508 2.21472 -2.68003 -0.504784 -2.24549 0.0160625 -0.0293551 0.0462151 -0.0413666 0.130267 -0.0341966 0.0570575 8.37649 -2.35966 1.24799 2.65761 -0.00854587 -0.0919598 2.4512 -3.03359 1.89655 0.548028 -0.11709 0.139854 1.36772
394.381 0.0929413 0.50294 2.16828 -2.65368 -0.621426 -2.20354 0.0543055 0.532085 2.21844 -2.65665 -0.672423 -2.21515 -0.0386358 0.029145 0.0501612 -0.00296979 -0.0509966 -0.0116154 0.0697015 3.02414 0.106934 0.47647 2.21717 -2.68123 -0.505422 -2.24531 0.0139928 -0.0264701 0.0488913 -0.027553 0.116004 -0.041771 0.0573309 7.51168 -2.35745 1.23899 2.63753 -0.00653665 -0.0913099 2.45124 -3.03239 1.89371 0.53138 -0.101495 0.131649 1.3701
394.969 0.105415 0.490853 2.16851 -2.6747 -0.605136 -2.19182 0.0694882 0.532282 2.26842 -2.67169 -0.5543 -2.16988 -0.0359265 0.0414292 0.0999058 0.00300576 0.0508356 0.0219432 0.113966 3.21418 0.116444 0.472193 2.22357 -2.68377 -0.506573 -2.24457 0.0110293 -0.0186598 0.0550547 -0.00907501 0.0985633 -0.0527462 0.059168 6.55335 -2.35381 1.22577 2.60783 -0.00263895 -0.0899585 2.45162 -3.0325 1.88838 0.506837 -0.081948 0.121395 1.3712
395.295 0.110365 0.484295 2.16893 -2.68338 -0.598044 -2.18555 0.0774288 0.524478 2.26893 -2.67921 -0.552268 -2.16665 -0.0329358 0.040183 0.100007 0.00417593 0.0457767 0.0188965 0.112698 2.89665 0.121371 0.467967 2.22441 -2.68519 -0.507165 -2.24397 0.0110064 -0.0163275 0.0554857 -0.00180568 0.0908789 -0.0584245 0.058876 6.21975 -2.35178 1.21948 2.59325 -0.000709066 -0.089168 2.45192 -3.03347 1.88521 0.494803 -0.0732132 0.118226 1.37063
395.604 0.114688 0.475181 2.16963 -2.69219 -0.58842 -2.17666 0.0805953 0.505305 2.21981 -2.65517 -0.581617 -2.18446 -0.0340929 0.030124 0.0501869 0.0370217 0.00680339 -0.00779792 0.0677385 1.95044 0.125437 0.465178 2.22635 -2.68655 -0.507812 -2.2433 0.0107492 -0.0100035 0.056726 0.00563921 0.0806079 -0.0666356 0.0585957 5.89215 -2.3488 1.21165 2.57405 0.00147159 -0.0881136 2.45237 -3.03575 1.8805 0.479007 -0.0614964 0.116653 1.36913
396.002 0.115979 0.468144 2.17036 -2.69601 -0.580233 -2.16975 0.0844788 0.497588 2.21998 -2.66024 -0.578722 -2.18191 -0.0315002 0.0294443 0.0496163 0.0357723 0.00151126 -0.0121621 0.0657344 1.76901 0.127137 0.464861 2.22921 -2.68674 -0.508011 -2.24277 0.0111578 -0.00328255 0.0588481 0.00927136 0.0722225 -0.0730185 0.0599864 5.70956 -2.34635 1.20629 2.55983 0.00278488 -0.0872621 2.45273 -3.03823 1.87659 0.467334 -0.0519565 0.118104 1.36793
396.608 0.113674 0.452838 2.17208 -2.69713 -0.559758 -2.15615 0.0877274 0.488382 2.25327 -2.70676 -0.543252 -2.13258 -0.0259461 0.0355436 0.081193 -0.00963695 0.0165056 0.0235749 0.0923518 1.49724 0.134824 0.456249 2.23304 -2.68793 -0.508103 -2.24161 0.0211501 0.00341128 0.0609645 0.00920086 0.0516546 -0.0854598 0.0646191 5.51178 -2.33996 1.19592 2.52708 0.00525534 -0.0859168 2.45352 -3.04622 1.86653 0.440428 -0.0288081 0.127067 1.36714
396.947 0.109706 0.447961 2.17276 -2.69479 -0.552611 -2.15309 0.0844619 0.474206 2.21943 -2.66807 -0.566836 -2.17694 -0.0252442 0.0262455 0.0466619 0.0267172 -0.0142249 -0.0238491 0.0591898 1.62895 0.137526 0.451463 2.23482 -2.68774 -0.507934 -2.24171 0.0278198 0.00350176 0.0620547 0.00704879 0.0446772 -0.0886219 0.0680954 5.51541 -2.33698 1.19249 2.51322 0.005662 -0.0860094 2.45382 -3.05031 1.86197 0.428853 -0.0208631 0.131363 1.36815
397.258 0.104431 0.444287 2.17349 -2.69205 -0.548091 -2.15253 0.0808085 0.476065 2.25085 -2.65889 -0.510921 -2.14553 -0.0236227 0.0317783 0.0773561 0.033157 0.0371701 0.00699563 0.0869014 3.01233 0.13886 0.446364 2.23283 -2.68785 -0.507894 -2.24158 0.034429 0.00207778 0.0593387 0.00419409 0.0401971 -0.0890567 0.0686349 5.49176 -2.33388 1.18968 2.49952 0.00582633 -0.0865126 2.4541 -3.05456 1.8574 0.417207 -0.0158753 0.134331 1.37
397.589 0.0960261 0.440605 2.17451 -2.68909 -0.547111 -2.15591 0.076215 0.472798 2.26358 -2.70516 -0.592424 -2.15782 -0.019811 0.0321931 0.0890685 -0.0160746 -0.0453126 -0.00191168 0.0967578 2.77657 0.139128 0.441578 2.22858 -2.68779 -0.507861 -2.24106 0.0431016 0.000973526 0.0540617 0.00129142 0.0392507 -0.0851524 0.0691475 5.33854 -2.32959 1.18688 2.48143 0.00580271 -0.0875302 2.45447 -3.06024 1.85146 0.401419 -0.0149557 0.135076 1.37353
397.902 0.0889058 0.438809 2.17541 -2.68696 -0.549571 -2.16098 0.0679954 0.467294 2.25135 -2.67173 -0.565558 -2.14596 -0.0209104 0.0284851 0.0759427 0.0152313 -0.0159871 0.0150198 0.0837612 1.77078 0.137466 0.439578 2.22657 -2.68675 -0.50787 -2.24036 0.0485605 0.000769373 0.0511582 0.000207629 0.0417003 -0.0793794 0.0705398 5.13187 -2.32628 1.18544 2.46776 0.00563855 -0.0885262 2.45475 -3.06441 1.84715 0.389166 -0.0178721 0.133993 1.37674
398.24 0.0814575 0.437569 2.17615 -2.68479 -0.553342 -2.16711 0.0610942 0.463772 2.24844 -2.65041 -0.500184 -2.14713 -0.0203634 0.0262028 0.0722884 0.034381 0.0531583 0.0199806 0.0795416 4.0907 0.135692 0.436734 2.22398 -2.68522 -0.508539 -2.23995 0.0542348 -0.000835026 0.0478319 -0.000428167 0.044803 -0.0728446 0.0723187 4.91023 -2.3229 1.18451 2.45382 0.00544838 -0.0897013 2.45503 -3.0685 1.84302 0.376495 -0.0221917 0.132285 1.38021
398.565 0.0707709 0.437226 2.17671 -2.68332 -0.557399 -2.17482 0.0524623 0.464542 2.26189 -2.69349 -0.582013 -2.16142 -0.0183086 0.0273159 0.0851838 -0.0101709 -0.0246141 0.0133944 0.0913107 1.56047 0.133138 0.432365 2.21995 -2.68201 -0.510044 -2.24005 0.0623666 -0.00486136 0.0432479 0.00131117 0.0473542 -0.0652267 0.0760501 4.58757 -2.31829 1.18395 2.43445 0.00492309 -0.0918242 2.45538 -3.07385 1.83801 0.35898 -0.0265663 0.128297 1.38492
398.852 0.0621544 0.437353 2.1769 -2.68448 -0.55837 -2.17926 0.0426055 0.454128 2.21148 -2.65744 -0.608047 -2.18364 -0.0195489 0.0167749 0.0345755 0.0270404 -0.0496777 -0.00437619 0.0431164 3.18371 0.130086 0.429486 2.21873 -2.67887 -0.510932 -2.24046 0.0679318 -0.00786724 0.0418277 0.00560926 0.0474377 -0.0612045 0.0801635 4.31711 -2.31474 1.18394 2.41914 0.00426128 -0.0936244 2.45557 -3.07777 1.83477 0.34536 -0.0274328 0.123448 1.38826
399.165 0.0530173 0.437501 2.17675 -2.68794 -0.557023 -2.18207 0.0326982 0.464304 2.26073 -2.68173 -0.576473 -2.16565 -0.0203191 0.0268027 0.0839845 0.00621586 -0.0194508 0.0164249 0.090469 1.61689 0.127119 0.428104 2.21817 -2.67563 -0.511267 -2.24086 0.074102 -0.00939681 0.0414253 0.012313 0.0457552 -0.0587846 0.0854135 4.03643 -2.31111 1.18418 2.4031 0.00324376 -0.0955656 2.45569 -3.08154 1.83209 0.331365 -0.0257111 0.116745 1.39132
399.473 0.041359 0.436591 2.1762 -2.69455 -0.550738 -2.18295 0.0247987 0.464217 2.26031 -2.67706 -0.574217 -2.1673 -0.0165603 0.0276256 0.084105 0.0174892 -0.0234789 0.0156446 0.0900614 2.139 0.123396 0.425531 2.21861 -2.67214 -0.511109 -2.24112 0.0820375 -0.01106 0.0424042 0.0224091 0.0396297 -0.0581748 0.0930085 3.68483 -2.30612 1.18469 2.38061 0.00190644 -0.0979187 2.45572 -3.08634 1.82939 0.312191 -0.0185473 0.107439 1.39496
399.74 0.0343089 0.434414 2.1758 -2.70062 -0.542752 -2.18163 0.0129643 0.463493 2.26144 -2.70622 -0.531732 -2.154 -0.0213446 0.0290794 0.0856384 -0.00560225 0.0110194 0.0276327 0.0929255 1.57744 0.121683 0.424131 2.22089 -2.67063 -0.510338 -2.24061 0.0873742 -0.0102824 0.0450905 0.0299878 0.0324136 -0.0589767 0.0988592 3.46147 -2.30226 1.1851 2.3631 0.00144823 -0.0992174 2.45563 -3.08972 1.82805 0.297599 -0.00968371 0.10106 1.39742
400.091 0.0288112 0.430717 2.1754 -2.70686 -0.531117 -2.17832 0.00395033 0.453721 2.21883 -2.69661 -0.58617 -2.19034 -0.0248608 0.0230036 0.0434282 0.0102544 -0.0550536 -0.0120162 0.0550748 3.21552 0.1208 0.421587 2.22199 -2.6701 -0.510231 -2.24041 0.0919889 -0.00913023 0.0465916 0.0367602 0.0208853 -0.0620935 0.103519 3.32684 -2.29829 1.18543 2.34516 0.00146605 -0.100069 2.45544 -3.09296 1.82731 0.28303 0.0030449 0.0961176 1.3997
400.415 0.0245656 0.425669 2.17498 -2.71181 -0.515797 -2.17304 -0.00290019 0.460117 2.26916 -2.73021 -0.552345 -2.17002 -0.0274658 0.0344482 0.0941833 -0.0183991 -0.0365477 0.00301412 0.103979 2.31105 0.120034 0.418476 2.22372 -2.67028 -0.510161 -2.24017 0.0954687 -0.00719299 0.0487417 0.041532 0.00563566 -0.0671272 0.107433 3.40214 -2.2942 1.18565 2.32698 0.00182717 -0.10057 2.45516 -3.09609 1.82712 0.268652 0.0197008 0.093849 1.40175
400.718 0.0202433 0.416682 2.17463 -2.71514 -0.490929 -2.16348 -0.00677242 0.452463 2.26041 -2.73158 -0.479326 -2.14106 -0.0270157 0.0357805 0.0857802 -0.0164406 0.0116031 0.0224126 0.0967902 1.36027 0.119094 0.410612 2.22196 -2.67056 -0.510104 -2.24043 0.0988504 -0.00607007 0.0473331 0.0445742 -0.0191752 -0.0769562 0.109766 4.04477 -2.28853 1.18575 2.30257 0.00255795 -0.100556 2.45462 -3.10005 1.82767 0.249829 0.0464139 0.0956796 1.40408
401.348 0.0154771 0.399771 2.17443 -2.71318 -0.447884 -2.14524 -0.0136078 0.436461 2.2593 -2.6819 -0.440308 -2.15136 -0.0290848 0.0366904 0.0848657 0.0312813 0.00757565 -0.00611821 0.0969242 1.72737 0.113343 0.397399 2.22839 -2.67071 -0.508613 -2.2407 0.0978658 -0.00237128 0.0539543 0.042467 -0.0607294 -0.0954528 0.111778 5.97271 -2.27964 1.18551 2.26571 0.00370782 -0.0996757 2.45354 -3.10555 1.83018 0.222231 0.0925141 0.107081 1.40686
401.631 0.0139486 0.391709 2.17434 -2.70969 -0.427049 -2.13595 -0.0173173 0.421526 2.23767 -2.64065 -0.416245 -2.1388 -0.0312659 0.0298167 0.0633311 0.0690436 0.0108043 -0.00284797 0.0766643 3.94089 0.111608 0.392628 2.22989 -2.67091 -0.508165 -2.24095 0.0976595 0.000918688 0.0555531 0.0387853 -0.0811163 -0.105004 0.112358 7.11703 -2.27504 1.18525 2.24741 0.00436796 -0.0996223 2.4529 -3.10803 1.83215 0.208751 0.115491 0.114966 1.40813
401.936 0.0126843 0.38032 2.17453 -2.70446 -0.401508 -2.12455 -0.0186006 0.416764 2.25949 -2.73618 -0.457107 -2.13664 -0.0312849 0.036444 0.0849578 -0.0317231 -0.0555998 -0.0120814 0.0975948 3.87009 0.108848 0.387251 2.23269 -2.67126 -0.50794 -2.24166 0.0961639 0.00693082 0.0581657 0.0331957 -0.106432 -0.117109 0.1126 8.6349 -2.26877 1.18483 2.22343 0.00530485 -0.0994167 2.45202 -3.11099 1.8355 0.191237 0.143621 0.125436 1.40995
402.189 0.0121251 0.371043 2.17488 -2.70061 -0.384337 -2.11715 -0.0183528 0.403474 2.2402 -2.72303 -0.378336 -2.10909 -0.0304778 0.0324311 0.0653227 -0.022412 0.00600091 0.0080606 0.0790426 1.24049 0.105701 0.383071 2.23532 -2.67156 -0.50792 -2.24265 0.0935759 0.0120277 0.0604391 0.0290524 -0.123583 -0.125499 0.112045 9.70592 -2.26396 1.18447 2.2058 0.00598955 -0.0990334 2.45139 -3.11298 1.83848 0.178461 0.162361 0.132652 1.41152
402.549 0.0117282 0.358028 2.17558 -2.69511 -0.363244 -2.10856 -0.0194723 0.397971 2.26446 -2.67331 -0.362268 -2.09104 -0.0312005 0.0399422 0.0888748 0.021797 0.000976049 0.0175136 0.102311 1.85983 0.101789 0.375264 2.23766 -2.67208 -0.507781 -2.24381 0.0900607 0.0172351 0.06208 0.0230361 -0.144538 -0.135249 0.110733 11.0284 -2.25745 1.18402 2.18284 0.00688064 -0.0983279 2.45065 -3.11547 1.84288 0.161967 0.185127 0.141961 1.41417
402.881 0.0115684 0.348267 2.17622 -2.69037 -0.349423 -2.10337 -0.0194648 0.386011 2.26389 -2.67606 -0.355952 -2.08949 -0.0310331 0.0377438 0.087677 0.0143128 -0.00652931 0.0138837 0.100374 1.37686 0.098557 0.368849 2.24 -2.67261 -0.507623 -2.24443 0.0869886 0.0205824 0.0637813 0.0177601 -0.1582 -0.141061 0.109812 11.8968 -2.25251 1.18375 2.16614 0.00752826 -0.0978112 2.4502 -3.11723 1.84636 0.150004 0.199988 0.148902 1.41663
403.138 0.0116639 0.339864 2.17686 -2.68476 -0.338244 -2.09958 -0.0211954 0.370393 2.23568 -2.65258 -0.389078 -2.13151 -0.0328593 0.0305291 0.0588215 0.0321778 -0.0508331 -0.0319332 0.0739712 3.58157 0.0950399 0.365592 2.24379 -2.67299 -0.507841 -2.24505 0.083376 0.0257277 0.0669314 0.0117733 -0.169597 -0.145473 0.109969 12.6317 -2.24754 1.18359 2.14995 0.00827374 -0.0978281 2.44984 -3.11889 1.84986 0.138336 0.212471 0.155925 1.41952
403.565 0.0116743 0.332693 2.17759 -2.67827 -0.330297 -2.09744 -0.0211086 0.358691 2.2294 -2.67504 -0.334918 -2.11655 -0.0327829 0.0259976 0.0518063 0.00323439 -0.00462019 -0.0191065 0.066592 1.08173 0.0918734 0.362006 2.24658 -2.67325 -0.50835 -2.24565 0.0801992 0.029313 0.0689867 0.00501536 -0.178052 -0.148212 0.109774 13.1942 -2.24255 1.18358 2.13433 0.00899409 -0.0982434 2.44958 -3.12039 1.85329 0.126871 0.221742 0.162976 1.42271
404.387 0.0104265 0.315729 2.17966 -2.67069 -0.321302 -2.09854 -0.0202522 0.344157 2.24885 -2.629 -0.321971 -2.09903 -0.0306787 0.0284273 0.069189 0.0416854 -0.000669149 -0.000492562 0.0808481 2.37998 0.0834592 0.354081 2.24752 -2.67536 -0.509099 -2.24582 0.0730327 0.038352 0.0678616 -0.00467925 -0.187797 -0.147278 0.106817 13.7359 -2.23079 1.18424 2.09952 0.0101613 -0.0985953 2.44938 -3.12315 1.86117 0.100799 0.231311 0.169715 1.42935
404.646 0.00850593 0.307527 2.18073 -2.67189 -0.321169 -2.10139 -0.0213989 0.338087 2.26067 -2.68546 -0.329232 -2.08378 -0.0299048 0.0305592 0.0799402 -0.0135682 -0.00806303 0.0176158 0.0906565 1.15555 0.0791065 0.348318 2.24775 -2.67688 -0.508818 -2.24544 0.0706006 0.0407906 0.067025 -0.00498622 -0.187649 -0.14405 0.105549 13.6198 -2.22573 1.18488 2.08491 0.0100237 -0.0980258 2.44952 -3.12389 1.86443 0.0894514 0.229965 0.167277 1.43133
404.991 0.00501242 0.297077 2.18202 -2.67809 -0.323559 -2.10669 -0.023378 0.330262 2.26117 -2.68642 -0.326162 -2.08321 -0.0283904 0.0331854 0.0791459 -0.00833216 -0.00260304 0.0234777 0.0903956 1.28451 0.072938 0.336807 2.24255 -2.6786 -0.508069 -2.24479 0.0679255 0.0397296 0.060529 -0.000509469 -0.184509 -0.138103 0.0992778 13.2053 -2.21903 1.18611 2.06537 0.00938808 -0.0971328 2.44994 -3.12442 1.86863 0.0738628 0.224715 0.158764 1.43308
405.3 0.00251995 0.291298 2.18283 -2.68492 -0.327795 -2.11171 -0.0277216 0.323168 2.28768 -2.73984 -0.331707 -2.09157 -0.0302415 0.0318698 0.104849 -0.0549159 -0.00391202 0.020143 0.113682 2.98832 0.069838 0.326261 2.23214 -2.68029 -0.507875 -2.24413 0.0673181 0.0349633 0.0493113 0.00463678 -0.180079 -0.132424 0.0904752 12.7397 -2.21412 1.18733 2.05083 0.00896168 -0.0970058 2.45038 -3.12442 1.87158 0.0618424 0.218548 0.149718 1.4339
405.628 0.000149616 0.28723 2.1835 -2.69234 -0.334211 -2.11751 -0.0300965 0.308627 2.24074 -2.71773 -0.375443 -2.11055 -0.0302461 0.0213966 0.0572332 -0.025394 -0.0412317 0.00695732 0.0681783 2.73008 0.0658089 0.317132 2.22132 -2.68123 -0.508172 -2.24349 0.0656593 0.0299016 0.0378185 0.0111092 -0.173961 -0.125982 0.0814585 12.1638 -2.20935 1.18879 2.03652 0.00859785 -0.0972632 2.4509 -3.12399 1.87426 0.0495234 0.21042 0.139732 1.43448
405.993 -0.00222385 0.284635 2.18413 -2.70023 -0.342437 -2.12393 -0.0328568 0.303667 2.23309 -2.6642 -0.352855 -2.1239 -0.030633 0.0190319 0.0489621 0.0360251 -0.0104178 2.11983e-05 0.0608101 2.14904 0.0618327 0.308342 2.21102 -2.68179 -0.50878 -2.24297 0.0640565 0.0237073 0.0268858 0.0184388 -0.166343 -0.119045 0.0734038 11.5068 -2.20475 1.19051 2.02244 0.00820482 -0.0977421 2.45146 -3.12307 1.87669 0.0368967 0.200571 0.128953 1.43487
406.312 -0.00463772 0.283468 2.18467 -2.70772 -0.351877 -2.1306 -0.0364508 0.305609 2.27601 -2.67941 -0.302218 -2.1042 -0.0318131 0.0221408 0.0913401 0.0283103 0.0496591 0.0264019 0.0992234 3.81978 0.0576665 0.299701 2.20123 -2.68223 -0.509681 -2.24253 0.0623042 0.0162332 0.0165556 0.0254975 -0.157804 -0.111926 0.0664787 10.8206 -2.20032 1.19244 2.00865 0.00777182 -0.0984144 2.45204 -3.12105 1.87946 0.0196626 0.185989 0.114888 1.43533
406.762 -0.010321 0.285229 2.18528 -2.72191 -0.37171 -2.14418 -0.0411307 0.301783 2.25536 -2.70657 -0.364801 -2.13466 -0.0308096 0.016554 0.0700783 0.0153335 0.00690927 0.00951874 0.0783214 1.25336 0.0485882 0.279968 2.17988 -2.6819 -0.511601 -2.24218 0.0589092 -0.00526039 -0.00540198 0.040001 -0.139891 -0.097993 0.0593898 9.48398 -2.19066 1.19761 1.97741 0.00667112 -0.10044 2.45327 -3.11649 1.88257 -0.00668205 0.167488 0.0970152 1.43638
407.16 -0.0137503 0.286591 2.18503 -2.72907 -0.375221 -2.14831 -0.0450355 0.30353 2.25372 -2.70289 -0.36522 -2.13574 -0.0312852 0.016939 0.0686975 0.0261751 0.0100004 0.0125629 0.077363 1.96901 0.0436553 0.269488 2.16704 -2.68178 -0.511489 -2.24147 0.0574055 -0.0171031 -0.0179874 0.0472896 -0.136268 -0.093159 0.0625416 9.18222 -2.18552 1.20083 1.96 0.00590953 -0.101068 2.45383 -3.11272 1.88408 -0.0240032 0.162941 0.087164 1.43751
407.424 -0.0165204 0.287764 2.18439 -2.73361 -0.372157 -2.14899 -0.0450679 0.305712 2.25529 -2.70335 -0.365666 -2.13566 -0.0285475 0.0179475 0.0709033 0.0302655 0.00649043 0.0133238 0.0785134 2.16392 0.0388233 0.261147 2.15756 -2.68148 -0.511124 -2.24075 0.0553437 -0.0266176 -0.0268312 0.052133 -0.138968 -0.0917658 0.0670174 9.29859 -2.18182 1.2033 1.94702 0.00523444 -0.101417 2.45416 -3.10969 1.88493 -0.0367626 0.165527 0.0813951 1.43877
407.726 -0.0194965 0.289197 2.18329 -2.73822 -0.364183 -2.14776 -0.0494759 0.309164 2.27338 -2.74757 -0.387088 -2.14745 -0.0299794 0.0199673 0.0900928 -0.00935071 -0.0229049 0.000313053 0.0970266 1.41499 0.0333881 0.252756 2.14782 -2.68046 -0.510941 -2.2405 0.0528846 -0.0364409 -0.0354643 0.0577637 -0.146758 -0.0927374 0.0733651 9.74158 -2.17825 1.20574 1.93383 0.00444322 -0.101817 2.45442 -3.10657 1.88564 -0.0494466 0.173335 0.0760551 1.44031
408.071 -0.0230949 0.291223 2.18128 -2.74449 -0.347125 -2.14387 -0.0528363 0.308212 2.25156 -2.72369 -0.311538 -2.12274 -0.0297414 0.016989 0.0702736 0.0207969 0.0355862 0.0211359 0.0781765 2.82425 0.0258465 0.240924 2.13512 -2.67839 -0.510464 -2.24022 0.0489414 -0.0502995 -0.0461629 0.0660994 -0.163339 -0.0963429 0.0840019 10.7185 -2.17368 1.20888 1.91582 0.00353264 -0.102363 2.45464 -3.10236 1.88639 -0.06635 0.190621 0.0695746 1.44279
408.558 -0.0251166 0.292374 2.17946 -2.74961 -0.330015 -2.13955 -0.0574127 0.31312 2.27328 -2.74212 -0.386654 -2.14899 -0.032296 0.0207456 0.0938187 0.00748142 -0.0566389 -0.00943911 0.101367 3.29313 0.0193347 0.230833 2.12546 -2.67649 -0.509677 -2.23993 0.0444513 -0.0615411 -0.0539999 0.0731115 -0.179662 -0.10038 0.0931623 11.695 -2.17035 1.21107 1.90181 0.0031616 -0.102678 2.4547 -3.0993 1.88686 -0.0791079 0.20819 0.064924 1.44486
409.096 -0.02675 0.292336 2.17746 -2.75606 -0.310503 -2.13463 -0.0571258 0.307227 2.22365 -2.74476 -0.382063 -2.15423 -0.0303758 0.0148916 0.0461908 0.0112983 -0.0715601 -0.0195989 0.0572542 4.24224 0.0145465 0.220406 2.115 -2.67556 -0.508792 -2.23964 0.0412965 -0.0719295 -0.0624556 0.0805009 -0.19829 -0.105006 0.103827 12.8141 -2.16709 1.21307 1.88729 0.00295321 -0.102615 2.45471 -3.09636 1.88736 -0.0920198 0.228079 0.0592997 1.44678
409.591 -0.0284785 0.290683 2.17483 -2.76849 -0.282876 -2.12803 -0.0606938 0.312114 2.25134 -2.71829 -0.311485 -2.12399 -0.0322154 0.0214312 0.0765042 0.0501997 -0.0286083 0.00404195 0.0857323 3.37673 0.00924518 0.204402 2.10088 -2.67454 -0.50689 -2.23918 0.0377236 -0.0862808 -0.0739577 0.0939548 -0.224014 -0.111151 0.119738 14.4058 -2.16281 1.21538 1.86701 0.00277843 -0.102059 2.45465 -3.09267 1.88827 -0.109597 0.255504 0.0482375 1.44839
410.073 -0.0298481 0.288299 2.17282 -2.78005 -0.261959 -2.12322 -0.0619476 0.306703 2.21994 -2.79048 -0.416046 -2.1443 -0.0320995 0.0184044 0.0471215 -0.0104374 -0.154087 -0.0210888 0.0599127 8.95761 0.00451669 0.192233 2.08891 -2.67355 -0.504819 -2.23859 0.0343648 -0.0960654 -0.0839136 0.106496 -0.24286 -0.11537 0.132102 15.6163 -2.15961 1.21682 1.85094 0.00254458 -0.101444 2.45459 -3.09021 1.88919 -0.123199 0.276063 0.0376376 1.44866
410.821 -0.0353294 0.278513 2.16932 -2.81722 -0.228557 -2.11861 -0.0643708 0.304258 2.24364 -2.7378 -0.246473 -2.10917 -0.0290414 0.0257443 0.0743221 0.0794169 -0.017916 0.00943698 0.0838448 4.81743 -0.00214003 0.165992 2.06224 -2.67272 -0.500818 -2.23725 0.0331894 -0.112522 -0.107077 0.144493 -0.272261 -0.118645 0.158833 17.8057 -2.15314 1.2188 1.81676 0.0014039 -0.0991078 2.45455 -3.08748 1.89084 -0.151307 0.306376 0.00137847 1.44483
411.181 -0.0733348 0.279929 2.1775 -2.79045 -0.33478 -2.15404 -0.0688584 0.30078 2.26061 -2.82857 -0.170697 -2.10194 0.0044764 0.0208508 0.0831125 -0.0381223 0.164083 0.0520917 0.0858049 9.93814 -0.0299591 0.165169 2.05542 -2.65756 -0.500163 -2.23784 0.0433757 -0.11476 -0.122077 0.132883 -0.165382 -0.0837996 0.173072 11.871 -2.14464 1.21718 1.80376 -0.0126594 -0.105699 2.45514 -3.09474 1.8916 -0.166268 0.193018 0.00314281 1.44517
411.728 -0.0874273 0.291804 2.18472 -2.75344 -0.432107 -2.19447 -0.101773 0.298175 2.28683 -2.86452 -0.281096 -2.13289 -0.0143458 0.00637068 0.102113 -0.111085 0.151012 0.0615841 0.103313 10.5838 -0.0366429 0.17314 2.05455 -2.64713 -0.505311 -2.23999 0.0507844 -0.118664 -0.130172 0.106309 -0.0732041 -0.0455168 0.183317 6.86404 -2.13875 1.21482 1.79795 -0.0165834 -0.114121 2.45502 -3.0982 1.89109 -0.176072 0.0937957 0.0169877 1.44762
412.009 -0.0845782 0.293199 2.19349 -2.71338 -0.524432 -2.24111 -0.120457 0.305487 2.22559 -2.75638 -0.468056 -2.17998 -0.0358788 0.0122882 0.0321071 -0.0430052 0.0563761 0.0611252 0.0496906 4.53276 -0.027989 0.170954 2.05515 -2.64728 -0.511948 -2.24096 0.0565891 -0.122245 -0.138342 0.0660943 0.0124839 0.000147244 0.193093 3.85793 -2.13374 1.21159 1.79347 -0.0133064 -0.116989 2.45504 -3.10026 1.89009 -0.184847 -0.00314629 0.0366686 1.45034
412.343 -0.0621666 0.317332 2.19194 -2.74558 -0.549937 -2.25294 -0.121926 0.315291 2.28968 -2.70784 -0.503665 -2.21491 -0.0597591 -0.00204097 0.0977384 0.0377392 0.0462714 0.0380243 0.114578 4.60283 -0.00361632 0.185907 2.05034 -2.64972 -0.53097 -2.24936 0.0585503 -0.131425 -0.141597 0.0958541 0.0189663 0.00357691 0.201868 5.70461 -2.13072 1.20721 1.78386 -0.00231315 -0.129025 2.45535 -3.0996 1.88812 -0.192452 -0.0145781 0.00115281 1.45173
412.827 -0.0499329 0.331587 2.18943 -2.75244 -0.544058 -2.24194 -0.102381 0.321757 2.23112 -2.73277 -0.623976 -2.2835 -0.0524484 -0.0098298 0.0416873 0.0196743 -0.0799179 -0.0415641 0.0677148 4.99442 0.0055879 0.194941 2.04936 -2.64454 -0.539628 -2.25093 0.0555208 -0.136646 -0.140073 0.107896 0.00443084 -0.00899323 0.203409 5.93809 -2.12901 1.20326 1.7802 0.00236633 -0.135775 2.45504 -3.09682 1.88664 -0.194453 0.00262502 0.000285515 1.44563
413.248 -0.048087 0.323434 2.19066 -2.74724 -0.535646 -2.24959 -0.0857864 0.355104 2.28208 -2.79918 -0.569122 -2.23431 -0.0376994 0.0316693 0.0914195 -0.0519409 -0.0334762 0.0152835 0.103835 3.25052 0.00609625 0.18548 2.05316 -2.64468 -0.539736 -2.24935 0.0541832 -0.137954 -0.1375 0.102557 -0.00409012 0.00024154 0.202172 5.8879 -2.12639 1.19817 1.78023 0.00222121 -0.133446 2.45473 -3.09479 1.88516 -0.193178 0.00586205 0.00264062 1.45458
413.62 -0.0466577 0.31047 2.19269 -2.73754 -0.530861 -2.25456 -0.0825004 0.343234 2.25021 -2.70537 -0.519097 -2.24576 -0.0358427 0.0327644 0.0575185 0.0321715 0.0117645 0.00880022 0.0752768 2.24455 0.00393429 0.170894 2.05912 -2.6491 -0.534231 -2.24605 0.050592 -0.139575 -0.133564 0.0884427 -0.00337014 0.00851016 0.1997 5.33502 -2.12328 1.1923 1.782 0.0012482 -0.12859 2.45441 -3.0908 1.8833 -0.19093 0.00404494 0.0117662 1.45998
413.996 -0.041954 0.29569 2.19496 -2.7274 -0.529959 -2.25306 -0.0834394 0.335243 2.30283 -2.75277 -0.484371 -2.22241 -0.0414854 0.0395521 0.107874 -0.0253604 0.0455875 0.0306501 0.122156 3.08832 0.0039384 0.153251 2.06729 -2.65467 -0.528395 -2.24301 0.0458924 -0.14244 -0.127663 0.0727355 0.00156374 0.0100473 0.196706 4.48655 -2.1188 1.18358 1.78518 0.000600838 -0.12258 2.45385 -3.08322 1.88034 -0.187828 -1.73187e-05 0.0252373 1.45839
414.242 -0.034415 0.289567 2.19608 -2.72381 -0.527559 -2.24279 -0.0794144 0.323159 2.30271 -2.75946 -0.48072 -2.2196 -0.0449994 0.033592 0.106626 -0.0356489 0.0468383 0.0231874 0.120509 3.24281 0.00790853 0.14372 2.07322 -2.65792 -0.527771 -2.24288 0.0423235 -0.145847 -0.122862 0.0658986 -0.000211757 -9.3298e-05 0.195339 3.77305 -2.11524 1.17644 1.78754 0.00157272 -0.119848 2.45331 -3.07613 1.87783 -0.185865 0.00376506 0.0363131 1.45079
415.053 -0.00127261 0.279904 2.19675 -2.71983 -0.50787 -2.22937 -0.0458897 0.303875 2.28676 -2.7093 -0.556357 -2.2153 -0.0446171 0.0239711 0.09001 0.0105211 -0.0484863 0.0140694 0.103282 3.03706 0.024253 0.119085 2.08838 -2.66632 -0.53333 -2.24844 0.0255256 -0.160818 -0.108364 0.0535079 -0.0254591 -0.0190649 0.195594 3.06388 -2.10339 1.15136 1.79115 0.00771015 -0.114823 2.45106 -3.0491 1.86917 -0.182748 0.0254217 0.0548186 1.44674
415.353 0.00399288 0.2762 2.19689 -2.71459 -0.500257 -2.24462 -0.0353179 0.296837 2.24878 -2.70769 -0.547168 -2.24363 -0.0393108 0.0206374 0.0518947 0.00689953 -0.0469109 0.000990928 0.0682957 2.72146 0.0259629 0.111163 2.09132 -2.66757 -0.532185 -2.24905 0.02197 -0.165037 -0.10557 0.0470147 -0.0319281 -0.00443684 0.197141 3.16075 -2.09978 1.14396 1.79095 0.00734041 -0.113118 2.45081 -3.04127 1.86656 -0.182932 0.0260523 0.0529191 1.46162
415.589 0.00724107 0.269843 2.19736 -2.70908 -0.491192 -2.26637 -0.0274635 0.2929 2.24872 -2.71301 -0.54818 -2.24139 -0.0347046 0.0230573 0.0513589 -0.00393333 -0.0569882 0.0249845 0.0661346 3.52714 0.024741 0.102051 2.09229 -2.66782 -0.528536 -2.24879 0.0174999 -0.167792 -0.105071 0.0412601 -0.0373438 0.0175822 0.198747 3.67493 -2.09493 1.13442 1.78979 0.00525958 -0.110368 2.45088 -3.03159 1.86295 -0.184066 0.0239347 0.0473663 1.48236
416.08 0.0114249 0.259667 2.19878 -2.70363 -0.491973 -2.29789 -0.023787 0.283931 2.2711 -2.70107 -0.53385 -2.29084 -0.0352119 0.0242641 0.0723241 0.00255893 -0.0418775 0.00705448 0.0840202 2.44952 0.0272223 0.0884226 2.09113 -2.66766 -0.522106 -2.248 0.0157974 -0.171244 -0.107652 0.0359731 -0.0301336 0.0498942 0.202886 4.59593 -2.08827 1.12121 1.78606 0.00250608 -0.106241 2.45149 -3.01935 1.85769 -0.18794 0.00760567 0.0376875 1.5072
416.327 0.0146929 0.257491 2.19876 -2.71615 -0.495934 -2.30629 -0.0209159 0.279167 2.28052 -2.73602 -0.496709 -2.30009 -0.0356088 0.0216753 0.0817552 -0.0198628 -0.000774783 0.00619767 0.0917699 1.01914 0.0281278 0.0839894 2.08821 -2.66721 -0.522933 -2.2475 0.0134349 -0.173502 -0.110549 0.0489383 -0.0269988 0.0587937 0.206166 5.55097 -2.08504 1.11366 1.78153 0.00146021 -0.105904 2.45197 -3.0136 1.85507 -0.191624 0.000173307 0.0205238 1.51254
416.608 0.0194602 0.258938 2.19774 -2.7394 -0.499212 -2.30127 -0.0188447 0.27689 2.27837 -2.67416 -0.49921 -2.299 -0.0383049 0.0179528 0.0806282 0.0652322 2.32477e-06 0.0022726 0.091052 3.80158 0.0308158 0.0828202 2.08534 -2.66574 -0.523946 -2.24896 0.0113555 -0.176117 -0.112398 0.0736557 -0.0247344 0.0523161 0.209236 6.41753 -2.08358 1.10893 1.77703 0.00214961 -0.107088 2.45224 -3.01058 1.85363 -0.194752 0.000251253 -0.000467357 1.50754
416.898 0.0285174 0.24897 2.19861 -2.74327 -0.499423 -2.30085 -0.0145697 0.270683 2.21988 -2.69532 -0.581005 -2.32017 -0.0430871 0.0217137 0.0212739 0.0479482 -0.0815813 -0.019323 0.0527311 5.24284 0.0391813 0.0749149 2.08449 -2.66984 -0.52486 -2.24861 0.0106639 -0.174055 -0.114115 0.073434 -0.0254362 0.0522329 0.208401 6.41246 -2.08174 1.10406 1.77436 0.0052468 -0.104998 2.45234 -3.01058 1.85364 -0.194731 0.000314425 -0.000419196 1.50754
417.179 0.0355032 0.238543 2.19949 -2.74678 -0.49886 -2.30028 -0.00492289 0.26805 2.27909 -2.72046 -0.466872 -2.28049 -0.0404261 0.0295071 0.0795974 0.0263173 0.0319879 0.0197863 0.0940249 2.91632 0.0451586 0.0684654 2.08228 -2.67214 -0.523077 -2.24893 0.0096554 -0.170078 -0.11721 0.0746349 -0.0242168 0.0513425 0.20678 6.41594 -2.07996 1.0996 1.77192 0.00752752 -0.102545 2.45235 -3.01058 1.85364 -0.194713 0.000368752 -0.000377774 1.50754
417.406 0.0428192 0.225136 2.20036 -2.75095 -0.497737 -2.29966 0.00391763 0.256981 2.26961 -2.74746 -0.561838 -2.29547 -0.0389015 0.031845 0.0692569 0.00349093 -0.0641007 0.00418567 0.0855801 3.69247 0.0512392 0.056984 2.08148 -2.67624 -0.521925 -2.24946 0.00842 -0.168152 -0.118875 0.0747038 -0.0241874 0.0501958 0.2061 6.36581 -2.07761 1.09445 1.76876 0.0100226 -0.0992862 2.45217 -3.01058 1.85364 -0.194693 0.000429551 -0.000331418 1.50754
417.951 0.046305 0.158922 2.20276 -2.76955 -0.479878 -2.29202 0.0149376 0.234381 2.28103 -2.73063 -0.521014 -2.30039 -0.0313673 0.0754594 0.0782717 0.0389184 -0.0411354 -0.00836859 0.113157 3.11935 0.05731 -0.00125452 2.08002 -2.69471 -0.506451 -2.24415 0.0110051 -0.160176 -0.12274 0.0748371 -0.0265727 0.0478708 0.202095 6.27361 -2.07218 1.08712 1.76207 0.0110973 -0.0750552 2.45169 -3.01057 1.85364 -0.194666 0.000510557 -0.000269685 1.50754
418.303 0.0441621 0.103203 2.20259 -2.78505 -0.462513 -2.28464 0.0158061 0.201476 2.26957 -2.77463 -0.544694 -2.28201 -0.028356 0.098273 0.0669797 0.0104226 -0.082181 0.0026322 0.122262 4.75786 0.0565861 -0.0589985 2.07577 -2.71251 -0.486984 -2.23622 0.012424 -0.162201 -0.12682 0.0725372 -0.0244717 0.0484175 0.206269 6.12138 -2.06949 1.08466 1.75791 0.0100654 -0.0528432 2.45172 -3.01057 1.85364 -0.19466 0.000528942 -0.00025569 1.50754
418.534 0.0382273 2.52311e-05 2.19557 -2.81108 -0.431082 -2.2722 0.0118413 0.114261 2.26957 -2.80475 -0.510931 -2.26691 -0.0263859 0.114236 0.074001 0.00632987 -0.0798491 0.00528785 0.138644 4.61015 0.0548435 -0.156214 2.06208 -2.73952 -0.454211 -2.22393 0.0166163 -0.156239 -0.133489 0.0715635 -0.0231293 0.0482701 0.20617 5.99407 -2.0626 1.07905 1.74513 0.0072674 -0.01376 2.45179 -3.01057 1.85364 -0.194649 0.000560606 -0.000231589 1.50754
419.039 0.0346752 -0.0667821 2.17839 -2.82323 -0.416018 -2.26682 0.0050346 -0.0295429 2.27824 -2.78809 -0.394752 -2.24956 -0.0296406 0.0372392 0.0998521 0.0351379 0.0212655 0.0172592 0.110615 2.84359 0.0538867 -0.217825 2.04049 -2.75629 -0.438646 -2.21909 0.0192115 -0.151043 -0.137903 0.0669474 -0.0226282 0.0477345 0.205427 5.70674 -2.05155 1.07094 1.71958 0.00607428 0.00488538 2.45164 -3.01057 1.85364 -0.194637 0.000597623 -0.000203407 1.50754
419.305 0.031516 -0.0984315 2.16295 -2.82673 -0.410641 -2.26504 0.00397517 -0.0611908 2.27083 -2.83024 -0.416592 -2.2321 -0.0275408 0.0372407 0.107885 -0.00350582 -0.00595101 0.0329387 0.117407 1.84759 0.0505165 -0.246847 2.02314 -2.7632 -0.433194 -2.21763 0.0190005 -0.148415 -0.139811 0.0635285 -0.0225527 0.0474064 0.204781 5.51278 -2.04451 1.06635 1.6982 0.00505685 0.0110609 2.45151 -3.01057 1.85364 -0.194631 0.000616775 -0.000188825 1.50754
419.632 0.0306689 -0.107957 2.15078 -2.82553 -0.41205 -2.2657 -5.19215e-05 -0.0879238 2.26958 -2.86364 -0.437573 -2.24 -0.0307208 0.0200327 0.1188 -0.0381092 -0.0255227 0.0256961 0.124332 2.53435 0.0503366 -0.255933 2.01083 -2.76534 -0.434316 -2.2183 0.0196677 -0.147976 -0.139945 0.0601919 -0.0222658 0.0473953 0.204618 5.34647 -2.0396 1.06344 1.68069 0.00520972 0.00927138 2.45138 -3.01057 1.85364 -0.194627 0.000628812 -0.00017966 1.50754
419.93 0.030265 -0.118895 2.13788 -2.82508 -0.413097 -2.26621 -0.00100934 -0.101525 2.21901 -2.8357 -0.45326 -2.25115 -0.0312744 0.0173705 0.0811294 -0.0106223 -0.0401629 0.0150621 0.0886668 2.44328 0.0483479 -0.267009 1.99808 -2.76714 -0.434901 -2.21868 0.0180829 -0.148113 -0.139797 0.0579357 -0.0218042 0.0475339 0.204469 5.23768 -2.03497 1.06098 1.66272 0.00569335 0.00819822 2.45126 -3.01057 1.85364 -0.194623 0.000639163 -0.000171776 1.50754
420.245 0.0316509 -0.119925 2.12214 -2.8213 -0.419631 -2.26879 -0.00100942 -0.113153 2.21901 -2.83908 -0.449472 -2.24967 -0.0326603 0.00677158 0.0968703 -0.0177749 -0.0298412 0.0191255 0.102452 2.05462 0.0482218 -0.271726 1.98492 -2.76729 -0.440437 -2.22089 0.0165709 -0.151801 -0.137216 0.0540109 -0.0208065 0.0479091 0.205296 5.06098 -2.02911 1.0583 1.63942 0.00756626 0.00096501 2.45107 -3.01057 1.85364 -0.19462 0.00064969 -0.000163758 1.50754
420.537 0.0307808 -0.129128 2.1094 -2.82052 -0.421073 -2.26944 -0.00100195 -0.113009 2.17847 -2.83691 -0.439881 -2.27697 -0.0317828 0.0161184 0.0690691 -0.0163875 -0.0188085 -0.00752729 0.0777206 1.60206 0.0476314 -0.282317 1.97308 -2.7692 -0.440809 -2.22121 0.0168505 -0.15319 -0.136314 0.0513237 -0.0197364 0.0482331 0.205749 4.93467 -2.02474 1.05667 1.6218 0.00807118 -0.000597496 2.45096 -3.01057 1.85364 -0.194617 0.000657575 -0.000157751 1.50754
420.789 0.0293842 -0.138672 2.09678 -2.81981 -0.422257 -2.26998 -0.000943994 -0.125417 2.17924 -2.81532 -0.408317 -2.26555 -0.0303282 0.013255 0.0824638 0.00448414 0.0139398 0.00442976 0.0888582 0.906118 0.0455389 -0.293706 1.96163 -2.77057 -0.441141 -2.22157 0.0161547 -0.155034 -0.135153 0.0492386 -0.0188835 0.0484151 0.206307 4.8344 -2.02029 1.05531 1.6044 0.00842961 -0.00192378 2.45087 -3.01057 1.85364 -0.194615 0.000662709 -0.00015384 1.50754
421.042 0.0224588 -0.171185 2.07351 -2.82257 -0.41621 -2.26784 -0.00382029 -0.133503 2.17086 -2.8138 -0.46064 -2.26033 -0.0262791 0.0376818 0.0973493 0.0087691 -0.0444301 0.00751909 0.107645 2.66491 0.040335 -0.327283 1.9393 -2.77515 -0.434796 -2.21957 0.0178762 -0.156098 -0.134211 0.0474206 -0.0185857 0.0482711 0.206637 4.72945 -2.01423 1.05386 1.57597 0.00623774 0.00432618 2.45081 -3.01057 1.85364 -0.194613 0.000670004 -0.000148282 1.50754
421.288 0.018143 -0.184535 2.05527 -2.82121 -0.416208 -2.26794 -0.00756796 -0.161937 2.17122 -2.82921 -0.397314 -2.23792 -0.025711 0.0225978 0.115947 -0.00800801 0.0188937 0.0300122 0.120894 1.92742 0.0351513 -0.34272 1.92155 -2.77517 -0.434816 -2.2197 0.0170083 -0.158185 -0.133719 0.0460339 -0.018608 0.0482338 0.207828 4.66338 -2.00976 1.05311 1.55247 0.0051854 0.00352214 2.45073 -3.01057 1.85364 -0.194611 0.000675426 -0.00014415 1.50754
421.53 0.0156894 -0.191946 2.03904 -2.81905 -0.418644 -2.26893 -0.012088 -0.18166 2.12397 -2.83057 -0.435872 -2.25707 -0.0277773 0.0102865 0.0849302 -0.0115257 -0.0172282 0.0118647 0.0899473 1.22493 0.0332995 -0.352618 1.90701 -2.77501 -0.437389 -2.22047 0.0176102 -0.160672 -0.132025 0.0440339 -0.0187451 0.0484592 0.208701 4.58715 -2.00538 1.05263 1.53068 0.00529643 0.000391681 2.45064 -3.01057 1.85364 -0.19461 0.000679015 -0.000141413 1.50754
421.791 0.00980839 -0.221443 2.01148 -2.82107 -0.41462 -2.26755 -0.0145477 -0.185162 2.07939 -2.80362 -0.450761 -2.2688 -0.0243561 0.0362801 0.0679155 0.017451 -0.0361408 -0.0012488 0.0807588 2.28756 0.0270156 -0.382154 1.8797 -2.77921 -0.43334 -2.21858 0.0172072 -0.160711 -0.131777 0.0418599 -0.0187198 0.0489621 0.208541 4.50633 -1.99956 1.0523 1.49759 0.00400759 0.0046657 2.45056 -3.01057 1.85364 -0.194609 0.00068234 -0.000138878 1.50754
422.082 0.00573427 -0.239037 1.98929 -2.82096 -0.41371 -2.26729 -0.0217972 -0.212276 2.07813 -2.80846 -0.440508 -2.267 -0.0275314 0.0267604 0.0888359 0.012507 -0.0267984 0.00028972 0.0967777 1.69743 0.0232184 -0.399644 1.85737 -2.78062 -0.432429 -2.21811 0.0174841 -0.160607 -0.131916 0.0403484 -0.0187196 0.0491838 0.208572 4.44797 -1.99534 1.05232 1.47044 0.00329134 0.00529775 2.45049 -3.01057 1.85364 -0.194608 0.000685721 -0.000136299 1.50754
422.333 0.00212197 -0.257106 1.96613 -2.82119 -0.412856 -2.26706 -0.0254009 -0.23782 2.07957 -2.82266 -0.38275 -2.24635 -0.0275229 0.0192862 0.113436 -0.0014729 0.0301062 0.0207062 0.11831 2.0766 0.0194077 -0.418724 1.8342 -2.78305 -0.431779 -2.21774 0.0172857 -0.161618 -0.131933 0.0381437 -0.0189227 0.0493135 0.209345 4.35838 -1.99129 1.05257 1.44239 0.00288463 0.00608629 2.45043 -3.01057 1.85364 -0.194607 0.000687352 -0.000135054 1.50754
422.567 -0.001512 -0.276898 1.94112 -2.82183 -0.411561 -2.26665 -0.0301289 -0.254316 2.02938 -2.80117 -0.441323 -2.24988 -0.0286169 0.0225815 0.0882594 0.0206665 -0.0297625 0.016775 0.0954912 2.48506 0.0130114 -0.439295 1.80953 -2.78496 -0.430684 -2.21731 0.0145234 -0.162397 -0.131589 0.0368743 -0.0191232 0.0493362 0.209522 4.30539 -1.98742 1.05306 1.41265 0.00248574 0.00745624 2.45037 -3.01057 1.85364 -0.194606 0.000690656 -0.000132532 1.50754
422.772 -0.00514801 -0.294477 1.90849 -2.82026 -0.4136 -2.26747 -0.0348671 -0.276245 1.99558 -2.80654 -0.423766 -2.27254 -0.029719 0.0182321 0.0870941 0.0137161 -0.0101662 -0.005069 0.0938137 0.924927 0.00689881 -0.459549 1.77863 -2.78641 -0.433245 -2.21795 0.0120468 -0.165071 -0.129857 0.0338509 -0.0196453 0.0495252 0.210372 4.19554 -1.98263 1.05412 1.37232 0.00275653 0.00496249 2.4503 -3.01057 1.85364 -0.194605 0.00069235 -0.000131237 1.50754
423.029 -0.00744091 -0.308186 1.88464 -2.81977 -0.414824 -2.26797 -0.0373403 -0.29699 1.98858 -2.81712 -0.418532 -2.24743 -0.0298994 0.0111961 0.10394 0.00265411 -0.00370766 0.0205381 0.108733 1.26393 0.00246582 -0.474959 1.75587 -2.78832 -0.434667 -2.21816 0.00990672 -0.166773 -0.128763 0.0314506 -0.0198428 0.0498057 0.21093 4.11342 -1.97925 1.05517 1.3432 0.00329195 0.00374055 2.45026 -3.01057 1.85364 -0.194605 0.000693984 -0.000129986 1.50754
423.253 -0.0108964 -0.327929 1.8585 -2.82077 -0.413444 -2.26748 -0.0391755 -0.306237 1.94778 -2.84197 -0.429771 -2.25666 -0.028279 0.0216928 0.0892779 -0.0211925 -0.0163271 0.0108177 0.0961292 1.45508 -0.00241296 -0.496785 1.73067 -2.79232 -0.433356 -2.21741 0.00848346 -0.168855 -0.127828 0.0284566 -0.0199122 0.0500738 0.211953 4.00428 -1.97598 1.05642 1.31278 0.00309141 0.00539198 2.45024 -3.01057 1.85364 -0.194605 0.000693984 -0.000129986 1.50754
423.511 -0.0157886 -0.351967 1.82234 -2.821 -0.412637 -2.26719 -0.042589 -0.32712 1.91052 -2.82691 -0.434005 -2.26366 -0.0268004 0.0248475 0.0881805 -0.00590431 -0.0213679 0.0035342 0.095454 1.26424 -0.0104157 -0.523348 1.69615 -2.80036 -0.432153 -2.2166 0.00537289 -0.171381 -0.126186 0.0206406 -0.0195162 0.0505897 0.212892 3.723 -1.97187 1.05842 1.27053 0.00268489 0.00613985 2.45024 -3.01057 1.85364 -0.194604 0.000695648 -0.000128705 1.50754
424 -0.0218659 -0.37914 1.77144 -2.81945 -0.414861 -2.26798 -0.0506394 -0.3569 1.83996 -2.79566 -0.443203 -2.27908 -0.0287735 0.0222402 0.0685121 0.0237908 -0.0283422 -0.0110988 0.0775658 2.04411 -0.0211042 -0.554653 1.64772 -2.80475 -0.433472 -2.21668 0.000761698 -0.175513 -0.123727 0.0147047 -0.0186111 0.0513048 0.214741 3.53922 -1.96618 1.06211 1.2094 0.00306768 0.00352477 2.45026 -3.01057 1.85364 -0.194604 0.000697274 -0.000127451 1.50754
424.222 -0.0271534 -0.405239 1.73315 -2.82046 -0.413021 -2.26725 -0.0554704 -0.383406 1.83999 -2.82503 -0.415791 -2.26943 -0.028317 0.0218327 0.106846 -0.00457211 -0.00276947 -0.00217611 0.112671 0.367973 -0.0278381 -0.584803 1.61152 -2.80923 -0.430549 -2.215 -0.000684662 -0.179563 -0.121631 0.0112307 -0.017528 0.0522447 0.216882 3.45831 -1.9626 1.06494 1.16584 0.00249636 0.00552717 2.45031 -3.01057 1.85364 -0.194603 0.000698886 -0.000126206 1.50754
424.474 -0.0310289 -0.423838 1.70361 -2.82082 -0.412189 -2.26689 -0.0587018 -0.39723 1.76879 -2.7981 -0.43094 -2.264 -0.0276729 0.0266083 0.0651807 0.0227257 -0.0187507 0.00288352 0.075646 1.7472 -0.0336735 -0.60583 1.58361 -2.81137 -0.429157 -2.21383 -0.00264455 -0.181992 -0.119997 0.00945108 -0.0169677 0.0530513 0.218007 3.43832 -1.9601 1.06729 1.13208 0.00214281 0.00637608 2.45036 -3.01057 1.85364 -0.194603 0.000698886 -0.000126206 1.50754
424.689 -0.0337553 -0.430999 1.67828 -2.81768 -0.416425 -2.26837 -0.062975 -0.418773 1.7363 -2.82329 -0.432305 -2.26984 -0.0292197 0.0122259 0.0580251 -0.00560437 -0.0158796 -0.00147219 0.0661073 0.979987 -0.0380769 -0.616683 1.56065 -2.81014 -0.433016 -2.21462 -0.00432164 -0.185683 -0.117628 0.00754303 -0.0165904 0.0537526 0.219848 3.4165 -1.95779 1.06984 1.09983 0.00270076 0.00128433 2.45041 -3.01057 1.85364 -0.194603 0.000698886 -0.000126206 1.50754
424.935 -0.0367813 -0.444473 1.65193 -2.81714 -0.417585 -2.26871 -0.0656164 -0.429539 1.70663 -2.81054 -0.435855 -2.27641 -0.0288351 0.0149346 0.0546988 0.00660228 -0.0182697 -0.00769729 0.0636118 1.13815 -0.0424342 -0.63415 1.53675 -2.81235 -0.433133 -2.21427 -0.00565295 -0.189677 -0.115176 0.00478948 -0.0155481 0.0544405 0.221979 3.3622 -1.95554 1.07253 1.06866 0.00307573 7.44378e-05 2.45049 -3.01057 1.85364 -0.194603 0.000698886 -0.000126206 1.50754
425.2 -0.0410348 -0.461386 1.61857 -2.81631 -0.419142 -2.26916 -0.0690872 -0.449585 1.70068 -2.8175 -0.43009 -2.2556 -0.0280524 0.0118002 0.0821093 -0.00119093 -0.0109482 0.0135612 0.0875678 0.978788 -0.0490262 -0.654872 1.50632 -2.81399 -0.434163 -2.21439 -0.00799135 -0.193486 -0.112253 0.00231511 -0.0150215 0.0547691 0.223834 3.30902 -1.95251 1.07624 1.02903 0.00349573 -0.00160297 2.4506 -3.01057 1.85364 -0.194603 0.00070051 -0.000124953 1.50754
425.445 -0.0452901 -0.482315 1.58975 -2.81821 -0.416463 -2.26805 -0.0715652 -0.452192 1.63723 -2.82006 -0.472277 -2.26282 -0.0262752 0.0301228 0.0474879 -0.00185416 -0.055814 0.00522613 0.0620714 3.20943 -0.0557792 -0.679252 1.47857 -2.81773 -0.431088 -2.21315 -0.0104892 -0.196936 -0.111174 0.000481181 -0.0146243 0.0548934 0.226392 3.26591 -1.95019 1.0791 0.997817 0.00298852 0.00156282 2.45071 -3.01057 1.85364 -0.194603 0.00070051 -0.000124953 1.50754
425.675 -0.047705 -0.477207 1.56704 -2.81021 -0.428258 -2.27233 -0.0773094 -0.484771 1.63861 -2.81491 -0.445836 -2.25405 -0.0296045 -0.00756437 0.0715717 -0.00470054 -0.0175772 0.0182804 0.0778213 1.39465 -0.0624955 -0.681052 1.46054 -2.81356 -0.441057 -2.21638 -0.0147906 -0.203845 -0.106502 -0.00334463 -0.0127991 0.0559444 0.230466 3.21431 -1.94711 1.08308 0.962605 0.0052351 -0.0121704 2.45079 -3.01057 1.85364 -0.194603 0.00070051 -0.000124953 1.50754
425.923 -0.0468347 -0.452324 1.57289 -2.80142 -0.443329 -2.27807 -0.0803336 -0.48411 1.58472 -2.81841 -0.456455 -2.26834 -0.0334988 -0.031786 0.0118323 -0.0169938 -0.0131263 0.00972143 0.047671 1.16298 -0.0648093 -0.657599 1.47102 -2.80684 -0.458044 -2.22218 -0.0179746 -0.205274 -0.101874 -0.0054233 -0.0147157 0.0558881 0.229867 3.1928 -1.94417 1.08591 0.958325 0.00943316 -0.0288075 2.45075 -3.01057 1.85364 -0.194603 0.00070051 -0.000124953 1.50754
426.185 -0.047702 -0.431945 1.59015 -2.79713 -0.451704 -2.28129 -0.0805964 -0.468364 1.61895 -2.79969 -0.425734 -2.27035 -0.0328944 -0.0364192 0.0287971 -0.00255636 0.0259695 0.0109392 0.0569005 1.59692 -0.0672365 -0.639685 1.4913 -2.80453 -0.465925 -2.22492 -0.0195345 -0.20774 -0.0988502 -0.00739799 -0.0142208 0.0563714 0.230887 3.17213 -1.93988 1.08819 0.971917 0.0123094 -0.0377062 2.45073 -3.01057 1.85364 -0.194603 0.00070051 -0.000124953 1.50754
426.416 -0.051188 -0.419263 1.6133 -2.79669 -0.45348 -2.28191 -0.0805973 -0.437276 1.61902 -2.7897 -0.435259 -2.27469 -0.0294093 -0.018013 0.00571683 0.00698867 0.0182206 0.00721906 0.0349579 1.25054 -0.0707966 -0.628471 1.51551 -2.80568 -0.46683 -2.22518 -0.0196086 -0.209208 -0.0977884 -0.00899654 -0.0133505 0.0567358 0.231765 3.15107 -1.93405 1.08986 0.995948 0.0132549 -0.0392872 2.45077 -3.01057 1.85364 -0.194603 0.00070051 -0.000124953 1.50754
426.87 -0.067112 -0.410186 1.67342 -2.8013 -0.44499 -2.27843 -0.0894651 -0.412481 1.66461 -2.79312 -0.488665 -2.27454 -0.0223531 -0.00229446 -0.00881846 0.0081803 -0.0436756 0.00389462 0.024139 2.57405 -0.0853624 -0.616414 1.57236 -2.81153 -0.457051 -2.22177 -0.0182504 -0.206228 -0.101066 -0.0102275 -0.0120607 0.0566614 0.230385 3.1147 -1.91534 1.09175 1.06394 0.0104511 -0.0301404 2.45097 -3.01057 1.85364 -0.194602 0.000702106 -0.000123706 1.50754
427.108 -0.0752319 -0.411078 1.69865 -2.80393 -0.43996 -2.27644 -0.0988522 -0.411145 1.70137 -2.78978 -0.463595 -2.28158 -0.0236204 -6.69049e-05 0.00272429 0.0141514 -0.0236351 -0.00514763 0.023777 1.53926 -0.0928357 -0.616616 1.5965 -2.81467 -0.452067 -2.2199 -0.0176039 -0.205537 -0.102151 -0.0107433 -0.0121071 0.0565312 0.230196 3.10337 -1.90567 1.09193 1.09242 0.00874065 -0.0247376 2.45104 -3.01057 1.85364 -0.194602 0.000702106 -0.000123706 1.50754
427.332 -0.0833761 -0.41318 1.72328 -2.80657 -0.435291 -2.2746 -0.108902 -0.412242 1.73109 -2.80293 -0.453929 -2.27559 -0.0255255 0.000938283 0.00780959 0.00363956 -0.0186382 -0.000987409 0.02671 1.08498 -0.101108 -0.617777 1.61965 -2.81745 -0.447481 -2.21812 -0.0177323 -0.204597 -0.103631 -0.0108809 -0.0121905 0.0564782 0.23003 3.10223 -1.89532 1.09184 1.11914 0.00735061 -0.0196666 2.4511 -3.01057 1.85364 -0.194602 0.000702106 -0.000123706 1.50754
427.539 -0.0935936 -0.41672 1.75411 -2.80981 -0.43032 -2.27264 -0.116432 -0.413635 1.75307 -2.81103 -0.479033 -2.26351 -0.0228385 0.00308475 -0.00103747 -0.00122335 -0.0487127 0.00913147 0.0230692 2.83476 -0.112611 -0.618883 1.64785 -2.82101 -0.442393 -2.21601 -0.0190172 -0.202164 -0.10626 -0.0112031 -0.0120727 0.0566319 0.229179 3.10778 -1.88074 1.09145 1.15152 0.00620993 -0.0139734 2.45118 -3.01057 1.85364 -0.194602 0.000702106 -0.000123706 1.50754
427.823 -0.101372 -0.42039 1.77545 -2.81195 -0.42699 -2.27132 -0.126922 -0.419969 1.79338 -2.80918 -0.450195 -2.26971 -0.0255502 0.000421554 0.0179321 0.0027667 -0.0232052 0.00161498 0.0312178 1.34668 -0.119307 -0.620418 1.66773 -2.82346 -0.438302 -2.21428 -0.0179351 -0.200028 -0.107718 -0.0115127 -0.011312 0.057041 0.227895 3.1191 -1.86941 1.09104 1.17323 0.00542222 -0.0101737 2.45124 -3.01057 1.85364 -0.194602 0.000702106 -0.000123706 1.50754
428.052 -0.109911 -0.425409 1.79491 -2.8137 -0.423469 -2.26994 -0.133208 -0.416909 1.7937 -2.80619 -0.449352 -2.27163 -0.0232976 0.00850011 -0.00121251 0.00750908 -0.0258826 -0.0016878 0.0248294 1.5357 -0.127552 -0.624112 1.68588 -2.82521 -0.434174 -2.21274 -0.0176415 -0.198703 -0.109025 -0.0115168 -0.010705 0.0571955 0.227334 3.12286 -1.85787 1.0906 1.19269 0.00418098 -0.00645552 2.45131 -3.01057 1.85364 -0.194602 0.000702106 -0.000123706 1.50754
428.332 -0.122554 -0.43417 1.81768 -2.81541 -0.418362 -2.26796 -0.144497 -0.425548 1.82754 -2.80008 -0.452289 -2.27196 -0.0219435 0.00862209 0.00985914 0.015328 -0.033927 -0.00400194 0.025555 2.10543 -0.136905 -0.629707 1.70599 -2.82679 -0.428255 -2.21063 -0.0143516 -0.195537 -0.111696 -0.0113804 -0.00989278 0.0573213 0.225648 3.12625 -1.84237 1.09005 1.21508 0.00173315 -0.00153835 2.45139 -3.01057 1.85364 -0.194602 0.000702106 -0.000123706 1.50754
428.61 -0.132645 -0.441806 1.83234 -2.81625 -0.414464 -2.26647 -0.156134 -0.436664 1.86148 -2.8188 -0.439207 -2.26326 -0.0234893 0.00514185 0.0291406 -0.00254704 -0.0247428 0.00320489 0.0377805 1.4293 -0.143536 -0.636225 1.71963 -2.82781 -0.423738 -2.20893 -0.0108909 -0.194419 -0.112707 -0.0115599 -0.0092738 0.0575341 0.22499 3.13213 -1.83085 1.08971 1.22916 -0.000495538 0.00194879 2.45143 -3.01057 1.85364 -0.194602 0.000702106 -0.000123706 1.50754
428.886 -0.143089 -0.449477 1.84503 -2.81649 -0.410846 -2.26509 -0.168439 -0.449742 1.89973 -2.82259 -0.407314 -2.24664 -0.0253498 -0.000265937 0.0546987 -0.00610157 0.00353118 0.0184505 0.0602879 0.993472 -0.1513 -0.643414 1.73165 -2.82845 -0.419799 -2.20748 -0.00821077 -0.193937 -0.113385 -0.0119585 -0.00895307 0.0576157 0.2248 3.13125 -1.81956 1.08944 1.24088 -0.00299428 0.00486898 2.45146 -3.01057 1.85364 -0.194602 0.000702106 -0.000123706 1.50754
429.215 -0.156962 -0.459326 1.85904 -2.81607 -0.406679 -2.26353 -0.178006 -0.451528 1.88627 -2.82743 -0.459735 -2.25128 -0.0210435 0.0077974 0.0272236 -0.0113649 -0.0530555 0.0122476 0.0352811 3.12625 -0.159511 -0.65353 1.74534 -2.82912 -0.415298 -2.2056 -0.00254888 -0.194204 -0.113703 -0.0130512 -0.00861912 0.057924 0.225056 3.136 -1.8051 1.08921 1.25301 -0.00642492 0.00782186 2.45146 -3.01057 1.85364 -0.194602 0.000702106 -0.000123706 1.50754
429.478 -0.16672 -0.46565 1.86756 -2.81522 -0.404473 -2.2627 -0.18991 -0.461083 1.89852 -2.8088 -0.434177 -2.2665 -0.0231892 0.0045671 0.0309626 0.0064252 -0.0297044 -0.00380093 0.0389523 1.73619 -0.163256 -0.660903 1.75439 -2.83021 -0.412636 -2.20445 0.00346393 -0.195253 -0.113165 -0.0149849 -0.00816298 0.0582459 0.225703 3.13313 -1.79483 1.08909 1.2595 -0.00874497 0.00902292 2.45146 -3.01057 1.85364 -0.194602 0.000702106 -0.000123706 1.50754
429.745 -0.17561 -0.471465 1.87433 -2.81423 -0.402922 -2.26212 -0.197891 -0.46169 1.8874 -2.82446 -0.451954 -2.25426 -0.0222809 0.0097753 0.0130696 -0.0102294 -0.0490321 0.00785469 0.027619 2.86703 -0.169318 -0.667561 1.76164 -2.83063 -0.410778 -2.20373 0.00629165 -0.196096 -0.112697 -0.0164062 -0.00785592 0.0583828 0.22626 3.12838 -1.78516 1.089 1.26386 -0.0106993 0.00963424 2.45145 -3.01057 1.85364 -0.194602 0.000702106 -0.000123706 1.50754
430.195 -0.192274 -0.485271 1.88301 -2.81241 -0.400952 -2.26139 -0.221554 -0.483636 1.93585 -2.82586 -0.414629 -2.2597 -0.0292797 0.00163462 0.052835 -0.0134545 -0.0136773 0.00169147 0.0604277 1.07629 -0.176308 -0.682012 1.77079 -2.83175 -0.407759 -2.20272 0.015966 -0.196741 -0.112218 -0.0193437 -0.00680771 0.0586692 0.227057 3.12224 -1.76515 1.08866 1.26607 -0.0136198 0.0100862 2.45141 -3.01057 1.85364 -0.194602 0.000702106 -0.000123706 1.50754
430.505 -0.197692 -0.491892 1.88368 -2.81204 -0.40047 -2.26124 -0.228369 -0.490512 1.93629 -2.826 -0.411289 -2.26015 -0.0306766 0.00138054 0.0526105 -0.013962 -0.010819 0.00109108 0.0609166 0.99426 -0.179633 -0.688872 1.77161 -2.83163 -0.407093 -2.20259 0.0180592 -0.19698 -0.112071 -0.0195839 -0.0066233 0.0586497 0.227348 3.1196 -1.75776 1.08839 1.26383 -0.0142582 0.0102417 2.45138 -3.01057 1.85364 -0.194602 0.000702106 -0.000123706 1.50754
430.721 -0.202113 -0.499023 1.88254 -2.81193 -0.400125 -2.26116 -0.235189 -0.497393 1.93675 -2.82616 -0.407972 -2.2606 -0.0330759 0.00162971 0.0542049 -0.0142326 -0.00784722 0.000563098 0.0635204 0.920686 -0.180032 -0.695659 1.77032 -2.83137 -0.406656 -2.20265 0.0220804 -0.196636 -0.112218 -0.0194433 -0.00653087 0.0585096 0.227478 3.11244 -1.75108 1.08802 1.25976 -0.0145804 0.0104412 2.45134 -3.01057 1.85364 -0.194602 0.000702106 -0.000123706 1.50754
431.009 -0.20596 -0.506627 1.87953 -2.81182 -0.399784 -2.2611 -0.240407 -0.504452 1.93132 -2.80683 -0.421574 -2.24697 -0.0344469 0.00217531 0.0517976 0.00499158 -0.0217902 0.0141246 0.062244 1.57495 -0.179595 -0.703506 1.7675 -2.83105 -0.406412 -2.20278 0.0263656 -0.196879 -0.112031 -0.0192313 -0.00662865 0.0583129 0.228052 3.10362 -1.74514 1.08756 1.25381 -0.0148894 0.0106411 2.45128 -3.01057 1.85364 -0.194602 0.000702106 -0.000123706 1.50754
431.355 -0.210209 -0.517577 1.87274 -2.81175 -0.399247 -2.26101 -0.244955 -0.512583 1.92699 -2.82109 -0.436861 -2.25545 -0.034746 0.00499345 0.0542456 -0.00934281 -0.0376144 0.00555691 0.0646127 2.21222 -0.177257 -0.713704 1.76037 -2.83089 -0.406328 -2.20312 0.032952 -0.196127 -0.112376 -0.0191354 -0.00708123 0.057887 0.22843 3.08477 -1.73838 1.08679 1.24322 -0.0152889 0.0110107 2.45118 -3.01057 1.85364 -0.194602 0.000702106 -0.000123706 1.50754
431.602 -0.212487 -0.526716 1.86571 -2.81205 -0.398679 -2.26092 -0.248928 -0.52488 1.932 -2.80916 -0.414399 -2.24673 -0.0364411 0.00183602 0.0662909 0.00289699 -0.0157193 0.0141901 0.0756691 1.26733 -0.174874 -0.721305 1.75247 -2.83144 -0.406302 -2.20337 0.037613 -0.194589 -0.113242 -0.0193848 -0.00762218 0.0575491 0.228262 3.07039 -1.73418 1.08609 1.23358 -0.0154023 0.0116257 2.45107 -3.01057 1.85364 -0.194602 0.000702106 -0.000123706 1.50754
431.808 -0.213772 -0.536045 1.8574 -2.81263 -0.398235 -2.2609 -0.24797 -0.52653 1.89231 -2.80581 -0.4375 -2.26449 -0.0341978 0.00951423 0.0349102 0.0068192 -0.0392651 -0.00358835 0.0497869 2.2783 -0.172292 -0.729795 1.74366 -2.83249 -0.40647 -2.20368 0.0414799 -0.193751 -0.113734 -0.0198633 -0.00823519 0.0572206 0.228463 3.05672 -1.73076 1.08529 1.22273 -0.0151964 0.0123006 2.45095 -3.01057 1.85364 -0.194602 0.000702106 -0.000123706 1.50754
432.13 -0.214014 -0.548138 1.84478 -2.81364 -0.397973 -2.26102 -0.251291 -0.539785 1.89242 -2.8088 -0.43349 -2.26335 -0.0372768 0.00835343 0.0476354 0.00483536 -0.0355166 -0.00232765 0.0610612 2.0508 -0.168368 -0.739672 1.72974 -2.83433 -0.406585 -2.2042 0.0456463 -0.191533 -0.115043 -0.0206882 -0.00861193 0.0568243 0.228043 3.03744 -1.72741 1.08411 1.20683 -0.0144613 0.0130947 2.45077 -3.01057 1.85364 -0.194602 0.000702106 -0.000123706 1.50754
432.433 -0.213371 -0.556524 1.83437 -2.81433 -0.398077 -2.26124 -0.252989 -0.553101 1.89274 -2.81338 -0.429082 -2.26148 -0.0396182 0.00342313 0.0583641 0.000941874 -0.0310054 -0.000248057 0.0706235 1.77718 -0.163719 -0.74621 1.71828 -2.83548 -0.407052 -2.20475 0.0496517 -0.189686 -0.11609 -0.0211488 -0.00897541 0.0564884 0.227867 3.02233 -1.72581 1.08318 1.19396 -0.0137417 0.013417 2.45062 -3.01057 1.85364 -0.194602 0.000702106 -0.000123706 1.50754
432.663 -0.212481 -0.564136 1.82323 -2.81465 -0.398333 -2.2615 -0.249255 -0.556216 1.85884 -2.79747 -0.433724 -2.27043 -0.0367736 0.00792038 0.0356046 0.0171859 -0.0353912 -0.00893341 0.0517949 2.22176 -0.159663 -0.751989 1.70613 -2.83626 -0.408113 -2.20553 0.052818 -0.187853 -0.117099 -0.0216101 -0.0097796 0.0559661 0.227576 3.00218 -1.72498 1.08223 1.18038 -0.0132058 0.0134096 2.45048 -3.01057 1.85364 -0.194602 0.000702106 -0.000123706 1.50754
433.01 -0.211068 -0.572622 1.80751 -2.81429 -0.399032 -2.26195 -0.248989 -0.567741 1.85673 -2.82283 -0.417345 -2.26075 -0.0379213 0.00488136 0.0492212 -0.00853821 -0.0183126 0.00120371 0.0623264 1.14808 -0.154198 -0.759624 1.69007 -2.8361 -0.41017 -2.20662 0.0568697 -0.187002 -0.117442 -0.0218136 -0.0111374 0.0553343 0.228027 2.98334 -1.72504 1.08096 1.16131 -0.0128878 0.0126555 2.45031 -3.01057 1.85364 -0.194602 0.000702106 -0.000123706 1.50754
433.299 -0.2098 -0.577977 1.79504 -2.81351 -0.399759 -2.26234 -0.249725 -0.580929 1.86261 -2.79113 -0.411066 -2.25978 -0.0399254 -0.00295232 0.0675665 0.0223752 -0.0113071 0.00256855 0.0785365 1.49462 -0.150006 -0.763439 1.67704 -2.83524 -0.4124 -2.2077 0.0597943 -0.185462 -0.118006 -0.0217258 -0.0126415 0.0546415 0.227809 2.96584 -1.72592 1.08 1.14629 -0.0129257 0.011635 2.45021 -3.01057 1.85364 -0.194602 0.000702106 -0.000123706 1.50754
433.701 -0.207918 -0.582762 1.78206 -2.81265 -0.400708 -2.26279 -0.253441 -0.594499 1.87211 -2.79989 -0.374406 -2.26413 -0.0455233 -0.0117369 0.0900438 0.0127624 0.0263021 -0.00134323 0.101578 1.66413 -0.145374 -0.767554 1.66373 -2.83399 -0.414601 -2.20865 0.0625437 -0.184792 -0.118334 -0.0213361 -0.0138929 0.0541408 0.228173 2.95698 -1.72748 1.079 1.13077 -0.0128728 0.0103986 2.45012 -3.01057 1.85364 -0.194602 0.000702106 -0.000123706 1.50754
433.97 -0.204155 -0.58912 1.7637 -2.81185 -0.402137 -2.2634 -0.245374 -0.5896 1.82391 -2.81389 -0.417274 -2.26634 -0.0412194 -0.000480051 0.0602104 -0.00204874 -0.0151369 -0.00293046 0.0729696 0.900051 -0.139013 -0.773345 1.64531 -2.83251 -0.417855 -2.20997 0.0651422 -0.184225 -0.118389 -0.0206613 -0.0157183 0.0534367 0.22847 2.94902 -1.73055 1.07757 1.10918 -0.0124283 0.00882477 2.45006 -3.01057 1.85364 -0.194602 0.000702106 -0.000123706 1.50754
434.263 -0.200096 -0.594579 1.74902 -2.81197 -0.403174 -2.26383 -0.245359 -0.599119 1.82379 -2.81661 -0.415058 -2.26508 -0.0452629 -0.00453922 0.0747695 -0.00463795 -0.0118833 -0.00125334 0.0875203 0.74441 -0.134026 -0.77819 1.63025 -2.83235 -0.420012 -2.21081 0.0660707 -0.183611 -0.118774 -0.020378 -0.0168379 0.0530234 0.228442 2.94703 -1.73353 1.0764 1.0924 -0.0115424 0.00809869 2.45003 -3.01057 1.85364 -0.194602 0.000702106 -0.000123706 1.50754
434.568 -0.19504 -0.600481 1.73377 -2.8127 -0.404209 -2.26424 -0.238671 -0.598392 1.78586 -2.80676 -0.42095 -2.25208 -0.0436311 0.00208909 0.0520862 0.00594061 -0.0167414 0.0121597 0.0679781 1.30836 -0.128092 -0.782834 1.61424 -2.83271 -0.422276 -2.21191 0.0669478 -0.182353 -0.119534 -0.0200104 -0.0180668 0.0523264 0.228085 2.93478 -1.73705 1.07516 1.07534 -0.010174 0.00773217 2.45002 -3.01057 1.85364 -0.194602 0.000702106 -0.000123706 1.50754
435.172 -0.181303 -0.613309 1.69711 -2.81484 -0.407054 -2.2653 -0.225546 -0.608972 1.74455 -2.81435 -0.440618 -2.2431 -0.0442432 0.00433675 0.0474469 0.000496384 -0.0335637 0.0221982 0.065019 2.31224 -0.114759 -0.792135 1.57538 -2.83343 -0.427963 -2.21429 0.0665444 -0.178827 -0.121723 -0.0185904 -0.0209092 0.0510063 0.226326 2.93011 -1.74711 1.07214 1.03484 -0.00633677 0.00680409 2.45005 -3.01057 1.85364 -0.194602 0.000702106 -0.000123706 1.50754
435.476 -0.175182 -0.617874 1.68113 -2.81545 -0.408519 -2.26581 -0.218028 -0.61365 1.72128 -2.80042 -0.443623 -2.26927 -0.0428461 0.00422439 0.040145 0.0150301 -0.035104 -0.00346032 0.0588664 2.16447 -0.107517 -0.796861 1.55947 -2.83335 -0.430649 -2.21514 0.0676653 -0.178987 -0.121665 -0.0179072 -0.0221298 0.0506732 0.226753 2.94318 -1.75208 1.07087 1.0172 -0.00477762 0.00603321 2.45008 -3.01057 1.85364 -0.194602 0.000702106 -0.000123706 1.50754
436.628 -0.161959 -0.626988 1.64316 -2.81544 -0.411749 -2.26684 -0.204979 -0.626299 1.69443 -2.80279 -0.419448 -2.25889 -0.0430199 0.000688245 0.0512715 0.0126536 -0.00769907 0.00794477 0.0669325 1.09253 -0.0889412 -0.809041 1.52337 -2.83233 -0.43653 -2.2164 0.0730181 -0.182053 -0.119794 -0.0168911 -0.0247805 0.0504426 0.229838 3.00048 -1.76479 1.06815 0.975588 -0.00247546 0.00355101 2.45023 -3.01057 1.85364 -0.194602 0.000702106 -0.000123706 1.50754
437.254 -0.151856 -0.634995 1.60862 -2.81429 -0.413875 -2.26731 -0.192963 -0.633949 1.65442 -2.82165 -0.451385 -2.25532 -0.0411076 0.00104659 0.0457998 -0.00735825 -0.0375106 0.0119893 0.0615512 2.24175 -0.0777546 -0.820239 1.49088 -2.83169 -0.439473 -2.21637 0.0741011 -0.185244 -0.11774 -0.0173974 -0.0255988 0.0509372 0.231666 3.04195 -1.77653 1.06606 0.938169 -0.00198868 0.00124478 2.45051 -3.01057 1.85364 -0.194602 0.000702106 -0.000123706 1.50754
437.647 -0.146345 -0.639596 1.59043 -2.81404 -0.415 -2.2675 -0.190384 -0.647394 1.65741 -2.81525 -0.434899 -2.24694 -0.0440383 -0.00779776 0.0669789 -0.00120877 -0.0198986 0.0205669 0.0805379 1.62052 -0.0721961 -0.825671 1.47325 -2.83234 -0.440305 -2.21595 0.0741493 -0.186074 -0.11718 -0.018298 -0.0253054 0.0515525 0.232062 3.05889 -1.78258 1.06506 0.918546 -0.00147029 0.000234536 2.4507 -3.01057 1.85364 -0.194602 0.000702106 -0.000123706 1.50754
437.973 -0.138629 -0.646432 1.56545 -2.81409 -0.416467 -2.26768 -0.181345 -0.641282 1.60926 -2.80773 -0.431703 -2.27233 -0.0427158 0.00515013 0.0438092 0.006355 -0.0152353 -0.00465345 0.0614037 0.941284 -0.0639914 -0.83276 1.44846 -2.83346 -0.441002 -2.21569 0.0746373 -0.186328 -0.116989 -0.0193677 -0.0245344 0.051989 0.232326 3.05467 -1.79075 1.06375 0.89174 -0.000526852 -0.000861493 2.45102 -3.01057 1.85364 -0.194602 0.000702106 -0.000123706 1.50754
438.334 -0.1326 -0.652669 1.54572 -2.8146 -0.417362 -2.26769 -0.175676 -0.655152 1.6088 -2.81346 -0.429552 -2.26887 -0.0430762 -0.00248211 0.0630821 0.00113986 -0.0121897 -0.00118002 0.0764269 0.702208 -0.0583308 -0.838719 1.42854 -2.83473 -0.441528 -2.2156 0.074269 -0.18605 -0.117176 -0.0201357 -0.024166 0.0520914 0.232079 3.04761 -1.79691 1.06278 0.870834 0.000389729 -0.00124813 2.4513 -3.01057 1.85364 -0.194602 0.000702106 -0.000123706 1.50754
438.621 -0.124412 -0.662499 1.51785 -2.81582 -0.418309 -2.26759 -0.169694 -0.661873 1.58613 -2.79652 -0.418393 -2.2676 -0.0452821 0.000625907 0.0682823 0.0192985 -8.35494e-05 -7.83293e-06 0.0819349 1.10571 -0.0512501 -0.847632 1.40072 -2.83665 -0.442469 -2.21555 0.0731622 -0.185134 -0.117124 -0.0208314 -0.0241597 0.0520411 0.230966 3.04324 -1.80509 1.06153 0.841532 0.00185192 -0.00126043 2.45169 -3.01057 1.85364 -0.194602 0.000702106 -0.000123706 1.50754
438.918 -0.118353 -0.670843 1.49583 -2.81699 -0.418823 -2.26744 -0.162193 -0.669628 1.56056 -2.80716 -0.409911 -2.26513 -0.0438398 0.0012154 0.0647311 0.00983024 0.00891161 0.00230503 0.078189 0.809392 -0.0472033 -0.854827 1.37748 -2.83847 -0.443396 -2.21557 0.0711501 -0.183983 -0.118352 -0.0214856 -0.0245733 0.0518726 0.230042 3.04504 -1.81117 1.06067 0.818563 0.00301002 -0.000967754 2.45198 -3.01057 1.85364 -0.194602 0.000702106 -0.000123706 1.50754
