124.728 -0.0469236 -0.687217 1.67878 2.62346 -0.00103111 0.00392322 -0.0782171 -0.697122 1.73826 2.62422 0.00220061 -0.0121049 -0.0312935 -0.0099054 0.0594806 0.000764624 0.00323172 -0.0160281 0.0679363 0.937952 -0.023496 -0.795191 1.51486 2.62024 0.000837111 0.00392608 0.0234277 -0.107974 -0.163924 -0.00321916 0.00186822 2.85405e-06 0.197682 0.213062 0.0288874 0.0780289 0.976844 -0.00301036 0.0047785 -3.13562 -1.49976 -0.00459648 -0.195962 0.000169541 0.000692979 0.00308706
125.597 -0.0382815 -0.731391 1.65421 2.65025 -0.000401374 0.0191819 -0.0794691 -0.734055 1.7163 2.64413 0.00339592 0.00145109 -0.0411875 -0.00266398 0.0620966 -0.00611855 0.0037973 -0.0177308 0.074562 1.09611 -0.00493361 -0.832741 1.48651 2.62015 0.00264443 0.00440901 0.0333479 -0.10135 -0.167695 -0.0301032 0.0030458 -0.0147729 0.19876 1.92824 0.0239843 0.0829422 0.975365 -0.00958727 0.0316784 -3.12207 -1.49976 -0.00459648 -0.195962 0.000169541 0.000692979 0.00308706
126.587 -0.0376573 -0.724845 1.6484 2.65271 0.00486617 0.0127536 -0.0673631 -0.747775 1.6947 2.65636 0.00935883 0.0161516 -0.0297059 -0.0229308 0.0463013 0.0036503 0.00449266 0.00339804 0.0595993 0.383595 -0.000473231 -0.818599 1.47642 2.61744 0.00158039 0.0022078 0.037184 -0.0937542 -0.17198 -0.035262 -0.00328579 -0.0105458 0.199373 2.11526 0.0129243 0.0860871 0.976425 -0.00186853 0.0339965 -3.12504 -1.49976 -0.00459648 -0.195962 0.000169541 0.000692979 0.00308706
127.107 -0.0499258 -0.712334 1.64741 2.64913 0.00195857 0.00511249 -0.0700742 -0.721693 1.65349 2.62051 0.0171474 0.00748265 -0.0201484 -0.00935939 0.00607676 -0.0286172 0.0151889 0.00237015 0.0230322 1.86236 -0.0138628 -0.803625 1.47406 2.61666 0.000484798 0.000840332 0.036063 -0.0912917 -0.173353 -0.0324657 -0.00147377 -0.00427216 0.199214 1.87784 0.00608007 0.0871658 0.976025 -0.000865055 0.0304407 -3.1331 -1.49976 -0.00459648 -0.195962 0.000169541 0.000692979 0.00308706
127.659 -0.0683972 -0.697526 1.64555 2.64474 -0.00407028 -0.00395328 -0.0869907 -0.735735 1.71676 2.67462 0.00262932 0.00112742 -0.0185934 -0.0382091 0.0712069 0.0298865 0.0066996 0.0050807 0.0829221 1.77894 -0.0305987 -0.786673 1.47106 2.61652 -0.000163035 0.000639972 0.0377985 -0.0891473 -0.174485 -0.0282153 0.00390725 0.00459325 0.199552 1.65256 -0.00186633 0.0881857 0.974922 -0.001861 0.0260352 3.13921 -1.49976 -0.00459648 -0.195962 0.000169541 0.000692979 0.00308706
128.126 -0.0908742 -0.681888 1.64225 2.64042 -0.0121559 -0.0141505 -0.107434 -0.709957 1.6963 2.6445 -0.00875369 -0.0157186 -0.0165597 -0.0280689 0.054051 0.00408764 0.00340218 -0.00156807 0.0631158 0.316518 -0.0535753 -0.769091 1.46676 2.61673 -0.000249274 0.000768092 0.0372989 -0.0872025 -0.17549 -0.0236815 0.0119066 0.0149186 0.19948 1.73866 -0.0107573 0.0891269 0.973197 -0.00402244 0.0215983 3.12632 -1.49976 -0.00459648 -0.195962 0.000169541 0.000692979 0.00308706
129.124 -0.147999 -0.645491 1.6288 2.6325 -0.0337456 -0.0409905 -0.161242 -0.670858 1.67815 2.64074 -0.0296615 -0.0363469 -0.0132426 -0.0253676 0.0493529 0.00824091 0.00408415 0.00464353 0.057049 0.596761 -0.102276 -0.729601 1.4518 2.61665 -0.000948656 -0.000369538 0.0457238 -0.0841109 -0.177 -0.0158487 0.032797 0.0406209 0.201232 3.1142 -0.0343217 0.0906358 0.967395 -0.00959745 0.0128664 3.09231 -1.49976 -0.00459648 -0.195962 0.000169541 0.000692979 0.00308706
130.675 -0.215567 -0.591657 1.60201 2.62309 -0.0605421 -0.0798375 -0.238621 -0.620352 1.66065 2.64883 -0.0466207 -0.0658954 -0.0230537 -0.0286958 0.0586417 0.025744 0.0139214 0.0139421 0.0692371 1.89114 -0.156768 -0.679385 1.42726 2.6164 0.000164019 0.00069112 0.058799 -0.0877285 -0.174745 -0.00669241 0.0607061 0.0805286 0.20418 5.781 -0.0721697 0.0896877 0.955554 -0.0129614 0.00132826 3.04532 -1.49976 -0.00459648 -0.195962 0.000169541 0.000692979 0.00308706
131.137 -0.229842 -0.575866 1.59317 2.62047 -0.0666768 -0.0901418 -0.254735 -0.591423 1.62486 2.59652 -0.0633052 -0.0705426 -0.0248931 -0.015557 0.0316879 -0.023946 0.00337166 0.0195992 0.043195 1.72646 -0.170932 -0.665219 1.41932 2.61664 0.00098778 0.00173366 0.0589101 -0.0893535 -0.173854 -0.00382476 0.0676646 0.0918755 0.204156 6.53471 -0.0839168 0.0884894 0.951348 -0.0128237 -0.00195068 3.03335 -1.49976 -0.00459648 -0.195962 0.000169541 0.000692979 0.00308706
131.682 -0.243779 -0.555726 1.58143 2.61712 -0.0730742 -0.102467 -0.270193 -0.578301 1.62387 2.59506 -0.0742185 -0.0977658 -0.0264133 -0.0225749 0.042446 -0.022058 -0.00114429 0.00470167 0.0548539 1.27441 -0.183835 -0.646208 1.40813 2.61648 0.000940722 0.00105524 0.0599442 -0.090482 -0.173301 -0.000637883 0.0740149 0.103523 0.204484 7.28938 -0.0995273 0.0862038 0.945516 -0.0117224 -0.00607051 3.01948 -1.49976 -0.00459648 -0.195962 0.000169541 0.000692979 0.00308706
132.094 -0.250603 -0.541981 1.5726 2.61502 -0.0765638 -0.110605 -0.280405 -0.556954 1.60522 2.59682 -0.0832965 -0.110817 -0.0298021 -0.0149728 0.0326268 -0.0181999 -0.00673272 -0.000212516 0.0466568 1.11276 -0.18902 -0.631801 1.3988 2.61719 0.00146299 0.00215256 0.0615827 -0.0898199 -0.173794 0.00217199 0.0780268 0.112757 0.205096 7.85997 -0.111056 0.0839975 0.941078 -0.010325 -0.00861235 3.01072 -1.49976 -0.00459648 -0.195962 0.000169541 0.000692979 0.00308706
132.558 -0.254719 -0.529905 1.56373 2.61348 -0.0791173 -0.117635 -0.28841 -0.545614 1.60281 2.60655 -0.0720134 -0.11852 -0.0336919 -0.0157084 0.0390759 -0.00693056 0.0071039 -0.000885336 0.0539335 0.573349 -0.193393 -0.618857 1.38929 2.61709 0.00105498 0.000938873 0.0613258 -0.0889516 -0.174445 0.00361267 0.0801723 0.118574 0.205193 8.20875 -0.122328 0.0814103 0.936621 -0.00872532 -0.010499 3.00336 -1.49976 -0.00459648 -0.195962 0.000169541 0.000692979 0.00308706
133.049 -0.256562 -0.519382 1.55493 2.61241 -0.0809391 -0.123516 -0.289027 -0.522944 1.56828 2.5846 -0.0803283 -0.118838 -0.032465 -0.00356248 0.0133568 -0.0278059 0.000610736 0.00467703 0.0352856 1.59446 -0.194149 -0.60647 1.37926 2.61705 0.000753991 -2.48409e-05 0.0624122 -0.0870883 -0.175671 0.00463909 0.081693 0.123491 0.205766 8.49498 -0.133273 0.0784897 0.932196 -0.00713091 -0.0118244 2.99737 -1.49976 -0.00459648 -0.195962 0.000169541 0.000692979 0.00308706
133.558 -0.256711 -0.507554 1.54335 2.6116 -0.0829702 -0.129278 -0.299798 -0.527729 1.6038 2.62937 -0.0728009 -0.118026 -0.0430868 -0.0201752 0.0604563 0.0177747 0.0101693 0.0112521 0.0769316 1.37629 -0.194001 -0.593658 1.36698 2.61755 0.0012879 0.00215342 0.0627095 -0.0861033 -0.176368 0.00595124 0.0842581 0.131431 0.206039 8.96133 -0.147268 0.0741578 0.92645 -0.0057992 -0.0129211 2.99137 -1.49976 -0.00459648 -0.195962 0.000169541 0.000692979 0.00308706
134.053 -0.255279 -0.499806 1.53509 2.61117 -0.0842275 -0.132148 -0.294029 -0.507698 1.56562 2.592 -0.0711129 -0.125845 -0.0387503 -0.0078927 0.030528 -0.0191631 0.0131146 0.00630287 0.0499584 1.35624 -0.193304 -0.585212 1.35826 2.61746 0.00112373 0.0018553 0.0619751 -0.0854066 -0.176835 0.00629641 0.0853513 0.134003 0.205927 9.12076 -0.157274 0.0706202 0.922376 -0.00533556 -0.0135292 2.98826 -1.49976 -0.00459648 -0.195962 0.000169541 0.000692979 0.00308706
134.571 -0.252417 -0.492814 1.52747 2.61081 -0.0851036 -0.133907 -0.294053 -0.502272 1.56576 2.58984 -0.0718135 -0.125836 -0.0416361 -0.00945778 0.0382908 -0.0209653 0.0132901 0.00807144 0.0573516 1.46607 -0.190071 -0.577491 1.35016 2.61744 0.00115743 0.00203992 0.0623461 -0.0846772 -0.177301 0.00663513 0.0862611 0.135947 0.206138 9.24416 -0.166834 0.0668513 0.918685 -0.0051243 -0.0140133 2.9863 -1.49976 -0.00459648 -0.195962 0.000169541 0.000692979 0.00308706
135.088 -0.242883 -0.485066 1.51927 2.6102 -0.0849135 -0.130463 -0.284756 -0.486348 1.53058 2.5868 -0.0875368 -0.140292 -0.0418733 -0.00128166 0.0113122 -0.0233986 -0.00262333 -0.00982907 0.0433933 1.50558 -0.180401 -0.569359 1.34185 2.61744 0.00148058 0.00350739 0.0624819 -0.0842932 -0.177421 0.00724236 0.0863941 0.133971 0.206125 9.15551 -0.178849 0.0614718 0.915257 -0.00663271 -0.0145679 2.98938 -1.49976 -0.00459648 -0.195962 0.000169541 0.000692979 0.00308706
135.578 -0.229369 -0.48007 1.51502 2.60925 -0.0824068 -0.123535 -0.280617 -0.487215 1.54829 2.60544 -0.0791298 -0.126796 -0.0512482 -0.00714438 0.0332677 -0.00381021 0.00327705 -0.0032604 0.0615156 0.35277 -0.167817 -0.563701 1.33728 2.61741 0.00195971 0.00383435 0.0615522 -0.0836304 -0.177747 0.00815988 0.0843666 0.12737 0.205856 8.77978 -0.187303 0.0571272 0.913671 -0.00790756 -0.0151352 2.99662 -1.49976 -0.00459648 -0.195962 0.000169541 0.000692979 0.00308706
135.919 -0.210398 -0.475602 1.51216 2.608 -0.0773129 -0.114381 -0.265952 -0.484237 1.54961 2.61798 -0.0823381 -0.116838 -0.055554 -0.00863539 0.0374451 0.00998439 -0.00502521 -0.00245697 0.0675496 0.64589 -0.151286 -0.557434 1.33331 2.61741 0.00245732 0.00413867 0.0591115 -0.0818319 -0.178846 0.00940792 0.0797702 0.11852 0.205369 8.21841 -0.195271 0.0524714 0.912691 -0.00808694 -0.0156863 3.00708 -1.49976 -0.00459648 -0.195962 0.000169541 0.000692979 0.00308706
136.49 -0.178622 -0.470649 1.50963 2.60639 -0.0672506 -0.100006 -0.244007 -0.47962 1.54776 2.58596 -0.0788768 -0.11539 -0.0653848 -0.00897116 0.0381316 -0.020429 -0.0116262 -0.015385 0.0762213 1.65564 -0.12329 -0.550244 1.32931 2.61756 0.00234356 0.00352624 0.0553319 -0.0795953 -0.180319 0.011171 0.0695941 0.103532 0.204724 7.19227 -0.20511 0.0457844 0.912028 -0.00667787 -0.0160722 3.02454 -1.49976 -0.00459648 -0.195962 0.000169541 0.000692979 0.00308706
136.924 -0.151886 -0.467631 1.50807 2.60545 -0.0582666 -0.0881361 -0.213438 -0.46923 1.52709 2.5975 -0.0519843 -0.105315 -0.0615513 -0.00159882 0.0190184 -0.00794526 0.00628232 -0.017179 0.0644424 1.16399 -0.100229 -0.545015 1.3263 2.61765 0.00300809 0.00433874 0.0516576 -0.0773839 -0.181772 0.0122045 0.0612747 0.0924748 0.2042 6.40964 -0.211885 0.0404681 0.911754 -0.00500035 -0.0160845 3.03926 -1.49976 -0.00459648 -0.195962 0.000169541 0.000692979 0.00308706
137.324 -0.124321 -0.465023 1.50646 2.60473 -0.0488764 -0.0758326 -0.185589 -0.472099 1.54529 2.60404 -0.0514724 -0.0820501 -0.0612673 -0.0070761 0.0388264 -0.000683417 -0.002596 -0.0062175 0.0728782 0.389668 -0.0762561 -0.541164 1.32383 2.61769 0.00497044 0.00690905 0.0480652 -0.076141 -0.182632 0.0129696 0.0538468 0.0827417 0.203622 5.71786 -0.218137 0.0349685 0.911456 -0.00322228 -0.0159691 3.05459 -1.49976 -0.00459648 -0.195962 0.000169541 0.000692979 0.00308706
137.896 -0.0967989 -0.462284 1.50479 2.60397 -0.0394868 -0.0634904 -0.154666 -0.469868 1.54683 2.60147 -0.0600329 -0.0634208 -0.0578672 -0.00758436 0.0420394 -0.00250213 -0.020546 6.95755e-05 0.0719266 1.18597 -0.054542 -0.539951 1.32296 2.61755 0.00252388 0.00378199 0.0422568 -0.0776672 -0.181827 0.0135862 0.0420107 0.0672724 0.202186 4.6222 -0.223865 0.0293577 0.911042 -0.00146436 -0.0160344 3.06997 -1.49976 -0.00459648 -0.195962 0.000169541 0.000692979 0.00308706
138.302 -0.0615238 -0.458598 1.50231 2.60306 -0.027569 -0.0475353 -0.124087 -0.461381 1.52759 2.58767 -0.0345873 -0.0550258 -0.0625632 -0.00278282 0.0252786 -0.0153907 -0.00701834 -0.00749045 0.0675344 1.07082 -0.0277606 -0.536543 1.32054 2.61755 0.00299022 0.00447908 0.0337632 -0.0779447 -0.181765 0.0144867 0.0305592 0.0520144 0.200633 3.56315 -0.230679 0.0218237 0.910264 0.000603759 -0.016272 3.08974 -1.49976 -0.00459648 -0.195962 0.000169541 0.000692979 0.00308706
138.694 -0.0369864 -0.456229 1.50012 2.60268 -0.0194374 -0.0363327 -0.0920291 -0.459252 1.52718 2.59991 -0.0329838 -0.0428382 -0.0550428 -0.00302267 0.0270621 -0.00277558 -0.0135465 -0.00650548 0.0614101 0.87715 -0.00745891 -0.534765 1.31866 2.61761 0.00435999 0.00648187 0.0295275 -0.078536 -0.181456 0.0149325 0.0237974 0.0428145 0.199915 2.93945 -0.235164 0.0162136 0.909463 0.00183608 -0.0163236 3.10356 -1.49976 -0.00459648 -0.195962 0.000169541 0.000692979 0.00308706
140.125 0.0305905 -0.4522 1.49118 2.60366 0.00209326 -0.00638913 -0.0186786 -0.454971 1.52624 2.59581 0.00304872 -0.00971806 -0.0492691 -0.00277127 0.0350563 -0.00784547 0.000955466 -0.00332894 0.0605315 0.490986 0.0393455 -0.538882 1.31465 2.61781 0.00330627 0.00475218 0.00875499 -0.0866822 -0.176535 0.0141546 0.00121301 0.0111413 0.196863 1.03325 -0.246306 -0.00159911 0.905636 0.0049058 -0.0150088 3.1402 -1.49976 -0.00459648 -0.195962 0.000169541 0.000692979 0.00308706
140.545 0.0461648 -0.451886 1.48863 2.60436 0.00680746 -0.000117944 0.00199532 -0.450639 1.50939 2.572 -0.0130095 -0.00388062 -0.0441695 0.00124759 0.0207667 -0.0323586 -0.019817 -0.00376267 0.0488237 2.18534 0.0485687 -0.541614 1.31395 2.6177 0.00205622 0.00296751 0.00240383 -0.089728 -0.174673 0.0133462 -0.00475124 0.00308546 0.196386 0.829923 -0.24857 -0.00653081 0.90453 0.00573837 -0.0143374 -3.13519 -1.49976 -0.00459648 -0.195962 0.000169541 0.000692979 0.00308706
141.018 0.0633688 -0.451894 1.48575 2.60542 0.0116955 0.00640046 0.0186563 -0.457063 1.52657 2.61126 0.00809755 0.00242504 -0.0447125 -0.0051691 0.0408257 0.00584884 -0.00359797 -0.00397543 0.0607673 0.456283 0.0578211 -0.546141 1.31384 2.61773 0.00176565 0.00258931 -0.00554772 -0.0942471 -0.171909 0.0123116 -0.00992987 -0.00381116 0.196128 0.933351 -0.250887 -0.0127131 0.903414 0.00660731 -0.0133452 -3.12711 -1.49976 -0.00459648 -0.195962 0.000169541 0.000692979 0.00308706
141.491 0.0735232 -0.452124 1.48414 2.60625 0.014248 0.0100207 0.0325945 -0.447254 1.49365 2.59136 0.0146781 0.00439579 -0.0409287 0.00487035 0.00950612 -0.0148912 0.000430062 -0.00562494 0.0422995 0.907844 0.0641781 -0.549569 1.31417 2.61774 0.00169712 0.00267738 -0.00934504 -0.0974453 -0.169975 0.011489 -0.0125509 -0.00734335 0.196149 1.06386 -0.252137 -0.0170232 0.902976 0.00696261 -0.0125609 -3.12269 -1.49976 -0.00459648 -0.195962 0.000169541 0.000692979 0.00308706
142.484 0.0868998 -0.450777 1.48305 2.60635 0.0162556 0.0148298 0.0533362 -0.457791 1.52675 2.59746 0.0121047 0.0142622 -0.0335636 -0.00701453 0.0436999 -0.00888763 -0.00415089 -0.000567562 0.0555463 0.562322 0.0703782 -0.5569 1.31828 2.6172 0.0012233 0.00314763 -0.0165217 -0.106123 -0.164769 0.0108478 -0.0150323 -0.0116822 0.196682 1.25834 -0.253507 -0.0247677 0.902838 0.00623285 -0.0125195 -3.11753 -1.49976 -0.00459648 -0.195962 0.000169541 0.000692979 0.00308706
142.79 0.0894028 -0.450243 1.48304 2.60613 0.016014 0.0158771 0.0586672 -0.457318 1.52743 2.61187 0.0254305 0.00761739 -0.0307356 -0.0070745 0.0443852 0.00574376 0.00941648 -0.00825968 0.0544497 0.793769 0.0706464 -0.558569 1.31958 2.61728 0.00100659 0.00291474 -0.0187564 -0.108325 -0.163457 0.0111521 -0.0150074 -0.0129623 0.196989 1.30656 -0.253637 -0.0271045 0.902801 0.00548533 -0.0127409 -3.11675 -1.49976 -0.00459648 -0.195962 0.000169541 0.000692979 0.00308706
143.534 0.0938307 -0.453508 1.48182 2.60725 0.0129442 0.0172409 0.0640097 -0.458294 1.52623 2.61196 0.00259053 0.0230207 -0.029821 -0.00478591 0.0444089 0.00471576 -0.0103536 0.00577981 0.0537061 0.730078 0.0713969 -0.567008 1.32136 2.61785 0.00081779 0.0022035 -0.0224339 -0.1135 -0.160463 0.0106034 -0.0121264 -0.0150374 0.197823 1.26548 -0.252515 -0.0355453 0.901367 0.00217363 -0.0115722 -3.1171 -1.49976 -0.00459648 -0.195962 0.000169541 0.000692979 0.00308706
143.894 0.0952349 -0.458197 1.48041 2.60895 0.0117422 0.0160142 0.0639598 -0.456041 1.50986 2.60347 0.0179234 0.0274048 -0.0312751 0.00215654 0.0294552 -0.00547945 0.00618117 0.0113907 0.0430162 0.809876 0.0702989 -0.572127 1.32016 2.61816 0.00098266 0.00167241 -0.024936 -0.11393 -0.160246 0.00921253 -0.0107596 -0.0143417 0.198194 1.15724 -0.25105 -0.0394022 0.899893 0.00179907 -0.0098478 -3.11876 -1.49976 -0.00459648 -0.195962 0.000169541 0.000692979 0.00308706
144.279 0.0965563 -0.462205 1.47937 2.61032 0.0113513 0.0143349 0.0652793 -0.460127 1.51029 2.60479 0.0143869 0.00437968 -0.031277 0.00207789 0.0309222 -0.00552875 0.00303555 -0.00995524 0.0440313 0.672021 0.0692849 -0.575731 1.31888 2.61805 0.00112687 0.0013308 -0.0272715 -0.113527 -0.160489 0.00773352 -0.0102245 -0.0130041 0.198466 1.04829 -0.249634 -0.0421756 0.89872 0.00234123 -0.00847149 -3.12041 -1.49976 -0.00459648 -0.195962 0.000169541 0.000692979 0.00308706
144.663 0.0978629 -0.466166 1.47863 2.61157 0.0111679 0.0122718 0.06792 -0.465427 1.51037 2.60715 0.0153969 0.00474103 -0.0299429 0.000739284 0.031747 -0.00441918 0.00422906 -0.00753081 0.0436462 0.553201 0.0677767 -0.578347 1.31736 2.61791 0.00109826 0.00118731 -0.0300862 -0.112181 -0.161266 0.00634247 -0.0100696 -0.0110845 0.198738 0.933351 -0.248001 -0.0448308 0.897703 0.00325066 -0.00721292 -3.12229 -1.49976 -0.00459648 -0.195962 0.000169541 0.000692979 0.00308706
145.924 0.0988602 -0.478782 1.48037 2.614 0.00854475 0.00382742 0.0692487 -0.480031 1.51064 2.58595 0.0165379 0.00526108 -0.0296115 -0.0012493 0.0302718 -0.0280587 0.00799312 0.00143366 0.0423649 1.67468 0.0598249 -0.57508 1.30991 2.61746 0.00140726 0.00213963 -0.0390354 -0.0962981 -0.170456 0.00345144 -0.00713749 -0.00168779 0.199631 0.464781 -0.239293 -0.0543706 0.896098 0.00528108 -0.0047182 -3.13092 -1.49976 -0.00459648 -0.195962 0.000169541 0.000692979 0.00308706
146.207 0.0988331 -0.481716 1.48123 2.61463 0.00804914 0.00219276 0.0692486 -0.482667 1.51063 2.5871 0.0164672 0.00526738 -0.0295845 -0.00095127 0.0294033 -0.0275339 0.00841807 0.00307462 0.0417217 1.66107 0.0566595 -0.574655 1.30883 2.61755 0.0015427 0.00221882 -0.0421737 -0.0929384 -0.172398 0.00292008 -0.00650644 2.60679e-05 0.200342 0.408304 -0.237028 -0.0560401 0.896197 0.00569162 -0.00406161 -3.13263 -1.49976 -0.00459648 -0.195962 0.000169541 0.000692979 0.00308706
146.543 0.0987359 -0.486004 1.48257 2.61566 0.00743335 0.000249861 0.0692463 -0.486573 1.51051 2.61665 0.0153624 0.00495465 -0.0294896 -0.000569135 0.0279416 0.000982884 0.00792907 0.00470479 0.0406288 0.530818 0.0531569 -0.573647 1.30717 2.61767 0.00163001 0.00241793 -0.045579 -0.0876429 -0.1754 0.0020045 -0.00580334 0.00216807 0.201305 0.373253 -0.23393 -0.0579156 0.896543 0.0061311 -0.0030349 -3.13457 -1.49976 -0.00459648 -0.195962 0.000169541 0.000692979 0.00308706
146.923 0.09832 -0.489212 1.4837 2.61654 0.00678959 -0.000748637 0.0692462 -0.489209 1.5105 2.61777 0.0152913 0.00495845 -0.0290738 2.55718e-06 0.0267988 0.00123075 0.00850175 0.00570708 0.0395406 0.590167 0.0500488 -0.572958 1.30607 2.61775 0.00160967 0.00261635 -0.0482711 -0.0837464 -0.177632 0.00121646 -0.00517993 0.00336499 0.202229 0.360452 -0.231585 -0.0590472 0.897021 0.00607882 -0.00215682 -3.13576 -1.49976 -0.00459648 -0.195962 0.000169541 0.000692979 0.00308706
147.279 0.0976702 -0.493268 1.48552 2.61771 0.00595642 -0.00166015 0.0678249 -0.487138 1.49394 2.59534 0.0129964 -0.00616729 -0.0298454 0.00612968 0.00842665 -0.0223714 0.00704002 -0.00450714 0.0316121 1.36602 0.045639 -0.571155 1.30453 2.61778 0.002254 0.00342516 -0.0520312 -0.0778871 -0.18099 6.52034e-05 -0.00370242 0.00508531 0.203791 0.360452 -0.228487 -0.0601951 0.89804 0.0058173 -0.000972717 -3.13697 -1.49976 -0.00459648 -0.195962 0.000169541 0.000692979 0.00308706
147.978 0.0980566 -0.499293 1.48856 2.61982 0.00600505 -0.00285725 0.0679968 -0.503194 1.52697 2.61677 0.0113029 -0.00689984 -0.0300598 -0.00390154 0.038413 -0.00304978 0.0052978 -0.00404259 0.0489323 0.418714 0.0406519 -0.569495 1.30328 2.61785 0.00327622 0.00450101 -0.0574046 -0.0702019 -0.18528 -0.00197025 -0.00272884 0.00735826 0.206282 0.463938 -0.224061 -0.0611689 0.900386 0.0064602 0.00113559 -3.13798 -1.49976 -0.00459648 -0.195962 0.000169541 0.000692979 0.00308706
148.332 0.0989211 -0.50296 1.49085 2.62135 0.00667992 -0.00341028 0.0693042 -0.505699 1.52648 2.61757 0.0132455 -0.00672838 -0.0296169 -0.00273897 0.0356286 -0.00377961 0.00656559 -0.0033181 0.0464118 0.473126 0.0405269 -0.569122 1.30337 2.61793 0.0036165 0.00494185 -0.0583942 -0.0661618 -0.187478 -0.00341374 -0.00306342 0.00835213 0.207208 0.546797 -0.221386 -0.0612865 0.902565 0.00732192 0.00267141 -3.13812 -1.49976 -0.00459648 -0.195962 0.000169541 0.000692979 0.00308706
148.676 0.0993709 -0.505381 1.49276 2.62253 0.00714387 -0.0035182 0.0692008 -0.502659 1.50927 2.60874 -0.00058094 -0.0109315 -0.0301701 0.00272172 0.0165128 -0.0137934 -0.00772481 -0.00741331 0.034501 0.999364 0.0409611 -0.569316 1.30409 2.61802 0.0036529 0.00510604 -0.0584098 -0.0639347 -0.188674 -0.00450996 -0.00349098 0.00862424 0.207598 0.593473 -0.219591 -0.061063 0.904562 0.00777837 0.00385275 -3.13798 -1.49976 -0.00459648 -0.195962 0.000169541 0.000692979 0.00308706
149.113 0.0993202 -0.507316 1.49489 2.62364 0.00733536 -0.00327291 0.0706669 -0.511221 1.52704 2.62014 0.01223 -0.00653076 -0.0286533 -0.00390448 0.0321589 -0.00350123 0.00489462 -0.00325785 0.0432487 0.390671 0.0420957 -0.568632 1.30476 2.61783 0.0035654 0.00520343 -0.0572245 -0.0613154 -0.190128 -0.00580436 -0.00376996 0.00847634 0.207805 0.628696 -0.218024 -0.0605569 0.906866 0.00782364 0.00495819 -3.13767 -1.49976 -0.00459648 -0.195962 0.000169541 0.000692979 0.00308706
149.441 0.0988607 -0.50874 1.49719 2.62466 0.00734416 -0.00276128 0.0706706 -0.511748 1.5266 2.60611 0.00175001 0.000586741 -0.0281902 -0.00300788 0.0294188 -0.0185537 -0.00559415 0.00334802 0.0408558 1.12744 0.042976 -0.568803 1.30637 2.61801 0.00360272 0.00537699 -0.0558847 -0.0600638 -0.190817 -0.00665716 -0.00374144 0.00813828 0.207707 0.641024 -0.216722 -0.0597687 0.909455 0.00757862 0.00598234 -3.13723 -1.49976 -0.00459648 -0.195962 0.000169541 0.000692979 0.00308706
149.834 0.0977437 -0.509673 1.50051 2.62581 0.00719244 -0.00179044 0.0679202 -0.50633 1.51038 2.59692 0.0153077 0.0051281 -0.0298235 0.00334316 0.00986396 -0.0288949 0.00811526 0.00691854 0.0315898 1.76879 0.0435185 -0.56985 1.30976 2.61792 0.00345804 0.0053593 -0.0542252 -0.0601767 -0.19075 -0.00788957 -0.0037344 0.00714974 0.207237 0.647705 -0.215457 -0.0582989 0.913307 0.00696874 0.00712343 -3.13646 -1.49976 -0.00459648 -0.195962 0.000169541 0.000692979 0.00308706
150.152 0.0964202 -0.508688 1.50355 2.62592 0.00687888 -0.000866097 0.0680018 -0.511721 1.52653 2.60606 0.000636941 0.000213553 -0.0284185 -0.00303303 0.0229715 -0.0198585 -0.00624194 0.00107965 0.0366674 1.19452 0.0448895 -0.569869 1.31332 2.61759 0.00316237 0.004864 -0.0515308 -0.0611805 -0.190239 -0.00833029 -0.00371652 0.0057301 0.206372 0.618656 -0.214897 -0.0569065 0.916521 0.00624006 0.00723071 -3.13582 -1.49976 -0.00459648 -0.195962 0.000169541 0.000692979 0.00308706
150.557 0.0946262 -0.506251 1.5071 2.62541 0.00635472 0.000197348 0.0653334 -0.509032 1.52646 2.60491 -0.00042547 -0.000141907 -0.0292928 -0.00278118 0.0193593 -0.0205037 -0.00678019 -0.000339255 0.0352219 1.23733 0.0459089 -0.570553 1.31854 2.61736 0.00284493 0.00459417 -0.0487174 -0.0643016 -0.18856 -0.0080477 -0.00350978 0.00439682 0.205093 0.563712 -0.214676 -0.0552957 0.920076 0.00525684 0.00671355 -3.13516 -1.49976 -0.00459648 -0.195962 0.000169541 0.000692979 0.00308706
150.928 0.0915713 -0.501494 1.51225 2.62417 0.00537281 0.00174977 0.0654499 -0.516329 1.56079 2.65233 -0.0039633 -0.00131163 -0.0261214 -0.0148349 0.0485385 0.0281674 -0.00933612 -0.00306141 0.0570823 1.70938 0.0481036 -0.571819 1.32696 2.61712 0.00242707 0.00426318 -0.0434677 -0.0703249 -0.185295 -0.00704497 -0.00294574 0.00251341 0.202902 0.461401 -0.214869 -0.0528732 0.925196 0.00363127 0.00546701 -3.1343 -1.49976 -0.00459648 -0.195962 0.000169541 0.000692979 0.00308706
151.963 0.0831423 -0.489777 1.52315 2.62205 0.00313799 0.00505668 0.0572362 -0.504877 1.5783 2.64111 -0.00591195 0.00987296 -0.025906 -0.0151 0.0551486 0.0190658 -0.00904993 0.00481628 0.0627734 1.24049 0.0539057 -0.572796 1.34488 2.61733 0.00256791 0.00410214 -0.0292365 -0.0830194 -0.178272 -0.00471966 -0.000570073 -0.000954536 0.198816 0.278362 -0.217272 -0.0461122 0.937549 3.86153e-05 0.00335099 -3.13256 -1.49976 -0.00459648 -0.195962 0.000169541 0.000692979 0.00308706
152.301 0.0809058 -0.486373 1.52566 2.62154 0.00281615 0.0056822 0.0531773 -0.496247 1.56189 2.6152 0.0220251 0.00700111 -0.0277285 -0.00987447 0.0362326 -0.00634185 0.019209 0.00131891 0.0466817 1.16163 0.0555207 -0.573394 1.34966 2.6172 0.00241889 0.00392589 -0.0253851 -0.0870217 -0.175993 -0.00434168 -0.000397266 -0.00175631 0.197966 0.268341 -0.218423 -0.0440476 0.940743 -0.000556058 0.00284346 -3.13218 -1.49976 -0.00459648 -0.195962 0.000169541 0.000692979 0.00308706
152.644 0.0787152 -0.482784 1.52789 2.62092 0.00255953 0.00618669 0.0504478 -0.49077 1.56182 2.61288 0.0210169 0.00660704 -0.0282674 -0.00798587 0.0339336 -0.00803786 0.0184573 0.000420357 0.044881 1.15386 0.0571019 -0.573553 1.35402 2.6172 0.00234895 0.00356034 -0.0216133 -0.0907695 -0.173872 -0.00372256 -0.000210575 -0.00262635 0.197326 0.260947 -0.21974 -0.0420112 0.94364 -0.00103192 0.00222655 -3.13187 -1.49976 -0.00459648 -0.195962 0.000169541 0.000692979 0.00308706
152.97 0.0766538 -0.47915 1.52973 2.62022 0.00241016 0.00653852 0.0477186 -0.485294 1.56176 2.61055 0.0199958 0.00621605 -0.0289352 -0.00614356 0.0320216 -0.00966508 0.0175856 -0.000322474 0.0435933 1.14978 0.0600436 -0.572532 1.35735 2.61699 0.00227842 0.00349289 -0.0166102 -0.0933817 -0.17238 -0.00322288 -0.000131741 -0.00304564 0.196751 0.253338 -0.2212 -0.0400191 0.946143 -0.00134105 0.00152818 -3.13164 -1.49976 -0.00459648 -0.195962 0.000169541 0.000692979 0.00308706
153.751 0.0722195 -0.471561 1.53195 2.6187 0.00232484 0.00687018 0.043636 -0.47675 1.56057 2.60637 -0.0109564 -0.00334822 -0.0285834 -0.00518933 0.0286184 -0.0123285 -0.0132813 -0.0102184 0.0407793 1.19354 0.0612517 -0.568584 1.36168 2.61723 0.00257974 0.00375193 -0.0109678 -0.0970226 -0.170274 -0.00146926 0.000254903 -0.00311825 0.196282 0.197824 -0.225015 -0.0355899 0.949915 -0.00159159 6.63307e-06 -3.13139 -1.49976 -0.00459648 -0.195962 0.000169541 0.000692979 0.00308706
154.032 0.0705301 -0.468811 1.53193 2.61811 0.00242559 0.00682929 0.0420657 -0.479611 1.57905 2.61634 0.00243453 0.000740471 -0.0284645 -0.0107997 0.0471169 -0.00177031 8.94535e-06 -0.00608882 0.0560969 0.362617 0.0595213 -0.568103 1.36296 2.61704 0.00280871 0.00374586 -0.0110089 -0.0992922 -0.168969 -0.00106997 0.000383124 -0.00308342 0.196292 0.187672 -0.226768 -0.0337931 0.950529 -0.00148767 -0.000575192 -3.13138 -1.49976 -0.00459648 -0.195962 0.000169541 0.000692979 0.00308706
154.333 0.0697125 -0.466948 1.5317 2.61763 0.00271436 0.00664748 0.0393151 -0.475905 1.57822 2.62966 -0.0104694 0.00756708 -0.0303974 -0.00895698 0.0465186 0.0120346 -0.0131838 0.000919607 0.0562869 1.02412 0.0576262 -0.568085 1.3638 2.61711 0.00293002 0.00374499 -0.0120864 -0.101136 -0.167898 -0.000516292 0.000215657 -0.00290249 0.196378 0.170174 -0.22796 -0.0326279 0.950652 -0.00115015 -0.00106618 -3.13139 -1.49976 -0.00459648 -0.195962 0.000169541 0.000692979 0.00308706
154.714 0.0684789 -0.462005 1.53068 2.61601 0.00403779 0.00577546 0.0384214 -0.460786 1.54354 2.59166 0.00228662 0.000682054 -0.0300574 0.00121873 0.0128589 -0.0243505 -0.00175117 -0.0050934 0.0327152 1.42793 0.0525823 -0.568144 1.36572 2.6169 0.0031145 0.00348611 -0.0158966 -0.106139 -0.164961 0.000892281 -0.00092329 -0.00228935 0.196801 0.150658 -0.230965 -0.0297861 0.95025 0.000420704 -0.00269159 -3.13148 -1.49976 -0.00459648 -0.195962 0.000169541 0.000692979 0.00308706
154.964 0.0681048 -0.458901 1.52994 2.61484 0.00512753 0.00503562 0.0381848 -0.463105 1.56051 2.60053 -0.0131611 -0.00390704 -0.0299201 -0.00420377 0.0305707 -0.0143081 -0.0182887 -0.00894266 0.042982 1.42684 0.0524822 -0.566542 1.3659 2.6166 0.00335263 0.00321235 -0.0156227 -0.107641 -0.164046 0.00176369 -0.00177489 -0.00182327 0.196829 0.176939 -0.232734 -0.0280789 0.949727 0.00173311 -0.00387488 -3.13158 -1.49976 -0.00459648 -0.195962 0.000169541 0.000692979 0.00308706
155.307 0.0677421 -0.456796 1.52945 2.614 0.0058064 0.00454886 0.0368054 -0.460679 1.56153 2.59997 0.0158274 0.00467102 -0.0309367 -0.003883 0.0320809 -0.014037 0.010021 0.000122163 0.0447364 0.988338 0.0533715 -0.566541 1.36665 2.61675 0.00293371 0.00318682 -0.0143706 -0.109745 -0.162802 0.00274448 -0.00287269 -0.00136203 0.196863 0.240663 -0.233873 -0.0269125 0.949338 0.00255241 -0.00470407 -3.13166 -1.49976 -0.00459648 -0.195962 0.000169541 0.000692979 0.00308706
155.702 0.0660105 -0.452614 1.52869 2.6123 0.00648116 0.00392077 0.0368053 -0.457952 1.56154 2.59879 0.0158721 0.00465647 -0.0292052 -0.00533814 0.0328494 -0.0135054 0.00939099 0.000735704 0.0442778 0.943776 0.054991 -0.564876 1.36739 2.61662 0.00261253 0.00301551 -0.0110196 -0.112262 -0.161299 0.00432532 -0.00386863 -0.000905255 0.196829 0.336882 -0.235999 -0.0244582 0.948652 0.00344126 -0.00641458 -3.13187 -1.49976 -0.00459648 -0.195962 0.000169541 0.000692979 0.00308706
156.032 0.0629883 -0.449065 1.52818 2.61093 0.00632859 0.00371293 0.0340946 -0.454376 1.56099 2.61207 0.00273372 0.0116547 -0.0288937 -0.00531097 0.0328051 0.00113773 -0.00359487 0.00794176 0.0440367 0.503578 0.0552801 -0.562921 1.36784 2.61657 0.0022861 0.00295743 -0.00770821 -0.113856 -0.160346 0.00564286 -0.00404249 -0.000755504 0.196808 0.400563 -0.237833 -0.0218013 0.948275 0.00340333 -0.00778468 -3.13213 -1.49976 -0.00459648 -0.195962 0.000169541 0.000692979 0.00308706
156.382 0.0599872 -0.447041 1.52802 2.61029 0.00577551 0.00378186 0.032413 -0.456083 1.57881 2.63672 -0.0021232 -0.000612938 -0.0275742 -0.00904134 0.0507951 0.0264311 -0.00789872 -0.0043948 0.0584997 1.60083 0.054468 -0.561075 1.36777 2.61684 0.00223101 0.00281734 -0.00551916 -0.114033 -0.160248 0.00655716 -0.0035445 -0.000964513 0.196758 0.430693 -0.238965 -0.019675 0.948326 0.00288936 -0.0084196 -3.13234 -1.49976 -0.00459648 -0.195962 0.000169541 0.000692979 0.00308706
157.048 0.0527617 -0.443296 1.52884 2.60924 0.00455812 0.00385935 0.024944 -0.441866 1.54337 2.58324 -0.00346128 -0.000990091 -0.0278177 0.00143028 0.0145273 -0.0259923 -0.0080194 -0.00484944 0.0314152 1.58288 0.0512616 -0.555599 1.36758 2.61674 0.0020896 0.00256008 -0.00150011 -0.112303 -0.161263 0.00750168 -0.00246852 -0.00129927 0.196519 0.458849 -0.240669 -0.0143724 0.949579 0.0017949 -0.00946465 -3.13288 -1.49976 -0.00459648 -0.195962 0.000169541 0.000692979 0.00308706
157.319 0.0498227 -0.44274 1.52946 2.60933 0.00422902 0.00379318 0.021385 -0.450537 1.5787 2.63435 -0.00668818 -0.00190743 -0.0284377 -0.00779683 0.049248 0.0250238 -0.0109172 -0.00570061 0.0574009 1.59765 0.0499668 -0.55408 1.3676 2.61702 0.00251855 0.00289194 0.000144092 -0.11134 -0.161855 0.00768654 -0.00171047 -0.000901245 0.196452 0.454565 -0.240965 -0.0119953 0.950501 0.00154572 -0.00936994 -3.1331 -1.49976 -0.00459648 -0.195962 0.000169541 0.000692979 0.00308706
157.938 0.0432506 -0.444392 1.53106 2.61103 0.00376237 0.00358066 0.0149915 -0.445562 1.56118 2.6234 0.00640477 0.00182861 -0.0282592 -0.00117013 0.0301195 0.0123746 0.00264241 -0.00175205 0.0413175 0.732219 0.0506031 -0.552342 1.3672 2.6175 0.00240165 0.00346472 0.00735247 -0.10795 -0.163866 0.0064684 -0.00136072 -0.00011594 0.196366 0.378459 -0.240684 -0.00626748 0.953179 0.00126001 -0.00766609 -3.13352 -1.49976 -0.00459648 -0.195962 0.000169541 0.000692979 0.00308706
158.34 0.039765 -0.445692 1.53192 2.61198 0.00306648 0.00384998 0.0122658 -0.446952 1.56122 2.59384 0.00535202 0.00153261 -0.0274992 -0.00125956 0.0293031 -0.0181401 0.00228555 -0.00231738 0.0402053 1.05536 0.0507217 -0.550985 1.36648 2.61735 0.00260357 0.00373674 0.0109567 -0.105293 -0.165432 0.00537164 -0.000462903 -0.000113249 0.196403 0.30901 -0.240215 -0.0037488 0.95444 0.000528141 -0.00671727 -3.13364 -1.49976 -0.00459648 -0.195962 0.000169541 0.000692979 0.00308706
158.688 0.0350429 -0.447719 1.53315 2.61329 0.00205316 0.00433872 0.0068142 -0.446944 1.56119 2.59382 0.00297341 0.00085146 -0.0282287 0.000774969 0.0280385 -0.0194729 0.00092025 -0.00348726 0.0397947 1.13436 0.0488479 -0.550152 1.36605 2.61747 0.00268913 0.00401427 0.0138049 -0.102433 -0.167099 0.0041788 0.000635974 -0.000324452 0.196482 0.242283 -0.239346 -0.00038492 0.956134 -0.00058665 -0.00540042 -3.13372 -1.49976 -0.00459648 -0.195962 0.000169541 0.000692979 0.00308706
158.977 0.0328216 -0.448812 1.53378 2.61394 0.00161551 0.00457706 0.0040885 -0.449667 1.56118 2.595 0.00177906 0.000512556 -0.0287331 -0.000855226 0.0274034 -0.0189452 0.000163551 -0.0040645 0.0397148 1.10995 0.04697 -0.549858 1.36587 2.61755 0.00273014 0.00415458 0.0141484 -0.101046 -0.167904 0.00360651 0.00111463 -0.000422485 0.196474 0.218503 -0.238832 0.0012797 0.956954 -0.00108574 -0.00473922 -3.13373 -1.49976 -0.00459648 -0.195962 0.000169541 0.000692979 0.00308706
159.376 0.0287578 -0.450975 1.53505 2.61513 0.000975758 0.00498332 0.000698331 -0.455353 1.57864 2.62101 0.00194587 0.0123177 -0.0280594 -0.00437878 0.0435934 0.00587541 0.000970108 0.00733439 0.0520278 0.541041 0.0460556 -0.549757 1.36584 2.61742 0.0029634 0.00426183 0.0172979 -0.0987824 -0.169206 0.00228667 0.00198764 -0.00072149 0.196692 0.179137 -0.237695 0.00453552 0.958469 -0.00183424 -0.00354817 -3.1337 -1.49976 -0.00459648 -0.195962 0.000169541 0.000692979 0.00308706
159.766 0.0261675 -0.452373 1.53599 2.6158 0.000751457 0.00519373 -0.00408851 -0.452394 1.56118 2.59618 -0.00177407 -0.000514219 -0.030256 -2.03314e-05 0.0251905 -0.0196224 -0.00252552 -0.00570795 0.0393699 1.18002 0.0438691 -0.550878 1.36663 2.61741 0.00297617 0.00419648 0.0177016 -0.0985047 -0.16936 0.00160288 0.00222472 -0.00099725 0.196721 0.167859 -0.236785 0.00689091 0.959434 -0.0021304 -0.00287592 -3.13363 -1.49976 -0.00459648 -0.195962 0.000169541 0.000692979 0.00308706
160.44 0.0216817 -0.453871 1.53833 2.61601 0.00115368 0.00523877 -0.00836729 -0.464206 1.59737 2.64981 -0.00339835 -0.000988113 -0.030049 -0.0103354 0.0590395 0.0337981 -0.00455203 -0.00622688 0.0670479 1.98584 0.0385271 -0.553778 1.36977 2.61712 0.00299907 0.00396913 0.0168454 -0.0999074 -0.168554 0.00110861 0.00184538 -0.00126964 0.196662 0.142653 -0.234591 0.0120545 0.96097 -0.00180347 -0.00267265 -3.13339 -1.49976 -0.00459648 -0.195962 0.000169541 0.000692979 0.00308706
161.409 0.0173892 -0.454788 1.5408 2.61546 0.00187076 0.00514923 -0.0144674 -0.459517 1.57874 2.62313 -0.0021167 0.0101068 -0.0318566 -0.00472948 0.0379421 0.0076718 -0.00398746 0.00495752 0.0497676 0.571298 0.0341089 -0.551926 1.37062 2.61703 0.00288874 0.00378631 0.0167197 -0.0971387 -0.170177 0.00157265 0.00101798 -0.00136292 0.196661 0.13417 -0.231978 0.0174716 0.961937 -0.00114144 -0.00322967 -3.13311 -1.49976 -0.00459648 -0.195962 0.000169541 0.000692979 0.00308706
162.401 0.00983046 -0.456631 1.54463 2.61462 0.00166034 0.00548355 -0.0200061 -0.460234 1.5788 2.60809 0.00665495 0.00194274 -0.0298365 -0.00360332 0.0341696 -0.00653797 0.00499461 -0.00354082 0.0455056 0.512819 0.0278442 -0.548103 1.37116 2.61698 0.00268897 0.00354765 0.0180138 -0.0914719 -0.173472 0.00235973 0.00102863 -0.0019359 0.196937 0.185575 -0.22758 0.0248974 0.963282 -0.0014961 -0.00406375 -3.13293 -1.49976 -0.00459648 -0.195962 0.000169541 0.000692979 0.00308706
162.719 0.00811584 -0.457541 1.54561 2.61465 0.00166081 0.00546576 -0.0227629 -0.46024 1.57882 2.6081 0.00548572 0.0016014 -0.0308787 -0.00269907 0.0332168 -0.00655046 0.00382491 -0.00386435 0.0454328 0.486985 0.0261884 -0.548234 1.37168 2.61699 0.00268632 0.00351289 0.0180725 -0.0906932 -0.173925 0.00234694 0.0010255 -0.00195287 0.196982 0.185575 -0.226343 0.0266136 0.963695 -0.00148661 -0.00404125 -3.13294 -1.49976 -0.00459648 -0.195962 0.000169541 0.000692979 0.00308706
163.429 0.00502838 -0.459518 1.54828 2.61457 0.00222276 0.00501867 -0.0255342 -0.460774 1.57827 2.59305 0.0148543 -0.00638638 -0.0305626 -0.00125693 0.0299888 -0.0215182 0.0126315 -0.011405 0.0428366 1.56748 0.0212215 -0.551232 1.37493 2.61701 0.00286432 0.00352739 0.0161931 -0.0917149 -0.173347 0.0024472 0.000641562 -0.00149127 0.196782 0.167859 -0.223227 0.0303975 0.96489 -0.000776413 -0.00412413 -3.13305 -1.49976 -0.00459648 -0.195962 0.000169541 0.000692979 0.00308706
163.774 0.00446679 -0.460447 1.54887 2.6147 0.00259427 0.00475352 -0.0268684 -0.462342 1.57891 2.59366 -0.00968289 0.00892559 -0.0313352 -0.00189545 0.0300396 -0.0210386 -0.0122772 0.00417207 0.0434496 1.41527 0.0198407 -0.553039 1.37603 2.61714 0.00308083 0.00352074 0.0153739 -0.0925923 -0.172844 0.00244286 0.000486551 -0.00123278 0.196684 0.158259 -0.222276 0.031436 0.965099 -0.00031752 -0.00398863 -3.13309 -1.49976 -0.00459648 -0.195962 0.000169541 0.000692979 0.00308706
164.603 0.00195807 -0.466484 1.54961 2.61608 0.00391573 0.00377252 -0.0293135 -0.470961 1.59655 2.6208 0.0187439 0.00553218 -0.0312716 -0.0044771 0.0469418 0.00471089 0.0148281 0.00175966 0.0565817 0.896566 0.0133497 -0.561132 1.37795 2.61736 0.0029017 0.00384903 0.0113916 -0.0946476 -0.171663 0.0012803 -0.00101403 7.65109e-05 0.196357 0.0927874 -0.218281 0.0355931 0.964413 0.0013218 -0.00261251 -3.13328 -1.49976 -0.00459648 -0.195962 0.000169541 0.000692979 0.00308706
164.994 0.00010594 -0.468847 1.54947 2.61647 0.00375481 0.00379245 -0.0296546 -0.468515 1.57883 2.61121 0.00261591 0.00077572 -0.0297606 0.000332395 0.0293548 -0.00525599 -0.0011389 -0.00301673 0.0418032 0.35277 0.0099093 -0.56504 1.37871 2.61717 0.0027511 0.00382848 0.00980336 -0.0961933 -0.170759 0.00070367 -0.0010037 3.60357e-05 0.196234 0.068528 -0.216753 0.0372075 0.963604 0.0011745 -0.00222879 -3.13334 -1.49976 -0.00459648 -0.195962 0.000169541 0.000692979 0.00308706
165.212 -0.0020284 -0.470463 1.54936 2.6163 0.00340451 0.00391815 -0.032412 -0.471282 1.57886 2.61239 0.0014816 0.000441941 -0.0303836 -0.000818603 0.0295036 -0.0039067 -0.00192291 -0.00347621 0.0423591 0.318981 0.00754907 -0.567834 1.37928 2.61694 0.00272718 0.00374623 0.00957747 -0.0973706 -0.170073 0.000642275 -0.000677333 -0.000171921 0.196208 0.0559529 -0.215232 0.0388548 0.962483 0.000807161 -0.00239832 -3.13341 -1.49976 -0.00459648 -0.195962 0.000169541 0.000692979 0.00308706
165.848 -0.00635713 -0.473478 1.54843 2.61547 0.00269783 0.00417574 -0.0376782 -0.479346 1.59662 2.62427 0.0153356 0.00460647 -0.031321 -0.00586785 0.0481865 0.00880068 0.0126378 0.000430732 0.0577701 0.882487 0.00232169 -0.573703 1.38002 2.61685 0.00265982 0.0037543 0.00867882 -0.100224 -0.168407 0.00138022 -3.80091e-05 -0.000421442 0.196167 0.0839294 -0.212181 0.0421989 0.959126 6.23177e-05 -0.00322486 -3.13354 -1.49976 -0.00459648 -0.195962 0.000169541 0.000692979 0.00308706
166.25 -0.00915732 -0.477191 1.54664 2.61565 0.00227844 0.00433436 -0.0404668 -0.482144 1.59664 2.62542 0.0142129 0.00429403 -0.0313094 -0.00495272 0.0500084 0.00977264 0.0119345 -4.03297e-05 0.0592085 0.883817 -0.000754056 -0.57722 1.37812 2.61714 0.00279416 0.00379891 0.00840327 -0.100029 -0.168515 0.00149176 0.000515718 -0.000535447 0.196147 0.0969133 -0.210098 0.0444235 0.955968 -0.000378466 -0.003039 -3.13361 -1.49976 -0.00459648 -0.195962 0.000169541 0.000692979 0.00308706
166.616 -0.0110958 -0.481229 1.54455 2.61641 0.00206184 0.00440293 -0.0408901 -0.476212 1.56102 2.59184 -0.00192226 0.0112969 -0.0297943 0.00501728 0.0164746 -0.02457 -0.0039841 0.00689395 0.0344134 1.47989 -0.00456503 -0.582029 1.37647 2.61731 0.00285799 0.00386119 0.00653077 -0.1008 -0.16807 0.00090828 0.000796151 -0.000541746 0.196089 0.0740187 -0.208513 0.0460686 0.953114 -0.00059655 -0.00228383 -3.13366 -1.49976 -0.00459648 -0.195962 0.000169541 0.000692979 0.00308706
167.422 -0.0149895 -0.492749 1.5379 2.61913 0.00189798 0.00442618 -0.0462024 -0.493409 1.57907 2.62167 -0.00396599 -0.00123846 -0.031213 -0.00066024 0.0411661 0.00254443 -0.00586397 -0.00566464 0.0516656 0.48939 -0.0148567 -0.594501 1.37027 2.61745 0.0029968 0.00404469 0.000132742 -0.101753 -0.167636 -0.00168391 0.00109882 -0.000381489 0.196101 0.118694 -0.20491 0.0497865 0.945069 -0.00073477 0.000461937 -3.13372 -1.49976 -0.00459648 -0.195962 0.000169541 0.000692979 0.00308706
167.818 -0.0161795 -0.497691 1.53471 2.62026 0.00217458 0.00426411 -0.0477315 -0.494014 1.56124 2.57103 -0.00753924 -0.0142803 -0.031552 0.00367726 0.0265239 -0.0492246 -0.00971382 -0.0185444 0.0413832 3.06746 -0.0213093 -0.59965 1.36729 2.61751 0.00318224 0.00408164 -0.00512985 -0.101959 -0.167422 -0.00274511 0.00100766 -0.000182472 0.196092 0.167859 -0.203505 0.0513227 0.941347 -0.00041086 0.00156681 -3.13373 -1.49976 -0.00459648 -0.195962 0.000169541 0.000692979 0.00308706
168.127 -0.0171377 -0.500234 1.53659 2.62161 0.00297303 0.00383248 -0.0490882 -0.501299 1.56062 2.61665 0.00893865 0.00287216 -0.0319505 -0.00106481 0.0240395 -0.00495831 0.00596562 -0.000960316 0.0399983 0.447624 -0.0279925 -0.602298 1.36923 2.61757 0.00342252 0.00414671 -0.0108548 -0.102064 -0.167358 -0.00403882 0.000449493 0.000314228 0.196325 0.234068 -0.201881 0.0533379 0.943416 0.000503578 0.00291908 -3.1337 -1.49976 -0.00459648 -0.195962 0.000169541 0.000692979 0.00308706
168.502 -0.0174936 -0.498207 1.54386 2.6224 0.00384783 0.00337361 -0.0490882 -0.501299 1.56062 2.61665 0.00893865 0.00287216 -0.0315946 -0.00309245 0.0167694 -0.00574319 0.00509082 -0.000501448 0.0359025 0.440575 -0.0326515 -0.600716 1.37677 2.61747 0.00341958 0.004317 -0.0151579 -0.102509 -0.16709 -0.00492316 -0.000428246 0.000943391 0.196614 0.288036 -0.200911 0.0548588 0.951697 0.00149405 0.00370017 -3.13366 -1.49976 -0.00459648 -0.195962 0.000169541 0.000692979 0.00308706
168.757 -0.0177113 -0.493493 1.55473 2.6229 0.00484282 0.00285892 -0.0503197 -0.501081 1.57717 2.62403 0.0242341 0.00769616 -0.0326083 -0.00758803 0.02244 0.00112926 0.0193912 0.00483724 0.0403043 1.14671 -0.0352067 -0.597612 1.38858 2.61752 0.00362343 0.00430385 -0.0174954 -0.104119 -0.166147 -0.00537696 -0.00121939 0.00144493 0.196855 0.327456 -0.200183 0.0564284 0.964068 0.00261564 0.00420111 -3.13361 -1.49976 -0.00459648 -0.195962 0.000169541 0.000692979 0.00308706
169.431 -0.0186968 -0.475363 1.58795 2.6229 0.0069914 0.00180106 -0.0514229 -0.496409 1.6346 2.64949 0.012085 0.00367237 -0.032726 -0.0210468 0.0466508 0.0265887 0.00509357 0.00187131 0.0607475 1.55394 -0.0358245 -0.582966 1.42381 2.61741 0.00344188 0.00450019 -0.0171277 -0.107603 -0.164137 -0.00549301 -0.00354951 0.00269914 0.19701 0.406382 -0.199466 0.0605027 1.00177 0.00500593 0.00419678 -3.13345 -1.49976 -0.00459648 -0.195962 0.000169541 0.000692979 0.00308706
170.129 -0.0224888 -0.456621 1.61965 2.62279 0.0070817 0.00191296 -0.0542149 -0.472319 1.65527 2.61744 -0.00581606 -0.00165867 -0.0317261 -0.0156985 0.0356151 -0.00534992 -0.0128978 -0.00357162 0.0502138 0.825668 -0.0368687 -0.566808 1.457 2.61739 0.00312932 0.00465623 -0.01438 -0.110187 -0.162647 -0.00539665 -0.00395238 0.00274327 0.196983 0.414959 -0.199908 0.0646869 1.03843 0.0050282 0.00408383 -3.13331 -1.49976 -0.00459648 -0.195962 0.000169541 0.000692979 0.00308706
170.475 -0.0265051 -0.442865 1.64138 2.62249 0.00634964 0.00244213 -0.0570648 -0.46026 1.67459 2.62194 0.0101578 0.00279371 -0.0305598 -0.0173945 0.0332133 -0.000542702 0.00380815 0.000351581 0.0483693 0.222056 -0.0391488 -0.55381 1.47916 2.61729 0.00309174 0.00463413 -0.0126438 -0.110944 -0.162218 -0.00519438 -0.00325789 0.00219201 0.196934 0.373253 -0.200719 0.0678451 1.06377 0.00412794 0.00378012 -3.13322 -1.49976 -0.00459648 -0.195962 0.000169541 0.000692979 0.00308706
170.775 -0.0297962 -0.431911 1.65776 2.62206 0.00573626 0.00287702 -0.0600008 -0.448394 1.6962 2.62764 -0.00699341 -0.00184783 -0.0302047 -0.0164825 0.0384431 0.00558063 -0.0127297 -0.00472485 0.0515933 0.841164 -0.0403315 -0.543772 1.49607 2.61713 0.00308133 0.00452772 -0.0105353 -0.111861 -0.161682 -0.004927 -0.00265494 0.00165069 0.196888 0.33455 -0.201585 0.0703694 1.08292 0.00337661 0.0033515 -3.13315 -1.49976 -0.00459648 -0.195962 0.000169541 0.000692979 0.00308706
171.229 -0.0330695 -0.420014 1.67423 2.62119 0.00523002 0.00325041 -0.0628958 -0.427051 1.67337 2.59101 0.0218274 -0.00722998 -0.0298262 -0.00703748 -0.000856909 -0.030177 0.0165974 -0.0104804 0.0306572 2.05576 -0.0417012 -0.533624 1.51354 2.61678 0.00301715 0.0044848 -0.00863166 -0.11361 -0.160684 -0.00441015 -0.00221287 0.00123439 0.19698 0.292083 -0.202651 0.0729962 1.10203 0.00274752 0.00248701 -3.13308 -1.49976 -0.00459648 -0.195962 0.000169541 0.000692979 0.00308706
171.558 -0.0376492 -0.403466 1.69614 2.6198 0.00452306 0.00375674 -0.0659313 -0.414415 1.69651 2.57989 -0.0113051 -0.00275983 -0.0282821 -0.0109489 0.000364928 -0.0399115 -0.0158282 -0.00651657 0.0303297 2.48931 -0.0408559 -0.519634 1.53693 2.61685 0.00295747 0.0044105 -0.0032067 -0.116168 -0.159207 -0.00294486 -0.00156559 0.00065376 0.19711 0.195835 -0.204331 0.0766187 1.12752 0.00187452 0.00109805 -3.13299 -1.49976 -0.00459648 -0.195962 0.000169541 0.000692979 0.00308706
171.926 -0.0418597 -0.391173 1.71212 2.6188 0.00353319 0.00439525 -0.070572 -0.405965 1.73662 2.59562 0.0234296 0.00547496 -0.0287123 -0.0147918 0.0245032 -0.0231734 0.0198964 0.00107971 0.0405414 1.75167 -0.0411099 -0.508319 1.55361 2.61684 0.00278312 0.00451724 0.000749746 -0.117146 -0.158512 -0.00195801 -0.000750063 0.000121996 0.197103 0.121947 -0.205736 0.0793931 1.14638 0.000685447 9.63224e-05 -3.13293 -1.49976 -0.00459648 -0.195962 0.000169541 0.000692979 0.00308706
172.225 -0.0466626 -0.379103 1.72788 2.61796 0.00221376 0.0052155 -0.0752055 -0.38844 1.73966 2.58973 -0.0140104 -0.00312658 -0.0285429 -0.00933694 0.0117853 -0.0282258 -0.0162241 -0.00834207 0.0322609 1.92803 -0.0412925 -0.49673 1.56954 2.61671 0.00242528 0.00482728 0.00537016 -0.117627 -0.158341 -0.00125355 0.000211526 -0.00038822 0.197324 0.0740187 -0.207225 0.082172 1.165 -0.000864222 -0.000729785 -3.13288 -1.49976 -0.00459648 -0.195962 0.000169541 0.000692979 0.00308706
172.913 -0.0576336 -0.35298 1.76241 2.61667 -0.000782801 0.00707233 -0.086413 -0.36356 1.7818 2.60089 0.0202516 0.00413052 -0.0287794 -0.0105794 0.0193874 -0.0157821 0.0210344 -0.00294182 0.0362774 1.51517 -0.041309 -0.472047 1.60504 2.61699 0.00276408 0.00465061 0.0163246 -0.119066 -0.157366 0.000318654 0.00354688 -0.00242172 0.198008 0.247082 -0.210872 0.0883649 1.20666 -0.00439692 -0.00200046 -3.13277 -1.49976 -0.00459648 -0.195962 0.000169541 0.000692979 0.00308706
173.231 -0.0612053 -0.34278 1.77615 2.61641 -0.00146304 0.00751418 -0.0915759 -0.352958 1.80736 2.61035 0.000963134 0.000188322 -0.0303706 -0.0101788 0.0312053 -0.00605712 0.00242618 -0.00732586 0.0447186 0.562322 -0.0417953 -0.462901 1.61942 2.61699 0.00272902 0.00461478 0.01941 -0.120121 -0.156732 0.000581649 0.00419206 -0.0028994 0.198421 0.29342 -0.212462 0.0907703 1.2234 -0.00520719 -0.00226054 -3.13273 -1.49976 -0.00459648 -0.195962 0.000169541 0.000692979 0.00308706
173.617 -0.064108 -0.332587 1.78939 2.61598 -0.00183526 0.00776877 -0.0967916 -0.343365 1.83214 2.62 -0.0143213 0.0240078 -0.0326836 -0.0107779 0.0427467 0.00402719 -0.012486 0.016239 0.0548786 1.19747 -0.0411298 -0.453776 1.63331 2.6169 0.00292443 0.00454996 0.0229782 -0.121189 -0.156079 0.000924458 0.00475969 -0.00321881 0.198935 0.333378 -0.214052 0.0929785 1.23946 -0.005659 -0.00268748 -3.13269 -1.49976 -0.00459648 -0.195962 0.000169541 0.000692979 0.00308706
173.832 -0.066621 -0.322235 1.80223 2.61531 -0.00208905 0.0079445 -0.100512 -0.333165 1.85569 2.6292 0.00071932 0.000128855 -0.0338913 -0.0109294 0.0534654 0.013897 0.00280837 -0.00781564 0.0642388 0.927462 -0.0423566 -0.443473 1.64583 2.61677 0.00294549 0.00460191 0.0242644 -0.121238 -0.156396 0.0014635 0.00503454 -0.00334258 0.199367 0.356083 -0.215628 0.0949739 1.25495 -0.00597061 -0.00335399 -3.13267 -1.49976 -0.00459648 -0.195962 0.000169541 0.000692979 0.00308706
174.254 -0.0693388 -0.309496 1.81849 2.61474 -0.00225089 0.00805945 -0.102201 -0.319747 1.85771 2.60431 -0.0212509 0.0106035 -0.0328625 -0.0102507 0.0392277 -0.0104231 -0.019 0.00254403 0.0521904 1.24929 -0.0434763 -0.429102 1.66159 2.61695 0.00299376 0.00464182 0.0258626 -0.119606 -0.1569 0.00221624 0.00524465 -0.00341762 0.198978 0.380522 -0.217668 0.0972876 1.27473 -0.00617176 -0.00392318 -3.13265 -1.49976 -0.00459648 -0.195962 0.000169541 0.000692979 0.00308706
174.927 -0.0720567 -0.290979 1.84506 2.61522 -0.00189803 0.00781658 -0.105429 -0.296098 1.85686 2.57345 -0.00522379 -0.000834237 -0.0333723 -0.00511918 0.0117988 -0.0417694 -0.00332576 -0.00865082 0.0357649 2.4532 -0.0498317 -0.408012 1.68659 2.61717 0.00310753 0.00452573 0.022225 -0.117033 -0.158472 0.00195257 0.00500556 -0.00329085 0.198252 0.361536 -0.221018 0.100366 1.30758 -0.00574156 -0.00344498 -3.13268 -1.49976 -0.00459648 -0.195962 0.000169541 0.000692979 0.00308706
175.226 -0.07225 -0.283281 1.85596 2.61535 -0.00139357 0.00748608 -0.106108 -0.290473 1.88368 2.58551 -0.0243284 -0.00375046 -0.0338575 -0.0071925 0.0277198 -0.0298386 -0.0229349 -0.0112365 0.0443447 2.25655 -0.0531047 -0.398988 1.69668 2.61717 0.00332285 0.00445573 0.0191453 -0.115707 -0.159285 0.00182174 0.00471642 -0.00303035 0.197804 0.338041 -0.222386 0.101326 1.32099 -0.0051387 -0.00331446 -3.13272 -1.49976 -0.00459648 -0.195962 0.000169541 0.000692979 0.00308706
176.009 -0.0714994 -0.266139 1.88045 2.61574 3.40088e-05 0.00660234 -0.107396 -0.275793 1.93713 2.63238 -0.0422032 0.00850264 -0.0358969 -0.00965457 0.0566788 0.0166399 -0.0422372 0.00190029 0.0677811 2.60414 -0.058495 -0.378197 1.71899 2.61717 0.00913978 0.0148357 0.0130044 -0.112058 -0.161457 0.00143687 0.00910577 0.00823332 0.196963 0.707759 -0.225471 0.102886 1.3511 -0.00345755 -0.0029383 -3.13277 -1.49976 -0.00459648 -0.195962 0.000169541 0.000692979 0.00308706
176.387 -0.071517 -0.258827 1.8909 2.61586 0.000234275 0.00684905 -0.105577 -0.265178 1.9337 2.62645 0.00417699 0.0150338 -0.0340598 -0.00635117 0.0427981 0.0105861 0.00394271 0.00818474 0.0550643 0.798684 -0.0599023 -0.369408 1.72856 2.61713 0.00757639 0.0124222 0.0116147 -0.110581 -0.162342 0.0012707 0.00734211 0.00557314 0.196769 0.533025 -0.226763 0.103324 1.36396 -0.00340823 -0.00281311 -3.13246 -1.49976 -0.00459648 -0.195962 0.000169541 0.000692979 0.00308706
176.834 -0.0717704 -0.251276 1.90133 2.61582 0.00019628 0.00743525 -0.108022 -0.260607 1.96316 2.64324 -0.0148175 0.0115162 -0.0362516 -0.00933083 0.0618312 0.027417 -0.0150138 0.00408095 0.0722796 1.80775 -0.0607877 -0.360471 1.73818 2.61707 0.00750986 0.0123683 0.0109827 -0.109196 -0.163145 0.00125069 0.00731358 0.00493304 0.196623 0.510524 -0.228046 0.103637 1.37675 -0.00373587 -0.00285091 -3.13197 -1.49976 -0.00459648 -0.195962 0.000169541 0.000692979 0.00308706
177.281 -0.0717147 -0.243422 1.91167 2.61558 0.000234837 0.00813374 -0.105632 -0.245991 1.93545 2.59637 -0.0161914 0.0261411 -0.0339174 -0.00256948 0.0237736 -0.0192113 -0.0164262 0.0180073 0.0414991 1.77299 -0.0614799 -0.350308 1.74719 2.61701 0.0097175 0.0161455 0.0102348 -0.106886 -0.164484 0.0014343 0.00948267 0.00801177 0.196429 0.716005 -0.229321 0.103817 1.38936 -0.00405527 -0.0030944 -3.13134 -1.49976 -0.00459648 -0.195962 0.000169541 0.000692979 0.00308706
177.64 -0.0706954 -0.232172 1.92552 2.61481 0.000620732 0.00931153 -0.106894 -0.243276 1.98967 2.60497 0.00483586 0.0154817 -0.0361986 -0.0111038 0.0641427 -0.00983833 0.00421513 0.00617019 0.0744844 0.708864 -0.0600031 -0.338134 1.76053 2.61651 0.0138971 0.0232373 0.0106923 -0.105962 -0.164992 0.00169793 0.0132763 0.0139257 0.196379 1.10606 -0.230993 0.103832 1.40604 -0.00432037 -0.00386344 -3.13013 -1.49976 -0.00459648 -0.195962 0.000169541 0.000692979 0.00308706
178.043 -0.0691557 -0.22215 1.9362 2.61342 0.00117005 0.0105446 -0.106888 -0.231093 1.98951 2.59971 0.00647286 0.0148022 -0.0377325 -0.00894375 0.0533054 -0.0137092 0.00530281 0.0042576 0.0659181 0.877596 -0.0573788 -0.327616 1.77092 2.61643 0.0164915 0.0274675 0.0117769 -0.105467 -0.165277 0.0030065 0.0153215 0.0169229 0.196414 1.31819 -0.232202 0.103666 1.41855 -0.00447968 -0.00524882 -3.12879 -1.49976 -0.00459648 -0.195962 0.000169541 0.000692979 0.00308706
178.389 -0.0668455 -0.211607 1.94694 2.61172 0.00199253 0.0120699 -0.103414 -0.21894 1.98959 2.59467 0.00569729 0.0155166 -0.0365685 -0.00733317 0.0426525 -0.0170484 0.00370476 0.00344677 0.0566592 1.01952 -0.0538705 -0.315177 1.78058 2.61599 0.0174554 0.0289414 0.012975 -0.10357 -0.166364 0.00426586 0.0154629 0.0168715 0.196398 1.33207 -0.233321 0.103346 1.43099 -0.00455863 -0.00694969 -3.12705 -1.49976 -0.00459648 -0.195962 0.000169541 0.000692979 0.00308706
178.697 -0.0637628 -0.200984 1.95779 2.60994 0.00309806 0.0138032 -0.0999332 -0.205028 1.98949 2.58866 0.00684972 0.0155948 -0.0361704 -0.00404333 0.0316977 -0.0212806 0.00375167 0.00179158 0.0482638 1.2427 -0.0506874 -0.303296 1.78984 2.61552 0.0180204 0.0296398 0.0130753 -0.102312 -0.167956 0.00557873 0.0149224 0.0158366 0.197098 1.28451 -0.234294 0.10287 1.44345 -0.00450625 -0.0087335 -3.125 -1.49976 -0.00459648 -0.195962 0.000169541 0.000692979 0.00308706
179.092 -0.0589414 -0.188972 1.97203 2.60848 0.00476609 0.0163654 -0.0964472 -0.192837 1.98919 2.58316 0.00998544 0.0150164 -0.0375058 -0.00386423 0.0171607 -0.0253202 0.00521935 -0.00134902 0.0414259 1.48279 -0.045223 -0.288557 1.80333 2.61677 0.0171406 0.0286521 0.0137184 -0.0995844 -0.168702 0.00829084 0.0123745 0.0122867 0.196382 1.10287 -0.235262 0.102001 1.45992 -0.00439382 -0.0102057 -3.12195 -1.49976 -0.00459648 -0.195962 0.000169541 0.000692979 0.00308706
179.398 -0.0556536 -0.18306 1.98238 2.60876 0.00572101 0.0185432 -0.0969475 -0.192736 2.11382 2.69372 -0.00868022 -0.00079213 -0.041294 -0.0096757 0.131438 0.0849586 -0.0144012 -0.0193353 0.138111 5.05827 -0.0422277 -0.280732 1.81259 2.61725 0.0169007 0.0287137 0.0134258 -0.0976713 -0.169791 0.00849694 0.0111797 0.0101705 0.196339 0.990316 -0.235697 0.101178 1.47222 -0.0046759 -0.00993538 -3.11958 -1.49976 -0.00459648 -0.195962 0.000169541 0.000692979 0.00308706
179.785 -0.0515663 -0.177478 1.99604 2.61006 0.00669811 0.0215559 -0.0904011 -0.179856 2.04978 2.59065 -0.00630567 0.0293105 -0.0388348 -0.00237805 0.0537336 -0.0194177 -0.0130038 0.00775459 0.0663407 1.41084 -0.0403013 -0.272282 1.82453 2.61771 0.0167309 0.0287977 0.011265 -0.0948037 -0.171519 0.007643 0.0100328 0.00724184 0.196299 0.830866 -0.23591 0.0998375 1.48847 -0.00533713 -0.00863433 -3.11649 -1.49976 -0.00459648 -0.195962 0.000169541 0.000692979 0.00308706
180.124 -0.0486391 -0.173876 2.00629 2.61121 0.00727652 0.0237138 -0.0867693 -0.173385 2.04752 2.61195 0.0192914 0.0160839 -0.0381302 0.000491394 0.0412222 0.000736261 0.0120149 -0.0076299 0.0561554 0.817092 -0.0381222 -0.266623 1.83362 2.61747 0.0164431 0.0281043 0.0105168 -0.0927475 -0.172672 0.00625324 0.00916662 0.00439053 0.196286 0.682423 -0.235843 0.098628 1.50065 -0.00590821 -0.00748365 -3.11432 -1.49976 -0.00459648 -0.195962 0.000169541 0.000692979 0.00308706
180.583 -0.0456623 -0.170445 2.01687 2.61246 0.00779638 0.0257109 -0.0832303 -0.169093 2.04951 2.58594 -0.00340231 0.0295787 -0.037568 0.00135165 0.0326447 -0.0265155 -0.0111987 0.00386784 0.0497881 1.66436 -0.034641 -0.260662 1.84269 2.61775 0.0163924 0.0283366 0.0110214 -0.0902172 -0.174175 0.00529532 0.00859597 0.00262569 0.196462 0.596761 -0.235629 0.0972203 1.51306 -0.00643718 -0.00624281 -3.11234 -1.49976 -0.00459648 -0.195962 0.000169541 0.000692979 0.00308706
181.054 -0.0426611 -0.167083 2.02777 2.61378 0.00824967 0.0274872 -0.0801995 -0.169358 2.10968 2.65297 0.0259158 0.0179034 -0.0375384 -0.00227467 0.0819108 0.0391886 0.0176662 -0.00958377 0.0901315 2.53173 -0.0294536 -0.254063 1.85174 2.61802 0.0162703 0.0285151 0.0132075 -0.0869802 -0.176033 0.00424267 0.00802061 0.00102795 0.196793 0.522645 -0.235318 0.0955944 1.52585 -0.00690673 -0.00491979 -3.11058 -1.49976 -0.00459648 -0.195962 0.000169541 0.000692979 0.00308706
181.817 -0.0376224 -0.158691 2.0554 2.61715 0.0079627 0.0313239 -0.0728599 -0.159404 2.11182 2.62235 0.00407472 0.0310772 -0.0352375 -0.000713157 0.0564209 0.00520606 -0.00388798 -0.000246623 0.0665245 0.372203 -0.0190819 -0.235966 1.87388 2.61843 0.0153833 0.0282832 0.0185405 -0.0772746 -0.18152 0.00127673 0.00742062 -0.00304068 0.198153 0.465622 -0.234512 0.0908268 1.55833 -0.00898435 -0.00152082 -3.1074 -1.49976 -0.00459648 -0.195962 0.000169541 0.000692979 0.00308706
182.306 -0.0353218 -0.155722 2.06775 2.61911 0.00772072 0.0325467 -0.0728298 -0.154673 2.10988 2.59216 0.0268879 0.0168496 -0.037508 0.00104944 0.0421249 -0.0269448 0.0191671 -0.0156971 0.0564133 2.08563 -0.0149614 -0.228314 1.88362 2.61856 0.0154606 0.0278132 0.0203604 -0.0725919 -0.184131 -0.000542164 0.00773992 -0.00473348 0.198968 0.520394 -0.234273 0.0882918 1.57303 -0.00974393 0.000451735 -3.10646 -1.49976 -0.00459648 -0.195962 0.000169541 0.000692979 0.00308706
182.666 -0.0306023 -0.151224 2.08469 2.62174 0.00801777 0.0333778 -0.0691489 -0.149202 2.11028 2.5392 0.0249745 0.016644 -0.0385465 0.00202232 0.0255893 -0.0825388 0.0169567 -0.0167338 0.0463113 4.90688 -0.009378 -0.219946 1.89844 2.61855 0.0158368 0.0277383 0.0212243 -0.0687217 -0.186251 -0.00318438 0.00781905 -0.00563952 0.199656 0.580809 -0.234231 0.084382 1.59325 -0.00981532 0.00308236 -3.10559 -1.49976 -0.00459648 -0.195962 0.000169541 0.000692979 0.00308706
183.012 -0.0252045 -0.144678 2.09788 2.62248 0.00903876 0.0332513 -0.0656476 -0.149113 2.17819 2.66475 0.0106683 0.0324719 -0.040443 -0.00443421 0.0803047 0.0422683 0.00162951 -0.000779418 0.090023 2.42447 -0.00393822 -0.211567 1.91064 2.6182 0.0163779 0.0276279 0.0212663 -0.0668882 -0.187246 -0.0042863 0.00733915 -0.0056234 0.199968 0.582155 -0.234509 0.0810488 1.6088 -0.00883896 0.00379526 -3.10519 -1.49976 -0.00459648 -0.195962 0.000169541 0.000692979 0.00308706
183.849 -0.0108913 -0.116735 2.12992 2.61923 0.0122491 0.030702 -0.0504209 -0.128226 2.1781 2.59782 0.014866 0.0326157 -0.0395296 -0.0114913 0.0481769 -0.0214074 0.00261686 0.00191365 0.0633692 1.24207 0.0160341 -0.184464 1.94298 2.61663 0.0165191 0.0280565 0.0269254 -0.0677297 -0.186947 -0.00259878 0.00426997 -0.00264551 0.200652 0.322641 -0.236375 0.0721628 1.64603 -0.00555479 0.000439433 -3.105 -1.49964 -0.00487175 -0.196061 0.000833762 0.00069294 0.00388251
184.832 0.000598986 -0.0643458 2.17143 2.61028 0.0134521 0.0285251 -0.0347861 -0.0722875 2.21399 2.59717 -0.00639103 0.0320436 -0.0353851 -0.00794174 0.0425549 -0.0131145 -0.0198431 0.00351846 0.0559115 1.378 0.0408231 -0.13321 1.98534 2.61492 0.0168161 0.0285007 0.0402242 -0.068864 -0.186092 0.0046357 0.00336396 -2.44651e-05 0.202461 0.328649 -0.240632 0.0591455 1.69526 -0.00552426 -0.0101944 -3.10583 -1.49969 -0.00488759 -0.195466 0.00259116 0.00241615 0.00431443
185.224 0.00609918 -0.0359087 2.19015 2.60196 0.00985501 0.0272113 -0.0324328 -0.0528387 2.25127 2.58396 -0.00785425 0.0156699 -0.038532 -0.01693 0.0611263 -0.0180029 -0.0177093 -0.0115414 0.0742143 1.59029 0.0485019 -0.104815 2.00314 2.61389 0.0173599 0.0283364 0.0424027 -0.0689063 -0.18701 0.0119306 0.00750485 0.00112506 0.203761 0.809392 -0.24295 0.0527203 1.71689 -0.0054525 -0.0168594 -3.10629 -1.49979 -0.00520079 -0.196059 -9.84375e-05 0.000765637 0.00681208
185.469 0.0128315 -0.0114765 2.20251 2.59565 0.0108469 0.0262135 -0.0265337 -0.0262464 2.24879 2.60281 0.0285632 0.0331167 -0.0393651 -0.0147699 0.0462888 0.0071558 0.0177163 0.00690315 0.0625333 1.1613 0.0570413 -0.0800933 2.0151 2.61486 0.0178174 0.0279676 0.0442098 -0.0686168 -0.187407 0.019214 0.00697046 0.00175403 0.204412 1.17403 -0.245333 0.0475128 1.73216 -0.00429721 -0.0232102 -3.10665 -1.4998 -0.00520193 -0.196045 -6.05864e-05 0.000755395 0.00681208
185.821 0.027559 0.0384507 2.20641 2.57241 0.0134798 0.0220631 -0.018678 0.0012502 2.24874 2.59074 0.0322274 0.0327678 -0.046237 -0.0372005 0.0423281 0.0183305 0.0187476 0.0107047 0.0728932 1.6135 0.0706366 -0.0320895 2.02031 2.61167 0.0190592 0.0266946 0.0430776 -0.0705402 -0.186107 0.03926 0.00557934 0.00463152 0.203635 2.28328 -0.252 0.0418813 1.74105 0.000718658 -0.0405316 -3.10706 -1.49913 -0.00508407 -0.194967 -0.0011436 -0.00523965 0.00873649
186.152 0.0345216 0.0875126 2.20609 2.56357 0.00990965 0.0181285 -0.00202494 0.0622046 2.28665 2.55818 0.035396 0.0156688 -0.0365466 -0.025308 0.0805672 -0.00538665 0.0254863 -0.00245972 0.0920175 1.49855 0.078905 0.0103334 2.0212 2.6108 0.0186142 0.0269419 0.0443834 -0.0771792 -0.184886 0.0472296 0.00870457 0.00881336 0.205205 2.79064 -0.261921 0.0362061 1.747 0.00209704 -0.0567127 -3.1076 -1.49891 -0.00560044 -0.195215 -0.00374447 0.00213208 0.0135122
186.6 0.0354131 0.125984 2.20491 2.55165 0.00849542 0.0111871 0.00291284 0.113296 2.25069 2.53832 0.0325846 -0.0016399 -0.0325003 -0.0126879 0.0457746 -0.0133214 0.0240892 -0.012827 0.0575549 1.73348 0.0846277 0.0474041 2.02169 2.61445 0.0185593 0.0271322 0.0492146 -0.0785802 -0.183226 0.0628084 0.0100639 0.0159451 0.20535 3.74544 -0.273073 0.030605 1.75334 0.000649652 -0.067429 -3.10783 -1.49797 -0.00668342 -0.195992 0.000278984 0.000919757 0.0199897
186.967 0.0379253 0.160618 2.20408 2.54465 0.0054328 0.0117617 0.0029934 0.150604 2.25009 2.52002 -0.0180373 0.0339984 -0.0349319 -0.0100136 0.0460158 -0.0246362 -0.0234701 0.0222367 0.0586342 2.32406 0.086284 0.0823612 2.02062 2.61506 0.0185756 0.0260155 0.0483587 -0.0782566 -0.183455 0.0704095 0.0131428 0.0142538 0.205227 4.17476 -0.288622 0.0232358 1.76379 -0.00148956 -0.0743027 -3.10774 -1.49782 -0.00679847 -0.195843 -0.000646 0.000931848 0.0209621
187.273 0.0421227 0.184355 2.2024 2.54345 0.00192177 0.0100406 0.0069222 0.178121 2.25015 2.50652 -0.0155025 0.0340176 -0.0352005 -0.00623471 0.0477498 -0.0369245 -0.0174243 0.023977 0.0596489 2.70559 0.0910924 0.106146 2.01949 2.61528 0.0186058 0.0252281 0.0489698 -0.0782088 -0.182905 0.0718356 0.016684 0.0151875 0.204863 4.30548 -0.301375 0.0176991 1.77209 -0.00181964 -0.0778767 -3.10756 -1.4972 -0.00727086 -0.195231 -0.00229048 0.00332843 0.0245367
187.622 0.0473773 0.206622 2.19994 2.54638 -0.00428952 0.00639853 0.0120282 0.208078 2.28711 2.5537 -0.0234746 0.0188068 -0.0353492 0.00145531 0.0871682 0.00732608 -0.0191851 0.0124083 0.0940743 1.37771 0.0980079 0.128131 2.01874 2.61592 0.0185952 0.0245852 0.0506306 -0.0784919 -0.181203 0.0695472 0.0228847 0.0181867 0.20386 4.31538 -0.314664 0.012171 1.78101 -0.00146602 -0.0804154 -3.1073 -1.49599 -0.00814508 -0.193894 -0.00570307 0.00880313 0.03129
188.089 0.0546079 0.233416 2.19651 2.55856 -0.015586 0.00113375 0.0179878 0.233278 2.2891 2.57908 0.00937251 -0.000950883 -0.0366201 -0.00013802 0.0925892 0.0205269 0.0249585 -0.00208464 0.0995682 1.8552 0.107435 0.15531 2.01874 2.61643 0.018298 0.0240017 0.0528268 -0.0781058 -0.17777 0.0578696 0.033884 0.0228679 0.201229 4.05782 -0.332454 0.00488592 1.79453 -0.000768726 -0.0821594 -3.10684 -1.4938 -0.00967213 -0.190753 -0.012695 0.0227743 0.0423411
188.353 0.0595417 0.254421 2.19283 2.57303 -0.0271129 -0.000289158 0.0246037 0.252906 2.25076 2.53331 -0.0211796 0.00237961 -0.0349381 -0.00151514 0.057931 -0.0397196 0.00593331 0.00266877 0.067668 2.3024 0.114324 0.176352 2.01951 2.61605 0.018309 0.0234703 0.0547823 -0.0780694 -0.173323 0.0430175 0.0454219 0.0237594 0.19783 3.83778 -0.346085 -0.000446386 1.80533 -0.000268006 -0.0838303 -3.10651 -1.49198 -0.0112262 -0.186951 -0.0218741 0.0390752 0.0499368
188.815 0.0667679 0.283884 2.18655 2.60067 -0.0440565 0.00223473 0.0299886 0.280539 2.28334 2.54782 -0.0567509 0.00699984 -0.0367793 -0.0033454 0.0967818 -0.0528569 -0.0126944 0.00476511 0.103589 3.1132 0.121321 0.204694 2.02236 2.61639 0.0180593 0.022966 0.0545531 -0.0791905 -0.164194 0.0157174 0.0621157 0.0207313 0.190281 3.86199 -0.364318 -0.00728505 1.8206 0.00107601 -0.0869035 -3.10619 -1.48956 -0.0137619 -0.179883 -0.038549 0.0700587 0.0562329
189.09 0.071225 0.306135 2.1812 2.62661 -0.0583399 0.00922818 0.0363996 0.302089 2.25067 2.57936 -0.0185291 0.00248631 -0.0348254 -0.00404587 0.0694723 -0.0472536 0.0398108 -0.00674187 0.0778176 3.57237 0.127668 0.228661 2.02376 2.61598 0.018144 0.0228224 0.0564433 -0.0774741 -0.157442 -0.0106271 0.076484 0.0135942 0.184326 4.49013 -0.377867 -0.012122 1.83273 0.00197658 -0.0895421 -3.10608 -1.48795 -0.0161132 -0.173172 -0.05525 0.0990169 0.0562849
189.569 0.0743782 0.328208 2.17514 2.65603 -0.074879 0.0225054 0.0390485 0.311635 2.15962 2.66824 -0.25076 0.0846721 -0.0353298 -0.0165727 -0.0155116 0.0122177 -0.175881 0.0621666 0.0419935 10.7473 0.134017 0.253439 2.02523 2.61532 0.0184292 0.023042 0.059639 -0.0747685 -0.149906 -0.040707 0.0933082 0.000536565 0.177818 5.83217 -0.391396 -0.0166374 1.84524 0.00275083 -0.0924048 -3.10616 -1.48665 -0.0191458 -0.165157 -0.0775087 0.131889 0.0504577
189.888 0.0759704 0.356602 2.16647 2.70044 -0.0996886 0.050743 0.0442632 0.355184 2.25037 2.63304 -0.0195253 0.00308047 -0.0317072 -0.00141774 0.0838969 -0.0674034 0.0801633 -0.0476625 0.0896997 6.68654 0.139637 0.282943 2.03054 2.61631 0.018791 0.0244701 0.0636664 -0.0736589 -0.135928 -0.084134 0.11848 -0.0262729 0.167199 8.49364 -0.409089 -0.0220837 1.86255 0.00340467 -0.0963521 -3.1066 -1.48546 -0.0243685 -0.152491 -0.116371 0.18177 0.0309013
190.81 0.0751453 0.392607 2.15247 2.77808 -0.142856 0.109592 0.0458736 0.399776 2.22478 2.66624 -0.110166 0.0851891 -0.0292717 0.00716849 0.072308 -0.11184 0.0326902 -0.0244026 0.0783369 6.98427 0.148434 0.326057 2.03886 2.61595 0.0192106 0.0245329 0.0732886 -0.0665501 -0.113612 -0.162135 0.162067 -0.0850588 0.150691 14.1979 -0.434246 -0.0289738 1.88957 0.00503676 -0.101227 -3.10794 -1.48533 -0.0350107 -0.129221 -0.191693 0.264247 -0.0211437
191.721 0.0704 0.415082 2.1399 2.86059 -0.198661 0.170385 0.0424601 0.426789 2.18797 2.78176 -0.232266 0.161487 -0.0279399 0.0117072 0.0480771 -0.0788301 -0.0336054 -0.00889797 0.0568252 5.03489 0.154846 0.365108 2.05321 2.61738 0.0193834 0.0253146 0.0844464 -0.0499737 -0.0866901 -0.243204 0.218044 -0.145071 0.130934 20.9459 -0.459757 -0.0350792 1.92432 0.00806511 -0.101317 -3.10996 -1.48772 -0.0512662 -0.0961072 -0.285487 0.344794 -0.0865028
192.361 0.0579919 0.419748 2.13434 2.90543 -0.24912 0.200111 0.0317121 0.404717 2.0297 2.70403 -0.40004 0.299233 -0.0262797 -0.0150316 -0.104643 -0.201397 -0.15092 0.0991219 0.108934 14.0687 0.154339 0.388911 2.0725 2.61775 0.0192668 0.0262242 0.0963474 -0.0308375 -0.0618403 -0.287676 0.268387 -0.173887 0.118566 25.3431 -0.47763 -0.0385658 1.95774 0.00870745 -0.0975217 -3.11118 -1.4919 -0.0682473 -0.0636299 -0.353487 0.38502 -0.120364
192.668 0.0456764 0.419498 2.13285 2.91962 -0.282301 0.208459 0.0244624 0.442743 2.19949 2.93158 -0.254959 0.203298 -0.021214 0.0232446 0.0666424 0.0119593 0.0273417 -0.00516096 0.073699 1.70387 0.149706 0.404924 2.08693 2.61787 0.0192903 0.0264408 0.10403 -0.014574 -0.0459198 -0.301749 0.301591 -0.182018 0.114644 27.3828 -0.487612 -0.0400684 1.98134 0.0079792 -0.0948269 -3.11141 -1.4959 -0.0810499 -0.0406799 -0.389098 0.397655 -0.126948
193.024 0.035752 0.418307 2.13237 2.92391 -0.304857 0.209601 0.0129389 0.442791 2.19976 2.92724 -0.258916 0.204343 -0.0228131 0.024484 0.0673873 0.00333624 0.045941 -0.00525728 0.0752393 2.65018 0.146434 0.410721 2.08848 2.61811 0.0192915 0.0266092 0.110682 -0.00758613 -0.0438968 -0.305799 0.324148 -0.182991 0.11931 28.4579 -0.494206 -0.0408562 1.99919 0.0074401 -0.0931574 -3.11126 -1.49962 -0.0912446 -0.0231656 -0.409635 0.401809 -0.124602
193.434 0.0260019 0.41603 2.13257 2.92413 -0.323947 0.207578 -0.000413299 0.422066 2.10747 2.73841 -0.290617 0.205413 -0.0264152 0.00603626 -0.025108 -0.185719 0.0333295 -0.00216496 0.0369406 10.848 0.141662 0.412731 2.08268 2.61799 0.0196535 0.0267524 0.11566 -0.00329869 -0.0498912 -0.306144 0.3436 -0.180826 0.126005 29.2067 -0.50009 -0.0414188 2.01705 0.00713864 -0.0915882 -3.11084 -1.50396 -0.101807 -0.00547419 -0.424878 0.402368 -0.117844
194.153 0.00431936 0.405478 2.13516 2.91194 -0.355529 0.200796 -0.0198666 0.420014 2.13326 2.86366 -0.395264 0.235847 -0.0241859 0.0145367 -0.00189685 -0.048278 -0.0397354 0.0350517 0.028282 3.57654 0.137246 0.422172 2.07684 2.61848 0.0201297 0.0274295 0.132926 0.016694 -0.0583191 -0.293464 0.375659 -0.173366 0.146114 29.9258 -0.511495 -0.0421061 2.05912 0.00737719 -0.0876924 -3.1091 -1.5163 -0.127309 0.0369903 -0.446347 0.390961 -0.0963397
194.539 -0.00537406 0.398947 2.13707 2.90154 -0.364406 0.200889 -0.029633 0.420281 2.16795 2.89508 -0.444677 0.23448 -0.0242589 0.0213343 0.0308808 -0.00646094 -0.0802707 0.0335907 0.0446909 4.94268 0.136024 0.425603 2.07379 2.61807 0.020106 0.0275909 0.141398 0.0266565 -0.0632802 -0.283467 0.384512 -0.173298 0.157189 29.9701 -0.515574 -0.0422198 2.07776 0.00736725 -0.0858005 -3.10823 -1.5223 -0.138318 0.0559781 -0.452186 0.380596 -0.0885725
195.036 -0.0175589 0.390076 2.13992 2.8839 -0.372486 0.205557 -0.0392973 0.404182 2.12863 2.82371 -0.444148 0.247852 -0.0217384 0.0141058 -0.0112992 -0.060193 -0.0716619 0.0422955 0.0282702 5.28943 0.135295 0.428761 2.06975 2.61823 0.020293 0.0278145 0.152854 0.0386849 -0.0701695 -0.265675 0.392779 -0.177742 0.172582 29.8601 -0.520511 -0.0423049 2.10317 0.00766171 -0.0836122 -3.10713 -1.53072 -0.15276 0.08201 -0.459183 0.363033 -0.0820641
195.486 -0.0251294 0.384471 2.14239 2.86854 -0.375114 0.211752 -0.050369 0.394271 2.12533 2.82244 -0.45113 0.248497 -0.0252396 0.00980047 -0.0170553 -0.0460964 -0.0760159 0.0367453 0.0319996 5.08977 0.134624 0.428827 2.0649 2.6184 0.0206401 0.0278443 0.159753 0.0443568 -0.0774822 -0.250139 0.395754 -0.183908 0.183008 29.6562 -0.523963 -0.042365 2.12275 0.00842679 -0.0824383 -3.10644 -1.53715 -0.163166 0.102032 -0.463424 0.347529 -0.079956
196.044 -0.0316922 0.378883 2.14413 2.85241 -0.374238 0.219287 -0.0596608 0.402478 2.1902 2.82198 -0.393146 0.234244 -0.0279686 0.0235956 0.0460665 -0.0304338 -0.0189085 0.0149571 0.0588313 1.95705 0.134633 0.430495 2.06227 2.61821 0.0205591 0.0278161 0.166325 0.0516126 -0.0818615 -0.234204 0.394797 -0.19147 0.19243 29.3219 -0.527287 -0.0424347 2.14267 0.00970534 -0.081699 -3.10589 -1.54362 -0.172959 0.122479 -0.465773 0.331973 -0.080026
196.535 -0.0369852 0.374309 2.146 2.83811 -0.370362 0.226644 -0.0672631 0.394561 2.18872 2.82325 -0.398776 0.234247 -0.0302778 0.0202518 0.0427285 -0.0148599 -0.028414 0.00760256 0.0561481 1.81294 0.13433 0.429911 2.0612 2.61825 0.0207884 0.0278848 0.171316 0.055602 -0.0847982 -0.219859 0.39115 -0.198759 0.199076 28.925 -0.53055 -0.0425007 2.16299 0.0112084 -0.081215 -3.1055 -1.55002 -0.181971 0.143437 -0.466131 0.31748 -0.0817308
196.995 -0.0430726 0.36966 2.14815 2.8203 -0.363181 0.235934 -0.0703003 0.380451 2.13693 2.75261 -0.407605 0.248928 -0.0272277 0.0107917 -0.0112177 -0.0676882 -0.0444244 0.0129945 0.0313631 4.46098 0.133219 0.430107 2.0596 2.61824 0.0210876 0.0280454 0.176292 0.0604476 -0.0885501 -0.202065 0.384269 -0.207888 0.206334 28.3553 -0.534897 -0.0425413 2.19084 0.0131804 -0.0810267 -3.10519 -1.55819 -0.192624 0.172069 -0.464895 0.299424 -0.0848658
197.509 -0.0475145 0.3677 2.14979 2.80907 -0.357885 0.241592 -0.0787327 0.390181 2.21282 2.81564 -0.322624 0.230958 -0.0312182 0.0224808 0.0630267 0.00657227 0.0352604 -0.010634 0.0738398 2.10747 0.131966 0.429685 2.05765 2.61827 0.0211016 0.028717 0.179481 0.0619845 -0.0921425 -0.190798 0.378986 -0.212875 0.211059 27.9479 -0.538197 -0.0425006 2.21213 0.0141855 -0.0811732 -3.10508 -1.56395 -0.19946 0.193925 -0.463154 0.287899 -0.0869815
198.434 -0.0570643 0.364719 2.15111 2.79014 -0.350886 0.249556 -0.0842037 0.371224 2.13694 2.78007 -0.495802 0.312224 -0.0271393 0.00650516 -0.0141706 -0.0100666 -0.144916 0.062668 0.0312996 8.96883 0.127557 0.43111 2.05799 2.61794 0.0213471 0.0291859 0.184621 0.0663906 -0.0931184 -0.1722 0.372234 -0.22037 0.217172 27.3747 -0.546106 -0.0421019 2.26324 0.0153791 -0.0820988 -3.10489 -1.57584 -0.211254 0.24621 -0.460808 0.270277 -0.0882507
198.808 -0.0616572 0.366571 2.15106 2.78292 -0.353461 0.252314 -0.0904674 0.378499 2.17347 2.78355 -0.443289 0.279073 -0.0288102 0.0119282 0.0224029 0.000633632 -0.0898279 0.0267596 0.0383953 5.37425 0.124619 0.434234 2.05987 2.61791 0.0209081 0.0288685 0.186276 0.0676632 -0.0911984 -0.165007 0.374369 -0.223445 0.218161 27.3925 -0.549574 -0.0418078 2.28584 0.0147841 -0.0834338 -3.10478 -1.58011 -0.214562 0.269046 -0.46329 0.2654 -0.0866017
199.244 -0.0667982 0.370105 2.15072 2.77588 -0.360411 0.255737 -0.0983298 0.392211 2.24092 2.80556 -0.330509 0.253024 -0.0315316 0.0221056 0.0902039 0.0296733 0.0299024 -0.00271319 0.0980798 2.38129 0.11975 0.437939 2.0628 2.61731 0.0199454 0.0282059 0.186548 0.0678345 -0.0879248 -0.158571 0.380357 -0.227531 0.2171 27.6478 -0.553031 -0.0414826 2.30872 0.0134108 -0.0852495 -3.10466 -1.58386 -0.216879 0.292021 -0.46917 0.261915 -0.0840725
199.774 -0.0741321 0.377341 2.14972 2.76596 -0.375928 0.262367 -0.103208 0.392385 2.22039 2.71852 -0.358328 0.25954 -0.0290762 0.0150436 0.0706714 -0.0474401 0.0175997 -0.00282662 0.0778857 2.95751 0.110594 0.441873 2.06464 2.6166 0.0187802 0.0274021 0.184726 0.0645313 -0.0850829 -0.149365 0.394708 -0.234965 0.213371 28.3457 -0.557481 -0.0411204 2.33959 0.0105673 -0.0884936 -3.10455 -1.58806 -0.218493 0.322796 -0.482476 0.25871 -0.0801267
200.574 -0.0808847 0.392643 2.14854 2.74516 -0.406076 0.277567 -0.114916 0.408142 2.22175 2.70685 -0.359976 0.262849 -0.0340316 0.0154984 0.0732097 -0.0383062 0.0460998 -0.0147175 0.0822071 3.72657 0.101873 0.44467 2.06443 2.61619 0.0182893 0.0256958 0.182758 0.0520268 -0.0841053 -0.128964 0.424365 -0.251871 0.2078 29.8531 -0.563323 -0.0411734 2.38708 0.00668489 -0.0944873 -3.10466 -1.59249 -0.21793 0.369112 -0.511386 0.250966 -0.0738067
201.191 -0.0813712 0.399578 2.14784 2.73033 -0.423266 0.28862 -0.114142 0.408739 2.17299 2.72617 -0.483759 0.300478 -0.032771 0.00916087 0.0251504 -0.00416242 -0.0604924 0.0118572 0.0423131 3.51981 0.0995142 0.446702 2.06412 2.61608 0.0184586 0.0257235 0.180885 0.0471234 -0.0837132 -0.114252 0.441725 -0.262897 0.204812 30.7508 -0.565622 -0.0416407 2.41125 0.00539757 -0.0971271 -3.10488 -1.59383 -0.216494 0.392116 -0.529079 0.243563 -0.0709315
201.738 -0.0784391 0.406654 2.14828 2.70653 -0.44467 0.306122 -0.11421 0.416568 2.17424 2.72231 -0.481653 0.301754 -0.0357713 0.00991431 0.0259555 0.0157843 -0.0369831 -0.00436887 0.0452942 2.27331 0.0993632 0.448092 2.06672 2.61675 0.0191817 0.0258749 0.177802 0.0414389 -0.0815646 -0.0897772 0.463851 -0.280247 0.199959 31.9455 -0.567825 -0.0428315 2.44387 0.00470723 -0.09933 -3.10532 -1.59471 -0.213538 0.422593 -0.553709 0.228829 -0.0676459
202.614 -0.0740932 0.410445 2.14998 2.68634 -0.458604 0.320865 -0.112932 0.427205 2.20452 2.71835 -0.47484 0.321687 -0.038839 0.0167597 0.0545446 0.0320086 -0.0162361 0.000822229 0.0690251 2.07566 0.100681 0.447991 2.07074 2.61714 0.0194542 0.0259599 0.174774 0.0375455 -0.0792392 -0.0691994 0.478058 -0.294905 0.195537 32.7881 -0.568765 -0.0441657 2.46874 0.00480883 -0.100014 -3.10575 -1.59472 -0.21069 0.445492 -0.572248 0.214192 -0.0657109
203.04 -0.0702257 0.411707 2.15096 2.67122 -0.467553 0.332083 -0.10824 0.430288 2.20607 2.63933 -0.426515 0.324237 -0.0380141 0.0185807 0.0551143 -0.0318865 0.0410379 -0.00784594 0.0694831 3.127 0.102352 0.445563 2.07292 2.61733 0.0195953 0.0260692 0.172578 0.033856 -0.0780424 -0.0538899 0.487148 -0.306014 0.192406 33.3754 -0.569045 -0.0452575 2.48563 0.00512784 -0.100048 -3.10609 -1.59446 -0.208583 0.460956 -0.584695 0.203014 -0.0647194
203.443 -0.0604043 0.413303 2.15303 2.63981 -0.48066 0.354723 -0.102987 0.434665 2.2183 2.6519 -0.480044 0.344893 -0.0425829 0.0213623 0.0652744 0.0120913 0.000615934 -0.00982981 0.0808109 0.661456 0.106798 0.440834 2.07823 2.61738 0.0202542 0.0264573 0.167202 0.027531 -0.0747992 -0.0224216 0.500915 -0.328266 0.185228 34.3913 -0.568795 -0.0478706 2.52006 0.00635386 -0.099824 -3.10682 -1.59338 -0.203847 0.492416 -0.606094 0.178994 -0.0634203
203.844 -0.0484397 0.415308 2.15541 2.60861 -0.486161 0.375378 -0.0920533 0.435378 2.21218 2.62025 -0.510121 0.359271 -0.0436136 0.0200708 0.0567789 0.0116338 -0.0239601 -0.0161071 0.0743561 1.6101 0.115652 0.439445 2.08714 2.61734 0.0207457 0.0268573 0.164092 0.0241377 -0.06827 0.0087289 0.506906 -0.34852 0.179359 35.061 -0.567543 -0.0509283 2.55521 0.00823848 -0.0998331 -3.10755 -1.59163 -0.198623 0.524497 -0.621399 0.153754 -0.0625969
205.163 -0.0194979 0.419108 2.16219 2.5343 -0.468828 0.415204 -0.0560239 0.429963 2.1657 2.52124 -0.537598 0.445211 -0.0365259 0.0108551 0.00351667 -0.0130624 -0.0687696 0.0300066 0.0382667 4.21882 0.138921 0.424181 2.09862 2.61748 0.0209036 0.028051 0.158419 0.00507378 -0.0635706 0.0831817 0.489732 -0.387153 0.170773 35.2712 -0.557553 -0.0618876 2.66526 0.00896534 -0.100319 -3.10881 -1.58295 -0.181258 0.626992 -0.626563 0.0858535 -0.0629087
205.911 -0.00525266 0.413539 2.16431 2.53406 -0.44916 0.411492 -0.0458796 0.439044 2.22123 2.51441 -0.494917 0.43267 -0.040627 0.0255045 0.0569197 -0.0196453 -0.0457575 0.0211779 0.0744371 2.89313 0.146105 0.414499 2.10775 2.61762 0.0219644 0.0287701 0.151358 0.000959436 -0.0565577 0.0835661 0.471124 -0.382722 0.161582 34.32 -0.548922 -0.0678066 2.71688 0.00905519 -0.0992791 -3.10822 -1.5783 -0.173407 0.678666 -0.608978 0.0783522 -0.0681646
206.224 0.0017308 0.409657 2.1649 2.54138 -0.439863 0.405559 -0.0393111 0.436277 2.23201 2.50635 -0.443512 0.429941 -0.0410419 0.0266199 0.0671172 -0.0350315 -0.00364888 0.024382 0.0830528 1.90434 0.148437 0.406603 2.10959 2.61752 0.0222158 0.0291761 0.146706 -0.00305366 -0.055302 0.0761328 0.462079 -0.376383 0.156813 33.7164 -0.544655 -0.0702751 2.73694 0.00966307 -0.0986574 -3.10764 -1.57654 -0.170576 0.699664 -0.599096 0.0811075 -0.0710012
206.637 0.00858215 0.405146 2.16541 2.55084 -0.430704 0.398538 -0.0321952 0.440169 2.27728 2.52778 -0.417805 0.405969 -0.0407773 0.0350231 0.111869 -0.0230617 0.0128995 0.00743179 0.124113 1.41776 0.151373 0.401995 2.11668 2.6176 0.0222185 0.0291166 0.14279 -0.00315141 -0.0487329 0.0667614 0.452923 -0.369421 0.15091 33.0884 -0.540108 -0.0726415 2.7557 0.0103455 -0.0979984 -3.10687 -1.57492 -0.168124 0.719776 -0.588846 0.0858387 -0.0737558
207.008 0.015849 0.398722 2.16653 2.56343 -0.419157 0.389002 -0.0224119 0.419686 2.20135 2.51862 -0.446432 0.406068 -0.038261 0.0209647 0.0348286 -0.0448132 -0.0272746 0.0170654 0.0558252 2.80784 0.153557 0.394435 2.12396 2.61761 0.0218872 0.0289549 0.137708 -0.00428617 -0.0425653 0.0541769 0.441045 -0.360047 0.1442 32.2661 -0.533691 -0.0755577 2.77892 0.0106764 -0.0971122 -3.10566 -1.5729 -0.165428 0.74516 -0.574707 0.092773 -0.0766231
207.361 0.0205983 0.393133 2.16666 2.57194 -0.409459 0.381006 -0.0159385 0.398197 2.11789 2.49363 -0.483309 0.444231 -0.0365368 0.00506407 -0.0487701 -0.0783121 -0.0738497 0.0632253 0.0611483 6.09107 0.150865 0.387662 2.12681 2.61752 0.021908 0.0289184 0.130266 -0.00547101 -0.0398518 0.045584 0.431367 -0.352087 0.136336 31.5859 -0.528674 -0.0775262 2.79516 0.0108061 -0.0964511 -3.10467 -1.57144 -0.163772 0.763088 -0.563148 0.0968942 -0.0776997
207.698 0.0254606 0.387526 2.16748 2.57823 -0.398743 0.372554 -0.0108686 0.407984 2.20044 2.52759 -0.444737 0.402517 -0.0363292 0.0204576 0.0329568 -0.0506475 -0.0459936 0.0299635 0.0531458 3.77242 0.149794 0.381197 2.1302 2.61758 0.0220718 0.0290115 0.124333 -0.00632889 -0.0372858 0.0393495 0.420815 -0.343542 0.129958 30.8424 -0.523541 -0.0792813 2.81054 0.0112202 -0.0957089 -3.10367 -1.56999 -0.162364 0.780039 -0.550349 0.0990595 -0.0775743
208.012 0.031479 0.380133 2.16891 2.58266 -0.38191 0.360208 -0.00627381 0.41041 2.25051 2.57453 -0.381811 0.363802 -0.0377528 0.0302763 0.0816029 -0.00812862 9.8354e-05 0.00359399 0.0948734 0.43341 0.150061 0.372713 2.13426 2.61763 0.0219046 0.028838 0.118582 -0.00742043 -0.034648 0.0349692 0.403814 -0.33137 0.123763 29.6829 -0.516616 -0.0812344 2.82982 0.0118796 -0.0947449 -3.10234 -1.56801 -0.160727 0.801082 -0.530491 0.0981566 -0.0754902
208.655 0.0381421 0.370833 2.17138 2.58182 -0.350828 0.339154 0.0025369 0.39382 2.22374 2.54614 -0.369669 0.354271 -0.0356052 0.0229872 0.0523607 -0.0356765 -0.0188415 0.0151173 0.067363 2.20123 0.149624 0.358498 2.13808 2.61732 0.0215615 0.0285902 0.111482 -0.0123346 -0.0333065 0.035505 0.372389 -0.310564 0.117003 27.5738 -0.50634 -0.0831826 2.85608 0.0124132 -0.0939478 -3.10055 -1.56495 -0.158361 0.829242 -0.493754 0.0900771 -0.0694147
209.344 0.0409017 0.364748 2.17421 2.57298 -0.308944 0.312103 0.00611296 0.359766 2.09407 2.47533 -0.393989 0.375041 -0.0347887 -0.00498242 -0.0801389 -0.0976491 -0.0850449 0.062938 0.0875061 7.35647 0.142065 0.354105 2.14732 2.61728 0.0208162 0.0277979 0.101163 -0.0106434 -0.0268891 0.0442959 0.32976 -0.284305 0.105215 24.7857 -0.494904 -0.0838027 2.88262 0.0114764 -0.0947296 -3.09893 -1.5612 -0.155011 0.857156 -0.443091 0.0748664 -0.060503
209.585 0.0406841 0.361695 2.17525 2.56926 -0.290318 0.299281 0.00997677 0.364662 2.12731 2.55278 -0.440194 0.384872 -0.0307073 0.0029668 -0.0479341 -0.016476 -0.149875 0.0855907 0.0570037 9.76336 0.138176 0.352643 2.15212 2.61727 0.0205242 0.0276748 0.0974922 -0.00905184 -0.0231289 0.0480086 0.310843 -0.271606 0.100606 23.5226 -0.490233 -0.0835398 2.89276 0.0105663 -0.0947606 -3.09842 -1.55953 -0.153148 0.867778 -0.419804 0.0683189 -0.0566653
209.927 0.0399291 0.358855 2.17643 2.56615 -0.272575 0.286238 0.00805808 0.362133 2.1293 2.51571 -0.390414 0.345255 -0.031871 0.00327818 -0.047129 -0.0504466 -0.117839 0.0590166 0.0569882 7.68002 0.132819 0.351847 2.15567 2.61724 0.0201985 0.0277257 0.09289 -0.00700822 -0.0207575 0.05109 0.292774 -0.258513 0.0954387 22.2871 -0.485725 -0.0830005 2.90225 0.0094605 -0.0947667 -3.09803 -1.55782 -0.150968 0.87776 -0.396767 0.0626119 -0.0528068
210.3 0.0388919 0.355474 2.17767 2.56314 -0.251301 0.268757 0.00821927 0.367384 2.18795 2.57114 -0.341526 0.322335 -0.0306727 0.0119099 0.0102786 0.00800394 -0.0902243 0.0535778 0.0344718 6.09699 0.126479 0.349009 2.15833 2.61712 0.0202371 0.0276595 0.0875868 -0.00646504 -0.0193433 0.0539832 0.271538 -0.241098 0.08993 20.7673 -0.479994 -0.081921 2.91403 0.00796141 -0.094795 -3.09768 -1.55544 -0.147536 0.890192 -0.367921 0.0567325 -0.0473198
211.25 0.0372305 0.352671 2.17895 2.56348 -0.217304 0.229868 0.0073896 0.381843 2.28587 2.61334 -0.225507 0.227592 -0.0298409 0.029172 0.10692 0.0498602 -0.0082032 -0.0022759 0.114775 2.86976 0.122266 0.341325 2.16092 2.617 0.0203321 0.0273471 0.0850351 -0.0113464 -0.0180271 0.0535179 0.237636 -0.202521 0.0876624 17.9361 -0.467049 -0.0779934 2.93885 0.00416481 -0.0965302 -3.09751 -1.54896 -0.13623 0.917103 -0.314016 0.0550171 -0.0319282
211.959 0.0357775 0.351133 2.1788 2.56737 -0.211645 0.213629 0.00329497 0.345634 2.10312 2.4721 -0.323763 0.303781 -0.0324826 -0.00549883 -0.0756787 -0.09527 -0.112118 0.0901525 0.0825386 9.09621 0.11825 0.338483 2.1643 2.61678 0.0196722 0.0270139 0.0824726 -0.01265 -0.0144958 0.0494125 0.231317 -0.186615 0.084687 17.0766 -0.460042 -0.0752386 2.95101 0.00102535 -0.09702 -3.09786 -1.54442 -0.127712 0.930483 -0.297282 0.0591703 -0.0228895
212.309 0.0354155 0.351244 2.17873 2.56858 -0.211588 0.20785 0.00332409 0.353451 2.14454 2.55954 -0.310103 0.253399 -0.0320915 0.00220682 -0.0341923 -0.00903795 -0.098515 0.0455487 0.0469451 6.18352 0.114709 0.339673 2.16718 2.61677 0.019805 0.0268225 0.0792931 -0.011571 -0.0115511 0.0481922 0.231393 -0.181028 0.0809612 16.8803 -0.456714 -0.0739003 2.95663 -0.000531826 -0.0973953 -3.09819 -1.54185 -0.123006 0.936497 -0.292353 0.0610253 -0.0187424
213.008 0.0375895 0.352448 2.17807 2.57401 -0.213985 0.197274 0.0023286 0.354746 2.14704 2.5256 -0.272467 0.226787 -0.0352609 0.0022984 -0.0310323 -0.0484174 -0.0584821 0.029513 0.0470278 4.4181 0.107578 0.342602 2.17385 2.61663 0.0196404 0.0268156 0.0699886 -0.00984556 -0.00422543 0.042618 0.233625 -0.170459 0.0708039 16.5956 -0.44926 -0.0712094 2.9688 -0.00332288 -0.0982903 -3.09925 -1.53534 -0.111023 0.949435 -0.28552 0.067987 -0.0112272
213.345 0.040027 0.352858 2.17766 2.57762 -0.217194 0.194939 0.00501827 0.34333 2.07846 2.45214 -0.292928 0.257345 -0.0350087 -0.00952736 -0.0991948 -0.125477 -0.0757343 0.0624061 0.105622 8.38328 0.105981 0.344018 2.1762 2.61668 0.0199616 0.0267974 0.0659542 -0.00883959 -0.00145827 0.0390555 0.237155 -0.168142 0.0665599 16.6651 -0.446137 -0.070317 2.97374 -0.00397762 -0.0985158 -3.09979 -1.53237 -0.105766 0.954744 -0.286182 0.0722543 -0.00915805
213.779 0.0446304 0.35261 2.17719 2.58234 -0.224792 0.19492 0.00938885 0.38126 2.28867 2.56119 -0.234584 0.212807 -0.0352415 0.0286505 0.111483 -0.0211428 -0.00979256 0.0178871 0.12038 1.50584 0.104442 0.345478 2.17844 2.61688 0.0202159 0.0269661 0.059812 -0.00713168 0.00124923 0.0345396 0.245008 -0.167954 0.0602486 17.0056 -0.441999 -0.0693941 2.98028 -0.00423591 -0.0983541 -3.10057 -1.52821 -0.099022 0.961724 -0.292146 0.077779 -0.00738373
214.339 0.05232 0.350653 2.17665 2.58876 -0.243562 0.201209 0.0155536 0.354037 2.14801 2.55482 -0.342254 0.2611 -0.0367664 0.00338449 -0.0286355 -0.0339347 -0.0986917 0.0598908 0.0467249 6.6077 0.101719 0.348031 2.1826 2.61717 0.0204997 0.0270847 0.0493992 -0.00262159 0.00595574 0.0284185 0.264062 -0.174125 0.049826 18.0793 -0.435842 -0.0685197 2.99011 -0.00402733 -0.0972308 -3.1018 -1.52161 -0.0900765 0.972137 -0.311295 0.08557 -0.00644583
214.776 0.0580147 0.34933 2.1763 2.59191 -0.259228 0.208115 0.0204646 0.359785 2.18318 2.5247 -0.274252 0.214332 -0.0375501 0.0104546 0.00688681 -0.0672075 -0.0150239 0.00621709 0.039582 3.86938 0.100668 0.347778 2.18455 2.61703 0.0207061 0.027368 0.0426533 -0.00155165 0.00825547 0.0251238 0.279934 -0.180747 0.0434725 19.0339 -0.43182 -0.0681951 2.99682 -0.00325705 -0.0963549 -3.10261 -1.51701 -0.0852534 0.979112 -0.328797 0.0900725 -0.0063952
215.076 0.0623941 0.348961 2.17601 2.59332 -0.271295 0.21385 0.023681 0.348866 2.1228 2.48701 -0.335376 0.238766 -0.0387132 -9.55404e-05 -0.053211 -0.106315 -0.064081 0.024916 0.0658037 6.88567 0.100285 0.348085 2.18724 2.61708 0.0209945 0.0272192 0.0378911 -0.000875869 0.0112284 0.02376 0.292289 -0.186631 0.0395295 19.8034 -0.428881 -0.0680249 3.00195 -0.00233824 -0.095905 -3.10319 -1.51347 -0.0823656 0.98434 -0.342828 0.0928565 -0.00643866
215.481 0.0670152 0.349379 2.17563 2.5941 -0.282606 0.219491 0.0305392 0.351946 2.1467 2.56032 -0.334006 0.258609 -0.036476 0.00256726 -0.0289272 -0.0337722 -0.0513998 0.0391175 0.0466248 3.84787 0.101795 0.348807 2.18877 2.61698 0.0209751 0.0275388 0.0347798 -0.000572455 0.0131479 0.0228819 0.303582 -0.191953 0.0371864 20.5061 -0.426019 -0.0678597 3.00713 -0.000987673 -0.0957576 -3.10372 -1.5099 -0.0801698 0.989517 -0.356613 0.0952548 -0.00657365
215.797 0.0707763 0.349994 2.17526 2.59459 -0.292676 0.224738 0.0363373 0.366514 2.21739 2.60643 -0.308175 0.241962 -0.034439 0.0165197 0.0421267 0.0118408 -0.0154992 0.0172241 0.0568648 1.61834 0.105601 0.349364 2.19068 2.617 0.0210137 0.0274864 0.0348246 -0.00063063 0.0154259 0.0224117 0.31369 -0.197252 0.0380934 21.1517 -0.423237 -0.0676337 3.01231 0.000303568 -0.0956607 -3.10418 -1.50631 -0.0786953 0.994611 -0.369097 0.0972918 -0.0068515
216.569 0.0722486 0.351556 2.1747 2.59531 -0.309398 0.234248 0.0415999 0.361432 2.18697 2.55625 -0.340516 0.247543 -0.0306487 0.00987586 0.0122656 -0.0390588 -0.0311186 0.013295 0.0344575 2.77093 0.109016 0.351328 2.19228 2.61706 0.0207322 0.0276843 0.036767 -0.000228037 0.0175799 0.0217594 0.33013 -0.206564 0.0407543 22.2227 -0.417036 -0.0665824 3.02426 0.00140287 -0.0954054 -3.10493 -1.49802 -0.0781395 1.00609 -0.389296 0.100624 -0.00805864
217.128 0.0675672 0.352654 2.17445 2.59589 -0.31121 0.236195 0.0357004 0.350027 2.11851 2.47531 -0.354169 0.278931 -0.0318668 -0.00262697 -0.0559413 -0.120586 -0.0429599 0.0427354 0.0644346 6.98022 0.111739 0.353991 2.19733 2.6172 0.020684 0.0276814 0.0441714 0.00133664 0.022877 0.0213057 0.331894 -0.208514 0.049762 22.3665 -0.411249 -0.0646636 3.03584 0.00175402 -0.0948819 -3.10521 -1.49 -0.081342 1.01667 -0.392173 0.100922 -0.00937743
218.665 0.0481322 0.357865 2.17391 2.60637 -0.243644 0.202728 0.0181306 0.354064 2.12022 2.56207 -0.340384 0.24063 -0.0300016 -0.00380025 -0.0536915 -0.0443007 -0.0967393 0.0379018 0.0616224 6.22063 0.123059 0.35972 2.21402 2.61676 0.0206847 0.0278461 0.0749272 0.00185519 0.0401077 0.0103861 0.264329 -0.174882 0.0850068 18.1164 -0.400002 -0.0575307 3.06032 0.00310746 -0.095441 -3.10406 -1.47457 -0.095502 1.03842 -0.319791 0.100145 -0.0154336
219.065 0.0426073 0.359801 2.17377 2.60711 -0.225687 0.194136 0.0159694 0.375905 2.22174 2.5622 -0.273341 0.217255 -0.0266378 0.0161038 0.0479648 -0.0449168 -0.047654 0.0231189 0.0571798 3.7613 0.124134 0.361554 2.21715 2.61671 0.0204862 0.0278925 0.0815271 0.00175301 0.0433737 0.00960147 0.246173 -0.166244 0.0923635 16.9834 -0.398162 -0.0558428 3.06484 0.0025858 -0.0961158 -3.10367 -1.47223 -0.0980804 1.04247 -0.299748 0.099052 -0.016546
219.477 0.0352341 0.361376 2.1738 2.60687 -0.204608 0.183926 0.00943059 0.390884 2.29762 2.6673 -0.243982 0.181297 -0.0258035 0.0295079 0.123819 0.0604273 -0.039374 -0.00262914 0.129876 4.10675 0.123498 0.363953 2.22094 2.61688 0.0205054 0.0279156 0.0882637 0.00257752 0.0471413 0.0100035 0.225114 -0.156011 0.100097 15.6622 -0.39574 -0.0535126 3.07085 0.00173667 -0.0966827 -3.10318 -1.46939 -0.101178 1.04797 -0.275846 0.0967341 -0.0174415
219.687 0.0319034 0.361276 2.17391 2.60657 -0.195905 0.179525 0.00328205 0.382785 2.24516 2.55766 -0.193011 0.184877 -0.0286214 0.0215085 0.0712447 -0.0489036 0.00289336 0.00535233 0.0797346 2.76414 0.1227 0.363986 2.22334 2.61695 0.0204873 0.028019 0.0907962 0.00270975 0.0494268 0.0103812 0.216392 -0.151506 0.103413 15.1071 -0.39453 -0.0523448 3.07381 0.00137081 -0.0966384 -3.10295 -1.4681 -0.102537 1.05075 -0.265831 0.0953793 -0.0176046
220.267 0.023584 0.36122 2.17446 2.60265 -0.176442 0.169206 -0.00680987 0.351088 2.08119 2.52736 -0.271211 0.221936 -0.0303939 -0.0101321 -0.0932735 -0.0752905 -0.0947691 0.0527306 0.0986225 7.16993 0.121379 0.3642 2.23316 2.61667 0.0207885 0.0278917 0.0977949 0.00297988 0.0586967 0.0140127 0.19723 -0.141314 0.114097 13.8807 -0.389702 -0.0479008 3.0853 0.0013508 -0.0970366 -3.10234 -1.4639 -0.106425 1.06211 -0.243894 0.0898272 -0.0167243
220.927 0.0225488 0.362588 2.17481 2.59604 -0.17915 0.171358 -0.00847607 0.382628 2.24424 2.55543 -0.199265 0.186132 -0.0310249 0.0200402 0.0694343 -0.0406082 -0.0201153 0.0147747 0.0786466 2.59178 0.121067 0.367605 2.23766 2.61655 0.0207926 0.0275986 0.0985183 0.00501708 0.062848 0.0205084 0.199942 -0.143759 0.116965 14.0959 -0.386062 -0.0448702 3.09363 0.0027232 -0.0983532 -3.10227 -1.46167 -0.107579 1.07082 -0.248654 0.0849167 -0.0155277
221.346 0.0229134 0.363094 2.17523 2.58913 -0.188894 0.178351 -0.00848657 0.384855 2.24579 2.55681 -0.196382 0.184687 -0.0314 0.0217608 0.0705566 -0.0323164 -0.00748791 0.00633677 0.0802355 1.86739 0.120397 0.369003 2.23622 2.61659 0.0207384 0.0276635 0.0974834 0.00590898 0.0609899 0.0274671 0.209632 -0.150687 0.115142 14.7889 -0.383567 -0.0429174 3.09913 0.00372765 -0.0991868 -3.10246 -1.46046 -0.107593 1.07667 -0.261542 0.0800488 -0.0150365
221.687 0.0231643 0.363051 2.17582 2.5813 -0.198911 0.18594 -0.00848657 0.384855 2.24579 2.55681 -0.196382 0.184687 -0.0316509 0.0218041 0.0699628 -0.0244858 0.00252884 -0.00125234 0.0798247 1.42601 0.118592 0.370008 2.23605 2.61653 0.0207624 0.0276875 0.0954272 0.00695696 0.0602252 0.0352309 0.219673 -0.158252 0.113057 15.5269 -0.381645 -0.0414434 3.10336 0.00431138 -0.0996062 -3.10274 -1.45955 -0.107221 1.081 -0.27454 0.0740189 -0.014608
222.575 0.0243721 0.365359 2.17899 2.53588 -0.228726 0.212632 -0.00844451 0.38431 2.23715 2.50639 -0.199643 0.202388 -0.0328166 0.0189513 0.0581608 -0.0294949 0.0290836 -0.0102444 0.0694173 2.52956 0.111167 0.375721 2.23907 2.61631 0.0209389 0.0277074 0.0867946 0.0103616 0.0600816 0.0804215 0.249665 -0.184925 0.106068 18.0891 -0.375697 -0.0367921 3.11733 0.00565869 -0.101179 -3.10398 -1.45559 -0.104172 1.09299 -0.314851 0.0359357 -0.00936466
223.281 0.0278895 0.369577 2.18219 2.48992 -0.239622 0.227143 -0.00548445 0.388044 2.24181 2.4645 -0.239381 0.228234 -0.0333739 0.0184668 0.0596199 -0.0254214 0.000241863 0.00109088 0.070777 1.44293 0.108409 0.380146 2.24124 2.6166 0.0210021 0.027864 0.0805192 0.0105696 0.0590563 0.126684 0.260624 -0.199279 0.100413 19.6645 -0.370986 -0.0326875 3.12881 0.00759933 -0.102532 -3.10497 -1.45083 -0.100163 1.1011 -0.333825 -0.0047616 -0.00137006
223.59 0.0285679 0.371618 2.18362 2.46922 -0.239452 0.230636 -0.00421203 0.370867 2.14291 2.43244 -0.297229 0.267475 -0.0327799 -0.000750905 -0.0407166 -0.0367769 -0.0577763 0.0368393 0.0522774 4.18236 0.107561 0.380881 2.24276 2.61672 0.0209521 0.0280607 0.0789931 0.00926309 0.0591376 0.147505 0.260405 -0.202575 0.0991109 20.1468 -0.368282 -0.0299834 3.13472 0.00806535 -0.103001 -3.10538 -1.44768 -0.0974111 1.1052 -0.336314 -0.0239893 0.00218556
224.21 0.0258807 0.373697 2.18485 2.45212 -0.231108 0.229105 -0.00519963 0.378059 2.16793 2.41783 -0.300735 0.292148 -0.0310803 0.00436198 -0.0169288 -0.0342946 -0.0696273 0.0630433 0.0356595 5.39296 0.102726 0.378859 2.24363 2.61677 0.020798 0.0284642 0.0768455 0.00516174 0.0587761 0.164647 0.251906 -0.200641 0.096884 20.1289 -0.364235 -0.0253655 3.14195 0.00705839 -0.10326 -3.10562 -1.44267 -0.0928569 1.11043 -0.327955 -0.0415318 0.00362333
224.995 0.0201103 0.37725 2.18488 2.44828 -0.210934 0.218787 -0.0107619 0.374168 2.1353 2.39253 -0.279137 0.247075 -0.0308722 -0.00308189 -0.049586 -0.0557493 -0.0682035 0.0282882 0.0584924 5.05796 0.0950683 0.379299 2.24803 2.61654 0.0206539 0.0287637 0.074958 0.002049 0.0631519 0.168261 0.231588 -0.190023 0.0980361 19.1399 -0.359559 -0.0194021 3.1483 0.00463494 -0.103984 -3.10535 -1.43638 -0.0871266 1.11522 -0.303479 -0.048117 0.000578721
228.753 0.0115162 0.374475 2.18581 2.46127 -0.0940589 0.115004 -0.0235339 0.398622 2.26323 2.46142 -0.105358 0.11849 -0.0350501 0.024147 0.077424 0.000150138 -0.0112989 0.00348578 0.0883519 0.67782 0.0701911 0.355524 2.28062 2.61632 0.0208911 0.02876 0.0586749 -0.0189506 0.0948143 0.155046 0.11495 -0.0862444 0.1131 11.9723 -0.333157 0.000328518 3.17619 -0.00665955 -0.103178 -3.10064 -1.41136 -0.0524664 1.14188 -0.137125 -0.05012 0.0093722
229.501 0.0194732 0.371852 2.18771 2.44797 -0.0755914 0.100678 -0.0157662 0.397692 2.27494 2.44222 -0.0658086 0.0937 -0.0352393 0.0258399 0.0872363 -0.00575678 0.00978285 -0.00697847 0.0975689 0.775312 0.0713294 0.352088 2.28423 2.61621 0.02086 0.0283816 0.0518563 -0.019764 0.096526 0.168235 0.0964514 -0.0722969 0.111342 11.7601 -0.329443 -0.00175691 3.17924 -0.0071914 -0.104103 -3.10038 -1.41269 -0.0451987 1.14596 -0.113212 -0.063811 0.0107026
229.926 0.0242163 0.370777 2.18877 2.43824 -0.0707642 0.0974786 -0.0116799 0.394745 2.26367 2.46479 -0.0992104 0.117172 -0.0358962 0.0239679 0.0748994 0.0265456 -0.0284462 0.0196936 0.086446 2.55619 0.0710999 0.350687 2.28544 2.61634 0.0208608 0.0281811 0.0468837 -0.0200899 0.0966638 0.178096 0.091625 -0.0692974 0.109296 12.0541 -0.32805 -0.00324885 3.18043 -0.00695894 -0.104619 -3.10043 -1.4137 -0.0423786 1.14748 -0.107884 -0.0731254 0.0111318
230.34 0.0312441 0.3701 2.19032 2.4222 -0.0681539 0.0965182 -0.00671828 0.388155 2.23748 2.38798 -0.0444578 0.105793 -0.0379624 0.0180545 0.0471569 -0.0342279 0.0236961 0.00927474 0.0631734 2.41946 0.071225 0.351073 2.28715 2.61623 0.0209403 0.0279957 0.0399809 -0.0190269 0.0968248 0.194027 0.0890942 -0.0685225 0.106469 12.7616 -0.32641 -0.00571989 3.18197 -0.00627507 -0.105629 -3.10065 -1.41533 -0.0391031 1.14934 -0.106054 -0.0882619 0.0117919
230.691 0.0363163 0.369475 2.1916 2.40853 -0.0689496 0.0980367 -0.000800141 0.386288 2.22675 2.37478 -0.0968651 0.114882 -0.0371164 0.0168129 0.0351534 -0.0337439 -0.0279155 0.0168454 0.0538151 2.63032 0.0701009 0.351769 2.28762 2.61629 0.0208639 0.0279061 0.0337846 -0.0177065 0.0960171 0.207763 0.0898135 -0.0701307 0.103316 13.4857 -0.325357 -0.00787216 3.18309 -0.00577842 -0.106311 -3.10092 -1.41668 -0.0370975 1.15061 -0.108252 -0.101148 0.0124749
231.126 0.0406103 0.368597 2.19289 2.39465 -0.0720156 0.10124 0.00407026 0.393998 2.28239 2.42008 -0.0297616 0.0718287 -0.0365401 0.025401 0.0895016 0.0254343 0.042254 -0.0294116 0.0999546 3.25173 0.06902 0.354439 2.2899 2.61653 0.0207081 0.0279806 0.0284097 -0.014158 0.0970083 0.221879 0.0927237 -0.0732596 0.102069 14.301 -0.324463 -0.0102282 3.18411 -0.00551397 -0.106861 -3.10128 -1.41812 -0.035559 1.15178 -0.113081 -0.11421 0.0134011
231.455 0.0445339 0.367543 2.19408 2.38187 -0.0766295 0.105462 0.00921785 0.3976 2.30898 2.40449 -0.0782211 0.0974357 -0.035316 0.0300569 0.114895 0.0226269 -0.00159161 -0.0080265 0.123901 1.34465 0.0687237 0.358844 2.29496 2.61658 0.0206112 0.027847 0.0241898 -0.00869943 0.10088 0.234708 0.0972407 -0.0776152 0.104103 15.1016 -0.323738 -0.0127517 3.18502 -0.00525023 -0.107321 -3.1017 -1.41965 -0.0345397 1.15293 -0.119787 -0.126127 0.0145872
233.64 0.0591344 0.365079 2.19544 2.36918 -0.0762393 0.103275 0.0272267 0.390832 2.293 2.39084 -0.126237 0.105464 -0.0319077 0.0257529 0.0975559 0.0216595 -0.0499976 0.00218946 0.105823 3.12938 0.0788713 0.37161 2.30797 2.61634 0.0208658 0.0280773 0.0197369 0.00653029 0.112533 0.247164 0.0971051 -0.0751973 0.114437 15.6977 -0.32424 -0.0355971 3.19401 -0.00365672 -0.112078 -3.10421 -1.43267 -0.0438619 1.16759 -0.120075 -0.134015 0.0153243

235.298 0.0574792 0.364903 2.19287 2.40358 -0.0288388 0.068601 0.0259445 0.388403 2.27302 2.41182 -0.0785971 0.0800562 -0.0315347 0.0235002 0.0801544 0.00823401 -0.0497583 0.0114552 0.0892829 2.96887 0.0872234 0.384154 2.30106 2.61676 0.0207758 0.0276476 0.0297442 0.0192507 0.108199 0.213179 0.0496146 -0.0409534 0.113852 12.7472 -0.326462 -0.0513891 3.19714 -0.00426726 -0.114867 -3.10307 -1.44009 -0.0597127 1.17574 -0.0600936 -0.0994264 0.00609484
235.91 0.112768 0.358983 2.19221 2.40804 0.00435759 0.0616795 0.0344159 0.383065 2.24779 2.36898 -0.0152888 0.0522839 -0.0783517 0.0240823 0.0555795 -0.0390661 -0.0196464 -0.00939562 0.0990355 2.56521 0.149632 0.383767 2.29625 2.61818 0.0241771 0.0262577 0.0368646 0.0247835 0.104037 0.210138 0.0198195 -0.0354218 0.113124 12.2902 -0.326381 -0.0581383 3.2004 0.0178019 -0.113689 -3.0949 -1.44255 -0.066548 1.18045 -0.0510767 -0.0980401 0.0014806
236.823 0.268068 0.341989 2.18426 2.40534 0.115526 0.101305 0.208163 0.370506 2.29123 2.4172 0.0601356 0.0729736 -0.0599047 0.0285168 0.106974 0.0118618 -0.0553904 -0.0283315 0.125878 3.65538 0.324361 0.374675 2.28828 2.61981 0.0227559 0.0296609 0.0562925 0.032686 0.104016 0.214471 -0.0927701 -0.0716442 0.122705 14.244 -0.327033 -0.054475 3.2081 0.0621939 -0.107294 -3.03087 -1.44417 -0.071124 1.18795 -0.0274858 -0.117648 -0.0293827
237.22 0.299057 0.342804 2.18078 2.40763 0.150322 0.12499 0.243159 0.362517 2.25424 2.40557 0.125883 0.0950725 -0.055898 0.0197135 0.0734548 -0.00206057 -0.0244391 -0.0299175 0.0943866 2.20389 0.360198 0.378007 2.28341 2.61999 0.0244082 0.0323417 0.0611411 0.0352032 0.102626 0.212355 -0.125914 -0.0926482 0.124538 15.4662 -0.328168 -0.0470323 3.2102 0.065229 -0.106963 -3.00258 -1.44463 -0.0704829 1.18968 -0.0155439 -0.120196 -0.0411683
237.91 0.369564 0.352312 2.16937 2.4204 0.229895 0.173066 0.313138 0.368382 2.24803 2.3966 0.213863 0.132336 -0.0564268 0.0160697 0.0786585 -0.0238061 -0.0160321 -0.0407306 0.0981294 2.59782 0.446163 0.391488 2.25911 2.62046 0.0247983 0.0334049 0.076599 0.0391758 0.0897399 0.200051 -0.205096 -0.139661 0.12432 18.8665 -0.333656 -0.0159532 3.21415 0.0706371 -0.107783 -2.92567 -1.44594 -0.0638649 1.19249 0.0175224 -0.11682 -0.0518115
238.311 0.39991 0.356925 2.16317 2.43067 0.260585 0.187948 0.348906 0.373587 2.23801 2.43982 0.224305 0.179656 -0.0510033 0.0166619 0.074838 0.00914645 -0.0362798 -0.0082923 0.0920852 2.22282 0.483904 0.396793 2.24645 2.62112 0.0270367 0.0363982 0.0839938 0.0398681 0.0832781 0.190448 -0.233548 -0.15155 0.124819 19.991 -0.337459 0.00357014 3.21501 0.0730983 -0.107765 -2.88902 -1.44683 -0.0584081 1.19293 0.0323444 -0.110102 -0.0457134
238.637 0.427342 0.362036 2.15666 2.44395 0.287544 0.200042 0.38505 0.380395 2.24366 2.38703 0.248952 0.176416 -0.0422915 0.0183596 0.0870003 -0.0569224 -0.0385919 -0.0236253 0.0984616 3.87505 0.521433 0.404618 2.23039 2.62061 0.0223226 0.0308679 0.0940908 0.0425829 0.0737286 0.176651 -0.265221 -0.169174 0.126895 21.361 -0.342294 0.0270049 3.21519 0.0745521 -0.107601 -2.85084 -1.4481 -0.0511136 1.1928 0.0467452 -0.0996563 -0.0332826
239.016 0.451461 0.367487 2.15007 2.46 0.311542 0.209902 0.416858 0.386861 2.23562 2.45913 0.273014 0.206066 -0.0346038 0.019373 0.0855424 -0.000864533 -0.0385277 -0.00383559 0.0942881 2.21753 0.553948 0.41145 2.21617 2.62117 0.0248593 0.0351885 0.102486 0.0439628 0.0660978 0.161173 -0.286682 -0.174713 0.129635 22.0196 -0.348294 0.0544476 3.21465 0.0749681 -0.107262 -2.81151 -1.44985 -0.0417458 1.19207 0.0610111 -0.0857856 -0.0157857
240.414 0.505313 0.41242 2.12091 2.59331 0.430075 0.293893 0.484404 0.422723 2.14978 2.60678 0.320965 0.319317 -0.020909 0.0103025 0.0288671 0.013468 -0.109109 0.0254236 0.0371031 6.40083 0.649308 0.489813 2.13093 2.6201 0.022479 0.0364138 0.143995 0.077393 0.0100178 0.0267883 -0.407596 -0.25748 0.163782 27.7946 -0.438025 0.374007 3.19619 0.0462341 -0.101586 -2.53062 -1.48523 0.108842 1.17102 0.144328 0.0361649 0.14028
240.598 0.4926 0.41842 2.12133 2.613 0.420508 0.316598 0.472628 0.429761 2.14745 2.59795 0.318893 0.317879 -0.0199722 0.0113408 0.0261226 -0.0150538 -0.101615 0.00128157 0.0347836 5.88989 0.634965 0.503719 2.12692 2.61958 0.0211718 0.0341474 0.142365 0.0852989 0.00559058 0.00658429 -0.399336 -0.28245 0.166057 28.0132 -0.463774 0.451118 3.19171 0.0370345 -0.10023 -2.48996 -1.49736 0.152943 1.16533 0.133773 0.0511622 0.169066
240.743 0.48022 0.420859 2.12278 2.62556 0.401243 0.333733 0.460847 0.433008 2.14499 2.59113 0.315225 0.317206 -0.019373 0.0121497 0.0222086 -0.0344309 -0.0860182 -0.0165269 0.0318771 5.26924 0.626266 0.511192 2.1269 2.6194 0.0204076 0.0333472 0.146046 0.0903335 0.00412153 -0.00616409 -0.380836 -0.300386 0.171774 27.6822 -0.484812 0.511708 3.18851 0.0302648 -0.098752 -2.46273 -1.50769 0.189078 1.16101 0.115715 0.0591713 0.19278
240.872 0.466508 0.420644 2.12506 2.63663 0.371471 0.350291 0.441434 0.43045 2.1232 2.57594 0.250609 0.354547 -0.025074 0.00980553 -0.00185105 -0.0606903 -0.120862 0.00425559 0.0269867 7.78525 0.60699 0.515064 2.1278 2.61939 0.020441 0.0334564 0.140481 0.0944195 0.00274616 -0.0172423 -0.35103 -0.316835 0.169286 26.9184 -0.507225 0.574311 3.18557 0.0238692 -0.0964728 -2.43821 -1.51904 0.227641 1.15684 0.0890613 0.0647995 0.218711
241.003 0.451904 0.418286 2.12787 2.6462 0.332657 0.365681 0.429834 0.432957 2.1446 2.63545 0.335988 0.350415 -0.0220699 0.0146709 0.0167235 -0.0107515 0.00333059 -0.0152656 0.0313367 0.909567 0.590066 0.518318 2.1308 2.61906 0.0196467 0.0317903 0.138163 0.100032 0.00292705 -0.027144 -0.313011 -0.33389 0.170598 26.01 -0.530923 0.638595 3.18295 0.0180065 -0.093654 -2.41615 -1.53142 0.268456 1.15298 0.0549902 0.0688335 0.246907
241.16 0.429032 0.414565 2.13227 2.65565 0.26949 0.383334 0.413305 0.430426 2.1508 2.59623 0.309591 0.389447 -0.0157267 0.0158616 0.0185306 -0.0594238 0.0401011 0.00611298 0.0290225 4.20393 0.560233 0.515959 2.13703 2.61871 0.0182124 0.0308797 0.1312 0.101394 0.004765 -0.0369449 -0.251277 -0.352454 0.165883 24.5978 -0.564376 0.726357 3.18005 0.00976026 -0.0901086 -2.39045 -1.54947 0.326069 1.14853 0.00134485 0.0731863 0.287529
241.288 0.409632 0.411531 2.13585 2.66013 0.216676 0.39414 0.392569 0.426482 2.14986 2.56552 0.234261 0.397337 -0.0170629 0.0149513 0.0140097 -0.094608 0.0175859 0.00319787 0.0266638 5.55654 0.535221 0.516417 2.14226 2.61817 0.0165065 0.0287369 0.125589 0.104886 0.00641898 -0.0419516 -0.200169 -0.365403 0.163753 23.714 -0.590725 0.793292 3.1784 0.00328551 -0.0876478 -2.3737 -1.56407 0.371423 1.14585 -0.0422583 0.0760025 0.319488
241.581 0.363084 0.404135 2.14418 2.6588 0.0917936 0.411717 0.354401 0.426356 2.19157 2.68251 0.0761709 0.412895 -0.00868354 0.0222217 0.0473873 0.0237056 -0.0156227 0.00117854 0.0530543 1.62341 0.469798 0.502999 2.15342 2.61768 0.0149956 0.0266502 0.106714 0.0988642 0.00923685 -0.0411226 -0.076798 -0.385067 0.145765 22.4903 -0.65563 0.951256 3.17715 -0.0106062 -0.0824027 -2.34143 -1.60092 0.483162 1.14194 -0.142892 0.0768848 0.39451
241.73 0.341925 0.401192 2.14788 2.65298 0.0433521 0.417144 0.336399 0.429134 2.23082 2.66676 0.0608192 0.406716 -0.00552607 0.0279417 0.0829372 0.0137848 0.0174671 -0.0104288 0.0876919 1.42519 0.446299 0.497911 2.15574 2.6171 0.0137245 0.0230743 0.104373 0.0967186 0.00786261 -0.0358737 -0.0296276 -0.39407 0.142513 22.675 -0.684581 1.01899 3.17771 -0.0162685 -0.0804831 -2.32991 -1.61762 0.533015 1.14109 -0.181479 0.0740051 0.425133
241.884 0.323471 0.398959 2.1509 2.64529 -0.00170535 0.42133 0.307813 0.419013 2.19313 2.65912 0.00183734 0.427938 -0.0156578 0.0200537 0.0422273 0.0138263 0.0035427 0.00660806 0.0492997 0.901355 0.41603 0.485526 2.16041 2.61719 0.0133478 0.0233986 0.0925592 0.0865669 0.00951248 -0.0281006 0.0150532 -0.397931 0.127089 22.8625 -0.714005 1.08636 3.1787 -0.0211818 -0.078639 -2.31943 -1.63477 0.583616 1.14056 -0.215995 0.0699961 0.454001
242.171 0.288862 0.394738 2.15618 2.62888 -0.0816682 0.4271 0.27256 0.415378 2.20965 2.58503 -0.0605207 0.427087 -0.0163021 0.0206397 0.053461 -0.0438488 0.0211475 -1.33084e-05 0.0595805 2.78923 0.371494 0.46195 2.1705 2.61653 0.00928821 0.0154163 0.082632 0.0672117 0.0143201 -0.0123477 0.0909565 -0.411684 0.107473 24.1838 -0.783771 1.24087 3.1813 -0.027641 -0.075503 -2.29774 -1.67629 0.702706 1.1398 -0.279215 0.0618308 0.512246
242.304 0.271478 0.394828 2.15817 2.62242 -0.107892 0.429741 0.255559 0.416569 2.22079 2.61373 -0.121664 0.425645 -0.0159187 0.0217419 0.0626196 -0.00869599 -0.0137719 -0.00409569 0.0681714 0.975985 0.350267 0.453406 2.17727 2.61626 0.00695589 0.0126652 0.0787889 0.0585785 0.0191006 -0.00616294 0.114848 -0.417076 0.10002 24.7931 -0.813939 1.30558 3.18223 -0.0314581 -0.0750895 -2.28921 -1.69456 0.753426 1.13947 -0.298946 0.0597328 0.53283
242.442 0.255054 0.39529 2.15973 2.61714 -0.130104 0.432031 0.235221 0.415818 2.21192 2.56149 -0.11614 0.441112 -0.0198325 0.0205285 0.0521961 -0.0556522 0.0139635 0.00908088 0.059491 3.26651 0.326513 0.446809 2.18201 2.61626 0.00619298 0.0121532 0.0714592 0.051519 0.0222802 -0.000881791 0.136297 -0.419878 0.0908682 25.2782 -0.844096 1.3692 3.18304 -0.0350757 -0.0748461 -2.28102 -1.71298 0.803509 1.13918 -0.315122 0.0585988 0.551056
242.68 0.229302 0.39338 2.16214 2.61216 -0.158745 0.433935 0.216202 0.413518 2.2149 2.59726 -0.138248 0.430038 -0.0131002 0.020139 0.0527593 -0.0148998 0.0204964 -0.00389707 0.0579719 1.48806 0.301247 0.435764 2.19089 2.61658 0.00566817 0.0100046 0.0719444 0.0423842 0.0287483 0.00441392 0.164413 -0.42393 0.0883113 26.0097 -0.893937 1.4724 3.18393 -0.0401752 -0.0737324 -2.26807 -1.74386 0.884907 1.13875 -0.33483 0.0586731 0.577564
243.889 0.220823 0.388311 2.16861 2.56446 -0.0797231 0.371502 0.178508 0.390909 2.08942 2.53944 -0.204712 0.43978 -0.0423148 0.00259746 -0.0791888 -0.0250205 -0.124989 0.0682783 0.0898229 8.18719 0.291185 0.421506 2.2307 2.617 0.00751935 0.00908862 0.0703619 0.0331944 0.0620845 0.052541 0.0872425 -0.362413 0.0995347 21.4553 -1.0199 1.72099 3.18542 -0.0338876 -0.0675631 -2.2261 -1.82479 1.09217 1.12873 -0.238507 0.00134914 0.646219
244.186 0.229455 0.38425 2.16866 2.56521 -0.0700351 0.365521 0.200129 0.415785 2.2749 2.59732 -0.119623 0.381069 -0.0293259 0.0315344 0.106242 0.0321089 -0.0495879 0.0155479 0.114638 3.54398 0.306188 0.416137 2.23588 2.61703 0.00804483 0.00952128 0.0767336 0.0318869 0.0672144 0.0518115 0.0780799 -0.356 0.106877 20.9955 -1.04852 1.77421 3.18672 -0.0296246 -0.0649783 -2.21218 -1.84328 1.13564 1.1288 -0.230547 -0.00203117 0.660042
244.89 0.259343 0.381147 2.16652 2.56995 -0.0559376 0.365847 0.221828 0.402335 2.23382 2.56651 -0.0631104 0.362021 -0.0375144 0.0211876 0.0672951 -0.00344744 -0.00717275 -0.00382628 0.0799055 0.51129 0.341924 0.408806 2.23846 2.61647 0.00643828 0.00754431 0.0825816 0.0276591 0.0719395 0.0465165 0.0623759 -0.358303 0.11296 20.938 -1.11649 1.89263 3.19235 -0.0180177 -0.061269 -2.17154 -1.88603 1.23087 1.13194 -0.229014 -0.0059278 0.692803
245.719 0.311417 0.390041 2.16038 2.56747 -0.0216984 0.383554 0.281526 0.41188 2.24323 2.58308 -0.0381641 0.358432 -0.0298907 0.0218383 0.082853 0.0156113 -0.0164657 -0.025122 0.0907468 1.91949 0.402576 0.405709 2.23436 2.61632 0.00789904 0.0087453 0.0911595 0.0156679 0.0739798 0.0488464 0.0295974 -0.374809 0.118442 21.7008 -1.20991 2.03465 3.20332 -0.00226949 -0.0598617 -2.10274 -1.94156 1.34275 1.1379 -0.224038 -0.0210505 0.730443
246.018 0.322361 0.396662 2.1586 2.56254 -0.00680693 0.393975 0.296319 0.417452 2.23657 2.54109 -0.0252211 0.371726 -0.0260425 0.0207898 0.0779657 -0.0214496 -0.0184142 -0.0222494 0.0847884 2.07339 0.414221 0.406905 2.23198 2.61605 0.0100994 0.0126478 0.0918597 0.0102427 0.073376 0.0535042 0.0169063 -0.381327 0.118013 22.0859 -1.24343 2.0799 3.20737 -0.000672347 -0.0603342 -2.07661 -1.96061 1.37764 1.13972 -0.218501 -0.0294616 0.741091
246.285 0.335323 0.406833 2.15648 2.55421 0.0174984 0.408272 0.307404 0.426718 2.23898 2.54935 -0.00113943 0.419898 -0.0279188 0.0198851 0.0825009 -0.0048615 -0.0186378 0.0116263 0.089338 1.29028 0.431641 0.409348 2.23059 2.61583 0.0111335 0.0138002 0.0963182 0.00251506 0.0741034 0.0616142 -0.00636483 -0.394472 0.121552 22.9248 -1.29028 2.13881 3.21264 0.00106387 -0.0614808 -2.04023 -1.98678 1.42247 1.14172 -0.207213 -0.0425858 0.754966
246.576 0.348657 0.417001 2.1541 2.54511 0.0454703 0.419929 0.318457 0.432338 2.2278 2.55183 0.0521304 0.40672 -0.0301998 0.0153366 0.073703 0.0067187 0.00666015 -0.0132081 0.0811133 0.945847 0.451055 0.414488 2.22676 2.61602 0.00753535 0.00943884 0.102398 -0.00251308 0.0726666 0.0709134 -0.0379349 -0.41049 0.125587 24.0657 -1.33965 2.19615 3.21739 0.00277409 -0.0624384 -2.00251 -2.01416 1.46546 1.1431 -0.191371 -0.0564996 0.769845
247.348 0.375253 0.431207 2.14935 2.53419 0.0980593 0.431241 0.340163 0.448919 2.22305 2.56043 0.0303028 0.445602 -0.0350902 0.0177126 0.0736924 0.0262404 -0.0677565 0.0143609 0.0835202 4.22475 0.490093 0.426282 2.2208 2.61667 0.0111033 0.0128703 0.11484 -0.004925 0.0714503 0.0824852 -0.0869559 -0.41837 0.135343 25.1679 -1.4324 2.29295 3.22364 0.00818834 -0.0633379 -1.93494 -2.06622 1.53644 1.14428 -0.157346 -0.0760414 0.801621
247.682 0.387532 0.433409 2.14731 2.53423 0.118896 0.433701 0.356714 0.455786 2.22369 2.51424 0.0736318 0.419308 -0.0308174 0.0223766 0.0763782 -0.0199868 -0.0452644 -0.0143927 0.0853466 2.92155 0.512239 0.432264 2.21535 2.6171 0.00788471 0.00948337 0.124707 -0.00114514 0.0680341 0.0828704 -0.111012 -0.424217 0.142063 25.8348 -1.47482 2.33313 3.22538 0.0109909 -0.0623567 -1.90527 -2.09058 1.5652 1.14448 -0.142736 -0.0803628 0.817869
248.306 0.410486 0.432644 2.1434 2.54336 0.153816 0.43871 0.386834 0.459923 2.22968 2.523 0.135138 0.426823 -0.0236515 0.0272791 0.0862851 -0.0203611 -0.0186778 -0.0118871 0.0935342 1.65564 0.560098 0.437565 2.21034 2.6173 0.00374666 0.00523726 0.149612 0.00492019 0.0669391 0.0739441 -0.150069 -0.433472 0.163978 26.9038 -1.56515 2.41106 3.22729 0.0156697 -0.0585928 -1.84417 -2.14382 1.61985 1.14461 -0.117408 -0.080446 0.85473
248.595 0.415 0.432246 2.14252 2.54683 0.161765 0.441429 0.393533 0.455305 2.20747 2.52016 0.180712 0.415277 -0.0214663 0.0230582 0.0649537 -0.0266697 0.018947 -0.0261523 0.0721905 2.23125 0.56192 0.434901 2.21188 2.61787 0.00684544 0.0104098 0.14692 0.00265444 0.069359 0.0710384 -0.15492 -0.431019 0.162491 26.8451 -1.59703 2.43623 3.22773 0.0157531 -0.0572327 -1.82364 -2.16296 1.6373 1.14463 -0.11128 -0.079447 0.868214
249.29 0.436305 0.432828 2.13836 2.5564 0.179568 0.455485 0.408514 0.452457 2.18446 2.53774 0.198475 0.442985 -0.027791 0.019629 0.046106 -0.0186599 0.0189076 -0.0125001 0.057301 1.59422 0.602491 0.443391 2.19957 2.61767 0.00457046 0.00649247 0.166186 0.0105638 0.0612132 0.06127 -0.174997 -0.448992 0.177416 28.0953 -1.71586 2.52044 3.22967 0.0185562 -0.0533493 -1.7511 -2.23576 1.6958 1.1448 -0.103268 -0.0793306 0.918748
249.934 0.457722 0.441882 2.13367 2.55308 0.186175 0.477667 0.43328 0.462095 2.19849 2.51299 0.166161 0.467599 -0.0244422 0.0202132 0.0648141 -0.0400908 -0.0200138 -0.0100682 0.0721586 2.5416 0.630762 0.456066 2.18661 2.61767 0.00900785 0.0120865 0.17304 0.0141845 0.0529415 0.0645885 -0.177167 -0.465581 0.181512 29.0766 -1.84656 2.59763 3.23281 0.0219436 -0.0524278 -1.67832 -2.31833 1.7513 1.14445 -0.110736 -0.0915091 0.971349
250.602 0.474803 0.465775 2.12823 2.53271 0.18334 0.510637 0.461587 0.490108 2.24259 2.61511 0.144815 0.499989 -0.0132152 0.0243334 0.114361 0.0823983 -0.038525 -0.0106483 0.117665 5.33583 0.664166 0.482499 2.16718 2.6167 0.00540822 0.00733351 0.189364 0.0167238 0.0389434 0.0839849 -0.177932 -0.503304 0.194049 31.3386 -2.01103 2.67628 3.23736 0.0221929 -0.0550555 -1.59593 -2.42576 1.81183 1.14253 -0.13044 -0.118434 1.03149
251.626 0.48156 0.491949 2.12452 2.50667 0.16537 0.552426 0.458918 0.507254 2.17388 2.49649 0.135023 0.555194 -0.0226417 0.0153046 0.0493577 -0.0101772 -0.0303473 0.00276798 0.0564186 1.84822 0.674348 0.50554 2.14275 2.61749 0.00437698 0.00679706 0.192788 0.0135906 0.01823 0.110821 -0.160993 -0.545629 0.194125 33.6632 -2.21458 2.75228 3.24127 0.0186644 -0.0556001 -1.50537 -2.56357 1.87612 1.13727 -0.16379 -0.152498 1.10348
251.962 0.485141 0.498504 2.12325 2.49957 0.157102 0.565552 0.463207 0.515401 2.17621 2.49586 0.138972 0.554577 -0.0219336 0.0168967 0.0529557 -0.00370994 -0.0181301 -0.0109755 0.0597569 1.2166 0.673904 0.506371 2.13786 2.61807 0.00761584 0.0114958 0.188763 0.00786652 0.0146036 0.118494 -0.149486 -0.554056 0.189491 34.0521 -2.28642 2.77456 3.24191 0.01841 -0.0544157 -1.47525 -2.61334 1.89661 1.13455 -0.176705 -0.163383 1.1296
252.664 0.490887 0.51404 2.12017 2.48662 0.140017 0.588718 0.470016 0.534559 2.17689 2.46256 0.159174 0.587563 -0.0208716 0.0205193 0.0567162 -0.0240599 0.0191568 -0.00115509 0.0638232 1.75569 0.684201 0.515189 2.11927 2.61799 0.00515224 0.00784552 0.193314 0.00114905 -0.000904933 0.131372 -0.134865 -0.580873 0.19332 35.4545 -2.43568 2.81415 3.24204 0.0175673 -0.0522667 -1.41507 -2.71835 1.93604 1.12748 -0.201487 -0.182375 1.18445
253.677 0.498603 0.542736 2.11324 2.47745 0.120276 0.621552 0.489761 0.567541 2.20143 2.45761 0.138071 0.597625 -0.00884168 0.0248048 0.0881967 -0.0198346 0.0177954 -0.0239277 0.0920441 1.95164 0.688522 0.529186 2.08947 2.61818 0.00338813 0.0062282 0.18992 -0.0135502 -0.0237637 0.140732 -0.116888 -0.615324 0.19188 37.2077 -2.72732 2.86784 3.23832 0.0170778 -0.045747 -1.30274 -2.92834 2.00161 1.10917 -0.23111 -0.203734 1.28555
253.993 0.494572 0.551723 2.11196 2.47759 0.116577 0.629696 0.482267 0.571641 2.18036 2.46044 0.115181 0.635082 -0.012305 0.0199187 0.0683973 -0.0171428 -0.0013959 0.00538645 0.0722936 1.06606 0.677312 0.536144 2.08549 2.61855 0.00607395 0.0116806 0.182741 -0.0155788 -0.0264692 0.140959 -0.110503 -0.618015 0.185304 37.2934 -2.81057 2.87783 3.23661 0.0148484 -0.0437753 -1.27188 -2.98903 2.01752 1.10323 -0.235231 -0.205983 1.31188
254.958 0.472296 0.581112 2.10843 2.4854 0.107785 0.648527 0.458552 0.603563 2.17201 2.44815 0.159772 0.618349 -0.0137439 0.0224508 0.0635821 -0.0372502 0.0519874 -0.030178 0.0688159 3.92815 0.643036 0.547994 2.07792 2.61815 0.00813114 0.0167756 0.17074 -0.0331178 -0.0305088 0.132758 -0.0996538 -0.631752 0.176578 37.8087 -3.06737 2.89511 3.2307 0.00528352 -0.0381017 -1.17969 -3.17823 2.05843 1.0847 -0.240153 -0.202331 1.39048
255.323 0.461426 0.596869 2.10541 2.49419 0.106707 0.653257 0.450339 0.6176 2.17778 2.47218 0.0959101 0.655071 -0.0110874 0.0207315 0.0723786 -0.0220087 -0.0107968 0.00181406 0.0761012 1.41776 0.642612 0.553024 2.07394 2.61753 0.00247983 0.00399245 0.181186 -0.0438447 -0.0314649 0.123348 -0.104227 -0.649264 0.189052 38.6664 -3.21299 2.89651 3.22715 0.00275739 -0.0356271 -1.12873 -3.28707 2.07593 1.07445 -0.239283 -0.1956 1.43654
255.655 0.460466 0.60765 2.10226 2.50012 0.106703 0.652529 0.449786 0.634593 2.19366 2.4997 0.0856932 0.643688 -0.0106801 0.0269429 0.0913956 -0.000425808 -0.0210097 -0.00884131 0.0958809 1.30536 0.633117 0.552901 2.07552 2.61758 0.00310765 0.00533199 0.172651 -0.0547488 -0.026748 0.117456 -0.103595 -0.647197 0.183088 38.4721 -3.30096 2.89459 3.22498 0.00277752 -0.034306 -1.09818 -3.35334 2.08437 1.06843 -0.237992 -0.190859 1.46525
256.274 0.450388 0.624423 2.09792 2.51417 0.108568 0.650758 0.440584 0.653446 2.1766 2.54035 0.0913256 0.654065 -0.00980351 0.029023 0.0786834 0.0261764 -0.0172422 0.00330779 0.0844365 1.79013 0.625865 0.559085 2.08093 2.61759 0.00324121 0.00532177 0.175478 -0.0653373 -0.0169874 0.103418 -0.105327 -0.645436 0.188016 38.224 -3.47781 2.88459 3.22062 0.00208773 -0.0316773 -1.03738 -3.48749 2.09592 1.0571 -0.232703 -0.178486 1.52372
256.615 0.442255 0.635444 2.09526 2.52507 0.108653 0.64655 0.438679 0.66827 2.19111 2.49648 0.135046 0.626453 -0.00357604 0.0328258 0.0958576 -0.0285963 0.0263931 -0.0200974 0.101385 2.41622 0.61466 0.563037 2.08485 2.61747 0.00173803 0.00353336 0.172404 -0.0724068 -0.0104075 0.092394 -0.106915 -0.643017 0.187281 37.9753 -3.59607 2.87341 3.21782 -0.000325152 -0.0294747 -0.997298 -3.57773 2.09923 1.05041 -0.227164 -0.167454 1.56275
256.915 0.434241 0.64003 2.09427 2.53444 0.110195 0.643877 0.422011 0.663713 2.1546 2.48888 0.0999909 0.644264 -0.0122298 0.0236838 0.0603272 -0.0455657 -0.0102043 0.000386937 0.0659535 2.67766 0.601588 0.563699 2.08745 2.6181 0.00582468 0.00970492 0.167347 -0.0763306 -0.00682467 0.0836597 -0.104371 -0.634172 0.184059 37.3791 -3.68472 2.8627 3.2159 -0.0015627 -0.0275208 -0.967427 -3.64563 2.09927 1.04596 -0.221954 -0.158472 1.59208
257.283 0.431792 0.645159 2.09233 2.54377 0.112133 0.638716 0.419223 0.675949 2.16962 2.53547 0.132395 0.639581 -0.0125683 0.0307905 0.0772905 -0.0083025 0.0202621 0.000865419 0.0841418 1.25803 0.601573 0.566368 2.08835 2.61755 0.00133602 0.00235715 0.169781 -0.0787907 -0.00398147 0.0737764 -0.110797 -0.636358 0.187215 37.4572 -3.77318 2.85003 3.21424 -0.00173662 -0.0254093 -0.937627 -3.71353 2.09719 1.04202 -0.216418 -0.150015 1.62165
257.598 0.427771 0.648277 2.09121 2.55196 0.11495 0.634226 0.406378 0.66821 2.12696 2.52495 0.0966958 0.633601 -0.0213935 0.0199336 0.0357549 -0.027008 -0.0182537 -0.000625262 0.0461893 1.86488 0.589912 0.562181 2.09403 2.61792 0.0031673 0.00490674 0.162141 -0.0860962 0.0028231 0.0659658 -0.111782 -0.62932 0.183604 37.0092 -3.86132 2.83537 3.21293 -0.00165341 -0.0233441 -0.907946 -3.78132 2.09299 1.0386 -0.210535 -0.142846 1.65158
257.873 0.423485 0.650954 2.09015 2.56067 0.120014 0.626797 0.40274 0.672057 2.12738 2.52227 0.0976865 0.633226 -0.0207446 0.0211028 0.0372331 -0.0384031 -0.0223274 0.00642864 0.0475602 2.60564 0.581775 0.566153 2.09354 2.61826 0.00482904 0.00683619 0.158291 -0.084801 0.00339355 0.0575855 -0.115185 -0.619961 0.179607 36.4562 -3.97818 2.81271 3.21169 -0.00125581 -0.020456 -0.868625 -3.87141 2.08401 1.0348 -0.201137 -0.135398 1.69215
258.172 0.420283 0.651259 2.08993 2.56589 0.126213 0.620329 0.399222 0.674256 2.12847 2.52159 0.100419 0.631593 -0.0210613 0.0229965 0.0385324 -0.0442939 -0.0257943 0.011264 0.0495698 3.06784 0.581563 0.566465 2.09454 2.61762 0.0010752 0.00165566 0.16128 -0.0847949 0.00460838 0.0517357 -0.125138 -0.618673 0.182271 36.4437 -4.0652 2.79334 3.21111 -0.000470493 -0.0182893 -0.839211 -3.93869 2.07471 1.03246 -0.19174 -0.131269 1.72307
258.5 0.415211 0.652875 2.08991 2.56826 0.132799 0.611101 0.399754 0.6803 2.14152 2.57398 0.128939 0.628462 -0.0154575 0.0274247 0.0516123 0.00571743 -0.0038604 0.0173608 0.0604556 1.02984 0.567319 0.55988 2.0994 2.6178 0.00251179 0.00520665 0.152108 -0.0929951 0.00949282 0.0495386 -0.130287 -0.605895 0.178536 35.7811 -4.15156 2.7719 3.21081 -0.00187902 -0.0161338 -0.810165 -4.00566 2.06317 1.03053 -0.179545 -0.128138 1.75443
259.468 0.401285 0.652235 2.09109 2.57115 0.174196 0.563249 0.380245 0.678887 2.13738 2.51432 0.168594 0.576447 -0.0210398 0.0266526 0.0462888 -0.0568297 -0.00560144 0.0131977 0.0574081 3.48088 0.545679 0.543896 2.09713 2.61744 0.00197734 0.00423517 0.144395 -0.108339 0.00603659 0.0462863 -0.172218 -0.559014 0.18062 33.8006 -4.46029 2.67593 3.21033 -0.00403895 -0.00922475 -0.705312 -4.24704 2.0017 1.02566 -0.115553 -0.120151 1.87424
260.129 0.400998 0.651438 2.09027 2.5754 0.200667 0.531043 0.381135 0.685477 2.16373 2.60078 0.144826 0.555209 -0.0198631 0.0340391 0.0734599 0.0253748 -0.0558409 0.0241656 0.083364 3.6843 0.541456 0.536154 2.09342 2.61726 0.0021392 0.00259694 0.140458 -0.115284 0.00315126 0.0418626 -0.198527 -0.528446 0.181739 32.6102 -4.62192 2.61243 3.20899 -0.0030075 -0.00684597 -0.648892 -4.37441 1.95559 1.02347 -0.0771514 -0.111317 1.9421
260.432 0.405324 0.651105 2.08893 2.57948 0.21355 0.516091 0.384615 0.6876 2.16771 2.54429 0.195771 0.523671 -0.0207092 0.036495 0.0787798 -0.035187 -0.0177794 0.00758003 0.0892581 2.37619 0.544859 0.529373 2.09136 2.61724 0.00316099 0.00336858 0.139535 -0.121732 0.00242886 0.0377546 -0.210389 -0.512723 0.185188 31.9912 -4.70069 2.57776 3.20796 -0.000451997 -0.00627062 -0.620492 -4.43651 1.92942 1.0224 -0.0606627 -0.105545 1.97619
260.786 0.413556 0.651594 2.08638 2.58652 0.227493 0.49794 0.387981 0.681941 2.15001 2.54437 0.247281 0.506082 -0.0255756 0.0303466 0.0636293 -0.0421471 0.0197882 0.0081414 0.0749914 2.80435 0.543377 0.529924 2.08491 2.61726 0.00435211 0.00548333 0.129821 -0.12167 -0.00147555 0.0307477 -0.22314 -0.492457 0.177931 31.1579 -4.80358 2.52841 3.20624 0.00286428 -0.00559301 -0.582285 -4.5174 1.8915 1.02094 -0.0428785 -0.0965239 2.02117
261.075 0.414724 0.651352 2.08535 2.59322 0.233884 0.488225 0.392261 0.678916 2.13758 2.54073 0.244015 0.484986 -0.022463 0.0275645 0.0522342 -0.0524992 0.0101307 -0.00323918 0.0631886 3.02569 0.544092 0.530545 2.08039 2.61735 0.00400515 0.00656463 0.129368 -0.120806 -0.00495792 0.0241263 -0.229879 -0.481661 0.177073 30.7026 -4.87916 2.48899 3.20465 0.00340306 -0.00503161 -0.553603 -4.57651 1.86089 1.01979 -0.0330649 -0.0881861 2.05437
261.368 0.414943 0.649659 2.08472 2.60194 0.237826 0.481312 0.397002 0.683041 2.15335 2.59237 0.247849 0.470837 -0.0179412 0.0333821 0.0686325 -0.0095727 0.0100226 -0.010475 0.0784007 0.912574 0.542978 0.525359 2.07761 2.61743 0.00199312 0.00321682 0.128035 -0.1243 -0.00710981 0.0154858 -0.235833 -0.478095 0.178589 30.595 -4.95333 2.44753 3.20283 0.00387796 -0.00411706 -0.52488 -4.63419 1.82852 1.01859 -0.0263372 -0.078596 2.08711
261.72 0.415106 0.648346 2.08365 2.61508 0.23775 0.474135 0.398975 0.683201 2.15386 2.59228 0.250025 0.470025 -0.0161318 0.034855 0.0702133 -0.0228006 0.0122746 -0.00410985 0.0800313 1.45185 0.536005 0.524028 2.07028 2.61757 0.00380598 0.00773526 0.120898 -0.124318 -0.013363 0.00249697 -0.233944 -0.4664 0.173925 29.8571 -5.04993 2.38907 3.20011 0.0033676 -0.00281222 -0.486758 -4.70877 1.78285 1.01688 -0.0222731 -0.0646777 2.13021
262.631 0.412316 0.643407 2.08237 2.64507 0.222225 0.468167 0.393103 0.673952 2.14208 2.66423 0.189138 0.482099 -0.0192132 0.0305452 0.0597153 0.0191617 -0.0330863 0.0139318 0.0697716 2.25342 0.523825 0.515046 2.04527 2.61745 0.00447155 0.00860851 0.111509 -0.128361 -0.0371013 -0.0276215 -0.217753 -0.459559 0.174032 28.9694 -5.2785 2.22779 3.19237 0.00260632 0.000248953 -0.392069 -4.88329 1.65806 1.01118 -0.0313863 -0.0352599 2.23673
262.905 0.410989 0.643219 2.08218 2.6491 0.218175 0.467765 0.397573 0.680791 2.16694 2.65093 0.252244 0.456005 -0.0134161 0.037572 0.0847575 0.00182922 0.0340699 -0.01176 0.0936776 2.07566 0.531419 0.515747 2.03868 2.61736 0.000976802 0.00275561 0.120431 -0.127472 -0.0435012 -0.0317389 -0.217198 -0.465009 0.180679 29.2324 -5.32179 2.19307 3.19061 0.00243517 0.000430045 -0.373299 -4.91616 1.63151 1.00962 -0.0346383 -0.031104 2.25788
263.219 0.412947 0.644329 2.08091 2.65509 0.209879 0.46648 0.393103 0.673952 2.14208 2.66423 0.189138 0.482099 -0.0198441 0.029623 0.0611787 0.00914167 -0.0207403 0.0156196 0.0708106 1.51698 0.523317 0.513137 2.03338 2.61747 0.00146712 0.00288571 0.11037 -0.131192 -0.0475312 -0.0376233 -0.208412 -0.463594 0.177911 28.9484 -5.40583 2.12125 3.18695 0.0037446 0.000405457 -0.335819 -4.9798 1.57709 1.00606 -0.0426092 -0.0253229 2.29981
263.529 0.411848 0.645389 2.0804 2.65825 0.200847 0.466363 0.38901 0.665229 2.11465 2.60128 0.190032 0.474218 -0.0228381 0.0198398 0.0342456 -0.0569715 -0.0108157 0.00785485 0.0456941 3.43684 0.522566 0.513546 2.02557 2.61759 0.00234477 0.0042085 0.110718 -0.131843 -0.0548323 -0.0406565 -0.198503 -0.462155 0.180687 28.6529 -5.4864 2.04632 3.18316 0.00434784 0.000376731 -0.298754 -5.04065 1.52101 1.00197 -0.051189 -0.0222113 2.34108
263.837 0.411168 0.646644 2.07999 2.65936 0.195764 0.465707 0.400403 0.688701 2.18273 2.72465 0.268225 0.437894 -0.0107654 0.0420572 0.102735 0.0652867 0.0724612 -0.0278133 0.111531 6.0417 0.525357 0.512094 2.02017 2.61756 -0.00128306 -0.00176173 0.114189 -0.13455 -0.0598254 -0.0418088 -0.197047 -0.467469 0.186338 28.9077 -5.5445 1.98814 3.18023 0.00505235 0.00019472 -0.271146 -5.08449 1.47787 0.998631 -0.0561579 -0.0209888 2.3715
264.453 0.407531 0.651299 2.07906 2.65888 0.193597 0.461616 0.392006 0.682667 2.15204 2.63915 0.252529 0.432937 -0.0155252 0.0313678 0.0729794 -0.0197251 0.0589321 -0.0286788 0.080938 3.81516 0.518251 0.510608 2.00968 2.61719 0.00247402 0.00444177 0.11072 -0.140691 -0.0693858 -0.0416905 -0.191123 -0.457174 0.192008 28.236 -5.65463 1.86689 3.17402 0.00628296 -0.00120621 -0.216391 -5.16762 1.38882 0.991265 -0.0580536 -0.0197796 2.43097
265.021 0.40304 0.655842 2.07809 2.65911 0.207382 0.449455 0.3841 0.681755 2.12856 2.64987 0.190584 0.459451 -0.0189392 0.0259131 0.0504742 -0.00924719 -0.0167979 0.00999586 0.0598149 1.28634 0.517751 0.515962 2.0045 2.61766 0.000421346 0.000954164 0.114711 -0.139881 -0.0735853 -0.0414561 -0.206961 -0.448501 0.195295 28.1325 -5.77287 1.71765 3.16594 0.00827372 -0.002421 -0.152833 -5.25699 1.2802 0.981755 -0.0427191 -0.0167861 2.49848
265.367 0.396557 0.655458 2.07879 2.6607 0.216488 0.443618 0.384355 0.68994 2.1513 2.63038 0.254267 0.431345 -0.0122026 0.0344827 0.0725167 -0.0303151 0.0377788 -0.0122729 0.0812196 2.76159 0.518269 0.523627 1.99978 2.61786 -0.0023812 -0.00330301 0.121712 -0.13183 -0.0790048 -0.042835 -0.218869 -0.446921 0.196048 28.3333 -5.82014 1.65125 3.16238 0.00799981 -0.00221078 -0.125776 -5.29271 1.23212 0.977683 -0.0313617 -0.0139204 2.52703
265.938 0.389836 0.657477 2.07839 2.66513 0.244564 0.423553 0.379255 0.700572 2.18102 2.70214 0.178446 0.44023 -0.0105806 0.0430947 0.10263 0.0370155 -0.0661188 0.016677 0.111813 4.34848 0.510648 0.52149 1.99796 2.61758 -0.000339643 -0.00106194 0.120812 -0.135987 -0.0804265 -0.0475527 -0.244904 -0.424615 0.198888 27.8729 -5.92222 1.49109 3.15453 0.00960943 -0.00229607 -0.0627704 -5.37005 1.1166 0.968808 0.000750405 -0.00559532 2.59361
266.229 0.384423 0.659351 2.07818 2.6661 0.257584 0.415825 0.365131 0.678637 2.1103 2.63156 0.185859 0.437897 -0.0192913 0.0192853 0.0321209 -0.0345431 -0.0717253 0.0220728 0.0421406 4.84808 0.514823 0.52999 1.99368 2.61752 -0.00231357 -0.00352551 0.1304 -0.129361 -0.0844988 -0.0485809 -0.259898 -0.41935 0.202185 28.041 -5.96238 1.42034 3.15149 0.0103058 -0.00333554 -0.0358141 -5.40062 1.06574 0.96532 0.0151011 -0.00200025 2.62218
266.63 0.378087 0.663162 2.07779 2.66593 0.27264 0.403858 0.362301 0.686904 2.12748 2.64325 0.338207 0.388668 -0.0157854 0.0237423 0.0496919 -0.0226852 0.0655669 -0.0151901 0.0572902 3.98477 0.515303 0.535883 1.99274 2.61766 -0.0028384 -0.00456147 0.137217 -0.127279 -0.0850501 -0.0482654 -0.275479 -0.40842 0.205577 27.9871 -6.01259 1.32416 3.14785 0.00992775 -0.0043376 -2.03508e-05 -5.43899 0.996741 0.960989 0.0331799 0.00182958 2.66041
266.959 0.372562 0.664738 2.07796 2.66518 0.282613 0.396337 0.361975 0.701428 2.16321 2.68347 0.178391 0.417424 -0.0105869 0.03669 0.0852456 0.0182924 -0.104222 0.0210867 0.093408 6.13475 0.506289 0.535818 1.99386 2.61759 -0.00110028 -0.00170848 0.133727 -0.12892 -0.0840972 -0.0475948 -0.283713 -0.398046 0.203901 27.7606 -6.04776 1.25075 3.14547 0.0100262 -0.00488405 0.0269015 -5.46598 0.944139 0.958018 0.0450224 0.00350755 2.68931
267.232 0.370192 0.665986 2.07788 2.66348 0.292018 0.388998 0.349539 0.692671 2.12809 2.59635 0.244173 0.408716 -0.020653 0.0266845 0.0502115 -0.0671302 -0.0478444 0.0197184 0.0604963 5.08762 0.509309 0.542361 1.99039 2.61771 -0.00220366 -0.00398033 0.139117 -0.123625 -0.0874863 -0.045763 -0.294221 -0.392978 0.205647 27.8766 -6.08079 1.17633 3.14349 0.0114151 -0.0052981 0.0541069 -5.49148 0.890831 0.955312 0.0551954 0.00351656 2.71842
267.529 0.367163 0.666807 2.07819 2.6603 0.299938 0.382409 0.353447 0.707503 2.17017 2.75373 0.301538 0.387922 -0.0137163 0.0406963 0.0919775 0.0934295 0.00159962 0.0055125 0.10151 5.26901 0.506879 0.543241 1.98998 2.61781 -0.00231715 -0.0040098 0.139716 -0.123566 -0.0882045 -0.0424855 -0.302255 -0.386419 0.206323 27.8589 -6.11167 1.10093 3.14188 0.0125071 -0.00548439 0.0815078 -5.5155 0.8368 0.952838 0.0640777 0.001809 2.74769
267.845 0.360574 0.667842 2.07925 2.65369 0.307667 0.374288 0.330752 0.669401 2.04091 2.42983 0.323754 0.434605 -0.0298224 0.00155894 -0.0383321 -0.223862 0.0160878 0.0603174 0.0485917 14.3103 0.496181 0.543538 1.99129 2.61793 -0.00185294 -0.00286121 0.135606 -0.124304 -0.0879602 -0.0357647 -0.30952 -0.377149 0.203906 27.7179 -6.14947 0.998927 3.14025 0.0126008 -0.00552671 0.118032 -5.54522 0.763601 0.949881 0.0744209 -0.00258591 2.78701
268.244 0.355137 0.667861 2.08042 2.64779 0.312482 0.368469 0.333819 0.686367 2.106 2.61372 0.321468 0.36811 -0.0213172 0.0185054 0.0255867 -0.0340709 0.00898618 -0.000359177 0.0380992 2.01285 0.493168 0.548954 1.99003 2.61811 -0.00100038 -0.00175221 0.138032 -0.118908 -0.0903853 -0.0296815 -0.313482 -0.370222 0.203375 27.5764 -6.17525 0.92143 3.13937 0.0127053 -0.00534446 0.145411 -5.56575 0.707818 0.947925 0.0812587 -0.00710976 2.81686
268.574 0.352498 0.666979 2.0815 2.64157 0.317138 0.362118 0.333581 0.700296 2.14578 2.60156 0.312989 0.361415 -0.018917 0.0333176 0.0642746 -0.0400057 -0.00414928 -0.000702786 0.0748274 2.29234 0.494063 0.549442 1.99023 2.6182 -0.00305335 -0.00522428 0.141565 -0.117537 -0.0912732 -0.0233637 -0.320191 -0.367342 0.205393 27.7245 -6.1988 0.84316 3.1388 0.013859 -0.00473714 0.172938 -5.58476 0.65128 0.946222 0.0874488 -0.0126781 2.84715
268.907 0.349654 0.665377 2.08312 2.63189 0.323001 0.353476 0.332343 0.699053 2.15045 2.65605 0.348868 0.338108 -0.0173108 0.0336765 0.0673253 0.0241591 0.0258664 -0.0153676 0.0772429 2.38557 0.491369 0.545395 1.99068 2.61829 -0.00217998 -0.00387015 0.141715 -0.119982 -0.0924409 -0.0135966 -0.325181 -0.357346 0.207422 27.5337 -6.22663 0.737659 3.1385 0.0157703 -0.00377317 0.209967 -5.60774 0.574721 0.944283 0.0952709 -0.0218027 2.88823
269.521 0.347475 0.665127 2.08499 2.61295 0.331552 0.338493 0.323837 0.688706 2.12479 2.50924 0.315508 0.339724 -0.0236376 0.0235792 0.0397987 -0.103711 -0.0160435 0.00123058 0.0519485 6.03533 0.499144 0.542043 1.98869 2.61813 -0.00355436 -0.00595069 0.151669 -0.123084 -0.0963079 0.00517122 -0.335106 -0.344444 0.217781 27.504 -6.26045 0.57711 3.13879 0.0185598 -0.00269851 0.266441 -5.63705 0.457373 0.941787 0.10745 -0.0387883 2.95106
269.843 0.341897 0.667261 2.08636 2.59691 0.338004 0.327171 0.306537 0.657283 2.03338 2.53135 0.167902 0.389502 -0.0353596 -0.00997826 -0.052981 -0.0655582 -0.170102 0.0623307 0.0644737 11.336 0.49464 0.537544 1.99345 2.61807 -0.0028212 -0.00457997 0.152743 -0.129718 -0.0929146 0.0211593 -0.340825 -0.331751 0.220885 27.355 -6.27752 0.46867 3.1393 0.0185462 -0.00278748 0.304368 -5.65304 0.377411 0.940252 0.118237 -0.0516152 2.99347
270.381 0.336118 0.672514 2.08749 2.56981 0.35512 0.304369 0.313168 0.693782 2.12882 2.57426 0.372518 0.292473 -0.0229504 0.021268 0.0413363 0.00445027 0.0173975 -0.0118963 0.0518434 1.28329 0.501043 0.537505 1.99386 2.61793 -0.00368504 -0.00610037 0.164924 -0.135009 -0.0936302 0.0481123 -0.358805 -0.310469 0.232796 27.5745 -6.29484 0.304339 3.14028 0.019348 -0.00366111 0.361848 -5.6714 0.254749 0.93814 0.142619 -0.0715537 3.05758
270.68 0.330127 0.675576 2.08831 2.55493 0.366672 0.289738 0.316675 0.711627 2.17163 2.62443 0.323321 0.311898 -0.0134526 0.0360508 0.0833167 0.0694994 -0.0433511 0.0221595 0.0917731 4.49606 0.49144 0.536472 1.99605 2.61796 -0.00159122 -0.000642606 0.161312 -0.139104 -0.0922635 0.0630271 -0.368263 -0.290381 0.23213 27.4521 -6.29978 0.221566 3.14077 0.0180252 -0.00406536 0.39063 -5.6779 0.192139 0.937167 0.160506 -0.0809917 3.08975
271.059 0.318776 0.67942 2.08976 2.53473 0.385043 0.266487 0.301692 0.699529 2.12667 2.51272 0.395633 0.268654 -0.0170836 0.0201088 0.0369154 -0.0220129 0.0105893 0.00216729 0.0453758 1.44699 0.482498 0.538267 1.99735 2.618 -0.00349596 -0.00511114 0.163722 -0.141153 -0.0924093 0.0832726 -0.388539 -0.271598 0.235093 28.0242 -6.30258 0.110841 3.14129 0.0148575 -0.00455179 0.428624 -5.6836 0.107394 0.935967 0.190064 -0.0920064 3.13304
271.357 0.314314 0.68114 2.09044 2.5208 0.402487 0.246281 0.290109 0.695505 2.10345 2.44987 0.406027 0.225839 -0.0242045 0.0143653 0.0130137 -0.070924 0.00353972 -0.0204423 0.0310093 3.76588 0.486415 0.54004 1.99843 2.61799 -0.00450381 -0.00773113 0.172101 -0.1411 -0.0920103 0.0971971 -0.406991 -0.254012 0.240819 28.5541 -6.30192 0.0277333 3.14154 0.0145558 -0.00477308 0.457101 -5.68554 0.0429855 0.935176 0.215403 -0.0989139 -3.11714
271.723 0.316502 0.683062 2.09003 2.50724 0.422256 0.221873 0.289105 0.701736 2.11662 2.47397 0.444791 0.219378 -0.0273967 0.0186736 0.0265871 -0.0332724 0.022535 -0.00249524 0.0424989 2.25672 0.478261 0.539175 1.99978 2.61814 -0.00153498 -0.00396845 0.161759 -0.143887 -0.0902553 0.110906 -0.423791 -0.225842 0.234553 28.7875 -6.29892 -0.0553357 3.14167 0.0159804 -0.00475467 0.485718 -5.68542 -0.0220203 0.93451 0.242165 -0.104539 -3.08356
272.087 0.321159 0.68384 2.08941 2.49267 0.44954 0.189163 0.295011 0.712329 2.1457 2.44246 0.400724 0.2169 -0.0261477 0.0284892 0.0562926 -0.0502164 -0.0488167 0.0277365 0.0682948 4.73251 0.480965 0.540503 1.99831 2.61802 -0.00606102 -0.0112764 0.159806 -0.143337 -0.0911022 0.125345 -0.455601 -0.20044 0.233201 29.9688 -6.29126 -0.166012 3.1416 0.0189616 -0.00437705 0.524263 -5.68191 -0.109417 0.933834 0.278445 -0.108747 -3.03773
272.413 0.323732 0.684695 2.08872 2.48398 0.468989 0.164836 0.295807 0.70558 2.12535 2.47205 0.467354 0.162033 -0.0279254 0.0208852 0.0366297 -0.0119315 -0.00163487 -0.00280326 0.0505742 0.63489 0.480782 0.538455 1.99957 2.61793 -0.005605 -0.0109054 0.15705 -0.146239 -0.0891501 0.133949 -0.474594 -0.175742 0.232376 30.5347 -6.28271 -0.248968 3.14137 0.0205778 -0.00428148 0.553405 -5.6767 -0.175331 0.933488 0.305052 -0.109066 -3.0025
273.303 0.32403 0.6909 2.08589 2.46144 0.522246 0.0900965 0.303579 0.717278 2.1409 2.40361 0.468335 0.108882 -0.0204507 0.0263783 0.0550178 -0.0578245 -0.0539102 0.0187853 0.0643506 5.00625 0.462461 0.545787 2.00627 2.61756 -0.00675736 -0.0115357 0.138431 -0.145112 -0.0796122 0.156117 -0.529003 -0.101632 0.215775 32.5073 -6.23643 -0.525075 3.14076 0.0215996 -0.00572967 0.651513 -5.64348 -0.395594 0.933524 0.383887 -0.102136 -2.882
273.638 0.322266 0.692975 2.08518 2.45487 0.536223 0.0679806 0.301717 0.720546 2.14202 2.50408 0.560872 0.0644932 -0.0205496 0.0275713 0.0568365 0.0492085 0.0246498 -0.00348731 0.0664293 3.25125 0.450429 0.547737 2.01149 2.61761 -0.00398973 -0.00665339 0.128162 -0.145237 -0.0736916 0.162746 -0.540212 -0.0746339 0.207244 32.8919 -6.21724 -0.607618 3.14092 0.0208754 -0.00635274 0.680909 -5.62876 -0.461507 0.934054 0.406419 -0.0993528 -2.84542
274.022 0.319686 0.693837 2.08506 2.44735 0.549548 0.0460717 0.295247 0.711655 2.11575 2.43792 0.549856 0.0252815 -0.0244388 0.0178175 0.0306903 -0.00943261 0.00030858 -0.0207902 0.0430884 1.01914 0.447514 0.55418 2.01482 2.61773 -0.00792547 -0.0138266 0.127828 -0.139657 -0.070241 0.170377 -0.557473 -0.0598983 0.201935 33.8029 -6.19565 -0.689901 3.14147 0.0200431 -0.00662482 0.710168 -5.61189 -0.52718 0.934954 0.428772 -0.0977391 -2.80895
274.328 0.318747 0.694389 2.08501 2.43389 0.566688 0.0148883 0.298689 0.725885 2.14687 2.40213 0.557089 0.028223 -0.0200575 0.0314963 0.0618616 -0.0317659 -0.00959889 0.0133347 0.0722577 2.38343 0.437017 0.555604 2.02347 2.61783 -0.00721119 -0.0125112 0.11827 -0.138784 -0.0615448 0.183931 -0.573899 -0.0273995 0.192449 34.6536 -6.16318 -0.799063 3.14302 0.0195187 -0.00666999 0.749078 -5.58614 -0.6142 0.936816 0.458233 -0.0986801 -2.76085
274.669 0.319021 0.693329 2.08543 2.42288 0.578785 -0.00783886 0.299178 0.732677 2.16405 2.44009 0.538197 0.0181548 -0.0198425 0.0393476 0.0786171 0.0172104 -0.0405885 0.0259937 0.0901255 2.65358 0.425112 0.553311 2.03048 2.61806 -0.0049688 -0.00935566 0.106091 -0.140018 -0.0549514 0.195182 -0.583754 -0.00151679 0.184066 35.224 -6.1361 -0.88042 3.14475 0.0198971 -0.00636127 0.778241 -5.56438 -0.678862 0.938741 0.479059 -0.1009 -2.72507
275.049 0.319658 0.691973 2.08585 2.413 0.588633 -0.0290843 0.297582 0.729273 2.15955 2.43575 0.579564 0.00368812 -0.0220761 0.0373001 0.0737047 0.0227501 -0.00906869 0.0327724 0.0855046 1.67187 0.41959 0.557657 2.03469 2.61787 -0.00730751 -0.0132104 0.0999325 -0.134317 -0.0511582 0.204865 -0.59594 0.0158739 0.175056 35.9741 -6.10669 -0.961257 3.14679 0.0201884 -0.00599674 0.80736 -5.54052 -0.742791 0.941067 0.497265 -0.102887 -2.68925
275.328 0.322366 0.689071 2.0863 2.40477 0.598334 -0.0520819 0.301778 0.733013 2.1762 2.42584 0.563422 -0.0261024 -0.0205872 0.0439424 0.0898974 0.0210711 -0.0349121 0.0259795 0.102158 2.38786 0.413136 0.555027 2.04194 2.61783 -0.0072161 -0.0136963 0.0907707 -0.134044 -0.0443578 0.213062 -0.60555 0.0383856 0.167853 36.5651 -6.06387 -1.06811 3.14977 0.0217021 -0.00554437 0.846299 -5.5055 -0.826544 0.944705 0.515028 -0.103511 -2.64111
275.688 0.325126 0.686217 2.0865 2.40392 0.602293 -0.0640166 0.293882 0.7067 2.10645 2.37204 0.627095 -0.0731534 -0.0312447 0.0204829 0.0199521 -0.0318784 0.0248028 -0.00913675 0.0423541 2.12762 0.405809 0.551118 2.04703 2.61795 -0.00424231 -0.00893365 0.0806823 -0.135099 -0.0394709 0.214031 -0.606535 0.055083 0.162232 36.6046 -6.02901 -1.1475 3.15203 0.0231735 -0.00520334 0.875627 -5.47689 -0.888029 0.947734 0.522587 -0.101504 -2.6047
275.986 0.32529 0.682889 2.08701 2.40789 0.602693 -0.0707537 0.301291 0.714105 2.1395 2.4091 0.632658 -0.0715556 -0.0239989 0.0312155 0.0524911 0.00121596 0.0299649 -0.000801973 0.0656176 1.71988 0.401805 0.548226 2.04874 2.61767 -0.00855271 -0.0154942 0.0765157 -0.134663 -0.0382781 0.209783 -0.611246 0.0552594 0.159543 36.7902 -5.99177 -1.22619 3.15424 0.0236529 -0.00489721 0.904864 -5.44635 -0.948241 0.950911 0.525534 -0.0971339 -2.56813
276.671 0.324527 0.675596 2.08775 2.42902 0.595228 -0.072575 0.308841 0.719891 2.17949 2.46366 0.599721 -0.0534482 -0.0156857 0.0442947 0.0917355 0.0346434 0.00449304 0.0191267 0.10307 1.6613 0.389669 0.536825 2.0524 2.61742 -0.00437013 -0.00819561 0.0651424 -0.138771 -0.0353548 0.188401 -0.599598 0.0643794 0.157325 35.817 -5.89558 -1.40668 3.15871 0.0247659 -0.00548057 0.973181 -5.36805 -1.08336 0.958355 0.518231 -0.08075 -2.4833
276.965 0.32011 0.671895 2.08875 2.44118 0.587968 -0.0686225 0.306994 0.719257 2.18633 2.42249 0.552655 -0.0554992 -0.0131161 0.0473627 0.0975827 -0.0186876 -0.035313 0.0131232 0.10926 2.58361 0.38879 0.53672 2.0511 2.61743 -0.00886063 -0.0152119 0.0686793 -0.135175 -0.0376442 0.176245 -0.596829 0.0534105 0.156225 35.4884 -5.8504 -1.48255 3.16023 0.0236385 -0.00581144 1.00229 -5.33169 -1.13883 0.961331 0.511028 -0.0725134 -2.44746
277.27 0.316183 0.666973 2.09007 2.45335 0.580158 -0.0640375 0.296398 0.700001 2.14485 2.45131 0.622604 -0.0821578 -0.0197843 0.0330276 0.0547897 -0.00203647 0.0424466 -0.0181203 0.0669638 2.62092 0.376523 0.529565 2.05509 2.61763 -0.00678285 -0.0123273 0.0603403 -0.137409 -0.0349744 0.164285 -0.586941 0.0517102 0.154095 34.7775 -5.80292 -1.55739 3.16152 0.0229892 -0.00591363 1.03131 -5.29377 -1.19282 0.964141 0.502725 -0.0647928 -2.41196
277.79 0.306225 0.650067 2.09506 2.47831 0.563185 -0.0553547 0.289073 0.687592 2.1529 2.47913 0.578248 -0.0593979 -0.0171523 0.0375246 0.057836 0.00081452 0.0150633 -0.00404315 0.0710444 0.901355 0.358594 0.518847 2.05948 2.61768 -0.00928417 -0.0165137 0.0523686 -0.13122 -0.0355855 0.139366 -0.572469 0.038841 0.145697 33.6573 -5.6835 -1.72747 3.16359 0.0224579 -0.00499098 1.09867 -5.1995 -1.31292 0.970034 0.484687 -0.0498333 -2.32954
278.106 0.302271 0.642876 2.09724 2.48546 0.555395 -0.0559917 0.289622 0.691666 2.19252 2.47976 0.573098 -0.071257 -0.0126488 0.04879 0.0952751 -0.00570267 0.0177038 -0.0152653 0.107786 1.263 0.34637 0.51095 2.06701 2.61785 -0.00775954 -0.013641 0.0440995 -0.131927 -0.0302334 0.132384 -0.563154 0.0423507 0.14235 33.0569 -5.62869 -1.79811 3.16431 0.0214087 -0.00449305 1.12709 -5.15674 -1.36192 0.972372 0.479818 -0.0459654 -2.29417
278.413 0.295258 0.632798 2.10096 2.48832 0.547492 -0.0609579 0.28191 0.680058 2.19212 2.48932 0.569685 -0.0666795 -0.0133475 0.0472603 0.0911638 0.000995417 0.022193 -0.00572154 0.10355 1.32175 0.335659 0.504667 2.07273 2.61778 -0.00601402 -0.0108453 0.040401 -0.12813 -0.0282272 0.12946 -0.553506 0.0501126 0.137282 32.4937 -5.55232 -1.88988 3.16548 0.0204903 -0.00418454 1.16457 -5.09771 -1.42501 0.975533 0.476657 -0.044928 -2.247
280.03 0.254107 0.58491 2.12055 2.46133 0.541075 -0.123037 0.232428 0.615444 2.17702 2.42198 0.542768 -0.135517 -0.0216788 0.0305347 0.056468 -0.0393511 0.0016933 -0.0124802 0.0677567 1.98525 0.291175 0.487072 2.08722 2.61801 -0.00952191 -0.016605 0.0370681 -0.0978375 -0.0333373 0.156686 -0.550597 0.106432 0.109807 32.8755 -5.16714 -2.26196 3.17185 0.0126619 -0.00225173 1.32918 -4.8056 -1.67806 0.990648 0.510338 -0.0619924 -2.0398
280.428 0.243474 0.57212 2.12478 2.4607 0.543156 -0.135851 0.225052 0.606562 2.17924 2.43406 0.538641 -0.129679 -0.0184217 0.0344423 0.054467 -0.0266417 -0.00451529 0.00617251 0.0670245 1.75435 0.278127 0.481472 2.09127 2.61801 -0.00939881 -0.0170254 0.0346535 -0.090648 -0.0335029 0.157308 -0.552555 0.118826 0.102666 33.0719 -5.05036 -2.35128 3.17286 0.0100527 -0.00138291 1.3732 -4.71785 -1.73946 0.9946 0.520957 -0.060608 -1.9871
280.811 0.239723 0.565918 2.12643 2.46332 0.544582 -0.140219 0.217184 0.59635 2.17671 2.43738 0.536527 -0.127995 -0.0225392 0.0304318 0.0502844 -0.0259369 -0.00805485 0.012223 0.0629494 1.99567 0.270586 0.475445 2.09263 2.61782 -0.00776809 -0.0143941 0.0308624 -0.0904726 -0.0337971 0.154506 -0.55235 0.125824 0.10139 33.0785 -4.97876 -2.40153 3.17332 0.00974595 -0.00141114 1.39932 -4.66413 -1.77447 0.996902 0.524463 -0.0572911 -1.95679
281.086 0.239096 0.561168 2.12726 2.46789 0.546356 -0.142328 0.217781 0.598288 2.21177 2.48327 0.538934 -0.125118 -0.0213151 0.0371199 0.0845155 0.0153771 -0.00742279 0.0172092 0.094737 1.01606 0.266421 0.474605 2.09316 2.61768 -0.00792454 -0.0151281 0.0273254 -0.0865628 -0.034097 0.149786 -0.554281 0.1272 0.096966 33.1403 -4.90613 -2.4492 3.17368 0.0108285 -0.00194087 1.42537 -4.60969 -1.80812 0.999106 0.525635 -0.0522304 -1.92744
281.496 0.240506 0.557642 2.12729 2.47629 0.54797 -0.141462 0.220668 0.604 2.25093 2.4789 0.536035 -0.141495 -0.0198384 0.0463574 0.123648 0.00261613 -0.011935 -3.34259e-05 0.133534 0.700534 0.26658 0.473243 2.09652 2.61747 -0.00897205 -0.0169934 0.0260739 -0.0843992 -0.0307631 0.141187 -0.556943 0.124468 0.0935384 33.1716 -4.80774 -2.50872 3.17413 0.0129512 -0.003427 1.46033 -4.5361 -1.85094 1.00188 0.523915 -0.0435281 -1.88967
281.859 0.242057 0.556587 2.12682 2.48349 0.548354 -0.138464 0.214148 0.581765 2.17533 2.47282 0.566387 -0.152182 -0.0279094 0.0251789 0.0485151 -0.0106678 0.0180329 -0.0137183 0.0613728 1.24521 0.267235 0.470373 2.0976 2.6172 -0.00681698 -0.0135037 0.0251779 -0.0862137 -0.0292178 0.133713 -0.555171 0.12496 0.0944479 33.002 -4.73278 -2.55035 3.17463 0.0144541 -0.00479678 1.48692 -4.48023 -1.88157 1.00391 0.520856 -0.0365007 -1.86222
282.283 0.243025 0.556432 2.12615 2.49158 0.547913 -0.133719 0.219997 0.590296 2.21448 2.44224 0.534165 -0.140445 -0.023028 0.0338637 0.0883291 -0.0493386 -0.0137475 -0.00672556 0.0973605 2.76371 0.262539 0.46964 2.10017 2.61693 -0.00467662 -0.00941081 0.0195141 -0.0867924 -0.025985 0.125354 -0.552589 0.124308 0.0926766 32.7758 -4.65684 -2.58944 3.1753 0.0155565 -0.00621731 1.51391 -4.42382 -1.91088 1.00593 0.516668 -0.029015 -1.835
282.624 0.245318 0.556672 2.12484 2.50514 0.546877 -0.125562 0.222566 0.594833 2.2311 2.57261 0.563752 -0.111744 -0.0227517 0.0381611 0.106264 0.0674709 0.0168752 0.0138185 0.115178 3.6439 0.268742 0.47072 2.10068 2.61727 -0.00824267 -0.0154972 0.0234244 -0.0859523 -0.0241619 0.112129 -0.55512 0.110065 0.0923055 32.6909 -4.55412 -2.63767 3.17629 0.0172296 -0.00787244 1.5508 -4.34786 -1.94782 1.00863 0.50969 -0.0172025 -1.79792
283.001 0.248786 0.556612 2.1236 2.51719 0.546387 -0.118586 0.222845 0.591121 2.21389 2.49605 0.503585 -0.112053 -0.0259416 0.0345087 0.0902937 -0.0211362 -0.0428015 0.00653254 0.100084 2.84166 0.271891 0.467867 2.10221 2.61715 -0.00596554 -0.0119909 0.0231046 -0.088745 -0.0213898 0.0999589 -0.552352 0.106595 0.0941648 32.4181 -4.476 -2.67098 3.17707 0.0192583 -0.00881216 1.57938 -4.29039 -1.97387 1.01066 0.503595 -0.00713766 -1.76909
283.404 0.25467 0.556112 2.12207 2.53051 0.546325 -0.11122 0.226279 0.586697 2.20081 2.53094 0.55859 -0.111028 -0.0283916 0.0305848 0.0787354 0.00043345 0.0122654 0.000192456 0.089111 0.703322 0.275933 0.467916 2.10207 2.61722 -0.00430983 -0.0100178 0.0212625 -0.0881965 -0.0200086 0.0867152 -0.550634 0.101203 0.0929035 32.1952 -4.39695 -2.70186 3.17789 0.0221663 -0.00934274 1.609 -4.23254 -1.99845 1.01268 0.496945 0.00355727 -1.73936
284.232 0.257536 0.556911 2.11805 2.57949 0.53584 -0.0786803 0.234463 0.579327 2.16971 2.55062 0.525161 -0.0822811 -0.0230732 0.0224159 0.0516672 -0.0288669 -0.0106796 -0.00360083 0.0608633 1.67538 0.295902 0.464079 2.09413 2.617 -0.00814509 -0.0137661 0.0383665 -0.0928324 -0.0239147 0.0375171 -0.543985 0.0649142 0.103256 31.3882 -4.12633 -2.78715 3.18066 0.0237401 -0.0106429 1.7142 -4.03759 -2.0694 1.01874 0.470932 0.0411524 -1.63453
284.598 0.253014 0.558532 2.11731 2.59181 0.528201 -0.0686651 0.230928 0.579559 2.16351 2.53734 0.565529 -0.0954364 -0.0220859 0.0210272 0.0462036 -0.0544673 0.0373287 -0.0267714 0.0553598 3.41845 0.29109 0.463157 2.09344 2.61706 -0.00624703 -0.0101238 0.0380754 -0.0953751 -0.0238725 0.0252515 -0.534448 0.0585413 0.105433 30.7924 -4.04324 -2.80743 3.18145 0.0217679 -0.0112471 1.74651 -3.9786 -2.08736 1.02009 0.461723 0.0500774 -1.60205
284.89 0.246632 0.559886 2.11693 2.60446 0.516467 -0.0566138 0.227639 0.586762 2.18646 2.64114 0.544381 -0.0700182 -0.0189924 0.0268765 0.0695354 0.0366811 0.027914 -0.0134044 0.0769301 3.0328 0.284082 0.463109 2.09614 2.61717 -0.00556568 -0.00836139 0.0374503 -0.0967764 -0.0207865 0.012709 -0.522032 0.0482524 0.105831 30.0263 -3.93151 -2.83068 3.18252 0.0195906 -0.0117976 1.7895 -3.89961 -2.10888 1.02154 0.448325 0.0582873 -1.5585
285.502 0.247378 0.558989 2.11637 2.61848 0.499331 -0.043017 0.222328 0.593045 2.19929 2.61762 0.490872 -0.0356618 -0.0250505 0.0340556 0.0829137 -0.000860662 -0.00845983 0.00735525 0.0930698 0.659085 0.290718 0.464701 2.09601 2.61738 -0.00657279 -0.0120827 0.0433399 -0.0942878 -0.020361 -0.00110497 -0.505904 0.0309344 0.10575 29.0402 -3.76254 -2.8575 3.18412 0.0214073 -0.0116795 1.85332 -3.78039 -2.1356 1.02338 0.425874 0.0651862 -1.49305
285.807 0.244602 0.556788 2.11666 2.62897 0.485853 -0.033239 0.224228 0.591084 2.19912 2.62181 0.493145 -0.0348245 -0.0203734 0.0342954 0.082456 -0.00715937 0.00729174 -0.00158553 0.0915983 0.562322 0.293104 0.462972 2.09567 2.61754 -0.00647364 -0.0112307 0.0485022 -0.0938163 -0.0209961 -0.0114314 -0.492327 0.0220083 0.107679 28.2503 -3.6492 -2.86998 3.18488 0.0213595 -0.0111422 1.89499 -3.70038 -2.14932 1.02452 0.410169 0.0703567 -1.44974
286.385 0.236259 0.551454 2.11734 2.65184 0.464769 -0.0167866 0.216424 0.58939 2.20712 2.63885 0.435199 -0.0177181 -0.0198356 0.0379354 0.0897811 -0.0129905 -0.0295702 -0.000931509 0.0994645 1.84186 0.291441 0.462142 2.08865 2.61758 -0.00791446 -0.0140638 0.0551818 -0.089312 -0.0286954 -0.0342594 -0.472683 0.00272285 0.108835 27.1555 -3.47868 -2.88056 3.18473 0.0196248 -0.010165 1.95571 -3.57958 -2.16308 1.02605 0.386823 0.0849317 -1.38544
286.636 0.232367 0.547262 2.11774 2.66675 0.454326 -0.00733866 0.212564 0.585523 2.20707 2.64228 0.433111 -0.016338 -0.0198033 0.0382612 0.0893328 -0.0244647 -0.0212146 -0.00899929 0.0991788 1.75703 0.285719 0.462041 2.08522 2.61772 -0.0057174 -0.00982202 0.0533517 -0.0852212 -0.0325242 -0.049034 -0.460043 -0.00248335 0.105673 26.5022 -3.39346 -2.88219 3.18389 0.0192939 -0.00956886 1.98522 -3.51892 -2.16675 1.02659 0.374032 0.0955172 -1.35391
286.953 0.2264 0.541981 2.1178 2.69064 0.435696 0.00709956 0.207547 0.57571 2.19516 2.70607 0.446075 -0.00189132 -0.0188537 0.0337286 0.0773621 0.0154321 0.0103791 -0.00899088 0.0864753 1.33764 0.283457 0.458568 2.07943 2.61753 -0.00816522 -0.0141237 0.057057 -0.0834127 -0.0383715 -0.0731072 -0.443862 -0.0212233 0.1081 25.7544 -3.28013 -2.88059 3.18194 0.0176159 -0.00889843 2.02338 -3.43793 -2.16825 1.02701 0.353851 0.112726 -1.31288
287.46 0.222711 0.533514 2.11731 2.72923 0.405209 0.0305549 0.194563 0.560863 2.16773 2.65809 0.428085 0.00317625 -0.0281476 0.0273493 0.0504223 -0.0711438 0.022876 -0.0273786 0.0638959 3.95181 0.279087 0.454383 2.07219 2.61713 -0.00502775 -0.0105458 0.056376 -0.0791306 -0.0451153 -0.112099 -0.410237 -0.0411006 0.107123 24.3425 -3.11141 -2.87012 3.17743 0.0181513 -0.00892682 2.0789 -3.31644 -2.16314 1.02696 0.316797 0.142471 -1.25372
287.851 0.2202 0.530294 2.11623 2.75561 0.379292 0.04681 0.198077 0.558384 2.17594 2.77863 0.464837 0.0132738 -0.0221226 0.0280893 0.0597028 0.0230211 0.0855448 -0.0335362 0.0695905 5.61507 0.280225 0.453059 2.0689 2.61712 -0.00984547 -0.0173838 0.0600248 -0.0772356 -0.0473292 -0.13849 -0.389138 -0.0641939 0.108666 23.7028 -3.00001 -2.85782 3.17352 0.0174485 -0.0101818 2.11482 -3.23559 -2.15474 1.02652 0.28819 0.163984 -1.21574
288.103 0.219265 0.526241 2.11567 2.77605 0.358662 0.0590627 0.194179 0.556194 2.17483 2.77439 0.462903 0.0127609 -0.0250859 0.0299533 0.0591675 -0.00165138 0.104242 -0.0463018 0.0709034 6.52011 0.277995 0.450492 2.06695 2.61721 -0.0090103 -0.0164875 0.0587295 -0.075749 -0.0487148 -0.158833 -0.367672 -0.0755502 0.107518 23.0297 -2.91712 -2.84589 3.1702 0.0173922 -0.0107467 2.14132 -3.17514 -2.14578 1.02608 0.265004 0.180791 -1.18781
288.458 0.22111 0.520975 2.11511 2.79645 0.337938 0.0705733 0.194761 0.556012 2.20044 2.77143 0.308192 0.0705061 -0.0263484 0.0350374 0.0853334 -0.0250105 -0.0297452 -6.72494e-05 0.0959356 2.22581 0.279351 0.445746 2.0643 2.61723 -0.00613205 -0.0123028 0.0582414 -0.0752285 -0.050814 -0.179216 -0.34407 -0.0828761 0.107858 22.3408 -2.83488 -2.83166 3.16663 0.0183842 -0.011004 2.16771 -3.1149 -2.13455 1.02559 0.241014 0.19754 -1.16026
288.921 0.221463 0.508741 2.11463 2.83747 0.281718 0.0972074 0.194858 0.538257 2.17125 2.83092 0.417058 0.0627885 -0.0266057 0.0295157 0.0566118 -0.00654264 0.135341 -0.0344189 0.069166 7.97797 0.284823 0.435863 2.05814 2.61733 -0.00923147 -0.0163832 0.0633595 -0.0728784 -0.0564914 -0.220133 -0.290949 -0.113591 0.111879 21.3393 -2.64565 -2.7896 3.158 0.0177468 -0.0119239 2.22848 -2.97568 -2.09986 1.02421 0.180295 0.231994 -1.09851
289.326 0.223945 0.501426 2.115 2.85174 0.257158 0.108527 0.196587 0.534559 2.17904 2.88182 0.34811 0.0800251 -0.0273588 0.0331332 0.0640394 0.0300734 0.0909516 -0.0285016 0.0771191 5.87076 0.284176 0.430614 2.05354 2.61765 -0.005927 -0.0119257 0.060231 -0.070812 -0.0614629 -0.234092 -0.263085 -0.120452 0.111444 20.7353 -2.56584 -2.76782 3.15429 0.0185777 -0.0117077 2.25464 -2.9168 -2.08153 1.02352 0.152012 0.243459 -1.07345
289.64 0.225263 0.493788 2.11567 2.86409 0.230675 0.119976 0.200229 0.526538 2.17734 2.88625 0.353374 0.0800454 -0.0250334 0.0327498 0.0616665 0.0221546 0.122698 -0.0399308 0.0741753 7.61133 0.290751 0.426092 2.05157 2.61754 -0.00996551 -0.0173906 0.0654882 -0.067696 -0.0641003 -0.246551 -0.240641 -0.137367 0.113931 20.6271 -2.48689 -2.7438 3.15056 0.0183292 -0.0112248 2.28061 -2.85851 -2.06118 1.0227 0.123178 0.252988 -1.04925
289.969 0.228356 0.484031 2.11664 2.87661 0.194573 0.134741 0.200324 0.514732 2.16714 2.9734 0.28151 0.128751 -0.0280318 0.030701 0.0505026 0.0967902 0.086937 -0.00599004 0.0654129 7.52076 0.286804 0.416703 2.04922 2.61764 -0.00889098 -0.0158188 0.0584482 -0.0673284 -0.0674218 -0.258966 -0.203464 -0.15056 0.111781 20.1313 -2.3831 -2.70826 3.14569 0.0174042 -0.0104557 2.31542 -2.78178 -2.03102 1.02145 0.0854035 0.261992 -1.01803
290.542 0.234651 0.470962 2.11866 2.88338 0.148746 0.154698 0.205189 0.495965 2.16512 2.74169 0.108146 0.149693 -0.0294622 0.0250028 0.0464557 -0.141699 -0.0406003 -0.00500509 0.060426 8.41438 0.291101 0.407854 2.04441 2.61754 -0.0099964 -0.0180353 0.0564498 -0.063108 -0.0742526 -0.265845 -0.158743 -0.172734 0.112617 19.7608 -2.23106 -2.64743 3.13892 0.0168444 -0.00993324 2.36836 -2.669 -1.97975 1.01911 0.0348502 0.265377 -0.972092
290.895 0.24041 0.464291 2.12006 2.88081 0.121486 0.167426 0.210775 0.495812 2.1936 2.7516 0.108204 0.16903 -0.0296344 0.0315203 0.0735479 -0.129206 -0.013282 0.00160326 0.0853289 7.45293 0.28664 0.40308 2.04504 2.61749 -0.00952854 -0.0172413 0.0462303 -0.0612109 -0.075017 -0.263317 -0.131014 -0.184668 0.107292 19.4142 -2.1324 -2.60188 3.13483 0.0168193 -0.0101258 2.404 -2.59574 -1.94195 1.01722 0.00384425 0.26138 -0.941962
291.205 0.24744 0.45995 2.12095 2.87622 0.104169 0.176841 0.215691 0.489749 2.18744 2.84461 0.234061 0.126585 -0.0317486 0.0297987 0.0664887 -0.03161 0.129893 -0.0502552 0.0794775 8.07375 0.285859 0.39956 2.04563 2.61752 -0.00590629 -0.0133009 0.0384192 -0.0603899 -0.0753195 -0.258703 -0.110075 -0.190141 0.103904 19.0079 -2.05994 -2.56511 3.13205 0.0182371 -0.0104804 2.4311 -2.54195 -1.91188 1.01573 -0.018196 0.255704 -0.919658
291.548 0.259616 0.455771 2.12135 2.87047 0.0891493 0.18607 0.223242 0.480354 2.16922 3.0983 0.27494 0.151408 -0.0363746 0.0245834 0.0478661 0.22783 0.18579 -0.0346619 0.0649509 17.2204 0.294702 0.399167 2.045 2.61752 -0.00818554 -0.016504 0.0350857 -0.0566037 -0.0763562 -0.252945 -0.0973349 -0.202574 0.101318 19.0063 -1.98881 -2.52606 3.12952 0.0214205 -0.0106028 2.45889 -2.48927 -1.88045 1.01424 -0.0393688 0.248426 -0.897696
291.937 0.268443 0.451122 2.12257 2.86133 0.0690089 0.200987 0.240715 0.48548 2.21576 2.86915 0.262977 0.142154 -0.0277277 0.0343572 0.093186 0.00782115 0.193969 -0.0588327 0.103116 11.6421 0.29594 0.396575 2.04526 2.61746 -0.0089594 -0.0164755 0.0274975 -0.0545479 -0.077312 -0.243868 -0.0779683 -0.217462 0.0985329 18.9481 -1.89602 -2.47035 3.12653 0.0225879 -0.0107825 2.49646 -2.42089 -1.83659 1.01226 -0.0660628 0.237578 -0.868943
292.503 0.269723 0.448648 2.12514 2.84441 0.0412852 0.2273 0.250032 0.475849 2.19661 3.09667 0.298283 0.168724 -0.0196902 0.027201 0.071477 0.252258 0.256998 -0.0585753 0.0789719 21.2638 0.296272 0.399161 2.0452 2.61707 -0.00895309 -0.0151259 0.0265498 -0.0494872 -0.0799412 -0.227336 -0.0502383 -0.242425 0.0976958 19.0819 -1.7614 -2.3789 3.12298 0.0212682 -0.0127168 2.5538 -2.32261 -1.76723 1.0094 -0.10424 0.219305 -0.825924
292.983 0.271405 0.451229 2.12568 2.83263 0.0251502 0.239527 0.250032 0.475849 2.19661 3.09667 0.298283 0.168724 -0.0213724 0.0246205 0.0709336 0.264033 0.273133 -0.0708032 0.0780674 22.5481 0.290847 0.39887 2.04693 2.61693 -0.0079353 -0.0132229 0.0194425 -0.0523587 -0.0787484 -0.215704 -0.0330855 -0.25275 0.0965441 19.0295 -1.69629 -2.32976 3.12166 0.0192557 -0.0143247 2.58257 -2.27543 -1.7312 1.008 -0.12192 0.208944 -0.803461
293.304 0.276034 0.453293 2.12602 2.82099 0.0135389 0.250019 0.247195 0.474414 2.18123 3.12364 0.386136 0.186965 -0.0288392 0.0211205 0.0552095 0.302646 0.372597 -0.0630545 0.0657713 28.1205 0.291658 0.403012 2.04566 2.61699 -0.00761705 -0.0142198 0.0156239 -0.0502815 -0.0803568 -0.204005 -0.021156 -0.264239 0.0960705 19.1167 -1.63271 -2.2785 3.12059 0.0196031 -0.0158366 2.61175 -2.22952 -1.69431 1.00667 -0.13755 0.197983 -0.779813
293.785 0.287026 0.455665 2.12597 2.80599 0.00591897 0.261006 0.253771 0.477022 2.17948 -3.09258 0.294005 0.217125 -0.0332556 0.0213569 0.05351 -5.89857 0.288086 -0.0438807 0.0665235 27.8838 0.305551 0.406477 2.04454 2.617 -0.00864005 -0.0166139 0.0185251 -0.0491878 -0.0814349 -0.188995 -0.014559 -0.27762 0.096924 19.253 -1.55035 -2.20693 3.11955 0.0232859 -0.0177738 2.65167 -2.17022 -1.64384 1.00499 -0.153518 0.182837 -0.746384
294.085 0.295071 0.457422 2.12591 2.7949 0.00478159 0.267452 0.2627 0.478697 2.18343 3.11725 0.393502 0.185449 -0.0323704 0.0212747 0.0575248 0.322354 0.38872 -0.0820025 0.069351 29.8164 0.315999 0.408026 2.04831 2.61707 -0.00780132 -0.0157757 0.0209281 -0.0493963 -0.0776018 -0.177831 -0.0125829 -0.283228 0.0943399 19.1696 -1.49033 -2.15079 3.11902 0.0261456 -0.0190263 2.68232 -2.12712 -1.605 1.00379 -0.160575 0.171431 -0.720167
294.482 0.305157 0.45854 2.12594 2.78172 0.0109492 0.273411 0.276416 0.486061 2.2073 -3.08059 0.218949 0.216411 -0.0287413 0.027521 0.0813634 -5.86231 0.208 -0.0569998 0.090573 27.3859 0.324573 0.409366 2.05236 2.61714 -0.00550272 -0.0120728 0.0194161 -0.0491738 -0.0735795 -0.164576 -0.0164519 -0.285484 0.0906035 18.8654 -1.4126 -2.07252 3.1186 0.0297793 -0.0198783 2.72434 -2.07136 -1.55175 1.00234 -0.161533 0.157023 -0.684356
294.752 0.30702 0.459754 2.12655 2.7725 0.0203219 0.277324 0.281068 0.481917 2.18449 -3.10252 0.303881 0.215687 -0.0259526 0.0221628 0.0579485 -5.87502 0.283559 -0.0616368 0.0672514 29.0887 0.341157 0.412971 2.05299 2.61705 -0.0104536 -0.0184933 0.0341371 -0.0467833 -0.0735604 -0.155455 -0.0307755 -0.295817 0.0936224 19.1733 -1.35603 -2.0112 3.11856 0.0305247 -0.0205759 2.75645 -2.03077 -1.51065 1.00142 -0.155814 0.147083 -0.657415
295.435 0.305073 0.463819 2.12789 2.75498 0.0526111 0.283191 0.287874 0.492282 2.21466 3.0796 0.321922 0.216452 -0.0171989 0.0284631 0.0867742 0.324618 0.269311 -0.066739 0.0929286 24.958 0.344287 0.412951 2.06056 2.61707 -0.00621804 -0.0100606 0.039214 -0.0508681 -0.0673292 -0.137913 -0.0588291 -0.293251 0.0930512 18.6923 -1.23006 -1.85956 3.11895 0.0287979 -0.0218707 2.83267 -1.94018 -1.41068 0.999852 -0.128801 0.128934 -0.596361
295.663 0.301959 0.465247 2.1284 2.75132 0.0626257 0.285181 0.283369 0.492335 2.20986 -3.09863 0.30887 0.235103 -0.0185902 0.0270881 0.0814587 -5.84995 0.246245 -0.0500779 0.0878344 29.0949 0.353309 0.413843 2.06161 2.61694 -0.00964029 -0.0156119 0.0513495 -0.051404 -0.0667875 -0.134382 -0.072266 -0.300793 0.09869 19.1261 -1.1957 -1.81416 3.11909 0.0275589 -0.0223771 2.85448 -1.91537 -1.38105 0.999534 -0.119886 0.125331 -0.57953
296.082 0.296138 0.468776 2.12906 2.7449 0.0815516 0.289182 0.276453 0.492328 2.19233 -3.0826 0.217861 0.24739 -0.0196851 0.0235524 0.0632651 -5.8275 0.136309 -0.0417919 0.0703185 27.6748 0.35317 0.413021 2.06663 2.61677 -0.00856504 -0.0138674 0.0570321 -0.0557549 -0.0624297 -0.128131 -0.0901166 -0.303049 0.101285 19.2895 -1.12931 -1.72087 3.11943 0.025278 -0.0236418 2.89787 -1.86712 -1.32036 0.999045 -0.103364 0.119308 -0.546366
296.826 0.287306 0.475548 2.13017 2.7312 0.10491 0.299117 0.265286 0.497059 2.18818 -3.09259 0.306687 0.266541 -0.0220196 0.0215104 0.058008 -5.82379 0.201778 -0.0325763 0.0656696 29.1142 0.367448 0.422752 2.06807 2.61682 -0.0104584 -0.0177108 0.0801419 -0.0527962 -0.0620994 -0.11438 -0.115368 -0.316828 0.114309 20.1037 -1.02088 -1.55045 3.12075 0.02296 -0.0262179 2.97275 -1.78671 -1.20958 0.998591 -0.0862341 0.106195 -0.488124
297.323 0.286165 0.477046 2.13087 2.72447 0.110951 0.304622 0.263741 0.501554 2.19112 -3.09618 0.299671 0.266397 -0.0224241 0.0245086 0.0602483 -5.82065 0.18872 -0.0382249 0.0687995 29.0782 0.368198 0.421463 2.07136 2.61683 -0.00797624 -0.0139928 0.082033 -0.0555829 -0.0595037 -0.107642 -0.118927 -0.318614 0.115584 20.1338 -0.977511 -1.47492 3.12169 0.0237798 -0.0269026 3.00477 -1.75368 -1.16023 0.998542 -0.0845907 0.0984397 -0.462296
297.784 0.289333 0.478729 2.13088 2.71671 0.113057 0.309694 0.263741 0.501554 2.19112 -3.09618 0.299671 0.266397 -0.0255926 0.0228249 0.0602327 -5.8129 0.186614 -0.0432968 0.0693104 29.5251 0.379049 0.428358 2.07121 2.61698 -0.00810588 -0.0140283 0.0897163 -0.0503714 -0.0596692 -0.0997371 -0.121163 -0.323722 0.11894 20.3224 -0.936047 -1.39796 3.12286 0.0250707 -0.0270731 3.037 -1.7215 -1.10968 0.998586 -0.0864655 0.0896365 -0.435627
298.651 0.306589 0.478679 2.13126 2.6965 0.11253 0.325323 0.277142 0.507031 2.20592 -3.00629 0.242187 0.277707 -0.0294471 0.028352 0.0746643 -5.70279 0.129657 -0.047616 0.0851218 34.6227 0.405546 0.42501 2.07496 2.61701 -0.00726737 -0.0130039 0.0989573 -0.0536694 -0.0562944 -0.0794863 -0.119797 -0.338327 0.125865 20.8243 -0.847045 -1.2127 3.12712 0.0328699 -0.0256513 3.11543 -1.64937 -0.986816 0.999277 -0.101291 0.0625403 -0.369272
299.433 0.312478 0.482673 2.13253 2.6708 0.102381 0.345362 0.2861 0.504387 2.18618 -3.00647 0.250663 0.308409 -0.0263778 0.0217145 0.0536529 -5.67728 0.148282 -0.0369527 0.0636077 36.1296 0.428779 0.428788 2.07299 2.61699 -0.0099744 -0.0165836 0.116301 -0.0538846 -0.0595379 -0.0538113 -0.112356 -0.361946 0.14133 21.7838 -0.769717 -1.01887 3.13306 0.0338616 -0.0241642 -3.08578 -1.58153 -0.856258 1.00047 -0.120113 0.031652 -0.297551
300.15 0.320553 0.485868 2.13301 2.65121 0.0960271 0.359899 0.290492 0.505081 2.17653 -2.94531 0.264503 0.320217 -0.0300608 0.0192126 0.0435137 -5.59652 0.168476 -0.0396821 0.0562691 40.9198 0.436186 0.429991 2.0788 2.61749 -0.00784896 -0.0135078 0.115633 -0.0558773 -0.054212 -0.0337274 -0.103876 -0.373407 0.1394 22.1987 -0.713571 -0.846263 3.13867 0.0355267 -0.0216599 -3.01351 -1.52726 -0.73774 1.00142 -0.133258 0.00661623 -0.232364
301.163 0.333596 0.49583 2.13199 2.62576 0.0904585 0.381144 0.310113 0.519414 2.20108 -2.94554 0.272893 0.340333 -0.0234834 0.0235837 0.0690924 -5.5713 0.182434 -0.0408112 0.0766904 42.5208 0.46838 0.434594 2.09524 2.61701 -0.0108832 -0.0178694 0.134784 -0.0612364 -0.0367472 -0.00875182 -0.101342 -0.399013 0.152535 23.564 -0.643394 -0.546432 3.14938 0.0379297 -0.0168834 -2.89081 -1.44673 -0.526633 1.00321 -0.148742 -0.0280921 -0.121458
301.529 0.331949 0.502638 2.13135 2.61965 0.0869588 0.388844 0.310067 0.520147 2.18793 -2.90404 0.338288 0.327999 -0.0218815 0.017509 0.056581 -5.5237 0.251329 -0.0608451 0.0631409 46.5468 0.471698 0.435646 2.10254 2.61708 -0.00895991 -0.0131169 0.139749 -0.0669923 -0.02881 -0.00257787 -0.0959187 -0.401961 0.157632 23.6635 -0.628545 -0.45383 3.15306 0.0364153 -0.0165007 -2.85421 -1.4256 -0.460186 1.00407 -0.153912 -0.0353469 -0.0887565
301.861 0.322682 0.51287 2.13083 2.61369 0.0775909 0.400704 0.311232 0.537167 2.2236 -3.02108 0.392005 0.344946 -0.0114497 0.0242974 0.092773 -5.63476 0.314414 -0.0557583 0.096583 41.935 0.464239 0.44027 2.11011 2.61736 -0.00792541 -0.0103289 0.141557 -0.0725994 -0.0207158 0.00366794 -0.0855163 -0.411033 0.160432 24.0558 -0.613315 -0.328901 3.15817 0.0315896 -0.0161644 -2.8064 -1.40006 -0.369599 1.00556 -0.163164 -0.0416045 -0.0455937
302.541 0.310329 0.524605 2.12968 2.61326 0.0543167 0.419656 0.294225 0.551048 2.21271 -2.96063 0.380563 0.359748 -0.0161042 0.0264423 0.0830263 -5.57389 0.326247 -0.0599078 0.088611 45.3634 0.470412 0.450739 2.11553 2.6177 -0.00834509 -0.0118611 0.160083 -0.0738663 -0.0141537 0.00443296 -0.0626618 -0.431517 0.176871 24.9864 -0.600095 -0.139594 3.16598 0.0259807 -0.0141491 -2.73687 -1.3681 -0.230114 1.00857 -0.186654 -0.0438268 0.019359
303.506 0.30145 0.535269 2.12676 2.62676 -0.00543696 0.45006 0.259991 0.518087 2.04474 -2.89534 0.535901 0.377623 -0.0414589 -0.017182 -0.0820188 -5.52209 0.541338 -0.0724366 0.0934941 54.116 0.47684 0.448005 2.12403 2.61796 -0.00834718 -0.0126097 0.17539 -0.0872636 -0.00273277 -0.00879221 -0.00291022 -0.462669 0.195919 26.5177 -0.603524 0.176756 3.17858 0.0232966 -0.00770965 -2.6265 -1.33409 0.00958863 1.01477 -0.248718 -0.0356061 0.130084
304.158 0.291049 0.543394 2.12493 2.63379 -0.0570553 0.470862 0.267005 0.561928 2.16585 -2.98604 0.529726 0.368636 -0.0240442 0.0185341 0.0409151 -5.61983 0.586781 -0.102227 0.0509478 51.6794 0.476205 0.451968 2.13153 2.61789 -0.0105345 -0.0176913 0.185157 -0.0914262 0.00660205 -0.0158973 0.0465208 -0.488553 0.206604 28.1612 -0.625222 0.396104 3.18697 0.0199534 -0.00395932 -2.55317 -1.32635 0.180514 1.01934 -0.299558 -0.028519 0.208038
304.72 0.285868 0.552812 2.12287 2.6326 -0.101978 0.488941 0.263983 0.573993 2.17986 -3.08756 0.569469 0.347021 -0.0218847 0.0211813 0.0569881 -5.72017 0.671446 -0.14192 0.064616 51.6411 0.465681 0.447713 2.14054 2.61806 -0.00610567 -0.00988661 0.179813 -0.105099 0.0176696 -0.0145487 0.095872 -0.498828 0.209023 29.1489 -0.656439 0.581013 3.1943 0.0189228 -0.00239728 -2.49231 -1.33099 0.327046 1.0234 -0.346197 -0.027407 0.27456
305.349 0.28279 0.564043 2.12125 2.61944 -0.14165 0.507625 0.257082 0.584779 2.17016 -3.02951 0.580751 0.339899 -0.0257074 0.0207362 0.048904 -5.64895 0.722401 -0.167726 0.0590124 56.7115 0.464087 0.451984 2.15143 2.61772 -0.00830471 -0.0139138 0.181297 -0.112059 0.0301779 -0.00172171 0.133345 -0.521539 0.215259 30.829 -0.699124 0.762084 3.20219 0.0192852 -0.00230382 -2.43316 -1.34615 0.472197 1.02748 -0.390544 -0.0366111 0.341109
305.719 0.276008 0.573107 2.12104 2.60015 -0.163637 0.520535 0.251177 0.583452 2.14446 -3.00187 0.617789 0.370791 -0.0248318 0.0103446 0.0234222 -5.60202 0.781425 -0.149745 0.0356683 60.5856 0.447548 0.459144 2.15627 2.61756 -0.00807721 -0.01198 0.171539 -0.113963 0.0352352 0.0174113 0.15556 -0.532516 0.208937 31.6893 -0.733821 0.880337 3.20808 0.0171007 -0.00287205 -2.39477 -1.36203 0.567727 1.03025 -0.414275 -0.0511305 0.386049
306.009 0.271869 0.579662 2.12135 2.58107 -0.174671 0.529173 0.248336 0.597607 2.16856 -3.01447 0.616791 0.334368 -0.023533 0.0179451 0.0472105 -5.59554 0.791461 -0.194804 0.0557195 61.9468 0.447742 0.466174 2.15957 2.61763 -0.0106786 -0.0177225 0.175873 -0.113487 0.0382175 0.0365594 0.163992 -0.546895 0.21277 32.5584 -0.762992 0.967563 3.21291 0.0161906 -0.00347389 -2.36631 -1.37691 0.638528 1.03237 -0.427834 -0.0669347 0.420376
306.385 0.269312 0.588213 2.12204 2.55026 -0.182044 0.538545 0.244798 0.609602 2.18783 -2.9863 0.653074 0.356639 -0.0245138 0.0213897 0.0657962 -5.53656 0.835118 -0.181906 0.0734002 65.7459 0.441147 0.471012 2.16476 2.61753 -0.00987069 -0.0166541 0.171835 -0.117201 0.0427249 0.0672706 0.172173 -0.555199 0.212341 33.1305 -0.80591 1.08174 3.21979 0.0162784 -0.00443685 -2.32856 -1.40062 0.731552 1.03523 -0.440176 -0.0940736 0.467076
306.738 0.267276 0.594693 2.12288 2.52375 -0.183085 0.544264 0.245028 0.617817 2.18986 -2.99088 0.652829 0.354346 -0.022248 0.0231245 0.0669789 -5.51463 0.835914 -0.189918 0.074269 66.7312 0.42847 0.473004 2.17036 2.61733 -0.00713868 -0.0119747 0.161194 -0.121689 0.0474751 0.0935864 0.175947 -0.556238 0.207474 33.3187 -0.84103 1.16573 3.22517 0.0163243 -0.00539169 -2.30037 -1.42126 0.800114 1.0374 -0.445374 -0.117979 0.50267
307.002 0.268428 0.59913 2.12312 2.50503 -0.181512 0.546586 0.240387 0.62097 2.17393 -2.96031 0.633195 0.349266 -0.0280408 0.0218404 0.0508104 -5.46534 0.814707 -0.19732 0.062008 67.8843 0.430827 0.479094 2.16964 2.61745 -0.0099821 -0.0169666 0.162399 -0.120036 0.0465179 0.112413 0.17153 -0.563552 0.207234 33.7207 -0.865805 1.22091 3.22881 0.0169988 -0.00602341 -2.28149 -1.43634 0.845191 1.03885 -0.446955 -0.135266 0.526637
307.371 0.263871 0.607852 2.12581 2.45554 -0.172561 0.551432 0.241963 0.635185 2.19671 -2.91114 0.619933 0.393967 -0.0219083 0.0273339 0.0708929 -5.36668 0.792494 -0.157465 0.0790755 70.4179 0.424221 0.484846 2.17268 2.61756 -0.0103813 -0.0167762 0.16035 -0.123006 0.0468646 0.16202 0.16218 -0.568208 0.207458 34.2389 -0.932406 1.356 3.23791 0.0167375 -0.00734759 -2.23412 -1.47854 0.955467 1.04246 -0.445034 -0.181801 0.587198
307.699 0.259204 0.611382 2.12798 2.42573 -0.165558 0.552252 0.239908 0.643183 2.20416 -2.89254 0.604139 0.351837 -0.0192962 0.0318006 0.0761788 -5.31827 0.769697 -0.200415 0.0847752 72.4222 0.416051 0.488101 2.17431 2.61774 -0.00795109 -0.0116383 0.156846 -0.123282 0.0463299 0.192004 0.157607 -0.56389 0.204806 34.3385 -0.975457 1.43502 3.2431 0.0155037 -0.00754541 -2.20566 -1.50684 1.01982 1.04455 -0.44067 -0.210251 0.623697
307.934 0.255825 0.613425 2.13023 2.39829 -0.157241 0.550981 0.230461 0.6377 2.17894 -2.86923 0.634288 0.385823 -0.0253632 0.0242752 0.0487119 -5.26752 0.791529 -0.165157 0.0600452 74.8721 0.41806 0.494323 2.17126 2.61777 -0.0118443 -0.0193854 0.162235 -0.119102 0.041028 0.219483 0.145397 -0.570366 0.205399 34.9225 -1.02072 1.5124 3.24789 0.0149136 -0.00739447 -2.17709 -1.53732 1.08267 1.04652 -0.434701 -0.237316 0.660003
308.242 0.248463 0.615404 2.13342 2.36625 -0.146463 0.548046 0.230399 0.64479 2.19632 -2.79813 0.615712 0.390614 -0.0180639 0.0293863 0.0629082 -5.16438 0.762175 -0.157432 0.0717447 78.457 0.413601 0.496065 2.17308 2.61771 -0.0108542 -0.0165993 0.165138 -0.119339 0.0396611 0.251466 0.135608 -0.564645 0.20757 35.1262 -1.08437 1.61288 3.25338 0.0134468 -0.00752232 -2.13908 -1.58123 1.16394 1.04889 -0.425532 -0.269103 0.707636
308.497 0.24594 0.617914 2.13403 2.3505 -0.142279 0.544934 0.224868 0.649138 2.20762 -2.77792 0.574685 0.37498 -0.0210718 0.0312241 0.0735923 -5.12841 0.716964 -0.169954 0.0826728 78.9578 0.40676 0.500749 2.17335 2.61769 -0.011077 -0.0172222 0.16082 -0.117165 0.0393237 0.267189 0.131202 -0.562156 0.202823 35.2804 -1.11755 1.66191 3.25571 0.011925 -0.00787303 -2.12028 -1.60452 1.20343 1.04995 -0.420897 -0.28269 0.731027
309.373 0.24201 0.624446 2.13624 2.3068 -0.130007 0.534562 0.213686 0.649313 2.18215 -2.75571 0.562093 0.365557 -0.0283242 0.0248667 0.0459169 -5.06251 0.6921 -0.169005 0.0594052 81.4662 0.396049 0.517937 2.17985 2.61715 -0.00808458 -0.0133092 0.154039 -0.106508 0.0436141 0.310352 0.121922 -0.547871 0.192287 35.5496 -1.29573 1.89415 3.26351 0.0126516 -0.0111712 -2.0265 -1.73306 1.3882 1.05479 -0.411838 -0.321729 0.842528
309.711 0.241406 0.62504 2.1364 2.30316 -0.13421 0.537251 0.212763 0.647501 2.1728 -2.71836 0.558177 0.383554 -0.0286429 0.0224606 0.0364077 -5.02152 0.692387 -0.153697 0.0514822 83.1899 0.396857 0.525576 2.18229 2.61748 -0.0125807 -0.0206644 0.155451 -0.0994645 0.0458928 0.314327 0.121629 -0.557915 0.19017 36.0581 -1.37237 1.98096 3.26515 0.0136899 -0.0127166 -1.98903 -1.78941 1.45569 1.05694 -0.419025 -0.322974 0.883546
309.931 0.240917 0.624835 2.13635 2.30348 -0.138526 0.539927 0.212763 0.647501 2.1728 -2.71836 0.558177 0.383554 -0.0281539 0.022666 0.0364533 -5.02184 0.696703 -0.156373 0.0513345 83.3015 0.389281 0.525192 2.18513 2.61733 -0.00892365 -0.014446 0.148364 -0.0996432 0.0487827 0.313847 0.129602 -0.554373 0.185258 35.959 -1.4118 2.02306 3.26576 0.0137968 -0.0133116 -1.97041 -1.81851 1.48805 1.05811 -0.424454 -0.32122 0.90313
310.287 0.235823 0.622868 2.13685 2.30659 -0.149912 0.547974 0.214965 0.659019 2.21496 -2.77296 0.602105 0.371886 -0.0208581 0.0361514 0.0781128 -5.07956 0.752016 -0.176088 0.0885641 82.3691 0.388762 0.529856 2.18497 2.61761 -0.0117208 -0.018169 0.152938 -0.093012 0.0481183 0.311018 0.138191 -0.566143 0.185356 36.447 -1.49277 2.10464 3.26675 0.0126644 -0.0142426 -1.93372 -1.87841 1.55006 1.06065 -0.43745 -0.31484 0.940635
310.957 0.230972 0.614925 2.13828 2.31604 -0.169713 0.562386 0.206219 0.657259 2.23541 -2.7951 0.608775 0.381004 -0.0247528 0.042334 0.0971264 -5.11115 0.778488 -0.181382 0.108804 81.6429 0.389588 0.524553 2.18801 2.61779 -0.0111202 -0.018713 0.158616 -0.0903719 0.0497273 0.301749 0.158593 -0.581099 0.189206 37.0755 -1.64067 2.23863 3.26832 0.012775 -0.014774 -1.87074 -1.98806 1.65033 1.06566 -0.461384 -0.301601 1.00308
311.366 0.23248 0.610161 2.1388 2.32231 -0.177428 0.568693 0.206124 0.644979 2.20326 -2.72925 0.592868 0.393988 -0.0263566 0.0348181 0.064456 -5.05156 0.770296 -0.174705 0.077856 83.9859 0.384515 0.522046 2.18745 2.61755 -0.00814139 -0.0136575 0.152035 -0.0881157 0.0486505 0.295239 0.169286 -0.582351 0.182334 37.1135 -1.72845 2.31002 3.26906 0.0145889 -0.01533 -1.83451 -2.05319 1.70307 1.06852 -0.472542 -0.294336 1.03774
312.191 0.232331 0.602587 2.14025 2.32631 -0.188879 0.5821 0.206544 0.633734 2.20762 -2.71869 0.563565 0.423943 -0.0257868 0.0311468 0.0673695 -5.045 0.752445 -0.158157 0.0785731 83.4169 0.397776 0.527384 2.18373 2.61747 -0.0121129 -0.0184967 0.165446 -0.0752035 0.0434777 0.291167 0.176766 -0.600597 0.186864 37.9152 -1.91101 2.44122 3.27066 0.0160081 -0.0172292 -1.76025 -2.18769 1.79905 1.07399 -0.49089 -0.287509 1.10845
312.58 0.221945 0.599161 2.14274 2.3165 -0.194918 0.593961 0.199104 0.62667 2.18996 -2.72842 0.653603 0.415801 -0.0228408 0.0275086 0.0472276 -5.04493 0.848521 -0.17816 0.0592357 86.6448 0.38588 0.527804 2.18255 2.61763 -0.0121176 -0.0186019 0.163936 -0.0713578 0.0398128 0.301123 0.1828 -0.612563 0.183172 38.7342 -2.02948 2.51518 3.2723 0.0130169 -0.018909 -1.71326 -2.27392 1.85313 1.07729 -0.50116 -0.293412 1.1558
313.261 0.221845 0.59628 2.14513 2.29565 -0.194158 0.603616 0.194808 0.63269 2.22791 -2.73395 0.627293 0.407212 -0.0270366 0.0364097 0.0827809 -5.0296 0.821451 -0.196403 0.0943892 86.7926 0.389974 0.525483 2.1781 2.61758 -0.0102275 -0.0161721 0.168129 -0.0707968 0.0329727 0.321931 0.183931 -0.619788 0.185383 39.5365 -2.17516 2.59554 3.27487 0.0139509 -0.0208318 -1.65624 -2.37923 1.91276 1.08075 -0.510103 -0.311738 1.21635
313.81 0.220717 0.594084 2.14809 2.26684 -0.18962 0.612534 0.19347 0.624534 2.21266 -2.65868 0.609512 0.447324 -0.0272474 0.0304508 0.0645746 -4.92552 0.799132 -0.16521 0.0764169 90.5415 0.39379 0.523593 2.17185 2.61778 -0.00970094 -0.0152071 0.173072 -0.0704911 0.0237614 0.350937 0.179919 -0.627741 0.188381 40.5249 -2.32419 2.66664 3.2774 0.0144935 -0.0223684 -1.59914 -2.48625 1.96705 1.08321 -0.516556 -0.338506 1.27928
314.153 0.219212 0.591634 2.1505 2.24616 -0.186135 0.619058 0.194213 0.625932 2.22111 -2.69499 0.61665 0.428194 -0.0249991 0.0342978 0.070608 -4.94115 0.802785 -0.190864 0.082382 90.3404 0.397096 0.521432 2.16954 2.6181 -0.00854905 -0.0127523 0.177884 -0.0702022 0.0190403 0.371941 0.177586 -0.631811 0.192181 41.2099 -2.42519 2.70884 3.27874 0.0147605 -0.0225533 -1.56096 -2.55839 2.00049 1.08412 -0.521016 -0.35865 1.32177
314.796 0.21607 0.588821 2.15427 2.20938 -0.179186 0.630064 0.192211 0.629366 2.25417 -2.64941 0.613364 0.441651 -0.0238592 0.0405458 0.0998968 -4.8588 0.79255 -0.188412 0.11042 94.0099 0.405321 0.52764 2.16736 2.61835 -0.00943875 -0.0142464 0.189252 -0.0611803 0.0130889 0.408967 0.169747 -0.64431 0.199325 42.6589 -2.60462 2.77229 3.28054 0.0147735 -0.0221383 -1.49403 -2.68618 2.05422 1.08435 -0.527984 -0.395218 1.39599
315.437 0.213921 0.591608 2.15609 2.18203 -0.163122 0.632874 0.185756 0.615887 2.2129 -2.59611 0.652677 0.474758 -0.0281644 0.024279 0.0568151 -4.77814 0.815799 -0.158116 0.0679019 98.1755 0.409163 0.540734 2.1599 2.61828 -0.0106417 -0.0161034 0.195242 -0.0508738 0.00380945 0.436251 0.15248 -0.648977 0.201797 43.5481 -2.78668 2.82196 3.28209 0.0153534 -0.0223878 -1.42674 -2.81668 2.10226 1.08326 -0.521857 -0.425719 1.46448
316.035 0.21322 0.596517 2.15586 2.17584 -0.14239 0.624649 0.186691 0.628026 2.23528 -2.58179 0.595663 0.47829 -0.0265292 0.0315088 0.079414 -4.75763 0.738053 -0.146358 0.0894606 97.2328 0.41611 0.551407 2.15575 2.6183 -0.011593 -0.0174979 0.202891 -0.0451103 -0.000112292 0.442458 0.130797 -0.642147 0.207845 43.4044 -2.91784 2.84891 3.28296 0.0158549 -0.0226618 -1.37833 -2.91236 2.13295 1.08175 -0.500655 -0.438119 1.50531
316.378 0.21352 0.601401 2.15496 2.17812 -0.121578 0.613813 0.186759 0.63216 2.23609 -2.58364 0.595947 0.477229 -0.0267611 0.0307589 0.0811258 -4.76175 0.717525 -0.136583 0.0907947 96.5448 0.421427 0.557347 2.14931 2.61842 -0.0104274 -0.0158696 0.207907 -0.044054 -0.0056524 0.440299 0.111151 -0.629682 0.212598 42.8413 -3.02322 2.86538 3.28359 0.0164737 -0.0226359 -1.33918 -2.99056 2.15519 1.08024 -0.475814 -0.442712 1.5337
317.024 0.216376 0.610665 2.15192 2.19582 -0.0849439 0.593546 0.188992 0.640521 2.22749 -2.58929 0.510711 0.449586 -0.0273838 0.0298557 0.07557 -4.78511 0.595654 -0.143961 0.0857441 93.065 0.430191 0.56869 2.13997 2.61843 -0.0120286 -0.0187544 0.213815 -0.041975 -0.011943 0.422609 0.0729153 -0.612301 0.218223 41.6284 -3.20816 2.88352 3.284 0.0179833 -0.0217061 -1.26992 -3.13085 2.18835 1.07689 -0.428403 -0.437893 1.57802
317.306 0.220688 0.615335 2.14959 2.20902 -0.0716658 0.585844 0.189805 0.641588 2.21447 -2.62093 0.507838 0.464769 -0.0308823 0.0262533 0.0648795 -4.82995 0.579503 -0.121075 0.0765004 90.137 0.430333 0.569233 2.14003 2.61849 -0.0102067 -0.0156863 0.209645 -0.0461019 -0.00955536 0.409468 0.0614592 -0.60153 0.214867 40.8315 -3.28752 2.8872 3.2837 0.0193198 -0.0211063 -1.24011 -3.19221 2.19992 1.07521 -0.410785 -0.429929 1.59607
317.59 0.219249 0.619927 2.14761 2.22403 -0.0623501 0.58259 0.194885 0.650424 2.22823 -2.65724 0.516415 0.446773 -0.0243647 0.0304962 0.0806199 -4.88127 0.578766 -0.135817 0.0895725 87.7407 0.428732 0.572093 2.14112 2.61847 -0.0077289 -0.0103251 0.209483 -0.047834 -0.00648675 0.394441 0.0546212 -0.592915 0.214972 40.0666 -3.36689 2.88845 3.28308 0.0190126 -0.0207882 -1.21037 -3.25418 2.2097 1.07344 -0.397042 -0.41848 1.61425
317.959 0.216291 0.628818 2.14376 2.24588 -0.057401 0.581768 0.191677 0.649702 2.20255 -2.63246 0.479998 0.460738 -0.0246148 0.0208837 0.0587879 -4.87834 0.537399 -0.121029 0.0670674 86.8378 0.429333 0.577186 2.14021 2.61833 -0.0105867 -0.0158356 0.213042 -0.0516318 -0.00354979 0.372448 0.0468143 -0.597603 0.219238 39.6403 -3.47264 2.8864 3.28191 0.016833 -0.0209272 -1.17116 -3.33763 2.21972 1.07113 -0.386391 -0.399019 1.6397
318.274 0.216617 0.635799 2.14045 2.26352 -0.0575083 0.583981 0.188204 0.657334 2.19613 -2.66285 0.539808 0.451492 -0.0284128 0.0215351 0.0556845 -4.92637 0.597316 -0.132489 0.0661197 85.7981 0.426902 0.580927 2.14046 2.6182 -0.0110281 -0.0168104 0.210286 -0.0548723 1.06138e-05 0.354683 0.0464802 -0.600791 0.217327 39.2972 -3.55172 2.88218 3.28089 0.0165751 -0.0214255 -1.14201 -3.40069 2.22485 1.0695 -0.384832 -0.382498 1.66021
318.561 0.221045 0.642575 2.1368 2.28156 -0.0606085 0.588312 0.18989 0.667455 2.20415 -2.70695 0.482342 0.456413 -0.0311543 0.0248803 0.0673554 -4.98851 0.54295 -0.131899 0.0782711 81.3377 0.427185 0.585598 2.13806 2.6182 -0.00691584 -0.0127918 0.206141 -0.0569768 0.00126508 0.336637 0.0536926 -0.601104 0.213874 38.8735 -3.63057 2.87574 3.27987 0.0181481 -0.0220211 -1.11294 -3.46404 2.22785 1.06805 -0.389072 -0.365677 1.68219
318.904 0.228015 0.651271 2.13198 2.30312 -0.0712897 0.598643 0.194728 0.66834 2.17272 -2.70811 0.516406 0.46227 -0.0332869 0.0170697 0.0407414 -5.01124 0.587696 -0.136373 0.0553106 81.1971 0.433029 0.587785 2.13315 2.61805 -0.00779022 -0.0132008 0.205014 -0.0634856 0.00117338 0.314929 0.0634994 -0.611844 0.214622 38.8201 -3.73538 2.86375 3.27862 0.0205722 -0.0229009 -1.07427 -3.54868 2.22843 1.06642 -0.40385 -0.344697 1.71393
319.249 0.237168 0.656542 2.12852 2.3169 -0.0818384 0.608246 0.205016 0.690315 2.22235 -2.76592 0.564062 0.452194 -0.0321516 0.0337734 0.0938287 -5.08282 0.645901 -0.156052 0.104777 79.3499 0.439867 0.590023 2.13018 2.61813 -0.0105195 -0.0180172 0.2027 -0.0665188 0.00166588 0.301231 0.0713189 -0.626263 0.213342 39.1722 -3.81382 2.85223 3.27781 0.0239731 -0.0232269 -1.04499 -3.6122 2.22628 1.06538 -0.419916 -0.331736 1.73955
319.56 0.242195 0.660884 2.12604 2.32635 -0.0937191 0.620019 0.214576 0.695452 2.21089 -2.78171 0.567399 0.423693 -0.027619 0.0345678 0.084853 -5.10807 0.661118 -0.196326 0.0956963 79.1665 0.438899 0.592435 2.12684 2.61807 -0.00755084 -0.0132469 0.196704 -0.0684489 0.000805934 0.291717 0.0861683 -0.633266 0.208275 39.3503 -3.89221 2.83852 3.27711 0.026274 -0.0236212 -1.01561 -3.67568 2.22189 1.06442 -0.438265 -0.322129 1.76662
319.854 0.244813 0.667028 2.12343 2.32977 -0.108505 0.632392 0.219468 0.695396 2.19258 -2.76678 0.598297 0.456435 -0.025345 0.0283678 0.0691507 -5.09655 0.706802 -0.175957 0.0789235 80.5531 0.439323 0.595851 2.12581 2.61797 -0.0110347 -0.0169157 0.19451 -0.0711766 0.00238628 0.288203 0.0974706 -0.649308 0.207138 40.0442 -3.9706 2.82259 3.27656 0.0261615 -0.0243339 -0.986497 -3.73907 2.21525 1.06352 -0.457027 -0.316454 1.79507
320.167 0.239475 0.673506 2.12195 2.32684 -0.125384 0.648191 0.217252 0.7021 2.1896 -2.76799 0.601037 0.455234 -0.0222223 0.0285938 0.0676452 -5.09483 0.726422 -0.192957 0.0767288 81.3808 0.434901 0.599351 2.12567 2.61808 -0.0117274 -0.0178957 0.195427 -0.0741552 0.00372065 0.291242 0.113657 -0.666087 0.209056 40.9616 -4.07504 2.79798 3.27602 0.0236245 -0.0254399 -0.948307 -3.82339 2.20283 1.06234 -0.478768 -0.314839 1.83496
320.489 0.23799 0.677629 2.12107 2.32094 -0.134979 0.656316 0.216009 0.714118 2.20618 -2.79946 0.637809 0.433842 -0.0219805 0.0364893 0.0851077 -5.1204 0.772788 -0.222475 0.0951732 82.1002 0.42229 0.600771 2.12407 2.61817 -0.00887158 -0.0129501 0.1843 -0.0768572 0.00299205 0.29723 0.126108 -0.669267 0.199706 41.2982 -4.15319 2.77712 3.27565 0.0221971 -0.0260491 -0.920005 -3.88641 2.19079 1.06141 -0.490956 -0.31735 1.86612
320.789 0.238851 0.679387 2.12088 2.31462 -0.140293 0.660919 0.210352 0.706834 2.17791 -2.77619 0.665065 0.469748 -0.0284992 0.0274474 0.0570353 -5.09081 0.805358 -0.191172 0.0694161 83.8672 0.423241 0.601132 2.12086 2.61835 -0.0109466 -0.017572 0.184389 -0.0782547 -1.97442e-05 0.303733 0.129347 -0.678491 0.200308 41.8634 -4.23108 2.75428 3.27514 0.0222249 -0.026218 -0.891786 -3.9491 2.17635 1.06038 -0.499128 -0.321827 1.89796
321.669 0.24209 0.674666 2.12349 2.2946 -0.143231 0.656991 0.215273 0.701242 2.16058 -2.75358 0.654418 0.461717 -0.0268164 0.0265764 0.0370934 -5.04818 0.797649 -0.195274 0.0529278 85.6402 0.41946 0.589915 2.11344 2.61841 -0.00890201 -0.0122076 0.177371 -0.0847512 -0.010048 0.323812 0.134329 -0.669199 0.196835 41.8303 -4.51365 2.65377 3.26976 0.0219213 -0.0255866 -0.788946 -4.17394 2.10283 1.05501 -0.502506 -0.338071 2.01544
322.344 0.237553 0.668502 2.12583 2.29119 -0.145206 0.649088 0.21585 0.715128 2.22438 -2.77005 0.667796 0.464412 -0.0217022 0.0466263 0.098554 -5.06124 0.813002 -0.184676 0.111166 85.3057 0.411632 0.582778 2.10532 2.61819 -0.00901096 -0.0136262 0.17408 -0.0857241 -0.0205017 0.327005 0.136195 -0.662714 0.195122 41.5737 -4.66492 2.58797 3.26356 0.0187908 -0.0261936 -0.733807 -4.29148 2.04956 1.05095 -0.49783 -0.337273 2.07806
322.963 0.24436 0.656608 2.12778 2.30165 -0.147329 0.634727 0.214902 0.696137 2.19497 -2.75329 0.628988 0.457883 -0.0294576 0.0395293 0.0671878 -5.05494 0.776316 -0.176843 0.0833337 84.3005 0.416521 0.56575 2.09403 2.61815 -0.0103023 -0.0164042 0.172161 -0.0908571 -0.0337511 0.316495 0.137027 -0.651131 0.197569 40.7596 -4.83771 2.50201 3.25299 0.0197876 -0.0270936 -0.669009 -4.4229 1.97677 1.04503 -0.491876 -0.324141 2.14938
323.299 0.244778 0.649639 2.12917 2.30752 -0.150741 0.629464 0.218596 0.688032 2.19358 -2.74908 0.630486 0.460264 -0.0261814 0.0383932 0.0644081 -5.0566 0.781227 -0.1692 0.0794224 84.2127 0.409859 0.560399 2.08775 2.61836 -0.00913936 -0.0133862 0.165082 -0.0892393 -0.0414239 0.310839 0.141602 -0.642851 0.192176 40.2625 -4.9104 2.46215 3.24755 0.018861 -0.0271091 -0.641098 -4.47722 1.94251 1.04212 -0.49034 -0.316503 2.18005
323.599 0.245305 0.640677 2.13113 2.31269 -0.155649 0.62481 0.218402 0.679768 2.19165 -2.74513 0.630272 0.462448 -0.026903 0.0390908 0.0605196 -5.05782 0.785921 -0.162362 0.0769057 84.1446 0.413564 0.557165 2.08032 2.61848 -0.0126919 -0.0197837 0.168259 -0.0835119 -0.0508027 0.305792 0.142957 -0.644593 0.194593 40.1957 -4.98217 2.42047 3.24179 0.0177951 -0.0263617 -0.613067 -4.53035 1.90672 1.03902 -0.490184 -0.309787 2.21162
323.962 0.246406 0.630334 2.13353 2.31566 -0.161233 0.620842 0.218112 0.667406 2.18877 -2.73921 0.629907 0.465731 -0.0282939 0.0370727 0.0552355 -5.05487 0.79114 -0.155111 0.0722903 84.2792 0.402726 0.546756 2.07636 2.61892 -0.0100872 -0.0157654 0.156319 -0.0835777 -0.0571677 0.303261 0.151146 -0.636607 0.18625 39.818 -5.05289 2.377 3.23594 0.0170294 -0.0251182 -0.584881 -4.58233 1.8696 1.03577 -0.491454 -0.305474 2.24461
324.845 0.255402 0.597115 2.1423 2.30218 -0.175977 0.607758 0.23331 0.64637 2.25192 -2.72049 0.643683 0.435471 -0.0220924 0.0492555 0.109623 -5.02266 0.81966 -0.172287 0.122194 86.8166 0.397132 0.524806 2.05358 2.61894 -0.00954914 -0.0146625 0.14173 -0.0723083 -0.0887209 0.316763 0.166428 -0.622421 0.182174 39.4683 -5.27906 2.21868 3.21725 0.0159749 -0.0202275 -0.489611 -4.74817 1.73833 1.02371 -0.497167 -0.314343 2.36481
330.594 0.256737 0.625843 2.12429 2.43551 -0.0725102 0.473486 0.218871 0.646663 2.15719 -2.81898 0.427711 0.354662 -0.0378668 0.0208194 0.0328957 -5.25449 0.500221 -0.118825 0.054309 66.3767 0.364628 0.544016 2.07683 2.61911 -0.0107655 -0.019564 0.107891 -0.0818272 -0.0474624 0.1836 0.0617448 -0.49305 0.143488 29.8988 -6.2166 0.784725 3.17754 0.00880554 -0.0215111 0.0965002 -5.5362 0.652689 0.98389 -0.316742 -0.195017 2.92383
330.857 0.265762 0.625559 2.12241 2.44775 -0.0772625 0.477394 0.228139 0.644695 2.13822 -2.81958 0.425205 0.384718 -0.0376232 0.0191362 0.0158076 -5.26733 0.502467 -0.0926768 0.0450731 65.3988 0.3606 0.540834 2.07543 2.61915 -0.00955921 -0.0175925 0.0948378 -0.084725 -0.0469847 0.171398 0.0677033 -0.494987 0.135573 29.8214 -6.2342 0.713867 3.1762 0.0110194 -0.0209702 0.122386 -5.55156 0.595324 0.983407 -0.324112 -0.184307 2.94615
331.473 0.284394 0.624101 2.1192 2.46695 -0.0861679 0.484737 0.254221 0.656075 2.18607 -2.93719 0.529549 0.328337 -0.0301727 0.0319743 0.0668678 -5.40413 0.615717 -0.1564 0.0800254 63.039 0.367449 0.540909 2.06288 2.61895 -0.00985547 -0.0177583 0.0830551 -0.0831916 -0.0563193 0.152009 0.0763124 -0.502495 0.130349 29.9628 -6.26346 0.570519 3.17314 0.0154925 -0.020057 0.175054 -5.57569 0.479242 0.982083 -0.338505 -0.167877 2.99302
332.037 0.293628 0.624359 2.11644 2.4847 -0.09654 0.490073 0.265897 0.656613 2.18788 -2.93807 0.534812 0.328161 -0.0277308 0.0322547 0.0714429 -5.42278 0.631352 -0.161912 0.0831471 62.7432 0.362793 0.545535 2.04789 2.61874 -0.0104458 -0.0183264 0.0691647 -0.0788235 -0.0685498 0.134033 0.0860943 -0.5084 0.125284 30.1007 -6.28738 0.40022 3.16809 0.0150883 -0.0207112 0.237326 -5.59252 0.34217 0.979665 -0.349122 -0.149201 3.0512
333.893 0.324589 0.617846 2.11261 2.5058 -0.0802897 0.462782 0.294665 0.644685 2.16051 -2.90989 0.498461 0.327128 -0.0299242 0.0268395 0.0478928 -5.41569 0.57875 -0.135654 0.0625263 60.9711 0.357067 0.573065 2.02268 2.61848 -0.0116395 -0.0211435 0.0324782 -0.0447803 -0.0899374 0.112687 0.0686502 -0.483925 0.105588 28.4315 -6.29446 -0.101862 3.15253 0.0182732 -0.0236825 0.421257 -5.58106 -0.0504068 0.971121 -0.324481 -0.125834 -3.04234
334.484 0.331385 0.615274 2.11279 2.50395 -0.0543401 0.445543 0.311052 0.651172 2.19566 -3.06725 0.484805 0.300401 -0.0203332 0.0358978 0.0828677 -5.5712 0.539145 -0.145142 0.0925697 52.8096 0.348486 0.5736 2.0195 2.61829 -0.00642973 -0.0126318 0.0171011 -0.0416738 -0.0932924 0.114345 0.0479104 -0.458175 0.103598 26.9862 -6.27843 -0.256389 3.15 0.0194605 -0.0246309 0.478275 -5.56327 -0.167095 0.969715 -0.294734 -0.128664 -2.98567
334.834 0.330174 0.614957 2.11329 2.50253 -0.0329088 0.432583 0.308744 0.64563 2.17346 -2.94854 0.553594 0.304826 -0.0214306 0.0306731 0.0601751 -5.45107 0.586503 -0.127757 0.0708601 59.7274 0.343229 0.576214 2.01605 2.61806 -0.00905512 -0.0154156 0.0130549 -0.038743 -0.0972368 0.115531 0.0238536 -0.447999 0.105482 26.3942 -6.26301 -0.360228 3.14862 0.0179069 -0.0256929 0.516731 -5.54826 -0.244525 0.969016 -0.26846 -0.129728 -2.94924
335.4 0.320068 0.614303 2.11489 2.50206 0.00217239 0.410129 0.305455 0.654739 2.21063 -3.01383 0.470479 0.28721 -0.0146137 0.0404355 0.0957437 -5.51589 0.468307 -0.122919 0.104954 53.0053 0.326433 0.573124 2.01869 2.61816 -0.00732941 -0.0117688 0.00636482 -0.0411788 -0.0962019 0.116105 -0.0095018 -0.421898 0.104838 25.0478 -6.23304 -0.516659 3.14666 0.0127508 -0.0271392 0.574098 -5.52138 -0.360072 0.968182 -0.222109 -0.128203 -2.89515
336.02 0.311806 0.609608 2.11673 2.50633 0.0427971 0.379047 0.29037 0.638971 2.16986 -2.96753 0.409775 0.29003 -0.0214356 0.0293624 0.0531235 -5.47387 0.366978 -0.0890176 0.0643719 51.9514 0.316759 0.568941 2.02066 2.6183 -0.00999194 -0.0170642 0.00495365 -0.0406673 -0.0960722 0.111965 -0.052789 -0.396112 0.104442 23.8641 -6.18838 -0.698841 3.14456 0.00900421 -0.0271925 0.640506 -5.4841 -0.493668 0.967739 -0.167395 -0.121914 -2.8295
336.579 0.310875 0.604157 2.1174 2.51345 0.0825203 0.344043 0.287824 0.644312 2.20769 -3.01564 0.353722 0.273023 -0.0230506 0.0401554 0.0902904 -5.52909 0.271202 -0.0710201 0.10147 46.7837 0.307944 0.559554 2.0225 2.6181 -0.00902058 -0.0172165 -0.00293115 -0.044603 -0.0948926 0.104653 -0.0915409 -0.36126 0.104893 22.3675 -6.13381 -0.87923 3.14292 0.00908316 -0.0269212 0.706111 -5.44102 -0.626041 0.967936 -0.115093 -0.112313 -2.76047
337.185 0.304667 0.600134 2.11848 2.51797 0.11461 0.315023 0.287738 0.640269 2.20704 -3.01421 0.354559 0.273414 -0.0169288 0.0401341 0.088565 -5.53217 0.239949 -0.0416087 0.098697 45.6596 0.299802 0.553873 2.02851 2.61841 -0.00731294 -0.0125538 -0.0048654 -0.0462615 -0.0899711 0.100443 -0.121923 -0.327577 0.101285 21.0951 -6.07924 -1.03175 3.14211 0.006813 -0.0263137 0.761652 -5.39978 -0.738811 0.96838 -0.0702361 -0.104404 -2.70133
337.51 0.300297 0.597557 2.11922 2.52106 0.130159 0.301359 0.283697 0.636003 2.20562 -3.01199 0.353941 0.273954 -0.0166 0.0384464 0.0863975 -5.53305 0.223782 -0.0274047 0.0960115 45.151 0.299976 0.55354 2.03294 2.6182 -0.0109805 -0.0184614 -0.00032178 -0.0440173 -0.0862833 0.0971398 -0.14114 -0.31982 0.096863 21.058 -6.04933 -1.10707 3.14187 0.00518461 -0.0255627 0.789021 -5.37763 -0.794948 0.968728 -0.0480775 -0.0997366 -2.67248
337.822 0.294684 0.594903 2.1198 2.52651 0.151656 0.283552 0.273448 0.622895 2.16943 -2.93652 0.255529 0.271092 -0.0212358 0.0279928 0.0496254 -5.46303 0.103873 -0.0124606 0.0608049 47.4938 0.298302 0.548538 2.04256 2.61819 -0.00997569 -0.0171737 0.00361842 -0.0463641 -0.0772385 0.0916821 -0.161632 -0.300726 0.0901582 20.5464 -6.00684 -1.20624 3.14179 0.00305961 -0.0247369 0.825096 -5.3464 -0.869531 0.96947 -0.0182066 -0.0918445 -2.635
338.171 0.294315 0.593495 2.11951 2.53172 0.169715 0.270328 0.27098 0.622934 2.17969 -2.98568 0.237953 0.260597 -0.0233358 0.0294387 0.0601773 -5.5174 0.0682379 -0.0097306 0.0709401 44.1572 0.292969 0.547236 2.04696 2.61811 -0.00765971 -0.0141217 -0.00134654 -0.0462592 -0.0725461 0.0863844 -0.177375 -0.284449 0.0860504 20.1382 -5.97309 -1.27954 3.142 0.00310788 -0.0243159 0.852168 -5.32168 -0.925248 0.970336 0.00418866 -0.0849086 -2.60763
338.519 0.296962 0.592993 2.11858 2.53702 0.188883 0.257382 0.272346 0.624905 2.19014 -3.04164 0.209639 0.251551 -0.0246159 0.031912 0.0715626 -5.57866 0.0207554 -0.00583079 0.0821311 40.4504 0.296084 0.546485 2.05052 2.61798 -0.0105008 -0.0184231 -0.000878252 -0.0465081 -0.0680562 0.080965 -0.199384 -0.275805 0.0824344 20.3418 -5.93773 -1.35184 3.14259 0.00408563 -0.024052 0.879372 -5.29587 -0.980748 0.971528 0.0263247 -0.0778702 -2.58093
338.883 0.298303 0.59065 2.11804 2.54454 0.213792 0.242829 0.279682 0.634774 2.22501 -3.10458 0.178285 0.264385 -0.0186216 0.0441243 0.106969 -5.64912 -0.0355061 0.0215564 0.117201 36.1637 0.299292 0.542112 2.05813 2.61829 -0.00950411 -0.0168383 0.000988523 -0.0485381 -0.0599149 0.0737423 -0.223296 -0.259667 0.077115 20.3626 -5.88807 -1.44664 3.144 0.00460753 -0.0227515 0.915694 -5.25971 -1.05434 0.97359 0.0549815 -0.0687517 -2.54633
339.198 0.30113 0.587721 2.11766 2.55137 0.232261 0.233687 0.277864 0.626481 2.20231 -3.05907 0.116744 0.243259 -0.0232663 0.0387606 0.0846579 -5.61044 -0.115517 0.00957286 0.0959722 38.9979 0.298368 0.537957 2.0653 2.61867 -0.00575759 -0.0125452 -0.00276262 -0.0497638 -0.052361 0.0673036 -0.238019 -0.246232 0.0722893 20.2763 -5.84894 -1.51648 3.14546 0.00582776 -0.0211397 0.943166 -5.23124 -1.1091 0.975493 0.0750025 -0.0615639 -2.52086
339.525 0.307762 0.586151 2.11626 2.55916 0.250677 0.224989 0.281268 0.622857 2.19954 -3.0095 0.16169 0.248752 -0.026494 0.0367064 0.0832824 -5.56865 -0.088987 0.0237627 0.0947906 40.9864 0.302186 0.533738 2.07243 2.61813 -0.00883525 -0.0166112 -0.00557626 -0.0524134 -0.0438355 0.058971 -0.259512 -0.2416 0.0685552 20.8384 -5.80813 -1.58518 3.14722 0.00799818 -0.0197624 0.971013 -5.20156 -1.16338 0.977708 0.0933101 -0.0535433 -2.49552
339.878 0.316249 0.584818 2.1141 2.57144 0.27365 0.216401 0.289607 0.623057 2.20383 -3.06039 0.118726 0.243146 -0.026642 0.0382392 0.0897245 -5.63183 -0.154924 0.0267456 0.101106 38.062 0.318555 0.531635 2.07817 2.61806 -0.0089087 -0.0171478 0.00230637 -0.0531829 -0.0359366 0.0466242 -0.282559 -0.233549 0.0642276 21.3656 -5.75101 -1.67496 3.15 0.010938 -0.0181847 1.0088 -5.16002 -1.23484 0.981132 0.115004 -0.0409752 -2.46158
340.164 0.321737 0.583426 2.11248 2.58336 0.289146 0.212274 0.297133 0.621781 2.20311 -3.11129 0.181931 0.244371 -0.0246042 0.0383549 0.0906273 -5.69465 -0.107215 0.0320975 0.101439 33.883 0.3231 0.529316 2.08117 2.61827 -0.00687601 -0.0142108 0.00136312 -0.0541095 -0.0313138 0.034911 -0.296022 -0.226484 0.062532 21.5897 -5.70606 -1.7409 3.15225 0.0128422 -0.0167517 1.0376 -5.1273 -1.28758 0.984 0.129117 -0.0292759 -2.43575
340.482 0.326389 0.58296 2.11044 2.59746 0.302675 0.209203 0.305022 0.622162 2.20447 -3.11351 0.182835 0.244337 -0.021367 0.0392018 0.0940307 -5.71097 -0.11984 0.0351345 0.104092 33.0596 0.331093 0.527322 2.08369 2.61781 -0.0103228 -0.018748 0.00470479 -0.0556383 -0.026755 0.0203443 -0.312998 -0.227951 0.0619159 22.2842 -5.65923 -1.80561 3.15454 0.0138833 -0.0154144 1.06662 -5.09319 -1.33947 0.987038 0.141571 -0.0155037 -2.40947
340.754 0.328944 0.583448 2.10835 2.61259 0.31442 0.207392 0.309066 0.621234 2.20485 3.10143 0.111746 0.245181 -0.0198774 0.0377865 0.0964964 0.488838 -0.202674 0.0377893 0.10552 29.925 0.333735 0.523602 2.08789 2.61787 -0.00802565 -0.0156425 0.00479097 -0.0598458 -0.0204627 0.00527842 -0.322446 -0.223034 0.0634286 22.4605 -5.6105 -1.86902 3.15686 0.0141521 -0.0144645 1.0957 -5.05766 -1.39042 0.990184 0.152627 -0.000317403 -2.38267
341.067 0.333245 0.584412 2.10526 2.63434 0.328375 0.206495 0.308327 0.611493 2.16631 -3.06663 0.122402 0.254092 -0.0249185 0.0270805 0.061048 -5.70097 -0.205973 0.0475975 0.0712821 34.8508 0.338508 0.521844 2.09247 2.61769 -0.00822475 -0.0156497 0.00526337 -0.0625681 -0.0127958 -0.0166493 -0.3366 -0.222144 0.0640797 23.009 -5.54259 -1.95147 3.16002 0.0152917 -0.0134722 1.13463 -5.00812 -1.45667 0.994537 0.164408 0.0211222 -2.34619
341.38 0.335222 0.584775 2.1032 2.65089 0.335867 0.206805 0.311421 0.612712 2.16074 -3.11131 0.0648338 0.252223 -0.0238017 0.0279367 0.0575394 -5.76219 -0.271033 0.0454184 0.0682478 33.2008 0.337579 0.518474 2.0969 2.61765 -0.00961524 -0.0177329 0.00235658 -0.0663011 -0.00629782 -0.0332402 -0.345482 -0.224538 0.0666413 23.4791 -5.48946 -2.01166 3.16249 0.0156659 -0.0125049 1.16353 -4.96938 -1.50497 0.997851 0.170774 0.0369176 -2.31837
341.679 0.334084 0.584503 2.10192 2.66685 0.340245 0.209084 0.313412 0.614515 2.16715 -3.13978 -0.00196934 0.271826 -0.020672 0.0300121 0.065231 -5.80663 -0.342214 0.0627415 0.0747204 33.1968 0.339532 0.511977 2.09958 2.61778 -0.00833888 -0.0153628 0.00544769 -0.0725259 -0.00233502 -0.0490691 -0.348583 -0.224447 0.0727677 23.63 -5.43447 -2.07037 3.16504 0.015391 -0.011512 1.19232 -4.92931 -1.55192 1.00118 0.174249 0.0520777 -2.29017
342.016 0.33634 0.584658 2.0994 2.68832 0.341378 0.212068 0.313412 0.614515 2.16715 -3.13978 -0.00196934 0.271826 -0.0229272 0.0298567 0.0677532 -5.82809 -0.343347 0.0597579 0.0775085 32.269 0.336619 0.508056 2.1022 2.61799 -0.00613303 -0.0122156 0.000279201 -0.0766023 0.00280446 -0.0703225 -0.347511 -0.224283 0.0766542 23.6337 -5.35833 -2.14622 3.16842 0.0155861 -0.0100218 1.23064 -4.87387 -1.6122 1.00553 0.174294 0.070944 -2.25196
342.312 0.337241 0.584564 2.09785 2.7035 0.339227 0.215486 0.316048 0.615566 2.16733 -3.06831 0.122547 0.253971 -0.0211936 0.0310016 0.0694783 -5.77182 -0.21668 0.038485 0.0789779 31.3737 0.338242 0.507484 2.10265 2.61753 -0.0101137 -0.0191084 0.00100048 -0.0770799 0.00479351 -0.0859742 -0.34934 -0.234595 0.0772352 24.1156 -5.29918 -2.2012 3.17084 0.0159894 -0.00916952 1.25929 -4.83082 -1.65551 1.00864 0.170905 0.0841854 -2.22288
342.635 0.340116 0.584675 2.09606 2.71807 0.3355 0.219244 0.320068 0.62216 2.18781 3.09875 0.108241 0.27682 -0.0200484 0.0374853 0.0917489 0.380682 -0.227259 0.0575759 0.101118 24.9441 0.337401 0.499963 2.10474 2.61751 -0.00789616 -0.0161414 -0.00271547 -0.0847111 0.00867716 -0.100556 -0.343396 -0.235386 0.0851976 23.9679 -5.23829 -2.25445 3.17312 0.0175181 -0.00868987 1.28798 -4.78654 -1.69707 1.01163 0.164805 0.0966326 -2.19365
342.97 0.339773 0.585301 2.0943 2.73614 0.325472 0.225823 0.323932 0.622234 2.18808 3.09799 0.10771 0.276998 -0.0158414 0.0369331 0.0937759 0.361855 -0.217761 0.0511759 0.102024 23.793 0.337264 0.498525 2.10435 2.61737 -0.00668246 -0.0125318 -0.00250927 -0.0867762 0.0100481 -0.118766 -0.332154 -0.238354 0.087392 23.7276 -5.15443 -2.32274 3.17587 0.017876 -0.00849379 1.326 -4.72568 -1.74957 1.01536 0.152936 0.112327 -2.15474
343.292 0.339698 0.585028 2.09317 2.74972 0.315524 0.231436 0.321071 0.617377 2.16771 3.06531 0.01884 0.282724 -0.0186267 0.0323497 0.0745369 0.315589 -0.296684 0.0512884 0.0833619 24.5817 0.339217 0.4981 2.10525 2.61744 -0.00674322 -0.0137889 -0.000480828 -0.0869278 0.0120788 -0.132279 -0.322267 -0.245225 0.0877642 23.673 -5.08958 -2.37186 3.17759 0.0183796 -0.00833357 1.35444 -4.67873 -1.78662 1.01794 0.141361 0.123846 -2.12569
343.87 0.340486 0.582516 2.09127 2.77764 0.292188 0.244603 0.318788 0.609613 2.14703 3.09624 0.108043 0.28767 -0.0216974 0.0270973 0.0557516 0.318599 -0.184145 0.0430671 0.0656756 20.7771 0.346864 0.497806 2.1073 2.61713 -0.0102967 -0.0185947 0.00637805 -0.0847097 0.0160257 -0.160513 -0.302484 -0.263198 0.0864479 23.8827 -4.95502 -2.46456 3.18003 0.0202156 -0.00816654 1.41179 -4.58169 -1.85439 1.02265 0.11334 0.147252 -2.06854
344.143 0.335547 0.580244 2.09112 2.79437 0.274094 0.254519 0.312744 0.603734 2.12609 -3.12275 0.178531 0.266794 -0.0228029 0.0234901 0.0349684 -5.91712 -0.0955624 0.012275 0.0479014 21.527 0.338101 0.498552 2.1091 2.61719 -0.00887897 -0.0166686 0.0025538 -0.0816917 0.0179801 -0.177186 -0.282973 -0.271187 0.083686 23.7188 -4.86183 -2.52211 3.1812 0.0192076 -0.00839774 1.44984 -4.5148 -1.89481 1.02563 0.0937664 0.161962 -2.03157
344.417 0.33195 0.577343 2.09148 2.80513 0.261987 0.261434 0.310737 0.603347 2.13535 2.97481 0.0146351 0.32797 -0.0212134 0.0260038 0.0438765 0.169685 -0.247352 0.0665362 0.055239 17.2936 0.33832 0.496757 2.10837 2.61716 -0.00858467 -0.0156316 0.00636978 -0.0805863 0.0168921 -0.187963 -0.270571 -0.277066 0.0825837 23.7066 -4.79024 -2.56295 3.18198 0.018845 -0.00851612 1.4783 -4.46356 -1.92265 1.02785 0.0801108 0.171328 -2.00431
344.765 0.326617 0.574037 2.09235 2.81358 0.249747 0.267531 0.30698 0.599561 2.13517 2.97293 0.014375 0.328043 -0.0196365 0.0255236 0.0428186 0.159349 -0.235372 0.0605117 0.0535769 16.3837 0.341106 0.500093 2.10377 2.61718 -0.0114352 -0.0207171 0.0144893 -0.0739445 0.0114142 -0.196401 -0.261182 -0.288248 0.0762103 23.9975 -4.71731 -2.60175 3.1827 0.0174634 -0.00859713 1.50639 -4.41147 -1.94841 1.03 0.0677987 0.178823 -1.97726
345.583 0.313933 0.555957 2.09738 2.83016 0.218097 0.280504 0.300214 0.596276 2.18206 2.85022 0.141279 0.286165 -0.0137186 0.0403182 0.0846805 0.0200544 -0.0768182 0.0056604 0.0947868 4.54571 0.330345 0.484555 2.08927 2.6173 -0.00934968 -0.016966 0.0164122 -0.0714022 -0.0081099 -0.212869 -0.227447 -0.29747 0.0737116 23.7209 -4.46599 -2.71572 3.18346 0.0162418 -0.00823328 1.59836 -4.2326 -2.01933 1.0359 0.0348148 0.192561 -1.88636
346.126 0.30149 0.538988 2.10226 2.84017 0.199518 0.282835 0.278977 0.565532 2.13453 2.80068 0.0134152 0.3284 -0.0225138 0.0265438 0.03227 -0.0394892 -0.186103 0.0455652 0.0474636 11.263 0.321008 0.472428 2.08117 2.6175 -0.00867897 -0.015772 0.0195177 -0.0665604 -0.0210848 -0.222675 -0.208197 -0.298607 0.0724969 23.5217 -4.28409 -2.7808 3.18062 0.0135428 -0.00766249 1.66096 -4.1033 -2.05551 1.03796 0.0199554 0.202345 -1.81953
346.401 0.297718 0.530234 2.10426 2.84611 0.193287 0.281641 0.280064 0.567251 2.17318 2.83401 0.107113 0.29464 -0.0176541 0.0370177 0.068921 -0.0120981 -0.0861738 0.0129986 0.0802002 5.05641 0.321344 0.468831 2.07635 2.61752 -0.0100773 -0.0180105 0.0236267 -0.0614023 -0.0279083 -0.228592 -0.203365 -0.299652 0.0714657 23.6216 -4.20508 -2.80481 3.17842 0.0128694 -0.0070628 1.68763 -4.04703 -2.06776 1.03829 0.015832 0.208119 -1.7896
346.664 0.289375 0.52082 2.10678 2.85273 0.187192 0.280896 0.269523 0.548171 2.14376 2.77071 0.245087 0.260737 -0.0198522 0.0273507 0.0369789 -0.0820133 0.0578953 -0.0201594 0.050096 5.6642 0.314594 0.45914 2.07662 2.6175 -0.0100337 -0.0171153 0.0252187 -0.0616795 -0.0301555 -0.235225 -0.197225 -0.298011 0.0731416 23.6058 -4.1256 -2.82643 3.17569 0.0110193 -0.00651703 1.71399 -3.99034 -2.07813 1.03834 0.0126111 0.215218 -1.75901
346.94 0.284873 0.510655 2.10866 2.86252 0.177737 0.276003 0.268034 0.548193 2.18474 2.77388 0.220182 0.256801 -0.016839 0.0375379 0.0760738 -0.088643 0.0424448 -0.0192017 0.0864863 5.54129 0.303181 0.45245 2.07557 2.6174 -0.00861399 -0.016056 0.0183087 -0.0582045 -0.033091 -0.245124 -0.186351 -0.292059 0.0694117 23.4251 -4.01917 -2.85143 3.17149 0.00903809 -0.00629935 1.74878 -3.91428 -2.08916 1.03808 0.00864579 0.225972 -1.71741
347.211 0.286543 0.503325 2.10934 2.87052 0.173252 0.27162 0.260011 0.534569 2.16388 2.82476 0.0754999 0.30206 -0.0265313 0.0312438 0.0545455 -0.0457607 -0.0977517 0.03044 0.0682297 6.51241 0.308979 0.450892 2.07338 2.61722 -0.00895396 -0.0168697 0.0224368 -0.0524333 -0.0359584 -0.253296 -0.182206 -0.28849 0.0674216 23.465 -3.93916 -2.86727 3.16813 0.0102327 -0.00648313 1.77513 -3.85696 -2.09545 1.03775 0.00555464 0.234487 -1.68586
347.515 0.281368 0.497684 2.11044 2.87748 0.166186 0.268448 0.261852 0.525757 2.16683 2.8327 0.32955 0.21891 -0.0195154 0.0280726 0.0563991 -0.0447795 0.163364 -0.0495373 0.0659529 9.93165 0.303363 0.447672 2.07292 2.61705 -0.0102326 -0.0171526 0.0219957 -0.0500124 -0.0375144 -0.260428 -0.176419 -0.2856 0.066275 23.4888 -3.85905 -2.8806 3.16475 0.00827107 -0.00721702 1.80113 -3.79948 -2.10013 1.03738 0.00244023 0.243276 -1.65434
347.816 0.274426 0.491952 2.1115 2.88633 0.156417 0.264223 0.255805 0.518548 2.16013 2.82602 0.0627386 0.304971 -0.0186215 0.0265966 0.048624 -0.0603089 -0.0936782 0.0407485 0.0584674 6.92464 0.296815 0.441708 2.06871 2.61691 -0.0095367 -0.0160397 0.0223888 -0.0502435 -0.0427917 -0.269426 -0.165953 -0.280262 0.0696907 23.3977 -3.7523 -2.89451 3.16034 0.00533841 -0.00870878 1.8354 -3.72268 -2.104 1.03688 -0.00185354 0.255118 -1.61275
348.073 0.270995 0.489437 2.11189 2.89124 0.151498 0.262178 0.24868 0.514555 2.1674 2.84618 0.315713 0.223339 -0.0223155 0.0251179 0.0555105 -0.045063 0.164215 -0.038839 0.0648869 9.87191 0.288938 0.441135 2.06535 2.6169 -0.00947693 -0.0157969 0.0179426 -0.048302 -0.0465462 -0.274337 -0.160975 -0.277974 0.0694375 23.4002 -3.69906 -2.89986 3.1581 0.0038041 -0.00951482 1.85231 -3.68424 -2.10494 1.03662 -0.00401004 0.261574 -1.59227
348.675 0.269587 0.478125 2.1117 2.91782 0.140661 0.252662 0.242175 0.504707 2.16099 2.96594 0.345048 0.201388 -0.0274125 0.0265818 0.0492876 0.0481183 0.204387 -0.051274 0.0623483 12.5384 0.286627 0.431059 2.0593 2.61717 -0.00907543 -0.0165251 0.0170393 -0.0470659 -0.0523989 -0.300653 -0.149736 -0.269187 0.0724651 23.8845 -3.48779 -2.91101 3.14861 0.00275301 -0.0117149 1.91938 -3.53051 -2.10236 1.03521 -0.00868109 0.292033 -1.51308
348.98 0.270654 0.474263 2.11111 2.93042 0.139881 0.249411 0.248627 0.507454 2.19823 2.78855 0.163437 0.240492 -0.022027 0.033191 0.087121 -0.141864 0.023556 -0.00891978 0.0957961 8.17875 0.288801 0.428894 2.05558 2.61721 -0.0106613 -0.0191457 0.0181464 -0.0453687 -0.0555321 -0.313213 -0.150542 -0.268557 0.0739691 24.3831 -3.40943 -2.91109 3.14481 0.00269727 -0.0123595 1.94446 -3.47299 -2.09888 1.03453 -0.00789733 0.305743 -1.48471
349.578 0.272301 0.468326 2.10923 2.95897 0.144594 0.243783 0.246851 0.489605 2.15769 2.80351 0.173512 0.249901 -0.0254505 0.0212796 0.0484589 -0.155462 0.0289176 0.0061175 0.0587266 9.12089 0.286939 0.421 2.04914 2.61697 -0.00940128 -0.0161397 0.0146381 -0.047326 -0.0600963 -0.341996 -0.153995 -0.259923 0.0778819 25.3137 -3.25431 -2.90475 3.13704 0.00184626 -0.0137858 1.99454 -3.35838 -2.08798 1.03301 -0.00027889 0.336714 -1.42992
350.17 0.280919 0.464667 2.10545 2.99356 0.160354 0.238173 0.250671 0.485946 2.15815 2.8096 0.174125 0.250164 -0.0302476 0.0212786 0.0526928 -0.183963 0.0137712 0.0119907 0.0643757 10.7051 0.293745 0.411935 2.04986 2.61687 -0.00970792 -0.0179036 0.0128267 -0.0527319 -0.0555936 -0.376694 -0.170062 -0.256077 0.0776906 26.9099 -3.07647 -2.88686 3.12819 0.0036521 -0.0159965 2.05357 -3.22615 -2.06906 1.03091 0.0148838 0.373848 -1.36814
351.04 0.295172 0.464494 2.09971 3.03372 0.184508 0.234113 0.266125 0.482747 2.14423 2.73571 0.0518624 0.273112 -0.0290477 0.0182531 0.0445182 -0.298009 -0.132646 0.0389995 0.0562034 19.0481 0.298098 0.40855 2.04841 2.61671 -0.0103212 -0.0181973 0.00292542 -0.0559438 -0.0513093 -0.417005 -0.194829 -0.25231 0.0759665 28.9618 -2.82814 -2.84257 3.11798 0.00595537 -0.0190016 2.14024 -3.04196 -2.03158 1.02795 0.0368253 0.416824 -1.28077
351.604 0.304349 0.468511 2.09648 3.04601 0.192056 0.233896 0.275608 0.488699 2.15705 2.96843 0.378767 0.198237 -0.0287411 0.0201882 0.0605704 -0.0775808 0.186711 -0.0356595 0.0700171 11.5404 0.30255 0.409738 2.04516 2.61624 -0.00731821 -0.0144255 -0.00179891 -0.0587726 -0.0513142 -0.429775 -0.199374 -0.248322 0.0780423 29.4747 -2.65814 -2.79901 3.11365 0.00799332 -0.0217111 2.20195 -2.91774 -1.99898 1.02604 0.0413539 0.431219 -1.22026
351.977 0.306614 0.471369 2.0957 3.04476 0.19361 0.234137 0.279123 0.488009 2.1383 2.81798 0.208122 0.223847 -0.0274909 0.0166398 0.0426022 -0.226785 0.0145127 -0.0102902 0.0533627 12.9158 0.307993 0.411839 2.04611 2.61638 -0.0104557 -0.0185225 0.00137915 -0.0595301 -0.0495867 -0.428377 -0.204065 -0.25266 0.0774892 29.624 -2.58621 -2.77727 3.11266 0.00834471 -0.0230158 2.22858 -2.8657 -1.98363 1.02515 0.0419062 0.43109 -1.19443
352.316 0.309021 0.474446 2.09528 3.03928 0.195574 0.234224 0.282103 0.492455 2.14131 2.85472 0.34572 0.200067 -0.0269174 0.0180088 0.0460332 -0.184569 0.150145 -0.034157 0.0562842 13.3553 0.310072 0.413259 2.04844 2.61609 -0.00756166 -0.0138754 0.00105181 -0.0611872 -0.0468365 -0.423198 -0.203136 -0.2481 0.0770626 29.2392 -2.51483 -2.75373 3.11225 0.00891703 -0.0242197 2.25541 -2.81434 -1.96752 1.02422 0.0426456 0.426612 -1.1686
352.657 0.312118 0.477804 2.09507 3.03016 0.198994 0.234059 0.285734 0.499634 2.15473 3.0572 0.307146 0.207676 -0.0263843 0.0218301 0.0596596 0.0270359 0.108151 -0.0263832 0.0687891 6.65213 0.321493 0.415111 2.05156 2.61628 -0.0106728 -0.0186498 0.00937509 -0.0626931 -0.0435172 -0.413881 -0.209667 -0.252709 0.07689 29.0828 -2.44397 -2.72841 3.11239 0.00998026 -0.0254119 2.28258 -2.76363 -1.95063 1.02332 0.0443111 0.418388 -1.14269
353.011 0.313622 0.482958 2.09537 3.01404 0.204383 0.234025 0.289671 0.503687 2.156 3.05266 0.307429 0.207228 -0.023951 0.0207296 0.0606266 0.038617 0.103046 -0.0267975 0.0684028 6.62004 0.32605 0.415876 2.05498 2.61618 -0.0106443 -0.0182474 0.0124284 -0.0670816 -0.0403891 -0.397866 -0.215028 -0.252273 0.0792823 28.4774 -2.35031 -2.69192 3.11326 0.0103769 -0.0270815 2.31919 -2.69703 -1.92686 1.02227 0.0481504 0.403808 -1.10799
353.349 0.315031 0.486655 2.0957 3.00078 0.210221 0.233657 0.289789 0.507652 2.15684 3.05031 0.305213 0.207159 -0.0252423 0.0209967 0.0611439 0.0495296 0.0949913 -0.026498 0.0694018 6.49377 0.335303 0.417541 2.0559 2.6161 -0.0100274 -0.0173036 0.0202713 -0.0691143 -0.0397965 -0.384683 -0.220249 -0.250961 0.082289 27.9821 -2.28068 -2.66256 3.11423 0.0110067 -0.0282463 2.34703 -2.64784 -1.90804 1.02161 0.0525178 0.391601 -1.08172
353.746 0.317402 0.490016 2.09603 2.98706 0.218179 0.232877 0.290475 0.506969 2.13958 2.80481 0.23095 0.217717 -0.0269272 0.0169534 0.0435471 -0.182245 0.0127719 -0.0151594 0.0539337 10.3092 0.346117 0.415485 2.05921 2.61615 -0.0117531 -0.0199608 0.0287148 -0.074531 -0.0368203 -0.370909 -0.229932 -0.252838 0.0879497 27.6797 -2.21156 -2.63151 3.11533 0.0122893 -0.029322 2.37529 -2.59927 -1.88836 1.02102 0.0583676 0.378758 -1.05519
354.023 0.32011 0.494279 2.09662 2.96805 0.229325 0.231869 0.293379 0.511239 2.14175 2.83512 0.357899 0.194835 -0.0267314 0.0169606 0.0451333 -0.132931 0.128574 -0.0370341 0.0551293 10.3599 0.352304 0.413565 2.06298 2.61606 -0.00968534 -0.0166188 0.0321943 -0.0807139 -0.0336397 -0.351984 -0.239011 -0.248488 0.0931818 26.998 -2.1202 -2.58751 3.11693 0.0137558 -0.0306166 2.4136 -2.53551 -1.86081 1.02029 0.0668405 0.360878 -1.01979
354.377 0.323479 0.495842 2.09729 2.9537 0.238203 0.23155 0.297809 0.519768 2.16027 3.03836 0.303189 0.206291 -0.02567 0.0239259 0.0629821 0.0846634 0.0649859 -0.0252597 0.0720981 6.57528 0.35645 0.412109 2.06689 2.61639 -0.00682948 -0.0132682 0.0329714 -0.0837337 -0.030399 -0.337306 -0.245032 -0.244819 0.0949871 26.4561 -2.05226 -2.55252 3.11826 0.0156067 -0.0309078 2.44303 -2.48842 -1.8392 1.01979 0.072813 0.346478 -0.993422
354.735 0.325894 0.496033 2.09846 2.93889 0.245902 0.232184 0.29608 0.512549 2.12203 -3.12707 0.378736 0.221596 -0.029814 0.0165151 0.0235655 -6.06595 0.132833 -0.0105879 0.0414362 14.752 0.376699 0.413612 2.06898 2.61638 -0.0118639 -0.0190879 0.050805 -0.0824212 -0.0294766 -0.322511 -0.257766 -0.251272 0.101209 26.4526 -1.98483 -2.51578 3.11978 0.0169933 -0.0305128 2.47297 -2.44194 -1.8168 1.01936 0.0778223 0.330931 -0.967364
355.025 0.324016 0.495464 2.10116 2.91713 0.252952 0.235158 0.304368 0.521602 2.16534 2.81124 0.247242 0.233976 -0.0196485 0.0261379 0.0641782 -0.105884 -0.00571003 -0.00118228 0.0720285 6.05913 0.38516 0.409603 2.0769 2.61659 -0.0106282 -0.0170498 0.0611435 -0.0858617 -0.024264 -0.300534 -0.26358 -0.252208 0.108164 25.8571 -1.89579 -2.46397 3.12221 0.0168456 -0.0295264 2.51338 -2.38082 -1.78571 1.01888 0.0825409 0.307957 -0.933118
355.33 0.323885 0.494705 2.10323 2.89954 0.257052 0.238087 0.300535 0.521504 2.16494 2.80894 0.243247 0.234672 -0.0233493 0.0267994 0.0617063 -0.0906003 -0.0138047 -0.00341477 0.0712114 5.20646 0.386029 0.406169 2.08242 2.61736 -0.00051753 -0.00138894 0.0621445 -0.0885362 -0.0208165 -0.282183 -0.257569 -0.239476 0.110154 24.6338 -1.8298 -2.42297 3.12437 0.0173887 -0.028616 2.54419 -2.3356 -1.76147 1.01866 0.0840169 0.288973 -0.907764
355.723 0.323004 0.494714 2.10535 2.88108 0.259351 0.241942 0.290882 0.50723 2.1049 3.0135 0.454524 0.22568 -0.0321223 0.0125156 -0.000447059 0.132425 0.195173 -0.0162629 0.0344773 13.7204 0.39634 0.407156 2.08592 2.61649 -0.0104206 -0.0161078 0.0733365 -0.0875588 -0.0194238 -0.264581 -0.269771 -0.25805 0.115854 25.0504 -1.76458 -2.3801 3.1268 0.0177324 -0.0280392 2.57527 -2.29089 -1.73638 1.0186 0.0834954 0.2692 -0.882634
356.028 0.322585 0.49546 2.10718 2.86236 0.259695 0.246091 0.297313 0.513768 2.14321 3.03933 0.313913 0.236004 -0.025272 0.018308 0.0360309 0.176962 0.0542177 -0.0100865 0.0476664 10.7739 0.405641 0.406826 2.09269 2.61664 -0.00945284 -0.0151821 0.0830556 -0.0886342 -0.0144833 -0.245727 -0.269148 -0.261273 0.122328 24.5703 -1.70025 -2.33536 3.12943 0.0180283 -0.0276339 2.6065 -2.24668 -1.71036 1.01872 0.0811318 0.249428 -0.857547
356.707 0.323661 0.493082 2.11153 2.8269 0.258679 0.25754 0.301255 0.517688 2.16474 2.84498 0.370634 0.213275 -0.0224061 0.0246062 0.053215 0.0180793 0.111955 -0.0442651 0.0627641 7.09019 0.43104 0.406448 2.10353 2.61664 -0.0119675 -0.0189808 0.107379 -0.0866341 -0.0079954 -0.210261 -0.270646 -0.276521 0.138202 24.2109 -1.554 -2.22366 3.13584 0.0207525 -0.0254021 2.67984 -2.14539 -1.64541 1.01994 0.0719217 0.208892 -0.797798
357.05 0.321933 0.492294 2.11312 2.81609 0.25667 0.262317 0.302962 0.522589 2.18916 2.82414 0.236824 0.25718 -0.0189711 0.0302949 0.0760348 0.00804396 -0.0198462 -0.00513732 0.0840177 1.28786 0.432996 0.403466 2.10974 2.61684 -0.00972762 -0.0155786 0.111063 -0.0888279 -0.00338218 -0.199252 -0.266397 -0.277896 0.142256 23.8499 -1.49321 -2.17259 3.13851 0.0208814 -0.0245384 2.71106 -2.10281 -1.61543 1.0209 0.0677965 0.196331 -0.771268
357.368 0.3207 0.491316 2.11443 2.80805 0.254536 0.2676 0.300948 0.518605 2.1885 2.82456 0.243374 0.255571 -0.0197516 0.0272897 0.0740734 0.0165024 -0.0111626 -0.0120292 0.081374 1.44888 0.4394 0.40125 2.11497 2.61692 -0.00764296 -0.012212 0.1187 -0.090065 0.000544431 -0.191136 -0.262179 -0.279812 0.149002 23.5864 -1.41412 -2.10155 3.14168 0.0216167 -0.0236372 2.75245 -2.04688 -1.57316 1.02254 0.0628111 0.18616 -0.734801
357.747 0.322335 0.489772 2.1148 2.80704 0.254335 0.270755 0.299658 0.518372 2.18751 2.85496 0.373148 0.234184 -0.0226773 0.0286008 0.0727158 0.0479153 0.118814 -0.0365707 0.0813624 7.86177 0.45637 0.401071 2.11549 2.61673 -0.0116713 -0.0194645 0.134035 -0.088701 0.000690284 -0.190312 -0.266006 -0.290219 0.160729 24.0938 -1.3564 -2.04609 3.14374 0.023514 -0.0228725 2.78351 -2.00561 -1.53962 1.02398 0.0594944 0.183147 -0.706692
358.033 0.32741 0.487868 2.11427 2.81016 0.254512 0.273081 0.300169 0.512126 2.16915 2.84164 0.255826 0.28462 -0.0272419 0.0242586 0.0548806 0.0314862 0.00131433 0.0115395 0.0658975 1.75925 0.463287 0.393938 2.11948 2.61691 -0.00933424 -0.0160153 0.135877 -0.0939293 0.00521318 -0.193249 -0.263846 -0.289096 0.165265 24.0284 -1.30012 -1.9887 3.14551 0.0264463 -0.0218723 2.81477 -1.96498 -1.50443 1.02555 0.056128 0.183873 -0.678168
358.392 0.326715 0.485376 2.1141 2.81942 0.251922 0.277797 0.307204 0.514408 2.1869 2.85943 0.380385 0.233725 -0.0195107 0.0290327 0.0727918 0.0400149 0.128463 -0.0440713 0.0807602 8.33027 0.471844 0.389933 2.12088 2.61702 -0.00793305 -0.0121973 0.145129 -0.095443 0.00677378 -0.202394 -0.259855 -0.289994 0.173833 24.1236 -1.22742 -1.90913 3.14733 0.0271907 -0.0206648 2.85614 -1.91193 -1.45482 1.02775 0.0513277 0.190763 -0.63979
358.73 0.325831 0.4837 2.1136 2.8297 0.249717 0.280938 0.304012 0.508442 2.16956 2.84877 0.2575 0.284887 -0.0218194 0.0247428 0.0559649 0.0190664 0.00778323 0.00394827 0.0649643 1.14876 0.483134 0.390563 2.11962 2.61697 -0.00931895 -0.014769 0.157303 -0.0931364 0.0060275 -0.212736 -0.259036 -0.295707 0.182907 24.5506 -1.17476 -1.84718 3.14829 0.0273535 -0.0198255 2.88695 -1.87302 -1.41549 1.02938 0.0480936 0.199514 -0.610786
359.019 0.327311 0.482147 2.11239 2.84291 0.248013 0.283353 0.300011 0.502058 2.14725 2.68784 0.249465 0.266179 -0.0272996 0.0199114 0.0348577 -0.155068 0.00145205 -0.0171738 0.0485468 8.69524 0.490434 0.386185 2.12199 2.61687 -0.00980427 -0.0159224 0.163123 -0.0959615 0.00959443 -0.226034 -0.257818 -0.299275 0.189499 24.9648 -1.12378 -1.78333 3.14887 0.0281666 -0.018991 2.91773 -1.83497 -1.37426 1.03097 0.0450618 0.211118 -0.581718
359.354 0.326994 0.480145 2.11139 2.85869 0.246392 0.286682 0.304021 0.504671 2.16962 2.85332 0.254916 0.285804 -0.0229723 0.0245257 0.058223 -0.0053679 0.00852333 -0.000877993 0.0672246 0.572666 0.4969 0.388244 2.11941 2.61675 -0.0116293 -0.0187815 0.169906 -0.0919014 0.00801917 -0.241944 -0.258022 -0.305463 0.193335 25.6087 -1.07457 -1.71762 3.14907 0.0286414 -0.018313 2.94838 -1.79788 -1.3311 1.03251 0.0419268 0.225371 -0.552712
360.007 0.332293 0.475371 2.10734 2.90357 0.239588 0.294663 0.307865 0.500985 2.17003 2.86073 0.256636 0.286067 -0.0244282 0.0256139 0.0626822 -0.0428369 0.0170474 -0.00859628 0.0719852 2.5742 0.50574 0.381853 2.118 2.61702 -0.00964505 -0.0164537 0.173447 -0.0935182 0.0106571 -0.286553 -0.249233 -0.311117 0.19734 26.809 -0.966946 -1.55724 3.14832 0.0311649 -0.0166241 3.01961 -1.71562 -1.22293 1.03591 0.0304918 0.266037 -0.486192
360.316 0.333128 0.473135 2.1058 2.92346 0.231929 0.29984 0.311814 0.499354 2.17109 2.8732 0.250608 0.288282 -0.0213138 0.0262196 0.0652906 -0.0502529 0.0186791 -0.0115578 0.0735161 2.99382 0.511538 0.385739 2.11354 2.61681 -0.0120997 -0.0193972 0.17841 -0.0873957 0.00774523 -0.306646 -0.244029 -0.319237 0.198817 27.6093 -0.924072 -1.48552 3.14774 0.0313599 -0.0157804 3.04988 -1.68241 -1.17357 1.03722 0.0212577 0.283934 -0.458663
360.685 0.33078 0.471066 2.10435 2.9466 0.214969 0.308268 0.311709 0.497294 2.17043 2.86832 0.25846 0.286319 -0.0190711 0.0262285 0.0660736 -0.078277 0.0434913 -0.0219483 0.0736027 5.02555 0.502385 0.384953 2.11151 2.61693 -0.0110731 -0.017978 0.171605 -0.0861128 0.00715439 -0.329668 -0.226042 -0.326246 0.192132 28.2092 -0.870131 -1.38721 3.14708 0.0299596 -0.0148949 3.08961 -1.64015 -1.1052 1.03875 0.00336317 0.304944 -0.422953
361.35 0.334265 0.468946 2.10208 2.97138 0.180448 0.32137 0.310864 0.492712 2.16333 2.76172 0.178997 0.31637 -0.0234009 0.0237659 0.0612445 -0.209661 -0.00145123 -0.00499947 0.0697374 11.9651 0.508087 0.386136 2.0998 2.61682 -0.0116045 -0.0190545 0.173822 -0.08281 -0.00227975 -0.354569 -0.192052 -0.340424 0.192554 28.9983 -0.796492 -1.23441 3.14672 0.0309573 -0.0138488 -3.1344 -1.58128 -0.997716 1.04047 -0.0357004 0.32571 -0.370994
361.713 0.341989 0.467407 2.10056 2.98119 0.151834 0.330218 0.310301 0.489148 2.1479 2.77322 0.326283 0.290413 -0.031688 0.0217403 0.0473376 -0.207963 0.174449 -0.0398048 0.0609723 15.2907 0.516058 0.38639 2.08946 2.617 -0.0115261 -0.0199556 0.17407 -0.0810169 -0.0110962 -0.364188 -0.16336 -0.350173 0.19232 29.3342 -0.752462 -1.12914 3.14689 0.0340093 -0.0128992 -3.09488 -1.5452 -0.923182 1.04114 -0.0694348 0.331816 -0.336951
362.309 0.345084 0.462848 2.10077 2.98864 0.0971569 0.348067 0.324552 0.489165 2.15908 2.89297 0.0531635 0.357516 -0.0205323 0.0263174 0.0583071 -0.0956664 -0.0439934 0.00944947 0.0671856 6.09358 0.516759 0.384102 2.07809 2.61709 -0.0124448 -0.0202664 0.171675 -0.0787457 -0.0226845 -0.371554 -0.109602 -0.368333 0.190231 29.8983 -0.694419 -0.966153 3.1472 0.0353162 -0.0100952 -3.03452 -1.49627 -0.807876 1.04117 -0.130405 0.333023 -0.285919
362.706 0.343709 0.462485 2.10098 2.9895 0.0624771 0.357538 0.321158 0.481257 2.1359 2.96074 -0.0260262 0.355608 -0.0225506 0.0187723 0.0349226 -0.0287597 -0.0885033 -0.00193043 0.0456127 5.33223 0.509357 0.381146 2.07601 2.61736 -0.0111601 -0.0173405 0.165648 -0.0813385 -0.0249707 -0.372138 -0.0736372 -0.374879 0.186223 30.0751 -0.669192 -0.882491 3.14715 0.0337524 -0.00883179 -3.00419 -1.47428 -0.748951 1.04073 -0.164695 0.331979 -0.259886
363.079 0.338942 0.46236 2.10174 2.98971 0.0147623 0.370077 0.318042 0.482453 2.14831 -3.1113 0.0849088 0.332621 -0.0208999 0.0200932 0.0465706 -6.10101 0.0701464 -0.0374558 0.0548577 11.4842 0.497311 0.378902 2.07191 2.61746 -0.00998381 -0.0157556 0.158369 -0.0834571 -0.0298335 -0.372244 -0.0247461 -0.385833 0.181482 30.6207 -0.639668 -0.769021 3.14676 0.0315888 -0.0076339 -2.96383 -1.44767 -0.669364 1.03976 -0.21288 0.330477 -0.224008
363.39 0.336443 0.463035 2.1019 2.99041 -0.0211431 0.378035 0.315502 0.484522 2.15458 2.95396 -0.0265461 0.37627 -0.0209413 0.0214868 0.0526878 -0.0364496 -0.00540304 -0.00176479 0.0606319 2.116 0.493478 0.383625 2.06679 2.61753 -0.00759652 -0.0122814 0.157034 -0.0794109 -0.0351018 -0.372874 0.0135466 -0.390316 0.179438 31.0652 -0.620665 -0.682697 3.14612 0.0308574 -0.00720396 -2.93356 -1.42983 -0.609055 1.0388 -0.249592 0.330515 -0.196053
363.739 0.33609 0.464009 2.10148 2.99284 -0.0564233 0.384391 0.311215 0.482221 2.14389 2.99278 -0.0967516 0.392468 -0.0248745 0.0182118 0.042411 -6.37993e-05 -0.0403282 0.00807656 0.0524319 2.35651 0.499745 0.386692 2.0639 2.61722 -0.010772 -0.0178849 0.163655 -0.0773167 -0.0375812 -0.37562 0.0456513 -0.402276 0.18486 32.0646 -0.604382 -0.595463 3.14516 0.0312542 -0.0070083 -2.90315 -1.41388 -0.548362 1.03777 -0.286273 0.332498 -0.167545
364.046 0.33528 0.465172 2.10092 2.99668 -0.0907233 0.389763 0.28957 0.447666 1.99925 2.80167 -0.168828 0.449103 -0.0457099 -0.0175066 -0.101662 -0.195012 -0.0781043 0.0593401 0.112832 12.1033 0.486905 0.388987 2.06338 2.61735 -0.00760038 -0.0127903 0.151625 -0.0761848 -0.0375394 -0.379325 0.083123 -0.402553 0.173791 32.7004 -0.590848 -0.507398 3.14395 0.0317018 -0.00700549 -2.87258 -1.39985 -0.487397 1.03671 -0.321955 0.336269 -0.138749
364.403 0.332871 0.466758 2.1 3.00393 -0.135607 0.395216 0.316708 0.495089 2.18835 2.98829 -0.0988008 0.384253 -0.0161638 0.0283311 0.0883499 -0.0156413 0.0368066 -0.0109636 0.0941787 2.40338 0.488935 0.396555 2.05588 2.6172 -0.0128349 -0.0215836 0.156063 -0.0702031 -0.0441242 -0.38673 0.122772 -0.4168 0.176723 34.3633 -0.577097 -0.388832 3.14207 0.0313025 -0.00683735 -2.83169 -1.38418 -0.405918 1.03542 -0.367309 0.344013 -0.100488
364.686 0.326322 0.466077 2.10018 3.01217 -0.166456 0.399731 0.312915 0.495137 2.18857 2.98728 -0.0990015 0.384347 -0.0134068 0.0290602 0.0883962 -0.0248883 0.0674545 -0.0153835 0.0940113 4.25192 0.483744 0.394978 2.05415 2.61728 -0.0112015 -0.0178258 0.157422 -0.0710996 -0.0460231 -0.394883 0.155254 -0.417557 0.17876 35.3543 -0.569996 -0.299187 3.14039 0.0306437 -0.00673684 -2.80091 -1.3748 -0.34482 1.03457 -0.39923 0.352354 -0.0723128
365.34 0.304884 0.464494 2.10032 3.03902 -0.233657 0.406012 0.286876 0.478532 2.11495 2.97926 -0.22616 0.410834 -0.0180079 0.0140383 0.0146332 -0.0597609 0.00749702 0.00482197 0.0271199 3.39903 0.463734 0.401377 2.0443 2.61726 -0.0127463 -0.0211576 0.15885 -0.0631169 -0.056021 -0.421758 0.220911 -0.42717 0.179876 38.4085 -0.563933 -0.0884987 3.13515 0.0261276 -0.0070966 -2.7297 -1.36108 -0.2031 1.03296 -0.467167 0.381146 -0.00985616
365.662 0.299842 0.463573 2.09952 3.05382 -0.259548 0.405424 0.277721 0.478599 2.11489 3.00595 -0.315252 0.409101 -0.0221215 0.0150259 0.0153725 -0.0478698 -0.0557034 0.00367705 0.0308456 4.17411 0.464265 0.400577 2.04325 2.61723 -0.0114787 -0.0187693 0.164422 -0.0629961 -0.0562648 -0.436581 0.24807 -0.424193 0.184848 39.593 -0.565712 0.00204519 3.13236 0.0254884 -0.0074034 -2.69926 -1.35868 -0.142972 1.03234 -0.493255 0.395672 0.0156081
366.009 0.294426 0.460899 2.09922 3.06857 -0.281501 0.404758 0.27422 0.485584 2.15368 3.08183 -0.253367 0.392456 -0.0202062 0.0246848 0.0544678 0.0132616 0.0281344 -0.0123015 0.0631219 1.84101 0.453887 0.403042 2.04361 2.61741 -0.00802532 -0.013301 0.159461 -0.0578565 -0.0556046 -0.451161 0.273476 -0.418059 0.178514 40.6117 -0.570067 0.0925536 3.12943 0.0254782 -0.00758198 -2.66879 -1.35831 -0.0833164 1.03178 -0.517166 0.409696 0.04056
366.393 0.286691 0.455189 2.09949 3.08684 -0.306321 0.40407 0.269447 0.48321 2.16002 3.04428 -0.310601 0.413975 -0.0172446 0.0280218 0.0605296 -0.0425571 -0.00427982 0.00990498 0.0688943 2.34251 0.454974 0.407666 2.0423 2.61748 -0.0101584 -0.0175235 0.168283 -0.0475221 -0.0571872 -0.469364 0.296162 -0.421594 0.183978 42.1903 -0.579841 0.213003 3.12558 0.0255885 -0.00747378 -2.62819 -1.36093 -0.00457204 1.03124 -0.545171 0.426276 0.073259
367.058 0.278858 0.444429 2.10066 3.10665 -0.325848 0.402812 0.260863 0.476063 2.18324 3.08858 -0.308032 0.397075 -0.0179948 0.031634 0.0825812 -0.018065 0.0178168 -0.00573685 0.0902451 1.55997 0.44767 0.411121 2.04097 2.6176 -0.00713751 -0.0132629 0.168812 -0.0333081 -0.0596921 -0.48905 0.318711 -0.416075 0.182127 43.4358 -0.603062 0.392746 3.12073 0.0274339 -0.00724617 -2.56695 -1.37128 0.112255 1.03103 -0.570297 0.44284 0.124328
367.399 0.278213 0.437928 2.10154 3.11229 -0.323628 0.40157 0.259279 0.473584 2.20248 3.13645 -0.306153 0.379853 -0.0189339 0.0356561 0.100946 0.0241579 0.0174747 -0.021717 0.10872 1.84377 0.450992 0.413704 2.03914 2.61743 -0.0100219 -0.0177856 0.172779 -0.0242237 -0.062393 -0.494854 0.313606 -0.419355 0.18529 43.6845 -0.618584 0.482035 3.11889 0.0297313 -0.00693911 -2.53588 -1.37927 0.170419 1.03111 -0.571089 0.446571 0.152426
368.088 0.273053 0.426163 2.10451 3.11082 -0.292209 0.399477 0.25047 0.453661 2.16716 3.09985 -0.35443 0.408295 -0.0225825 0.0274972 0.0626533 -0.0109745 -0.0622214 0.00881763 0.0720521 3.62742 0.4471 0.423436 2.03584 2.6171 -0.00697099 -0.0137914 0.174047 -0.00272757 -0.0686683 -0.493728 0.285238 -0.413269 0.187124 42.5189 -0.665191 0.688478 3.11616 0.0326106 -0.0077062 -2.46331 -1.40499 0.306337 1.03159 -0.54191 0.444773 0.225834
368.454 0.274687 0.422837 2.10543 3.10528 -0.269931 0.397603 0.251116 0.453758 2.19045 3.13284 -0.262227 0.396173 -0.0235712 0.0309217 0.0850136 0.0275572 0.00770412 -0.00142997 0.093483 1.62076 0.457485 0.431289 2.03225 2.61688 -0.0118823 -0.0208357 0.182798 0.0084526 -0.073177 -0.488398 0.258049 -0.418438 0.197082 41.7919 -0.689658 0.775997 3.11573 0.0349995 -0.00859611 -2.43199 -1.41888 0.364841 1.03194 -0.520483 0.439838 0.260028
369.047 0.273253 0.416341 2.10844 3.08919 -0.225321 0.395478 0.251398 0.44388 2.18474 3.07371 -0.21831 0.398102 -0.0218556 0.0275394 0.0763044 -0.0154879 0.00701057 0.0026237 0.0840146 0.955316 0.452254 0.43665 2.03217 2.61689 -0.00858524 -0.0153728 0.179001 0.0203088 -0.0762642 -0.472306 0.216736 -0.410851 0.195627 39.6777 -0.746772 0.949179 3.11598 0.0379402 -0.0102102 -2.36958 -1.45154 0.482403 1.03302 -0.475841 0.425481 0.330053
369.432 0.267002 0.412488 2.11083 3.07795 -0.204105 0.394787 0.243792 0.432307 2.15072 3.08591 -0.269153 0.390271 -0.0232097 0.0198193 0.0398833 0.00795874 -0.0650482 -0.00451552 0.0502213 3.7563 0.448142 0.440116 2.02942 2.617 -0.0124481 -0.0206032 0.18114 0.0276289 -0.081412 -0.460951 0.191657 -0.41539 0.200507 38.8169 -0.790883 1.06311 3.11668 0.0369348 -0.0108291 -2.32838 -1.47683 0.561182 1.03413 -0.451859 0.416033 0.376557
370.025 0.255061 0.403495 2.11427 3.06978 -0.192175 0.392306 0.23063 0.424763 2.15059 3.08416 -0.273278 0.390853 -0.0244313 0.0212686 0.0363116 0.0143861 -0.0811022 -0.00145205 0.0486597 4.71667 0.435795 0.438032 2.0272 2.61745 -0.0123529 -0.0204725 0.180734 0.0345371 -0.0870735 -0.452327 0.179823 -0.412778 0.203567 38.0742 -0.865719 1.23109 3.11762 0.0337307 -0.00951926 -2.26731 -1.51997 0.679748 1.03624 -0.433763 0.409061 0.444602
371.513 0.237267 0.382092 2.1159 3.10685 -0.269023 0.384631 0.211341 0.395694 2.13544 3.09612 -0.327204 0.402045 -0.0259265 0.0136015 0.0195383 -0.0107336 -0.0581813 0.0174137 0.0351985 3.48212 0.408287 0.408162 2.03874 2.6178 -0.00981838 -0.0161169 0.171019 0.02607 -0.0771536 -0.48905 0.259204 -0.400748 0.18942 41.1643 -1.13092 1.67861 3.11835 0.0295653 -0.00214324 -2.09717 -1.67625 1.01508 1.04269 -0.505134 0.440801 0.611822
371.828 0.232654 0.384335 2.11484 3.11782 -0.300511 0.388852 0.209543 0.398571 2.15573 -3.14004 -0.323057 0.385785 -0.0231108 0.014236 0.0408834 -6.25786 -0.0225456 -0.00306755 0.0490736 1.90988 0.396467 0.405102 2.04139 2.61772 -0.00831715 -0.0129013 0.163813 0.0207672 -0.0734494 -0.500106 0.292194 -0.401754 0.180723 42.5945 -1.2041 1.77601 3.11896 0.0280199 -0.00209415 -2.05831 -1.72039 1.09264 1.04397 -0.539339 0.450381 0.641622
372.192 0.226735 0.38748 2.11416 3.12425 -0.325696 0.394423 0.207181 0.406822 2.18013 3.0933 -0.33333 0.394307 -0.0195545 0.0193424 0.0659667 -0.0309509 -0.0076343 -0.00011572 0.0714711 1.82863 0.387672 0.407455 2.04365 2.61763 -0.010463 -0.0167772 0.160937 0.0199752 -0.0705084 -0.506616 0.315233 -0.4112 0.176837 43.9359 -1.26139 1.84678 3.11961 0.0258279 -0.0023906 -2.02987 -1.75532 1.15003 1.0448 -0.566634 0.456012 0.66167
372.474 0.22323 0.390846 2.11321 3.13013 -0.35069 0.400473 0.199816 0.410395 2.17318 -3.09774 -0.322453 0.371904 -0.0234138 0.019549 0.059972 -6.22787 0.028237 -0.0285685 0.067283 3.45139 0.387045 0.406849 2.04647 2.61773 -0.0100859 -0.0168326 0.163815 0.0160037 -0.0667415 -0.512404 0.340604 -0.417305 0.177611 45.1822 -1.32055 1.91552 3.12043 0.0245749 -0.00254283 -2.00186 -1.79182 1.2065 1.0456 -0.594877 0.460356 0.680079
372.796 0.220708 0.394614 2.11235 3.13685 -0.379862 0.409199 0.193355 0.409246 2.15251 3.10311 -0.413929 0.42148 -0.0273525 0.0146327 0.040157 -0.0337409 -0.0340664 0.0122811 0.0507431 2.64382 0.380679 0.407959 2.0495 2.6177 -0.00808574 -0.0141494 0.159972 0.0133458 -0.0628449 -0.51915 0.371777 -0.423348 0.172391 46.6557 -1.40215 2.00396 3.12183 0.0248348 -0.00271481 -1.96484 -1.84293 1.28012 1.04662 -0.630583 0.463901 0.703785
373.11 0.217102 0.397598 2.11219 3.13943 -0.39812 0.41646 0.195194 0.418005 2.17337 -3.13852 -0.40988 0.405145 -0.0219082 0.0204065 0.0611764 -6.27795 -0.01176 -0.0113142 0.0681098 0.900921 0.378167 0.409376 2.05267 2.61762 -0.0111295 -0.0190959 0.161065 0.0117773 -0.0595192 -0.521807 0.386991 -0.435556 0.172114 47.7566 -1.46529 2.06782 3.12306 0.0246991 -0.00310289 -1.93736 -1.88308 1.33387 1.04731 -0.653805 0.464594 0.722241
373.397 0.218073 0.402349 2.11093 3.13999 -0.414509 0.422388 0.193309 0.42183 2.17352 -3.14076 -0.40969 0.406363 -0.0247635 0.0194809 0.0625914 -6.28075 0.00481826 -0.0160248 0.0700744 0.914288 0.373162 0.407492 2.05592 2.6176 -0.0101784 -0.0175733 0.155089 0.00514254 -0.0550108 -0.522395 0.40433 -0.439961 0.164637 48.5107 -1.53002 2.12957 3.12444 0.0250226 -0.00352952 -1.90993 -1.92477 1.38617 1.04796 -0.673079 0.463772 0.742016

373.717 0.21506 0.4041 2.11118 3.13929 -0.422789 0.427168 0.189277 0.422926 2.15962 -3.13827 -0.445899 0.419508 -0.0257836 0.0188261 0.0484375 -6.27756 -0.0231102 -0.00765978 0.0580121 1.38959 0.378646 0.409193 2.05662 2.61758 -0.011674 -0.0197035 0.163585 0.00509358 -0.0545558 -0.521707 0.411115 -0.446871 0.172518 48.9888 -1.57401 2.16955 3.1254 0.0248211 -0.00383908 -1.8917 -1.95338 1.42016 1.04835 -0.68379 0.462312 0.756177
374.021 0.214057 0.408413 2.11051 3.13573 -0.434972 0.433162 0.185247 0.423902 2.14537 -3.13751 -0.479559 0.433061 -0.0288109 0.0154885 0.0348584 -6.27324 -0.0445876 -0.000100625 0.0478024 2.61689 0.373658 0.404718 2.06156 2.61762 -0.00999884 -0.0169714 0.159601 -0.00369525 -0.0489525 -0.518103 0.424973 -0.450133 0.16698 49.4165 -1.64119 2.22775 3.12686 0.024352 -0.00432505 -1.86438 -1.99744 1.46968 1.04889 -0.697143 0.458758 0.779064
374.32 0.206186 0.413374 2.11073 3.12642 -0.450341 0.442176 0.181546 0.427759 2.14593 -3.13955 -0.479863 0.434293 -0.0246399 0.0143854 0.035194 -6.26597 -0.0295222 -0.00788349 0.0453066 1.90742 0.367078 0.406924 2.06421 2.61751 -0.00992497 -0.01344 0.160892 -0.00645033 -0.046521 -0.508914 0.440416 -0.455616 0.167607 49.7952 -1.73284 2.30199 3.12879 0.0212383 -0.00516582 -1.82854 -2.05818 1.53275 1.04953 -0.711335 0.451615 0.812684
374.967 0.154974 0.41956 2.11494 3.09273 -0.490257 0.463635 0.142992 0.437578 2.15755 3.09809 -0.530252 0.462997 -0.0119822 0.0180172 0.0426125 0.00535966 -0.0399948 -0.00063787 0.0477914 2.30987 0.328184 0.408499 2.07507 2.61811 -0.0136968 -0.0172571 0.17321 -0.0110612 -0.0398701 -0.474622 0.47656 -0.480892 0.178084 50.7877 -1.89746 2.42239 3.13177 0.00136873 -0.00708802 -1.77208 -2.16927 1.63437 1.05066 -0.732275 0.433016 0.880143
375.289 0.118984 0.419717 2.11767 3.06835 -0.521633 0.472265 0.116755 0.445297 2.19597 3.04946 -0.517227 0.462798 -0.00222916 0.0255797 0.0783037 -0.01889 0.00440593 -0.00946665 0.082406 1.4532 0.290134 0.406178 2.08398 2.6186 -0.0142143 -0.0185242 0.17115 -0.0135397 -0.0336874 -0.449754 0.507419 -0.490789 0.174958 51.419 -1.99225 2.48549 3.13297 -0.0123414 -0.00767267 -1.74536 -2.23504 1.68701 1.05148 -0.746698 0.421178 0.922561
375.666 0.103627 0.419332 2.11861 3.05591 -0.539769 0.474275 0.084631 0.442702 2.1831 3.04514 -0.557871 0.482265 -0.0189959 0.0233702 0.0644917 -0.0107633 -0.0181025 0.00798943 0.0711772 1.17103 0.263539 0.405412 2.08694 2.61859 -0.0141319 -0.0139005 0.159912 -0.01392 -0.031673 -0.437321 0.525637 -0.488176 0.163612 51.5808 -2.03938 2.51543 3.13341 -0.0185829 -0.00785655 -1.73376 -2.26841 1.71175 1.052 -0.755744 0.415508 0.944375
376.032 0.0694706 0.415066 2.12149 3.0304 -0.581027 0.476486 0.0567176 0.43745 2.17142 3.01087 -0.606872 0.486354 -0.012753 0.0223841 0.0499305 -0.0195294 -0.0258445 0.00986792 0.0561849 1.74809 0.236806 0.406444 2.0917 2.61924 -0.0146958 -0.0218889 0.167336 -0.0086213 -0.0297884 -0.411168 0.566332 -0.498375 0.170185 52.6872 -2.13244 2.572 3.13404 -0.029494 -0.00817818 -1.71419 -2.33586 1.75799 1.05329 -0.778196 0.404659 0.988701
376.679 0.0179772 0.405432 2.12576 2.97921 -0.666776 0.475802 0.00556874 0.433421 2.19923 3.00683 -0.634325 0.459578 -0.0124085 0.0279887 0.0734738 0.0276261 0.0324513 -0.0162239 0.0795973 2.24594 0.185612 0.40261 2.09844 2.61984 -0.0150816 -0.0250524 0.167635 -0.00282226 -0.0273194 -0.359365 0.651694 -0.500855 0.16987 54.6935 -2.28919 2.66024 3.13476 -0.0452427 -0.00919642 -1.69115 -2.45489 1.82833 1.05644 -0.829208 0.384788 1.06731
377.3 -0.0183067 0.397119 2.12898 2.92552 -0.743926 0.475826 -0.0410567 0.429278 2.22781 2.97551 -0.702593 0.455469 -0.0227501 0.0321595 0.0988367 0.0499932 0.0413332 -0.0203574 0.106398 3.27859 0.125235 0.38936 2.10549 2.61969 -0.0160974 -0.0238811 0.143541 -0.007759 -0.0234842 -0.305829 0.727828 -0.499707 0.145657 56.484 -2.41486 2.72494 3.1351 -0.0553981 -0.0113062 -1.68147 -2.55618 1.87765 1.05976 -0.875664 0.365967 1.1337
377.615 -0.0396931 0.391179 2.1311 2.88607 -0.788389 0.476046 -0.0602885 0.422903 2.22021 2.91728 -0.76477 0.468305 -0.0205954 0.0317236 0.0891042 0.0312088 0.0236188 -0.0077413 0.0967994 2.02816 0.0996278 0.384299 2.10538 2.61998 -0.0162074 -0.0249308 0.139321 -0.00688044 -0.0257247 -0.266091 0.772182 -0.500977 0.141843 57.5133 -2.49322 2.76256 3.13495 -0.0610827 -0.0131074 -1.67923 -2.62247 1.90487 1.06187 -0.899764 0.352575 1.17698
377.912 -0.0545857 0.386819 2.13271 2.85566 -0.814382 0.475173 -0.0779119 0.411943 2.19809 2.89635 -0.810784 0.469757 -0.0233262 0.0251239 0.065376 0.0406817 0.00359851 -0.00541655 0.0738197 2.12633 0.0747915 0.381118 2.10542 2.62026 -0.0159159 -0.0254364 0.129377 -0.00570139 -0.0272927 -0.235403 0.798466 -0.50061 0.132347 57.9718 -2.54882 2.78792 3.13456 -0.0648682 -0.0147493 -1.67933 -2.67121 1.92238 1.06318 -0.910714 0.341928 1.20891
378.544 -0.0828447 0.378734 2.13628 2.78831 -0.846723 0.465837 -0.110394 0.408669 2.23307 2.83497 -0.867106 0.459718 -0.0275494 0.0299356 0.0967923 0.0466684 -0.0203831 -0.00611913 0.104995 2.68686 0.0283068 0.374157 2.10453 2.62011 -0.0163006 -0.02573 0.111151 -0.00457671 -0.0317509 -0.168192 0.830422 -0.491567 0.115688 57.7092 -2.66709 2.83778 3.13262 -0.0717801 -0.0199526 -1.6839 -2.78031 1.95377 1.06507 -0.910113 0.315669 1.27857
378.853 -0.0921163 0.375835 2.13773 2.76494 -0.849907 0.45772 -0.121477 0.400521 2.20453 2.79242 -0.855845 0.470962 -0.0293605 0.0246861 0.0667994 0.027486 -0.00593813 0.0132419 0.0770299 2.22967 0.0117576 0.369929 2.10329 2.62035 -0.0158773 -0.0257154 0.103874 -0.00590621 -0.0344447 -0.144586 0.83403 -0.483435 0.109595 57.16 -2.7126 2.85532 3.13117 -0.0735736 -0.0226576 -1.68718 -2.82448 1.96321 1.0654 -0.901108 0.305313 1.30399
379.157 -0.0976657 0.374234 2.13859 2.75242 -0.849323 0.451404 -0.131671 0.398307 2.21386 2.7502 -0.856983 0.470761 -0.0340053 0.024073 0.0752723 -0.00222124 -0.00766025 0.0193572 0.0860336 1.10748 -0.00068917 0.367766 2.10104 2.62059 -0.0155488 -0.0255636 0.0969765 -0.00646799 -0.0375553 -0.13183 0.833774 -0.476968 0.104195 56.7093 -2.74116 2.86579 3.12993 -0.074208 -0.0246799 -1.68963 -2.85287 1.96817 1.06548 -0.893393 0.299244 1.31875
379.497 -0.102769 0.371501 2.14059 2.7307 -0.839992 0.431265 -0.135935 0.390973 2.18925 2.72976 -0.877845 0.455991 -0.0331658 0.0194726 0.0486623 -0.00094003 -0.0378529 0.0247261 0.0620256 2.56857 -0.025094 0.361435 2.09644 2.62043 -0.0153834 -0.0254949 0.0776747 -0.0100652 -0.0441455 -0.110271 0.824609 -0.45676 0.0899083 55.2801 -2.80636 2.8879 3.12525 -0.0738752 -0.0304099 -1.69632 -2.91975 1.97609 1.06474 -0.870449 0.288397 1.34684
379.809 -0.102361 0.3712 2.14156 2.72418 -0.830404 0.418496 -0.140504 0.397421 2.23092 2.72252 -0.871995 0.428721 -0.038143 0.0262203 0.0893556 -0.00166071 -0.0415909 0.0102245 0.100632 2.43863 -0.0385887 0.359067 2.09129 2.61975 -0.0153459 -0.0258539 0.0637719 -0.0121337 -0.0502713 -0.104431 0.815058 -0.44435 0.0821053 54.3549 -2.8413 2.89856 3.12092 -0.072544 -0.0346245 -1.70041 -2.9568 1.97792 1.06328 -0.855903 0.285191 1.35742
380.118 -0.0994086 0.37227 2.14265 2.71918 -0.812789 0.402571 -0.14147 0.401947 2.26178 2.73433 -0.832341 0.428498 -0.0420613 0.0296774 0.119127 0.0151438 -0.0195514 0.0259261 0.129773 2.47053 -0.0488146 0.361485 2.08727 2.61917 -0.0150817 -0.02583 0.050594 -0.0107847 -0.0553787 -0.10001 0.797708 -0.428401 0.0757817 52.9708 -2.88312 2.90997 3.11338 -0.0695918 -0.040915 -1.70566 -3.00242 1.97748 1.05977 -0.834799 0.282226 1.36615
380.413 -0.0968731 0.372938 2.14326 2.71725 -0.802123 0.395336 -0.136608 0.397385 2.23098 2.70141 -0.831314 0.400438 -0.0397346 0.024447 0.0877246 -0.0158391 -0.0291914 0.00510239 0.0993584 1.82199 -0.0528164 0.363672 2.08771 2.61914 -0.0149938 -0.0256201 0.0440567 -0.0092664 -0.0555452 -0.0981123 0.787129 -0.420956 0.0714991 52.2047 -2.90205 2.91456 3.10893 -0.0678024 -0.0440922 -1.70814 -3.02355 1.97617 1.05733 -0.823538 0.280564 1.36879
380.717 -0.0912553 0.373913 2.14446 2.71365 -0.778 0.382427 -0.130328 0.391258 2.19132 2.67025 -0.83725 0.426099 -0.0390731 0.0173455 0.0468591 -0.0434075 -0.0592498 0.0436712 0.0634298 3.86928 -0.0553094 0.368702 2.09202 2.61924 -0.0149114 -0.0248633 0.0359459 -0.00521054 -0.0524454 -0.0944134 0.763089 -0.407291 0.0637948 50.5646 -2.93607 2.9217 3.09894 -0.0640245 -0.0501589 -1.71273 -3.06232 1.9717 1.05127 -0.799554 0.276322 1.37163
381.304 -0.078781 0.376287 2.14752 2.69873 -0.730864 0.368314 -0.122588 0.405407 2.25957 2.7106 -0.717939 0.361855 -0.0438065 0.0291201 0.112052 0.011864 0.0129249 -0.00645929 0.123785 0.902223 -0.0562659 0.38284 2.0999 2.61933 -0.0151398 -0.0241051 0.0225151 0.00655354 -0.0476177 -0.079402 0.715724 -0.392419 0.0530785 47.5509 -2.98391 2.92845 3.07997 -0.0572635 -0.0604596 -1.71921 -3.11839 1.95931 1.03817 -0.757596 0.261387 1.37362
381.935 -0.0688978 0.379225 2.14988 2.68281 -0.694129 0.360205 -0.106278 0.399004 2.20818 2.63248 -0.727678 0.387509 -0.0373801 0.0197786 0.0582981 -0.0503322 -0.0335492 0.0273043 0.0720218 2.92744 -0.0526464 0.395016 2.10359 2.61895 -0.0150292 -0.0239011 0.0162514 0.0157907 -0.0462932 -0.0638626 0.6791 -0.384106 0.0515414 45.2682 -3.00962 2.92959 3.06633 -0.0521129 -0.0675887 -1.72251 -3.14928 1.94815 1.02769 -0.725787 0.245546 1.37605
382.512 -0.0518648 0.384767 2.15319 2.66677 -0.624272 0.335591 -0.092675 0.402378 2.20565 2.64398 -0.677809 0.36243 -0.0408101 0.0176109 0.0524572 -0.0227866 -0.053537 0.0268389 0.0687559 3.32319 -0.0413997 0.409889 2.10644 2.61901 -0.0144667 -0.0222491 0.0104651 0.0251225 -0.0467552 -0.0477587 0.609805 -0.35784 0.0540991 40.8771 -3.03777 2.92684 3.04385 -0.043813 -0.0780607 -1.72533 -3.18439 1.92834 1.00919 -0.661399 0.22278 1.3811
383.176 -0.0343421 0.386617 2.15565 2.66862 -0.552752 0.304585 -0.0768008 0.414848 2.24709 2.68302 -0.606036 0.312861 -0.0424587 0.0282305 0.0914372 0.0144001 -0.0532833 0.0082764 0.104692 3.26411 -0.028414 0.420059 2.1012 2.61869 -0.013929 -0.0232636 0.0059281 0.0334415 -0.054458 -0.0499355 0.538823 -0.327848 0.0641806 36.5471 -3.05103 2.9216 3.02328 -0.0358316 -0.084551 -1.72539 -3.2023 1.91096 0.991572 -0.594071 0.210861 1.3811
383.746 -0.0210351 0.383047 2.15715 2.67888 -0.502284 0.283918 -0.0590188 0.409903 2.24166 2.6913 -0.547695 0.288222 -0.0379837 0.026856 0.0845166 0.0124115 -0.0454107 0.00430413 0.0964731 2.74081 -0.013656 0.424055 2.10172 2.61927 -0.0149172 -0.023773 0.0073791 0.0410082 -0.0554266 -0.0596141 0.487367 -0.307691 0.0693414 33.5681 -3.0551 2.9171 3.00767 -0.0297945 -0.086251 -1.72451 -3.20846 1.89933 0.978111 -0.548413 0.208534 1.37541
384.337 -0.00676421 0.376629 2.15785 2.70424 -0.437132 0.261505 -0.0426832 0.396859 2.20715 2.72927 -0.499646 0.285041 -0.035919 0.0202306 0.0492966 0.0250306 -0.0625142 0.0235361 0.064262 4.29528 0.00587933 0.426999 2.10176 2.61926 -0.0152922 -0.0236894 0.0126435 0.0503704 -0.0560876 -0.0849809 0.42184 -0.285194 0.0764385 30.1058 -3.05479 2.91029 2.98452 -0.0230674 -0.0869643 -1.72262 -3.20911 1.88491 0.95826 -0.491517 0.216963 1.35953
384.706 -0.000296535 0.374086 2.15712 2.72225 -0.402765 0.251219 -0.0379432 0.404543 2.26118 2.71014 -0.380681 0.251595 -0.0376466 0.0304571 0.104065 -0.0121095 0.0220835 0.000375423 0.11478 1.43913 0.015021 0.425612 2.09735 2.61915 -0.0151324 -0.023814 0.0153176 0.0515255 -0.0597702 -0.103103 0.387632 -0.275033 0.0803865 28.4883 -3.05203 2.90624 2.97086 -0.0198769 -0.0872341 -1.72138 -3.20604 1.878 0.946401 -0.461447 0.226956 1.34832
384.985 0.00248285 0.37333 2.15703 2.73274 -0.384767 0.2459 -0.0337099 0.398676 2.24454 2.75751 -0.405289 0.239111 -0.0361927 0.0253453 0.0875104 0.0247719 -0.0205213 -0.00678864 0.0980325 1.76724 0.0196969 0.425216 2.09428 2.61917 -0.0158618 -0.0239264 0.0172141 0.0518861 -0.0627486 -0.113569 0.368905 -0.269826 0.0832219 27.6573 -3.05006 2.90421 2.96391 -0.018342 -0.087366 -1.72075 -3.20374 1.87495 0.940273 -0.446773 0.233072 1.34267
385.266 0.0080328 0.372837 2.15591 2.75304 -0.350455 0.235419 -0.0277728 0.396768 2.23411 2.74322 -0.331546 0.218269 -0.0358056 0.0239314 0.0781939 -0.00981607 0.0189088 -0.0171509 0.0892695 1.68098 0.0299291 0.424243 2.09041 2.61902 -0.0158985 -0.0240726 0.0218963 0.0514058 -0.0654993 -0.134015 0.334556 -0.259492 0.086094 26.1972 -3.04506 2.90015 2.94974 -0.0153648 -0.0877103 -1.71951 -3.19788 1.8698 0.927451 -0.417074 0.246369 1.3323
385.846 0.0157443 0.375929 2.15343 2.78354 -0.29847 0.217405 -0.0177917 0.393717 2.21106 2.79641 -0.344575 0.237177 -0.0335359 0.0177881 0.0576348 0.0128714 -0.0461053 0.0197714 0.0690134 3.05505 0.04197 0.428644 2.08973 2.61878 -0.0161225 -0.0238844 0.0262257 0.0527152 -0.0637006 -0.164764 0.282348 -0.24129 0.0867436 24.0975 -3.03537 2.89427 2.92759 -0.0111761 -0.0890017 -1.71776 -3.18682 1.86438 0.906655 -0.370097 0.268934 1.32055
386.216 0.021001 0.379527 2.151 2.80757 -0.253808 0.199298 -0.0148294 0.394979 2.19707 2.74706 -0.315643 0.229085 -0.0358304 0.0154515 0.0460698 -0.0605028 -0.0618351 0.0297868 0.0603738 4.91446 0.0502721 0.434406 2.08787 2.6188 -0.0163931 -0.02377 0.0292711 0.0548788 -0.0631302 -0.188763 0.237414 -0.223068 0.0886222 22.3805 -3.0257 2.88984 2.90892 -0.00854113 -0.0898155 -1.71642 -3.1765 1.86202 0.888401 -0.326476 0.287845 1.31579
386.525 0.022795 0.380927 2.15009 2.81664 -0.23556 0.191272 -0.0113066 0.406095 2.24238 2.77513 -0.263297 0.202434 -0.0341016 0.0251681 0.0922893 -0.041517 -0.0277369 0.0111621 0.101556 2.8003 0.054519 0.437082 2.08842 2.61874 -0.016275 -0.023467 0.031724 0.0561545 -0.061669 -0.197904 0.219285 -0.214739 0.0892345 21.7097 -3.0215 2.88824 2.90147 -0.00772783 -0.0899682 -1.71592 -3.17228 1.8616 0.880967 -0.307839 0.295124 1.31526
386.824 0.0260775 0.384842 2.14833 2.83171 -0.200644 0.175394 -0.00837015 0.407109 2.2311 2.88228 -0.233086 0.17784 -0.0344477 0.0222667 0.0827714 0.0505779 -0.0324419 0.00244633 0.0923772 3.47085 0.0610212 0.443764 2.09095 2.6186 -0.0161249 -0.0228758 0.0349437 0.0589219 -0.0573743 -0.213107 0.184519 -0.19827 0.0893569 20.4618 -3.01263 2.88543 2.88678 -0.00645627 -0.0905477 -1.71495 -3.1638 1.86162 0.865929 -0.271098 0.307792 1.3163
387.135 0.0295405 0.389041 2.14679 2.84138 -0.170111 0.160967 -0.00546231 0.408248 2.21684 2.80492 -0.190664 0.1679 -0.0350028 0.0192077 0.0700489 -0.036462 -0.0205532 0.00693311 0.0806286 2.36877 0.06697 0.448449 2.09285 2.61855 -0.0159401 -0.022398 0.0374295 0.0594089 -0.053938 -0.222837 0.154171 -0.183365 0.088542 19.3744 -3.00322 2.88319 2.87266 -0.00548711 -0.0910142 -1.71404 -3.15533 1.86274 0.850879 -0.237932 0.316055 1.31955
387.431 0.0321869 0.391935 2.14594 2.84623 -0.151446 0.1517 -0.00159394 0.412275 2.21767 2.80426 -0.18723 0.167532 -0.0337809 0.0203401 0.0717222 -0.0419651 -0.0357833 0.0158329 0.0818471 3.17361 0.0714742 0.450598 2.0955 2.61852 -0.0157496 -0.0222376 0.0392873 0.0586635 -0.0504472 -0.22771 0.135697 -0.173937 0.0867745 18.7317 -2.99586 2.88194 2.8623 -0.00492241 -0.0911583 -1.71342 -3.14904 1.86415 0.839625 -0.217262 0.320138 1.32258
387.749 0.0349206 0.394129 2.14542 2.8491 -0.137404 0.144281 0.00115533 0.416658 2.22034 2.82755 -0.0805876 0.145476 -0.0337653 0.0225293 0.0749181 -0.0215482 0.0568162 0.00119519 0.0852079 3.47953 0.0739609 0.455412 2.10164 2.61865 -0.0163097 -0.0226169 0.0390403 0.0612825 -0.0437814 -0.230453 0.121094 -0.166898 0.0848322 18.2373 -2.98827 2.88109 2.85222 -0.00447053 -0.0909605 -1.71288 -3.14284 1.86597 0.828511 -0.201315 0.322275 1.32567
388.616 0.0484888 0.399297 2.14524 2.84197 -0.124641 0.133832 0.0127799 0.418654 2.20422 2.95676 -0.142303 0.141677 -0.0357089 0.0193576 0.0589798 0.114788 -0.0176622 0.00784528 0.0716133 6.72806 0.0786399 0.45522 2.10886 2.61859 -0.0157188 -0.022678 0.0301511 0.0559235 -0.0363784 -0.223386 0.108922 -0.15651 0.0732114 17.2831 -2.96182 2.88102 2.82072 -0.00190878 -0.0896227 -1.71188 -3.12279 1.87418 0.792593 -0.186087 0.313544 1.33423
388.974 0.0546753 0.401093 2.14557 2.83519 -0.130606 0.134943 0.0177062 0.420362 2.20357 2.88583 -0.21622 0.157549 -0.0369692 0.0192691 0.0579958 0.0506368 -0.0856137 0.0226061 0.071425 5.95378 0.0819024 0.45078 2.10809 2.6185 -0.0153999 -0.0224069 0.0272271 0.0496873 -0.0374807 -0.21669 0.115207 -0.157349 0.0679334 17.1683 -2.95373 2.88178 2.81157 -0.000240452 -0.0894893 -1.7118 -3.11687 1.87699 0.781977 -0.193195 0.306875 1.33599
389.268 0.0617563 0.402439 2.14599 2.82713 -0.139898 0.137638 0.0261442 0.41944 2.18943 2.80641 -0.172019 0.147598 -0.0356121 0.0170011 0.0434337 -0.0207211 -0.0321209 0.00995997 0.0586835 2.21629 0.0841094 0.449885 2.10808 2.61846 -0.0156767 -0.0222542 0.0223531 0.0474466 -0.0379128 -0.208673 0.124221 -0.159892 0.0647165 17.1455 -2.9457 2.88289 2.80218 0.00183994 -0.0893361 -1.71181 -3.11096 1.87981 0.771185 -0.204482 0.299016 1.33742
389.586 0.0683677 0.402767 2.14653 2.81836 -0.151382 0.14163 0.0342611 0.428483 2.23137 2.83409 -0.0621688 0.109886 -0.0341066 0.025716 0.0848426 0.0157383 0.0892137 -0.0317436 0.0949886 5.4678 0.08819 0.446858 2.10901 2.61856 -0.0156496 -0.0226692 0.0198223 0.0440916 -0.0375241 -0.199798 0.135733 -0.164299 0.0611968 17.2484 -2.93783 2.88436 2.79239 0.00376626 -0.0889506 -1.71189 -3.10507 1.8826 0.760101 -0.218387 0.290237 1.33861
389.919 0.0734527 0.402304 2.14736 2.80866 -0.163858 0.146543 0.0405498 0.430976 2.2437 2.89285 -0.212182 0.142127 -0.0329029 0.0286727 0.0963455 0.0841885 -0.048324 -0.00441623 0.105769 5.52599 0.0913516 0.444099 2.10949 2.61869 -0.0158315 -0.0230189 0.0178989 0.0417954 -0.0378669 -0.189965 0.148027 -0.169562 0.0591703 17.4099 -2.93023 2.88615 2.78213 0.00512814 -0.0883435 -1.71204 -3.09924 1.8853 0.748647 -0.232829 0.280559 1.33971
390.228 0.077879 0.401073 2.14892 2.79334 -0.179026 0.153434 0.0452909 0.419746 2.19098 2.81399 -0.161827 0.145455 -0.032588 0.0186727 0.0420562 0.0206539 0.0171994 -0.00797949 0.056386 1.54813 0.0929966 0.443598 2.11426 2.61848 -0.0166804 -0.023254 0.0151177 0.0425247 -0.0346656 -0.174859 0.162346 -0.176688 0.0569086 17.5646 -2.92061 2.88899 2.76788 0.00613795 -0.087421 -1.71234 -3.09162 1.8888 0.732813 -0.249677 0.265421 1.3414
390.56 0.0802528 0.400263 2.15112 2.77394 -0.189965 0.15972 0.047887 0.423978 2.21814 2.78557 -0.231503 0.178777 -0.0323657 0.0237154 0.067014 0.0116273 -0.0415388 0.0190568 0.0781078 2.75762 0.0934657 0.440855 2.11889 2.61854 -0.0167117 -0.023387 0.013213 0.0405919 -0.0322346 -0.155401 0.173253 -0.183107 0.0534916 17.5068 -2.9117 2.89225 2.75335 0.00662866 -0.0867243 -1.71275 -3.0842 1.89219 0.71654 -0.261456 0.246931 1.34369
390.86 0.0819015 0.399726 2.15269 2.75866 -0.193426 0.16272 0.0509996 0.425711 2.2328 2.73422 -0.147012 0.143807 -0.0309019 0.0259859 0.0801092 -0.0244476 0.0464134 -0.0189135 0.0897088 3.27441 0.0946335 0.438719 2.12213 2.61842 -0.0165849 -0.0232924 0.012732 0.0389938 -0.0305538 -0.14024 0.176841 -0.186013 0.0511484 17.2667 -2.90551 2.89491 2.74225 0.00715026 -0.0864638 -1.71309 -3.0788 1.89457 0.704155 -0.265673 0.232052 1.34576
391.169 0.0830087 0.399503 2.15383 2.74862 -0.193378 0.163706 0.0526939 0.429644 2.26305 2.82298 -0.161875 0.147861 -0.0303148 0.0301414 0.109217 0.0743564 0.0315032 -0.0158452 0.117285 4.56772 0.0958203 0.438673 2.12771 2.61839 -0.0164938 -0.0231774 0.0128116 0.0391701 -0.026118 -0.130227 0.176884 -0.186884 0.0487912 17.0057 -2.90163 2.89677 2.73476 0.00766589 -0.0863761 -1.71332 -3.0753 1.89605 0.695867 -0.266104 0.222177 1.34722
391.816 0.0846132 0.39634 2.15754 2.71548 -0.178407 0.160385 0.055634 0.420092 2.21806 2.79002 -0.229095 0.177789 -0.0289792 0.023752 0.0605209 0.0745393 -0.0506879 0.0174049 0.071181 5.42101 0.101995 0.433989 2.13464 2.6185 -0.0168188 -0.0233793 0.0173813 0.0376487 -0.0228934 -0.0969811 0.161588 -0.183764 0.0473671 15.4425 -2.88835 2.9047 2.70337 0.00905827 -0.0862344 -1.71404 -3.06211 1.90061 0.662517 -0.251286 0.188539 1.35221
392.125 0.0828716 0.393502 2.1589 2.70776 -0.16784 0.156188 0.0540019 0.419733 2.23207 2.72781 -0.217487 0.158181 -0.0288697 0.0262313 0.0731695 0.0200572 -0.0496469 0.00199268 0.0829175 3.07816 0.102089 0.431684 2.13792 2.61866 -0.0172197 -0.0237172 0.0192176 0.0381829 -0.0209828 -0.0890992 0.150621 -0.179906 0.0476186 14.7038 -2.88434 2.90781 2.69083 0.00883206 -0.08582 -1.7142 -3.05761 1.90165 0.649934 -0.239425 0.179783 1.35352
392.456 0.0789761 0.388756 2.16061 2.70099 -0.152171 0.149188 0.052723 0.422944 2.26485 2.73818 -0.146877 0.161738 -0.026253 0.0341878 0.104236 0.0371908 0.00529416 0.01255 0.112797 2.36778 0.101885 0.427615 2.13832 2.61883 -0.0179458 -0.0242068 0.0229089 0.0388588 -0.0222902 -0.0821601 0.134225 -0.173395 0.0503157 13.7011 -2.8798 2.91199 2.67344 0.00805077 -0.0851578 -1.71437 -3.05197 1.90236 0.633096 -0.22122 0.171429 1.3549
392.724 0.0776907 0.387419 2.16101 2.69979 -0.148143 0.14726 0.049036 0.411938 2.23207 2.74602 -0.14988 0.142489 -0.0286547 0.0245188 0.0710666 0.0462312 -0.00173696 -0.00477072 0.0804532 2.62406 0.101471 0.426475 2.13854 2.61879 -0.0181212 -0.024463 0.0237799 0.0390559 -0.0224671 -0.0810068 0.130022 -0.171723 0.0509472 13.4617 -2.8788 2.91303 2.66899 0.00774607 -0.0849837 -1.7144 -3.05063 1.90243 0.628879 -0.216386 0.169823 1.35522
393.05 0.072115 0.382126 2.16256 2.69525 -0.131319 0.138707 0.0438671 0.404972 2.22131 2.66271 -0.0986584 0.115855 -0.0282479 0.0228467 0.0587507 -0.0325381 0.0326605 -0.022852 0.0690765 3.04157 0.0992581 0.421492 2.14194 2.61871 -0.0184566 -0.0250522 0.0271431 0.0393664 -0.0206149 -0.0765391 0.112862 -0.163759 0.0520715 12.4534 -2.87532 2.91708 2.65093 0.0064202 -0.0844397 -1.71453 -3.04564 1.9023 0.611919 -0.195886 0.163842 1.35682
393.39 0.0666739 0.377158 2.1643 2.6911 -0.113766 0.128816 0.0392487 0.401654 2.22913 2.74379 -0.160279 0.144763 -0.0274253 0.0244966 0.0648314 0.0526842 -0.0465134 0.0159468 0.0745342 4.21909 0.0963153 0.41665 2.14547 2.61872 -0.0186915 -0.0252908 0.0296413 0.0394926 -0.0188277 -0.0723786 0.0950745 -0.154107 0.0528465 11.3832 -2.87255 2.92089 2.6325 0.00523238 -0.0841211 -1.71466 -3.04131 1.90153 0.594853 -0.174282 0.158577 1.35901
393.699 0.0633577 0.373267 2.16516 2.68706 -0.100132 0.120539 0.0352867 0.395872 2.22448 2.67371 -0.160434 0.160813 -0.028071 0.0226053 0.0593283 -0.0133529 -0.0603021 0.0402741 0.0694177 4.16979 0.0946841 0.413925 2.14955 2.61872 -0.0187022 -0.0253633 0.0313264 0.0406585 -0.0156082 -0.0683415 0.0814294 -0.145902 0.0536477 10.526 -2.8709 2.92354 2.61863 0.00467382 -0.0840943 -1.71476 -3.03858 1.9006 0.582017 -0.157435 0.153956 1.36122
394.337 0.0580113 0.365861 2.16778 2.67518 -0.0708098 0.101419 0.0284728 0.389394 2.23784 2.64768 -0.050671 0.0900084 -0.0295385 0.0235333 0.070057 -0.0275029 0.0201389 -0.0114103 0.0795885 2.08975 0.0927021 0.409877 2.15964 2.61863 -0.0183763 -0.0252153 0.0346908 0.0440159 -0.00814598 -0.0565539 0.0524336 -0.126634 0.0566322 8.61605 -2.86824 2.9288 2.58628 0.00420184 -0.0846792 -1.71495 -3.03403 1.89718 0.552229 -0.12144 0.14176 1.36699
394.724 0.056089 0.362685 2.16918 2.66657 -0.0573544 0.0926717 0.0264932 0.387023 2.24133 2.61389 0.00817802 0.0967019 -0.0295959 0.0243381 0.0721454 -0.0526801 0.0655324 0.00403023 0.0816898 4.81914 0.091217 0.408425 2.16651 2.61851 -0.0182982 -0.0251028 0.035128 0.0457397 -0.00266997 -0.0480609 0.0390562 -0.117774 0.057734 7.71465 -2.86743 2.93117 2.56807 0.00419521 -0.0855756 -1.71505 -3.0326 1.89447 0.53552 -0.105144 0.133727 1.36961
395.25 0.0539322 0.358441 2.17115 2.65427 -0.0399444 0.0829123 0.0245628 0.381513 2.23745 2.65205 -0.0541513 0.0904285 -0.0293694 0.0230717 0.0663034 -0.00221642 -0.014207 0.00751622 0.0760987 0.92704 0.0887749 0.405102 2.17644 2.6186 -0.0183482 -0.0250344 0.0348427 0.0466606 0.005294 -0.0356638 0.0215962 -0.107947 0.0584744 6.68507 -2.86714 2.93384 2.54087 0.00405796 -0.0873057 -1.71522 -3.03232 1.88936 0.510888 -0.0849436 0.122806 1.37124
395.594 0.0534317 0.356437 2.17196 2.64972 -0.0317999 0.0792749 0.0219769 0.384793 2.27943 2.72357 -0.0154043 0.0847648 -0.0314547 0.0283562 0.107468 0.073849 0.0163955 0.00548984 0.115512 4.3528 0.0865649 0.403968 2.18386 2.61855 -0.0182397 -0.024886 0.0331332 0.0475313 0.0118972 -0.0311623 0.0135601 -0.104161 0.0591487 6.31963 -2.86753 2.93507 2.52264 0.00404776 -0.0887137 -1.71537 -3.03347 1.88521 0.494803 -0.0732132 0.118226 1.37063
395.928 0.0535485 0.35374 2.17274 2.64595 -0.020585 0.07485 0.0206642 0.378091 2.24638 2.61825 -0.00866146 0.0669639 -0.0328844 0.0243511 0.0736424 -0.027699 0.0119235 -0.00788618 0.0842471 1.79188 0.083773 0.401848 2.18838 2.61847 -0.0182806 -0.0248623 0.0302245 0.0481082 0.0156425 -0.0274827 0.00230438 -0.0997124 0.0589289 5.95687 -2.86812 2.93574 2.50888 0.00411812 -0.0898735 -1.71549 -3.03508 1.88173 0.482936 -0.0644411 0.11668 1.36955
396.926 0.054932 0.3446 2.17372 2.65132 0.0089677 0.0611168 0.0245878 0.37026 2.24647 2.62343 -0.00683838 0.0666343 -0.0303442 0.0256603 0.0727515 -0.0278951 -0.0158061 0.00551745 0.0828976 1.86425 0.0729725 0.40191 2.19705 2.61856 -0.0187649 -0.0250414 0.0180405 0.0573098 0.0233269 -0.0327599 -0.0277326 -0.0861582 0.0644516 5.52301 -2.87181 2.93688 2.46178 0.00357273 -0.0935601 -1.71589 -3.04493 1.86802 0.444279 -0.0318395 0.125585 1.367
397.206 0.0553111 0.341423 2.17394 2.65399 0.0136957 0.0580203 0.0245878 0.366334 2.24645 2.62585 -0.00714343 0.0666717 -0.0307232 0.0249113 0.0725094 -0.0281341 -0.0208392 0.00865139 0.082596 2.06753 0.0715284 0.401374 2.19507 2.6188 -0.018961 -0.0252478 0.0162173 0.0599509 0.0211341 -0.0351852 -0.0326567 -0.0832682 0.0656031 5.51114 -2.87285 2.93697 2.45215 0.00334047 -0.0938115 -1.71595 -3.04756 1.86501 0.436574 -0.0259375 0.128561 1.36738
397.903 0.0547709 0.326032 2.17562 2.6607 0.0187448 0.0491815 0.0244626 0.352666 2.24686 2.6334 0.0736906 0.0212441 -0.0303082 0.0266338 0.0712413 -0.0272989 0.0549458 -0.0279374 0.0818735 3.83237 0.0602254 0.394356 2.18448 2.61903 -0.0197291 -0.02586 0.00545455 0.0683243 0.00885752 -0.0416674 -0.0384739 -0.0750415 0.0691116 5.38976 -2.87791 2.93689 2.4139 0.0012685 -0.0933518 -1.71623 -3.05883 1.85293 0.405416 -0.0145437 0.135178 1.37255
398.225 0.0543883 0.322624 2.17624 2.65923 0.0143289 0.0479488 0.0245883 0.346704 2.24634 2.63788 -0.0086644 0.0668425 -0.0298 0.0240797 0.070099 -0.0213502 -0.0229933 0.0188937 0.0798858 2.10022 0.0556307 0.392206 2.17907 2.61886 -0.0197106 -0.0258914 0.00124241 0.0695826 0.00282109 -0.0403685 -0.0340394 -0.0738402 0.0696508 5.20579 -2.88011 2.9366 2.39967 0.000462821 -0.0939511 -1.71638 -3.06303 1.84857 0.393298 -0.0166853 0.134424 1.37563
398.532 0.054613 0.320628 2.17688 2.65662 0.00835579 0.047134 0.0245884 0.342778 2.24632 2.64027 -0.00896759 0.0668733 -0.0300246 0.0221501 0.0694461 -0.0163512 -0.0173234 0.0197393 0.0788344 1.77233 0.0520358 0.392146 2.17535 2.61869 -0.0196363 -0.0258319 -0.00257716 0.0715184 -0.00152139 -0.0379295 -0.027992 -0.072966 0.071581 4.9872 -2.88244 2.93615 2.38525 -4.97917e-06 -0.0949906 -1.71656 -3.06715 1.84437 0.380768 -0.0206945 0.132946 1.37904
400.382 0.0477469 0.320592 2.18084 2.61455 0.00871039 0.0237077 0.0187215 0.341231 2.24906 2.6405 -0.0241878 0.0364524 -0.0290254 0.0206389 0.0682188 0.0259527 -0.0328982 0.0127448 0.0769561 2.51279 0.0307661 0.416 2.15036 2.61912 -0.0211161 -0.0265439 -0.0169808 0.0954079 -0.0304718 0.00456718 -0.0298265 -0.0502515 0.101585 3.35684 -2.89988 2.93148 2.28893 -0.00513728 -0.101028 -1.71763 -3.09189 1.82749 0.287875 -0.00169584 0.097522 1.39896
401.011 0.0460188 0.321434 2.18087 2.61052 0.0294312 0.00747812 0.0147464 0.340522 2.25114 2.59924 0.0128012 0.0149946 -0.0312724 0.0190882 0.0702765 -0.0112762 -0.0166299 0.00751649 0.0792534 1.23385 0.0251202 0.423538 2.15071 2.61913 -0.0206698 -0.0264009 -0.0208986 0.102104 -0.0301544 0.00861197 -0.050101 -0.033879 0.108495 3.50129 -2.90402 2.93029 2.26564 -0.00606786 -0.101071 -1.71775 -3.0971 1.82717 0.263907 0.0259405 0.0938246 1.40238
401.654 0.0447283 0.327327 2.17956 2.61683 0.0708998 -0.020347 0.0145862 0.345287 2.24385 2.58599 0.0833172 -0.0287262 -0.0301421 0.0179602 0.0642903 -0.0308403 0.0124174 -0.00837914 0.0732418 1.93087 0.0226409 0.432116 2.15127 2.61902 -0.0204769 -0.0260149 -0.0220874 0.104789 -0.0282925 0.00218826 -0.0913767 -0.00566789 0.110766 5.24725 -2.90908 2.92878 2.23383 -0.00706237 -0.102161 -1.71763 -3.10379 1.82912 0.231334 0.0767836 0.102467 1.40599
401.98 0.0435458 0.330951 2.17789 2.62486 0.0964272 -0.0357732 0.0137579 0.353249 2.2755 2.66702 0.102485 -0.0493176 -0.0297879 0.0222987 0.0976144 0.0421568 0.00605738 -0.0135443 0.104466 2.63225 0.0211733 0.438656 2.15505 2.61914 -0.0203007 -0.0258378 -0.0223725 0.107706 -0.0228366 -0.00572475 -0.116728 0.00993541 0.11235 6.72123 -2.91151 2.92815 2.21613 -0.00794686 -0.102613 -1.71744 -3.10723 1.83144 0.213217 0.107977 0.112282 1.40771
402.831 0.0466133 0.340879 2.17403 2.64586 0.153583 -0.0687674 0.0144357 0.358084 2.23187 2.60341 0.128355 -0.0535089 -0.0321776 0.0172057 0.0578476 -0.0424512 -0.0252281 0.0152584 0.0683943 3.06056 0.0196904 0.448298 2.16729 2.61908 -0.0197547 -0.0256922 -0.0269229 0.107419 -0.00673793 -0.0267805 -0.173338 0.0430751 0.110946 10.3715 -2.91579 2.92796 2.17487 -0.00780016 -0.102976 -1.71686 -3.11425 1.84063 0.170134 0.174083 0.137318 1.41275
403.148 0.0481477 0.343912 2.17294 2.65173 0.167537 -0.077208 0.0155154 0.364903 2.2553 2.67851 0.159944 -0.0761345 -0.0326323 0.0209914 0.0823567 0.0267847 -0.00759307 0.00107355 0.0910392 1.58659 0.0200588 0.450725 2.17221 2.61905 -0.0198081 -0.0257194 -0.0280889 0.106814 -0.000730162 -0.0326833 -0.187345 0.0514886 0.110448 11.323 -2.9166 2.9284 2.16331 -0.00760999 -0.103023 -1.71671 -3.11607 1.84403 0.157944 0.190272 0.144277 1.41494
403.501 0.0498038 0.347281 2.1715 2.65984 0.182723 -0.0870361 0.0174065 0.366558 2.24773 2.61479 0.172972 -0.0951505 -0.0323973 0.0192768 0.0762283 -0.0450553 -0.00975092 -0.00811435 0.0850408 2.60143 0.021754 0.453407 2.17929 2.61903 -0.019951 -0.025745 -0.0280498 0.106126 0.00778176 -0.0408146 -0.202674 0.0612911 0.110046 12.4065 -2.91737 2.92942 2.14824 -0.00761714 -0.102969 -1.71655 -3.11835 1.8487 0.142201 0.20868 0.153538 1.41851
403.776 0.0508917 0.348919 2.17052 2.66666 0.19075 -0.0928284 0.0194474 0.370713 2.25471 2.67414 0.162746 -0.0770459 -0.0314442 0.0217939 0.0841927 0.00748208 -0.0280037 0.0157826 0.0924777 1.85456 0.023176 0.45424 2.18302 2.61916 -0.0200098 -0.0257582 -0.0277157 0.105321 0.012506 -0.0474978 -0.21076 0.0670702 0.109622 13.0268 -2.91774 2.93055 2.13698 -0.00772322 -0.102743 -1.71648 -3.11991 1.85216 0.130669 0.219008 0.160737 1.42163
404.227 0.0523585 0.349573 2.16959 2.67425 0.197001 -0.0986306 0.0191118 0.368966 2.2263 2.67987 0.219357 -0.103639 -0.0332467 0.0193929 0.0567108 0.00562068 0.0223561 -0.00500867 0.0685386 1.36573 0.0239689 0.451941 2.18849 2.6194 -0.0200404 -0.0257885 -0.0283896 0.102369 0.0189031 -0.0548485 -0.217042 0.0728421 0.107901 13.5701 -2.91795 2.93253 2.12228 -0.00785795 -0.102014 -1.71645 -3.12172 1.85669 0.115647 0.227981 0.168001 1.42583
404.68 0.053562 0.34907 2.16938 2.67688 0.198447 -0.101707 0.0210495 0.368884 2.22581 2.68014 0.221283 -0.10394 -0.0325125 0.019814 0.0564249 0.00326498 0.022836 -0.00223356 0.0680693 1.33178 0.0234656 0.449296 2.19257 2.61948 -0.0198576 -0.0257206 -0.0300963 0.100225 0.0231896 -0.0573963 -0.218305 0.0759861 0.107185 13.7351 -2.9179 2.93436 2.1116 -0.00788425 -0.101146 -1.71649 -3.12284 1.86006 0.104527 0.231118 0.169821 1.42856
405.056 0.0550072 0.347861 2.16956 2.67677 0.196832 -0.103437 0.0229961 0.368917 2.22601 2.67917 0.221605 -0.104058 -0.0320112 0.021056 0.0564472 0.00239462 0.0247729 -0.000620924 0.0682229 1.42711 0.0237993 0.445294 2.19565 2.61958 -0.0197197 -0.0257018 -0.031208 0.0974332 0.0260922 -0.0571907 -0.216552 0.0777355 0.105584 13.6742 -2.91771 2.93643 2.10095 -0.00773246 -0.100079 -1.71657 -3.12367 1.86335 0.0932658 0.230659 0.168467 1.43074
405.301 0.0565804 0.34547 2.17047 2.67178 0.19136 -0.104399 0.0238505 0.363201 2.20954 2.61244 0.170267 -0.110663 -0.0327299 0.0177304 0.0390732 -0.0593396 -0.0210934 -0.00626388 0.053966 3.56502 0.0237361 0.438564 2.19785 2.61992 -0.0198805 -0.0258562 -0.0328442 0.0930931 0.027383 -0.0518626 -0.21124 0.0785426 0.102445 13.3323 -2.91726 2.93949 2.08665 -0.00757894 -0.0984032 -1.71673 -3.12435 1.8676 0.07781 0.226387 0.161368 1.43273
406.316 0.0580859 0.338111 2.17425 2.64543 0.164438 -0.100047 0.0262991 0.363611 2.25934 2.6801 0.223086 -0.121733 -0.0317868 0.0254997 0.0850829 0.0346642 0.0586484 -0.0216855 0.0943384 4.21054 0.0218231 0.401914 2.17297 2.61986 -0.0198732 -0.0262028 -0.0362628 0.0638026 -0.00128528 -0.025572 -0.184311 0.0738444 0.073399 11.5068 -2.9154 2.94765 2.04932 -0.00723273 -0.0943368 -1.71736 -3.12307 1.87669 0.0368967 0.200571 0.128953 1.43487
406.584 0.0581555 0.336896 2.17506 2.63939 0.157479 -0.0981211 0.0280395 0.355788 2.22968 2.60193 0.124396 -0.0855209 -0.030116 0.0188915 0.0546243 -0.0374593 -0.0330824 0.0126001 0.0651743 3.02582 0.022677 0.395345 2.16721 2.61964 -0.0199355 -0.0261803 -0.0354785 0.0584487 -0.00784529 -0.0197486 -0.177414 0.0719408 0.0688225 11.0541 -2.91495 2.94921 2.04145 -0.00699717 -0.09373 -1.71752 -3.12218 1.87814 0.028328 0.193357 0.121797 1.43509
406.905 0.0578003 0.335435 2.1762 2.63067 0.14691 -0.094941 0.0271558 0.356055 2.24338 2.61734 0.167933 -0.126783 -0.0306445 0.0206197 0.0671741 -0.0133324 0.0210231 -0.0318419 0.0766591 2.21947 0.0238253 0.385344 2.15861 2.61972 -0.0199543 -0.0263041 -0.033975 0.0499081 -0.0175925 -0.0109468 -0.166865 0.0686368 0.0628857 10.3702 -2.91425 2.95142 2.02938 -0.00666005 -0.093014 -1.71777 -3.1204 1.88006 0.0152947 0.182317 0.111598 1.43546
407.151 0.0563863 0.334075 2.17722 2.62296 0.137237 -0.0920008 0.0267617 0.361697 2.29098 2.67973 0.164146 -0.0939335 -0.0296245 0.0276219 0.113767 0.0567722 0.0269089 -0.00193266 0.120762 3.61628 0.0254861 0.376576 2.14888 2.6197 -0.0204139 -0.0264932 -0.0309001 0.0425006 -0.0283353 -0.00326197 -0.157651 0.0655076 0.0596993 9.78597 -2.91355 2.95344 2.01701 -0.00659189 -0.0923973 -1.71803 -3.11818 1.88166 0.00209647 0.172468 0.10259 1.43596
407.436 0.0513964 0.332678 2.17869 2.61116 0.126738 -0.0901847 0.0241469 0.35191 2.22978 2.60464 0.122463 -0.084978 -0.0272494 0.0192321 0.0510919 -0.00651892 -0.00427493 0.00520665 0.0610146 0.562322 0.0246186 0.362797 2.13253 2.61953 -0.0208662 -0.0267802 -0.0267778 0.0301194 -0.0461564 0.00837471 -0.147604 0.0634045 0.0612751 9.20547 -2.91234 2.95628 1.99641 -0.00728489 -0.0917215 -1.71845 -3.1137 1.88375 -0.0197129 0.163321 0.0894128 1.43718
408.027 0.045873 0.333351 2.17959 2.60101 0.127664 -0.095477 0.0162804 0.349701 2.22223 2.55527 0.132291 -0.102232 -0.0295926 0.0163497 0.0426391 -0.0457352 0.00462754 -0.00675473 0.0544162 2.61224 0.0243495 0.350781 2.11635 2.61934 -0.0210383 -0.0269698 -0.0215234 0.0174292 -0.0632416 0.018338 -0.148702 0.0685072 0.0690401 9.41438 -2.91102 2.95833 1.97605 -0.00787946 -0.0919122 -1.71881 -3.10866 1.88518 -0.0409972 0.167599 0.0795799 1.43926
408.373 0.0398814 0.337602 2.1799 2.58992 0.139705 -0.108483 0.0124702 0.351992 2.2303 2.60583 0.115573 -0.083833 -0.0274113 0.0143906 0.0504049 0.0159087 -0.0241316 0.02465 0.0591534 2.09984 0.0258624 0.34146 2.10028 2.61912 -0.0214184 -0.027125 -0.014019 0.00385788 -0.0796198 0.0292038 -0.161123 0.081358 0.0809365 10.4295 -2.90945 2.95955 1.95587 -0.00863921 -0.0935079 -1.71898 -3.1034 1.88622 -0.0621137 0.185601 0.0711157 1.44212
408.708 0.0357758 0.340939 2.17993 2.58302 0.151146 -0.119384 0.00852237 0.353654 2.22268 2.55388 0.127479 -0.101648 -0.0272535 0.0127148 0.0427537 -0.0291403 -0.0236666 0.0177354 0.0522714 2.47591 0.0274158 0.336418 2.09053 2.61897 -0.0217365 -0.0270862 -0.00836003 -0.00452118 -0.0893964 0.0359498 -0.172882 0.0922974 0.0899002 11.3504 -2.90833 2.95994 1.94371 -0.00943833 -0.0947304 -1.71898 -3.1003 1.8867 -0.07484 0.201972 0.0665012 1.44416
409.25 0.031558 0.344346 2.17997 2.57533 0.164801 -0.13199 0.00372569 0.364041 2.25685 2.54749 0.12069 -0.11932 -0.0278323 0.0196948 0.0768787 -0.0278392 -0.0441104 0.0126694 0.0841003 3.1285 0.0283744 0.331461 2.08061 2.6191 -0.0218796 -0.0271123 -0.00318362 -0.0128855 -0.09936 0.0437689 -0.18668 0.104877 0.100243 12.4305 -2.90702 2.96011 1.9315 -0.0104471 -0.0959029 -1.71892 -3.09732 1.88718 -0.0876948 0.221325 0.06139 1.44618
409.777 0.0261811 0.349235 2.18026 2.56147 0.183938 -0.149888 -0.00131951 0.365897 2.24983 2.56798 0.21013 -0.153135 -0.0275007 0.0166622 0.0695637 0.00650912 0.0261919 -0.00324635 0.0766356 1.56623 0.0301437 0.325141 2.06725 2.61924 -0.0221005 -0.0272494 0.00396256 -0.0240935 -0.113014 0.0577705 -0.206038 0.122639 0.115621 13.9892 -2.90488 2.96005 1.91535 -0.0120089 -0.0973845 -1.71874 -3.09356 1.88802 -0.105141 0.248653 0.05134 1.44811
410.254 0.0227616 0.353312 2.1806 2.54829 0.198195 -0.163538 -0.00524847 0.369909 2.25033 2.56651 0.207421 -0.152999 -0.0280101 0.0165973 0.0697316 0.0182201 0.00922575 0.0105384 0.076958 1.2166 0.030659 0.320167 2.05733 2.61912 -0.0223528 -0.0271886 0.00789744 -0.0331451 -0.123269 0.0708294 -0.220548 0.136349 0.127891 15.2073 -2.90291 2.95983 1.90318 -0.0132248 -0.0985099 -1.71857 -3.09099 1.88886 -0.118623 0.269207 0.0413686 1.44866
410.807 0.0203612 0.357541 2.18113 2.53319 0.212301 -0.177212 -0.00912483 0.370088 2.22189 2.56963 0.244285 -0.175846 -0.0294861 0.012547 0.0407648 0.0364486 0.0319836 0.00136598 0.051852 2.76612 0.029767 0.315294 2.04702 2.61926 -0.0223282 -0.0272349 0.00940583 -0.0422478 -0.134108 0.0860723 -0.23463 0.149977 0.140919 16.4417 -2.90056 2.95947 1.89086 -0.0143237 -0.0995507 -1.71838 -3.08876 1.88993 -0.132495 0.289509 0.029686 1.44833
411.119 0.0197759 0.360165 2.1813 2.5223 0.221167 -0.18595 -0.0130784 0.379769 2.24495 2.51432 0.203274 -0.169237 -0.0328543 0.0196042 0.0636526 -0.00798079 -0.0178928 0.0167126 0.0742656 1.53672 0.0302386 0.311303 2.04044 2.61926 -0.0222931 -0.0272379 0.0104627 -0.0488617 -0.140859 0.0969558 -0.24346 0.158712 0.14946 17.2468 -2.89877 2.95917 1.88254 -0.0148195 -0.100155 -1.71826 -3.08749 1.89079 -0.141983 0.302411 0.0209528 1.44756
411.912 0.0473318 0.36164 2.18231 2.52594 0.0791936 -0.0868523 0.00565693 0.37927 2.24805 2.49071 0.130574 -0.13822 -0.0416749 0.0176298 0.065733 -0.0352283 0.0513802 -0.0513681 0.0798025 4.48943 0.0421687 0.299821 2.01342 2.61886 -0.022166 -0.0278003 -0.00516311 -0.0618197 -0.168894 0.0929229 -0.10136 0.059052 0.179926 8.51179 -2.88946 2.95896 1.8522 -0.0126843 -0.101704 -1.7191 -3.09722 1.89134 -0.172954 0.127634 0.0113224 1.44666
412.37 0.0590541 0.360686 2.18076 2.5454 -0.00164948 -0.0340486 0.0165606 0.382576 2.24455 2.48955 0.0594692 -0.0598508 -0.0424936 0.0218896 0.0637894 -0.0558468 0.0611186 -0.0258022 0.0797116 4.94054 0.048377 0.296908 2.00228 2.6192 -0.021859 -0.0279983 -0.0106772 -0.0637781 -0.178486 0.0738017 -0.0202096 0.00605033 0.189839 4.40175 -2.88545 2.95887 1.84071 -0.0108854 -0.102424 -1.72042 -3.09981 1.89052 -0.182061 0.0289476 0.0293222 1.44951
413.026 0.077123 0.35298 2.18447 2.51384 -0.0208203 -0.0204455 0.0461609 0.365225 2.24634 2.50341 -0.0495279 -0.00883251 -0.0309621 0.0122443 0.0618662 -0.0104255 -0.0287076 0.011613 0.0702567 1.86467 0.0667308 0.28757 1.99218 2.61774 -0.0223793 -0.0293947 -0.0103922 -0.06541 -0.192294 0.103907 -0.00155908 -0.00894922 0.20338 5.96509 -2.87461 2.96325 1.82632 -0.00484166 -0.103248 -1.72313 -3.09774 1.88714 -0.19421 -5.6455e-05 -0.00118924 1.44673
413.535 0.0810601 0.351544 2.18445 2.51571 -0.0190313 -0.0294722 0.0461789 0.374538 2.24907 2.53772 -0.0243641 -0.028721 -0.0348812 0.0229936 0.0646182 0.0220173 -0.00533281 0.000751257 0.0769475 1.29965 0.075038 0.285639 1.99301 2.61868 -0.0221302 -0.0291008 -0.00602205 -0.0659048 -0.191444 0.102973 -0.00309893 0.00037142 0.20256 5.90312 -2.87003 2.9657 1.82428 -0.00307836 -0.104805 -1.7245 -3.09569 1.88565 -0.193758 0.00499099 0.00209919 1.45182
413.889 0.0755373 0.341342 2.18512 2.52688 -0.0269526 -0.0352772 0.0501084 0.370628 2.24918 2.54006 -0.0220981 -0.0291371 -0.0254289 0.0292857 0.0640534 0.0131824 0.00485447 0.00614007 0.0748807 0.885586 0.0764976 0.277145 1.99603 2.61948 -0.0224888 -0.0285518 0.000960312 -0.0641973 -0.189097 0.0925942 0.00446385 0.00672544 0.1997 5.33487 -2.86422 2.96938 1.82308 -0.00521648 -0.103401 -1.72554 -3.0908 1.8833 -0.19093 0.00404494 0.0117662 1.45998
414.299 0.0726927 0.33337 2.1854 2.53806 -0.0307436 -0.0328804 0.0461284 0.361721 2.24891 2.5087 0.00404313 -0.0492577 -0.0265643 0.0283508 0.0635133 -0.0293627 0.0347868 -0.0163772 0.0744538 2.77939 0.079149 0.270594 1.99833 2.61921 -0.021549 -0.0286236 0.00645629 -0.0627757 -0.187076 0.0811509 0.00919467 0.00425686 0.197433 4.69202 -2.86004 2.97223 1.82222 -0.00544877 -0.102321 -1.72591 -3.08531 1.88114 -0.18857 -0.000250981 0.0217795 1.45978
414.637 0.0712069 0.32609 2.18542 2.54912 -0.024235 -0.0302008 0.0422474 0.352913 2.24926 2.47918 -0.0238951 -0.02903 -0.0289595 0.026823 0.0638398 -0.0699343 0.000339878 0.00117078 0.0750576 4.00595 0.0846737 0.264543 2.00011 2.61924 -0.0211564 -0.0286418 0.0134667 -0.0615472 -0.185308 0.0701222 0.00307855 0.00155898 0.195725 4.02458 -2.85598 2.97499 1.82097 -0.00441243 -0.101562 -1.72605 -3.07863 1.87869 -0.186468 0.00241011 0.0321923 1.45384
414.852 0.0707765 0.319483 2.18529 2.56266 -0.0111555 -0.0261764 0.0399401 0.349105 2.28792 2.59462 0.0111348 -0.0350942 -0.0308364 0.0296221 0.102628 0.0319601 0.0222903 -0.0089178 0.111179 2.29029 0.0928284 0.258907 2.00135 2.61929 -0.0202431 -0.0289421 0.0220519 -0.0605765 -0.18394 0.0566283 -0.00908759 -0.00276572 0.194909 3.28742 -2.85208 2.97777 1.81924 -0.00234104 -0.101127 -1.72606 -3.07094 1.87601 -0.184801 0.0086017 0.0455051 1.44344
415.191 0.0711625 0.312628 2.18528 2.57405 0.00640507 -0.0211506 0.0403311 0.337495 2.25087 2.55935 -0.0154038 0.00230918 -0.0308314 0.0248667 0.0655912 -0.0147011 -0.0218089 0.0234598 0.0766233 2.01674 0.101454 0.253251 2.00202 2.61944 -0.0197937 -0.0289261 0.0302915 -0.0593771 -0.183255 0.0453868 -0.0261988 -0.00777547 0.195001 3.0328 -2.84837 2.98048 1.81702 0.000614923 -0.100548 -1.72593 -3.06241 1.87314 -0.183758 0.0169738 0.0565575 1.4301
415.443 0.0706371 0.300023 2.18674 2.57534 0.00862755 -0.0357881 0.0401984 0.327428 2.24922 2.5627 0.0491897 -0.0399821 -0.0304387 0.0274049 0.0624791 -0.0126428 0.0405622 -0.00419401 0.0747073 2.44409 0.111 0.239742 2.00503 2.6195 -0.0203914 -0.0281804 0.0403634 -0.0602813 -0.181709 0.0441606 -0.0290189 0.0076077 0.195655 3.06081 -2.84379 2.9846 1.81465 0.00364933 -0.0980786 -1.72542 -3.05173 1.86998 -0.182846 0.0242668 0.0553255 1.44194
415.729 0.0679295 0.291734 2.18791 2.57521 0.00309632 -0.0486535 0.03994 0.321132 2.28788 2.61083 0.0113605 -0.0349898 -0.0279895 0.0293981 0.0999714 0.0356203 0.00826417 0.0136637 0.107898 2.23143 0.113436 0.230205 2.00706 2.61952 -0.0201043 -0.0279311 0.0455067 -0.0615291 -0.180858 0.0443102 -0.0232006 0.0207224 0.196383 3.11018 -2.84077 2.98784 1.81226 0.00468937 -0.0968408 -1.72468 -3.04386 1.86745 -0.182798 0.0261737 0.053707 1.45656
416.423 0.0526924 0.274394 2.19118 2.56418 -0.0315109 -0.0754158 0.0244636 0.292285 2.24356 2.54816 -0.0192314 -0.0787402 -0.0282288 0.0178911 0.0523892 -0.0160233 0.0122795 -0.00332443 0.0621416 1.17603 0.106941 0.208243 2.00933 2.61919 -0.0203766 -0.0276359 0.0542485 -0.0661508 -0.181845 0.0550108 0.0111343 0.0477799 0.200964 4.27563 -2.83407 2.99766 1.80133 0.00346307 -0.0967544 -1.72158 -3.02309 1.8594 -0.18634 0.0147194 0.0412988 1.50064
416.701 0.0487381 0.267831 2.19253 2.55532 -0.0498831 -0.0760491 0.019909 0.292667 2.27664 2.58473 -0.0623307 -0.0741696 -0.0288291 0.0248357 0.084109 0.0294112 -0.0124476 0.00187956 0.0923161 1.83845 0.104096 0.198961 2.00839 2.61922 -0.0202013 -0.0285048 0.0553581 -0.0688704 -0.184148 0.0639065 0.0296818 0.0475444 0.20425 4.9411 -2.83209 3.00208 1.79462 0.00403998 -0.0972687 -1.72103 -3.016 1.85612 -0.189753 -0.000426214 0.0328884 1.5118
416.921 0.0480635 0.262155 2.19496 2.53662 -0.0482295 -0.0757162 0.0179172 0.284753 2.27695 2.58886 -0.0589602 -0.0756691 -0.0301463 0.0225983 0.0819872 0.0522348 -0.0107307 4.70457e-05 0.0902296 3.05544 0.105002 0.191535 2.00857 2.61884 -0.02002 -0.0265162 0.0569386 -0.0706194 -0.186393 0.082214 0.0282096 0.0491999 0.207296 5.80063 -2.83082 3.00619 1.79066 0.00456821 -0.0971149 -1.71998 -3.01256 1.85464 -0.192629 0.000199927 0.0137649 1.51164
417.208 0.0474995 0.257616 2.19672 2.52147 -0.0451952 -0.0722231 0.0159569 0.279535 2.27522 2.55119 -0.0884028 -0.0558466 -0.0315426 0.0219192 0.0785037 0.0297165 -0.0432075 0.0163765 0.0873969 3.18125 0.104848 0.18349 2.01012 2.61939 -0.0199266 -0.0260214 0.0573488 -0.0741261 -0.186598 0.0979166 0.0252686 0.0462017 0.208811 6.44497 -2.82986 3.01041 1.78683 0.0049763 -0.0975034 -1.71956 -3.01058 1.85364 -0.194745 0.000273377 -0.000450493 1.50754
417.482 0.0480502 0.253254 2.19747 2.52101 -0.0448478 -0.0711793 0.0166661 0.269784 2.24438 2.46115 -0.0489313 -0.0596166 -0.0313841 0.0165308 0.046913 -0.0598548 -0.00408346 0.0115627 0.0588137 3.47006 0.102996 0.178066 2.01177 2.61911 -0.0199785 -0.0258436 0.0549458 -0.0751878 -0.185695 0.0981056 0.0248693 0.0453357 0.207737 6.42748 -2.82913 3.01532 1.78434 0.00463212 -0.0980003 -1.71847 -3.01058 1.85364 -0.194725 0.000333452 -0.00040469 1.50754
417.77 0.04864 0.247265 2.19803 2.52118 -0.0443219 -0.070367 0.0166201 0.264791 2.24343 2.49532 -0.0223735 -0.0796573 -0.03202 0.0175268 0.0454031 -0.0258564 0.0219485 -0.00929021 0.0582572 2.02777 0.101306 0.169679 2.014 2.61949 -0.0195761 -0.0258501 0.0526663 -0.0775856 -0.184035 0.0983151 0.0247458 0.044517 0.206548 6.41545 -2.82873 3.02021 1.78152 0.00452315 -0.0978397 -1.7175 -3.01058 1.85364 -0.194708 0.000385116 -0.000365297 1.50754
418.299 0.0526956 0.224169 2.20002 2.52425 -0.0411029 -0.0703118 0.0205857 0.246265 2.2444 2.47329 -0.0463046 -0.0604134 -0.0321099 0.0220961 0.0443807 -0.0509597 -0.00520166 0.0098984 0.0590671 2.96491 0.102131 0.148723 2.01523 2.62036 -0.0190331 -0.0260401 0.0494355 -0.0754456 -0.184794 0.0961009 0.0220698 0.0442717 0.205632 6.25978 -2.82918 3.0342 1.77359 0.0067623 -0.0946448 -1.7158 -3.01058 1.85364 -0.194673 0.000490233 -0.000285162 1.50754
418.6 0.0517098 0.20962 2.20114 2.52701 -0.0402964 -0.0702093 0.0205858 0.234503 2.24439 2.47936 -0.046017 -0.0606859 -0.031124 0.0248837 0.0432533 -0.047643 -0.00572057 0.00952344 0.0588111 2.77996 0.0999311 0.135429 2.01493 2.62038 -0.0190527 -0.0254396 0.0482213 -0.0741904 -0.186207 0.0933736 0.0212437 0.0447698 0.206162 6.12298 -2.83037 3.04162 1.76941 0.00710049 -0.0918815 -1.71529 -3.01057 1.85364 -0.19466 0.000528942 -0.00025569 1.50754
418.9 0.0502472 0.202385 2.20169 2.52837 -0.0401996 -0.0700148 0.0205859 0.222742 2.24438 2.4854 -0.0457298 -0.0609556 -0.0296613 0.0203568 0.042697 -0.0429773 -0.00553026 0.00905926 0.0558321 2.51466 0.0971856 0.129241 2.01522 2.62083 -0.0190272 -0.0252591 0.0469384 -0.0731444 -0.186463 0.0924585 0.0211724 0.0447557 0.205722 6.07528 -2.83123 3.04539 1.76731 0.00694016 -0.0905272 -1.71506 -3.01057 1.85364 -0.194654 0.00054557 -0.000243035 1.50754
419.162 0.0471385 0.186604 2.20266 2.53159 -0.0398508 -0.0697909 0.0166665 0.210977 2.24434 2.49149 -0.0474343 -0.0610392 -0.030472 0.0243732 0.0416725 -0.040103 -0.00758355 0.00875171 0.0570893 2.37042 0.0908975 0.116189 2.01412 2.62061 -0.0187076 -0.0253438 0.043759 -0.0704146 -0.188543 0.0890215 0.0211432 0.0444471 0.205965 5.89269 -2.83342 3.05309 1.76289 0.0068091 -0.0873188 -1.71466 -3.01057 1.85364 -0.194645 0.000574204 -0.000221236 1.50754
419.376 0.0456546 0.177864 2.20317 2.53351 -0.0395252 -0.0697938 0.0151633 0.202917 2.31889 2.59264 -0.0221532 -0.0820349 -0.0304913 0.0250533 0.115727 0.0591283 0.0173719 -0.012241 0.122271 3.57949 0.0883042 0.107372 2.01481 2.62145 -0.0185483 -0.0253571 0.0426496 -0.0704918 -0.188358 0.0879445 0.0209768 0.0444368 0.205589 5.8358 -2.83473 3.05706 1.76063 0.0069117 -0.0853999 -1.71449 -3.01057 1.85364 -0.194641 0.000586502 -0.000211874 1.50754
419.69 0.0411684 0.155245 2.20438 2.53854 -0.0387537 -0.069822 0.012649 0.181308 2.24101 2.50492 0.00107221 -0.098184 -0.0285194 0.0260623 0.036628 -0.033617 0.0398259 -0.028362 0.0532373 3.41673 0.080326 0.0844733 2.01652 2.62137 -0.0184565 -0.0253824 0.0391576 -0.0707721 -0.187858 0.0828344 0.0202972 0.0444396 0.20453 5.57204 -2.83865 3.0673 1.75487 0.00713412 -0.0803508 -1.7141 -3.01057 1.85364 -0.194632 0.000611428 -0.000192896 1.50754
419.879 0.0386158 0.146516 2.20478 2.54041 -0.0386721 -0.0697314 0.00795201 0.170819 2.28335 2.54022 -0.019263 -0.0651191 -0.0306638 0.0243024 0.0785703 -0.000196368 0.019409 0.00461228 0.0877734 1.14295 0.078598 0.0780187 2.01623 2.62072 -0.0184828 -0.0253891 0.0399822 -0.0684977 -0.188551 0.0803108 0.0201893 0.0443423 0.204553 5.44338 -2.84048 3.07145 1.75252 0.0069914 -0.0784874 -1.71396 -3.01057 1.85364 -0.194629 0.000620164 -0.000186244 1.50754
420.226 0.0338689 0.133784 2.20528 2.54312 -0.0388679 -0.0694547 0.00396445 0.154866 2.28335 2.54814 -0.0207044 -0.0651575 -0.0299045 0.0210818 0.0780706 0.00501962 0.0181635 0.0042972 0.0862191 1.10924 0.0725902 0.0629686 2.01765 2.62155 -0.0186183 -0.0252398 0.0387212 -0.0708153 -0.187631 0.0784226 0.0202496 0.0442149 0.204253 5.34823 -2.84348 3.07766 1.74897 0.00643771 -0.0757774 -1.7138 -3.01057 1.85364 -0.194626 0.000631009 -0.000177986 1.50754
420.516 0.0281447 0.12073 2.20572 2.54592 -0.0393266 -0.0690681 -0.00201789 0.138932 2.28366 2.55692 -0.022573 -0.0653555 -0.0301625 0.0182028 0.0779399 0.0110027 0.0167536 0.00371262 0.0855321 1.17136 0.0676473 0.0508076 2.01777 2.62143 -0.018629 -0.0252438 0.0395026 -0.0699221 -0.187953 0.07551 0.0206977 0.0438243 0.204392 5.20142 -2.84675 3.08391 1.7454 0.00561538 -0.0730658 -1.71369 -3.01057 1.85364 -0.194622 0.000641053 -0.000170337 1.50754
420.904 0.0175894 0.100192 2.2063 2.55015 -0.0404014 -0.0683627 -0.00711891 0.126213 2.32448 2.55879 -0.0217025 -0.0490572 -0.0247083 0.026021 0.11818 0.00863287 0.0186989 0.0193055 0.123507 1.62775 0.0615743 0.032263 2.0173 2.62119 -0.0185252 -0.0254499 0.0439848 -0.0679286 -0.188999 0.0710402 0.0218762 0.0429128 0.205595 4.97697 -2.8527 3.0943 1.73952 0.00397826 -0.0689311 -1.71359 -3.01057 1.85364 -0.194618 0.000655721 -0.000159164 1.50754
421.15 0.0113208 0.0891309 2.20652 2.55221 -0.0409746 -0.0680591 -0.0159742 0.110998 2.28344 2.56988 -0.0287448 -0.0651776 -0.0272949 0.0218673 0.0769169 0.017673 0.0122298 0.00288147 0.084495 1.2471 0.0572622 0.0214104 2.01753 2.62121 -0.0184096 -0.0257586 0.0459414 -0.0677205 -0.188987 0.0690007 0.022565 0.0423005 0.205943 4.87251 -2.85649 3.10039 1.73604 0.00316424 -0.0669271 -1.7136 -3.01057 1.85364 -0.194616 0.000661066 -0.000155092 1.50754
421.443 0.00446937 0.0754826 2.2067 2.55454 -0.0410471 -0.0681402 -0.0239506 0.0990362 2.28351 2.57582 -0.0320397 -0.0651933 -0.02842 0.0235536 0.0768159 0.021279 0.00900745 0.00294691 0.0852241 1.34028 0.0522768 0.00974456 2.01653 2.62138 -0.0181751 -0.0261847 0.0478075 -0.0657381 -0.190171 0.0668373 0.0228721 0.0419555 0.206814 4.76477 -2.86172 3.10827 1.73151 0.00295626 -0.0646102 -1.7137 -3.01057 1.85364 -0.194613 0.000668315 -0.000149568 1.50754
421.656 0.00137562 0.0691389 2.20675 2.55557 -0.0409419 -0.0682992 -0.0293504 0.0884911 2.3196 2.61217 -0.0687141 -0.065177 -0.030726 0.0193523 0.112856 0.0565986 -0.0277722 0.00312221 0.118554 3.62536 0.0512487 0.0037698 2.01633 2.62105 -0.0181747 -0.0263609 0.0498731 -0.0653691 -0.190414 0.0654814 0.0227672 0.0419383 0.207407 4.69911 -2.8644 3.11209 1.7293 0.00304794 -0.0635728 -1.71378 -3.01057 1.85364 -0.194612 0.000671921 -0.000146821 1.50754
421.869 -0.00357228 0.059609 2.20675 2.55713 -0.0408584 -0.0685428 -0.0339267 0.075117 2.28386 2.58819 -0.0351668 -0.0656109 -0.0303544 0.015508 0.0771104 0.0310588 0.00569166 0.00293191 0.0843084 1.82327 0.047546 -0.00409458 2.01536 2.62139 -0.0181996 -0.0265238 0.0511183 -0.0637036 -0.191392 0.0642619 0.0226589 0.042019 0.208092 4.64317 -2.86849 3.11769 1.72601 0.00312373 -0.0620259 -1.71394 -3.01057 1.85364 -0.194611 0.000675426 -0.00014415 1.50754
422.175 -0.012376 0.0435947 2.2066 2.56001 -0.0409733 -0.0688962 -0.0399073 0.0650946 2.28364 2.529 -0.0401679 -0.0654585 -0.0275313 0.0214998 0.0770428 -0.0310136 0.000805386 0.00343766 0.084592 1.78048 0.0403522 -0.0180439 2.01428 2.6215 -0.0180439 -0.0264695 0.0527281 -0.0616387 -0.192318 0.0614918 0.0229294 0.0424267 0.208724 4.53328 -2.87545 3.12679 1.72059 0.00298444 -0.0591145 -1.7143 -3.01057 1.85364 -0.194609 0.00068234 -0.000138878 1.50754
422.428 -0.0177085 0.0334818 2.20644 2.56191 -0.0409355 -0.0692221 -0.0458994 0.0531387 2.28408 2.53546 -0.041891 -0.0658149 -0.0281909 0.0196569 0.0776414 -0.0264508 -0.000955505 0.00340719 0.0849076 1.5211 0.0355599 -0.0274858 2.01357 2.62121 -0.017838 -0.0264457 0.0532685 -0.0609675 -0.192867 0.0592992 0.0230975 0.0427764 0.20917 4.44849 -2.87969 3.13213 1.7174 0.0030424 -0.057271 -1.71455 -3.01057 1.85364 -0.194608 0.000684107 -0.00013753 1.50754
422.918 -0.0258638 0.0176826 2.20606 2.56481 -0.040631 -0.0699254 -0.0578698 0.0312411 2.28427 2.60916 -0.0439914 -0.0662086 -0.032006 0.0135584 0.0782102 0.0443547 -0.00336039 0.00371683 0.0855865 2.56643 0.029114 -0.0433372 2.01335 2.62124 -0.0177332 -0.026742 0.0549779 -0.0610198 -0.192711 0.0564322 0.0228978 0.0431834 0.209484 4.33151 -2.88686 3.14082 1.71213 0.00344378 -0.0543603 -1.71499 -3.01057 1.85364 -0.194607 0.000688965 -0.000133823 1.50754
423.409 -0.0392547 -0.00881434 2.20472 2.57005 -0.0401568 -0.0711048 -0.067778 0.00906647 2.24794 2.5297 -0.0224133 -0.0654695 -0.0285233 0.0178808 0.0432183 -0.0403531 0.0177435 0.00563529 0.0547825 2.53698 0.0229036 -0.0718747 2.01358 2.62187 -0.0176857 -0.0270996 0.0621583 -0.0630604 -0.191143 0.0518177 0.0224711 0.0440052 0.210656 4.15454 -2.89855 3.15435 1.70332 0.00405435 -0.0491042 -1.71576 -3.01057 1.85364 -0.194605 0.00069235 -0.000131237 1.50754
423.615 -0.0428844 -0.0183209 2.20377 2.57237 -0.0400613 -0.0713975 -0.0735245 -0.00271297 2.24546 2.53729 -0.0815633 -0.0657908 -0.0306401 0.0156079 0.0416964 -0.0350803 -0.041502 0.0056068 0.0540464 3.11747 0.0208931 -0.0808456 2.0124 2.62248 -0.0176405 -0.0271493 0.0637775 -0.0625247 -0.191362 0.0501114 0.0224208 0.0442482 0.211178 4.09137 -2.9015 3.15799 1.70038 0.00410191 -0.0467874 -1.71596 -3.01057 1.85364 -0.194605 0.000693984 -0.000129986 1.50754
423.887 -0.0531143 -0.0474926 2.20069 2.57986 -0.0401523 -0.071928 -0.0817682 -0.0216317 2.2821 2.59981 -0.0295894 -0.082571 -0.0286539 0.0258608 0.0814078 0.0199437 0.0105629 -0.010643 0.0900947 1.4125 0.0157497 -0.108878 2.0091 2.62168 -0.0175526 -0.0272489 0.068864 -0.0613851 -0.191597 0.0418196 0.0225997 0.0446791 0.212649 3.78465 -2.90883 3.16827 1.6919 0.00369312 -0.0393238 -1.71644 -3.01057 1.85364 -0.194604 0.000695648 -0.000128705 1.50754
424.113 -0.0576347 -0.0586666 2.19948 2.58247 -0.0403972 -0.0720132 -0.089967 -0.0407105 2.28913 2.57584 -0.0476422 -0.0342162 -0.0323323 0.0179561 0.0896483 -0.00662952 -0.00724503 0.037797 0.0969774 2.22123 0.0136433 -0.120557 2.00828 2.62185 -0.0176041 -0.027355 0.071278 -0.0618904 -0.191202 0.0393773 0.0227931 0.0446582 0.213235 3.69819 -2.91175 3.17281 1.68833 0.00331435 -0.036727 -1.71664 -3.01057 1.85364 -0.194604 0.000695648 -0.000128705 1.50754
424.589 -0.0719337 -0.0880142 2.19674 2.58806 -0.0415584 -0.0720164 -0.103761 -0.0765024 2.28319 2.58964 -0.007864 -0.0647103 -0.0318273 0.0115118 0.0864434 0.00157456 0.0336944 0.00730612 0.0928329 1.97794 0.0063115 -0.149968 2.00601 2.62146 -0.0176459 -0.0276213 0.0782452 -0.0619536 -0.190731 0.0333986 0.0239125 0.0443951 0.215265 3.50655 -2.92045 3.1876 1.67787 0.00186803 -0.0312447 -1.71721 -3.01057 1.85364 -0.194604 0.000697274 -0.000127451 1.50754
425.282 -0.098675 -0.136523 2.19262 2.59499 -0.0443593 -0.0714526 -0.129831 -0.122557 2.28675 2.61447 -0.0678194 -0.0706341 -0.031156 0.0139657 0.0941346 0.0194782 -0.02346 0.000818481 0.100135 1.74944 -0.00488052 -0.194773 2.00033 2.62164 -0.0172228 -0.0271802 0.0937945 -0.0582506 -0.192287 0.0266567 0.0271365 0.0442724 0.221731 3.37962 -2.93572 3.21714 1.65834 -0.00138629 -0.024552 -1.7181 -3.01057 1.85364 -0.194603 0.000698886 -0.000126206 1.50754
425.786 -0.110641 -0.163701 2.18886 2.5986 -0.0450468 -0.0714544 -0.142545 -0.152104 2.25052 2.60137 -0.0444855 -0.0687043 -0.0319046 0.0115969 0.0616597 0.00277215 0.000561317 0.00275016 0.0703869 0.2307 -0.00915378 -0.221012 1.99622 2.62151 -0.0170322 -0.0275148 0.101487 -0.0573108 -0.192635 0.0229161 0.0280145 0.0439396 0.22515 3.29289 -2.94335 3.23338 1.64592 -0.00227834 -0.0209902 -1.71844 -3.01057 1.85364 -0.194603 0.00070051 -0.000124953 1.50754
426.039 -0.116107 -0.177822 2.18656 2.6005 -0.0452306 -0.0714978 -0.150432 -0.167856 2.25088 2.60801 -0.0465116 -0.0691851 -0.0343248 0.00996573 0.0643241 0.0075131 -0.00128106 0.0023127 0.0735874 0.462248 -0.0100162 -0.234915 1.99406 2.62179 -0.0170524 -0.0276027 0.106091 -0.0570932 -0.1925 0.0212863 0.0281782 0.0438951 0.227093 3.25726 -2.94693 3.24142 1.63937 -0.00257102 -0.0191231 -1.71857 -3.01057 1.85364 -0.194603 0.00070051 -0.000124953 1.50754
426.282 -0.123188 -0.19607 2.18341 2.60289 -0.0455602 -0.0714575 -0.156373 -0.182648 2.25124 2.58274 -0.0206118 -0.0503619 -0.0331848 0.0134216 0.0678268 -0.020142 0.0249485 0.0210956 0.0766932 2.17799 -0.0126631 -0.254067 1.99167 2.62187 -0.0171461 -0.0275459 0.110525 -0.0579965 -0.191749 0.0189805 0.0284141 0.0439116 0.228795 3.21467 -2.95144 3.25201 1.63062 -0.00307548 -0.0167694 -1.7187 -3.01057 1.85364 -0.194603 0.00070051 -0.000124953 1.50754
426.591 -0.130866 -0.213014 2.18041 2.60484 -0.0463795 -0.0710901 -0.162267 -0.199358 2.2514 2.62084 -0.0488819 -0.0700717 -0.0314006 0.0136559 0.0709936 0.0160007 -0.00250247 0.0010184 0.0788199 0.932512 -0.0165118 -0.270574 1.98867 2.62142 -0.0171282 -0.0274873 0.114354 -0.0575604 -0.191744 0.0165815 0.0292513 0.0436029 0.230556 3.17854 -2.95563 3.26238 1.62217 -0.00413007 -0.0148867 -1.71879 -3.01057 1.85364 -0.194603 0.00070051 -0.000124953 1.50754
427.014 -0.14138 -0.235971 2.17642 2.60703 -0.0475766 -0.0705162 -0.175697 -0.22638 2.24631 2.62459 0.00328835 -0.0651673 -0.0343168 0.00959112 0.0698878 0.017559 0.0508649 0.00534892 0.0784471 3.10047 -0.0236714 -0.29145 1.98446 2.62136 -0.0171458 -0.0276325 0.117708 -0.0554792 -0.191958 0.0143316 0.0304308 0.0428838 0.231908 3.14348 -2.96123 3.27732 1.61023 -0.00563604 -0.0127838 -1.71888 -3.01057 1.85364 -0.194603 0.00070051 -0.000124953 1.50754
427.227 -0.145509 -0.246343 2.17461 2.60779 -0.0478557 -0.0704003 -0.18203 -0.240823 2.25268 2.58338 -0.0584324 -0.0720676 -0.0365211 0.00551938 0.0780695 -0.0244081 -0.0105767 -0.00166736 0.0863661 1.53187 -0.0302826 -0.302579 1.98249 2.62123 -0.017037 -0.0279359 0.115227 -0.0562367 -0.192124 0.0134393 0.0308187 0.0424643 0.230979 3.12274 -2.96367 3.28446 1.6045 -0.00599864 -0.0120488 -1.71892 -3.01057 1.85364 -0.194603 0.00070051 -0.000124953 1.50754
427.484 -0.149471 -0.259454 2.17227 2.60863 -0.0477101 -0.0705231 -0.189841 -0.25441 2.287 2.66117 -0.0224759 -0.0691816 -0.0403702 0.00504367 0.114728 0.0525383 0.0252342 0.00134152 0.121728 3.34269 -0.0353826 -0.315576 1.98032 2.62119 -0.0169415 -0.0281017 0.114088 -0.0561216 -0.191948 0.0125576 0.0307686 0.0424213 0.230239 3.10577 -2.96653 3.29358 1.59701 -0.00588305 -0.0112011 -1.71896 -3.01057 1.85364 -0.194602 0.000702106 -0.000123706 1.50754
427.698 -0.151181 -0.265625 2.17111 2.60894 -0.0476014 -0.0706008 -0.193849 -0.266412 2.28714 2.66561 -0.0230345 -0.0693697 -0.0426676 -0.000787256 0.116029 0.0566743 0.0245669 0.0012311 0.123628 3.5421 -0.0381404 -0.322292 1.97927 2.62118 -0.0169382 -0.0280585 0.113041 -0.0566671 -0.191839 0.0122396 0.0306632 0.0425423 0.229764 3.10312 -2.96779 3.29797 1.59332 -0.00577666 -0.0108896 -1.71897 -3.01057 1.85364 -0.194602 0.000702106 -0.000123706 1.50754
427.914 -0.153788 -0.274586 2.16934 2.60938 -0.0475782 -0.0706315 -0.1919 -0.273286 2.25278 2.61853 -0.0283837 -0.0521804 -0.0381124 0.00129953 0.0834346 0.00915081 0.0191945 0.0184511 0.0917365 1.62606 -0.0408484 -0.33193 1.97793 2.62106 -0.0169967 -0.0278758 0.112939 -0.0573437 -0.191414 0.0116785 0.0305815 0.0427556 0.229528 3.10236 -2.96949 3.30433 1.58789 -0.00577878 -0.010446 -1.71898 -3.01057 1.85364 -0.194602 0.000702106 -0.000123706 1.50754
428.187 -0.159001 -0.288175 2.16644 2.60985 -0.0482985 -0.070238 -0.189683 -0.275303 2.18235 2.56137 -0.064305 -0.0719016 -0.0306825 0.0128721 0.0159064 -0.0484756 -0.0160064 -0.00166367 0.0368798 2.93158 -0.0473973 -0.347237 1.97614 2.62092 -0.0170702 -0.027471 0.111603 -0.0590616 -0.190305 0.0110745 0.0312283 0.042767 0.228385 3.11596 -2.97178 3.31431 1.57923 -0.00664029 -0.010033 -1.719 -3.01057 1.85364 -0.194602 0.000702106 -0.000123706 1.50754
428.64 -0.163819 -0.300391 2.1637 2.61004 -0.049262 -0.0696718 -0.203722 -0.302816 2.25288 2.62952 -0.0278629 -0.05356 -0.0399026 -0.00242584 0.0891801 0.0194752 0.0213991 0.0161118 0.0977302 1.91826 -0.055301 -0.359313 1.97346 2.62087 -0.0170881 -0.027358 0.108518 -0.0589226 -0.190245 0.010829 0.0321739 0.0423138 0.226806 3.12412 -2.97334 3.32353 1.5711 -0.00777049 -0.00990698 -1.71899 -3.01057 1.85364 -0.194602 0.000702106 -0.000123706 1.50754
428.912 -0.166806 -0.309901 2.16133 2.61026 -0.0499383 -0.0692612 -0.207676 -0.310715 2.25308 2.6325 -0.0287181 -0.0537818 -0.0408706 -0.000814163 0.0917578 0.0222433 0.0212202 0.0154794 0.100452 1.99449 -0.0602356 -0.367871 1.97108 2.62093 -0.0170469 -0.0273373 0.10657 -0.0579695 -0.190247 0.0106756 0.0328914 0.0419239 0.225636 3.12938 -2.97399 3.33039 1.56463 -0.00857847 -0.00973655 -1.71897 -3.01057 1.85364 -0.194602 0.000702106 -0.000123706 1.50754
429.508 -0.16985 -0.33001 2.15473 2.61203 -0.0507183 -0.0687333 -0.207693 -0.324976 2.22246 2.59679 -0.0820974 -0.0446197 -0.0378429 0.00503449 0.067729 -0.0152401 -0.0313791 0.0241136 0.0777474 2.39653 -0.0697397 -0.381799 1.96054 2.62121 -0.0169147 -0.026989 0.10011 -0.0517883 -0.194188 0.00917692 0.0338036 0.0417443 0.224529 3.13575 -2.97375 3.34147 1.5515 -0.00966628 -0.00802162 -1.71891 -3.01057 1.85364 -0.194602 0.000702106 -0.000123706 1.50754
429.815 -0.170612 -0.340604 2.15044 2.61351 -0.051052 -0.0684836 -0.211652 -0.340303 2.25353 2.64308 -0.030988 -0.0534402 -0.04104 0.000301544 0.103082 0.0295728 0.020064 0.0150435 0.110952 2.24838 -0.0706547 -0.38901 1.95441 2.62155 -0.0168718 -0.0267649 0.0999569 -0.0484059 -0.196031 0.00804065 0.0341802 0.0417187 0.225306 3.13613 -2.97308 3.34591 1.54468 -0.0102052 -0.00657346 -1.71886 -3.01057 1.85364 -0.194602 0.000702106 -0.000123706 1.50754
430.145 -0.170863 -0.355773 2.14342 2.61576 -0.051412 -0.0681488 -0.20697 -0.343177 2.18357 2.56056 -0.04232 -0.0539319 -0.0361063 0.0125963 0.040154 -0.0551973 0.00909204 0.0142169 0.0554498 3.27034 -0.0722054 -0.399731 1.94499 2.62181 -0.0168224 -0.0264801 0.0986581 -0.0439581 -0.198432 0.00605574 0.0345896 0.0416687 0.225923 3.13113 -2.97165 3.35151 1.53437 -0.0108754 -0.00435184 -1.71874 -3.01057 1.85364 -0.194602 0.000702106 -0.000123706 1.50754
430.348 -0.170682 -0.367034 2.13711 2.61721 -0.0517588 -0.0678141 -0.207386 -0.357349 2.18863 2.56641 -0.0804263 -0.0286436 -0.0367042 0.0096856 0.0515209 -0.0508043 -0.0286675 0.0391705 0.0639954 3.91697 -0.0732846 -0.407108 1.93656 2.62143 -0.0167025 -0.0263942 0.0973974 -0.0400737 -0.200547 0.00421264 0.0350563 0.0414198 0.22652 3.12462 -2.97016 3.35545 1.52548 -0.0114661 -0.00292401 -1.71863 -3.01057 1.85364 -0.194602 0.000702106 -0.000123706 1.50754
430.542 -0.170244 -0.374387 2.13244 2.61803 -0.0519636 -0.0675875 -0.211019 -0.376273 2.21584 2.61337 -0.037284 -0.0711249 -0.0407741 -0.00188591 0.0833983 -0.00465867 0.0146796 -0.00353739 0.0928513 0.907844 -0.0741576 -0.412053 1.93061 2.62141 -0.0166841 -0.0262773 0.0960869 -0.0376661 -0.201831 0.00338158 0.0352796 0.0413102 0.226687 3.12349 -2.96897 3.35795 1.51902 -0.0118239 -0.00213041 -1.71853 -3.01057 1.85364 -0.194602 0.000702106 -0.000123706 1.50754
430.802 -0.16852 -0.387429 2.12245 2.61879 -0.0522835 -0.0671459 -0.207224 -0.384688 2.18651 2.5996 -0.0561674 -0.04181 -0.038704 0.00274077 0.0640546 -0.0191825 -0.00388385 0.0253359 0.0748899 1.78663 -0.0737104 -0.421986 1.91879 2.62098 -0.0165411 -0.0261626 0.0948098 -0.0345578 -0.203665 0.00219275 0.0357424 0.0409833 0.227294 3.12136 -2.96609 3.3626 1.50491 -0.0123884 -0.0013882 -1.71831 -3.01057 1.85364 -0.194602 0.000702106 -0.000123706 1.50754
431.328 -0.162021 -0.408344 2.10205 2.61859 -0.052137 -0.0666989 -0.200679 -0.402098 2.14672 2.59016 -0.0394653 -0.0700187 -0.0386576 0.00624571 0.0446764 -0.0284364 0.0126717 -0.00331982 0.0594087 1.80168 -0.0711264 -0.436966 1.89501 2.6208 -0.0164278 -0.0259988 0.0908949 -0.0286222 -0.207031 0.002203 0.0357091 0.0407001 0.22791 3.10804 -2.95939 3.36974 1.47656 -0.012467 -0.00156705 -1.71785 -3.01057 1.85364 -0.194602 0.000702106 -0.000123706 1.50754
431.699 -0.156348 -0.421311 2.08848 2.61863 -0.0515371 -0.0667434 -0.20111 -0.420133 2.18212 2.61394 -0.0582917 -0.0749957 -0.0447625 0.00117739 0.0936368 -0.00468897 -0.00675465 -0.00825229 0.103793 0.67782 -0.0700797 -0.445057 1.87851 2.6209 -0.0162676 -0.0260242 0.0862679 -0.0237461 -0.209968 0.00226809 0.0352695 0.0407192 0.228238 3.0925 -2.95464 3.37332 1.45828 -0.01193 -0.00148566 -1.71759 -3.01057 1.85364 -0.194602 0.000702106 -0.000123706 1.50754
432.479 -0.13878 -0.459176 2.04868 2.62049 -0.049577 -0.0672097 -0.181928 -0.451452 2.11427 2.59464 -0.0544591 -0.0733971 -0.0431478 0.0077239 0.0655912 -0.0258463 -0.00488214 -0.00618747 0.0788898 1.56573 -0.0631263 -0.475132 1.83406 2.62105 -0.0162462 -0.0258352 0.075654 -0.0159554 -0.214623 0.000565149 0.0333307 0.0413745 0.228126 3.04504 -2.94008 3.38089 1.40737 -0.0101565 0.000501495 -1.71702 -3.01057 1.85364 -0.194602 0.000702106 -0.000123706 1.50754
432.703 -0.134874 -0.466952 2.04001 2.62088 -0.0491986 -0.0673173 -0.176374 -0.467053 2.11388 2.6186 -0.0257585 -0.0514471 -0.0414992 -0.000101124 0.0738702 -0.00227902 0.0234401 0.0158703 0.084729 1.62438 -0.0620553 -0.481148 1.82439 2.62082 -0.0162826 -0.0259065 0.0728192 -0.0141957 -0.215615 -6.08766e-05 0.032916 0.0414108 0.228022 3.03073 -2.93677 3.38215 1.39655 -0.00980886 0.000919264 -1.71693 -3.01057 1.85364 -0.194602 0.000702106 -0.000123706 1.50754
433.013 -0.128509 -0.478459 2.02676 2.62141 -0.0484675 -0.0675988 -0.17078 -0.484491 2.11338 2.60534 -0.0486883 -0.0728825 -0.0422713 -0.00603155 0.0866221 -0.0160686 -0.000220775 -0.00528371 0.0965745 0.983176 -0.0589571 -0.491095 1.81023 2.62078 -0.016185 -0.0260317 0.0695514 -0.0126356 -0.216525 -0.000623066 0.0322825 0.0415671 0.227772 3.01467 -2.93158 3.38387 1.38004 -0.00908016 0.001492 -1.71681 -3.01057 1.85364 -0.194602 0.000702106 -0.000123706 1.50754
433.265 -0.119076 -0.493057 2.00884 2.62179 -0.0471597 -0.0682166 -0.161707 -0.493062 2.07943 2.63558 -0.0213871 -0.0658141 -0.0426316 -5.66908e-06 0.0705928 0.0137837 0.0257726 0.00240248 0.0824669 1.68237 -0.0537211 -0.502995 1.79062 2.62061 -0.0161012 -0.0261975 0.0653546 -0.00993791 -0.218217 -0.00118209 0.0310586 0.0420191 0.22801 2.99277 -2.9243 3.38581 1.35764 -0.00767033 0.00196907 -1.71669 -3.01057 1.85364 -0.194602 0.000702106 -0.000123706 1.50754
433.638 -0.108831 -0.50688 1.99073 2.62189 -0.0455791 -0.0690549 -0.153109 -0.502202 2.04982 2.58552 -0.0454489 -0.070982 -0.0442779 0.00467812 0.0590964 -0.0363725 0.000130237 -0.00192711 0.0739919 2.092 -0.0476424 -0.514873 1.77134 2.62041 -0.0162334 -0.0262828 0.0611883 -0.00799287 -0.219387 -0.00148464 0.0293457 0.042772 0.2279 2.97098 -2.91669 3.38736 1.3351 -0.00589636 0.00217375 -1.71663 -3.01057 1.85364 -0.194602 0.000702106 -0.000123706 1.50754
433.941 -0.100872 -0.516103 1.97742 2.62154 -0.0443089 -0.0697752 -0.141216 -0.510091 2.02072 2.59531 -0.0401475 -0.0535509 -0.0403447 0.00601116 0.0432954 -0.0262373 0.00416144 0.0162243 0.0594838 1.75011 -0.0425101 -0.52293 1.75714 2.62022 -0.0160663 -0.0264816 0.0583616 -0.0068278 -0.220281 -0.00132092 0.0282426 0.0432936 0.227984 2.96068 -2.91083 3.38827 1.31831 -0.00440682 0.00191587 -1.71662 -3.01057 1.85364 -0.194602 0.000702106 -0.000123706 1.50754
434.302 -0.0927877 -0.524911 1.96406 2.62104 -0.0430071 -0.0705484 -0.135231 -0.531945 2.05062 2.61547 -0.05486 -0.0586898 -0.0424434 -0.00703403 0.0865642 -0.00557101 -0.0118529 0.0118587 0.0966658 1.00171 -0.0361881 -0.530292 1.74283 2.62012 -0.0160615 -0.0266118 0.0565997 -0.00538154 -0.22123 -0.000926855 0.0269456 0.0439367 0.228419 2.95221 -2.90491 3.38899 1.30153 -0.00285773 0.00150957 -1.71664 -3.01057 1.85364 -0.194602 0.000702106 -0.000123706 1.50754
434.578 -0.0849451 -0.533875 1.95053 2.62069 -0.041811 -0.0712956 -0.126188 -0.545902 2.04922 2.62026 -0.0534257 -0.0579803 -0.0412424 -0.0120275 0.0986936 -0.000429921 -0.0116147 0.0133153 0.107638 1.01182 -0.030618 -0.538283 1.7286 2.62015 -0.0162698 -0.0266063 0.0543272 -0.00440858 -0.221936 -0.000542258 0.0255412 0.0446893 0.228531 2.94849 -2.89896 3.38955 1.28473 -0.00142089 0.00124512 -1.71669 -3.01057 1.85364 -0.194602 0.000702106 -0.000123706 1.50754
434.847 -0.0774183 -0.543168 1.93661 2.62052 -0.0407527 -0.0719989 -0.118103 -0.552551 2.01788 2.63101 -0.0493312 -0.0725389 -0.0406847 -0.00938319 0.0812635 0.0104912 -0.00857852 -0.000539981 0.0913621 0.775817 -0.0249888 -0.547545 1.71458 2.62011 -0.0163158 -0.0268434 0.0524295 -0.00437656 -0.222031 -0.000400676 0.0244368 0.0451555 0.228179 2.94118 -2.89305 3.38996 1.26774 -0.000141551 0.00114261 -1.71677 -3.01057 1.85364 -0.194602 0.000702106 -0.000123706 1.50754
435.154 -0.0700002 -0.552101 1.92263 2.62019 -0.0396943 -0.0727383 -0.108597 -0.558465 1.98863 2.61933 -0.027564 -0.0657471 -0.0385968 -0.00636433 0.0659949 -0.000856555 0.0121303 0.0069912 0.0767173 0.803082 -0.0191671 -0.556702 1.70063 2.62003 -0.0165051 -0.0271025 0.0508331 -0.00460175 -0.222009 -0.000158288 0.0231892 0.0456359 0.2278 2.93265 -2.88721 3.39024 1.25066 0.00116908 0.000895436 -1.71688 -3.01057 1.85364 -0.194602 0.000702106 -0.000123706 1.50754
435.483 -0.0602703 -0.563433 1.90392 2.6195 -0.0382302 -0.0738122 -0.101638 -0.572288 1.98837 2.62371 -0.0246922 -0.0650995 -0.0413675 -0.00885529 0.0844502 0.00420659 0.0135379 0.00871266 0.0944539 0.957362 -0.012358 -0.568716 1.68212 2.61982 -0.0165211 -0.0275866 0.0479123 -0.00528345 -0.221807 0.000321527 0.0217091 0.0462256 0.226984 2.9265 -2.87962 3.39044 1.22772 0.00302913 0.000315135 -1.71708 -3.01057 1.85364 -0.194602 0.000702106 -0.000123706 1.50754
435.786 -0.0508062 -0.574099 1.88506 2.61844 -0.0367029 -0.0749889 -0.0924446 -0.577729 1.95961 2.61572 -0.0412508 -0.0694454 -0.0416384 -0.00362933 0.0745484 -0.0027211 -0.00454787 0.00554347 0.0854657 0.435213 -0.00458258 -0.579225 1.66339 2.61965 -0.0165543 -0.0279101 0.0462236 -0.00512506 -0.221674 0.00120891 0.0201487 0.0470788 0.2265 2.93652 -2.87235 3.3905 1.20448 0.00502272 -0.000623069 -1.71734 -3.01057 1.85364 -0.194602 0.000702106 -0.000123706 1.50754
436.065 -0.0463321 -0.579465 1.87555 2.61793 -0.0359767 -0.0755734 -0.083577 -0.583166 1.93217 2.60559 -0.0206412 -0.062571 -0.0372449 -0.0037004 0.056621 -0.0123441 0.0153355 0.0130024 0.0678735 1.34057 -0.000714826 -0.583978 1.653 2.61971 -0.0167469 -0.0278597 0.0456173 -0.00451236 -0.222559 0.0017746 0.0192298 0.0477138 0.22723 2.95168 -2.86887 3.39051 1.1928 0.00598514 -0.00107688 -1.71748 -3.01057 1.85364 -0.194602 0.000702106 -0.000123706 1.50754
436.624 -0.036743 -0.593832 1.85135 2.61719 -0.0347307 -0.0767328 -0.0746131 -0.580447 1.87682 2.57019 -0.0411237 -0.0808109 -0.0378702 0.0133845 0.025471 -0.0469974 -0.00639294 -0.00407809 0.0475612 2.73624 0.00834625 -0.594755 1.62653 2.61975 -0.0168791 -0.0277523 0.0450892 -0.000922931 -0.224818 0.0025663 0.0178517 0.0489805 0.229297 2.99408 -2.86072 3.39051 1.16358 0.00770372 -0.00172186 -1.71786 -3.01057 1.85364 -0.194602 0.000702106 -0.000123706 1.50754
437.283 -0.0321985 -0.603254 1.8365 2.61719 -0.0344321 -0.0771667 -0.0698067 -0.59791 1.88019 2.57459 -0.0321502 -0.0517039 -0.0376082 0.00534418 0.0436962 -0.0426047 0.00228192 0.0254628 0.057899 2.80477 0.0134885 -0.601812 1.61024 2.61983 -0.0169155 -0.0276504 0.0456871 0.00144163 -0.22625 0.00263997 0.0175166 0.0495163 0.230821 3.01675 -2.85625 3.39054 1.14602 0.00817883 -0.00169403 -1.71809 -3.01057 1.85364 -0.194602 0.000702106 -0.000123706 1.50754
437.558 -0.0296782 -0.609885 1.82632 2.61734 -0.0344411 -0.0773268 -0.0647891 -0.612742 1.87784 2.59823 -0.0494342 -0.0709707 -0.035111 -0.00285715 0.0515251 -0.0191148 -0.0149932 0.00635605 0.0624161 1.42711 0.0167105 -0.607899 1.5998 2.61986 -0.0169713 -0.027474 0.0463887 0.00198623 -0.226516 0.00251307 0.0174698 0.0498527 0.231226 3.03358 -2.85346 3.39057 1.13417 0.00823773 -0.00154046 -1.71823 -3.01057 1.85364 -0.194602 0.000702106 -0.000123706 1.50754
438.921 -0.0188383 -0.656157 1.75748 2.62012 -0.0359599 -0.0771367 -0.0535556 -0.668246 1.82985 2.61503 -0.0252545 -0.0488641 -0.0347173 -0.0120892 0.0723679 -0.00508726 0.0107053 0.0282727 0.0811699 1.74832 0.0290446 -0.652639 1.53047 2.62017 -0.0168833 -0.0275134 0.0478829 0.00351808 -0.227018 4.99481e-05 0.0190765 0.0496233 0.23204 3.04607 -2.83883 3.39076 1.05566 0.00659782 0.00111073 -1.71883 -3.01057 1.85364 -0.194602 0.000702106 -0.000123706 1.50754
439.247 -0.0142703 -0.67304 1.73128 2.62103 -0.0353911 -0.0775125 -0.0489898 -0.669665 1.7804 2.61699 -0.0407898 -0.0673043 -0.0347195 0.0033755 0.0491213 -0.00404257 -0.00539875 0.0102083 0.0602473 0.693798 0.0325221 -0.671345 1.50547 2.62012 -0.0167883 -0.0277308 0.0467925 0.00169515 -0.225808 -0.00090698 0.0186028 0.0497818 0.230611 3.04401 -2.8347 3.39057 1.02605 0.00719924 0.00206183 -1.71887 -3.01057 1.85364 -0.194602 0.000702106 -0.000123706 1.50754
439.521 -0.0126114 -0.679459 1.72098 2.62133 -0.0351298 -0.0776574 -0.0462397 -0.669482 1.73545 2.57276 -0.0404632 -0.0662535 -0.0336283 0.00997748 0.0144797 -0.0485642 -0.00533342 0.0114039 0.0379483 2.85046 0.0349579 -0.679689 1.49627 2.62002 -0.0168503 -0.027692 0.0475694 -0.000229869 -0.224704 -0.001303 0.0182794 0.0499653 0.229684 3.04748 -2.83328 3.39042 1.01439 0.00747238 0.00238039 -1.71887 -3.01057 1.85364 -0.194602 0.000702106 -0.000123706 1.50754
440.106 -0.0103366 -0.69148 1.70063 2.62167 -0.0351213 -0.077611 -0.0444948 -0.69536 1.75492 2.61913 -0.0269926 -0.087596 -0.0341582 -0.00387999 0.0542893 -0.00253853 0.00812873 -0.00998499 0.0642586 0.75537 0.0385391 -0.694162 1.47734 2.61999 -0.0169693 -0.0275526 0.0488758 -0.00268181 -0.22329 -0.00168266 0.0181521 0.0500584 0.228592 3.05005 -2.83089 3.38996 0.991285 0.00742661 0.0027198 -1.71882 -3.01057 1.85364 -0.194602 0.000702106 -0.000123706 1.50754
440.89 -0.00937116 -0.711477 1.66466 2.62207 -0.0366032 -0.0765482 -0.0418963 -0.711013 1.71133 2.61085 -0.0260833 -0.0858134 -0.0325252 0.000464669 0.046671 -0.0112169 0.0105198 -0.00926519 0.0568883 1.03892 0.0422318 -0.714516 1.44175 2.62004 -0.0170014 -0.0275085 0.051603 -0.00303843 -0.222912 -0.00203357 0.0196017 0.0490397 0.228827 3.02517 -2.82801 3.38864 0.950707 0.00558294 0.00300505 -1.71864 -3.01057 1.85364 -0.194602 0.000702106 -0.000123706 1.50754
441.442 -0.00965891 -0.72618 1.63763 2.62264 -0.0379212 -0.0755584 -0.0436256 -0.737633 1.69178 2.62692 -0.023341 -0.0721338 -0.0339667 -0.0114536 0.0541571 0.00428469 0.0145802 0.00342455 0.0649455 0.894381 0.0433129 -0.729016 1.41475 2.62007 -0.0170498 -0.0274295 0.0529718 -0.00283623 -0.222875 -0.00256903 0.0208715 0.0481289 0.229101 3.00557 -2.82682 3.38724 0.920733 0.00390266 0.00346888 -1.71844 -3.01057 1.85364 -0.194602 0.000702106 -0.000123706 1.50754
