46.8227 0.105958 -0.644572 1.4722 2.63258 0.075769 0.130431 0.07374 -0.64861 1.48124 2.61941 0.0806662 0.132746 -0.0322185 -0.00403783 0.00904538 -0.0131672 0.00489716 0.00231504 0.0337069 0.825194 0 0 0 0 -0 0 -0.105958 0.644572 -1.4722 -2.63258 -0.075769 -0.130431 1.61061 150.638 -0.0628851 0.059518 0.823957 0.000967849 0.00796937 -1.33768 0.184397 -1.30684 -0.194879 0.000951491 0.00166534 1.65319
47.0902 0.108475 -0.63961 1.47917 2.63231 0.0760883 0.130011 0.0779199 -0.646798 1.49958 2.61056 0.0809322 0.122914 -0.0305556 -0.00718843 0.0204048 -0.0217514 0.00484391 -0.00709701 0.037439 1.30985 0 0 0 0 -0 0 -0.108475 0.63961 -1.47917 -2.63231 -0.0760883 -0.130011 1.61518 150.622 -0.060457 0.0594895 0.832081 0.00140986 0.00766392 -1.33788 0.184397 -1.30684 -0.194879 0.000951491 0.00166534 1.65319
47.386 0.110504 -0.63429 1.48602 2.63201 0.0760677 0.129796 0.0792394 -0.639021 1.49977 2.608 0.0816 0.122996 -0.0312646 -0.00473056 0.0137467 -0.0240164 0.00553227 -0.0067997 0.0344794 1.43559 0 0 0 0 -0 0 -0.110504 0.63429 -1.48602 -2.63201 -0.0760677 -0.129796 1.6195 150.605 -0.0580497 0.0590649 0.840259 0.00145312 0.00737087 -1.33808 0.184397 -1.30684 -0.194879 0.000951491 0.00166534 1.65319
47.7857 0.112379 -0.62662 1.49488 2.63148 0.0754774 0.129847 0.0805446 -0.628058 1.50017 2.59068 0.0947028 0.116544 -0.0318348 -0.00143775 0.00529036 -0.0408011 0.0192254 -0.0133037 0.0323034 2.63745 0 0 0 0 -0 0 -0.112379 0.62662 -1.49488 -2.63148 -0.0754774 -0.129847 1.62479 150.576 -0.054877 0.0579065 0.85108 0.000838804 0.00691978 -1.33833 0.184397 -1.30684 -0.194879 0.000951491 0.00166534 1.65319
48.0886 0.113484 -0.620576 1.50118 2.63105 0.0748758 0.129982 0.0836473 -0.633372 1.53215 2.63001 0.0732322 0.131089 -0.0298365 -0.0127961 0.0309661 -0.00103906 -0.00164356 0.00110637 0.0448649 0.131221 0 0 0 0 -0 0 -0.113484 0.620576 -1.50118 -2.63105 -0.0748758 -0.129982 1.62836 150.553 -0.0525091 0.056618 0.859012 0.000188904 0.00657115 -1.33851 0.184397 -1.30684 -0.194879 0.000951491 0.00166534 1.65319
48.467 0.115344 -0.612439 1.50896 2.63066 0.0744814 0.129929 0.0835227 -0.617545 1.51786 2.60414 0.0726914 0.118615 -0.0318217 -0.00510643 0.0089021 -0.0265209 -0.00179001 -0.0113139 0.0334356 1.61083 0 0 0 0 -0 0 -0.115344 0.612439 -1.50896 -2.63066 -0.0744814 -0.129929 1.63259 150.533 -0.0493339 0.0543765 0.869318 -0.000181696 0.00624268 -1.33875 0.184397 -1.30684 -0.194879 0.000951491 0.00166534 1.65319
48.8516 0.117381 -0.603619 1.5163 2.63008 0.0743312 0.129758 0.0885122 -0.629425 1.57085 2.6529 0.0590302 0.115598 -0.0288687 -0.0258061 0.0545554 0.0228193 -0.015301 -0.0141603 0.0669003 1.81035 0 0 0 0 -0 0 -0.117381 0.603619 -1.5163 -2.63008 -0.0743312 -0.129758 1.63624 150.5 -0.046123 0.0515669 0.879269 -0.000313628 0.00568551 -1.33897 0.184397 -1.30684 -0.194879 0.000951491 0.00166534 1.65319
49.4882 0.12011 -0.588794 1.52646 2.62835 0.0740567 0.12962 0.0894734 -0.601631 1.55215 2.61021 0.0762667 0.120658 -0.0306365 -0.0128372 0.0256961 -0.0181348 0.00221005 -0.00896156 0.0419962 1.1309 0 0 0 0 -0 0 -0.12011 0.588794 -1.52646 -2.62835 -0.0740567 -0.12962 1.64048 150.402 -0.0412386 0.0463931 0.893225 -0.000743647 0.003988 -1.33923 0.184397 -1.30684 -0.194879 0.000951491 0.00166534 1.65319
49.8512 0.12147 -0.580778 1.53115 2.62725 0.073938 0.129568 0.0924002 -0.595816 1.56722 2.62942 0.0794297 0.133385 -0.0290701 -0.0150377 0.0360736 0.00217384 0.00549166 0.00381648 0.0487084 0.397621 0 0 0 0 -0 0 -0.12147 0.580778 -1.53115 -2.62725 -0.073938 -0.129568 1.6421 150.34 -0.0387657 0.0434444 0.899678 -0.000979287 0.00293382 -1.33933 0.184397 -1.30684 -0.194879 0.000951491 0.00166534 1.65319
50.1867 0.12383 -0.569061 1.53716 2.62512 0.0743761 0.129163 0.0921915 -0.580002 1.55231 2.60196 0.0788809 0.120599 -0.0316384 -0.0109416 0.0151514 -0.0231609 0.00450474 -0.00856361 0.0367461 1.40305 0 0 0 0 -0 0 -0.12383 0.569061 -1.53716 -2.62512 -0.0743761 -0.129163 1.64379 150.217 -0.0354419 0.0392277 0.907807 -0.000715601 0.000775025 -1.33947 0.184397 -1.30684 -0.194879 0.000951491 0.00166534 1.65319
50.4506 0.126069 -0.559766 1.54152 2.62326 0.0751523 0.128587 0.0976108 -0.588019 1.60781 2.65327 0.0645239 0.117753 -0.028458 -0.0282528 0.066293 0.0300132 -0.0106284 -0.0108341 0.077478 1.96523 0 0 0 0 -0 0 -0.126069 0.559766 -1.54152 -2.62326 -0.0751523 -0.128587 1.64484 150.109 -0.0329546 0.0359219 0.913645 -3.80506e-05 -0.00116676 -1.33958 0.184397 -1.30684 -0.194879 0.000951491 0.00166534 1.65319
50.8138 0.128526 -0.550238 1.54573 2.62123 0.0761658 0.127872 0.0984813 -0.568397 1.58819 2.6112 0.0822707 0.122725 -0.0300447 -0.0181591 0.0424601 -0.0100298 0.00610494 -0.00514755 0.0550936 0.716005 0 0 0 0 -0 0 -0.128526 0.550238 -1.54573 -2.62123 -0.0761658 -0.127872 1.64577 149.991 -0.0305138 0.0325622 0.919277 0.000890934 -0.00331066 -1.33969 0.184397 -1.30684 -0.194879 0.000951491 0.00166534 1.65319
51.202 0.131589 -0.537937 1.55098 2.61864 0.0774187 0.12698 0.101267 -0.555992 1.58845 2.63516 0.0827353 0.12226 -0.0303223 -0.0180553 0.0374781 0.0165149 0.00531654 -0.00472098 0.0514785 1.04978 0 0 0 0 -0 0 -0.131589 0.537937 -1.55098 -2.61864 -0.0774187 -0.12698 1.64688 149.84 -0.0274139 0.0281129 0.926455 0.00203068 -0.00602626 -1.33984 0.184397 -1.30684 -0.194879 0.000951491 0.00166534 1.65319
51.5716 0.133641 -0.529537 1.5545 2.61705 0.0782193 0.126395 0.102879 -0.545353 1.59181 2.6142 0.0699993 0.105062 -0.0307617 -0.0158166 0.0373056 -0.00285241 -0.00821998 -0.0213333 0.050874 1.30866 0 0 0 0 -0 0 -0.133641 0.529537 -1.5545 -2.61705 -0.0782193 -0.126395 1.64765 149.748 -0.025263 0.0248797 0.931571 0.002776 -0.00769562 -1.33995 0.184397 -1.30684 -0.194879 0.000951491 0.00166534 1.65319
51.8735 0.134798 -0.524327 1.5567 2.61614 0.0786312 0.126072 0.106094 -0.540056 1.60923 2.62091 0.0854641 0.11099 -0.0287042 -0.0157296 0.0525254 0.00477357 0.00683289 -0.0150819 0.0618892 1.00678 0 0 0 0 -0 0 -0.134798 0.524327 -1.5567 -2.61614 -0.0786312 -0.126072 1.64816 149.695 -0.0239336 0.0228028 0.934858 0.00315545 -0.00865214 -1.34002 0.184397 -1.30684 -0.194879 0.000951491 0.00166534 1.65319
52.1966 0.137183 -0.514978 1.56075 2.61474 0.0796337 0.125314 0.106832 -0.524182 1.58871 2.59426 0.0890504 0.122756 -0.0303513 -0.00920399 0.0279637 -0.020479 0.00941663 -0.00255771 0.0422834 1.28846 0 0 0 0 -0 0 -0.137183 0.514978 -1.56075 -2.61474 -0.0796337 -0.125314 1.64923 149.613 -0.0215673 0.018895 0.941186 0.00419091 -0.0101616 -1.34018 0.184397 -1.30684 -0.194879 0.000951491 0.00166534 1.65319
53.2207 0.140827 -0.498169 1.56975 2.6138 0.0812862 0.12396 0.111196 -0.502738 1.59112 2.58323 0.0638816 0.113401 -0.0296308 -0.00456865 0.0213624 -0.0305725 -0.0174046 -0.0105592 0.0368132 2.06753 0 0 0 0 -0 0 -0.140827 0.498169 -1.56975 -2.6138 -0.0812862 -0.12396 1.65292 149.556 -0.0178224 0.0108794 0.956213 0.0061534 -0.011291 -1.34053 0.184397 -1.30684 -0.194879 0.000951491 0.00166534 1.65319
53.6717 0.14061 -0.493817 1.57331 2.6143 0.0811305 0.123957 0.11125 -0.496864 1.59232 2.56637 0.0787247 0.105731 -0.0293605 -0.00304703 0.0190137 -0.0479294 -0.00240585 -0.0182261 0.0351119 2.86225 0 0 0 0 -0 0 -0.14061 0.493817 -1.57331 -2.6143 -0.0811305 -0.123957 1.65497 149.585 -0.0173214 0.00840986 0.962159 0.00609541 -0.0107773 -1.34061 0.184397 -1.30684 -0.194879 0.000951491 0.00166534 1.65319
54.0032 0.139837 -0.491059 1.57615 2.61481 0.0807487 0.124142 0.111739 -0.498022 1.60965 2.6046 0.0910192 0.110534 -0.0280983 -0.00696246 0.0334957 -0.0102131 0.0102705 -0.0136089 0.0442714 1.10394 0 0 0 0 -0 0 -0.139837 0.491059 -1.57615 -2.61481 -0.0807487 -0.124142 1.65679 149.615 -0.017319 0.0068151 0.966703 0.00574998 -0.0102252 -1.34064 0.184397 -1.30684 -0.194879 0.000951491 0.00166534 1.65319
55.2292 0.132537 -0.479269 1.59068 2.61535 0.0778053 0.12595 0.105732 -0.492408 1.64746 2.61921 0.0902344 0.11095 -0.0268057 -0.0131391 0.0567758 0.00386596 0.012429 -0.0150007 0.0641457 1.15182 0 0 0 0 -0 0 -0.132537 0.479269 -1.59068 -2.61535 -0.0778053 -0.12595 1.6666 149.652 -0.0200059 0.00230245 0.986041 0.00239202 -0.00932999 -1.34053 0.184397 -1.30684 -0.194879 0.000951491 0.00166534 1.65319
55.5109 0.129268 -0.474299 1.59672 2.61456 0.0767224 0.126681 0.10283 -0.487088 1.64653 2.63303 0.0725379 0.118204 -0.0264383 -0.0127894 0.0498081 0.018469 -0.00418448 -0.00847605 0.0578221 1.22045 0 0 0 0 -0 0 -0.129268 0.474299 -1.59672 -2.61456 -0.0767224 -0.126681 1.67068 149.61 -0.0216131 0.00144906 0.992763 0.000982977 -0.00996766 -1.34043 0.184397 -1.30684 -0.194879 0.000951491 0.00166534 1.65319
55.878 0.125524 -0.470222 1.60291 2.61411 0.0753448 0.127595 0.0993367 -0.474224 1.62451 2.6043 0.0749517 0.129642 -0.026187 -0.00400152 0.0215927 -0.00980852 -0.000393094 0.00204647 0.0341762 0.582827 0 0 0 0 -0 0 -0.125524 0.470222 -1.60291 -2.61411 -0.0753448 -0.127595 1.67517 149.587 -0.0234401 0.00098975 0.999637 -0.000726051 -0.0102437 -1.34032 0.184397 -1.30684 -0.194879 0.000951491 0.00166534 1.65319
56.2517 0.122531 -0.467838 1.60765 2.61403 0.0741581 0.128388 0.097355 -0.481177 1.66342 2.62465 0.075301 0.131021 -0.0251757 -0.013339 0.0557742 0.010614 0.0011429 0.00263291 0.06263 0.619288 0 0 0 0 -0 0 -0.122531 0.467838 -1.60765 -2.61403 -0.0741581 -0.128388 1.67881 149.586 -0.0248942 0.000927003 1.0049 -0.00215376 -0.0101639 -1.34023 0.184397 -1.30684 -0.194879 0.000951491 0.00166534 1.65319
56.6462 0.119244 -0.46562 1.61261 2.61394 0.0727305 0.129337 0.0927433 -0.471167 1.64611 2.59406 0.0723076 0.117133 -0.0265003 -0.00554771 0.0334971 -0.0198785 -0.000422906 -0.0122034 0.0430709 1.29271 0 0 0 0 -0 0 -0.119244 0.46562 -1.61261 -2.61394 -0.0727305 -0.129337 1.68272 149.584 -0.0263643 0.00111497 1.01028 -0.00387119 -0.0100723 -1.34011 0.184397 -1.30684 -0.194879 0.000951491 0.00166534 1.65319
56.9786 0.114513 -0.462737 1.61968 2.61369 0.0704796 0.130825 0.0881778 -0.466309 1.64167 2.61002 0.0882573 0.133206 -0.0263356 -0.0035724 0.0219892 -0.00367018 0.0177777 0.00238119 0.0344942 1.05127 0 0 0 0 -0 0 -0.114513 0.462737 -1.61968 -2.61369 -0.0704796 -0.130825 1.68837 149.575 -0.0282437 0.00177112 1.01766 -0.00658427 -0.0100244 -1.33994 0.184397 -1.30684 -0.194879 0.000951491 0.00166534 1.65319
57.3184 0.111287 -0.460358 1.62541 2.61331 0.0689025 0.131887 0.0841176 -0.461972 1.64662 2.57398 0.0838953 0.107696 -0.0271695 -0.00161388 0.0212159 -0.0393378 0.0149928 -0.0241912 0.0345094 2.69472 0 0 0 0 -0 0 -0.111287 0.460358 -1.62541 -2.61331 -0.0689025 -0.131887 1.693 149.557 -0.0295022 0.00258554 1.02346 -0.00853809 -0.0101924 -1.3398 0.184397 -1.30684 -0.194879 0.000951491 0.00166534 1.65319
57.6674 0.109445 -0.458683 1.62948 2.61301 0.0679903 0.132517 0.0815628 -0.465429 1.66684 2.59873 0.0517433 0.112013 -0.0278823 -0.00674636 0.0373638 -0.0142768 -0.016247 -0.0205032 0.0471061 1.67351 0 0 0 0 -0 0 -0.109445 0.458683 -1.62948 -2.61301 -0.0679903 -0.132517 1.69634 149.542 -0.0302321 0.00329272 1.0275 -0.00968423 -0.0103733 -1.33971 0.184397 -1.30684 -0.194879 0.000951491 0.00166534 1.65319
58.1321 0.106865 -0.455272 1.64038 2.61283 0.0666796 0.133533 0.0784474 -0.458663 1.66341 2.59789 0.083086 0.120451 -0.0284173 -0.00339093 0.0230284 -0.0149385 0.0164064 -0.0130824 0.0367334 1.44293 0 0 0 0 -0 0 -0.106865 0.455272 -1.64038 -2.61283 -0.0666796 -0.133533 1.70573 149.536 -0.0315607 0.00567605 1.03845 -0.0113336 -0.0103732 -1.33948 0.184397 -1.30684 -0.194879 0.000951491 0.00166534 1.65319
59.1816 0.109091 -0.45362 1.66226 2.61569 0.0670658 0.133733 0.077067 -0.452943 1.67999 2.60654 0.0711163 0.142324 -0.0320243 0.000676642 0.0177326 -0.00914729 0.00405045 0.00859033 0.0366123 0.778838 0 0 0 0 -0 0 -0.109091 0.45362 -1.66226 -2.61569 -0.0670658 -0.133733 1.72649 149.697 -0.03188 0.0121238 1.06188 -0.0106789 -0.00759296 -1.33912 0.184397 -1.30684 -0.194879 0.000951491 0.00166534 1.65319
59.5566 0.112577 -0.453906 1.67316 2.61787 0.0681947 0.133214 0.0804094 -0.458174 1.70502 2.61733 0.0839396 0.1227 -0.0321674 -0.00426816 0.031866 -0.000535428 0.0157449 -0.0105146 0.0454796 1.0839 0 0 0 0 -0 0 -0.112577 0.453906 -1.67316 -2.61787 -0.0681947 -0.133214 1.73728 149.819 -0.0311698 0.0156769 1.07392 -0.00912682 -0.00558808 -1.33902 0.184397 -1.30684 -0.194879 0.000951491 0.00166534 1.65319
59.927 0.116004 -0.45374 1.68184 2.6194 0.0693923 0.132604 0.0852942 -0.461342 1.72815 2.62768 0.0688083 0.119593 -0.0307094 -0.00760248 0.0463039 0.00827526 -0.000583998 -0.0130103 0.0560795 0.911287 0 0 0 0 -0 0 -0.116004 0.45374 -1.68184 -2.6194 -0.0693923 -0.132604 1.74583 149.903 -0.0303409 0.0184954 1.08345 -0.00756411 -0.00422761 -1.33895 0.184397 -1.30684 -0.194879 0.000951491 0.00166534 1.65319
60.2535 0.119831 -0.452866 1.69084 2.62056 0.0707593 0.13188 0.0883175 -0.458353 1.72826 2.62671 0.0701925 0.11986 -0.0315138 -0.00548647 0.037422 0.00614704 -0.00056678 -0.0120196 0.0492304 0.795739 0 0 0 0 -0 0 -0.119831 0.452866 -1.69084 -2.62056 -0.0707593 -0.13188 1.75453 149.965 -0.0293088 0.021376 1.09308 -0.00585752 -0.0032645 -1.3389 0.184397 -1.30684 -0.194879 0.000951491 0.00166534 1.65319
60.6717 0.124584 -0.450891 1.70286 2.62152 0.0722489 0.131067 0.0918574 -0.461015 1.7528 2.61994 0.0712545 0.107988 -0.0327263 -0.0101245 0.0499367 -0.00157658 -0.000994475 -0.0230789 0.0605573 1.32027 0 0 0 0 -0 0 -0.124584 0.450891 -1.70286 -2.62152 -0.0722489 -0.131067 1.76595 150.016 -0.027708 0.0252306 1.10564 -0.00403022 -0.00251032 -1.33887 0.184397 -1.30684 -0.194879 0.000951491 0.00166534 1.65319
60.9348 0.126429 -0.449731 1.70852 2.62177 0.0726539 0.130834 0.0961545 -0.454959 1.74716 2.62064 0.0777608 0.135012 -0.0302745 -0.00522747 0.0386379 -0.00113455 0.00510691 0.00417792 0.0493635 0.386643 0 0 0 0 -0 0 -0.126429 0.449731 -1.70852 -2.62177 -0.0726539 -0.130834 1.77124 150.03 -0.0268412 0.0271418 1.11168 -0.00350901 -0.00230632 -1.33887 0.184397 -1.30684 -0.194879 0.000951491 0.00166534 1.65319
61.3001 0.129001 -0.447602 1.71744 2.62192 0.0730337 0.130593 0.0979938 -0.451901 1.75307 2.61677 0.0742664 0.10843 -0.0310075 -0.00429882 0.0356327 -0.0051473 0.00123266 -0.022163 0.0474303 1.2842 0 0 0 0 -0 0 -0.129001 0.447602 -1.71744 -2.62192 -0.0730337 -0.130593 1.77949 150.037 -0.0254813 0.029973 1.12039 -0.00306032 -0.00221909 -1.33889 0.184397 -1.30684 -0.194879 0.000951491 0.00166534 1.65319
61.6839 0.132135 -0.443413 1.73133 2.62144 0.0729782 0.13054 0.101367 -0.4519 1.77117 2.62882 0.0610696 0.13192 -0.030768 -0.00848789 0.0398435 0.00737958 -0.0119086 0.00138007 0.0510511 0.803569 0 0 0 0 -0 0 -0.132135 0.443413 -1.73133 -2.62144 -0.0729782 -0.13054 1.79208 150.01 -0.0230863 0.0345876 1.13383 -0.00315333 -0.00268678 -1.33896 0.184397 -1.30684 -0.194879 0.000951491 0.00166534 1.65319
62.1101 0.13374 -0.441283 1.73904 2.6212 0.0727262 0.130609 0.104542 -0.446972 1.77306 2.6096 0.0787163 0.123811 -0.0291987 -0.00568835 0.0340174 -0.0115959 0.00599009 -0.00679837 0.0451897 0.819483 0 0 0 0 -0 0 -0.13374 0.441283 -1.73904 -2.6212 -0.0727262 -0.130609 1.79913 149.997 -0.0215743 0.0373082 1.14126 -0.00344058 -0.0028933 -1.33903 0.184397 -1.30684 -0.194879 0.000951491 0.00166534 1.65319
63.1335 0.141027 -0.440421 1.76079 2.62331 0.0725014 0.13042 0.107675 -0.43719 1.77418 2.58808 0.0973949 0.11482 -0.0333519 0.00323083 0.0133861 -0.035228 0.0248936 -0.0156008 0.0360829 2.56918 0 0 0 0 -0 0 -0.141027 0.440421 -1.76079 -2.62331 -0.0725014 -0.13042 1.82051 150.118 -0.0160161 0.0461593 1.16339 -0.00322308 -0.000771518 -1.3393 0.184397 -1.30684 -0.194879 0.000951491 0.00166534 1.65319
63.4474 0.144171 -0.440566 1.76658 2.62413 0.0729606 0.130046 0.111568 -0.443315 1.79915 2.60023 0.0814593 0.111769 -0.0326025 -0.00274889 0.0325657 -0.0239029 0.00849877 -0.0182767 0.0461629 1.7285 0 0 0 0 -0 0 -0.144171 0.440566 -1.76658 -2.62413 -0.0729606 -0.130046 1.82639 150.164 -0.0141847 0.0486616 1.16943 -0.0025193 -2.304e-05 -1.3394 0.184397 -1.30684 -0.194879 0.000951491 0.00166534 1.65319
63.7704 0.146181 -0.440257 1.77036 2.62444 0.0732434 0.129807 0.116206 -0.440539 1.79748 2.61705 0.0651757 0.121201 -0.0299749 -0.000282868 0.0271156 -0.00738634 -0.00806771 -0.0086059 0.0404207 0.77934 0 0 0 0 -0 0 -0.146181 0.440257 -1.77036 -2.62444 -0.0732434 -0.129807 1.83013 150.181 -0.0129322 0.0502594 1.17332 -0.0021052 0.000251155 -1.33947 0.184397 -1.30684 -0.194879 0.000951491 0.00166534 1.65319
64.1541 0.149882 -0.439649 1.77762 2.62504 0.0735612 0.12946 0.117807 -0.4391 1.79794 2.58135 0.0685492 0.12218 -0.0320747 0.000548234 0.0203197 -0.0436879 -0.005012 -0.00727968 0.0379734 2.5246 0 0 0 0 -0 0 -0.149882 0.439649 -1.77762 -2.62504 -0.0735612 -0.12946 1.83731 150.215 -0.0103757 0.053261 1.18069 -0.00157621 0.00079777 -1.33961 0.184397 -1.30684 -0.194879 0.000951491 0.00166534 1.65319
64.4583 0.152744 -0.439767 1.78394 2.6259 0.0733121 0.129437 0.121032 -0.438718 1.79964 2.59933 0.0822606 0.113132 -0.031712 0.00104905 0.0156944 -0.026569 0.00894849 -0.0163056 0.0353987 1.79777 0 0 0 0 -0 0 -0.152744 0.439767 -1.78394 -2.6259 -0.0733121 -0.129437 1.84369 150.265 -0.00776738 0.0559706 1.18727 -0.00165286 0.00167734 -1.33976 0.184397 -1.30684 -0.194879 0.000951491 0.00166534 1.65319
65.2442 0.157244 -0.441966 1.79237 2.62831 0.0724587 0.129643 0.126609 -0.44192 1.82264 2.59143 0.053068 0.119495 -0.0306357 4.63155e-05 0.0302647 -0.036877 -0.0193907 -0.0101476 0.0430639 2.42543 0 0 0 0 -0 0 -0.157244 0.441966 -1.79237 -2.62831 -0.0724587 -0.129643 1.85274 150.405 -0.00302492 0.0598429 1.19685 -0.00213254 0.00417539 -1.34 0.184397 -1.30684 -0.194879 0.000951491 0.00166534 1.65319
66.2198 0.1632 -0.443892 1.79968 2.63127 0.0719378 0.129622 0.13396 -0.44882 1.84792 2.62605 0.0868363 0.115878 -0.0292405 -0.00492818 0.0482392 -0.00521862 0.0148985 -0.0137435 0.0566243 1.18366 0 0 0 0 -0 0 -0.1632 0.443892 -1.79968 -2.63127 -0.0719378 -0.129622 1.86078 150.576 0.00288853 0.0624166 1.20635 -0.00213211 0.00717258 -1.34028 0.184397 -1.30684 -0.194879 0.000951491 0.00166534 1.65319
66.571 0.168335 -0.441924 1.80343 2.6319 0.0726581 0.129036 0.13619 -0.442025 1.82307 2.59211 0.0567362 0.120441 -0.0321451 -0.000101041 0.0196434 -0.039782 -0.0159219 -0.00859575 0.037672 2.4748 0 0 0 0 -0 0 -0.168335 0.441924 -1.80343 -2.6319 -0.0726581 -0.129036 1.8644 150.61 0.00691316 0.0627406 1.21144 -0.00112759 0.00769598 -1.34043 0.184397 -1.30684 -0.194879 0.000951491 0.00166534 1.65319
66.9314 0.171012 -0.439924 1.80512 2.6319 0.0728925 0.128805 0.141667 -0.452059 1.87486 2.63842 0.070378 0.112651 -0.0293445 -0.0121352 0.0697407 0.00652088 -0.00251448 -0.0161537 0.0766298 1.03287 0 0 0 0 -0 0 -0.171012 0.439924 -1.80512 -2.6319 -0.0728925 -0.128805 1.86581 150.61 0.00941714 0.0624214 1.2139 -0.000812436 0.00766585 -1.34051 0.184397 -1.30684 -0.194879 0.000951491 0.00166534 1.65319
67.6307 0.175141 -0.432771 1.8072 2.63018 0.0728745 0.128635 0.146557 -0.445455 1.87463 2.63681 0.0741146 0.112941 -0.0285833 -0.0126841 0.0674337 0.00662263 0.00124007 -0.0156937 0.0743316 1.00366 0 0 0 0 -0 0 -0.175141 0.432771 -1.8072 -2.63018 -0.0728745 -0.128635 1.86653 150.512 0.0145716 0.0606562 1.21689 -0.00100128 0.00595503 -1.34067 0.184397 -1.30684 -0.194879 0.000951491 0.00166534 1.65319
67.855 0.176922 -0.427925 1.80737 2.62859 0.0727839 0.128608 0.148478 -0.433374 1.84748 2.64074 0.0750582 0.126053 -0.0284432 -0.00544892 0.0401148 0.0121553 0.00227429 -0.0025548 0.0494763 0.733821 0 0 0 0 -0 0 -0.176922 0.427925 -1.80737 -2.62859 -0.0727839 -0.128608 1.86575 150.421 0.0172127 0.059277 1.21724 -0.00129707 0.00440767 -1.34074 0.184397 -1.30684 -0.194879 0.000951491 0.00166534 1.65319
67.9985 0.178602 -0.423028 1.80681 2.62687 0.0726769 0.128597 0.150052 -0.428447 1.84702 2.60069 0.0800595 0.126863 -0.0285494 -0.0054187 0.0402072 -0.0261846 0.00738262 -0.00173422 0.049609 1.55469 0 0 0 0 -0 0 -0.178602 0.423028 -1.80681 -2.62687 -0.0726769 -0.128597 1.86425 150.323 0.0198926 0.0576379 1.21683 -0.00163658 0.00272123 -1.3408 0.184397 -1.30684 -0.194879 0.000951491 0.00166534 1.65319
68.2956 0.182352 -0.413398 1.80272 2.62347 0.072239 0.128701 0.15219 -0.413594 1.82409 2.58217 0.0652357 0.121603 -0.0301615 -0.000195299 0.0213668 -0.041294 -0.00700332 -0.00709788 0.0369634 2.40664 0 0 0 0 -0 0 -0.182352 0.413398 -1.80272 -2.62347 -0.072239 -0.128701 1.85848 150.13 0.0262894 0.0531434 1.21342 -0.00256572 -0.000592224 -1.34092 0.184397 -1.30684 -0.194879 0.000951491 0.00166534 1.65319
68.4286 0.18404 -0.41037 1.79996 2.62245 0.0720229 0.128763 0.154762 -0.414307 1.84515 2.61424 0.0663566 0.135956 -0.0292781 -0.00393703 0.0451902 -0.00821425 -0.00566631 0.00719256 0.0539895 0.723617 0 0 0 0 -0 0 -0.18404 0.41037 -1.79996 -2.62245 -0.0720229 -0.128763 1.8553 150.073 0.0290972 0.0510576 1.21117 -0.00293072 -0.00156353 -1.34098 0.184397 -1.30684 -0.194879 0.000951491 0.00166534 1.65319
68.5656 0.185836 -0.407924 1.79676 2.62168 0.0718207 0.128816 0.159733 -0.419474 1.8756 2.62814 0.0811086 0.113585 -0.0261025 -0.0115501 0.0788425 0.00645795 0.00928788 -0.0152307 0.0838503 1.10959 0 0 0 0 -0 0 -0.185836 0.407924 -1.79676 -2.62168 -0.0718207 -0.128816 1.85183 150.029 0.0319507 0.0489346 1.20857 -0.0032436 -0.00230052 -1.34103 0.184397 -1.30684 -0.194879 0.000951491 0.00166534 1.65319
68.6931 0.188096 -0.405919 1.79324 2.6211 0.071879 0.128716 0.158766 -0.405428 1.82682 2.59812 0.083104 0.111781 -0.0293301 0.000491 0.0335805 -0.0229752 0.011225 -0.0169346 0.0445886 1.69996 0 0 0 0 -0 0 -0.188096 0.405919 -1.79324 -2.6211 -0.071879 -0.128716 1.84821 149.996 0.0348532 0.0468033 1.2057 -0.00322794 -0.0028959 -1.34109 0.184397 -1.30684 -0.194879 0.000951491 0.00166534 1.65319
68.8381 0.191991 -0.403947 1.78796 2.62064 0.0723941 0.128307 0.16471 -0.411038 1.84863 2.63368 0.0830877 0.127075 -0.0272803 -0.00709069 0.0606721 0.0130331 0.0106935 -0.00123204 0.0668999 0.972772 0 0 0 0 -0 0 -0.191991 0.403947 -1.78796 -2.62064 -0.0723941 -0.128307 1.84305 149.969 0.038788 0.043984 1.20155 -0.00264876 -0.00340206 -1.34118 0.184397 -1.30684 -0.194879 0.000951491 0.00166534 1.65319
68.9867 0.195322 -0.403056 1.78383 2.62061 0.0730028 0.127858 0.167958 -0.411085 1.84885 2.63396 0.0842945 0.127372 -0.0273637 -0.00802938 0.0650234 0.0133573 0.0112917 -0.000486047 0.071002 1.00405 0 0 0 0 -0 0 -0.195322 0.403056 -1.78383 -2.62061 -0.0730028 -0.127858 1.8392 149.965 0.0417646 0.0418999 1.19839 -0.00190664 -0.00351679 -1.34127 0.184397 -1.30684 -0.194879 0.000951491 0.00166534 1.65319
69.1172 0.198669 -0.402475 1.77978 2.62078 0.0736018 0.127409 0.168339 -0.400539 1.80117 2.60587 0.088407 0.125511 -0.0303301 0.00193661 0.021384 -0.0149075 0.0148052 -0.0018983 0.037161 1.20236 0 0 0 0 -0 0 -0.198669 0.402475 -1.77978 -2.62078 -0.0736018 -0.127409 1.83551 149.974 0.0447346 0.039842 1.19543 -0.00114153 -0.0034238 -1.34136 0.184397 -1.30684 -0.194879 0.000951491 0.00166534 1.65319
69.3981 0.20589 -0.398634 1.7721 2.62014 0.0748491 0.126457 0.182875 -0.414882 1.87719 2.66316 0.0438936 0.105306 -0.0230157 -0.0162481 0.10509 0.0430239 -0.0309555 -0.0211511 0.108801 3.32331 0 0 0 0 -0 0 -0.20589 0.398634 -1.7721 -2.62014 -0.0748491 -0.126457 1.82802 149.934 0.0514952 0.035117 1.18992 0.000311999 -0.00421812 -1.34157 0.184397 -1.30684 -0.194879 0.000951491 0.00166534 1.65319
69.5236 0.209267 -0.396615 1.76931 2.61978 0.0756537 0.12589 0.181016 -0.397601 1.80212 2.60581 0.0936363 0.126636 -0.0282509 -0.000986977 0.032812 -0.013971 0.0179826 0.000746148 0.0433095 1.30776 0 0 0 0 -0 0 -0.209267 0.396615 -1.76931 -2.61978 -0.0756537 -0.12589 1.82525 149.912 0.0542612 0.0331403 1.18808 0.00123509 -0.00467158 -1.34166 0.184397 -1.30684 -0.194879 0.000951491 0.00166534 1.65319
69.6716 0.214265 -0.394362 1.76565 2.61958 0.0771358 0.124879 0.187706 -0.401104 1.82905 2.63671 0.091161 0.113537 -0.0265584 -0.00674215 0.0634013 0.0171338 0.0140252 -0.0113421 0.069069 1.4626 0 0 0 0 -0 0 -0.214265 0.394362 -1.76565 -2.61958 -0.0771358 -0.124879 1.82179 149.897 0.057748 0.0305698 1.18586 0.00298475 -0.00505735 -1.3418 0.184397 -1.30684 -0.194879 0.000951491 0.00166534 1.65319
69.7937 0.21775 -0.393414 1.76292 2.61983 0.0781563 0.124171 0.189011 -0.394623 1.8029 2.60084 0.0604258 0.118868 -0.0287386 -0.00120924 0.0399829 -0.0189855 -0.0177304 -0.00530324 0.0492545 1.50402 0 0 0 0 -0 0 -0.21775 0.393414 -1.76292 -2.61983 -0.0781563 -0.124171 1.81936 149.909 0.0601528 0.0286895 1.18439 0.00425311 -0.00493577 -1.34191 0.184397 -1.30684 -0.194879 0.000951491 0.00166534 1.65319
69.9154 0.220469 -0.392246 1.76054 2.61997 0.0788328 0.123673 0.1905 -0.389703 1.7803 2.58998 0.0821254 0.122382 -0.0299684 0.00254309 0.0197586 -0.0299893 0.00329264 -0.00129148 0.0359857 1.7242 0 0 0 0 -0 0 -0.220469 0.392246 -1.76054 -2.61997 -0.0788328 -0.123673 1.81713 149.916 0.0623308 0.0268361 1.18317 0.00510447 -0.00488112 -1.342 0.184397 -1.30684 -0.194879 0.000951491 0.00166534 1.65319
70.0571 0.222199 -0.389252 1.75902 2.61914 0.0791417 0.123394 0.195642 -0.392986 1.80629 2.62013 0.0785624 0.109118 -0.0265574 -0.00373394 0.0472729 0.000983349 -0.000579325 -0.014276 0.0543504 0.825194 0 0 0 0 -0 0 -0.222199 0.389252 -1.75902 -2.61914 -0.0791417 -0.123394 1.81522 149.869 0.0642539 0.0250033 1.18229 0.0053899 -0.00573261 -1.34209 0.184397 -1.30684 -0.194879 0.000951491 0.00166534 1.65319
70.1993 0.223459 -0.383664 1.7581 2.61726 0.0792196 0.123228 0.193863 -0.38328 1.78294 2.57006 0.101782 0.113182 -0.0295961 0.000383862 0.0248436 -0.0472056 0.0225622 -0.0100458 0.038643 3.00596 0 0 0 0 -0 0 -0.223459 0.383664 -1.7581 -2.61726 -0.0792196 -0.123228 1.81329 149.761 0.0663956 0.022641 1.18184 0.00526636 -0.00760181 -1.34219 0.184397 -1.30684 -0.194879 0.000951491 0.00166534 1.65319
70.3267 0.224366 -0.379819 1.75787 2.61612 0.0794046 0.123034 0.19881 -0.385113 1.80636 2.6174 0.0771347 0.10982 -0.0255563 -0.00529379 0.0484938 0.00127135 -0.00226987 -0.0132137 0.0550708 0.777329 0 0 0 0 -0 0 -0.224366 0.379819 -1.75787 -2.61612 -0.0794046 -0.123034 1.81238 149.696 0.0676752 0.0209924 1.1821 0.00535704 -0.00875166 -1.34227 0.184397 -1.30684 -0.194879 0.000951491 0.00166534 1.65319
70.4437 0.22527 -0.376462 1.75805 2.61532 0.0797002 0.122792 0.198837 -0.380447 1.80668 2.61547 0.0810541 0.109134 -0.0264327 -0.00398508 0.0486275 0.000153751 0.00135385 -0.0136581 0.0554906 0.787333 0 0 0 0 -0 0 -0.22527 0.376462 -1.75805 -2.61532 -0.0797002 -0.122792 1.81197 149.649 0.0686638 0.0194937 1.18291 0.00561526 -0.00958499 -1.34233 0.184397 -1.30684 -0.194879 0.000951491 0.00166534 1.65319
70.5987 0.226466 -0.372874 1.759 2.61482 0.0802688 0.122384 0.198841 -0.377299 1.80672 2.61422 0.0813747 0.109063 -0.0276252 -0.00442486 0.0477133 -0.00059442 0.00110594 -0.0133211 0.0553108 0.764127 0 0 0 0 -0 0 -0.226466 0.372874 -1.759 -2.61482 -0.0802688 -0.122384 1.81229 149.62 0.0695039 0.0177713 1.18495 0.00623842 -0.010148 -1.3424 0.184397 -1.30684 -0.194879 0.000951491 0.00166534 1.65319
70.8734 0.226955 -0.370076 1.76088 2.61483 0.0806203 0.122137 0.203847 -0.379059 1.8306 2.62964 0.0995659 0.114334 -0.0231077 -0.00898306 0.0697243 0.0148149 0.0189457 -0.00780343 0.0740009 1.4722 0 0 0 0 -0 0 -0.226955 0.370076 -1.76088 -2.61483 -0.0806203 -0.122137 1.8136 149.619 0.0697622 0.0163833 1.18801 0.00666323 -0.0101813 -1.34244 0.184397 -1.30684 -0.194879 0.000951491 0.00166534 1.65319
71.1886 0.226524 -0.368305 1.7629 2.61502 0.080555 0.122175 0.203588 -0.376103 1.82794 2.64757 0.0794343 0.123525 -0.0229366 -0.00779843 0.065047 0.0325586 -0.0011207 0.00134969 0.0694119 1.86194 0 0 0 0 -0 0 -0.226524 0.368305 -1.7629 -2.61502 -0.080555 -0.122175 1.81515 149.63 0.0695615 0.0155574 1.1909 0.00661558 -0.00998724 -1.34244 0.184397 -1.30684 -0.194879 0.000951491 0.00166534 1.65319
71.3238 0.22535 -0.367075 1.76532 2.61548 0.0801532 0.122437 0.197022 -0.364683 1.78338 2.56262 0.105009 0.112828 -0.0283283 0.00239204 0.0180578 -0.0528653 0.0248555 -0.00960911 0.0336794 3.34621 0 0 0 0 -0 0 -0.22535 0.367075 -1.76532 -2.61548 -0.0801532 -0.122437 1.81711 149.658 0.0690289 0.0149064 1.1942 0.0062067 -0.00947776 -1.34241 0.184397 -1.30684 -0.194879 0.000951491 0.00166534 1.65319
71.5016 0.223703 -0.366523 1.76802 2.6163 0.0795675 0.122843 0.202527 -0.377572 1.85485 2.64011 0.0782618 0.110422 -0.0211764 -0.0110496 0.0868309 0.0238159 -0.00130569 -0.0124214 0.0900563 1.58979 0 0 0 0 -0 0 -0.223703 0.366523 -1.76802 -2.6163 -0.0795675 -0.122843 1.81942 149.705 0.0681852 0.0144133 1.19784 0.00561822 -0.00859943 -1.34235 0.184397 -1.30684 -0.194879 0.000951491 0.00166534 1.65319
71.6405 0.221715 -0.366354 1.77098 2.6173 0.0788903 0.123331 0.19539 -0.366441 1.80369 2.59013 0.0657011 0.119075 -0.0263247 -8.66211e-05 0.0327125 -0.0271701 -0.0131892 -0.00425657 0.0419894 1.73167 0 0 0 0 -0 0 -0.221715 0.366354 -1.77098 -2.6173 -0.0788903 -0.123331 1.82202 149.764 0.0670606 0.0140506 1.20175 0.00493756 -0.00752418 -1.34227 0.184397 -1.30684 -0.194879 0.000951491 0.00166534 1.65319
71.7722 0.219538 -0.366396 1.77412 2.61839 0.0782149 0.123842 0.195765 -0.370798 1.82927 2.62121 0.0571077 0.105516 -0.0237722 -0.00440246 0.0551473 0.00281983 -0.0211073 -0.0183267 0.060214 1.61689 0 0 0 0 -0 0 -0.219538 0.366396 -1.77412 -2.61839 -0.0782149 -0.123842 1.82482 149.828 0.0656898 0.0137848 1.20583 0.00425997 -0.00635995 -1.34216 0.184397 -1.30684 -0.194879 0.000951491 0.00166534 1.65319
72.0424 0.214759 -0.365757 1.78189 2.62045 0.0773319 0.124692 0.187389 -0.363137 1.80293 2.59257 0.0997648 0.126183 -0.0273697 0.00262047 0.0210391 -0.0278736 0.0224329 0.00149113 0.034621 2.05766 0 0 0 0 -0 0 -0.214759 0.365757 -1.78189 -2.62045 -0.0773319 -0.124692 1.83167 149.947 0.0617171 0.0133461 1.21549 0.00337477 -0.00421882 -1.34187 0.184397 -1.30684 -0.194879 0.000951491 0.00166534 1.65319
72.3345 0.208808 -0.364135 1.78974 2.62176 0.0763246 0.125677 0.184295 -0.364688 1.82661 2.60249 0.0780762 0.122665 -0.0245133 -0.00055353 0.0368663 -0.0192718 0.00175152 -0.00301207 0.0442756 1.10889 0 0 0 0 -0 0 -0.208808 0.364135 -1.78974 -2.62176 -0.0763246 -0.125677 1.83831 150.023 0.0568856 0.0128781 1.22474 0.00220684 -0.00279702 -1.34151 0.184397 -1.30684 -0.194879 0.000951491 0.00166534 1.65319
72.4796 0.205671 -0.363473 1.79302 2.62229 0.0756568 0.126246 0.186188 -0.373968 1.87756 2.64827 0.0470357 0.105743 -0.0194833 -0.0104951 0.08454 0.0259733 -0.0286211 -0.0205026 0.0873885 2.54914 0 0 0 0 -0 0 -0.205671 0.363473 -1.79302 -2.62229 -0.0756568 -0.126246 1.84102 150.055 0.0546219 0.0126088 1.22857 0.0014261 -0.00218589 -1.34135 0.184397 -1.30684 -0.194879 0.000951491 0.00166534 1.65319
72.6084 0.202188 -0.362767 1.79627 2.62279 0.0748342 0.126898 0.174851 -0.361039 1.82828 2.58162 0.0935608 0.111984 -0.0273367 0.00172832 0.0320145 -0.0411697 0.0187266 -0.0149137 0.0421333 2.6658 0 0 0 0 -0 0 -0.202188 0.362767 -1.79627 -2.62279 -0.0748342 -0.126898 1.84365 150.085 0.0522867 0.0122772 1.23234 0.000466694 -0.00158843 -1.3412 0.184397 -1.30684 -0.194879 0.000951491 0.00166534 1.65319
72.7493 0.198521 -0.361795 1.79946 2.62314 0.0739502 0.127586 0.171452 -0.361322 1.82571 2.60003 0.0733339 0.121485 -0.0270698 0.000473484 0.0262547 -0.0231122 -0.000616295 -0.00610132 0.0377135 1.34494 0 0 0 0 -0 0 -0.198521 0.361795 -1.79946 -2.62314 -0.0739502 -0.127586 1.84618 150.107 0.0499182 0.0118711 1.23602 -0.000585552 -0.00112914 -1.34104 0.184397 -1.30684 -0.194879 0.000951491 0.00166534 1.65319
72.8876 0.193505 -0.359864 1.80363 2.62327 0.072749 0.128508 0.171151 -0.36769 1.87474 2.62825 0.0682422 0.123196 -0.0223534 -0.00782583 0.0711034 0.00497977 -0.00450676 -0.00531222 0.0749441 0.5028 0 0 0 0 -0 0 -0.193505 0.359864 -1.80363 -2.62327 -0.072749 -0.128508 1.84934 150.117 0.0467778 0.0112023 1.24073 -0.00206222 -0.000852224 -1.34084 0.184397 -1.30684 -0.194879 0.000951491 0.00166534 1.65319
73.0425 0.189632 -0.357484 1.80691 2.6229 0.0718239 0.129211 0.164738 -0.359446 1.84902 2.61373 0.0880576 0.125777 -0.0248933 -0.00196137 0.0421041 -0.00917222 0.0162337 -0.00343429 0.0489518 1.07883 0 0 0 0 -0 0 -0.189632 0.357484 -1.80691 -2.6229 -0.0718239 -0.129211 1.85167 150.099 0.0444876 0.0106085 1.24425 -0.00325957 -0.00109142 -1.34069 0.184397 -1.30684 -0.194879 0.000951491 0.00166534 1.65319
73.1845 0.184825 -0.353776 1.8114 2.62224 0.0707581 0.130045 0.161279 -0.36103 1.87416 2.62486 0.0650831 0.122282 -0.023546 -0.00725396 0.0627664 0.00261953 -0.005675 -0.00776354 0.0674289 0.578784 0 0 0 0 -0 0 -0.184825 0.353776 -1.8114 -2.62224 -0.0707581 -0.130045 1.85485 150.063 0.0415948 0.00972651 1.24909 -0.00469031 -0.00161052 -1.34049 0.184397 -1.30684 -0.194879 0.000951491 0.00166534 1.65319
73.3336 0.182894 -0.35184 1.81362 2.62192 0.0704664 0.130329 0.155 -0.352872 1.84841 2.61028 0.0848653 0.12478 -0.0278941 -0.00103115 0.0347911 -0.011635 0.0143989 -0.00554974 0.0446045 1.09217 0 0 0 0 -0 0 -0.182894 0.35184 -1.81362 -2.62192 -0.0704664 -0.130329 1.85647 150.045 0.0402397 0.00926178 1.25156 -0.00513062 -0.00189223 -1.34039 0.184397 -1.30684 -0.194879 0.000951491 0.00166534 1.65319
73.739 0.179785 -0.347398 1.81892 2.62144 0.0705713 0.130565 0.15416 -0.351392 1.86642 2.61748 0.0283872 0.141802 -0.0256242 -0.00399376 0.0475025 -0.00395197 -0.042184 0.0112362 0.0541206 2.51435 0 0 0 0 -0 0 -0.179785 0.347398 -1.81892 -2.62144 -0.0705713 -0.130565 1.8605 150.017 0.0371586 0.00807491 1.25773 -0.00523005 -0.00237987 -1.34013 0.184397 -1.30684 -0.194879 0.000951491 0.00166534 1.65319
74.1266 0.179282 -0.344847 1.82191 2.62128 0.0713251 0.130322 0.15269 -0.347893 1.86945 2.60274 0.0887861 0.139627 -0.0265917 -0.00304598 0.0475386 -0.0185396 0.017461 0.00930555 0.0545556 1.58239 0 0 0 0 -0 0 -0.179282 0.344847 -1.82191 -2.62128 -0.0713251 -0.130322 1.8629 150.006 0.0355156 0.00736025 1.26138 -0.00448448 -0.00263228 -1.33997 0.184397 -1.30684 -0.194879 0.000951491 0.00166534 1.65319
74.5285 0.17993 -0.341026 1.8256 2.62083 0.0730497 0.12958 0.152877 -0.342779 1.87417 -2.23916 0.0545144 0.119615 -0.0270528 -0.00175316 0.0485764 -4.85999 -0.0185352 -0.00996423 0.0556291 81.5868 0 0 0 0 -0 0 -0.17993 0.341026 -1.8256 -2.62083 -0.0730497 -0.12958 1.86587 149.976 0.0335078 0.00641211 1.26589 -0.00269889 -0.00329949 -1.33976 0.184397 -1.30684 -0.194879 0.000951491 0.00166534 1.65319
75.2015 0.18128 -0.335799 1.82961 2.61994 0.0757983 0.128315 0.154712 -0.338074 1.87394 2.61531 0.0646178 0.121376 -0.0265683 -0.00227515 0.0443245 -0.00463298 -0.0111805 -0.00693897 0.0517273 0.789815 0 0 0 0 -0 0 -0.18128 0.335799 -1.82961 -2.61994 -0.0757983 -0.128315 1.86898 149.918 0.0306385 0.00502864 1.27081 0.000160939 -0.00452929 -1.33949 0.184397 -1.30684 -0.194879 0.000951491 0.00166534 1.65319
75.5978 0.181007 -0.333443 1.83094 2.61931 0.0766433 0.127954 0.154714 -0.334805 1.87396 2.61401 0.0649157 0.12132 -0.0262937 -0.00136193 0.0430163 -0.00530273 -0.0117277 -0.00663475 0.0504343 0.819961 0 0 0 0 -0 0 -0.181007 0.333443 -1.83094 -2.61931 -0.0766433 -0.127954 1.86984 149.88 0.0286408 0.00416613 1.27269 0.00118433 -0.00549611 -1.33935 0.184397 -1.30684 -0.194879 0.000951491 0.00166534 1.65319
75.9928 0.17988 -0.330909 1.83205 2.61848 0.0773885 0.127678 0.152697 -0.331584 1.86956 2.5962 0.0904007 0.139158 -0.0271831 -0.000675435 0.0375011 -0.0222853 0.0130122 0.0114801 0.0463218 1.6613 0 0 0 0 -0 0 -0.17988 0.330909 -1.83205 -2.61848 -0.0773885 -0.127678 1.87037 149.831 0.0270387 0.00357917 1.27344 0.00162763 -0.00617689 -1.33925 0.184397 -1.30684 -0.194879 0.000951491 0.00166534 1.65319
76.3695 0.17813 -0.329343 1.83248 2.61783 0.07783 0.127561 0.15158 -0.331106 1.87612 2.59255 0.0842529 0.110707 -0.0265509 -0.00176305 0.0436445 -0.0252891 0.0064229 -0.0168533 0.0511165 1.71486 0 0 0 0 -0 0 -0.17813 0.329343 -1.83248 -2.61783 -0.07783 -0.127561 1.87034 149.792 0.0247255 0.00291312 1.27373 0.00196874 -0.00687478 -1.33913 0.184397 -1.30684 -0.194879 0.000951491 0.00166534 1.65319
76.8132 0.17658 -0.328888 1.83244 2.61755 0.0780713 0.127518 0.15157 -0.32944 1.87597 2.59201 0.0829628 0.11112 -0.0250103 -0.000552124 0.0435272 -0.0255397 0.00489148 -0.0163981 0.0502039 1.69743 0 0 0 0 -0 0 -0.17658 0.328888 -1.83244 -2.61755 -0.0780713 -0.127518 1.87008 149.775 0.0228416 0.00252173 1.27354 0.00215376 -0.00718568 -1.33905 0.184397 -1.30684 -0.194879 0.000951491 0.00166534 1.65319
77.094 0.174809 -0.328833 1.83225 2.61735 0.0782314 0.127518 0.148141 -0.328199 1.87362 2.61083 0.0629078 0.120701 -0.0266684 0.000634244 0.0413741 -0.00651341 -0.0153236 -0.00681755 0.0492282 1.02067 0 0 0 0 -0 0 -0.174809 0.328833 -1.83225 -2.61735 -0.0782314 -0.127518 1.86971 149.763 0.0208204 0.00223391 1.27312 0.00226023 -0.00740785 -1.33897 0.184397 -1.30684 -0.194879 0.000951491 0.00166534 1.65319
77.462 0.172572 -0.329028 1.832 2.61715 0.0781808 0.12764 0.146284 -0.327823 1.87146 2.61453 0.103122 0.12809 -0.0262881 0.00120508 0.0394569 -0.00262319 0.024941 0.000449401 0.0474275 1.43749 0 0 0 0 -0 0 -0.172572 0.329028 -1.832 -2.61715 -0.0781808 -0.12764 1.8693 149.752 0.0186577 0.00205651 1.27255 0.00212623 -0.00759334 -1.33889 0.184397 -1.30684 -0.194879 0.000951491 0.00166534 1.65319
77.8341 0.169855 -0.329336 1.83182 2.61692 0.0778975 0.127896 0.144986 -0.329368 1.87555 2.59146 0.0803169 0.110607 -0.0248696 -3.11132e-05 0.0437266 -0.0254577 0.00241942 -0.0172896 0.0503042 1.70295 0 0 0 0 -0 0 -0.169855 0.329336 -1.83182 -2.61692 -0.0778975 -0.127896 1.86893 149.739 0.0163571 0.00199687 1.27191 0.00171453 -0.00779091 -1.3388 0.184397 -1.30684 -0.194879 0.000951491 0.00166534 1.65319
78.2279 0.165046 -0.32963 1.83197 2.61642 0.0769357 0.12857 0.13958 -0.328184 1.86878 2.59366 0.0854693 0.138012 -0.0254654 0.00144551 0.0368161 -0.0227571 0.0085336 0.00944228 0.0447885 1.53187 0 0 0 0 -0 0 -0.165046 0.32963 -1.83197 -2.61642 -0.0769357 -0.12857 1.86869 149.713 0.0131011 0.00211944 1.27123 0.00048112 -0.00816091 -1.3387 0.184397 -1.30684 -0.194879 0.000951491 0.00166534 1.65319
78.8978 0.155375 -0.329933 1.83349 2.61528 0.0746021 0.130087 0.131714 -0.329695 1.87269 2.57025 0.0605497 0.120262 -0.0236602 0.000237922 0.0391978 -0.0450287 -0.0140524 -0.00982402 0.0457857 2.72491 0 0 0 0 -0 0 -0.155375 0.329933 -1.83349 -2.61528 -0.0746021 -0.130087 1.86941 149.653 0.00710034 0.00300425 1.27093 -0.00245478 -0.00898738 -1.33854 0.184397 -1.30684 -0.194879 0.000951491 0.00166534 1.65319
79.5393 0.147712 -0.329742 1.83582 2.61385 0.0729116 0.131221 0.124152 -0.332653 1.8944 2.60575 0.0577677 0.134318 -0.0235599 -0.00291037 0.0585868 -0.00809428 -0.0151439 0.00309692 0.0632135 1.00522 0 0 0 0 -0 0 -0.147712 0.329742 -1.83582 -2.61385 -0.0729116 -0.131221 1.87103 149.576 0.00197925 0.00461866 1.2712 -0.0046881 -0.0101838 -1.33839 0.184397 -1.30684 -0.194879 0.000951491 0.00166534 1.65319
80.2601 0.143175 -0.334005 1.83724 2.61391 0.0729624 0.131422 0.117516 -0.33423 1.89397 2.606 0.0511228 0.134588 -0.0256593 -0.000225094 0.0567311 -0.0079073 -0.0218396 0.00316577 0.0622645 1.34697 0 0 0 0 -0 0 -0.143175 0.334005 -1.83724 -2.61391 -0.0729624 -0.131422 1.87283 149.579 -0.00362415 0.00775309 1.27034 -0.00473664 -0.0101291 -1.33819 0.184397 -1.30684 -0.194879 0.000951491 0.00166534 1.65319
80.6983 0.142532 -0.338184 1.837 2.61486 0.0735022 0.131232 0.113479 -0.332377 1.86936 2.57361 0.0919604 0.126095 -0.0290538 0.00580687 0.0323526 -0.0412541 0.0184582 -0.00513615 0.0438695 2.58392 0 0 0 0 -0 0 -0.142532 0.338184 -1.837 -2.61486 -0.0735022 -0.131232 1.8733 149.632 -0.00588971 0.00951107 1.26926 -0.00403603 -0.00925282 -1.33809 0.184397 -1.30684 -0.194879 0.000951491 0.00166534 1.65319
81.0376 0.142133 -0.343362 1.83642 2.61618 0.0740741 0.13103 0.11339 -0.337728 1.8674 2.59537 0.0740603 0.136166 -0.0287427 0.00563357 0.0309757 -0.0208117 -1.38428e-05 0.00513513 0.0426307 1.24929 0 0 0 0 -0 0 -0.142133 0.343362 -1.83642 -2.61618 -0.0740741 -0.13103 1.87365 149.705 -0.00809429 0.0114754 1.26786 -0.00324753 -0.0080232 -1.33798 0.184397 -1.30684 -0.194879 0.000951491 0.00166534 1.65319
81.3287 0.141277 -0.351976 1.83509 2.61859 0.0744848 0.130971 0.114336 -0.348778 1.89669 2.633 0.0664822 0.123456 -0.026941 0.00319894 0.0616024 0.01441 -0.00800258 -0.00751464 0.067312 1.06165 0 0 0 0 -0 0 -0.141277 0.351976 -1.83509 -2.61859 -0.0744848 -0.130971 1.87387 149.842 -0.0109661 0.0143269 1.26553 -0.0025053 -0.00569494 -1.33784 0.184397 -1.30684 -0.194879 0.000951491 0.00166534 1.65319
81.7564 0.140222 -0.358754 1.83384 2.62042 0.0745004 0.131093 0.114853 -0.360417 1.91905 2.63211 0.0702561 0.139341 -0.0253695 -0.0016633 0.0852067 0.0116874 -0.00424436 0.00824816 0.0889188 0.827562 0 0 0 0 -0 0 -0.140222 0.358754 -1.83384 -2.62042 -0.0745004 -0.131093 1.87386 149.946 -0.0130757 0.0165567 1.26347 -0.0022793 -0.00388891 -1.33773 0.184397 -1.30684 -0.194879 0.000951491 0.00166534 1.65319
82.0207 0.139422 -0.362969 1.83298 2.62146 0.0744526 0.131198 0.112321 -0.363415 1.89088 2.62141 0.0876851 0.142636 -0.0271005 -0.000446175 0.0578966 -5.17569e-05 0.0132325 0.0114382 0.0639269 1.00249 0 0 0 0 -0 0 -0.139422 0.362969 -1.83298 -2.62146 -0.0744526 -0.131198 1.87377 150.006 -0.014458 0.0180508 1.26197 -0.00221612 -0.00283913 -1.33766 0.184397 -1.30684 -0.194879 0.000951491 0.00166534 1.65319
82.4448 0.136877 -0.37268 1.83074 2.62349 0.0740646 0.131585 0.110209 -0.366625 1.86927 2.627 0.0854 0.12643 -0.026668 0.00605493 0.0385302 0.0035032 0.0113354 -0.00515459 0.0472485 0.747558 0 0 0 0 -0 0 -0.136877 0.37268 -1.83074 -2.62349 -0.0740646 -0.131585 1.8733 150.123 -0.0178076 0.0216982 1.25793 -0.00243772 -0.000791497 -1.33752 0.184397 -1.30684 -0.194879 0.000951491 0.00166534 1.65319
83.079 0.133702 -0.382481 1.82788 2.62506 0.0735232 0.132035 0.10684 -0.378384 1.86682 2.61118 0.0667052 0.136909 -0.0268619 0.00409677 0.038934 -0.0138779 -0.00681801 0.00487424 0.0474784 0.945433 0 0 0 0 -0 0 -0.133702 0.382481 -1.82788 -2.62506 -0.0735232 -0.132035 1.87225 150.213 -0.0215498 0.0257146 1.25268 -0.0028923 0.000829805 -1.3374 0.184397 -1.30684 -0.194879 0.000951491 0.00166534 1.65319
83.5111 0.132169 -0.389576 1.8256 2.62661 0.0733707 0.132207 0.103655 -0.384496 1.86874 2.59393 0.08377 0.126869 -0.0285138 0.00507945 0.043135 -0.0326791 0.0103993 -0.00533796 0.0519564 1.96583 0 0 0 0 -0 0 -0.132169 0.389576 -1.8256 -2.62661 -0.0733707 -0.132207 1.87138 150.302 -0.0238245 0.0280715 1.24926 -0.00287563 0.00238148 -1.33733 0.184397 -1.30684 -0.194879 0.000951491 0.00166534 1.65319
83.9046 0.131253 -0.394585 1.82399 2.62782 0.0733472 0.132287 0.103654 -0.391021 1.86872 2.5965 0.0832598 0.127051 -0.0275984 0.00356434 0.0447295 -0.0313144 0.00991254 -0.00523679 0.0526793 1.88346 0 0 0 0 -0 0 -0.131253 0.394585 -1.82399 -2.62782 -0.0733472 -0.132287 1.87079 150.371 -0.0253983 0.0296093 1.24699 -0.00275447 0.0035764 -1.33727 0.184397 -1.30684 -0.194879 0.000951491 0.00166534 1.65319
84.237 0.130923 -0.396072 1.82352 2.62817 0.0733225 0.132324 0.103654 -0.397545 1.8687 2.59906 0.082752 0.127229 -0.027269 -0.00147299 0.0451758 -0.0291122 0.00942955 -0.00509464 0.0527884 1.75591 0 0 0 0 -0 0 -0.130923 0.396072 -1.82352 -2.62817 -0.0733225 -0.132324 1.87063 150.391 -0.0258965 0.0300697 1.24633 -0.00274085 0.00392834 -1.33725 0.184397 -1.30684 -0.194879 0.000951491 0.00166534 1.65319
84.6369 0.128968 -0.40326 1.8217 2.62985 0.0733709 0.132433 0.100389 -0.405689 1.86873 2.64131 0.0785313 0.126633 -0.0285791 -0.00242886 0.0470308 0.0114665 0.00516041 -0.0058 0.0550868 0.814213 0 0 0 0 -0 0 -0.128968 0.40326 -1.8217 -2.62985 -0.0733709 -0.132433 1.87025 150.487 -0.0289939 0.0324361 1.24344 -0.00250046 0.0055815 -1.33713 0.184397 -1.30684 -0.194879 0.000951491 0.00166534 1.65319
84.76 0.128447 -0.404706 1.82182 2.63028 0.0735743 0.132366 0.100382 -0.407303 1.86853 2.60262 0.0807375 0.127195 -0.0280645 -0.00259686 0.0467181 -0.0276596 0.00716313 -0.00517115 0.0545613 1.64163 0 0 0 0 -0 0 -0.128447 0.404706 -1.82182 -2.63028 -0.0735743 -0.132366 1.87064 150.511 -0.0301098 0.0329438 1.24341 -0.00222499 0.00598751 -1.33709 0.184397 -1.30684 -0.194879 0.000951491 0.00166534 1.65319
84.8983 0.127892 -0.406077 1.82277 2.63119 0.0738628 0.132251 0.100304 -0.407658 1.86647 2.62201 0.0619052 0.136847 -0.0275879 -0.0015809 0.0437032 -0.00917611 -0.0119576 0.00459639 0.0517065 0.913003 0 0 0 0 -0 0 -0.127892 0.406077 -1.82277 -2.63119 -0.0738628 -0.132251 1.87183 150.562 -0.0314116 0.0331044 1.24477 -0.00178385 0.00684405 -1.33705 0.184397 -1.30684 -0.194879 0.000951491 0.00166534 1.65319
85.0407 0.127512 -0.406088 1.82427 2.63182 0.07409 0.13215 0.0990047 -0.409098 1.87308 2.61965 0.0576218 0.108055 -0.028507 -0.00301004 0.0488121 -0.0121723 -0.0164682 -0.0240955 0.0566068 1.77652 0 0 0 0 -0 0 -0.127512 0.406088 -1.82427 -2.63182 -0.07409 -0.13215 1.87327 150.598 -0.0322571 0.0328072 1.24691 -0.00144236 0.00744275 -1.33702 0.184397 -1.30684 -0.194879 0.000951491 0.00166534 1.65319
85.1708 0.12728 -0.4046 1.82658 2.63211 0.0744517 0.131963 0.0971124 -0.407275 1.8684 2.60239 0.0794789 0.126898 -0.0301673 -0.00267502 0.041822 -0.0297261 0.00502718 -0.00506488 0.0516362 1.72964 0 0 0 0 -0 0 -0.12728 0.4046 -1.82658 -2.63211 -0.0744517 -0.131963 1.87518 150.613 -0.0329993 0.032128 1.25002 -0.000994562 0.00768027 -1.33701 0.184397 -1.30684 -0.194879 0.000951491 0.00166534 1.65319
85.3366 0.127074 -0.400221 1.83079 2.63186 0.0750818 0.131616 0.0971126 -0.404013 1.86841 2.60112 0.0797233 0.126814 -0.0299617 -0.00379158 0.0376271 -0.0307367 0.00464146 -0.00480218 0.0482481 1.78136 0 0 0 0 -0 0 -0.127074 0.400221 -1.83079 -2.63186 -0.0750818 -0.131616 1.87832 150.597 -0.0338538 0.0306145 1.25552 -0.000310082 0.00733818 -1.33699 0.184397 -1.30684 -0.194879 0.000951491 0.00166534 1.65319
85.458 0.127066 -0.395288 1.83462 2.63125 0.0757323 0.131242 0.0977659 -0.404391 1.89718 2.63253 0.0777028 0.113198 -0.0292996 -0.00910218 0.0625602 0.00128413 0.00197047 -0.018044 0.0696785 1.04829 0 0 0 0 -0 0 -0.127066 0.395288 -1.83462 -2.63125 -0.0757323 -0.131242 1.88101 150.561 -0.0344211 0.0290349 1.26036 0.000335265 0.00665821 -1.337 0.184397 -1.30684 -0.194879 0.000951491 0.00166534 1.65319
85.7295 0.126264 -0.383328 1.8424 2.62946 0.0767136 0.130642 0.0974058 -0.387975 1.88984 2.62901 0.0819087 0.14151 -0.0288581 -0.00464696 0.0474392 -0.000458461 0.0051951 0.0108682 0.0557213 0.692669 0 0 0 0 -0 0 -0.126264 0.383328 -1.8424 -2.62946 -0.0767136 -0.130642 1.88608 150.456 -0.0354872 0.0248378 1.27057 0.00120822 0.00476323 -1.33703 0.184397 -1.30684 -0.194879 0.000951491 0.00166534 1.65319
85.8568 0.124663 -0.375421 1.8467 2.6284 0.0768043 0.130555 0.0981411 -0.386002 1.92125 2.64049 0.0990453 0.118238 -0.0265218 -0.0105814 0.0745474 0.0120912 0.022241 -0.012317 0.0798291 1.63949 0 0 0 0 -0 0 -0.124663 0.375421 -1.8467 -2.6284 -0.0768043 -0.130555 1.8886 150.395 -0.036218 0.0213785 1.27679 0.00116866 0.00369992 -1.33706 0.184397 -1.30684 -0.194879 0.000951491 0.00166534 1.65319
86.0046 0.122883 -0.370041 1.84925 2.62785 0.07654 0.130694 0.0944484 -0.374555 1.89713 2.6209 0.0785527 0.112138 -0.0284349 -0.0045137 0.0478819 -0.00695273 0.00201263 -0.0185563 0.0558712 1.11206 0 0 0 0 -0 0 -0.122883 0.370041 -1.84925 -2.62785 -0.07654 -0.130694 1.8899 150.365 -0.0367905 0.0184896 1.28096 0.000789697 0.00319566 -1.33707 0.184397 -1.30684 -0.194879 0.000951491 0.00166534 1.65319
86.2668 0.11849 -0.354819 1.85359 2.62501 0.0761297 0.130897 0.0913515 -0.363603 1.91817 2.6316 0.0610526 0.137562 -0.0271386 -0.00878393 0.0645738 0.00659154 -0.0150771 0.00666413 0.0705935 1.00755 0 0 0 0 -0 0 -0.11849 0.354819 -1.85359 -2.62501 -0.0761297 -0.130897 1.89096 150.203 -0.0381634 0.0109336 1.28855 -9.29929e-05 0.000437415 -1.33709 0.184397 -1.30684 -0.194879 0.000951491 0.00166534 1.65319
86.4002 0.116816 -0.347662 1.85449 2.62328 0.0761863 0.130856 0.0882689 -0.356378 1.9244 2.62646 0.0565946 0.108151 -0.028547 -0.00871531 0.0699128 0.00317901 -0.0195917 -0.0227047 0.0760177 1.73686 0 0 0 0 -0 0 -0.116816 0.347662 -1.85449 -2.62328 -0.0761863 -0.130856 1.89041 150.104 -0.0387601 0.00745522 1.2906 -0.000284899 -0.00128306 -1.3371 0.184397 -1.30684 -0.194879 0.000951491 0.00166534 1.65319
86.5666 0.114802 -0.338737 1.8544 2.62097 0.0764095 0.130742 0.0858838 -0.342843 1.8912 2.59042 0.0992189 0.129285 -0.0289182 -0.00410528 0.0367982 -0.0305534 0.0228094 -0.0014572 0.0469811 2.18032 0 0 0 0 -0 0 -0.114802 0.338737 -1.8544 -2.62097 -0.0764095 -0.130742 1.88857 149.972 -0.0395773 0.00273592 1.29192 -0.000384108 -0.00359255 -1.33708 0.184397 -1.30684 -0.194879 0.000951491 0.00166534 1.65319
86.6812 0.113693 -0.332602 1.85333 2.61925 0.0768304 0.13051 0.0841856 -0.335095 1.88948 2.6073 0.0809643 0.138988 -0.0295077 -0.00249285 0.036149 -0.0119485 0.00413387 0.00847798 0.0467297 0.901789 0 0 0 0 -0 0 -0.113693 0.332602 -1.85333 -2.61925 -0.0768304 -0.13051 1.88637 149.872 -0.0402215 -0.000786794 1.29178 -0.000166117 -0.00535355 -1.33707 0.184397 -1.30684 -0.194879 0.000951491 0.00166534 1.65319
86.8053 0.112882 -0.327102 1.85144 2.61758 0.0774425 0.13016 0.0846452 -0.333429 1.91806 2.61941 0.0607025 0.136518 -0.0282373 -0.00632653 0.0666215 0.00182337 -0.01674 0.00635883 0.0726347 1.0287 0 0 0 0 -0 0 -0.112882 0.327102 -1.85144 -2.61758 -0.0774425 -0.13016 1.88349 149.776 -0.0409151 -0.00423088 1.29068 0.000283832 -0.00707704 -1.33707 0.184397 -1.30684 -0.194879 0.000951491 0.00166534 1.65319
86.9498 0.112545 -0.322279 1.84882 2.616 0.0783579 0.12961 0.0825764 -0.323007 1.89111 2.58208 0.099432 0.128266 -0.0299689 -0.000727889 0.0422922 -0.0339272 0.021074 -0.0013443 0.0518391 2.28379 0 0 0 0 -0 0 -0.112545 0.322279 -1.84882 -2.616 -0.0783579 -0.12961 1.88007 149.684 -0.0416871 -0.0075412 1.28873 0.00110662 -0.00875484 -1.33709 0.184397 -1.30684 -0.194879 0.000951491 0.00166534 1.65319
87.1897 0.112361 -0.316093 1.84326 2.61375 0.0801782 0.128484 0.0825421 -0.318634 1.88973 2.60084 0.0834476 0.138221 -0.0298189 -0.0025414 0.046466 -0.0129048 0.00326939 0.00973639 0.0552695 0.979987 0 0 0 0 -0 0 -0.112361 0.316093 -1.84326 -2.61375 -0.0801782 -0.128484 1.87354 149.551 -0.0432616 -0.0126259 1.284 0.00289385 -0.0112175 -1.33716 0.184397 -1.30684 -0.194879 0.000951491 0.00166534 1.65319
87.4649 0.11114 -0.312287 1.83705 2.61205 0.0815366 0.127614 0.0825735 -0.314742 1.89122 2.62006 0.0989143 0.127746 -0.0285661 -0.00245548 0.0541673 0.00801716 0.0173778 0.000132084 0.0612874 1.09611 0 0 0 0 -0 0 -0.11114 0.312287 -1.83705 -2.61205 -0.0815366 -0.127614 1.86671 149.45 -0.0453841 -0.0170007 1.27826 0.00424009 -0.0130744 -1.33723 0.184397 -1.30684 -0.194879 0.000951491 0.00166534 1.65319
87.9783 0.105368 -0.315129 1.82625 2.61267 0.0816073 0.127522 0.0775138 -0.310926 1.86811 2.60218 0.0766565 0.122243 -0.0278543 0.00420276 0.0418626 -0.0104923 -0.00495081 -0.00527869 0.0504579 0.710518 0 0 0 0 -0 0 -0.105368 0.315129 -1.82625 -2.61267 -0.0816073 -0.127522 1.85623 149.486 -0.0502719 -0.022231 1.2683 0.00444048 -0.0124622 -1.33728 0.184397 -1.30684 -0.194879 0.000951491 0.00166534 1.65319
88.3709 0.101038 -0.31973 1.82089 2.6142 0.0809109 0.127938 0.074209 -0.315657 1.86714 2.60372 0.0771503 0.121569 -0.0268295 0.00407337 0.0462444 -0.010478 -0.00376065 -0.00636871 0.0536186 0.711069 0 0 0 0 -0 0 -0.101038 0.31973 -1.82089 -2.6142 -0.0809109 -0.127938 1.85151 149.575 -0.053409 -0.0240657 1.26338 0.00386464 -0.0108654 -1.33727 0.184397 -1.30684 -0.194879 0.000951491 0.00166534 1.65319
88.7227 0.0975489 -0.321818 1.8175 2.61452 0.080455 0.128217 0.0709814 -0.320677 1.86789 2.60576 0.0732627 0.122018 -0.0265675 0.00114105 0.0503935 -0.00875746 -0.0071923 -0.00619913 0.0569793 0.72145 0 0 0 0 -0 0 -0.0975489 0.321818 -1.8175 -2.61452 -0.080455 -0.128217 1.84834 149.594 -0.0560237 -0.0251639 1.25984 0.00338138 -0.0104946 -1.33725 0.184397 -1.30684 -0.194879 0.000951491 0.00166534 1.65319
89.1897 0.0939865 -0.322804 1.8146 2.61417 0.0801221 0.128437 0.0677162 -0.323923 1.86779 2.60688 0.0716978 0.121854 -0.0262704 -0.00111904 0.0531903 -0.00729536 -0.00842435 -0.00658353 0.0593346 0.725237 0 0 0 0 -0 0 -0.0939865 0.322804 -1.8146 -2.61417 -0.0801221 -0.128437 1.84548 149.575 -0.0588386 -0.0260389 1.25642 0.00293333 -0.0107933 -1.33723 0.184397 -1.30684 -0.194879 0.000951491 0.00166534 1.65319
89.6046 0.088428 -0.323895 1.81134 2.61344 0.0793236 0.128957 0.0626671 -0.319781 1.83903 2.57308 0.0756201 0.133856 -0.0257609 0.00411398 0.027697 -0.0403638 -0.00370348 0.00489833 0.0380483 2.36066 0 0 0 0 -0 0 -0.088428 0.323895 -1.81134 -2.61344 -0.0793236 -0.128957 1.84219 149.535 -0.0628758 -0.0268356 1.25217 0.00187564 -0.011415 -1.33717 0.184397 -1.30684 -0.194879 0.000951491 0.00166534 1.65319
89.9158 0.085233 -0.324721 1.80991 2.61315 0.0786926 0.129364 0.0594307 -0.331121 1.89042 2.62504 0.0883787 0.126583 -0.0258022 -0.00639979 0.0805054 0.0118836 0.0096861 -0.00278083 0.0847811 0.902657 0 0 0 0 -0 0 -0.085233 0.324721 -1.80991 -2.61315 -0.0786926 -0.129364 1.84078 149.52 -0.0650003 -0.0270615 1.25021 0.0010856 -0.0116169 -1.33713 0.184397 -1.30684 -0.194879 0.000951491 0.00166534 1.65319
90.3724 0.0785012 -0.328793 1.80698 2.61372 0.0771104 0.13038 0.053027 -0.322955 1.83881 2.57376 0.0713317 0.133171 -0.0254742 0.00583768 0.0318368 -0.0399549 -0.00577874 0.00279173 0.0411897 2.33028 0 0 0 0 -0 0 -0.0785012 0.328793 -1.80698 -2.61372 -0.0771104 -0.13038 1.83832 149.556 -0.0694021 -0.0271481 1.24651 -0.000695154 -0.0108553 -1.33704 0.184397 -1.30684 -0.194879 0.000951491 0.00166534 1.65319
90.9236 0.0736505 -0.333201 1.80473 2.61474 0.0759528 0.131144 0.0466032 -0.328774 1.83998 2.59527 0.0822944 0.122741 -0.0270473 0.00442732 0.0352444 -0.0194687 0.00634157 -0.00840377 0.0446467 1.23416 0 0 0 0 -0 0 -0.0736505 0.333201 -1.80473 -2.61474 -0.0759528 -0.131144 1.83671 149.617 -0.0727766 -0.0269096 1.2438 -0.00191743 -0.00969022 -1.33695 0.184397 -1.30684 -0.194879 0.000951491 0.00166534 1.65319
91.1528 0.0691499 -0.337686 1.8026 2.61573 0.0749534 0.131823 0.0430849 -0.337161 1.8598 2.61347 0.0661921 0.148298 -0.026065 0.000524975 0.0572067 -0.00226434 -0.00876132 0.0164756 0.062867 1.08498 0 0 0 0 -0 0 -0.0691499 0.337686 -1.8026 -2.61573 -0.0749534 -0.131823 1.83526 149.676 -0.0761559 -0.0264448 1.24106 -0.00297876 -0.0085657 -1.33686 0.184397 -1.30684 -0.194879 0.000951491 0.00166534 1.65319
91.6578 0.0599158 -0.349397 1.79752 2.61838 0.0731787 0.133108 0.0321304 -0.344693 1.83917 2.60048 0.0756732 0.121929 -0.0277855 0.00470375 0.0416518 -0.0179026 0.00249458 -0.011179 0.0502894 1.17703 0 0 0 0 -0 0 -0.0599158 0.349397 -1.79752 -2.61838 -0.0731787 -0.133108 1.83214 149.832 -0.0838145 -0.0246525 1.23449 -0.00473347 -0.00572649 -1.33663 0.184397 -1.30684 -0.194879 0.000951491 0.00166534 1.65319
92.2986 0.0534019 -0.364114 1.79208 2.62267 0.072342 0.133872 0.0245656 -0.353678 1.811 2.59272 0.057697 0.143876 -0.0288363 0.0104366 0.0189169 -0.0299562 -0.0146449 0.0100041 0.036032 2.02642 0 0 0 0 -0 0 -0.0534019 0.364114 -1.79208 -2.62267 -0.072342 -0.133872 1.82948 150.079 -0.0908095 -0.0222998 1.22811 -0.00518527 -0.0013698 -1.33639 0.184397 -1.30684 -0.194879 0.000951491 0.00166534 1.65319
92.7532 0.0509977 -0.369888 1.78995 2.62434 0.0720832 0.134137 0.0213539 -0.361835 1.81223 2.59512 0.088475 0.124016 -0.0296438 0.00805335 0.0222804 -0.0292131 0.0163917 -0.0101213 0.0379477 1.96583 0 0 0 0 -0 0 -0.0509977 0.369888 -1.78995 -2.62434 -0.0720832 -0.134137 1.82848 150.175 -0.0935298 -0.0213085 1.2256 -0.00528762 0.000310396 -1.33629 0.184397 -1.30684 -0.194879 0.000951491 0.00166534 1.65319
93.1329 0.0479263 -0.376265 1.78764 2.62609 0.0717285 0.134476 0.020294 -0.377955 1.8607 2.62747 0.0896973 0.127456 -0.0276323 -0.00169049 0.0730608 0.00138499 0.0179687 -0.00702 0.0781299 1.1103 0 0 0 0 -0 0 -0.0479263 0.376265 -1.78764 -2.62609 -0.0717285 -0.134476 1.82744 150.275 -0.0968563 -0.0201433 1.22277 -0.00549596 0.00209023 -1.33618 0.184397 -1.30684 -0.194879 0.000951491 0.00166534 1.65319
93.5149 0.0453062 -0.380001 1.78636 2.62704 0.0711944 0.134861 0.0170444 -0.384447 1.86066 2.62984 0.0880434 0.127407 -0.0282618 -0.00444603 0.0743066 0.0028064 0.0168489 -0.007454 0.0796239 1.07301 0 0 0 0 -0 0 -0.0453062 0.380001 -1.78636 -2.62704 -0.0711944 -0.134861 1.82689 150.331 -0.0991045 -0.0194448 1.22113 -0.00600302 0.00309853 -1.33611 0.184397 -1.30684 -0.194879 0.000951491 0.00166534 1.65319
93.9065 0.0425865 -0.382723 1.78546 2.62764 0.070523 0.135307 0.0144701 -0.383314 1.83951 2.61569 0.0660001 0.121609 -0.0281164 -0.000591396 0.054048 -0.0119491 -0.00452288 -0.0136977 0.0609267 1.03854 0 0 0 0 -0 0 -0.0425865 0.382723 -1.78546 -2.62764 -0.070523 -0.135307 1.82652 150.367 -0.101115 -0.018931 1.2199 -0.00671384 0.0037911 -1.33606 0.184397 -1.30684 -0.194879 0.000951491 0.00166534 1.65319
94.2558 0.0401859 -0.384531 1.78487 2.62798 0.0699716 0.135675 0.0112577 -0.386524 1.8395 2.61681 0.0645597 0.121408 -0.0289282 -0.00199315 0.0546279 -0.0111689 -0.00541181 -0.014267 0.0618467 1.05053 0 0 0 0 -0 0 -0.0401859 0.384531 -1.78487 -2.62798 -0.0699716 -0.135675 1.82626 150.388 -0.102861 -0.0186189 1.21903 -0.00731673 0.00419379 -1.33601 0.184397 -1.30684 -0.194879 0.000951491 0.00166534 1.65319
94.6554 0.0379985 -0.386031 1.78431 2.6283 0.0696649 0.13591 0.00869531 -0.383969 1.81212 2.60351 0.0820319 0.123659 -0.0293032 0.00206246 0.0278021 -0.0247949 0.012367 -0.0122507 0.0404461 1.69165 0 0 0 0 -0 0 -0.0379985 0.386031 -1.78431 -2.6283 -0.0696649 -0.13591 1.82599 150.407 -0.104742 -0.0185305 1.2183 -0.0076471 0.00455819 -1.33596 0.184397 -1.30684 -0.194879 0.000951491 0.00166534 1.65319
95.3704 0.0343236 -0.38615 1.784 2.62822 0.0685288 0.13662 0.00489386 -0.390904 1.83744 2.61803 0.027831 0.140397 -0.0294297 -0.00475378 0.053445 -0.0101897 -0.0406978 0.00377708 0.061197 2.41606 0 0 0 0 -0 0 -0.0343236 0.38615 -1.784 -2.62822 -0.0685288 -0.13662 1.82563 150.406 -0.106549 -0.0191196 1.21806 -0.00899025 0.00462877 -1.33591 0.184397 -1.30684 -0.194879 0.000951491 0.00166534 1.65319
95.7716 0.0319114 -0.383829 1.78427 2.62724 0.0675406 0.13721 0.00236651 -0.383963 1.81209 2.60317 0.079465 0.123084 -0.0295449 -0.000134177 0.0278206 -0.0240612 0.0119244 -0.0141264 0.0405821 1.69073 0 0 0 0 -0 0 -0.0319114 0.383829 -1.78427 -2.62724 -0.0675406 -0.13721 1.82537 150.352 -0.107009 -0.0199703 1.21835 -0.0102821 0.00379143 -1.33589 0.184397 -1.30684 -0.194879 0.000951491 0.00166534 1.65319
96.4762 0.0302138 -0.379543 1.78445 2.62557 0.0666945 0.137702 -0.000733368 -0.379003 1.81109 2.60168 0.0458712 0.142112 -0.0309472 0.000540092 0.0266382 -0.0238815 -0.0208233 0.00441023 0.0408365 1.84356 0 0 0 0 -0 0 -0.0302138 0.379543 -1.78445 -2.62557 -0.0666945 -0.137702 1.82462 150.259 -0.106649 -0.0214304 1.21861 -0.0115069 0.0022569 -1.33588 0.184397 -1.30684 -0.194879 0.000951491 0.00166534 1.65319
96.9352 0.0311574 -0.375621 1.78387 2.62437 0.0668363 0.137578 -0.00156918 -0.380064 1.83156 2.61566 0.0651539 0.147705 -0.0327266 -0.00444213 0.0476876 -0.00870613 -0.00168241 0.0101266 0.0580075 0.795739 0 0 0 0 -0 0 -0.0311574 0.375621 -1.78387 -2.62437 -0.0668363 -0.137578 1.82326 150.191 -0.1052 -0.0231699 1.21847 -0.0115051 0.00105621 -1.33592 0.184397 -1.30684 -0.194879 0.000951491 0.00166534 1.65319
97.3725 0.0325912 -0.373538 1.78324 2.62389 0.0671444 0.137356 -0.000797823 -0.374467 1.81209 2.59913 0.0786635 0.122488 -0.0333891 -0.000929305 0.0288471 -0.0247602 0.0115191 -0.0148677 0.0441344 1.73144 0 0 0 0 -0 0 -0.0325912 0.373538 -1.78324 -2.62389 -0.0671444 -0.137356 1.82224 150.162 -0.103818 -0.0242956 1.21828 -0.0112002 0.000535294 -1.33596 0.184397 -1.30684 -0.194879 0.000951491 0.00166534 1.65319
98.0369 0.0363177 -0.368781 1.78185 2.62277 0.0676693 0.136931 0.00322999 -0.373767 1.83207 2.61394 0.0669968 0.148108 -0.0330877 -0.00498676 0.0502208 -0.00883747 -0.000672547 0.0111766 0.0603473 0.843487 0 0 0 0 -0 0 -0.0363177 0.368781 -1.78185 -2.62277 -0.0676693 -0.136931 1.81997 150.097 -0.0999773 -0.0266502 1.21787 -0.0107092 -0.0006374 -1.33606 0.184397 -1.30684 -0.194879 0.000951491 0.00166534 1.65319
98.4638 0.0397248 -0.364385 1.7811 2.62149 0.0682386 0.136476 0.00559157 -0.366338 1.81104 2.59684 0.0491245 0.14247 -0.0341332 -0.00195295 0.0299343 -0.0246452 -0.0191141 0.00599394 0.0454417 1.83526 0 0 0 0 -0 0 -0.0397248 0.364385 -1.7811 -2.62149 -0.0682386 -0.136476 1.81843 150.022 -0.0966705 -0.028234 1.21763 -0.010188 -0.00199152 -1.33617 0.184397 -1.30684 -0.194879 0.000951491 0.00166534 1.65319
98.8729 0.0431626 -0.360242 1.78067 2.62012 0.0690569 0.135893 0.00875392 -0.363171 1.81102 2.59571 0.0506002 0.142691 -0.0344087 -0.002929 0.0303458 -0.024404 -0.0184567 0.00679766 0.0459718 1.8138 0 0 0 0 -0 0 -0.0431626 0.360242 -1.78067 -2.62012 -0.0690569 -0.135893 1.81726 149.942 -0.093838 -0.0293802 1.21741 -0.00940251 -0.00345638 -1.33627 0.184397 -1.30684 -0.194879 0.000951491 0.00166534 1.65319
99.2326 0.0472401 -0.35583 1.78025 2.6186 0.0701303 0.135151 0.0118597 -0.358652 1.81215 2.59327 0.0847282 0.123067 -0.0353804 -0.00282262 0.0318919 -0.0253345 0.0145979 -0.0120839 0.0477162 1.76924 0 0 0 0 -0 0 -0.0472401 0.35583 -1.78025 -2.6186 -0.0701303 -0.135151 1.81608 149.852 -0.0907482 -0.0304432 1.21712 -0.00833955 -0.00510011 -1.33638 0.184397 -1.30684 -0.194879 0.000951491 0.00166534 1.65319
99.6203 0.0534978 -0.350402 1.77964 2.61678 0.0718313 0.133984 0.0177273 -0.358788 1.83734 2.60583 0.0346079 0.141264 -0.0357705 -0.00838566 0.0576985 -0.0109589 -0.0372234 0.00727952 0.068403 2.26814 0 0 0 0 -0 0 -0.0534978 0.350402 -1.77964 -2.61678 -0.0718313 -0.133984 1.81459 149.744 -0.0863184 -0.0316509 1.2167 -0.00656965 -0.00712513 -1.33654 0.184397 -1.30684 -0.194879 0.000951491 0.00166534 1.65319
100.272 0.0626722 -0.344173 1.77869 2.61479 0.0738142 0.13254 0.0277033 -0.345131 1.81185 2.60838 0.0761913 0.133644 -0.0349689 -0.00095828 0.0331579 -0.00641364 0.00237715 0.00110456 0.0481995 0.401538 0 0 0 0 -0 0 -0.0626722 0.344173 -1.77869 -2.61479 -0.0738142 -0.13254 1.81277 149.625 -0.0792859 -0.0328248 1.21616 -0.00444483 -0.00935749 -1.3368 0.184397 -1.30684 -0.194879 0.000951491 0.00166534 1.65319
100.667 0.06812 -0.341436 1.77825 2.61399 0.0745214 0.131892 0.0337471 -0.34801 1.83973 2.60246 0.0757668 0.122288 -0.034373 -0.00657367 0.0614721 -0.0115286 0.00124544 -0.00960404 0.0707357 0.830394 0 0 0 0 -0 0 -0.06812 0.341436 -1.77825 -2.61399 -0.0745214 -0.131892 1.81202 149.578 -0.0744984 -0.0330828 1.21603 -0.00363249 -0.0102472 -1.33701 0.184397 -1.30684 -0.194879 0.000951491 0.00166534 1.65319
101.09 0.072003 -0.339829 1.77821 2.61353 0.0748579 0.131497 0.0371814 -0.339725 1.8125 2.58683 0.0964691 0.124539 -0.0348217 0.000103866 0.0342834 -0.0266974 0.0216112 -0.0069586 0.0488663 1.98189 0 0 0 0 -0 0 -0.072003 0.339829 -1.77821 -2.61353 -0.0748579 -0.131497 1.81182 149.551 -0.070906 -0.0329699 1.21617 -0.00321406 -0.0107448 -1.33719 0.184397 -1.30684 -0.194879 0.000951491 0.00166534 1.65319
101.449 0.0760826 -0.338311 1.7785 2.61306 0.0752993 0.131029 0.0403626 -0.338836 1.81203 2.60657 0.0818554 0.134516 -0.03572 -0.000524347 0.0335347 -0.00649312 0.00655608 0.00348759 0.0489977 0.575393 0 0 0 0 -0 0 -0.0760826 0.338311 -1.7785 -2.61306 -0.0752993 -0.131029 1.81199 149.523 -0.0673338 -0.0325805 1.21653 -0.0026691 -0.0112677 -1.33737 0.184397 -1.30684 -0.194879 0.000951491 0.00166534 1.65319
101.816 0.0807736 -0.33713 1.77903 2.61273 0.0760895 0.130352 0.0466816 -0.336599 1.81271 2.58613 0.100682 0.125221 -0.034092 0.000530763 0.0336759 -0.0266019 0.0245929 -0.00513085 0.047923 2.07735 0 0 0 0 -0 0 -0.0807736 0.33713 -1.77903 -2.61273 -0.0760895 -0.130352 1.8125 149.503 -0.0638061 -0.0319038 1.21707 -0.00170015 -0.0116979 -1.33756 0.184397 -1.30684 -0.194879 0.000951491 0.00166534 1.65319
102.136 0.0856279 -0.337091 1.77966 2.61293 0.0769212 0.129643 0.0514159 -0.340565 1.83864 2.62018 0.0656574 0.133254 -0.034212 -0.0034738 0.0589812 0.0072446 -0.0112638 0.00361159 0.0682738 0.786836 0 0 0 0 -0 0 -0.0856279 0.337091 -1.77966 -2.61293 -0.0769212 -0.129643 1.81332 149.513 -0.0603583 -0.0309362 1.2178 -0.000598606 -0.011605 -1.33777 0.184397 -1.30684 -0.194879 0.000951491 0.00166534 1.65319
102.873 0.0951543 -0.339592 1.78135 2.61447 0.0784515 0.128266 0.062524 -0.336683 1.81317 2.58725 0.107342 0.126582 -0.0326303 0.00290842 0.0318164 -0.0272151 0.0288902 -0.00168371 0.045667 2.26987 0 0 0 0 -0 0 -0.0951543 0.339592 -1.78135 -2.61447 -0.0784515 -0.128266 1.81593 149.597 -0.0538458 -0.0281978 1.21984 0.00163984 -0.0102823 -1.3382 0.184397 -1.30684 -0.194879 0.000951491 0.00166534 1.65319
103.246 0.101245 -0.342606 1.78289 2.61607 0.0794069 0.12736 0.0675242 -0.340867 1.81863 2.58738 0.0709237 0.119815 -0.0337213 0.00173824 0.0357358 -0.0286883 -0.00848325 -0.00754525 0.049165 1.73731 0 0 0 0 -0 0 -0.101245 0.342606 -1.78289 -2.61607 -0.0794069 -0.12736 1.81833 149.687 -0.0498913 -0.0258896 1.22165 0.00315462 -0.00882273 -1.33852 0.184397 -1.30684 -0.194879 0.000951491 0.00166534 1.65319
103.562 0.105407 -0.345032 1.78429 2.61728 0.0799989 0.126751 0.0720363 -0.342151 1.81283 2.61018 0.0947109 0.137318 -0.033371 0.00288154 0.0285447 -0.00709749 0.014712 0.0105676 0.0440082 1.13367 0 0 0 0 -0 0 -0.105407 0.345032 -1.78429 -2.61728 -0.0799989 -0.126751 1.8204 149.755 -0.0471779 -0.0239844 1.22316 0.00415016 -0.0077026 -1.33876 0.184397 -1.30684 -0.194879 0.000951491 0.00166534 1.65319
103.968 0.110251 -0.347983 1.78642 2.61862 0.0805895 0.126065 0.0770587 -0.345024 1.81967 2.60866 0.0913392 0.110348 -0.0331922 0.00295852 0.033242 -0.00995465 0.0107496 -0.0157166 0.0470691 1.19485 0 0 0 0 -0 0 -0.110251 0.347983 -1.78642 -2.61862 -0.0805895 -0.126065 1.82334 149.831 -0.0439407 -0.021303 1.22524 0.00520239 -0.00645013 -1.33906 0.184397 -1.30684 -0.194879 0.000951491 0.00166534 1.65319
104.383 0.114294 -0.351282 1.7887 2.62006 0.080938 0.125541 0.0819927 -0.351463 1.84099 2.60703 0.0951874 0.126447 -0.0323012 -0.000180404 0.0522876 -0.0130338 0.0142494 0.000905697 0.0614605 1.11065 0 0 0 0 -0 0 -0.114294 0.351282 -1.7887 -2.62006 -0.080938 -0.125541 1.82645 149.913 -0.0411762 -0.0185487 1.22743 0.00598009 -0.00506226 -1.33934 0.184397 -1.30684 -0.194879 0.000951491 0.00166534 1.65319
104.809 0.116985 -0.353288 1.79066 2.6209 0.0812132 0.125153 0.0852132 -0.354701 1.84111 2.60858 0.0962339 0.126839 -0.031772 -0.00141313 0.0504466 -0.0123186 0.0150207 0.00168537 0.0596348 1.12257 0 0 0 0 -0 0 -0.116985 0.353288 -1.79066 -2.6209 -0.0812132 -0.125153 1.82892 149.96 -0.0394285 -0.0164933 1.22921 0.00653539 -0.0042692 -1.33954 0.184397 -1.30684 -0.194879 0.000951491 0.00166534 1.65319
105.12 0.118596 -0.354113 1.79216 2.6212 0.0814156 0.124889 0.0866098 -0.351454 1.82005 2.61196 0.0947777 0.111393 -0.0319866 0.0026595 0.0278869 -0.0092399 0.013362 -0.0134953 0.0425194 1.18002 0 0 0 0 -0 0 -0.118596 0.354113 -1.79216 -2.6212 -0.0814156 -0.124889 1.83065 149.977 -0.0384243 -0.0151466 1.23048 0.00688746 -0.00399679 -1.33967 0.184397 -1.30684 -0.194879 0.000951491 0.00166534 1.65319
105.571 0.120979 -0.354982 1.79552 2.62142 0.0816048 0.124498 0.091616 -0.356888 1.84001 2.62992 0.0823488 0.13686 -0.0293633 -0.00190634 0.0444902 0.00849675 0.000744063 0.0123628 0.0533406 0.827089 0 0 0 0 -0 0 -0.120979 0.354982 -1.79552 -2.62142 -0.0816048 -0.124498 1.83427 149.99 -0.036818 -0.0125334 1.23329 0.00728321 -0.00379789 -1.33992 0.184397 -1.30684 -0.194879 0.000951491 0.00166534 1.65319
106.186 0.123171 -0.355702 1.80139 2.6216 0.0816607 0.124042 0.0935703 -0.357584 1.84772 2.60722 0.0941478 0.0996466 -0.029601 -0.00188172 0.0463283 -0.0143756 0.012487 -0.0243954 0.0550098 1.71509 0 0 0 0 -0 0 -0.123171 0.355702 -1.80139 -2.6216 -0.0816607 -0.124042 1.8403 150.001 -0.0354409 -0.00884559 1.23823 0.00758217 -0.00362685 -1.34029 0.184397 -1.30684 -0.194879 0.000951491 0.00166534 1.65319
106.535 0.123549 -0.355929 1.80458 2.6217 0.0815443 0.123919 0.093544 -0.356561 1.84666 2.62703 0.0781916 0.109152 -0.0300049 -0.000631907 0.042077 0.00533618 -0.00335268 -0.0147665 0.0516833 0.942115 0 0 0 0 -0 0 -0.123549 0.355929 -1.80458 -2.6217 -0.0815443 -0.123919 1.8435 150.007 -0.0352221 -0.00711558 1.24103 0.00755855 -0.00351452 -1.34045 0.184397 -1.30684 -0.194879 0.000951491 0.00166534 1.65319
106.959 0.121975 -0.355884 1.8103 2.62163 0.0804348 0.124282 0.0929732 -0.350558 1.81946 2.59315 0.0807463 0.122236 -0.0290014 0.00532674 0.00916804 -0.0284888 0.000311531 -0.00204582 0.0308789 1.62726 0 0 0 0 -0 0 -0.121975 0.355884 -1.8103 -2.62163 -0.0804348 -0.124282 1.84897 150.006 -0.0355331 -0.00441174 1.24599 0.00641289 -0.00343703 -1.34069 0.184397 -1.30684 -0.194879 0.000951491 0.00166534 1.65319
107.389 0.119295 -0.355217 1.81384 2.62115 0.0789841 0.124972 0.093852 -0.359964 1.86859 2.62318 0.0795339 0.124888 -0.025443 -0.00474689 0.0547491 0.00202419 0.000549822 -8.42993e-05 0.0605586 0.121947 0 0 0 0 -0 0 -0.119295 0.355217 -1.81384 -2.62115 -0.0789841 -0.124972 1.85214 149.982 -0.0360796 -0.00288951 1.24884 0.00475352 -0.00373045 -1.34081 0.184397 -1.30684 -0.194879 0.000951491 0.00166534 1.65319
107.709 0.117117 -0.355191 1.81602 2.62101 0.0778305 0.12555 0.090518 -0.357119 1.86645 2.60147 0.0633356 0.134717 -0.026599 -0.00192736 0.0504325 -0.0195421 -0.0144949 0.00916675 0.0570496 1.51724 0 0 0 0 -0 0 -0.117117 0.355191 -1.81602 -2.62101 -0.0778305 -0.12555 1.85413 149.976 -0.0365618 -0.00190415 1.25062 0.00345001 -0.00373066 -1.34088 0.184397 -1.30684 -0.194879 0.000951491 0.00166534 1.65319
108.113 0.112912 -0.356486 1.81983 2.62137 0.0756601 0.126651 0.0873144 -0.356654 1.86835 2.62141 0.0772088 0.124263 -0.0255974 -0.000168765 0.0485224 4.09525e-05 0.00154867 -0.00238806 0.0548605 0.163129 0 0 0 0 -0 0 -0.112912 0.356486 -1.81983 -2.62137 -0.0756601 -0.126651 1.85785 150.002 -0.03772 1.42198e-05 1.25389 0.00109004 -0.00310183 -1.341 0.184397 -1.30684 -0.194879 0.000951491 0.00166534 1.65319
108.525 0.109659 -0.359139 1.82296 2.62243 0.0740708 0.127459 0.0819685 -0.353616 1.83959 2.58888 0.0776369 0.137102 -0.0276902 0.00552316 0.0166289 -0.0335468 0.00356608 0.00964323 0.0327685 2.05004 0 0 0 0 -0 0 -0.109659 0.359139 -1.82296 -2.62243 -0.0740708 -0.127459 1.86123 150.066 -0.0390104 0.00185384 1.25679 -0.000523312 -0.00185169 -1.34109 0.184397 -1.30684 -0.194879 0.000951491 0.00166534 1.65319
108.925 0.108144 -0.361218 1.82503 2.6233 0.073447 0.127778 0.080779 -0.359873 1.86812 2.62224 0.0743915 0.123812 -0.0273652 0.0013449 0.0430882 -0.0010653 0.00094446 -0.00396582 0.0510613 0.237388 0 0 0 0 -0 0 -0.108144 0.361218 -1.82503 -2.6233 -0.073447 -0.127778 1.86357 150.118 -0.0399934 0.00315264 1.25875 -0.0010903 -0.000906638 -1.34112 0.184397 -1.30684 -0.194879 0.000951491 0.00166534 1.65319
109.336 0.106878 -0.362526 1.8271 2.6238 0.0730199 0.128009 0.0792644 -0.367555 1.89099 2.64076 0.0934794 0.129398 -0.0276136 -0.00502864 0.0638937 0.0169618 0.0204595 0.00138956 0.0697868 1.52058 0 0 0 0 -0 0 -0.106878 0.362526 -1.8271 -2.6238 -0.0730199 -0.128009 1.86578 150.147 -0.0409563 0.00435267 1.26058 -0.00149924 -0.000360066 -1.34114 0.184397 -1.30684 -0.194879 0.000951491 0.00166534 1.65319
109.757 0.105421 -0.363022 1.82993 2.62388 0.072649 0.128222 0.0775122 -0.363115 1.868 2.6233 0.0728717 0.123626 -0.0279089 -9.22323e-05 0.0380735 -0.000581912 0.00022271 -0.00459635 0.0472071 0.26393 0 0 0 0 -0 0 -0.105421 0.363022 -1.82993 -2.62388 -0.072649 -0.128222 1.86857 150.153 -0.0421776 0.00577594 1.26293 -0.00191258 -0.000230386 -1.34114 0.184397 -1.30684 -0.194879 0.000951491 0.00166534 1.65319
110.065 0.104787 -0.363166 1.8313 2.62391 0.0725116 0.128309 0.0759574 -0.367532 1.89087 2.64052 0.0922081 0.129126 -0.0288294 -0.00436615 0.0595712 0.0166119 0.0196965 0.00081692 0.0663244 1.47459 0 0 0 0 -0 0 -0.104787 0.363166 -1.8313 -2.62391 -0.0725116 -0.128309 1.8699 150.155 -0.0427535 0.00641091 1.26409 -0.00207045 -0.000187959 -1.34113 0.184397 -1.30684 -0.194879 0.000951491 0.00166534 1.65319
110.453 0.103995 -0.363145 1.83333 2.62388 0.072393 0.1284 0.0742461 -0.363095 1.86791 2.62308 0.0715869 0.123357 -0.0297485 5.0075e-05 0.034573 -0.000798824 -0.000806063 -0.00504346 0.0456099 0.29342 0 0 0 0 -0 0 -0.103995 0.363145 -1.83333 -2.62388 -0.072393 -0.1284 1.87184 150.153 -0.0435671 0.00726795 1.26582 -0.002222 -0.000203015 -1.34111 0.184397 -1.30684 -0.194879 0.000951491 0.00166534 1.65319
110.824 0.103351 -0.362953 1.83597 2.62388 0.0724417 0.128419 0.0742004 -0.361894 1.86585 2.60237 0.0550933 0.133887 -0.0291502 0.00105941 0.0298853 -0.0215068 -0.0173484 0.00546815 0.0417611 1.62895 0 0 0 0 -0 0 -0.103351 0.362953 -1.83597 -2.62388 -0.0724417 -0.128419 1.87435 150.153 -0.0445523 0.00823543 1.2682 -0.00218992 -0.000210634 -1.34107 0.184397 -1.30684 -0.194879 0.000951491 0.00166534 1.65319
111.121 0.102818 -0.362412 1.838 2.62375 0.0724377 0.128461 0.0748091 -0.373098 1.92395 2.63211 0.0504026 0.107379 -0.0280087 -0.0106861 0.0859508 0.00835844 -0.0220352 -0.0210818 0.0910286 1.8312 0 0 0 0 -0 0 -0.102818 0.362412 -1.838 -2.62375 -0.0724377 -0.128461 1.87621 150.146 -0.0452173 0.00883076 1.27005 -0.00223316 -0.000337676 -1.34103 0.184397 -1.30684 -0.194879 0.000951491 0.00166534 1.65319
111.58 0.102121 -0.360252 1.84089 2.6229 0.072491 0.12849 0.0726279 -0.364764 1.8893 2.61857 0.0759697 0.138717 -0.029493 -0.00451211 0.0484095 -0.00433345 0.0034787 0.0102277 0.0568655 0.682996 0 0 0 0 -0 0 -0.102121 0.360252 -1.84089 -2.6229 -0.072491 -0.12849 1.87858 150.097 -0.0460067 0.0094642 1.2725 -0.00232645 -0.00118407 -1.34098 0.184397 -1.30684 -0.194879 0.000951491 0.00166534 1.65319
112.17 0.100552 -0.354178 1.846 2.62025 0.0724093 0.128659 0.0709784 -0.354913 1.86765 2.57984 0.0728925 0.123284 -0.0295738 -0.000734844 0.0216487 -0.0404127 0.000483264 -0.00537492 0.0366581 2.31376 0 0 0 0 -0 0 -0.100552 0.354178 -1.846 -2.62025 -0.0724093 -0.128659 1.88236 149.946 -0.0471386 0.0103052 1.27646 -0.0028703 -0.00379049 -1.34087 0.184397 -1.30684 -0.194879 0.000951491 0.00166534 1.65319
112.822 0.0999758 -0.350534 1.84994 2.61882 0.072555 0.128659 0.0712708 -0.358 1.91949 2.6075 0.0723153 0.12597 -0.028705 -0.00746628 0.0695508 -0.011323 -0.000239628 -0.00268893 0.0756111 0.65611 0 0 0 0 -0 0 -0.0999758 0.350534 -1.84994 -2.61882 -0.072555 -0.128659 1.88551 149.864 -0.0478711 0.0110743 1.27978 -0.00295595 -0.00522898 -1.3408 0.184397 -1.30684 -0.194879 0.000951491 0.00166534 1.65319
113.206 0.0999713 -0.350066 1.85168 2.61879 0.0726585 0.12863 0.0712728 -0.35633 1.91968 2.64931 0.070341 0.125534 -0.0286985 -0.00626403 0.0679935 0.030521 -0.00231743 -0.00309573 0.0740673 1.7752 0 0 0 0 -0 0 -0.0999713 0.350066 -1.85168 -2.61879 -0.0726585 -0.12863 1.88713 149.862 -0.0481649 0.0115527 1.28147 -0.00285706 -0.00526739 -1.34077 0.184397 -1.30684 -0.194879 0.000951491 0.00166534 1.65319
113.536 0.100003 -0.350144 1.85334 2.61902 0.0727165 0.128621 0.0712709 -0.354648 1.9195 2.60618 0.0725438 0.125888 -0.0287317 -0.0045036 0.0661605 -0.0128387 -0.000172611 -0.00273358 0.0722704 0.740721 0 0 0 0 -0 0 -0.100003 0.350144 -1.85334 -2.61902 -0.0727165 -0.128621 1.88877 149.875 -0.0484161 0.0120992 1.28315 -0.00276966 -0.00505002 -1.34075 0.184397 -1.30684 -0.194879 0.000951491 0.00166534 1.65319
113.976 0.100026 -0.35036 1.85557 2.61934 0.0727321 0.128639 0.0712709 -0.354648 1.9195 2.60618 0.0725438 0.125888 -0.0287548 -0.00428846 0.063927 -0.0131586 -0.000188248 -0.00275118 0.0702274 0.758988 0 0 0 0 -0 0 -0.100026 0.35036 -1.85557 -2.61934 -0.0727321 -0.128639 1.891 149.893 -0.048687 0.012918 1.2854 -0.00271807 -0.00473548 -1.34073 0.184397 -1.30684 -0.194879 0.000951491 0.00166534 1.65319
114.69 0.100356 -0.349606 1.85981 2.61924 0.0728919 0.128575 0.0712709 -0.354648 1.9195 2.60618 0.0725438 0.125888 -0.0290855 -0.00504227 0.0596875 -0.0130551 -0.000348073 -0.00268742 0.0665882 0.752775 0 0 0 0 -0 0 -0.100356 0.349606 -1.85981 -2.61924 -0.0728919 -0.128575 1.89504 149.886 -0.0489844 0.0145587 1.28928 -0.00256427 -0.00485834 -1.3407 0.184397 -1.30684 -0.194879 0.000951491 0.00166534 1.65319
115.331 0.101976 -0.35029 1.86243 2.61975 0.0736699 0.128143 0.0712329 -0.353458 1.91766 2.62633 0.0540423 0.135844 -0.0307432 -0.00316766 0.0552275 0.00658131 -0.0196276 0.0077012 0.0632871 1.2571 0 0 0 0 -0 0 -0.101976 0.35029 -1.86243 -2.61975 -0.0736699 -0.128143 1.89783 149.914 -0.0490841 0.0158881 1.29182 -0.00160444 -0.00444926 -1.34069 0.184397 -1.30684 -0.194879 0.000951491 0.00166534 1.65319
115.641 0.10389 -0.352273 1.86386 2.62079 0.0745634 0.127649 0.0746267 -0.354666 1.91959 2.6064 0.0738576 0.12615 -0.0292635 -0.00239275 0.0557344 -0.0143846 -0.0007058 -0.00149898 0.0629952 0.823295 0 0 0 0 -0 0 -0.10389 0.352273 -1.86386 -2.62079 -0.0745634 -0.127649 1.8997 149.971 -0.0491524 0.0170043 1.29337 -0.000436103 -0.0035344 -1.34068 0.184397 -1.30684 -0.194879 0.000951491 0.00166534 1.65319
116.043 0.105338 -0.35558 1.86444 2.6223 0.0751514 0.12733 0.0746166 -0.355628 1.92033 2.62725 0.0922824 0.115279 -0.0307219 -4.73478e-05 0.0558897 0.00495506 0.017131 -0.012051 0.0637769 1.24647 0 0 0 0 -0 0 -0.105338 0.35558 -1.86444 -2.6223 -0.0751514 -0.12733 1.90096 150.056 -0.0492693 0.0180912 1.29417 0.000449668 -0.00211837 -1.34067 0.184397 -1.30684 -0.194879 0.000951491 0.00166534 1.65319
116.39 0.105581 -0.358392 1.86429 2.62341 0.0751325 0.127352 0.0745429 -0.354548 1.89646 2.61181 0.0721383 0.11001 -0.0310383 0.00384383 0.0321722 -0.011602 -0.00299417 -0.0173426 0.0448687 1.16668 0 0 0 0 -0 0 -0.105581 0.358392 -1.86429 -2.62341 -0.0751325 -0.127352 1.90136 150.119 -0.049409 0.0188301 1.29413 0.000585666 -0.00101593 -1.34066 0.184397 -1.30684 -0.194879 0.000951491 0.00166534 1.65319
116.803 0.10514 -0.361199 1.86359 2.62422 0.0747971 0.127555 0.0745428 -0.35786 1.89645 2.61312 0.0719231 0.110094 -0.0305975 0.00333962 0.0328656 -0.0111019 -0.00287394 -0.0174611 0.0450279 1.15724 0 0 0 0 -0 0 -0.10514 0.361199 -1.86359 -2.62422 -0.0747971 -0.127555 1.90118 150.166 -0.0496585 0.0196443 1.29323 0.000314911 -0.000171102 -1.34065 0.184397 -1.30684 -0.194879 0.000951491 0.00166534 1.65319
117.147 0.104572 -0.36193 1.86289 2.62404 0.0745442 0.127705 0.0745303 -0.360108 1.89516 2.59372 0.0533272 0.121151 -0.0300421 0.00182136 0.0322613 -0.0303178 -0.021217 -0.00655461 0.0441207 2.13368 0 0 0 0 -0 0 -0.104572 0.36193 -1.86289 -2.62404 -0.0745442 -0.127705 1.90061 150.157 -0.0498781 0.0201025 1.29204 -3.12389e-06 -0.00031699 -1.34064 0.184397 -1.30684 -0.194879 0.000951491 0.00166534 1.65319
117.548 0.104191 -0.361143 1.86225 2.62308 0.0745287 0.127721 0.0746264 -0.364721 1.91957 2.61034 0.0731624 0.1264 -0.0295646 -0.00357794 0.0573258 -0.0127382 -0.00136635 -0.00132009 0.0645996 0.732219 0 0 0 0 -0 0 -0.104191 0.361143 -1.86225 -2.62308 -0.0745287 -0.127721 1.8998 150.102 -0.0501147 0.0204371 1.29058 -0.000166246 -0.00127162 -1.34064 0.184397 -1.30684 -0.194879 0.000951491 0.00166534 1.65319
117.945 0.103803 -0.359632 1.8616 2.62175 0.0745773 0.127701 0.0746264 -0.364721 1.91957 2.61034 0.0731624 0.1264 -0.0291762 -0.00508959 0.0579736 -0.0114059 -0.00141495 -0.00130094 0.0651007 0.657301 0 0 0 0 -0 0 -0.103803 0.359632 -1.8616 -2.62175 -0.0745773 -0.127701 1.89886 150.026 -0.05037 0.0206828 1.28896 -0.000314432 -0.0026149 -1.34063 0.184397 -1.30684 -0.194879 0.000951491 0.00166534 1.65319
118.31 0.102521 -0.357522 1.86065 2.61985 0.0742309 0.127916 0.0746166 -0.362335 1.92032 2.62986 0.091817 0.115511 -0.0279048 -0.00481322 0.0596715 0.0100072 0.0175861 -0.0124049 0.0660495 1.38451 0 0 0 0 -0 0 -0.102521 0.357522 -1.86065 -2.61985 -0.0742309 -0.127916 1.89746 149.918 -0.0507452 0.0209548 1.28672 -0.000994386 -0.00442 -1.34061 0.184397 -1.30684 -0.194879 0.000951491 0.00166534 1.65319
118.707 0.101362 -0.356771 1.85979 2.61884 0.0738044 0.128173 0.0726549 -0.355963 1.8907 2.59476 0.0929244 0.128682 -0.0287073 0.000808248 0.0309041 -0.0240791 0.01912 0.000508868 0.042188 1.7637 0 0 0 0 -0 0 -0.101362 0.356771 -1.85979 -2.61884 -0.0738044 -0.128173 1.89641 149.862 -0.0510446 0.0211825 1.28504 -0.00163804 -0.00536289 -1.3406 0.184397 -1.30684 -0.194879 0.000951491 0.00166534 1.65319
119.12 0.100507 -0.356845 1.85881 2.61826 0.0734982 0.128353 0.0712707 -0.361352 1.91948 2.60881 0.0720874 0.126052 -0.0292362 -0.0045065 0.0606737 -0.00945006 -0.00141072 -0.00230104 0.0675008 0.553908 0 0 0 0 -0 0 -0.100507 0.356845 -1.85881 -2.61826 -0.0734982 -0.128353 1.89542 149.829 -0.0513446 0.0214738 1.28339 -0.00207998 -0.00590492 -1.34059 0.184397 -1.30684 -0.194879 0.000951491 0.00166534 1.65319
119.522 0.0996611 -0.358194 1.85734 2.61809 0.0731568 0.128568 0.0712707 -0.361352 1.91948 2.60881 0.0720874 0.126052 -0.0283904 -0.00315813 0.0621438 -0.0092819 -0.00106934 -0.00251602 0.0683948 0.543926 0 0 0 0 -0 0 -0.0996611 0.358194 -1.85734 -2.61809 -0.0731568 -0.128568 1.89419 149.82 -0.0517265 0.0219971 1.28126 -0.00250264 -0.00602409 -1.34058 0.184397 -1.30684 -0.194879 0.000951491 0.00166534 1.65319
119.863 0.0993042 -0.359191 1.8566 2.61816 0.072986 0.128683 0.0712587 -0.362313 1.9202 2.62964 0.0905229 0.115245 -0.0280456 -0.00312147 0.0635999 0.011475 0.0175369 -0.013438 0.069579 1.45508 0 0 0 0 -0 0 -0.0993042 0.359191 -1.8566 -2.61816 -0.072986 -0.128683 1.89363 149.825 -0.0519029 0.022321 1.28023 -0.00269656 -0.00593234 -1.34056 0.184397 -1.30684 -0.194879 0.000951491 0.00166534 1.65319
120.099 0.0990448 -0.362094 1.85502 2.61877 0.0728136 0.128817 0.0693493 -0.359245 1.89059 2.59585 0.091369 0.128523 -0.0296956 0.00284886 0.0355684 -0.0229171 0.0185555 -0.000293868 0.0464225 1.68841 0 0 0 0 -0 0 -0.0990448 0.362094 -1.85502 -2.61877 -0.0728136 -0.128817 1.89262 149.86 -0.0522111 0.023087 1.2782 -0.00282003 -0.00529927 -1.34053 0.184397 -1.30684 -0.194879 0.000951491 0.00166534 1.65319
120.87 0.101288 -0.368635 1.85188 2.62062 0.0739207 0.128245 0.0712705 -0.371407 1.91947 2.61272 0.0714074 0.126294 -0.0300176 -0.00277233 0.0675826 -0.00789304 -0.00251335 -0.00195047 0.074001 0.479698 0 0 0 0 -0 0 -0.101288 0.368635 -1.85188 -2.62062 -0.0739207 -0.128245 1.89093 149.962 -0.0526053 0.0246787 1.2746 -0.00131248 -0.00362385 -1.34048 0.184397 -1.30684 -0.194879 0.000951491 0.00166534 1.65319
121.161 0.102012 -0.370435 1.85104 2.62112 0.0742826 0.128052 0.0709781 -0.364697 1.86764 2.58381 0.0722228 0.123531 -0.0310334 0.0057387 0.0165933 -0.0373112 -0.00205985 -0.00452152 0.0356559 2.13772 0 0 0 0 -0 0 -0.102012 0.370435 -1.85104 -2.62112 -0.0742826 -0.128052 1.8905 149.99 -0.0527052 0.0251498 1.27361 -0.000831744 -0.0031712 -1.34047 0.184397 -1.30684 -0.194879 0.000951491 0.00166534 1.65319
121.534 0.103271 -0.373817 1.84942 2.62188 0.074949 0.127708 0.0726545 -0.37247 1.89066 2.60133 0.0917194 0.129248 -0.0306167 0.00134657 0.0412486 -0.0205449 0.0167704 0.0015406 0.0513872 1.52777 0 0 0 0 -0 0 -0.103271 0.373817 -1.84942 -2.62188 -0.074949 -0.127708 1.88964 150.032 -0.0529863 0.0262742 1.27147 2.45775e-05 -0.00250944 -1.34044 0.184397 -1.30684 -0.194879 0.000951491 0.00166534 1.65319
121.856 0.103619 -0.374795 1.84898 2.62204 0.0751593 0.127599 0.074626 -0.381481 1.91954 2.61682 0.0720158 0.126804 -0.0289931 -0.00668556 0.0705603 -0.00521735 -0.00314351 -0.000794361 0.0765771 0.349426 0 0 0 0 -0 0 -0.103619 0.374795 -1.84898 -2.62204 -0.0751593 -0.127599 1.88943 150.041 -0.0531226 0.0266888 1.2708 0.000283185 -0.002376 -1.34043 0.184397 -1.30684 -0.194879 0.000951491 0.00166534 1.65319
122.174 0.103948 -0.375781 1.84863 2.62212 0.0754082 0.12747 0.074626 -0.381481 1.91954 2.61682 0.0720158 0.126804 -0.0293219 -0.0056993 0.0709054 -0.00529616 -0.00339239 -0.000665621 0.0769405 0.360452 0 0 0 0 -0 0 -0.103948 0.375781 -1.84863 -2.62212 -0.0754082 -0.12747 1.8893 150.044 -0.0533637 0.0272631 1.27009 0.000572912 -0.00232972 -1.34042 0.184397 -1.30684 -0.194879 0.000951491 0.00166534 1.65319
122.563 0.104283 -0.376428 1.84896 2.62203 0.0758121 0.127259 0.0745574 -0.37878 1.89748 2.60085 0.0866048 0.100847 -0.0297257 -0.00235134 0.0485172 -0.0211818 0.0107926 -0.0264119 0.056948 1.96144 0 0 0 0 -0 0 -0.104283 0.376428 -1.84896 -2.62203 -0.0758121 -0.127259 1.88977 150.039 -0.0538863 0.0280856 1.26989 0.00101271 -0.00246598 -1.3404 0.184397 -1.30684 -0.194879 0.000951491 0.00166534 1.65319
122.946 0.104361 -0.376312 1.84974 2.62192 0.0760505 0.127131 0.0763815 -0.387933 1.94376 2.67868 0.0917423 0.13266 -0.0279796 -0.0116208 0.0940168 0.0567566 0.0156919 0.00552878 0.0987779 3.36313 0 0 0 0 -0 0 -0.104361 0.376312 -1.84974 -2.62192 -0.0760505 -0.127131 1.89051 150.032 -0.0542876 0.0284996 1.27046 0.00126519 -0.00260703 -1.34039 0.184397 -1.30684 -0.194879 0.000951491 0.00166534 1.65319
123.358 0.104145 -0.375579 1.85103 2.62162 0.0761866 0.127063 0.0745574 -0.37878 1.89748 2.60085 0.0866048 0.100847 -0.029588 -0.00320059 0.0464494 -0.0207742 0.0104182 -0.0262164 0.0551656 1.93351 0 0 0 0 -0 0 -0.104145 0.375579 -1.85103 -2.62162 -0.0761866 -0.127063 1.89162 150.014 -0.0547664 0.0288579 1.27152 0.00137201 -0.00291679 -1.34038 0.184397 -1.30684 -0.194879 0.000951491 0.00166534 1.65319
123.738 0.103373 -0.374342 1.85279 2.62117 0.0760542 0.127157 0.074626 -0.381481 1.91954 2.61682 0.0720158 0.126804 -0.0287468 -0.0071387 0.0667526 -0.00435474 -0.00403835 -0.000352602 0.0730291 0.340349 0 0 0 0 -0 0 -0.103373 0.374342 -1.85279 -2.62117 -0.0760542 -0.127157 1.89305 149.989 -0.0553276 0.0291703 1.27309 0.00114258 -0.00334675 -1.34037 0.184397 -1.30684 -0.194879 0.000951491 0.00166534 1.65319
124.111 0.101953 -0.372437 1.85575 2.62062 0.0757197 0.127372 0.0746285 -0.379813 1.91973 2.65842 0.0699972 0.126335 -0.0273247 -0.00737647 0.063983 0.0377926 -0.0057225 -0.00103708 0.0699634 2.19517 0 0 0 0 -0 0 -0.101953 0.372437 -1.85575 -2.62062 -0.0757197 -0.127372 1.89549 149.958 -0.056195 0.0295433 1.27587 0.000669284 -0.00384471 -1.34034 0.184397 -1.30684 -0.194879 0.000951491 0.00166534 1.65319
124.77 0.100582 -0.369891 1.86018 2.62014 0.0756109 0.127468 0.0712704 -0.374759 1.91946 2.61402 0.0711819 0.126374 -0.0293113 -0.00486792 0.0592808 -0.00611595 -0.00442893 -0.00109454 0.0663104 0.43341 0 0 0 0 -0 0 -0.100582 0.369891 -1.86018 -2.62014 -0.0756109 -0.127468 1.89926 149.931 -0.0574419 0.0299883 1.28036 0.000454574 -0.00431773 -1.34031 0.184397 -1.30684 -0.194879 0.000951491 0.00166534 1.65319
125.087 0.0996021 -0.367282 1.86444 2.61964 0.0756865 0.127445 0.0712705 -0.371407 1.91947 2.61272 0.0714074 0.126294 -0.0283316 -0.00412559 0.0550299 -0.00691421 -0.00427908 -0.00115046 0.0620321 0.466462 0 0 0 0 -0 0 -0.0996021 0.367282 -1.86444 -2.61964 -0.0756865 -0.127445 1.90288 149.902 -0.0585597 0.0303586 1.28464 0.000458386 -0.00481766 -1.3403 0.184397 -1.30684 -0.194879 0.000951491 0.00166534 1.65319
125.798 0.0973735 -0.362024 1.87288 2.61857 0.0756716 0.127504 0.0678767 -0.366179 1.91842 2.61029 0.072814 0.125362 -0.0294968 -0.00415493 0.0455406 -0.00827184 -0.00285766 -0.00214209 0.0544176 0.507449 0 0 0 0 -0 0 -0.0973735 0.362024 -1.87288 -2.61857 -0.0756716 -0.127504 1.91003 149.841 -0.0607963 0.0311295 1.29313 0.000257487 -0.00587526 -1.34025 0.184397 -1.30684 -0.194879 0.000951491 0.00166534 1.65319
126.115 0.0957256 -0.3603 1.8765 2.6183 0.0752788 0.12776 0.0681285 -0.368896 1.95068 2.62422 0.0857803 0.102129 -0.0275971 -0.00859554 0.0741844 0.00592218 0.0105016 -0.0256304 0.0796166 1.64735 0 0 0 0 -0 0 -0.0957256 0.3603 -1.8765 -2.6183 -0.0752788 -0.12776 1.91317 149.827 -0.061864 0.0315462 1.2968 -0.000246755 -0.006086 -1.34022 0.184397 -1.30684 -0.194879 0.000951491 0.00166534 1.65319
126.437 0.0940168 -0.359248 1.8799 2.61831 0.0748343 0.128047 0.0661927 -0.365827 1.9434 2.62599 0.0905319 0.131331 -0.0278241 -0.00657969 0.0635003 0.00768962 0.0156976 0.00328347 0.0696402 1.0122 0 0 0 0 -0 0 -0.0940168 0.359248 -1.8799 -2.61831 -0.0748343 -0.128047 1.91623 149.828 -0.0629782 0.0320317 1.30033 -0.000772431 -0.00602588 -1.3402 0.184397 -1.30684 -0.194879 0.000951491 0.00166534 1.65319
126.861 0.091904 -0.358874 1.88403 2.61871 0.0743019 0.128393 0.0644792 -0.362346 1.94293 2.62399 0.0906032 0.130936 -0.0274248 -0.00347193 0.0589003 0.00528192 0.0163013 0.00254245 0.0650647 0.988734 0 0 0 0 -0 0 -0.091904 0.358874 -1.88403 -2.61871 -0.0743019 -0.128393 1.92011 149.852 -0.0645036 0.0327864 1.30467 -0.00134339 -0.00556163 -1.34016 0.184397 -1.30684 -0.194879 0.000951491 0.00166534 1.65319
127.657 0.0887187 -0.359668 1.89018 2.61977 0.0735994 0.128854 0.0612269 -0.368106 1.97401 2.64007 0.0673828 0.128215 -0.0274918 -0.00843787 0.0838271 0.0202995 -0.00621662 -0.000638995 0.0886226 1.21949 0 0 0 0 -0 0 -0.0887187 0.359668 -1.89018 -2.61977 -0.0735994 -0.128854 1.92614 149.914 -0.0671715 0.0343286 1.31111 -0.00202147 -0.00441975 -1.34011 0.184397 -1.30684 -0.194879 0.000951491 0.00166534 1.65319
128.024 0.0872348 -0.360009 1.89253 2.62008 0.073221 0.129097 0.0578525 -0.35794 1.91916 2.60664 0.0670675 0.124919 -0.0293824 0.00206985 0.0266328 -0.0134477 -0.00615355 -0.00417826 0.0397104 0.865472 0 0 0 0 -0 0 -0.0872348 0.360009 -1.89253 -2.62008 -0.073221 -0.129097 1.92844 149.933 -0.0682769 0.0350374 1.31343 -0.00242 -0.0040588 -1.34009 0.184397 -1.30684 -0.194879 0.000951491 0.00166534 1.65319
128.724 0.0845471 -0.361104 1.8965 2.62054 0.0727057 0.129461 0.0560029 -0.362383 1.94313 2.62401 0.0868717 0.130422 -0.0285442 -0.00127876 0.0466314 0.00347059 0.014166 0.000961012 0.054689 0.836499 0 0 0 0 -0 0 -0.0845471 0.361104 -1.8965 -2.62054 -0.0727057 -0.129461 1.93243 149.96 -0.0706635 0.0367291 1.31699 -0.00297885 -0.00354318 -1.34003 0.184397 -1.30684 -0.194879 0.000951491 0.00166534 1.65319
129.042 0.0836509 -0.362186 1.89731 2.62081 0.072566 0.129576 0.0542923 -0.362296 1.94266 2.62331 0.0866971 0.130141 -0.0293587 -0.000110302 0.0453518 0.00250294 0.0141311 0.000565579 0.0540252 0.822344 0 0 0 0 -0 0 -0.0836509 0.362186 -1.89731 -2.62081 -0.072566 -0.129576 1.93338 149.976 -0.0715809 0.0374559 1.31752 -0.00311558 -0.00326065 -1.34 0.184397 -1.30684 -0.194879 0.000951491 0.00166534 1.65319
129.423 0.0829159 -0.363296 1.89773 2.62099 0.0724886 0.129652 0.0543279 -0.36808 1.97386 2.63965 0.0648062 0.127701 -0.028588 -0.00478376 0.0761306 0.0186586 -0.00768238 -0.00195188 0.0814618 1.16869 0 0 0 0 -0 0 -0.0829159 0.363296 -1.89773 -2.62099 -0.0724886 -0.129652 1.93397 149.987 -0.072425 0.0381738 1.31759 -0.00319374 -0.00307109 -1.33997 0.184397 -1.30684 -0.194879 0.000951491 0.00166534 1.65319
130.079 0.0826624 -0.364242 1.89823 2.62046 0.073129 0.129351 0.0526072 -0.365761 1.94305 2.62509 0.0853464 0.130263 -0.0300552 -0.00151879 0.0448217 0.00462816 0.0122174 0.000911759 0.0539871 0.749127 0 0 0 0 -0 0 -0.0826624 0.364242 -1.89823 -2.62046 -0.073129 -0.129351 1.93463 149.955 -0.0741061 0.0398021 1.31675 -0.00256498 -0.00367641 -1.33992 0.184397 -1.30684 -0.194879 0.000951491 0.00166534 1.65319
130.41 0.0821 -0.365608 1.89805 2.62064 0.0733474 0.128038 0.0526072 -0.365761 1.94305 2.62509 0.0853464 0.130263 -0.0294928 -0.000152765 0.0449951 0.00445553 0.011999 0.00222521 0.0537997 0.740721 0 0 0 0 -0 0 -0.0821 0.365608 -1.89805 -2.62064 -0.0733474 -0.128038 1.93469 149.966 -0.0747279 0.0404976 1.31616 -0.00169692 -0.00353073 -1.34095 0.184397 -1.30684 -0.194879 0.000951491 0.00166534 1.65319
131.005 0.0526021 -0.384432 1.8896 2.62605 0.0626628 0.108253 0.0377172 -0.375574 1.91928 2.59178 0.0757864 0.113552 -0.0148849 0.00885797 0.0296811 -0.0342749 0.0131236 0.00529891 0.0343655 2.14393 0 0 0 0 -0 0 -0.0526021 0.384432 -1.8896 -2.62605 -0.0626628 -0.108253 1.92903 150.326 -0.0758711 0.0417256 1.30856 -0.000253482 0.0030702 -1.36339 0.184397 -1.30684 -0.194879 0.000951491 0.00166534 1.65319
131.378 0.0104834 -0.393528 1.87985 2.62623 0.0467747 0.0853053 0.010209 -0.392522 1.94955 2.63039 0.0626142 0.0982676 -0.000274366 0.0010067 0.0696954 0.00416332 0.0158395 0.0129623 0.0697032 1.18861 0 0 0 0 -0 0 -0.0104834 0.393528 -1.87985 -2.62623 -0.0467747 -0.0853053 1.92063 150.393 -0.0765522 0.0420956 1.2979 -0.0025731 0.0047488 -1.39126 0.184397 -1.30684 -0.194879 0.000951491 0.00166534 1.65319
131.711 -0.0285993 -0.397898 1.87077 2.62527 0.0318058 0.0649687 -0.0273293 -0.402059 1.95453 2.63049 0.043262 0.0659213 0.00127003 -0.00416121 0.0837567 0.0052163 0.0114562 0.000952581 0.0838696 0.722534 0 0 0 0 -0 0 0.0285993 0.397898 -1.87077 -2.62527 -0.0318058 -0.0649687 1.91284 150.378 -0.0769347 0.0420575 1.28811 -0.00556249 0.00481045 -1.41657 0.184397 -1.30684 -0.194879 0.000951491 0.00166534 1.65319
131.941 -0.0718566 -0.400345 1.86015 2.62394 0.0151062 0.0423743 -0.0748559 -0.402802 1.9253 2.61602 0.0441199 0.0654245 -0.00299933 -0.00245745 0.0651426 -0.00791519 0.0290137 0.0230502 0.0652579 2.17906 0 0 0 0 -0 0 0.0718566 0.400345 -1.86015 -2.62394 -0.0151062 -0.0423743 1.9041 150.33 -0.0771032 0.0417566 1.27746 -0.0088767 0.00417485 -1.4442 0.184397 -1.30684 -0.194879 0.000951491 0.00166534 1.65319
132.381 -0.129985 -0.400881 1.84452 2.6223 -0.00752797 0.0110386 -0.121605 -0.404042 1.90724 2.60367 -0.00150231 0.0274975 0.00838016 -0.00316084 0.0627195 -0.0186251 0.00602566 0.0164589 0.0633558 1.46233 0 0 0 0 -0 0 0.129985 0.400881 -1.84452 -2.6223 0.00752797 -0.0110386 1.89205 150.25 -0.0768123 0.0410015 1.26275 -0.0129748 0.00271771 -1.48262 0.184397 -1.30684 -0.194879 0.000951491 0.00166534 1.65319
132.783 -0.171572 -0.400186 1.83204 2.62173 -0.0238717 -0.0125382 -0.176616 -0.413148 1.93454 2.66211 0.000209051 4.46446e-05 -0.00504469 -0.0129618 0.102498 0.0403827 0.0240808 0.0125828 0.103437 2.79568 0 0 0 0 -0 0 0.171572 0.400186 -1.83204 -2.62173 0.0238717 0.0125382 1.88307 150.208 -0.0760774 0.0402202 1.25188 -0.0154078 0.00173269 -1.5113 0.184397 -1.30684 -0.194879 0.000951491 0.00166534 1.65319
133.1 -0.20964 -0.398971 1.81943 2.62184 -0.0390304 -0.0351389 -0.216206 -0.399983 1.86104 2.59959 -0.0283197 -0.0204196 -0.00656607 -0.00101251 0.0416116 -0.0222501 0.0107107 0.0147193 0.0421386 1.6251 0 0 0 0 -0 0 0.20964 0.398971 -1.81943 -2.62184 0.0390304 0.0351389 1.87442 150.191 -0.0748075 0.0392878 1.24164 -0.0172657 0.00103571 -1.53834 0.184397 -1.30684 -0.194879 0.000951491 0.00166534 1.65319
133.54 -0.24547 -0.397195 1.8056 2.6219 -0.0551069 -0.0529258 -0.26054 -0.402284 1.86419 2.6049 -0.0501735 -0.0524376 -0.01507 -0.0050885 0.0585867 -0.0169985 0.0049334 0.000488232 0.0607075 1.01298 0 0 0 0 -0 0 0.24547 0.397195 -1.8056 -2.6219 0.0551069 0.0529258 1.865 150.162 -0.0721463 0.0378321 1.2309 -0.0223067 -7.62359e-05 -1.56179 0.184397 -1.30684 -0.194879 0.000951491 0.00166534 1.65319
133.827 -0.25612 -0.395829 1.7981 2.62105 -0.0612134 -0.0578424 -0.285849 -0.3987 1.84379 2.6114 -0.0602181 -0.0399476 -0.029729 -0.0028712 0.0456881 -0.00965276 0.00099529 0.0178947 0.0545845 1.13643 0 0 0 0 -0 0 0.25612 0.395829 -1.7981 -2.62105 0.0612134 0.0578424 1.85889 150.101 -0.0692812 0.0366123 1.22422 -0.0250484 -0.00143007 -1.56905 0.184397 -1.30684 -0.194879 0.000951491 0.00166534 1.65319
134.109 -0.251996 -0.395005 1.79302 2.61957 -0.0611204 -0.0577398 -0.300885 -0.404836 1.87233 2.6295 -0.080539 -0.0448799 -0.0488885 -0.00983073 0.079305 0.00993244 -0.0194186 0.0128598 0.0936803 1.47113 0 0 0 0 -0 0 0.251996 0.395005 -1.79302 -2.61957 0.0611204 0.0577398 1.85323 150.016 -0.0655793 0.035331 1.21803 -0.0248816 -0.00292031 -1.56888 0.184397 -1.30684 -0.194879 0.000951491 0.00166534 1.65319
134.474 -0.227036 -0.395861 1.78827 2.61733 -0.0528249 -0.051474 -0.289129 -0.398783 1.84418 2.61167 -0.0614313 -0.0402187 -0.0620935 -0.00292222 0.0559074 -0.0056572 -0.00860643 0.0112553 0.0836049 0.860483 0 0 0 0 -0 0 0.227036 0.395861 -1.78827 -2.61733 0.0528249 0.051474 1.84558 149.905 -0.0593883 0.0336165 1.20993 -0.0207217 -0.00445946 -1.55935 0.184397 -1.30684 -0.194879 0.000951491 0.00166534 1.65319
134.809 -0.198811 -0.398746 1.7851 2.61626 -0.0428444 -0.0427796 -0.261815 -0.39523 1.81665 2.61679 -0.0564389 -0.0514285 -0.0630041 0.00351544 0.0315526 0.00052815 -0.0135945 -0.00864896 0.070551 0.922809 0 0 0 0 -0 0 0.198811 0.398746 -1.7851 -2.61626 0.0428444 0.0427796 1.83986 149.862 -0.053954 0.0323832 1.20379 -0.0164277 -0.0048248 -1.54686 0.184397 -1.30684 -0.194879 0.000951491 0.00166534 1.65319
135.445 -0.129749 -0.408873 1.77764 2.61641 -0.018502 -0.0180777 -0.194738 -0.409586 1.8348 2.60994 -0.0248901 -0.0322939 -0.0649893 -0.000713369 0.0571579 -0.0064693 -0.00638802 -0.0142161 0.0865514 0.973576 0 0 0 0 -0 0 0.129749 0.408873 -1.77764 -2.61641 0.018502 0.0180777 1.82866 149.902 -0.0417201 0.0301115 1.19153 -0.00777753 -0.00350648 -1.51299 0.184397 -1.30684 -0.194879 0.000951491 0.00166534 1.65319
136.125 -0.0416335 -0.421513 1.76674 2.61937 0.0117478 0.017092 -0.107428 -0.418888 1.80914 2.61881 -0.022798 0.00858992 -0.0657949 0.00262419 0.0424046 -0.000552107 -0.0345458 -0.00850211 0.0783199 2.03874 0 0 0 0 -0 0 0.0416335 0.421513 -1.76674 -2.61937 -0.0117478 -0.017092 1.8168 150.074 -0.0265086 0.0275308 1.17883 0.000669197 -0.000391461 -1.46773 0.184397 -1.30684 -0.194879 0.000951491 0.00166534 1.65319
136.391 -0.0116028 -0.424431 1.76274 2.62089 0.02237 0.0255833 -0.0678146 -0.425142 1.80544 2.60173 0.0149024 0.029843 -0.0562118 -0.000711225 0.0426998 -0.0191687 -0.0074676 0.00425968 0.0705942 1.20788 0 0 0 0 -0 0 0.0116028 0.424431 -1.76274 -2.62089 -0.02237 -0.0255833 1.81316 150.154 -0.0200559 0.0262918 1.1754 0.00567184 0.000870822 -1.45506 0.184397 -1.30684 -0.194879 0.000951491 0.00166534 1.65319
136.733 0.00755968 -0.424387 1.75958 2.62134 0.0290911 0.0273009 -0.0362739 -0.428146 1.80481 2.60301 0.0274169 0.032841 -0.0438336 -0.00375902 0.0452239 -0.0183255 -0.00167416 0.00554007 0.063093 1.10959 0 0 0 0 -0 0 -0.00755968 0.424387 -1.75958 -2.62134 -0.0290911 -0.0273009 1.81005 150.175 -0.0138527 0.0248874 1.17293 0.0106496 0.00109624 -1.45022 0.184397 -1.30684 -0.194879 0.000951491 0.00166534 1.65319
137.132 0.014001 -0.422196 1.75579 2.62087 0.0299693 0.0224592 -0.020514 -0.428115 1.80468 2.60315 0.0336683 0.0343308 -0.034515 -0.00591827 0.0488818 -0.0177178 0.00369905 0.0118716 0.0601311 1.25772 0 0 0 0 -0 0 -0.014001 0.422196 -1.75579 -2.62087 -0.0299693 -0.0224592 1.80589 150.151 -0.00624997 0.0227138 1.17011 0.0138072 0.000648829 -1.45398 0.184397 -1.30684 -0.194879 0.000951491 0.00166534 1.65319
137.435 0.0100161 -0.420986 1.75382 2.62056 0.0272817 0.0177172 -0.0189698 -0.426871 1.80609 2.60199 0.0291913 0.00690802 -0.0289858 -0.00588493 0.0522722 -0.0185738 0.00190956 -0.0108092 0.0600599 1.22109 0 0 0 0 -0 0 -0.0100161 0.420986 -1.75382 -2.62056 -0.0272817 -0.0177172 1.80366 150.137 -0.00279374 0.0215 1.16871 0.0138374 0.000472644 -1.45943 0.184397 -1.30684 -0.194879 0.000951491 0.00166534 1.65319
137.775 -0.01514 -0.417856 1.74826 2.61992 0.0140939 0.000888101 -0.0288583 -0.419515 1.78144 2.58672 0.0365065 -0.0173678 -0.0137182 -0.00165898 0.0331767 -0.0331985 0.0224127 -0.0182559 0.0359393 2.50202 0 0 0 0 -0 0 0.01514 0.417856 -1.74826 -2.61992 -0.0140939 -0.000888101 1.79757 150.111 0.00484587 0.0181309 1.16493 0.0107961 0.000211583 -1.48068 0.184397 -1.30684 -0.194879 0.000951491 0.00166534 1.65319
138.134 -0.0375027 -0.415718 1.74428 2.61971 0.00313419 -0.0118347 -0.0504972 -0.424074 1.80429 2.61829 0.0355297 -0.00550498 -0.0129945 -0.00835657 0.0600191 -0.0014219 0.0323955 0.00632973 0.0619757 1.89321 0 0 0 0 -0 0 0.0375027 0.415718 -1.74428 -2.61971 -0.00313419 0.0118347 1.79352 150.1 0.00884458 0.0159078 1.16242 0.00767954 9.65026e-05 -1.49709 0.184397 -1.30684 -0.194879 0.000951491 0.00166534 1.65319
138.726 -0.0944732 -0.410354 1.73341 2.62043 -0.0242452 -0.0433491 -0.103577 -0.415035 1.78233 2.62237 0.00958149 -0.0237331 -0.00910346 -0.00468185 0.0489176 0.00194411 0.0338267 0.0196161 0.0499772 2.2435 0 0 0 0 -0 0 0.0944732 0.410354 -1.73341 -2.62043 0.0242452 0.0433491 1.78382 150.119 0.0171534 0.0102468 1.15644 -0.000295954 0.000213303 -1.53807 0.184397 -1.30684 -0.194879 0.000951491 0.00166534 1.65319
139.061 -0.110657 -0.408024 1.72967 2.62091 -0.033565 -0.048903 -0.130285 -0.415993 1.78646 2.62627 -0.0378099 -0.0348511 -0.0196283 -0.0079692 0.0567936 0.00536293 -0.00424493 0.014052 0.060616 0.905254 0 0 0 0 -0 0 0.110657 0.408024 -1.72967 -2.62091 0.033565 0.048903 1.78059 150.134 0.0205489 0.00763674 1.15513 -0.00561577 0.000236552 -1.54754 0.184397 -1.30684 -0.194879 0.000951491 0.00166534 1.65319
139.381 -0.115209 -0.406252 1.72776 2.62086 -0.0372257 -0.049461 -0.148779 -0.413633 1.783 2.62436 -0.0130691 -0.0550022 -0.0335704 -0.00738103 0.0552398 0.00350266 0.0241567 -0.00554113 0.0650607 1.43313 0 0 0 0 -0 0 0.115209 0.406252 -1.72776 -2.62086 0.0372257 0.049461 1.77861 150.126 0.0228767 0.00583821 1.15445 -0.00849452 -1.19751e-05 -1.54984 0.184397 -1.30684 -0.194879 0.000951491 0.00166534 1.65319
139.698 -0.108153 -0.402319 1.72523 2.61983 -0.0371563 -0.0454079 -0.151909 -0.410562 1.78319 2.62331 -0.014471 -0.0553089 -0.0437551 -0.00824298 0.0579559 0.00347633 0.0226853 -0.00990099 0.0730845 1.43012 0 0 0 0 -0 0 0.108153 0.402319 -1.72523 -2.61983 0.0371563 0.0454079 1.77482 150.07 0.0278726 0.00212612 1.15311 -0.0104016 -0.000999785 -1.5463 0.184397 -1.30684 -0.194879 0.000951491 0.00166534 1.65319
140.285 -0.0666638 -0.397549 1.72238 2.61776 -0.0226864 -0.0301087 -0.116987 -0.40111 1.76207 2.60728 -0.0165566 -0.0294686 -0.0503233 -0.00356047 0.039698 -0.0104799 0.00612988 0.00064011 0.0641953 0.69605 0 0 0 0 -0 0 0.0666638 0.397549 -1.72238 -2.61776 0.0226864 0.0301087 1.76892 149.973 0.0362957 -0.00360092 1.15036 -0.00539494 -0.00236805 -1.52558 0.184397 -1.30684 -0.194879 0.000951491 0.00166534 1.65319
140.515 -0.0372824 -0.39591 1.72029 2.61709 -0.0115393 -0.019467 -0.0845926 -0.397629 1.76028 2.60443 -0.00363887 -0.0264602 -0.0473102 -0.00171958 0.0399896 -0.0126566 0.00790044 -0.00699315 0.0619708 0.94626 0 0 0 0 -0 0 0.0372824 0.39591 -1.72029 -2.61709 0.0115393 0.019467 1.76565 149.944 0.040749 -0.00648344 1.14852 -0.0011367 -0.00270727 -1.51099 0.184397 -1.30684 -0.194879 0.000951491 0.00166534 1.65319
140.884 0.00737777 -0.393358 1.71573 2.61678 0.00588272 -0.00551979 -0.052312 -0.397582 1.76007 2.60412 0.00971952 -0.023465 -0.0596897 -0.00422432 0.0443422 -0.0126655 0.0038368 -0.0179452 0.0744778 1.27288 0 0 0 0 -0 0 -0.00737777 0.393358 -1.71573 -2.61678 -0.00588272 0.00551979 1.76026 149.932 0.0480362 -0.0112912 1.14541 0.00690824 -0.00285324 -1.49024 0.184397 -1.30684 -0.194879 0.000951491 0.00166534 1.65319
141.229 0.0267379 -0.391819 1.7125 2.61689 0.0128861 0.00114512 -0.0235499 -0.391229 1.73855 2.59034 0.00778062 0.00174986 -0.0502878 0.000589549 0.0260454 -0.0265479 -0.00510546 0.000604737 0.0566355 1.54965 0 0 0 0 -0 0 -0.0267379 0.391819 -1.7125 -2.61689 -0.0128861 -0.00114512 1.75696 149.937 0.0520581 -0.0141921 1.14355 0.00961541 -0.00280805 -1.48097 0.184397 -1.30684 -0.194879 0.000951491 0.00166534 1.65319
141.525 0.0401636 -0.390096 1.70949 2.61712 0.017073 0.00681803 -0.00229965 -0.391217 1.73849 2.59033 0.0167371 0.00376445 -0.0424632 -0.00112089 0.0289994 -0.026783 -0.000335892 -0.00305357 0.051433 1.54155 0 0 0 0 -0 0 -0.0401636 0.390096 -1.70949 -2.61712 -0.017073 -0.00681803 1.7539 149.948 0.0556838 -0.0171188 1.14212 0.0103878 -0.00266775 -1.47396 0.184397 -1.30684 -0.194879 0.000951491 0.00166534 1.65319
141.875 0.0506378 -0.387197 1.70638 2.61743 0.0193624 0.01254 0.0123334 -0.393834 1.76054 2.6211 -0.0127653 0.0106351 -0.0383044 -0.00663663 0.0541697 0.00367144 -0.0321278 -0.00190497 0.0666755 1.85604 0 0 0 0 -0 0 -0.0506378 0.387197 -1.70638 -2.61743 -0.0193624 -0.01254 1.75049 149.963 0.0598595 -0.0210766 1.14127 0.00949847 -0.00244301 -1.46786 0.184397 -1.30684 -0.194879 0.000951491 0.00166534 1.65319
142.174 0.0535905 -0.385459 1.70533 2.61758 0.0196212 0.0144701 0.01898 -0.387414 1.73851 2.60694 0.0110499 0.0147982 -0.0346105 -0.00195543 0.0331759 -0.0106405 -0.00857127 0.000328085 0.0479828 0.783347 0 0 0 0 -0 0 -0.0535905 0.385459 -1.70533 -2.61758 -0.0196212 -0.0144701 1.74917 149.97 0.0616791 -0.0230827 1.14144 0.00875559 -0.00230973 -1.46606 0.184397 -1.30684 -0.194879 0.000951491 0.00166534 1.65319
142.482 0.0559934 -0.382428 1.70458 2.61782 0.0193497 0.016169 0.0239605 -0.37956 1.7166 2.59277 0.0319494 0.018957 -0.0320329 0.00286771 0.0120184 -0.0250423 0.0125997 0.00278802 0.0343332 1.61786 0 0 0 0 -0 0 -0.0559934 0.382428 -1.70458 -2.61782 -0.0193497 -0.016169 1.74785 149.983 0.0641059 -0.0261287 1.14261 0.00767365 -0.00207852 -1.46473 0.184397 -1.30684 -0.194879 0.000951491 0.00166534 1.65319
142.809 0.0564824 -0.379135 1.70475 2.61822 0.0185207 0.0165479 0.0250522 -0.381355 1.73858 2.60447 0.013676 0.0153364 -0.0314302 -0.00222032 0.0338232 -0.0137506 -0.00484464 -0.00121151 0.0462255 0.836966 0 0 0 0 -0 0 -0.0564824 0.379135 -1.70475 -2.61822 -0.0185207 -0.0165479 1.74732 150.006 0.0662064 -0.0292236 1.14493 0.00677751 -0.00166466 -1.46482 0.184397 -1.30684 -0.194879 0.000951491 0.00166534 1.65319
143.839 0.0462421 -0.362829 1.71285 2.61981 0.0118179 0.01058 0.0189489 -0.365411 1.73862 2.61578 0.0265378 0.00557562 -0.0272932 -0.00258213 0.0257781 -0.00403241 0.0147199 -0.00500441 0.037631 0.918984 0 0 0 0 -0 0 -0.0462421 0.362829 -1.71285 -2.61981 -0.0118179 -0.01058 1.75146 150.101 0.0716782 -0.0411917 1.16221 0.00399473 6.30038e-05 -1.47334 0.184397 -1.30684 -0.194879 0.000951491 0.00166534 1.65319
144.166 0.0395152 -0.355924 1.71759 2.62061 0.00840348 0.00702073 0.0128766 -0.359322 1.73855 2.61314 0.0240322 0.00496495 -0.0266386 -0.0033989 0.0209605 -0.00747437 0.0156287 -0.00205578 0.0340663 0.99858 0 0 0 0 -0 0 -0.0395152 0.355924 -1.71759 -2.62061 -0.00840348 -0.00702073 1.75452 150.149 0.0730079 -0.0458751 1.17082 0.00282422 0.000913368 -1.47813 0.184397 -1.30684 -0.194879 0.000951491 0.00166534 1.65319
144.479 0.0340994 -0.35021 1.72159 2.62116 0.00575388 0.00421507 0.00611235 -0.356956 1.76066 2.60571 0.020404 -0.00935446 -0.0279871 -0.00674615 0.0390765 -0.0154459 0.0146501 -0.0135695 0.0485362 1.44021 0 0 0 0 -0 0 -0.0340994 0.35021 -1.72159 -2.62116 -0.00575388 -0.00421507 1.75718 150.181 0.0738511 -0.0495411 1.17783 0.00193371 0.00148105 -1.48188 0.184397 -1.30684 -0.194879 0.000951491 0.00166534 1.65319
145.191 0.0221495 -0.333931 1.73201 2.62142 0.000123569 -0.00230337 -0.00473416 -0.351355 1.80737 2.64967 -0.00192291 -0.000374352 -0.0268837 -0.0174234 0.0753627 0.0282552 -0.00204648 0.00192902 0.0818892 1.62702 0 0 0 0 -0 0 -0.0221495 0.333931 -1.73201 -2.62142 -0.000123569 0.00230337 1.76404 150.196 0.0755002 -0.0586932 1.19532 0.000303814 0.00175703 -1.49034 0.184397 -1.30684 -0.194879 0.000951491 0.00166534 1.65319
145.553 0.0175041 -0.325449 1.73673 2.62087 -0.00205761 -0.00480274 -0.00925897 -0.332342 1.7606 2.59519 0.0137866 -0.0108886 -0.026763 -0.00689305 0.023877 -0.025684 0.0158443 -0.00608582 0.0365224 1.76214 0 0 0 0 -0 0 -0.0175041 0.325449 -1.73673 -2.62087 0.00205761 0.00480274 1.76704 150.165 0.0761316 -0.0628727 1.20296 -0.000339478 0.00120061 -1.4936 0.184397 -1.30684 -0.194879 0.000951491 0.00166534 1.65319
145.87 0.0145763 -0.319611 1.73981 2.62043 -0.00345418 -0.00630079 -0.0153763 -0.320908 1.7612 2.6096 -0.00667063 -0.00121693 -0.0299526 -0.00129642 0.0213899 -0.01083 -0.00321646 0.00508386 0.0368288 0.708312 0 0 0 0 -0 0 -0.0145763 0.319611 -1.73981 -2.62043 0.00345418 0.00630079 1.76899 150.139 0.0765438 -0.0657316 1.20801 -0.000800171 0.000751086 -1.4956 0.184397 -1.30684 -0.194879 0.000951491 0.00166534 1.65319
146.503 0.00642399 -0.299104 1.75011 2.61895 -0.00742973 -0.0106325 -0.024112 -0.303184 1.7838 2.61511 -0.0304809 -0.00517921 -0.030536 -0.00407943 0.0336842 -0.00384866 -0.0230512 0.00545331 0.0456477 1.37402 0 0 0 0 -0 0 -0.00642399 0.299104 -1.75011 -2.61895 0.00742973 0.0106325 1.7755 150.053 0.0780308 -0.0760686 1.22534 -0.00206141 -0.000765853 -1.50134 0.184397 -1.30684 -0.194879 0.000951491 0.00166534 1.65319
146.897 0.00359955 -0.287978 1.75554 2.61844 -0.00887601 -0.0125313 -0.0268291 -0.297726 1.8076 2.62741 -0.0114966 -0.00189667 -0.0304287 -0.00974729 0.0520616 0.00896978 -0.00262058 0.0106346 0.0610846 0.815174 0 0 0 0 -0 0 -0.00359955 0.287978 -1.75554 -2.61844 0.00887601 0.0125313 1.77901 150.024 0.0789689 -0.0821212 1.23494 -0.00235353 -0.00129561 -1.5037 0.184397 -1.30684 -0.194879 0.000951491 0.00166534 1.65319
147.141 0.00262554 -0.282486 1.7582 2.61823 -0.00941778 -0.0132948 -0.0296146 -0.290307 1.8307 2.63891 0.00363045 -0.026093 -0.0322401 -0.00782061 0.0725045 0.020688 0.0130482 -0.0127982 0.0797338 1.58016 0 0 0 0 -0 0 -0.00262554 0.282486 -1.7582 -2.61823 0.00941778 0.0132948 1.78075 150.011 0.0794709 -0.0851708 1.23972 -0.0024361 -0.00152373 -1.50463 0.184397 -1.30684 -0.194879 0.000951491 0.00166534 1.65319
147.418 0.00168559 -0.271326 1.76352 2.61769 -0.0100505 -0.0145474 -0.0304021 -0.273511 1.7833 2.60208 0.000851318 -0.0258462 -0.0320877 -0.00218444 0.0197797 -0.0156172 0.0109019 -0.0112988 0.0377574 1.27103 0 0 0 0 -0 0 -0.00168559 0.271326 -1.76352 -2.61769 0.0100505 0.0145474 1.78428 149.98 0.0805444 -0.0912975 1.24926 -0.00234618 -0.00206795 -1.50603 0.184397 -1.30684 -0.194879 0.000951491 0.00166534 1.65319
148.145 0.00320118 -0.249057 1.77413 2.61552 -0.00969283 -0.0161458 -0.0300268 -0.254856 1.80584 2.60742 0.0225912 -0.0231431 -0.033228 -0.00579906 0.031709 -0.008101 0.032284 -0.00699725 0.0462946 1.94823 0 0 0 0 -0 0 -0.00320118 0.249057 -1.77413 -2.61552 0.00969283 0.0161458 1.79153 149.855 0.0826028 -0.101989 1.26696 -0.00119367 -0.00423745 -1.50723 0.184397 -1.30684 -0.194879 0.000951491 0.00166534 1.65319
148.427 0.0054382 -0.235489 1.78163 2.61418 -0.00882827 -0.0168112 -0.0296141 -0.245547 1.83074 2.61953 0.00280779 -0.0262925 -0.0350523 -0.0100577 0.0491131 0.00534434 0.0116361 -0.0094813 0.0611712 0.912145 0 0 0 0 -0 0 -0.0054382 0.235489 -1.78163 -2.61418 0.00882827 0.0168112 1.79713 149.779 0.0838028 -0.107953 1.27865 -8.65652e-05 -0.00556012 -1.50738 0.184397 -1.30684 -0.194879 0.000951491 0.00166534 1.65319
148.806 0.00717206 -0.225829 1.78801 2.61356 -0.00815946 -0.0170997 -0.0263514 -0.234427 1.83131 2.61458 -0.0335515 -0.00429382 -0.0335234 -0.00859866 0.0432973 0.0010274 -0.0253921 0.0128059 0.0554293 1.63111 0 0 0 0 -0 0 -0.00717206 0.225829 -1.78801 -2.61356 0.00815946 0.0170997 1.80223 149.743 0.0846602 -0.112293 1.28867 0.000674485 -0.00619394 -1.50729 0.184397 -1.30684 -0.194879 0.000951491 0.00166534 1.65319
149.115 0.00903287 -0.215626 1.79583 2.61321 -0.00743651 -0.0172505 -0.0259325 -0.224634 1.8564 2.62716 -0.0115102 -0.00139622 -0.0349654 -0.00900829 0.0605714 0.0139511 -0.00407373 0.0158542 0.0705168 1.23796 0 0 0 0 -0 0 -0.00903287 0.215626 -1.79583 -2.61321 0.00743651 0.0172505 1.80875 149.724 0.0854484 -0.116497 1.29986 0.00135942 -0.00650791 -1.50706 0.184397 -1.30684 -0.194879 0.000951491 0.00166534 1.65319
149.419 0.0112385 -0.202169 1.80769 2.61309 -0.00658204 -0.0172017 -0.023188 -0.209648 1.83126 2.58212 -0.0146965 -0.0146592 -0.0344265 -0.0074797 0.023572 -0.0309612 -0.0081145 0.00254256 0.0423883 1.83824 0 0 0 0 -0 0 -0.0112385 0.202169 -1.80769 -2.61309 0.00658204 0.0172017 1.81899 149.717 0.0863491 -0.121875 1.31666 0.00206941 -0.00662062 -1.50659 0.184397 -1.30684 -0.194879 0.000951491 0.00166534 1.65319
149.763 0.0121515 -0.195221 1.81421 2.61301 -0.00623549 -0.0170788 -0.01999 -0.196852 1.83123 2.57614 -0.0133946 -0.0144161 -0.0321415 -0.00163012 0.0170265 -0.0368762 -0.00715913 0.00266268 0.0364093 2.15631 0 0 0 0 -0 0 -0.0121515 0.195221 -1.81421 -2.61301 0.00623549 0.0170788 1.82472 149.713 0.0867223 -0.124468 1.32575 0.00230813 -0.00668755 -1.50631 0.184397 -1.30684 -0.194879 0.000951491 0.00166534 1.65319
150.136 0.0135365 -0.180723 1.82818 2.61273 -0.00572399 -0.0166538 -0.0194743 -0.186488 1.85575 2.58716 0.00776184 -0.0120184 -0.0330108 -0.00576496 0.0275681 -0.0255685 0.0134858 0.0046354 0.0433929 1.67771 0 0 0 0 -0 0 -0.0135365 0.180723 -1.82818 -2.61273 0.00572399 0.0166538 1.83714 149.697 0.0872969 -0.129461 1.34477 0.00253856 -0.00696735 -1.50569 0.184397 -1.30684 -0.194879 0.000951491 0.00166534 1.65319
150.448 0.0138848 -0.169774 1.83909 2.6125 -0.00565539 -0.01612 -0.0188945 -0.175881 1.88134 2.59935 -0.0128614 -0.0145245 -0.0327793 -0.00610672 0.0422422 -0.0131489 -0.00720599 0.00159549 0.0538161 0.863208 0 0 0 0 -0 0 -0.0138848 0.169774 -1.83909 -2.6125 0.00565539 0.01612 1.84697 149.684 0.0875729 -0.133034 1.35946 0.00233147 -0.00719669 -1.50519 0.184397 -1.30684 -0.194879 0.000951491 0.00166534 1.65319
150.806 0.0135999 -0.153944 1.85403 2.61148 -0.00588482 -0.0152377 -0.0183504 -0.164931 1.90712 2.61215 0.0100506 -0.0122637 -0.0319503 -0.0109868 0.0530882 0.000675562 0.0159355 0.00297401 0.0629276 0.92957 0 0 0 0 -0 0 -0.0135999 0.153944 -1.85403 -2.61148 0.00588482 0.0152377 1.86046 149.625 0.087749 -0.137554 1.37917 0.00170341 -0.00822053 -1.50454 0.184397 -1.30684 -0.194879 0.000951491 0.00166534 1.65319
151.409 0.0122116 -0.129464 1.87602 2.60904 -0.00656386 -0.0138235 -0.0183502 -0.134955 1.90716 2.59828 0.00973911 -0.0124439 -0.0305618 -0.00549111 0.0311419 -0.0107614 0.016303 0.00137953 0.0439772 1.12222 0 0 0 0 -0 0 -0.0122116 0.129464 -1.87602 -2.60904 0.00656386 0.0138235 1.88052 149.485 0.0876828 -0.14368 1.4077 0.000438219 -0.0106716 -1.50365 0.184397 -1.30684 -0.194879 0.000951491 0.00166534 1.65319
151.768 0.0115226 -0.121748 1.88311 2.60827 -0.00686951 -0.0133463 -0.0211182 -0.121634 1.93429 2.61178 -0.0123407 -0.0152564 -0.0326409 0.000113973 0.0511767 0.00350891 -0.00547123 -0.00191011 0.0607 0.387654 0 0 0 0 -0 0 -0.0115226 0.121748 -1.88311 -2.60827 0.00686951 0.0133463 1.88708 149.441 0.0875959 -0.1455 1.41684 -5.62924e-05 -0.011444 -1.50339 0.184397 -1.30684 -0.194879 0.000951491 0.00166534 1.65319
152.135 0.010334 -0.103716 1.90037 2.60653 -0.00728776 -0.0124635 -0.0222985 -0.109573 1.96097 2.6259 0.0121324 -0.0136096 -0.0326325 -0.00585678 0.0606005 0.0193716 0.0194201 -0.00114607 0.0690768 1.57321 0 0 0 0 -0 0 -0.010334 0.103716 -1.90037 -2.60653 0.00728776 0.0124635 1.90323 149.341 0.0872981 -0.149452 1.43888 -0.0008412 -0.0131875 -1.50283 0.184397 -1.30684 -0.194879 0.000951491 0.00166534 1.65319
152.362 0.0101885 -0.0970656 1.90717 2.60595 -0.00726581 -0.0122664 -0.0211483 -0.0954436 1.93375 2.57407 0.00657213 -0.0278469 -0.0313369 0.00162199 0.0265761 -0.03188 0.0138379 -0.0155804 0.0411208 2.18247 0 0 0 0 -0 0 -0.0101885 0.0970656 -1.90717 -2.60595 0.00726581 0.0122664 1.90967 149.308 0.087158 -0.150766 1.44744 -0.000914775 -0.0137713 -1.50265 0.184397 -1.30684 -0.194879 0.000951491 0.00166534 1.65319
152.663 0.0102249 -0.0845519 1.92076 2.6049 -0.00704045 -0.012057 -0.0222677 -0.0848036 1.96194 2.58888 -0.010622 -0.000454825 -0.0324926 -0.000251693 0.0411793 -0.0160146 -0.00358153 0.0116022 0.0524554 1.14671 0 0 0 0 -0 0 -0.0102249 0.0845519 -1.92076 -2.6049 0.00704045 0.012057 1.92264 149.248 0.086847 -0.152889 1.46431 -0.00081375 -0.0148167 -1.50236 0.184397 -1.30684 -0.194879 0.000951491 0.00166534 1.65319
153.343 0.00956635 -0.064966 1.94445 2.60323 -0.0069996 -0.0117528 -0.021768 -0.065955 1.98825 2.5733 0.0357969 -0.0128932 -0.0313344 -0.000988962 0.0438021 -0.0299256 0.0427965 -0.00114038 0.0538651 2.99212 0 0 0 0 -0 0 -0.00956635 0.064966 -1.94445 -2.60323 0.0069996 0.0117528 1.94556 149.152 0.0861733 -0.154847 1.49301 -0.000921014 -0.0165034 -1.50207 0.184397 -1.30684 -0.194879 0.000951491 0.00166534 1.65319
154.247 0.00506874 -0.0445051 1.9814 2.60316 -0.0087278 -0.0108227 -0.0264555 -0.0413663 2.02008 2.61302 -0.012655 -0.000263788 -0.0315242 0.00313878 0.038679 0.00985558 -0.00392723 0.0105589 0.0499969 0.861846 0 0 0 0 -0 0 -0.00506874 0.0445051 -1.9814 -2.60316 0.0087278 0.0108227 1.9819 149.148 0.0850496 -0.153319 1.53493 -0.00287162 -0.0165706 -1.50213 0.184397 -1.30684 -0.194879 0.000951491 0.00166534 1.65319
154.919 0.00289184 -0.0372748 2.00909 2.60549 -0.00958478 -0.0105524 -0.0294935 -0.0330245 2.04962 2.57594 -0.0412192 -0.000663762 -0.0323853 0.00425031 0.0405294 -0.0295428 -0.0316344 0.00988861 0.0520529 2.5342 0 0 0 0 -0 0 -0.00289184 0.0372748 -2.00909 -2.60549 0.00958478 0.0105524 2.00944 149.281 0.0844858 -0.149303 1.56511 -0.00377804 -0.0142562 -1.50233 0.184397 -1.30684 -0.194879 0.000951491 0.00166534 1.65319
155.267 0.00184304 -0.0342958 2.02124 2.60626 -0.010082 -0.0103898 -0.0294934 -0.0294445 2.04962 2.57423 -0.0412606 -0.000592278 -0.0313365 0.00485123 0.0283828 -0.0320243 -0.0311785 0.00979755 0.0425569 2.6115 0 0 0 0 -0 0 -0.00184304 0.0342958 -2.02124 -2.60626 0.010082 0.0103898 2.02153 149.325 0.0843653 -0.146972 1.57799 -0.00429973 -0.0134896 -1.50243 0.184397 -1.30684 -0.194879 0.000951491 0.00166534 1.65319
155.594 0.000392046 -0.0323625 2.03338 2.60736 -0.0108244 -0.010117 -0.0308873 -0.0262188 2.08094 2.5962 -0.0145604 -0.000178139 -0.0312794 0.00614367 0.047554 -0.0111556 -0.00373604 0.00993889 0.0572497 0.87715 0 0 0 0 -0 0 -0.000392046 0.0323625 -2.03338 -2.60736 0.0108244 0.010117 2.03364 149.388 0.084345 -0.144327 1.59072 -0.00509326 -0.0123966 -1.50257 0.184397 -1.30684 -0.194879 0.000951491 0.00166534 1.65319
156.177 -0.00295096 -0.032259 2.0573 2.61083 -0.0127076 -0.00952052 -0.0359795 -0.0238338 2.11294 2.59122 -0.0223109 -0.0151666 -0.0330285 0.00842514 0.0556442 -0.0196116 -0.00960324 -0.00564608 0.0652544 1.29724 0 0 0 0 -0 0 0.00295096 0.032259 -2.0573 -2.61083 0.0127076 0.00952052 2.05755 149.587 0.0847343 -0.138293 1.61543 -0.00706674 -0.00894721 -1.503 0.184397 -1.30684 -0.194879 0.000951491 0.00166534 1.65319
156.547 -0.00350071 -0.033242 2.07282 2.61331 -0.0133477 -0.00958664 -0.0359795 -0.0238338 2.11294 2.59122 -0.0223109 -0.0151666 -0.0324788 0.00940816 0.0401187 -0.0220908 -0.00896314 -0.00557996 0.0524681 1.40806 0 0 0 0 -0 0 0.00350071 0.033242 -2.07282 -2.61331 0.0133477 0.00958664 2.07309 149.729 0.0854297 -0.133932 1.63123 -0.00762173 -0.00647721 -1.50338 0.184397 -1.30684 -0.194879 0.000951491 0.00166534 1.65319
156.87 -0.00281263 -0.0331823 2.08036 2.61419 -0.0132799 -0.00984886 -0.0359836 -0.0256788 2.11292 2.59214 -0.019673 -0.0160999 -0.0331709 0.00750359 0.0325581 -0.0220554 -0.00639315 -0.00625102 0.0470813 1.36916 0 0 0 0 -0 0 0.00281263 0.0331823 -2.08036 -2.61419 0.0132799 0.00984886 2.08063 149.78 0.0859284 -0.131713 1.63882 -0.00744312 -0.0055927 -1.50357 0.184397 -1.30684 -0.194879 0.000951491 0.00166534 1.65319
157.257 0.00157294 -0.0314142 2.0985 2.61541 -0.0120617 -0.0110988 -0.0351697 -0.0254735 2.1795 2.61157 -0.0466246 -0.000547503 -0.0367427 0.00594068 0.0810064 -0.00383826 -0.034563 0.0105513 0.0891479 2.08037 0 0 0 0 -0 0 -0.00157294 0.0314142 -2.0985 -2.61541 0.0120617 0.0110988 2.09873 149.849 0.0875941 -0.126182 1.65677 -0.00577695 -0.00436768 -1.50405 0.184397 -1.30684 -0.194879 0.000951491 0.00166534 1.65319
157.59 0.00412001 -0.03094 2.10544 2.61593 -0.0112708 -0.0118466 -0.0314413 -0.0235631 2.17881 2.61075 0.00818701 -0.0316587 -0.0355613 0.00737689 0.0733689 -0.00517591 0.0194578 -0.0198121 0.0818658 1.61882 0 0 0 0 -0 0 -0.00412001 0.03094 -2.10544 -2.61593 0.0112708 0.0118466 2.10567 149.879 0.0884026 -0.124003 1.66357 -0.00472887 -0.00384138 -1.5043 0.184397 -1.30684 -0.194879 0.000951491 0.00166534 1.65319
157.978 0.00957672 -0.0304883 2.11881 2.61713 -0.00959142 -0.0136202 -0.0276357 -0.0235626 2.17876 2.61066 0.00989798 -0.0316399 -0.0372124 0.00692571 0.0599495 -0.00646798 0.0194894 -0.0180197 0.070899 1.56523 0 0 0 0 -0 0 -0.00957672 0.0304883 -2.11881 -2.61713 0.00959142 0.0136202 2.11905 149.948 0.0901813 -0.11977 1.67675 -0.00240503 -0.00262185 -1.505 0.184397 -1.30684 -0.194879 0.000951491 0.00166534 1.65319
158.881 0.0185924 -0.0256644 2.14996 2.61848 -0.00759542 -0.0188486 -0.0147889 -0.0203054 2.24962 2.66552 0.0209483 -0.0325972 -0.0333813 0.005359 0.0996639 0.0470353 0.0285437 -0.0137486 0.105242 3.25353 0 0 0 0 -0 0 -0.0185924 0.0256644 -2.14996 -2.61848 0.00759542 0.0188486 2.15019 150.025 0.0948005 -0.110517 1.7077 0.00191954 -0.00123894 -1.50853 0.184397 -1.30684 -0.194879 0.000951491 0.00166534 1.65319
159.147 0.0188263 -0.0237277 2.15598 2.61842 -0.00786897 -0.0199745 -0.0147511 -0.0173981 2.25104 2.63164 -0.00899675 -0.0169992 -0.0335773 0.00632955 0.095062 0.0132252 -0.00112777 0.00297527 0.101016 0.780845 0 0 0 0 -0 0 -0.0188263 0.0237277 -2.15598 -2.61842 0.00786897 0.0199745 2.15619 150.022 0.0956456 -0.108981 1.71379 0.00224832 -0.00130476 -1.50964 0.184397 -1.30684 -0.194879 0.000951491 0.00166534 1.65319
159.495 0.0169812 -0.0195771 2.16773 2.61833 -0.00938206 -0.0219974 -0.0147511 -0.0134662 2.25104 2.62992 -0.00904759 -0.0169838 -0.0317322 0.00611089 0.0833107 0.0115909 0.000334468 0.00501361 0.0893585 0.726316 0 0 0 0 -0 0 -0.0169812 0.0195771 -2.16773 -2.61833 0.00938206 0.0219974 2.16789 150.015 0.0972006 -0.1063 1.72602 0.00194764 -0.00142287 -1.51217 0.184397 -1.30684 -0.194879 0.000951491 0.00166534 1.65319
159.836 0.0126419 -0.0142913 2.17934 2.61801 -0.0119428 -0.0237334 -0.0161831 -0.00935174 2.17978 2.51861 -0.0137051 -0.0154264 -0.0288249 0.00493958 0.000439059 -0.0994023 -0.00176232 0.00830701 0.0292484 5.70997 0 0 0 0 -0 0 -0.0126419 0.0142913 -2.17934 -2.61801 0.0119428 0.0237334 2.17942 149.995 0.0986044 -0.104233 1.73817 0.000618467 -0.00179721 -1.51493 0.184397 -1.30684 -0.194879 0.000951491 0.00166534 1.65319
160.42 0.00687493 -0.000365629 2.19531 2.61534 -0.0153911 -0.0264687 -0.0239843 0.00131874 2.28766 2.61984 -0.019146 -0.0333994 -0.0308592 0.00168437 0.0923517 0.0045067 -0.0037549 -0.00693078 0.0973856 0.51662 0 0 0 0 -0 0 -0.00687493 0.000365629 -2.19531 -2.61534 0.0153911 0.0264687 2.19532 149.84 0.100626 -0.102773 1.75568 -0.000909742 -0.00455625 -1.51902 0.184397 -1.30684 -0.194879 0.000951491 0.00166534 1.65319
160.776 0.00523919 0.0200357 2.20296 2.60903 -0.0170373 -0.0283202 -0.026574 0.0130441 2.25014 2.58509 0.0100017 -0.0328463 -0.0318132 -0.00699158 0.0471775 -0.0239458 0.027039 -0.00452612 0.0573295 2.08619 0 0 0 0 -0 0 -0.00523919 -0.0200357 -2.20296 -2.60903 0.0170373 0.0283202 2.20306 149.477 0.102092 -0.104138 1.76494 -0.00104884 -0.0108972 -1.52144 0.184226 -1.30683 -0.194901 0.000802509 0.00166533 1.65319
161.38 0.00680867 0.0705756 2.20333 2.59182 -0.017787 -0.0314028 -0.0265734 0.0641415 2.25021 2.5618 0.00876122 -0.0330386 -0.0333821 -0.00643409 0.0468836 -0.0300209 0.0265482 -0.00163577 0.0579123 2.29831 0 0 0 0 -0 0 -0.00680867 -0.0705756 -2.20333 -2.59182 0.017787 0.0314028 2.20447 148.49 0.104819 -0.113736 1.77067 0.000466909 -0.0281211 -1.52448 0.184227 -1.30683 -0.194894 0.000847766 0.00166532 1.65319
161.73 0.00852451 0.0880922 2.20264 2.58723 -0.0176672 -0.0329574 -0.0259574 0.0905876 2.28758 -2.65722 -0.0029137 -0.0332076 -0.0344819 0.00249542 0.0849412 -5.24445 0.0147535 -0.000250234 0.0917073 59.5204 0 0 0 0 -0 0 -0.00852451 -0.0880922 -2.20264 -2.58723 0.0176672 0.0329574 2.20442 148.226 0.106235 -0.120022 1.77381 0.00154014 -0.0327067 -1.52577 0.184228 -1.30683 -0.194893 0.000856741 0.00166531 1.65319
162.073 0.0103596 0.106681 2.20253 2.58374 -0.0176007 -0.0346585 -0.0239813 0.10727 2.28767 2.64272 -0.0204676 -0.0324528 -0.0343408 0.000588357 0.0851378 0.0589732 -0.00286695 0.00220568 0.0918046 3.38761 0 0 0 0 -0 0 -0.0103596 -0.106681 -2.20253 -2.58374 0.0176007 0.0346585 2.20514 148.026 0.108029 -0.128991 1.77943 0.00261538 -0.0361875 -1.52721 0.184228 -1.30683 -0.194891 0.000872432 0.00166531 1.65319
162.38 0.0115176 0.127819 2.20245 2.57969 -0.0177891 -0.0358752 -0.0226132 0.120227 2.2512 2.56824 -0.014641 -0.0161492 -0.0341307 -0.0075926 0.0487558 -0.0114532 0.00314806 0.019726 0.0599974 1.31015 0 0 0 0 -0 0 -0.0115176 -0.127819 -2.20245 -2.57969 0.0177891 0.0358752 2.20618 147.794 0.109678 -0.138949 1.78584 0.00324936 -0.0402447 -1.52836 0.184229 -1.30683 -0.194888 0.00088749 0.00166531 1.65319
162.686 0.0125433 0.147089 2.20167 2.57548 -0.0178566 -0.0366722 -0.0206301 0.139726 2.24864 2.55937 -0.02802 -0.0468779 -0.0331734 -0.00736312 0.0469684 -0.0161052 -0.0101634 -0.0102057 0.0579717 1.24804 0 0 0 0 -0 0 -0.0125433 -0.147089 -2.20167 -2.57548 0.0178566 0.0366722 2.20661 147.552 0.110809 -0.147335 1.7906 0.00378101 -0.0444526 -1.52909 0.184229 -1.30683 -0.194887 0.000896453 0.00166531 1.65319
162.999 0.0144438 0.167815 2.20055 2.57083 -0.0175096 -0.0376248 -0.0199857 0.163212 2.28771 2.61534 -0.0199111 -0.0319903 -0.0344295 -0.0046033 0.0871587 0.044506 -0.00240142 0.00563447 0.0938254 2.57997 0 0 0 0 -0 0 -0.0144438 -0.167815 -2.20055 -2.57083 0.0175096 0.0376248 2.20699 147.286 0.111813 -0.156284 1.79549 0.00476959 -0.0490738 -1.52975 0.184229 -1.30683 -0.194886 0.000905095 0.00166531 1.65319
163.328 0.0166695 0.188018 2.19952 2.56662 -0.0169439 -0.0386387 -0.0159904 0.187186 2.28771 2.60322 -0.018476 -0.0318968 -0.0326599 -0.000832044 0.0881917 0.0365965 -0.00153214 0.00674184 0.0940486 2.14064 0 0 0 0 -0 0 -0.0166695 -0.188018 -2.19952 -2.56662 0.0169439 0.0386387 2.20761 147.045 0.112642 -0.165563 1.80079 0.00596896 -0.0532684 -1.53035 0.184229 -1.30683 -0.194885 0.000910781 0.00166531 1.65319
163.649 0.0180118 0.207538 2.19839 2.56289 -0.0166509 -0.0393994 -0.0159903 0.211163 2.28775 2.59099 -0.0190321 -0.0316524 -0.0340021 0.0036252 0.0893593 0.028104 -0.00238122 0.00774707 0.0956785 1.68354 0 0 0 0 -0 0 -0.0180118 -0.207538 -2.19839 -2.56289 0.0166509 0.0393994 2.20824 146.832 0.113254 -0.175172 1.80627 0.00678091 -0.0569734 -1.53087 0.184229 -1.30683 -0.194884 0.000916493 0.00166531 1.65319
164.02 0.0181544 0.233173 2.19635 2.55831 -0.0167824 -0.0399407 -0.0139737 0.236366 2.28751 -2.78259 -5.62352e-05 -0.0333152 -0.0321281 0.00319319 0.0911613 -5.3409 0.0167262 0.00662546 0.0967099 54.0012 0 0 0 0 -0 0 -0.0181544 -0.233173 -2.19635 -2.55831 0.0167824 0.0399407 2.20877 146.569 0.113693 -0.188638 1.81351 0.00715961 -0.0615483 -1.53141 0.18423 -1.30683 -0.194883 0.000922006 0.0016653 1.65319
164.263 0.0176104 0.24561 2.1952 2.55627 -0.0170217 -0.0400315 -0.0147837 0.250859 2.25003 2.53422 0.0142121 -0.034373 -0.0323941 0.00524915 0.054828 -0.0220487 0.0312338 0.00565849 0.0638987 2.21417 0 0 0 0 -0 0 -0.0176104 -0.24561 -2.1952 -2.55627 0.0170217 0.0400315 2.20897 146.452 0.11374 -0.195578 1.81715 0.00709574 -0.0635983 -1.53161 0.18423 -1.30683 -0.194883 0.000924837 0.0016653 1.65319
164.592 0.0159016 0.269485 2.19292 2.55274 -0.0175815 -0.0399958 -0.0165924 0.285231 2.35329 2.71109 0.0931094 -0.0457855 -0.0324939 0.0157455 0.16037 0.158356 0.110691 -0.00578964 0.164385 11.0814 0 0 0 0 -0 0 -0.0159016 -0.269485 -2.19292 -2.55274 0.0175815 0.0399958 2.20948 146.249 0.11349 -0.209654 1.82459 0.00675771 -0.0671482 -1.53187 0.18423 -1.30683 -0.194882 0.000930372 0.00166529 1.65319
164.932 0.0135681 0.287901 2.19094 2.54993 -0.0183182 -0.0396408 -0.017324 0.302025 2.32485 2.66486 0.0285142 -0.0375971 -0.0308921 0.0141232 0.133912 0.114931 0.0468324 0.00204361 0.138153 7.11064 0 0 0 0 -0 0 -0.0135681 -0.287901 -2.19094 -2.54993 0.0183182 0.0396408 2.20981 146.088 0.113026 -0.220426 1.83012 0.0060663 -0.0699795 -1.53193 0.18423 -1.30683 -0.194881 0.000933168 0.00166529 1.65319
165.252 0.0106789 0.30508 2.18781 2.54874 -0.0189461 -0.0391581 -0.0205845 0.313525 2.24853 2.50125 -0.0582901 -0.0246782 -0.0312634 0.00844496 0.060725 -0.0474921 -0.0393439 0.0144799 0.0688203 3.60533 0 0 0 0 -0 0 -0.0106789 -0.30508 -2.18781 -2.54874 0.0189461 0.0391581 2.209 146.019 0.112057 -0.23407 1.83585 0.00532215 -0.0711908 -1.53183 0.18423 -1.30683 -0.194881 0.000935921 0.0016653 1.65319
165.852 0.0058664 0.302881 2.18522 2.55744 -0.0191358 -0.0384747 -0.0245526 0.326356 2.24882 2.53041 -0.035028 -0.0435449 -0.030419 0.0234753 0.0635989 -0.0270257 -0.0158922 -0.00507014 0.0743049 1.82628 0 0 0 0 -0 0 -0.0058664 -0.302881 -2.18522 -2.55744 0.0191358 0.0384747 2.20611 146.517 0.10929 -0.251183 1.84173 0.00440252 -0.0625138 -1.53132 0.18423 -1.30683 -0.19488 0.00094137 0.00166535 1.65319
166.127 0.00451378 0.298827 2.18508 2.56068 -0.0190781 -0.0382945 -0.0265718 0.321648 2.25039 2.49657 0.00560545 -0.0335914 -0.0310856 0.0228205 0.0653068 -0.0641112 0.0246835 0.00470303 0.0758424 3.94357 0 0 0 0 -0 0 -0.00451378 -0.298827 -2.18508 -2.56068 0.0190781 0.0382945 2.20542 146.703 0.108267 -0.254432 1.8428 0.00421199 -0.0592723 -1.53113 0.18423 -1.30683 -0.19488 0.00094137 0.00166535 1.65319
166.42 0.002335 0.292637 2.18511 2.56504 -0.0190227 -0.0380144 -0.02848 0.314579 2.24886 2.53713 -0.0368118 -0.0434831 -0.030815 0.0219428 0.0637523 -0.0279012 -0.0177891 -0.00546869 0.074131 1.92884 0 0 0 0 -0 0 -0.002335 -0.292637 -2.18511 -2.56504 0.0190227 0.0380144 2.20462 146.953 0.106558 -0.25806 1.84401 0.0039188 -0.0549221 -1.53085 0.18423 -1.30683 -0.19488 0.00094137 0.00166535 1.65319
166.753 -0.00129804 0.285611 2.18528 2.56931 -0.0192468 -0.037529 -0.0323428 0.307613 2.24797 2.57645 -0.0693557 -0.0233281 -0.0310447 0.0220019 0.0626881 0.00714235 -0.0501088 0.0142009 0.0733325 3.01688 0 0 0 0 -0 0 0.00129804 -0.285611 -2.18528 -2.56931 0.0192468 0.037529 2.20387 147.197 0.10398 -0.26078 1.84481 0.00327015 -0.0505989 -1.53053 0.18423 -1.30683 -0.19488 0.000944043 0.00166536 1.65319
167.313 -0.00915238 0.270229 2.18613 2.57577 -0.020085 -0.0365861 -0.0399737 0.299883 2.28611 2.58163 -0.00480455 -0.04832 -0.0308213 0.0296539 0.0999819 0.00586373 0.0152805 -0.011734 0.108746 1.15148 0 0 0 0 -0 0 0.00915238 -0.270229 -2.18613 -2.57577 0.020085 0.0365861 2.20279 147.567 0.098812 -0.260477 1.84398 0.00179276 -0.0442397 -1.53013 0.18423 -1.30683 -0.194879 0.00094674 0.00166536 1.65319
167.668 -0.0127066 0.2592 2.18693 2.57925 -0.020133 -0.0363743 -0.0436989 0.293814 2.32412 2.67197 0.0149178 -0.0359218 -0.0309923 0.0346137 0.137189 0.0927188 0.0350507 0.000452494 0.144842 5.6792 0 0 0 0 -0 0 0.0127066 -0.2592 -2.18693 -2.57925 0.020133 0.0363743 2.20227 147.766 0.0955978 -0.257848 1.8424 0.0014937 -0.0407664 -1.52997 0.18423 -1.30683 -0.194879 0.00094674 0.00166536 1.65319
167.994 -0.0146896 0.25032 2.18761 2.58164 -0.0198678 -0.036398 -0.0462287 0.276505 2.25038 2.59447 0.00226461 -0.0330691 -0.0315391 0.0261854 0.0627659 0.0128355 0.0221325 0.00332891 0.0749663 1.47909 0 0 0 0 -0 0 0.0146896 -0.25032 -2.18761 -2.58164 0.0198678 0.036398 2.20194 147.903 0.0930943 -0.254885 1.84075 0.00163158 -0.0383683 -1.52985 0.18423 -1.30683 -0.194879 0.00094674 0.00166536 1.65319
168.34 -0.0168912 0.241177 2.18835 2.58378 -0.0196829 -0.0363765 -0.0481279 0.265525 2.2492 2.56514 -0.0422541 -0.0447323 -0.0312367 0.0243479 0.0608416 -0.0186411 -0.0225712 -0.00835574 0.0725965 1.75323 0 0 0 0 -0 0 0.0168912 -0.241177 -2.18835 -2.58378 0.0196829 0.0363765 2.20167 148.026 0.0905139 -0.251174 1.83878 0.00168768 -0.0362193 -1.52974 0.18423 -1.30683 -0.194879 0.00094674 0.00166536 1.65319
168.592 -0.0185279 0.235071 2.18888 2.5851 -0.0196491 -0.0363155 -0.0501097 0.255371 2.24629 2.56434 0.0263673 -0.0515867 -0.0315818 0.0202999 0.0574141 -0.0207572 0.0460164 -0.0152712 0.0685993 3.02064 0 0 0 0 -0 0 0.0185279 -0.235071 -2.18888 -2.5851 0.0196491 0.0363155 2.20154 148.102 0.0887525 -0.248329 1.83733 0.00162709 -0.0348594 -1.52967 0.18423 -1.30683 -0.194879 0.00094674 0.00166536 1.65319
168.943 -0.0239602 0.218497 2.19033 2.58829 -0.0200298 -0.0359396 -0.054035 0.243609 2.24637 2.57083 0.0249893 -0.0512986 -0.0300748 0.0251123 0.0560355 -0.0174568 0.0450191 -0.015359 0.0683747 2.90232 0 0 0 0 -0 0 0.0239602 -0.218497 -2.19033 -2.58829 0.0200298 0.0359396 2.20133 148.284 0.0842296 -0.240115 1.83326 0.000973425 -0.0317324 -1.52953 0.18423 -1.30683 -0.194879 0.000949404 0.00166536 1.65319
169.266 -0.0263493 0.211842 2.19091 2.58941 -0.0202849 -0.0357492 -0.0580258 0.233298 2.25061 2.61865 -0.00206475 -0.0325807 -0.0316765 0.0214557 0.0597019 0.0292398 0.0182201 0.00316843 0.0709088 1.98406 0 0 0 0 -0 0 0.0263493 -0.211842 -2.19091 -2.58941 0.0202849 0.0357492 2.20128 148.348 0.0823883 -0.236458 1.83146 0.000610216 -0.0306189 -1.5295 0.18423 -1.30683 -0.194879 0.000949404 0.00166536 1.65319
169.595 -0.0309445 0.198908 2.19207 2.59127 -0.0207421 -0.035441 -0.0619591 0.221515 2.2507 2.62517 -0.00356716 -0.0324453 -0.0310146 0.0226074 0.0586327 0.0339029 0.0171749 0.00299571 0.070077 2.18606 0 0 0 0 -0 0 0.0309445 -0.198908 -2.19207 -2.59127 0.0207421 0.035441 2.20129 148.454 0.0786919 -0.228646 1.82766 -1.78524e-05 -0.0287765 -1.52946 0.18423 -1.30683 -0.194879 0.000949404 0.00166536 1.65319
169.987 -0.0346202 0.186596 2.19332 2.59262 -0.0208452 -0.0354105 -0.0658974 0.211673 2.25122 2.55667 -0.0109793 -0.0317718 -0.0312772 0.025077 0.0578986 -0.0359559 0.00986594 0.00363873 0.0704227 2.1432 0 0 0 0 -0 0 0.0346202 -0.186596 -2.19332 -2.59262 0.0208452 0.0354105 2.20152 148.532 0.0750247 -0.220353 1.82376 -0.000176518 -0.0274268 -1.52948 0.18423 -1.30683 -0.194879 0.000949404 0.00166536 1.65319
170.205 -0.0354749 0.180818 2.19401 2.5931 -0.020495 -0.0356425 -0.0698325 0.199887 2.25132 2.5629 -0.0124655 -0.0316997 -0.0343576 0.0190693 0.0573127 -0.0301946 0.00802952 0.00394279 0.0694897 1.80081 0 0 0 0 -0 0 0.0354749 -0.180818 -2.19401 -2.5931 0.020495 0.0356425 2.20174 148.559 0.0732137 -0.2161 1.82182 0.00022386 -0.0269429 -1.52951 0.18423 -1.30683 -0.194879 0.000949404 0.00166536 1.65319
170.578 -0.0360771 0.170075 2.19542 2.59376 -0.0193715 -0.0363509 -0.0698322 0.19202 2.2513 2.56691 -0.0121094 -0.0317733 -0.0337551 0.0219453 0.0558816 -0.0268526 0.0072621 0.00457761 0.0688749 1.61131 0 0 0 0 -0 0 0.0360771 -0.170075 -2.19542 -2.59376 0.0193715 0.0363509 2.20229 148.598 0.0696244 -0.207552 1.81801 0.00155405 -0.0262201 -1.52956 0.18423 -1.30683 -0.194879 0.000949404 0.00166536 1.65319
170.931 -0.0376908 0.15909 2.19664 2.59439 -0.0186147 -0.0368691 -0.0698317 0.180221 2.25126 2.57289 -0.0115763 -0.0318788 -0.0321409 0.0211312 0.0546213 -0.021507 0.00703839 0.00499027 0.0668061 1.32382 0 0 0 0 -0 0 0.0376908 -0.15909 -2.19664 -2.59439 0.0186147 0.0368691 2.20271 148.635 0.0660357 -0.199185 1.81406 0.00241433 -0.0255779 -1.52963 0.18423 -1.30683 -0.194879 0.000949404 0.00166536 1.65319
171.184 -0.0390485 0.153503 2.19708 2.59485 -0.0184836 -0.037004 -0.0719547 0.175284 2.28881 2.61113 -0.0462305 -0.0299244 -0.0329062 0.0217811 0.0917265 0.0162709 -0.0277469 0.0070796 0.0998548 1.89362 0 0 0 0 -0 0 0.0390485 -0.153503 -2.19708 -2.59485 0.0184836 0.037004 2.20278 148.661 0.0642304 -0.195137 1.81201 0.00257886 -0.0251079 -1.52968 0.18423 -1.30683 -0.194879 0.000949404 0.00166536 1.65319
171.505 -0.0420492 0.141197 2.19774 2.59635 -0.0182881 -0.0372756 -0.0736799 0.161238 2.24739 2.54587 0.0133379 -0.0506262 -0.0316307 0.0200412 0.0496494 -0.0504795 0.031626 -0.0133507 0.0621869 3.49917 0 0 0 0 -0 0 0.0420492 -0.141197 -2.19774 -2.59635 0.0182881 0.0372756 2.20268 148.747 0.0605934 -0.187414 1.80783 0.0028244 -0.0236036 -1.52982 0.18423 -1.30683 -0.194879 0.000949404 0.00166536 1.65319
171.9 -0.045787 0.128242 2.1981 2.59838 -0.0183673 -0.0374334 -0.0779448 0.156537 2.28883 -2.75431 -0.0236218 -0.0317383 -0.0321578 0.0282945 0.090731 -5.35269 -0.00525447 0.00569507 0.100334 53.3223 0 0 0 0 -0 0 0.045787 -0.128242 -2.1981 -2.59838 0.0183673 0.0374334 2.20231 148.863 0.0569178 -0.180276 1.80368 0.00275362 -0.0215842 -1.53 0.18423 -1.30683 -0.194879 0.000949404 0.00166536 1.65319
172.324 -0.0496228 0.118011 2.19813 2.60028 -0.0188431 -0.0373427 -0.0819469 0.144551 2.28897 -2.74985 -0.0253768 -0.0317553 -0.0323241 0.0265396 0.0908344 -5.35013 -0.00653367 0.00558746 0.1 53.4694 0 0 0 0 -0 0 0.0496228 -0.118011 -2.19813 -2.60028 0.0188431 0.0373427 2.20186 148.972 0.0541368 -0.175308 1.80058 0.00222134 -0.0197089 -1.53015 0.18423 -1.30683 -0.194879 0.000949404 0.00166536 1.65319
172.602 -0.0524469 0.111186 2.19807 2.60164 -0.0192792 -0.0372286 -0.0859497 0.132564 2.28911 -2.74535 -0.0271683 -0.0317886 -0.0335028 0.0213781 0.0910482 -5.34698 -0.00788916 0.00544002 0.099344 53.6502 0 0 0 0 -0 0 0.0524469 -0.111186 -2.19807 -2.60164 0.0192792 0.0372286 2.2015 149.049 0.0522787 -0.17217 1.79854 0.00172645 -0.0183472 -1.53027 0.18423 -1.30683 -0.194879 0.000949404 0.00166536 1.65319
172.924 -0.058153 0.0978747 2.19776 2.60435 -0.0201589 -0.0370196 -0.0895148 0.117338 2.25182 2.60494 -0.0182551 -0.0318669 -0.0313618 0.019463 0.0540566 0.000583752 0.00190381 0.0051527 0.065456 0.316518 0 0 0 0 -0 0 0.058153 -0.0978747 -2.19776 -2.60435 0.0201589 0.0370196 2.20071 149.204 0.0485838 -0.166313 1.79459 0.000755562 -0.0156808 -1.53053 0.18423 -1.30683 -0.194879 0.000949404 0.00166536 1.65319
173.222 -0.0626664 0.0888916 2.19745 2.60609 -0.0209245 -0.0368076 -0.0933285 0.106306 2.2479 2.57355 0.00705376 -0.0500108 -0.0306621 0.0174145 0.0504436 -0.0325399 0.0279783 -0.0132032 0.0615466 2.57633 0 0 0 0 -0 0 0.0626664 -0.0888916 -2.19745 -2.60609 0.0209245 0.0368076 2.20014 149.303 0.0449667 -0.16104 1.79096 -0.000377959 -0.0135072 -1.53079 0.18423 -1.30683 -0.194879 0.000949404 0.00166536 1.65319
173.578 -0.0688429 0.0794518 2.19712 2.60775 -0.0221513 -0.0363875 -0.102714 0.101082 2.32789 2.68332 -0.0149691 -0.0332794 -0.0338715 0.0216301 0.130768 0.0755729 0.00718219 0.00310805 0.136804 4.3564 0 0 0 0 -0 0 0.0688429 -0.0794518 -2.19712 -2.60775 0.0221513 0.0363875 2.19964 149.397 0.0423502 -0.157513 1.78863 -0.00142096 -0.0123672 -1.53098 0.18423 -1.30683 -0.194879 0.000949404 0.00166536 1.65319
173.874 -0.0729537 0.0749345 2.19704 2.60811 -0.0229122 -0.0361691 -0.105275 0.0898314 2.25244 2.61895 -0.0242847 -0.0318635 -0.0323215 0.0148969 0.0553922 0.0108394 -0.00137255 0.00430562 0.0658399 0.678397 0 0 0 0 -0 0 0.0729537 -0.0749345 -2.19704 -2.60811 0.0229122 0.0361691 2.19953 149.417 0.0398609 -0.154392 1.78672 -0.00220316 -0.0120332 -1.53117 0.18423 -1.30683 -0.194879 0.000949404 0.00166536 1.65319
174.208 -0.0759617 0.0727568 2.19718 2.60771 -0.0232744 -0.0361674 -0.111669 0.0884472 2.28567 -2.72228 -0.114187 -0.0291009 -0.0357071 0.0156904 0.0884931 -5.32998 -0.0909131 0.00706647 0.0967068 54.8725 0 0 0 0 -0 0 0.0759617 -0.0727568 -2.19718 -2.60771 0.0232744 0.0361674 2.1997 149.394 0.0375327 -0.151714 1.78528 -0.00249685 -0.0124497 -1.53135 0.18423 -1.30683 -0.194879 0.000949404 0.00166536 1.65319
174.434 -0.0779863 0.0724835 2.19757 2.60677 -0.0232936 -0.0363494 -0.113171 0.0839052 2.25311 2.55603 -0.0321909 -0.0316485 -0.0351847 0.0114218 0.0555414 -0.0507453 -0.0088973 0.00470096 0.0667328 2.95671 0 0 0 0 -0 0 0.0779863 -0.0724835 -2.19757 -2.60677 0.0232936 0.0363494 2.20015 149.34 0.0353874 -0.149531 1.78439 -0.00238002 -0.0133804 -1.53152 0.18423 -1.30683 -0.194879 0.000949404 0.00166536 1.65319
174.775 -0.0792983 0.0755763 2.1984 2.60457 -0.0228637 -0.036836 -0.113171 0.0839052 2.25311 2.55603 -0.0321909 -0.0316485 -0.0338727 0.00832895 0.0547105 -0.048538 -0.0093272 0.00518752 0.0648843 2.83945 0 0 0 0 -0 0 0.0792983 -0.0755763 -2.1984 -2.60457 0.0228637 0.036836 2.20113 149.214 0.0328378 -0.147571 1.78407 -0.00166611 -0.0155709 -1.53173 0.18423 -1.30683 -0.194879 0.000949404 0.00166536 1.65319
175.131 -0.0799757 0.0848742 2.19911 2.6003 -0.0223715 -0.0373435 -0.113172 0.0878414 2.25313 2.55419 -0.0323948 -0.0315846 -0.0331958 0.00296724 0.054021 -0.0461068 -0.0100233 0.00575892 0.0634746 2.71469 0 0 0 0 -0 0 0.0799757 -0.0848742 -2.19911 -2.6003 0.0223715 0.0373435 2.2022 148.97 0.0306552 -0.14696 1.78443 -0.000797429 -0.0198214 -1.53192 0.18423 -1.30683 -0.194879 0.000949404 0.00166536 1.65319
175.445 -0.0804506 0.0956888 2.19939 2.59588 -0.0221258 -0.0376349 -0.119036 0.099038 2.32923 2.60844 -0.0290242 -0.0327239 -0.0385857 0.00334922 0.12984 0.0125602 -0.00689839 0.00491096 0.135493 0.874021 0 0 0 0 -0 0 0.0804506 -0.0956888 -2.19939 -2.59588 0.0221258 0.0376349 2.20294 148.717 0.0292621 -0.147512 1.78509 -0.000244139 -0.0242237 -1.53205 0.18423 -1.30683 -0.194879 0.000949404 0.00166536 1.65319
175.777 -0.0809843 0.109079 2.19942 2.59075 -0.0220139 -0.0378344 -0.117945 0.10921 2.28769 2.56998 0.000512346 -0.0334184 -0.0369606 0.000131251 0.0882782 -0.0207653 0.0225262 0.00441598 0.0957034 1.77167 0 0 0 0 -0 0 0.0809843 -0.109079 -2.19942 -2.59075 0.0220139 0.0378344 2.20361 148.423 0.0280816 -0.148962 1.78611 0.000179721 -0.029343 -1.53217 0.18423 -1.30683 -0.194879 0.000949404 0.00166536 1.65319
176.096 -0.0813728 0.123418 2.19929 2.58562 -0.0219199 -0.038011 -0.117122 0.123281 2.25348 2.53763 -0.036111 -0.03088 -0.0357488 -0.000136784 0.0541836 -0.0479883 -0.0141911 0.00713102 0.0649143 2.88487 0 0 0 0 -0 0 0.0813728 -0.123418 -2.19929 -2.58562 0.0219199 0.038011 2.20426 148.129 0.0271114 -0.151244 1.78757 0.000578143 -0.0344727 -1.53227 0.18423 -1.30683 -0.194879 0.000949404 0.00166536 1.65319
176.425 -0.0815781 0.142656 2.19891 2.57931 -0.0217654 -0.0382441 -0.117124 0.139029 2.25354 2.53006 -0.0369467 -0.0305774 -0.0355454 -0.00362623 0.0546221 -0.0492529 -0.0151813 0.00766669 0.0652702 2.97322 0 0 0 0 -0 0 0.0815781 -0.142656 -2.19891 -2.57931 0.0217654 0.0382441 2.20505 147.768 0.0261448 -0.155472 1.79014 0.00111193 -0.0407867 -1.5324 0.18423 -1.30683 -0.194879 0.000949404 0.00166536 1.65319
177.003 -0.0813452 0.166024 2.19809 2.57256 -0.0215152 -0.0385315 -0.11712 0.172525 2.25342 2.57942 -0.0348385 -0.030187 -0.0357749 0.00650119 0.055335 0.00686054 -0.0133233 0.00834443 0.0662123 0.987942 0 0 0 0 -0 0 0.0813452 -0.166024 -2.19809 -2.57256 0.0215152 0.0385315 2.20585 147.381 0.0254526 -0.162442 1.79416 0.00177316 -0.0474966 -1.53253 0.18423 -1.30683 -0.194879 0.000949404 0.00166536 1.65319
177.224 -0.0806107 0.180103 2.19747 2.56888 -0.021202 -0.0387785 -0.117122 0.188274 2.25349 2.57149 -0.0357899 -0.0298657 -0.0365116 0.00817138 0.0560213 0.00261482 -0.0145879 0.00891284 0.0673666 0.993078 0 0 0 0 -0 0 0.0806107 -0.180103 -2.19747 -2.56888 0.021202 0.0387785 2.20631 147.171 0.0253068 -0.167429 1.79701 0.00233353 -0.0511637 -1.5326 0.18423 -1.30683 -0.194879 0.000949404 0.00166536 1.65319
177.565 -0.0793155 0.205797 2.19604 2.5623 -0.0208306 -0.0390784 -0.117928 0.207123 2.28726 2.59188 0.00358072 -0.0337113 -0.038612 0.00132632 0.0912219 0.0295799 0.0244113 0.0053671 0.099066 2.22088 0 0 0 0 -0 0 0.0793155 -0.205797 -2.19604 -2.5623 0.0208306 0.0390784 2.20709 146.794 0.0254744 -0.176863 1.8023 0.00310215 -0.0577437 -1.53268 0.18423 -1.30683 -0.194879 0.000949404 0.00166536 1.65319
178.127 -0.0784359 0.233103 2.19414 2.55554 -0.0208335 -0.0391571 -0.113598 0.243276 2.27954 2.60381 0.0370899 -0.0528067 -0.0351624 0.0101731 0.085408 0.048273 0.0579234 -0.0136496 0.0929216 4.39418 0 0 0 0 -0 0 0.0784359 -0.233103 -2.19414 -2.55554 0.0208335 0.0391571 2.20788 146.407 0.0261158 -0.187384 1.80813 0.00344174 -0.0644991 -1.53276 0.18423 -1.30683 -0.194879 0.000949404 0.00166536 1.65319
178.415 -0.0767339 0.260362 2.19191 2.54918 -0.0206669 -0.0393452 -0.113034 0.259678 2.24959 2.5668 -0.00720877 -0.0478086 -0.0362998 -0.000683863 0.0576753 0.0176206 0.0134581 -0.00846341 0.0681512 1.3548 0 0 0 0 -0 0 0.0767339 -0.260362 -2.19191 -2.54918 0.0206669 0.0393452 2.20866 146.042 0.0272268 -0.198625 1.8143 0.00396839 -0.0708252 -1.53285 0.18423 -1.30683 -0.194879 0.000949404 0.00166536 1.65319
179.297 -0.0659671 0.309393 2.18724 2.53929 -0.0176435 -0.0414067 -0.105156 0.312656 2.24914 2.53721 -0.00384073 -0.0491687 -0.0391887 0.00326332 0.0619076 -0.00207955 0.0138028 -0.00776197 0.0733414 0.915571 0 0 0 0 -0 0 0.0659671 -0.309393 -2.18724 -2.53929 0.0176435 0.0414067 2.20999 145.479 0.0306173 -0.222272 1.82695 0.00807992 -0.0805808 -1.53315 0.18423 -1.30683 -0.194879 0.000949404 0.00166536 1.65319
179.623 -0.0624755 0.323689 2.18567 2.53651 -0.0166848 -0.042127 -0.101356 0.329918 2.25316 2.49575 -0.0355722 -0.0276375 -0.0388806 0.00622958 0.0674974 -0.0407537 -0.0188874 0.0144895 0.0781435 2.6854 0 0 0 0 -0 0 0.0624755 -0.323689 -2.18567 -2.53651 0.0166848 0.042127 2.21039 145.32 0.0317433 -0.229403 1.8307 0.0094012 -0.0833146 -1.53331 0.18423 -1.30683 -0.194878 0.000952625 0.00166538 1.65319
179.905 -0.0592077 0.338212 2.1839 2.53369 -0.0141425 -0.0412782 -0.0973027 0.346082 2.24938 2.51853 -0.00534757 -0.0478114 -0.0380951 0.00787053 0.0654837 -0.0151617 0.00879492 -0.0065332 0.0761662 1.07484 0 0 0 0 -0 0 0.0592077 -0.338212 -2.1839 -2.53369 0.0141425 0.0412782 2.21073 145.161 0.0328248 -0.236447 1.83458 0.0104971 -0.0860738 -1.53349 0.183866 -1.3065 -0.194777 0.00162576 0.00166772 1.65081
180.175 -0.0559337 0.350817 2.18223 2.53186 -0.00664331 -0.0372685 -0.0934687 0.363338 2.25265 2.54819 -0.029107 -0.0281399 -0.037535 0.0125214 0.070425 0.0163331 -0.0224637 0.00912856 0.0807796 1.68028 0 0 0 0 -0 0 0.0559337 -0.350817 -2.18223 -2.53186 0.00664331 0.0372685 2.21096 145.064 0.0337896 -0.243145 1.83898 0.0113367 -0.0878089 -1.53375 0.1827 -1.30548 -0.194311 0.00473703 0.00166664 1.643
180.425 -0.0520576 0.361628 2.18061 2.5315 0.00693867 -0.0304285 -0.0895284 0.375114 2.2525 2.54108 -0.0275325 -0.0282457 -0.0374708 0.0134865 0.0718897 0.00957392 -0.0344712 0.00218277 0.0821832 2.05405 0 0 0 0 -0 0 0.0520576 -0.361628 -2.18061 -2.5315 -0.00693867 0.0304285 2.21101 145.055 0.0346056 -0.249461 1.8439 0.0122343 -0.0887114 -1.53412 0.180714 -1.30401 -0.193272 0.0109907 0.00234772 1.62947
180.979 -0.0423681 0.380011 2.17659 2.54343 0.0438372 -0.0108558 -0.0795791 0.398885 2.24776 2.5593 0.0283622 -0.0219636 -0.0372111 0.0188739 0.0711636 0.0158756 -0.015475 -0.0111079 0.0824933 1.43531 0 0 0 0 -0 0 0.0423681 -0.380011 -2.17659 -2.54343 -0.0438372 0.0108558 2.20992 145.75 0.0356437 -0.260873 1.85441 0.0147106 -0.0897316 -1.53527 0.175079 -1.30083 -0.188828 0.0274719 0.0155489 1.59164
181.296 -0.0361373 0.390012 2.17301 2.56442 0.0670585 -0.000166779 -0.0736214 0.40835 2.24586 2.55232 0.0446816 0.00768673 -0.0374841 0.0183373 0.0728506 -0.0120909 -0.0223769 0.00785351 0.0839555 1.53646 0 0 0 0 -0 0 0.0361373 -0.390012 -2.17301 -2.56442 -0.0670585 0.000166779 2.20803 146.95 0.0357681 -0.267643 1.86153 0.0161613 -0.0902391 -1.53625 0.170325 -1.29925 -0.18389 0.0389483 0.0373353 1.56957
181.91 -0.0289203 0.401736 2.16489 2.62964 0.088832 -0.00507887 -0.0658311 0.423765 2.24937 2.59023 0.0161887 0.0297298 -0.0369108 0.0220283 0.084484 -0.0394116 -0.0726433 0.0348086 0.0947903 5.18346 0 0 0 0 -0 0 0.0289203 -0.401736 -2.16489 -2.62964 -0.088832 0.00507887 2.20204 150.71 0.0347015 -0.278182 1.87384 0.016073 -0.0908915 -1.53761 0.159418 -1.29927 -0.171038 0.0598057 0.103613 1.56452
182.206 -0.0266771 0.40415 2.16097 2.66713 0.0910712 -0.0186651 -0.0614647 0.423569 2.22736 2.65426 0.120242 -0.0229665 -0.0347877 0.019419 0.0663934 -0.0128656 0.0291705 -0.00430138 0.0774297 1.8327 0 0 0 0 -0 0 0.0266771 -0.40415 -2.16097 -2.66713 -0.0910712 0.0186651 2.1986 152.894 0.0337605 -0.282344 1.87897 0.0150145 -0.0910449 -1.5378 0.153371 -1.30086 -0.163901 0.0708995 0.141748 1.57784
182.491 -0.0249927 0.405014 2.15696 2.70764 0.0907452 -0.0377059 -0.0599878 0.431888 2.25017 2.68816 0.0177463 -0.00340433 -0.0349952 0.0268744 0.0932118 -0.0194775 -0.0729989 0.0343016 0.103128 4.77881 0 0 0 0 -0 0 0.0249927 -0.405014 -2.15696 -2.70764 -0.0907452 0.0377059 2.19479 155.265 0.0325571 -0.286363 1.88422 0.0131494 -0.0911612 -1.53766 0.146365 -1.30349 -0.155764 0.0841166 0.182645 1.59876
182.802 -0.0239941 0.404201 2.15328 2.74817 0.0877544 -0.0588527 -0.0590442 0.423432 2.20584 2.73581 0.166379 -0.0648431 -0.0350501 0.0192307 0.0525609 -0.0123586 0.078625 -0.00599047 0.0660377 4.56635 0 0 0 0 -0 0 0.0239941 -0.404201 -2.15328 -2.74817 -0.0877544 0.0588527 2.19102 157.638 0.0311148 -0.290189 1.88994 0.0105408 -0.0910361 -1.53721 0.138553 -1.3071 -0.146563 0.0975376 0.222975 1.62433
183.085 -0.0219874 0.400254 2.14933 2.79578 0.0811153 -0.0859611 -0.0578722 0.430286 2.24074 2.83976 0.0642588 -0.0450737 -0.0358848 0.0300325 0.091407 0.0439838 -0.0168565 0.0408874 0.102688 3.45151 0 0 0 0 -0 0 0.0219874 -0.400254 -2.14933 -2.79578 -0.0811153 0.0859611 2.1864 160.421 0.0289047 -0.294925 1.89909 0.00659073 -0.0903765 -1.53624 0.12707 -1.31313 -0.132649 0.113249 0.268815 1.65954
183.399 -0.0197565 0.39445 2.14716 2.83048 0.0730141 -0.106442 -0.0550711 0.418586 2.20056 2.73739 0.149051 -0.126136 -0.0353145 0.0241366 0.0533991 -0.0930832 0.0760368 -0.0196941 0.068419 6.881 0 0 0 0 -0 0 0.0197565 -0.39445 -2.14716 -2.83048 -0.0730141 0.106442 2.18318 162.434 0.0265277 -0.299242 1.91038 0.00226183 -0.0893715 -1.53505 0.114554 -1.32029 -0.11709 0.124282 0.300923 1.68878
183.74 -0.0173274 0.389758 2.14657 2.8461 0.066679 -0.115274 -0.0537694 0.42093 2.23256 2.84997 0.0517308 -0.107678 -0.0364419 0.0311723 0.085991 0.0038662 -0.0149481 0.00759577 0.0984591 0.979987 0 0 0 0 -0 0 0.0173274 -0.389758 -2.14657 -2.8461 -0.066679 0.115274 2.18174 163.327 0.024772 -0.302234 1.92024 -0.000953461 -0.0887471 -1.5342 0.104648 -1.32628 -0.104634 0.128069 0.314894 1.70328
184.314 -0.00667478 0.379797 2.14757 2.85516 0.0555669 -0.115852 -0.0459416 0.408858 2.23051 2.85407 0.0632141 -0.109502 -0.0392668 0.0290607 0.0829453 -0.00109399 0.00764726 0.00634989 0.0962618 0.575393 0 0 0 0 -0 0 0.00667478 -0.379797 -2.14757 -2.85516 -0.0555669 0.115852 2.1809 163.807 0.0217444 -0.307716 1.94275 -0.00513491 -0.0879377 -1.53302 0.0840644 -1.33969 -0.0781733 0.123452 0.322171 1.71048
184.651 0.00143966 0.375836 2.14895 2.85005 0.0520377 -0.109924 -0.0361077 0.396842 2.20061 3.01743 -0.288223 -0.0635106 -0.0375474 0.0210053 0.0516553 0.167376 -0.340261 0.0464131 0.0672257 22.0041 0 0 0 0 -0 0 -0.00143966 -0.375836 -2.14895 -2.85005 -0.0520377 0.109924 2.18157 163.491 0.0205822 -0.310272 1.95514 -0.00591861 -0.0881493 -1.53278 0.0735924 -1.34697 -0.0643174 0.117408 0.317404 1.70527
185.319 0.0272175 0.367207 2.15332 2.82049 0.0440543 -0.0865766 -0.0147725 0.392462 2.22597 2.84964 0.0917669 -0.114164 -0.04199 0.0252552 0.072655 0.0291463 0.0477126 -0.027587 0.0876341 3.6218 0 0 0 0 -0 0 -0.0272175 -0.367207 -2.15332 -2.82049 -0.0440543 0.0865766 2.18457 161.733 0.0185698 -0.316626 1.9904 -0.00580073 -0.0904677 -1.53323 0.0465772 -1.36753 -0.0256014 0.0956918 0.291397 1.68084
185.649 0.0362895 0.363955 2.1549 2.80985 0.0363503 -0.0774072 -0.00394049 0.385824 2.20593 2.71402 0.0257328 -0.0840478 -0.04023 0.0218692 0.0510289 -0.0958239 -0.0106175 -0.00664064 0.0685614 5.52521 0 0 0 0 -0 0 -0.0362895 -0.363955 -2.1549 -2.80985 -0.0363503 0.0774072 2.18572 161.09 0.0180991 -0.318813 2.00385 -0.00558533 -0.0915488 -1.53367 0.0375174 -1.37544 -0.0104963 0.0831969 0.282072 1.67291
185.971 0.0433967 0.360135 2.15619 2.802 0.0236939 -0.0688096 0.00578612 0.383812 2.21035 2.7976 -0.0166554 -0.0615337 -0.0376105 0.0236777 0.0541587 -0.00439525 -0.0403493 0.00727591 0.0700596 2.36281 0 0 0 0 -0 0 -0.0433967 -0.360135 -2.15619 -2.802 -0.0236939 0.0688096 2.18649 160.602 0.0177103 -0.320864 2.01725 -0.00594384 -0.0925245 -1.53417 0.0293984 -1.38332 0.00493586 0.0675441 0.27523 1.66777
186.568 0.0528907 0.351176 2.15814 2.79705 -0.0151651 -0.0562491 0.0182508 0.374999 2.22624 2.84752 0.13009 -0.0875466 -0.0346399 0.0238231 0.068093 0.0504699 0.145255 -0.0312975 0.0800257 9.02312 0 0 0 0 -0 0 -0.0528907 -0.351176 -2.15814 -2.79705 0.0151651 0.0562491 2.18717 160.243 0.017122 -0.324466 2.04397 -0.00753615 -0.0939418 -1.53513 0.0165664 -1.39845 0.0369047 0.0287311 0.271508 1.66812
186.852 0.0560214 0.346211 2.15869 2.79913 -0.037977 -0.0535642 0.0244809 0.372957 2.24358 2.81173 -0.0106566 -0.0794848 -0.0315405 0.0267468 0.0848917 0.0125967 0.0273204 -0.0259207 0.0944288 2.26382 0 0 0 0 -0 0 -0.0560214 -0.346211 -2.15869 -2.79913 0.037977 0.0535642 2.187 160.331 0.0169362 -0.325983 2.0575 -0.00837081 -0.0943683 -1.5355 0.0119625 -1.40537 0.0534508 0.00862377 0.273946 1.67333
187.133 0.0586003 0.340607 2.15887 2.80452 -0.0605077 -0.0534408 0.0259982 0.363062 2.22456 2.85267 0.139272 -0.08842 -0.0326021 0.0224546 0.0656813 0.0481426 0.199779 -0.0349791 0.0766886 11.9601 0 0 0 0 -0 0 -0.0586003 -0.340607 -2.15887 -2.80452 0.0605077 0.0534408 2.18636 160.611 0.0168404 -0.327296 2.07118 -0.00898575 -0.0944542 -1.53576 0.00858923 -1.41172 0.0703345 -0.00985485 0.279377 1.68085
187.412 0.0614911 0.333571 2.15883 2.81495 -0.0854605 -0.0568048 0.0284529 0.359732 2.24125 2.73576 -0.0667908 -0.0547561 -0.0330382 0.0261611 0.0824205 -0.0791895 0.0186697 0.00204872 0.0925693 4.65429 0 0 0 0 -0 0 -0.0614911 -0.333571 -2.15883 -2.81495 0.0854605 0.0568048 2.18532 161.17 0.0168634 -0.328732 2.08976 -0.00927381 -0.0943728 -1.53587 0.00591635 -1.41904 0.0931691 -0.0288584 0.289698 1.69239
187.752 0.0639251 0.328975 2.15864 2.82706 -0.100113 -0.0626948 0.032249 0.351318 2.22395 2.881 -0.136195 -0.0438161 -0.0316762 0.0223427 0.0653118 0.0539386 -0.0360819 0.0188787 0.0759487 3.97257 0 0 0 0 -0 0 -0.0639251 -0.328975 -2.15864 -2.82706 0.100113 0.0626948 2.1845 161.831 0.0170445 -0.329816 2.10886 -0.00889096 -0.0946962 -1.53575 0.00517483 -1.42488 0.116177 -0.038421 0.302322 1.70293
188.273 0.0642031 0.324893 2.15655 2.84716 -0.0998523 -0.0724142 0.0340828 0.344377 2.21681 2.88595 -0.143846 -0.0755208 -0.0301203 0.0194839 0.0602662 0.0387923 -0.0439933 -0.00310655 0.0701347 3.35088 0 0 0 0 -0 0 -0.0642031 -0.324893 -2.15655 -2.84716 0.0998523 0.0724142 2.18183 162.956 0.0175044 -0.330696 2.13854 -0.00828676 -0.0958279 -1.53525 0.00732042 -1.43048 0.150465 -0.0328838 0.322552 1.71193
188.614 0.0619346 0.324083 2.15589 2.86015 -0.0856253 -0.0768049 0.0334346 0.346777 2.23114 2.999 -0.200175 -0.0679617 -0.0285001 0.0226933 0.07525 0.138848 -0.114549 0.00884322 0.083605 10.3778 0 0 0 0 -0 0 -0.0619346 -0.324083 -2.15589 -2.86015 0.0856253 0.0768049 2.18099 163.713 0.0178898 -0.330671 2.15909 -0.0079878 -0.0962712 -1.53487 0.0107418 -1.43196 0.173097 -0.0180539 0.335808 1.71205
188.895 0.0599306 0.32297 2.15466 2.8702 -0.0682604 -0.0791565 0.0302084 0.344326 2.2165 2.8849 -0.146513 -0.0751214 -0.0297222 0.021356 0.0618343 0.0147014 -0.0782521 0.00403507 0.0718538 4.57235 0 0 0 0 -0 0 -0.0599306 -0.32297 -2.15466 -2.8702 0.0682604 0.0791565 2.17956 164.317 0.0182168 -0.330279 2.17495 -0.00728713 -0.096205 -1.53463 0.0142402 -1.43186 0.190025 -0.00262453 0.345463 1.70939
189.15 0.0587675 0.323018 2.15416 2.88023 -0.047217 -0.0809 0.028397 0.345545 2.24357 2.83531 -0.00583166 -0.0803576 -0.0303705 0.0225272 0.0894147 -0.0449221 0.0413853 0.000542442 0.0970816 3.49906 0 0 0 0 -0 0 -0.0587675 -0.323018 -2.15416 -2.88023 0.047217 0.0809 2.17904 164.932 0.0185613 -0.329547 2.19109 -0.00585425 -0.0961125 -1.53445 0.0184364 -1.43079 0.206971 0.0155282 0.355639 1.70506
189.43 0.0577739 0.323655 2.15285 2.89026 -0.0235143 -0.0819156 0.0264827 0.33796 2.18443 -3.09018 0.153675 -0.0884587 -0.0312912 0.0143048 0.0315857 -5.98044 0.177189 -0.0065431 0.0467057 20.1034 0 0 0 0 -0 0 -0.0577739 -0.323655 -2.15285 -2.89026 0.0235143 0.0819156 2.17781 165.558 0.0188822 -0.328459 2.20757 -0.00385187 -0.096175 -1.53433 0.0232807 -1.42876 0.223958 0.0344857 0.365833 1.69961
190.005 0.0519139 0.325634 2.15024 2.91509 0.028156 -0.0816549 0.0239783 0.34461 2.21825 2.86436 0.135345 -0.119263 -0.0279356 0.0189764 0.0680076 -0.0507301 0.107189 -0.0376086 0.0759311 7.05497 0 0 0 0 -0 0 -0.0519139 -0.325634 -2.15024 -2.91509 -0.028156 0.0816549 2.17538 167.1 0.0191971 -0.324417 2.24705 0.000272257 -0.0955576 -1.53427 0.0385775 -1.4192 0.269741 0.0808896 0.394631 1.68489
190.297 0.0474015 0.326239 2.14955 2.92571 0.0456527 -0.0811398 0.0192822 0.345197 2.21009 2.83252 -0.00107637 -0.0643923 -0.0281193 0.0189583 0.0605345 -0.0931876 -0.046729 0.0167475 0.0693868 6.06786 0 0 0 0 -0 0 -0.0474015 -0.326239 -2.14955 -2.92571 -0.0456527 0.0811398 2.17469 167.75 0.0190346 -0.322013 2.2643 0.00140851 -0.0948627 -1.53436 0.0427375 -1.41598 0.281242 0.0903353 0.401613 1.68217
190.624 0.0405507 0.326511 2.14794 2.93955 0.0634926 -0.0806408 0.0135203 0.345733 2.21035 -3.13101 0.000342005 -0.064425 -0.0270304 0.0192215 0.0624161 -6.07056 -0.0631506 0.0162157 0.0706816 12.7119 0 0 0 0 -0 0 -0.0405507 -0.326511 -2.14794 -2.93955 -0.0634926 0.0806408 2.17299 168.586 0.0184875 -0.31819 2.28758 0.00290536 -0.0936644 -1.53453 0.0512492 -1.40876 0.304312 0.104483 0.414508 1.67845
190.92 0.0354484 0.326426 2.14684 2.949 0.0708518 -0.0802722 0.00771154 0.3452 2.2101 2.83323 -0.0112921 -0.0628046 -0.0277368 0.0187732 0.0632604 -0.115768 -0.0821439 0.0174675 0.0715797 8.21697 0 0 0 0 -0 0 -0.0354484 -0.326426 -2.14684 -2.949 -0.0708518 0.0802722 2.17181 169.144 0.0178088 -0.314876 2.30527 0.00412749 -0.092554 -1.53467 0.0577007 -1.40274 0.321679 0.10979 0.422966 1.67701
191.247 0.0284817 0.326116 2.14576 2.961 0.0713987 -0.0788261 0.00192869 0.345235 2.21035 2.83178 -0.0179592 -0.0616221 -0.026553 0.0191198 0.0645905 -0.129222 -0.0893578 0.0172039 0.0724055 9.07485 0 0 0 0 -0 0 -0.0284817 -0.326116 -2.14576 -2.961 -0.0713987 0.0788261 2.17059 169.828 0.0165083 -0.3099 2.32898 0.00566228 -0.0909669 -1.53484 0.0662606 -1.3942 0.344946 0.108161 0.43348 1.676
191.547 0.0245965 0.32587 2.14571 2.96668 0.0676078 -0.0772453 -0.00385932 0.345202 2.21012 2.83392 -0.0215129 -0.0612227 -0.0284558 0.0193317 0.0644089 -0.132756 -0.0891207 0.0160226 0.0730203 9.22254 0 0 0 0 -0 0 -0.0245965 -0.32587 -2.14571 -2.96668 -0.0676078 0.0772453 2.17045 170.141 0.0156768 -0.30719 2.34089 0.00615285 -0.0901219 -1.53491 0.070482 -1.38979 0.356657 0.103206 0.438485 1.67537
192.271 0.0077826 0.323439 2.1443 2.98569 0.0344119 -0.0645448 -0.0175084 0.335787 2.16123 2.92557 -0.291596 -0.0192127 -0.025291 0.0123479 0.016935 -0.0601224 -0.326008 0.0453321 0.0328466 19.1061 0 0 0 0 -0 0 -0.0077826 -0.323439 -2.1443 -2.98569 -0.0344119 0.0645448 2.16857 171.137 0.0118351 -0.296703 2.38297 0.00643084 -0.0870372 -1.53523 0.0845983 -1.37414 0.398339 0.0647648 0.454307 1.66866
192.602 -0.00333373 0.321159 2.14308 2.99456 0.00427839 -0.0516009 -0.0282093 0.341439 2.20285 2.98908 0.180068 -0.0776867 -0.0248756 0.0202793 0.0597684 -0.00547918 0.175789 -0.0260858 0.0678403 10.1826 0 0 0 0 -0 0 0.00333373 -0.321159 -2.14308 -2.99456 -0.00427839 0.0516009 2.16701 171.585 0.00909699 -0.290142 2.40769 0.00578286 -0.0853362 -1.53555 0.0919917 -1.36541 0.423101 0.0304446 0.4614 1.65998
192.875 -0.00873347 0.319971 2.14274 2.99825 -0.0122692 -0.0439502 -0.0370301 0.335249 2.17692 2.837 -0.0529626 -0.0389819 -0.0282966 0.0152777 0.0341752 -0.161245 -0.0406935 0.00496835 0.046926 9.52295 0 0 0 0 -0 0 0.00873347 -0.319971 -2.14274 -2.99825 0.0122692 0.0439502 2.16652 171.773 0.00762858 -0.286743 2.42023 0.0054328 -0.0845734 -1.53576 0.0954735 -1.36122 0.435776 0.010764 0.464446 1.65419
193.159 -0.0164737 0.318015 2.1424 3.00338 -0.0383187 -0.0312331 -0.046191 0.336079 2.19405 2.89507 0.101688 -0.0638617 -0.0297174 0.0180641 0.0516497 -0.108304 0.140006 -0.0326286 0.0622665 10.2734 0 0 0 0 -0 0 0.0164737 -0.318015 -2.1424 -3.00338 0.0383187 0.0312331 2.16594 172.049 0.00534845 -0.28152 2.43916 0.00500907 -0.0835595 -1.53617 0.100414 -1.35525 0.455157 -0.0209005 0.468819 1.64391
193.493 -0.0284985 0.315418 2.14169 3.01013 -0.0816979 -0.0082608 -0.0534331 0.334491 2.19435 3.08171 -0.160385 -0.0238851 -0.0249347 0.0190733 0.0526655 0.0715762 -0.0786867 -0.0156243 0.0613121 6.08682 0 0 0 0 -0 0 0.0284985 -0.315418 -2.14169 -3.01013 0.0816979 0.0082608 2.16497 172.455 0.00146742 -0.272539 2.47086 0.00442281 -0.0828541 -1.53703 0.107812 -1.34641 0.488336 -0.075151 0.475407 1.6239
194.58 -0.0550048 0.298639 2.14195 3.01778 -0.17414 0.0426753 -0.0852095 0.32001 2.20144 2.96044 -0.24611 0.0535344 -0.0302047 0.0213708 0.0594843 -0.0573395 -0.07197 0.0108591 0.070053 5.2275 0 0 0 0 -0 0 0.0550048 -0.298639 -2.14195 -3.01778 0.17414 -0.0426753 2.16337 173.147 -0.00706176 -0.249886 2.54519 0.00248579 -0.0804527 -1.53961 0.12219 -1.33264 0.569879 -0.191788 0.481923 1.57723
195.211 -0.0653892 0.285365 2.14426 3.00558 -0.216731 0.0633503 -0.0998625 0.312253 2.23471 3.0297 0.177547 0.00797835 -0.0344733 0.026888 0.0904495 0.0241277 0.394278 -0.055372 0.100461 22.8468 0 0 0 0 -0 0 0.0653892 -0.285365 -2.14426 -3.00558 0.216731 -0.0633503 2.16416 172.649 -0.0106216 -0.236549 2.58654 0.00261761 -0.0797326 -1.54089 0.129528 -1.3296 0.616298 -0.243226 0.470043 1.56186
195.501 -0.0697925 0.276679 2.14631 2.99213 -0.234342 0.0716432 -0.104315 0.303404 2.22818 2.93605 0.102839 0.018619 -0.0345226 0.0267242 0.081869 -0.0560882 0.337181 -0.0530241 0.0927821 19.8465 0 0 0 0 -0 0 0.0697925 -0.276679 -2.14631 -2.99213 0.234342 -0.0716432 2.16519 171.981 -0.0120153 -0.229136 2.60971 0.0029324 -0.0793833 -1.54134 0.133447 -1.32938 0.64227 -0.263328 0.457099 1.55859
195.817 -0.0726613 0.270096 2.14823 2.97944 -0.242892 0.0761272 -0.107575 0.296363 2.23261 3.03689 0.178846 0.00903135 -0.0349137 0.0262673 0.0843784 0.0574547 0.421738 -0.0670958 0.0950192 24.6638 0 0 0 0 -0 0 0.0726613 -0.270096 -2.14823 -2.97944 0.242892 -0.0761272 2.16637 171.313 -0.0127346 -0.223768 2.62701 0.00308838 -0.079255 -1.54153 0.136148 -1.32984 0.661571 -0.272518 0.444951 1.55857
196.373 -0.0768271 0.256495 2.15314 2.94332 -0.247637 0.0818151 -0.11199 0.279759 2.22577 2.95036 0.107311 0.0191148 -0.0351634 0.0232641 0.0726252 0.00704191 0.354948 -0.0627003 0.0839768 20.6475 0 0 0 0 -0 0 0.0768271 -0.256495 -2.15314 -2.94332 0.247637 -0.0818151 2.16973 169.315 -0.013277 -0.212179 2.66705 0.00360526 -0.0800103 -1.54152 0.141451 -1.33259 0.705805 -0.276487 0.411011 1.56387
196.709 -0.0776214 0.252251 2.15528 2.92598 -0.24414 0.0828043 -0.113132 0.274181 2.2267 3.04681 0.184251 0.0430265 -0.0355109 0.0219306 0.0714249 0.120834 0.428391 -0.0397779 0.0827254 25.5697 0 0 0 0 -0 0 0.0776214 -0.252251 -2.15528 -2.92598 0.24414 -0.0828043 2.17138 168.326 -0.0130157 -0.207707 2.68386 0.0037922 -0.0810132 -1.54134 0.143195 -1.33426 0.724168 -0.272206 0.395093 1.56728
197.012 -0.0778497 0.24896 2.15739 2.90831 -0.238388 0.083295 -0.114105 0.268032 2.20657 -3.11686 0.219364 0.0387797 -0.0362557 0.0190717 0.0491805 -6.02517 0.457752 -0.0445154 0.0640073 30.1365 0 0 0 0 -0 0 0.0778497 -0.24896 -2.15739 -2.90831 0.238388 -0.083295 2.1731 167.308 -0.0124576 -0.203558 2.7004 0.00391437 -0.0823434 -1.54107 0.144573 -1.33609 0.74212 -0.265666 0.379036 1.57071
197.227 -0.0775227 0.24677 2.15954 2.88998 -0.231211 0.0836266 -0.114091 0.264142 2.20628 -3.11564 0.21979 0.0391138 -0.0365684 0.0173724 0.0467411 -6.00562 0.451001 -0.0445128 0.0618367 30.368 0 0 0 0 -0 0 0.0775227 -0.24677 -2.15954 -2.88998 0.231211 -0.0836266 2.17498 166.245 -0.0116014 -0.199737 2.71675 0.00394806 -0.0839671 -1.54073 0.145553 -1.33794 0.759618 -0.257782 0.362487 1.57399
197.836 -0.0742487 0.244087 2.16411 2.84838 -0.214797 0.0855802 -0.112762 0.263787 2.2476 2.90024 -0.0941215 0.0609523 -0.038513 0.0196994 0.0834832 0.0518612 0.120676 -0.0246279 0.0940253 7.57116 0 0 0 0 -0 0 0.0742487 -0.244087 -2.16411 -2.84838 0.214797 -0.0855802 2.1791 163.838 -0.00844292 -0.192001 2.75391 0.00386242 -0.0880291 -1.53976 0.146312 -1.34179 0.798628 -0.241038 0.325126 1.5793
198.118 -0.0713052 0.243492 2.16596 2.83156 -0.209742 0.0874928 -0.109567 0.263677 2.24664 2.88951 -0.229655 0.0789818 -0.038262 0.020185 0.0806777 0.057943 -0.0199131 -0.00851095 0.091544 3.4431 0 0 0 0 -0 0 0.0713052 -0.243492 -2.16596 -2.83156 0.209742 -0.0874928 2.18077 162.876 -0.00659736 -0.18914 2.76941 0.00399689 -0.0895456 -1.53933 0.146001 -1.343 0.814514 -0.236715 0.309913 1.58041
198.411 -0.066512 0.241649 2.16836 2.81161 -0.206465 0.0914985 -0.104957 0.25835 2.21142 2.72965 -0.219762 0.0922178 -0.038445 0.0167012 0.0430553 -0.081957 -0.013297 0.000719296 0.0600891 4.74871 0 0 0 0 -0 0 0.066512 -0.241649 -2.16836 -2.81161 0.206465 -0.0914985 2.1828 161.755 -0.00370874 -0.185703 2.78936 0.00410034 -0.0906057 -1.53879 0.145041 -1.34405 0.834631 -0.235017 0.291267 1.58076
198.704 -0.0622955 0.240963 2.16988 2.79846 -0.206513 0.0956368 -0.101912 0.25909 2.25042 2.80575 -0.210173 0.0917293 -0.0396164 0.0181269 0.0805349 0.00728821 -0.00365957 -0.00390751 0.0915637 0.479698 0 0 0 0 -0 0 0.0622955 -0.240963 -2.16988 -2.79846 0.206513 -0.0956368 2.18411 161.033 -0.00124384 -0.18341 2.80355 0.00414566 -0.091347 -1.53844 0.143925 -1.34436 0.848727 -0.236707 0.279158 1.58024
198.99 -0.0571267 0.241966 2.17113 2.78649 -0.207665 0.100299 -0.0966807 0.257867 2.24014 2.7912 -0.11837 0.0794893 -0.039554 0.0159001 0.0690111 0.00471003 0.0892954 -0.0208098 0.0811163 5.25024 0 0 0 0 -0 0 0.0571267 -0.241966 -2.17113 -2.78649 0.207665 -0.100299 2.18532 160.385 0.00145655 -0.181358 2.81703 0.0043799 -0.0924883 -1.53814 0.142441 -1.34422 0.861875 -0.239952 0.268669 1.57926
199.265 -0.049836 0.245135 2.17237 2.77272 -0.20961 0.106517 -0.0908896 0.260749 2.24768 2.7941 -0.271292 0.134591 -0.0410536 0.0156145 0.0753076 0.0213789 -0.0616822 0.0280743 0.0871805 4.18507 0 0 0 0 -0 0 0.049836 -0.245135 -2.17237 -2.77272 0.20961 -0.106517 2.18672 159.65 0.00537825 -0.178963 2.83397 0.00446529 -0.0942919 -1.5378 0.139818 -1.3433 0.877976 -0.244562 0.257155 1.57764
199.542 -0.0462334 0.247051 2.17286 2.7671 -0.210563 0.109397 -0.0840642 0.263413 2.24621 2.72702 -0.202033 0.107757 -0.0378308 0.0163622 0.0733471 -0.0400807 0.00853028 -0.00163992 0.0841349 2.36844 0 0 0 0 -0 0 0.0462334 -0.247051 -2.17286 -2.7671 0.210563 -0.109397 2.18735 159.353 0.00746096 -0.177889 2.84204 0.00431572 -0.0951166 -1.53765 0.138239 -1.34253 0.885488 -0.246604 0.252551 1.57678
199.825 -0.0407327 0.250487 2.17329 2.76029 -0.211654 0.113197 -0.0783755 0.26708 2.2515 2.80402 -0.194873 0.0904099 -0.0376428 0.0165929 0.078212 0.0437314 0.016781 -0.0227869 0.0883709 2.75421 0 0 0 0 -0 0 0.0407327 -0.250487 -2.17329 -2.76029 0.211654 -0.113197 2.18806 158.996 0.0107245 -0.1764 2.8537 0.00394287 -0.0963966 -1.53745 0.135558 -1.34101 0.896195 -0.249016 0.247276 1.57551
200.359 -0.0271241 0.260484 2.17337 2.75201 -0.210783 0.118166 -0.0642246 0.273145 2.21519 -2.98115 0.216828 0.0720255 -0.0371005 0.0126614 0.0418199 -5.73316 0.427611 -0.0461407 0.0573207 39.8165 0 0 0 0 -0 0 0.0271241 -0.260484 -2.17337 -2.75201 0.210783 -0.118166 2.18909 158.554 0.018945 -0.173253 2.87934 0.00262687 -0.0993941 -1.53694 0.12801 -1.33594 0.919217 -0.249505 0.242098 1.5732
200.704 -0.0191284 0.265745 2.17302 2.7523 -0.208045 0.11838 -0.057664 0.276211 2.21509 2.72352 -0.246322 0.131593 -0.0385357 0.0104662 0.0420703 -0.0287795 -0.0382775 0.0132132 0.0580039 2.74581 0 0 0 0 -0 0 0.0191284 -0.265745 -2.17302 -2.7523 0.208045 -0.11838 2.18929 158.56 0.0240015 -0.171472 2.89316 0.00154255 -0.100569 -1.53661 0.123087 -1.33233 0.931544 -0.246294 0.243332 1.57237
201.041 -0.0104618 0.269757 2.17258 2.75469 -0.204634 0.117438 -0.0517206 0.284712 2.25091 2.78781 -0.245629 0.133487 -0.0412589 0.0149552 0.0783374 0.0331253 -0.0409943 0.0160493 0.0897925 3.27764 0 0 0 0 -0 0 0.0104618 -0.269757 -2.17258 -2.75469 0.204634 -0.117438 2.18928 158.674 0.0293168 -0.169582 2.90647 0.000591155 -0.101075 -1.53625 0.118 -1.32833 0.943383 -0.242069 0.245893 1.57188
201.322 -0.00588754 0.271387 2.17242 2.75573 -0.20278 0.116753 -0.0438739 0.288731 2.2516 2.78714 -0.24062 0.133146 -0.0379864 0.0173448 0.079174 0.0314047 -0.0378402 0.0163929 0.0895116 3.09237 0 0 0 0 -0 0 0.00588754 -0.271387 -2.17242 -2.75573 0.20278 -0.116753 2.18932 158.721 0.032069 -0.168583 2.913 0.000183249 -0.10111 -1.53607 0.115452 -1.32619 0.949109 -0.239754 0.246809 1.57182
201.963 0.0102218 0.274986 2.17246 2.75472 -0.196259 0.114469 -0.0280388 0.292897 2.2451 2.86089 -0.252667 0.11891 -0.0382606 0.017911 0.0726364 0.106169 -0.0564079 0.00444105 0.0840281 6.94212 0 0 0 0 -0 0 -0.0102218 -0.274986 -2.17246 -2.75472 0.196259 -0.114469 2.18982 158.62 0.0421548 -0.164821 2.93529 -0.00122692 -0.100097 -1.53543 0.106887 -1.31813 0.968008 -0.231397 0.244329 1.57265
202.259 0.017159 0.276717 2.17269 2.75123 -0.193939 0.114091 -0.0207507 0.300711 2.29041 2.79116 -0.154248 0.105561 -0.0379097 0.0239932 0.117728 0.0399336 0.0396914 -0.00852974 0.125987 3.20271 0 0 0 0 -0 0 -0.017159 -0.276717 -2.17269 -2.75123 0.193939 -0.114091 2.1903 158.409 0.0466707 -0.163131 2.94443 -0.00172612 -0.0996846 -1.53518 0.103579 -1.31453 0.975428 -0.228512 0.240335 1.57328
202.545 0.0243044 0.279067 2.17294 2.74646 -0.192195 0.114255 -0.0124351 0.296915 2.25399 2.78921 -0.222155 0.13109 -0.0367395 0.017848 0.0810479 0.0427507 -0.02996 0.0168353 0.0907585 3.2936 0 0 0 0 -0 0 -0.0243044 -0.279067 -2.17294 -2.74646 0.192195 -0.114255 2.19092 158.131 0.0512834 -0.161427 2.95306 -0.00200405 -0.0995713 -1.53495 0.100621 -1.31097 0.982326 -0.226607 0.23543 1.57383
202.863 0.03212 0.281993 2.17317 2.74073 -0.190845 0.114847 -0.00352429 0.296103 2.21919 2.72178 -0.213461 0.128577 -0.0356442 0.0141097 0.0460181 -0.018956 -0.0226165 0.0137306 0.0598937 1.77034 0 0 0 0 -0 0 -0.03212 -0.281993 -2.17317 -2.74073 0.190845 -0.114847 2.19162 157.803 0.055969 -0.159718 2.96107 -0.00177235 -0.0997791 -1.53477 0.0980839 -1.30752 0.988651 -0.225777 0.229924 1.57421
203.191 0.04595 0.28705 2.17367 2.72988 -0.18855 0.11623 0.00527414 0.300377 2.22206 2.71524 -0.267916 0.138221 -0.0406759 0.0133273 0.0483861 -0.0146384 -0.0793658 0.0219907 0.0646016 4.74235 0 0 0 0 -0 0 -0.04595 -0.28705 -2.17367 -2.72988 0.18855 -0.11623 2.19302 157.183 0.0638186 -0.156862 2.97294 -0.000479008 -0.100412 -1.53456 0.0948775 -1.30215 0.997886 -0.225484 0.219626 1.57453
203.476 0.0516139 0.288397 2.17381 2.72557 -0.187363 0.116725 0.015259 0.313117 2.29335 2.79134 -0.131146 0.102975 -0.0363549 0.0247197 0.119547 0.0657676 0.0562173 -0.0137501 0.127374 4.92434 0 0 0 0 -0 0 -0.0516139 -0.288397 -2.17381 -2.72557 0.187363 -0.116725 2.19346 156.935 0.0669187 -0.155712 2.9771 0.000306663 -0.100479 -1.5345 0.0939766 -1.30018 1.00111 -0.225387 0.215429 1.57453
203.757 0.059654 0.289841 2.17415 2.71926 -0.185648 0.117583 0.0246933 0.304487 2.22371 2.71692 -0.257264 0.136913 -0.0349608 0.0146461 0.0495628 -0.00234251 -0.0716163 0.0193305 0.0623958 4.24455 0 0 0 0 -0 0 -0.059654 -0.289841 -2.17415 -2.71926 0.185648 -0.117583 2.1942 156.574 0.0714572 -0.153983 2.98264 0.00157091 -0.100449 -1.53444 0.0930914 -1.29745 1.00541 -0.225458 0.209039 1.5744
204.319 0.076292 0.293104 2.17525 2.70094 -0.183633 0.121807 0.0410311 0.308587 2.21886 2.66134 -0.185598 0.141722 -0.0352609 0.0154837 0.0436177 -0.0396017 -0.00196488 0.0199156 0.0581857 2.34785 0 0 0 0 -0 0 -0.076292 -0.293104 -2.17525 -2.70094 0.183633 -0.121807 2.19623 155.547 0.0811089 -0.149997 2.99288 0.00516689 -0.100805 -1.53442 0.0935911 -1.29199 1.01302 -0.229136 0.191142 1.57349
204.604 0.0815862 0.293262 2.17606 2.69102 -0.183988 0.124673 0.0486481 0.315057 2.25816 2.66001 -0.189764 0.127626 -0.0329381 0.0217949 0.0821008 -0.0310117 -0.00577634 0.00295291 0.0911069 1.78422 0 0 0 0 -0 0 -0.0815862 -0.293262 -2.17606 -2.69102 0.183988 -0.124673 2.19725 155.001 0.0846438 -0.148344 2.99642 0.00669789 -0.10054 -1.53449 0.0949992 -1.28996 1.01539 -0.232246 0.181139 1.57311
204.874 0.0853225 0.293326 2.17701 2.67971 -0.184436 0.127647 0.0526971 0.314494 2.24738 -2.92923 0.201851 0.0716765 -0.0326255 0.0211686 0.070365 -5.60893 0.386288 -0.0559709 0.0803975 44.4461 0 0 0 0 -0 0 -0.0853225 -0.293326 -2.17701 -2.67971 0.184436 -0.127647 2.19834 154.377 0.0877078 -0.146764 2.99957 0.00807585 -0.100276 -1.53461 0.0970973 -1.28809 1.0173 -0.235291 0.169787 1.57302
205.193 0.0870103 0.294623 2.17875 2.65904 -0.18359 0.13106 0.0565508 0.315147 2.2588 2.6614 -0.18569 0.126983 -0.0304595 0.0205242 0.0800511 0.00236445 -0.00209997 -0.00407711 0.088075 0.275536 0 0 0 0 -0 0 -0.0870103 -0.294623 -2.17875 -2.65904 0.18359 -0.13106 2.2003 153.218 0.0916151 -0.144386 3.004 0.00945361 -0.100435 -1.5349 0.101934 -1.28535 1.01961 -0.237234 0.149621 1.57408
205.482 0.0853137 0.295709 2.17973 2.64698 -0.180945 0.130876 0.0565508 0.315147 2.2588 2.6614 -0.18569 0.126983 -0.0287629 0.0194382 0.079062 0.0144212 -0.00474487 -0.00389316 0.0863478 0.859573 0 0 0 0 -0 0 -0.0853137 -0.295709 -2.17973 -2.64698 0.180945 -0.130876 2.20136 152.517 0.0931909 -0.143143 3.00617 0.00971977 -0.100724 -1.53508 0.105483 -1.28395 1.02056 -0.234831 0.137887 1.57569
205.857 0.0820137 0.296945 2.18079 2.63589 -0.176362 0.128569 0.0549832 0.313004 2.23705 2.59618 -0.141569 0.136794 -0.0270305 0.0160585 0.0562643 -0.039712 0.0347927 0.00822554 0.064453 3.00557 0 0 0 0 -0 0 -0.0820137 -0.296945 -2.18079 -2.63589 0.176362 -0.128569 2.20244 151.849 0.0941865 -0.142052 3.00803 0.00963642 -0.101092 -1.53522 0.10941 -1.28272 1.02128 -0.229208 0.126842 1.57806
206.144 0.0772696 0.298373 2.18169 2.62535 -0.169392 0.123902 0.0485569 0.31627 2.23863 -2.87396 0.213965 0.0862128 -0.0287127 0.0178963 0.0569383 -5.4993 0.383357 -0.0376891 0.0662319 49.8331 0 0 0 0 -0 0 -0.0772696 -0.298373 -2.18169 -2.62535 0.169392 -0.123902 2.20335 151.187 0.0946219 -0.141116 3.00966 0.00936639 -0.101568 -1.53531 0.113626 -1.28164 1.02183 -0.220357 0.116581 1.58106
206.457 0.0716786 0.299921 2.18254 2.61577 -0.160291 0.117142 0.0447024 0.31899 2.25809 2.65725 -0.191164 0.128195 -0.0269762 0.0190688 0.0755462 0.0414789 -0.0308728 0.0110526 0.0824534 3.11508 0 0 0 0 -0 0 -0.0716786 -0.299921 -2.18254 -2.61577 0.160291 -0.117142 2.20422 150.561 0.0945283 -0.140336 3.0111 0.00900807 -0.102096 -1.53534 0.118028 -1.28067 1.02222 -0.208406 0.106942 1.58455
206.825 0.0632966 0.301623 2.1836 2.6046 -0.145422 0.105484 0.0373492 0.317386 2.23383 2.54465 -0.167052 0.123373 -0.0259473 0.0157629 0.0502353 -0.0599451 -0.0216306 0.0178893 0.0586968 3.64508 0 0 0 0 -0 0 -0.0632966 -0.301623 -2.1836 -2.6046 0.145422 -0.105484 2.20524 149.798 0.0936499 -0.139526 3.01273 0.00851461 -0.102631 -1.53528 0.124036 -1.27952 1.02255 -0.188767 0.0952677 1.58955
207.125 0.0538969 0.302689 2.18448 2.59593 -0.129666 0.0925941 0.0303026 0.316819 2.22297 2.57744 -0.112791 0.098309 -0.0235944 0.0141301 0.0384903 -0.0184934 0.0168755 0.00571499 0.047306 1.44266 0 0 0 0 -0 0 -0.0538969 -0.302689 -2.18448 -2.59593 0.129666 -0.0925941 2.20601 149.181 0.0920043 -0.138968 3.01397 0.00788575 -0.102905 -1.5351 0.130087 -1.27858 1.0227 -0.167634 0.0857851 1.59437
207.386 0.0485452 0.303021 2.18485 2.59247 -0.12228 0.0863416 0.0226162 0.319802 2.23718 2.55411 -0.0752605 0.0762182 -0.025929 0.0167804 0.0523281 -0.0383586 0.0470191 -0.0101234 0.0607629 3.56018 0 0 0 0 -0 0 -0.0485452 -0.303021 -2.18485 -2.59247 0.12228 -0.0863416 2.2063 148.93 0.0909297 -0.138782 3.01445 0.00734939 -0.10296 -1.53499 0.133089 -1.27817 1.02273 -0.157392 0.0818921 1.5966
207.742 0.0372733 0.304044 2.18537 2.58681 -0.109035 0.0747492 0.0140272 0.323169 2.26044 2.57328 -0.127815 0.0849362 -0.0232461 0.0191249 0.0750677 -0.0135352 -0.0187801 0.0101869 0.0808783 1.41167 0 0 0 0 -0 0 -0.0372733 -0.304044 -2.18537 -2.58681 0.109035 -0.0747492 2.20674 148.518 0.0883706 -0.138596 3.01523 0.00608155 -0.103232 -1.53472 0.13892 -1.27749 1.02277 -0.138509 0.0756737 1.6007
208.062 0.0264679 0.305955 2.18558 2.58248 -0.0978805 0.064383 0.00308339 0.319688 2.23638 2.55252 -0.0861287 0.0778205 -0.0233845 0.0137326 0.050808 -0.0299612 0.0117519 0.0134375 0.0575923 1.93654 0 0 0 0 -0 0 -0.0264679 -0.305955 -2.18558 -2.58248 0.0978805 -0.064383 2.20705 148.202 0.0854062 -0.138643 3.01572 0.00499687 -0.103908 -1.53447 0.14433 -1.27697 1.02272 -0.122254 0.0713635 1.60446
208.352 0.0214106 0.307155 2.1856 2.58052 -0.0933258 0.0598184 -0.00576314 0.32735 2.26855 2.6244 -0.117148 0.065877 -0.0271737 0.0201957 0.0829536 0.043883 -0.0238222 0.00605866 0.0895967 2.91349 0 0 0 0 -0 0 -0.0214106 -0.307155 -2.1856 -2.58052 0.0933258 -0.0598184 2.20718 148.063 0.0838214 -0.138742 3.01584 0.00457324 -0.104344 -1.53437 0.146827 -1.27677 1.02261 -0.115436 0.069594 1.60626
208.685 0.0124692 0.309209 2.18558 2.57733 -0.0866896 0.0522393 -0.0138233 0.33203 2.28048 2.59336 -0.0801492 0.0450609 -0.0262924 0.0228213 0.094892 0.0160334 0.00654037 -0.00717842 0.101077 1.04418 0 0 0 0 -0 0 -0.0124692 -0.309209 -2.18558 -2.57733 0.0866896 -0.0522393 2.20738 147.842 0.0805293 -0.13905 3.01575 0.00409027 -0.105082 -1.53421 0.151335 -1.27647 1.02215 -0.105092 0.0668014 1.60966
209.004 0.00717826 0.310287 2.1855 2.57622 -0.0833819 0.0476763 -0.0217854 0.332003 2.28029 2.59297 -0.0846872 0.0457344 -0.0289636 0.0217161 0.0947901 0.0167453 -0.00130533 -0.00194187 0.101467 0.959404 0 0 0 0 -0 0 -0.00717826 -0.310287 -2.1855 -2.57622 0.0833819 -0.0476763 2.20743 147.759 0.0780001 -0.139352 3.0153 0.00419265 -0.105486 -1.53417 0.154202 -1.27641 1.0216 -0.0998174 0.0659284 1.61193
209.621 0.000619357 0.311011 2.18513 2.57857 -0.0795091 0.0409222 -0.0302945 0.329771 2.24535 2.51978 -0.082975 0.0291782 -0.0309138 0.0187594 0.0602216 -0.0587905 -0.00346592 -0.011744 0.070244 3.49379 0 0 0 0 -0 0 -0.000619357 -0.311011 -2.18513 -2.57857 0.0795091 -0.0409222 2.20715 147.867 0.0728475 -0.140053 3.01321 0.00567659 -0.105935 -1.53429 0.158378 -1.27692 1.01997 -0.0941913 0.0685268 1.61529
209.939 -0.00186155 0.311123 2.18489 2.58064 -0.078813 0.0388618 -0.0352155 0.340007 2.31368 2.6797 -0.114564 0.0321397 -0.033354 0.0288844 0.128783 0.0990572 -0.0357507 -0.00672213 0.136132 6.01086 0 0 0 0 -0 0 0.00186155 -0.311123 -2.18489 -2.58064 0.078813 -0.0388618 2.20693 147.979 0.0702018 -0.140432 3.01165 0.00645924 -0.106168 -1.53447 0.159621 -1.27745 1.01885 -0.0932033 0.0707947 1.61633
210.246 -0.00502032 0.311226 2.18466 2.58255 -0.078419 0.0369191 -0.0362713 0.331356 2.24922 2.56054 -0.0468512 0.039719 -0.0312509 0.0201302 0.0645637 -0.0220152 0.0315678 0.00279994 0.0745005 2.20514 0 0 0 0 -0 0 0.00502032 -0.311226 -2.18466 -2.58255 0.078419 -0.0369191 2.20672 148.083 0.0665666 -0.140951 3.00921 0.00720614 -0.106533 -1.53478 0.160331 -1.27838 1.01701 -0.0924904 0.0730492 1.61731
210.556 -0.00830216 0.310862 2.18447 2.5845 -0.0786164 0.0355268 -0.0412617 0.339964 2.31341 2.67586 -0.123916 0.0347151 -0.0329596 0.0291019 0.128941 0.0913673 -0.0452995 -0.000811704 0.136231 5.83862 0 0 0 0 -0 0 0.00830216 -0.310862 -2.18447 -2.5845 0.0786164 -0.0355268 2.20649 148.191 0.062792 -0.141457 3.00622 0.00748294 -0.10685 -1.53517 0.159988 -1.27965 1.01479 -0.0921133 0.0753156 1.61804
210.836 -0.00982994 0.310953 2.18423 2.58557 -0.0788815 0.0349027 -0.0419991 0.329529 2.24327 2.59423 -0.0999307 0.0306235 -0.0321692 0.0185752 0.0590483 0.00865292 -0.0210492 -0.00427918 0.069761 1.31849 0 0 0 0 -0 0 0.00982994 -0.310953 -2.18423 -2.58557 0.0788815 -0.0349027 2.20627 148.252 0.0598721 -0.141808 3.00362 0.007649 -0.107447 -1.53549 0.159451 -1.28044 1.01357 -0.0920743 0.0767873 1.61839
211.188 -0.0123185 0.3117 2.18393 2.58819 -0.08115 0.0343052 -0.0458433 0.335882 2.28601 2.64404 -0.064281 0.0250333 -0.0335248 0.0241824 0.102081 0.0558548 0.016869 -0.00927194 0.110133 3.3482 0 0 0 0 -0 0 0.0123185 -0.3117 -2.18393 -2.58819 0.08115 -0.0343052 2.2061 148.403 0.0558646 -0.142186 3.00001 0.00792518 -0.108594 -1.53595 0.157257 -1.28285 1.01059 -0.0938845 0.08086 1.61931
211.513 -0.0134543 0.311216 2.18385 2.58933 -0.0841097 0.0350038 -0.0457479 0.32952 2.23685 2.54517 -0.125678 0.0514763 -0.0322936 0.0183043 0.0530036 -0.0441616 -0.0415683 0.0164725 0.0647094 3.53047 0 0 0 0 -0 0 0.0134543 -0.311216 -2.18385 -2.58933 0.0841097 -0.0350038 2.20595 148.476 0.0527711 -0.142362 2.99739 0.00815674 -0.109172 -1.53631 0.155499 -1.28453 1.00901 -0.096923 0.0827334 1.6198
211.809 -0.0145454 0.30966 2.184 2.58965 -0.0882716 0.0366474 -0.0479814 0.336797 2.28533 -2.93534 0.0341466 0.0116241 -0.033436 0.0271372 0.101331 -5.52499 0.122418 -0.0250233 0.110101 43.9606 0 0 0 0 -0 0 0.0145454 -0.30966 -2.184 -2.58965 0.0882716 -0.0366474 2.20589 148.506 0.0495992 -0.142422 2.99497 0.00830957 -0.109369 -1.53669 0.153506 -1.28632 1.00766 -0.101413 0.0834683 1.62016
212.065 -0.0154307 0.307738 2.18425 2.58922 -0.0915661 0.0381782 -0.0480535 0.327431 2.24924 2.56254 -0.0536887 0.040647 -0.0326228 0.0196929 0.0649898 -0.0266828 0.0378774 0.0024688 0.0753375 2.6524 0 0 0 0 -0 0 0.0154307 -0.307738 -2.18425 -2.58922 0.0915661 -0.0381782 2.20588 148.492 0.0474413 -0.142397 2.99353 0.008313 -0.109146 -1.53695 0.152077 -1.28754 1.00691 -0.104989 0.0830022 1.62037
212.4 -0.0173809 0.302872 2.18513 2.58605 -0.0984103 0.0416495 -0.0498085 0.323535 2.24247 2.59614 -0.108417 0.0326834 -0.0324277 0.0206625 0.0573413 0.0100972 -0.0100071 -0.00896615 0.06904 0.930411 0 0 0 0 -0 0 0.0173809 -0.302872 -2.18513 -2.58605 0.0984103 -0.0416495 2.20608 148.334 0.0430332 -0.142231 2.99117 0.00814538 -0.108253 -1.53744 0.149017 -1.28994 1.00573 -0.112394 0.0793496 1.62084
212.958 -0.0206036 0.293651 2.18704 2.57692 -0.1079 0.0462558 -0.0536246 0.31998 2.27975 2.59844 -0.103322 0.0479725 -0.033021 0.0263288 0.0927092 0.0215139 0.00457813 0.00171679 0.101875 1.27411 0 0 0 0 -0 0 0.0206036 -0.293651 -2.18704 -2.57692 0.1079 -0.0462558 2.20676 147.847 0.0351054 -0.141825 2.98841 0.00787049 -0.106345 -1.53816 0.143321 -1.29402 1.00467 -0.122467 0.0689796 1.62228
213.291 -0.0239311 0.288719 2.18797 2.57245 -0.111096 0.0472754 -0.0558774 0.317098 2.27957 -2.87829 0.0653444 0.0241808 -0.0319463 0.0283796 0.0916002 -5.45074 0.176441 -0.0230946 0.101077 48.6811 0 0 0 0 -0 0 0.0239311 -0.288719 -2.18797 -2.57245 0.111096 -0.0472754 2.20707 147.602 0.0305132 -0.14172 2.98735 0.00700766 -0.105319 -1.53845 0.140062 -1.29627 1.00454 -0.124778 0.0637067 1.62335
213.642 -0.0269193 0.2863 2.18854 2.56864 -0.11176 0.0469743 -0.0577348 0.306227 2.24523 2.53237 -0.0987146 0.0304942 -0.0308155 0.019927 0.0566944 -0.0362656 0.0130459 -0.0164801 0.0675347 2.48601 0 0 0 0 -0 0 0.0269193 -0.2863 -2.18854 -2.56864 0.11176 -0.0469743 2.20735 147.384 0.0270945 -0.141784 2.98682 0.00611848 -0.104967 -1.53859 0.13767 -1.2978 1.00452 -0.124224 0.0595932 1.62426
213.904 -0.0297126 0.285539 2.189 2.56378 -0.110767 0.0457774 -0.06136 0.302131 2.23653 2.56005 -0.135582 0.0513295 -0.0316474 0.0165926 0.0475257 -0.00372796 -0.0248149 0.00555215 0.0594607 1.46687 0 0 0 0 -0 0 0.0297126 -0.285539 -2.189 -2.56378 0.110767 -0.0457774 2.20775 147.1 0.0237481 -0.142004 2.98653 0.0053226 -0.10515 -1.53865 0.135368 -1.29909 1.00445 -0.121888 0.0548705 1.62522
214.152 -0.0321543 0.286099 2.18943 2.55772 -0.108408 0.0439437 -0.0655628 0.308021 2.27963 2.60485 -0.110502 0.0484318 -0.0334085 0.0219216 0.0902066 0.047121 -0.00209424 0.00448812 0.0986606 2.74253 0 0 0 0 -0 0 0.0321543 -0.286099 -2.18943 -2.55772 0.108408 -0.0439437 2.20828 146.742 0.0205153 -0.142386 2.98645 0.00469555 -0.105672 -1.53865 0.133208 -1.30009 1.00425 -0.118229 0.0491988 1.62618
214.476 -0.0360034 0.28756 2.19002 2.54809 -0.104001 0.0410372 -0.0678214 0.309124 2.27949 -2.87597 0.0618411 0.0248777 -0.031818 0.0215638 0.0894725 -5.42406 0.165842 -0.0161595 0.0973792 50.0654 0 0 0 0 -0 0 0.0360034 -0.28756 -2.19002 -2.54809 0.104001 -0.0410372 2.20911 146.172 0.0164435 -0.143136 2.98664 0.00356159 -0.10627 -1.53853 0.130593 -1.30085 1.00369 -0.111768 0.0398899 1.62732
214.762 -0.037924 0.288653 2.19031 2.54288 -0.101127 0.0393129 -0.0693188 0.304568 2.24044 2.49223 -0.123864 0.0498347 -0.0313947 0.0159147 0.0501349 -0.0506482 -0.0227371 0.0105218 0.061257 3.1762 0 0 0 0 -0 0 0.037924 -0.288653 -2.19031 -2.54288 0.101127 -0.0393129 2.20957 145.862 0.0145378 -0.143609 2.98681 0.00298666 -0.106548 -1.53843 0.129397 -1.30098 1.00326 -0.107825 0.0347621 1.62778
215.039 -0.0404813 0.290801 2.19065 2.53546 -0.0960285 0.0364092 -0.0734197 0.30624 2.24533 2.53217 -0.10741 0.0317091 -0.0329384 0.015439 0.0546817 -0.00328834 -0.0113816 -0.00470017 0.0656764 0.737013 0 0 0 0 -0 0 0.0404813 -0.290801 -2.19065 -2.53546 0.0960285 -0.0364092 2.21023 145.418 0.0118766 -0.144433 2.98709 0.00225247 -0.106999 -1.53824 0.127746 -1.30089 1.00244 -0.101154 0.0273993 1.62821
215.373 -0.0439281 0.296192 2.19075 2.52591 -0.0856767 0.0307466 -0.0776339 0.314355 2.28271 2.52668 -0.101516 0.0474877 -0.0337057 0.0181637 0.0919644 0.000771601 -0.0158392 0.0167411 0.0996165 1.32412 0 0 0 0 -0 0 0.0439281 -0.296192 -2.19075 -2.52591 0.0856767 -0.0307466 2.21112 144.837 0.00805252 -0.146063 2.98737 0.0012921 -0.108139 -1.53787 0.125383 -1.30013 1.00067 -0.0885547 0.0184638 1.62815
216.291 -0.0485861 0.306541 2.18964 2.52252 -0.0614458 0.0164913 -0.0815268 0.323728 2.25117 2.49499 -0.0784151 0.0112991 -0.0329406 0.0171865 0.0615328 -0.0275341 -0.0169693 -0.00519221 0.0718801 1.89424 0 0 0 0 -0 0 0.0485861 -0.306541 -2.18964 -2.52252 0.0614458 -0.0164913 2.21153 144.578 0.00341684 -0.149366 2.98729 -0.000353789 -0.109667 -1.53709 0.121795 -1.29727 0.99694 -0.0589312 0.015354 1.62667
216.623 -0.0502509 0.309605 2.18899 2.52522 -0.0476263 0.00737582 -0.0835676 0.326883 2.25242 2.52932 -0.041937 0.0230427 -0.0333167 0.0172787 0.0634328 0.00410628 0.00568924 0.0156669 0.073704 0.993078 0 0 0 0 -0 0 0.0502509 -0.309605 -2.18899 -2.52522 0.0476263 -0.00737582 2.21135 144.705 0.00242326 -0.150808 2.98765 -0.00141302 -0.10945 -1.53669 0.120094 -1.2955 0.995652 -0.0413378 0.0172806 1.62628
216.956 -0.0508513 0.311628 2.18848 2.52805 -0.0365204 -0.000249259 -0.0854611 0.327673 2.25127 2.49287 -0.0806255 0.0117602 -0.0346098 0.0160453 0.0627848 -0.0351797 -0.0441051 0.0120095 0.0734658 3.28014 0 0 0 0 -0 0 0.0508513 -0.311628 -2.18848 -2.52805 0.0365204 0.000249259 2.21114 144.852 0.0021698 -0.151852 2.98833 -0.00218324 -0.109119 -1.53636 0.118713 -1.29406 0.995094 -0.0271371 0.0194351 1.62627
217.301 -0.0509746 0.312534 2.18795 2.53313 -0.0222694 -0.0102414 -0.0855601 0.330862 2.25273 2.52905 -0.0529053 -0.00918694 -0.0345855 0.0183284 0.0647813 -0.00408535 -0.0306359 0.00105443 0.0756882 1.77167 0 0 0 0 -0 0 0.0509746 -0.312534 -2.18795 -2.53313 0.0222694 0.0102414 2.21074 145.134 0.00253567 -0.153196 2.98989 -0.00329159 -0.10788 -1.5359 0.116759 -1.29209 0.995041 -0.00866003 0.0229643 1.62655
217.591 -0.0501196 0.31238 2.18765 2.5374 -0.0129721 -0.0166645 -0.0854608 0.331604 2.25126 2.49069 -0.0806725 0.0119084 -0.0353412 0.0192248 0.0636106 -0.0467056 -0.0677004 0.0285729 0.0752656 4.94704 0 0 0 0 -0 0 0.0501196 -0.31238 -2.18765 -2.5374 0.0129721 0.0166645 2.21041 145.378 0.00336835 -0.154199 2.99153 -0.003967 -0.106597 -1.53556 0.115266 -1.29066 0.995515 0.00337196 0.0258381 1.62681
217.928 -0.0487517 0.31209 2.18749 2.54018 -0.00750244 -0.0202863 -0.085888 0.336657 2.28482 2.5979 0.0234592 -0.0368096 -0.0371362 0.0245672 0.0973229 0.0577203 0.0309617 -0.0165233 0.107025 3.87677 0 0 0 0 -0 0 0.0487517 -0.31209 -2.18749 -2.54018 0.00750244 0.0202863 2.21018 145.54 0.00419807 -0.154887 2.99286 -0.00417495 -0.105653 -1.53536 0.114282 -1.28976 0.996053 0.0100273 0.0276193 1.62689
218.222 -0.0445153 0.312106 2.18723 2.54486 0.00115378 -0.0254576 -0.0816217 0.330842 2.25259 2.52891 -0.0507004 -0.00950865 -0.0371063 0.0187359 0.0653577 -0.0159532 -0.0518542 0.0159489 0.0774567 3.2335 0 0 0 0 -0 0 0.0445153 -0.312106 -2.18723 -2.54486 -0.00115378 0.0254576 2.20984 145.813 0.00650955 -0.156373 2.99601 -0.00416669 -0.104047 -1.53502 0.112342 -1.28814 0.997606 0.0200357 0.030682 1.62669

218.592 -0.0380578 0.313636 2.18692 2.54851 0.0079293 -0.0287248 -0.077708 0.331735 2.25178 2.56528 -0.0182403 -0.0301282 -0.0396503 0.0180989 0.0648587 0.0167783 -0.0261696 -0.00140334 0.0781432 1.78268 0 0 0 0 -0 0 0.0380578 -0.313636 -2.18692 -2.54851 -0.0079293 0.0287248 2.20962 146.029 0.00964101 -0.158079 2.99962 -0.00346638 -0.103176 -1.53481 0.110398 -1.28695 0.999672 0.0267538 0.0335204 1.62594
219.123 -0.0263945 0.320715 2.18579 2.55353 0.0162866 -0.0312178 -0.0658983 0.335595 2.25129 2.56235 -0.0117342 -0.0310563 -0.0395038 0.0148796 0.065509 0.0088171 -0.0280208 0.000161516 0.0779319 1.68307 0 0 0 0 -0 0 0.0263945 -0.320715 -2.18579 -2.55353 -0.0162866 0.0312178 2.20935 146.327 0.0145322 -0.160553 3.00434 -0.00156037 -0.10475 -1.53426 0.107893 -1.28655 1.00306 0.0331061 0.0402461 1.62418
219.419 0.0125171 0.361429 2.18148 2.53947 0.0384088 -0.0303217 -0.0459521 0.364287 2.28295 2.57882 0.0440836 -0.0403796 -0.0584692 0.00285786 0.101464 0.0393572 0.00567486 -0.0100578 0.11714 2.37273 0 0 0 0 -0 0 -0.0125171 -0.361429 -2.18148 -2.53947 -0.0384088 0.0303217 2.21126 145.545 0.018875 -0.162546 3.00912 0.0093361 -0.121866 -1.52556 0.105663 -1.28695 1.00673 0.0396895 0.0438756 1.62001
220.217 0.12333 0.430081 2.17267 2.4795 0.132549 0.0154318 0.0675928 0.439063 2.21334 2.42994 0.0827205 -0.00127546 -0.0557377 0.00898203 0.0406745 -0.049565 -0.0498288 -0.0167073 0.0695829 4.06765 0 0 0 0 -0 0 -0.12333 -0.430081 -2.17267 -2.4795 -0.132549 -0.0154318 2.21826 142.094 0.0249993 -0.160968 3.01904 0.0216435 -0.153204 -1.46178 0.0984908 -1.28829 1.01504 0.0722999 0.0161061 1.58919
220.5 0.152364 0.437068 2.17198 2.45635 0.16413 0.0345836 0.104811 0.458097 2.24472 2.49225 0.130296 0.0392288 -0.0475528 0.0210295 0.0727427 0.0359002 -0.0338337 0.00464519 0.0894148 2.81049 0 0 0 0 -0 0 -0.152364 -0.437068 -2.17198 -2.45635 -0.16413 -0.0345836 2.22075 140.72 0.0241749 -0.157339 3.02072 0.0195571 -0.157257 -1.43382 0.0958547 -1.28827 1.01701 0.0865261 -0.002812 1.58031
220.859 0.188776 0.439757 2.17229 2.42109 0.203013 0.0569797 0.136313 0.464386 2.24689 2.42254 0.143409 0.0362997 -0.052463 0.0246293 0.0745976 0.00145034 -0.0596043 -0.02068 0.0944657 3.62039 0 0 0 0 -0 0 -0.188776 -0.439757 -2.17229 -2.42109 -0.203013 -0.0569797 2.22438 138.627 0.0206769 -0.149867 3.02216 0.0143299 -0.15984 -1.39273 0.0919704 -1.28741 1.01945 0.107533 -0.034577 1.57495
221.121 0.216824 0.442744 2.17235 2.39003 0.228865 0.0694576 0.166449 0.461913 2.23034 2.39696 0.214696 0.0706848 -0.0503747 0.0191689 0.0579859 0.00693033 -0.014169 0.00122719 0.0791671 0.899616 0 0 0 0 -0 0 -0.216824 -0.442744 -2.17235 -2.39003 -0.228865 -0.0694576 2.22759 136.807 0.0161773 -0.14232 3.02287 0.0100651 -0.162129 -1.35962 0.0887561 -1.28584 1.02125 0.124148 -0.062825 1.57722
221.453 0.254165 0.449302 2.17176 2.33849 0.258088 0.0786989 0.198147 0.467958 2.23598 2.37439 0.20787 0.0891138 -0.0560173 0.0186561 0.0642174 0.0358978 -0.0502181 0.0104149 0.0872345 3.50677 0 0 0 0 -0 0 -0.254165 -0.449302 -2.17176 -2.33849 -0.258088 -0.0786989 2.23227 133.847 0.00755039 -0.129711 3.02387 0.00367246 -0.16582 -1.31295 0.0840133 -1.28182 1.02385 0.146447 -0.106666 1.58826
221.73 0.271118 0.451234 2.17179 2.31163 0.269632 0.0820163 0.230039 0.471218 2.22381 2.31325 0.27737 0.0744367 -0.0410788 0.0199843 0.0520186 0.00161998 0.00773782 -0.0075796 0.0692299 0.644677 0 0 0 0 -0 0 -0.271118 -0.451234 -2.17179 -2.31163 -0.269632 -0.0820163 2.23468 132.315 0.00207837 -0.122329 3.02446 -0.000347868 -0.166742 -1.28895 0.0814207 -1.27879 1.02525 0.157436 -0.130647 1.59642
222.074 0.303311 0.456576 2.17132 2.25597 0.288761 0.0861876 0.25771 0.474031 2.22789 2.26389 0.287517 0.0724795 -0.0456013 0.0174547 0.0565738 0.0079232 -0.0012441 -0.0137081 0.0747311 1.01529 0 0 0 0 -0 0 -0.303311 -0.456576 -2.17132 -2.25597 -0.288761 -0.0861876 2.23944 129.163 -0.011159 -0.10551 3.02568 -0.0088457 -0.168512 -1.24028 0.07574 -1.27028 1.02816 0.178715 -0.179802 1.61578
222.397 0.333837 0.463655 2.16981 2.20399 0.304182 0.0911532 0.285631 0.481958 2.23305 2.24463 0.286549 0.0884753 -0.0482062 0.0183034 0.0632461 0.0406414 -0.0176323 -0.00267788 0.0816022 2.58346 0 0 0 0 -0 0 -0.333837 -0.463655 -2.16981 -2.20399 -0.304182 -0.0911532 2.24377 126.218 -0.027382 -0.0860401 3.02691 -0.0172497 -0.17005 -1.1913 0.0694585 -1.25808 1.03115 0.197121 -0.225567 1.63642
223.49 0.418926 0.4877 2.15808 2.12125 0.346551 0.142739 0.389423 0.513766 2.23548 2.11383 0.357159 0.1049 -0.0295027 0.0260653 0.0774035 -0.00742276 0.0106085 -0.0378395 0.0868396 2.14831 0 0 0 0 -0 0 -0.418926 -0.4877 -2.15808 -2.12125 -0.346551 -0.142739 2.25181 121.251 -0.093863 -0.0122783 3.0316 -0.0350062 -0.170522 -1.04909 0.0479578 -1.19416 1.03997 0.219109 -0.303164 1.68678
224.166 0.457934 0.495966 2.14926 2.13688 0.37417 0.185928 0.427848 0.519344 2.22185 2.12634 0.363247 0.189179 -0.0300861 0.0233776 0.0725843 -0.0105401 -0.010923 0.00325133 0.0819766 0.93377 0 0 0 0 -0 0 -0.457934 -0.495966 -2.14926 -2.13688 -0.37417 -0.185928 2.25278 121.821 -0.145387 0.0405278 3.03567 -0.0391163 -0.16613 -0.974396 0.0331722 -1.13558 1.04413 0.218683 -0.294997 1.71382
224.771 0.479001 0.509562 2.13894 2.17525 0.393244 0.210566 0.452327 0.527039 2.18551 2.13563 0.387011 0.194759 -0.0266743 0.017477 0.0465676 -0.0396174 -0.00623231 -0.0158071 0.0564403 2.12983 0 0 0 0 -0 0 -0.479001 -0.509562 -2.13894 -2.17525 -0.393244 -0.210566 2.25037 123.763 -0.197375 0.0905984 3.04035 -0.0409194 -0.163865 -0.914582 0.0187627 -1.07283 1.0471 0.219035 -0.261923 1.74923
225.08 0.485674 0.517331 2.1345 2.1974 0.401314 0.216768 0.461572 0.535261 2.18406 2.15915 0.382846 0.209708 -0.0241018 0.0179294 0.0495588 -0.0382457 -0.0184678 -0.00706043 0.057952 2.32541 0 0 0 0 -0 0 -0.485674 -0.517331 -2.1345 -2.1974 -0.401314 -0.216768 2.24936 124.939 -0.226208 0.117177 3.0431 -0.0418673 -0.163293 -0.885401 0.0108351 -1.03728 1.04842 0.221539 -0.240567 1.77286
225.411 0.489459 0.524269 2.12966 2.22905 0.409989 0.217482 0.474993 0.550736 2.21555 2.22238 0.401676 0.211471 -0.0144664 0.0264667 0.0858919 -0.00667331 -0.00831243 -0.0060113 0.0910339 0.62244 0 0 0 0 -0 0 -0.489459 -0.524269 -2.12966 -2.22905 -0.409989 -0.217482 2.2472 126.684 -0.267662 0.154179 3.04694 -0.0433304 -0.160951 -0.847233 -0.000580598 -0.985898 1.04996 0.228679 -0.209754 1.81013
225.681 0.490484 0.528471 2.1265 2.2526 0.41656 0.213103 0.478517 0.559014 2.21389 2.2476 0.38933 0.228892 -0.011967 0.0305428 0.0873841 -0.00499626 -0.0272294 0.0157884 0.0933384 1.88076 0 0 0 0 -0 0 -0.490484 -0.528471 -2.1265 -2.2526 -0.41656 -0.213103 2.24541 128.024 -0.300999 0.183061 3.04973 -0.0440707 -0.158994 -0.818789 -0.009809 -0.944623 1.05089 0.236843 -0.185916 1.84156
226.067 0.487368 0.526649 2.12461 2.28575 0.424505 0.203838 0.478961 0.562474 2.21608 2.26292 0.40534 0.207224 -0.00840645 0.0358251 0.0914706 -0.0228316 -0.0191651 0.0033861 0.098595 1.7774 0 0 0 0 -0 0 -0.487368 -0.526649 -2.12461 -2.28575 -0.424505 -0.203838 2.24251 129.944 -0.348387 0.222995 3.05303 -0.0454863 -0.15349 -0.781602 -0.0230529 -0.886342 1.05175 0.250854 -0.154122 1.88636
226.384 0.482353 0.524287 2.12349 2.31545 0.433261 0.19255 0.475521 0.560111 2.2182 2.28228 0.416139 0.18915 -0.00683177 0.0358247 0.0947118 -0.0331694 -0.0171219 -0.00339923 0.101491 2.07528 0 0 0 0 -0 0 -0.482353 -0.524287 -2.12349 -2.31545 -0.433261 -0.19255 2.23981 131.697 -0.398922 0.264362 3.05569 -0.0463513 -0.148532 -0.74488 -0.0374327 -0.824675 1.05196 0.266185 -0.124844 1.93195
226.736 0.47779 0.523973 2.12238 2.33372 0.441233 0.183266 0.471485 0.558001 2.2175 2.33438 0.413404 0.189933 -0.00630538 0.0340279 0.095119 0.000659321 -0.0278293 0.00666706 0.101219 1.63638 0 0 0 0 -0 0 -0.47779 -0.523973 -2.12238 -2.33372 -0.441233 -0.183266 2.2377 132.804 -0.43875 0.296204 3.05722 -0.0464714 -0.145728 -0.71742 -0.0491237 -0.776431 1.05162 0.278351 -0.106079 1.96488
227.065 0.474603 0.521938 2.12309 2.34798 0.45131 0.176339 0.457401 0.546943 2.17371 2.30945 0.433933 0.180487 -0.0172015 0.0250054 0.050625 -0.0385307 -0.0173769 0.0041477 0.0590259 2.52398 0 0 0 0 -0 0 -0.474603 -0.521938 -2.12309 -2.34798 -0.45131 -0.176339 2.23723 133.669 -0.48015 0.328663 3.05827 -0.0463725 -0.143381 -0.689908 -0.0617445 -0.726726 1.05083 0.291227 -0.0901634 1.99585
227.408 0.468468 0.521193 2.1219 2.36056 0.462246 0.167748 0.456866 0.552077 2.19402 2.32786 0.459782 0.178835 -0.0116019 0.030884 0.0721228 -0.0327054 -0.00246354 0.0110866 0.0793103 2.23476 0 0 0 0 -0 0 -0.468468 -0.521193 -2.1219 -2.36056 -0.462246 -0.167748 2.23463 134.466 -0.523058 0.36167 3.05873 -0.0459653 -0.140585 -0.662448 -0.0754158 -0.675759 1.04953 0.304438 -0.0772279 2.02446
227.831 0.464518 0.517701 2.12223 2.36952 0.480371 0.159815 0.452075 0.548086 2.18954 2.34392 0.476376 0.158554 -0.0124435 0.0303844 0.0673109 -0.0256023 -0.0039952 -0.00126102 0.074892 1.4532 0 0 0 0 -0 0 -0.464518 -0.517701 -2.12223 -2.36952 -0.480371 -0.159815 2.2333 135.068 -0.582512 0.406361 3.05863 -0.0442252 -0.137233 -0.625562 -0.0956129 -0.606045 1.04703 0.322498 -0.0666861 2.05817
228.196 0.464114 0.513433 2.12369 2.36926 0.495907 0.155652 0.448137 0.544121 2.18898 2.34553 0.473644 0.159855 -0.0159766 0.0306875 0.0652859 -0.0237254 -0.0222633 0.00420363 0.0738866 1.95905 0 0 0 0 -0 0 -0.464114 -0.513433 -2.12369 -2.36926 -0.495907 -0.155652 2.23363 135.123 -0.628728 0.440228 3.05832 -0.0422879 -0.134666 -0.59753 -0.112537 -0.552553 1.04466 0.33652 -0.0656182 2.0799
228.576 0.462915 0.512003 2.12367 2.36096 0.512091 0.150091 0.448652 0.544453 2.20571 2.3665 0.502635 0.158868 -0.0142629 0.0324504 0.0820496 0.00553607 -0.00945615 0.00877685 0.089379 0.70165 0 0 0 0 -0 0 -0.462915 -0.512003 -2.12367 -2.36096 -0.512091 -0.150091 2.23302 134.762 -0.676287 0.474215 3.05805 -0.0398769 -0.132328 -0.568984 -0.131221 -0.49811 1.04192 0.350615 -0.071373 2.0988
228.854 0.462987 0.507534 2.12594 2.34003 0.532571 0.145297 0.439667 0.529575 2.15706 2.29876 0.532832 0.128467 -0.0233198 0.0220411 0.0311226 -0.0412744 0.000260704 -0.0168299 0.0447017 2.051 0 0 0 0 -0 0 -0.462987 -0.507534 -2.12594 -2.34003 -0.532571 -0.145297 2.23418 133.72 -0.741698 0.5194 3.05796 -0.0369998 -0.128559 -0.530196 -0.159176 -0.424218 1.03776 0.368588 -0.0893013 2.12062
229.162 0.46434 0.505097 2.12783 2.32636 0.541987 0.143866 0.441325 0.528965 2.16994 2.31421 0.561642 0.126535 -0.0230144 0.0238686 0.0421049 -0.0121441 0.0196548 -0.0173311 0.0535929 1.41913 0 0 0 0 -0 0 -0.46434 -0.505097 -2.12783 -2.32636 -0.541987 -0.143866 2.23571 133.015 -0.775204 0.541811 3.05804 -0.0355737 -0.126869 -0.510427 -0.174551 -0.386805 1.03551 0.37684 -0.101869 2.13072
229.512 0.464919 0.505067 2.12919 2.29198 0.558324 0.138439 0.440746 0.525179 2.16222 2.25667 0.524553 0.132057 -0.0241735 0.0201116 0.033032 -0.0353148 -0.0337709 -0.00638237 0.0456064 2.68497 0 0 0 0 -0 0 -0.464919 -0.505067 -2.12919 -2.29198 -0.558324 -0.138439 2.23712 131.263 -0.843706 0.585998 3.05844 -0.0326965 -0.123794 -0.470056 -0.20833 -0.311343 1.03076 0.392297 -0.131295 2.15085
229.844 0.464789 0.500591 2.13176 2.26838 0.568139 0.13549 0.444632 0.524916 2.17671 2.27285 0.553871 0.130275 -0.0201567 0.024325 0.0449516 0.00446415 -0.014268 -0.00521496 0.0549422 0.950799 0 0 0 0 -0 0 -0.464789 -0.500591 -2.13176 -2.26838 -0.568139 -0.13549 2.23853 130.056 -0.896271 0.618393 3.05879 -0.0313294 -0.119485 -0.43969 -0.236444 -0.254507 1.02705 0.403587 -0.153752 2.16724
230.157 0.466107 0.497878 2.13394 2.23972 0.579908 0.129577 0.44773 0.52396 2.19651 2.24396 0.573568 0.131228 -0.0183776 0.0260811 0.0625688 0.00424129 -0.00633986 0.00165162 0.070234 0.417778 0 0 0 0 -0 0 -0.466107 -0.497878 -2.13394 -2.23972 -0.579908 -0.129577 2.24027 128.633 -0.967625 0.66028 3.05917 -0.0291003 -0.114791 -0.398931 -0.277777 -0.178841 1.02193 0.418096 -0.179953 2.19239
230.438 0.466501 0.497865 2.13457 2.22231 0.587745 0.123708 0.44773 0.52396 2.19651 2.24396 0.573568 0.131228 -0.0187713 0.0260946 0.0619356 0.0216507 -0.0141762 0.0075206 0.0697804 1.34086 0 0 0 0 -0 0 -0.466501 -0.497865 -2.13457 -2.22231 -0.587745 -0.123708 2.24096 127.812 -1.0219 0.69053 3.05933 -0.0275859 -0.111484 -0.368359 -0.311753 -0.122436 1.01789 0.42884 -0.195069 2.214
230.737 0.467196 0.50052 2.13449 2.20892 0.595817 0.117011 0.460078 0.534018 2.24259 2.23469 0.569477 0.119938 -0.00711848 0.0334983 0.108103 0.0257684 -0.0263393 0.00292619 0.113398 2.05252 0 0 0 0 -0 0 -0.467196 -0.50052 -2.13449 -2.20892 -0.595817 -0.117011 2.24161 127.229 -1.0767 0.719649 3.05936 -0.026161 -0.109109 -0.337806 -0.348315 -0.0665432 1.01362 0.439614 -0.205299 2.23776
231.044 0.467612 0.508179 2.13275 2.1985 0.607693 0.106994 0.454659 0.53062 2.21619 2.21176 0.595677 0.130012 -0.0129536 0.0224416 0.0834424 0.0132614 -0.0120162 0.0230178 0.0873731 1.28694 0 0 0 0 -0 0 -0.467612 -0.508179 -2.13275 -2.1985 -0.607693 -0.106994 2.24177 126.886 -1.15041 0.756571 3.05908 -0.0243454 -0.106966 -0.2973 -0.401047 0.00684622 1.00752 0.454237 -0.210318 2.27204
231.335 0.467877 0.515261 2.13062 2.19731 0.618083 0.0999938 0.452122 0.537331 2.20396 2.17388 0.619075 0.0820419 -0.0157545 0.0220693 0.0733398 -0.0234339 0.000991884 -0.0179519 0.078192 1.12361 0 0 0 0 -0 0 -0.467877 -0.515261 -2.13062 -2.19731 -0.618083 -0.0999938 2.24142 126.994 -1.20614 0.782753 3.05859 -0.0229765 -0.105464 -0.267105 -0.44349 0.0607928 1.00265 0.465326 -0.207529 2.29906
231.622 0.46705 0.521144 2.12868 2.20343 0.628782 0.0955925 0.452073 0.544972 2.20372 2.16885 0.619747 0.0793861 -0.0149762 0.0238281 0.0750441 -0.0345767 -0.00903549 -0.0162063 0.0801479 1.70433 0 0 0 0 -0 0 -0.46705 -0.521144 -2.12868 -2.20343 -0.628782 -0.0955925 2.24076 127.46 -1.26223 0.807592 3.05788 -0.022047 -0.103231 -0.237455 -0.488223 0.113633 0.997567 0.475377 -0.199182 2.32693
231.88 0.465775 0.531031 2.12475 2.22114 0.643271 0.0935092 0.452025 0.552612 2.20348 2.16382 0.620403 0.0767273 -0.0137504 0.0215815 0.0787259 -0.0573225 -0.0228684 -0.0167818 0.0827804 3.11395 0 0 0 0 -0 0 -0.465775 -0.531031 -2.12475 -2.22114 -0.643271 -0.0935092 2.23909 128.537 -1.33751 0.838564 3.05661 -0.0204335 -0.100684 -0.198628 -0.551063 0.182128 0.990605 0.485541 -0.180507 2.3652
232.153 0.46589 0.533518 2.12371 2.23419 0.650299 0.0956036 0.452178 0.561451 2.20424 2.19349 0.615776 0.0939345 -0.0137119 0.0279329 0.0805238 -0.0406971 -0.0345237 -0.00166909 0.0863269 3.01571 0 0 0 0 -0 0 -0.46589 -0.533518 -2.12371 -2.23419 -0.650299 -0.0956036 2.23872 129.245 -1.37534 0.853112 3.05586 -0.0196788 -0.0988784 -0.179633 -0.583703 0.215434 0.987097 0.489066 -0.168408 2.38472
233.186 0.453821 0.56559 2.10719 2.35911 0.686046 0.116976 0.434563 0.579436 2.14623 2.27356 0.671079 0.0845221 -0.0192578 0.0138454 0.0390376 -0.0855515 -0.0149662 -0.0324543 0.0456781 4.09586 0 0 0 0 -0 0 -0.453821 -0.56559 -2.10719 -2.35911 -0.686046 -0.116976 2.22848 135.744 -1.64268 0.936715 3.04982 -0.0137634 -0.0889097 -0.0551141 -0.828572 0.426695 0.964221 0.498233 -0.0642121 2.52858
233.466 0.451406 0.569048 2.10509 2.38445 0.692711 0.118197 0.430717 0.587738 2.14577 2.30603 0.66567 0.101753 -0.0206888 0.0186906 0.0406847 -0.078416 -0.0270406 -0.0164434 0.0493215 4.26085 0 0 0 0 -0 0 -0.451406 -0.569048 -2.10509 -2.38445 -0.692711 -0.118197 2.22688 137.102 -1.70031 0.950416 3.04858 -0.0127973 -0.0866422 -0.0304526 -0.883347 0.465895 0.960262 0.502484 -0.0419711 2.5613
234.104 0.444235 0.581637 2.09769 2.43466 0.705849 0.111601 0.430152 0.607198 2.17161 2.42017 0.704254 0.1149 -0.0140835 0.0255618 0.0739187 -0.0144895 -0.00159515 0.00329975 0.0794716 0.967932 0 0 0 0 -0 0 -0.444235 -0.581637 -2.09769 -2.43466 -0.705849 -0.111601 2.2217 139.954 -1.83483 0.976582 3.04589 -0.0105136 -0.0829265 0.0255391 -1.01175 0.547987 0.952532 0.515031 0.00311154 2.63873
234.628 0.43865 0.592137 2.09282 2.46093 0.716409 0.0983565 0.427799 0.624073 2.18405 2.48448 0.724349 0.107827 -0.0108512 0.0319363 0.0912281 0.0235496 0.00793972 0.00947083 0.0972638 1.16432 0 0 0 0 -0 0 -0.43865 -0.592137 -2.09282 -2.46093 -0.716409 -0.0983565 2.21877 141.647 -1.96906 0.99454 3.0436 -0.00984129 -0.0806866 0.0804532 -1.13931 0.616594 0.946358 0.530405 0.0306062 2.71188
234.927 0.436905 0.59632 2.09174 2.46103 0.720051 0.0909162 0.428204 0.62984 2.19086 2.48205 0.684527 0.115183 -0.00870121 0.03352 0.0991186 0.0210195 -0.0355233 0.0242665 0.104994 2.31562 0 0 0 0 -0 0 -0.436905 -0.59632 -2.09174 -2.46103 -0.720051 -0.0909162 2.21853 141.812 -2.0264 0.999715 3.04295 -0.0100533 -0.0801801 0.103838 -1.19348 0.641936 0.943991 0.537334 0.0335176 2.73971
235.24 0.435113 0.600838 2.0911 2.45372 0.722431 0.0830335 0.418275 0.626054 2.15481 2.45926 0.748295 0.0711398 -0.0168376 0.0252159 0.0637124 0.00553987 0.0258641 -0.0118937 0.0705593 1.74675 0 0 0 0 -0 0 -0.435113 -0.600838 -2.0911 -2.45372 -0.722431 -0.0830335 2.21879 141.587 -2.08359 1.00339 3.04262 -0.0106631 -0.0799168 0.12725 -1.24728 0.664954 0.941752 0.543627 0.0301874 2.76465
235.81 0.435927 0.612152 2.09067 2.41143 0.723745 0.065938 0.408467 0.626581 2.11858 2.41619 0.745875 0.0616418 -0.0274602 0.014429 0.0279042 0.00475607 0.0221301 -0.0042962 0.0417241 1.35364 0 0 0 0 -0 0 -0.435927 -0.612152 -2.09067 -2.41143 -0.723745 -0.065938 2.22164 139.683 -2.21625 1.00624 3.04308 -0.0117823 -0.080291 0.183055 -1.37122 0.710139 0.937059 0.553634 -3.97633e-06 2.8117
236.108 0.439263 0.614901 2.09126 2.38735 0.722562 0.0615085 0.42444 0.652376 2.18626 2.41072 0.723963 0.0744499 -0.0148229 0.0374752 0.0949976 0.0233776 0.00140145 0.0129414 0.103192 1.0176 0 0 0 0 -0 0 -0.439263 -0.614901 -2.09126 -2.38735 -0.722562 -0.0615085 2.22361 138.485 -2.27271 1.00504 3.04358 -0.0117839 -0.0798477 0.207591 -1.42358 0.726109 0.935243 0.555311 -0.0200824 2.82795
236.384 0.442614 0.615583 2.09206 2.36273 0.7195 0.059625 0.424022 0.649239 2.16946 2.35717 0.711205 0.0329147 -0.0185921 0.0336555 0.0773981 -0.00556234 -0.0082949 -0.0267102 0.0864224 1.42464 0 0 0 0 -0 0 -0.442614 -0.615583 -2.09206 -2.36273 -0.7195 -0.059625 2.22521 137.196 -2.32884 1.00238 3.04419 -0.0117648 -0.0780962 0.232276 -1.47548 0.740239 0.933515 0.555232 -0.043079 2.84241
236.696 0.449708 0.614494 2.09454 2.32846 0.714067 0.0617549 0.432086 0.652395 2.18632 2.41122 0.728534 0.0733934 -0.0176215 0.0379008 0.0917717 0.0827626 0.0144677 0.0116385 0.100842 4.40922 0 0 0 0 -0 0 -0.449708 -0.614494 -2.09454 -2.32846 -0.714067 -0.0617549 2.22867 135.301 -2.40294 0.996564 3.04515 -0.0115963 -0.0758765 0.265461 -1.54408 0.756484 0.931311 0.55229 -0.0769018 2.85964
236.949 0.454582 0.615552 2.09551 2.30266 0.70813 0.0655558 0.43498 0.648965 2.1718 2.29573 0.681952 0.0623236 -0.0196025 0.0334134 0.076287 -0.006933 -0.0261783 -0.00323211 0.0855594 1.53212 0 0 0 0 -0 0 -0.454582 -0.615552 -2.09551 -2.30266 -0.70813 -0.0655558 2.23086 133.819 -2.45779 0.990493 3.04603 -0.0115201 -0.0745142 0.290659 -1.59512 0.76692 0.929756 0.547942 -0.103455 2.87175
237.244 0.459905 0.617939 2.09648 2.27749 0.70107 0.0719623 0.431004 0.63608 2.1288 2.2661 0.690225 0.0542833 -0.0289013 0.018141 0.0323206 -0.0113932 -0.0108453 -0.017679 0.047 0.99544 0 0 0 0 -0 0 -0.459905 -0.617939 -2.09648 -2.27749 -0.70107 -0.0719623 2.23352 132.314 -2.5119 0.98296 3.04702 -0.011543 -0.0740031 0.316099 -1.64589 0.776047 0.928251 0.541497 -0.13005 2.88393
237.854 0.472188 0.627637 2.09674 2.23053 0.680116 0.0961828 0.450806 0.654687 2.16568 2.27155 0.69337 0.096847 -0.0213822 0.0270497 0.0689338 0.0410136 0.0132549 0.000664212 0.0770763 2.44681 0 0 0 0 -0 0 -0.472188 -0.627637 -2.09674 -2.23053 -0.680116 -0.0961828 2.23902 129.234 -2.63486 0.959667 3.04956 -0.0110672 -0.0739561 0.376452 -1.76352 0.793103 0.924865 0.517672 -0.186713 2.91655
238.366 0.4822 0.643834 2.09416 2.19791 0.655202 0.12458 0.46483 0.670354 2.17355 2.21607 0.658655 0.101337 -0.0173703 0.0265198 0.0793866 0.0181622 0.00345341 -0.0232426 0.0854826 2.14192 0 0 0 0 -0 0 -0.4822 -0.643834 -2.09416 -2.19791 -0.655202 -0.12458 2.24333 126.851 -2.75273 0.928154 3.05254 -0.00945923 -0.0758685 0.43717 -1.88084 0.805381 0.921481 0.486421 -0.233041 2.95897
238.64 0.484778 0.652969 2.09285 2.18501 0.646136 0.133261 0.461911 0.668713 2.13801 2.14368 0.662295 0.0911425 -0.0228674 0.0157439 0.0451577 -0.0413308 0.0161587 -0.0421183 0.0530095 2.30919 0 0 0 0 -0 0 -0.484778 -0.652969 -2.09285 -2.18501 -0.646136 -0.133261 2.24531 125.967 -2.80162 0.912012 3.054 -0.00885112 -0.077856 0.462977 -1.93131 0.809282 0.920002 0.474978 -0.249719 2.98005
239.115 0.483849 0.669659 2.09054 2.1588 0.632924 0.139708 0.469267 0.696434 2.15442 2.12227 0.640314 0.130544 -0.0145822 0.026775 0.0638794 -0.0365353 0.00738962 -0.00916435 0.0707822 1.87889 0 0 0 0 -0 0 -0.483849 -0.669659 -2.09054 -2.1588 -0.632924 -0.139708 2.24787 124.388 -2.89655 0.874739 3.05715 -0.00799462 -0.0801077 0.514174 -2.03304 0.814478 0.916912 0.463101 -0.278688 3.02509
239.399 0.476746 0.67783 2.09042 2.14059 0.628502 0.135042 0.461714 0.695894 2.13264 2.10863 0.627765 0.106822 -0.0150328 0.0180638 0.0422263 -0.0319574 -0.000736791 -0.02822 0.0483254 1.57768 0 0 0 0 -0 0 -0.476746 -0.67783 -2.09042 -2.14059 -0.628502 -0.135042 2.24868 123.46 -2.95776 0.846158 3.05926 -0.0085561 -0.0797514 0.547617 -2.10156 0.815863 0.914597 0.465089 -0.294807 3.05592
239.68 0.470971 0.686474 2.08977 2.12502 0.629639 0.125798 0.464725 0.718067 2.17719 2.12592 0.612528 0.115469 -0.00624676 0.0315928 0.0874137 0.000898532 -0.0171107 -0.0103296 0.0931573 1.16163 0 0 0 0 -0 0 -0.470971 -0.686474 -2.08977 -2.12502 -0.629639 -0.125798 2.24949 122.78 -3.00257 0.822841 3.06068 -0.00875603 -0.0809757 0.572704 -2.15325 0.815678 0.912735 0.472009 -0.3041 3.07929
240.009 0.464024 0.694019 2.08923 2.11074 0.633935 0.11283 0.453607 0.718046 2.15152 2.1043 0.63509 0.12344 -0.0104172 0.0240265 0.062286 -0.00643822 0.001155 0.0106095 0.0675672 0.880712 0 0 0 0 -0 0 -0.464024 -0.694019 -2.08923 -2.11074 -0.633935 -0.11283 2.24986 122.25 -3.04648 0.797941 3.06195 -0.00894789 -0.081669 0.597781 -2.20512 0.814338 0.910881 0.483376 -0.310127 3.10283
240.321 0.454799 0.7064 2.08745 2.09161 0.64424 0.0903751 0.442204 0.725112 2.14187 2.0996 0.641917 0.0972451 -0.0125951 0.0187124 0.0544215 0.00799515 -0.00232353 0.00686998 0.0589108 0.407344 0 0 0 0 -0 0 -0.454799 -0.7064 -2.08745 -2.09161 -0.64424 -0.0903751 2.25018 121.671 -3.10369 0.762314 3.06348 -0.00867573 -0.083901 0.631521 -2.27448 0.810657 0.908522 0.503326 -0.313655 3.13452
240.594 0.447025 0.712416 2.08725 2.08137 0.653309 0.0742356 0.436164 0.734699 2.13977 2.05623 0.646505 0.0720553 -0.0108605 0.022283 0.0525188 -0.0251405 -0.00680411 -0.00218038 0.058075 1.42299 0 0 0 0 -0 0 -0.447025 -0.712416 -2.08725 -2.08137 -0.653309 -0.0742356 2.25033 121.472 -3.14569 0.733773 3.06446 -0.00877487 -0.0845508 0.656971 -2.32654 0.806424 0.906849 0.51953 -0.312697 -3.12425
240.821 0.437831 0.719613 2.0862 2.0731 0.662352 0.0575507 0.435632 0.75851 2.184 2.08254 0.671428 0.049015 -0.00219949 0.0388969 0.0978017 0.00943838 0.00907568 -0.00853576 0.105276 1.06275 0 0 0 0 -0 0 -0.437831 -0.719613 -2.0862 -2.0731 -0.662352 -0.0575507 2.24983 121.401 -3.18697 0.70369 3.06532 -0.00888935 -0.0854199 0.682518 -2.3786 0.800882 0.905254 0.534971 -0.309496 -3.09911
241.094 0.424814 0.728921 2.08482 2.06392 0.673363 0.0370302 0.415629 0.750849 2.13518 2.04828 0.674696 0.0358456 -0.00918521 0.0219279 0.0503651 -0.0156333 0.00133293 -0.00118454 0.0556942 0.858206 0 0 0 0 -0 0 -0.424814 -0.728921 -2.08482 -2.06392 -0.673363 -0.0370302 2.24906 121.385 -3.24096 0.661207 3.06645 -0.00914231 -0.0866534 0.716811 -2.44797 0.791267 0.903297 0.553583 -0.304364 -3.06487
241.405 0.414299 0.730767 2.08565 2.05944 0.68025 0.024202 0.411717 0.773733 2.17854 2.06458 0.661709 0.0430969 -0.00258186 0.0429664 0.0928867 0.00513891 -0.0185409 0.0188948 0.102375 1.41084 0 0 0 0 -0 0 -0.414299 -0.730767 -2.08565 -2.05944 -0.68025 -0.024202 2.24847 121.453 -3.28071 0.627602 3.06734 -0.00963266 -0.0855697 0.742306 -2.49992 0.782199 0.901971 0.566497 -0.30121 -3.03899
241.663 0.403309 0.729852 2.08739 2.05528 0.686029 0.0116434 0.398317 0.770871 2.16782 2.06611 0.666502 0.0208053 -0.00499207 0.0410186 0.0804353 0.0108256 -0.019527 0.00916187 0.0904284 1.22653 0 0 0 0 -0 0 -0.403309 -0.729852 -2.08739 -2.05528 -0.686029 -0.0116434 2.24778 121.529 -3.31982 0.592602 3.06818 -0.0102361 -0.0833368 0.767413 -2.5517 0.771361 0.900669 0.579212 -0.299168 -3.01295
242.181 0.387164 0.736511 2.08761 2.03322 0.699412 -0.0264018 0.374583 0.769721 2.1619 2.02552 0.65749 0.00144725 -0.0125812 0.0332105 0.0742945 -0.00770935 -0.0419219 0.027849 0.0823462 3.06503 0 0 0 0 -0 0 -0.387164 -0.736511 -2.08761 -2.03322 -0.699412 0.0264018 2.24732 121.252 -3.40844 0.506107 3.06986 -0.00813737 -0.0830202 0.826108 -2.67123 0.738483 0.897683 0.609061 -0.299623 -2.95097
242.476 0.382534 0.740101 2.08727 2.02157 0.702887 -0.0428209 0.368876 0.772432 2.15626 2.02645 0.691204 -0.0320819 -0.0136578 0.0323312 0.0689884 0.00488183 -0.0116835 0.0107389 0.0774031 0.827089 0 0 0 0 -0 0 -0.382534 -0.740101 -2.08727 -2.02157 -0.702887 0.0428209 2.2474 121.007 -3.44523 0.467016 3.07055 -0.00669463 -0.0832492 0.85161 -2.7217 0.721007 0.896392 0.620075 -0.302548 -2.9235
243.103 0.371256 0.742584 2.08867 2.00026 0.702886 -0.0730824 0.363455 0.792003 2.19738 2.00719 0.681057 -0.0472641 -0.00780132 0.0494191 0.108701 0.00692899 -0.0218291 0.0258183 0.119662 1.77784 0 0 0 0 -0 0 -0.371256 -0.742584 -2.08867 -2.00026 -0.702886 0.0730824 2.24763 120.495 -3.52801 0.371088 3.07202 -0.00462119 -0.0809951 0.911091 -2.83692 0.672102 0.89334 0.638404 -0.312792 -2.85649
243.403 0.367767 0.742686 2.08938 1.99437 0.700881 -0.0822719 0.348921 0.771459 2.13788 1.98425 0.692653 -0.0777018 -0.0188454 0.0287732 0.0484912 -0.0101231 -0.00822873 0.00457011 0.0594512 0.90655 0 0 0 0 -0 0 -0.367767 -0.742686 -2.08938 -1.99437 -0.700881 0.0822719 2.24775 120.344 -3.56205 0.328058 3.07263 -0.00369774 -0.0795909 0.936734 -2.88493 0.647659 0.89213 0.642797 -0.31726 -2.82676
243.645 0.365238 0.742353 2.09006 1.99104 0.697773 -0.0882098 0.344823 0.772752 2.14143 1.98304 0.715918 -0.087502 -0.0204151 0.0303995 0.0513657 -0.00800161 0.0181454 0.000707855 0.063082 1.14739 0 0 0 0 -0 0 -0.365238 -0.742353 -2.09006 -1.99104 -0.697773 0.0882098 2.24785 120.245 -3.59513 0.28395 3.0733 -0.00264872 -0.077948 0.962437 -2.93203 0.621201 0.891013 0.644437 -0.321631 -2.79675
243.919 0.363715 0.743021 2.09023 1.99072 0.692423 -0.090872 0.349694 0.787926 2.18344 2.00719 0.684505 -0.0696483 -0.0140211 0.0449047 0.0932036 0.0164757 -0.00791786 0.0212237 0.104403 1.05684 0 0 0 0 -0 0 -0.363715 -0.743021 -2.09023 -1.99072 -0.692423 0.090872 2.24799 120.205 -3.6376 0.223549 3.07444 -0.000899704 -0.0762061 0.996928 -2.99326 0.582938 0.88987 0.641863 -0.326378 -2.75632
244.189 0.363083 0.742863 2.09047 1.99498 0.686987 -0.0876989 0.34107 0.772722 2.14135 1.98322 0.713932 -0.0866412 -0.0220124 0.0298598 0.0508765 -0.0117605 0.0269449 0.00105769 0.0629649 1.70111 0 0 0 0 -0 0 -0.363083 -0.742863 -2.09047 -1.99498 -0.686987 0.0876989 2.24805 120.287 -3.66811 0.177114 3.07557 0.000372997 -0.0746155 1.02273 -3.03795 0.55217 0.889323 0.63573 -0.328965 -2.72557
244.463 0.363802 0.743885 2.0906 2.00116 0.680792 -0.0807057 0.345865 0.78789 2.18334 2.00732 0.682492 -0.0688168 -0.0179367 0.0440045 0.0927424 0.00616711 0.00169973 0.0118888 0.104208 0.543207 0 0 0 0 -0 0 -0.363802 -0.743885 -2.0906 -2.00116 -0.680792 0.0807057 2.24862 120.385 -3.69739 0.129759 3.07698 0.00179549 -0.0740617 1.04864 -3.08155 0.519782 0.889065 0.625717 -0.33086 -2.69439
244.712 0.362317 0.746248 2.08957 2.01139 0.67123 -0.0699816 0.342905 0.781837 2.15879 1.99913 0.667829 -0.0883244 -0.0194126 0.0355893 0.0692209 -0.012253 -0.00340111 -0.0183428 0.0802183 0.848114 0 0 0 0 -0 0 -0.362317 -0.746248 -2.08957 -2.01139 -0.67123 0.0699816 2.24821 120.583 -3.72535 0.081501 3.07871 0.00270163 -0.0729918 1.07441 -3.12405 0.485911 0.889108 0.612122 -0.332322 -2.66281
245.168 0.3536 0.744068 2.09165 2.04224 0.641867 -0.0348592 0.33813 0.78293 2.16446 2.04005 0.663468 -0.0633136 -0.0154703 0.0388616 0.0728154 -0.00218387 0.0216015 -0.0284544 0.083974 1.98938 0 0 0 0 -0 0 -0.3536 -0.744068 -2.09165 -2.04224 -0.641867 0.0348592 2.24804 121.191 -3.78521 -0.0342255 3.08419 0.00213659 -0.0681507 1.13273 -3.21881 0.401763 0.890498 0.571656 -0.336098 -2.58776
245.966 0.338809 0.744711 2.09447 2.07518 0.588274 0.00750828 0.315994 0.764954 2.1175 2.05371 0.633467 -0.0352051 -0.022815 0.0202433 0.0230315 -0.0214658 0.0451927 -0.0427134 0.03822 3.27907 0 0 0 0 -0 0 -0.338809 -0.744711 -2.09447 -2.07518 -0.588274 -0.00750828 2.2486 121.66 -3.85723 -0.204842 3.09564 0.00109329 -0.0635531 1.21244 -3.34325 0.271644 0.895816 0.508449 -0.348162 -2.47625
246.501 0.328133 0.747132 2.09557 2.08416 0.558568 0.0164462 0.311813 0.784334 2.16156 -2.8162 -0.221905 0.247161 -0.0163205 0.0372019 0.0659982 -4.90036 -0.780473 0.230715 0.077499 87.8926 0 0 0 0 -0 0 -0.328133 -0.747132 -2.09557 -2.08416 -0.558568 -0.0164462 2.24884 121.736 -3.89293 -0.308958 3.10368 1.80667e-05 -0.0619443 1.25905 -3.41127 0.189483 0.900592 0.481353 -0.355941 -2.40754
246.846 0.322657 0.748932 2.09605 2.08572 0.545315 0.0129878 0.302164 0.776319 2.1438 2.06543 0.562502 -0.00871369 -0.0204936 0.0273875 0.0477447 -0.0202897 0.0171874 -0.0217015 0.0587335 1.53187 0 0 0 0 -0 0 -0.322657 -0.748932 -2.09605 -2.08572 -0.545315 -0.0129878 2.2491 121.76 -3.91373 -0.378722 3.10908 -0.000188488 -0.0614403 1.29034 -3.4536 0.133471 0.904277 0.472967 -0.359247 -2.36226
247.072 0.319622 0.753223 2.09504 2.08409 0.539034 0.0058473 0.298755 0.779061 2.14619 2.06756 0.55891 -0.00589849 -0.0208665 0.0258383 0.0511501 -0.0165245 0.0198758 -0.0117458 0.0609865 1.4075 0 0 0 0 -0 0 -0.319622 -0.753223 -2.09504 -2.08409 -0.539034 -0.0058473 2.24915 121.724 -3.9278 -0.431156 3.11306 6.97873e-06 -0.0623731 1.31434 -3.48377 0.0909954 0.907241 0.471355 -0.360557 -2.32906
247.39 0.316227 0.755741 2.09467 2.08237 0.534875 -0.00216322 0.29399 0.778538 2.13192 2.02463 0.533483 -0.0180983 -0.0222371 0.0227971 0.0372515 -0.0577381 -0.00139121 -0.015935 0.0490088 2.95088 0 0 0 0 -0 0 -0.316227 -0.755741 -2.09467 -2.08237 -0.534875 0.00216322 2.24918 121.714 -3.94057 -0.483698 3.11705 -0.000122763 -0.062681 1.3387 -3.51265 0.0482311 0.910397 0.472513 -0.361282 -2.29687
247.628 0.311185 0.758413 2.09451 2.07897 0.531435 -0.0127665 0.294014 0.793068 2.16651 2.08544 0.531765 -0.0144651 -0.0171711 0.0346554 0.0719981 0.00646345 0.00033078 -0.0016985 0.0817287 0.427958 0 0 0 0 -0 0 -0.311185 -0.758413 -2.09451 -2.07897 -0.531435 0.0127665 2.24922 121.657 -3.95561 -0.553907 3.12233 -0.000678239 -0.0630061 1.37161 -3.54931 -0.0091043 0.914762 0.476308 -0.362371 -2.25602
248.146 0.304725 0.76059 2.09464 2.07463 0.529911 -0.0247649 0.286796 0.800508 2.1764 2.08707 0.555666 -0.023903 -0.0179288 0.039918 0.0817617 0.0124384 0.0257552 0.000861895 0.0927355 1.62847 0 0 0 0 -0 0 -0.304725 -0.76059 -2.09464 -2.07463 -0.529911 0.0247649 2.24919 121.587 -3.97411 -0.659457 3.12971 -0.00129746 -0.0633146 1.42167 -3.60054 -0.0953997 0.921283 0.482613 -0.363205 -2.19927
248.48 0.300327 0.761329 2.09479 2.07149 0.530976 -0.0313628 0.279541 0.791589 2.14966 2.0393 0.501118 -0.0255816 -0.0207857 0.0302602 0.0548714 -0.0321923 -0.029858 0.00578126 0.0660196 2.65358 0 0 0 0 -0 0 -0.300327 -0.761329 -2.09479 -2.07149 -0.530976 0.0313628 2.24899 121.526 -3.98384 -0.729898 3.13401 -0.00182315 -0.0635138 1.4551 -3.63221 -0.153041 0.925348 0.487869 -0.363452 -2.16443
248.804 0.299176 0.760533 2.09542 2.06896 0.533931 -0.036173 0.281324 0.805748 2.18545 2.07051 0.500194 -0.0390294 -0.0178522 0.045215 0.090028 0.00155015 -0.0337369 -0.00285636 0.102314 1.94561 0 0 0 0 -0 0 -0.299176 -0.760533 -2.09542 -2.06896 -0.533931 0.036173 2.24916 121.491 -3.98981 -0.782723 3.13679 -0.00150447 -0.0637138 1.48018 -3.65465 -0.196296 0.928186 0.492765 -0.363213 -2.13946
249.087 0.299819 0.761969 2.09475 2.06596 0.538281 -0.0418731 0.274965 0.792956 2.15079 2.04985 0.536122 -0.0558794 -0.0248532 0.030987 0.0560413 -0.0161099 -0.00215903 -0.0140063 0.0686914 0.867729 0 0 0 0 -0 0 -0.299819 -0.761969 -2.09475 -2.06596 -0.538281 0.0418731 2.2491 121.459 -3.99466 -0.835527 3.13917 -0.000418108 -0.0649419 1.50549 -3.67598 -0.239526 0.930861 0.498018 -0.361985 -2.11497
249.409 0.300955 0.762542 2.09401 2.06532 0.544562 -0.0474654 0.278716 0.799208 2.16516 2.04972 0.523899 -0.0300265 -0.0222389 0.0366662 0.0711469 -0.015604 -0.0206633 0.0174389 0.0830714 2.027 0 0 0 0 -0 0 -0.300955 -0.762542 -2.09401 -2.06532 -0.544562 0.0474654 2.24876 121.577 -3.99933 -0.905941 3.14168 0.000976111 -0.0662865 1.53962 -3.70276 -0.29702 0.934171 0.503895 -0.357909 -2.08209
249.76 0.301115 0.764315 2.09247 2.06732 0.548455 -0.0503229 0.286214 0.821737 2.22346 2.11127 0.543084 -0.0157936 -0.0149017 0.0574221 0.130996 0.0439565 -0.0053713 0.0345293 0.143803 2.27555 0 0 0 0 -0 0 -0.301115 -0.764315 -2.09247 -2.06732 -0.548455 0.0503229 2.24795 121.772 -4.00143 -0.95878 3.14306 0.00182002 -0.0676969 1.56561 -3.72169 -0.340003 0.936447 0.506561 -0.352933 -2.05677
249.993 0.302336 0.76075 2.0936 2.07313 0.552902 -0.0491693 0.278725 0.796723 2.15082 2.04729 0.538108 -0.0577219 -0.0236116 0.0359727 0.0572194 -0.025847 -0.014794 -0.00855257 0.0715933 1.54864 0 0 0 0 -0 0 -0.302336 -0.76075 -2.0936 -2.07313 -0.552902 0.0491693 2.24795 122.116 -4.00231 -1.01167 3.14402 0.00238947 -0.0680836 1.59185 -3.73965 -0.38285 0.938565 0.507521 -0.346139 -2.03059
250.341 0.303312 0.758813 2.09337 2.08097 0.556146 -0.047478 0.278725 0.792969 2.15083 2.04973 0.538219 -0.0567212 -0.0245863 0.0341563 0.0574564 -0.0312392 -0.0179269 -0.00924323 0.0712206 1.88492 0 0 0 0 -0 0 -0.303312 -0.758813 -2.09337 -2.08097 -0.556146 0.047478 2.24722 122.549 -4.00193 -1.06459 3.14455 0.00315087 -0.0687244 1.61845 -3.75672 -0.425598 0.940486 0.506714 -0.338139 -2.00352
250.663 0.305899 0.755148 2.09289 2.09427 0.559354 -0.0436245 0.287647 0.810054 2.2049 2.11341 0.561236 -0.043247 -0.0182526 0.0549068 0.112017 0.0191425 0.00188152 0.000377496 0.126079 1.09074 0 0 0 0 -0 0 -0.305899 -0.755148 -2.09289 -2.09427 -0.559354 0.0436245 2.24589 123.243 -3.99942 -1.13516 3.14473 0.00484903 -0.069171 1.65432 -3.77815 -0.482523 0.942791 0.503166 -0.326543 -1.96606
250.973 0.309789 0.7497 2.09463 2.1038 0.561671 -0.0379108 0.284347 0.789026 2.15803 2.08791 0.57096 -0.050555 -0.025442 0.0393267 0.0633913 -0.0158953 0.00928907 -0.0126442 0.0788184 0.964286 0 0 0 0 -0 0 -0.309789 -0.7497 -2.09463 -2.1038 -0.561671 0.0379108 2.24622 123.692 -3.99596 -1.18805 3.14463 0.00608115 -0.0699088 1.6815 -3.79331 -0.525267 0.944345 0.498669 -0.318358 -1.93717
251.214 0.30906 0.748843 2.09404 2.11271 0.559839 -0.0331575 0.286569 0.786175 2.16054 2.09314 0.569577 -0.0473179 -0.0224915 0.0373319 0.0665014 -0.0195788 0.00973856 -0.0141603 0.0795109 1.11978 0 0 0 0 -0 0 -0.30906 -0.748843 -2.09404 -2.11271 -0.559839 0.0331575 2.24528 124.082 -3.99108 -1.24088 3.14448 0.00625737 -0.0711937 1.70881 -3.80775 -0.568174 0.945775 0.492799 -0.311711 -1.90783
251.539 0.307734 0.749114 2.09356 2.1197 0.554303 -0.0260722 0.286715 0.78207 2.15447 2.09343 0.541013 -0.0351308 -0.0210189 0.0329561 0.060917 -0.0262697 -0.0132897 -0.00905862 0.0723794 1.51698 0 0 0 0 -0 0 -0.307734 -0.749114 -2.09356 -2.1197 -0.554303 0.0260722 2.24474 124.296 -3.98233 -1.31122 3.14441 0.00627914 -0.073883 1.74552 -3.82599 -0.625866 0.947518 0.482556 -0.307264 -1.86835
252.168 0.306347 0.746136 2.09588 2.12144 0.538785 -0.0112717 0.285045 0.782468 2.16337 2.13364 0.56859 -0.0261658 -0.0213023 0.0363327 0.0674876 0.0122008 0.0298046 -0.0148941 0.0795514 2.18176 0 0 0 0 -0 0 -0.306347 -0.746136 -2.09588 -2.12144 -0.538785 0.0112717 2.24573 124.02 -3.9644 -1.41662 3.14453 0.00661067 -0.0775077 1.80039 -3.8514 -0.713996 0.949528 0.460595 -0.312453 -1.80881
252.464 0.304795 0.744211 2.09789 2.11743 0.522829 0.00141104 0.284701 0.782107 2.1676 2.09229 0.525588 -0.00928374 -0.0200942 0.0378952 0.0697119 -0.0251317 0.00275944 -0.0106948 0.0818509 1.26114 0 0 0 0 -0 0 -0.304795 -0.744211 -2.09789 -2.11743 -0.522829 -0.00141104 2.24675 123.476 -3.9492 -1.48683 3.14466 0.00709795 -0.0797486 1.83704 -3.86714 -0.774161 0.950336 0.440575 -0.323506 -1.76891
252.778 0.301852 0.742182 2.09966 2.11378 0.507603 0.0132807 0.288191 0.792493 2.20166 2.16063 0.528589 -0.00669369 -0.013661 0.0503113 0.101997 0.0468529 0.0209866 -0.0199743 0.114548 3.60619 0 0 0 0 -0 0 -0.301852 -0.742182 -2.09966 -2.11378 -0.507603 -0.0132807 2.24734 122.985 -3.93606 -1.53945 3.14472 0.00709741 -0.080799 1.86457 -3.87831 -0.820144 0.95069 0.422329 -0.334403 -1.73859
253.084 0.298498 0.738521 2.10279 2.11018 0.490615 0.0286115 0.282853 0.78171 2.18237 2.12646 0.505062 0.0373358 -0.0156456 0.043189 0.0795799 0.016278 0.0144472 0.00872426 0.091886 1.166 0 0 0 0 -0 0 -0.298498 -0.738521 -2.10279 -2.11018 -0.490615 -0.0286115 2.24861 122.452 -3.92146 -1.59202 3.14468 0.00677552 -0.08182 1.8921 -3.88895 -0.866934 0.950851 0.400941 -0.346409 -1.70768
253.339 0.293974 0.73621 2.10485 2.10747 0.470991 0.0455902 0.274446 0.772945 2.16853 2.11967 0.472412 0.0477563 -0.019528 0.0367351 0.063683 0.0121982 0.00142045 0.00216617 0.076068 0.657301 0 0 0 0 -0 0 -0.293974 -0.73621 -2.10485 -2.10747 -0.470991 -0.0455902 2.24918 121.951 -3.90541 -1.64451 3.14451 0.00657363 -0.0826642 1.91971 -3.89904 -0.914592 0.95083 0.376107 -0.358801 -1.67596
253.662 0.288406 0.728125 2.10991 2.1075 0.443017 0.0734225 0.27133 0.769115 2.17372 2.0812 0.462735 0.052802 -0.0170766 0.0409908 0.0638043 -0.0262927 0.0197188 -0.0206205 0.0777357 1.83952 0 0 0 0 -0 0 -0.288406 -0.728125 -2.10991 -2.1075 -0.443017 -0.0734225 2.25057 121.46 -3.88183 -1.71432 3.14396 0.00642763 -0.0826043 1.95626 -3.91159 -0.979573 0.950534 0.338108 -0.374215 -1.63211
254.051 0.285083 0.724062 2.11262 2.10905 0.421449 0.095148 0.270287 0.777624 2.21959 2.10907 0.444551 0.0652099 -0.014796 0.0535619 0.106968 1.27878e-05 0.0231019 -0.0299381 0.12054 2.16681 0 0 0 0 -0 0 -0.285083 -0.724062 -2.11262 -2.10905 -0.421449 -0.095148 2.25138 121.21 -3.86257 -1.76645 3.14327 0.00702779 -0.0833364 1.98369 -3.92022 -1.02943 0.95015 0.306735 -0.383695 -1.59798
254.641 0.276085 0.714263 2.11776 2.12402 0.368898 0.150114 0.260015 0.763207 2.20602 2.12186 0.387753 0.118901 -0.0160703 0.0489448 0.0882694 -0.0021626 0.0188547 -0.0312124 0.102202 2.05348 0 0 0 0 -0 0 -0.276085 -0.714263 -2.11776 -2.12402 -0.368898 -0.150114 2.25195 121.382 -3.81239 -1.88714 3.14042 0.00893677 -0.0845745 2.04792 -3.93733 -1.14958 0.948727 0.227086 -0.394192 -1.51518
254.853 0.272017 0.709436 2.11958 2.1357 0.346496 0.174321 0.254193 0.755372 2.20565 2.12602 0.385165 0.120816 -0.0178248 0.0459354 0.0860725 -0.00968216 0.0386699 -0.0535057 0.0991779 3.6602 0 0 0 0 -0 0 -0.272017 -0.709436 -2.11958 -2.1357 -0.346496 -0.174321 2.25165 121.826 -3.78865 -1.93836 3.13864 0.010051 -0.0847815 2.07548 -3.94315 -1.20274 0.947935 0.191839 -0.39276 -1.47913
255.149 0.267447 0.701969 2.12178 2.1521 0.324625 0.198063 0.246761 0.741541 2.18206 2.12605 0.331528 0.168886 -0.0206864 0.0395725 0.0602765 -0.0260564 0.00690275 -0.0291778 0.0750144 1.88989 0 0 0 0 -0 0 -0.267447 -0.701969 -2.12178 -2.1521 -0.324625 -0.198063 2.25083 122.586 -3.76359 -1.9892 3.13646 0.0111763 -0.08374 2.10296 -3.9479 -1.25682 0.947048 0.157352 -0.386776 -1.44325
255.426 0.261973 0.691859 2.12422 2.17961 0.298379 0.226877 0.242643 0.730064 2.17908 2.11463 0.316736 0.191887 -0.0193299 0.0382059 0.054862 -0.0649775 0.0183568 -0.0349892 0.0695929 3.80323 0 0 0 0 -0 0 -0.261973 -0.691859 -2.12422 -2.17961 -0.298379 -0.226877 2.24936 123.997 -3.72818 -2.05625 3.13288 0.0130627 -0.0826338 2.13945 -3.95229 -1.33025 0.945719 0.115007 -0.370904 -1.39639
255.767 0.258041 0.685278 2.12523 2.20302 0.28172 0.244676 0.240553 0.730489 2.20434 -2.75916 0.0300338 0.28287 -0.0174876 0.0452109 0.0791054 -4.96218 -0.251686 0.0381937 0.0927766 76.5372 0 0 0 0 -0 0 -0.258041 -0.685278 -2.12523 -2.20302 -0.28172 -0.244676 2.24784 125.264 -3.70015 -2.10586 3.12983 0.0147429 -0.0821205 2.16681 -3.9539 -1.38628 0.944673 0.0878855 -0.354139 -1.36248
256.061 0.253174 0.677832 2.12625 2.22797 0.267388 0.258849 0.234112 0.718807 2.19703 2.19757 0.30474 0.233012 -0.0190625 0.0409746 0.070782 -0.0303958 0.0373525 -0.0258366 0.0839785 2.88948 0 0 0 0 -0 0 -0.253174 -0.677832 -2.12625 -2.22797 -0.267388 -0.258849 2.246 126.649 -3.67087 -2.15481 3.12664 0.0162056 -0.0810343 2.19398 -3.95389 -1.4431 0.943616 0.0656458 -0.334915 -1.32971
256.391 0.248402 0.671853 2.12668 2.25241 0.255846 0.269303 0.228865 0.711539 2.20124 2.22171 0.228903 0.273299 -0.0195369 0.0396861 0.0745557 -0.0307058 -0.0269435 0.00399515 0.0866905 2.39245 0 0 0 0 -0 0 -0.248402 -0.671853 -2.12668 -2.25241 -0.255846 -0.269303 2.24408 128.025 -3.64035 -2.20301 3.1235 0.0177883 -0.0804076 2.2212 -3.95214 -1.50068 0.942619 0.0479207 -0.314542 -1.29776
256.74 0.243196 0.667153 2.12617 2.28284 0.244843 0.278272 0.227259 0.715921 2.23277 2.30552 0.235656 0.27716 -0.0159377 0.0487677 0.106605 0.0226779 -0.00918646 -0.00111154 0.118309 1.4172 0 0 0 0 -0 0 -0.243196 -0.667153 -2.12617 -2.28284 -0.244843 -0.278272 2.24161 129.75 -3.59776 -2.26598 3.11968 0.0203779 -0.0807073 2.25787 -3.94688 -1.57854 0.941509 0.0303362 -0.28714 -1.25596
257.067 0.238822 0.663831 2.12575 2.3049 0.238644 0.2825 0.218449 0.699467 2.19355 2.28617 0.262525 0.264341 -0.0203733 0.0356364 0.0678007 -0.0187318 0.023881 -0.0181595 0.0792588 1.88492 0 0 0 0 -0 0 -0.238822 -0.663831 -2.12575 -2.3049 -0.238644 -0.2825 2.23976 131.004 -3.56438 -2.31216 3.11719 0.0220467 -0.0807583 2.28564 -3.94064 -1.63758 0.940929 0.0208177 -0.266698 -1.225
258.274 0.21928 0.66157 2.12106 2.38201 0.232837 0.284513 0.195551 0.683847 2.1624 2.3088 0.215561 0.272098 -0.0237295 0.022277 0.0413397 -0.0732035 -0.0172755 -0.0124151 0.0526149 4.21306 0 0 0 0 -0 0 -0.21928 -0.66157 -2.12106 -2.38201 -0.232837 -0.284513 2.23264 135.358 -3.40513 -2.5009 3.11137 0.0278016 -0.0834715 2.40945 -3.88835 -1.8965 0.941455 0.00795786 -0.189636 -1.0953
258.579 0.214331 0.658762 2.12088 2.39959 0.233074 0.285236 0.193463 0.695354 2.19253 2.4003 0.225737 0.274357 -0.0208679 0.0365925 0.0716412 0.000708702 -0.00733659 -0.0108794 0.0831081 0.760533 0 0 0 0 -0 0 -0.214331 -0.658762 -2.12088 -2.39959 -0.233074 -0.285236 2.23116 136.342 -3.35129 -2.55502 3.11143 0.0293795 -0.0828212 2.44824 -3.86359 -1.97606 0.942629 0.00646846 -0.17325 -1.05634
258.901 0.211334 0.659853 2.11961 2.40983 0.231618 0.286482 0.184854 0.678367 2.14806 2.34556 0.239825 0.280714 -0.0264801 0.0185147 0.0284511 -0.064269 0.00820749 -0.00576826 0.0430518 3.64991 0 0 0 0 -0 0 -0.211334 -0.659853 -2.11961 -2.40983 -0.231618 -0.286482 2.22998 136.921 -3.30943 -2.59427 3.11213 0.0310725 -0.0831848 2.4774 -3.84236 -2.03539 0.943864 0.00284668 -0.163691 -1.02698
259.141 0.206929 0.659319 2.1193 2.41867 0.227443 0.289848 0.188778 0.701944 2.21612 2.47515 0.216605 0.298285 -0.0181503 0.0426251 0.0968214 0.0564795 -0.0108371 0.00843703 0.107335 3.22525 0 0 0 0 -0 0 -0.206929 -0.659319 -2.1193 -2.41867 -0.227443 -0.289848 2.22912 137.43 -3.26631 -2.63231 3.11333 0.0318884 -0.0828724 2.50642 -3.81886 -2.09423 0.945398 -0.00316265 -0.156196 -0.997464
259.446 0.201109 0.659897 2.11897 2.42529 0.221227 0.294042 0.179332 0.689487 2.1831 2.36591 0.199371 0.297937 -0.0217772 0.0295895 0.0641299 -0.059379 -0.0218564 0.00389555 0.0739082 3.67546 0 0 0 0 -0 0 -0.201109 -0.659897 -2.11897 -2.42529 -0.221227 -0.294042 2.22844 137.825 -3.22197 -2.66911 3.11498 0.0320317 -0.0829471 2.53511 -3.79307 -2.15242 0.947192 -0.0108457 -0.150484 -0.967741
260.257 0.180189 0.670515 2.11621 2.43594 0.193778 0.305662 0.161361 0.710174 2.21166 2.45816 0.207974 0.297543 -0.0188279 0.0396584 0.095449 0.0222263 0.0141953 -0.00811972 0.105061 1.65422 0 0 0 0 -0 0 -0.180189 -0.670515 -2.11621 -2.43594 -0.193778 -0.305662 2.22719 138.567 -3.06583 -2.78281 3.12258 0.0312384 -0.0868794 2.62816 -3.69114 -2.33943 0.954705 -0.0410235 -0.138029 -0.865498
260.605 0.171218 0.669764 2.11657 2.44017 0.178508 0.308766 0.153647 0.712112 2.21167 2.45536 0.199052 0.301085 -0.0175712 0.0423476 0.0950981 0.0151941 0.0205448 -0.00768148 0.105573 1.5752 0 0 0 0 -0 0 -0.171218 -0.669764 -2.11657 -2.44017 -0.178508 -0.308766 2.22661 138.903 -2.99986 -2.82462 3.12607 0.0303169 -0.0863836 2.66405 -3.64399 -2.41043 0.958298 -0.0546096 -0.134169 -0.822385
260.893 0.166776 0.66906 2.11788 2.44246 0.167457 0.311267 0.145857 0.711779 2.21064 2.45267 0.194325 0.30221 -0.020919 0.0427193 0.0927638 0.0102179 0.0268682 -0.00905691 0.104248 1.75814 0 0 0 0 -0 0 -0.166776 -0.66906 -2.11788 -2.44246 -0.167457 -0.311267 2.2273 139.105 -2.94917 -2.85465 3.12877 0.0297895 -0.0871127 2.69059 -3.60652 -2.46201 0.961205 -0.0656027 -0.13098 -0.789172
261.153 0.159406 0.673229 2.1148 2.44477 0.152213 0.31059 0.137098 0.70126 2.17813 2.4077 0.161567 0.306403 -0.0223087 0.0280309 0.0633292 -0.03707 0.00935398 -0.0041863 0.0727598 2.16718 0 0 0 0 -0 0 -0.159406 -0.673229 -2.1148 -2.44477 -0.152213 -0.31059 2.22509 139.347 -2.89747 -2.88357 3.13148 0.0294166 -0.0874248 2.71686 -3.56739 -2.51209 0.96429 -0.0774044 -0.127567 -0.755422
261.43 0.155526 0.669225 2.11676 2.44876 0.133957 0.313185 0.133637 0.709096 2.19925 2.47878 0.148791 0.329619 -0.0218896 0.0398707 0.0824941 0.0300249 0.0148341 0.0164343 0.0942025 2.02777 0 0 0 0 -0 0 -0.155526 -0.669225 -2.11676 -2.44876 -0.133957 -0.313185 2.22547 139.705 -2.82705 -2.9204 3.13506 0.0292681 -0.0871249 2.7517 -3.51288 -2.57641 0.968598 -0.0940035 -0.12337 -0.710114
261.731 0.151837 0.663245 2.1183 2.45274 0.118988 0.314498 0.12706 0.699695 2.17567 -3.03029 0.169727 0.30314 -0.0247765 0.0364509 0.0573692 -5.48303 0.0507381 -0.0113585 0.0723448 46.0306 0 0 0 0 -0 0 -0.151837 -0.663245 -2.1183 -2.45274 -0.118988 -0.314498 2.22489 140.043 -2.77318 -2.94671 3.13765 0.0288872 -0.0850694 2.77751 -3.4704 -2.62273 0.971924 -0.106362 -0.120547 -0.676371
262.06 0.149098 0.655261 2.12045 2.45713 0.10452 0.315745 0.124243 0.699349 2.20171 2.49606 0.0756098 0.336027 -0.0248547 0.0440876 0.0812546 0.0389274 -0.02891 0.0202829 0.0957277 2.93291 0 0 0 0 -0 0 -0.149098 -0.655261 -2.12045 -2.45713 -0.10452 -0.315745 2.22439 140.405 -2.71856 -2.97185 3.1401 0.0286156 -0.0824604 2.80306 -3.42673 -2.66734 0.975276 -0.118196 -0.117814 -0.643171
262.389 0.14877 0.650312 2.12162 2.45987 0.0922125 0.316525 0.120264 0.682641 2.18237 2.43037 0.0956753 0.309813 -0.0285061 0.0323298 0.0607477 -0.0294999 0.00346283 -0.006712 0.0744856 1.70938 0 0 0 0 -0 0 -0.14877 -0.650312 -2.12162 -2.45987 -0.0922125 -0.316525 2.22403 140.658 -2.66334 -2.99579 3.14246 0.0291126 -0.0813018 2.82867 -3.38198 -2.71022 0.978604 -0.129155 -0.11554 -0.61075
262.703 0.151106 0.644768 2.12344 2.46063 0.0805937 0.317433 0.120252 0.678752 2.18211 2.4326 0.0944461 0.310313 -0.0308548 0.0339834 0.0586788 -0.0280299 0.0138524 -0.00711991 0.074499 1.8058 0 0 0 0 -0 0 -0.151106 -0.644768 -2.12344 -2.46063 -0.0805937 -0.317433 2.22431 140.797 -2.58892 -3.02571 3.14549 0.0301516 -0.080834 2.86313 -3.32077 -2.76463 0.982888 -0.140438 -0.114733 -0.569128
262.99 0.152254 0.641743 2.12382 2.45882 0.0753441 0.31628 0.121616 0.675818 2.18122 -2.97508 0.192107 0.283264 -0.0306382 0.0340756 0.057397 -5.4339 0.116763 -0.0330151 0.0734456 49.3738 0 0 0 0 -0 0 -0.152254 -0.641743 -2.12382 -2.45882 -0.0753441 -0.31628 2.22388 140.737 -2.5326 -3.04658 3.14771 0.0306747 -0.0802371 2.88921 -3.27378 -2.80328 0.985944 -0.144549 -0.11654 -0.53932
263.263 0.155504 0.638085 2.12554 2.45389 0.0760942 0.314256 0.127161 0.679668 2.21901 2.50341 0.0511742 0.313072 -0.0283428 0.041583 0.0934682 0.049515 -0.02492 -0.00118412 0.106154 3.18051 0 0 0 0 -0 0 -0.155504 -0.638085 -2.12554 -2.45389 -0.0760942 -0.314256 2.22469 140.45 -2.47593 -3.06604 3.14991 0.0311876 -0.0803132 2.91563 -3.22591 -2.84003 0.988771 -0.143421 -0.121195 -0.510628
263.859 0.165716 0.629324 2.13041 2.43175 0.096265 0.301464 0.134946 0.672088 2.21956 2.51104 0.0525696 0.312925 -0.0307694 0.0427635 0.0891482 0.0792826 -0.0436955 0.0114613 0.103551 5.18527 0 0 0 0 -0 0 -0.165716 -0.629324 -2.13041 -2.43175 -0.096265 -0.301464 2.22759 139.031 -2.34266 -3.10567 3.15469 0.0320206 -0.0803139 2.97862 -3.1112 -2.91825 0.994214 -0.120003 -0.143112 -0.446911
264.402 0.175333 0.622568 2.13381 2.39988 0.133295 0.274883 0.140872 0.64523 2.16258 2.39023 0.112088 0.28733 -0.0344606 0.022662 0.0287683 -0.00964803 -0.0212072 0.0124476 0.0502863 1.5451 0 0 0 0 -0 0 -0.175333 -0.622568 -2.13381 -2.39988 -0.133295 -0.274883 2.22968 136.975 -2.20864 -3.13682 3.15828 0.031594 -0.0798192 3.04275 -2.99347 -2.98597 0.99811 -0.0744216 -0.172219 -0.385854
264.725 0.179222 0.620416 2.13541 2.38503 0.150333 0.261434 0.14842 0.655246 2.20571 2.40604 0.171563 0.260784 -0.0308024 0.0348299 0.0702988 0.021016 0.0212299 -0.000650016 0.0842843 1.71623 0 0 0 0 -0 0 -0.179222 -0.620416 -2.13541 -2.38503 -0.150333 -0.261434 2.23092 136.046 -2.15121 -3.14749 3.15937 0.0307673 -0.0802226 3.0703 -2.94242 -3.01191 0.999392 -0.0519917 -0.184644 -0.359528
265.301 0.186254 0.617686 2.13812 2.35403 0.181596 0.231699 0.160739 0.664813 2.25761 2.44227 0.188724 0.229792 -0.0255153 0.0471269 0.119493 0.088238 0.00712728 -0.00190674 0.13096 5.09331 0 0 0 0 -0 0 -0.186254 -0.617686 -2.13812 -2.35403 -0.181596 -0.231699 2.23333 134.188 -2.03666 -3.164 3.16114 0.0282882 -0.0815241 3.12538 -2.83947 -3.05856 1.00164 -0.00710787 -0.208773 -0.305102
265.56 0.189494 0.615288 2.13982 2.3387 0.194273 0.216929 0.163292 0.653131 2.2248 2.34304 0.173092 0.22978 -0.0262018 0.0378433 0.0849855 0.00433259 -0.0211811 0.0128507 0.0966498 1.41776 0 0 0 0 -0 0 -0.189494 -0.615288 -2.13982 -2.3387 -0.194273 -0.216929 2.23457 133.308 -1.97963 -3.16988 3.16205 0.0266906 -0.0816794 -3.13034 -2.78763 -3.07943 1.00281 0.0134928 -0.220789 -0.276877
265.921 0.192444 0.611276 2.1425 2.31946 0.207181 0.198925 0.161435 0.638141 2.18691 2.32239 0.204389 0.217166 -0.0310085 0.0268644 0.0444143 0.00293889 -0.00279169 0.0182413 0.0604637 1.03665 0 0 0 0 -0 0 -0.192444 -0.611276 -2.1425 -2.31946 -0.207181 -0.198925 2.23629 132.231 -1.90396 -3.17535 3.1633 0.0237563 -0.0815536 -3.09404 -2.7182 -3.10484 1.00441 0.03783 -0.235983 -0.238552
266.22 0.194613 0.610115 2.14338 2.30654 0.214777 0.185594 0.167801 0.649981 2.234 2.34556 0.216959 0.186257 -0.0268127 0.0398662 0.0906226 0.039014 0.00218203 0.000662991 0.10257 2.23108 0 0 0 0 -0 0 -0.194613 -0.610115 -2.14338 -2.30654 -0.214777 -0.185594 2.237 131.527 -1.84758 -3.17776 3.16415 0.0216735 -0.0817639 -3.06696 -2.66599 -3.12216 1.00563 0.0536853 -0.245317 -0.209578
266.555 0.199833 0.61197 2.14324 2.29231 0.224468 0.168995 0.168409 0.639073 2.20328 2.26274 0.195671 0.188414 -0.0314235 0.0271022 0.060046 -0.0295775 -0.0287973 0.0194187 0.0729897 2.76017 0 0 0 0 -0 0 -0.199833 -0.61197 -2.14324 -2.29231 -0.224468 -0.168995 2.23783 130.766 -1.77295 -3.17884 3.16492 0.0197045 -0.0835296 -3.03074 -2.59629 -3.14298 1.00712 0.0727623 -0.253797 -0.171231
266.831 0.203976 0.611561 2.14332 2.28633 0.231991 0.157497 0.175795 0.649795 2.23674 2.31494 0.240515 0.164729 -0.0281809 0.0382348 0.0934152 0.0286154 0.00852322 0.00723191 0.104797 1.66742 0 0 0 0 -0 0 -0.203976 -0.611561 -2.14332 -2.28633 -0.231991 -0.157497 2.23818 130.465 -1.71739 -3.1781 3.16501 0.0181603 -0.0841059 -3.00361 -2.54401 -3.15689 1.00802 0.0871318 -0.256327 -0.143155
268.572 0.241604 0.606508 2.14072 2.28566 0.307714 0.0926662 0.203908 0.628953 2.18296 -2.81717 0.0599544 0.190805 -0.0376957 0.0224448 0.0422376 -5.10284 -0.24776 0.0981391 0.0608995 68.1154 0 0 0 0 -0 0 -0.241604 -0.606508 -2.14072 -2.28566 -0.307714 -0.0926662 2.23806 130.818 -1.35727 -3.14094 3.16044 0.011092 -0.0854334 -2.8236 -2.19463 -3.21649 1.01045 0.194533 -0.234238 0.0215534
269.141 0.255088 0.609772 2.13764 2.28146 0.328612 0.0790327 0.21468 0.615462 2.11972 -2.75089 0.0384624 0.175094 -0.0404079 0.00568935 -0.0179122 -5.03236 -0.29015 0.0960611 0.0445648 72.507 0 0 0 0 -0 0 -0.255088 -0.609772 -2.13764 -2.28146 -0.328612 -0.0790327 2.23749 130.726 -1.2535 -3.11916 3.16052 0.0113027 -0.0856664 -2.76985 -2.08883 -3.22523 1.01131 0.21885 -0.232596 0.0671133
269.455 0.263632 0.612346 2.13614 2.27768 0.338739 0.0744118 0.218431 0.607999 2.09394 -2.73093 0.0637535 0.165616 -0.0452007 -0.00434781 -0.0422012 -5.00862 -0.274986 0.0912046 0.0619915 73.6015 0 0 0 0 -0 0 -0.263632 -0.612346 -2.13614 -2.27768 -0.338739 -0.0744118 2.23776 130.575 -1.18564 -3.1018 3.1611 0.0115088 -0.0861114 -2.73397 -2.018 -3.22926 1.01195 0.229654 -0.233367 0.0977105
269.793 0.270066 0.615337 2.13474 2.27452 0.344905 0.0723074 0.2278 0.619601 2.12122 -2.7527 0.0428746 0.174203 -0.0422661 0.00426374 -0.0135119 -5.02722 -0.30203 0.101895 0.0445777 72.8315 0 0 0 0 -0 0 -0.270066 -0.615337 -2.13474 -2.27452 -0.344905 -0.0723074 2.23801 130.43 -1.1355 -3.08725 3.16182 0.0119839 -0.0867532 -2.70685 -1.96473 -3.23138 1.0125 0.235422 -0.234512 0.120976
270.936 0.288858 0.629338 2.12911 2.2609 0.373309 0.0563879 0.253857 0.6401 2.12157 -2.75784 0.00487908 0.153918 -0.035001 0.0107619 -0.00754476 -5.01874 -0.36843 0.0975303 0.0373873 74.2087 0 0 0 0 -0 0 -0.288858 -0.629338 -2.12911 -2.2609 -0.373309 -0.0563879 2.23889 129.899 -0.926003 -3.00766 3.16697 0.013081 -0.089619 -2.58718 -1.73337 -3.23053 1.01633 0.266412 -0.236871 0.227061
271.208 0.288446 0.629382 2.12908 2.25904 0.37831 0.0513166 0.257588 0.647018 2.14457 -2.77558 -0.0221522 0.163679 -0.0308589 0.0176359 0.0154854 -5.03461 -0.400462 0.112362 0.0387698 73.7915 0 0 0 0 -0 0 -0.288446 -0.629382 -2.12908 -2.25904 -0.37831 -0.0513166 2.23882 129.863 -0.894953 -2.99294 3.16787 0.0124282 -0.0890756 -2.5689 -1.69778 -3.22881 1.017 0.274239 -0.23695 0.2442
271.55 0.288226 0.634946 2.12765 2.251 0.39244 0.0345661 0.253456 0.641842 2.11806 -2.73465 -0.0102299 0.144584 -0.0347702 0.00689583 -0.00958502 -4.98566 -0.40267 0.110018 0.0367204 76.3987 0 0 0 0 -0 0 -0.288226 -0.634946 -2.12765 -2.251 -0.39244 -0.0345661 2.239 129.643 -0.818837 -2.95338 3.16996 0.0116895 -0.090472 -2.52318 -1.60888 -3.22257 1.01855 0.295868 -0.236736 0.288265
271.841 0.287505 0.638296 2.12673 2.24651 0.400434 0.0234234 0.252573 0.644981 2.11013 -2.73117 -0.0512524 0.125824 -0.0349315 0.00668473 -0.0166026 -4.97769 -0.451687 0.102401 0.0392498 77.7297 0 0 0 0 -0 0 -0.287505 -0.638296 -2.12673 -2.24651 -0.400434 -0.0234234 2.23898 129.55 -0.774185 -2.92776 3.171 0.011475 -0.0914102 -2.49591 -1.55563 -3.2175 1.01933 0.30873 -0.236021 0.315672
272.099 0.286776 0.6403 2.12621 2.24404 0.40527 0.0161667 0.259901 0.664626 2.17358 2.18108 0.345792 0.00733404 -0.0268747 0.0243256 0.0473778 -0.0629664 -0.0594773 -0.00883263 0.0596543 4.85196 0 0 0 0 -0 0 -0.286776 -0.6403 -2.12621 -2.24404 -0.40527 -0.0161667 2.23897 129.517 -0.744837 -2.90991 3.17159 0.0113576 -0.0920398 -2.47777 -1.52019 -3.21357 1.0198 0.316762 -0.235151 0.334358
272.92 0.277254 0.645457 2.12584 2.23002 0.419421 -0.0139148 0.244336 0.65366 2.10234 -2.68464 -0.0844637 0.105348 -0.0329188 0.00820249 -0.0234968 -4.91466 -0.503884 0.119263 0.0412678 81.885 0 0 0 0 -0 0 -0.277254 -0.645457 -2.12584 -2.23002 -0.419421 0.0139148 2.2389 129.165 -0.589419 -2.80057 3.17407 0.0100867 -0.0933375 -2.3777 -1.32556 -3.18323 1.02133 0.346749 -0.237299 0.438954
274.05 0.263121 0.642952 2.13108 2.18917 0.417614 -0.0334449 0.243568 0.680181 2.22424 2.21086 0.427567 -0.0154482 -0.0195534 0.037229 0.0931602 0.0216993 0.00995226 0.0179968 0.102211 1.37202 0 0 0 0 -0 0 -0.263121 -0.642952 -2.13108 -2.18917 -0.417614 0.0334449 2.24145 127.113 -0.432802 -2.66189 3.17633 0.0100684 -0.0915027 -2.27174 -1.11359 -3.12936 1.01982 0.36065 -0.274109 0.54473
275.37 0.237643 0.652834 2.13473 2.13379 0.416231 -0.0544923 0.220098 0.696426 2.24204 2.1184 0.383028 -0.0548084 -0.0175452 0.0435916 0.107315 -0.0153921 -0.0332032 -0.000316047 0.117152 2.09406 0 0 0 0 -0 0 -0.237643 -0.652834 -2.13473 -2.13379 -0.416231 0.0544923 2.24494 124.279 -0.237902 -2.43645 3.17607 0.0104666 -0.0939123 -2.12925 -0.821592 -3.00797 1.01355 0.376435 -0.319928 0.681684
275.901 0.227061 0.654656 2.13539 2.12312 0.423908 -0.069748 0.206944 0.694723 2.2272 2.1239 0.393153 -0.0774988 -0.020117 0.0400665 0.0918095 0.00078754 -0.0307542 -0.00775078 0.102171 1.8222 0 0 0 0 -0 0 -0.227061 -0.654656 -2.13539 -2.12312 -0.423908 0.069748 2.245 123.943 -0.176777 -2.34944 3.17478 0.00978799 -0.0935467 -2.08076 -0.723621 -2.95108 1.01082 0.393405 -0.324502 0.728841
276.176 0.220751 0.656651 2.13538 2.11609 0.432311 -0.084495 0.198249 0.684897 2.19574 2.10388 0.429529 -0.0909848 -0.0225015 0.0282458 0.0603607 -0.0122086 -0.00278185 -0.00648978 0.0703389 0.660272 0 0 0 0 -0 0 -0.220751 -0.656651 -2.13538 -2.11609 -0.432311 0.084495 2.24494 123.822 -0.138226 -2.28956 3.17374 0.00922996 -0.0935003 -2.04868 -0.660458 -2.90887 1.00894 0.40998 -0.325135 0.760173

276.793 0.213954 0.659868 2.13528 2.10674 0.449245 -0.111178 0.189688 0.689198 2.18934 -2.76385 -0.292576 0.12841 -0.0242653 0.0293299 0.054064 -4.87059 -0.741821 0.239589 0.0661208 89.5262 0 0 0 0 -0 0 -0.213954 -0.659868 -2.13528 -2.10674 -0.449245 0.111178 2.24513 123.838 -0.0748967 -2.18149 3.17175 0.00857144 -0.093459 -1.99231 -0.554612 -2.82723 1.0056 0.440787 -0.322174 0.815958
278.464 0.187695 0.61577 2.14275 2.19152 0.450742 -0.116088 0.166602 0.659027 2.2347 2.16406 0.450948 -0.106303 -0.0210935 0.0432564 0.0919497 -0.0274522 0.000206205 0.00978435 0.103782 1.88596 0 0 0 0 -0 0 -0.187695 -0.61577 -2.14275 -2.19152 -0.450742 0.116088 2.23736 128.617 0.0707858 -1.87247 3.16516 0.00388936 -0.0666251 -1.85991 -0.302202 -2.56693 0.997273 0.446629 -0.268261 0.983364
278.756 0.178904 0.601215 2.14447 2.23517 0.438435 -0.10777 0.157641 0.637754 2.20512 2.17189 0.433565 -0.11679 -0.0212628 0.0365393 0.0606454 -0.0632804 -0.00487004 -0.00901989 0.0739263 3.45082 0 0 0 0 -0 0 -0.178904 -0.601215 -2.14447 -2.23517 -0.438435 0.10777 2.23433 130.807 0.0963625 -1.80763 3.16345 0.00349036 -0.0589649 -1.843 -0.256484 -2.50801 0.995883 0.430188 -0.241497 1.02221
280.132 0.129303 0.566656 2.14221 2.4241 0.373357 -0.111711 0.110587 0.602878 2.22899 2.42566 0.379573 -0.108559 -0.0187164 0.0362217 0.0867856 0.00155871 0.00621578 0.00315156 0.0958856 0.394657 0 0 0 0 -0 0 -0.129303 -0.566656 -2.14221 -2.4241 -0.373357 0.111711 2.21966 140.884 0.184405 -1.5523 3.16181 0.00357935 -0.0360872 -1.81394 -0.0958179 -2.25895 0.9961 0.371481 -0.10782 1.17232
280.4 0.119904 0.564442 2.14067 2.45397 0.363804 -0.118703 0.0984472 0.591416 2.19734 2.42921 0.363609 -0.120465 -0.0214568 0.0269734 0.056677 -0.0247558 -0.000194441 -0.00176218 0.0663343 1.38565 0 0 0 0 -0 0 -0.119904 -0.564442 -2.14067 -2.45397 -0.363804 0.118703 2.21708 142.574 0.1966 -1.51185 3.16214 0.00368192 -0.0335389 -1.81402 -0.0735702 -2.21742 0.996896 0.366544 -0.0841755 1.19439
280.727 0.1072 0.561803 2.13868 2.49142 0.350299 -0.127555 0.0891151 0.591704 2.20514 -3.03449 -0.33023 0.0580398 -0.0180852 0.0299006 0.0664538 -5.52591 -0.680529 0.185594 0.0750815 58.5058 0 0 0 0 -0 0 -0.1072 -0.561803 -2.13868 -2.49142 -0.350299 0.127555 2.21384 144.683 0.211383 -1.46041 3.16271 0.00355338 -0.0304045 -1.81556 -0.0467398 -2.16428 0.998105 0.359619 -0.0546391 1.22121
281.012 0.100765 0.560044 2.13802 2.50882 0.342837 -0.131183 0.0776375 0.590921 2.20608 2.47951 0.337396 -0.128366 -0.0231277 0.0308772 0.0680643 -0.0293101 -0.00544075 0.00281652 0.0782371 1.76746 0 0 0 0 -0 0 -0.100765 -0.560044 -2.13802 -2.50882 -0.342837 0.131183 2.21245 145.65 0.218159 -1.43581 3.16303 0.00329166 -0.0288682 -1.8168 -0.0345191 -2.13884 0.998762 0.355388 -0.0409999 1.23341
281.897 0.0691136 0.557402 2.13368 2.57691 0.294726 -0.140512 0.0449829 0.587567 2.2114 2.53558 0.309257 -0.136629 -0.0241307 0.030165 0.0777163 -0.0413313 0.014531 0.00388314 0.0867873 2.58149 0 0 0 0 -0 0 -0.0691136 -0.557402 -2.13368 -2.57691 -0.294726 0.140512 2.20637 149.265 0.246346 -1.32468 3.16583 0.000509715 -0.0241792 -1.82558 0.0148152 -2.02541 1.00298 0.322863 0.00978469 1.28046
282.156 0.0609789 0.557143 2.13352 2.5878 0.278163 -0.140857 0.0353311 0.588938 2.21269 2.5917 0.296496 -0.149251 -0.0256478 0.0317951 0.0791656 0.00390091 0.0183328 -0.00839366 0.0890839 1.20236 0 0 0 0 -0 0 -0.0609789 -0.557143 -2.13352 -2.5878 -0.278163 0.140857 2.20591 149.779 0.253147 -1.29538 3.16732 -0.000465338 -0.0242367 -1.82855 0.0258304 -1.99648 1.00476 0.309892 0.0176133 1.28962
282.459 0.0541729 0.558563 2.13259 2.59532 0.261435 -0.140303 0.0267052 0.589665 2.21203 2.54352 0.22825 -0.145216 -0.0274677 0.0311019 0.0794403 -0.051804 -0.0331849 -0.00491273 0.0896246 3.47829 0 0 0 0 -0 0 -0.0541729 -0.558563 -2.13259 -2.59532 -0.261435 0.140303 2.20519 150.098 0.259304 -1.26794 3.16885 -0.00124978 -0.0248518 -1.83149 0.0350845 -1.97019 1.00667 0.296576 0.0226817 1.29664
282.798 0.0451721 0.558423 2.13259 2.60045 0.23574 -0.137324 0.019394 0.579326 2.16933 2.63269 0.344266 -0.163584 -0.025778 0.0209029 0.0367429 0.0322419 0.108526 -0.0262596 0.0495124 6.77685 0 0 0 0 -0 0 -0.0451721 -0.558423 -2.13259 -2.60045 -0.23574 0.137324 2.20495 150.212 0.2683 -1.22627 3.17088 -0.00249993 -0.0262176 -1.8361 0.0467037 -1.93244 1.00961 0.274623 0.0252153 1.30364
283.051 0.0418167 0.557362 2.13311 2.59996 0.22254 -0.134749 0.0132019 0.58979 2.21588 2.60857 0.225848 -0.127741 -0.0286148 0.0324277 0.0827688 0.00861265 0.00330843 0.00700768 0.0933865 0.593473 0 0 0 0 -0 0 -0.0418167 -0.557362 -2.13311 -2.59996 -0.22254 0.134749 2.20512 150.09 0.273027 -1.20365 3.17145 -0.00290185 -0.0273827 -1.8386 0.0514355 -1.91354 1.01105 0.262525 0.0241093 1.30534
283.387 0.0403153 0.555825 2.13412 2.59587 0.21198 -0.132399 0.00933507 0.58992 2.21637 2.60974 0.223457 -0.127046 -0.0309802 0.0340957 0.0822452 0.013879 0.0114766 0.00535342 0.0942686 1.02641 0 0 0 0 -0 0 -0.0403153 -0.555825 -2.13412 -2.59587 -0.21198 0.132399 2.20568 149.783 0.277296 -1.18277 3.17146 -0.00287696 -0.0289616 -1.84088 0.0545377 -1.8974 1.0121 0.252223 0.0202952 1.30527
284.256 0.0433992 0.546501 2.14099 2.55101 0.191735 -0.125371 0.00930832 0.577729 2.2107 2.55224 0.224759 -0.143967 -0.0340909 0.0312279 0.0697134 0.00123362 0.0330238 -0.0185956 0.08365 2.17978 0 0 0 0 -0 0 -0.0433992 -0.546501 -2.14099 -2.55101 -0.191735 0.125371 2.21006 147.076 0.288304 -1.12521 3.16741 -0.00185873 -0.0356224 -1.84675 0.0543695 -1.86214 1.01203 0.230488 -0.019304 1.29326
284.521 0.0454367 0.543247 2.14403 2.52773 0.186585 -0.121612 0.0122377 0.572167 2.20423 2.55318 0.168246 -0.126379 -0.0331991 0.0289204 0.0601983 0.025453 -0.0183392 -0.00476652 0.0745815 1.85625 0 0 0 0 -0 0 -0.0454367 -0.543247 -2.14403 -2.52773 -0.186585 0.121612 2.21225 145.7 0.290621 -1.11137 3.16498 -0.00170481 -0.0382504 -1.84801 0.0517737 -1.85665 1.01077 0.224206 -0.039849 1.28654
284.832 0.0481939 0.538377 2.14867 2.49212 0.178306 -0.114304 0.0151079 0.570218 2.21151 2.5584 0.225653 -0.142381 -0.033086 0.0318409 0.0628322 0.0662757 0.0473473 -0.0280776 0.077823 5.17824 0 0 0 0 -0 0 -0.0481939 -0.538377 -2.14867 -2.49212 -0.178306 0.114304 2.21562 143.586 0.293002 -1.09523 3.16067 -0.0017383 -0.0420264 -1.84937 0.0469505 -1.85255 1.0081 0.213675 -0.0721873 1.27617
285.134 0.0498126 0.535785 2.15121 2.47233 0.173325 -0.109418 0.0172523 0.569468 2.23147 2.49933 0.189952 -0.133381 -0.0325602 0.0336829 0.0802662 0.0270024 0.0166277 -0.0239633 0.0929375 2.43992 0 0 0 0 -0 0 -0.0498126 -0.535785 -2.15121 -2.47233 -0.173325 0.109418 2.21748 142.404 0.293893 -1.08812 3.15804 -0.00180913 -0.0439458 -1.84992 0.0440451 -1.85177 1.00632 0.207327 -0.090083 1.27065
285.405 0.0527903 0.529952 2.15637 2.43205 0.162478 -0.0982881 0.019165 0.561488 2.22703 2.45646 0.210024 -0.1204 -0.0336253 0.0315359 0.0706628 0.0244127 0.0475459 -0.0221115 0.0843707 3.41145 0 0 0 0 -0 0 -0.0527903 -0.529952 -2.15637 -2.43205 -0.162478 0.0982881 2.22116 139.993 0.295089 -1.0757 3.15174 -0.00208581 -0.0478358 -1.85078 0.037382 -1.85245 1.00192 0.193006 -0.12769 1.2596
286.014 0.059903 0.519173 2.16531 2.36359 0.139456 -0.0723596 0.0259189 0.560102 2.26368 -2.9231 -0.137289 0.000884486 -0.0339841 0.0409289 0.0983779 -5.28669 -0.276745 0.0732441 0.111841 59.2079 0 0 0 0 -0 0 -0.059903 -0.519173 -2.16531 -2.36359 -0.139456 0.0723596 2.22748 135.857 0.295391 -1.05951 3.13699 -0.00218955 -0.0547897 -1.85165 0.0237143 -1.85993 0.991597 0.161309 -0.190821 1.24273
286.356 0.0641499 0.515004 2.1686 2.33702 0.128481 -0.0594306 0.0286987 0.537437 2.20073 2.32491 0.114155 -0.0603172 -0.0354512 0.022433 0.0321209 -0.0121142 -0.0143257 -0.000886588 0.0528372 1.07228 0 0 0 0 -0 0 -0.0641499 -0.515004 -2.1686 -2.33702 -0.128481 0.0594306 2.22984 134.242 0.294834 -1.05459 3.12941 -0.00164907 -0.0579282 -1.8519 0.0174042 -1.86502 0.986261 0.144867 -0.215522 1.23703
286.644 0.0696395 0.509016 2.17276 2.30547 0.112427 -0.0400982 0.0356055 0.549241 2.27319 2.31974 0.119393 -0.0623925 -0.0340339 0.0402244 0.100427 0.0142729 0.00696572 -0.0222943 0.11341 1.64354 0 0 0 0 -0 0 -0.0696395 -0.509016 -2.17276 -2.30547 -0.112427 0.0400982 2.23267 132.313 0.293415 -1.04975 3.11835 -0.000892753 -0.061687 -1.85218 0.0088637 -1.87305 0.978393 0.120286 -0.245167 1.23105
287.16 0.0750178 0.501928 2.17703 2.27472 0.0900013 -0.0126215 0.0440164 0.530396 2.24404 2.25606 0.103077 -0.0244616 -0.0310014 0.0284679 0.0670041 -0.0186567 0.0130757 -0.0118401 0.0791268 1.42272 0 0 0 0 -0 0 -0.0750178 -0.501928 -2.17703 -2.27472 -0.0900013 0.0126215 2.23541 130.419 0.290494 -1.04626 3.10308 -0.00025061 -0.0659799 -1.85251 -0.00165967 -1.88453 0.967399 0.0852265 -0.274147 1.22628
287.731 0.0807642 0.495292 2.18024 2.25477 0.0534546 0.0316365 0.0483125 0.514638 2.21432 2.22101 0.0631336 0.000444384 -0.0324518 0.0193458 0.0340808 -0.0337597 0.009679 -0.0311921 0.050881 2.61524 0 0 0 0 -0 0 -0.0807642 -0.495292 -2.18024 -2.25477 -0.0534546 -0.0316365 2.23725 129.167 0.284206 -1.04557 3.07916 0.000917953 -0.0721428 -1.853 -0.0152809 -1.90239 0.950075 0.0266731 -0.291137 1.22481
288.059 0.0833587 0.492942 2.18068 2.25634 0.0291891 0.0592436 0.052061 0.520905 2.24961 2.24423 0.0583665 0.0351474 -0.0312977 0.0279629 0.0689286 -0.0121138 0.0291773 -0.0240962 0.0807008 2.25793 0 0 0 0 -0 0 -0.0833587 -0.492942 -2.18068 -2.25634 -0.0291891 -0.0592436 2.23725 129.259 0.279456 -1.04702 3.06432 0.00202258 -0.075539 -1.85335 -0.0220834 -1.9131 0.93923 -0.0117726 -0.287394 1.22635
288.319 0.0845118 0.491432 2.18068 2.26088 0.0161379 0.0733391 0.0522148 0.509423 2.21267 2.20089 0.0195775 0.0600957 -0.0322971 0.0179909 0.0319812 -0.0599858 0.00343964 -0.0132434 0.0488832 3.5119 0 0 0 0 -0 0 -0.0845118 -0.491432 -2.18068 -2.26088 -0.0161379 -0.0733391 2.23697 129.543 0.276765 -1.04814 3.0565 0.00275733 -0.0768866 -1.85355 -0.0251548 -1.91853 0.933474 -0.0320913 -0.281862 1.22752
288.683 0.084799 0.487625 2.17958 2.28131 -0.0180917 0.107499 0.0559403 0.524269 2.28553 2.29442 0.0123179 0.0639198 -0.0288586 0.0366439 0.105946 0.0131074 0.0304096 -0.0435797 0.115759 3.13413 0 0 0 0 -0 0 -0.084799 -0.487625 -2.17958 -2.28131 0.0180917 -0.107499 2.23507 130.843 0.269092 -1.05191 3.0357 0.00418751 -0.0796624 -1.85414 -0.0318759 -1.93218 0.917989 -0.0831532 -0.258266 1.2306
288.981 0.0818925 0.4858 2.1785 2.29865 -0.0404463 0.127601 0.0557421 0.519886 2.2751 2.28895 -0.0236647 0.105205 -0.0261504 0.0340864 0.0966035 -0.00970134 0.0167816 -0.0223961 0.105726 1.71052 0 0 0 0 -0 0 -0.0818925 -0.4858 -2.1785 -2.29865 0.0404463 -0.127601 2.23351 131.966 0.263846 -1.05471 3.02247 0.00413574 -0.0811582 -1.85446 -0.0352026 -1.94037 0.90803 -0.11352 -0.238513 1.23215
289.281 0.0793394 0.485091 2.17763 2.31189 -0.0560167 0.140792 0.051441 0.514069 2.25831 2.27805 -0.0594433 0.146073 -0.0278985 0.0289782 0.0806817 -0.0338442 -0.0034266 0.00528178 0.0901532 1.95525 0 0 0 0 -0 0 -0.0793394 -0.485091 -2.17763 -2.31189 0.0560167 -0.140792 2.23241 132.832 0.260105 -1.05677 3.01341 0.00402299 -0.0822427 -1.85464 -0.0371051 -1.94583 0.90117 -0.133669 -0.223474 1.23296
289.856 0.068635 0.485432 2.17279 2.36489 -0.10863 0.18072 0.0430347 0.520133 2.28032 2.37888 -0.0903012 0.172144 -0.0256002 0.0347013 0.107535 0.0139888 0.0183283 -0.00857587 0.115859 1.3814 0 0 0 0 -0 0 -0.068635 -0.485432 -2.17279 -2.36489 0.10863 -0.18072 2.22741 136.319 0.245744 -1.06473 2.98029 0.00402528 -0.0866347 -1.85499 -0.0419929 -1.9649 0.876003 -0.199215 -0.161896 1.23343
290.645 0.0428022 0.48742 2.16377 2.45531 -0.177433 0.223128 0.0200276 0.518576 2.25168 2.44479 -0.188983 0.247203 -0.0227746 0.0311558 0.0879115 -0.0105277 -0.0115506 0.0240753 0.0960093 1.54965 0 0 0 0 -0 0 -0.0428022 -0.48742 -2.16377 -2.45531 0.177433 -0.223128 2.2184 142.22 0.220774 -1.07734 2.92706 0.00273401 -0.0935052 -1.85432 -0.0451893 -1.99491 0.83593 -0.276572 -0.0579824 1.22543
290.904 0.037392 0.486068 2.16249 2.47155 -0.188308 0.228985 0.0110244 0.510308 2.2201 2.44775 -0.198588 0.229159 -0.0263676 0.0242391 0.0576188 -0.0237998 -0.0102799 0.000174042 0.0678433 1.48359 0 0 0 0 -0 0 -0.037392 -0.486068 -2.16249 -2.47155 0.188308 -0.228985 2.21676 143.273 0.216166 -1.07935 2.91751 0.00243562 -0.094111 -1.85407 -0.0452744 -2.00047 0.828933 -0.288271 -0.0400925 1.22306
291.257 0.0271953 0.482148 2.15985 2.5023 -0.207751 0.238962 0.00129637 0.514135 2.24515 2.4856 -0.153462 0.219727 -0.0258989 0.0319875 0.0852951 -0.0167072 0.0542894 -0.0192353 0.0947059 3.49065 0 0 0 0 -0 0 -0.0271953 -0.482148 -2.15985 -2.5023 0.207751 -0.238962 2.21318 145.256 0.207082 -1.08299 2.89841 0.0023165 -0.0950274 -1.85354 -0.0451238 -2.01176 0.815086 -0.309731 -0.00627529 1.21776
291.545 0.0178218 0.477097 2.1583 2.52999 -0.225077 0.247699 -0.00640031 0.504711 2.21666 2.49143 -0.19606 0.245203 -0.0242222 0.0276138 0.0583591 -0.0385612 0.0290168 -0.00249593 0.0689567 2.79246 0 0 0 0 -0 0 -0.0178218 -0.477097 -2.1583 -2.52999 0.225077 -0.247699 2.21048 147.046 0.198275 -1.08607 2.87935 0.00277742 -0.0957392 -1.85304 -0.044616 -2.02322 0.801325 -0.329064 0.0230475 1.21216
292.412 -0.00773553 0.462514 2.15695 2.56298 -0.26564 0.272768 -0.0314539 0.491529 2.21777 2.57244 -0.309458 0.277923 -0.0237184 0.0290143 0.0608288 0.00946109 -0.043818 0.0051554 0.0714461 2.60294 0 0 0 0 -0 0 0.00773553 -0.462514 -2.15695 -2.56298 0.26564 -0.272768 2.20599 149.516 0.177923 -1.09111 2.83273 0.00331421 -0.0976122 -1.8521 -0.041763 -2.05185 0.766681 -0.377526 0.0624542 1.20204
292.766 -0.0162601 0.457233 2.15737 2.5643 -0.27794 0.280816 -0.0408452 0.492385 2.24846 2.53989 -0.21745 0.252583 -0.0245851 0.035152 0.0910966 -0.0244149 0.0604901 -0.0282331 0.100691 4.20636 0 0 0 0 -0 0 0.0162601 -0.457233 -2.15737 -2.5643 0.27794 -0.280816 2.20535 149.795 0.172418 -1.09187 2.81878 0.00302718 -0.0980468 -1.85189 -0.0406403 -2.06032 0.756053 -0.391909 0.0662227 1.20114
293.078 -0.0243091 0.451095 2.15796 2.56382 -0.289354 0.287647 -0.0507373 0.479176 2.21439 2.5725 -0.322247 0.279927 -0.0264282 0.0280805 0.0564385 0.00868285 -0.0328935 -0.00772023 0.068354 1.96543 0 0 0 0 -0 0 0.0243091 -0.451095 -2.15796 -2.56382 0.289354 -0.287647 2.20473 149.956 0.167268 -1.09232 2.80465 0.0028259 -0.0982411 -1.8517 -0.0395443 -2.06869 0.745244 -0.405008 0.0680412 1.20146
293.321 -0.029103 0.446683 2.15933 2.56311 -0.296698 0.291428 -0.0602158 0.478545 2.24306 2.56947 -0.322248 0.299652 -0.0311128 0.0318619 0.0837258 0.00635235 -0.02555 0.00822347 0.0948325 1.61301 0 0 0 0 -0 0 0.029103 -0.446683 -2.15933 -2.56311 0.296698 -0.291428 2.20524 150.034 0.164049 -1.09245 2.79507 0.00282867 -0.0981769 -1.85158 -0.038863 -2.07419 0.737903 -0.412844 0.0687021 1.20231
293.624 -0.0379681 0.436358 2.16034 2.56184 -0.309609 0.296573 -0.0690319 0.468464 2.24171 2.58888 -0.281739 0.284694 -0.0310638 0.0321062 0.0813709 0.0270418 0.0278698 -0.0118794 0.0928277 2.19071 0 0 0 0 -0 0 0.0379681 -0.436358 -2.16034 -2.56184 0.309609 -0.296573 2.20429 150.158 0.158159 -1.09236 2.77549 0.00306892 -0.0979125 -1.85135 -0.0376803 -2.08497 0.722937 -0.426373 0.0698571 1.20515
293.98 -0.0451491 0.426366 2.16173 2.56025 -0.320449 0.299317 -0.0757498 0.458181 2.23926 2.57468 -0.335191 0.300336 -0.0306008 0.0318154 0.077531 0.0144269 -0.014742 0.00101847 0.0892171 1.19616 0 0 0 0 -0 0 0.0451491 -0.426366 -2.16173 -2.56025 0.320449 -0.299317 2.20384 150.219 0.153016 -1.09188 2.75553 0.00358334 -0.097775 -1.85115 -0.0367874 -2.09526 0.707618 -0.437165 0.0705813 1.20913
294.267 -0.0500204 0.41853 2.1631 2.55789 -0.327969 0.300793 -0.0814427 0.449449 2.23475 2.57276 -0.343769 0.302709 -0.0314223 0.0309186 0.0716496 0.0148694 -0.0157998 0.00191659 0.0841248 1.27226 0 0 0 0 -0 0 0.0500204 -0.41853 -2.1631 -2.55789 0.327969 -0.300793 2.20379 150.188 0.14965 -1.09133 2.74054 0.00390487 -0.0974486 -1.85101 -0.0362806 -2.10248 0.695948 -0.444218 0.069781 1.21277
294.649 -0.0562035 0.407826 2.16514 2.55172 -0.337274 0.302886 -0.0851762 0.434641 2.20469 2.49324 -0.326255 0.30892 -0.0289727 0.0268149 0.039544 -0.0584831 0.0110189 0.00603343 0.0558765 3.31529 0 0 0 0 -0 0 0.0562035 -0.407826 -2.16514 -2.55172 0.337274 -0.302886 2.20393 149.973 0.145813 -1.09043 2.72077 0.00401771 -0.0966192 -1.85087 -0.0357992 -2.11116 0.680073 -0.452723 0.0655277 1.21845
294.952 -0.0605867 0.400339 2.16668 2.5444 -0.344565 0.305575 -0.092019 0.429394 2.23191 2.56447 -0.394662 0.314794 -0.0314322 0.0290547 0.0652279 0.020074 -0.0500969 0.0092187 0.0780182 3.20613 0 0 0 0 -0 0 0.0605867 -0.400339 -2.16668 -2.5444 0.344565 -0.305575 2.20419 149.68 0.143421 -1.08971 2.70619 0.00387936 -0.0959473 -1.85081 -0.0355103 -2.11687 0.667948 -0.459724 0.0599572 1.22313
295.28 -0.0643898 0.393932 2.16815 2.53537 -0.352443 0.309578 -0.095863 0.421371 2.23071 2.56733 -0.398506 0.314419 -0.0314731 0.0274391 0.0625549 0.0319668 -0.0460627 0.00484126 0.0752102 3.28157 0 0 0 0 -0 0 0.0643898 -0.393932 -2.16815 -2.53537 0.352443 -0.309578 2.20459 149.318 0.14145 -1.08903 2.69191 0.00371852 -0.0954385 -1.8508 -0.0352463 -2.12185 0.655732 -0.467912 0.0532002 1.22779
295.592 -0.0681302 0.387216 2.1699 2.52291 -0.363856 0.316652 -0.0998674 0.412959 2.2328 2.52874 -0.386745 0.326937 -0.0317372 0.0257428 0.0629065 0.00583713 -0.0228889 0.0102848 0.0750145 1.52418 0 0 0 0 -0 0 0.0681302 -0.387216 -2.1699 -2.52291 0.363856 -0.316652 2.20523 148.851 0.139484 -1.08827 2.67324 0.00367917 -0.0950506 -1.85088 -0.0349217 -2.12736 0.639346 -0.480696 0.0444816 1.23328
295.823 -0.0692942 0.384671 2.17063 2.51714 -0.369894 0.320754 -0.103735 0.408937 2.23213 2.52967 -0.389582 0.327049 -0.0344403 0.0242656 0.0615057 0.0125302 -0.0196882 0.00629491 0.0745513 1.45266 0 0 0 0 -0 0 0.0692942 -0.384671 -2.17063 -2.51714 0.369894 -0.320754 2.20554 148.657 0.138785 -1.08798 2.66408 0.00380103 -0.0949757 -1.85095 -0.0347545 -2.12964 0.631142 -0.487844 0.0407862 1.23558
296.118 -0.0703914 0.381691 2.17153 2.50986 -0.37886 0.326977 -0.105675 0.411425 2.27275 2.54339 -0.358869 0.302929 -0.0352837 0.0297336 0.101219 0.0335292 0.0199914 -0.0240483 0.11124 2.23423 0 0 0 0 -0 0 0.0703914 -0.381691 -2.17153 -2.50986 0.37886 -0.326977 2.20594 148.447 0.138084 -1.08767 2.65051 0.00404904 -0.0949264 -1.8511 -0.0345205 -2.13243 0.618825 -0.498633 0.0365975 1.23832
296.386 -0.0712449 0.379265 2.17188 2.50429 -0.389617 0.334178 -0.107768 0.401509 2.22967 -2.92209 0.428466 0.168471 -0.0365233 0.0222442 0.0577978 -5.42637 0.818083 -0.165706 0.0718981 67.5852 0 0 0 0 -0 0 0.0712449 -0.379265 -2.17188 -2.50429 0.389617 -0.334178 2.20589 148.373 0.137784 -1.0875 2.63268 0.0042076 -0.0951142 -1.85134 -0.0342994 -2.13503 0.602343 -0.511347 0.0347436 1.24036
296.73 -0.0714876 0.378893 2.17177 2.50465 -0.395989 0.337744 -0.109784 0.407325 2.27269 -2.88505 0.385945 0.178245 -0.0382966 0.0284313 0.100915 -5.3897 0.781934 -0.1595 0.111619 67.5292 0 0 0 0 -0 0 0.0714876 -0.378893 -2.17177 -2.50465 0.395989 -0.337744 2.20574 148.525 0.138027 -1.08756 2.61933 0.00415315 -0.095517 -1.85151 -0.0342524 -2.13621 0.589896 -0.518386 0.0372129 1.24033
297.049 -0.0712885 0.379261 2.17121 2.50893 -0.400174 0.339055 -0.109784 0.407325 2.27269 -2.88505 0.385945 0.178245 -0.0384958 0.0280632 0.101483 -5.39398 0.786119 -0.160811 0.112109 67.4962 0 0 0 0 -0 0 0.0712885 -0.379261 -2.17121 -2.50893 0.400174 -0.339055 2.20523 148.834 0.138676 -1.08774 2.60601 0.00397851 -0.0960058 -1.85165 -0.0343399 -2.13673 0.577329 -0.522366 0.0426159 1.23911
297.312 -0.0702996 0.379989 2.16996 2.52085 -0.40226 0.337054 -0.106777 0.405485 2.25596 2.55127 -0.442146 0.346468 -0.0364772 0.0254958 0.086005 0.0304192 -0.0398865 0.00941387 0.0968374 3.05313 0 0 0 0 -0 0 0.0702996 -0.379989 -2.16996 -2.52085 0.40226 -0.337054 2.2041 149.491 0.140189 -1.08813 2.58811 0.00356518 -0.0964519 -1.85172 -0.0346838 -2.13652 0.560289 -0.522728 0.0542109 1.23577
297.633 -0.0685621 0.380498 2.16887 2.53381 -0.401468 0.333064 -0.106777 0.405485 2.25596 2.55127 -0.442146 0.346468 -0.0382147 0.0249875 0.0870914 0.0174515 -0.0406781 0.0134043 0.0983344 2.76598 0 0 0 0 -0 0 0.0685621 -0.380498 -2.16887 -2.53381 0.401468 -0.333064 2.20306 150.141 0.141825 -1.0885 2.57465 0.00333814 -0.0965515 -1.85168 -0.0350895 -2.13576 0.54739 -0.519895 0.0655855 1.23229
297.979 -0.0637366 0.380482 2.16766 2.55687 -0.396162 0.323641 -0.103696 0.400999 2.23135 2.53366 -0.391482 0.326067 -0.0399592 0.0205169 0.0636918 -0.0232099 0.00468008 0.00242662 0.077938 1.31075 0 0 0 0 -0 0 0.0637366 -0.380482 -2.16766 -2.55687 0.396162 -0.323641 2.20172 151.22 0.144671 -1.08903 2.55661 0.00369547 -0.0960778 -1.85149 -0.0359189 -2.13409 0.530024 -0.511466 0.0838149 1.22663
298.242 -0.0606738 0.380193 2.16694 2.5696 -0.391881 0.317726 -0.0999959 0.405839 2.25795 2.57194 -0.40063 0.332556 -0.0393221 0.0256457 0.0910075 0.00233976 -0.00874881 0.0148298 0.102403 1.03892 0 0 0 0 -0 0 0.0606738 -0.380193 -2.16694 -2.5696 0.391881 -0.317726 2.20088 151.792 0.146363 -1.08929 2.54754 0.0039701 -0.0956904 -1.85134 -0.0364667 -2.13302 0.521249 -0.505424 0.0936307 1.22363
299.142 -0.0486411 0.376406 2.16257 2.64299 -0.367172 0.2852 -0.0890278 0.412088 2.30355 2.66466 -0.329898 0.277603 -0.0403867 0.0356822 0.140982 0.0216673 0.0372737 -0.00759777 0.150931 2.43349 0 0 0 0 -0 0 0.0486411 -0.376406 -2.16257 -2.64299 0.367172 -0.2852 2.19562 155.172 0.158536 -1.09069 2.49625 0.00109783 -0.0928345 -1.85018 -0.0406409 -2.12607 0.472122 -0.467732 0.151471 1.20792
299.373 -0.0445258 0.374459 2.16153 2.66172 -0.364688 0.279022 -0.0842319 0.397033 2.22705 -3.03787 0.373828 0.139569 -0.0397061 0.022574 0.0655278 -5.69959 0.738516 -0.139453 0.0798753 54.0242 0 0 0 0 -0 0 0.0445258 -0.374459 -2.16153 -2.66172 0.364688 -0.279022 2.19417 156.114 0.162729 -1.09106 2.48199 0.000275386 -0.0919164 -1.84987 -0.0418127 -2.12448 0.458813 -0.462549 0.167148 1.20435
299.633 -0.0392138 0.372174 2.16061 2.67973 -0.36403 0.27381 -0.078759 0.402902 2.26895 2.66819 -0.333259 0.258032 -0.0395452 0.0307286 0.108346 -0.0115313 0.0307714 -0.0157779 0.11936 2.18409 0 0 0 0 -0 0 0.0392138 -0.372174 -2.16061 -2.67973 0.36403 -0.27381 2.19278 157.049 0.167307 -1.09145 2.46752 -9.95277e-05 -0.0910475 -1.84961 -0.0429687 -2.12326 0.445529 -0.459926 0.182575 1.20104
300.562 -0.0131048 0.360497 2.15882 2.73016 -0.363975 0.25743 -0.0517324 0.384283 2.2184 2.71292 -0.38145 0.264067 -0.0386275 0.0237859 0.0595788 -0.0172404 -0.0174749 0.00663763 0.0748831 1.35999 0 0 0 0 -0 0 0.0131048 -0.360497 -2.15882 -2.73016 0.363975 -0.25743 2.18875 159.669 0.184909 -1.093 2.4183 0.00213303 -0.0881279 -1.84929 -0.047015 -2.12268 0.401412 -0.456867 0.225817 1.19365
301.161 0.0035092 0.350689 2.1595 2.74943 -0.36353 0.247774 -0.0331861 0.371561 2.21193 2.69598 -0.419408 0.272835 -0.0366953 0.0208724 0.0524264 -0.0534479 -0.0558785 0.0250603 0.0673106 4.28139 0 0 0 0 -0 0 -0.0035092 -0.350689 -2.1595 -2.74943 0.36353 -0.247774 2.1878 160.629 0.196434 -1.09423 2.38876 0.00403445 -0.0863671 -1.84946 -0.0493999 -2.12547 0.37547 -0.454636 0.24144 1.19361
301.503 0.0130306 0.345337 2.16027 2.75309 -0.364532 0.243528 -0.0245993 0.368679 2.21773 2.72821 -0.37279 0.258699 -0.03763 0.0233423 0.0574566 -0.0248793 -0.00825783 0.0151716 0.0725406 1.45535 0 0 0 0 -0 0 -0.0130306 -0.345337 -2.16027 -2.75309 0.364532 -0.243528 2.18774 160.793 0.204132 -1.09527 2.36921 0.00489864 -0.086184 -1.84969 -0.0506307 -2.12867 0.358186 -0.454248 0.244886 1.19603
301.796 0.0188692 0.34159 2.1609 2.75031 -0.366356 0.241968 -0.0171035 0.367671 2.2465 2.81195 -0.359413 0.220598 -0.0359727 0.0260813 0.0855962 0.0616387 0.0069426 -0.0213706 0.0964416 3.32555 0 0 0 0 -0 0 -0.0188692 -0.34159 -2.1609 -2.75031 0.366356 -0.241968 2.18782 160.636 0.209807 -1.09618 2.35466 0.00516258 -0.0863444 -1.84991 -0.0512361 -2.13167 0.345096 -0.454863 0.242843 1.19924
302.12 0.0234881 0.338146 2.16228 2.74397 -0.368691 0.241179 -0.0102684 0.364412 2.25718 2.73658 -0.377694 0.243266 -0.0337565 0.026266 0.0948914 -0.00738537 -0.0090033 0.00208789 0.104085 0.650118 0 0 0 0 -0 0 -0.0234881 -0.338146 -2.16228 -2.74397 0.368691 -0.241179 2.18869 160.293 0.215353 -1.09723 2.34005 0.00508123 -0.0866537 -1.85014 -0.0515795 -2.13519 0.331837 -0.455606 0.237943 1.20342
302.402 0.029405 0.333897 2.16399 2.73173 -0.371311 0.2404 -0.00632405 0.360418 2.25684 2.73948 -0.376852 0.242305 -0.0357291 0.0265202 0.0928546 0.00775481 -0.00554116 0.00190464 0.102965 0.588174 0 0 0 0 -0 0 -0.029405 -0.333897 -2.16399 -2.73173 0.371311 -0.2404 2.1898 159.623 0.222507 -1.09883 2.32048 0.00522622 -0.0873895 -1.85046 -0.0516044 -2.14057 0.313906 -0.456275 0.228102 1.21034
302.701 0.0341449 0.331124 2.16574 2.72105 -0.373001 0.239588 -0.00139783 0.352978 2.23516 2.69817 -0.357101 0.234978 -0.0355427 0.0218545 0.0694131 -0.0228734 0.0159 -0.00461049 0.0809882 1.69235 0 0 0 0 -0 0 -0.0341449 -0.331124 -2.16574 -2.72105 0.373001 -0.239588 2.19117 159.031 0.22766 -1.10019 2.30569 0.00583531 -0.0881249 -1.85068 -0.051259 -2.14509 0.300345 -0.456795 0.219627 1.21619
303.024 0.0409757 0.327317 2.16744 2.70683 -0.374491 0.237867 0.00331039 0.349803 2.23603 -3.03113 0.411233 0.109643 -0.0376653 0.0224861 0.0685866 -5.73796 0.785724 -0.128224 0.0814151 54.8645 0 0 0 0 -0 0 -0.0409757 -0.327317 -2.16744 -2.70683 0.374491 -0.237867 2.1924 158.23 0.234168 -1.1022 2.28578 0.00720829 -0.0892347 -1.85092 -0.0503067 -2.15165 0.282144 -0.457145 0.20824 1.22436
303.311 0.0450157 0.32505 2.16835 2.69719 -0.374982 0.236264 0.0113041 0.346228 2.22946 2.68001 -0.396548 0.244669 -0.0337116 0.0211787 0.0611089 -0.0171844 -0.0215657 0.00840455 0.0729336 1.53977 0 0 0 0 -0 0 -0.0450157 -0.32505 -2.16835 -2.69719 0.374982 -0.236264 2.19304 157.677 0.238707 -1.10382 2.27065 0.00804367 -0.0903555 -1.85104 -0.049257 -2.15688 0.268417 -0.45663 0.200664 1.23029
303.61 0.0469457 0.324093 2.16967 2.68784 -0.374877 0.234613 0.0152107 0.344599 2.23148 2.68536 -0.394528 0.242683 -0.0317351 0.0205057 0.0618045 -0.00248022 -0.019651 0.00807035 0.0724389 1.20528 0 0 0 0 -0 0 -0.0469457 -0.324093 -2.16967 -2.68784 0.374877 -0.234613 2.19425 157.133 0.242909 -1.10552 2.25534 0.00818291 -0.0919503 -1.8511 -0.0479497 -2.16225 0.254576 -0.455005 0.194048 1.23577
303.908 0.0474312 0.323478 2.1702 2.67876 -0.373583 0.232201 0.0154525 0.350452 2.2757 2.70419 -0.359383 0.219548 -0.0319787 0.0269744 0.105501 0.0254259 0.0142 -0.0126531 0.113493 1.59765 0 0 0 0 -0 0 -0.0474312 -0.323478 -2.1702 -2.67876 0.373583 -0.232201 2.19468 156.586 0.247987 -1.10781 2.23463 0.00766666 -0.0944526 -1.85106 -0.0458557 -2.16957 0.236054 -0.451287 0.188161 1.24169
304.22 0.0471537 0.323504 2.17089 2.67529 -0.372541 0.230856 0.0154839 0.350627 2.28362 2.65717 -0.341731 0.233234 -0.0316698 0.027123 0.112731 -0.0181166 0.0308101 0.00237798 0.120196 2.02816 0 0 0 0 -0 0 -0.0471537 -0.323504 -2.17089 -2.67529 0.372541 -0.230856 2.19536 156.366 0.250318 -1.10894 2.2242 0.00737349 -0.0957522 -1.851 -0.044642 -2.17322 0.226783 -0.4492 0.18628 1.24403
304.567 0.0470299 0.322652 2.17138 2.67175 -0.369894 0.228021 0.0154839 0.350627 2.28362 2.65717 -0.341731 0.233234 -0.0315461 0.0279744 0.112241 -0.0145834 0.0281633 0.00521363 0.119899 1.79362 0 0 0 0 -0 0 -0.0470299 -0.322652 -2.17138 -2.67175 0.369894 -0.228021 2.19572 156.111 0.25461 -1.11108 2.20318 0.00720526 -0.0979878 -1.85079 -0.041907 -2.18044 0.208259 -0.445009 0.184913 1.2473
304.891 0.0479452 0.319809 2.17163 2.67434 -0.367631 0.224951 0.0152084 0.340627 2.23099 2.68724 -0.395372 0.242114 -0.0327367 0.0208179 0.0593614 0.0129047 -0.0277406 0.0171621 0.0709144 2.14028 0 0 0 0 -0 0 -0.0479452 -0.319809 -2.17163 -2.67434 0.367631 -0.224951 2.19558 156.199 0.258444 -1.11297 2.18176 0.0079218 -0.0993452 -1.85053 -0.038771 -2.18754 0.189796 -0.442343 0.188229 1.24825
305.214 0.0483112 0.317543 2.17152 2.6794 -0.367051 0.223347 0.0171979 0.339645 2.23741 2.69323 -0.405696 0.208544 -0.0311133 0.0221019 0.0658899 0.0138303 -0.0386453 -0.0148033 0.0761446 2.39653 0 0 0 0 -0 0 -0.0483112 -0.317543 -2.17152 -2.6794 0.367051 -0.223347 2.19514 156.458 0.261012 -1.11416 2.16538 0.00856056 -0.100318 -1.85033 -0.0361639 -2.19274 0.175921 -0.442026 0.193688 1.24742
305.542 0.0474259 0.314946 2.1711 2.68839 -0.366807 0.221951 0.0172356 0.337834 2.24514 2.64736 -0.390053 0.223438 -0.0301903 0.0228876 0.0740468 -0.0410271 -0.0232461 0.00148675 0.0831759 2.67562 0 0 0 0 -0 0 -0.0474259 -0.314946 -2.1711 -2.68839 0.366807 -0.221951 2.19434 156.942 0.264003 -1.11539 2.14317 0.00906042 -0.101752 -1.8501 -0.0324787 -2.19933 0.157232 -0.442342 0.203225 1.24486
305.812 0.0469107 0.314278 2.1709 2.69087 -0.366748 0.221674 0.0152041 0.332691 2.23003 2.69101 -0.397042 0.240962 -0.0317066 0.0184139 0.0591294 0.000133553 -0.0302944 0.019288 0.0695749 2.05919 0 0 0 0 -0 0 -0.0469107 -0.314278 -2.1709 -2.69087 0.366748 -0.221674 2.19404 157.078 0.264673 -1.11562 2.13756 0.00908423 -0.102101 -1.85005 -0.0315369 -2.20089 0.152519 -0.44239 0.205855 1.24404
306.427 0.0405722 0.306977 2.17015 2.7121 -0.363548 0.218028 0.0113068 0.328694 2.22934 2.69196 -0.399631 0.24081 -0.0292655 0.0217168 0.0591914 -0.0201348 -0.0360829 0.0227818 0.0695105 2.48727 0 0 0 0 -0 0 -0.0405722 -0.306977 -2.17015 -2.7121 0.363548 -0.218028 2.19213 158.196 0.269035 -1.11627 2.09263 0.00881161 -0.10365 -1.84979 -0.0240502 -2.21191 0.114416 -0.439372 0.226131 1.23722
306.78 0.0382115 0.300291 2.16997 2.72476 -0.358972 0.213717 0.00749948 0.330169 2.27288 2.71187 -0.367145 0.217785 -0.030712 0.0298788 0.102902 -0.0128848 -0.00817276 0.00406859 0.111467 0.834625 0 0 0 0 -0 0 -0.0382115 -0.300291 -2.16997 -2.72476 0.358972 -0.213717 2.19099 158.818 0.270626 -1.11575 2.07029 0.00927313 -0.102969 -1.84975 -0.0206058 -2.21639 0.0953863 -0.434695 0.236287 1.23403
307.059 0.0372729 0.296774 2.17011 2.73134 -0.355914 0.21106 0.00739504 0.31595 2.21476 2.7387 -0.424114 0.226173 -0.0298778 0.0191761 0.0446471 0.00735987 -0.0681993 0.0151134 0.0570419 4.05878 0 0 0 0 -0 0 -0.0372729 -0.296774 -2.17011 -2.73134 0.355914 -0.21106 2.19063 159.132 0.271275 -1.11528 2.05924 0.00965893 -0.102444 -1.84975 -0.019013 -2.21837 0.0859449 -0.431601 0.241309 1.23253
307.36 0.0355612 0.289013 2.16956 2.7444 -0.348506 0.205233 0.00539727 0.314761 2.24838 2.68856 -0.30781 0.201065 -0.030164 0.0257474 0.0788216 -0.0558464 0.0406959 -0.00416887 0.0882363 4.02788 0 0 0 0 -0 0 -0.0355612 -0.289013 -2.16956 -2.7444 0.348506 -0.205233 2.18901 159.741 0.272251 -1.114 2.03744 0.0104488 -0.101296 -1.84978 -0.0161735 -2.22183 0.0672796 -0.423904 0.251215 1.22961
307.67 0.0341624 0.283315 2.16982 2.75434 -0.341249 0.200249 0.00352083 0.304906 2.22622 2.70154 -0.408006 0.238042 -0.0306416 0.0215912 0.0563989 -0.0527962 -0.0667575 0.037793 0.0677195 4.86502 0 0 0 0 -0 0 -0.0341624 -0.283315 -2.16982 -2.75434 0.341249 -0.200249 2.1885 160.189 0.272674 -1.11276 2.02146 0.0110219 -0.100224 -1.84982 -0.0144195 -2.22396 0.0535022 -0.416572 0.258107 1.22754
308.01 0.0326491 0.277867 2.16992 2.76222 -0.332386 0.19514 0.00148863 0.301257 2.24239 2.75016 -0.327377 0.18462 -0.0311605 0.0233903 0.0724696 -0.0120644 0.00500879 -0.0105204 0.0822796 1.09253 0 0 0 0 -0 0 -0.0326491 -0.277867 -2.16992 -2.76222 0.332386 -0.19514 2.18788 160.513 0.272803 -1.11134 2.00593 0.0114571 -0.0991671 -1.84987 -0.0130529 -2.22559 0.0398334 -0.407308 0.263163 1.22596
308.317 0.0303342 0.271967 2.17015 2.76958 -0.318591 0.18843 0.000508345 0.298691 2.27491 2.74901 -0.326141 0.203251 -0.0298258 0.0267233 0.104759 -0.020575 -0.00755017 0.0148211 0.112153 1.28968 0 0 0 0 -0 0 -0.0303342 -0.271967 -2.17015 -2.76958 0.318591 -0.18843 2.18733 160.759 0.272487 -1.10925 1.98585 0.011784 -0.0980931 -1.84998 -0.0118747 -2.22703 0.0216705 -0.392742 0.267202 1.22453
308.595 0.0285116 0.268816 2.1704 2.77263 -0.307921 0.183942 -0.00242297 0.28933 2.24101 2.75519 -0.331548 0.183533 -0.0309346 0.0205136 0.0706039 -0.0174427 -0.0236275 -0.000409193 0.0797663 1.68725 0 0 0 0 -0 0 -0.0285116 -0.268816 -2.1704 -2.77263 0.307921 -0.183942 2.18717 160.813 0.271872 -1.10757 1.97124 0.0119028 -0.0976135 -1.85008 -0.0114446 -2.22756 0.00807862 -0.381482 0.268302 1.22388
308.922 0.0263121 0.266695 2.1706 2.77428 -0.297451 0.179885 -0.00447638 0.288915 2.26767 2.83537 -0.298709 0.17839 -0.0307885 0.0222205 0.0970686 0.0610847 -0.00125855 -0.00149565 0.10423 3.47649 0 0 0 0 -0 0 -0.0263121 -0.266695 -2.1706 -2.77428 0.297451 -0.179885 2.18708 160.797 0.270932 -1.10583 1.95689 0.011755 -0.0974364 -1.8502 -0.0114325 -2.22767 -0.00551193 -0.370241 0.268491 1.22346
309.263 0.0232805 0.264994 2.17089 2.77441 -0.284655 0.17528 -0.00633409 0.285341 2.24042 2.75633 -0.334171 0.183392 -0.0296146 0.020347 0.069528 -0.0180856 -0.0495164 0.00811141 0.0782635 3.00752 0 0 0 0 -0 0 -0.0232805 -0.264994 -2.17089 -2.77441 0.284655 -0.17528 2.18713 160.678 0.269197 -1.10344 1.93814 0.0113721 -0.097412 -1.8504 -0.0120197 -2.22716 -0.0236879 -0.35632 0.267208 1.22331
309.585 0.02164 0.264195 2.17113 2.77365 -0.277127 0.172802 -0.00937674 0.283166 2.24696 2.71618 -0.265391 0.188017 -0.0310168 0.0189709 0.0758348 -0.0574644 0.0117358 0.0152147 0.0841003 3.24256 0 0 0 0 -0 0 -0.02164 -0.264195 -2.17113 -2.77365 0.277127 -0.172802 2.18725 160.565 0.26756 -1.10161 1.92427 0.0113058 -0.0974123 -1.85057 -0.012816 -2.22635 -0.0373528 -0.348359 0.265683 1.22321
309.953 0.0189974 0.264522 2.17122 2.77276 -0.270938 0.171189 -0.0113005 0.281763 2.24303 2.77663 -0.282397 0.173508 -0.0302979 0.017241 0.0718115 0.00387022 -0.0114591 0.00231936 0.0798254 0.717098 0 0 0 0 -0 0 -0.0189974 -0.264522 -2.17122 -2.77276 0.270938 -0.171189 2.18736 160.462 0.264954 -1.09912 1.90593 0.010894 -0.0978715 -1.8508 -0.0143033 -2.22488 -0.0554658 -0.341716 0.264664 1.22274
310.293 0.015921 0.266301 2.17101 2.77226 -0.269275 0.171206 -0.0141912 0.282445 2.24389 -3.03738 0.304206 0.0976592 -0.0301122 0.0161438 0.0728809 -5.80964 0.573481 -0.0735464 0.0804922 42.6196 0 0 0 0 -0 0 -0.015921 -0.266301 -2.17101 -2.77226 0.269275 -0.171206 2.18734 160.423 0.262715 -1.0972 1.89226 0.00999369 -0.0988297 -1.85099 -0.0157037 -2.22351 -0.0689361 -0.339423 0.265002 1.22226
310.611 0.0125019 0.268197 2.1707 2.7724 -0.268975 0.171294 -0.0181111 0.286381 2.24402 -3.03856 0.302421 0.0972902 -0.0306131 0.0181846 0.0733191 -5.81097 0.571396 -0.0740033 0.0815078 42.4829 0 0 0 0 -0 0 -0.0125019 -0.268197 -2.1707 -2.7724 0.268975 -0.171294 2.18724 160.43 0.260292 -1.09521 1.87866 0.00885832 -0.0997967 -1.85118 -0.0173671 -2.22194 -0.082296 -0.338137 0.266143 1.222
310.89 0.00911947 0.269316 2.17021 2.77335 -0.268337 0.170422 -0.0211063 0.287742 2.24384 2.77267 -0.28359 0.174407 -0.0302258 0.0184257 0.0736342 -0.000682478 -0.0152532 0.003985 0.0817013 0.901355 0 0 0 0 -0 0 -0.00911947 -0.269316 -2.17021 -2.77335 0.268337 -0.170422 2.18687 160.472 0.257746 -1.09313 1.86517 0.00765901 -0.100463 -1.85136 -0.0193552 -2.22015 -0.0955544 -0.33592 0.267776 1.22232
311.19 0.00134699 0.265991 2.17154 2.76513 -0.254096 0.16711 -0.0259489 0.290292 2.24393 -3.03939 0.299205 0.097058 -0.0272959 0.0243004 0.0723913 -5.80452 0.553301 -0.0700523 0.0810931 41.9311 0 0 0 0 -0 0 -0.00134699 -0.265991 -2.17154 -2.76513 0.254096 -0.16711 2.18777 159.892 0.254358 -1.08981 1.84818 0.00502773 -0.0996861 -1.85152 -0.0214848 -2.21901 -0.112595 -0.318564 0.257852 1.22347
311.856 -0.0163147 0.241095 2.18212 2.68834 -0.145009 0.142344 -0.0464237 0.271872 2.27579 2.72345 -0.167068 0.155247 -0.0301089 0.0307766 0.0936696 0.0351062 -0.0220588 0.0129031 0.103091 2.57906 0 0 0 0 -0 0 0.0163147 -0.241095 -2.18212 -2.68834 0.145009 -0.142344 2.19546 154.757 0.249334 -1.08135 1.82202 0.00450345 -0.0956281 -1.85179 -0.0182561 -2.22962 -0.13892 -0.207966 0.169393 1.22357
312.155 -0.0218763 0.234148 2.18602 2.65531 -0.0982616 0.125184 -0.0503839 0.259888 2.27526 2.72948 -0.171018 0.154882 -0.0285076 0.0257404 0.0892401 0.0741744 -0.0727566 0.0296987 0.0971547 6.34551 0 0 0 0 -0 0 0.0218763 -0.234148 -2.18602 -2.65531 0.0982616 -0.125184 2.19864 152.58 0.247385 -1.07778 1.80971 0.00513186 -0.0956498 -1.85179 -0.01685 -2.23417 -0.150694 -0.159136 0.133782 1.22408
312.442 -0.0294316 0.225833 2.18965 2.62364 -0.0530269 0.106003 -0.0553979 0.247964 2.23198 2.63564 -0.0777088 0.122553 -0.0259663 0.022131 0.0423254 0.0120006 -0.0246819 0.0165503 0.0543643 1.8592 0 0 0 0 -0 0 0.0294316 -0.225833 -2.18965 -2.62364 0.0530269 -0.106003 2.20146 150.538 0.245586 -1.07402 1.79704 0.00452464 -0.0949599 -1.85173 -0.0156511 -2.23803 -0.162752 -0.109209 0.0993396 1.22361
312.706 -0.0348276 0.219584 2.19216 2.60315 -0.0218775 0.0913903 -0.0656069 0.243318 2.27986 2.6064 -0.05256 0.0900749 -0.0307793 0.0237342 0.0877069 0.00324542 -0.0306825 -0.00131546 0.0959332 1.76901 0 0 0 0 -0 0 0.0348276 -0.219584 -2.19216 -2.60315 0.0218775 -0.0913903 2.2034 149.242 0.244501 -1.07136 1.78837 0.00381323 -0.0941207 -1.85166 -0.0149936 -2.24022 -0.170922 -0.0747319 0.0776254 1.22256
313.046 -0.0497989 0.198175 2.19742 2.54319 0.045121 0.0583977 -0.07593 0.23549 2.31983 2.65615 -0.0170059 0.0868686 -0.0261311 0.0373159 0.122409 0.112955 -0.0621269 0.0284709 0.130612 7.54338 0 0 0 0 -0 0 0.0497989 -0.198175 -2.19742 -2.54319 -0.045121 -0.0583977 2.2069 145.663 0.242364 -1.06413 1.76587 -0.000314533 -0.0898235 -1.85043 -0.0143162 -2.24432 -0.19095 0.00362992 0.0138492 1.21748
313.289 -0.0573666 0.183221 2.19733 2.53178 0.0388219 0.0626114 -0.0854853 0.21555 2.27787 -2.70935 -0.108512 0.0770989 -0.0281187 0.0323287 0.0805432 -5.24113 -0.147334 0.0144875 0.0912306 60.2787 0 0 0 0 -0 0 0.0573666 -0.183221 -2.19733 -2.53178 -0.0388219 -0.0626114 2.2057 145.015 0.242065 -1.05964 1.75918 -0.00351247 -0.0861377 -1.85037 -0.014619 -2.2447 -0.193701 -0.000498658 -0.00118323 1.21737
313.609 -0.0676589 0.157959 2.19737 2.53804 0.0354462 0.0645056 -0.0995206 0.187447 2.27917 2.56518 0.0166401 0.0807616 -0.0318617 0.029488 0.0817967 0.0271438 -0.0188061 0.0162561 0.0926035 2.09088 0 0 0 0 -0 0 0.0676589 -0.157959 -2.19737 -2.53804 -0.0354462 -0.0645056 2.20408 145.377 0.242418 -1.05061 1.75296 -0.00742785 -0.0798237 -1.8507 -0.0146981 -2.24464 -0.19359 4.03527e-06 -0.000996436 1.21708
313.914 -0.0725534 0.117159 2.1978 2.56901 0.0351151 0.0669436 -0.107511 0.154573 2.27911 2.54656 0.0356093 0.0642068 -0.0349581 0.0374148 0.0813067 -0.0224468 0.00049415 -0.00273675 0.096087 1.29028 0 0 0 0 -0 0 0.0725534 -0.117159 -2.1978 -2.56901 -0.0351151 -0.0669436 2.20212 147.15 0.24427 -1.03602 1.74663 -0.00850968 -0.069193 -1.85147 -0.0149981 -2.24429 -0.190399 0.000362738 0.0199 1.21428
314.219 -0.0712759 0.0894244 2.19705 2.60255 0.036089 0.069157 -0.10983 0.122212 2.30518 2.65977 0.0861617 0.062894 -0.0385537 0.0327873 0.108134 0.0572205 0.0500728 -0.00626301 0.119392 4.3874 0 0 0 0 -0 0 0.0712759 -0.0894244 -2.19705 -2.60255 -0.036089 -0.069157 2.20002 149.068 0.246588 -1.02358 1.74214 -0.00727031 -0.0629574 -1.85221 -0.0155588 -2.24315 -0.186478 -0.000939405 0.0465087 1.21132
314.588 -0.06548 0.056973 2.19462 2.65192 0.0400707 0.0672039 -0.105322 0.0901187 2.27722 -2.73158 -0.130443 0.0721195 -0.0398424 0.0331457 0.0826041 -5.3835 -0.170513 0.00491563 0.0975166 52.4167 0 0 0 0 -0 0 0.06548 -0.056973 -2.19462 -2.65192 -0.0400707 -0.0672039 2.19633 151.888 0.250605 -1.00587 1.73508 -0.00342587 -0.0574451 -1.85327 -0.0158116 -2.24156 -0.180057 6.51148e-05 0.0901805 1.20997
314.916 -0.062558 0.0408726 2.19257 2.67863 0.0414341 0.065874 -0.101186 0.0638047 2.26906 2.68883 0.0849247 0.0472981 -0.0386279 0.0229322 0.0764851 0.0101959 0.0434906 -0.0185759 0.0887016 2.786 0 0 0 0 -0 0 0.062558 -0.0408726 -2.19257 -2.67863 -0.0414341 -0.065874 2.19384 153.417 0.252909 -0.996642 1.73096 -0.00135395 -0.054935 -1.85377 -0.0154311 -2.24055 -0.176527 7.29854e-05 0.114273 1.20996
315.236 -0.0578226 -0.00214143 2.18604 2.7462 0.0436318 0.06348 -0.0951357 0.0326858 2.24594 2.64294 0.00863225 0.0653663 -0.0373131 0.0348272 0.0599011 -0.103261 -0.0349995 0.00188631 0.0786978 6.25031 0 0 0 0 -0 0 0.0578226 0.00214143 -2.18604 -2.7462 -0.0436318 -0.06348 2.18681 157.283 0.259236 -0.972557 1.71886 0.00230349 -0.0482087 -1.85477 -0.014333 -2.23764 -0.167755 9.00843e-05 0.175032 1.20997
315.602 -0.0569385 -0.0298205 2.18165 2.78534 0.0440591 0.0627716 -0.0934151 0.00342853 2.27357 2.76532 0.0618552 0.066291 -0.0364766 0.033249 0.0919227 -0.0200277 0.0177962 0.00351932 0.104335 1.5562 0 0 0 0 -0 0 0.0569385 0.0298205 -2.18165 -2.78534 -0.0440591 -0.0627716 2.1826 159.524 0.263277 -0.957432 1.71066 0.00338821 -0.0436821 -1.85519 -0.0136263 -2.23577 -0.162865 9.88015e-05 0.20953 1.20997
316.226 -0.0585807 -0.0991127 2.17107 2.86957 0.0433885 0.0625471 -0.0931687 -0.061777 2.26611 2.88678 0.0885694 0.0687258 -0.034588 0.0373357 0.0950431 0.0172033 0.0451809 0.00617865 0.107812 2.78418 0 0 0 0 -0 0 0.0585807 0.0991127 -2.17107 -2.86957 -0.0433885 -0.0625471 2.17412 164.348 0.272998 -0.920488 1.68985 0.00382728 -0.0318324 -1.85576 -0.0119387 -2.2313 -0.152775 0.000115688 0.282464 1.20999
316.604 -0.0591142 -0.128422 2.16648 2.90031 0.0432409 0.0625099 -0.0950871 -0.0964846 2.24363 2.86471 0.022829 0.0664366 -0.0359729 0.0319372 0.077142 -0.0356015 -0.0204119 0.0039267 0.0909116 2.36844 0 0 0 0 -0 0 0.0591142 0.128422 -2.16648 -2.90031 -0.0432409 -0.0625099 2.17109 166.108 0.277157 -0.904312 1.68009 0.00407282 -0.0271338 -1.85587 -0.0112881 -2.22958 -0.149335 0.000121624 0.307953 1.20999
316.883 -0.0592649 -0.147367 2.16353 2.91818 0.0432708 0.0624476 -0.0946444 -0.128025 2.23057 2.91245 0.0883591 0.0535125 -0.0353795 0.0193423 0.0670414 -0.00572375 0.0450883 -0.00893514 0.0782329 2.64974 0 0 0 0 -0 0 0.0592649 0.147367 -2.16353 -2.91818 -0.0432708 -0.0624476 2.16935 167.131 0.279887 -0.893532 1.67331 0.00434083 -0.024332 -1.85592 -0.0108891 -2.22853 -0.147325 0.000125198 0.323012 1.20999
317.218 -0.0599333 -0.193782 2.15631 2.95346 0.0432862 0.0624229 -0.0946916 -0.16123 2.23184 2.92667 0.0830083 0.0555015 -0.0347583 0.0325513 0.075525 -0.0267948 0.039722 -0.00692141 0.0892846 2.75989 0 0 0 0 -0 0 0.0599333 0.193782 -2.15631 -2.95346 -0.0432862 -0.0624229 2.16583 169.151 0.286447 -0.866894 1.65543 0.00485519 -0.0178176 -1.85594 -0.0100979 -2.22643 -0.143538 0.000132783 0.351756 1.21
317.585 -0.0610786 -0.220892 2.15224 2.96743 0.0429931 0.0626096 -0.094687 -0.192407 2.2317 2.93678 0.0829232 0.0566561 -0.0336085 0.0284846 0.0794609 -0.0306524 0.0399301 -0.00595355 0.0908567 2.89124 0 0 0 0 -0 0 0.0610786 0.220892 -2.15224 -2.96743 -0.0429931 -0.0626096 2.16441 169.952 0.290129 -0.851316 1.64421 0.00477492 -0.0142464 -1.85593 -0.0097947 -2.22563 -0.14215 0.000136418 0.36241 1.21
318.31 -0.0669753 -0.27864 2.14473 2.97281 0.040913 0.0637793 -0.0985418 -0.251578 2.21241 2.97849 -0.0233314 0.0618485 -0.0315665 0.027062 0.0676817 0.00568518 -0.0642444 -0.0019308 0.079433 3.69703 0 0 0 0 -0 0 0.0669753 0.27864 -2.14473 -2.97281 -0.040913 -0.0637793 2.16379 170.261 0.29781 -0.816887 1.61698 0.00283784 -0.00817249 -1.85596 -0.00981873 -2.22569 -0.142258 0.00014204 0.361562 1.21
318.732 -0.069811 -0.301179 2.1427 2.96221 0.0398906 0.0642996 -0.102415 -0.278646 2.21252 2.98568 -0.0230035 0.0616064 -0.0326036 0.0225331 0.0698227 0.0234644 -0.062894 -0.00269312 0.0802867 3.8497 0 0 0 0 -0 0 0.069811 0.301179 -2.1427 -2.96221 -0.0398906 -0.0642996 2.16489 169.656 0.300715 -0.803206 1.60504 0.00182529 -0.00635614 -1.85602 -0.0101688 -2.22662 -0.143862 0.000143266 0.349229 1.21
319.014 -0.0722691 -0.322121 2.14145 2.9437 0.0390493 0.0646913 -0.106619 -0.309078 2.23744 3.03902 0.0484537 0.0720651 -0.03435 0.0130428 0.0959944 0.0953211 0.00940443 0.00737385 0.102786 5.48584 0 0 0 0 -0 0 0.0722691 0.322121 -2.14145 -2.9437 -0.0390493 -0.0646913 2.16674 168.597 0.303406 -0.790296 1.59294 0.000994633 -0.00507109 -1.8561 -0.010715 -2.22807 -0.146456 0.000143874 0.329481 1.21
319.252 -0.0735869 -0.334777 2.14111 2.92707 0.0386502 0.0648523 -0.10742 -0.326051 2.19308 2.97634 0.0791397 0.0759337 -0.033833 0.00872607 0.0519769 0.0492719 0.0404895 0.0110814 0.0626292 3.68004 0 0 0 0 -0 0 0.0735869 0.334777 -2.14111 -2.92707 -0.0386502 -0.0648523 2.16837 167.646 0.305089 -0.78215 1.58481 0.000597857 -0.00465879 -1.85616 -0.011172 -2.22928 -0.14872 0.000143999 0.312436 1.21
319.671 -0.0753924 -0.362104 2.14191 2.87363 0.0386241 0.0648694 -0.110741 -0.355028 2.24281 2.94537 0.0225357 0.0690087 -0.0353484 0.00707629 0.100898 0.071737 -0.0160884 0.00413928 0.107145 4.21185 0 0 0 0 -0 0 0.0753924 0.362104 -2.14191 -2.87363 -0.0386241 -0.0648694 2.17361 164.586 0.308913 -0.763543 1.56471 0.000352342 -0.00480672 -1.85632 -0.0125391 -2.23286 -0.155976 0.000351436 0.259193 1.20989
319.991 -0.075679 -0.376093 2.14324 2.83453 0.0388036 0.0646711 -0.10924 -0.361564 2.17481 2.80487 0.00564442 0.064358 -0.0335607 0.0145293 0.0315755 -0.0296653 -0.0331592 -0.000313114 0.0483159 2.54899 0 0 0 0 -0 0 0.075679 0.376093 -2.14324 -2.83453 -0.0388036 -0.0646711 2.1773 162.348 0.310947 -0.753619 1.55288 0.0005919 -0.00537797 -1.8564 -0.0134267 -2.2352 -0.161307 0.000320246 0.220651 1.20987
320.337 -0.0755711 -0.388268 2.14505 2.79144 0.0391621 0.0643828 -0.111974 -0.385709 2.2269 2.86085 0.0836499 0.0797486 -0.0364029 0.0025594 0.0818501 0.0694133 0.0444878 0.0153658 0.0896167 4.75992 0 0 0 0 -0 0 0.0755711 0.388268 -2.14505 -2.79144 -0.0391621 -0.0643828 2.18122 159.88 0.312775 -0.744643 1.54125 0.00100984 -0.00621633 -1.85647 -0.0143157 -2.23755 -0.167263 0.000293739 0.178371 1.20985
320.66 -0.075346 -0.401866 2.14791 2.72935 0.0396648 0.0640206 -0.109778 -0.395323 2.20401 2.77666 0.0349351 0.0707215 -0.0344324 0.00654248 0.0560974 0.0473079 -0.00472978 0.00670083 0.0661462 2.73681 0 0 0 0 -0 0 0.075346 0.401866 -2.14791 -2.72935 -0.0396648 -0.0640206 2.18648 156.325 0.31488 -0.734109 1.52609 0.00154241 -0.00769164 -1.85653 -0.0154332 -2.2405 -0.17598 0.000264727 0.11773 1.20983
321.022 -0.0754288 -0.410852 2.1502 2.68017 0.0397821 0.0638788 -0.11226 -0.410427 2.2337 2.74278 0.0615681 0.0766233 -0.0368308 0.000424516 0.0834989 0.0626138 0.0217861 0.0127445 0.091262 3.83349 0 0 0 0 -0 0 0.0754288 0.410852 -2.1502 -2.68017 -0.0397821 -0.0638788 2.1904 153.508 0.316206 -0.727223 1.51502 0.00175011 -0.00866598 -1.85655 -0.016187 -2.24249 -0.183054 0.000155757 0.0695026 1.20985
321.379 -0.075907 -0.419281 2.15231 2.62964 0.0397831 0.0638759 -0.11233 -0.42056 2.23547 2.69079 0.0552307 0.0757175 -0.0364228 -0.00127883 0.0831566 0.0611412 0.0154476 0.0118416 0.0907925 3.64551 0 0 0 0 -0 0 0.075907 0.419281 -2.15231 -2.62964 -0.0397831 -0.0638759 2.19408 150.616 0.317318 -0.721165 1.50422 0.00170175 -0.00934667 -1.85655 -0.0168468 -2.24424 -0.190566 0.000154015 0.0188816 1.20984
321.694 -0.0771526 -0.425623 2.15102 2.61144 0.0393026 0.0641996 -0.112236 -0.428991 2.23334 2.61487 0.0709184 0.0620227 -0.0350834 -0.00336774 0.0823231 0.00343581 0.0316158 -0.00217693 0.0895504 1.82713 0 0 0 0 -0 0 0.0771526 0.425623 -2.15102 -2.61144 -0.0393026 -0.0641996 2.19408 149.574 0.317968 -0.717483 1.49721 0.0011213 -0.00936643 -1.85651 -0.0170422 -2.24475 -0.193163 0.000153179 0.00150909 1.20984
322.045 -0.0835292 -0.447104 2.14026 2.61365 0.036261 0.0663358 -0.115568 -0.43888 2.2045 2.60388 0.0409722 0.0563218 -0.0320385 0.0082239 0.0642423 -0.00976772 0.00471126 -0.010014 0.0722576 0.830866 0 0 0 0 -0 0 0.0835292 0.447104 -2.14026 -2.61365 -0.036261 -0.0663358 2.18806 149.704 0.319587 -0.70836 1.48106 -0.00241717 -0.00705114 -1.85618 -0.0170413 -2.24475 -0.193146 0.00015144 0.00159876 1.20984
322.743 -0.0857355 -0.468027 2.12711 2.61471 0.035248 0.0675144 -0.121468 -0.469355 2.20742 2.59271 0.0180246 0.0683271 -0.0357327 -0.00132788 0.0803126 -0.0220015 -0.0172234 0.000812705 0.087913 1.60254 0 0 0 0 -0 0 0.0857355 0.468027 -2.12711 -2.61471 -0.035248 -0.0675144 2.17967 149.766 0.32158 -0.69877 1.46085 -0.00381454 -0.00607936 -1.85567 -0.0170397 -2.24475 -0.193119 0.00014981 0.00175598 1.20984
323.03 -0.0857739 -0.481151 2.1176 2.61504 0.0351463 0.068011 -0.126522 -0.49014 2.24541 2.63742 0.0186237 0.0525911 -0.040748 -0.00898973 0.127809 0.0223758 -0.0165226 -0.0154199 0.134449 1.83888 0 0 0 0 -0 0 0.0857739 0.481151 -2.1176 -2.61504 -0.0351463 -0.068011 2.17326 149.785 0.323081 -0.692979 1.44654 -0.00412878 -0.00576569 -1.85529 -0.0170394 -2.24475 -0.193113 0.000148981 0.00178452 1.20984
323.299 -0.0855832 -0.488066 2.11242 2.61534 0.0351358 0.0682462 -0.120655 -0.488182 2.17525 2.60675 0.0132937 0.0509964 -0.0350721 -0.000115773 0.0628267 -0.00859172 -0.0218421 -0.0172497 0.0719532 1.66177 0 0 0 0 -0 0 0.0855832 0.488066 -2.11242 -2.61534 -0.0351358 -0.0682462 2.16976 149.802 0.323898 -0.690232 1.43906 -0.00423398 -0.00547705 -1.85509 -0.0170393 -2.24475 -0.193111 0.000148691 0.00179442 1.20984
323.65 -0.0852457 -0.501396 2.10148 2.61563 0.0349977 0.0687559 -0.122017 -0.499084 2.1648 2.60839 0.0593201 0.0605614 -0.0367716 0.00231178 0.0633187 -0.0072478 0.0243224 -0.00819457 0.0732581 1.52213 0 0 0 0 -0 0 0.0852457 0.501396 -2.10148 -2.61563 -0.0349977 -0.0687559 2.16215 149.819 0.325675 -0.685012 1.42338 -0.00458908 -0.00519865 -1.85472 -0.0170391 -2.24474 -0.193106 0.000148025 0.00181693 1.20984
324.016 -0.0848804 -0.513849 2.08991 2.6154 0.034752 0.0692776 -0.119585 -0.507265 2.13938 2.57852 0.014636 0.0659568 -0.0347048 0.00658389 0.0494614 -0.0368761 -0.0201161 -0.00332076 0.06078 2.41005 0 0 0 0 -0 0 0.0848804 0.513849 -2.08991 -2.6154 -0.034752 -0.0692776 2.15383 149.805 0.327667 -0.680129 1.40679 -0.00508273 -0.00543246 -1.85439 -0.0170389 -2.24474 -0.193102 0.00014751 0.00183437 1.20984
324.374 -0.083929 -0.523652 2.08071 2.61543 0.0348211 0.0694778 -0.122181 -0.525484 2.16837 2.59697 0.0376404 0.0724129 -0.0382518 -0.00183195 0.0876639 -0.0184586 0.00281932 0.00293509 0.0956636 1.08894 0 0 0 0 -0 0 0.083929 0.523652 -2.08071 -2.61543 -0.0348211 -0.0694778 2.14723 149.807 0.329323 -0.676659 1.39386 -0.00512213 -0.00542016 -1.85418 -0.0170388 -2.24474 -0.1931 0.000147166 0.001846 1.20984
324.758 -0.0821995 -0.534281 2.07088 2.61578 0.0352094 0.0694524 -0.119583 -0.533412 2.13931 2.58733 0.0147238 0.0661572 -0.0373834 0.000869116 0.0684268 -0.0284482 -0.0204856 -0.00329521 0.0779776 2.01363 0 0 0 0 -0 0 0.0821995 0.534281 -2.07088 -2.61578 -0.0352094 -0.0694524 2.14027 149.826 0.331122 -0.673338 1.38054 -0.00474839 -0.00510265 -1.85401 -0.0170387 -2.24474 -0.193098 0.000146905 0.00185475 1.20984
325.294 -0.0780289 -0.557657 2.04978 2.61748 0.0361201 0.0691821 -0.115821 -0.56499 2.13866 2.64057 0.0176909 0.067151 -0.0377921 -0.00733314 0.0888801 0.0230865 -0.0184292 -0.00203107 0.0968591 1.69904 0 0 0 0 -0 0 0.0780289 0.557657 -2.04978 -2.61748 -0.0361201 -0.0691821 2.12571 149.922 0.335085 -0.667138 1.35302 -0.00369578 -0.0034823 -1.85379 -0.0170385 -2.24474 -0.193095 0.000146496 0.00186851 1.20984
325.918 -0.07357 -0.581592 2.02696 2.61931 0.0369721 0.0687753 -0.108647 -0.579319 2.07272 2.59818 0.0324512 0.0543432 -0.0350771 0.00227244 0.0457688 -0.0211227 -0.00452088 -0.0144321 0.0577092 1.465 0 0 0 0 -0 0 0.07357 0.581592 -2.02696 -2.61931 -0.0369721 -0.0687753 2.11003 150.026 0.340101 -0.660762 1.3195 -0.00250547 -0.0014437 -1.85372 -0.0170384 -2.24474 -0.193092 0.000146174 0.00187933 1.20984
326.239 -0.0713925 -0.597679 2.011 2.62073 0.0370376 0.068703 -0.109154 -0.605072 2.09933 2.61749 0.0562511 0.0616905 -0.0377616 -0.00739323 0.0883319 -0.00324243 0.0192135 -0.00701253 0.096349 1.18366 0 0 0 0 -0 0 0.0713925 0.597679 -2.011 -2.62073 -0.0370376 -0.068703 2.09915 150.107 0.342307 -0.658359 1.30437 -0.00241098 -0.000318888 -1.85375 -0.0170384 -2.24474 -0.193091 0.000146018 0.00188456 1.20984
326.98 -0.0695615 -0.627563 1.97929 2.62356 0.0357603 0.0691943 -0.104255 -0.624545 2.04001 2.62224 0.0354639 0.0703916 -0.0346931 0.00301774 0.0607226 -0.00131871 -0.000296413 0.0011972 0.0699997 0.104678 0 0 0 0 -0 0 0.0695615 0.627563 -1.97929 -2.62356 -0.0357603 -0.0691943 2.07756 150.271 0.347492 -0.653726 1.2668 -0.00354075 0.00257939 -1.85396 -0.0170383 -2.24474 -0.19309 0.000145779 0.00189247 1.20984
327.958 -0.0637181 -0.665515 1.92995 2.62568 0.0354688 0.0687333 -0.0994804 -0.66248 1.98013 2.59501 0.0464383 0.0592487 -0.0357623 0.00303561 0.050174 -0.0306702 0.0109695 -0.0094846 0.0616895 1.92356 0 0 0 0 -0 0 0.0637181 0.665515 -1.92995 -2.62568 -0.0354688 -0.0687333 2.04247 150.393 0.355111 -0.650217 1.20846 -0.00339383 0.00470921 -1.8545 -0.0170382 -2.24474 -0.193088 0.000145538 0.00190028 1.20984
328.371 -0.058692 -0.678881 1.90918 2.62594 0.0369194 0.0676087 -0.0980306 -0.680934 1.98602 2.58284 0.0263258 0.0379755 -0.0393386 -0.00205243 0.0768443 -0.0431086 -0.0105936 -0.0296331 0.0863527 3.01428 0 0 0 0 -0 0 0.058692 0.678881 -1.90918 -2.62594 -0.0369194 -0.0676087 2.02714 150.406 0.358189 -0.649961 1.18398 -0.00156513 0.00486498 -1.85475 -0.0170382 -2.24474 -0.193087 0.000145454 0.00190291 1.20984
328.732 -0.055107 -0.687905 1.89352 2.62577 0.0379231 0.0668174 -0.0945444 -0.699816 1.98548 2.62448 0.0294825 0.0393389 -0.0394374 -0.0119108 0.0919585 -0.00128436 -0.0084406 -0.0274785 0.100765 1.64616 0 0 0 0 -0 0 0.055107 0.687905 -1.89352 -2.62577 -0.0379231 -0.0668174 2.01536 150.395 0.360428 -0.650179 1.16538 -0.00031635 0.00461968 -1.85494 -0.0170382 -2.24474 -0.193087 0.000145454 0.00190291 1.20984
329.008 -0.053128 -0.693434 1.88306 2.62544 0.0383476 0.066435 -0.0883381 -0.694151 1.92631 2.60608 0.0323456 0.0678579 -0.0352101 -0.000717013 0.0432525 -0.0193565 -0.00600198 0.00142282 0.0557767 1.16668 0 0 0 0 -0 0 0.053128 0.693434 -1.88306 -2.62544 -0.0383476 -0.066435 2.00738 150.376 0.361866 -0.650507 1.15295 0.000215223 0.00426488 -1.85506 -0.0170382 -2.24474 -0.193087 0.000145372 0.00190548 1.20984
329.372 -0.0501273 -0.704048 1.86196 2.62469 0.0386074 0.0660182 -0.0844938 -0.699939 1.89634 2.60011 0.0481793 0.0732456 -0.0343665 0.00410906 0.0343855 -0.024577 0.00957185 0.00722739 0.0487884 1.58288 0 0 0 0 -0 0 0.0501273 0.704048 -1.86196 -2.62469 -0.0386074 -0.0660182 1.99125 150.333 0.364583 -0.65156 1.12807 0.000589623 0.00349696 -1.85529 -0.0170382 -2.24474 -0.193087 0.000145372 0.00190548 1.20984
329.656 -0.0484562 -0.711849 1.846 2.62419 0.038437 0.0659205 -0.0849158 -0.72449 1.92422 2.63201 0.0497167 0.0604252 -0.0364597 -0.0126414 0.0782184 0.00781469 0.0112797 -0.00549533 0.0872195 0.854092 0 0 0 0 -0 0 0.0484562 0.711849 -1.846 -2.62419 -0.038437 -0.0659205 1.97909 150.305 0.366481 -0.652667 1.10957 0.000452838 0.00301418 -1.85546 -0.0170382 -2.24474 -0.193087 0.000145372 0.00190548 1.20984
330.026 -0.0465744 -0.722723 1.82433 2.624 0.037963 0.0659418 -0.0809852 -0.721362 1.87236 2.61461 0.0466641 0.0585591 -0.0344108 0.00136104 0.0480317 -0.00938956 0.00870106 -0.00738271 0.0591016 0.835094 0 0 0 0 -0 0 0.0465744 0.722723 -1.82433 -2.624 -0.037963 -0.0659418 1.96283 150.294 0.368843 -0.654531 1.08513 1.72125e-05 0.00285077 -1.85568 -0.0170382 -2.24474 -0.193086 0.000145288 0.00190804 1.20984
330.675 -0.0428163 -0.741958 1.7851 2.62419 0.0374362 0.0658228 -0.0772599 -0.735916 1.82323 2.60481 0.0427452 0.0574663 -0.0344436 0.00604174 0.0381281 -0.0193724 0.00530905 -0.00835655 0.051736 1.2294 0 0 0 0 -0 0 0.0428163 0.741958 -1.7851 -2.62419 -0.0374362 -0.0658228 1.93363 150.306 0.3726 -0.658834 1.04192 -0.000365493 0.00307168 -1.85604 -0.0170382 -2.24474 -0.193086 0.000145288 0.00190804 1.20984
331.023 -0.0405017 -0.749642 1.76792 2.6241 0.0377334 0.0654822 -0.0775675 -0.762785 1.84982 2.6203 0.0296292 0.0526242 -0.0370658 -0.0131439 0.0819014 -0.00379999 -0.00810423 -0.012858 0.0908542 0.891752 0 0 0 0 -0 0 0.0405017 0.749642 -1.76792 -2.6241 -0.0377334 -0.0654822 1.92071 150.301 0.374078 -0.661085 1.02298 5.49361e-05 0.00296558 -1.85619 -0.0170382 -2.24474 -0.193086 0.000145288 0.00190804 1.20984
331.325 -0.0389642 -0.75469 1.75633 2.62405 0.0379415 0.0652518 -0.0737775 -0.757955 1.79615 2.60535 0.0587013 0.0634727 -0.0348133 -0.00326507 0.039816 -0.018693 0.0207598 -0.00177918 0.05299 1.60059 0 0 0 0 -0 0 0.0389642 0.75469 -1.75633 -2.62405 -0.0379415 -0.0652518 1.91201 150.298 0.375013 -0.662716 1.01027 0.000346019 0.00289863 -1.85628 -0.0170382 -2.24474 -0.193086 0.000145288 0.00190804 1.20984
331.687 -0.0354303 -0.767209 1.72678 2.62398 0.0382823 0.064796 -0.0706325 -0.766322 1.77732 2.617 0.0296094 0.0646085 -0.0352022 0.000886214 0.0505321 -0.00698165 -0.0086728 -0.000187545 0.0615912 0.637965 0 0 0 0 -0 0 0.0354303 0.767209 -1.72678 -2.62398 -0.0382823 -0.064796 1.88988 150.294 0.377151 -0.667223 0.978249 0.000862427 0.00281111 -1.85651 -0.0170381 -2.24474 -0.193086 0.000145203 0.00191058 1.20984
