69.0317 -0.0832448 -0.707066 1.60492 2.61908 -0.00103899 -0.00240975 -0.118363 -0.720171 1.63199 2.60024 0.0240255 -0.00187886 -0.0351184 -0.0131048 0.0270643 -0.0188362 0.0250645 0.000530888 0.0462333 1.79689 0.0179781 0.107538 0.896159 -0.00116519 0.00307821 3.08837 -1.4973 0.0761365 -0.200001 0.00146224 -0.00200086 -0.0506132
69.1963 -0.0832481 -0.70155 1.60658 2.61818 -0.00288183 -0.00144751 -0.11723 -0.71445 1.63686 2.61315 -0.013938 -0.0060858 -0.0339822 -0.0129001 0.0302805 -0.00502987 -0.0110562 -0.00463829 0.0473086 0.745986 0.0148097 0.105315 0.899268 -0.00328272 0.00216165 3.08828 -1.4973 0.0761365 -0.200001 0.00146224 -0.00200086 -0.0506132
69.5786 -0.0833779 -0.694862 1.60822 2.61747 -0.00559461 3.19137e-06 -0.117903 -0.714935 1.65623 2.60557 -0.0161932 -0.0187672 -0.0345255 -0.0200732 0.0480159 -0.0118976 -0.0105986 -0.0187704 0.0624538 1.41637 0.0104908 0.10226 0.903224 -0.00631302 0.00146406 3.08819 -1.4973 0.0761365 -0.200001 0.00146224 -0.00200086 -0.0506132
69.9765 -0.0827405 -0.690475 1.60905 2.61725 -0.00713684 0.000818365 -0.117164 -0.700364 1.63567 2.59447 -0.00480316 -0.0134215 -0.034424 -0.00988908 0.0266203 -0.0227811 0.00233368 -0.0142399 0.0446256 1.54914 0.00720042 0.0997998 0.905993 -0.00805992 0.00124447 3.08812 -1.4973 0.0761365 -0.200001 0.00146224 -0.00200086 -0.0506132
70.3079 -0.0811515 -0.685251 1.61022 2.61655 -0.00809222 0.00130699 -0.117242 -0.695977 1.63711 2.57972 -0.0160493 -0.00682515 -0.0360909 -0.0107263 0.0268958 -0.0368249 -0.0079571 -0.00813214 0.0462708 2.21364 0.00387429 0.0971251 0.908651 -0.00912684 0.000541406 3.08807 -1.4973 0.0761365 -0.200001 0.00146224 -0.00200086 -0.0506132
70.7407 -0.0776946 -0.677415 1.61224 2.61512 -0.00860085 0.0015264 -0.114367 -0.688698 1.63682 2.60401 -0.0136826 -0.00575902 -0.0366723 -0.0112833 0.0245773 -0.0111139 -0.00508173 -0.00728542 0.0455655 0.819005 -0.000574984 0.0931628 0.912216 -0.00967187 -0.000882235 3.08801 -1.4973 0.0761365 -0.200001 0.00146224 -0.00200086 -0.0506132
71.0096 -0.0755039 -0.673561 1.61329 2.61446 -0.00862725 0.00149888 -0.111501 -0.682935 1.63671 2.6019 -0.012826 -0.00535359 -0.0359968 -0.00937369 0.0234171 -0.0125647 -0.0041987 -0.00685247 0.0439545 0.858206 -0.00278156 0.0910008 0.91405 -0.00967837 -0.00154086 3.08797 -1.4973 0.0761365 -0.200001 0.00146224 -0.00200086 -0.0506132
71.2033 -0.0703795 -0.666365 1.61539 2.61345 -0.00836611 0.00125524 -0.107683 -0.681717 1.65462 2.60679 0.00343119 0.00141317 -0.0373038 -0.0153523 0.0392305 -0.00666448 0.0117973 0.000157933 0.0562698 0.776321 -0.00710708 0.0863139 0.917881 -0.00932684 -0.00255381 3.08789 -1.4973 0.0761365 -0.200001 0.00146224 -0.00200086 -0.0506132
71.4795 -0.066279 -0.661829 1.61681 2.6132 -0.00820797 0.00108453 -0.102905 -0.66851 1.63639 2.59655 -0.0101201 -0.00413564 -0.0366264 -0.00668112 0.0195875 -0.0166514 -0.00191216 -0.00522017 0.042069 1.00833 -0.0102444 0.0824924 0.920956 -0.00910397 -0.00280168 3.08782 -1.4973 0.0761365 -0.200001 0.00146224 -0.00200086 -0.0506132
72.2102 -0.0564872 -0.652581 1.6203 2.61334 -0.0083797 0.000964089 -0.094755 -0.665139 1.65653 2.6015 -0.0202264 -0.00811951 -0.0382678 -0.0125582 0.0362275 -0.0118342 -0.0118467 -0.0090836 0.0541716 1.09611 -0.0171617 0.072603 0.928738 -0.00919275 -0.00267024 3.08763 -1.4973 0.0761365 -0.200001 0.00146224 -0.00200086 -0.0506132
72.6889 -0.0521735 -0.649181 1.62179 2.61367 -0.00866747 0.00100201 -0.0889576 -0.659266 1.65631 2.59929 -0.0182881 -0.00727727 -0.0367841 -0.0100849 0.0345177 -0.0143824 -0.00962061 -0.00827927 0.0514417 1.10394 -0.0199598 0.067951 0.932204 -0.00946142 -0.00233761 3.08752 -1.4973 0.0761365 -0.200001 0.00146224 -0.00200086 -0.0506132
73.2003 -0.0455257 -0.645376 1.62366 2.61448 -0.00862082 0.000760342 -0.0828672 -0.648235 1.63572 2.58884 -0.00322955 -0.00128022 -0.0373415 -0.00285958 0.0120626 -0.0256395 0.00539127 -0.00204056 0.0393455 1.50636 -0.023562 0.0613532 0.936855 -0.00930259 -0.00152547 3.08733 -1.4973 0.0761365 -0.200001 0.00146224 -0.00200086 -0.0506132
73.409 -0.04184 -0.643398 1.62468 2.61482 -0.00843381 0.000532737 -0.0790441 -0.660448 1.67589 2.62085 -0.0166094 -0.0181711 -0.0372041 -0.0170502 0.0512098 0.00603241 -0.00817561 -0.0187038 0.0655537 1.21563 -0.025322 0.0578892 0.939174 -0.00902758 -0.00118819 3.08723 -1.4973 0.0761365 -0.200001 0.00146224 -0.00200086 -0.0506132
73.7874 -0.0340959 -0.638823 1.62699 2.61498 -0.00781001 -6.59715e-05 -0.0714277 -0.639541 1.63541 2.58549 0.000878718 0.000343722 -0.0373317 -0.00071736 0.00841825 -0.0294865 0.00868872 0.000409694 0.0382758 1.76125 -0.0287846 0.0506573 0.943731 -0.00815192 -0.00103806 3.08701 -1.4973 0.0761365 -0.200001 0.00146224 -0.00200086 -0.0506132
74.1409 -0.0252449 -0.633135 1.62975 2.61457 -0.00699826 -0.000793471 -0.0658408 -0.650054 1.67551 2.61673 -0.008279 0.00958401 -0.0405958 -0.0169186 0.0457574 0.00215656 -0.00128074 0.0103775 0.0634665 0.612936 -0.0321717 0.043072 0.94809 -0.00712019 -0.00144276 3.0868 -1.4973 0.0761365 -0.200001 0.00146224 -0.00200086 -0.0506132
74.5472 -0.0186644 -0.628894 1.6317 2.61409 -0.00642831 -0.00131869 -0.0585383 -0.645131 1.67604 2.62985 -0.0207316 -0.00798457 -0.0398739 -0.0162363 0.044339 0.0157593 -0.0143033 -0.00666588 0.0618021 1.27411 -0.0346471 0.0371921 0.951129 -0.00636111 -0.00192151 3.08663 -1.4973 0.0761365 -0.200001 0.00146224 -0.00200086 -0.0506132
75.177 -0.00491127 -0.621875 1.63459 2.61358 -0.00510437 -0.00250765 -0.0426471 -0.626979 1.65509 2.5869 -0.00179747 -0.000680617 -0.0377359 -0.00510368 0.0204997 -0.0266826 0.0033069 0.00182703 0.0432467 1.54358 -0.0393596 0.0250649 0.95627 -0.00461505 -0.00243297 3.08626 -1.4973 0.0761365 -0.200001 0.00146224 -0.00200086 -0.0506132
75.6924 0.004437 -0.618763 1.63548 2.61379 -0.0042174 -0.00332789 -0.0351122 -0.630305 1.67554 2.62433 -0.0126214 -0.00475025 -0.0395492 -0.0115428 0.0400667 0.0105381 -0.008404 -0.00142236 0.0574693 0.775817 -0.0422946 0.016809 0.958831 -0.00343869 -0.00222386 3.08599 -1.4973 0.0761365 -0.200001 0.00146224 -0.00200086 -0.0506132
76.125 0.0112039 -0.617237 1.63562 2.61423 -0.00375267 -0.00384341 -0.026349 -0.627896 1.67496 2.60856 0.00176442 -0.0109516 -0.037553 -0.0106587 0.0393371 -0.00566686 0.00551709 -0.00710818 0.0554187 0.609736 -0.0443907 0.0105805 0.960331 -0.0027806 -0.00177955 3.08578 -1.4973 0.0761365 -0.200001 0.00146224 -0.00200086 -0.0506132
76.5803 0.0179414 -0.615623 1.63567 2.6145 -0.00331505 -0.0043459 -0.0195227 -0.618213 1.65484 2.58352 0.00685675 0.00256041 -0.0374641 -0.00258983 0.0191708 -0.0309757 0.0101718 0.00690631 0.0421638 1.91008 -0.0464108 0.00434857 0.96155 -0.00215206 -0.00151186 3.08556 -1.4973 0.0761365 -0.200001 0.00146224 -0.00200086 -0.0506132
76.9443 0.0270878 -0.612908 1.63587 2.61438 -0.00256414 -0.00510638 -0.0117022 -0.624357 1.67529 2.62206 -0.00423183 -0.00157784 -0.0387901 -0.0114498 0.0394201 0.00768376 -0.0016677 0.00352854 0.0564775 0.494164 -0.048999 -0.00392607 0.962894 -0.00111786 -0.00163036 3.08528 -1.4973 0.0761365 -0.200001 0.00146224 -0.00200086 -0.0506132
77.3609 0.0342987 -0.61004 1.63627 2.61369 -0.00169071 -0.00585073 -0.0029255 -0.621421 1.67526 2.62098 -0.00106097 -0.000393726 -0.0372242 -0.0113802 0.0389944 0.00729713 0.000629736 0.005457 0.0550974 0.523393 -0.0508549 -0.0100702 0.96368 1.89891e-05 -0.00232021 3.08507 -1.4973 0.0761365 -0.200001 0.00146224 -0.00200086 -0.0506132
77.8046 0.0417902 -0.606964 1.63664 2.61275 -0.000564409 -0.00673585 0.00289489 -0.61765 1.67494 2.60468 0.0150457 -0.00725415 -0.0388953 -0.0106859 0.0383045 -0.00806803 0.0156101 -0.000518303 0.0556262 1.00717 -0.0526114 -0.01612 0.964209 0.00143915 -0.00324982 3.08487 -1.4973 0.0761365 -0.200001 0.00146224 -0.00200086 -0.0506132
78.2444 0.0520836 -0.603504 1.63676 2.61163 0.00136262 -0.0081587 0.0131931 -0.613817 1.67445 2.58852 -0.0241944 -0.00887417 -0.0388905 -0.0103123 0.0376907 -0.0231052 -0.025557 -0.000715475 0.0551308 1.97477 -0.0547396 -0.0239551 0.964517 0.003825 -0.00435169 3.0846 -1.4973 0.0761365 -0.200001 0.00146224 -0.00200086 -0.0506132
78.5515 0.0596402 -0.601728 1.63651 2.61109 0.0028869 -0.00926833 0.020447 -0.611881 1.67517 2.60258 0.0215712 -0.00492465 -0.0391931 -0.0101533 0.0386639 -0.00851309 0.0186843 0.00434368 0.0559829 1.20366 -0.0561345 -0.0295803 0.964514 0.00570442 -0.0048743 3.08441 -1.4973 0.0761365 -0.200001 0.00146224 -0.00200086 -0.0506132
78.6814 0.0642586 -0.603406 1.63515 2.61231 0.00351307 -0.00936339 0.0303718 -0.617123 1.69568 2.62684 -0.00436115 -0.00158666 -0.0338867 -0.0137168 0.0605233 0.0145272 -0.00787422 0.00777673 0.0707073 1.04642 -0.0569554 -0.0331756 0.964309 0.00628515 -0.00365081 3.08464 -1.4973 0.0761365 -0.200001 0.00146224 -0.00200086 -0.0506132
78.859 0.0722568 -0.625929 1.62352 2.62531 0.00383465 -0.00578808 0.0368656 -0.6168 1.65495 2.61185 -0.00095659 -0.000356373 -0.0353912 0.00912864 0.0314295 -0.0134629 -0.00479124 0.00543171 0.0482046 0.876257 -0.0581002 -0.0383234 0.961757 0.00472377 0.00933457 3.08787 -1.4973 0.0761365 -0.200001 0.00146224 -0.00200086 -0.0506132
79.0224 0.0909072 -0.654488 1.60405 2.641 0.00754546 0.00261638 0.0513232 -0.651574 1.65516 2.62457 0.00392327 0.00154388 -0.039584 0.00291411 0.0511138 -0.0164351 -0.00362219 -0.0010725 0.0647148 0.965908 -0.0601212 -0.0447717 0.953486 0.00391479 0.0250021 3.097 -1.4973 0.0761365 -0.200001 0.00146224 -0.00200086 -0.0506132
79.2123 0.104952 -0.665804 1.59153 2.64684 0.0121661 0.00499105 0.0671564 -0.669955 1.63645 2.62496 0.0238589 0.00977303 -0.0377959 -0.00415052 0.0449258 -0.0218765 0.0116928 0.00478198 0.0588565 1.45158 -0.0625426 -0.049302 0.945705 0.00689894 0.0307871 3.10135 -1.4973 0.0761365 -0.200001 0.00146224 -0.00200086 -0.0506132
79.4066 0.113913 -0.667579 1.57896 2.64687 0.0163772 0.000195539 0.0814674 -0.682971 1.63685 2.65801 0.0277403 0.0115826 -0.0324452 -0.0153925 0.0578873 0.011133 0.011363 0.011387 0.0681216 1.11276 -0.0673606 -0.0547538 0.934362 0.0128805 0.0308325 3.0993 -1.4973 0.0761365 -0.200001 0.00146224 -0.00200086 -0.0506132
80.0207 0.108372 -0.661197 1.56894 2.64257 0.0145175 -0.00948789 0.0854445 -0.677589 1.61713 2.64881 0.0157128 0.00658207 -0.0229274 -0.0163924 0.0481825 0.0062403 0.00119531 0.01607 0.0558205 0.985165 -0.0739805 -0.0592051 0.9227 0.0158291 0.0266482 3.08998 -1.4973 0.0761365 -0.200001 0.00146224 -0.00200086 -0.0506132
80.5594 0.0959214 -0.654248 1.56203 2.63866 0.00921655 -0.0185892 0.0781214 -0.666872 1.59814 2.61096 0.0249117 -0.0128968 -0.0178 -0.0126239 0.0361131 -0.0277056 0.0156952 0.00569239 0.0421943 1.85815 -0.0799764 -0.0617618 0.914302 0.0155511 0.0228335 3.07944 -1.4973 0.0761365 -0.200001 0.00146224 -0.00200086 -0.0506132
81.028 0.0791012 -0.646899 1.55504 2.63523 0.00155785 -0.0278498 0.0641301 -0.661895 1.59625 2.63642 -0.0078705 -0.0265329 -0.0149711 -0.0149962 0.0412112 0.00118683 -0.00942835 0.00131695 0.0463399 0.549652 -0.0866998 -0.0636467 0.906507 0.0133603 0.0193982 3.06761 -1.4973 0.0761365 -0.200001 0.00146224 -0.00200086 -0.0506132
81.6061 0.0618275 -0.637055 1.54592 2.63216 -0.00954862 -0.0302028 0.0447895 -0.649019 1.57845 2.62524 -0.00054842 -0.0232154 -0.017038 -0.0119644 0.0325315 -0.00691564 0.0090002 0.00698732 0.0386231 0.762589 -0.0966039 -0.0652519 0.898138 0.00481838 0.0160534 3.06001 -1.4973 0.0761365 -0.200001 0.00146224 -0.00200086 -0.0506132
82.0076 0.0591683 -0.628187 1.5392 2.62946 -0.0138498 -0.0263667 0.031003 -0.643403 1.5782 2.62321 -0.00561254 -0.0252746 -0.0281653 -0.0152152 0.0389975 -0.00625248 0.00823727 0.00109204 0.0504538 0.595448 -0.104612 -0.0660754 0.892513 -0.000670324 0.0132513 3.0612 -1.4973 0.0761365 -0.200001 0.00146224 -0.00200086 -0.0506132
82.4799 0.0666097 -0.618637 1.53253 2.62651 -0.0128912 -0.0200073 0.0286103 -0.630377 1.55956 2.61237 -0.0193571 -0.0305635 -0.0379994 -0.0117402 0.0270356 -0.0141363 -0.00646595 -0.0105562 0.0480907 1.0839 -0.113016 -0.0668058 0.88719 -0.00287414 0.0103222 3.06722 -1.4973 0.0761365 -0.200001 0.00146224 -0.00200086 -0.0506132
83.3825 0.135265 -0.587989 1.50586 2.61935 0.0139467 0.0125986 0.0845641 -0.608022 1.56162 2.60372 0.00591757 0.00230451 -0.0507011 -0.0200324 0.0557655 -0.0156236 -0.00802911 -0.0102941 0.0779852 1.16197 -0.142608 -0.0690522 0.869974 0.00437568 0.00323997 3.10886 -1.4973 0.0761365 -0.200001 0.00146224 -0.00200086 -0.0506132
83.6866 0.153457 -0.580222 1.49712 2.61848 0.0230001 0.0177224 0.110698 -0.589849 1.52684 2.59783 0.00577844 0.0138618 -0.0427592 -0.00962645 0.0297187 -0.020652 -0.0172217 -0.00386057 0.0529549 1.55419 -0.151648 -0.0694168 0.865514 0.00966157 0.00217523 3.11783 -1.4973 0.0761365 -0.200001 0.00146224 -0.00200086 -0.0506132
84.0403 0.162235 -0.569459 1.48665 2.61639 0.0290254 0.0166749 0.128149 -0.585858 1.52863 2.61058 0.0241085 0.00925724 -0.0340855 -0.0163989 0.0419741 -0.00581023 -0.00491691 -0.00741769 0.0565028 0.602634 -0.163662 -0.0692765 0.859596 0.0153434 -4.42938e-05 3.11993 -1.4973 0.0761365 -0.200001 0.00146224 -0.00200086 -0.0506132
84.2844 0.159534 -0.564191 1.48185 2.61508 0.0286273 0.0139848 0.134045 -0.572333 1.51225 2.61216 0.0288715 0.0221883 -0.0254895 -0.00814215 0.0303957 -0.00292374 0.000244241 0.00820352 0.0404958 0.503578 -0.169612 -0.0688394 0.856456 0.0163098 -0.0013112 3.1174 -1.4973 0.0761365 -0.200001 0.00146224 -0.00200086 -0.0506132
84.6286 0.14264 -0.55429 1.4727 2.61233 0.0221746 0.00534878 0.12541 -0.560354 1.49607 2.58771 0.0264284 0.00990173 -0.0172294 -0.00606474 0.0233656 -0.0246175 0.00425389 0.00455295 0.0296578 1.46099 -0.181292 -0.0671614 0.849764 0.0150027 -0.00383453 3.10668 -1.4973 0.0761365 -0.200001 0.00146224 -0.00200086 -0.0506132
84.9782 0.115123 -0.545827 1.46332 2.6101 0.0107741 -0.00702538 0.109675 -0.554815 1.49522 2.58503 0.0201482 0.00747754 -0.00544801 -0.00898866 0.0319043 -0.0250645 0.00937407 0.0145029 0.0335911 1.75457 -0.192548 -0.0645077 0.842605 0.0113851 -0.00585455 3.09029 -1.4973 0.0761365 -0.200001 0.00146224 -0.00200086 -0.0506132
85.2364 0.0909729 -0.540508 1.45593 2.60904 0.000875095 -0.0182824 0.0861237 -0.551327 1.49463 2.59626 0.0199799 -0.00303961 -0.00484923 -0.0108198 0.0386957 -0.0127854 0.0191048 0.0152428 0.0404715 1.58461 -0.200632 -0.0620133 0.837146 0.00854047 -0.00688773 3.07558 -1.4973 0.0761365 -0.200001 0.00146224 -0.00200086 -0.0506132
85.5388 0.0691169 -0.53646 1.4484 2.60929 -0.00875983 -0.0262499 0.0573955 -0.542193 1.47679 2.58602 -0.00465621 -0.0117785 -0.0117214 -0.00573282 0.0283925 -0.02327 0.00410362 0.0144714 0.0312472 1.58288 -0.208366 -0.059192 0.832513 0.0042555 -0.00678043 3.06387 -1.4973 0.0761365 -0.200001 0.00146224 -0.00200086 -0.0506132
86.4434 0.0577323 -0.52183 1.42698 2.61031 -0.0146884 -0.0170721 0.0204141 -0.53037 1.4602 2.61363 -0.0209127 -0.0288822 -0.0373182 -0.00854053 0.0332135 0.00331675 -0.00622436 -0.0118101 0.0506826 0.785343 -0.23187 -0.049445 0.822256 -0.00551875 -0.00588489 3.06886 -1.4973 0.0761365 -0.200001 0.00146224 -0.00200086 -0.0506132
86.7818 0.0713195 -0.517084 1.42131 2.61022 -0.00756787 -0.00847819 0.0293704 -0.526834 1.461 2.61173 -0.0136193 -0.0049116 -0.0419491 -0.00975079 0.0396982 0.00151409 -0.00605139 0.0035666 0.0585726 0.41212 -0.238319 -0.0468206 0.819815 -0.00370319 -0.0058331 3.07991 -1.4973 0.0761365 -0.200001 0.00146224 -0.00200086 -0.0506132
87.1329 0.0892637 -0.512837 1.41537 2.61055 0.00179332 0.00201252 0.044999 -0.51352 1.43089 2.59351 -0.00537644 -0.00192937 -0.0442647 -0.000683018 0.015523 -0.017038 -0.00716976 -0.00394189 0.0469126 1.08318 -0.244495 -0.044297 0.817445 -0.000927227 -0.00543985 3.09364 -1.4973 0.0761365 -0.200001 0.00146224 -0.00200086 -0.0506132
87.441 0.114677 -0.508705 1.40689 2.61219 0.0152521 0.0165708 0.0675067 -0.511219 1.43145 2.59272 0.0045634 0.00162962 -0.0471703 -0.00251427 0.0245656 -0.0194632 -0.0106887 -0.0149412 0.0532431 1.52726 -0.252324 -0.0409214 0.814394 0.00338786 -0.00394889 3.113 -1.4973 0.0761365 -0.200001 0.00146224 -0.00200086 -0.0506132
87.7398 0.127285 -0.506452 1.40094 2.61387 0.0236953 0.0211785 0.0875429 -0.51148 1.43218 2.59316 0.0133512 0.00476808 -0.0397419 -0.00502813 0.0312479 -0.020703 -0.0103441 -0.0164105 0.0508049 1.61277 -0.257937 -0.0382405 0.812723 0.00840593 -0.0024793 3.12118 -1.4973 0.0761365 -0.200001 0.00146224 -0.00200086 -0.0506132
88.7491 0.119172 -0.501086 1.38846 2.61538 0.0251726 0.016195 0.101388 -0.510859 1.43399 2.61955 0.0436707 0.0155682 -0.017784 -0.00977301 0.045529 0.00417523 0.0184982 -0.000626823 0.0498465 1.08751 -0.270445 -0.030607 0.806735 0.0122201 -0.000963082 3.11759 -1.4973 0.0761365 -0.200001 0.00146224 -0.00200086 -0.0506132
89.7492 0.0790758 -0.497582 1.37415 2.61605 0.00756279 0.00738155 0.0698061 -0.499641 1.40237 2.60052 0.00637514 0.00227109 -0.00926971 -0.00205914 0.0282218 -0.0155364 -0.00118765 -0.00511046 0.0297765 0.937535 -0.282342 -0.0208166 0.79635 0.00138307 3.4475e-05 3.10114 -1.4973 0.0761365 -0.200001 0.00146224 -0.00200086 -0.0506132
90.1434 0.0635456 -0.496096 1.36705 2.61612 0.00076757 0.00477117 0.0489805 -0.501402 1.40217 2.61397 0.0115872 0.0139424 -0.0145651 -0.0053059 0.0351184 -0.0021458 0.0108196 0.00917128 0.0383875 0.822344 -0.287308 -0.0163615 0.790898 -0.00318429 0.000130994 3.0955 -1.4973 0.0761365 -0.200001 0.00146224 -0.00200086 -0.0506132
91.3753 0.0339344 -0.486791 1.34615 2.61403 -0.00722656 -0.0046137 0.00960169 -0.491214 1.37356 2.59685 -0.0102361 -0.0132608 -0.0243327 -0.00442282 0.0274065 -0.0171777 -0.0030095 -0.00864715 0.0369155 1.11908 -0.303371 -0.00255623 0.77497 -0.00539842 -0.00200635 3.08338 -1.4973 0.0761365 -0.200001 0.00146224 -0.00200086 -0.0506132
91.7354 0.0266586 -0.480823 1.33666 2.61352 -0.00595026 -0.00876017 -0.00176198 -0.48341 1.35999 2.59926 -0.0128971 -0.00457964 -0.0284206 -0.00258736 0.0233293 -0.0142681 -0.00694687 0.00418053 0.0368603 0.938369 -0.312405 0.00478581 0.769194 -0.0022089 -0.00251515 3.08042 -1.4973 0.0761365 -0.200001 0.00146224 -0.00200086 -0.0506132
91.9469 0.024062 -0.477508 1.33305 2.61332 -0.00504681 -0.00984013 -0.00537827 -0.48227 1.36013 2.59904 0.00619583 -0.017636 -0.0294403 -0.00476209 0.0270788 -0.0142843 0.0112426 -0.0077959 0.0402824 1.13298 -0.316696 0.00833415 0.767501 -0.000881667 -0.0027109 3.07994 -1.4973 0.0761365 -0.200001 0.00146224 -0.00200086 -0.0506132
92.1071 0.0217152 -0.473736 1.33019 2.61294 -0.00422448 -0.0102597 -0.00772191 -0.480512 1.36021 2.61049 -0.00649322 -0.0116222 -0.0294371 -0.00677623 0.030017 -0.00244557 -0.00226873 -0.00136251 0.0425849 0.207479 -0.320827 0.0118672 0.766478 4.31025e-05 -0.00308714 3.07999 -1.4973 0.0761365 -0.200001 0.00146224 -0.00200086 -0.0506132
92.587 0.0189322 -0.467637 1.32784 2.61191 -0.00315581 -0.0100367 -0.0105662 -0.471058 1.3467 2.59995 -0.0194236 -0.0162156 -0.0294984 -0.00342183 0.0188575 -0.0119602 -0.0162678 -0.00617886 0.0351777 1.21208 -0.326056 0.016609 0.766314 0.000865153 -0.00410157 3.08072 -1.4973 0.0761365 -0.200001 0.00146224 -0.00200086 -0.0506132
93.0114 0.0161122 -0.461179 1.32699 2.61095 -0.00233906 -0.00902879 -0.012501 -0.471548 1.36007 2.6186 0.00340713 -0.018652 -0.0286132 -0.0103689 0.0330724 0.00764987 0.00574619 -0.00962319 0.0449445 0.777832 -0.330909 0.021428 0.767718 0.00107183 -0.00505083 3.082 -1.4973 0.0761365 -0.200001 0.00146224 -0.00200086 -0.0506132
93.8228 0.0108579 -0.451187 1.3283 2.60975 -0.00217798 -0.00621127 -0.0184212 -0.460933 1.36028 2.61365 0.00387095 0.00131257 -0.0292791 -0.00974546 0.031981 0.00390111 0.00604893 0.00752384 0.0444413 0.596761 -0.337361 0.0288038 0.772504 -0.000202358 -0.00625887 3.08452 -1.4973 0.0761365 -0.200001 0.00146224 -0.00200086 -0.0506132
94.2669 0.00774475 -0.44578 1.33028 2.60903 -0.00253831 -0.00443189 -0.0211621 -0.449445 1.34714 2.60175 -0.0101041 -0.00337012 -0.0289068 -0.00366549 0.0168594 -0.00728115 -0.00756578 0.00106177 0.0336642 0.604579 -0.340174 0.0325084 0.77615 -0.00140913 -0.00697166 3.08589 -1.4973 0.0761365 -0.200001 0.00146224 -0.00200086 -0.0506132
94.7378 0.000241165 -0.433791 1.33745 2.60797 -0.00362829 -0.00038081 -0.028218 -0.435369 1.34726 2.59504 -0.0136969 -0.00442498 -0.0284592 -0.00157755 0.00980885 -0.0129257 -0.0100686 -0.00404417 0.0301434 0.968336 -0.345534 0.0408999 0.787378 -0.00442012 -0.00803417 3.08887 -1.4973 0.0761365 -0.200001 0.00146224 -0.00200086 -0.0506132
95.2104 -0.00750179 -0.424094 1.34686 2.60833 -0.0050861 0.00327342 -0.0360032 -0.431828 1.37356 2.60635 0.00849964 0.00267164 -0.0285014 -0.00773357 0.0267055 -0.00198559 0.0135857 -0.000601781 0.0398162 0.787333 -0.349134 0.0484711 0.800861 -0.00750616 -0.00765134 3.09129 -1.4973 0.0761365 -0.200001 0.00146224 -0.00200086 -0.0506132
95.6693 -0.0101718 -0.420907 1.35118 2.60893 -0.00534621 0.00436224 -0.0395831 -0.424892 1.37441 2.6035 -0.0189949 -0.00587155 -0.0294113 -0.00398429 0.0232295 -0.00542469 -0.0136487 -0.0102338 0.0376896 1.02793 -0.350164 0.0513263 0.806941 -0.00828166 -0.00705016 3.0921 -1.4973 0.0761365 -0.200001 0.00146224 -0.00200086 -0.0506132
96.046 -0.0120994 -0.417985 1.35585 2.60963 -0.00511295 0.00501662 -0.0431995 -0.419877 1.3737 2.60067 0.00490095 0.00149763 -0.0311001 -0.00189227 0.0178485 -0.00896106 0.0100139 -0.00351899 0.0359077 0.795739 -0.350915 0.0539024 0.81329 -0.00840982 -0.00633695 3.09278 -1.4973 0.0761365 -0.200001 0.00146224 -0.00200086 -0.0506132
96.4958 -0.0139705 -0.4142 1.36287 2.61066 -0.00444774 0.00544065 -0.0453057 -0.423476 1.40165 2.61691 0.00553136 0.00167102 -0.0313352 -0.00927602 0.038781 0.00624731 0.0099791 -0.00376963 0.050714 0.708312 -0.351532 0.0568995 0.822434 -0.00804766 -0.00530953 3.09348 -1.4973 0.0761365 -0.200001 0.00146224 -0.00200086 -0.0506132
96.7083 -0.0146867 -0.412274 1.36674 2.61116 -0.00405111 0.00550452 -0.0455987 -0.410301 1.37377 2.59605 0.00358712 0.00107107 -0.030912 0.00197303 0.00702657 -0.0151131 0.00763823 -0.00443345 0.0317619 1.00288 -0.351694 0.0582176 0.827414 -0.00772954 -0.00479742 3.09374 -1.4973 0.0761365 -0.200001 0.00146224 -0.00200086 -0.0506132
96.8922 -0.0157181 -0.409347 1.37315 2.61202 -0.00349154 0.00550503 -0.047754 -0.413705 1.40172 2.61232 0.00422244 0.00124607 -0.0320359 -0.00435816 0.0285696 0.000299816 0.00771397 -0.00425896 0.0431453 0.50513 -0.351769 0.0605231 0.838038 -0.00712482 -0.00362787 3.09407 -1.4973 0.0761365 -0.200001 0.00146224 -0.00200086 -0.0506132
97.2773 -0.0187748 -0.402173 1.38944 2.61376 -0.00327925 0.00555331 -0.0502024 -0.402755 1.4019 2.58049 0.00174407 0.000500935 -0.0314276 -0.000582416 0.012456 -0.0332698 0.00502331 -0.00505237 0.033811 1.94963 -0.351403 0.0632353 0.855 -0.00708586 -0.00220881 3.09416 -1.4973 0.0761365 -0.200001 0.00146224 -0.00200086 -0.0506132
97.4687 -0.020543 -0.398676 1.39671 2.61409 -0.00377303 0.00568191 -0.0524985 -0.404775 1.4309 2.62403 0.00362043 0.00102417 -0.0319555 -0.00609906 0.0341924 0.00994136 0.00739346 -0.00465774 0.0471961 0.758472 -0.351063 0.0642684 0.863456 -0.00757699 -0.00188108 3.09402 -1.4973 0.0761365 -0.200001 0.00146224 -0.00200086 -0.0506132
98.0498 -0.0242973 -0.392448 1.41419 2.61622 -0.00501251 0.00543179 -0.0549847 -0.394333 1.43152 2.60543 -0.0112561 0.0077575 -0.0306874 -0.00188488 0.0173289 -0.0107853 -0.00624357 0.00232571 0.0352926 0.725237 -0.349811 0.0658702 0.884216 -0.00851862 0.000250925 3.09318 -1.4973 0.0761365 -0.200001 0.00146224 -0.00200086 -0.0506132
98.5744 -0.0251184 -0.391216 1.41984 2.61742 -0.00531695 0.00510558 -0.0574449 -0.398013 1.46132 2.63826 0.00321217 0.000875034 -0.0323266 -0.00679702 0.0414747 0.0208457 0.00852912 -0.00423054 0.0530223 1.31284 -0.349294 0.0660143 0.891104 -0.0086171 0.00144476 3.09274 -1.4973 0.0761365 -0.200001 0.00146224 -0.00200086 -0.0506132
98.9273 -0.0255324 -0.38998 1.42531 2.61854 -0.0054816 0.00466025 -0.0574515 -0.390689 1.44588 2.61195 0.00165859 0.01165 -0.0319191 -0.0007094 0.0205706 -0.00658978 0.00714019 0.00698977 0.0379801 0.685284 -0.348813 0.0659055 0.897749 -0.00853615 0.00256293 3.09227 -1.4973 0.0761365 -0.200001 0.00146224 -0.00200086 -0.0506132
99.2081 -0.0255433 -0.387597 1.43285 2.61963 -0.00556681 0.00396639 -0.0574998 -0.38363 1.4312 2.58616 -0.000466957 -0.000125149 -0.0319564 0.0039668 -0.0016561 -0.0334738 0.00509985 -0.00409154 0.0322443 1.95485 -0.348295 0.0653751 0.906722 -0.00826375 0.00365454 3.09163 -1.4973 0.0761365 -0.200001 0.00146224 -0.00200086 -0.0506132
99.5426 -0.0252165 -0.384794 1.43873 2.61984 -0.00558316 0.00343137 -0.0574346 -0.388598 1.46186 2.61955 -0.00936449 0.00770247 -0.0322181 -0.00380407 0.0231352 -0.000285126 -0.00378132 0.00427109 0.0398461 0.327456 -0.348035 0.0647022 0.913503 -0.00800949 0.00385464 3.09115 -1.4973 0.0761365 -0.200001 0.00146224 -0.00200086 -0.0506132
99.8253 -0.0246504 -0.381083 1.44497 2.61958 -0.00560755 0.00291104 -0.0574457 -0.384041 1.46149 2.60262 0.00149227 0.00039214 -0.0327953 -0.00295802 0.0165142 -0.0169599 0.00709982 -0.0025189 0.0368375 1.06349 -0.347895 0.0638054 0.920364 -0.00777506 0.00359129 3.09069 -1.4973 0.0761365 -0.200001 0.00146224 -0.00200086 -0.0506132
101.008 -0.0184425 -0.357473 1.47424 2.61424 -0.00488207 0.000801 -0.0521719 -0.360981 1.493 2.60938 0.00559892 0.00135396 -0.0337293 -0.00350756 0.0187535 -0.00485867 0.010481 0.00055296 0.0387513 0.662638 -0.348084 0.0575318 0.951254 -0.00608738 -0.00175878 3.08924 -1.4973 0.0761365 -0.200001 0.00146224 -0.00200086 -0.0506132
101.273 -0.0154284 -0.352073 1.48126 2.61311 -0.00394686 6.58233e-05 -0.0507679 -0.357156 1.51002 2.61781 -0.00826178 -0.00195737 -0.0353395 -0.00508374 0.028765 0.00469896 -0.00431492 -0.00202319 0.0458492 0.382573 -0.348059 0.0556042 0.958665 -0.00490765 -0.0028877 3.08907 -1.4973 0.0761365 -0.200001 0.00146224 -0.00200086 -0.0506132
101.628 -0.0107671 -0.345586 1.49102 2.61217 -0.00239884 -0.000963774 -0.046806 -0.349192 1.50979 2.61354 -0.00659111 -0.00152268 -0.036039 -0.00360605 0.0187661 0.00137032 -0.00419227 -0.000558908 0.0407919 0.254878 -0.347828 0.0528605 0.969197 -0.00305004 -0.00382822 3.08895 -1.4973 0.0761365 -0.200001 0.00146224 -0.00200086 -0.0506132
101.966 -0.00748372 -0.341335 1.49861 2.61189 -0.00148317 -0.00151802 -0.0426673 -0.345716 1.52653 2.60639 -0.00776677 -0.0123892 -0.0351836 -0.00438076 0.0279263 -0.00549585 -0.0062836 -0.0108712 0.0451327 0.786339 -0.347472 0.050735 0.97753 -0.00197801 -0.00410913 3.08893 -1.4973 0.0761365 -0.200001 0.00146224 -0.00200086 -0.0506132
102.26 -0.00375722 -0.336314 1.50924 2.612 -0.000791644 -0.0018953 -0.03867 -0.33826 1.52592 2.58658 0.0124004 0.00274956 -0.0349128 -0.00194517 0.0166791 -0.0254206 0.0131921 0.00464486 0.0387412 1.66366 -0.346733 0.0478833 0.989331 -0.00119204 -0.00399821 3.08895 -1.4973 0.0761365 -0.200001 0.00146224 -0.00200086 -0.0506132
102.96 -3.19528e-05 -0.328992 1.52666 2.61248 -0.00109155 -0.00168411 -0.0340946 -0.334377 1.56098 2.62173 -0.00265576 -0.0114278 -0.0340626 -0.00538535 0.0343166 0.00924349 -0.00156421 -0.00974369 0.0486507 0.773796 -0.345081 0.0436466 1.00864 -0.00155846 -0.00351352 3.08898 -1.4973 0.0761365 -0.200001 0.00146224 -0.00200086 -0.0506132
103.212 0.00172276 -0.325204 1.53597 2.6127 -0.00129197 -0.00157172 -0.0324122 -0.330605 1.57885 2.61383 0.00168768 0.000353024 -0.034135 -0.00540192 0.0428733 0.00113245 0.00297965 0.00192474 0.0550681 0.213062 -0.344032 0.0415384 1.01884 -0.0017888 -0.00330097 3.08898 -1.4973 0.0761365 -0.200001 0.00146224 -0.00200086 -0.0506132
103.571 0.00457933 -0.319957 1.54904 2.61293 -0.00117649 -0.00166168 -0.029655 -0.325084 1.57881 2.61122 0.00291619 0.000599807 -0.0342344 -0.00512719 0.0297731 -0.00170625 0.00409268 0.00226148 0.0456587 0.285305 -0.342425 0.038721 1.03303 -0.00164406 -0.00306703 3.08896 -1.4973 0.0761365 -0.200001 0.00146224 -0.00200086 -0.0506132
103.874 0.0072091 -0.315878 1.55931 2.61308 -0.000735478 -0.00193565 -0.0269151 -0.317356 1.57803 2.59042 0.0174119 -0.00773552 -0.0341242 -0.00147884 0.0187229 -0.0226589 0.0181474 -0.00579986 0.0389512 1.69397 -0.341073 0.0366088 1.04413 -0.00112476 -0.00292065 3.08894 -1.4973 0.0761365 -0.200001 0.00146224 -0.00200086 -0.0506132
104.242 0.00999788 -0.311571 1.57008 2.61316 -0.00017457 -0.00227967 -0.025102 -0.31497 1.5976 2.61822 -0.0117208 -0.00231241 -0.0350999 -0.0033995 0.0275116 0.00505904 -0.0115462 -3.27378e-05 0.0447264 0.722534 -0.339601 0.0345166 1.05568 -0.000467692 -0.00283204 3.08892 -1.4973 0.0761365 -0.200001 0.00146224 -0.00200086 -0.0506132
104.584 0.013527 -0.305374 1.58534 2.61318 0.000485004 -0.00269395 -0.0204997 -0.310628 1.61499 2.6094 0.0225416 -0.00715992 -0.0340267 -0.00525394 0.029654 -0.0037837 0.0220566 -0.00446597 0.0454399 1.30686 -0.337458 0.0317978 1.072 0.000310973 -0.00281249 3.0889 -1.4973 0.0761365 -0.200001 0.00146224 -0.00200086 -0.0506132
105.357 0.0183674 -0.295823 1.61048 2.61364 0.00131626 -0.00323248 -0.015737 -0.298733 1.63497 2.61657 0.00977389 -0.0106965 -0.0341044 -0.00291018 0.0244824 0.00292098 0.00845763 -0.00746403 0.0420829 0.667932 -0.333869 0.0279693 1.09906 0.00129902 -0.00234673 3.08884 -1.4973 0.0761365 -0.200001 0.00146224 -0.00200086 -0.0506132
105.658 0.0210272 -0.288658 1.62932 2.61407 0.00164431 -0.00349181 -0.0122847 -0.295087 1.65472 2.62763 -0.0086043 -0.0132901 -0.0333118 -0.00642893 0.0253985 0.0135598 -0.0102486 -0.00979825 0.0423803 1.12257 -0.331257 0.025645 1.11957 0.00171366 -0.0019211 3.08878 -1.4973 0.0761365 -0.200001 0.00146224 -0.00200086 -0.0506132
105.975 0.0226761 -0.281367 1.6473 2.6145 0.00173987 -0.00361837 -0.010885 -0.284855 1.65389 2.58547 0.0274566 -0.00703874 -0.0335611 -0.00348852 0.0065882 -0.0290255 0.0257167 -0.00342037 0.0343791 2.22827 -0.329208 0.0240476 1.13916 0.0018571 -0.00149136 3.08872 -1.4973 0.0761365 -0.200001 0.00146224 -0.00200086 -0.0506132
106.893 0.0261426 -0.249147 1.72466 2.61708 0.00137457 -0.00372242 -0.00680172 -0.257558 1.73845 2.60642 -0.0230095 -0.00340647 -0.0329443 -0.00841102 0.0137944 -0.0106586 -0.0243841 0.000315942 0.0366928 1.5247 -0.322121 0.0196496 1.22538 0.00158714 0.00109424 3.08844 -1.4973 0.0761365 -0.200001 0.00146224 -0.00200086 -0.0506132
107.158 0.0275568 -0.238898 1.75012 2.61827 0.0016544 -0.00395708 -0.00614999 -0.245507 1.76114 2.61585 -0.00281731 -0.000393392 -0.0337068 -0.00660878 0.0110264 -0.00241481 -0.00447172 0.00356368 0.036075 0.356083 -0.320031 0.0185932 1.25406 0.00194569 0.00228461 3.08838 -1.4973 0.0761365 -0.200001 0.00146224 -0.00200086 -0.0506132
107.469 0.0292166 -0.228475 1.77599 2.61949 0.00213472 -0.00427089 -0.00476585 -0.236838 1.80686 2.62139 0.0146491 -0.0105579 -0.0339825 -0.00836245 0.0308699 0.0018934 0.0125144 -0.00628698 0.0466658 0.810359 -0.318026 0.0176704 1.28296 0.0025127 0.00350494 3.08835 -1.4973 0.0761365 -0.200001 0.00146224 -0.00200086 -0.0506132
108.116 0.0322666 -0.202596 1.83573 2.62149 0.00303879 -0.00470226 0 -0.211647 1.85624 2.62124 -0 0 -0.0322666 -0.00905063 0.0205148 -0.000248716 -0.00303879 0.00470226 0.0392926 0.321425 -0.313907 0.0161551 1.35003 0.0035065 0.00550276 3.08842 -1.4973 0.0761365 -0.200001 0.00146224 -0.00200086 -0.0506132
108.438 0.0322969 -0.190481 1.86092 2.6218 0.00284309 -0.00451318 0.000812376 -0.197229 1.88123 2.60892 -0.00196012 -0.0142771 -0.0314846 -0.00674733 0.0203105 -0.0128849 -0.00480322 -0.00976391 0.0380699 0.965908 -0.312454 0.0158147 1.37834 0.00324146 0.00581728 3.08849 -1.4973 0.0761365 -0.200001 0.00146224 -0.00200086 -0.0506132
109.048 0.0354882 -0.158001 1.9158 2.62149 0.019769 0.0041485 0.000778953 -0.168821 1.93259 2.5832 0.0426199 -0.00997711 -0.0347092 -0.0108203 0.0167935 -0.0382873 0.0228509 -0.0141256 0.0400479 2.65903 -0.309898 0.015719 1.4427 0.00206678 0.0049774 3.08892 -1.4948 0.0807493 -0.198411 0.0130461 -0.00145233 -0.0661012
109.357 0.0381749 -0.143018 1.9404 2.62124 0.0116237 0.0163769 0.00338217 -0.152455 1.96137 2.59526 0.0248688 -0.0131847 -0.0347928 -0.00943777 0.02097 -0.0259787 0.0132451 -0.0295616 0.0417055 2.35966 -0.309144 0.0159164 1.46936 0.00238326 0.00460533 3.08907 -1.49376 0.0824784 -0.200396 -0.000405 -0.00148454 -0.0725216
109.642 0.0396803 -0.13004 1.96351 2.62098 0.0126909 0.0159173 0.00608693 -0.135543 1.99023 2.6076 0.00737259 0.0145727 -0.0335934 -0.00550287 0.026722 -0.013374 -0.0053183 -0.00134455 0.0432766 0.827562 -0.308553 0.0162297 1.49539 0.00335283 0.00437796 3.0892 -1.49376 0.0824956 -0.200349 -0.000228145 -0.00153263 -0.0725215
110.196 0.0431371 -0.103419 2.01417 2.63887 0.0260761 0.0331238 0.011641 -0.109074 2.04958 2.63926 0.00742432 0.0157643 -0.0314961 -0.00565518 0.035408 0.000387345 -0.0186518 -0.0173595 0.0477253 1.46045 -0.307882 0.017864 1.55476 0.00552766 0.00387788 3.08774 -1.49643 0.085619 -0.197564 0.000666747 0.0164649 -0.0955577
110.476 0.0407287 -0.0916372 2.03746 2.63779 0.0338933 0.0456312 0.0119526 -0.0984371 2.11059 2.65406 0.0423457 0.0327588 -0.0287761 -0.00679985 0.0731353 0.0162614 0.00845237 -0.0128724 0.0788865 1.30356 -0.307897 0.0189813 1.57979 0.0059305 0.00310794 3.08346 -1.49906 0.0888217 -0.197653 0.000811021 0.0156129 -0.115053
111.463 0.0135648 -0.0486213 2.11388 2.61926 0.0451027 0.0660328 -0.00858502 -0.0555221 2.16301 2.62264 0.103175 0.06607 -0.0221498 -0.00690081 0.0491335 0.00338006 0.0580721 3.72241e-05 0.0543354 3.33296 -0.30909 0.0244391 1.66182 0.00443378 0.000398918 3.06098 -1.50546 0.0964999 -0.199926 0.00170002 -0.000727177 -0.160323
112.281 -0.0105191 -0.0115137 2.15877 2.63324 0.0372501 0.0526312 -0.0332385 -0.0206723 2.17186 2.57848 0.0583072 0.0475776 -0.0227193 -0.00915854 0.013093 -0.0547558 0.0210571 -0.00505354 0.0277754 3.3608 -0.310964 0.0295672 1.71829 0.00411184 -0.00267285 3.04529 -1.50494 0.0964338 -0.197263 0.00169243 0.0168497 -0.160442
112.592 -0.0198759 0.00724264 2.17584 2.64641 0.0344197 0.047304 -0.0441095 -0.0016729 2.24185 2.62197 0.0608057 0.0485788 -0.0242336 -0.00891554 0.0660093 -0.0244336 0.0263859 0.00127478 0.07088 2.06412 -0.312169 0.0320394 1.74164 0.00418784 -0.00521419 3.0393 -1.50441 0.0963445 -0.194882 0.00169043 0.0327399 -0.160415
112.93 -0.0272071 0.0304968 2.19031 2.66503 0.0325255 0.0419824 -0.0558798 0.0209025 2.24459 2.64834 0.0264668 0.0652281 -0.0286728 -0.00959438 0.0542802 -0.0166911 -0.00605867 0.0232456 0.0621331 1.69835 -0.313958 0.0345455 1.7638 0.00499336 -0.00979824 3.03375 -1.50356 0.096201 -0.191367 0.0016899 0.0563468 -0.160376
113.204 -0.0211953 0.0725536 2.19653 2.66571 0.042337 0.0272953 -0.0618523 0.0475026 2.24922 2.67265 -0.0144774 0.0489272 -0.040657 -0.0250511 0.052683 0.00693803 -0.0568144 0.0216318 0.0711058 3.50375 -0.31851 0.0369668 1.78115 0.0117647 -0.0229976 3.02869 -1.50129 0.0968324 -0.185243 0.0103625 0.0699494 -0.157179
113.473 -0.018028 0.133848 2.19231 2.68586 0.0794008 -0.0134701 -0.0500707 0.104247 2.2447 2.64067 0.0566313 0.0131883 -0.0320427 -0.0296009 0.0523895 -0.0451836 -0.0227696 0.0266584 0.0681734 3.35766 -0.329779 0.0414143 1.79714 0.0161598 -0.0428735 3.02306 -1.49866 0.101711 -0.173975 0.0584637 0.11178 -0.142599
113.696 -0.0282854 0.16698 2.18488 2.71979 0.0985109 -0.0327612 -0.052128 0.152723 2.25068 2.65999 0.0140523 -0.00095221 -0.0238426 -0.0142574 0.0657959 -0.0597986 -0.0844586 0.031809 0.0714201 6.25865 -0.339902 0.0454184 1.80755 0.0119523 -0.0524842 3.02026 -1.49693 0.106447 -0.164064 0.089563 0.156287 -0.133077
114.03 -0.0480157 0.188719 2.17692 2.79456 0.101689 -0.0457728 -0.0672962 0.191726 2.29165 2.78715 0.143567 -0.0458194 -0.0192805 0.00300671 0.114724 -0.00741115 0.0418778 -4.6692e-05 0.116372 2.43671 -0.352574 0.0511975 1.82376 0.00262428 -0.0549734 3.01814 -1.49428 0.112216 -0.15032 0.11049 0.23341 -0.115154
114.261 -0.0558665 0.204391 2.16922 2.85891 0.108101 -0.0564359 -0.0824398 0.206182 2.25515 -2.96298 -0.208856 -0.0310159 -0.0265732 0.00179112 0.085931 -5.82189 -0.316957 0.0254199 0.0899638 32.0694 -0.362715 0.0555297 1.83493 -0.00193128 -0.0568272 3.01724 -1.49248 0.117819 -0.138911 0.129099 0.299681 -0.0985015
114.532 -0.0579115 0.221314 2.16032 2.93112 0.119857 -0.0664163 -0.0928068 0.225333 2.25475 2.9689 0.124463 -0.0621879 -0.0348953 0.00401897 0.0944349 0.0377831 0.0046066 0.00422843 0.100756 2.16501 -0.373471 0.0596766 1.84557 -0.00470903 -0.0595785 3.01699 -1.49131 0.124696 -0.126565 0.151754 0.373548 -0.0800885
115.175 -0.0456478 0.259113 2.13803 3.11923 0.177391 -0.0764494 -0.0865473 0.261681 2.22076 2.95063 0.111213 -0.0783272 -0.0408995 0.00256834 0.0827247 -0.168596 -0.0661778 -0.00187785 0.0923187 10.3619 -0.4 0.0680486 1.86843 -0.00696053 -0.0675542 3.01796 -1.49272 0.147232 -0.0944803 0.233528 0.566794 -0.0337135
115.438 -0.0396677 0.267877 2.13196 -3.11121 0.19847 -0.0740789 -0.0786205 0.273728 2.17957 2.80498 -0.292092 0.00454107 -0.0389528 0.00585112 0.0476096 5.9162 -0.490562 0.07862 0.0617919 35.1273 -0.407751 0.0700703 1.87489 -0.00738231 -0.069823 3.01843 -1.49455 0.155358 -0.084477 0.26258 0.620233 -0.019984
115.745 -0.0244743 0.282588 2.12144 -3.01974 0.239161 -0.0636031 -0.0689196 0.295299 2.215 -3.06567 0.13684 -0.0677164 -0.0444453 0.0127114 0.0935643 -0.0459305 -0.102322 -0.00411335 0.104361 6.41197 -0.42308 0.0735462 1.88855 -0.00775345 -0.0739691 3.01956 -1.50018 0.17352 -0.0636361 0.320037 0.712098 0.00577573
116.062 -0.0054059 0.28941 2.11451 -2.94767 0.271466 -0.0492844 -0.0564782 0.308104 2.21597 -3.00473 0.220676 -0.0642872 -0.0510723 0.0186942 0.101458 -0.0570549 -0.0507896 -0.0150028 0.115116 4.30366 -0.437396 0.0762239 1.90374 -0.00753385 -0.0764349 3.0206 -1.5089 0.193842 -0.0421983 0.367972 0.781613 0.0272604
116.666 0.0278252 0.287051 2.11044 -2.89615 0.2894 -0.0344072 -0.0192612 0.304627 2.14956 -2.91409 0.338521 -0.0498603 -0.0470864 0.0175754 0.0391149 -0.01794 0.0491209 -0.015453 0.0636868 3.03293 -0.456598 0.0789576 1.9288 -0.00643447 -0.0780037 3.022 -1.52828 0.227015 -0.00901963 0.396116 0.831305 0.0399422
116.925 0.0522615 0.276607 2.11097 -2.89049 0.28029 -0.030764 0.00147706 0.304875 2.18501 -2.90486 0.301771 -0.0266795 -0.0507844 0.0282679 0.0740404 -0.0143699 0.0214815 0.00408449 0.0941282 1.5357 -0.467548 0.0801673 1.94634 -0.00546241 -0.0779425 3.02303 -1.5455 0.250041 0.0139198 0.382742 0.83758 0.0347923
117.204 0.0707154 0.2643 2.11258 -2.89647 0.263965 -0.0306038 0.0209065 0.300208 2.21384 -2.89543 0.263826 -0.0365944 -0.0498089 0.0359081 0.101263 0.00103747 -0.000138807 -0.00599068 0.118425 0.363695 -0.474801 0.0808989 1.95954 -0.00472647 -0.0772418 3.02385 -1.56043 0.26729 0.0316512 0.359144 0.832888 0.0257701
117.77 0.109404 0.227524 2.1178 -2.92636 0.20488 -0.0315139 0.0624902 0.262983 2.17817 -2.93063 0.211762 -0.0259277 -0.0469142 0.0354595 0.060367 -0.00426352 0.00688258 0.00558627 0.0842763 0.591491 -0.489115 0.0825806 1.98995 -0.00397371 -0.0754506 3.02588 -1.60024 0.305439 0.0755952 0.277207 0.806973 -0.00435015
118.165 0.123356 0.21046 2.12016 -2.94049 0.177407 -0.0308456 0.081535 0.244031 2.17883 -2.92582 0.220534 -0.0250772 -0.0418214 0.0335707 0.0586695 0.0146775 0.043127 0.00576844 0.0794867 2.61 -0.49434 0.0834451 2.00303 -0.00406691 -0.0750838 3.02678 -1.61853 0.320237 0.0955335 0.240478 0.794436 -0.0174233
118.486 0.135775 0.191563 2.12236 -2.95268 0.151838 -0.0291299 0.0959869 0.222562 2.17459 2.66231 -0.0375993 -0.0114796 -0.0397882 0.0309986 0.05223 5.61499 -0.189438 0.0176503 0.0726084 39.8062 -0.499169 0.0844761 2.01624 -0.00409783 -0.0741714 3.02761 -1.63702 0.333698 0.116175 0.206376 0.782839 -0.0297207
118.885 0.14665 0.172035 2.12421 -2.96171 0.129213 -0.026387 0.108498 0.200896 2.16479 -2.8928 0.176981 -0.0166415 -0.0381517 0.0288614 0.0405731 0.0689103 0.0477682 0.0097455 0.0627273 4.76609 -0.503694 0.0857179 2.02969 -0.00388275 -0.073026 3.02834 -1.6554 0.345521 0.137524 0.175812 0.77375 -0.0411933
119.238 0.158393 0.146569 2.126 -2.96765 0.105794 -0.0218993 0.123793 0.182352 2.21365 2.86003 -0.0056818 -0.0156364 -0.0346002 0.035783 0.0876562 5.82768 -0.111476 0.00626294 0.100803 26.8752 -0.509366 0.0877741 2.04816 -0.00317894 -0.0714874 3.02915 -1.67923 0.358422 0.16683 0.14319 0.767221 -0.054284
119.525 0.164956 0.129478 2.12663 -2.96784 0.0940631 -0.0185358 0.13058 0.157635 2.18256 -2.95806 0.0403464 -0.0193413 -0.0343761 0.0281569 0.0559342 0.00978129 -0.0537167 -0.000805501 0.0714364 3.12925 -0.513442 0.0896781 2.0623 -0.00233377 -0.0709571 3.02962 -1.69625 0.365776 0.189064 0.125972 0.766952 -0.0619732
119.849 0.169615 0.116562 2.1271 -2.96486 0.0875568 -0.0158267 0.13824 0.140529 2.18335 -2.95347 0.0520117 -0.0187839 -0.0313748 0.0239669 0.0562534 0.0113841 -0.0355451 -0.00295715 0.0687258 2.14886 -0.517418 0.0919442 2.07653 -0.00103556 -0.0713597 3.02996 -1.7123 0.370998 0.211201 0.114661 0.770739 -0.0676927
120.175 0.171923 0.101237 2.12644 -2.95424 0.0858338 -0.0132261 0.144501 0.126019 2.20883 2.87925 0.160094 -0.0255394 -0.0274214 0.0247813 0.082385 5.83349 0.0742601 -0.0123133 0.0902958 26.0326 -0.522506 0.0956037 2.09555 0.000752208 -0.0725755 3.03026 -1.73194 0.374616 0.24026 0.109634 0.782575 -0.0711757
120.559 0.169164 0.0922151 2.12573 -2.94136 0.089862 -0.0123807 0.143792 0.111987 2.17956 2.90431 -0.00196573 0.0001005 -0.0253724 0.019772 0.0538269 5.84567 -0.0918277 0.0124812 0.0627059 25.646 -0.526084 0.0988661 2.1098 0.00139312 -0.0736743 3.03037 -1.7452 0.374908 0.261546 0.114301 0.796369 -0.0696551
120.806 0.163078 0.084323 2.12499 -2.92535 0.0979391 -0.0127266 0.142906 0.103694 2.21328 -3.00211 0.135058 -0.0226059 -0.0201719 0.0193711 0.0882905 -0.076762 0.0371188 -0.00987926 0.092614 4.85857 -0.529405 0.102575 2.12408 0.00162124 -0.0744562 3.03039 -1.75708 0.373216 0.282281 0.12592 0.812853 -0.0641722
121.429 0.141556 0.0670676 2.12249 -2.8795 0.133787 -0.0194036 0.122772 0.0842802 2.18112 -2.8702 0.101302 -0.00395059 -0.0187837 0.0172125 0.0586264 0.0092981 -0.0324853 0.015453 0.063923 2.10264 -0.535845 0.112818 2.15754 0.00263983 -0.074233 3.03025 -1.77924 0.362723 0.328285 0.181838 0.856472 -0.0327461
122.055 0.116963 0.0557529 2.12029 -2.83751 0.176766 -0.0296139 0.0975871 0.069807 2.17284 -2.80836 0.134176 -0.019807 -0.0193758 0.0140542 0.0525506 0.0291428 -0.0425898 0.00980687 0.0577452 2.96095 -0.53955 0.123181 2.18646 0.00378559 -0.0730438 3.0301 -1.79249 0.348394 0.365221 0.25544 0.89344 0.0137241
122.374 0.0979247 0.0498495 2.11867 -2.81063 0.205269 -0.0368406 0.0839535 0.0648751 2.16449 -2.75969 0.159059 -0.0367774 -0.0139712 0.0150256 0.0458173 0.0509453 -0.0462099 6.32386e-05 0.0502015 3.94019 -0.540911 0.130806 2.20571 0.00434739 -0.0722787 3.02999 -1.79895 0.337257 0.388756 0.307865 0.915359 0.0495105
122.701 0.0825966 0.0452469 2.11777 -2.79303 0.22267 -0.0415249 0.0678971 0.0592028 2.16896 -2.85238 0.234321 -0.0389519 -0.0146996 0.0139559 0.051187 -0.0593562 0.0116504 0.00257301 0.0550541 3.5014 -0.541282 0.136857 2.22006 0.00448643 -0.0712959 3.02989 -1.8028 0.328528 0.405762 0.342722 0.928808 0.0747169
123.271 0.0505683 0.0351175 2.11699 -2.77169 0.241853 -0.0484267 0.0313359 0.0503923 2.19502 -2.78924 0.235988 -0.0384666 -0.0192324 0.0152748 0.0780286 -0.0175567 -0.00586546 0.00996011 0.0818026 1.31224 -0.540402 0.149685 2.24877 0.00415726 -0.0684173 3.0296 -1.8084 0.311261 0.437931 0.385492 0.942711 0.108345
123.564 0.0291097 0.0281312 2.1175 -2.77228 0.241477 -0.0510945 0.0130317 0.0432724 2.1699 -2.72377 0.20101 -0.0523502 -0.016078 0.0151412 0.0523955 0.0485052 -0.0404675 -0.00125568 0.0568599 3.63206 -0.53882 0.158673 2.26817 0.00349364 -0.0660065 3.02932 -1.81075 0.300677 0.457859 0.387309 0.93938 0.111794
123.887 0.0131088 0.024234 2.11834 -2.78094 0.23424 -0.0520037 -0.00505758 0.0368667 2.18805 -2.78613 0.225577 -0.069379 -0.0181664 0.0126327 0.0697079 -0.00519049 -0.00866257 -0.0173753 0.0731354 1.09146 -0.537273 0.165574 2.28292 0.00266881 -0.0646217 3.02905 -1.81186 0.293536 0.472073 0.3746 0.93066 0.1041
124.179 -0.00720594 0.0215285 2.12012 -2.80058 0.21685 -0.0517773 -0.0236546 0.0336196 2.23149 -2.83507 0.203082 -0.0694767 -0.0164486 0.0120911 0.111378 -0.0344868 -0.0137679 -0.0176994 0.113234 2.17241 -0.534919 0.174887 2.30288 0.00139748 -0.0636025 3.02858 -1.81259 0.285305 0.49035 0.342931 0.912937 0.0836417
124.488 -0.021526 0.0210734 2.1217 -2.81866 0.200139 -0.0507923 -0.0397634 0.0306895 2.15212 -2.7337 0.218529 -0.0352188 -0.0182374 0.00961602 0.0304178 0.0849606 0.0183897 0.0155736 0.0367466 4.87813 -0.533042 0.181876 2.31798 0.000323781 -0.063376 3.02813 -1.81264 0.280269 0.503762 0.31334 0.896966 0.0647611
125.07 -0.0469437 0.0224086 2.12413 -2.85725 0.161292 -0.0482061 -0.07228 0.0302565 2.19871 -2.83286 0.179985 -0.0508314 -0.0253364 0.00784798 0.0745804 0.0243855 0.0186931 -0.00262534 0.0791566 1.78685 -0.529308 0.195578 2.34844 -0.0017867 -0.0637629 3.02702 -1.81162 0.273323 0.530423 0.251521 0.863807 0.0282522
125.433 -0.0606127 0.0247389 2.1255 -2.87986 0.135075 -0.0474724 -0.0835783 0.0326784 2.16789 -2.83673 0.16873 -0.034565 -0.0229656 0.00793948 0.0423843 0.0431292 0.0336555 0.0129074 0.0488557 3.13338 -0.527007 0.2043 2.36884 -0.00296658 -0.0644072 3.02623 -1.81025 0.270993 0.548338 0.213943 0.844117 0.00948675
125.744 -0.0689309 0.0273424 2.12641 -2.89416 0.117164 -0.0481549 -0.0959731 0.0349283 2.19443 -2.88121 0.0834672 -0.0655047 -0.0270422 0.00758593 0.0680293 0.0129452 -0.0336968 -0.0173498 0.073599 2.32658 -0.525442 0.210527 2.38411 -0.00368549 -0.0651426 3.02568 -1.80892 0.270468 0.561855 0.190268 0.831611 -0.000129167
126.059 -0.0755369 0.0304679 2.12721 -2.90635 0.1011 -0.0500343 -0.105795 0.0369217 2.19929 -2.88143 0.0758149 -0.0333897 -0.0302585 0.00645374 0.0720813 0.0249195 -0.0252851 0.0166446 0.0784407 2.19232 -0.524042 0.216433 2.39928 -0.00422971 -0.065995 3.0252 -1.80737 0.270942 0.575348 0.170665 0.820966 -0.00607376
126.371 -0.0820359 0.0347104 2.12811 -2.91814 0.0823395 -0.0537923 -0.11349 0.0407664 2.19952 -2.88334 0.0728789 -0.0334646 -0.0314537 0.00605601 0.0714037 0.0348021 -0.00946058 0.0203277 0.0782592 2.29473 -0.522425 0.223744 2.41907 -0.0048468 -0.0670758 3.02467 -1.80512 0.272998 0.593201 0.149806 0.810678 -0.00945239
126.933 -0.0866866 0.0410074 2.12903 -2.93176 0.0546326 -0.0600217 -0.121478 0.0475021 2.20584 -2.96881 0.0377669 -0.049024 -0.0347909 0.0064947 0.076808 -0.037051 -0.0168657 0.0109977 0.0845698 2.44152 -0.52059 0.233379 2.44778 -0.00523277 -0.0684946 3.02412 -1.80143 0.278387 0.618989 0.120453 0.79898 -0.0118747
127.209 -0.0865603 0.0483144 2.13001 -2.94334 0.0341699 -0.0629005 -0.121747 0.0515386 2.1735 -2.98928 0.134239 -0.0671203 -0.0351866 0.00322415 0.0434854 -0.0459392 0.100069 -0.00421981 0.056031 6.30453 -0.519802 0.238872 2.46636 -0.00494969 -0.0705605 3.0239 -1.79877 0.282974 0.635065 0.0970398 0.789786 -0.0158498
127.503 -0.0853935 0.0558657 2.13137 -2.95505 0.0178926 -0.0637958 -0.12284 0.05794 2.19509 -2.89135 0.0733732 -0.0660851 -0.037447 0.00207429 0.0637172 0.063702 0.0554805 -0.0022893 0.0739355 4.84598 -0.519431 0.242504 2.48023 -0.00458812 -0.0727696 3.02378 -1.79662 0.286714 0.646496 0.0767732 0.780209 -0.0208724
127.787 -0.0837024 0.0635111 2.13213 -2.97042 -0.00116778 -0.0632695 -0.121683 0.0676014 2.21035 3.14122 -1.2574e-05 -0.0644268 -0.0379802 0.00409031 0.0782268 6.11164 0.0011552 -0.00115733 0.0870555 9.82931 -0.519213 0.245725 2.4941 -0.00446214 -0.0750547 3.02368 -1.79432 0.290566 0.657426 0.054387 0.767887 -0.0274974
128.046 -0.0823985 0.0711106 2.13375 -2.98655 -0.0198699 -0.0615189 -0.117932 0.0743044 2.17313 -2.99747 0.135835 -0.0685983 -0.0355338 0.00319373 0.039387 -0.0109192 0.155705 -0.00707944 0.0531431 8.95063 -0.519097 0.248536 2.50784 -0.00461901 -0.0770133 3.02358 -1.79193 0.294443 0.66791 0.0311004 0.753708 -0.0349485
128.41 -0.0794933 0.0794791 2.13558 -3.00902 -0.045739 -0.0578287 -0.117327 0.0834511 2.20526 2.91027 -0.151092 -0.0429311 -0.037834 0.00397201 0.0696794 5.91929 -0.105353 0.0148976 0.0793878 21.6325 -0.519041 0.251638 2.5256 -0.00457735 -0.0788501 3.02343 -1.78865 0.299437 0.681132 -0.000546395 0.733548 -0.0453437
128.717 -0.0765686 0.0847686 2.13708 -3.02508 -0.0651991 -0.0543654 -0.11325 0.0900259 2.18003 2.85258 -0.0715001 -0.0443192 -0.0366815 0.00525726 0.0429452 5.87766 -0.00630094 0.0100463 0.0567227 23.2052 -0.519047 0.253484 2.53826 -0.00422098 -0.0797257 3.02331 -1.78617 0.302859 0.690405 -0.0248332 0.718506 -0.053244
129 -0.0731942 0.0889813 2.13849 -3.03984 -0.0851655 -0.0503826 -0.111353 0.0965173 2.17975 -2.93276 -0.0345436 -0.0456261 -0.0381589 0.00753591 0.0412592 0.10708 0.0506219 0.00475641 0.0567029 6.80585 -0.519089 0.254939 2.55022 -0.00361684 -0.0801255 3.02318 -1.78372 0.305842 0.699096 -0.0498164 0.704258 -0.0611824
129.31 -0.0699611 0.0923353 2.13978 -3.05283 -0.106145 -0.0457699 -0.106984 0.100723 2.1822 2.92087 0.116026 -0.0694462 -0.0370233 0.00838766 0.0424205 5.9737 0.222171 -0.0236763 0.0569261 21.8346 -0.519174 0.256033 2.56137 -0.00298833 -0.0801486 3.02306 -1.78131 0.308238 0.707203 -0.0759163 0.691378 -0.0693095
129.897 -0.0657587 0.0952163 2.14176 -3.07277 -0.159714 -0.0327788 -0.105019 0.108945 2.24916 3.0618 -0.0843984 -0.0457381 -0.0392603 0.0137284 0.107394 6.13458 0.0753152 -0.0129593 0.115166 9.65278 -0.519648 0.257343 2.5839 -0.00237481 -0.0782029 3.02263 -1.77616 0.310905 0.723871 -0.141316 0.669506 -0.0895171
130.227 -0.0658735 0.0982623 2.14221 -3.07919 -0.191187 -0.0246081 -0.100211 0.107389 2.20965 -2.99253 -0.114565 -0.0430126 -0.0343374 0.00912708 0.067438 0.0866525 0.0766221 -0.0184045 0.0762249 6.58987 -0.520222 0.257371 2.59459 -0.00256602 -0.0778464 3.02227 -1.77366 0.310365 0.732014 -0.179167 0.662612 -0.101405
130.566 -0.0662045 0.101736 2.14237 -3.08282 -0.213575 -0.0186315 -0.100957 0.110069 2.20901 -3.10697 -0.241476 -0.0218482 -0.0347526 0.00833247 0.0666385 -0.0241429 -0.0279011 -0.00321668 0.0756166 2.14886 -0.520834 0.257044 2.60169 -0.00244902 -0.0781236 3.02198 -1.77202 0.308919 0.737437 -0.206432 0.659118 -0.110126
130.832 -0.0662429 0.104496 2.14244 -3.08501 -0.227199 -0.0148865 -0.0946164 0.101089 2.03745 2.86631 -0.398449 0.083864 -0.0283735 -0.00340663 -0.104988 5.95132 -0.17125 0.0987505 0.108808 20.5504 -0.521324 0.25666 2.60602 -0.00210673 -0.0785013 3.02181 -1.77102 0.307474 0.740704 -0.223383 0.657221 -0.115651
131.116 -0.0666353 0.11037 2.14248 -3.0891 -0.249569 -0.00817341 -0.100465 0.117041 2.17746 -3.12361 -0.235747 -0.00339916 -0.0338297 0.00667105 0.0349796 -0.0345091 0.0138217 0.00477425 0.0491175 2.086 -0.522474 0.255508 2.61376 -0.00121623 -0.0794438 3.0215 -1.76929 0.303566 0.746407 -0.251802 0.653908 -0.125301
131.418 -0.0685633 0.116959 2.14254 -3.09418 -0.263882 -0.00232089 -0.102393 0.12364 2.21406 3.02963 -0.0905317 0.00507685 -0.0338292 0.0066817 0.0715219 6.12381 0.173351 0.00739774 0.0794005 13.4402 -0.523799 0.253867 2.62062 -0.000719594 -0.0807076 3.02129 -1.76784 0.298493 0.751164 -0.27053 0.650023 -0.132473
132.044 -0.0712378 0.128322 2.14275 -3.10562 -0.268294 0.00497209 -0.0999837 0.123698 2.07315 2.87483 -0.349394 0.0680098 -0.028746 -0.00462428 -0.0695995 5.98046 -0.0811004 0.0630377 0.0754441 17.2375 -0.525961 0.250505 2.63002 0.000734417 -0.083286 3.02114 -1.76604 0.289183 0.757071 -0.279696 0.641473 -0.139033
132.363 -0.0716796 0.136149 2.14315 -3.11527 -0.260414 0.00893324 -0.0999557 0.129152 2.05766 2.90686 -0.485992 0.101456 -0.0282761 -0.00699691 -0.0854838 6.02212 -0.225578 0.0925232 0.0903105 18.9666 -0.527378 0.247709 2.63598 0.00254181 -0.085123 3.02118 -1.765 0.282213 0.760528 -0.274795 0.63402 -0.141552
132.678 -0.0718646 0.141652 2.14348 -3.12281 -0.250877 0.0118647 -0.0990553 0.134323 2.03992 2.9462 -0.509385 0.0881366 -0.0271907 -0.00732904 -0.103558 6.06901 -0.258508 0.0762719 0.107319 18.6586 -0.528347 0.245378 2.64033 0.00399292 -0.0864022 3.02128 -1.76427 0.276739 0.763016 -0.267533 0.628006 -0.143275
133.038 -0.0715473 0.146927 2.14391 -3.13091 -0.239632 0.0149066 -0.107052 0.156771 2.21499 3.13737 -0.233071 0.0169083 -0.0355048 0.00984398 0.0710846 6.26828 0.00656155 0.00200175 0.0800656 0.915571 -0.529193 0.242893 2.64466 0.00567276 -0.087613 3.02143 -1.7635 0.271143 0.765469 -0.258867 0.621321 -0.145175
133.613 -0.0690369 0.15875 2.14548 3.12799 -0.211158 0.0225908 -0.104316 0.162432 2.14655 -3.02769 0.13168 0.00521753 -0.0352792 0.0036818 0.00106998 -6.15568 0.342838 -0.0173732 0.035487 20.9547 -0.530524 0.236802 2.65547 0.0102125 -0.0901092 3.0219 -1.76098 0.258257 0.771217 -0.237273 0.599998 -0.149656
134.141 -0.0675078 0.168772 2.14706 3.10423 -0.192226 0.0303012 -0.0976796 0.163735 2.06343 2.90307 -0.360463 0.0925108 -0.0301718 -0.00503736 -0.0836299 -0.201158 -0.168237 0.0622096 0.0890487 14.6844 -0.530724 0.231741 2.66533 0.0131862 -0.0921392 3.02243 -1.75771 0.248166 0.77637 -0.224011 0.578463 -0.154172
134.478 -0.0678037 0.174527 2.14788 3.09051 -0.186187 0.0362386 -0.104225 0.184812 2.21237 -3.0243 -0.108012 0.0252424 -0.0364216 0.0102849 0.0644874 -6.1148 0.0781745 -0.0109962 0.0747726 10.5689 -0.530246 0.228655 2.67176 0.0141389 -0.0931842 3.02281 -1.75494 0.242232 0.779972 -0.221444 0.565834 -0.158096
135.057 -0.0705889 0.184177 2.14836 3.07459 -0.190796 0.0473145 -0.102637 0.191649 2.18267 3.11768 -0.220338 0.0359526 -0.0320477 0.00747221 0.0343078 0.0430963 -0.0295414 -0.0113619 0.0475385 2.95446 -0.528435 0.224545 2.68087 0.0137907 -0.0955451 3.02337 -1.74996 0.23471 0.785758 -0.230915 0.552339 -0.165923
135.286 -0.0720035 0.187872 2.14831 3.06937 -0.199019 0.0535439 -0.107726 0.201236 2.21721 2.98415 0.130897 0.0206838 -0.035722 0.0133643 0.0688969 -0.0852189 0.329916 -0.0328601 0.0787493 19.6234 -0.526949 0.222684 2.68521 0.0133112 -0.0964212 3.02366 -1.74709 0.231607 0.788896 -0.241765 0.54803 -0.170623
135.641 -0.0731257 0.190431 2.14858 3.06537 -0.213237 0.061509 -0.107742 0.205143 2.21758 2.98247 0.130003 0.0205392 -0.034616 0.0147113 0.0690007 -0.0828984 0.34324 -0.0409698 0.0785862 20.3834 -0.524283 0.220338 2.69083 0.0126324 -0.0967021 3.02408 -1.74286 0.228274 0.793368 -0.259817 0.544324 -0.176952
136.186 -0.0740829 0.187753 2.14881 3.06094 -0.238923 0.0722274 -0.109132 0.205364 2.21756 3.10921 -0.220398 0.0539969 -0.035049 0.0176103 0.0687531 0.0482701 0.0185253 -0.0182305 0.0791552 2.92422 -0.518846 0.216985 2.69991 0.0112549 -0.0944216 3.02468 -1.73539 0.225057 0.800876 -0.288545 0.538007 -0.184218
136.533 -0.0746879 0.184813 2.14955 3.05607 -0.256863 0.0783739 -0.103909 0.184291 2.06271 2.79849 -0.389372 0.150916 -0.0292213 -0.000522027 -0.0868423 -0.257584 -0.132509 0.0725418 0.0916283 15.9159 -0.514428 0.214775 2.70684 0.00988117 -0.092439 3.02501 -1.72962 0.223917 0.80651 -0.307251 0.531531 -0.186933
136.817 -0.0746987 0.182212 2.15006 3.05187 -0.270809 0.0825495 -0.110563 0.198441 2.20814 2.93416 -0.233035 0.0875087 -0.0358647 0.0162286 0.058089 -0.11771 0.0377741 0.00495919 0.070171 7.02068 -0.5108 0.213082 2.7125 0.00888454 -0.0907471 3.02522 -1.72495 0.223439 0.811113 -0.32107 0.526143 -0.188118
137.14 -0.0741544 0.179382 2.15076 3.04842 -0.28429 0.0861469 -0.110553 0.194569 2.20795 2.93656 -0.233671 0.0871559 -0.0363984 0.0151864 0.0571924 -0.111856 0.0506199 0.00100902 0.0694726 7.02074 -0.506971 0.211325 2.71842 0.00805414 -0.0889881 3.0254 -1.72009 0.223176 0.816045 -0.334765 0.521299 -0.18898
137.743 -0.0724376 0.175306 2.15113 3.04562 -0.314403 0.0937008 -0.108867 0.191796 2.21852 3.0753 0.199558 0.0484511 -0.0364294 0.0164897 0.0673866 0.0296807 0.513961 -0.0452497 0.0783579 29.5984 -0.497562 0.206881 2.7321 0.00605743 -0.0862931 3.02578 -1.7086 0.222914 0.828374 -0.364805 0.516843 -0.19199
138.034 -0.0721602 0.174338 2.15098 3.04771 -0.325294 0.0965315 -0.108086 0.189793 2.21805 3.02609 -0.284211 0.0923551 -0.0359263 0.0154547 0.067074 -0.0216203 0.0410827 -0.00417636 0.0776432 2.70371 -0.493397 0.204777 2.73728 0.00496312 -0.085711 3.02592 -1.70383 0.222743 0.833563 -0.376097 0.518531 -0.194302
138.391 -0.0720264 0.172748 2.15055 3.05268 -0.337845 0.10002 -0.108852 0.187893 2.2182 3.07673 0.200071 0.0487569 -0.0368257 0.0151451 0.0676483 0.0240441 0.537916 -0.0512632 0.0784971 30.9774 -0.487744 0.201712 2.74324 0.00347739 -0.0850167 3.0261 -1.69774 0.22219 0.839977 -0.389567 0.522827 -0.19829
138.684 -0.0715859 0.171315 2.15028 3.05664 -0.345197 0.10229 -0.105151 0.183738 2.18059 3.01792 -0.388983 0.121069 -0.0335656 0.0124229 0.0303051 -0.0387231 -0.0437866 0.018779 0.0468975 3.26483 -0.483442 0.199172 2.747 0.00264387 -0.0845192 3.02622 -1.69339 0.221416 0.844236 -0.397935 0.526195 -0.201427
139.287 -0.0696849 0.167202 2.15038 3.06048 -0.34983 0.104482 -0.105136 0.179904 2.18027 3.01997 -0.389608 0.120417 -0.0354506 0.0127023 0.0298932 -0.0405143 -0.0397784 0.0159352 0.0480802 3.14386 -0.474764 0.193371 2.75311 0.00174963 -0.0830894 3.02642 -1.68506 0.218984 0.850942 -0.403443 0.528393 -0.20455
139.627 -0.068365 0.163678 2.15106 3.05644 -0.343192 0.103606 -0.105849 0.179745 2.21442 3.02366 0.265215 0.0447073 -0.0374842 0.0160673 0.0633631 -0.0327865 0.608407 -0.0588989 0.0753533 35.073 -0.469059 0.188938 2.75674 0.00133823 -0.0816123 3.02651 -1.67955 0.216814 0.85401 -0.395041 0.523088 -0.201944
139.908 -0.0677196 0.162211 2.15186 3.04855 -0.333721 0.101963 -0.102141 0.173786 2.17616 2.9783 -0.342659 0.11268 -0.0344216 0.0115757 0.0242986 -0.0702504 -0.00893818 0.0107171 0.0436951 3.89873 -0.464927 0.185311 2.75953 0.000932638 -0.0807911 3.02656 -1.67532 0.214914 0.855655 -0.382746 0.51478 -0.197237
140.154 -0.0668126 0.161747 2.15328 3.03685 -0.321871 0.0996581 -0.103905 0.175858 2.21416 3.0259 0.266731 0.0453124 -0.0370919 0.0141103 0.0608745 -0.0109533 0.588602 -0.0543456 0.0726678 33.8709 -0.460988 0.181419 2.76251 0.000602682 -0.0802983 3.0266 -1.67095 0.212739 0.856858 -0.367219 0.503072 -0.190722
140.432 -0.064805 0.163084 2.15532 3.0168 -0.304454 0.0957837 -0.103152 0.176187 2.21733 3.07752 0.312482 0.0421951 -0.0383469 0.0131032 0.0620093 0.0607163 0.616936 -0.0535886 0.0740765 35.6426 -0.456119 0.175815 2.76688 0.000626323 -0.0800334 3.02665 -1.66486 0.209379 0.858005 -0.344697 0.483488 -0.180496
140.733 -0.0626657 0.165284 2.15697 2.99995 -0.291754 0.0927508 -0.101064 0.176196 2.21729 3.08005 0.204387 0.0494946 -0.0383987 0.0109117 0.0603188 0.0801058 0.496141 -0.0432562 0.0723318 28.8743 -0.452804 0.171314 2.77048 0.000940488 -0.0800574 3.02671 -1.66009 0.206516 0.858691 -0.328483 0.467137 -0.172724
140.984 -0.060367 0.168201 2.15862 2.98274 -0.280436 0.0901236 -0.0971764 0.179732 2.21427 2.97834 -0.345476 0.0978276 -0.0368095 0.011531 0.055652 -0.00439443 -0.06504 0.00770399 0.067713 3.75192 -0.449811 0.166582 2.77435 0.00128781 -0.0801351 3.02677 -1.65511 0.203383 0.859341 -0.314132 0.450415 -0.16564
141.309 -0.0566657 0.173549 2.16061 2.96072 -0.267898 0.0877117 -0.089792 0.170648 2.09248 2.87735 -0.468831 0.160174 -0.0331263 -0.00290123 -0.0681338 -0.0833738 -0.200933 0.072462 0.0758155 12.5756 -0.44635 0.159954 2.77979 0.00200343 -0.0804828 3.02685 -1.64818 0.198857 0.860206 -0.298892 0.429166 -0.158104
141.628 -0.0530673 0.178858 2.16182 2.9461 -0.259813 0.0867202 -0.090802 0.186695 2.20195 -3.09172 0.23453 0.045707 -0.0377347 0.00783667 0.0401277 -6.03782 0.494343 -0.0410132 0.0556377 31.6287 -0.444153 0.154787 2.78388 0.00287805 -0.0810554 3.02691 -1.6428 0.19531 0.860797 -0.290058 0.415299 -0.154242
141.882 -0.0492692 0.18494 2.16272 2.93385 -0.252503 0.0865017 -0.0886958 0.196758 2.24981 -3.02694 0.141824 0.0537452 -0.0394265 0.0118174 0.0870889 -5.96079 0.394327 -0.0327565 0.0963254 29.1 -0.442279 0.149498 2.7878 0.00377037 -0.0817902 3.02697 -1.63729 0.19173 0.861269 -0.282863 0.403835 -0.152035
142.21 -0.044732 0.194402 2.16336 2.92106 -0.243672 0.0875628 -0.0831407 0.19831 2.20282 -3.0965 0.236358 0.0443339 -0.0384087 0.00390848 0.0394631 -6.01755 0.48003 -0.0432289 0.0552073 31.4535 -0.440233 0.142327 2.79265 0.00456578 -0.0831463 3.02703 -1.62979 0.187023 0.861663 -0.275084 0.392322 -0.151524
142.818 -0.038359 0.208351 2.16352 2.90944 -0.231265 0.0905839 -0.0769347 0.220427 2.25072 -3.0345 0.144268 0.0520518 -0.0385757 0.0120759 0.0871952 -5.94394 0.375533 -0.0385322 0.0961089 28.9365 -0.437913 0.131443 2.79904 0.00523655 -0.0848089 3.02705 -1.61842 0.180374 0.861736 -0.265407 0.381889 -0.154513
143.612 -0.0270681 0.232998 2.16174 2.90631 -0.211341 0.0939204 -0.0644292 0.241305 2.21223 2.91735 -0.196874 0.0875504 -0.0373611 0.00830684 0.0504887 0.0110449 0.0144667 -0.00636998 0.0633559 1.06165 -0.43506 0.113278 2.80711 0.00582155 -0.0886383 3.02706 -1.6007 0.171172 0.861449 -0.250427 0.381434 -0.162161
143.924 -0.0226572 0.239535 2.16098 2.90849 -0.207038 0.0940244 -0.0605887 0.249111 2.21294 2.91357 -0.192818 0.0877437 -0.0379315 0.00957625 0.0519635 0.00508683 0.0142199 -0.00628075 0.0650439 0.914716 -0.434159 0.107874 2.80888 0.00626388 -0.0899037 3.02717 -1.59616 0.168865 0.861566 -0.247453 0.384539 -0.163954
144.706 -0.00883431 0.249494 2.15998 2.91184 -0.204753 0.0954229 -0.045177 0.264793 2.2148 2.90807 -0.179839 0.0873984 -0.0363427 0.015299 0.0548275 -0.00377024 0.0249147 -0.00802448 0.0675344 1.52777 -0.430446 0.0920912 2.81304 0.00765538 -0.0914433 3.02776 -1.58558 0.16264 0.862623 -0.248274 0.389065 -0.166751
145.346 0.00641528 0.246093 2.16144 2.90379 -0.207571 0.0972735 -0.0332085 0.264514 2.20955 -3.12611 0.246989 0.0361968 -0.0396237 0.0184218 0.0481144 -6.02991 0.45456 -0.0610767 0.0649954 29.9875 -0.425613 0.0792019 2.81524 0.0107565 -0.0901959 3.02837 -1.58082 0.15792 0.864113 -0.254334 0.379876 -0.166161
145.62 0.0107264 0.243684 2.16242 2.89696 -0.208527 0.098546 -0.0258471 0.261 2.21538 2.91551 -0.169439 0.0857112 -0.0365735 0.0173159 0.0529609 0.0185536 0.0390881 -0.0128348 0.0666507 2.52832 -0.423513 0.0748772 2.81559 0.0115024 -0.0899337 3.02856 -1.58027 0.156335 0.864665 -0.256028 0.373055 -0.165436
145.977 0.0137504 0.24013 2.16371 2.88819 -0.209033 0.0999696 -0.0209297 0.258174 2.21721 2.80913 -0.234668 0.111114 -0.0346801 0.0180432 0.053498 -0.079065 -0.0256354 0.0111445 0.0662594 4.67043 -0.421315 0.0709084 2.81572 0.011798 -0.089482 3.02872 -1.58033 0.154839 0.865154 -0.256779 0.364087 -0.164321
146.245 0.0161325 0.234299 2.16582 2.87343 -0.208177 0.101411 -0.0181146 0.254066 2.21524 2.81657 -0.157079 0.100513 -0.0342471 0.0197676 0.0494252 -0.0568617 0.0510982 -0.000897718 0.0632967 4.38713 -0.418325 0.0662117 2.81561 0.0117001 -0.0887833 3.02888 -1.58125 0.153007 0.865675 -0.255378 0.348988 -0.161846
146.519 0.0168946 0.229274 2.16755 2.8613 -0.206545 0.101718 -0.0160413 0.250187 2.22173 2.95757 -0.293123 0.101696 -0.0329359 0.0209132 0.0541781 0.0962779 -0.0865776 -2.25687e-05 0.0667637 7.41714 -0.416114 0.0631453 2.81525 0.0113724 -0.0882294 3.02895 -1.58255 0.151736 0.865982 -0.252684 0.336586 -0.159211
146.848 0.0169449 0.223316 2.16932 2.84953 -0.204574 0.10116 -0.0162349 0.245424 2.24117 2.88797 -0.256503 0.113846 -0.0331798 0.0221077 0.0718493 0.0384357 -0.0519287 0.0126861 0.0821703 3.86787 -0.414 0.0604653 2.81462 0.0109106 -0.0874447 3.02898 -1.58433 0.150518 0.866249 -0.249118 0.324326 -0.155964
147.175 0.01695 0.21411 2.17168 2.83505 -0.201093 0.0986316 -0.0150795 0.23449 2.21298 2.81772 -0.240359 0.110269 -0.0320295 0.0203791 0.0413047 -0.0173359 -0.0392661 0.0116373 0.0561005 2.49041 -0.411462 0.0574796 2.81344 0.010556 -0.0860016 3.02902 -1.58733 0.148979 0.86653 -0.243005 0.308682 -0.150615
147.413 0.0166453 0.210284 2.17276 2.82792 -0.198897 0.096693 -0.0162211 0.229632 2.23983 2.89597 -0.259485 0.112346 -0.0328664 0.0193487 0.0670757 0.0680493 -0.0605881 0.0156526 0.0771604 5.44431 -0.410369 0.0562372 2.81275 0.010339 -0.0856209 3.02903 -1.58902 0.148266 0.866624 -0.239185 0.301286 -0.147508
147.724 0.0147559 0.205244 2.17463 2.81375 -0.19419 0.0919924 -0.0179781 0.224585 2.25308 -3.03981 0.161937 0.0502439 -0.032734 0.0193404 0.0784539 -5.85356 0.356127 -0.0417485 0.0871813 31.9297 -0.408619 0.0542392 2.81126 0.00944022 -0.085991 3.02906 -1.5927 0.146953 0.866719 -0.230421 0.287674 -0.140684
148.018 0.0112923 0.202488 2.17616 2.80044 -0.190182 0.0869545 -0.0183177 0.220858 2.25203 2.7594 -0.240059 0.109198 -0.02961 0.0183706 0.075871 -0.041039 -0.0498777 0.0222434 0.0834904 3.7468 -0.407499 0.0528314 2.80974 0.00797091 -0.0871399 3.02909 -1.59658 0.145738 0.866701 -0.221588 0.275631 -0.133581
148.291 0.00828889 0.200934 2.17717 2.79131 -0.187789 0.0832331 -0.0217746 0.221628 2.27962 2.821 -0.0769286 0.0574786 -0.0300635 0.0206938 0.102448 0.0296878 0.110861 -0.0257545 0.108755 6.68947 -0.407075 0.0520953 2.80868 0.00677262 -0.088049 3.02913 -1.5995 0.144873 0.866664 -0.215627 0.267613 -0.128489
148.644 0.00481018 0.19901 2.17803 2.78412 -0.186127 0.0799098 -0.0237765 0.212296 2.20513 2.69814 -0.187965 0.100749 -0.0285867 0.013286 0.0271007 -0.0859843 -0.00183791 0.0208392 0.0415712 4.84961 -0.407002 0.0515713 2.80772 0.00534022 -0.088615 3.02919 -1.6024 0.144065 0.86668 -0.210402 0.261082 -0.123955
148.905 0.000957274 0.196857 2.17858 2.77968 -0.185547 0.0772511 -0.0281194 0.213261 2.2349 2.74556 -0.11774 0.0610234 -0.0290767 0.0164039 0.0563177 -0.0341226 0.0678078 -0.0162278 0.0654693 4.50867 -0.407274 0.0511942 2.80681 0.00379629 -0.0889254 3.02926 -1.6053 0.143298 0.86682 -0.206462 0.25706 -0.120282
149.221 -0.00332877 0.194578 2.17879 2.7788 -0.186664 0.0749255 -0.0340305 0.212044 2.25145 2.8343 -0.255581 0.0924917 -0.0307018 0.0174654 0.0726653 0.0555031 -0.0689167 0.0175661 0.0807954 5.3026 -0.408166 0.0508035 2.80559 0.00209424 -0.0894164 3.02937 -1.60918 0.14229 0.867265 -0.204219 0.256796 -0.117033
149.814 -0.00666408 0.192018 2.17789 2.78951 -0.192075 0.0738794 -0.0395686 0.209589 2.24925 -2.95609 0.165731 0.034265 -0.0329045 0.0175715 0.0713533 -5.74559 0.357807 -0.0396145 0.0805156 36.9048 -0.410544 0.0501978 2.80364 0.000938393 -0.0902621 3.02953 -1.6152 0.140782 0.868607 -0.207573 0.26853 -0.116005
150.393 -0.00673135 0.188093 2.17568 2.81558 -0.200647 0.0749844 -0.0394723 0.206119 2.24263 -2.89043 0.178233 0.049866 -0.032741 0.0180258 0.0669504 -5.70601 0.37888 -0.0251185 0.0766763 39.4029 -0.414603 0.0492241 2.80174 0.00125184 -0.0905185 3.02957 -1.62251 0.13917 0.871373 -0.217425 0.294849 -0.119929
150.647 -0.00643819 0.186524 2.17447 2.82869 -0.204224 0.0759821 -0.0393182 0.200484 2.21204 2.76982 -0.18728 0.0828415 -0.03288 0.01396 0.0375627 -0.0588719 0.0169439 0.00685938 0.0518357 3.45819 -0.41667 0.048716 2.80113 0.00147652 -0.0905854 3.02953 -1.62581 0.138555 0.872934 -0.222383 0.308437 -0.122982
150.938 -0.00649667 0.185703 2.17277 2.84724 -0.208939 0.0778043 -0.0396343 0.203005 2.25373 -3.03334 0.157609 0.0189318 -0.0331376 0.0173022 0.0809551 -5.88058 0.366548 -0.0588726 0.0891695 31.2135 -0.419646 0.0479653 2.80049 0.00157159 -0.0913759 3.02938 -1.63043 0.137808 0.875274 -0.228834 0.327117 -0.12779
151.222 -0.00658645 0.185819 2.17189 2.85557 -0.210548 0.0785033 -0.0365576 0.18254 2.07423 2.75537 -0.390143 0.133105 -0.0299711 -0.0032792 -0.0976692 -0.100194 -0.179595 0.0546017 0.102217 11.7415 -0.421193 0.0475568 2.80025 0.00155967 -0.0919626 3.02927 -1.63285 0.137496 0.876549 -0.231416 0.336349 -0.130264
151.852 -0.00744263 0.185006 2.16924 2.88386 -0.211368 0.0784446 -0.0409365 0.201062 2.248 2.94868 -0.19537 0.0678282 -0.0334939 0.0160567 0.0787573 0.0648255 0.0159977 -0.0106164 0.0870769 3.754 -0.426612 0.0459035 2.79981 0.0011255 -0.0940781 3.0288 -1.64208 0.136897 0.881535 -0.233949 0.365616 -0.137171
152.131 -0.00678404 0.182082 2.1683 2.89666 -0.206861 0.0754353 -0.0409365 0.201062 2.248 2.94868 -0.19537 0.0678282 -0.0341525 0.0189799 0.0796997 0.0520186 0.011491 -0.0076071 0.0887619 2.99787 -0.429528 0.0447589 2.79983 0.00121506 -0.0944877 3.02855 -1.64785 0.137028 0.884617 -0.229393 0.378277 -0.138648
153.066 -0.0025199 0.171516 2.16767 2.91502 -0.177982 0.0599713 -0.0369802 0.186806 2.20337 -3.09621 0.254409 0.0442863 -0.0344603 0.0152895 0.0356995 -6.01123 0.432391 -0.015685 0.0519205 29.2341 -0.435802 0.0413269 2.79971 0.00150907 -0.0952795 3.02818 -1.66374 0.139797 0.892108 -0.196235 0.395802 -0.134172
153.865 0.00160128 0.163054 2.16877 2.91309 -0.145543 0.0456098 -0.0315752 0.177545 2.21186 2.96389 -0.195875 0.048742 -0.0331765 0.014491 0.0430914 0.0508061 -0.0503318 0.00313218 0.0562809 4.12284 -0.439631 0.038153 2.79885 0.00050156 -0.0967522 3.02807 -1.67697 0.145058 0.896837 -0.15733 0.394235 -0.126216
154.192 0.004767 0.158873 2.17053 2.89974 -0.128712 0.0389888 -0.0312279 0.173462 2.20488 -3.09511 0.257682 0.0124821 -0.0359949 0.0145886 0.0343519 -5.99485 0.386394 -0.0265067 0.0518509 27.6613 -0.441524 0.0359536 2.79846 -0.00061563 -0.0978949 3.02804 -1.68435 0.149503 0.898587 -0.13647 0.381669 -0.12105
154.768 0.0108632 0.156668 2.17343 2.87309 -0.11763 0.0349828 -0.0245235 0.1718 2.25015 2.98671 -0.0315558 0.0193348 -0.0353868 0.0151328 0.0767157 0.113624 0.0860738 -0.015648 0.0858284 8.16149 -0.443393 0.03301 2.79801 -0.00146673 -0.0996707 3.02792 -1.69137 0.155519 0.898941 -0.122065 0.356602 -0.11605
155.082 0.016871 0.156646 2.1756 2.85157 -0.115509 0.0347487 -0.0204436 0.170116 2.24351 2.85247 -0.0836365 0.0391517 -0.0373146 0.0134699 0.0679056 0.000905014 0.0318729 0.00440305 0.0786447 1.84504 -0.444437 0.0308625 2.7977 -0.00139069 -0.100844 3.02777 -1.6946 0.15975 0.898139 -0.119257 0.336406 -0.113847
155.427 0.022136 0.156759 2.17715 2.83591 -0.115575 0.0354743 -0.0160162 0.171494 2.25354 -3.0246 0.167665 0.0204212 -0.0381521 0.0147344 0.0763932 -5.86051 0.28324 -0.0150531 0.0866522 29.116 -0.445124 0.0291856 2.79742 -0.00107274 -0.101407 3.02763 -1.69618 0.163011 0.897104 -0.119461 0.321403 -0.112812
155.713 0.0278122 0.157171 2.17847 2.82216 -0.116168 0.0365806 -0.00869279 0.170134 2.24374 2.85323 -0.0767939 0.0386161 -0.0365049 0.0129631 0.0652726 0.0310716 0.0393741 0.00203548 0.0759023 2.8831 -0.445735 0.0274889 2.79703 -0.000624719 -0.101815 3.02746 -1.69704 0.166336 0.895795 -0.120579 0.308188 -0.112268
156.006 0.0348117 0.159869 2.1796 2.80843 -0.116777 0.0381231 -0.00276795 0.170523 2.23739 2.77519 -0.109046 0.0241986 -0.0375797 0.0106544 0.0577944 -0.0332339 0.00773094 -0.0139245 0.0697563 2.19107 -0.446427 0.0252613 2.79614 -0.000367339 -0.102928 3.0272 -1.69716 0.170853 0.893702 -0.121789 0.295712 -0.112163
156.313 0.039259 0.162795 2.1799 2.80277 -0.116336 0.03874 0.00306021 0.174078 2.24407 2.85181 -0.0696878 0.0381854 -0.0361988 0.0112829 0.0641646 0.0490389 0.0466479 -0.000554597 0.0745302 3.87565 -0.446828 0.0236495 2.79509 -0.000556734 -0.10393 3.02701 -1.69653 0.174287 0.891881 -0.121376 0.291041 -0.112368
156.548 0.0432322 0.165846 2.17981 2.80137 -0.115105 0.0387324 0.00760673 0.179455 2.25471 -3.02928 0.175218 0.0192715 -0.0356254 0.0136095 0.0748978 -5.83064 0.290323 -0.0194609 0.084048 30.7769 -0.447088 0.0220982 2.79369 -0.00100098 -0.104815 3.02683 -1.69534 0.177687 0.88989 -0.119832 0.290523 -0.112698
156.947 0.0478809 0.169342 2.1791 2.80564 -0.113422 0.038165 0.0120698 0.184002 2.28196 2.84684 -0.0671658 0.0220956 -0.0358111 0.0146601 0.102856 0.041203 0.0462563 -0.0160694 0.109894 3.6127 -0.447151 0.0201153 2.7913 -0.00176446 -0.10557 3.02664 -1.69298 0.181959 0.887012 -0.117417 0.295459 -0.113285
157.269 0.0512765 0.17114 2.1783 2.81232 -0.112724 0.0377008 0.0167518 0.182569 2.23035 2.70491 -0.123349 0.0428894 -0.0345247 0.0114294 0.0520567 -0.107415 -0.0106251 0.00518861 0.0635019 6.15664 -0.446948 0.0186808 2.7892 -0.00224051 -0.105661 3.02654 -1.6907 0.184818 0.8847 -0.116289 0.302155 -0.11388
157.759 0.0573476 0.171257 2.17629 2.83151 -0.115243 0.0383757 0.0233718 0.187413 2.25573 -3.0336 0.179989 0.0182873 -0.0339757 0.0161562 0.0794314 -5.86511 0.295232 -0.0200883 0.0878904 29.3056 -0.445835 0.0159313 2.78425 -0.0029102 -0.104264 3.02644 -1.68528 0.18916 0.879686 -0.11897 0.320227 -0.116103
158.332 0.064824 0.167526 2.1734 2.86295 -0.126729 0.0429809 0.0302801 0.182708 2.21765 2.86628 -0.148428 0.0618616 -0.0345439 0.0151813 0.0442491 0.0033268 -0.0216991 0.0188807 0.0581527 1.67585 -0.443425 0.0129466 2.77694 -0.00202801 -0.101319 3.02637 -1.67891 0.191097 0.873602 -0.134025 0.348844 -0.121751
158.685 0.0682769 0.165103 2.17204 2.87854 -0.131977 0.0450943 0.0344222 0.182009 2.24519 2.8501 -0.0508154 0.0368763 -0.0338546 0.0169059 0.0731584 -0.0284338 0.081162 -0.00821798 0.0823656 4.96381 -0.442082 0.0118044 2.77343 -0.00091204 -0.10001 3.02635 -1.67663 0.190906 0.871195 -0.141691 0.362877 -0.124979
159.237 0.0725868 0.158942 2.16954 2.90785 -0.13673 0.0473538 0.041525 0.177603 2.24893 2.97734 -0.158229 0.0623995 -0.0310618 0.0186608 0.0793836 0.0694877 -0.0214998 0.0150456 0.0872629 4.37256 -0.43895 0.010017 2.7664 0.00118553 -0.0976576 3.02635 -1.67342 0.189051 0.867119 -0.151159 0.389649 -0.131297
159.511 0.073609 0.153535 2.16843 2.9231 -0.133963 0.0470429 0.0419247 0.169296 2.21937 2.88074 -0.139236 0.0591354 -0.0316843 0.0157605 0.0509376 -0.0423617 -0.00527298 0.0120925 0.0620236 2.45032 -0.436615 0.00933641 2.76203 0.00251537 -0.096083 3.02641 -1.67245 0.186896 0.864949 -0.150888 0.40304 -0.134481
159.883 0.0721171 0.149492 2.16799 2.93104 -0.127973 0.0463435 0.0419222 0.165407 2.2192 2.88276 -0.139799 0.0589328 -0.0301949 0.0159148 0.0512102 -0.0482803 -0.0118252 0.0125893 0.0615427 2.84579 -0.434174 0.00917029 2.7581 0.00328553 -0.0954972 3.02649 -1.67248 0.184041 0.863039 -0.146456 0.410116 -0.136565
160.192 0.0693041 0.147534 2.1682 2.93106 -0.122079 0.0456988 0.041084 0.162822 2.21964 3.06889 -0.223725 0.0498747 -0.0282201 0.015288 0.0514466 0.137825 -0.101646 0.00417599 0.060637 9.8453 -0.432316 0.00940953 2.75546 0.00346314 -0.0957174 3.02654 -1.67311 0.181494 0.861631 -0.141023 0.410181 -0.137217
160.471 0.0655015 0.146546 2.16878 2.9262 -0.115538 0.0447319 0.0380183 0.159425 2.21696 2.87959 -0.147681 0.0602156 -0.0274832 0.0128782 0.0481845 -0.046607 -0.0321433 0.0154837 0.0569467 3.26914 -0.430452 0.00995602 2.75301 0.00342517 -0.096517 3.02657 -1.6742 0.178682 0.860145 -0.134037 0.405791 -0.136893
161.081 0.0537186 0.143434 2.17162 2.90156 -0.0964174 0.0389266 0.0277834 0.159931 2.24908 2.98488 -0.171912 0.0289935 -0.0259352 0.0164968 0.0774607 0.0833219 -0.0754948 -0.00993311 0.0833363 6.40989 -0.426088 0.0123091 2.74729 0.00294652 -0.0985507 3.02657 -1.67831 0.171736 0.856187 -0.111814 0.382856 -0.131948
161.364 0.0481807 0.140659 2.17316 2.88877 -0.0875798 0.0349302 0.0226573 0.158433 2.24445 2.86243 -0.0597562 0.0369797 -0.0255234 0.0177745 0.0712968 -0.0263348 0.0278236 0.00204948 0.0777857 2.19214 -0.424226 0.0137137 2.74458 0.00273718 -0.0990341 3.02657 -1.68064 0.168825 0.854343 -0.101081 0.370715 -0.128631
161.678 0.0431888 0.137479 2.17464 2.87629 -0.0788924 0.0305435 0.0148179 0.154494 2.24417 2.86398 -0.064502 0.0372076 -0.0283709 0.0170144 0.0695327 -0.0123132 0.0143904 0.00666409 0.0770012 1.13332 -0.422396 0.0153181 2.7417 0.0027729 -0.099431 3.02659 -1.68317 0.166094 0.852471 -0.0903776 0.35852 -0.125178
162.212 0.0318602 0.130587 2.17786 2.84842 -0.0593821 0.0212697 0.0051069 0.144589 2.21384 2.80691 -0.175423 0.044314 -0.0267533 0.0140021 0.035985 -0.0415125 -0.116041 0.0230443 0.0469757 7.13163 -0.418384 0.0197538 2.73495 0.00264641 -0.100572 3.02671 -1.68915 0.161013 0.848277 -0.0668818 0.331517 -0.118922
162.498 0.0268129 0.128132 2.17906 2.83765 -0.0532259 0.0192896 -0.000854792 0.142704 2.24366 2.86942 -0.0741507 0.0374981 -0.0276677 0.0145723 0.0645975 0.0317681 -0.0209249 0.0182085 0.0717683 2.46577 -0.416818 0.0219037 2.7324 0.00223599 -0.101106 3.02677 -1.69143 0.159473 0.846768 -0.0597282 0.321201 -0.11796
162.792 0.0206846 0.125048 2.18038 2.82549 -0.048524 0.0193416 -0.00673747 0.140771 2.2441 2.8714 -0.0831821 0.00520975 -0.0274221 0.0157231 0.0637241 0.0459092 -0.0346581 -0.0141318 0.0711333 3.35217 -0.414899 0.0249263 2.7296 0.00168281 -0.101588 3.02679 -1.69391 0.158036 0.845186 -0.0549072 0.309309 -0.118655
163.113 0.0170443 0.123841 2.1812 2.81762 -0.0475854 0.0213022 -0.0126769 0.136926 2.24783 2.75533 -0.0504919 0.0358707 -0.0297212 0.0130854 0.0666351 -0.0622826 -0.00290647 0.0145685 0.074127 3.6286 -0.413598 0.0272664 2.72805 0.00151408 -0.102156 3.02675 -1.69524 0.157442 0.84436 -0.0550401 0.302142 -0.120454
163.392 0.0144322 0.123789 2.18178 2.8113 -0.0486767 0.0244265 -0.0167063 0.136204 2.25084 2.81771 -0.00224196 0.0159898 -0.0311385 0.0124144 0.0690597 0.00640964 0.0464348 -0.00843668 0.0767656 2.72721 -0.412407 0.0296425 2.72703 0.00162788 -0.102932 3.02662 -1.69602 0.157295 0.843858 -0.0578955 0.296615 -0.122968
163.684 0.0126542 0.12439 2.18212 2.80704 -0.0512682 0.0281388 -0.0182849 0.135746 2.22901 2.72756 -0.143931 0.0416327 -0.0309391 0.0113564 0.046886 -0.0794774 -0.0926623 0.0134939 0.0573105 6.98707 -0.411299 0.0320421 2.72654 0.00191207 -0.103701 3.02641 -1.69621 0.157641 0.843708 -0.0626 0.293149 -0.125758
163.971 0.0112788 0.125397 2.18215 2.80568 -0.0573221 0.0334745 -0.020527 0.136925 2.24781 2.75515 -0.0545946 0.0361275 -0.0318058 0.0115275 0.0656624 -0.0505239 0.00272751 0.00265301 0.073865 2.89449 -0.409886 0.0352731 2.72654 0.00241049 -0.104412 3.02603 -1.69555 0.158828 0.844032 -0.0714788 0.292585 -0.129322
164.228 0.0107215 0.12688 2.18184 2.80763 -0.0646673 0.0377684 -0.0206255 0.138171 2.25087 2.81662 -0.0114368 0.0176305 -0.031347 0.0112912 0.06903 0.00898277 0.0532305 -0.0201379 0.0766503 3.29432 -0.408823 0.037723 2.72692 0.00277698 -0.104992 3.0257 -1.69439 0.160142 0.84459 -0.0807571 0.295245 -0.131606
164.543 0.0106899 0.129022 2.18124 2.81207 -0.0753191 0.0425651 -0.0205271 0.14085 2.24782 2.7531 -0.0545121 0.0362177 -0.031217 0.0118282 0.0665738 -0.0589758 0.020807 -0.0063474 0.0744747 3.62364 -0.407707 0.0402001 2.72756 0.00327062 -0.105677 3.02533 -1.69274 0.161654 0.845417 -0.0933625 0.300584 -0.133607
164.896 0.00995375 0.131248 2.18012 2.82166 -0.0951993 0.0502409 -0.0219878 0.145919 2.28751 3.14125 6.03278e-06 0.033321 -0.0319415 0.0146712 0.10739 0.319599 0.0952053 -0.0169199 0.112996 19.0803 -0.406041 0.0435584 2.72864 0.00349307 -0.106124 3.02482 -1.68985 0.16375 0.846859 -0.115871 0.311294 -0.136276
165.213 0.00874704 0.132274 2.17896 2.83161 -0.114127 0.0571373 -0.0237127 0.145808 2.27673 2.86193 -0.0932667 0.0571276 -0.0324598 0.0135341 0.0977643 0.0303285 0.0208608 -9.70469e-06 0.103897 2.10896 -0.404596 0.046114 2.72945 0.00327207 -0.106086 3.02443 -1.68728 0.165285 0.848097 -0.136059 0.321592 -0.138675
165.482 0.00796336 0.133016 2.17773 2.84275 -0.133462 0.0639883 -0.0238525 0.142495 2.21129 2.80296 -0.183966 0.0775747 -0.0318159 0.00947866 0.0335623 -0.0397825 -0.0505044 0.0135864 0.0472072 3.6895 -0.402943 0.0486835 2.73021 0.00331 -0.105925 3.02403 -1.68446 0.166754 0.849413 -0.157395 0.333181 -0.141647
165.699 0.00779384 0.133495 2.17646 2.85444 -0.151571 0.0704168 -0.0243567 0.146596 2.24328 2.86584 -0.0871722 0.0385109 -0.0321506 0.0131013 0.0668268 0.0113972 0.0643987 -0.0319058 0.0753068 4.13489 -0.40105 0.051259 2.73092 0.00371017 -0.105674 3.02365 -1.68144 0.16815 0.850783 -0.178027 0.345208 -0.145257
165.982 0.00752034 0.133756 2.17498 2.86823 -0.172015 0.0782295 -0.0257423 0.149938 2.27902 2.8625 -0.0843131 0.0555575 -0.0332626 0.0161824 0.104042 -0.00572906 0.0877021 -0.022672 0.110422 5.2109 -0.398122 0.0547139 2.73219 0.00436089 -0.105199 3.02319 -1.67715 0.169822 0.852776 -0.20216 0.359154 -0.150745
166.261 0.00659045 0.133716 2.1742 2.87521 -0.183957 0.0835415 -0.025826 0.149621 2.25024 -3.01399 0.164284 0.0554576 -0.0324165 0.0159044 0.0760367 -5.8892 0.348241 -0.0280839 0.0841746 30.0718 -0.395611 0.0573349 2.73369 0.00463395 -0.104723 3.0229 -1.67372 0.170852 0.854493 -0.21665 0.366037 -0.154808
166.565 0.00473702 0.133112 2.17379 2.87884 -0.192748 0.0882065 -0.0257288 0.144163 2.20722 2.79912 -0.177931 0.109958 -0.0304659 0.0110504 0.0334315 -0.079729 0.0148169 0.0217511 0.0465612 4.58715 -0.392835 0.0599855 2.73577 0.00460112 -0.103991 3.02267 -1.67015 0.171633 0.856444 -0.227453 0.369232 -0.158306
166.803 0.00324678 0.132686 2.17369 2.87956 -0.196507 0.090722 -0.029366 0.145233 2.21183 -2.93575 0.23363 0.0838388 -0.0326128 0.0125479 0.0381388 -5.8153 0.430137 -0.00688323 0.0517263 36.2687 -0.390847 0.0617651 2.73748 0.00453791 -0.103508 3.02255 -1.66773 0.172016 0.857906 -0.232292 0.3696 -0.160168
167.125 -0.000670387 0.130598 2.17385 2.87773 -0.197902 0.0940967 -0.0325564 0.147216 2.28021 2.978 -0.200184 0.0809303 -0.031886 0.0166183 0.106368 0.100278 -0.00228214 -0.0131664 0.112281 5.64646 -0.385459 0.0662351 2.74263 0.00452032 -0.101973 3.02244 -1.6617 0.172561 0.862193 -0.235344 0.366274 -0.162901
168.134 -0.00986396 0.125411 2.17561 2.86226 -0.168407 0.0878422 -0.0401415 0.137725 2.21041 2.87095 -0.261708 0.100213 -0.0302775 0.0123133 0.0348019 0.00869048 -0.0933006 0.012371 0.0477443 5.42932 -0.369892 0.0780532 2.75877 0.00624362 -0.0992861 3.02345 -1.64734 0.171376 0.87628 -0.206353 0.346881 -0.160503
168.416 -0.0150162 0.124189 2.17596 2.85852 -0.159537 0.0852674 -0.0445826 0.140298 2.28344 2.87647 -0.190029 0.097178 -0.0295663 0.0161081 0.107473 0.0179479 -0.0304914 0.0119105 0.112623 2.19535 -0.364975 0.0818312 2.7634 0.00586627 -0.099023 3.024 -1.64354 0.170426 0.880919 -0.196424 0.342548 -0.15899
168.665 -0.0179078 0.123284 2.17607 2.8573 -0.155841 0.0841256 -0.0493918 0.137781 2.24941 -3.00895 0.156426 0.0567131 -0.031484 0.0144971 0.0733367 -5.86625 0.312267 -0.0274126 0.0811152 29.8086 -0.362526 0.083732 2.76549 0.00552768 -0.0988325 3.02428 -1.64177 0.169926 0.883162 -0.192077 0.341009 -0.15828
168.998 -0.0238958 0.121262 2.17616 2.85599 -0.149326 0.081924 -0.0534054 0.13502 2.23174 2.78795 -0.12339 0.0889652 -0.0295096 0.0137586 0.0555796 -0.0680449 0.0259366 0.00704119 0.0644144 4.14038 -0.357681 0.0875108 2.76911 0.00469622 -0.0984867 3.02483 -1.63845 0.169032 0.887378 -0.184129 0.339131 -0.156929
169.262 -0.028406 0.119105 2.17608 2.85666 -0.144935 0.0802548 -0.057262 0.132995 2.2305 2.78618 -0.130778 0.0904032 -0.028856 0.0138904 0.0544204 -0.0704804 0.0141572 0.0101485 0.0631442 4.0814 -0.354112 0.0902819 2.77127 0.00394742 -0.0980807 3.0252 -1.63621 0.168575 0.890274 -0.178551 0.339235 -0.156076
169.807 -0.0357186 0.110651 2.17528 2.86747 -0.134503 0.0760272 -0.0690236 0.129898 2.24895 -3.00582 0.1498 0.0575757 -0.033305 0.0192464 0.0736711 -5.87329 0.284303 -0.0184515 0.0831089 28.5421 -0.346106 0.0963222 2.77413 0.00314714 -0.0962969 3.02596 -1.6322 0.168716 0.896443 -0.166663 0.347762 -0.155747
170.114 -0.0373545 0.106228 2.17463 2.87586 -0.130423 0.0745776 -0.0689469 0.121311 2.23052 2.79191 -0.137541 0.0901623 -0.0315923 0.0150831 0.0558893 -0.0839547 -0.00711781 0.0155847 0.0659484 4.79101 -0.342864 0.0986824 2.77448 0.0031892 -0.0955086 3.02623 -1.63113 0.16939 0.898938 -0.16275 0.355101 -0.156597
170.34 -0.0382385 0.101842 2.17394 2.88492 -0.126739 0.0734054 -0.0732067 0.11705 2.24005 2.8788 -0.110365 0.0715028 -0.0349682 0.015208 0.0661029 -0.00611651 0.0163734 -0.00190263 0.0763128 1.01182 -0.33977 0.100901 2.77442 0.00337289 -0.0949003 3.02646 -1.63045 0.170474 0.901292 -0.159532 0.363305 -0.157759
170.904 -0.0387348 0.0921028 2.17257 2.90365 -0.121138 0.071228 -0.0732074 0.109229 2.24007 2.88322 -0.110548 0.0711257 -0.0344726 0.0171257 0.0675022 -0.0204219 0.0105892 -0.000102334 0.0777059 1.31879 -0.333208 0.105559 2.77281 0.00365819 -0.0941641 3.0268 -1.63024 0.174597 0.905714 -0.154671 0.380975 -0.15982
171.148 -0.0382974 0.0878199 2.17219 2.90957 -0.119851 0.0698206 -0.0735075 0.102927 2.24706 3.03775 -0.0735083 0.0531381 -0.03521 0.0151068 0.0748685 0.128181 0.0463432 -0.0166825 0.0841027 7.78046 -0.330699 0.10735 2.77151 0.00368592 -0.0939568 3.02689 -1.63071 0.177051 0.906971 -0.153066 0.386544 -0.159562
171.518 -0.0368212 0.081871 2.1721 2.91382 -0.119266 0.0671664 -0.0732089 0.0974957 2.24011 2.88977 -0.110773 0.0705552 -0.0363877 0.0156246 0.0680136 -0.0240402 0.00849342 0.00338886 0.0787022 1.45266 -0.327669 0.109565 2.76931 0.00386437 -0.0935851 3.02696 -1.63176 0.180881 0.90787 -0.151309 0.390449 -0.157534
171.879 -0.0358484 0.0769474 2.17227 2.91439 -0.120973 0.0651156 -0.0715386 0.0942001 2.23997 -2.97992 0.0517814 0.0632154 -0.0356902 0.0172528 0.0676949 -5.89431 0.172755 -0.00190025 0.0784477 24.3519 -0.325661 0.111113 2.76734 0.00368481 -0.0930994 3.02701 -1.63281 0.184026 0.907943 -0.15139 0.390603 -0.154925
172.229 -0.0347381 0.0717445 2.17266 2.91348 -0.124796 0.0631991 -0.0695828 0.0872359 2.24701 3.05024 -0.0715455 0.0525387 -0.0348447 0.0154914 0.0743469 0.136761 0.0532507 -0.0106604 0.0835559 8.37433 -0.323915 0.11257 2.76511 0.0033436 -0.0924018 3.02705 -1.63412 0.18731 0.907619 -0.153121 0.389247 -0.151746
172.624 -0.0335733 0.0639257 2.17306 2.912 -0.132354 0.0611056 -0.0692984 0.0818496 2.24013 2.8984 -0.108869 0.0696929 -0.0357252 0.0179239 0.0670736 -0.0135956 0.0234857 0.00858734 0.0780796 1.6023 -0.322064 0.114368 2.76178 0.00273766 -0.0912643 3.02709 -1.6363 0.191807 0.906797 -0.157676 0.386945 -0.147212
173.023 -0.0326086 0.0584944 2.17332 2.91125 -0.139172 0.0598995 -0.0690108 0.074888 2.2485 -2.98606 0.149676 0.0612649 -0.0364023 0.0163936 0.0751831 -5.89731 0.288848 0.00136546 0.0851256 27.5551 -0.321093 0.115603 2.75908 0.00221012 -0.0905084 3.02711 -1.63827 0.195192 0.906 -0.162304 0.385737 -0.143964
173.629 -0.0290105 0.0487874 2.17383 2.90959 -0.151025 0.0567037 -0.0653887 0.0622917 2.24018 2.90887 -0.106974 0.068671 -0.0363783 0.0135043 0.0663508 -0.000719671 0.0440508 0.0119673 0.0768647 2.61434 -0.320494 0.118065 2.7529 0.0014747 -0.0895693 3.02711 -1.64354 0.203119 0.903701 -0.169856 0.383675 -0.137143
173.899 -0.0264799 0.0470788 2.17405 2.90929 -0.15186 0.0546612 -0.0624338 0.0575158 2.21033 2.84532 -0.208302 0.0713466 -0.0359539 0.010437 0.0362745 -0.0639719 -0.0564417 0.0166853 0.0521292 4.85252 -0.32101 0.11894 2.75038 0.00156623 -0.0900018 3.0271 -1.64603 0.206544 0.90258 -0.169396 0.383879 -0.134815
174.181 -0.0239354 0.0463535 2.17411 2.91047 -0.150266 0.0525382 -0.059315 0.0571329 2.23425 2.8279 -0.140411 0.053461 -0.0353796 0.0107793 0.060138 -0.0825667 0.00985511 0.000922857 0.0706009 4.75695 -0.321977 0.119724 2.74786 0.00167564 -0.0907516 3.0271 -1.6487 0.209927 0.90146 -0.166884 0.385733 -0.133232
174.418 -0.0212433 0.0457509 2.1736 2.91626 -0.146618 0.0502766 -0.0578881 0.0578881 2.28751 3.08923 -0.0489222 0.0346024 -0.0366448 0.0121373 0.113909 0.172967 0.097696 -0.0156743 0.120272 11.3373 -0.323891 0.120644 2.74439 0.00155233 -0.0918249 3.02709 -1.65265 0.214185 0.90017 -0.162534 0.39244 -0.132735
174.645 -0.0191199 0.045082 2.17287 2.92471 -0.143209 0.0487419 -0.0556883 0.0564964 2.24315 2.91407 -0.106105 0.0355315 -0.0365684 0.0114144 0.0702765 -0.0106401 0.0371046 -0.0132104 0.0800396 2.36198 -0.325723 0.121244 2.74156 0.00161238 -0.0925943 3.02707 -1.656 0.217119 0.899424 -0.159205 0.401448 -0.133424
174.97 -0.0167813 0.0438579 2.1718 2.93683 -0.139312 0.046944 -0.0525488 0.055671 2.24203 3.02483 -0.21931 0.0557501 -0.0357675 0.0118131 0.0702299 0.0879981 -0.0799981 0.00880611 0.0796938 6.89768 -0.327824 0.121773 2.73839 0.00189329 -0.0932289 3.02703 -1.65975 0.219821 0.898821 -0.155747 0.413941 -0.134591
175.235 -0.0143164 0.041505 2.17046 2.95195 -0.135034 0.044584 -0.0500922 0.0526011 2.21034 2.79847 -0.066507 0.0500045 -0.0357758 0.011096 0.0398794 -0.153478 0.0685267 0.00542049 0.0547119 9.60521 -0.330137 0.122247 2.73491 0.00235538 -0.0934979 3.02699 -1.66389 0.22229 0.898336 -0.151977 0.429043 -0.135712
175.574 -0.0115397 0.0373703 2.16839 2.97359 -0.128833 0.0403773 -0.047046 0.0509191 2.21259 2.92796 -0.199845 0.0545069 -0.0355063 0.0135488 0.0442027 -0.0456351 -0.071012 0.0141296 0.0582936 4.83221 -0.333469 0.12283 2.73004 0.00290292 -0.0935665 3.02693 -1.67 0.225264 0.897893 -0.145652 0.45089 -0.136146
176.33 -0.010753 0.0288079 2.16442 3.01832 -0.103424 0.022619 -0.0439361 0.0408257 2.24308 2.92194 -0.100088 0.0346562 -0.0331831 0.0120178 0.0786669 -0.0963803 0.00333536 0.0120372 0.0862208 5.4984 -0.342482 0.124236 2.71815 0.00126656 -0.0955118 3.02709 -1.68769 0.232275 0.897232 -0.112117 0.496465 -0.126158
176.608 -0.0116386 0.0263891 2.16381 3.02514 -0.0923321 0.0157869 -0.0441319 0.038243 2.24931 3.08774 -0.0567318 0.0178914 -0.0324933 0.0118538 0.0854945 0.0626007 0.0356003 0.00210454 0.092226 4.13555 -0.345218 0.124584 2.715 4.53949e-05 -0.0963139 3.02727 -1.69346 0.234577 0.89707 -0.0963286 0.503953 -0.120021
176.913 -0.0115999 0.023492 2.16354 3.02884 -0.0796346 0.00846051 -0.0444661 0.0359727 2.20747 -2.9597 0.0616877 0.0151092 -0.0328661 0.0124807 0.043928 -5.98853 0.141322 0.00664873 0.0562638 18.7179 -0.34791 0.124829 2.71218 -0.000847292 -0.0969496 3.02748 -1.69936 0.237077 0.896984 -0.0788138 0.508148 -0.1131
177.172 -0.00973193 0.0187854 2.16359 3.02981 -0.0608156 -0.00153944 -0.0445161 0.0329032 2.21495 -3.14002 2.75616e-07 -3.88997e-09 -0.0347842 0.0141178 0.0513549 -6.16983 0.0608159 0.00153943 0.0636127 7.37251 -0.351404 0.124951 2.70889 -0.00139519 -0.0974779 3.0278 -1.70731 0.240818 0.897061 -0.0540328 0.509469 -0.103632
177.49 -0.00735359 0.0151913 2.16385 3.02838 -0.0460948 -0.00868378 -0.0442501 0.028443 2.2498 3.10231 0.0109742 0.015717 -0.0368965 0.0132517 0.08595 0.0739342 0.0570689 0.0244008 0.0944689 5.54913 -0.353944 0.124882 2.70673 -0.00156192 -0.0978875 3.02804 -1.71328 0.243996 0.897296 -0.0353325 0.508303 -0.0970024
177.799 -0.0039613 0.0121537 2.16422 3.0257 -0.0313262 -0.0153155 -0.0403556 0.0244085 2.20782 -2.95493 -0.0978544 -0.0150845 -0.0363943 0.0122548 0.0436039 -5.98063 -0.0665282 0.000230926 0.0581036 17.7472 -0.356404 0.124681 2.70478 -0.0014462 -0.098567 3.02827 -1.71918 0.247531 0.897695 -0.0172574 0.506179 -0.0911348
178.087 0.000303225 0.00998789 2.16465 3.02222 -0.0175393 -0.0211648 -0.036498 0.0205521 2.20772 -2.95306 -0.0962594 -0.0152677 -0.0368012 0.0105642 0.0430686 -5.97528 -0.0787201 0.00589714 0.0576267 18.2265 -0.358766 0.124369 2.70303 -0.0011069 -0.0996413 3.02847 -1.72496 0.251398 0.898285 -0.000901574 0.503678 -0.0862488
178.404 0.00642967 0.00783833 2.16529 3.01668 -0.003158 -0.0272341 -0.0309578 0.0186207 2.20683 -2.95294 0.069822 -0.0166763 -0.0373875 0.0107824 0.0415361 -5.96962 0.07298 0.0105578 0.0569151 18.4325 -0.361707 0.123826 2.70106 -0.000717011 -0.101347 3.02868 -1.73229 0.256922 0.899331 0.0160468 0.499755 -0.0813563
178.704 0.0110715 0.00656005 2.16587 3.01128 0.00363883 -0.030525 -0.0264615 0.0166413 2.24928 3.10146 -0.0460579 -0.0155414 -0.037533 0.0100813 0.083412 0.0901756 -0.0496967 0.0149836 0.0920213 5.97671 -0.363713 0.123359 2.70001 -0.000567847 -0.102632 3.0288 -1.73732 0.261233 0.90027 0.0243301 0.495603 -0.0786733
178.926 0.0142046 0.00561184 2.1663 3.00715 0.00626216 -0.0322929 -0.0205499 0.0146601 2.24686 3.10286 -0.0428843 -0.0483647 -0.0347546 0.00904824 0.0805614 0.0957162 -0.0491465 -0.0160718 0.0882037 6.21779 -0.364936 0.12303 2.69954 -0.000503247 -0.103356 3.02886 -1.7404 0.264151 0.900946 0.0278186 0.492164 -0.0771536
179.248 0.0220734 0.00250827 2.1673 2.99728 0.00741468 -0.0360985 -0.0154585 0.0139285 2.21383 -2.89292 -0.00289337 -0.0322298 -0.0375318 0.0114203 0.0465346 -5.8902 -0.010308 0.00386863 0.0608649 22.5244 -0.367536 0.122194 2.69868 -0.000443743 -0.104526 3.02895 -1.74705 0.271512 0.902591 0.0312306 0.483396 -0.073314
179.509 0.0264573 0.000364583 2.16771 2.993 0.0053782 -0.0384079 -0.0100621 0.011605 2.21381 3.13216 0.250029 -0.034622 -0.0365193 0.0112405 0.0460951 0.139157 0.244651 0.0037859 0.0598729 16.1043 -0.368755 0.121708 2.69808 -0.000608362 -0.104922 3.02897 -1.75031 0.275907 0.90341 0.0310343 0.479445 -0.0704493
179.89 0.0302809 -0.00187166 2.16793 2.99061 0.0020428 -0.0409623 -0.00477219 0.00947639 2.24176 2.94009 -0.0881456 -0.0324511 -0.0350531 0.011348 0.0738334 -0.0505166 -0.0901884 0.0085112 0.0825159 5.93214 -0.369704 0.121248 2.69732 -0.00103387 -0.105149 3.02899 -1.75301 0.280208 0.904073 0.030134 0.477178 -0.0669305
180.152 0.034603 -0.00509235 2.16787 2.99068 -0.0028335 -0.0450314 -0.000857152 0.00556124 2.24176 2.94181 -0.0863134 -0.0326044 -0.0354602 0.0106536 0.073893 -0.048861 -0.0834799 0.012427 0.0826505 5.57127 -0.370536 0.120675 2.69601 -0.00188072 -0.105129 3.02902 -1.75572 0.285702 0.904696 0.029328 0.477046 -0.0611695
180.71 0.040468 -0.00970538 2.16713 2.99675 -0.00710015 -0.052668 0.00681273 0.000932024 2.24684 3.10878 0.0352974 -0.0496807 -0.0336553 0.0106374 0.0797145 0.112027 0.0423976 0.00298725 0.0871794 6.86238 -0.370844 0.119855 2.69329 -0.00310819 -0.104754 3.02913 -1.75791 0.293185 0.904862 0.0320129 0.482504 -0.0510182
181.037 0.04394 -0.011566 2.16654 3.00226 -0.00673736 -0.0570615 0.00974214 -0.00127838 2.20386 2.94645 -0.0821975 -0.0483363 -0.0341979 0.0102876 0.0373152 -0.0558049 -0.0754602 0.00872515 0.0516503 5.38692 -0.370567 0.119444 2.69148 -0.00328933 -0.104599 3.02923 -1.75822 0.296462 0.904504 0.035469 0.487543 -0.0459416
181.369 0.0483801 -0.0138626 2.16558 3.0107 -0.0036983 -0.062223 0.0134972 -0.0042566 2.21032 2.88873 -0.00205667 -0.0644296 -0.0348829 0.00960595 0.0447359 -0.121973 0.00164163 -0.00220662 0.057536 6.99067 -0.36974 0.118905 2.6886 -0.00325531 -0.104294 3.0294 -1.75789 0.300226 0.903458 0.0418047 0.495466 -0.0400917
181.897 0.0535005 -0.0174738 2.16406 3.02376 0.00712021 -0.0676203 0.021218 -0.00811687 2.21038 2.89034 0.00146451 -0.0644226 -0.0322825 0.00935697 0.0463249 -0.133419 -0.0056557 0.00319763 0.0572338 7.65417 -0.367502 0.118179 2.68349 -0.00322744 -0.103504 3.0297 -1.75602 0.304624 0.900736 0.0560711 0.507852 -0.0344375
182.212 0.0557758 -0.020815 2.16302 3.0339 0.0191317 -0.0699107 0.0235578 -0.00966327 2.21029 -3.12947 -0.243715 -0.0674787 -0.032218 0.0111517 0.0472714 -6.16337 -0.262847 0.00243193 0.0582833 16.5497 -0.365345 0.117784 2.67953 -0.00336167 -0.102453 3.02987 -1.75415 0.306807 0.898364 0.0687829 0.516578 -0.0325696
182.71 0.0580579 -0.0284278 2.1612 3.05061 0.0427967 -0.0729404 0.0248541 -0.0166491 2.2018 2.94817 0.0848257 -0.0798878 -0.0332038 0.0117787 0.0406017 -0.102435 0.042029 -0.00694733 0.0537562 6.33246 -0.361198 0.117346 2.67269 -0.00343746 -0.100066 3.03003 -1.751 0.30936 0.894433 0.0936692 0.530884 -0.0301424
183.032 0.0595615 -0.0333492 2.15983 3.06275 0.0635629 -0.0764278 0.0284386 -0.0225717 2.24203 3.11736 -0.0213186 -0.081459 -0.031123 0.0107774 0.0821985 0.0546093 -0.0848816 -0.00503117 0.0885516 5.79285 -0.357904 0.117171 2.66748 -0.00329203 -0.0989804 3.03011 -1.7491 0.311068 0.891908 0.116242 0.541927 -0.0266995
183.261 0.0604634 -0.0361947 2.15908 3.0694 0.0758053 -0.0788863 0.0289293 -0.0250721 2.21035 -3.1206 0.0276184 -0.064137 -0.031534 0.0111226 0.0512731 -6.19001 -0.0481869 0.0147493 0.0612131 6.03033 -0.35611 0.117124 2.66467 -0.00316555 -0.0984459 3.03015 -1.74832 0.312078 0.890767 0.129777 0.547957 -0.0240136
183.641 0.0632277 -0.0445365 2.15732 3.08392 0.102574 -0.0849286 0.0300808 -0.0306079 2.19902 -3.03822 -0.177983 -0.100282 -0.0331469 0.0139286 0.041702 -6.12214 -0.280557 -0.0153535 0.0550616 18.5237 -0.35224 0.117134 2.65866 -0.00252725 -0.0966845 3.03027 -1.74722 0.314557 0.888877 0.159908 0.560539 -0.0168045
184.183 0.0701203 -0.0642621 2.15411 3.10753 0.147362 -0.0958957 0.0361879 -0.048022 2.24283 3.13447 0.0427638 -0.0814382 -0.0339324 0.0162401 0.0887138 0.0269333 -0.104598 0.0144575 0.0963602 6.22397 -0.344761 0.117676 2.64762 -0.00086971 -0.0928241 3.03051 -1.74723 0.320631 0.886999 0.211246 0.579787 -0.0019384
184.51 0.0727268 -0.0738975 2.15302 3.11404 0.161106 -0.0990596 0.0390597 -0.0577344 2.19971 3.07701 0.211946 -0.0927659 -0.033667 0.0161631 0.0466822 -0.0370373 0.0508396 0.00629369 0.0597825 3.66073 -0.341413 0.11822 2.64309 -0.000539615 -0.0911021 3.0306 -1.74798 0.32389 0.886653 0.227208 0.584354 0.0028231
184.785 0.0746264 -0.0839245 2.15225 3.11728 0.169391 -0.100632 0.0420517 -0.0683895 2.19636 2.96951 0.0891978 -0.109817 -0.0325747 0.015535 0.044112 -0.147768 -0.0801934 -0.00918477 0.056994 9.5855 -0.338085 0.119001 2.63891 -0.000637008 -0.0893491 3.03064 -1.74914 0.327445 0.886499 0.236786 0.585696 0.00530003
185.281 0.0774891 -0.104744 2.15209 3.10919 0.167171 -0.0989702 0.0458891 -0.0928194 2.23669 -3.13297 0.0268044 -0.113719 -0.0315999 0.0119243 0.0845979 -6.24217 -0.140367 -0.0147483 0.0910909 8.4435 -0.330954 0.121811 2.63122 -0.00159383 -0.086367 3.03037 -1.7529 0.336479 0.886518 0.232965 0.574853 0.00118504
185.678 0.0785202 -0.111447 2.15276 3.09918 0.16042 -0.0972157 0.0467846 -0.100066 2.2014 3.09782 0.213708 -0.0886423 -0.0317356 0.0113815 0.048641 -0.00136246 0.0532879 0.00857336 0.059183 3.09566 -0.328413 0.123444 2.62898 -0.00199569 -0.0857781 3.03009 -1.75468 0.340613 0.886543 0.224133 0.564527 -0.00339367
186.156 0.0798495 -0.119694 2.15568 3.06554 0.144026 -0.0946597 0.0493394 -0.111411 2.20204 -3.00533 -0.15987 -0.105807 -0.03051 0.00828297 0.0463583 -6.07087 -0.303896 -0.0111475 0.056112 21.2202 -0.3243 0.128247 2.62621 -0.00318529 -0.0862093 3.02922 -1.75829 0.350715 0.886168 0.203712 0.531915 -0.0138635
186.415 0.0796455 -0.119486 2.15735 3.04897 0.139301 -0.0950309 0.0499287 -0.114914 2.23644 -2.88867 -0.0389142 -0.0999933 -0.0297168 0.00457197 0.0790937 -5.93763 -0.178215 -0.0049623 0.0846157 22.2678 -0.323449 0.13071 2.62605 -0.00393369 -0.0872211 3.02881 -1.75932 0.355083 0.885768 0.198529 0.516504 -0.0167964
186.963 0.0781162 -0.111641 2.16116 3.01394 0.140023 -0.10102 0.0477061 -0.11161 2.23619 2.98537 0.0925276 -0.0936524 -0.0304102 3.08318e-05 0.075029 -0.0285786 -0.0474951 0.00736707 0.0809576 3.22865 -0.3237 0.137238 2.62778 -0.00583565 -0.0906355 3.02802 -1.75996 0.365025 0.884452 0.201844 0.485018 -0.0177945
187.233 0.0773889 -0.107987 2.16207 3.00618 0.143856 -0.104062 0.0477043 -0.107701 2.23613 2.98389 0.092707 -0.0938055 -0.0296846 0.000286257 0.0740623 -0.0222956 -0.0511491 0.0102561 0.0797903 3.27764 -0.324324 0.139262 2.62874 -0.00648876 -0.0916843 3.02787 -1.75964 0.367775 0.884024 0.207346 0.478352 -0.0165565
187.507 0.0760974 -0.101694 2.16315 2.99746 0.15261 -0.109565 0.0477009 -0.0998846 2.23602 2.98089 0.0930459 -0.0941144 -0.0283965 0.00180954 0.0728618 -0.0165658 -0.0595638 0.0154508 0.0782207 3.6793 -0.325682 0.142388 2.6305 -0.00749131 -0.0931569 3.02771 -1.75873 0.371812 0.883416 0.219293 0.471109 -0.0135177
187.86 0.0737493 -0.0891989 2.16416 2.99107 0.17341 -0.120435 0.044545 -0.0927397 2.23336 3.09099 0.213581 -0.107661 -0.0292044 -0.00354083 0.069194 0.0999263 0.0401711 0.0127744 0.0751881 6.08244 -0.328937 0.14773 2.63421 -0.0092477 -0.0955241 3.02766 -1.75622 0.378247 0.882656 0.246851 0.467035 -0.00568671
188.118 0.0729952 -0.0836039 2.16431 2.99104 0.182763 -0.124975 0.0446611 -0.0823458 2.23819 2.98425 0.190661 -0.126043 -0.0283341 0.00125817 0.0738844 -0.0067837 0.0078978 -0.00106769 0.0791411 0.592153 -0.330535 0.149874 2.63595 -0.00982712 -0.0964249 3.0277 -1.7549 0.380666 0.882437 0.259094 0.467861 -0.00188003
188.395 0.0725023 -0.0750231 2.16431 2.99292 0.196623 -0.131521 0.0416797 -0.0742239 2.22776 2.96923 0.0893064 -0.127704 -0.0308226 0.000799195 0.0634542 -0.0236939 -0.107317 0.00381676 0.0705486 6.30727 -0.333187 0.153062 2.6388 -0.0103018 -0.0975956 3.02779 -1.75262 0.384084 0.882157 0.277257 0.470907 0.00414816
188.904 0.0746193 -0.0552903 2.16338 3.00428 0.228137 -0.145635 0.0441667 -0.0554577 2.26391 3.06929 0.215973 -0.130011 -0.0304525 -0.000167376 0.100536 0.0650077 -0.0121634 0.0156242 0.105047 3.7001 -0.340192 0.160292 2.64631 -0.00973107 -0.099341 3.02815 -1.74647 0.391288 0.881868 0.316427 0.483677 0.0188687
189.21 0.0761056 -0.0476222 2.16278 3.01071 0.239119 -0.15043 0.0461102 -0.0444714 2.22696 -2.91568 -0.221374 -0.171577 -0.0299954 0.00315077 0.0641798 -5.92639 -0.460493 -0.0211471 0.0709133 33.2938 -0.343378 0.163318 2.64975 -0.00909255 -0.0996546 3.02831 -1.74377 0.394103 0.881935 0.330427 0.490374 0.0250134
189.52 0.0764043 -0.0379749 2.16199 3.01951 0.249182 -0.155152 0.0462635 -0.036009 2.2227 3.06006 0.214055 -0.146033 -0.0301409 0.0019659 0.0607186 0.0405498 -0.0351271 0.00911866 0.0678165 3.02711 -0.347659 0.16733 2.65452 -0.00911834 -0.0998353 3.02849 -1.74037 0.397547 0.882181 0.344174 0.498691 0.0323215
189.791 0.0750696 -0.029134 2.16147 3.02643 0.25233 -0.158035 0.0469778 -0.0289175 2.22738 -2.9379 -0.142644 -0.16651 -0.0280917 0.000216504 0.0659094 -5.96432 -0.394974 -0.00847536 0.0716467 29.0303 -0.351899 0.171309 2.65943 -0.00977688 -0.0998338 3.02863 -1.73743 0.400562 0.882553 0.351035 0.504948 0.0382934
190.039 0.0737293 -0.0230923 2.16124 3.02987 0.251133 -0.159749 0.0442384 -0.0204566 2.22661 3.07244 0.333932 -0.151814 -0.0294909 0.00263569 0.0653665 0.0425671 0.082799 0.00793522 0.0717595 5.29313 -0.355021 0.174244 2.663 -0.010352 -0.0998034 3.02872 -1.73564 0.402552 0.882816 0.352345 0.507854 0.0420805
190.364 0.0725421 -0.0175636 2.16115 3.03172 0.247773 -0.161413 0.0433298 -0.013861 2.22637 2.9347 0.266135 -0.167122 -0.0292123 0.00370253 0.0652223 -0.0970258 0.0183616 -0.00570811 0.0715613 5.58504 -0.358075 0.177109 2.66631 -0.0107576 -0.0997928 3.02881 -1.73429 0.404311 0.882981 0.351104 0.509222 0.0453654
190.902 0.0696355 -0.00763102 2.16133 3.03177 0.232504 -0.163292 0.0419697 -0.00206939 2.25248 3.03986 0.211658 -0.168384 -0.0276657 0.00556163 0.0911555 0.00808117 -0.0208465 -0.00509218 0.0954235 1.33618 -0.364885 0.183437 2.67241 -0.0112792 -0.0996036 3.029 -1.73318 0.407176 0.882744 0.338604 0.508242 0.0497229
191.175 0.0678195 -0.00426281 2.16169 3.02915 0.224106 -0.162502 0.0391912 0.00220269 2.22688 -2.95032 -0.149028 -0.164588 -0.0286282 0.0064655 0.0651884 -5.97947 -0.373134 -0.00208547 0.0714906 27.5049 -0.367681 0.185972 2.67442 -0.0114908 -0.0995467 3.02905 -1.7335 0.407748 0.882284 0.329788 0.505377 0.0489564
191.471 0.0654396 -0.00107975 2.16235 3.02405 0.215209 -0.160487 0.0380353 0.00579755 2.25244 3.03633 0.209242 -0.169049 -0.0274042 0.00687729 0.0900922 0.0122778 -0.00596632 -0.00856227 0.0944187 0.998972 -0.370426 0.188385 2.67619 -0.0117899 -0.0995834 3.02905 -1.73419 0.407877 0.881559 0.319795 0.500489 0.0460981
192.048 0.0582702 0.00741404 2.16478 3.00354 0.196817 -0.151746 0.0314117 0.0138697 2.22678 -2.9546 -0.153232 -0.163862 -0.0268584 0.00645568 0.0619951 -5.95814 -0.350049 -0.0121155 0.0678708 27.3237 -0.376751 0.193453 2.67962 -0.0123147 -0.100482 3.02887 -1.73681 0.406191 0.878767 0.29444 0.481882 0.0319119
192.619 0.0498043 0.0173107 2.16753 2.9796 0.182159 -0.14019 0.0229675 0.0222081 2.2222 3.03309 0.199765 -0.151159 -0.0268368 0.00489735 0.0546772 0.0534904 0.0176061 -0.0109685 0.0611047 3.3965 -0.383019 0.197551 2.68193 -0.0120914 -0.102389 3.02849 -1.74037 0.401265 0.875091 0.270184 0.461251 0.013687
192.909 0.046196 0.0209414 2.16842 2.97163 0.176489 -0.135511 0.018323 0.0269199 2.22673 2.92493 0.0767191 -0.131454 -0.027873 0.00597842 0.0583082 -0.0467052 -0.0997702 0.0040566 0.0649037 6.328 -0.385654 0.198966 2.68257 -0.0115804 -0.103031 3.02831 -1.74206 0.398047 0.873523 0.26044 0.454362 0.006854
193.437 0.0372245 0.0299095 2.16976 2.96044 0.159359 -0.125179 0.0100595 0.035415 2.23643 -2.9645 -0.166622 -0.129832 -0.027165 0.00550548 0.0666652 -5.92494 -0.325981 -0.00465369 0.0721976 27.6845 -0.391535 0.201479 2.68348 -0.00966782 -0.104963 3.02795 -1.74606 0.387642 0.87028 0.235176 0.445741 -0.00516541
194.012 0.0271272 0.03771 2.17037 2.95583 0.13869 -0.115514 0.000779951 0.0433146 2.22574 2.83579 0.0959663 -0.115591 -0.0263472 0.00560462 0.0553686 -0.120042 -0.0427242 -7.72447e-05 0.0615732 7.29955 -0.396033 0.202805 2.68467 -0.00826061 -0.106562 3.02776 -1.74887 0.375523 0.868241 0.208505 0.442821 -0.013347
194.215 0.0217657 0.0416739 2.17054 2.95434 0.127807 -0.110289 -0.00597022 0.0497519 2.27742 3.14138 -1.00052e-05 -0.0996687 -0.0277359 0.00807799 0.106877 0.187046 -0.127817 0.01062 0.110713 12.9562 -0.398002 0.203186 2.68555 -0.00754186 -0.107315 3.02771 -1.74989 0.368502 0.867503 0.194053 0.442092 -0.0175735
194.512 0.0139945 0.0469507 2.17067 2.95324 0.112913 -0.102197 -0.0114686 0.0531758 2.2441 -2.97414 -0.178954 -0.0955164 -0.025463 0.00622506 0.0734234 -5.92738 -0.291866 0.00668065 0.0779622 26.3237 -0.40025 0.203396 2.68687 -0.00643476 -0.108266 3.02769 -1.75079 0.358344 0.86675 0.174696 0.442067 -0.023789
195.293 -0.00362421 0.0574107 2.17033 2.95479 0.0911292 -0.0838905 -0.0324157 0.0662169 2.24063 2.91124 0.0575904 -0.0671451 -0.0287915 0.00880618 0.0702991 -0.0435494 -0.0335388 0.0167454 0.0764752 3.34574 -0.403265 0.202619 2.68983 -0.00405032 -0.109932 3.0279 -1.75087 0.333808 0.865883 0.140931 0.445778 -0.0395523
195.603 -0.01037 0.0596231 2.16987 2.95816 0.0905574 -0.0776489 -0.0394109 0.06929 2.23892 3.0233 0.172523 -0.0882444 -0.0290409 0.00966691 0.0690501 0.0651328 0.0819657 -0.0105956 0.0755297 6.07754 -0.403497 0.20171 2.6911 -0.00274286 -0.109873 3.02809 -1.75011 0.323115 0.866175 0.135115 0.449423 -0.0460154
195.905 -0.0147287 0.0604987 2.16942 2.96201 0.0934014 -0.0740937 -0.0441604 0.0701415 2.24097 2.91039 0.0515611 -0.0670464 -0.0294317 0.00964276 0.0715462 -0.0516181 -0.0418403 0.00704727 0.0779619 3.85072 -0.403171 0.200814 2.69211 -0.00173422 -0.109703 3.02828 -1.74933 0.315483 0.86689 0.134457 0.4534 -0.0501376
196.212 -0.0208502 0.0612831 2.16858 2.96883 0.0989419 -0.070098 -0.0484406 0.0708872 2.19924 2.98619 0.249801 -0.074428 -0.0275904 0.00960404 0.0306593 0.0173612 0.150859 -0.00432995 0.0423493 8.70897 -0.402036 0.199361 2.69352 -0.00085568 -0.109669 3.02857 -1.7481 0.305977 0.86858 0.13629 0.460395 -0.0545514
196.41 -0.023981 0.0611673 2.16817 2.97272 0.101133 -0.0682 -0.0544637 0.0714625 2.21136 3.10487 0.22709 -0.0736467 -0.0304827 0.0102952 0.0431897 0.132145 0.125958 -0.00544667 0.0538566 10.4977 -0.401154 0.198526 2.69423 -0.000757943 -0.109621 3.02874 -1.74711 0.299378 0.87035 0.137387 0.46648 -0.0572059
196.721 -0.0307726 0.0589655 2.16714 2.98147 0.102454 -0.063897 -0.0592117 0.0702605 2.21277 2.92959 0.138784 -0.0853463 -0.0284391 0.011295 0.0456265 -0.0518781 0.0363303 -0.0214493 0.0549376 3.71457 -0.398747 0.19662 2.69562 -0.00110776 -0.108992 3.02909 -1.74609 0.293242 0.872452 0.136453 0.472534 -0.0595301
197.016 -0.0369339 0.05454 2.16636 2.98941 0.0976688 -0.0587944 -0.065 0.0691555 2.21223 2.84716 0.146483 -0.0698004 -0.0280661 0.0146155 0.0458674 -0.142259 0.0488145 -0.0110061 0.0557238 8.56685 -0.395504 0.194347 2.69692 -0.00183352 -0.107922 3.02941 -1.74472 0.285775 0.875595 0.13002 0.479353 -0.0625879
197.261 -0.0397098 0.0518202 2.16602 2.99277 0.0922527 -0.0557112 -0.0715456 0.0656587 2.24697 3.07185 -0.0790335 -0.0464502 -0.0318358 0.0138385 0.0809496 0.079085 -0.171286 0.00926102 0.0880787 10.8187 -0.393588 0.193049 2.69757 -0.00226896 -0.107329 3.02955 -1.74405 0.282309 0.877313 0.123711 0.482058 -0.0643348
197.839 -0.0462432 0.039817 2.16521 3.00228 0.0579877 -0.0417311 -0.0794166 0.0545136 2.2419 2.92151 0.0366951 -0.0663105 -0.0331735 0.0146966 0.0766863 -0.0807756 -0.0212927 -0.0245794 0.0848367 4.92665 -0.385502 0.187495 2.69993 -0.00337044 -0.105198 3.02989 -1.74213 0.271374 0.884509 0.0842944 0.489277 -0.0726588
198.139 -0.0473363 0.0312874 2.1648 3.00706 0.0301094 -0.0316823 -0.0814788 0.0487047 2.2449 2.92423 0.0401928 -0.0336057 -0.0341425 0.0174172 0.0800982 -0.0828354 0.0100835 -0.00192343 0.0887964 4.77856 -0.380035 0.183543 2.70134 -0.00333204 -0.104025 3.02997 -1.74153 0.265831 0.889646 0.0522576 0.492828 -0.0791946
198.687 -0.0463429 0.0162828 2.16456 3.01077 -0.0144434 -0.0158264 -0.0812398 0.0332782 2.21528 -2.90294 -0.0310057 -0.0318231 -0.0348969 0.0169954 0.0507216 -5.9137 -0.0165623 -0.0159967 0.0638696 21.1895 -0.370918 0.176551 2.70353 -0.0026981 -0.102165 3.02994 -1.74126 0.25825 0.89831 0.000263897 0.494792 -0.090509
199.053 -0.0443074 0.00728013 2.16521 3.00676 -0.0405907 -0.00648133 -0.0814477 0.0245046 2.24957 3.10079 -0.0823274 -0.0150375 -0.0371403 0.0172244 0.0843593 0.0940292 -0.0417367 -0.00855622 0.0937687 5.88683 -0.36441 0.171235 2.70517 -0.00201187 -0.101571 3.02987 -1.7412 0.25349 0.904065 -0.0317008 0.490152 -0.0975986

199.273 -0.0432506 0.00290045 2.16554 3.00181 -0.0529118 -0.00198982 -0.0795099 0.0167316 2.25007 -3.12835 -0.0749975 -0.016384 -0.0362593 0.0138312 0.0845278 -6.13016 -0.0220858 -0.0143942 0.0930106 8.84451 -0.361076 0.168401 2.70608 -0.0016411 -0.101365 3.02985 -1.7411 0.251173 0.906782 -0.0453462 0.485334 -0.100489
199.628 -0.0385642 -0.00491401 2.1671 2.98739 -0.0696511 0.00461654 -0.0775279 0.00879648 2.2497 3.1116 -0.0775618 -0.0156261 -0.0389637 0.0137105 0.0825964 0.124213 -0.00791072 -0.0202427 0.0923488 7.14032 -0.354328 0.162423 2.7082 -0.000194311 -0.101135 3.03031 -1.74062 0.246636 0.911832 -0.0661932 0.470893 -0.104326
200.19 0.0824908 -0.0260145 2.17092 2.95315 -0.0188758 0.00447039 -0.0106482 -0.0081458 2.24358 2.94648 -0.0874349 -0.000344065 -0.0931391 0.0178687 0.0726601 -0.00666539 -0.0685591 -0.00481445 0.119472 3.95765 -0.342566 0.152769 2.71454 0.0457044 -0.0967377 3.0535 -1.73798 0.239982 0.920397 -0.0698519 0.431488 -0.105577
200.49 0.137493 -0.0364669 2.16991 2.94088 0.0164861 0.0136862 0.0561072 -0.0197422 2.21566 2.89673 0.0244796 0.000213953 -0.0813856 0.0167247 0.0457523 -0.044151 0.00799349 -0.0134723 0.0948505 2.66917 -0.337695 0.151049 2.71734 0.0609023 -0.0943088 3.07337 -1.73621 0.23787 0.923885 -0.0602155 0.415395 -0.107589
201.056 0.231851 -0.0478107 2.16516 2.92292 0.105293 0.0600134 0.16672 -0.0372114 2.21994 2.91627 0.0730362 0.0336383 -0.0651312 0.0105993 0.0547814 -0.00664759 -0.0322571 -0.0263751 0.0857637 2.39621 -0.327462 0.157766 2.72371 0.0703419 -0.0919472 3.13612 -1.73039 0.235628 0.930584 -0.0197311 0.389021 -0.116144
201.568 0.30337 -0.0416363 2.15841 2.92012 0.185049 0.104421 0.247835 -0.0372966 2.21696 -2.82133 0.0505904 0.0817317 -0.0555349 0.00433975 0.0585479 -5.74145 -0.134459 -0.0226892 0.0808134 32.1317 -0.320877 0.177198 2.7293 0.0699346 -0.0931629 -3.08159 -1.72351 0.237661 0.93476 0.0243065 0.381198 -0.115674
201.914 0.348278 -0.0321758 2.15256 2.92384 0.231563 0.130278 0.288499 -0.0331007 2.20386 2.92819 0.257063 0.104105 -0.0597791 -0.000924911 0.0512969 0.00435685 0.0254999 -0.0261728 0.0787767 2.15104 -0.317963 0.197496 2.73349 0.068486 -0.0943154 -3.03465 -1.71809 0.241601 0.937003 0.0514794 0.382293 -0.106041
202.15 0.379514 -0.0231427 2.1477 2.92928 0.261147 0.147127 0.327607 -0.0235856 2.21973 2.96097 0.1439 0.132569 -0.0519069 -0.000442944 0.0720263 0.0316846 -0.117247 -0.0145584 0.0887823 7.05157 -0.316646 0.216622 2.73693 0.0667654 -0.0950704 -2.99862 -1.71375 0.246282 0.938546 0.0695607 0.386094 -0.0933814
202.372 0.407756 -0.0126997 2.14269 2.93631 0.285159 0.161895 0.363576 -0.0129887 2.21504 2.90438 0.229093 0.150897 -0.0441791 -0.000288966 0.0723431 -0.0319235 -0.0560663 -0.0109981 0.0847667 3.67077 -0.316127 0.239088 2.74064 0.0644779 -0.0957583 -2.96244 -1.70931 0.252661 0.94 0.0846795 0.391799 -0.0767912
202.727 0.441228 0.00310059 2.13611 2.94666 0.307626 0.180309 0.392218 -0.00141072 2.1922 2.88265 0.349763 0.153622 -0.0490104 -0.00451131 0.0560914 -0.0640096 0.0421372 -0.026687 0.0746231 4.24187 -0.316758 0.27419 2.74628 0.0610154 -0.0966031 -2.91466 -1.70341 0.264006 0.941979 0.097717 0.400462 -0.0508634
203.033 0.463523 0.0156068 2.13137 2.95406 0.316667 0.194298 0.417606 0.0118298 2.16953 2.86321 0.311157 0.181374 -0.0459176 -0.003777 0.0381554 -0.0908414 -0.00551057 -0.0129236 0.0598208 5.03567 -0.318286 0.304323 2.75112 0.0584863 -0.0970289 -2.87946 -1.6991 0.274741 0.943501 0.100402 0.406122 -0.0306216
203.611 0.500573 0.0394631 2.1229 2.96854 0.31608 0.226112 0.463679 0.0401512 2.16357 2.87654 0.344259 0.212128 -0.0368944 0.000688077 0.0406688 -0.0920014 0.0281791 -0.0139837 0.0549147 5.31928 -0.324217 0.373988 2.76161 0.0537144 -0.0967637 -2.81165 -1.69143 0.302228 0.946314 0.0867721 0.414642 0.00700683
203.889 0.525195 0.0522206 2.11692 2.97865 0.307712 0.249662 0.494305 0.0527534 2.21162 2.94514 0.313751 0.213858 -0.03089 0.000532804 0.0946918 -0.0335072 0.00603832 -0.0358044 0.0996043 2.36745 -0.330503 0.427128 2.76875 0.0532753 -0.0953609 -2.76818 -1.68747 0.32524 0.947939 0.0667027 0.417927 0.0284551
204.168 0.541437 0.0612083 2.11285 2.98571 0.299323 0.268039 0.517462 0.0652545 2.20295 3.07918 0.241156 0.259925 -0.0239756 0.00404621 0.0900991 0.0934737 -0.0581678 -0.00811391 0.0933223 6.42864 -0.33661 0.470434 2.77407 0.0531171 -0.0941584 -2.73653 -1.68534 0.345102 0.949027 0.0491938 0.419338 0.0430288
204.463 0.552746 0.0694224 2.10985 2.99257 0.289276 0.286452 0.524935 0.0721461 2.15918 2.89812 0.387286 0.243113 -0.0278107 0.00272368 0.0493254 -0.0944467 0.0980103 -0.0433386 0.0566908 7.61767 -0.34403 0.51665 2.77926 0.0515902 -0.0926585 -2.70586 -1.68416 0.367242 0.950045 0.0316513 0.420651 0.0571224
204.735 0.563486 0.0768974 2.1069 2.99926 0.280791 0.303254 0.546619 0.0828342 2.1892 2.98517 0.354756 0.278414 -0.0168676 0.00593687 0.0823007 -0.0140903 0.0739657 -0.0248398 0.084221 4.46291 -0.352872 0.565682 2.78428 0.050791 -0.0911601 -2.67593 -1.68404 0.391692 0.951069 0.015688 0.421884 0.0715691
205.057 0.570504 0.0847025 2.10485 3.00468 0.273205 0.318202 0.521261 0.0837846 2.0498 2.90942 0.0466048 0.332662 -0.0492429 -0.000917912 -0.0550518 -0.0952686 -0.2266 0.0144603 0.0738675 14.1548 -0.363234 0.617447 2.78917 0.0490842 -0.0899959 -2.64689 -1.68509 0.418442 0.952106 0.00238633 0.422942 0.0870709
205.363 0.577056 0.0948953 2.10277 3.00965 0.264831 0.333929 0.554513 0.0970907 2.14037 3.05513 0.0524338 0.351599 -0.0225428 0.00219537 0.0375989 0.0454866 -0.212397 0.0176696 0.0438939 12.4518 -0.379546 0.690522 2.79556 0.046322 -0.0886315 -2.60935 -1.68847 0.457605 0.953569 -0.0106616 0.423513 0.110252
205.599 0.577904 0.0992859 2.10239 3.01142 0.261042 0.340386 0.527156 0.0997447 2.0346 -2.824 0.450973 0.37878 -0.0507474 0.00045883 -0.0677813 -5.83542 0.189931 0.0383946 0.0846747 27.2026 -0.388801 0.728706 2.79865 0.0442784 -0.0877906 -2.59105 -1.69106 0.478628 0.954325 -0.0153829 0.423603 0.123112
206.194 0.573062 0.109675 2.10326 3.01447 0.247266 0.357353 0.534078 0.111384 2.05462 -2.86125 0.529569 0.392647 -0.0389838 0.00170883 -0.0486419 -5.87572 0.282303 0.0352948 0.0623594 27.77 -0.433408 0.891178 2.80976 0.0342438 -0.0822058 -2.52023 -1.70774 0.571789 0.956839 -0.0251486 0.421225 0.182321
206.481 0.566587 0.111497 2.105 3.01342 0.242253 0.362023 0.553495 0.121921 2.14932 -3.11798 0.33976 0.352882 -0.0130925 0.0104249 0.0443193 -6.13139 0.0975076 -0.00914169 0.047374 10.4728 -0.453334 0.955512 2.81318 0.0293784 -0.0796081 -2.49463 -1.71659 0.610271 0.95717 -0.0264025 0.418569 0.206528
206.82 0.565907 0.113142 2.10541 3.01075 0.237169 0.365524 0.546337 0.12284 2.14347 -2.91777 0.289655 0.365482 -0.0195702 0.00969833 0.0380646 -5.92852 0.0524866 -4.17301e-05 0.0438858 20.5407 -0.482658 1.04351 2.81697 0.0257312 -0.0758223 -2.46061 -1.73057 0.664394 0.956843 -0.0276524 0.413219 0.238847
207.108 0.565742 0.113217 2.10554 3.01018 0.236293 0.36684 0.551552 0.126153 2.17191 -3.00166 0.430812 0.382843 -0.0141893 0.0129366 0.066371 -6.01185 0.194519 0.0160029 0.0690927 18.8847 -0.498532 1.08831 2.81853 0.0245883 -0.0738441 -2.44357 -1.73445 0.6784 0.956622 -0.0281057 0.411678 0.24675
207.31 0.566379 0.114089 2.10572 3.00796 0.231292 0.372491 0.548828 0.124923 2.15502 2.98797 0.115356 0.36438 -0.0175508 0.0108337 0.049293 -0.0199896 -0.115936 -0.00811103 0.053434 6.74291 -0.5239 1.15637 2.82046 0.0223822 -0.0708518 -2.41804 -1.75151 0.736188 0.955157 -0.0312743 0.405584 0.27709
207.596 0.564701 0.116534 2.10644 3.00585 0.223136 0.381115 0.543391 0.124247 2.13035 2.90183 0.19718 0.376828 -0.0213101 0.00771275 0.0239132 -0.104018 -0.0259561 -0.00428716 0.0329461 6.09738 -0.56073 1.24843 2.82244 0.018485 -0.067225 -2.38408 -1.77093 0.796549 0.952789 -0.0380015 0.399712 0.305144
207.905 0.561142 0.121087 2.10752 3.00355 0.21202 0.391661 0.546339 0.130509 2.16197 -2.91159 0.286031 0.385636 -0.0148034 0.00942262 0.0544555 -5.91514 0.0740108 -0.00602525 0.057213 21.5908 -0.601053 1.34153 2.82408 0.0139476 -0.0641716 -2.35045 -1.79257 0.859231 0.949687 -0.0480918 0.394009 0.331675
208.389 0.55601 0.131319 2.10871 3.001 0.19364 0.406215 0.536824 0.138609 2.14838 2.98696 0.117565 0.413636 -0.0191857 0.0072896 0.0396709 -0.0140399 -0.0760749 0.00742154 0.0446655 4.46458 -0.667982 1.48205 2.82626 0.00753438 -0.0603393 -2.30103 -1.82907 0.957181 0.944027 -0.0648519 0.387332 0.371588
208.654 0.552508 0.137557 2.10928 3.00071 0.184027 0.412164 0.546696 0.147321 2.19168 3.07713 0.0762967 0.388965 -0.005812 0.00976435 0.0823965 0.0764137 -0.107731 -0.0231985 0.0831764 7.77981 -0.704243 1.5523 2.82728 0.00414196 -0.0585702 -2.27685 -1.84911 1.00765 0.94085 -0.0728335 0.385579 0.392475
210.059 0.536592 0.170863 2.10739 3.03562 0.105334 0.437265 0.514008 0.176273 2.12723 2.9572 0.0509982 0.444769 -0.022584 0.00541039 0.0198358 -0.0784186 -0.0543361 0.00750432 0.0305412 5.51008 -0.941133 1.94126 2.83164 -0.0104128 -0.0451455 -2.14408 -1.984 1.3001 0.92165 -0.140943 0.40984 0.512684
210.404 0.535563 0.177521 2.10547 3.05238 0.0857215 0.442576 0.520142 0.186346 2.16889 2.97876 0.13442 0.432457 -0.0154214 0.00882539 0.0634212 -0.0736178 0.0486987 -0.0101192 0.0658632 5.03707 -1.00372 2.02872 2.83209 -0.0117749 -0.041483 -2.11346 -2.02095 1.3679 0.917109 -0.160324 0.422809 0.538289
211.199 0.543685 0.191388 2.09903 3.08918 0.0591808 0.453553 0.529764 0.204491 2.17687 -3.13915 0.000175209 0.442059 -0.0139217 0.0131029 0.0778378 -6.22833 -0.0590056 -0.0114937 0.0801512 4.67554 -1.13582 2.19701 2.8321 -0.00966254 -0.0349452 -2.05097 -2.10086 1.49916 0.907687 -0.193284 0.449908 0.584644
211.449 0.551394 0.202236 2.09439 3.11043 0.0545333 0.462049 0.538445 0.212984 2.18785 -3.05889 0.42938 0.442731 -0.0129484 0.0107481 0.0934573 -6.16932 0.374846 -0.0193174 0.0949603 22.5393 -1.22318 2.29733 2.83168 -0.00730141 -0.032057 -2.01042 -2.15498 1.57736 0.901514 -0.205012 0.46495 0.611339
211.675 0.5506 0.207377 2.09344 3.11721 0.0548993 0.466332 0.544816 0.221885 2.1887 -3.05562 0.130995 0.451998 -0.00578407 0.0145083 0.09526 -6.17283 0.0760961 -0.0143341 0.0965319 7.78525 -1.25918 2.33636 2.83146 -0.00778484 -0.0314179 -1.99417 -2.17756 1.6077 0.898999 -0.206765 0.470306 0.622025
212.281 0.554067 0.226413 2.0885 -3.14014 0.0776287 0.478301 0.536618 0.235709 2.14566 2.97665 0.443995 0.447225 -0.0174496 0.0092962 0.0571563 6.11679 0.366366 -0.0310762 0.0604793 22.9091 -1.40897 2.4859 2.83028 -0.00813348 -0.0282362 -1.92935 -2.27373 1.72344 0.889256 -0.190771 0.489756 0.6685
212.648 0.556567 0.230753 2.0865 -3.12993 0.0955336 0.480582 0.545934 0.244868 2.17345 3.09667 0.0841463 0.486169 -0.0106323 0.0141142 0.0869443 6.2266 -0.0113873 0.00558753 0.0887218 3.3503 -1.4674 2.53914 2.82972 -0.00758874 -0.0262742 -1.90491 -2.31236 1.7645 0.885918 -0.174345 0.497245 0.688765
212.981 0.561266 0.234981 2.08397 -3.11968 0.118333 0.481439 0.54484 0.249867 2.16028 -3.08239 0.455684 0.468123 -0.0164257 0.014886 0.0763087 0.0372894 0.337351 -0.0133157 0.0794633 19.484 -1.52705 2.59074 2.82918 -0.00617944 -0.024452 -1.88011 -2.35243 1.80427 0.882823 -0.152979 0.504903 0.711008
213.202 0.565141 0.240005 2.08164 -3.11101 0.14388 0.481673 0.550292 0.253727 2.1544 3.00745 0.300028 0.474027 -0.0148483 0.0137222 0.072754 6.11846 0.156148 -0.00764634 0.075511 12.9347 -1.58795 2.64064 2.82875 -0.00533107 -0.0229647 -1.85502 -2.39387 1.84281 0.879866 -0.127804 0.511809 0.735308
213.503 0.572399 0.248163 2.07812 -3.10214 0.179784 0.480877 0.556327 0.261939 2.15638 -2.99251 0.246091 0.47271 -0.016072 0.0137762 0.0782668 0.109633 0.0663075 -0.00816707 0.0810789 7.43891 -1.67109 2.70445 2.8284 -0.0036293 -0.0215476 -1.82088 -2.4511 1.89223 0.87603 -0.09217 0.518878 0.770216
213.841 0.575799 0.254781 2.07611 -3.09802 0.20382 0.480825 0.556668 0.265066 2.1297 -3.00243 0.40048 0.488123 -0.0191311 0.0102847 0.0535985 0.0955945 0.196661 0.00729817 0.0578323 12.477 -1.73492 2.75024 2.82838 -0.00340029 -0.0204968 -1.79501 -2.49532 1.92779 0.873162 -0.0673399 0.522056 0.797185
214.119 0.580423 0.260794 2.074 -3.09527 0.223793 0.481482 0.568602 0.277457 2.15999 -3.00916 0.242301 0.471724 -0.0118212 0.0166627 0.0859918 0.086116 0.0185079 -0.00975788 0.0883854 5.20149 -1.80002 2.79419 2.8287 -0.00253631 -0.0191024 -1.76888 -2.54046 1.96199 0.87035 -0.047229 0.523037 0.823564
214.709 0.591205 0.277958 2.06928 -3.09473 0.250586 0.488148 0.56667 0.285179 2.10406 -2.88278 0.216723 0.456604 -0.0245349 0.00722114 0.0347798 0.21195 -0.0338637 -0.0315436 0.043171 12.8313 -1.95687 2.88929 2.83103 8.97669e-05 -0.0166969 -1.70717 -2.6487 2.03653 0.864039 -0.0242567 0.518321 0.879213
214.996 0.596713 0.288795 2.06692 -3.09647 0.253147 0.492608 0.577879 0.295816 2.11656 3.11083 0.0753389 0.470558 -0.0188343 0.00702054 0.0496454 6.20731 -0.177808 -0.0220499 0.0535601 11.0649 -2.02623 2.92673 2.83283 0.00125993 -0.016658 -1.68056 -2.69605 2.06617 0.861594 -0.0250422 0.514785 0.900033
215.561 0.605032 0.312986 2.0622 -3.10025 0.249811 0.50453 0.580229 0.318849 2.08772 -3.12004 0.542213 0.495921 -0.0248033 0.00586265 0.0255209 -0.0197934 0.292402 -0.00860929 0.0360679 16.7858 -2.16887 2.99562 2.83765 0.00456563 -0.0178578 -1.62716 -2.79207 2.12141 0.857095 -0.0382293 0.50691 0.938372
215.817 0.604555 0.326786 2.06077 -3.10324 0.244644 0.511143 0.589219 0.336428 2.11118 3.06917 0.166324 0.509341 -0.0153359 0.00964233 0.0504125 6.17241 -0.0783193 -0.00180223 0.0535685 7.75514 -2.24217 3.02709 2.8406 0.0047893 -0.018965 -1.60075 -2.84055 2.14705 0.854963 -0.047585 0.50283 0.956999
216.095 0.605808 0.344535 2.05833 -3.10692 0.238093 0.51878 0.584723 0.349352 2.09318 -2.96496 0.284166 0.513402 -0.021085 0.00481692 0.0348527 0.141961 0.0460724 -0.0053773 0.0410181 8.63158 -2.34192 3.06601 2.84504 0.00680733 -0.0202667 -1.56551 -2.90545 2.17922 0.852206 -0.0605901 0.496869 0.982375
216.656 0.588459 0.375064 2.05888 -3.11719 0.223745 0.53101 0.577722 0.382414 2.10172 3.10797 0.563249 0.503147 -0.0107365 0.00735048 0.04284 6.22515 0.339504 -0.0278625 0.0447724 19.6919 -2.52185 3.12594 2.85393 0.00475581 -0.0221918 -1.50519 -3.01912 2.2298 0.847628 -0.0799984 0.485726 1.03037

216.977 0.578232 0.38744 2.05963 -3.12113 0.218588 0.534358 0.569173 0.394323 2.099 -3.05319 0.16864 0.518397 -0.00905873 0.00688288 0.0393706 0.0679398 -0.0499478 -0.0159609 0.0409814 5.05424 -2.62736 3.1556 2.85901 0.0051718 -0.021731 -1.4712 -3.0839 2.25535 0.845012 -0.0867442 0.480154 1.06103
217.257 0.570174 0.391765 2.06094 -3.12272 0.215433 0.535338 0.567528 0.411188 2.13034 3.10453 0.183371 0.524315 -0.00264635 0.0194223 0.0694005 6.22725 -0.0320616 -0.0110227 0.0721156 3.63906 -2.68076 3.16918 2.8614 0.0043001 -0.0206922 -1.45445 -3.11619 2.26716 0.843646 -0.088838 0.477933 1.07739
217.539 0.541125 0.399516 2.06656 -3.1272 0.206595 0.536204 0.544037 0.412397 2.10544 2.96564 0.464166 0.525647 0.00291172 0.0128811 0.0388805 6.09285 0.257571 -0.0105564 0.0410621 18.2228 -2.78863 3.19373 2.86582 -0.00241276 -0.0184033 -1.42226 -3.18056 2.28879 0.840866 -0.0902856 0.475153 1.11233
217.816 0.50801 0.405851 2.07283 -3.13267 0.19766 0.535074 0.516021 0.419099 2.11326 3.13212 0.0790549 0.534486 0.00801112 0.0132476 0.0404242 6.26479 -0.118605 -0.000587814 0.0432874 6.87609 -2.8701 3.20983 2.86882 -0.0118342 -0.0172738 -1.39989 -3.22865 2.30324 0.83884 -0.0890364 0.47445 1.14054
218.023 0.470085 0.412881 2.07937 -3.13958 0.188259 0.530978 0.482439 0.430043 2.13756 3.00526 0.350456 0.531319 0.0123548 0.0171619 0.0581885 6.14484 0.162197 0.0003409 0.0619118 12.2122 -2.95154 3.22393 2.87154 -0.0229007 -0.0170985 -1.37947 -3.27659 2.31615 0.836977 -0.0857836 0.474739 1.17046
218.324 0.431007 0.419903 2.08532 3.13618 0.179884 0.523372 0.429623 0.432022 2.11228 -2.94284 0.184262 0.516529 -0.00138335 0.0121192 0.0269657 -6.07902 0.00437724 -0.00684339 0.0295963 11.7779 -3.03242 3.23614 2.87393 -0.0335031 -0.0179329 -1.36123 -3.3244 2.3275 0.835336 -0.0805907 0.47592 1.20187
218.861 0.346335 0.430081 2.09643 3.11932 0.163963 0.492673 0.355015 0.455447 2.17298 3.01987 0.107688 0.508226 0.0086799 0.0253666 0.076552 -0.0994472 -0.0562749 0.0155521 0.0811112 6.70984 -3.2162 3.25805 2.87808 -0.0533051 -0.0209501 -1.32804 -3.43559 2.34793 0.832366 -0.0626252 0.479576 1.27835
219.169 0.304729 0.430079 2.10189 3.10814 0.154111 0.468337 0.31523 0.456491 2.16778 -3.1092 0.094553 0.473398 0.010501 0.0264127 0.0658928 -6.21734 -0.0595583 0.00506129 0.0717619 5.06802 -3.31658 3.26703 2.87963 -0.061855 -0.021673 -1.3151 -3.49879 2.35596 0.830969 -0.0512238 0.478498 1.32189
219.422 0.275134 0.426312 2.10613 3.09856 0.145325 0.44947 0.275288 0.448143 2.14559 -3.025 0.154819 0.457604 0.000154737 0.0218313 0.0394578 -6.12355 0.0094946 0.00813409 0.0450949 9.10438 -3.38905 3.27227 2.88053 -0.0667372 -0.0214872 -1.30817 -3.54587 2.36032 0.829983 -0.0442507 0.474697 1.35336
219.682 0.250171 0.42197 2.11004 3.08674 0.13364 0.428816 0.247037 0.44835 2.16576 3.0315 0.00845573 0.455661 -0.00313399 0.0263796 0.0557204 -0.0552413 -0.125184 0.0268454 0.061729 8.03143 -3.45882 3.2763 2.88134 -0.0706735 -0.0211275 -1.30343 -3.59256 2.36329 0.829096 -0.0400351 0.468198 1.38322
220.3 0.197587 0.412949 2.1184 3.05166 0.091058 0.384092 0.192714 0.439397 2.1869 -3.13888 0.194221 0.392442 -0.00487353 0.0264487 0.0685071 -6.19054 0.103163 0.00835058 0.073597 7.9119 -3.60986 3.28116 2.88361 -0.077979 -0.0219198 -1.29949 -3.69896 2.36502 0.82787 -0.0483693 0.443993 1.44433
221.009 0.154291 0.411613 2.12464 3.00982 0.0240363 0.348077 0.144654 0.43129 2.17494 3.02385 -0.0965767 0.378231 -0.00963697 0.0196769 0.0502978 0.0140294 -0.120613 0.0301536 0.0548627 7.17523 -3.74292 3.28019 2.88625 -0.0837179 -0.026629 -1.30284 -3.79994 2.35983 0.827918 -0.086094 0.413719 1.49278
221.31 0.14502 0.411589 2.12609 2.99824 0.00180226 0.339537 0.125127 0.434034 2.18992 2.98277 0.194966 0.324241 -0.0198926 0.0224453 0.0638283 -0.015466 0.193164 -0.0152964 0.0705235 11.1303 -3.77745 3.27899 2.88698 -0.0845616 -0.0281601 -1.30477 -3.82747 2.35717 0.828148 -0.101215 0.405088 1.50462
221.47 0.133797 0.41168 2.12801 2.98179 -0.0326031 0.327958 0.109181 0.428688 2.16796 2.86217 -0.0744681 0.354178 -0.0246151 0.0170079 0.0399479 -0.119623 -0.0418651 0.0262201 0.04991 7.33992 -3.82628 3.27653 2.88797 -0.0851544 -0.0305286 -1.30823 -3.86751 2.35225 0.828672 -0.125907 0.392897 1.52104
221.872 0.120473 0.413119 2.13045 2.957 -0.0894899 0.311678 0.0988817 0.435105 2.19356 3.10726 -0.0968381 0.313374 -0.0215912 0.0219863 0.063117 0.150258 -0.00734822 0.00169619 0.0702377 8.62899 -3.89981 3.27086 2.8892 -0.0850226 -0.0351149 -1.31502 -3.93041 2.34175 0.829905 -0.16892 0.375533 1.54522
222.37 0.114114 0.416897 2.13133 2.94147 -0.121114 0.303724 0.0915673 0.437328 2.20072 3.00668 -0.105298 0.299129 -0.0225464 0.0204305 0.069398 0.0652065 0.0158156 -0.00459591 0.0757749 3.82439 -3.93927 3.26665 2.88975 -0.0849644 -0.0391491 -1.31927 -3.96558 2.33429 0.830742 -0.193302 0.365771 1.55829
222.797 0.109519 0.421921 2.13203 2.9246 -0.14808 0.296159 0.0840992 0.441833 2.20538 2.83249 -0.0973945 0.298783 -0.0254199 0.019912 0.0733423 -0.0921135 0.0506854 0.00262375 0.0801359 6.00916 -3.97531 3.26197 2.89019 -0.0847468 -0.0436695 -1.32346 -3.99874 2.32617 0.831471 -0.213396 0.35521 1.57095
223.345 0.107583 0.428021 2.13417 2.88952 -0.182664 0.279195 0.078362 0.450548 2.205 2.9026 -0.160542 0.263927 -0.0292214 0.0225277 0.0708285 0.0130824 0.0221223 -0.0152681 0.0798627 1.64616 -4.03747 3.25177 2.88967 -0.0822592 -0.0507545 -1.33159 -4.0586 2.30859 0.831324 -0.23598 0.330023 1.59563
223.675 0.109899 0.430164 2.13592 2.86553 -0.192349 0.267023 0.0783865 0.454555 2.20575 2.90157 -0.158894 0.263878 -0.0315124 0.0243907 0.0698338 0.0360371 0.0334554 -0.00314539 0.0804033 2.79988 -4.07196 3.24464 2.88793 -0.0794758 -0.0544977 -1.33661 -4.0932 2.29628 0.829661 -0.239282 0.31069 1.61068
224.013 0.113681 0.43115 2.13747 2.84717 -0.19322 0.257423 0.0812971 0.454078 2.20376 2.843 -0.216811 0.279431 -0.0323841 0.0229287 0.0662852 -0.00417089 -0.0235918 0.0220076 0.077254 1.83077 -4.09438 3.23922 2.8859 -0.0770008 -0.056973 -1.34007 -4.11614 2.28695 0.827615 -0.236181 0.295452 1.62073
224.53 0.122824 0.432377 2.14113 2.80531 -0.176643 0.235129 0.0900939 0.456851 2.20838 2.78663 -0.182189 0.236581 -0.0327298 0.0244734 0.0672486 -0.0186776 -0.00554605 0.0014518 0.0786928 1.105 -4.13608 3.22649 2.87915 -0.0709287 -0.0617662 -1.34681 -4.15922 2.26578 0.820303 -0.213409 0.257858 1.63898
224.777 0.124985 0.433344 2.14199 2.79338 -0.16848 0.229234 0.0939621 0.456908 2.20865 2.7882 -0.180601 0.236198 -0.0310226 0.0235638 0.0666584 -0.00517471 -0.0121211 0.00696438 0.0772075 0.829451 -4.14545 3.22287 2.87675 -0.0692822 -0.063208 -1.34833 -4.16877 2.26009 0.817554 -0.204109 0.246716 1.64269
224.996 0.130094 0.4366 2.14377 2.76869 -0.146735 0.21727 0.0978311 0.456965 2.20891 2.78978 -0.179026 0.235819 -0.0322633 0.0203648 0.0651438 0.0210874 -0.0322915 0.0185489 0.0754942 2.53544 -4.16109 3.21567 2.87137 -0.0658119 -0.066388 -1.35074 -4.18428 2.24945 0.811131 -0.181762 0.224155 1.64815
225.245 0.134888 0.440673 2.14462 2.75098 -0.125497 0.207659 0.101623 0.456189 2.18724 2.72235 -0.1536 0.227974 -0.0332653 0.0155153 0.0426199 -0.0286278 -0.0281034 0.0203147 0.0562474 2.47116 -4.17025 3.21036 2.86685 -0.0625664 -0.0692086 -1.35201 -4.19289 2.24221 0.805609 -0.161275 0.20791 1.65057
225.745 0.146189 0.448982 2.14561 2.72138 -0.0614917 0.181159 0.115036 0.474363 2.22705 2.82692 -0.0981361 0.185284 -0.0311524 0.0253818 0.0814407 0.105539 -0.0366444 0.004125 0.0908147 6.42285 -4.18418 3.19866 2.85436 -0.0543182 -0.0744925 -1.35357 -4.20364 2.228 0.790938 -0.100465 0.180104 1.65112
226.255 0.153083 0.453711 2.14452 2.72005 0.00486419 0.153741 0.125706 0.481493 2.22937 2.71918 0.0128734 0.144367 -0.0273771 0.0277824 0.0848515 -0.000873181 0.0080092 -0.00937448 0.0933871 0.707759 -4.1892 3.18975 2.84009 -0.0476912 -0.0776582 -1.35376 -4.20354 2.21845 0.776592 -0.0361529 0.180091 1.64819
226.466 0.155395 0.455003 2.1432 2.729 0.0406431 0.13903 0.123924 0.46933 2.16512 2.61246 0.0550973 0.130046 -0.0314712 0.0143267 0.0219179 -0.116536 0.0144542 -0.00898347 0.04094 6.72333 -4.18973 3.18579 2.83145 -0.0446394 -0.0787863 -1.3535 -4.20073 2.21447 0.76884 -0.000937267 0.190038 1.64685
226.695 0.15619 0.454455 2.14089 2.7514 0.089563 0.119548 0.130105 0.486904 2.24 2.84961 0.0708337 0.115732 -0.026085 0.0324499 0.0991066 0.0982088 -0.0187293 -0.00381581 0.107497 5.74958 -4.1887 3.18111 2.81854 -0.0414324 -0.0793906 -1.35289 -4.19453 2.20988 0.758228 0.0482386 0.213867 1.64638
227.109 0.155532 0.450783 2.13838 2.78349 0.140134 0.100561 0.130105 0.486904 2.24 2.84961 0.0708337 0.115732 -0.025427 0.036121 0.101617 0.0661172 -0.0693004 0.0151713 0.110803 5.49291 -4.18586 3.17718 2.80441 -0.0387106 -0.0787063 -1.35212 -4.18607 2.20605 0.747492 0.0999568 0.24705 1.64842
227.441 0.155502 0.446886 2.1359 2.8119 0.178969 0.0869895 0.130101 0.482972 2.23988 2.85476 0.0680953 0.116422 -0.0254001 0.0360865 0.10398 0.0428577 -0.110874 0.0294323 0.112957 6.94252 -4.18266 3.17471 2.79309 -0.0365256 -0.0778442 -1.35151 -4.17857 2.2036 0.739337 0.139935 0.276417 1.65197
227.989 0.155353 0.442802 2.13244 2.85201 0.230542 0.0706255 0.12781 0.470749 2.20567 2.85771 0.259138 0.0593199 -0.0275428 0.0279469 0.0732274 0.0056967 0.0285956 -0.0113057 0.0830776 1.82005 -4.1771 3.17204 2.77724 -0.0336501 -0.0772289 -1.35067 -4.16744 2.20086 0.728167 0.192956 0.318188 1.65922
228.683 0.156842 0.439448 2.12758 2.89901 0.290704 0.0542752 0.127777 0.466787 2.20514 2.86077 0.260236 0.0595413 -0.0290646 0.027339 0.0775623 -0.0382391 -0.0304684 0.00526607 0.0872243 2.88066 -4.16835 3.16968 2.75641 -0.0298376 -0.0773661 -1.3496 -4.15243 2.19814 0.713316 0.255879 0.368569 1.67088
228.907 0.158847 0.438099 2.12522 2.92481 0.324761 0.0465504 0.130529 0.459811 2.17597 2.92008 -0.152145 0.161361 -0.028318 0.0217121 0.0507451 -0.00472307 -0.476906 0.114811 0.0620354 28.0975 -4.16229 3.16882 2.7435 -0.0271766 -0.0777234 -1.34896 -4.14318 2.19682 0.703773 0.289803 0.395195 1.67803
229.254 0.165375 0.436487 2.12177 2.95448 0.372242 0.0373385 0.133603 0.458449 2.17812 2.96825 -0.221182 0.14544 -0.031772 0.0219617 0.0563564 0.0137708 -0.593423 0.108102 0.0683214 34.5417 -4.15118 3.16832 2.72227 -0.0221818 -0.0786004 -1.34792 -4.12798 2.19517 0.687009 0.336853 0.427235 1.68725
230.192 0.174331 0.433689 2.1203 2.96839 0.414922 0.0304493 0.145152 0.463669 2.20844 2.89126 0.39176 0.034639 -0.0291795 0.0299802 0.0881465 -0.0771312 -0.0231621 0.00418964 0.0975708 4.70969 -4.13691 3.16928 2.69813 -0.0168873 -0.0790532 -1.34677 -4.11117 2.19386 0.666017 0.375873 0.442924 1.69123
230.614 0.179665 0.430958 2.12061 2.96685 0.430862 0.0290406 0.145546 0.448706 2.14587 2.94049 0.509236 0.00839375 -0.0341187 0.0177479 0.0252608 -0.0263559 0.078374 -0.0206468 0.0460128 4.71418 -4.12725 3.17082 2.68217 -0.0144723 -0.0789565 -1.3461 -4.10111 2.1932 0.6511 0.38834 0.442238 1.68903
231.035 0.184202 0.428907 2.12114 2.96143 0.436828 0.0293018 0.153094 0.450901 2.17023 2.83008 -0.257511 0.186529 -0.0311087 0.0219947 0.0490873 -0.131348 -0.694339 0.157228 0.0621376 41.5589 -4.12006 3.1724 2.66992 -0.0128548 -0.078956 -1.34567 -4.09426 2.19275 0.639248 0.39084 0.437436 1.6852
231.497 0.188831 0.427204 2.12199 2.95313 0.438712 0.0303887 0.15995 0.456802 2.21215 2.94769 0.337487 0.0469668 -0.0288813 0.0295989 0.090157 -0.00543973 -0.101226 0.0165781 0.0991892 5.90425 -4.11299 3.17431 2.65734 -0.0114682 -0.0791204 -1.34528 -4.0881 2.19234 0.626818 0.388878 0.429836 1.68005
232.018 0.194974 0.425353 2.12311 2.94076 0.435999 0.033243 0.163837 0.447934 2.17382 2.8775 -0.291221 0.195255 -0.0311372 0.0225817 0.0507173 -0.0632534 -0.72722 0.162012 0.063653 42.8479 -4.10387 3.17733 2.6398 -0.0101264 -0.0796851 -1.34484 -4.08095 2.19176 0.609512 0.381034 0.418408 1.67232
232.485 0.199806 0.423472 2.1238 2.93217 0.430517 0.0364751 0.170379 0.452723 2.21077 2.99634 0.402127 0.034986 -0.0294269 0.0292507 0.0869725 0.0641713 -0.0283902 -0.00148909 0.0963626 4.0527 -4.09732 3.17993 2.62598 -0.00929332 -0.0800411 -1.34458 -4.07632 2.19133 0.595984 0.371614 0.409898 1.66638
232.957 0.20461 0.4211 2.1249 2.92527 0.423671 0.0402351 0.174094 0.443862 2.17216 2.92829 -0.248874 0.183509 -0.0305157 0.0227617 0.0472561 0.0030171 -0.672545 0.143274 0.0606832 39.3633 -4.09106 3.18282 2.61132 -0.00858082 -0.0801924 -1.34439 -4.07235 2.19087 0.581923 0.361528 0.402898 1.6612
233.381 0.210828 0.417755 2.12571 2.91966 0.413454 0.0451912 0.179382 0.444462 2.19032 2.83158 0.384871 0.0381284 -0.0314463 0.0267064 0.0646113 -0.0880769 -0.0285824 -0.00706286 0.0766597 5.16945 -4.08323 3.18706 2.59046 -0.00798607 -0.0806108 -1.34422 -4.06797 2.19024 0.562403 0.347877 0.396838 1.65602
233.744 0.212252 0.416982 2.12583 2.9187 0.410629 0.0463789 0.187134 0.443359 2.2034 2.89374 0.421958 0.0323607 -0.025118 0.0263774 0.0775724 -0.0249637 0.011329 -0.0140181 0.0856981 1.4775 -4.08138 3.18819 2.58503 -0.0079218 -0.0807788 -1.34419 -4.06701 2.1901 0.55739 0.344383 0.395787 1.65504
234.377 0.220067 0.412843 2.12673 2.91339 0.390484 0.0520992 0.194744 0.439322 2.20246 2.89461 0.427528 0.0320656 -0.0253231 0.0264793 0.0757313 -0.0187878 0.0370446 -0.0200336 0.0841287 2.44905 -4.0696 3.19686 2.54585 -0.00850073 -0.0825559 -1.34405 -4.06162 2.18962 0.521516 0.322669 0.390723 1.65196
234.589 0.224293 0.411048 2.12714 2.90978 0.379215 0.0528666 0.199994 0.441299 2.22712 2.87694 0.328663 0.0701168 -0.0242984 0.0302509 0.0999754 -0.0328397 -0.0505516 0.0172502 0.107241 3.76754 -4.06385 3.20246 2.52354 -0.00882559 -0.0838599 -1.34391 -4.05923 2.18999 0.501138 0.311909 0.387766 1.65274
235.062 0.229303 0.408318 2.12757 2.90639 0.370656 0.0515305 0.200105 0.434238 2.19643 2.86594 0.324455 0.0512122 -0.0291983 0.0259208 0.0688639 -0.0404418 -0.046201 -0.000318308 0.0791622 3.5138 -4.05884 3.2086 2.5017 -0.00861119 -0.0847896 -1.34365 -4.05718 2.19091 0.481322 0.304374 0.384921 1.65521
236.699 0.238309 0.388815 2.12861 2.91844 0.362876 0.0405005 0.21393 0.41395 2.20066 2.8732 0.32939 0.0199294 -0.024379 0.0251346 0.0720506 -0.045235 -0.0334855 -0.020571 0.0801085 3.11672 -4.04713 3.23644 2.41931 -0.0096127 -0.0855305 -1.34211 -4.0503 2.19829 0.409944 0.306801 0.397714 1.67455
236.945 0.237693 0.384044 2.12912 2.92733 0.362368 0.0379428 0.211917 0.40404 2.17224 2.96374 -0.156075 0.125674 -0.0257762 0.0199961 0.0431187 0.0364162 -0.518442 0.0877315 0.0540693 30.1517 -4.04583 3.24515 2.39619 -0.01017 -0.0862217 -1.34179 -4.04794 2.20109 0.390641 0.30951 0.406849 1.68063
237.424 0.235885 0.378012 2.12954 2.93577 0.360893 0.0359455 0.210511 0.399291 2.16663 3.00611 -0.216241 0.13786 -0.0253743 0.021279 0.0370937 0.0703373 -0.577134 0.101915 0.0497252 33.7479 -4.04524 3.25447 2.37297 -0.0108495 -0.0867232 -1.34155 -4.04522 2.20422 0.371332 0.311231 0.415491 1.68635
237.801 0.233996 0.372753 2.13007 2.9407 0.35926 0.0344695 0.209928 0.398293 2.19905 2.88583 0.329804 0.0221871 -0.0240681 0.0255407 0.068983 -0.0548741 -0.029456 -0.0122824 0.0773968 3.42531 -4.04524 3.26187 2.35557 -0.0113288 -0.0869501 -1.34141 -4.04298 2.20678 0.356785 0.311859 0.420445 1.69023
238.042 0.232566 0.36898 2.1306 2.94265 0.357898 0.0334155 0.20658 0.387655 2.16507 3.00803 -0.219889 0.137398 -0.0259855 0.0186756 0.034465 0.0653831 -0.577787 0.103982 0.0470304 33.7777 -4.04542 3.26699 2.34397 -0.0116088 -0.0870207 -1.34134 -4.04139 2.20862 0.346982 0.311861 0.422375 1.69248
238.485 0.22605 0.3544 2.13398 2.93928 0.351101 0.029369 0.202068 0.378775 2.19716 2.90198 0.328224 0.025366 -0.023982 0.0243746 0.0631807 -0.0373044 -0.0228767 -0.004003 0.0718405 2.45192 -4.04715 3.28604 2.30339 -0.0126195 -0.0867284 -1.34121 -4.03545 2.21581 0.311757 0.30897 0.418744 1.69761
238.806 0.220703 0.342781 2.13749 2.92859 0.343147 0.027265 0.198163 0.370981 2.19643 2.90851 0.327056 0.0267152 -0.0225406 0.0282005 0.0589357 -0.0200856 -0.0160911 -0.000549849 0.0691141 1.46687 -4.04925 3.30057 2.27467 -0.0131087 -0.0860716 -1.34126 -4.03086 2.22162 0.286081 0.302388 0.407575 1.6982
239.164 0.217778 0.335408 2.13976 2.91999 0.337512 0.0265771 0.195643 0.364591 2.21068 2.82728 0.297629 0.0168624 -0.0221351 0.0291831 0.0709211 -0.0927106 -0.0398829 -0.00971471 0.0798212 5.64778 -4.05078 3.30956 2.25756 -0.0131047 -0.0855696 -1.34135 -4.02803 2.22534 0.270581 0.296771 0.39852 1.69737
239.484 0.214947 0.327605 2.14192 2.91145 0.332093 0.026294 0.190319 0.351504 2.1945 2.92416 0.325534 0.0298364 -0.0246283 0.0238987 0.0525868 0.0127095 -0.00655899 0.00354242 0.0627939 0.785841 -4.05249 3.31869 2.24035 -0.0130019 -0.0849836 -1.34146 -4.02523 2.22915 0.255028 0.290992 0.389287 1.6961
240.045 0.211004 0.316929 2.14504 2.90127 0.325178 0.0264392 0.186421 0.343726 2.19376 2.93048 0.324396 0.0311548 -0.024583 0.026797 0.0487173 0.0292085 -0.000781785 0.00471561 0.0607929 1.60839 -4.05499 3.33099 2.21723 -0.0128071 -0.0840048 -1.34168 -4.02163 2.23429 0.234326 0.283614 0.378185 1.69429
240.517 0.207986 0.308448 2.1473 2.89415 0.320469 0.0265216 0.187414 0.34108 2.23138 3.04363 -0.139222 0.0871688 -0.0205721 0.0326319 0.0840871 0.149483 -0.459691 0.0606472 0.0925132 27.788 -4.05702 3.34023 2.19987 -0.0126609 -0.0830655 -1.34189 -4.01907 2.23822 0.218816 0.278611 0.370095 1.69304
240.831 0.20497 0.29981 2.14941 2.88766 0.315986 0.0262956 0.183418 0.329201 2.23015 3.04507 -0.142835 0.0869749 -0.0215518 0.0293914 0.0807346 0.157409 -0.458822 0.0606794 0.08858 27.8814 -4.05916 3.34939 2.18236 -0.0125009 -0.0820432 -1.34214 -4.01667 2.24221 0.20319 0.274084 0.362528 1.69227
241.127 0.202453 0.291114 2.15122 2.88213 0.311147 0.0257388 0.178853 0.317713 2.21974 2.90453 0.394973 0.00923174 -0.0236 0.0265994 0.0685196 0.0224003 0.0838265 -0.016507 0.0771973 5.14278 -4.06138 3.3584 2.16467 -0.0121019 -0.0809968 -1.34241 -4.01438 2.24623 0.187412 0.269263 0.355726 1.69217
241.431 0.200229 0.283337 2.15314 2.87695 0.305838 0.0245719 0.175309 0.305823 2.20084 -3.12874 -0.194401 0.0928246 -0.0249202 0.0224858 0.0477028 -6.00569 -0.500239 0.0682527 0.0583283 32.8154 -4.06367 3.3672 2.14702 -0.0115273 -0.0800995 -1.34269 -4.01223 2.25026 0.171647 0.264382 0.349561 1.69293
241.935 0.198069 0.274191 2.15514 2.87261 0.298534 0.0221767 0.175142 0.302346 2.24266 2.88158 0.179146 0.0581228 -0.0229277 0.0281554 0.0875266 0.00896601 -0.119388 0.0359461 0.0947592 7.12679 -4.06683 3.37848 2.12345 -0.0104317 -0.0793193 -1.343 -4.00961 2.2555 0.150768 0.257992 0.344114 1.6956
242.362 0.19639 0.267248 2.15605 2.87248 0.292853 0.0201828 0.172524 0.29187 2.23762 2.85741 0.366178 0.00184157 -0.0238662 0.024622 0.0815674 -0.0150637 0.0733253 -0.0183413 0.0884821 4.34875 -4.06931 3.38655 2.10561 -0.00970981 -0.0788279 -1.34318 -4.00785 2.25922 0.135213 0.253503 0.343132 1.6988
243.221 0.189905 0.250317 2.15756 2.88127 0.281793 0.0155672 0.168342 0.277264 2.24561 2.8939 0.282472 0.0151704 -0.021563 0.026947 0.0880541 0.0126363 0.000678753 -0.000396774 0.094576 0.731684 -4.07544 3.40385 2.06282 -0.00951175 -0.077054 -1.34345 -4.00465 2.26688 0.0984865 0.247356 0.349346 1.70857
243.578 0.18702 0.243655 2.15793 2.88722 0.27853 0.0136449 0.164401 0.269392 2.24535 2.89976 0.280574 0.0163983 -0.0226187 0.0257378 0.087418 0.0125383 0.00204477 0.00275334 0.0938932 0.70165 -4.07817 3.41052 2.04398 -0.0095936 -0.0764118 -1.34352 -4.00369 2.26965 0.0823986 0.24633 0.354366 1.71293
245.118 0.175901 0.229004 2.16135 2.87552 0.275936 0.000302968 0.147583 0.244188 2.21355 2.81895 0.261163 -0.0133009 -0.0283187 0.0151843 0.0522047 -0.0565702 -0.0147732 -0.0136038 0.0613012 3.23858 -4.09304 3.43723 1.94556 -0.00918581 -0.0789622 -1.34356 -4.00269 2.28074 -0.00787096 0.250383 0.34586 1.72408
245.318 0.175239 0.229326 2.16232 2.86481 0.279315 -0.00356593 0.147583 0.244188 2.21355 2.81895 0.261163 -0.0133009 -0.0276564 0.0148625 0.0512377 -0.0458529 -0.0181522 -0.00973493 0.0600922 2.74081 -4.09585 3.44055 1.92805 -0.00869683 -0.080167 -1.34346 -4.00334 2.28214 -0.0251629 0.254091 0.337005 1.72421
245.893 0.172232 0.229464 2.16511 2.83531 0.293098 -0.0148033 0.147252 0.247176 2.23967 2.88134 0.34808 -0.0231958 -0.0249799 0.0177117 0.0745622 0.0460246 0.0549821 -0.00839253 0.0806054 4.23161 -4.10359 3.44698 1.88386 -0.00841986 -0.0823516 -1.34299 -4.00637 2.28452 -0.0694508 0.269723 0.312073 1.72386
246.087 0.171196 0.230082 2.16575 2.82847 0.297143 -0.0177853 0.143722 0.244195 2.21362 2.81913 0.258704 -0.0130211 -0.0274744 0.0141129 0.0478666 -0.00934231 -0.0384387 0.00476419 0.0569669 2.30036 -4.10559 3.44805 1.87339 -0.00856764 -0.0830209 -1.34284 -4.00739 2.28479 -0.0799796 0.274472 0.306621 1.72384
246.346 0.169567 0.231557 2.16612 2.81891 0.302642 -0.0220145 0.143349 0.24719 2.23979 2.88176 0.345783 -0.0229229 -0.0262182 0.0156328 0.0736758 0.0628462 0.0431412 -0.00090841 0.0797489 4.38133 -4.10966 3.44959 1.85309 -0.00893044 -0.0847999 -1.34254 -4.00902 2.28497 -0.0953787 0.281031 0.299407 1.72384
246.62 0.166574 0.235211 2.16751 2.80572 0.306753 -0.026241 0.13974 0.246797 2.21176 2.74407 0.259519 -0.0295872 -0.0268344 0.0115863 0.0442506 -0.0616493 -0.0472334 -0.00334615 0.0530325 4.411 -4.11276 3.45025 1.8386 -0.0096019 -0.0863204 -1.34234 -4.01126 2.285 -0.115297 0.286603 0.289274 1.72324
247.061 0.178292 0.223975 2.17597 2.72959 0.248375 0.00623843 0.149556 0.245834 2.24916 -3.04245 -0.125728 0.04684 -0.0287365 0.0218582 0.0731958 -5.77204 -0.374103 0.0406016 0.0816162 36.1098 -4.11917 3.45269 1.81554 -0.00730685 -0.0852964 -1.34258 -4.0205 2.27666 -0.141427 0.211295 0.20756 1.69328
247.421 0.182338 0.221795 2.18224 2.66877 0.203018 0.0338098 0.156154 0.242704 2.28195 2.75311 0.278567 0.00421577 -0.0261838 0.0209093 0.0997085 0.0843352 0.0755486 -0.029594 0.105188 6.98966 -4.12371 3.45378 1.80185 -0.00732689 -0.0867162 -1.34318 -4.02659 2.27091 -0.157937 0.155625 0.144037 1.67539
247.839 0.186925 0.222153 2.19062 2.58008 0.147991 0.0719698 0.157183 0.236769 2.23738 2.58427 0.18685 0.0623932 -0.0297425 0.0146165 0.0467614 0.00419106 0.0388589 -0.00957665 0.057314 2.31511 -4.13103 3.45449 1.78379 -0.0054986 -0.0888278 -1.34431 -4.03244 2.26584 -0.181377 0.0853899 0.051936 1.65726
248.065 0.188016 0.222993 2.19445 2.53759 0.126256 0.0887413 0.161477 0.243878 2.28308 -2.7867 0.0413575 0.0955705 -0.0265385 0.0208849 0.0886356 -5.32429 -0.0848989 0.00682912 0.0948512 55.1077 -4.135 3.45446 1.77597 -0.0043121 -0.0896568 -1.34484 -4.03433 2.26438 -0.192133 0.0566519 0.00805876 1.65171
248.392 0.19168 0.196791 2.19481 2.54117 0.0800566 0.123014 0.163528 0.24463 2.28356 2.51844 0.120432 0.0878999 -0.0281519 0.047839 0.0887421 -0.0227315 0.040375 -0.0351144 0.104672 3.25113 -4.14218 3.45421 1.76389 -0.00140497 -0.0787111 -1.34409 -4.0365 2.26394 -0.202562 -0.00197735 -0.00274684 1.65079
248.597 0.198507 0.14202 2.1954 2.56397 0.0814074 0.121627 0.167381 0.213519 2.28118 2.56849 0.0929538 0.107428 -0.0311262 0.0714994 0.0857787 0.00452351 0.0115464 -0.0141999 0.115927 1.09718 -4.14548 3.45642 1.761 0.00371397 -0.056922 -1.34478 -4.0365 2.26395 -0.202516 -0.00199618 -0.00246708 1.65079
248.824 0.205817 0.0688143 2.194 2.59355 0.0829212 0.11994 0.176764 0.119933 2.27599 -2.66117 0.108224 0.128022 -0.0290536 0.051119 0.0819959 -5.25472 0.0253027 0.00808195 0.100899 58.9005 -4.15077 3.46052 1.75601 0.0101927 -0.0279821 -1.34562 -4.0365 2.26396 -0.202483 -0.00202108 -0.00228123 1.65079
249.091 0.20618 0.0373574 2.19288 2.60463 0.0838606 0.118476 0.180695 0.0642602 2.2755 -2.63744 0.110511 0.130642 -0.0254846 0.0269027 0.0826247 -5.24208 0.0266508 0.0121666 0.0905542 59.605 -4.15652 3.46491 1.75203 0.0133384 -0.017322 -1.34643 -4.0365 2.26396 -0.202456 -0.00204253 -0.00212838 1.65079
249.371 0.200977 -0.0158849 2.1892 2.62295 0.0833595 0.117381 0.177073 0.022764 2.23964 2.59766 0.0849849 0.130494 -0.0239035 0.038649 0.0504443 -0.0252912 0.00162537 0.0131123 0.0678952 1.69003 -4.16702 3.47206 1.74385 0.0160877 0.00067058 -1.34761 -4.0365 2.26397 -0.202419 -0.00207184 -0.00191969 1.65079
250.005 0.173016 -0.020434 2.18351 2.61617 0.0791115 0.117545 0.152057 -0.0222847 2.24578 2.61107 0.0608006 0.0991058 -0.0209585 -0.00185071 0.0622727 -0.00510055 -0.0183109 -0.0184388 0.0657311 1.50298 -4.18599 3.48119 1.7279 0.0113967 -0.0057511 -1.34959 -4.0365 2.26397 -0.202376 -0.00210574 -0.00167788 1.65079
250.641 0.111904 0.159539 2.20367 2.52738 0.068106 0.122834 0.0918396 0.128442 2.30942 2.59931 0.0490599 0.132407 -0.0200644 -0.0310973 0.105759 0.0719385 -0.0190461 0.00957296 0.112047 4.26792 -4.20301 3.48623 1.74473 -0.0119403 -0.0839625 -1.34943 -4.03656 2.2646 -0.201055 -0.00212759 -0.0101637 1.65151
250.933 0.103364 0.302007 2.19385 2.47882 0.0739691 0.116413 0.0838269 0.234605 2.31238 2.51448 0.0881807 0.109008 -0.0195369 -0.0674022 0.118527 0.0356628 0.0142116 -0.00740501 0.137744 2.27124 -4.21093 3.47745 1.74894 -0.0104054 -0.142454 -1.35045 -4.03674 2.26573 -0.202332 -0.00331249 -0.000292643 1.6525
251.2 0.0933053 0.327542 2.19244 2.46815 0.0732702 0.116293 0.0757415 0.329574 2.31244 2.5343 0.0893717 0.105204 -0.0175638 0.00203209 0.119996 0.0661517 0.0161014 -0.0110887 0.121291 4.00145 -4.21398 3.47403 1.75194 -0.0133339 -0.152079 -1.35058 -4.03671 2.2657 -0.202327 -0.00221572 -0.00136618 1.6525
251.633 0.0754564 0.352423 2.18929 2.46229 0.0715788 0.117669 0.0495151 0.374834 2.26892 2.4725 0.114848 0.0966608 -0.0259413 0.0224108 0.0796286 0.0102112 0.0432696 -0.021008 0.0866943 2.84042 -4.2233 3.46126 1.75826 -0.0163381 -0.157615 -1.35011 -4.03671 2.2657 -0.202313 -0.00220403 -0.00132875 1.6525
251.896 0.071034 0.349077 2.18976 2.4663 0.0717119 0.118585 0.0434181 0.380506 2.30885 2.53956 0.0406309 0.128312 -0.0276159 0.0314288 0.119093 0.0732649 -0.0310809 0.00972721 0.126228 4.56497 -4.22771 3.45551 1.76136 -0.0162615 -0.153669 -1.34932 -4.03671 2.2657 -0.202308 -0.00219898 -0.00130275 1.6525
252.103 0.0700238 0.348617 2.1895 2.46773 0.0722241 0.118968 0.0400603 0.366122 2.23423 2.41391 0.0528516 0.121997 -0.0299635 0.0175052 0.0447293 -0.0538217 -0.0193725 0.00302987 0.0566123 3.29218 -4.22957 3.45265 1.76254 -0.0159032 -0.152318 -1.34875 -4.03671 2.2657 -0.202306 -0.00219702 -0.00129264 1.6525
252.42 0.0690965 0.348681 2.18947 2.47005 0.0734619 0.119801 0.0376528 0.368303 2.26529 2.47569 0.0551212 0.139375 -0.0314437 0.0196215 0.0758237 0.00563702 -0.0183407 0.0195746 0.0843975 1.5557 -4.23266 3.44772 1.76521 -0.015136 -0.150171 -1.34744 -4.03671 2.2657 -0.202302 -0.00219307 -0.00127234 1.6525
252.628 0.0689177 0.349534 2.18933 2.47082 0.0741105 0.120268 0.0376767 0.371821 2.26876 2.44297 0.0798128 0.120049 -0.031241 0.0222862 0.0794333 -0.0278515 0.00570229 -0.00021959 0.0882175 1.62799 -4.23387 3.44536 1.76648 -0.0148148 -0.149479 -1.34672 -4.03671 2.2657 -0.202301 -0.00219147 -0.00126407 1.6525
254.006 0.0774865 0.357414 2.18758 2.47528 0.0805837 0.123946 0.0456026 0.381842 2.2692 2.50519 0.081536 0.119458 -0.031884 0.0244279 0.081615 0.0299043 0.00095228 -0.00448806 0.0909633 1.7539 -4.23672 3.43042 1.7745 -0.0114012 -0.145809 -1.34032 -4.03671 2.2657 -0.202293 -0.00218281 -0.00121952 1.6525
254.426 0.08085 0.355182 2.18774 2.4773 0.0816758 0.124623 0.0473854 0.38148 2.26507 -2.79331 0.0291887 0.144045 -0.0334646 0.0262977 0.0773391 -5.27061 -0.0524871 0.0194222 0.0882767 58.0353 -4.23583 3.42888 1.77545 -0.0106657 -0.143943 -1.33922 -4.03671 2.2657 -0.202292 -0.00218179 -0.00121424 1.6525
254.695 0.0832532 0.35165 2.18803 2.47941 0.0822214 0.125218 0.0496248 0.37175 2.22698 2.44557 0.0931718 0.131839 -0.0336284 0.0200999 0.0389506 -0.0338358 0.0109504 0.00662079 0.0552451 2.10357 -4.23493 3.42816 1.77588 -0.0102924 -0.141931 -1.33847 -4.03671 2.2657 -0.202291 -0.00218074 -0.00120885 1.6525
255.126 0.0868353 0.344721 2.18875 2.48293 0.0826895 0.126296 0.055446 0.371196 2.26894 -2.82708 0.00234972 0.132179 -0.0313893 0.0264749 0.0801899 -5.31002 -0.0803398 0.00588254 0.0900923 55.9196 -4.23305 3.42787 1.7762 -0.0100587 -0.138494 -1.33736 -4.03671 2.2657 -0.20229 -0.00217975 -0.00120375 1.6525
256.201 0.101117 0.329761 2.19017 2.48876 0.0845521 0.127974 0.0673469 0.355399 2.26932 -2.82223 0.0057537 0.131682 -0.0337698 0.0256385 0.0791434 -5.31099 -0.0787984 0.00370761 0.0897854 55.8614 -4.22504 3.43195 1.77466 -0.0087304 -0.132959 -1.33506 -4.03671 2.26571 -0.202288 -0.00217828 -0.00119617 1.6525
256.623 0.105581 0.326421 2.19044 2.48978 0.0854041 0.127812 0.0713088 0.346791 2.23539 2.42735 0.0678246 0.120302 -0.034272 0.0203702 0.0449508 -0.062429 -0.0175795 -0.00751022 0.060084 3.70919 -4.22316 3.43353 1.77394 -0.00779812 -0.132059 -1.3348 -4.03671 2.26571 -0.202288 -0.00217779 -0.00119364 1.6525
256.899 0.109991 0.321103 2.19094 2.49152 0.0861232 0.127671 0.0773362 0.348236 2.27 2.45933 0.098991 0.11822 -0.0326549 0.0271329 0.0790615 -0.0321962 0.0128678 -0.00945143 0.08974 2.01363 -4.2213 3.43539 1.77307 -0.00685966 -0.130399 -1.33459 -4.03671 2.26571 -0.202288 -0.00217779 -0.00119364 1.6525
257.297 0.117372 0.302323 2.1927 2.49804 0.0865416 0.127859 0.0846687 0.323314 2.22825 2.47534 0.109931 0.130742 -0.0327029 0.0209908 0.0355506 -0.0227054 0.0233896 0.00288348 0.0526682 1.88616 -4.21782 3.43994 1.77072 -0.00564023 -0.124035 -1.33433 -4.03671 2.26571 -0.202287 -0.00217731 -0.00119112 1.6525
257.492 0.12019 0.292613 2.19359 2.50124 0.0864251 0.128049 0.089155 0.317141 2.26723 2.50905 0.0772045 0.137871 -0.0310351 0.024528 0.0736367 0.00781391 -0.00922067 0.00982121 0.0835893 0.869081 -4.21625 3.44251 1.76937 -0.00535235 -0.120863 -1.33428 -4.03671 2.26571 -0.202287 -0.00217731 -0.00119112 1.6525
257.76 0.122862 0.283376 2.19438 2.50415 0.0863158 0.128184 0.0932171 0.308665 2.27057 2.48192 0.103661 0.119424 -0.0296453 0.0252882 0.0761811 -0.0222344 0.0173447 -0.00875983 0.0855681 1.65564 -4.21479 3.44519 1.76791 -0.00506888 -0.117972 -1.33426 -4.03671 2.26571 -0.202287 -0.00217731 -0.00119112 1.6525
258.008 0.125201 0.274314 2.19514 2.5069 0.0861262 0.128346 0.0947705 0.292244 2.23627 2.45861 0.0748833 0.121163 -0.0304307 0.0179302 0.0411351 -0.0482849 -0.0112429 -0.00718369 0.0542182 2.83807 -4.21345 3.448 1.76636 -0.00489198 -0.115232 -1.33426 -4.03671 2.26571 -0.202287 -0.00217731 -0.00119112 1.6525
258.266 0.128087 0.261198 2.19619 2.51086 0.0857959 0.128598 0.0970843 0.285487 2.26743 2.52665 0.0777414 0.138917 -0.0310027 0.0242888 0.0712428 0.0157936 -0.00805451 0.0103183 0.0814043 1.13746 -4.21189 3.45198 1.76413 -0.00469405 -0.111282 -1.33427 -4.03671 2.26571 -0.202287 -0.00217684 -0.00118859 1.6525
258.529 0.13108 0.24962 2.19701 2.51454 0.0858607 0.128616 0.101161 0.273003 2.27082 2.50132 0.104318 0.121019 -0.0299196 0.0233825 0.0738074 -0.0132218 0.0184577 -0.00759693 0.0830028 1.34872 -4.21087 3.45511 1.76234 -0.0040805 -0.107647 -1.33427 -4.03671 2.26571 -0.202287 -0.00217684 -0.00118859 1.6525
258.743 0.134615 0.238206 2.19775 2.51814 0.0862234 0.128474 0.105134 0.261122 2.27098 2.50785 0.105173 0.121495 -0.0294806 0.0229161 0.0732311 -0.010291 0.0189498 -0.00697886 0.0822013 1.28115 -4.21 3.45828 1.76051 -0.00314469 -0.104136 -1.33427 -4.03671 2.26571 -0.202287 -0.00217684 -0.00118859 1.6525
259.02 0.139666 0.224337 2.19852 2.52231 0.0870469 0.12809 0.109108 0.24924 2.27114 2.51434 0.106001 0.121982 -0.0305573 0.0249034 0.0726234 -0.00796087 0.018954 -0.00610796 0.0826322 1.21627 -4.20911 3.46258 1.75799 -0.00160774 -0.100127 -1.33425 -4.03671 2.26571 -0.202287 -0.00217684 -0.00118859 1.6525
259.236 0.143041 0.214126 2.19905 2.52528 0.0876146 0.127835 0.112944 0.235978 2.26778 2.48876 0.0871505 0.139775 -0.0300969 0.0218517 0.0687373 -0.0365156 -0.000464039 0.0119399 0.0781546 2.25741 -4.20871 3.46586 1.75603 -0.000538283 -0.097263 -1.33423 -4.03671 2.26571 -0.202287 -0.00217684 -0.00118859 1.6525
259.454 0.145083 0.204366 2.19958 2.52801 0.087758 0.127822 0.114336 0.222003 2.23695 2.4967 0.0777129 0.123327 -0.0307463 0.0176377 0.0373679 -0.0313079 -0.0100451 -0.00449477 0.0515052 1.88118 -4.20856 3.46916 1.75405 2.01534e-05 -0.0945132 -1.3342 -4.03671 2.26571 -0.202287 -0.00217684 -0.00118859 1.6525
259.698 0.146291 0.194082 2.20013 2.53084 0.0876276 0.127971 0.120175 0.21739 2.31159 2.56 0.0717724 0.128653 -0.0261156 0.0233082 0.111456 0.0291602 -0.0158551 0.000682111 0.116823 1.8994 -4.20868 3.47245 1.75204 0.00025344 -0.0917741 -1.33417 -4.03671 2.26571 -0.202287 -0.00217684 -0.00118859 1.6525
259.93 0.147043 0.180834 2.20081 2.53444 0.0872944 0.128264 0.118952 0.202999 2.27107 -2.70127 0.0193679 0.130974 -0.0280914 0.0221645 0.0702634 -5.23571 -0.0679265 0.00270999 0.0788501 60.1222 -4.20924 3.47674 1.74936 0.000370712 -0.0881684 -1.33412 -4.03671 2.26571 -0.202287 -0.00217684 -0.00118859 1.6525
260.227 0.147598 0.171506 2.20124 2.53694 0.0871942 0.128404 0.118246 0.186838 2.23694 2.51462 0.0759979 0.12469 -0.029352 0.0153322 0.0357067 -0.0223181 -0.0111964 -0.00371395 0.0486989 1.43094 -4.20995 3.47988 1.74736 0.000606495 -0.085614 -1.33408 -4.03671 2.26571 -0.202287 -0.00217684 -0.00118859 1.6525
260.481 0.148776 0.158843 2.20172 2.54031 0.0874183 0.12839 0.118878 0.180497 2.26748 2.51589 0.0811449 0.143013 -0.0298984 0.021654 0.065755 -0.0244215 -0.0062734 0.0146233 0.0754091 1.72805 -4.21127 3.48395 1.7447 0.00131228 -0.082378 -1.33402 -4.03671 2.26571 -0.202287 -0.00217684 -0.00118859 1.6525
260.72 0.149297 0.148491 2.20207 2.54323 0.0875097 0.128425 0.120868 0.168634 2.26773 2.52247 0.0835979 0.142621 -0.0284287 0.0201434 0.0656564 -0.0207649 -0.00391184 0.0141959 0.0743284 1.51414 -4.21256 3.48694 1.7427 0.00181763 -0.0795121 -1.33397 -4.03671 2.26571 -0.202287 -0.00217684 -0.00118859 1.6525
260.935 0.14915 0.137716 2.20243 2.54634 0.0874029 0.128574 0.120864 0.156744 2.26763 2.52812 0.0822935 0.143134 -0.0282857 0.0190288 0.0652051 -0.0182149 -0.00510932 0.0145601 0.0735791 1.42079 -4.2141 3.48986 1.74072 0.00212569 -0.0764338 -1.33393 -4.03671 2.26571 -0.202286 -0.00217637 -0.00118609 1.6525
261.2 0.147565 0.119605 2.20288 2.55154 0.0868815 0.129009 0.121018 0.144076 2.27111 2.50458 0.104956 0.126996 -0.0265472 0.0244712 0.0682329 -0.046959 0.0180747 -0.00201316 0.0771966 2.87494 -4.2172 3.49455 1.73733 0.00225762 -0.0712246 -1.33385 -4.03671 2.26571 -0.202286 -0.00217637 -0.00118609 1.6525
261.429 0.14657 0.112079 2.20302 2.55369 0.086584 0.129227 0.118222 0.130119 2.23642 2.48288 0.0764832 0.126577 -0.0283481 0.0180401 0.0334061 -0.0708083 -0.0101008 -0.00264978 0.0473817 4.08859 -4.21863 3.49645 1.73592 0.00222415 -0.0690641 -1.33383 -4.03671 2.26571 -0.202286 -0.00217637 -0.00118609 1.6525
261.695 0.144307 0.0968841 2.20323 2.55793 0.0859874 0.129643 0.117016 0.119309 2.27133 2.54472 0.12866 0.109326 -0.0272919 0.0224246 0.0680989 -0.0132101 0.0426722 -0.0203171 0.0767149 2.77784 -4.22181 3.50042 1.73292 0.00215675 -0.064797 -1.3338 -4.03671 2.26571 -0.202286 -0.00217637 -0.00118609 1.6525
261.932 0.143013 0.0890695 2.20331 2.56006 0.0856656 0.129853 0.117042 0.106422 2.27096 2.58491 0.095406 0.129087 -0.0259711 0.0173525 0.0676479 0.0248473 0.0097404 -0.00076691 0.0745108 1.5334 -4.22354 3.50254 1.73131 0.00210337 -0.0626547 -1.3338 -4.03671 2.26571 -0.202286 -0.00217637 -0.00118609 1.6525
262.23 0.138123 0.0677645 2.20336 2.56574 0.0841931 0.130722 0.113056 0.0924752 2.27044 2.52782 0.0963677 0.129609 -0.0250673 0.0247108 0.0670766 -0.0379234 0.0121745 -0.0011128 0.0757513 2.27744 -4.22828 3.50837 1.72677 0.00128255 -0.0568459 -1.33381 -4.03671 2.26571 -0.202286 -0.00217637 -0.00118609 1.6525
262.513 0.133671 0.053678 2.20326 2.56933 0.0826568 0.131589 0.108929 0.0774809 2.26635 2.56352 0.0683992 0.146289 -0.0247417 0.0238029 0.0630859 -0.00581654 -0.0142576 0.0146999 0.0718231 1.23701 -4.23136 3.51236 1.72357 8.8397e-05 -0.0530989 -1.33385 -4.03671 2.26571 -0.202286 -0.00217637 -0.00118609 1.6525
262.738 0.127918 0.0388184 2.2031 2.57295 0.0805307 0.132768 0.102547 0.0597662 2.23516 2.51399 0.0627301 0.129182 -0.0253711 0.0209478 0.0320587 -0.0589605 -0.0178006 -0.00358657 0.0459375 3.52059 -4.23455 3.5168 1.72003 -0.00176491 -0.049246 -1.3339 -4.03671 2.26571 -0.202286 -0.00217637 -0.00118609 1.6525
263.024 0.121769 0.0236426 2.20283 2.57643 0.0781995 0.134031 0.0971568 0.0448635 2.26947 2.54786 0.0849036 0.131686 -0.0246126 0.0212209 0.0666399 -0.0285678 0.00670415 -0.00234583 0.0741417 1.67608 -4.23779 3.52171 1.71615 -0.00385661 -0.0455004 -1.33398 -4.03671 2.26571 -0.202286 -0.00217637 -0.00118609 1.6525
263.38 0.1143 0.00262759 2.202 2.58093 0.075293 0.135559 0.0918216 0.0275867 2.30878 2.64441 0.0394589 0.134594 -0.0224783 0.0249592 0.106783 0.0634815 -0.0358341 -0.000965292 0.111941 4.17964 -4.24202 3.52905 1.71011 -0.00641348 -0.0406607 -1.33412 -4.03671 2.26571 -0.202286 -0.00217637 -0.00118609 1.6525
263.636 0.110532 -0.0138631 2.20091 2.5843 0.0737899 0.1363 0.085245 0.00918168 2.26884 2.56255 0.0766212 0.132942 -0.0252874 0.0230448 0.0679316 -0.0217536 0.0028313 -0.003358 0.0760606 1.25741 -4.24505 3.53525 1.70482 -0.00755061 -0.0371245 -1.33424 -4.03671 2.26571 -0.202286 -0.00217637 -0.00118609 1.6525
263.796 0.108581 -0.0313487 2.19928 2.58777 0.072947 0.136666 0.0812758 -0.0106336 2.26863 2.57079 0.0732739 0.133556 -0.0273055 0.0207151 0.0693473 -0.0169816 0.000326948 -0.0031099 0.0773547 0.976386 -4.24791 3.54206 1.69872 -0.00791604 -0.0335831 -1.33435 -4.03671 2.26571 -0.202286 -0.00217637 -0.00118609 1.6525
264.184 0.108241 -0.0561976 2.19614 2.59253 0.0725955 0.136735 0.0792801 -0.0304436 2.26821 2.57829 0.0717665 0.133818 -0.0289608 0.025754 0.0720762 -0.0142421 -0.000828914 -0.00291686 0.0818351 0.822344 -4.25142 3.55212 1.68915 -0.00751543 -0.0288385 -1.33448 -4.03671 2.26571 -0.202286 -0.00217637 -0.00118609 1.6525
265.228 0.114369 -0.124185 2.18266 2.6041 0.0739134 0.135863 0.0832436 -0.0977989 2.26818 2.60651 0.0680717 0.135776 -0.0311258 0.0263859 0.0855183 0.00240803 -0.00584163 -8.74987e-05 0.0947545 0.362617 -4.25877 3.58151 1.65735 -0.00416279 -0.0175791 -1.33459 -4.03671 2.26571 -0.202286 -0.00217637 -0.00118609 1.6525
265.691 0.117875 -0.145433 2.17691 2.60726 0.0749127 0.135329 0.0846851 -0.119499 2.22873 2.59413 0.096817 0.136119 -0.0331902 0.025935 0.0518211 -0.0131294 0.0219043 0.000789937 0.0667805 1.4658 -4.26065 3.59123 1.64557 -0.00254374 -0.0145795 -1.33456 -4.03671 2.26571 -0.202286 -0.00217637 -0.00118609 1.6525
266.025 0.121634 -0.167118 2.1704 2.61029 0.0759937 0.134775 0.08855 -0.145807 2.22889 2.57584 0.121941 0.12224 -0.0330836 0.0213112 0.0584974 -0.0344443 0.0459473 -0.0125358 0.0705028 3.32567 -4.26244 3.6012 1.63291 -0.000880272 -0.0117431 -1.33451 -4.03671 2.26571 -0.202286 -0.00217637 -0.00118609 1.6525
266.424 0.126156 -0.196117 2.16036 2.61391 0.0772208 0.13419 0.0921288 -0.167686 2.19654 2.59102 0.0687789 0.134195 -0.0340269 0.0284304 0.0361757 -0.0228862 -0.00844189 4.86091e-06 0.0572259 1.39774 -4.26474 3.61476 1.61436 0.00101812 -0.00833751 -1.3344 -4.03671 2.26571 -0.202286 -0.00217637 -0.00118609 1.6525
266.632 0.128198 -0.210786 2.15476 2.61563 0.0777407 0.133958 0.0959885 -0.193727 2.19795 2.5749 0.095588 0.120487 -0.0322096 0.0170582 0.0431927 -0.0407323 0.0178473 -0.0134709 0.0565159 2.60309 -4.26587 3.6216 1.60441 0.00184546 -0.0067064 -1.33434 -4.03671 2.26571 -0.202286 -0.00217637 -0.00118609 1.6525
266.832 0.131112 -0.232955 2.1457 2.61813 0.0784746 0.133643 0.0998078 -0.217576 2.19662 2.61105 0.067923 0.135688 -0.0313047 0.0153798 0.0509157 -0.00708186 -0.0105516 0.00204457 0.0617165 0.742304 -4.26758 3.63186 1.58879 0.00301782 -0.00433189 -1.33425 -4.03671 2.26571 -0.202286 -0.00217637 -0.00118609 1.6525
267.175 0.13556 -0.27012 2.12925 2.62221 0.0796044 0.133175 0.103647 -0.24444 2.19665 2.62149 0.0673139 0.136457 -0.0319128 0.0256803 0.067401 -0.000723437 -0.0122904 0.00328213 0.0788721 0.730614 -4.27048 3.64879 1.56146 0.00485255 -0.000448611 -1.33409 -4.03671 2.26571 -0.202286 -0.00217637 -0.00118609 1.6525
267.494 0.137429 -0.292086 2.11883 2.62446 0.0799922 0.133054 0.107487 -0.271305 2.19668 2.6317 0.0666849 0.137209 -0.0299422 0.0207812 0.0778468 0.00723684 -0.0133073 0.00415498 0.0859565 0.891752 -4.2723 3.65871 1.54463 0.00559169 0.0017178 -1.334 -4.03671 2.26571 -0.202286 -0.00217637 -0.00118609 1.6525
267.808 0.13876 -0.313663 2.1081 2.62659 0.0801998 0.133023 0.109396 -0.298142 2.19649 2.64092 0.0661747 0.137648 -0.0293633 0.0155216 0.0883929 0.0143229 -0.0140251 0.00462551 0.0944268 1.16533 -4.27417 3.66837 1.52758 0.00611496 0.00379538 -1.33392 -4.03671 2.26571 -0.202286 -0.00217637 -0.00118609 1.6525
268.085 0.139943 -0.334822 2.09715 2.62868 0.0804248 0.132966 0.110376 -0.318797 2.16059 2.60617 0.115441 0.127813 -0.029567 0.0160249 0.0634359 -0.0225144 0.0350167 -0.00515326 0.0717991 2.38786 -4.27612 3.6777 1.51052 0.00666082 0.00583445 -1.33385 -4.03671 2.26571 -0.202286 -0.00217637 -0.00118609 1.6525
268.451 0.140623 -0.354593 2.08622 2.6303 0.0805452 0.132954 0.112639 -0.346195 2.16674 2.61329 0.0655506 0.120965 -0.027984 0.00839726 0.0805117 -0.0170085 -0.0149946 -0.0119892 0.085649 1.43586 -4.27882 3.6895 1.48789 0.00702801 0.00773647 -1.33378 -4.03671 2.26571 -0.202286 -0.00217637 -0.00118609 1.6525
268.83 0.140078 -0.377877 2.07179 2.63124 0.0802484 0.133177 0.111672 -0.362802 2.13069 2.60436 0.0873132 0.124158 -0.0284056 0.0150745 0.0589056 -0.026882 0.00706485 -0.0090185 0.0671117 1.63399 -4.28093 3.69782 1.47088 0.00679866 0.00837948 -1.33374 -4.03671 2.26571 -0.202286 -0.00217637 -0.00118609 1.6525
269.158 0.139112 -0.394438 2.06072 2.63169 0.0798631 0.133413 0.111671 -0.385126 2.13064 2.61234 0.0857343 0.124776 -0.0274412 0.00931205 0.0699193 -0.019356 0.00587112 -0.00863662 0.0756865 1.22365 -4.28309 3.70567 1.4538 0.00642069 0.0088775 -1.33373 -4.03671 2.26571 -0.202286 -0.00217637 -0.00118609 1.6525
269.547 0.137604 -0.41631 2.04535 2.63247 0.079327 0.133714 0.108746 -0.398181 2.09151 2.60326 0.0693323 0.15072 -0.0288581 0.0181293 0.0461567 -0.0292105 -0.00999469 0.0170054 0.0573752 2.07848 -4.28602 3.71538 1.43083 0.00592926 0.00971264 -1.33373 -4.03671 2.26571 -0.202286 -0.00217637 -0.00118609 1.6525
269.927 0.136095 -0.432304 2.03323 2.63298 0.0788041 0.133989 0.10886 -0.419741 2.09432 2.63371 0.0843823 0.139883 -0.0272344 0.0125638 0.0610868 0.000729834 0.0055782 0.00589346 0.0680526 0.463938 -4.28824 3.7221 1.41321 0.00542298 0.0102946 -1.33375 -4.03671 2.26571 -0.202286 -0.00217637 -0.00118609 1.6525
270.224 0.134864 -0.442834 2.02479 2.63331 0.0783641 0.134218 0.107362 -0.442075 2.10044 2.61526 0.0598575 0.119681 -0.0275017 0.000759331 0.0756507 -0.0180477 -0.0185066 -0.0145377 0.0804981 1.66389 -4.28972 3.7263 1.40119 0.0049804 0.0106717 -1.33377 -4.03671 2.26571 -0.202286 -0.00217637 -0.00118609 1.6525
270.549 0.130733 -0.469204 2.00219 2.63425 0.0767103 0.135095 0.104706 -0.456647 2.06661 2.60807 0.081363 0.123288 -0.0260276 0.0125569 0.0644213 -0.0261747 0.00465271 -0.0118077 0.0706061 1.61786 -4.29333 3.73582 1.3701 0.00326785 0.0118249 -1.33382 -4.03671 2.26571 -0.202286 -0.00217637 -0.00118609 1.6525
270.924 0.127705 -0.484848 1.98762 2.63482 0.0753994 0.1358 0.103767 -0.485662 2.10254 2.65232 0.0729649 0.109238 -0.0239386 -0.000813821 0.114917 0.0175018 -0.0024345 -0.0265622 0.117387 1.88865 -4.29538 3.74085 1.35071 0.00187892 0.0125686 -1.33386 -4.03671 2.26571 -0.202286 -0.00217637 -0.00118609 1.6525
271.257 0.12471 -0.499562 1.97246 2.63504 0.0741112 0.136496 0.0964001 -0.485453 2.00639 2.59227 0.0770116 0.120834 -0.0283096 0.0141087 0.0339242 -0.042767 0.00290039 -0.015662 0.0463825 2.55052 -4.29729 3.74536 1.33073 0.000458828 0.0129608 -1.33389 -4.03671 2.26571 -0.202286 -0.00217637 -0.00118609 1.6525
271.512 0.122021 -0.513452 1.95669 2.63497 0.0729712 0.137111 0.0946397 -0.50291 2.00611 2.59802 0.0732471 0.121144 -0.0273812 0.0105416 0.0494213 -0.0369481 0.000275883 -0.0159665 0.0574746 2.24402 -4.29901 3.74935 1.3102 -0.000837948 0.0130448 -1.33392 -4.03671 2.26571 -0.202286 -0.00217637 -0.00118609 1.6525
271.955 0.119627 -0.530874 1.93492 2.63466 0.0720405 0.137599 0.0932085 -0.531566 2.03205 2.64208 0.072224 0.13808 -0.0264184 -0.000691508 0.0971347 0.0074183 0.000183479 0.000480922 0.100666 0.424285 -4.30093 3.7539 1.28199 -0.00193818 0.0128657 -1.33396 -4.03671 2.26571 -0.202286 -0.00217637 -0.00118609 1.6525
272.201 0.1189 -0.539699 1.92321 2.63452 0.0717972 0.137714 0.0888364 -0.536527 1.97495 2.59944 0.0895641 0.125353 -0.0300635 0.00317202 0.0517423 -0.035075 0.0177668 -0.0123609 0.0599262 2.31241 -4.30171 3.75585 1.26758 -0.00221756 0.012759 -1.33399 -4.03671 2.26571 -0.202286 -0.00217637 -0.00118609 1.6525
272.496 0.118286 -0.556169 1.89959 2.63404 0.0717086 0.137716 0.0885292 -0.5505 1.94804 2.61108 0.0511466 0.128625 -0.0297571 0.00566927 0.0484517 -0.0229623 -0.020562 -0.00909105 0.0571419 1.81833 -4.30292 3.75912 1.23823 -0.00236894 0.012297 -1.33403 -4.03671 2.26571 -0.202286 -0.00217637 -0.00118609 1.6525
272.827 0.118223 -0.571685 1.87542 2.63341 0.0718084 0.137597 0.0885644 -0.568807 1.94958 2.63622 0.0675155 0.118941 -0.0296583 0.00287811 0.0741504 0.00280376 -0.00429286 -0.0186556 0.0799135 1.11943 -4.30363 3.7616 1.20862 -0.00232074 0.0116678 -1.33409 -4.03671 2.26571 -0.202286 -0.00217637 -0.00118609 1.6525
273.46 0.118866 -0.592704 1.83926 2.63219 0.0721528 0.137285 0.0913942 -0.597732 1.91937 2.65492 0.0662124 0.13312 -0.027472 -0.00502837 0.0801029 0.0227295 -0.00594038 -0.00416509 0.084832 1.38253 -4.30381 3.76391 1.16491 -0.00206017 0.0104065 -1.33419 -4.03671 2.26571 -0.202286 -0.00217637 -0.00118609 1.6525
274.218 0.120815 -0.612378 1.79901 2.6298 0.0730446 0.136605 0.09271 -0.623071 1.89439 2.65069 0.0474819 0.126432 -0.0281049 -0.0106931 0.0953796 0.0208826 -0.0255627 -0.0101737 0.100007 2.00017 -4.30282 3.76472 1.11633 -0.00132246 0.00792133 -1.33435 -4.03671 2.26571 -0.202286 -0.00217637 -0.00118609 1.6525
274.593 0.121665 -0.620035 1.78217 2.62879 0.0733067 0.136368 0.0938215 -0.630578 1.86754 2.64499 0.0654993 0.131567 -0.0278433 -0.0105427 0.0853675 0.0161968 -0.00780742 -0.00480037 0.0904102 1.08282 -4.30205 3.76455 1.09649 -0.00113619 0.00689626 -1.33442 -4.03671 2.26571 -0.202286 -0.00217637 -0.00118609 1.6525
275.176 0.123325 -0.636594 1.74873 2.6283 0.0733971 0.136089 0.0939679 -0.636762 1.79289 2.6218 0.0816039 0.134376 -0.0293572 -0.000168381 0.0441587 -0.00649352 0.00820678 -0.00171284 0.053027 0.602634 -4.3 3.76348 1.05849 -0.000997096 0.00639422 -1.33462 -4.03671 2.26571 -0.202286 -0.00217637 -0.00118609 1.6525
275.625 0.124455 -0.647221 1.72699 2.62834 0.0732553 0.136012 0.0955096 -0.652258 1.79243 2.62679 0.0814143 0.134834 -0.0289457 -0.00503674 0.0654411 -0.00155406 0.00815895 -0.00117764 0.071734 0.479698 -4.29826 3.76225 1.03443 -0.00107387 0.00646009 -1.33476 -4.03671 2.26571 -0.202286 -0.00217637 -0.00118609 1.6525
275.903 0.125432 -0.654112 1.71138 2.62814 0.0731761 0.135952 0.0952036 -0.660246 1.7718 2.62022 0.0649936 0.12804 -0.030228 -0.00613364 0.0604245 -0.00791622 -0.00818254 -0.00791206 0.0678415 0.776321 -4.29675 3.76106 1.01713 -0.00114403 0.0062675 -1.33485 -4.03671 2.26571 -0.202286 -0.00217637 -0.00118609 1.6525
276.203 0.127044 -0.662164 1.69153 2.62776 0.0731895 0.13582 0.0961182 -0.665196 1.74616 2.63128 0.0672991 0.140293 -0.0309258 -0.00303198 0.054629 0.00352491 -0.00589037 0.00447397 0.0628485 0.461401 -4.29449 3.75913 0.995152 -0.00112523 0.00588566 -1.33496 -4.03671 2.26571 -0.202286 -0.00217637 -0.00118609 1.6525
276.783 0.129499 -0.671869 1.66725 2.62779 0.0732406 0.135636 0.101029 -0.693543 1.75227 2.63818 0.0636033 0.114389 -0.0284701 -0.0216734 0.0850202 0.0103844 -0.00963736 -0.0212478 0.0922427 1.49672 -4.29126 3.7562 0.96947 -0.000985194 0.00591603 -1.33509 -4.03671 2.26571 -0.202286 -0.00217637 -0.00118609 1.6525
277.17 0.13185 -0.680383 1.64685 2.62838 0.0733504 0.135458 0.100581 -0.678555 1.68085 2.61615 0.082067 0.143886 -0.0312688 0.0018281 0.0340062 -0.0122321 0.00871665 0.00842784 0.0462331 1.01298 -4.28837 3.75345 0.948446 -0.000711997 0.006486 -1.33519 -4.03671 2.26571 -0.202286 -0.00217637 -0.00118609 1.6525
277.456 0.134648 -0.688593 1.62474 2.62841 0.0737752 0.135113 0.105303 -0.69453 1.6858 2.63333 0.0650568 0.125582 -0.0293448 -0.00593707 0.0610557 0.00492112 -0.00871838 -0.00953125 0.0680012 0.805515 -4.28523 3.75033 0.925153 -0.000171578 0.00644942 -1.33528 -4.03671 2.26571 -0.202286 -0.00217637 -0.00118609 1.6525
277.815 0.136916 -0.693937 1.60859 2.62809 0.0742929 0.134755 0.106036 -0.700223 1.66254 2.6163 0.0690019 0.138259 -0.0308809 -0.00628661 0.0539559 -0.0117887 -0.00529105 0.00350367 0.0624851 0.779842 -4.28272 3.74774 0.90698 0.000435063 0.00603689 -1.33534 -4.03671 2.26571 -0.202286 -0.00217637 -0.00118609 1.6525
278.007 0.139461 -0.69942 1.59049 2.6275 0.0748854 0.134356 0.109991 -0.706844 1.6458 2.62493 0.0662898 0.124916 -0.0294702 -0.00742419 0.0553108 -0.00257641 -0.00859558 -0.00943975 0.0631102 0.738605 -4.28012 3.74495 0.888628 0.00102035 0.00541047 -1.33539 -4.03671 2.26571 -0.202286 -0.00217637 -0.00118609 1.6525
278.424 0.14245 -0.705962 1.56769 2.62672 0.0754341 0.133979 0.11169 -0.705635 1.60855 2.5999 0.0793517 0.11762 -0.0307603 0.000327367 0.0408586 -0.0268188 0.00391755 -0.0163591 0.0511442 1.75145 -4.27654 3.74093 0.864316 0.00155943 0.00455483 -1.33545 -4.03671 2.26571 -0.202286 -0.00217637 -0.00118609 1.6525
