102.26 0.119703 -0.334168 1.56027 -2.85076 0.440513 2.18442 0.0898234 -0.330563 1.58187 -2.83875 0.474929 2.1811 -0.0298798 0.0036053 0.0216019 0.0120127 0.0344161 -0.00332312 0.0370465 2.12468 0.160251 -0.637248 1.50779 -2.94069 0.4903 1.97966 0.0405477 -0.30308 -0.0524767 -0.0899332 0.0497863 -0.204765 0.310251 10.8608 -0.727257 1.93021 1.04305 -0.00107946 0.000730692 -1.74995 -1.02506 0.796475 -0.196857 -0.000419672 8.18218e-05 -0.727009
102.466 0.112719 -0.325447 1.56621 -2.85156 0.448185 2.18288 0.0909467 -0.332868 1.58971 -2.8425 0.442078 2.18688 -0.0217725 -0.00742059 0.0234964 0.00906045 -0.00610641 0.00399718 0.0328814 0.584838 0.153724 -0.628238 1.51557 -2.94194 0.497412 1.97904 0.0410047 -0.302791 -0.05064 -0.090389 0.0492274 -0.203844 0.309722 10.7696 -0.725188 1.93212 1.04541 -0.00487534 -0.00525304 -1.75353 -1.02506 0.796475 -0.196857 -0.000419672 8.18218e-05 -0.727009
102.979 0.0875702 -0.3031 1.57805 -2.85662 0.467313 2.17423 0.0825442 -0.322003 1.58743 -2.85499 0.465348 2.19248 -0.00502599 -0.0189024 0.009388 0.00163292 -0.00196522 0.0182425 0.0216955 1.01298 0.12694 -0.606273 1.53143 -2.94945 0.512828 1.97671 0.0393695 -0.303173 -0.0466159 -0.0928283 0.0455151 -0.197525 0.309252 10.3152 -0.723403 1.93364 1.05092 -0.014137 -0.0183731 -1.76622 -1.02506 0.796475 -0.196857 -0.000419672 8.18218e-05 -0.727009
103.473 0.0547306 -0.28722 1.58964 -2.86779 0.484727 2.15586 0.0564043 -0.30058 1.61398 -2.84219 0.471759 2.17961 0.00167363 -0.0133594 0.024337 0.0255967 -0.0129678 0.0237535 0.027813 1.64853 0.0905528 -0.5905 1.5459 -2.95769 0.52511 1.97399 0.0358222 -0.303279 -0.04374 -0.0898963 0.0403839 -0.181864 0.308504 9.40519 -0.72099 1.93564 1.05826 -0.0226094 -0.0276168 -1.78653 -1.02506 0.796475 -0.196857 -0.000419672 8.18218e-05 -0.727009
104.025 0.0198118 -0.2805 1.59931 -2.88313 0.497491 2.12928 0.0163655 -0.283941 1.62363 -2.87411 0.513505 2.13548 -0.00344633 -0.00344126 0.0243177 0.00901333 0.0160134 0.00620382 0.0248006 1.02832 0.0487535 -0.583826 1.55678 -2.96079 0.531884 1.97663 0.0289417 -0.303326 -0.0425291 -0.0776673 0.0343927 -0.152648 0.307658 7.86262 -0.717611 1.93834 1.06594 -0.0280273 -0.0317046 -1.81251 -1.02506 0.796475 -0.196857 -0.000419672 8.18218e-05 -0.727009
104.341 -0.0263632 -0.282 1.60932 -2.90669 0.508223 2.08456 -0.0230134 -0.280629 1.65027 -2.89414 0.498915 2.10913 0.00334982 0.00137087 0.0409506 0.0125591 -0.00930819 0.0245697 0.0411102 1.34407 -0.00925141 -0.58381 1.56537 -2.96585 0.535734 1.96945 0.0171118 -0.30181 -0.0439479 -0.0591527 0.0275115 -0.115113 0.305473 5.93022 -0.711273 1.9431 1.07511 -0.0301672 -0.0315411 -1.85292 -1.02506 0.796475 -0.196857 -0.000419672 8.18218e-05 -0.727009
105.363 -0.0897694 -0.294431 1.61942 -2.94189 0.516249 2.00948 -0.0958144 -0.28305 1.62669 -2.94297 0.543562 2.03631 -0.006045 0.0113802 0.00727076 -0.00108341 0.0273126 0.0268309 0.0147958 2.21647 -0.0935244 -0.588819 1.56883 -2.96289 0.532396 1.96871 -0.00375507 -0.294388 -0.0505954 -0.0210063 0.0161473 -0.04077 0.298728 2.22387 -0.697712 1.95236 1.08482 -0.0261404 -0.0264572 -1.91865 -1.02506 0.796475 -0.196857 -0.000419672 8.18218e-05 -0.727009
106.752 -0.168836 -0.325563 1.63058 -2.99067 0.518357 1.9006 -0.191854 -0.317176 1.66435 -2.99689 0.53675 1.90352 -0.0230175 0.00838703 0.0337741 -0.00621726 0.0183928 0.00291564 0.0417234 1.15114 -0.203352 -0.592701 1.56007 -2.95972 0.522071 1.96629 -0.0345158 -0.267138 -0.070509 0.030949 0.00371413 0.0656871 0.278434 3.27393 -0.666163 1.97145 1.09311 -0.0165842 -0.0145024 -2.01238 -1.02506 0.796475 -0.196857 -0.000419672 8.18218e-05 -0.727009
107.172 -0.17409 -0.340687 1.63818 -2.99881 0.515956 1.88466 -0.205891 -0.324755 1.65471 -3.01269 0.565501 1.88208 -0.0318007 0.0159315 0.0165291 -0.0138865 0.0495449 -0.00258371 0.0392213 2.93118 -0.212118 -0.596935 1.56025 -2.96048 0.520524 1.96721 -0.0380276 -0.256248 -0.0779314 0.0383252 0.0045678 0.0825538 0.270523 4.11961 -0.651305 1.9797 1.09708 -0.0156125 -0.0102036 -2.02574 -1.02506 0.796475 -0.196857 -0.000419672 8.18218e-05 -0.727009
107.681 -0.164911 -0.35258 1.64523 -2.99844 0.513147 1.88341 -0.208461 -0.336449 1.65182 -2.9972 0.544858 1.87906 -0.0435497 0.0161307 0.00659264 0.00124156 0.0317103 -0.00435009 0.0469067 1.84016 -0.20242 -0.598781 1.56095 -2.95984 0.517328 1.96799 -0.0375087 -0.246202 -0.0842831 0.038597 0.0041809 0.0845805 0.262918 4.22716 -0.639548 1.98589 1.09983 -0.0138725 -0.00763511 -2.02643 -1.02506 0.796475 -0.196857 -0.000419672 8.18218e-05 -0.727009
108.234 -0.146309 -0.364644 1.65283 -2.99354 0.50974 1.88955 -0.200632 -0.353218 1.67681 -3.00785 0.525412 1.87336 -0.0543237 0.0114257 0.0239778 -0.0143046 0.0156722 -0.0161813 0.0604694 1.25928 -0.182126 -0.602487 1.56341 -2.95873 0.51249 1.96782 -0.0358172 -0.237843 -0.089424 0.0348143 0.00274934 0.0782753 0.256611 3.91967 -0.627372 1.99201 1.10211 -0.0113292 -0.00563624 -2.02058 -1.02506 0.796475 -0.196857 -0.000419672 8.18218e-05 -0.727009
108.795 -0.119454 -0.377286 1.66053 -2.98503 0.505519 1.90176 -0.179077 -0.370286 1.70156 -3.01368 0.504918 1.87123 -0.059623 0.00700038 0.041031 -0.0286481 -0.000601169 -0.030524 0.0727148 1.72488 -0.152838 -0.602784 1.56375 -2.95583 0.506761 1.96991 -0.0333839 -0.225498 -0.0967772 0.0291987 0.00124234 0.0681505 0.247648 3.42291 -0.614891 1.99804 1.1038 -0.00817082 -0.0039204 -2.00948 -1.02506 0.796475 -0.196857 -0.000419672 8.18218e-05 -0.727009
109.362 -0.0746812 -0.394019 1.66989 -2.96996 0.498868 1.92466 -0.148118 -0.383989 1.71301 -2.99594 0.50002 1.89896 -0.0734365 0.0100295 0.0431161 -0.0259875 0.00115254 -0.0256949 0.0857468 1.51284 -0.105275 -0.607238 1.56587 -2.95138 0.498491 1.97223 -0.0305936 -0.213219 -0.104027 0.0185779 -0.00037699 0.0475758 0.239207 2.40599 -0.597991 2.00592 1.10513 -0.00334195 -0.00197002 -1.9886 -1.02506 0.796475 -0.196857 -0.000419672 8.18218e-05 -0.727009
109.78 -0.0367238 -0.406241 1.67591 -2.95723 0.493246 1.94521 -0.105222 -0.390994 1.68493 -2.96115 0.536819 1.92656 -0.0684979 0.0152473 0.00901986 -0.00392829 0.0435733 -0.0186487 0.0707517 2.68103 -0.062123 -0.607836 1.56509 -2.94987 0.492997 1.96947 -0.0253991 -0.201595 -0.110823 0.00735463 -0.000248851 0.0242593 0.231446 1.2471 -0.585297 2.01174 1.10552 0.000183448 -0.000674252 -1.96982 -1.02506 0.796475 -0.196857 -0.000419672 8.18218e-05 -0.727009
110.027 0.00309479 -0.417927 1.68092 -2.94424 0.48724 1.96741 -0.0642307 -0.408732 1.71002 -2.95992 0.515255 1.92921 -0.0673255 0.00919556 0.0290987 -0.0156881 0.028015 -0.0382012 0.073919 2.50671 -0.0183488 -0.60824 1.5635 -2.94565 0.488323 1.97184 -0.0214436 -0.190313 -0.11742 -0.00141827 0.00108309 0.00442923 0.224647 0.306467 -0.572731 2.01747 1.10551 0.00328856 0.000545402 -1.94946 -1.02506 0.796475 -0.196857 -0.000419672 8.18218e-05 -0.727009
110.678 0.0557762 -0.431839 1.68622 -2.92769 0.479279 1.99699 -0.0188262 -0.424566 1.7228 -2.93618 0.505265 1.96196 -0.0746025 0.00727298 0.0365817 -0.00848853 0.0259861 -0.0350355 0.0834065 2.358 0.0378019 -0.609856 1.56163 -2.94103 0.484028 1.97243 -0.0179744 -0.178017 -0.124595 -0.0133383 0.0047491 -0.0245567 0.21803 1.28115 -0.556369 2.02498 1.10511 0.00675822 0.00184829 -1.92218 -1.02506 0.796475 -0.196857 -0.000419672 8.18218e-05 -0.727009
111.225 0.0889589 -0.440717 1.69022 -2.91703 0.473976 2.01135 0.0246356 -0.430612 1.70793 -2.93181 0.506087 2.00462 -0.0643234 0.0101044 0.0177067 -0.0147742 0.0321109 -0.00673629 0.0674768 1.98564 0.0745162 -0.610311 1.56076 -2.93884 0.479242 1.96586 -0.0144427 -0.169594 -0.129463 -0.0218101 0.00526546 -0.0454898 0.213849 2.33599 -0.544515 2.0305 1.10554 0.0114282 0.00255745 -1.90856 -1.02506 0.796475 -0.196857 -0.000419672 8.18218e-05 -0.727009
111.57 0.111622 -0.448113 1.6945 -2.91003 0.470933 2.01744 0.0634036 -0.450176 1.74937 -2.91766 0.469283 2.01814 -0.0482185 -0.00206312 0.0548655 -0.00762523 -0.00165011 0.000698911 0.073072 0.466462 0.0995148 -0.607726 1.55933 -2.93384 0.474972 1.96526 -0.0121073 -0.159613 -0.135171 -0.0238093 0.00403834 -0.0521825 0.20951 2.67166 -0.533173 2.03595 1.10611 0.0160013 0.00254811 -1.90257 -1.02506 0.796475 -0.196857 -0.000419672 8.18218e-05 -0.727009
111.949 0.12302 -0.45782 1.70042 -2.90876 0.470636 2.015 0.0849539 -0.453936 1.73741 -2.91368 0.462036 2.00479 -0.0380657 0.00388393 0.0369929 -0.00491774 -0.00859959 -0.0102113 0.0532218 0.718733 0.112678 -0.606833 1.55916 -2.93115 0.473244 1.96259 -0.0103415 -0.149013 -0.141256 -0.0223882 0.00260839 -0.0524094 0.205584 2.68 -0.519085 2.04321 1.10652 0.0184966 0.00236512 -1.90462 -1.02506 0.796475 -0.196857 -0.000419672 8.18218e-05 -0.727009
112.23 0.119177 -0.466423 1.70467 -2.9135 0.472162 2.00674 0.0940695 -0.461511 1.7373 -2.90627 0.491208 2.0165 -0.0251075 0.00491137 0.0326239 0.00722734 0.0190459 0.00975959 0.0414587 1.20853 0.110153 -0.608331 1.55927 -2.92965 0.474465 1.9653 -0.00902416 -0.141908 -0.145401 -0.0161543 0.00230296 -0.0414439 0.203374 2.12339 -0.509373 2.04866 1.10655 0.0176633 0.00291695 -1.91213 -1.02506 0.796475 -0.196857 -0.000419672 8.18218e-05 -0.727009
112.661 0.109181 -0.476226 1.70866 -2.92169 0.47417 1.99691 0.090242 -0.477766 1.76669 -2.91497 0.461933 1.99704 -0.0189391 -0.0015405 0.0580293 0.0067194 -0.0122367 0.000128638 0.0610611 0.798194 0.100775 -0.612021 1.55965 -2.93266 0.476601 1.96597 -0.00840613 -0.135795 -0.14901 -0.0109721 0.00243106 -0.0309411 0.201779 1.59274 -0.500386 2.05411 1.10662 0.0142157 0.00428379 -1.92113 -1.02506 0.796475 -0.196857 -0.000419672 8.18218e-05 -0.727009
113.034 0.0979779 -0.485769 1.71234 -2.93051 0.476351 1.98777 0.0778793 -0.486884 1.76618 -2.92148 0.461027 1.99285 -0.0200986 -0.00111512 0.0538454 0.00902948 -0.0153242 0.00508064 0.057485 0.993472 0.0901417 -0.616882 1.56055 -2.93533 0.480452 1.97064 -0.00783624 -0.131113 -0.151783 -0.00482078 0.00410051 -0.0171279 0.200724 0.91941 -0.492027 2.05949 1.10648 0.00975886 0.00560231 -1.92956 -1.02506 0.796475 -0.196857 -0.000419672 8.18218e-05 -0.727009
113.425 0.0863213 -0.497926 1.71643 -2.93996 0.478415 1.97692 0.0655265 -0.496019 1.76575 -2.92791 0.460052 1.98869 -0.0207948 0.00190697 0.0493159 0.0120545 -0.0183633 0.0117666 0.0535548 1.27165 0.0793144 -0.623976 1.56167 -2.93825 0.485497 1.97563 -0.00700692 -0.12605 -0.154767 0.00171026 0.00708162 -0.00128471 0.199726 0.431601 -0.481639 2.06637 1.10584 0.00556406 0.00714792 -1.93946 -1.02506 0.796475 -0.196857 -0.000419672 8.18218e-05 -0.727009
113.765 0.0812471 -0.506778 1.71889 -2.94468 0.479027 1.96983 0.0566151 -0.502599 1.75095 -2.94766 0.506866 1.97899 -0.024632 0.00417833 0.0320555 -0.00298544 0.0278389 0.00915551 0.0406417 1.71281 0.0738217 -0.62774 1.5612 -2.93936 0.486759 1.97864 -0.00742534 -0.120963 -0.157691 0.00532273 0.00773174 0.00880935 0.198881 0.633038 -0.4743 2.07122 1.10507 0.0044317 0.00825438 -1.94574 -1.02506 0.796475 -0.196857 -0.000419672 8.18218e-05 -0.727009
114.121 0.0790506 -0.515082 1.7209 -2.94755 0.479104 1.96382 0.0520883 -0.519413 1.77987 -2.95467 0.478072 1.96088 -0.0269624 -0.00433172 0.0589666 -0.00711905 -0.00103218 -0.00293416 0.064983 0.366908 0.0714071 -0.634314 1.5622 -2.93967 0.484993 1.98136 -0.00764348 -0.119232 -0.158696 0.00788387 0.00588866 0.0175451 0.198643 0.952444 -0.467316 2.07576 1.10403 0.00467055 0.00919075 -1.95099 -1.02506 0.796475 -0.196857 -0.000419672 8.18218e-05 -0.727009
114.393 0.0792258 -0.525213 1.72269 -2.94944 0.478882 1.95754 0.0489807 -0.528193 1.78061 -2.93785 0.492186 1.96335 -0.0302451 -0.00298041 0.0579188 0.0115921 0.0133035 0.00581228 0.0654082 0.962662 0.0714492 -0.640396 1.56168 -2.94006 0.481028 1.98105 -0.00777657 -0.115184 -0.161003 0.00937777 0.00214535 0.02351 0.198115 1.20399 -0.458582 2.08128 1.10188 0.00605678 0.0100628 -1.95641 -1.02506 0.796475 -0.196857 -0.000419672 8.18218e-05 -0.727009
115.445 0.0891252 -0.549245 1.72087 -2.94892 0.476602 1.94955 0.0539798 -0.548328 1.76526 -2.95874 0.498441 1.94754 -0.0351454 0.00091735 0.0443978 -0.00981514 0.0218391 -0.00201139 0.0566322 1.35451 0.0807175 -0.655416 1.55481 -2.93803 0.46762 1.97832 -0.00840769 -0.106171 -0.166059 0.0108964 -0.00898202 0.0287729 0.197278 1.56072 -0.440281 2.09239 1.09165 0.0112015 0.0120617 -1.96287 -1.02506 0.796475 -0.196857 -0.000419672 8.18218e-05 -0.727009
115.771 0.093205 -0.55573 1.71874 -2.94809 0.475829 1.94901 0.0584412 -0.548979 1.73795 -2.94068 0.503462 1.96029 -0.0347638 0.00675039 0.0192097 0.00740612 0.027633 0.0112806 0.0402878 1.68725 0.0844209 -0.658343 1.55068 -2.93718 0.464757 1.97739 -0.00878414 -0.102613 -0.168056 0.0109094 -0.0110725 0.0283856 0.197103 1.58659 -0.435996 2.09499 1.08736 0.012507 0.0125094 -1.96318 -1.02506 0.796475 -0.196857 -0.000419672 8.18218e-05 -0.727009
116.168 0.0974549 -0.561338 1.71608 -2.94693 0.475318 1.94918 0.0632275 -0.564827 1.76625 -2.94339 0.475072 1.94492 -0.0342274 -0.00348805 0.0501738 0.00354058 -0.000246272 -0.00426367 0.0608366 0.382573 0.0890433 -0.66133 1.54654 -2.93601 0.461726 1.97631 -0.00841167 -0.0999915 -0.169535 0.0109175 -0.013592 0.0271285 0.197006 1.59225 -0.432355 2.09727 1.08253 0.0136837 0.0125995 -1.96291 -1.02506 0.796475 -0.196857 -0.000419672 8.18218e-05 -0.727009
116.493 0.101956 -0.565856 1.71301 -2.94528 0.475135 1.94997 0.0693786 -0.5724 1.76582 -2.94163 0.471679 1.94662 -0.0325772 -0.00654404 0.0528035 0.00364865 -0.00345608 -0.003352 0.0623883 0.395648 0.0927207 -0.662426 1.5416 -2.93421 0.460653 1.97579 -0.00923503 -0.0965705 -0.171413 0.0110697 -0.0144816 0.0258201 0.19696 1.55972 -0.429393 2.09923 1.07724 0.0149142 0.0122158 -1.96217 -1.02506 0.796475 -0.196857 -0.000419672 8.18218e-05 -0.727009
116.838 0.107866 -0.570988 1.70815 -2.9427 0.474998 1.95171 0.0740587 -0.579466 1.76619 -2.95703 0.4847 1.95062 -0.0338076 -0.00847786 0.0580428 -0.0143317 0.00970212 -0.00108353 0.0677037 0.969548 0.0964751 -0.662553 1.53398 -2.9318 0.460151 1.97406 -0.0113912 -0.0915649 -0.17417 0.0109059 -0.0148469 0.0223496 0.197101 1.42574 -0.426554 2.10142 1.0696 0.0165357 0.0114697 -1.96061 -1.02506 0.796475 -0.196857 -0.000419672 8.18218e-05 -0.727009
117.197 0.11157 -0.574799 1.70376 -2.94104 0.474789 1.95335 0.0788033 -0.579548 1.75238 -2.94068 0.496499 1.93709 -0.0327672 -0.00474895 0.0486213 0.000353693 0.0217099 -0.016256 0.058824 1.55972 0.0981931 -0.664152 1.52838 -2.93118 0.460145 1.97197 -0.0133773 -0.0893529 -0.175381 0.00985822 -0.0146443 0.0186182 0.197285 1.27196 -0.425289 2.10277 1.06346 0.0173732 0.0110853 -1.95913 -1.02506 0.796475 -0.196857 -0.000419672 8.18218e-05 -0.727009
117.528 0.114219 -0.578206 1.69891 -2.93976 0.474794 1.95526 0.081318 -0.575617 1.72449 -2.9412 0.488106 1.94569 -0.0329012 0.00258953 0.025582 -0.0014435 0.0133125 -0.0095765 0.0417568 0.920686 0.0984145 -0.665044 1.52217 -2.93092 0.460463 1.97152 -0.0158047 -0.086838 -0.176738 0.0088401 -0.0143305 0.0162614 0.197552 1.17203 -0.424784 2.10392 1.05698 0.0176327 0.0106285 -1.95746 -1.02506 0.796475 -0.196857 -0.000419672 8.18218e-05 -0.727009
117.887 0.115697 -0.582035 1.69183 -2.9389 0.47527 1.95813 0.0843351 -0.581677 1.7246 -2.94113 0.485648 1.94606 -0.0313616 0.000357854 0.0327718 -0.00223895 0.0103785 -0.0120619 0.0453615 0.874916 0.0982016 -0.665871 1.51341 -2.93207 0.461766 1.9708 -0.0174951 -0.0838365 -0.178419 0.00682608 -0.0135035 0.0126737 0.197909 1.01104 -0.425282 2.10515 1.0478 0.0168858 0.00985618 -1.95507 -1.02506 0.796475 -0.196857 -0.000419672 8.18218e-05 -0.727009
118.31 0.11535 -0.584472 1.6861 -2.93882 0.475906 1.9604 0.0858461 -0.586745 1.72399 -2.95555 0.498978 1.94992 -0.0295043 -0.00227325 0.0378811 -0.0167265 0.0230722 -0.0104856 0.0480692 1.57719 0.0981576 -0.667658 1.50725 -2.93359 0.463277 1.97025 -0.0171929 -0.083186 -0.178856 0.00523662 -0.0126292 0.00984475 0.198003 0.882487 -0.426493 2.10586 1.04057 0.0156165 0.00921113 -1.95322 -1.02506 0.796475 -0.196857 -0.000419672 8.18218e-05 -0.727009
118.625 0.114162 -0.586453 1.68007 -2.93893 0.476746 1.96275 0.0858458 -0.592763 1.72397 -2.9566 0.496978 1.94937 -0.0283166 -0.00631023 0.0439025 -0.0176722 0.0202314 -0.0133737 0.052622 1.49331 0.0982675 -0.670432 1.50163 -2.93502 0.464827 1.96978 -0.0158949 -0.0839792 -0.178438 0.00391137 -0.0119197 0.00703341 0.197852 0.772784 -0.428365 2.1064 1.03315 0.0140927 0.0084434 -1.95137 -1.02506 0.796475 -0.196857 -0.000419672 8.18218e-05 -0.727009
119.333 0.108573 -0.588951 1.66573 -2.93963 0.47948 1.96815 0.0827302 -0.605799 1.73767 -2.95918 0.465977 1.95874 -0.0258426 -0.0168479 0.0719425 -0.0195498 -0.0135031 -0.00941491 0.0782778 1.26238 0.094163 -0.675114 1.48841 -2.93763 0.468708 1.96949 -0.0144098 -0.0861634 -0.177317 0.00199885 -0.010772 0.00133621 0.197669 0.626201 -0.434934 2.10702 1.01574 0.00985123 0.00611013 -1.94725 -1.02506 0.796475 -0.196857 -0.000419672 8.18218e-05 -0.727009
119.694 0.105445 -0.588491 1.65996 -2.93969 0.481195 1.97041 0.0791843 -0.599361 1.71055 -2.94417 0.47433 1.96897 -0.0262611 -0.0108699 0.0505967 -0.00447743 -0.00686565 -0.001441 0.058033 0.456283 0.0924652 -0.676854 1.48384 -2.93814 0.470918 1.96996 -0.0129802 -0.0883632 -0.176121 0.00154715 -0.0102768 -0.000449194 0.197472 0.598071 -0.438511 2.10704 1.00855 0.0080989 0.00453596 -1.94564 -1.02506 0.796475 -0.196857 -0.000419672 8.18218e-05 -0.727009
120.091 0.102241 -0.587383 1.65445 -2.93943 0.483013 1.97252 0.0761945 -0.600245 1.71092 -2.92762 0.48924 1.97219 -0.0260463 -0.0128616 0.056471 0.0118082 0.00622767 -0.000321701 0.0635043 0.772784 0.0874989 -0.677789 1.47947 -2.93801 0.473183 1.97077 -0.0147419 -0.0904063 -0.174977 0.001417 -0.00982955 -0.00175009 0.197503 0.584168 -0.44243 2.10695 1.00166 0.00668051 0.00276125 -1.94418 -1.02506 0.796475 -0.196857 -0.000419672 8.18218e-05 -0.727009
120.461 0.0978564 -0.586069 1.64721 -2.93889 0.485015 1.9749 0.0713286 -0.592047 1.68329 -2.94373 0.498095 1.98205 -0.0265279 -0.00597767 0.0360778 -0.00483962 0.0130801 0.00714957 0.0451782 0.955725 0.0817173 -0.67794 1.47304 -2.93745 0.476111 1.97174 -0.0161392 -0.0918708 -0.174178 0.00143544 -0.00890309 -0.00316129 0.197582 0.56023 -0.448064 2.10671 0.992998 0.00531574 0.000718427 -1.94251 -1.02506 0.796475 -0.196857 -0.000419672 8.18218e-05 -0.727009
121.245 0.0907949 -0.584761 1.63671 -2.93795 0.487108 1.97749 0.0642092 -0.589174 1.67093 -2.93319 0.511425 1.9653 -0.0265856 -0.00441362 0.0342184 0.00475774 0.0243176 -0.0121896 0.0435566 1.63877 0.0743811 -0.676699 1.46254 -2.93658 0.480243 1.97312 -0.0164137 -0.0919383 -0.174166 0.00136233 -0.00686494 -0.00437374 0.197625 0.491783 -0.457138 2.1063 0.981246 0.00419027 -0.00153857 -1.9407 -1.02506 0.796475 -0.196857 -0.000419672 8.18218e-05 -0.727009
121.664 0.0850046 -0.584415 1.63012 -2.9379 0.488125 1.97857 0.059554 -0.595911 1.68383 -2.93523 0.483703 1.97444 -0.0254506 -0.011496 0.0537167 0.00267026 -0.00442193 -0.00413599 0.0605423 0.421509 0.0695367 -0.677045 1.45632 -2.93601 0.483605 1.97383 -0.0154679 -0.0926302 -0.173797 0.00189315 -0.0045204 -0.00474623 0.197548 0.424285 -0.463478 2.1061 0.974288 0.0033376 -0.00249105 -1.93997 -1.02506 0.796475 -0.196857 -0.000419672 8.18218e-05 -0.727009
122.022 0.080187 -0.584246 1.62541 -2.93809 0.488825 1.97913 0.055032 -0.588841 1.65764 -2.93528 0.505991 1.9874 -0.025155 -0.00459529 0.0322224 0.0028049 0.0171662 0.00827367 0.041136 1.07009 0.0655506 -0.676926 1.45163 -2.93637 0.486094 1.97433 -0.0146363 -0.0926798 -0.173783 0.00172176 -0.00273116 -0.0048013 0.197495 0.367973 -0.468333 2.10601 0.969439 0.0026463 -0.00306896 -1.93962 -1.02506 0.796475 -0.196857 -0.000419672 8.18218e-05 -0.727009
122.453 0.0750491 -0.584265 1.62089 -2.93848 0.489425 1.97951 0.0481454 -0.585195 1.64532 -2.94086 0.505716 1.96728 -0.0269037 -0.000929506 0.0244296 -0.00237572 0.0162901 -0.0122332 0.0363522 1.13574 0.0598858 -0.674306 1.44554 -2.93699 0.488136 1.9749 -0.0151633 -0.0900405 -0.175346 0.00148764 -0.00128896 -0.00460628 0.197695 0.321425 -0.473237 2.10599 0.96487 0.00187876 -0.00348388 -1.93941 -1.02506 0.796475 -0.196857 -0.000419672 8.18218e-05 -0.727009
122.806 0.0676295 -0.584473 1.6152 -2.9394 0.490152 1.97984 0.0434489 -0.591671 1.65745 -2.94037 0.506852 1.98336 -0.0241806 -0.00719844 0.0422545 -0.000967658 0.0166995 0.00351784 0.0492134 0.984767 0.0547608 -0.671602 1.43814 -2.93764 0.489704 1.97551 -0.0128687 -0.0871297 -0.177057 0.00176195 -0.000448475 -0.00433288 0.197753 0.310274 -0.4798 2.10608 0.959312 0.000602493 -0.0038265 -1.93927 -1.02506 0.796475 -0.196857 -0.000419672 8.18218e-05 -0.727009
123.145 0.0618417 -0.584478 1.61141 -2.94027 0.490743 1.98004 0.0376588 -0.594542 1.65738 -2.94317 0.506764 1.9812 -0.0241829 -0.0100639 0.0459723 -0.00290808 0.0160209 0.0011559 0.0529107 0.940868 0.0517032 -0.670383 1.43362 -2.93779 0.490191 1.97598 -0.0101385 -0.0859049 -0.17779 0.00247805 -0.000552079 -0.00406187 0.197716 0.326259 -0.484694 2.10622 0.95566 -0.000510819 -0.00406609 -1.93921 -1.02506 0.796475 -0.196857 -0.000419672 8.18218e-05 -0.727009
123.518 0.0561383 -0.584185 1.60818 -2.94108 0.491375 1.98026 0.0309025 -0.590853 1.64507 -2.94875 0.506343 1.96109 -0.0252358 -0.00666795 0.0368872 -0.00767021 0.0149676 -0.0191689 0.0451882 1.29331 0.0474994 -0.669045 1.42976 -2.93758 0.490842 1.97648 -0.00863892 -0.0848598 -0.178414 0.00349223 -0.000532615 -0.00377636 0.197756 0.358274 -0.489519 2.10642 0.95257 -0.00159351 -0.00436121 -1.93915 -1.02506 0.796475 -0.196857 -0.000419672 8.18218e-05 -0.727009
123.845 0.0508257 -0.583628 1.6055 -2.94164 0.491951 1.98049 0.0245978 -0.595215 1.65725 -2.93507 0.494512 1.97337 -0.0262279 -0.0115867 0.0517443 0.00657601 0.00256038 -0.00711445 0.0591576 0.68927 0.0439279 -0.668725 1.42722 -2.93726 0.491787 1.97682 -0.00689781 -0.0850964 -0.178287 0.00438081 -0.000164227 -0.00366321 0.197674 0.395648 -0.494236 2.10668 0.950063 -0.00243955 -0.00469117 -1.93906 -1.02506 0.796475 -0.196857 -0.000419672 8.18218e-05 -0.727009
124.2 0.0444263 -0.582291 1.60286 -2.94193 0.492751 1.98087 0.0178457 -0.587458 1.63161 -2.95146 0.503312 1.9818 -0.0265806 -0.00516667 0.0287537 -0.00952353 0.0105611 0.00092818 0.0394968 0.833217 0.0403132 -0.666557 1.42408 -2.93614 0.4932 1.97734 -0.00411313 -0.0842656 -0.17878 0.00579692 0.000448997 -0.00352515 0.197686 0.463938 -0.500304 2.10711 0.947568 -0.00318098 -0.0053214 -1.93888 -1.02506 0.796475 -0.196857 -0.000419672 8.18218e-05 -0.727009
124.608 0.0401204 -0.581282 1.60146 -2.94196 0.493136 1.98114 0.0120993 -0.586202 1.63208 -2.92455 0.504425 1.98011 -0.0280211 -0.00491968 0.0306174 0.0174075 0.0112891 -0.00103159 0.0417948 1.2137 0.0373068 -0.664455 1.42204 -2.93547 0.49382 1.97774 -0.00281355 -0.0831733 -0.179422 0.0064863 0.000683964 -0.00339539 0.197783 0.495746 -0.504657 2.10751 0.94639 -0.00346897 -0.00566587 -1.93873 -1.02506 0.796475 -0.196857 -0.000419672 8.18218e-05 -0.727009
124.971 0.0361498 -0.580318 1.60062 -2.94196 0.493348 1.98138 0.00792107 -0.590817 1.64497 -2.95798 0.509679 1.95346 -0.0282288 -0.0104993 0.0443452 -0.0160214 0.0163307 -0.0279269 0.0536059 1.69304 0.035354 -0.663733 1.42134 -2.93491 0.494451 1.97829 -0.000795831 -0.0834153 -0.179279 0.00705412 0.00110239 -0.00309656 0.197736 0.51662 -0.508825 2.10798 0.945889 -0.00367358 -0.00586103 -1.93855 -1.02506 0.796475 -0.196857 -0.000419672 8.18218e-05 -0.727009
125.32 0.0310211 -0.579061 1.6002 -2.94197 0.493441 1.98168 0.00358522 -0.585496 1.63209 -2.94113 0.519925 1.98054 -0.0274359 -0.00643492 0.0318922 0.000842951 0.0264831 -0.00113352 0.0425588 1.52058 0.0336114 -0.663976 1.42181 -2.93462 0.494976 1.97891 0.00259026 -0.0849146 -0.178386 0.007346 0.00153473 -0.00276301 0.197582 0.522645 -0.514082 2.10873 0.946067 -0.00386065 -0.00593929 -1.93832 -1.02506 0.796475 -0.196857 -0.000419672 8.18218e-05 -0.727009
125.655 0.0275127 -0.578103 1.6003 -2.9419 0.493462 1.98187 -2.01924e-05 -0.588008 1.64315 -2.92865 0.479941 1.98742 -0.0275329 -0.00990538 0.042853 0.0132525 -0.0135206 0.00555582 0.0518898 1.02565 0.0329094 -0.66395 1.42248 -2.93434 0.495077 1.97914 0.00539669 -0.0858472 -0.177827 0.00755942 0.00161539 -0.00272599 0.197538 0.533759 -0.517794 2.10939 0.946595 -0.003898 -0.00598252 -1.93816 -1.02506 0.796475 -0.196857 -0.000419672 8.18218e-05 -0.727009
126.021 0.0244838 -0.577345 1.60065 -2.9416 0.493244 1.98197 -0.00499977 -0.583324 1.632 -2.93095 0.508075 1.97463 -0.0294835 -0.00597856 0.0313545 0.0106495 0.0148302 -0.00733605 0.0434526 1.23162 0.0319563 -0.664057 1.42333 -2.93383 0.494576 1.97901 0.00747249 -0.0867118 -0.177313 0.00777366 0.0013311 -0.00295889 0.197522 0.551784 -0.521309 2.11011 0.947418 -0.00359604 -0.00588743 -1.93803 -1.02506 0.796475 -0.196857 -0.000419672 8.18218e-05 -0.727009
126.427 0.0209742 -0.576438 1.60157 -2.94097 0.492756 1.98198 -0.00779699 -0.581819 1.63179 -2.96084 0.50913 1.97375 -0.0287712 -0.005381 0.0302189 -0.019876 0.0163739 -0.00822124 0.0420704 1.37259 0.031465 -0.664074 1.4248 -2.9329 0.493324 1.97889 0.0104908 -0.0876364 -0.176765 0.00806373 0.000568381 -0.0030841 0.197575 0.568551 -0.525712 2.1112 0.948997 -0.00283383 -0.00566353 -1.93793 -1.02506 0.796475 -0.196857 -0.000419672 8.18218e-05 -0.727009
127.118 0.0146793 -0.575199 1.60357 -2.94106 0.492426 1.98188 -0.0135152 -0.579842 1.63223 -2.94723 0.52455 1.97514 -0.0281945 -0.00464329 0.0286551 -0.00616221 0.0321242 -0.00674406 0.0404673 1.87847 0.0277756 -0.665558 1.42842 -2.93281 0.492019 1.97895 0.0130963 -0.0903592 -0.175153 0.00825652 -0.000406336 -0.00293318 0.197522 0.572666 -0.531803 2.11307 0.951848 -0.00276621 -0.00532624 -1.93795 -1.02506 0.796475 -0.196857 -0.000419672 8.18218e-05 -0.727009
127.496 0.0109875 -0.574119 1.60494 -2.94147 0.492774 1.98189 -0.0172019 -0.583062 1.64336 -2.94776 0.498741 1.98558 -0.0281894 -0.00894289 0.0384232 -0.0062885 0.00596695 0.00369091 0.0484867 0.603283 0.0254969 -0.666812 1.43115 -2.93353 0.492062 1.97902 0.0145094 -0.0926928 -0.173785 0.00794242 -0.000712614 -0.00286693 0.197494 0.553201 -0.534629 2.11411 0.953339 -0.00327163 -0.00550135 -1.93801 -1.02506 0.796475 -0.196857 -0.000419672 8.18218e-05 -0.727009
127.948 0.00610603 -0.572806 1.60685 -2.94213 0.493305 1.98184 -0.0220672 -0.577035 1.63235 -2.95033 0.526841 1.9724 -0.0281732 -0.0042286 0.0254975 -0.00819272 0.0335361 -0.00943414 0.0382326 1.98918 0.0209399 -0.670177 1.43582 -2.93477 0.492088 1.97949 0.0148338 -0.0973713 -0.171028 0.00736094 -0.00121713 -0.00234774 0.197363 0.504354 -0.53814 2.11559 0.955334 -0.00405138 -0.00575675 -1.93815 -1.02506 0.796475 -0.196857 -0.000419672 8.18218e-05 -0.727009
128.301 0.00253498 -0.572286 1.60815 -2.94274 0.493559 1.98172 -0.0269761 -0.588647 1.66947 -2.95242 0.477517 1.96988 -0.0295111 -0.0163609 0.0613165 -0.0096875 -0.0160422 -0.0118419 0.0699879 1.12326 0.0179105 -0.672503 1.43879 -2.93628 0.491668 1.9798 0.0153755 -0.100217 -0.16936 0.00645449 -0.00189146 -0.00192807 0.197389 0.446749 -0.540553 2.11677 0.956711 -0.00464189 -0.00577816 -1.9383 -1.02506 0.796475 -0.196857 -0.000419672 8.18218e-05 -0.727009
128.781 -0.000782509 -0.572198 1.60925 -2.94333 0.493669 1.98155 -0.0306504 -0.574828 1.63216 -2.94005 0.51494 1.96664 -0.0298678 -0.00263086 0.0229157 0.00328022 0.021271 -0.0149101 0.0377377 1.55091 0.0158254 -0.675682 1.44181 -2.9381 0.491067 1.97954 0.0166079 -0.103484 -0.167433 0.00523282 -0.00260188 -0.00200603 0.197531 0.397621 -0.542759 2.11801 0.957877 -0.00514434 -0.00567097 -1.93847 -1.02506 0.796475 -0.196857 -0.000419672 8.18218e-05 -0.727009
129.189 -0.00475846 -0.572309 1.6105 -2.94395 0.493839 1.9813 -0.0334729 -0.574261 1.63257 -2.95467 0.529524 1.96865 -0.0287145 -0.00195205 0.0220744 -0.0107182 0.0356848 -0.0126503 0.0362714 2.15559 0.0123591 -0.680682 1.44593 -2.94088 0.490394 1.97903 0.0171176 -0.108373 -0.164562 0.00307705 -0.00344494 -0.00226806 0.197784 0.329838 -0.545353 2.11972 0.959024 -0.00566296 -0.00560839 -1.93872 -1.02506 0.796475 -0.196857 -0.000419672 8.18218e-05 -0.727009
129.547 -0.00737334 -0.572348 1.61142 -2.94425 0.494071 1.98113 -0.0363251 -0.574283 1.63264 -2.95588 0.529928 1.96764 -0.0289518 -0.0019357 0.0212116 -0.0116302 0.0358564 -0.013482 0.0359428 2.18104 0.00874156 -0.684668 1.44917 -2.94298 0.490276 1.97897 0.0161149 -0.112321 -0.162252 0.00127597 -0.00379487 -0.00215704 0.197993 0.276953 -0.547024 2.12104 0.959675 -0.00593493 -0.00571824 -1.93891 -1.02506 0.796475 -0.196857 -0.000419672 8.18218e-05 -0.727009
129.906 -0.00979146 -0.572203 1.61258 -2.94449 0.494443 1.98098 -0.0401688 -0.577463 1.64377 -2.95608 0.504074 1.9785 -0.0303774 -0.00526036 0.0311939 -0.0115871 0.00963131 -0.00248349 0.0438579 0.821391 0.00796502 -0.68925 1.45311 -2.94483 0.490381 1.97898 0.0177565 -0.117047 -0.159466 -0.000335256 -0.00406175 -0.00200313 0.198606 0.256409 -0.548449 2.1224 0.960399 -0.00621378 -0.00597636 -1.9391 -1.02506 0.796475 -0.196857 -0.000419672 8.18218e-05 -0.727009
130.578 -0.015108 -0.571414 1.61674 -2.94545 0.495606 1.9807 -0.0459249 -0.575318 1.64377 -2.94204 0.520123 1.97992 -0.0308169 -0.00390391 0.0270345 0.00340704 0.0245178 -0.000780663 0.0411799 1.42189 0.00457127 -0.695444 1.46144 -2.9485 0.491243 1.97901 0.0196793 -0.12403 -0.155304 -0.00305634 -0.00436273 -0.00168608 0.199724 0.29342 -0.550735 2.12572 0.963441 -0.00736832 -0.00671153 -1.93957 -1.02506 0.796475 -0.196857 -0.000419672 8.18218e-05 -0.727009
131.637 -0.0186965 -0.570427 1.62673 -2.94588 0.49626 1.98012 -0.0517525 -0.578985 1.66891 -2.94532 0.499681 1.96501 -0.033056 -0.00855733 0.0421887 0.000557894 0.00342104 -0.0151056 0.0542753 0.902657 0.00160677 -0.696869 1.47285 -2.94971 0.492516 1.97832 0.0203033 -0.126442 -0.153872 -0.00383006 -0.00374461 -0.00180104 0.200191 0.288036 -0.55112 2.13095 0.971944 -0.00770214 -0.00716409 -1.94019 -1.02506 0.796475 -0.196857 -0.000419672 8.18218e-05 -0.727009
131.98 -0.0191152 -0.571934 1.62985 -2.94647 0.49543 1.97974 -0.0532278 -0.579151 1.66939 -2.94431 0.499795 1.96542 -0.0341126 -0.00721732 0.0395391 0.00216017 0.00436478 -0.0143257 0.0527171 0.921111 0.00300553 -0.695006 1.47399 -2.95025 0.492333 1.97765 0.0221207 -0.123073 -0.155862 -0.00377651 -0.00309684 -0.00209564 0.199823 0.260947 -0.550551 2.13264 0.975258 -0.00778263 -0.00619611 -1.94036 -1.02506 0.796475 -0.196857 -0.000419672 8.18218e-05 -0.727009
132.635 -0.019223 -0.576974 1.6381 -2.94859 0.492475 1.97875 -0.0513212 -0.576353 1.65503 -2.92612 0.509072 1.99384 -0.0320983 0.000620792 0.0169221 0.0224708 0.0165968 0.0150936 0.0362911 1.49672 0.00677513 -0.690299 1.47652 -2.95042 0.492607 1.9753 0.0259981 -0.113324 -0.161589 -0.00183161 0.000132533 -0.00344981 0.199071 0.174713 -0.548079 2.13658 0.984764 -0.00825303 -0.00274493 -1.94065 -1.02506 0.796475 -0.196857 -0.000419672 8.18218e-05 -0.727009
133.039 -0.018607 -0.578639 1.64236 -2.94932 0.491228 1.97837 -0.0528746 -0.585626 1.68174 -2.94134 0.499991 1.98376 -0.0342675 -0.0069874 0.0393758 0.00797537 0.00876295 0.00538326 0.0526644 0.649515 0.00862748 -0.687193 1.47805 -2.94992 0.492581 1.97455 0.0272345 -0.108555 -0.164309 -0.000607001 0.00135305 -0.00382107 0.198805 0.218503 -0.546565 2.13813 0.989677 -0.00831722 -0.00132555 -1.94073 -1.02506 0.796475 -0.196857 -0.000419672 8.18218e-05 -0.727009
133.433 -0.0174999 -0.57984 1.64721 -2.94986 0.49003 1.97803 -0.0513888 -0.585425 1.68116 -2.94023 0.500381 1.98434 -0.033889 -0.00558519 0.0339432 0.00962559 0.0103507 0.00631161 0.0482887 0.772784 0.00881327 -0.685648 1.48123 -2.94838 0.493144 1.97458 0.0263131 -0.105808 -0.16598 0.00147541 0.00311425 -0.00345051 0.198587 0.306467 -0.544804 2.13954 0.995019 -0.0082381 -5.96798e-05 -1.9408 -1.02506 0.796475 -0.196857 -0.000419672 8.18218e-05 -0.727009
133.806 -0.0152223 -0.580743 1.65396 -2.95017 0.488536 1.97761 -0.0499359 -0.585603 1.68167 -2.94018 0.499578 1.9847 -0.0347136 -0.00485995 0.0277163 0.00998883 0.0110421 0.0070838 0.0446861 0.819961 0.00896168 -0.683828 1.4864 -2.94753 0.492468 1.97497 0.024184 -0.103084 -0.167556 0.00263795 0.00393177 -0.00264626 0.198208 0.343781 -0.542112 2.14111 1.00253 -0.00780751 0.00142872 -1.94088 -1.02506 0.796475 -0.196857 -0.000419672 8.18218e-05 -0.727009
134.254 -0.0129105 -0.58105 1.65914 -2.95014 0.487434 1.97731 -0.0473853 -0.580723 1.66969 -2.93967 0.527731 1.97336 -0.0344748 0.000327367 0.0105524 0.0104699 0.0402974 -0.00395601 0.0360551 2.42366 0.00857235 -0.68339 1.49108 -2.94742 0.49122 1.97508 0.0214828 -0.10234 -0.168064 0.00272706 0.00378547 -0.00223331 0.197941 0.326259 -0.539871 2.14202 1.00823 -0.00726171 0.00242413 -1.94093 -1.02506 0.796475 -0.196857 -0.000419672 8.18218e-05 -0.727009
134.575 -0.010186 -0.581055 1.66419 -2.94993 0.486392 1.97703 -0.0444605 -0.578624 1.66997 -2.95508 0.513216 1.97118 -0.0342745 0.00243123 0.00578314 -0.00515013 0.0268232 -0.00584679 0.0348439 1.57047 0.0084061 -0.683986 1.49642 -2.94761 0.489223 1.97497 0.0185921 -0.10293 -0.16777 0.00231844 0.00283099 -0.00205656 0.197704 0.269795 -0.537476 2.14268 1.01382 -0.00655806 0.00330419 -1.94097 -1.02506 0.796475 -0.196857 -0.000419672 8.18218e-05 -0.727009
134.93 -0.00708378 -0.58059 1.66908 -2.94947 0.485519 1.97678 -0.0439782 -0.599008 1.73558 -2.95174 0.466547 1.96426 -0.0368944 -0.018418 0.0665047 -0.0022714 -0.0189714 -0.0125207 0.0782515 1.27564 0.00910446 -0.68496 1.50211 -2.94807 0.486958 1.97436 0.0161882 -0.10437 -0.166968 0.00140579 0.00143933 -0.00242208 0.197568 0.207479 -0.534963 2.14307 1.01919 -0.00570759 0.00394986 -1.94102 -1.02506 0.796475 -0.196857 -0.000419672 8.18218e-05 -0.727009
135.605 0.0020722 -0.577501 1.67947 -2.94695 0.484166 1.97633 -0.0348832 -0.592911 1.73548 -2.94751 0.46736 1.96725 -0.0369554 -0.0154096 0.0560158 -0.000555582 -0.016806 -0.00908466 0.0688544 1.08822 0.0122449 -0.685333 1.51439 -2.94607 0.48132 1.97305 0.0101727 -0.107832 -0.165076 0.00088805 -0.00284544 -0.00328824 0.197437 0.271242 -0.528864 2.14289 1.03012 -0.0026638 0.00431147 -1.94113 -1.02506 0.796475 -0.196857 -0.000419672 8.18218e-05 -0.727009
135.972 0.00625366 -0.575882 1.68319 -2.94572 0.483726 1.97617 -0.0303369 -0.589848 1.73539 -2.94455 0.467493 1.96924 -0.0365906 -0.0139663 0.0522016 0.00117113 -0.0162331 -0.00692369 0.0652606 1.02527 0.0141991 -0.683788 1.51814 -2.94482 0.479367 1.97292 0.00794544 -0.107906 -0.165053 0.000900685 -0.00435936 -0.00324295 0.197356 0.329838 -0.526257 2.14239 1.03408 -0.00127587 0.00428545 -1.94119 -1.02506 0.796475 -0.196857 -0.000419672 8.18218e-05 -0.727009
136.332 0.0113978 -0.573932 1.68728 -2.94448 0.483183 1.97595 -0.0257583 -0.586222 1.73586 -2.958 0.484035 1.97366 -0.0371561 -0.0122901 0.0485817 -0.0135251 0.000851825 -0.00228826 0.0623844 0.725237 0.0161446 -0.681785 1.52218 -2.94389 0.477368 1.97315 0.00474679 -0.107853 -0.165099 0.000584188 -0.00581492 -0.00280278 0.197262 0.378459 -0.522897 2.14137 1.03866 0.000184763 0.00434942 -1.94126 -1.02506 0.796475 -0.196857 -0.000419672 8.18218e-05 -0.727009
136.783 0.014682 -0.572794 1.68954 -2.94401 0.482813 1.97579 -0.0212445 -0.583772 1.73535 -2.94026 0.468252 1.97226 -0.0359265 -0.0109776 0.0458164 0.00374724 -0.0145608 -0.00353756 0.0592483 0.907413 0.0160186 -0.680828 1.52454 -2.94431 0.476503 1.97335 0.00133659 -0.108034 -0.164999 -0.000299649 -0.00630963 -0.00244388 0.197225 0.38563 -0.520508 2.14035 1.04142 0.000828131 0.00452566 -1.94132 -1.02506 0.796475 -0.196857 -0.000419672 8.18218e-05 -0.727009
137.146 0.0177803 -0.571929 1.69103 -2.94366 0.482403 1.97562 -0.0167093 -0.581397 1.73502 -2.92188 0.484745 1.9766 -0.0344896 -0.00946816 0.0439948 0.0217838 0.00234174 0.000979325 0.0566985 1.23035 0.0153304 -0.679804 1.52594 -2.94506 0.476176 1.97335 -0.00244998 -0.107875 -0.165085 -0.00139525 -0.00622679 -0.00227166 0.197221 0.375344 -0.518258 2.13913 1.04351 0.00137665 0.00478297 -1.94139 -1.02506 0.796475 -0.196857 -0.000419672 8.18218e-05 -0.727009
137.486 0.0221466 -0.570701 1.69194 -2.94287 0.481919 1.9754 -0.0136314 -0.580111 1.73572 -2.95247 0.484406 1.97771 -0.035778 -0.00940974 0.0437837 -0.00960728 0.00248691 0.00230772 0.0573204 0.63919 0.0178299 -0.676829 1.52586 -2.94565 0.476006 1.9733 -0.00431667 -0.106128 -0.16608 -0.00278354 -0.00591349 -0.00209545 0.19714 0.370094 -0.515511 2.13719 1.04515 0.00239689 0.00494996 -1.94148 -1.02506 0.796475 -0.196857 -0.000419672 8.18218e-05 -0.727009
137.791 0.0250547 -0.569295 1.69194 -2.94228 0.481982 1.97533 -0.00976282 -0.575107 1.72294 -2.95097 0.513547 1.96703 -0.0348176 -0.00581175 0.0309969 -0.00869824 0.0315645 -0.00829864 0.0469771 1.87576 0.0191009 -0.674105 1.52512 -2.94611 0.476555 1.9735 -0.00595385 -0.10481 -0.166821 -0.00383361 -0.00542694 -0.00182221 0.197104 0.366908 -0.513671 2.13551 1.04547 0.00296475 0.00468612 -1.94155 -1.02506 0.796475 -0.196857 -0.000419672 8.18218e-05 -0.727009
138.211 0.0276247 -0.567662 1.6913 -2.94175 0.482317 1.97533 -0.00673511 -0.572836 1.72292 -2.96784 0.49844 1.96439 -0.0343598 -0.00517461 0.031625 -0.0260907 0.0161222 -0.01094 0.0469842 1.6118 0.0197829 -0.670386 1.5233 -2.94662 0.477684 1.97376 -0.00784182 -0.102724 -0.168 -0.00487583 -0.00463291 -0.00156617 0.197073 0.364769 -0.512036 2.13365 1.04502 0.00334566 0.00419329 -1.94161 -1.02506 0.796475 -0.196857 -0.000419672 8.18218e-05 -0.727009
138.585 0.0297045 -0.566378 1.68985 -2.94152 0.482658 1.97535 -0.00374523 -0.572084 1.7229 -2.94809 0.513738 1.9692 -0.0334497 -0.00570526 0.0330434 -0.00656416 0.0310804 -0.00614665 0.0473635 1.81941 0.0221759 -0.666421 1.52032 -2.94734 0.479124 1.97398 -0.00752858 -0.100042 -0.169533 -0.00581044 -0.00353381 -0.00136927 0.196993 0.36584 -0.51061 2.13164 1.04385 0.00342827 0.00380315 -1.94167 -1.02506 0.796475 -0.196857 -0.000419672 8.18218e-05 -0.727009
138.952 0.032028 -0.565715 1.68661 -2.94162 0.482745 1.97531 -0.000771481 -0.571383 1.72306 -2.93356 0.498006 1.96639 -0.0327995 -0.00566783 0.0364496 0.00805928 0.0152614 -0.00891865 0.049361 1.20885 0.0224134 -0.661267 1.51452 -2.94812 0.481124 1.97451 -0.00961466 -0.0955521 -0.172095 -0.00650293 -0.00162068 -0.000806572 0.197077 0.36584 -0.50903 2.12874 1.04131 0.00332759 0.0037563 -1.94171 -1.02506 0.796475 -0.196857 -0.000419672 8.18218e-05 -0.727009
139.333 0.0336271 -0.56635 1.68322 -2.94195 0.482245 1.97517 -7.37238e-06 -0.58056 1.75083 -2.94934 0.488586 1.95563 -0.0336345 -0.01421 0.0676087 -0.00738405 0.00634129 -0.0195396 0.0768383 1.05943 0.0230319 -0.659233 1.5096 -2.94878 0.481445 1.97474 -0.0105952 -0.0928833 -0.173616 -0.00682546 -0.000799619 -0.000426569 0.197185 0.383595 -0.508082 2.12641 1.03888 0.00325505 0.00433281 -1.94174 -1.02506 0.796475 -0.196857 -0.000419672 8.18218e-05 -0.727009
139.679 0.0350639 -0.567261 1.67935 -2.9424 0.481579 1.97501 0.00225316 -0.573581 1.72291 -2.94944 0.481322 1.96393 -0.0328107 -0.00631973 0.0435576 -0.00704226 -0.000257128 -0.0110838 0.0548976 0.573349 0.025343 -0.658895 1.50502 -2.94994 0.48161 1.97472 -0.00972086 -0.0916341 -0.174331 -0.00754122 3.10712e-05 -0.000291878 0.197187 0.424285 -0.507339 2.12392 1.03616 0.00314573 0.00510019 -1.94175 -1.02506 0.796475 -0.196857 -0.000419672 8.18218e-05 -0.727009
140.025 0.0364744 -0.567349 1.67409 -2.94299 0.481276 1.97494 0.00372578 -0.570931 1.70817 -2.9299 0.491011 1.99348 -0.0327486 -0.00358268 0.0340817 0.0130858 0.00973572 0.0185343 0.0474011 1.12117 0.0280067 -0.657472 1.49889 -2.95136 0.482119 1.97439 -0.00846762 -0.0901231 -0.175198 -0.00837418 0.000843755 -0.000553929 0.197201 0.468137 -0.506676 2.12032 1.03224 0.00272826 0.00558506 -1.94175 -1.02506 0.796475 -0.196857 -0.000419672 8.18218e-05 -0.727009
140.379 0.0373299 -0.566512 1.67012 -2.94332 0.481449 1.97501 0.00524661 -0.577413 1.72309 -2.93222 0.49507 1.96778 -0.0320832 -0.0109012 0.0529793 0.0110909 0.0136211 -0.00722203 0.0628886 1.19616 0.0303152 -0.654096 1.49347 -2.95205 0.482688 1.97379 -0.00701463 -0.0875843 -0.176649 -0.00873723 0.00123911 -0.00121856 0.197294 0.477244 -0.506414 2.11739 1.02914 0.00233253 0.00553903 -1.94173 -1.02506 0.796475 -0.196857 -0.000419672 8.18218e-05 -0.727009
140.712 0.0382439 -0.565073 1.66613 -2.94342 0.481793 1.97512 0.00607332 -0.583291 1.73617 -2.94621 0.479974 1.98313 -0.0321705 -0.0182175 0.0700387 -0.00278451 -0.00181928 0.00801081 0.0791974 0.560928 0.0334325 -0.650065 1.48799 -2.95169 0.483404 1.97328 -0.00481132 -0.0849918 -0.178139 -0.00826644 0.00161124 -0.00183989 0.197434 0.444114 -0.50634 2.11426 1.026 0.00205623 0.0052604 -1.9417 -1.02506 0.796475 -0.196857 -0.000419672 8.18218e-05 -0.727009
141.057 0.0396345 -0.562696 1.66073 -2.94331 0.482218 1.97528 0.00742661 -0.569814 1.69593 -2.94736 0.502956 1.97895 -0.0322079 -0.00711797 0.0351951 -0.00404394 0.0207377 0.00367283 0.048236 1.24741 0.0365729 -0.643557 1.48022 -2.94963 0.484514 1.97309 -0.00306164 -0.0808616 -0.18051 -0.00631747 0.00229555 -0.00219384 0.197818 0.349426 -0.506508 2.10978 1.02188 0.00193688 0.00483095 -1.94165 -1.02506 0.796475 -0.196857 -0.000419672 8.18218e-05 -0.727009
141.747 0.0417727 -0.557767 1.65291 -2.94278 0.482999 1.97555 0.00956224 -0.563327 1.68315 -2.94901 0.5023 1.96156 -0.0322104 -0.00556008 0.030241 -0.00623717 0.0193004 -0.0139964 0.0445302 1.31254 0.0379409 -0.634178 1.46983 -2.94662 0.486622 1.97359 -0.00383172 -0.0764106 -0.183075 -0.00384498 0.00362298 -0.00196888 0.198418 0.285305 -0.507298 2.10248 1.01626 0.00203652 0.00392485 -1.94156 -1.02506 0.796475 -0.196857 -0.000419672 8.18218e-05 -0.727009
142.093 0.0427799 -0.554014 1.64949 -2.94223 0.483819 1.97578 0.0103698 -0.565399 1.69605 -2.94909 0.473364 1.97308 -0.0324101 -0.0113856 0.0465659 -0.00685322 -0.0104545 -0.00269793 0.0578656 0.693798 0.0377055 -0.628585 1.46534 -2.945 0.488499 1.97408 -0.0050744 -0.0745708 -0.184152 -0.00276811 0.00467989 -0.00169976 0.198742 0.303902 -0.507923 2.09861 1.01384 0.00215223 0.00298264 -1.94152 -1.02506 0.796475 -0.196857 -0.000419672 8.18218e-05 -0.727009
142.418 0.0441201 -0.548294 1.64528 -2.94131 0.485045 1.97611 0.0118294 -0.561545 1.69556 -2.92984 0.490474 1.97747 -0.0322907 -0.013251 0.0502866 0.0114672 0.00542817 0.00135721 0.0612129 0.697735 0.0371283 -0.620934 1.45998 -2.94313 0.491274 1.97469 -0.00699181 -0.07264 -0.185301 -0.00182526 0.00622848 -0.00141576 0.199153 0.370094 -0.508974 2.09328 1.01102 0.00243565 0.00153212 -1.94148 -1.02506 0.796475 -0.196857 -0.000419672 8.18218e-05 -0.727009
142.78 0.0450408 -0.543965 1.64216 -2.94063 0.485875 1.97633 0.0125014 -0.554511 1.68316 -2.94635 0.50497 1.96323 -0.0325393 -0.010546 0.0410027 -0.0057205 0.0190957 -0.0131027 0.0533971 1.2784 0.0366827 -0.615378 1.45612 -2.9418 0.493122 1.97515 -0.00835805 -0.0714125 -0.186038 -0.00117558 0.00724719 -0.00117882 0.199448 0.420579 -0.509916 2.08921 1.00909 0.00268085 0.000530859 -1.94145 -1.02506 0.796475 -0.196857 -0.000419672 8.18218e-05 -0.727009
143.17 0.0455106 -0.539337 1.63915 -2.94016 0.486907 1.97661 0.0138572 -0.546346 1.66939 -2.92572 0.515907 1.99323 -0.0316535 -0.00700957 0.0302356 0.014449 0.0289993 0.016619 0.0443314 1.8961 0.0368158 -0.609269 1.45222 -2.94056 0.495039 1.97574 -0.00869481 -0.0699325 -0.186931 -0.000399767 0.00813162 -0.000871194 0.199773 0.468137 -0.510981 2.08512 1.00726 0.00262087 -0.000577163 -1.94142 -1.02506 0.796475 -0.196857 -0.000419672 8.18218e-05 -0.727009
143.532 0.0449593 -0.532938 1.63535 -2.94031 0.488663 1.97711 0.0138379 -0.541976 1.66943 -2.92865 0.487591 1.98607 -0.0311214 -0.0090379 0.0340857 0.0116551 -0.00107198 0.00895613 0.0470326 0.625576 0.0373263 -0.603326 1.44861 -2.93959 0.497785 1.97661 -0.007633 -0.0703885 -0.186738 0.000713876 0.0091221 -0.000503749 0.199709 0.526376 -0.51256 2.0797 1.00499 0.0016324 -0.00214457 -1.94133 -1.02506 0.796475 -0.196857 -0.000419672 8.18218e-05 -0.727009
144.557 0.0411602 -0.519768 1.62544 -2.94311 0.492253 1.97838 0.0115945 -0.526553 1.65756 -2.94566 0.505512 1.97144 -0.0295656 -0.0067847 0.0321164 -0.00254069 0.0132588 -0.00693974 0.0441772 0.837434 0.0392147 -0.590531 1.43882 -2.94023 0.501027 1.97827 -0.00194547 -0.070763 -0.186629 0.00288153 0.00877403 -0.000105358 0.199604 0.53008 -0.516627 2.06665 0.999813 -0.00285927 -0.00445685 -1.94094 -1.02506 0.796475 -0.196857 -0.000419672 8.18218e-05 -0.727009
144.93 0.040401 -0.516829 1.62231 -2.94399 0.492823 1.9787 0.0101433 -0.523478 1.65699 -2.94517 0.507367 1.97137 -0.0302576 -0.00664903 0.0346774 -0.00117993 0.0145442 -0.00733183 0.0465 0.921111 0.0400262 -0.585917 1.4347 -2.94048 0.501238 1.9789 -0.000374766 -0.0690881 -0.187613 0.00351426 0.00841455 0.000202028 0.19993 0.520394 -0.517663 2.0629 0.998278 -0.0040406 -0.00467286 -1.94077 -1.02506 0.796475 -0.196857 -0.000419672 8.18218e-05 -0.727009
145.308 0.039966 -0.513565 1.61938 -2.94462 0.493578 1.97909 0.0087286 -0.521178 1.65657 -2.95785 0.523344 1.97506 -0.0312374 -0.00761308 0.0371939 -0.0132309 0.0297661 -0.004028 0.0491642 1.83462 0.0412114 -0.580554 1.43053 -2.94023 0.502143 1.97978 0.00124534 -0.0669891 -0.188849 0.00439096 0.00856532 0.000687951 0.200382 0.543926 -0.518534 2.05923 0.996731 -0.0050853 -0.00514458 -1.94057 -1.02506 0.796475 -0.196857 -0.000419672 8.18218e-05 -0.727009
145.927 0.0413003 -0.505945 1.61301 -2.94469 0.495125 1.98001 0.00868735 -0.516 1.65621 -2.94146 0.510422 1.97285 -0.032613 -0.0100555 0.0431948 0.00323139 0.015297 -0.00716227 0.0550501 1.02182 0.0426065 -0.575342 1.42552 -2.9382 0.505276 1.98181 0.0013062 -0.0693973 -0.187497 0.00648704 0.0101507 0.00179839 0.199932 0.670856 -0.519724 2.05093 0.993171 -0.00614214 -0.00653919 -1.94007 -1.02506 0.796475 -0.196857 -0.000419672 8.18218e-05 -0.727009
146.337 0.0431093 -0.502603 1.61068 -2.94393 0.495653 1.98037 0.0109364 -0.516303 1.66896 -2.94255 0.481722 1.9838 -0.0321729 -0.0137 0.05828 0.00138525 -0.0139314 0.00342887 0.0679658 0.817092 0.0442124 -0.57494 1.42488 -2.93644 0.506638 1.9827 0.00110308 -0.0723364 -0.185803 0.00749545 0.0109848 0.00233468 0.19939 0.737013 -0.519822 2.04754 0.991831 -0.00579409 -0.00728988 -1.93987 -1.02506 0.796475 -0.196857 -0.000419672 8.18218e-05 -0.727009
146.653 0.0457711 -0.498868 1.60876 -2.94252 0.496239 1.98072 0.0121472 -0.501971 1.63166 -2.93816 0.535369 1.98799 -0.0336238 -0.00310267 0.0229044 0.00436224 0.0391301 0.00726636 0.0408019 2.27142 0.0452263 -0.575406 1.42538 -2.93421 0.507291 1.98337 -0.000544781 -0.0765381 -0.183376 0.00831632 0.0110526 0.00265464 0.198709 0.762589 -0.51967 2.04427 0.990689 -0.00485471 -0.00831724 -1.93969 -1.02506 0.796475 -0.196857 -0.000419672 8.18218e-05 -0.727009
147.055 0.0503459 -0.494064 1.60666 -2.93999 0.496781 1.98107 0.0149673 -0.498589 1.63227 -2.92402 0.521287 1.98532 -0.0353786 -0.00452472 0.0256066 0.0159634 0.0245063 0.0042446 0.0439069 1.62799 0.0437676 -0.576342 1.42661 -2.93113 0.506686 1.98369 -0.00657836 -0.0822776 -0.180049 0.00885396 0.0099047 0.00261812 0.198067 0.726855 -0.519113 2.04021 0.989486 -0.00284673 -0.00970166 -1.93951 -1.02506 0.796475 -0.196857 -0.000419672 8.18218e-05 -0.727009
147.438 0.0542529 -0.490786 1.60539 -2.93781 0.496992 1.98125 0.0188392 -0.50242 1.65677 -2.95539 0.498743 1.97223 -0.0354137 -0.0116336 0.0513811 -0.0175811 0.00175178 -0.00901876 0.0634783 0.891313 0.0439202 -0.577071 1.4277 -2.92912 0.505424 1.98368 -0.0103327 -0.0862848 -0.177691 0.00868681 0.0084326 0.00243185 0.197802 0.658491 -0.51848 2.03743 0.988818 -0.000964546 -0.0106599 -1.93943 -1.02506 0.796475 -0.196857 -0.000419672 8.18218e-05 -0.727009
147.809 0.0580227 -0.487801 1.6044 -2.93575 0.497188 1.98137 0.0235301 -0.492086 1.632 -2.93568 0.507769 1.98514 -0.0344926 -0.00428535 0.0276031 6.11089e-05 0.0105803 0.00377264 0.0443851 0.642853 0.0439259 -0.577536 1.42876 -2.92735 0.504346 1.98385 -0.0140967 -0.0897349 -0.175637 0.00839881 0.00715739 0.00248448 0.197736 0.595448 -0.517718 2.03496 0.988318 0.000838286 -0.0115637 -1.93938 -1.02506 0.796475 -0.196857 -0.000419672 8.18218e-05 -0.727009
148.241 0.0624996 -0.483967 1.60357 -2.93326 0.497715 1.98153 0.0280504 -0.492861 1.64414 -2.96729 0.513451 1.96155 -0.0344492 -0.00889397 0.0405695 -0.0340312 0.0157359 -0.0199728 0.0539605 1.93977 0.0431617 -0.577213 1.43005 -2.92549 0.502979 1.98421 -0.019338 -0.0932467 -0.173519 0.00776256 0.00526395 0.00268269 0.197933 0.496534 -0.516584 2.03222 0.987821 0.00290437 -0.0129192 -1.93938 -1.02506 0.796475 -0.196857 -0.000419672 8.18218e-05 -0.727009
148.613 0.065001 -0.481922 1.60313 -2.93206 0.498046 1.98159 0.0320805 -0.486412 1.63209 -2.93091 0.508431 1.98853 -0.0329205 -0.00449041 0.0289609 0.00115288 0.0103851 0.00694292 0.0440755 0.701092 0.0436106 -0.57659 1.43048 -2.92451 0.502636 1.98452 -0.0213904 -0.094668 -0.172649 0.00755225 0.00458957 0.00292982 0.198059 0.463938 -0.515696 2.03064 0.987558 0.00387835 -0.0136414 -1.93941 -1.02506 0.796475 -0.196857 -0.000419672 8.18218e-05 -0.727009
148.94 0.0667206 -0.480674 1.60286 -2.93148 0.49828 1.98159 0.034931 -0.483573 1.63213 -2.92912 0.508998 1.98976 -0.0317896 -0.00289903 0.0292703 0.0023612 0.0107187 0.00816573 0.0433097 0.743884 0.0438205 -0.57626 1.43077 -2.92392 0.502581 1.98468 -0.0229001 -0.0955858 -0.172087 0.00755823 0.00430127 0.00308775 0.198179 0.453703 -0.5148 2.02952 0.987429 0.0043406 -0.0140597 -1.93945 -1.02506 0.796475 -0.196857 -0.000419672 8.18218e-05 -0.727009
149.288 0.0677692 -0.480651 1.60262 -2.93152 0.498156 1.98149 0.0366534 -0.486738 1.64531 -2.94973 0.498625 1.96108 -0.0311158 -0.00608747 0.0426917 -0.0182106 0.000468729 -0.0204105 0.0531773 1.13608 0.0437599 -0.576773 1.43086 -2.92403 0.502209 1.98423 -0.0240093 -0.0961222 -0.17176 0.00749236 0.00405326 0.00274122 0.198286 0.444994 -0.51391 2.02886 0.98741 0.00439468 -0.0139305 -1.93952 -1.02506 0.796475 -0.196857 -0.000419672 8.18218e-05 -0.727009
149.684 0.0686527 -0.482109 1.60237 -2.93202 0.49753 1.98123 0.0377818 -0.483585 1.63217 -2.9279 0.508499 1.9907 -0.0308709 -0.00147663 0.0298034 0.0041199 0.0109683 0.00946544 0.0429353 0.788327 0.0450852 -0.57993 1.4316 -2.92478 0.501522 1.98382 -0.0235675 -0.097821 -0.170763 0.00724511 0.0039913 0.0025839 0.198203 0.43341 -0.512735 2.02869 0.987449 0.00427406 -0.0131731 -1.93961 -1.02506 0.796475 -0.196857 -0.000419672 8.18218e-05 -0.727009
150.475 0.0699915 -0.486599 1.60209 -2.93265 0.495853 1.98072 0.0382335 -0.483773 1.62079 -2.92913 0.534668 1.98004 -0.031758 0.00282647 0.0187039 0.00351876 0.0388153 -0.000676063 0.0369648 2.23511 0.0488369 -0.58915 1.43414 -2.92562 0.498667 1.98349 -0.0211545 -0.10255 -0.167946 0.00703014 0.00281403 0.00277606 0.197914 0.390671 -0.511032 2.02983 0.987278 0.00452917 -0.0114244 -1.93971 -1.02506 0.796475 -0.196857 -0.000419672 8.18218e-05 -0.727009
150.83 0.0706362 -0.490882 1.60184 -2.93312 0.494425 1.98036 0.0405427 -0.49673 1.6571 -2.94454 0.49702 1.98014 -0.0300935 -0.00584828 0.0552621 -0.0114215 0.00259471 -0.000221839 0.0631959 0.664996 0.0495793 -0.595783 1.43528 -2.92675 0.4953 1.98253 -0.0210569 -0.104901 -0.166559 0.00636111 0.000874925 0.00217048 0.197964 0.328649 -0.509986 2.03142 0.986864 0.00475866 -0.00994955 -1.93972 -1.02506 0.796475 -0.196857 -0.000419672 8.18218e-05 -0.727009
151.243 0.0706089 -0.494714 1.60163 -2.9338 0.493286 1.98011 0.0395105 -0.497576 1.64548 -2.9322 0.509275 1.96507 -0.0310984 -0.00286176 0.043846 0.00159426 0.0159895 -0.015039 0.053831 1.29059 0.0507049 -0.600915 1.43582 -2.92824 0.493023 1.98168 -0.019904 -0.106201 -0.16581 0.00555255 -0.000263402 0.00156811 0.197908 0.286674 -0.509281 2.03298 0.986451 0.00464015 -0.00866685 -1.9397 -1.02506 0.796475 -0.196857 -0.000419672 8.18218e-05 -0.727009
151.557 0.0703179 -0.499145 1.60136 -2.93466 0.491964 1.97984 0.040633 -0.49785 1.6322 -2.92957 0.502731 1.9902 -0.0296849 0.00129579 0.030846 0.00508296 0.0107672 0.0103552 0.0428293 0.80794 0.0511424 -0.606972 1.43648 -2.9305 0.490368 1.98059 -0.0191755 -0.107827 -0.16488 0.00415673 -0.00159607 0.00074788 0.197939 0.239031 -0.508658 2.03482 0.985988 0.00442477 -0.0071509 -1.93966 -1.02506 0.796475 -0.196857 -0.000419672 8.18218e-05 -0.727009
152.274 0.068272 -0.50933 1.60125 -2.9371 0.48944 1.97939 0.0395277 -0.51261 1.64533 -2.95326 0.488715 1.95967 -0.0287443 -0.00328027 0.0440786 -0.0161605 -0.000725609 -0.0197205 0.0527249 1.07374 0.0516159 -0.622167 1.43922 -2.93664 0.48485 1.97865 -0.0166561 -0.112837 -0.162029 0.000467023 -0.00459071 -0.000740091 0.198149 0.269795 -0.507583 2.03985 0.984971 0.00322763 -0.00397914 -1.93953 -1.02506 0.796475 -0.196857 -0.000419672 8.18218e-05 -0.727009
152.681 0.0667841 -0.51292 1.60168 -2.93829 0.488861 1.97931 0.0368043 -0.509053 1.62015 -2.93434 0.525819 1.97699 -0.0299798 0.00386685 0.0184759 0.00394174 0.0369578 -0.00231957 0.0354274 2.14046 0.0517626 -0.62814 1.44095 -2.93938 0.483178 1.9784 -0.0150215 -0.115221 -0.160723 -0.00109356 -0.00568326 -0.000912032 0.198327 0.331022 -0.507284 2.04221 0.984769 0.00232837 -0.00300926 -1.93947 -1.02506 0.796475 -0.196857 -0.000419672 8.18218e-05 -0.727009
153.039 0.0650608 -0.515645 1.60261 -2.9393 0.488838 1.97936 0.0366539 -0.521217 1.64528 -2.95597 0.486064 1.95801 -0.0284068 -0.00557186 0.042676 -0.0166751 -0.00277429 -0.0213466 0.0515678 1.15724 0.0518672 -0.632265 1.44271 -2.94119 0.482554 1.97852 -0.0131936 -0.11662 -0.159895 -0.00189043 -0.00628397 -0.000837785 0.198345 0.372203 -0.507061 2.04461 0.98468 0.00139368 -0.00265756 -1.93942 -1.02506 0.796475 -0.196857 -0.000419672 8.18218e-05 -0.727009
153.383 0.0629754 -0.518276 1.60414 -2.94018 0.489227 1.9795 0.0337624 -0.523405 1.64536 -2.93946 0.500735 1.9608 -0.029213 -0.00512894 0.0412117 0.000718271 0.011508 -0.0187041 0.0507751 1.27534 0.0555917 -0.639336 1.44681 -2.9424 0.482497 1.97936 -0.0073837 -0.12106 -0.157332 -0.00221606 -0.00673039 -0.000142185 0.198654 0.404452 -0.506836 2.04785 0.984589 0.000359988 -0.00270444 -1.93938 -1.02506 0.796475 -0.196857 -0.000419672 8.18218e-05 -0.727009
154.047 0.0600099 -0.521398 1.60665 -2.94107 0.490251 1.97976 0.0308886 -0.526265 1.64531 -2.94117 0.500148 1.95961 -0.0291213 -0.00486618 0.0386649 -9.985e-05 0.0098969 -0.0201518 0.0486488 1.2839 0.0627443 -0.646773 1.45184 -2.94156 0.482956 1.98088 0.00273436 -0.125374 -0.154803 -0.000484387 -0.0072949 0.00111478 0.199224 0.426126 -0.506526 2.05275 0.98429 -0.000959583 -0.00333172 -1.93935 -1.02506 0.796475 -0.196857 -0.000419672 8.18218e-05 -0.727009
154.375 0.0577252 -0.523502 1.60818 -2.94187 0.491117 1.97991 0.0292305 -0.523453 1.63203 -2.93929 0.495329 1.98403 -0.0284947 4.97371e-05 0.023845 0.00258221 0.0042121 0.00412457 0.0371555 0.320206 0.0676753 -0.650998 1.45465 -2.94079 0.483728 1.98135 0.00995009 -0.127495 -0.15353 0.00108837 -0.00738847 0.00144055 0.199814 0.429783 -0.506248 2.05605 0.983831 -0.00207664 -0.00384464 -1.9394 -1.02506 0.796475 -0.196857 -0.000419672 8.18218e-05 -0.727009
154.749 0.0558454 -0.52562 1.60907 -2.94275 0.491604 1.97992 0.0275054 -0.532194 1.65709 -2.93957 0.501497 1.97623 -0.02834 -0.00657392 0.0480271 0.00317682 0.00989339 -0.00369208 0.0561513 0.660272 0.0716259 -0.654102 1.45615 -2.94032 0.484465 1.98141 0.0157805 -0.128482 -0.152918 0.00242672 -0.00713883 0.0014862 0.200351 0.427958 -0.505951 2.05854 0.983313 -0.00307462 -0.00398411 -1.93948 -1.02506 0.796475 -0.196857 -0.000419672 8.18218e-05 -0.727009
155.124 0.053778 -0.528449 1.60964 -2.944 0.491843 1.97984 0.0251722 -0.531142 1.64483 -2.95832 0.514163 1.96063 -0.0286059 -0.00269229 0.0351866 -0.0143235 0.0223195 -0.0192114 0.0454273 1.62775 0.0753954 -0.657819 1.45728 -2.94054 0.485044 1.98129 0.0216174 -0.12937 -0.152359 0.00345844 -0.00679951 0.00144171 0.201041 0.427043 -0.50554 2.06104 0.982655 -0.00428606 -0.00376602 -1.93959 -1.02506 0.796475 -0.196857 -0.000419672 8.18218e-05 -0.727009
155.468 0.0510431 -0.532127 1.61037 -2.94574 0.492342 1.97971 0.0223 -0.534012 1.64482 -2.96003 0.513549 1.95941 -0.0287431 -0.00188433 0.0344488 -0.0142944 0.0212068 -0.0202938 0.0449048 1.60645 0.0801182 -0.663892 1.45949 -2.94116 0.486084 1.98117 0.0290751 -0.131765 -0.150879 0.00457158 -0.0062586 0.00146808 0.202415 0.428872 -0.504753 2.06434 0.981603 -0.00601495 -0.00361646 -1.9398 -1.02506 0.796475 -0.196857 -0.000419672 8.18218e-05 -0.727009
155.857 0.0492566 -0.53482 1.6109 -2.94695 0.492777 1.97956 0.0206684 -0.532813 1.6323 -2.92821 0.507697 1.98395 -0.0285882 0.00200693 0.0214021 0.018734 0.0149197 0.00438693 0.0357682 1.29905 0.0824312 -0.667446 1.46059 -2.94147 0.486802 1.98094 0.0331746 -0.132626 -0.150308 0.00547827 -0.0059746 0.00138082 0.203181 0.445872 -0.503931 2.06678 0.980713 -0.00722948 -0.00359234 -1.94001 -1.02506 0.796475 -0.196857 -0.000419672 8.18218e-05 -0.727009
156.271 0.0481492 -0.537375 1.61142 -2.94774 0.493212 1.97938 0.017818 -0.535656 1.63227 -2.92994 0.50713 1.98273 -0.0303312 0.00171831 0.0208529 0.017799 0.0139186 0.00335381 0.036848 1.2348 0.084237 -0.670821 1.46165 -2.94175 0.487303 1.9806 0.0360878 -0.133447 -0.149766 0.00598394 -0.00590904 0.00122277 0.203814 0.463094 -0.50287 2.06916 0.979698 -0.00802454 -0.00371683 -1.94024 -1.02506 0.796475 -0.196857 -0.000419672 8.18218e-05 -0.727009
156.544 0.0479459 -0.539789 1.6119 -2.94796 0.493597 1.97918 0.0173836 -0.546822 1.65757 -2.94686 0.497355 1.97155 -0.0305623 -0.00703235 0.0456641 0.00109808 0.00375775 -0.00763568 0.0553961 0.517377 0.0865849 -0.672592 1.46181 -2.94183 0.487587 1.98016 0.038639 -0.132802 -0.150093 0.00613188 -0.00601041 0.000977367 0.204102 0.476423 -0.501543 2.07147 0.978511 -0.00826381 -0.00399525 -1.94048 -1.02506 0.796475 -0.196857 -0.000419672 8.18218e-05 -0.727009
156.996 0.048695 -0.54402 1.61201 -2.948 0.493505 1.97879 0.0173836 -0.549717 1.65756 -2.94737 0.49633 1.9713 -0.0313114 -0.00569641 0.0455519 0.000637475 0.00282479 -0.00749254 0.0555682 0.476423 0.0878126 -0.675365 1.46106 -2.94256 0.4873 1.979 0.0391176 -0.131345 -0.15095 0.00544449 -0.00620496 0.000202331 0.203881 0.469806 -0.499349 2.07447 0.976611 -0.00807838 -0.00389744 -1.94081 -1.02506 0.796475 -0.196857 -0.000419672 8.18218e-05 -0.727009
157.374 0.0498166 -0.547871 1.61173 -2.94799 0.493076 1.97842 0.0178455 -0.544714 1.63164 -2.9438 0.518561 1.98572 -0.0319711 0.00315688 0.0199108 0.00418662 0.0254854 0.0072977 0.0377962 1.50584 0.0889527 -0.677717 1.45987 -2.94341 0.487041 1.97824 0.0391362 -0.129846 -0.151859 0.00457884 -0.00603522 -0.000183743 0.2036 0.437007 -0.497393 2.07665 0.974958 -0.00772789 -0.00351081 -1.94104 -1.02506 0.796475 -0.196857 -0.000419672 8.18218e-05 -0.727009
157.753 0.0514789 -0.551673 1.61132 -2.94769 0.492675 1.97807 0.0202783 -0.558406 1.65757 -2.94772 0.492832 1.97148 -0.0312006 -0.0067326 0.0462541 -3.02491e-05 0.00015678 -0.00658361 0.0561983 0.376385 0.0904065 -0.679438 1.45821 -2.94413 0.487118 1.97751 0.0389276 -0.127765 -0.153104 0.00356293 -0.00555737 -0.000560815 0.203176 0.387654 -0.495192 2.07877 0.973065 -0.00713458 -0.00324854 -1.94128 -1.02506 0.796475 -0.196857 -0.000419672 8.18218e-05 -0.727009
158.105 0.0543214 -0.556558 1.61055 -2.94697 0.4923 1.97766 0.0206946 -0.553264 1.63164 -2.94419 0.51501 1.98587 -0.0336268 0.00329419 0.0210861 0.00278619 0.0227097 0.00821283 0.0398276 1.36659 0.0931678 -0.682485 1.45633 -2.94494 0.488653 1.97692 0.0388464 -0.125927 -0.154221 0.00203178 -0.00364712 -0.000737633 0.202856 0.251788 -0.491918 2.08149 0.970085 -0.00613089 -0.00315612 -1.94156 -1.02506 0.796475 -0.196857 -0.000419672 8.18218e-05 -0.727009
158.488 0.0566587 -0.559957 1.60986 -2.94634 0.492272 1.97743 0.0231731 -0.567096 1.65758 -2.94808 0.489365 1.97167 -0.0334856 -0.00713929 0.0477218 -0.00173894 -0.00290661 -0.00576179 0.0587335 0.340349 0.0953405 -0.684802 1.45499 -2.94459 0.48964 1.97679 0.0386818 -0.124845 -0.154876 0.00175325 -0.00263219 -0.000640152 0.202655 0.193827 -0.489243 2.08346 0.967521 -0.00541135 -0.00335164 -1.94175 -1.02506 0.796475 -0.196857 -0.000419672 8.18218e-05 -0.727009
158.855 0.0590745 -0.563473 1.60899 -2.94578 0.492279 1.97722 0.0263931 -0.561818 1.63165 -2.94341 0.511035 1.98698 -0.0326814 0.00165505 0.0226538 0.00236052 0.0187559 0.00976332 0.0397996 1.18894 0.0983982 -0.68597 1.45273 -2.94407 0.490988 1.9767 0.0393237 -0.122497 -0.156263 0.00170656 -0.00129102 -0.000512718 0.20241 0.137056 -0.486406 2.0854 0.964722 -0.00477639 -0.00355633 -1.94194 -1.02506 0.796475 -0.196857 -0.000419672 8.18218e-05 -0.727009
159.274 0.0622175 -0.567988 1.60776 -2.94517 0.492571 1.97701 0.0280293 -0.570733 1.64505 -2.94641 0.513861 1.9619 -0.0341882 -0.00274531 0.0372905 -0.00124769 0.0212901 -0.0151097 0.0506651 1.4775 0.101889 -0.688304 1.45022 -2.94336 0.492704 1.97658 0.0396713 -0.120315 -0.157545 0.00181087 0.000132818 -0.000424301 0.202163 0.118694 -0.482401 2.08794 0.960716 -0.0042015 -0.00403835 -1.94218 -1.02506 0.796475 -0.196857 -0.000419672 8.18218e-05 -0.727009
159.606 0.0645725 -0.571351 1.60682 -2.94479 0.492908 1.97688 0.0318691 -0.579023 1.65649 -2.95849 0.499128 1.97744 -0.0327034 -0.0076725 0.04967 -0.0136942 0.00622004 0.000552035 0.0599624 0.87581 0.105307 -0.69041 1.44854 -2.94297 0.493649 1.97642 0.040734 -0.119059 -0.158272 0.00182293 0.000740489 -0.000463324 0.202199 0.125115 -0.479246 2.08984 0.957591 -0.0039035 -0.00447851 -1.94235 -1.02506 0.796475 -0.196857 -0.000419672 8.18218e-05 -0.727009
160.008 0.0670306 -0.574852 1.60586 -2.94445 0.493209 1.97676 0.0337757 -0.579372 1.64511 -2.94559 0.509938 1.96305 -0.0332549 -0.0045205 0.0392476 -0.00114301 0.0167287 -0.0137152 0.0516401 1.22109 0.108281 -0.692936 1.44702 -2.9425 0.494313 1.97621 0.0412506 -0.118084 -0.158839 0.00194958 0.00110415 -0.000554281 0.202176 0.14537 -0.475966 2.09175 0.954447 -0.00362399 -0.00487442 -1.94252 -1.02506 0.796475 -0.196857 -0.000419672 8.18218e-05 -0.727009
160.388 0.0695681 -0.578783 1.60484 -2.94423 0.493295 1.97661 0.0366628 -0.582873 1.64487 -2.96254 0.494038 1.95984 -0.0329053 -0.00408969 0.0400259 -0.0183037 0.000742973 -0.0167651 0.0519765 1.03439 0.111051 -0.69694 1.44604 -2.94201 0.494512 1.97596 0.0414833 -0.118157 -0.158803 0.00222472 0.00121718 -0.000649261 0.202239 0.163129 -0.472567 2.0937 0.95137 -0.00337334 -0.00502876 -1.94267 -1.02506 0.796475 -0.196857 -0.000419672 8.18218e-05 -0.727009
160.692 0.072574 -0.585141 1.60333 -2.94467 0.492918 1.97629 0.0395229 -0.588017 1.64517 -2.9448 0.506044 1.96418 -0.0330512 -0.00287653 0.041838 -0.00013445 0.013126 -0.012112 0.0533954 1.02067 0.114249 -0.702382 1.44397 -2.94229 0.493668 1.97546 0.0416749 -0.117241 -0.159365 0.00237814 0.000749383 -0.000836573 0.202187 0.170174 -0.46786 2.09636 0.947535 -0.00349555 -0.00452918 -1.94287 -1.02506 0.796475 -0.196857 -0.000419672 8.18218e-05 -0.727009
161.142 0.0747239 -0.590477 1.60225 -2.94535 0.49236 1.97598 0.0434413 -0.599023 1.6578 -2.94582 0.475459 1.97528 -0.0312826 -0.00854602 0.0555436 -0.000471364 -0.0169007 -0.000698283 0.0643174 0.969144 0.116655 -0.705975 1.44189 -2.94308 0.492443 1.97495 0.0419315 -0.115498 -0.160363 0.00226274 8.32484e-05 -0.00102874 0.202026 0.165511 -0.464202 2.09837 0.944966 -0.00377851 -0.00378401 -1.94303 -1.02506 0.796475 -0.196857 -0.000419672 8.18218e-05 -0.727009
161.527 0.0768716 -0.596029 1.60137 -2.9462 0.491599 1.9756 0.0452832 -0.601399 1.64443 -2.95794 0.514838 1.9682 -0.0315884 -0.00536954 0.0430547 -0.0117398 0.0232389 -0.00739928 0.0536691 1.45938 0.11894 -0.710699 1.44053 -2.94412 0.490726 1.9743 0.0420685 -0.11467 -0.160848 0.00207451 -0.000873484 -0.00129882 0.201968 0.174713 -0.460436 2.10038 0.942798 -0.00412816 -0.00278981 -1.94321 -1.02506 0.796475 -0.196857 -0.000419672 8.18218e-05 -0.727009
161.886 0.0799782 -0.603293 1.60064 -2.94731 0.490458 1.97503 0.0467312 -0.598289 1.62038 -2.94321 0.519371 1.97896 -0.033247 0.00500356 0.0197382 0.00410563 0.0289133 0.00392501 0.0389871 1.67304 0.122235 -0.715933 1.4386 -2.94533 0.488752 1.97344 0.0422571 -0.11264 -0.162036 0.00198445 -0.00170639 -0.00159605 0.201814 0.201741 -0.455251 2.10298 0.940523 -0.00450183 -0.00135533 -1.94348 -1.02506 0.796475 -0.196857 -0.000419672 8.18218e-05 -0.727009
162.288 0.0825419 -0.608311 1.60037 -2.948 0.489708 1.97462 0.0495401 -0.604835 1.62086 -2.92997 0.502911 1.97621 -0.0330018 0.00347601 0.020483 0.0180283 0.0132033 0.00159115 0.0389969 1.24804 0.124514 -0.718598 1.43697 -2.94597 0.487901 1.97294 0.0419721 -0.110287 -0.163406 0.00203021 -0.00180688 -0.00168234 0.20156 0.209357 -0.451248 2.10483 0.939082 -0.00468581 -0.000428191 -1.94369 -1.02506 0.796475 -0.196857 -0.000419672 8.18218e-05 -0.727009
162.633 0.0852979 -0.612832 1.60029 -2.94852 0.489112 1.97424 0.0538953 -0.619711 1.64539 -2.94475 0.493053 1.96606 -0.0314027 -0.00687975 0.0450959 0.00376866 0.00394094 -0.00818025 0.0553814 0.642244 0.126636 -0.720781 1.4355 -2.94648 0.487469 1.97239 0.0413384 -0.10795 -0.164789 0.00203416 -0.00164328 -0.00184448 0.20129 0.213062 -0.447155 2.10654 0.93776 -0.00477595 0.000304444 -1.94391 -1.02506 0.796475 -0.196857 -0.000419672 8.18218e-05 -0.727009
163.025 0.0895576 -0.61848 1.60036 -2.9489 0.488327 1.97373 0.0552236 -0.615309 1.62047 -2.94295 0.512122 1.98019 -0.034334 0.00317056 0.0201171 0.00595905 0.0237948 0.00646102 0.0399196 1.41111 0.129247 -0.721425 1.43268 -2.94695 0.487313 1.97186 0.0396892 -0.102945 -0.167674 0.00195696 -0.00101449 -0.00187594 0.200717 0.197824 -0.441572 2.10858 0.93622 -0.00461933 0.00115254 -1.9442 -1.02506 0.796475 -0.196857 -0.000419672 8.18218e-05 -0.727009
163.424 0.0931136 -0.622608 1.6004 -2.94904 0.487591 1.97332 0.059647 -0.630178 1.64457 -2.95731 0.502872 1.9703 -0.0334665 -0.00756951 0.0441716 -0.00827589 0.015281 -0.00302826 0.0559324 0.971161 0.13073 -0.721602 1.43042 -2.94722 0.487263 1.97148 0.0376161 -0.098993 -0.169975 0.00181357 -0.000327385 -0.0018432 0.200265 0.181308 -0.437307 2.1099 0.935238 -0.00428902 0.00187471 -1.94441 -1.02506 0.796475 -0.196857 -0.000419672 8.18218e-05 -0.727009
163.818 0.0970045 -0.626651 1.6004 -2.94902 0.486718 1.9729 0.0634409 -0.629374 1.63314 -2.91269 0.481599 1.99288 -0.0335635 -0.00272322 0.0327369 0.0363275 -0.00511885 0.0199819 0.0469642 1.87367 0.132455 -0.720985 1.42772 -2.9476 0.487468 1.9712 0.0354506 -0.0943338 -0.172684 0.00142168 0.000750017 -0.0016927 0.199938 0.158259 -0.432998 2.11103 0.934397 -0.00376423 0.00267202 -1.94461 -1.02506 0.796475 -0.196857 -0.000419672 8.18218e-05 -0.727009
164.207 0.1011 -0.630548 1.60042 -2.94894 0.485736 1.97246 0.0682684 -0.638848 1.6447 -2.95553 0.4987 1.9723 -0.032832 -0.00829963 0.0442811 -0.00659214 0.0129638 -0.000155066 0.0557463 0.831336 0.133879 -0.720201 1.42501 -2.94789 0.487588 1.97096 0.032779 -0.0896525 -0.175406 0.00104207 0.00185197 -0.00149855 0.199698 0.163129 -0.428674 2.11193 0.933761 -0.00313049 0.00355048 -1.9448 -1.02506 0.796475 -0.196857 -0.000419672 8.18218e-05 -0.727009
164.569 0.106812 -0.635042 1.60076 -2.9487 0.484499 1.9719 0.0727423 -0.637706 1.63256 -2.95791 0.495315 1.95547 -0.0340693 -0.00266448 0.0317958 -0.0092055 0.010816 -0.016428 0.0466775 1.03967 0.136512 -0.718923 1.42204 -2.94807 0.487493 1.97069 0.0297006 -0.0838812 -0.17872 0.000634453 0.00299362 -0.00120535 0.199648 0.193827 -0.42294 2.11277 0.933412 -0.00221681 0.00460192 -1.94505 -1.02506 0.796475 -0.196857 -0.000419672 8.18218e-05 -0.727009
164.87 0.111039 -0.637727 1.60138 -2.94856 0.483682 1.97152 0.0783361 -0.647573 1.64497 -2.9546 0.493746 1.97416 -0.0327026 -0.0098466 0.0435964 -0.00604103 0.0100635 0.00264186 0.0553811 0.724157 0.137486 -0.718204 1.4207 -2.94849 0.487677 1.97068 0.0264471 -0.0804777 -0.180677 6.50429e-05 0.00399477 -0.000843234 0.19955 0.234068 -0.418706 2.1131 0.933673 -0.00161699 0.0053059 -1.94521 -1.02506 0.796475 -0.196857 -0.000419672 8.18218e-05 -0.727009
165.122 0.115264 -0.639536 1.60248 -2.94835 0.483076 1.9712 0.081318 -0.64446 1.6334 -2.93946 0.505039 1.96157 -0.0339464 -0.00492319 0.0309166 0.00888651 0.0219627 -0.0096326 0.0461782 1.55369 0.137961 -0.717319 1.42026 -2.94881 0.487517 1.97057 0.0226964 -0.0777831 -0.18222 -0.000463259 0.00444027 -0.000633111 0.199423 0.256409 -0.414562 2.11316 0.934481 -0.00105878 0.00578997 -1.94537 -1.02506 0.796475 -0.196857 -0.000419672 8.18218e-05 -0.727009
165.535 0.121301 -0.639874 1.60496 -2.94739 0.482832 1.97092 0.086961 -0.645046 1.63128 -2.96552 0.504869 1.96311 -0.0343405 -0.00517251 0.0263198 -0.0181251 0.0220368 -0.00780238 0.0435747 1.55947 0.13965 -0.714689 1.42102 -2.9483 0.487685 1.97054 0.0183482 -0.074815 -0.183936 -0.000907497 0.00485334 -0.000379691 0.199415 0.282549 -0.40922 2.1128 0.936414 6.64737e-05 0.00568385 -1.94557 -1.02506 0.796475 -0.196857 -0.000419672 8.18218e-05 -0.727009
166.454 0.136877 -0.636179 1.61311 -2.94407 0.482591 1.97052 0.102837 -0.64617 1.6469 -2.93131 0.476939 1.979 -0.0340397 -0.00999167 0.0337903 0.0127586 -0.00565232 0.00847949 0.0489931 0.739664 0.13745 -0.705147 1.4258 -2.9452 0.487542 1.97061 0.000572804 -0.0689688 -0.187311 -0.0011357 0.00495107 8.90391e-05 0.199606 0.292083 -0.397184 2.11001 0.944338 0.00346064 0.00476125 -1.94585 -1.02506 0.796475 -0.196857 -0.000419672 8.18218e-05 -0.727009
166.846 0.141568 -0.634313 1.61566 -2.94285 0.482458 1.97045 0.108606 -0.643396 1.64716 -2.92869 0.476919 1.98102 -0.0329614 -0.00908262 0.0314992 0.0141571 -0.00553867 0.0105747 0.0464881 0.819961 0.137389 -0.702781 1.42809 -2.94488 0.487292 1.97074 -0.00417863 -0.0684678 -0.187579 -0.00203224 0.0048336 0.000287613 0.199727 0.303902 -0.394057 2.10876 0.947201 0.00468741 0.00446301 -1.94587 -1.02506 0.796475 -0.196857 -0.000419672 8.18218e-05 -0.727009
167.584 0.150269 -0.628544 1.62159 -2.94027 0.482755 1.97054 0.119584 -0.640257 1.65955 -2.93832 0.496894 1.96358 -0.030685 -0.0117131 0.0379631 0.00195228 0.0141388 -0.00696553 0.0501992 0.932932 0.138159 -0.695903 1.4334 -2.94407 0.486811 1.9708 -0.0121099 -0.0673596 -0.188193 -0.0037997 0.00405621 0.000255356 0.200251 0.323851 -0.388683 2.10582 0.953818 0.00695932 0.00330074 -1.94584 -1.02506 0.796475 -0.196857 -0.000419672 8.18218e-05 -0.727009
167.983 0.154715 -0.623617 1.62619 -2.93913 0.483313 1.97076 0.124172 -0.64162 1.67261 -2.93689 0.470743 1.97528 -0.0305424 -0.0180036 0.0464186 0.0022387 -0.0125705 0.00451216 0.0584094 0.755888 0.139487 -0.692637 1.43901 -2.94367 0.48717 1.97117 -0.0152281 -0.0690201 -0.187181 -0.0045422 0.0038572 0.000409278 0.200081 0.350545 -0.385838 2.10366 0.959104 0.00773529 0.00238645 -1.94576 -1.02506 0.796475 -0.196857 -0.000419672 8.18218e-05 -0.727009
168.342 0.157382 -0.619763 1.6298 -2.93865 0.483715 1.97097 0.127106 -0.635841 1.67278 -2.93475 0.472097 1.97669 -0.0302759 -0.0160781 0.0429814 0.00389533 -0.0116174 0.00572401 0.0549775 0.730078 0.139306 -0.69162 1.4442 -2.94346 0.487236 1.97145 -0.0180756 -0.0718576 -0.1856 -0.00481529 0.00352113 0.000479326 0.199844 0.35277 -0.38411 2.102 0.963376 0.00794758 0.00185591 -1.94566 -1.02506 0.796475 -0.196857 -0.000419672 8.18218e-05 -0.727009
168.722 0.159441 -0.615971 1.63334 -2.93846 0.484069 1.97119 0.13004 -0.630062 1.67295 -2.93259 0.473453 1.97812 -0.0294009 -0.0140915 0.0396177 0.00586372 -0.0106163 0.00692784 0.0513083 0.719277 0.1398 -0.690217 1.44912 -2.9432 0.486869 1.97176 -0.0196404 -0.0742459 -0.184218 -0.00473851 0.00280018 0.000569507 0.199586 0.329838 -0.382726 2.10031 0.967781 0.00789614 0.00146254 -1.94554 -1.02506 0.796475 -0.196857 -0.000419672 8.18218e-05 -0.727009
169.088 0.161613 -0.610855 1.63801 -2.93836 0.484463 1.9715 0.131098 -0.617294 1.65821 -2.94047 0.517094 1.97409 -0.0305148 -0.00643829 0.0202004 -0.00211583 0.0326305 0.00258688 0.0371573 1.88388 0.14069 -0.688666 1.45583 -2.94258 0.486586 1.97208 -0.0209232 -0.0778105 -0.182179 -0.00422075 0.00212261 0.000581934 0.199202 0.286674 -0.3814 2.09804 0.973794 0.00770102 0.00106374 -1.94535 -1.02506 0.796475 -0.196857 -0.000419672 8.18218e-05 -0.727009
169.551 0.162852 -0.60643 1.6417 -2.93821 0.484997 1.97181 0.135756 -0.627815 1.69857 -2.94564 0.469056 1.96861 -0.0270964 -0.0213856 0.0568701 -0.007423 -0.0159414 -0.00319758 0.0665264 0.988338 0.140475 -0.688053 1.46172 -2.94213 0.486856 1.97233 -0.0223775 -0.0816229 -0.179987 -0.00391583 0.00185893 0.000517136 0.198893 0.262443 -0.380781 2.09635 0.978403 0.00750225 0.000520733 -1.94519 -1.02506 0.796475 -0.196857 -0.000419672 8.18218e-05 -0.727009
169.94 0.163828 -0.601577 1.64553 -2.93798 0.485688 1.97217 0.135259 -0.614655 1.68278 -2.95359 0.513869 1.96439 -0.028569 -0.013078 0.0372449 -0.0156067 0.028181 -0.00778252 0.0487279 1.79537 0.140215 -0.685764 1.46702 -2.94173 0.487277 1.97258 -0.0236129 -0.0841873 -0.178516 -0.00374919 0.00158852 0.000406221 0.198779 0.243893 -0.380467 2.09467 0.98309 0.00730493 -0.000196679 -1.94502 -1.02506 0.796475 -0.196857 -0.000419672 8.18218e-05 -0.727009
170.249 0.164912 -0.595462 1.65032 -2.93761 0.486335 1.97262 0.134142 -0.599992 1.66045 -2.92486 0.507848 1.97242 -0.0307704 -0.00452961 0.0101236 0.0127475 0.0215133 -0.000205269 0.0327082 1.43559 0.14015 -0.682537 1.47347 -2.94141 0.487748 1.9729 -0.0247624 -0.0870743 -0.176852 -0.00379686 0.00141288 0.000274023 0.198675 0.239031 -0.38049 2.0925 0.989247 0.00720888 -0.000921868 -1.94476 -1.02506 0.796475 -0.196857 -0.000419672 8.18218e-05 -0.727009
170.632 0.165559 -0.591261 1.65348 -2.93728 0.48664 1.97293 0.138604 -0.605649 1.69673 -2.95353 0.490937 1.97568 -0.0269552 -0.0143884 0.043248 -0.0162504 0.00429735 0.00274914 0.0529528 1.04418 0.139899 -0.680779 1.47804 -2.94116 0.487956 1.97308 -0.0256596 -0.0895185 -0.175434 -0.00387984 0.00131659 0.000153011 0.198618 0.239031 -0.380822 2.09095 0.993523 0.00725938 -0.00131728 -1.94456 -1.02506 0.796475 -0.196857 -0.000419672 8.18218e-05 -0.727009
170.994 0.165971 -0.587052 1.65629 -2.93687 0.487053 1.97326 0.138742 -0.601209 1.69885 -2.93951 0.476976 1.97205 -0.0272285 -0.0141563 0.0425632 -0.00264024 -0.0100761 -0.00121462 0.052473 0.592813 0.140269 -0.679666 1.48265 -2.94079 0.487885 1.97311 -0.0257012 -0.0926138 -0.173639 -0.00392798 0.000832177 -0.000146603 0.198465 0.225554 -0.381415 2.08946 0.997325 0.00734283 -0.00184274 -1.94435 -1.02506 0.796475 -0.196857 -0.000419672 8.18218e-05 -0.727009
171.329 0.166053 -0.582754 1.65874 -2.9364 0.487672 1.97364 0.138607 -0.593814 1.69678 -2.95124 0.494767 1.97691 -0.0274459 -0.0110599 0.0380458 -0.0148441 0.00709473 0.00327921 0.0481983 1.03665 0.139008 -0.680327 1.48798 -2.94014 0.48788 1.97326 -0.0270456 -0.0975735 -0.170756 -0.0037462 0.000208067 -0.000371896 0.198519 0.205584 -0.382264 2.08807 1.00055 0.00738358 -0.00257587 -1.94415 -1.02506 0.796475 -0.196857 -0.000419672 8.18218e-05 -0.727009
171.709 0.165489 -0.576623 1.66157 -2.93573 0.489036 1.97424 0.138745 -0.589357 1.69891 -2.93719 0.480773 1.97323 -0.0267439 -0.0127347 0.0373398 -0.00145994 -0.00826298 -0.00100701 0.047662 0.479698 0.1368 -0.682731 1.49579 -2.93904 0.487705 1.97345 -0.0286898 -0.106108 -0.165775 -0.00331253 -0.00133064 -0.000788706 0.198905 0.189746 -0.383772 2.0864 1.00392 0.00724926 -0.00406472 -1.94391 -1.02506 0.796475 -0.196857 -0.000419672 8.18218e-05 -0.727009
172.033 0.164542 -0.572183 1.66326 -2.93532 0.490234 1.97472 0.140112 -0.592236 1.72466 -2.95357 0.474601 1.96173 -0.0244297 -0.0200533 0.0613974 -0.0182506 -0.0156331 -0.0129889 0.069055 1.31433 0.136245 -0.685082 1.50145 -2.93833 0.487221 1.97358 -0.0282974 -0.112899 -0.161806 -0.00300883 -0.00301301 -0.00113408 0.199319 0.2307 -0.385161 2.08533 1.00579 0.00698144 -0.00530837 -1.94374 -1.02506 0.796475 -0.196857 -0.000419672 8.18218e-05 -0.727009
172.409 0.163077 -0.567872 1.6647 -2.93506 0.491603 1.97523 0.135769 -0.577451 1.6988 -2.93592 0.485114 1.97356 -0.0273078 -0.00957848 0.0340974 -0.000860007 -0.00648906 -0.00166729 0.0447224 0.381549 0.135516 -0.687506 1.50686 -2.93785 0.486538 1.97373 -0.0275614 -0.119634 -0.157841 -0.00278883 -0.00506462 -0.00149878 0.199965 0.322641 -0.386744 2.08445 1.00722 0.00649929 -0.00666168 -1.94358 -1.02506 0.796475 -0.196857 -0.000419672 8.18218e-05 -0.727009
172.773 0.160582 -0.563187 1.66614 -2.93499 0.493142 1.97581 0.135223 -0.57617 1.71043 -2.95149 0.507671 1.95173 -0.0253592 -0.012983 0.0442918 -0.0164945 0.014529 -0.0240832 0.0526632 1.49619 0.133923 -0.689747 1.51237 -2.93764 0.485643 1.9738 -0.0266592 -0.12656 -0.153767 -0.00264642 -0.00749845 -0.00200822 0.200929 0.451975 -0.389095 2.08366 1.00865 0.00574978 -0.00809872 -1.94338 -1.02506 0.796475 -0.196857 -0.000419672 8.18218e-05 -0.727009
173.117 0.158684 -0.560974 1.66682 -2.93501 0.493695 1.97608 0.13407 -0.577099 1.72444 -2.95293 0.480382 1.96145 -0.0246137 -0.0161255 0.0576162 -0.0179128 -0.013312 -0.0146254 0.0646954 1.23796 0.13291 -0.691696 1.5155 -2.93756 0.48448 1.97369 -0.0257736 -0.130722 -0.151315 -0.00254354 -0.00921493 -0.00238382 0.201615 0.547512 -0.390999 2.08338 1.00959 0.00540569 -0.00859916 -1.94326 -1.02506 0.796475 -0.196857 -0.000419672 8.18218e-05 -0.727009
173.506 0.156733 -0.559532 1.66741 -2.93507 0.493901 1.97624 0.129696 -0.564089 1.69653 -2.94875 0.506029 1.97736 -0.0270375 -0.00455735 0.0291162 -0.0136887 0.0121282 0.0011164 0.0399943 1.07265 0.132571 -0.693814 1.51819 -2.93736 0.483494 1.97367 -0.0241626 -0.134282 -0.149223 -0.00229528 -0.0104072 -0.00257244 0.202196 0.613574 -0.393 2.08338 1.01056 0.00520533 -0.00877167 -1.94317 -1.02506 0.796475 -0.196857 -0.000419672 8.18218e-05 -0.727009
173.903 0.15375 -0.558522 1.66828 -2.93535 0.493831 1.97632 0.129597 -0.572123 1.7253 -2.93557 0.497597 1.96487 -0.0241529 -0.0136002 0.0570246 -0.000220952 0.00376647 -0.0114516 0.0634045 0.685284 0.132263 -0.696656 1.52129 -2.937 0.482359 1.97369 -0.0214872 -0.138133 -0.146988 -0.00165488 -0.0114722 -0.00263696 0.20285 0.670856 -0.395805 2.08382 1.012 0.00492004 -0.0086088 -1.94308 -1.02506 0.796475 -0.196857 -0.000419672 8.18218e-05 -0.727009
174.371 0.151178 -0.558507 1.66899 -2.93581 0.493497 1.9763 0.123862 -0.562434 1.69826 -2.93741 0.492002 1.97152 -0.0273166 -0.00392745 0.0292631 -0.00160674 -0.00149487 -0.00477351 0.0402237 0.25793 0.13347 -0.697163 1.52226 -2.93658 0.48147 1.97382 -0.0177083 -0.138656 -0.146732 -0.000776823 -0.0120266 -0.00247515 0.202656 0.700534 -0.398002 2.08447 1.01324 0.004617 -0.00814293 -1.94303 -1.02506 0.796475 -0.196857 -0.000419672 8.18218e-05 -0.727009
174.71 0.148295 -0.559168 1.66977 -2.93653 0.49289 1.9762 0.122636 -0.567147 1.71254 -2.92122 0.477563 1.98515 -0.0256585 -0.00797858 0.0427667 0.0153074 -0.0153267 0.00894351 0.0505075 1.17636 0.133779 -0.697315 1.52267 -2.93605 0.480929 1.97395 -0.0145165 -0.138147 -0.147097 0.000480702 -0.0119605 -0.00224674 0.202319 0.699975 -0.400274 2.08537 1.01467 0.00419452 -0.00733411 -1.94298 -1.02506 0.796475 -0.196857 -0.000419672 8.18218e-05 -0.727009
175.109 0.145112 -0.559957 1.67079 -2.93739 0.492285 1.9761 0.117911 -0.562341 1.69798 -2.93967 0.492998 1.96973 -0.027201 -0.00238464 0.0271902 -0.00227821 0.0007126 -0.00637296 0.0385343 0.327456 0.133416 -0.697889 1.5235 -2.93563 0.480911 1.97381 -0.0116962 -0.137932 -0.147288 0.00175525 -0.0113743 -0.00229008 0.202128 0.681275 -0.402617 2.08649 1.01629 0.00364747 -0.00648074 -1.94295 -1.02506 0.796475 -0.196857 -0.000419672 8.18218e-05 -0.727009
175.515 0.140641 -0.560926 1.67259 -2.93853 0.491543 1.97599 0.11499 -0.5634 1.69891 -2.92337 0.507384 1.97305 -0.0256511 -0.0024743 0.0263239 0.0151581 0.015841 -0.00293472 0.0368381 1.32145 0.13256 -0.699158 1.5254 -2.93495 0.480961 1.97352 -0.00808132 -0.138233 -0.14719 0.0035788 -0.0105827 -0.00247017 0.202085 0.676086 -0.405839 2.08825 1.0188 0.00288366 -0.0054019 -1.94289 -1.02506 0.796475 -0.196857 -0.000419672 8.18218e-05 -0.727009
175.953 0.137295 -0.561867 1.67411 -2.93935 0.490845 1.97588 0.112152 -0.567903 1.71254 -2.90772 0.494081 1.98622 -0.0251438 -0.00603589 0.0384311 0.031634 0.00323617 0.0103427 0.0463206 1.62943 0.131861 -0.699451 1.52648 -2.93468 0.480576 1.97322 -0.0054346 -0.137584 -0.147628 0.00467765 -0.010269 -0.00265984 0.201873 0.692104 -0.408316 2.08974 1.0209 0.00240442 -0.00447344 -1.94284 -1.02506 0.796475 -0.196857 -0.000419672 8.18218e-05 -0.727009
176.312 0.133955 -0.562864 1.67576 -2.94013 0.49009 1.97577 0.108445 -0.571796 1.72431 -2.94356 0.501027 1.95847 -0.0255105 -0.00893249 0.0485529 -0.00343014 0.0109367 -0.0173014 0.0555694 1.10853 0.131186 -0.698914 1.52718 -2.93468 0.480004 1.97302 -0.00276891 -0.136051 -0.148578 0.00544754 -0.010086 -0.00275403 0.201477 0.708864 -0.410841 2.09132 1.02316 0.00198691 -0.00351004 -1.94278 -1.02506 0.796475 -0.196857 -0.000419672 8.18218e-05 -0.727009
176.696 0.129937 -0.563884 1.67826 -2.94072 0.489072 1.97564 0.103016 -0.563384 1.69662 -2.93985 0.524721 1.97387 -0.0269215 0.000499451 0.0183574 0.000866502 0.0356494 -0.00177486 0.0325884 2.04698 0.131653 -0.695521 1.52706 -2.93396 0.479555 1.9729 0.00171643 -0.131637 -0.151199 0.00676244 -0.00951689 -0.00274365 0.200481 0.727393 -0.41428 2.0935 1.02642 0.00184897 -0.0023664 -1.94269 -1.02506 0.796475 -0.196857 -0.000419672 8.18218e-05 -0.727009
177.04 0.126961 -0.564207 1.68045 -2.94097 0.488444 1.97556 0.100047 -0.56335 1.69651 -2.94104 0.525212 1.97289 -0.0269148 0.000857115 0.0160574 -6.58251e-05 0.0367688 -0.00266548 0.0313525 2.11211 0.130717 -0.69382 1.52804 -2.93336 0.479713 1.97299 0.00375518 -0.129613 -0.152414 0.00761512 -0.0087307 -0.00256701 0.200109 0.722534 -0.416922 2.09517 1.0291 0.00186735 -0.00170543 -1.94263 -1.02506 0.796475 -0.196857 -0.000419672 8.18218e-05 -0.727009
177.79 0.119344 -0.562006 1.68697 -2.94126 0.488443 1.97565 0.0948922 -0.575597 1.73814 -2.94954 0.473866 1.96476 -0.0244518 -0.0135908 0.0511644 -0.00827999 -0.0145771 -0.0108916 0.0583129 1.01876 0.125504 -0.684968 1.5307 -2.93137 0.483089 1.97412 0.00616035 -0.122962 -0.156276 0.00989087 -0.00535347 -0.0015323 0.198946 0.685284 -0.42333 2.09901 1.03594 0.00155145 -0.00160492 -1.94255 -1.02506 0.796475 -0.196857 -0.000419672 8.18218e-05 -0.727009
178.177 0.116066 -0.559694 1.69029 -2.94099 0.489078 1.9758 0.0903616 -0.573578 1.7389 -2.93444 0.489616 1.96708 -0.0257047 -0.0138849 0.0486064 0.00655189 0.000537758 -0.00872691 0.0567107 0.753814 0.121557 -0.6803 1.53267 -2.93067 0.485098 1.97481 0.00549048 -0.120607 -0.157619 0.0103261 -0.00397999 -0.000990592 0.198545 0.660864 -0.42617 2.10063 1.039 0.0015078 -0.00228064 -1.94255 -1.02506 0.796475 -0.196857 -0.000419672 8.18218e-05 -0.727009
178.569 0.112763 -0.557074 1.69366 -2.94062 0.489881 1.97595 0.0851554 -0.558927 1.71023 -2.92932 0.517029 1.98306 -0.0276074 -0.0018537 0.0165713 0.0112955 0.0271479 0.00710741 0.0322523 1.65824 0.116852 -0.675454 1.53478 -2.9302 0.487887 1.97567 0.00408913 -0.11838 -0.158881 0.0104171 -0.00199442 -0.00028444 0.198176 0.615485 -0.429052 2.10226 1.04198 0.00151217 -0.00315078 -1.94258 -1.02506 0.796475 -0.196857 -0.000419672 8.18218e-05 -0.727009
178.961 0.109446 -0.554747 1.69685 -2.94025 0.490554 1.97604 0.0827153 -0.564648 1.7371 -2.94678 0.510524 1.97073 -0.0267305 -0.00990097 0.0402506 -0.00652628 0.0199697 -0.00531119 0.049322 1.19681 0.11217 -0.670933 1.53671 -2.93011 0.490167 1.97624 0.00272425 -0.116186 -0.160142 0.0101469 -0.0003868 0.000201146 0.197869 0.576752 -0.431965 2.10393 1.04484 0.00157914 -0.00389484 -1.94264 -1.02506 0.796475 -0.196857 -0.000419672 8.18218e-05 -0.727009
179.312 0.104935 -0.552729 1.7007 -2.94002 0.490956 1.97602 0.0797141 -0.561315 1.73854 -2.93467 0.496023 1.96565 -0.025221 -0.0085853 0.0378486 0.00534943 0.00506714 -0.0103726 0.0462852 0.838835 0.106436 -0.665029 1.5383 -2.93076 0.492931 1.97653 0.00150055 -0.112299 -0.162396 0.00925916 0.00197551 0.000504546 0.197448 0.53008 -0.435885 2.10624 1.04853 0.00167084 -0.00434483 -1.94273 -1.02506 0.796475 -0.196857 -0.000419672 8.18218e-05 -0.727009
179.731 0.101247 -0.552281 1.70333 -2.94029 0.490778 1.9759 0.0749657 -0.563197 1.75151 -2.93104 0.499044 1.98391 -0.0262816 -0.0109161 0.0481803 0.0092536 0.00826577 0.00801854 0.0559574 0.696612 0.102158 -0.660956 1.53882 -2.93213 0.49425 1.97626 0.000910929 -0.108675 -0.164514 0.00815871 0.00347212 0.000365707 0.19717 0.498893 -0.438849 2.10806 1.05138 0.00154106 -0.00408734 -1.94281 -1.02506 0.796475 -0.196857 -0.000419672 8.18218e-05 -0.727009
180.146 0.0971331 -0.552084 1.7061 -2.94093 0.490535 1.97575 0.0705694 -0.555455 1.73682 -2.94986 0.51552 1.96782 -0.0265637 -0.0033711 0.0307222 -0.00892581 0.0249849 -0.00793701 0.0407535 1.51439 0.0990394 -0.656903 1.53933 -2.93374 0.495078 1.97592 0.00190636 -0.104819 -0.166766 0.00719461 0.00454302 0.000167511 0.196981 0.48376 -0.441831 2.10995 1.05448 0.00109442 -0.0036412 -1.94288 -1.02506 0.796475 -0.196857 -0.000419672 8.18218e-05 -0.727009
180.526 0.0910001 -0.551318 1.7105 -2.94219 0.490483 1.97564 0.0657804 -0.560061 1.75127 -2.93396 0.50154 1.98143 -0.0252197 -0.00874288 0.0407666 0.0082316 0.0110574 0.00579779 0.0487277 0.764639 0.093816 -0.652028 1.54135 -2.9357 0.495997 1.97557 0.00281587 -0.100709 -0.169154 0.00649086 0.00551394 -6.85956e-05 0.196884 0.48939 -0.445819 2.11253 1.0593 -1.28627e-05 -0.00315456 -1.94297 -1.02506 0.796475 -0.196857 -0.000419672 8.18218e-05 -0.727009
180.934 0.0861152 -0.55059 1.71437 -2.9434 0.490436 1.97556 0.0611887 -0.556949 1.7511 -2.93603 0.503617 1.9798 -0.0249265 -0.00635875 0.0367383 0.00737573 0.0131804 0.00423572 0.0448494 0.842559 0.0902808 -0.648723 1.54372 -2.93712 0.496471 1.97534 0.0041656 -0.0981324 -0.170645 0.00627997 0.00603486 -0.000220899 0.196894 0.503578 -0.448789 2.11448 1.06361 -0.00109588 -0.00269065 -1.94302 -1.02506 0.796475 -0.196857 -0.000419672 8.18218e-05 -0.727009
181.723 0.0753727 -0.547903 1.72568 -2.94608 0.489984 1.97541 0.0493283 -0.549277 1.73647 -2.95723 0.520861 1.96165 -0.0260444 -0.00137425 0.0107871 -0.011153 0.030877 -0.0137674 0.0282234 1.91622 0.0824069 -0.638824 1.55088 -2.94033 0.496179 1.97446 0.00703411 -0.0909214 -0.174804 0.00575217 0.00619442 -0.000957736 0.197162 0.504354 -0.455474 2.11891 1.07658 -0.00337237 -0.00134715 -1.94306 -1.02506 0.796475 -0.196857 -0.000419672 8.18218e-05 -0.727009
182.09 0.0720083 -0.545736 1.73163 -2.94638 0.489712 1.97537 0.0458725 -0.558086 1.7792 -2.95875 0.499286 1.96404 -0.0261358 -0.0123501 0.0475763 -0.012366 0.00957432 -0.0113316 0.0556696 0.887793 0.0807784 -0.634538 1.55562 -2.94065 0.495992 1.97417 0.00877015 -0.0888018 -0.17601 0.00572925 0.00628067 -0.001202 0.197338 0.513581 -0.458174 2.12067 1.08333 -0.0035455 -0.000990149 -1.94304 -1.02506 0.796475 -0.196857 -0.000419672 8.18218e-05 -0.727009
182.529 0.069152 -0.542845 1.7381 -2.94634 0.489566 1.97538 0.0397741 -0.544599 1.75074 -2.94217 0.511129 1.97434 -0.0293779 -0.00175341 0.0126366 0.00416455 0.0215623 -0.00104024 0.0320285 1.26517 0.0796654 -0.629117 1.5607 -2.9404 0.49632 1.97406 0.0105134 -0.086271 -0.177395 0.00593095 0.00675396 -0.00132398 0.19754 0.543207 -0.460767 2.12232 1.09063 -0.00345411 -0.000872684 -1.94301 -1.02506 0.796475 -0.196857 -0.000419672 8.18218e-05 -0.727009
182.898 0.066404 -0.539348 1.74505 -2.9462 0.489584 1.97543 0.036716 -0.538472 1.7507 -2.9423 0.513713 1.97394 -0.029688 0.00087537 0.00564914 0.00390152 0.024129 -0.00149037 0.0302334 1.40945 0.0786539 -0.624213 1.56678 -2.93991 0.49687 1.97416 0.0122499 -0.0848657 -0.178272 0.00628951 0.00728589 -0.00127408 0.197821 0.578107 -0.463258 2.12387 1.09826 -0.00335749 -0.000937439 -1.94296 -1.02506 0.796475 -0.196857 -0.000419672 8.18218e-05 -0.727009
183.334 0.0630072 -0.534312 1.75442 -2.94593 0.489722 1.97553 0.0344771 -0.545472 1.79399 -2.94041 0.491446 1.97796 -0.0285301 -0.0111601 0.0395688 0.00551939 0.00172426 0.00242794 0.0500421 0.296075 0.0776086 -0.61742 1.57513 -2.93923 0.497793 1.97422 0.0146014 -0.0831078 -0.179292 0.00670053 0.00807092 -0.00131204 0.198156 0.628073 -0.466428 2.12576 1.10858 -0.00320421 -0.00115706 -1.9429 -1.02506 0.796475 -0.196857 -0.000419672 8.18218e-05 -0.727009
183.774 0.0607639 -0.530506 1.76128 -2.94561 0.489809 1.97561 0.0313435 -0.539195 1.79396 -2.94052 0.494015 1.97758 -0.0294204 -0.00868896 0.0326744 0.00508861 0.00420573 0.00197137 0.0448182 0.35277 0.0753295 -0.612534 1.58135 -2.9387 0.49812 1.97428 0.0145656 -0.0820275 -0.179932 0.00690787 0.00831095 -0.00132672 0.198283 0.646496 -0.468695 2.12707 1.11616 -0.00296633 -0.00134982 -1.94286 -1.02506 0.796475 -0.196857 -0.000419672 8.18218e-05 -0.727009
184.11 0.05886 -0.526333 1.768 -2.94501 0.490079 1.97572 0.0297785 -0.532927 1.79395 -2.94091 0.496674 1.97713 -0.0290814 -0.00659373 0.0259476 0.00409344 0.00659554 0.00141769 0.0395283 0.431601 0.0730334 -0.607997 1.58784 -2.938 0.498444 1.9744 0.0141735 -0.0816645 -0.180159 0.00701182 0.00836478 -0.00131599 0.198311 0.652521 -0.470875 2.12829 1.12343 -0.00255333 -0.00180502 -1.94282 -1.02506 0.796475 -0.196857 -0.000419672 8.18218e-05 -0.727009
184.474 0.056764 -0.520331 1.77659 -2.94383 0.490724 1.97591 0.0273004 -0.539858 1.83907 -2.93863 0.472457 1.98134 -0.0294637 -0.0195264 0.0624875 0.00520273 -0.0182672 0.00543173 0.0717919 1.09325 0.0705372 -0.601599 1.59617 -2.93667 0.499375 1.97486 0.0137732 -0.0812678 -0.180411 0.00716319 0.00865097 -0.00104835 0.198349 0.664408 -0.47366 2.12983 1.13246 -0.00176474 -0.00280814 -1.94278 -1.02506 0.796475 -0.196857 -0.000419672 8.18218e-05 -0.727009
184.906 0.0553752 -0.516017 1.78251 -2.94285 0.491238 1.97603 0.0263026 -0.526941 1.82485 -2.93876 0.508582 1.96965 -0.0290726 -0.0109243 0.0423399 0.00408552 0.0173436 -0.00638545 0.0525093 1.12187 0.0686269 -0.596161 1.6014 -2.93541 0.500271 1.97553 0.0132517 -0.0801445 -0.181111 0.00743987 0.00903273 -0.0005047 0.198494 0.67955 -0.475672 2.13095 1.13859 -0.00108132 -0.00362179 -1.94277 -1.02506 0.796475 -0.196857 -0.000419672 8.18218e-05 -0.727009
185.299 0.0539687 -0.512397 1.78775 -2.94198 0.491605 1.97611 0.0231153 -0.520558 1.82482 -2.93891 0.511229 1.96925 -0.0308533 -0.00816176 0.0370789 0.00307169 0.0196235 -0.00686506 0.0489223 1.23131 0.0661852 -0.591922 1.60625 -2.93427 0.500954 1.97601 0.0122165 -0.0795249 -0.181499 0.00771346 0.0093492 -0.0001041 0.198533 0.69605 -0.477632 2.13208 1.14403 -0.000435916 -0.00425869 -1.94278 -1.02506 0.796475 -0.196857 -0.000419672 8.18218e-05 -0.727009
185.657 0.051575 -0.510098 1.79317 -2.94166 0.491306 1.976 0.022515 -0.519605 1.83844 -2.95368 0.497888 1.98539 -0.0290599 -0.009507 0.045272 -0.0120237 0.00658152 0.0093911 0.0546298 1.12187 0.0629199 -0.588641 1.61109 -2.93377 0.501003 1.97652 0.0113449 -0.0785436 -0.182073 0.00788599 0.00969678 0.000521223 0.198616 0.707759 -0.480186 2.13364 1.15012 2.81644e-05 -0.00409768 -1.94282 -1.02506 0.796475 -0.196857 -0.000419672 8.18218e-05 -0.727009
186.028 0.0493578 -0.509492 1.79628 -2.94185 0.490889 1.97585 0.0209168 -0.516546 1.83899 -2.95463 0.498534 1.98494 -0.0284411 -0.00705437 0.0427017 -0.0127759 0.00764509 0.00908084 0.0517889 1.16634 0.0597853 -0.588032 1.61422 -2.93432 0.500265 1.97677 0.0104274 -0.0785402 -0.182062 0.00753293 0.00937595 0.000913348 0.198555 0.675506 -0.482073 2.13486 1.15377 6.23194e-05 -0.00364747 -1.94286 -1.02506 0.796475 -0.196857 -0.000419672 8.18218e-05 -0.727009
186.395 0.046839 -0.50919 1.79881 -2.94223 0.490597 1.97573 0.0178474 -0.519567 1.85555 -2.95825 0.505164 1.95615 -0.0289916 -0.0103769 0.0567322 -0.0160172 0.0145676 -0.0195779 0.0645502 1.34668 0.0566516 -0.587886 1.61687 -2.93521 0.499459 1.97683 0.00981258 -0.0786959 -0.181943 0.00702676 0.00886208 0.0010999 0.198475 0.63242 -0.483945 2.13611 1.1567 -0.000137224 -0.00324314 -1.94291 -1.02506 0.796475 -0.196857 -0.000419672 8.18218e-05 -0.727009
186.773 0.0440375 -0.508694 1.80098 -2.94267 0.490628 1.97566 0.0155366 -0.523091 1.87115 -2.95808 0.471357 1.96802 -0.0285009 -0.0143963 0.0701675 -0.0154143 -0.0192715 -0.00763838 0.0770911 1.35393 0.0534115 -0.587963 1.61936 -2.9364 0.49842 1.97748 0.00937398 -0.079269 -0.181619 0.00626378 0.00779173 0.00182056 0.198386 0.551074 -0.485801 2.13737 1.15898 -0.00051646 -0.00312372 -1.94298 -1.02506 0.796475 -0.196857 -0.000419672 8.18218e-05 -0.727009
187.052 0.0400939 -0.507462 1.80333 -2.94318 0.491281 1.9757 0.0122543 -0.520787 1.87164 -2.93935 0.490417 1.97113 -0.0278396 -0.0133242 0.0683085 0.00382679 -0.000864042 -0.00457016 0.0749576 0.415901 0.0494262 -0.587985 1.62246 -2.93728 0.49795 1.97834 0.00933229 -0.0805226 -0.180872 0.00589814 0.00666853 0.0026393 0.198206 0.484568 -0.488227 2.13905 1.16102 -0.00124105 -0.00355172 -1.94307 -1.02506 0.796475 -0.196857 -0.000419672 8.18218e-05 -0.727009
187.834 0.0335964 -0.505333 1.80568 -2.9441 0.493096 1.97593 0.0048852 -0.513084 1.85555 -2.96228 0.509154 1.95288 -0.0287112 -0.00775113 0.0498707 -0.0181888 0.0160579 -0.0230442 0.0580646 1.53417 0.0421887 -0.588434 1.62627 -2.9395 0.498097 1.97828 0.00859235 -0.0831006 -0.179407 0.00459981 0.00500009 0.00234849 0.197905 0.369035 -0.491655 2.1416 1.16215 -0.00283317 -0.0048971 -1.94322 -1.02506 0.796475 -0.196857 -0.000419672 8.18218e-05 -0.727009
188.277 0.0293767 -0.504428 1.8064 -2.94475 0.494422 1.9761 0.00159102 -0.508666 1.83951 -2.92495 0.503793 1.98012 -0.0277857 -0.00423839 0.0331152 0.0197973 0.00937129 0.00402481 0.0434353 1.1737 0.0383349 -0.588575 1.6276 -2.94151 0.498262 1.97842 0.00895823 -0.0841471 -0.178803 0.00324068 0.00384019 0.00232561 0.197817 0.276953 -0.493683 2.14336 1.1618 -0.00398429 -0.00589116 -1.94333 -1.02506 0.796475 -0.196857 -0.000419672 8.18218e-05 -0.727009
188.515 0.0266214 -0.504234 1.80658 -2.9451 0.495273 1.97619 -0.00318958 -0.506091 1.83889 -2.94113 0.523377 1.98328 -0.029811 -0.00185714 0.0323121 0.00397703 0.0281037 0.00708979 0.0440025 1.64901 0.0351786 -0.588117 1.62761 -2.9426 0.498287 1.97852 0.00855718 -0.0838835 -0.17897 0.0025031 0.00301377 0.00233007 0.197838 0.223812 -0.495007 2.14473 1.16112 -0.00465008 -0.00654791 -1.94341 -1.02506 0.796475 -0.196857 -0.000419672 8.18218e-05 -0.727009
188.69 0.024347 -0.504582 1.80644 -2.94531 0.495923 1.97624 -0.00640104 -0.506097 1.83892 -2.94241 0.523852 1.9823 -0.030748 -0.00151507 0.0324733 0.00289598 0.0279284 0.00606682 0.0447465 1.62871 0.0315809 -0.590143 1.62844 -2.9441 0.497666 1.97831 0.00723396 -0.0855615 -0.178 0.00121039 0.00174277 0.00207308 0.197629 0.14537 -0.496128 2.14617 1.16007 -0.00508868 -0.0070738 -1.9435 -1.02506 0.796475 -0.196857 -0.000419672 8.18218e-05 -0.727009
188.859 0.0219728 -0.506093 1.80557 -2.94546 0.496466 1.97622 -0.00800669 -0.507815 1.83933 -2.94497 0.522626 1.98128 -0.0299795 -0.00172187 0.0337613 0.000482092 0.0261603 0.00505488 0.0451836 1.52418 0.0276948 -0.592345 1.62802 -2.94584 0.496553 1.97763 0.00572206 -0.0862515 -0.177546 -0.000383234 8.72807e-05 0.00140308 0.19747 0.0927874 -0.497279 2.14819 1.15789 -0.00540637 -0.00752462 -1.94361 -1.02506 0.796475 -0.196857 -0.000419672 8.18218e-05 -0.727009
189.036 0.0201915 -0.508991 1.80401 -2.94599 0.49633 1.97608 -0.00961263 -0.509317 1.83894 -2.94424 0.523205 1.98105 -0.0298041 -0.000325929 0.0349364 0.00174867 0.0268756 0.00496581 0.0459232 1.56022 0.0256829 -0.594505 1.62597 -2.9475 0.495459 1.97672 0.00549143 -0.085514 -0.178038 -0.00150632 -0.000870831 0.000635028 0.197586 0.118694 -0.497869 2.1498 1.15556 -0.00578933 -0.00721201 -1.9437 -1.02506 0.796475 -0.196857 -0.000419672 8.18218e-05 -0.727009
189.203 0.0184638 -0.513403 1.80165 -2.94691 0.495694 1.97583 -0.0128243 -0.512538 1.83897 -2.94606 0.522555 1.9798 -0.0312881 0.000865087 0.0373221 0.000847759 0.0268613 0.00397153 0.0487097 1.55318 0.0219166 -0.599145 1.62372 -2.95003 0.494064 1.97548 0.00345283 -0.0857424 -0.177934 -0.00312137 -0.00162967 -0.000345641 0.197546 0.193827 -0.498219 2.15148 1.1526 -0.00631021 -0.00630278 -1.94379 -1.02506 0.796475 -0.196857 -0.000419672 8.18218e-05 -0.727009
189.35 0.0167623 -0.519022 1.79859 -2.94815 0.494719 1.97549 -0.0138953 -0.527324 1.87163 -2.95025 0.491893 1.96335 -0.0306576 -0.00830232 0.0730427 -0.0021041 -0.00282584 -0.0121471 0.0796495 0.667346 0.0183068 -0.604635 1.62062 -2.9525 0.492976 1.97451 0.00154458 -0.0856137 -0.177966 -0.0043508 -0.00174227 -0.000984969 0.197494 0.24866 -0.498323 2.15319 1.14907 -0.00696409 -0.00498547 -1.94389 -1.02506 0.796475 -0.196857 -0.000419672 8.18218e-05 -0.727009
189.496 0.0150166 -0.526922 1.79398 -2.94971 0.49337 1.97504 -0.0160363 -0.525398 1.83901 -2.94943 0.518574 1.97777 -0.0310529 0.00152435 0.0450317 0.000272991 0.0252047 0.00273339 0.0547217 1.45185 0.0145397 -0.613986 1.61687 -2.95629 0.491819 1.97361 -0.000476897 -0.0870635 -0.177106 -0.00657737 -0.00155032 -0.00142878 0.19735 0.35718 -0.498075 2.15542 1.14372 -0.00773967 -0.00320531 -1.94403 -1.02506 0.796475 -0.196857 -0.000419672 8.18218e-05 -0.727009
189.727 0.0132718 -0.534586 1.78843 -2.95121 0.493013 1.97475 -0.0183141 -0.536514 1.82488 -2.95778 0.511605 1.95555 -0.0315859 -0.00192818 0.0364533 -0.00656864 0.0185922 -0.0192017 0.0482724 1.4451 0.0108619 -0.626551 1.61416 -2.96079 0.491644 1.97328 -0.00240995 -0.0919658 -0.174268 -0.00957806 -0.00136853 -0.00147232 0.197061 0.520394 -0.497133 2.15798 1.13633 -0.00888475 -0.00235824 -1.9442 -1.02506 0.796475 -0.196857 -0.000419672 8.18218e-05 -0.727009
189.929 0.0121951 -0.53897 1.78354 -2.95199 0.494435 1.97483 -0.0192276 -0.545402 1.8388 -2.97365 0.495113 1.97141 -0.0314226 -0.00643252 0.0552541 -0.0216596 0.000677315 -0.00341836 0.0638888 1.16163 0.00761928 -0.637624 1.61312 -2.96404 0.49249 1.97353 -0.00457578 -0.0986546 -0.17042 -0.0120547 -0.0019457 -0.00130436 0.196969 0.667932 -0.495423 2.1602 1.12839 -0.0101411 -0.00339961 -1.9444 -1.02506 0.796475 -0.196857 -0.000419672 8.18218e-05 -0.727009
190.107 0.0121817 -0.540985 1.7807 -2.95215 0.495604 1.97494 -0.0208764 -0.549477 1.83901 -2.95783 0.476071 1.96749 -0.0330581 -0.00849155 0.0583134 -0.00568079 -0.0195331 -0.00745424 0.0675677 1.18795 0.00620444 -0.643727 1.61263 -2.96526 0.493026 1.97414 -0.00597724 -0.102742 -0.16806 -0.0131064 -0.00257845 -0.00079781 0.197068 0.744936 -0.493973 2.16138 1.12343 -0.0107467 -0.0044197 -1.94452 -1.02506 0.796475 -0.196857 -0.000419672 8.18218e-05 -0.727009
190.256 0.0129546 -0.543056 1.77782 -2.95201 0.496686 1.97503 -0.0208764 -0.552688 1.83901 -2.95831 0.475017 1.96727 -0.033831 -0.00963192 0.0611906 -0.00629571 -0.0216686 -0.00775438 0.0705805 1.31105 0.00653063 -0.64917 1.61173 -2.96529 0.493543 1.97484 -0.006424 -0.106114 -0.166087 -0.0132779 -0.00314274 -0.000189133 0.197196 0.776825 -0.492168 2.16247 1.11837 -0.0110236 -0.00546319 -1.94465 -1.02506 0.796475 -0.196857 -0.000419672 8.18218e-05 -0.727009
190.408 0.0152136 -0.546904 1.7737 -2.95159 0.497489 1.975 -0.0183142 -0.552452 1.82488 -2.96017 0.506164 1.95438 -0.0335278 -0.00554787 0.051173 -0.00857959 0.00867433 -0.0206161 0.0614294 1.15114 0.00641768 -0.657665 1.6105 -2.96415 0.4937 1.97528 -0.0087959 -0.110761 -0.163199 -0.0125661 -0.00378973 0.000285019 0.197432 0.759503 -0.489174 2.16386 1.11155 -0.0108822 -0.00635059 -1.94483 -1.02506 0.796475 -0.196857 -0.000419672 8.18218e-05 -0.727009
190.567 0.0178911 -0.550153 1.77063 -2.95093 0.497816 1.97491 -0.0165684 -0.551324 1.80804 -2.93694 0.516592 1.98657 -0.0344595 -0.00117057 0.0374082 0.0139894 0.018776 0.0116571 0.0508744 1.31373 0.00751141 -0.663064 1.6085 -2.96268 0.493854 1.97537 -0.0103797 -0.112911 -0.162128 -0.0117445 -0.00396256 0.000463711 0.197844 0.722534 -0.486486 2.16487 1.10645 -0.010335 -0.00687888 -1.94497 -1.02506 0.796475 -0.196857 -0.000419672 8.18218e-05 -0.727009
190.757 0.0214242 -0.55392 1.76752 -2.95001 0.4978 1.97475 -0.0133934 -0.555299 1.80816 -2.95623 0.498091 1.98298 -0.0348176 -0.0013796 0.0406419 -0.00622441 0.000291563 0.0082293 0.0535344 0.714364 0.00886522 -0.668239 1.60621 -2.96132 0.49406 1.97537 -0.012559 -0.114319 -0.161306 -0.0113097 -0.00374012 0.000619862 0.198107 0.699416 -0.483432 2.16588 1.10138 -0.00938204 -0.00718425 -1.94511 -1.02506 0.796475 -0.196857 -0.000419672 8.18218e-05 -0.727009
190.947 0.0255988 -0.558037 1.76434 -2.94888 0.497604 1.97455 -0.0102532 -0.560781 1.80798 -2.93606 0.512461 1.98772 -0.035852 -0.00274377 0.0436445 0.0128185 0.014857 0.0131639 0.0565485 1.13884 0.0113844 -0.674138 1.60409 -2.95965 0.494418 1.97538 -0.0142144 -0.116101 -0.160251 -0.0107774 -0.00318653 0.000828566 0.198398 0.66676 -0.480043 2.16693 1.09621 -0.00815151 -0.00739676 -1.94525 -1.02506 0.796475 -0.196857 -0.000419672 8.18218e-05 -0.727009
191.115 0.0318138 -0.564491 1.75976 -2.94731 0.496958 1.97419 -0.00466391 -0.5626 1.7936 -2.95489 0.524389 1.97218 -0.0364777 0.00189091 0.0338379 -0.00757828 0.0274309 -0.00201165 0.0497916 1.61955 0.0154159 -0.680942 1.59973 -2.95718 0.494851 1.97552 -0.0163979 -0.116451 -0.160033 -0.00986351 -0.00210717 0.00132358 0.198596 0.616755 -0.475076 2.16839 1.08904 -0.00628506 -0.00734329 -1.94545 -1.02506 0.796475 -0.196857 -0.000419672 8.18218e-05 -0.727009
191.312 0.0364811 -0.570163 1.75607 -2.94643 0.496226 1.97387 0.000842312 -0.57841 1.82379 -2.97089 0.512049 1.9621 -0.0356388 -0.00824788 0.0677151 -0.0244534 0.0158232 -0.0117657 0.0769642 1.52547 0.0185717 -0.686422 1.59592 -2.95517 0.495225 1.97564 -0.0179094 -0.11626 -0.16015 -0.00873699 -0.00100041 0.00177531 0.198709 0.558831 -0.471075 2.16957 1.08351 -0.0050425 -0.00697342 -1.9456 -1.02506 0.796475 -0.196857 -0.000419672 8.18218e-05 -0.727009
191.481 0.0410242 -0.576289 1.75228 -2.94582 0.495417 1.97352 0.00626683 -0.577759 1.79447 -2.93929 0.500824 1.97041 -0.0347574 -0.00146982 0.0421933 0.00653033 0.00540632 -0.00311249 0.0546856 0.576073 0.0218673 -0.692428 1.59208 -2.9534 0.495285 1.97565 -0.0191569 -0.116139 -0.160201 -0.00758053 -0.0001325 0.00213362 0.198795 0.504354 -0.466891 2.17082 1.07793 -0.00401741 -0.0064438 -1.94575 -1.02506 0.796475 -0.196857 -0.000419672 8.18218e-05 -0.727009
191.664 0.0468633 -0.584674 1.74734 -2.94528 0.494371 1.97306 0.0109815 -0.585396 1.79383 -2.93402 0.530061 1.97929 -0.0358818 -0.000721698 0.0464842 0.0112599 0.03569 0.00622383 0.0587266 2.12117 0.0251178 -0.699615 1.58644 -2.95085 0.495728 1.97565 -0.0217455 -0.11494 -0.160903 -0.00556809 0.00135709 0.00258475 0.198932 0.417778 -0.461097 2.1726 1.07059 -0.00293075 -0.0056667 -1.94594 -1.02506 0.796475 -0.196857 -0.000419672 8.18218e-05 -0.727009
192.262 0.0551508 -0.5977 1.74034 -2.94507 0.492725 1.97235 0.0203639 -0.602691 1.79404 -2.93742 0.491189 1.97282 -0.034787 -0.00499089 0.0536952 0.00764769 -0.0015358 0.000471169 0.0641734 0.435213 0.0282852 -0.71195 1.57902 -2.9489 0.496384 1.97547 -0.0268656 -0.11425 -0.161318 -0.00383054 0.00365958 0.00312106 0.199495 0.401538 -0.45211 2.17544 1.06013 -0.00181334 -0.00422577 -1.94625 -1.02506 0.796475 -0.196857 -0.000419672 8.18218e-05 -0.727009
192.506 0.0610615 -0.606689 1.73596 -2.94479 0.491282 1.97179 0.025072 -0.612279 1.79458 -2.93793 0.486898 1.97325 -0.0359895 -0.0055898 0.0586222 0.00686478 -0.00438375 0.00146379 0.0690149 0.440575 0.0312012 -0.718405 1.57317 -2.94792 0.496808 1.97478 -0.0298604 -0.111717 -0.162786 -0.00312796 0.00552582 0.00299204 0.199679 0.437007 -0.446022 2.17739 1.05368 -0.000787613 -0.00299229 -1.94645 -1.02506 0.796475 -0.196857 -0.000419672 8.18218e-05 -0.727009
193.033 0.0707176 -0.619333 1.73028 -2.94365 0.48902 1.97093 0.0360559 -0.62838 1.79355 -2.95007 0.49689 1.97917 -0.0346617 -0.00904765 0.0632707 -0.00642106 0.00787016 0.00823484 0.0727082 0.851798 0.0355566 -0.7259 1.56456 -2.94529 0.496585 1.97367 -0.035161 -0.106567 -0.165713 -0.00163514 0.00756479 0.00273453 0.200134 0.484568 -0.436971 2.18029 1.04504 0.00147758 -0.00130151 -1.94675 -1.02506 0.796475 -0.196857 -0.000419672 8.18218e-05 -0.727009
193.297 0.0753545 -0.625037 1.7279 -2.94307 0.488067 1.97057 0.0408335 -0.626954 1.7652 -2.9193 0.486111 1.9875 -0.034521 -0.00191684 0.037305 0.0237664 -0.00195611 0.0169327 0.0508629 1.25367 0.0374037 -0.729078 1.56077 -2.94396 0.496538 1.97333 -0.0379508 -0.104041 -0.167127 -0.000890024 0.00847156 0.00276086 0.20049 0.520394 -0.432586 2.1817 1.0412 0.00252581 -0.000623967 -1.94688 -1.02506 0.796475 -0.196857 -0.000419672 8.18218e-05 -0.727009
193.559 0.0813668 -0.631914 1.72531 -2.94222 0.486927 1.97018 0.0458754 -0.638725 1.77869 -2.96608 0.504754 1.96541 -0.0354914 -0.00681159 0.0533775 -0.0238658 0.017827 -0.00476898 0.0644608 1.62245 0.0389127 -0.732572 1.55631 -2.94272 0.495938 1.97315 -0.0424541 -0.100659 -0.169008 -0.000502026 0.00901076 0.00296841 0.201241 0.548226 -0.426986 2.18351 1.03674 0.00390598 0.000133848 -1.94699 -1.02506 0.796475 -0.196857 -0.000419672 8.18218e-05 -0.727009
193.821 0.0855678 -0.636333 1.72394 -2.94159 0.486241 1.96997 0.0520847 -0.647105 1.78037 -2.93343 0.500595 1.96681 -0.0334831 -0.0107722 0.0564218 0.00816455 0.0143541 -0.00316268 0.0664875 1.00405 0.0401607 -0.734094 1.55329 -2.94215 0.495631 1.97297 -0.0454071 -0.0977611 -0.170659 -0.000560552 0.00938983 0.00299733 0.20185 0.569926 -0.423025 2.18481 1.03401 0.0048393 0.000555494 -1.94704 -1.02506 0.796475 -0.196857 -0.000419672 8.18218e-05 -0.727009
194.118 0.0895533 -0.640062 1.72314 -2.94096 0.485764 1.96986 0.0550649 -0.640402 1.75135 -2.93495 0.492291 1.97483 -0.0344883 -0.000340363 0.0282044 0.00601632 0.00652713 0.0049706 0.0445539 0.497322 0.0421945 -0.735812 1.55142 -2.94166 0.495389 1.97273 -0.0473587 -0.0957501 -0.171723 -0.000694156 0.00962594 0.00286563 0.202237 0.582155 -0.419307 2.18607 1.03189 0.00563501 0.000774709 -1.94703 -1.02506 0.796475 -0.196857 -0.000419672 8.18218e-05 -0.727009
194.388 0.0943054 -0.643875 1.72295 -2.94018 0.485413 1.96988 0.0614203 -0.656515 1.78058 -2.93163 0.496305 1.96883 -0.032885 -0.0126405 0.0576291 0.00854482 0.0108923 -0.00105762 0.0675449 0.81277 0.0447651 -0.738005 1.55036 -2.941 0.494646 1.97215 -0.0495403 -0.0941302 -0.172596 -0.000815754 0.00923258 0.00226477 0.202742 0.551784 -0.414778 2.18767 1.02997 0.00647788 0.000828145 -1.94695 -1.02506 0.796475 -0.196857 -0.000419672 8.18218e-05 -0.727009
194.667 0.0977609 -0.64596 1.72332 -2.9394 0.485305 1.97001 0.0645331 -0.659656 1.78066 -2.93105 0.494881 1.96949 -0.0332279 -0.0136961 0.057348 0.00834697 0.00957634 -0.000518651 0.0676791 0.737544 0.0479285 -0.739022 1.55015 -2.94 0.493737 1.97174 -0.0498325 -0.0930626 -0.173169 -0.000599689 0.00843156 0.0017297 0.202809 0.497322 -0.411728 2.18883 1.02905 0.00718479 0.000657606 -1.94681 -1.02506 0.796475 -0.196857 -0.000419672 8.18218e-05 -0.727009
195.151 0.104387 -0.648538 1.72498 -2.93754 0.485989 1.97075 0.070584 -0.646933 1.73802 -2.93011 0.514294 1.96777 -0.0338033 0.00160485 0.0130419 0.00742429 0.0283049 -0.00297374 0.0362674 1.70571 0.0540175 -0.740257 1.55109 -2.93691 0.49184 1.97135 -0.0503698 -0.0917198 -0.173884 0.000628143 0.00585118 0.000606196 0.202942 0.336882 -0.405857 2.19147 1.02739 0.00833312 -0.000617246 -1.94631 -1.02506 0.796475 -0.196857 -0.000419672 8.18218e-05 -0.727009
195.427 0.106287 -0.649353 1.72548 -2.93703 0.486556 1.9712 0.073623 -0.646966 1.73811 -2.92898 0.513836 1.96873 -0.0326638 0.00238768 0.0126284 0.0080494 0.0272801 -0.00246604 0.0351013 1.65469 0.0583455 -0.742179 1.55221 -2.93572 0.491006 1.97125 -0.0479413 -0.0928257 -0.173271 0.001313 0.0044498 4.67699e-05 0.202331 0.265408 -0.403888 2.19264 1.02636 0.0083913 -0.0013164 -1.94603 -1.02506 0.796475 -0.196857 -0.000419672 8.18218e-05 -0.727009
195.696 0.107527 -0.650495 1.72553 -2.93684 0.487111 1.97168 0.0769975 -0.66358 1.78078 -2.94624 0.47669 1.96836 -0.0305292 -0.0130848 0.0552478 -0.00940813 -0.0104217 -0.00331402 0.0644636 0.767193 0.0615321 -0.745046 1.55322 -2.93481 0.490208 1.97134 -0.0459945 -0.0945504 -0.172316 0.00203 0.00309679 -0.0003389 0.201861 0.218503 -0.402236 2.19387 1.02493 0.00814284 -0.00190194 -1.94573 -1.02506 0.796475 -0.196857 -0.000419672 8.18218e-05 -0.727009
195.884 0.108142 -0.651558 1.72533 -2.93684 0.487909 1.97223 0.0780292 -0.655308 1.75233 -2.9107 0.49868 1.98512 -0.0301125 -0.00374993 0.0269969 0.0261433 0.0107712 0.0128894 0.040616 1.4567 0.0645415 -0.750065 1.55527 -2.93415 0.48959 1.97158 -0.0436002 -0.098507 -0.170063 0.00269567 0.00168112 -0.000646058 0.20131 0.199792 -0.400884 2.19516 1.02308 0.00759491 -0.00263183 -1.94542 -1.02506 0.796475 -0.196857 -0.000419672 8.18218e-05 -0.727009
196.169 0.108124 -0.652613 1.72499 -2.93703 0.489323 1.97305 0.0801115 -0.666722 1.78087 -2.94569 0.4753 1.96899 -0.0280126 -0.0141093 0.0558726 -0.00866179 -0.0140234 -0.00405894 0.0640744 0.915998 0.0701504 -0.755605 1.55745 -2.9332 0.488875 1.97212 -0.0379736 -0.102992 -0.167544 0.00382659 -0.000447704 -0.000926442 0.200301 0.250229 -0.399498 2.19702 1.02029 0.00652851 -0.00387128 -1.94499 -1.02506 0.796475 -0.196857 -0.000419672 8.18218e-05 -0.727009
196.421 0.107593 -0.65355 1.72471 -2.93735 0.490373 1.97362 0.0800971 -0.667543 1.78096 -2.92768 0.489965 1.97323 -0.027496 -0.0139937 0.0562516 0.00966729 -0.000408623 -0.000390605 0.0641568 0.565099 0.074161 -0.759559 1.55886 -2.93273 0.488346 1.97242 -0.0334321 -0.10601 -0.16585 0.00462481 -0.00202774 -0.0012065 0.199655 0.325057 -0.39872 2.19855 1.01818 0.00557971 -0.00472945 -1.94471 -1.02506 0.796475 -0.196857 -0.000419672 8.18218e-05 -0.727009
196.744 0.106785 -0.654683 1.72453 -2.93768 0.491296 1.97399 0.0771238 -0.663431 1.76584 -2.9451 0.503662 1.95732 -0.0296615 -0.00874708 0.0413068 -0.00741593 0.0123657 -0.0166743 0.0516001 1.09896 0.0799036 -0.76237 1.5596 -2.93221 0.487522 1.97257 -0.0268817 -0.107687 -0.164927 0.00547598 -0.00377423 -0.0014221 0.198796 0.419648 -0.39812 2.20021 1.01627 0.0047718 -0.00546226 -1.94457 -1.02506 0.796475 -0.196857 -0.000419672 8.18218e-05 -0.727009
196.971 0.104957 -0.65771 1.7241 -2.93865 0.491745 1.97387 0.0771142 -0.665359 1.76481 -2.95996 0.518149 1.96032 -0.0278428 -0.00764925 0.0407059 -0.0213134 0.0264043 -0.0135527 0.049907 1.86151 0.0855759 -0.766558 1.55979 -2.93204 0.485812 1.97278 -0.0193811 -0.108847 -0.16431 0.00660648 -0.00593324 -0.00109537 0.198043 0.533759 -0.397533 2.20264 1.01418 0.00377046 -0.00553969 -1.94476 -1.02506 0.796475 -0.196857 -0.000419672 8.18218e-05 -0.727009
197.278 0.102856 -0.66108 1.72369 -2.9399 0.491557 1.97331 0.0769823 -0.673725 1.78085 -2.92984 0.488516 1.9718 -0.0258735 -0.0126445 0.0571627 0.010063 -0.0030413 -0.00151437 0.064007 0.64589 0.0869092 -0.768801 1.55869 -2.93281 0.484707 1.97254 -0.0159466 -0.107721 -0.165005 0.00709086 -0.00684993 -0.000773391 0.197698 0.581482 -0.397217 2.20461 1.01299 0.00294315 -0.00493279 -1.9452 -1.02506 0.796475 -0.196857 -0.000419672 8.18218e-05 -0.727009
197.752 0.0969384 -0.671621 1.72225 -2.94349 0.48963 1.97077 0.0707543 -0.682981 1.78065 -2.93357 0.486569 1.96921 -0.026184 -0.0113599 0.0583982 0.00991877 -0.00306006 -0.00155499 0.065 0.639802 0.0878079 -0.776209 1.55536 -2.93617 0.482015 1.9705 -0.00913048 -0.104588 -0.166894 0.00732714 -0.00761478 -0.000264798 0.197169 0.610377 -0.396795 2.20951 1.01099 0.00150185 -0.00191724 -1.94701 -1.02506 0.796475 -0.196857 -0.000419672 8.18218e-05 -0.727009
198.195 0.0917656 -0.677471 1.72233 -2.94544 0.489328 1.96844 0.0645411 -0.692798 1.77989 -2.95069 0.499849 1.97031 -0.0272245 -0.0153279 0.0575563 -0.00525096 0.010521 0.00187589 0.0654893 0.704434 0.0861534 -0.783685 1.55636 -2.9393 0.481793 1.96827 -0.00561216 -0.106215 -0.165974 0.00613284 -0.0075346 -0.000166008 0.197131 0.559531 -0.396753 2.21366 1.00954 0.000945988 -0.000971124 -1.94898 -1.02506 0.796475 -0.196857 -0.000419672 8.18218e-05 -0.727009
198.43 0.0893035 -0.679079 1.72273 -2.94592 0.489781 1.96739 0.061709 -0.689103 1.7664 -2.93895 0.512026 1.95369 -0.0275946 -0.0100243 0.0436692 0.0069744 0.0222447 -0.0136981 0.0526208 1.64354 0.0855864 -0.786406 1.5574 -2.94072 0.482362 1.96725 -0.00371711 -0.107327 -0.165327 0.0052019 -0.00741899 -0.000138808 0.197145 0.521145 -0.396836 2.21565 1.00868 0.00086256 -0.00122179 -1.94997 -1.02506 0.796475 -0.196857 -0.000419672 8.18218e-05 -0.727009
198.727 0.0863476 -0.681291 1.72274 -2.94635 0.490323 1.96607 0.0583208 -0.695867 1.77978 -2.95337 0.49975 1.96819 -0.0280269 -0.0145756 0.0570426 -0.00702053 0.00942649 0.00212418 0.0652059 0.717643 0.0833104 -0.788146 1.5571 -2.94221 0.482962 1.96592 -0.00303724 -0.106855 -0.165643 0.0041351 -0.00736072 -0.000145443 0.197141 0.485375 -0.39704 2.21822 1.007 0.000952308 -0.00157757 -1.95124 -1.02506 0.796475 -0.196857 -0.000419672 8.18218e-05 -0.727009
199.02 0.0845632 -0.684215 1.72187 -2.94652 0.490079 1.96497 0.0566151 -0.687865 1.75143 -2.93864 0.506258 1.97896 -0.027948 -0.00364951 0.0295613 0.00788486 0.0161785 0.0139816 0.0408446 1.166 0.0817888 -0.789263 1.55522 -2.9428 0.482706 1.96485 -0.00277438 -0.105048 -0.166648 0.00372176 -0.00737332 -0.000122003 0.197014 0.474778 -0.397261 2.2201 1.00528 0.00141098 -0.00129093 -1.95212 -1.02506 0.796475 -0.196857 -0.000419672 8.18218e-05 -0.727009
199.531 0.0814963 -0.695295 1.7168 -2.94716 0.487144 1.96236 0.0523691 -0.691208 1.73673 -2.95774 0.517242 1.96155 -0.0291272 0.00408633 0.019937 -0.0105833 0.0300982 -0.000809801 0.0355327 1.82113 0.0819238 -0.792881 1.54577 -2.94435 0.480021 1.9623 0.000427558 -0.0975866 -0.171022 0.00281069 -0.00712259 -6.0054e-05 0.196906 0.439686 -0.398135 2.22429 0.999974 0.00309811 0.00165518 -1.95382 -1.02506 0.796475 -0.196857 -0.000419672 8.18218e-05 -0.727009
199.783 0.0798768 -0.700846 1.71369 -2.94781 0.485569 1.96134 0.052085 -0.715505 1.7803 -2.9444 0.479517 1.96147 -0.0277918 -0.014659 0.0666087 0.00340344 -0.00605182 0.000128779 0.0736478 0.396636 0.0817392 -0.794983 1.54073 -2.94512 0.478658 1.96128 0.00186237 -0.0941373 -0.17296 0.0026829 -0.00691088 -6.92645e-05 0.196927 0.425206 -0.398755 2.22592 0.997165 0.00350843 0.00331741 -1.95439 -1.02506 0.796475 -0.196857 -0.000419672 8.18218e-05 -0.727009
200.093 0.0777795 -0.705617 1.71053 -2.94863 0.48448 1.96056 0.0493228 -0.705378 1.738 -2.93173 0.512687 1.95957 -0.0284567 0.000239688 0.0274692 0.0169041 0.0282071 -0.000997029 0.0395525 1.89899 0.0807419 -0.797323 1.5362 -2.94605 0.478162 1.96046 0.00296239 -0.0917057 -0.174339 0.00258516 -0.00631834 -0.000102024 0.197009 0.392669 -0.399575 2.22739 0.994055 0.00347856 0.00460201 -1.95486 -1.02506 0.796475 -0.196857 -0.000419672 8.18218e-05 -0.727009
200.336 0.0746392 -0.710974 1.70617 -2.94977 0.483506 1.95979 0.0474351 -0.718391 1.75126 -2.94687 0.498076 1.97359 -0.0272041 -0.0074169 0.0450901 0.00289563 0.0145707 0.0137978 0.0531807 1.10712 0.0794744 -0.798035 1.52919 -2.94724 0.47785 1.9597 0.00483519 -0.0870618 -0.17698 0.00252342 -0.00565569 -9.16439e-05 0.197294 0.356083 -0.401003 2.22902 0.989587 0.00311289 0.00588697 -1.95535 -1.02506 0.796475 -0.196857 -0.000419672 8.18218e-05 -0.727009
200.61 0.0723563 -0.714511 1.70273 -2.95049 0.48284 1.95934 0.0443756 -0.724492 1.75121 -2.9489 0.496622 1.97217 -0.0279806 -0.00998106 0.0484833 0.00159108 0.0137818 0.0128234 0.0568609 1.05276 0.0776615 -0.797762 1.5236 -2.94774 0.478037 1.95926 0.00530523 -0.0832511 -0.179133 0.00275118 -0.0048038 -8.55221e-05 0.197605 0.317752 -0.402331 2.22996 0.986177 0.00287086 0.00674595 -1.95561 -1.02506 0.796475 -0.196857 -0.000419672 8.18218e-05 -0.727009
201.412 0.0665489 -0.722048 1.69083 -2.95079 0.481033 1.95854 0.0371799 -0.733075 1.73709 -2.95683 0.49148 1.95019 -0.029369 -0.0110267 0.0462612 -0.00604301 0.0104462 -0.00834993 0.0558948 0.742831 0.0722909 -0.795392 1.50612 -2.94581 0.478432 1.95763 0.00574192 -0.0733434 -0.184715 0.00498181 -0.00260197 -0.000909281 0.198827 0.34605 -0.40842 2.23096 0.974887 0.00357978 0.00852023 -1.95596 -1.02506 0.796475 -0.196857 -0.000419672 8.18218e-05 -0.727009
201.746 0.064814 -0.721966 1.68768 -2.95039 0.481244 1.95859 0.0371799 -0.736109 1.73709 -2.95728 0.490552 1.94997 -0.027634 -0.0141436 0.0494118 -0.00688706 0.00930804 -0.00862001 0.0583542 0.708312 0.0697737 -0.79335 1.50184 -2.94488 0.47888 1.95751 0.00495973 -0.0713844 -0.185836 0.00551042 -0.00236427 -0.00107967 0.199137 0.3743 -0.410793 2.23057 0.971672 0.0038616 0.00819132 -1.95595 -1.02506 0.796475 -0.196857 -0.000419672 8.18218e-05 -0.727009
202.582 0.055887 -0.709726 1.68164 -2.94881 0.487345 1.96016 0.0283723 -0.720079 1.70978 -2.94467 0.500834 1.95846 -0.0275147 -0.0103526 0.0281325 0.00414079 0.0134884 -0.00169839 0.04069 0.827562 0.0602804 -0.782986 1.49668 -2.94237 0.487351 1.95899 0.00439337 -0.0732597 -0.184961 0.00644396 5.73048e-06 -0.00117074 0.198989 0.405418 -0.420474 2.22736 0.96282 0.00256769 0.0020145 -1.95576 -1.02506 0.796475 -0.196857 -0.000419672 8.18218e-05 -0.727009
202.874 0.0524928 -0.704528 1.68067 -2.94858 0.489692 1.96076 0.0250433 -0.726961 1.73699 -2.9602 0.494887 1.94692 -0.0274495 -0.0224333 0.0563194 -0.0116208 0.00519459 -0.0138445 0.0665478 0.813732 0.0560936 -0.779133 1.49641 -2.94187 0.490809 1.9598 0.00360075 -0.0746053 -0.184252 0.00670509 0.0011171 -0.000961244 0.198816 0.417778 -0.423758 2.22605 0.961051 0.00171237 -0.00023511 -1.95569 -1.02506 0.796475 -0.196857 -0.000419672 8.18218e-05 -0.727009
203.174 0.0479398 -0.698833 1.67928 -2.94866 0.491884 1.96138 0.0209392 -0.71034 1.7097 -2.95889 0.518549 1.96007 -0.0270006 -0.0115076 0.0304222 -0.0102318 0.0266644 -0.00131188 0.0422725 1.6251 0.0500463 -0.774656 1.49567 -2.94182 0.494313 1.96064 0.00210657 -0.0758228 -0.183604 0.00683972 0.00242859 -0.000733548 0.198655 0.436111 -0.428246 2.22423 0.95958 0.000601587 -0.00223383 -1.95558 -1.02506 0.796475 -0.196857 -0.000419672 8.18218e-05 -0.727009
203.409 0.0446627 -0.695289 1.67835 -2.94887 0.492915 1.96171 0.0164274 -0.705103 1.70968 -2.94671 0.507161 1.95578 -0.0282353 -0.00981473 0.0313245 0.00215446 0.0142462 -0.0059321 0.0432988 0.915143 0.0468983 -0.770826 1.49456 -2.94207 0.495828 1.96103 0.00223562 -0.0755377 -0.183795 0.00680064 0.00291306 -0.000681938 0.198725 0.442348 -0.431631 2.22287 0.959182 -9.91246e-05 -0.00311741 -1.95548 -1.02506 0.796475 -0.196857 -0.000419672 8.18218e-05 -0.727009
203.672 0.0417137 -0.692509 1.67745 -2.94907 0.493333 1.96192 0.0134415 -0.70211 1.70966 -2.94736 0.508514 1.95504 -0.0282722 -0.00960123 0.0322156 0.00171448 0.0151815 -0.00687446 0.0439244 0.979188 0.0447771 -0.768022 1.49363 -2.94237 0.496277 1.96118 0.00306336 -0.0755132 -0.183817 0.00670264 0.00294452 -0.000734568 0.198747 0.439686 -0.434992 2.22153 0.959301 -0.000532006 -0.00343529 -1.95538 -1.02506 0.796475 -0.196857 -0.000419672 8.18218e-05 -0.727009
203.94 0.0390606 -0.690263 1.6766 -2.94924 0.493323 1.96203 0.0104557 -0.699119 1.70965 -2.94801 0.50987 1.9543 -0.0286048 -0.00885577 0.0330485 0.00123457 0.0165464 -0.0077308 0.0445967 1.06312 0.0437081 -0.763409 1.49141 -2.94254 0.495949 1.96107 0.00464757 -0.073146 -0.185188 0.00669807 0.00262546 -0.000964487 0.199165 0.439686 -0.438311 2.22022 0.959806 -0.000748661 -0.00336797 -1.95528 -1.02506 0.796475 -0.196857 -0.000419672 8.18218e-05 -0.727009
204.25 0.0355395 -0.688723 1.67513 -2.94988 0.492442 1.96201 0.00746581 -0.697359 1.709 -2.94807 0.510802 1.95411 -0.0280737 -0.00863604 0.0338693 0.00181016 0.0183592 -0.00790112 0.0448313 1.16936 0.0417715 -0.760898 1.48941 -2.94328 0.494245 1.96056 0.00623195 -0.0721749 -0.185715 0.00659745 0.00180275 -0.0014511 0.199345 0.436111 -0.44266 2.21852 0.960884 -0.00104725 -0.00234025 -1.95513 -1.02506 0.796475 -0.196857 -0.000419672 8.18218e-05 -0.727009
204.435 0.032948 -0.687411 1.67425 -2.95036 0.491824 1.96201 0.00450069 -0.696813 1.7095 -2.96603 0.497221 1.94945 -0.0284474 -0.00940258 0.0352475 -0.015672 0.00539683 -0.0125543 0.0462606 0.897875 0.0396938 -0.759499 1.48852 -2.9438 0.492628 1.96039 0.00674572 -0.0720881 -0.185737 0.00656415 0.000803358 -0.00161685 0.19935 0.429783 -0.445868 2.21723 0.961913 -0.00129353 -0.00160785 -1.95502 -1.02506 0.796475 -0.196857 -0.000419672 8.18218e-05 -0.727009
205.025 0.02716 -0.681382 1.67393 -2.95082 0.491702 1.96228 -0.00221004 -0.682433 1.68317 -2.93682 0.520813 1.96167 -0.02937 -0.00105161 0.00924109 0.0140006 0.0291109 -0.000610337 0.0308075 1.85836 0.03327 -0.754527 1.48881 -2.94403 0.491083 1.96075 0.00611009 -0.0731448 -0.185113 0.00679701 -0.000618824 -0.00153941 0.199134 0.439686 -0.453174 2.21405 0.965074 -0.00182974 -0.00133782 -1.95475 -1.02506 0.796475 -0.196857 -0.000419672 8.18218e-05 -0.727009
205.22 0.0246928 -0.678909 1.6738 -2.95117 0.491582 1.96238 -0.0044727 -0.69016 1.70965 -2.95224 0.514725 1.95011 -0.0291655 -0.0112508 0.0358483 -0.00106852 0.023143 -0.0122735 0.0475637 1.48833 0.0316562 -0.752459 1.48891 -2.94442 0.491013 1.96091 0.0069634 -0.07355 -0.184889 0.00674608 -0.000568858 -0.00147497 0.199103 0.434312 -0.456214 2.2126 0.966575 -0.00216828 -0.00110857 -1.95464 -1.02506 0.796475 -0.196857 -0.000419672 8.18218e-05 -0.727009
205.517 0.0219069 -0.676696 1.6735 -2.95188 0.491387 1.96247 -0.00677109 -0.69334 1.72317 -2.9518 0.488685 1.96232 -0.028678 -0.0166439 0.0496698 7.96864e-05 -0.00270186 -0.000148185 0.0597205 0.155766 0.0293529 -0.750514 1.48881 -2.94546 0.491073 1.96097 0.00744606 -0.0738175 -0.184691 0.00642048 -0.000313601 -0.00150443 0.199036 0.415901 -0.459188 2.21108 0.968053 -0.00281548 -0.000689978 -1.95453 -1.02506 0.796475 -0.196857 -0.000419672 8.18218e-05 -0.727009
205.794 0.0179866 -0.673911 1.67297 -2.95322 0.491146 1.96261 -0.0097805 -0.690335 1.72318 -2.95245 0.490027 1.96161 -0.0277671 -0.0164242 0.0502126 0.000774225 -0.00111934 -0.00100075 0.0596831 0.108352 0.0265121 -0.746907 1.48784 -2.9471 0.491521 1.96115 0.00852547 -0.0729963 -0.185128 0.00612079 0.000374592 -0.00145368 0.199183 0.397621 -0.463025 2.20891 0.970033 -0.00406327 -1.67517e-05 -1.95437 -1.02506 0.796475 -0.196857 -0.000419672 8.18218e-05 -0.727009
206.246 0.0134683 -0.669624 1.67229 -2.95462 0.490356 1.96271 -0.0163106 -0.675513 1.69535 -2.92306 0.514559 1.97377 -0.029779 -0.00588933 0.0230597 0.0315671 0.0242027 0.0110574 0.0381211 2.11933 0.0249595 -0.73982 1.48562 -2.94809 0.49199 1.96144 0.0114911 -0.0701959 -0.186673 0.00652861 0.00163357 -0.00126562 0.199765 0.423362 -0.468398 2.20523 0.973443 -0.00517357 0.00118642 -1.95413 -1.02506 0.796475 -0.196857 -0.000419672 8.18218e-05 -0.727009
206.83 0.00986639 -0.663611 1.67248 -2.95571 0.489045 1.96268 -0.0201646 -0.675236 1.7078 -2.92307 0.490007 1.98498 -0.030031 -0.0116255 0.0353152 0.0326363 0.000961765 0.022295 0.0477931 1.69858 0.0232612 -0.732429 1.4851 -2.94861 0.490972 1.96196 0.0133948 -0.0688177 -0.187385 0.00709601 0.00192725 -0.000725467 0.200071 0.441462 -0.474009 2.20003 0.97902 -0.00574703 0.00276542 -1.95392 -1.02506 0.796475 -0.196857 -0.000419672 8.18218e-05 -0.727009
207.092 0.00860061 -0.660305 1.6731 -2.95616 0.488585 1.96267 -0.0222244 -0.667649 1.69607 -2.94121 0.503445 1.96866 -0.030825 -0.00734417 0.022973 0.0149495 0.0148607 0.00599862 0.0391392 1.13849 0.0241771 -0.729095 1.48575 -2.94942 0.49059 1.96199 0.0155765 -0.0687895 -0.187353 0.00673442 0.00200569 -0.000679541 0.20019 0.421509 -0.4762 2.19743 0.98209 -0.00601229 0.00334449 -1.95385 -1.02506 0.796475 -0.196857 -0.000419672 8.18218e-05 -0.727009
207.358 0.00770472 -0.656179 1.67418 -2.95636 0.488307 1.96267 -0.0248152 -0.673358 1.7221 -2.95314 0.497815 1.95905 -0.0325199 -0.0171789 0.0479237 0.00321338 0.00950758 -0.00362103 0.0604098 0.640414 0.0241949 -0.725186 1.48697 -2.94987 0.490203 1.96175 0.0164902 -0.069007 -0.187207 0.00648503 0.00189562 -0.000913933 0.2002 0.413068 -0.478261 2.19457 0.985567 -0.00610636 0.00366724 -1.9538 -1.02506 0.796475 -0.196857 -0.000419672 8.18218e-05 -0.727009
207.607 0.0068691 -0.649101 1.67633 -2.95632 0.488485 1.96275 -0.0248103 -0.668463 1.72308 -2.97048 0.484313 1.95569 -0.0316794 -0.0193623 0.0467442 -0.014161 -0.0041724 -0.00706238 0.0596951 0.756405 0.0235257 -0.718423 1.4893 -2.95021 0.490364 1.96123 0.0166566 -0.0693226 -0.187032 0.00610745 0.00187864 -0.00152091 0.20016 0.413068 -0.480812 2.19035 0.990691 -0.00616967 0.00348823 -1.95375 -1.02506 0.796475 -0.196857 -0.000419672 8.18218e-05 -0.727009
208.41 0.00587916 -0.627618 1.68271 -2.95612 0.490194 1.96319 -0.0261294 -0.639446 1.70782 -2.91949 0.502558 1.98572 -0.0320086 -0.0118283 0.0251142 0.0366322 0.0123639 0.0225295 0.0423696 1.99822 0.0271496 -0.699813 1.49731 -2.9505 0.493645 1.96284 0.0212705 -0.0721945 -0.185403 0.0056252 0.00345069 -0.000354793 0.200097 0.386643 -0.486132 2.1779 1.00448 -0.00677341 0.00184466 -1.95369 -1.02506 0.796475 -0.196857 -0.000419672 8.18218e-05 -0.727009
208.621 0.00616726 -0.619522 1.68507 -2.95565 0.491383 1.96346 -0.027309 -0.640888 1.73605 -2.93337 0.496646 1.97572 -0.0334763 -0.0213656 0.0509838 0.0222833 0.00526256 0.0122593 0.0646258 1.16802 0.0273401 -0.693988 1.50094 -2.94979 0.495068 1.9636 0.0211728 -0.0744658 -0.18413 0.00585584 0.00368459 0.000133423 0.199743 0.393664 -0.487388 2.1737 1.0087 -0.00685792 0.000585417 -1.95367 -1.02506 0.796475 -0.196857 -0.000419672 8.18218e-05 -0.727009
208.936 0.00704241 -0.611049 1.68745 -2.95482 0.492638 1.96375 -0.0251864 -0.617304 1.69614 -2.93445 0.520837 1.97148 -0.0322288 -0.00625498 0.00868464 0.0203773 0.0281987 0.00772998 0.0339595 1.9152 0.0252707 -0.688169 1.50478 -2.94903 0.496123 1.96438 0.0182283 -0.0771202 -0.182675 0.00579746 0.00348497 0.000636699 0.199123 0.3743 -0.488459 2.16933 1.01287 -0.0066372 -0.000851388 -1.95366 -1.02506 0.796475 -0.196857 -0.000419672 8.18218e-05 -0.727009
209.191 0.00881142 -0.602448 1.68984 -2.95345 0.493766 1.96401 -0.0248283 -0.615132 1.72333 -2.94686 0.516806 1.96223 -0.0336397 -0.0126841 0.0334933 0.00658994 0.0230406 -0.00178338 0.0491357 1.39044 0.0245171 -0.682006 1.5085 -2.94818 0.496694 1.96478 0.0157057 -0.079558 -0.181331 0.00527163 0.00292794 0.000766434 0.198638 0.329838 -0.489335 2.16487 1.01701 -0.00585381 -0.00235611 -1.95364 -1.02506 0.796475 -0.196857 -0.000419672 8.18218e-05 -0.727009
209.466 0.0117788 -0.591922 1.6926 -2.95161 0.494732 1.96425 -0.0218183 -0.60609 1.7233 -2.94428 0.519492 1.96389 -0.0335971 -0.0141682 0.0306961 0.0073318 0.0247599 -0.000354296 0.0476629 1.48253 0.0242278 -0.673872 1.51259 -2.94785 0.496508 1.96512 0.012449 -0.0819509 -0.180016 0.00376359 0.00177547 0.000870607 0.198184 0.222056 -0.490214 2.15885 1.02244 -0.0045563 -0.00387063 -1.95362 -1.02506 0.796475 -0.196857 -0.000419672 8.18218e-05 -0.727009
210.007 0.0162448 -0.580614 1.69452 -2.9501 0.494364 1.96416 -0.0177509 -0.603519 1.76434 -2.93982 0.470463 1.96497 -0.0339957 -0.0229054 0.0698188 0.0102781 -0.0239017 0.000802031 0.0809631 1.48306 0.024825 -0.665993 1.51646 -2.9501 0.494209 1.96507 0.00858023 -0.0853791 -0.178061 4.28741e-06 -0.00015573 0.00090937 0.197659 0.0559529 -0.491008 2.14989 1.0295 -0.00297179 -0.0040394 -1.95363 -1.02506 0.796475 -0.196857 -0.000419672 8.18218e-05 -0.727009
210.248 0.0186698 -0.574588 1.69475 -2.94988 0.493879 1.96403 -0.0151983 -0.587628 1.73553 -2.92289 0.481883 1.97647 -0.0338681 -0.0130402 0.0407732 0.0269885 -0.0119969 0.0124376 0.0545853 1.52906 0.0266178 -0.661561 1.51762 -2.95201 0.492572 1.96488 0.00794797 -0.0869726 -0.17713 -0.00213046 -0.0013071 0.000849158 0.19749 0.167859 -0.491275 2.14403 1.03327 -0.00253704 -0.00366609 -1.95365 -1.02506 0.796475 -0.196857 -0.000419672 8.18218e-05 -0.727009
210.777 0.0214 -0.566745 1.69401 -2.9505 0.493276 1.96385 -0.0113779 -0.578357 1.73725 -2.95458 0.518832 1.93981 -0.0327779 -0.0116116 0.0432433 -0.0040873 0.0255564 -0.0240376 0.0554905 1.94501 0.0291985 -0.655046 1.51766 -2.95532 0.491044 1.9642 0.00779849 -0.0883006 -0.176344 -0.00482032 -0.00223201 0.000346775 0.197371 0.312787 -0.491368 2.13536 1.03767 -0.00282722 -0.00289964 -1.9537 -1.02506 0.796475 -0.196857 -0.000419672 8.18218e-05 -0.727009
211.376 0.0243835 -0.557818 1.6921 -2.9515 0.493184 1.96381 -0.00918005 -0.574444 1.75083 -2.9519 0.491897 1.95332 -0.0335636 -0.0166264 0.0587271 -0.000408335 -0.00128731 -0.0104896 0.069655 0.59479 0.0300331 -0.647532 1.51658 -2.95867 0.491809 1.9635 0.00564953 -0.089714 -0.175521 -0.00717838 -0.00137531 -0.00031277 0.197201 0.411169 -0.491004 2.12532 1.0411 -0.00371628 -0.00247919 -1.95371 -1.02506 0.796475 -0.196857 -0.000419672 8.18218e-05 -0.727009
211.723 0.0262551 -0.553606 1.69114 -2.95145 0.493401 1.96389 -0.00763511 -0.570613 1.75084 -2.96776 0.476578 1.95115 -0.0338902 -0.0170071 0.0596997 -0.0163129 -0.016823 -0.0127421 0.0707237 1.30356 0.0325347 -0.643394 1.51566 -2.95914 0.492442 1.96351 0.00627963 -0.0897883 -0.175474 -0.00769423 -0.000958744 -0.000377956 0.197212 0.434312 -0.490668 2.121 1.04207 -0.00378414 -0.00269473 -1.95368 -1.02506 0.796475 -0.196857 -0.000419672 8.18218e-05 -0.727009
212.013 0.0287348 -0.54908 1.69011 -2.95093 0.493737 1.96401 -0.00529147 -0.560947 1.7374 -2.96791 0.508364 1.93944 -0.0340263 -0.0118669 0.0472953 -0.0169832 0.0146266 -0.0245738 0.0594597 1.52161 0.0352295 -0.637905 1.51406 -2.95843 0.493126 1.9636 0.00649465 -0.0888245 -0.176045 -0.00750531 -0.000611332 -0.000417588 0.197291 0.420579 -0.490215 2.11669 1.04275 -0.00346735 -0.00318102 -1.95364 -1.02506 0.796475 -0.196857 -0.000419672 8.18218e-05 -0.727009
212.285 0.0330013 -0.543345 1.68842 -2.94962 0.493963 1.96413 -0.00232924 -0.565755 1.76435 -2.94537 0.464317 1.96878 -0.0353305 -0.0224104 0.0759262 0.00424703 -0.0296462 0.00464721 0.0866906 1.71919 0.0379939 -0.63212 1.51233 -2.95631 0.493601 1.9636 0.00499261 -0.0887753 -0.176094 -0.00669381 -0.000361921 -0.000534661 0.197269 0.370094 -0.489442 2.11097 1.04324 -0.00236926 -0.00383184 -1.95358 -1.02506 0.796475 -0.196857 -0.000419672 8.18218e-05 -0.727009
212.604 0.0364538 -0.539449 1.68692 -2.94853 0.493991 1.96419 0.00149832 -0.543055 1.70964 -2.947 0.520046 1.95357 -0.0349555 -0.0036054 0.0227276 0.001525 0.0260559 -0.0106161 0.04185 1.63039 0.0401064 -0.628509 1.51098 -2.95474 0.493465 1.96352 0.00365266 -0.0890594 -0.175938 -0.00621387 -0.000525307 -0.000671775 0.197228 0.340349 -0.488761 2.10674 1.04335 -0.00137541 -0.0042267 -1.95354 -1.02506 0.796475 -0.196857 -0.000419672 8.18218e-05 -0.727009
213.021 0.0401329 -0.535823 1.68518 -2.94732 0.493916 1.9642 0.00524645 -0.544306 1.7231 -2.92656 0.506502 1.97046 -0.0348864 -0.00848258 0.0379196 0.0207659 0.0125856 0.0062532 0.0522198 1.28634 0.043173 -0.624754 1.50916 -2.95323 0.493189 1.96339 0.00304016 -0.0889313 -0.176026 -0.00590767 -0.000727708 -0.000814184 0.197239 0.321425 -0.488024 2.10259 1.04321 -0.000229748 -0.00456282 -1.95352 -1.02506 0.796475 -0.196857 -0.000419672 8.18218e-05 -0.727009
213.247 0.0449376 -0.531676 1.68251 -2.94582 0.493662 1.96416 0.00977242 -0.540364 1.72256 -2.9411 0.491078 1.96885 -0.0351652 -0.008688 0.040043 0.00472124 -0.00258435 0.00468246 0.0539955 0.314035 0.0456671 -0.619492 1.50583 -2.95142 0.492766 1.96317 0.00072949 -0.0878158 -0.176683 -0.00560014 -0.000896431 -0.000992609 0.197305 0.302612 -0.48701 2.09722 1.04263 0.00129398 -0.00483638 -1.95351 -1.02506 0.796475 -0.196857 -0.000419672 8.18218e-05 -0.727009
213.515 0.0483962 -0.529082 1.68024 -2.94476 0.493377 1.9641 0.0134572 -0.533297 1.7095 -2.95823 0.50645 1.95451 -0.0349389 -0.00421494 0.0292624 -0.0134625 0.0130732 -0.00958804 0.0457688 1.02565 0.0469906 -0.615856 1.50294 -2.94988 0.492613 1.96304 -0.00140552 -0.086774 -0.1773 -0.00511845 -0.000764205 -0.00106686 0.197401 0.272681 -0.486272 2.09335 1.04185 0.00242259 -0.00492909 -1.95352 -1.02506 0.796475 -0.196857 -0.000419672 8.18218e-05 -0.727009
213.92 0.0515898 -0.526772 1.67771 -2.94389 0.493087 1.96403 0.0179253 -0.531305 1.71028 -2.93875 0.521333 1.95982 -0.0336646 -0.00453247 0.0325687 0.00514197 0.028246 -0.00420733 0.0470592 1.68307 0.0473598 -0.6129 1.50005 -2.948 0.492937 1.96307 -0.00423002 -0.0861273 -0.177655 -0.00411537 -0.000149605 -0.00095841 0.197476 0.214891 -0.48559 2.08963 1.04083 0.00336671 -0.00495565 -1.95353 -1.02506 0.796475 -0.196857 -0.000419672 8.18218e-05 -0.727009
214.21 0.0552472 -0.523657 1.67442 -2.94288 0.492966 1.96397 0.0209201 -0.530352 1.70963 -2.95379 0.506117 1.95766 -0.0343271 -0.00669482 0.0352089 -0.0109135 0.0131511 -0.00631427 0.049627 0.934189 0.0476733 -0.60915 1.49642 -2.94604 0.493723 1.96329 -0.00757393 -0.0854932 -0.178008 -0.00316118 0.000757285 -0.000686625 0.197619 0.172459 -0.484821 2.08494 1.03928 0.00438286 -0.00518437 -1.95355 -1.02506 0.796475 -0.196857 -0.000419672 8.18218e-05 -0.727009
214.443 0.0574643 -0.521385 1.67208 -2.94235 0.492989 1.96395 0.023899 -0.528334 1.71033 -2.93574 0.521492 1.96204 -0.0335653 -0.00694867 0.0382504 0.0066096 0.0285027 -0.00190837 0.0513616 1.69189 0.0491966 -0.606169 1.49366 -2.94508 0.494629 1.96343 -0.0082677 -0.0847837 -0.178419 -0.00272638 0.00164055 -0.000527783 0.197712 0.172459 -0.484378 2.08163 1.03814 0.00488504 -0.0053844 -1.95358 -1.02506 0.796475 -0.196857 -0.000419672 8.18218e-05 -0.727009
214.747 0.0591104 -0.519289 1.66991 -2.94214 0.493036 1.96394 0.0268915 -0.527378 1.70968 -2.95086 0.506287 1.9598 -0.0322189 -0.00808967 0.0397689 -0.00871853 0.0132509 -0.00413224 0.0518176 0.876703 0.0507059 -0.6027 1.49069 -2.94412 0.495599 1.96356 -0.00840447 -0.0834109 -0.179221 -0.00198052 0.00256264 -0.000375157 0.197859 0.181308 -0.484064 2.07852 1.03718 0.00507596 -0.00549882 -1.9536 -1.02506 0.796475 -0.196857 -0.000419672 8.18218e-05 -0.727009
215.02 0.0602749 -0.517674 1.66788 -2.94227 0.492894 1.96388 0.0283844 -0.524363 1.70958 -2.95063 0.507434 1.96 -0.0318905 -0.00668898 0.0417028 -0.00836091 0.0145402 -0.00387928 0.0529232 0.933351 0.052168 -0.598442 1.48711 -2.94359 0.495833 1.9635 -0.00810694 -0.080768 -0.180764 -0.00131961 0.00293891 -0.000381307 0.198154 0.181308 -0.483884 2.07561 1.03649 0.00502628 -0.00532352 -1.95362 -1.02506 0.796475 -0.196857 -0.000419672 8.18218e-05 -0.727009
215.378 0.0612928 -0.516054 1.66558 -2.94279 0.492415 1.96377 0.0298775 -0.524401 1.70971 -2.94912 0.506896 1.96101 -0.0314153 -0.00834714 0.0441236 -0.00633132 0.0144804 -0.00276056 0.0548041 0.888674 0.0536276 -0.594013 1.48319 -2.94265 0.495613 1.9634 -0.00766519 -0.077959 -0.182393 0.000139213 0.00319755 -0.000367811 0.198504 0.185575 -0.483853 2.07204 1.03618 0.00475005 -0.00470467 -1.95362 -1.02506 0.796475 -0.196857 -0.000419672 8.18218e-05 -0.727009
215.655 0.061818 -0.514981 1.66422 -2.94328 0.491934 1.96368 0.0298559 -0.523874 1.71044 -2.93635 0.490924 1.95671 -0.0319621 -0.0088937 0.046227 0.00692628 -0.00101078 -0.0069724 0.0568999 0.685855 0.0546764 -0.592183 1.4814 -2.94185 0.495221 1.96343 -0.00714157 -0.0772027 -0.182822 0.00142132 0.00328627 -0.00024923 0.198583 0.207479 -0.483984 2.06956 1.03638 0.00449999 -0.00409731 -1.9536 -1.02506 0.796475 -0.196857 -0.000419672 8.18218e-05 -0.727009
215.925 0.0623506 -0.513783 1.66309 -2.9436 0.491462 1.96361 0.0301387 -0.513402 1.68334 -2.93174 0.516976 1.97263 -0.0322119 0.000381014 0.0202507 0.011863 0.0255142 0.00901083 0.0380505 1.58955 0.0553282 -0.591491 1.48057 -2.94125 0.494691 1.96349 -0.00702248 -0.0777081 -0.182513 0.00235414 0.00322861 -0.000125342 0.198491 0.2307 -0.484246 2.06723 1.03676 0.00438201 -0.00355128 -1.95357 -1.02506 0.796475 -0.196857 -0.000419672 8.18218e-05 -0.727009
216.215 0.0629289 -0.511214 1.66204 -2.94369 0.49135 1.96367 0.0318813 -0.517201 1.69584 -2.96592 0.522053 1.94677 -0.0310476 -0.00598632 0.0338022 -0.0222306 0.0307026 -0.0168967 0.0462859 2.11118 0.0566638 -0.59161 1.48109 -2.94041 0.494331 1.96381 -0.00626506 -0.0803961 -0.180948 0.00328593 0.0029808 0.000146528 0.198103 0.251788 -0.484802 2.06432 1.03733 0.00430854 -0.00341858 -1.9535 -1.02506 0.796475 -0.196857 -0.000419672 8.18218e-05 -0.727009
216.525 0.0630985 -0.508754 1.66148 -2.94367 0.491609 1.9638 0.0328847 -0.519157 1.70968 -2.96703 0.492546 1.9579 -0.0302138 -0.0104025 0.0482053 -0.023359 0.000937179 -0.00590612 0.0578345 1.21692 0.0583356 -0.590065 1.48105 -2.93988 0.494368 1.96422 -0.00476296 -0.0813102 -0.18043 0.00379458 0.00275913 0.000410453 0.197962 0.260947 -0.48537 2.06227 1.03774 0.00417275 -0.00366493 -1.95343 -1.02506 0.796475 -0.196857 -0.000419672 8.18218e-05 -0.727009
216.826 0.063189 -0.506152 1.661 -2.94354 0.491969 1.96398 0.0328495 -0.516991 1.70994 -2.95067 0.477206 1.955 -0.0303394 -0.0108389 0.0489467 -0.00712754 -0.014763 -0.00898605 0.0585982 0.975584 0.0592618 -0.587553 1.48061 -2.93936 0.494573 1.96463 -0.00392722 -0.0814006 -0.180388 0.00418082 0.00260382 0.000646783 0.197942 0.269795 -0.486061 2.06035 1.03812 0.00408689 -0.00404245 -1.95335 -1.02506 0.796475 -0.196857 -0.000419672 8.18218e-05 -0.727009
217.097 0.0633072 -0.503176 1.66019 -2.94327 0.492207 1.96417 0.0328495 -0.514005 1.70995 -2.95016 0.478247 1.95524 -0.0304577 -0.0108287 0.0497522 -0.0068822 -0.01396 -0.00893751 0.0593314 0.932092 0.0624628 -0.585565 1.48036 -2.93829 0.495006 1.96521 -0.000844438 -0.0823884 -0.179837 0.00498097 0.0027987 0.00103965 0.197813 0.307741 -0.487156 2.058 1.0385 0.00416318 -0.00435227 -1.95323 -1.02506 0.796475 -0.196857 -0.000419672 8.18218e-05 -0.727009
217.391 0.0630475 -0.501587 1.65936 -2.94332 0.492181 1.96427 0.0328436 -0.511941 1.71051 -2.93302 0.494677 1.95863 -0.0302039 -0.0103539 0.0511414 0.0102939 0.00249622 -0.00563684 0.0602903 0.80794 0.0639748 -0.584139 1.47961 -2.93773 0.495551 1.96569 0.000927317 -0.082552 -0.179749 0.00558342 0.00337027 0.0014243 0.197802 0.348305 -0.488106 2.05641 1.03863 0.0040841 -0.00431358 -1.95314 -1.02506 0.796475 -0.196857 -0.000419672 8.18218e-05 -0.727009
217.631 0.0622152 -0.500278 1.6584 -2.9437 0.492208 1.96437 0.0328847 -0.5102 1.70969 -2.96551 0.495715 1.95866 -0.0293305 -0.00992201 0.0512949 -0.0218101 0.00350651 -0.00570499 0.0599157 1.14944 0.0646548 -0.582665 1.47855 -2.93758 0.496422 1.96615 0.00243965 -0.082387 -0.179849 0.00612341 0.00421348 0.00178364 0.197836 0.397621 -0.489161 2.05495 1.03858 0.00366378 -0.00420972 -1.95306 -1.02506 0.796475 -0.196857 -0.000419672 8.18218e-05 -0.727009
217.978 0.0610086 -0.499255 1.65732 -2.94429 0.492215 1.96445 0.0318649 -0.504898 1.69682 -2.95077 0.510555 1.94395 -0.0291437 -0.00564326 0.0395051 -0.00647473 0.0183392 -0.0204979 0.0494151 1.48385 0.0652005 -0.582392 1.47791 -2.93779 0.497277 1.96653 0.00419189 -0.0831375 -0.179411 0.00650861 0.00506166 0.00207673 0.197782 0.441462 -0.490309 2.05363 1.03841 0.00305977 -0.00401566 -1.95299 -1.02506 0.796475 -0.196857 -0.000419672 8.18218e-05 -0.727009
218.281 0.0591783 -0.498592 1.65569 -2.94526 0.49194 1.96448 0.0301216 -0.500187 1.68344 -2.93325 0.490804 1.96607 -0.0290567 -0.0015944 0.0277451 0.0120142 -0.00113553 0.00158549 0.0402073 0.653719 0.0641037 -0.58316 1.47713 -2.93867 0.497262 1.96662 0.00492539 -0.0845673 -0.178565 0.00659437 0.0053223 0.0021416 0.197639 0.454565 -0.491955 2.05204 1.0381 0.00222651 -0.00343438 -1.95291 -1.02506 0.796475 -0.196857 -0.000419672 8.18218e-05 -0.727009
218.584 0.0580556 -0.49837 1.65436 -2.94576 0.491551 1.96446 0.0283703 -0.507998 1.70983 -2.9518 0.481324 1.95388 -0.0296853 -0.00962733 0.055476 -0.00604099 -0.0102262 -0.0105767 0.0636513 0.79623 0.0636582 -0.583884 1.47635 -2.9392 0.496409 1.96645 0.00560261 -0.0855132 -0.178003 0.00655275 0.00485791 0.00199163 0.197558 0.437007 -0.493256 2.05095 1.03777 0.00189855 -0.00290731 -1.95285 -1.02506 0.796475 -0.196857 -0.000419672 8.18218e-05 -0.727009
219.297 0.0552695 -0.498528 1.65079 -2.94694 0.490434 1.96437 0.0259379 -0.504878 1.69675 -2.95325 0.511441 1.94204 -0.0293316 -0.00635006 0.0459581 -0.00631417 0.0210065 -0.0223257 0.0548891 1.6646 0.0611093 -0.589983 1.47626 -2.94073 0.492221 1.96532 0.00583976 -0.0914557 -0.174531 0.00620375 0.00178684 0.000951552 0.197128 0.348305 -0.496492 2.04862 1.03653 0.00120449 -0.00147752 -1.95271 -1.02506 0.796475 -0.196857 -0.000419672 8.18218e-05 -0.727009
220.031 0.0517195 -0.4977 1.64806 -2.94844 0.490236 1.96443 0.0213377 -0.502312 1.68315 -2.95207 0.507063 1.96663 -0.0303818 -0.0046121 0.0350937 -0.00363038 0.016827 0.00219997 0.0466464 1.00678 0.0563083 -0.598023 1.47867 -2.94336 0.489714 1.96479 0.0045888 -0.100323 -0.169387 0.00507806 -0.00052197 0.000352479 0.196921 0.28393 -0.499453 2.04666 1.03548 -0.000172591 -0.000787094 -1.95261 -1.02506 0.796475 -0.196857 -0.000419672 8.18218e-05 -0.727009
220.407 0.0498794 -0.495794 1.64672 -2.94871 0.490614 1.96456 0.0213377 -0.502312 1.68315 -2.95207 0.507063 1.96663 -0.0285417 -0.00651828 0.0364384 -0.00335743 0.0164485 0.00207438 0.0467426 0.980386 0.0546778 -0.602112 1.4808 -2.94527 0.487904 1.96465 0.00479837 -0.106318 -0.165914 0.00343922 -0.00271033 9.30032e-05 0.197114 0.24866 -0.501458 2.0453 1.03492 -0.00061765 -0.00104434 -1.95258 -1.02506 0.796475 -0.196857 -0.000419672 8.18218e-05 -0.727009
220.767 0.0489448 -0.49375 1.64595 -2.94845 0.491079 1.96468 0.0183614 -0.500138 1.68327 -2.93806 0.492666 1.96242 -0.0305834 -0.0063879 0.0373263 0.0103869 0.0015876 -0.00226645 0.0486765 0.672603 0.0545654 -0.602852 1.48165 -2.94543 0.4876 1.96474 0.00562063 -0.109101 -0.164294 0.00301581 -0.0034786 5.96268e-05 0.1973 0.262443 -0.502953 2.04424 1.03458 -0.00059045 -0.00156248 -1.95256 -1.02506 0.796475 -0.196857 -0.000419672 8.18218e-05 -0.727009
221.057 0.0479898 -0.491409 1.6453 -2.94815 0.491689 1.96483 0.0183825 -0.497953 1.68338 -2.95647 0.477403 1.95872 -0.0296073 -0.00654354 0.0380808 -0.00832676 -0.0142861 -0.00610467 0.0486781 0.92957 0.0562033 -0.604127 1.48311 -2.94527 0.487733 1.96505 0.0082135 -0.112717 -0.162186 0.00287537 -0.00395543 0.00022472 0.197679 0.276953 -0.504433 2.04317 1.03429 -0.000578691 -0.00222689 -1.95255 -1.02506 0.796475 -0.196857 -0.000419672 8.18218e-05 -0.727009
221.347 0.0469997 -0.488911 1.64476 -2.94784 0.492394 1.96497 0.0169325 -0.496476 1.68331 -2.95438 0.509139 1.96517 -0.0300672 -0.00756495 0.0385481 -0.00653781 0.0167453 0.000195801 0.0494694 1.03211 0.0576516 -0.604568 1.4843 -2.94477 0.487783 1.96534 0.0106519 -0.115658 -0.16046 0.00307411 -0.00461032 0.000370289 0.198085 0.312787 -0.505889 2.04211 1.03406 -0.000597762 -0.00298224 -1.95256 -1.02506 0.796475 -0.196857 -0.000419672 8.18218e-05 -0.727009
221.731 0.0455691 -0.485857 1.64409 -2.9476 0.493234 1.96513 0.0154593 -0.493488 1.68314 -2.95297 0.511207 1.96553 -0.0301098 -0.00763099 0.0390536 -0.00536779 0.0179727 0.000404491 0.0499001 1.07811 0.0584982 -0.604357 1.48531 -2.94423 0.48771 1.9654 0.0129291 -0.1185 -0.158775 0.00337053 -0.00552426 0.000276118 0.198542 0.366908 -0.507776 2.04076 1.03386 -0.000729809 -0.00384471 -1.95259 -1.02506 0.796475 -0.196857 -0.000419672 8.18218e-05 -0.727009
222.009 0.0443897 -0.484107 1.64352 -2.94764 0.493605 1.96517 0.0154593 -0.490549 1.68314 -2.95244 0.512292 1.9658 -0.0289304 -0.0064415 0.0396225 -0.00480532 0.0186867 0.000622545 0.0494813 1.1103 0.0595845 -0.604634 1.48593 -2.94428 0.487485 1.96529 0.0151948 -0.120527 -0.157587 0.00335711 -0.00612017 0.000116825 0.198976 0.398604 -0.509134 2.03981 1.0338 -0.00091133 -0.00416857 -1.95262 -1.02506 0.796475 -0.196857 -0.000419672 8.18218e-05 -0.727009
222.345 0.0431708 -0.482524 1.64305 -2.94777 0.493927 1.9652 0.0124823 -0.488363 1.68322 -2.9384 0.497867 1.96157 -0.0306884 -0.00583854 0.0401762 0.00936717 0.00393991 -0.00363438 0.050892 0.698856 0.0594449 -0.603542 1.48576 -2.94477 0.487228 1.96492 0.0162741 -0.121018 -0.157288 0.00299989 -0.00669939 -0.000284802 0.199122 0.424285 -0.510433 2.03892 1.03385 -0.00115537 -0.00442221 -1.95265 -1.02506 0.796475 -0.196857 -0.000419672 8.18218e-05 -0.727009
222.87 0.0397088 -0.479284 1.64241 -2.94875 0.494704 1.96526 0.009543 -0.485417 1.6832 -2.93911 0.499406 1.96089 -0.0301658 -0.0061326 0.04079 0.009642 0.00470233 -0.00436826 0.051102 0.756405 0.0591623 -0.601329 1.48577 -2.94651 0.489279 1.96492 0.0194535 -0.122045 -0.156646 0.00224344 -0.00542516 -0.000341122 0.199528 0.340349 -0.513159 2.03716 1.03441 -0.00236464 -0.0048071 -1.95275 -1.02506 0.796475 -0.196857 -0.000419672 8.18218e-05 -0.727009
223.279 0.038091 -0.478518 1.64233 -2.94952 0.494756 1.96522 0.00869999 -0.47734 1.65759 -2.93788 0.524231 1.97501 -0.029391 0.00117737 0.0152646 0.0116448 0.0294752 0.00979143 0.0331395 1.8019 0.0572229 -0.60083 1.48584 -2.94803 0.490671 1.96508 0.0191319 -0.122312 -0.156482 0.00149019 -0.00408429 -0.000136652 0.199532 0.250229 -0.514151 2.03652 1.035 -0.00308889 -0.00459319 -1.9528 -1.02506 0.796475 -0.196857 -0.000419672 8.18218e-05 -0.727009
223.519 0.0368822 -0.477159 1.64266 -2.9499 0.494801 1.96517 0.00662419 -0.483239 1.68334 -2.95878 0.484481 1.95633 -0.030258 -0.00608007 0.0406769 -0.00887984 -0.0103201 -0.00883763 0.05106 0.788823 0.0553413 -0.600191 1.48663 -2.94911 0.491609 1.96517 0.0184592 -0.123031 -0.156028 0.000784867 -0.00319283 -1.68399e-07 0.199555 0.187672 -0.515264 2.03574 1.03612 -0.00343366 -0.00450854 -1.95284 -1.02506 0.796475 -0.196857 -0.000419672 8.18218e-05 -0.727009
223.864 0.0367166 -0.475998 1.64314 -2.94968 0.494719 1.96513 0.00439179 -0.478809 1.67035 -2.9591 0.515292 1.94477 -0.0323248 -0.00281093 0.0272099 -0.00942041 0.0205729 -0.0203588 0.0423458 1.55947 0.054766 -0.599012 1.48707 -2.94926 0.491725 1.96511 0.0180494 -0.123014 -0.156078 0.000421477 -0.00299463 -1.80373e-05 0.199546 0.172459 -0.515932 2.03522 1.0371 -0.00318274 -0.0045066 -1.95286 -1.02506 0.796475 -0.196857 -0.000419672 8.18218e-05 -0.727009
224.206 0.036861 -0.474891 1.64375 -2.94933 0.494595 1.9651 0.00590286 -0.483745 1.69547 -2.93946 0.471005 1.97112 -0.0309582 -0.00885349 0.0517178 0.00986292 -0.0235904 0.00601769 0.0609223 1.44374 0.054877 -0.598166 1.48782 -2.94913 0.491474 1.96494 0.018016 -0.123275 -0.155932 0.000199823 -0.00312068 -0.000164359 0.19959 0.179137 -0.516467 2.03474 1.03818 -0.0027935 -0.0045112 -1.95286 -1.02506 0.796475 -0.196857 -0.000419672 8.18218e-05 -0.727009
224.461 0.0370911 -0.473781 1.6445 -2.94898 0.494494 1.96509 0.00513274 -0.479441 1.68287 -2.93987 0.50178 1.96013 -0.0319584 -0.0056606 0.038372 0.00911093 0.00728608 -0.00496095 0.0502573 0.818049 0.0555452 -0.596847 1.48844 -2.94866 0.491069 1.96472 0.0184541 -0.123066 -0.15606 0.000313621 -0.00342429 -0.000372162 0.199601 0.199792 -0.516882 2.03431 1.03935 -0.00242292 -0.00453658 -1.95286 -1.02506 0.796475 -0.196857 -0.000419672 8.18218e-05 -0.727009
224.801 0.0368739 -0.472601 1.64547 -2.94903 0.494456 1.9651 0.00590284 -0.480783 1.69547 -2.93894 0.472066 1.97135 -0.030971 -0.0081825 0.0499966 0.0100915 -0.0223903 0.00625289 0.0593786 1.38423 0.0555207 -0.594269 1.4886 -2.94838 0.49086 1.96448 0.0186469 -0.121668 -0.156876 0.000655708 -0.00359606 -0.000624002 0.199402 0.214891 -0.517268 2.03383 1.04086 -0.00247091 -0.0044823 -1.95284 -1.02506 0.796475 -0.196857 -0.000419672 8.18218e-05 -0.727009
225.092 0.0363864 -0.472289 1.64598 -2.94949 0.494329 1.96508 0.00660375 -0.476593 1.68319 -2.93878 0.503128 1.96071 -0.0297827 -0.00430356 0.0372071 0.0107143 0.00879937 -0.00437165 0.0478528 0.916852 0.05681 -0.593296 1.48873 -2.94849 0.491199 1.9644 0.0204235 -0.121007 -0.157256 0.0010038 -0.00312965 -0.000676523 0.199473 0.197824 -0.517433 2.03352 1.04182 -0.00284701 -0.00421034 -1.95283 -1.02506 0.796475 -0.196857 -0.000419672 8.18218e-05 -0.727009
225.34 0.0358794 -0.472433 1.64637 -2.95011 0.494038 1.96501 0.00366463 -0.476589 1.68318 -2.94003 0.503585 1.95977 -0.0322148 -0.00415584 0.0368102 0.0100896 0.00954662 -0.00524444 0.0490923 0.943361 0.0575002 -0.592155 1.48836 -2.94877 0.491193 1.96429 0.0216208 -0.119721 -0.158004 0.00134155 -0.00284521 -0.000720061 0.199414 0.193827 -0.517483 2.03326 1.04272 -0.00330562 -0.00373101 -1.95283 -1.02506 0.796475 -0.196857 -0.000419672 8.18218e-05 -0.727009
225.604 0.0353467 -0.473228 1.64679 -2.9511 0.493364 1.96485 0.00366463 -0.476589 1.68318 -2.94003 0.503585 1.95977 -0.031682 -0.0033615 0.0363878 0.0110738 0.0102207 -0.00507881 0.0483645 1.00327 0.056741 -0.58902 1.48649 -2.94897 0.490461 1.96406 0.0213944 -0.115793 -0.160299 0.00212837 -0.00290367 -0.000788274 0.198901 0.223812 -0.517359 2.03294 1.04395 -0.00392513 -0.0027752 -1.95285 -1.02506 0.796475 -0.196857 -0.000419672 8.18218e-05 -0.727009
225.931 0.0352001 -0.474249 1.64697 -2.95185 0.492627 1.96467 0.00366463 -0.476589 1.68318 -2.94003 0.503585 1.95977 -0.0315355 -0.00234003 0.0362059 0.0118248 0.0109581 -0.00489731 0.0480711 1.05536 0.0558686 -0.586955 1.48487 -2.94938 0.489353 1.9638 0.0206684 -0.112706 -0.162105 0.00247411 -0.00327403 -0.000870563 0.198514 0.253338 -0.517116 2.03267 1.04484 -0.00429568 -0.00184095 -1.95286 -1.02506 0.796475 -0.196857 -0.000419672 8.18218e-05 -0.727009
226.245 0.0357201 -0.47547 1.64703 -2.95224 0.491657 1.96443 0.0037203 -0.477887 1.68259 -2.97289 0.503397 1.95957 -0.0319998 -0.0024169 0.0355618 -0.0206426 0.0117404 -0.00485407 0.0479007 1.27072 0.0533032 -0.583184 1.482 -2.94971 0.488005 1.9634 0.0175831 -0.107714 -0.165028 0.00253367 -0.00365235 -0.00102348 0.197853 0.276953 -0.516746 2.03234 1.04565 -0.0042248 -0.000812195 -1.95289 -1.02506 0.796475 -0.196857 -0.000419672 8.18218e-05 -0.727009
226.49 0.0378435 -0.476999 1.64705 -2.95184 0.490061 1.96405 0.00366463 -0.479529 1.68317 -2.94055 0.502492 1.95952 -0.0341788 -0.00252982 0.0361278 0.0112967 0.0124312 -0.00453222 0.0497977 1.07411 0.0513166 -0.577021 1.47753 -2.94934 0.4864 1.96287 0.0134731 -0.100022 -0.169517 0.00250094 -0.00366067 -0.00117841 0.197287 0.279765 -0.51609 2.03177 1.0467 -0.00312823 0.000527039 -1.95291 -1.02506 0.796475 -0.196857 -0.000419672 8.18218e-05 -0.727009
226.805 0.0400269 -0.47809 1.64706 -2.95121 0.4887 1.96375 0.00665828 -0.480819 1.68257 -2.97213 0.501872 1.96026 -0.0333686 -0.00272958 0.0355088 -0.0209244 0.0131722 -0.00348896 0.0488036 1.34872 0.0510096 -0.572607 1.47435 -2.94868 0.48595 1.96264 0.0109827 -0.0945172 -0.17271 0.00252844 -0.00274957 -0.00111132 0.197187 0.242283 -0.515526 2.0312 1.04757 -0.0019294 0.00156953 -1.95292 -1.02506 0.796475 -0.196857 -0.000419672 8.18218e-05 -0.727009
227.524 0.0441645 -0.479292 1.6474 -2.95011 0.486283 1.96321 0.0125031 -0.483243 1.68335 -2.95635 0.483598 1.95813 -0.0316613 -0.0039513 0.0359535 -0.00624665 -0.00268526 -0.00508013 0.0480698 0.373253 0.0524515 -0.562729 1.46833 -2.94751 0.485721 1.96217 0.00828706 -0.0834367 -0.179074 0.0025987 -0.000562683 -0.00103403 0.197731 0.187672 -0.514443 2.02964 1.04977 0.000179252 0.00342904 -1.95292 -1.02506 0.796475 -0.196857 -0.000419672 8.18218e-05 -0.727009
227.901 0.0453677 -0.478139 1.64804 -2.95009 0.485935 1.96311 0.0124823 -0.482483 1.68323 -2.93734 0.50003 1.96207 -0.0328855 -0.00434414 0.0351877 0.0127457 0.0140949 -0.00104207 0.048358 1.10924 0.053665 -0.555906 1.46577 -2.9467 0.486762 1.96213 0.00829729 -0.0777667 -0.182272 0.00339311 0.000826709 -0.000982783 0.198342 0.2307 -0.513896 2.02823 1.05136 0.000351178 0.00374778 -1.95294 -1.02506 0.796475 -0.196857 -0.000419672 8.18218e-05 -0.727009
228.293 0.0454788 -0.476318 1.64857 -2.95049 0.486282 1.96316 0.0141003 -0.486184 1.69619 -2.97263 0.504484 1.9364 -0.0313785 -0.00986529 0.0476154 -0.0221424 0.0182012 -0.0267578 0.057872 1.78838 0.0536503 -0.550085 1.46397 -2.94652 0.487834 1.96223 0.00817142 -0.0737668 -0.184605 0.00396748 0.00155193 -0.000926156 0.198966 0.271242 -0.513599 2.02698 1.05244 -0.000154393 0.00355835 -1.95296 -1.02506 0.796475 -0.196857 -0.000419672 8.18218e-05 -0.727009
228.703 0.0450628 -0.474117 1.64894 -2.95115 0.486957 1.96326 0.0141003 -0.483221 1.69619 -2.97215 0.505581 1.93664 -0.0309625 -0.00910426 0.0472491 -0.0210021 0.0186233 -0.0266127 0.0572192 1.77872 0.0521258 -0.545288 1.46285 -2.9467 0.489585 1.96248 0.00706303 -0.0711708 -0.186094 0.00444373 0.0026276 -0.000776384 0.199365 0.316518 -0.513381 2.02555 1.05331 -0.00104982 0.00315657 -1.95301 -1.02506 0.796475 -0.196857 -0.000419672 8.18218e-05 -0.727009
229.058 0.04464 -0.471586 1.64872 -2.95204 0.487622 1.9633 0.0124822 -0.476604 1.68323 -2.93628 0.502204 1.96258 -0.0321577 -0.00501828 0.0345089 0.0157587 0.0145819 -0.000714872 0.0474359 1.2449 0.0499145 -0.539266 1.46061 -2.94755 0.491562 1.96274 0.00527448 -0.0676808 -0.188107 0.00449079 0.00393976 -0.00055478 0.199982 0.354982 -0.513153 2.02338 1.05394 -0.0021291 0.00284526 -1.95311 -1.02506 0.796475 -0.196857 -0.000419672 8.18218e-05 -0.727009
229.324 0.0447398 -0.469785 1.64797 -2.95243 0.48804 1.96329 0.0134582 -0.48175 1.70947 -2.97219 0.47649 1.94796 -0.0312816 -0.0119651 0.0615038 -0.019756 -0.0115506 -0.0153297 0.0700316 1.25242 0.0480365 -0.536191 1.45911 -2.94817 0.492882 1.96288 0.00329675 -0.066406 -0.188852 0.00426085 0.00484216 -0.000408629 0.200214 0.377424 -0.512992 2.02156 1.05383 -0.00263208 0.00259137 -1.95319 -1.02506 0.796475 -0.196857 -0.000419672 8.18218e-05 -0.727009
230.194 0.0475819 -0.459309 1.64427 -2.95104 0.491611 1.96373 0.0154591 -0.467031 1.68315 -2.94818 0.521078 1.96797 -0.0321228 -0.00772201 0.0388855 0.00286679 0.0294675 0.00424788 0.0510253 1.70226 0.0471905 -0.530273 1.45788 -2.94744 0.49917 1.96397 -0.000391331 -0.0709646 -0.186384 0.00360102 0.00755924 0.000238959 0.199437 0.477244 -0.512247 2.01443 1.05086 -0.00272793 -0.00117714 -1.95349 -1.02506 0.796475 -0.196857 -0.000419672 8.18218e-05 -0.727009
230.474 0.0491464 -0.455038 1.64342 -2.94998 0.493091 1.96398 0.0164432 -0.469808 1.70948 -2.96902 0.480375 1.94977 -0.0327032 -0.0147697 0.0660526 -0.0190354 -0.0127157 -0.014206 0.0751703 1.24584 0.0490768 -0.529117 1.45879 -2.94604 0.499957 1.96427 -6.95572e-05 -0.0740787 -0.184637 0.00393724 0.00686585 0.000296669 0.198943 0.44937 -0.511901 2.01212 1.05 -0.00234428 -0.00290339 -1.95355 -1.02506 0.796475 -0.196857 -0.000419672 8.18218e-05 -0.727009
230.784 0.0506887 -0.450548 1.64282 -2.94895 0.494687 1.96427 0.018361 -0.458981 1.68329 -2.93051 0.507843 1.96604 -0.0323277 -0.00843272 0.0404785 0.01844 0.0131566 0.00176716 0.0524852 1.26176 0.050493 -0.52787 1.46001 -2.94492 0.500765 1.96454 -0.000195685 -0.0773214 -0.182805 0.00402101 0.00607868 0.000267772 0.198485 0.414015 -0.511476 2.00983 1.04933 -0.00204447 -0.00472738 -1.9536 -1.02506 0.796475 -0.196857 -0.000419672 8.18218e-05 -0.727009
231.142 0.0525512 -0.445363 1.64205 -2.94795 0.496495 1.9646 0.0213218 -0.453858 1.68342 -2.94746 0.493059 1.96332 -0.0312294 -0.00849533 0.0413752 0.000492071 -0.00343587 -0.001277 0.0525295 0.216705 0.05021 -0.526852 1.46163 -2.94415 0.501085 1.96471 -0.00234117 -0.0814892 -0.180415 0.00380425 0.00459006 0.000105139 0.197979 0.340349 -0.510764 2.00691 1.04864 -0.00187586 -0.00674216 -1.95367 -1.02506 0.796475 -0.196857 -0.000419672 8.18218e-05 -0.727009
231.803 0.0557518 -0.440026 1.64067 -2.94678 0.498098 1.9649 0.0238881 -0.45316 1.70862 -2.95982 0.48547 1.95465 -0.0318637 -0.0131335 0.0679426 -0.0130398 -0.0126284 -0.0102564 0.0761838 1.006 0.0480118 -0.525903 1.46279 -2.94418 0.500793 1.96483 -0.00774005 -0.0858766 -0.177888 0.00260338 0.00269443 -7.4788e-05 0.197683 0.216705 -0.509322 2.00306 1.0477 -0.00145428 -0.00861994 -1.95372 -1.02506 0.796475 -0.196857 -0.000419672 8.18218e-05 -0.727009
232.155 0.0585443 -0.437841 1.63964 -2.94583 0.498549 1.96501 0.0248093 -0.440911 1.67047 -2.94326 0.526657 1.95506 -0.033735 -0.00306924 0.0308304 0.00257145 0.0281086 -0.00995392 0.0458037 1.73866 0.0452775 -0.526657 1.46346 -2.94414 0.500822 1.96502 -0.0132668 -0.0888154 -0.176176 0.00169397 0.00227351 7.70016e-06 0.197743 0.163129 -0.508096 2.00096 1.04698 -0.000769523 -0.00934328 -1.95372 -1.02506 0.796475 -0.196857 -0.000419672 8.18218e-05 -0.727009
232.471 0.061 -0.436854 1.63884 -2.94493 0.498622 1.96505 0.0272016 -0.442114 1.68349 -2.94277 0.496507 1.96621 -0.0337984 -0.00526019 0.0446498 0.00216155 -0.00211573 0.00116029 0.0562459 0.163129 0.0413118 -0.526519 1.46317 -2.94416 0.501005 1.96507 -0.0196881 -0.0896649 -0.175667 0.000770405 0.0023826 1.56296e-05 0.198208 0.142653 -0.507051 1.99967 1.04632 3.73564e-05 -0.00971613 -1.95371 -1.02506 0.796475 -0.196857 -0.000419672 8.18218e-05 -0.727009
232.789 0.0636367 -0.436655 1.63789 -2.94399 0.498391 1.96503 0.030666 -0.438719 1.6705 -2.96037 0.510681 1.95266 -0.0329707 -0.00206457 0.0326064 -0.0163797 0.0122907 -0.0123641 0.0464167 1.11171 0.0394275 -0.527943 1.46321 -2.94401 0.501304 1.96517 -0.0242092 -0.0912883 -0.174683 -1.97502e-05 0.00291365 0.000139389 0.19858 0.167859 -0.505923 1.99865 1.04551 0.00100809 -0.00981795 -1.95369 -1.02506 0.796475 -0.196857 -0.000419672 8.18218e-05 -0.727009
233.427 0.0689779 -0.437743 1.63577 -2.94232 0.497782 1.96498 0.036023 -0.442146 1.68361 -2.939 0.495037 1.96895 -0.0329549 -0.0044037 0.0478425 0.00331768 -0.0027454 0.00397644 0.0582608 0.266879 0.0337696 -0.535267 1.46486 -2.94481 0.503052 1.96552 -0.0352083 -0.0975244 -0.170914 -0.00249454 0.00526999 0.000539738 0.199906 0.341497 -0.503135 1.99738 1.0432 0.00281009 -0.00982097 -1.95363 -1.02506 0.796475 -0.196857 -0.000419672 8.18218e-05 -0.727009
233.727 0.0706135 -0.438651 1.6351 -2.94197 0.49762 1.96498 0.038382 -0.437419 1.65718 -2.95549 0.538987 1.94501 -0.0322315 0.00123193 0.0220805 -0.0135201 0.0413669 -0.0199697 0.0390889 2.57846 0.0311198 -0.539692 1.4663 -2.94573 0.503953 1.96579 -0.0394937 -0.101041 -0.168806 -0.00376361 0.00633227 0.000811176 0.20066 0.436111 -0.501934 1.99734 1.04222 0.00318995 -0.0097897 -1.9536 -1.02506 0.796475 -0.196857 -0.000419672 8.18218e-05 -0.727009
234.024 0.0719479 -0.439779 1.63468 -2.94176 0.497475 1.96499 0.0408627 -0.441512 1.67002 -2.95579 0.508524 1.95587 -0.0310853 -0.0017327 0.0353463 -0.0140254 0.011049 -0.0091222 0.0471026 0.956544 0.0302296 -0.544803 1.46824 -2.94685 0.50411 1.96597 -0.0417184 -0.105024 -0.166437 -0.00508663 0.00663482 0.000974756 0.201176 0.498108 -0.500752 1.99759 1.04137 0.00342977 -0.00972614 -1.95356 -1.02506 0.796475 -0.196857 -0.000419672 8.18218e-05 -0.727009
234.327 0.0731665 -0.442021 1.63437 -2.94187 0.497113 1.96497 0.0418783 -0.446338 1.68278 -2.93502 0.492937 1.97117 -0.0312882 -0.00431797 0.0484077 0.00684912 -0.00417586 0.00620762 0.0578005 0.45284 0.0297319 -0.552177 1.47097 -2.94847 0.503172 1.96593 -0.0434346 -0.110157 -0.163402 -0.00660592 0.00605885 0.000965813 0.201795 0.535954 -0.499219 1.99841 1.04046 0.00346312 -0.00935587 -1.95351 -1.02506 0.796475 -0.196857 -0.000419672 8.18218e-05 -0.727009
234.605 0.0736167 -0.444436 1.63425 -2.94231 0.496623 1.9649 0.0423367 -0.444588 1.67062 -2.95636 0.506569 1.95587 -0.03128 -0.000151397 0.0363697 -0.0140452 0.00994634 -0.00902202 0.047971 0.916425 0.0287216 -0.556341 1.47187 -2.94978 0.501783 1.96574 -0.0448951 -0.111905 -0.162385 -0.00747093 0.00516037 0.000844764 0.202256 0.541041 -0.498109 1.99936 1.03992 0.00324061 -0.00875282 -1.95347 -1.02506 0.796475 -0.196857 -0.000419672 8.18218e-05 -0.727009
234.95 0.0740024 -0.447147 1.63428 -2.94275 0.496041 1.96481 0.0437799 -0.447356 1.67006 -2.95562 0.505831 1.95625 -0.0302224 -0.000209373 0.0357783 -0.0128695 0.00979022 -0.00856431 0.0468351 0.866827 0.0279891 -0.560716 1.47286 -2.95094 0.500146 1.96546 -0.0460132 -0.113569 -0.161422 -0.00819142 0.00410479 0.000652051 0.202663 0.541764 -0.497033 2.00057 1.03946 0.00306554 -0.00806919 -1.95343 -1.02506 0.796475 -0.196857 -0.000419672 8.18218e-05 -0.727009
235.285 0.0745438 -0.450855 1.63459 -2.94314 0.495277 1.96472 0.04378 -0.450273 1.67006 -2.95617 0.504729 1.95597 -0.0307639 0.000581714 0.0354661 -0.0130284 0.00945212 -0.00875121 0.0469532 0.861846 0.0298957 -0.568127 1.47532 -2.9518 0.498351 1.9652 -0.0446481 -0.117273 -0.159274 -0.00865677 0.00307494 0.000477578 0.202767 0.538867 -0.49566 2.00255 1.03895 0.00299753 -0.00723044 -1.95336 -1.02506 0.796475 -0.196857 -0.000419672 8.18218e-05 -0.727009
235.507 0.0743736 -0.453323 1.63524 -2.94367 0.495032 1.96473 0.044847 -0.456892 1.68377 -2.93813 0.488101 1.97029 -0.0295266 -0.00356872 0.0485269 0.00553383 -0.0069319 0.0055606 0.0569158 0.514343 0.0315488 -0.572917 1.47729 -2.95231 0.497795 1.96517 -0.0428247 -0.119594 -0.157947 -0.00864903 0.00276295 0.000445199 0.202692 0.53229 -0.494682 2.00428 1.03877 0.00257852 -0.00682867 -1.9533 -1.02506 0.796475 -0.196857 -0.000419672 8.18218e-05 -0.727009
236.046 0.0722719 -0.459736 1.63786 -2.9461 0.494402 1.96472 0.0423368 -0.459173 1.67061 -2.95908 0.501074 1.95449 -0.0299352 0.00056313 0.0327417 -0.0129754 0.00667194 -0.0102261 0.0443672 0.7913 0.0338044 -0.582711 1.48175 -2.9546 0.496274 1.96511 -0.0384675 -0.122975 -0.156115 -0.00849269 0.0018719 0.000388608 0.202421 0.508989 -0.492509 2.00898 1.03957 0.000494982 -0.00542045 -1.95317 -1.02506 0.796475 -0.196857 -0.000419672 8.18218e-05 -0.727009
236.331 0.0713306 -0.462716 1.63943 -2.94721 0.493955 1.96468 0.0419056 -0.465697 1.6837 -2.94104 0.485365 1.96858 -0.029425 -0.0029806 0.0442708 0.00616285 -0.00858998 0.00390566 0.0532411 0.585506 0.0341937 -0.586875 1.48394 -2.95593 0.495291 1.9649 -0.0371369 -0.124159 -0.155486 -0.00872418 0.00133605 0.00022203 0.202411 0.512055 -0.491573 2.01121 1.04042 -0.0003707 -0.0046379 -1.95312 -1.02506 0.796475 -0.196857 -0.000419672 8.18218e-05 -0.727009
236.611 0.0705583 -0.465455 1.64135 -2.94814 0.493536 1.96464 0.0419056 -0.468637 1.6837 -2.9416 0.484294 1.96832 -0.0286526 -0.00318224 0.0423439 0.00654237 -0.00924181 0.00368006 0.051226 0.625576 0.0344989 -0.590268 1.4862 -2.95726 0.494307 1.9647 -0.0360594 -0.124813 -0.155158 -0.00911919 0.000771925 6.73266e-05 0.202367 0.526376 -0.490608 2.0135 1.04161 -0.00109271 -0.00393403 -1.95307 -1.02506 0.796475 -0.196857 -0.000419672 8.18218e-05 -0.727009
236.868 0.0700502 -0.467825 1.64363 -2.94883 0.493198 1.96461 0.0393977 -0.467215 1.67063 -2.94182 0.514247 1.95736 -0.0306524 0.000609543 0.0270035 0.0070115 0.0210484 -0.00724649 0.040855 1.39606 0.0355219 -0.59267 1.48845 -2.95832 0.493177 1.96473 -0.0345283 -0.124845 -0.155176 -0.00949077 -2.15147e-05 0.000116088 0.202134 0.546797 -0.489599 2.01583 1.04308 -0.00161191 -0.0033908 -1.95303 -1.02506 0.796475 -0.196857 -0.000419672 8.18218e-05 -0.727009
237.143 0.0702505 -0.470618 1.64684 -2.94904 0.492734 1.96456 0.0394233 -0.469253 1.67008 -2.95726 0.529114 1.9605 -0.0308272 0.00136587 0.0232386 -0.00822303 0.0363797 -0.00405878 0.0386292 2.12449 0.038592 -0.595295 1.49155 -2.95792 0.491772 1.96495 -0.0316585 -0.124677 -0.155287 -0.00888584 -0.000962128 0.000386488 0.201645 0.522645 -0.488172 2.01895 1.04512 -0.00163132 -0.00289137 -1.95298 -1.02506 0.796475 -0.196857 -0.000419672 8.18218e-05 -0.727009
237.407 0.0708002 -0.472409 1.64922 -2.94883 0.492513 1.96455 0.0403295 -0.481811 1.70969 -2.96139 0.472499 1.95582 -0.0304707 -0.00940216 0.0604696 -0.0125583 -0.0200134 -0.00872594 0.0683626 1.32234 0.0420396 -0.59756 1.49422 -2.95674 0.491131 1.96516 -0.0287606 -0.125151 -0.155002 -0.00790895 -0.00138174 0.000607198 0.201285 0.477244 -0.487047 2.02128 1.04646 -0.00135291 -0.00275803 -1.95295 -1.02506 0.796475 -0.196857 -0.000419672 8.18218e-05 -0.727009
237.726 0.0712923 -0.474203 1.65144 -2.94865 0.492376 1.96454 0.0407735 -0.479275 1.69531 -2.97494 0.519434 1.94899 -0.0305188 -0.00507173 0.0438713 -0.0262833 0.0270585 -0.0155544 0.0536825 2.04066 0.0451693 -0.600671 1.49721 -2.95479 0.490577 1.9654 -0.026123 -0.126468 -0.154229 -0.00613744 -0.00179878 0.000857705 0.201154 0.390671 -0.485887 2.0236 1.04759 -0.00114247 -0.00268943 -1.95293 -1.02506 0.796475 -0.196857 -0.000419672 8.18218e-05 -0.727009
237.963 0.0716819 -0.476362 1.65433 -2.94856 0.492461 1.96457 0.0407617 -0.480314 1.69639 -2.96041 0.502739 1.94534 -0.0309202 -0.00395196 0.042057 -0.0118474 0.010278 -0.0192311 0.0523495 1.14364 0.0465746 -0.605244 1.50151 -2.95305 0.490306 1.96557 -0.0251073 -0.128883 -0.152818 -0.00449121 -0.00215471 0.000998376 0.201481 0.314035 -0.484299 2.02669 1.04885 -0.00109488 -0.00280039 -1.95292 -1.02506 0.796475 -0.196857 -0.000419672 8.18218e-05 -0.727009
238.782 0.0728239 -0.48099 1.66183 -2.94807 0.493128 1.9646 0.0418112 -0.487176 1.71013 -2.94182 0.48635 1.96016 -0.0310127 -0.00618651 0.0483015 0.0062447 -0.00677863 -0.00444123 0.057733 0.654916 0.0494767 -0.614209 1.51158 -2.95041 0.49045 1.96489 -0.0233472 -0.13322 -0.150251 -0.00234924 -0.00267813 0.000290871 0.202158 0.209357 -0.48011 2.03441 1.05196 -0.000866092 -0.00358447 -1.95302 -1.02506 0.796475 -0.196857 -0.000419672 8.18218e-05 -0.727009
239.351 0.0730795 -0.483723 1.66612 -2.94803 0.493906 1.96463 0.0419159 -0.481793 1.68337 -2.93961 0.511282 1.97519 -0.0311636 0.00193017 0.0172484 0.00841665 0.0173763 0.0105515 0.0356707 1.14398 0.0502232 -0.618711 1.51692 -2.95017 0.490797 1.96469 -0.0228563 -0.134988 -0.149196 -0.00213884 -0.00310827 5.57066e-05 0.202494 0.216705 -0.477438 2.03915 1.05329 -0.00110609 -0.00431476 -1.95314 -1.02506 0.796475 -0.196857 -0.000419672 8.18218e-05 -0.727009
239.675 0.0728601 -0.485348 1.66812 -2.94832 0.494337 1.96465 0.0418431 -0.489324 1.70979 -2.95819 0.501821 1.96329 -0.031017 -0.00397639 0.0416736 -0.00987331 0.0074846 -0.00136293 0.0521014 0.684141 0.0506598 -0.620919 1.51927 -2.95066 0.491058 1.96457 -0.0222004 -0.135572 -0.148851 -0.00234216 -0.00327923 -7.7696e-05 0.202557 0.228997 -0.476041 2.04158 1.05377 -0.0015296 -0.00461551 -1.95321 -1.02506 0.796475 -0.196857 -0.000419672 8.18218e-05 -0.727009
239.862 0.0721752 -0.488136 1.67064 -2.94917 0.494753 1.96463 0.0418234 -0.491605 1.7099 -2.93823 0.516825 1.96784 -0.0303518 -0.00346866 0.0392587 0.0109391 0.0220716 0.0032178 0.0497444 1.38338 0.0528624 -0.623561 1.52169 -2.95213 0.490945 1.96431 -0.0193127 -0.135425 -0.148946 -0.00296632 -0.00380807 -0.000317432 0.202232 0.271242 -0.474077 2.04489 1.05437 -0.00245621 -0.00471318 -1.95331 -1.02506 0.796475 -0.196857 -0.000419672 8.18218e-05 -0.727009
240.126 0.0713724 -0.490531 1.67255 -2.95014 0.495029 1.96458 0.0418431 -0.49231 1.70979 -2.95873 0.500747 1.96302 -0.0295293 -0.00177829 0.0372374 -0.00858898 0.00571805 -0.00156508 0.047558 0.561626 0.0548694 -0.625445 1.52329 -2.95338 0.490658 1.96407 -0.016503 -0.134914 -0.149261 -0.00323869 -0.00437094 -0.000512942 0.201874 0.305187 -0.472498 2.04741 1.05487 -0.00343729 -0.00464006 -1.95339 -1.02506 0.796475 -0.196857 -0.000419672 8.18218e-05 -0.727009
240.361 0.0706118 -0.493111 1.67452 -2.95119 0.495221 1.9645 0.0413957 -0.499217 1.72337 -2.94053 0.484916 1.97755 -0.0292161 -0.00610566 0.0488577 0.0106599 -0.010305 0.0130467 0.0572533 0.922385 0.0570946 -0.626597 1.52441 -2.95402 0.490253 1.96379 -0.0135172 -0.133486 -0.150108 -0.00282121 -0.0049674 -0.00071565 0.201329 0.320206 -0.470796 2.04996 1.05547 -0.00445772 -0.00446072 -1.95349 -1.02506 0.796475 -0.196857 -0.000419672 8.18218e-05 -0.727009
240.608 0.0700625 -0.497485 1.67711 -2.95267 0.494876 1.96425 0.0403287 -0.497533 1.70974 -2.94088 0.515228 1.96626 -0.0297337 -4.74566e-05 0.0326297 0.0117935 0.0203519 0.00200651 0.0441452 1.32441 0.0591298 -0.627889 1.52517 -2.95461 0.489433 1.96335 -0.0109326 -0.130404 -0.151942 -0.00194126 -0.00544273 -0.000906839 0.200527 0.327456 -0.468284 2.05335 1.05658 -0.00560549 -0.00364464 -1.95364 -1.02506 0.796475 -0.196857 -0.000419672 8.18218e-05 -0.727009
240.814 0.0701769 -0.501367 1.67911 -2.95372 0.494145 1.96396 0.0388365 -0.500548 1.70984 -2.94114 0.514059 1.96603 -0.0313404 0.00081861 0.0307274 0.0125758 0.019914 0.00206939 0.0438983 1.32382 0.0613812 -0.628106 1.52501 -2.95444 0.488563 1.96294 -0.00879573 -0.126739 -0.154108 -0.000719601 -0.00558167 -0.00101881 0.199723 0.323851 -0.466194 2.05584 1.05774 -0.00620623 -0.0026157 -1.95375 -1.02506 0.796475 -0.196857 -0.000419672 8.18218e-05 -0.727009
241.141 0.0708149 -0.505574 1.68122 -2.95466 0.493059 1.9636 0.0402362 -0.512083 1.73643 -2.97947 0.487523 1.94986 -0.0305786 -0.00650857 0.0552085 -0.0248088 -0.00553597 -0.0137446 0.063446 1.29875 0.0630027 -0.628718 1.52499 -2.95463 0.487566 1.96257 -0.00781211 -0.123144 -0.156236 2.33475e-05 -0.00549268 -0.00103742 0.199086 0.320206 -0.46392 2.05825 1.05926 -0.00654937 -0.00129374 -1.95386 -1.02506 0.796475 -0.196857 -0.000419672 8.18218e-05 -0.727009
241.419 0.0729731 -0.511107 1.68347 -2.95509 0.49156 1.96313 0.0402255 -0.517551 1.73693 -2.96035 0.501626 1.95364 -0.0327476 -0.00644402 0.0534607 -0.00525335 0.0100669 -0.00949115 0.0630236 0.750171 0.0651329 -0.629437 1.52441 -2.95413 0.48647 1.96199 -0.00784021 -0.118331 -0.159059 0.000959328 -0.00508986 -0.00114229 0.198402 0.30901 -0.460624 2.06126 1.06055 -0.00622524 0.000233526 -1.95399 -1.02506 0.796475 -0.196857 -0.000419672 8.18218e-05 -0.727009
241.755 0.0763835 -0.51701 1.67743 -2.95346 0.491697 1.96307 0.0418233 -0.512504 1.70987 -2.94211 0.509296 1.96587 -0.0345601 0.00450614 0.0324421 0.0113515 0.0175991 0.0027999 0.0476151 1.16835 0.068943 -0.632613 1.51682 -2.95212 0.487043 1.96181 -0.00744046 -0.115603 -0.160606 0.00134174 -0.00465449 -0.00125679 0.198025 0.296075 -0.458031 2.06336 1.05148 -0.00470456 -0.000443138 -1.95407 -1.02506 0.796475 -0.196857 -0.000419672 8.18218e-05 -0.727009
242.027 0.0801646 -0.528163 1.66189 -2.95157 0.491876 1.963 0.0463029 -0.52145 1.70982 -2.94282 0.505728 1.96593 -0.0338618 0.0067126 0.0479355 0.00875029 0.0138523 0.00292215 0.0590719 0.910427 0.0727804 -0.640753 1.49956 -2.95025 0.487583 1.96136 -0.00738422 -0.11259 -0.162323 0.00131726 -0.00429333 -0.00164119 0.197686 0.285305 -0.455383 2.06535 1.0314 -0.00294993 -0.00124658 -1.95416 -1.02506 0.796475 -0.196857 -0.000419672 8.18218e-05 -0.727009
242.349 0.0834765 -0.544095 1.63998 -2.95039 0.491424 1.96278 0.050778 -0.541943 1.71089 -2.93134 0.481466 1.96151 -0.0326985 0.00215163 0.0709119 0.0190556 -0.00995776 -0.00127037 0.0781174 1.26393 0.0769664 -0.654697 1.47654 -2.94881 0.487293 1.96059 -0.00651015 -0.110602 -0.163447 0.00158172 -0.00413044 -0.00219369 0.197459 0.301316 -0.452701 2.06726 1.00457 -0.00158049 -0.00122568 -1.95427 -1.02506 0.796475 -0.196857 -0.000419672 8.18218e-05 -0.727009
242.62 0.0869707 -0.563302 1.62011 -2.95066 0.488621 1.96205 0.0540093 -0.553871 1.67014 -2.96644 0.496071 1.95723 -0.0329615 0.00943063 0.0500283 -0.0157808 0.00744982 -0.00482443 0.0606483 0.916425 0.0809391 -0.672056 1.45538 -2.94823 0.48434 1.95976 -0.00603167 -0.108754 -0.164728 0.00242755 -0.00428147 -0.00228537 0.197482 0.336882 -0.449106 2.06971 0.981417 -0.000527201 0.00147426 -1.95437 -1.02506 0.796475 -0.196857 -0.000419672 8.18218e-05 -0.727009
242.908 0.0895207 -0.570938 1.61499 -2.95064 0.487189 1.96169 0.0567603 -0.567528 1.64619 -2.92204 0.495865 1.96778 -0.0327604 0.00340984 0.0311963 0.0286016 0.00867603 0.00608871 0.045366 1.58585 0.0840084 -0.680237 1.45075 -2.9476 0.482965 1.95951 -0.0055123 -0.109298 -0.164247 0.00303262 -0.00422425 -0.00218709 0.197367 0.35277 -0.446474 2.07138 0.975189 0.000132325 0.00277115 -1.95441 -1.02506 0.796475 -0.196857 -0.000419672 8.18218e-05 -0.727009
243.22 0.0919153 -0.573088 1.61582 -2.95013 0.48705 1.96166 0.0596465 -0.576662 1.64557 -2.93468 0.506891 1.97186 -0.0322688 -0.00357467 0.0297546 0.0154509 0.0198416 0.0101967 0.0440385 1.38706 0.0883335 -0.682274 1.45151 -2.94643 0.483067 1.95928 -0.00358175 -0.109186 -0.164307 0.00370317 -0.00398289 -0.0023895 0.19731 0.378459 -0.44395 2.07287 0.97481 0.000667651 0.00272981 -1.9544 -1.02506 0.796475 -0.196857 -0.000419672 8.18218e-05 -0.727009
243.475 0.0947966 -0.570856 1.62209 -2.9491 0.488183 1.96197 0.0613298 -0.572057 1.63239 -2.95079 0.519655 1.9578 -0.0334669 -0.00120155 0.0103027 -0.00169315 0.0314715 -0.00417024 0.0350374 1.81531 0.0928339 -0.680396 1.458 -2.94422 0.484679 1.95937 -0.00196272 -0.10954 -0.164085 0.00488405 -0.00350431 -0.00259658 0.197299 0.424285 -0.440777 2.07459 0.979432 0.00111414 0.00133471 -1.95436 -1.02506 0.796475 -0.196857 -0.000419672 8.18218e-05 -0.727009
244.039 0.0964778 -0.568047 1.62843 -2.94867 0.489133 1.96225 0.0644514 -0.577451 1.65821 -2.95279 0.497797 1.94409 -0.0320264 -0.00940415 0.0297766 -0.00411329 0.00866393 -0.0181568 0.04473 1.07338 0.0957008 -0.677858 1.46452 -2.94304 0.486051 1.95953 -0.000777018 -0.109811 -0.163909 0.00563399 -0.00308223 -0.00272221 0.197295 0.454565 -0.438533 2.07575 0.984896 0.00106238 0.000312493 -1.9543 -1.02506 0.796475 -0.196857 -0.000419672 8.18218e-05 -0.727009
244.369 0.0977378 -0.565263 1.63518 -2.94867 0.489912 1.96251 0.0671274 -0.576174 1.67135 -2.93388 0.486214 1.95968 -0.0306103 -0.0109104 0.0361706 0.0147855 -0.00369787 -0.00282264 0.0486245 0.957771 0.0956308 -0.675434 1.47149 -2.94244 0.487087 1.95976 -0.00210696 -0.110171 -0.163689 0.00622476 -0.00282508 -0.00274715 0.197322 0.480513 -0.436387 2.07683 0.991091 0.000682009 -0.000410702 -1.95422 -1.02506 0.796475 -0.196857 -0.000419672 8.18218e-05 -0.727009
244.786 0.0998986 -0.56215 1.64385 -2.9484 0.490378 1.96274 0.0673288 -0.56617 1.65697 -2.96166 0.516358 1.94995 -0.0325697 -0.00402067 0.0131173 -0.0132577 0.0259799 -0.0127968 0.0353414 1.67117 0.0952645 -0.672551 1.48041 -2.94184 0.487617 1.96019 -0.00463411 -0.110401 -0.163439 0.00656279 -0.00276091 -0.00255619 0.197287 0.48939 -0.433643 2.07818 0.999511 0.000664738 -0.000934341 -1.9541 -1.02506 0.796475 -0.196857 -0.000419672 8.18218e-05 -0.727009
245.205 0.102173 -0.560326 1.64995 -2.94779 0.490319 1.96284 0.07005 -0.564985 1.67062 -2.94373 0.504698 1.96535 -0.0321226 -0.00465959 0.0206706 0.0040624 0.0143784 0.00250753 0.0384818 0.849497 0.0947912 -0.670393 1.48622 -2.9413 0.487482 1.96038 -0.00738148 -0.110067 -0.163736 0.00649017 -0.0028376 -0.00245971 0.19743 0.48376 -0.431663 2.07915 1.00544 0.00120376 -0.00108095 -1.95401 -1.02506 0.796475 -0.196857 -0.000419672 8.18218e-05 -0.727009
245.707 0.104797 -0.559482 1.65516 -2.94703 0.489761 1.96283 0.0733577 -0.569155 1.69618 -2.95883 0.497414 1.95524 -0.0314393 -0.0096726 0.0410214 -0.0117954 0.00765316 -0.00759278 0.0525808 0.748081 0.0959044 -0.669209 1.49123 -2.94071 0.486806 1.96044 -0.00889263 -0.109727 -0.163926 0.00632436 -0.00295507 -0.00239017 0.197461 0.474778 -0.429766 2.08009 1.0108 0.00210996 -0.000821992 -1.95391 -1.02506 0.796475 -0.196857 -0.000419672 8.18218e-05 -0.727009
246.033 0.107327 -0.559456 1.65955 -2.94641 0.488913 1.96276 0.076323 -0.566218 1.69626 -2.95715 0.497971 1.95643 -0.0310043 -0.0067613 0.036703 -0.0107418 0.00905803 -0.00633093 0.0485189 0.753814 0.0975437 -0.669223 1.49567 -2.94047 0.485807 1.96022 -0.00978361 -0.109767 -0.163889 0.00593371 -0.00310578 -0.00253842 0.197495 0.463094 -0.427982 2.081 1.01552 0.00301364 -0.000247262 -1.95381 -1.02506 0.796475 -0.196857 -0.000419672 8.18218e-05 -0.727009
246.472 0.109948 -0.559886 1.66463 -2.94606 0.487843 1.96269 0.0793218 -0.565888 1.69747 -2.93792 0.512257 1.96146 -0.0306265 -0.00600204 0.0328441 0.00814558 0.0244148 -0.00123412 0.0453072 1.48701 0.0999647 -0.670417 1.50116 -2.94066 0.484335 1.95959 -0.00998358 -0.110531 -0.163464 0.00540151 -0.00350751 -0.00309666 0.197578 0.468137 -0.425841 2.08216 1.02098 0.00372679 0.000623447 -1.95366 -1.02506 0.796475 -0.196857 -0.000419672 8.18218e-05 -0.727009
246.867 0.111295 -0.559939 1.66814 -2.94605 0.487354 1.9627 0.0806826 -0.569537 1.71072 -2.93735 0.483574 1.97257 -0.0306125 -0.00959757 0.0425821 0.00870376 -0.00378032 0.0098625 0.0533148 0.593473 0.101013 -0.670578 1.50474 -2.94087 0.483213 1.95932 -0.0102821 -0.110639 -0.1634 0.00518496 -0.00414133 -0.00338239 0.197601 0.485375 -0.424446 2.08298 1.02466 0.00389187 0.00107141 -1.95355 -1.02506 0.796475 -0.196857 -0.000419672 8.18218e-05 -0.727009
247.324 0.112352 -0.559209 1.67169 -2.94595 0.48732 1.96282 0.0822908 -0.562956 1.69757 -2.93618 0.512804 1.9627 -0.0300611 -0.00374759 0.0258792 0.00976589 0.025484 -0.000117896 0.0398428 1.56473 0.101536 -0.669576 1.50813 -2.94091 0.482579 1.95936 -0.0108157 -0.110367 -0.163559 0.00503693 -0.00474042 -0.00345458 0.197609 0.499677 -0.423245 2.08374 1.0281 0.00394425 0.00106745 -1.95345 -1.02506 0.796475 -0.196857 -0.000419672 8.18218e-05 -0.727009
247.648 0.113564 -0.557631 1.67632 -2.94563 0.487545 1.96302 0.0822457 -0.560211 1.69598 -2.94763 0.529138 1.96734 -0.0313184 -0.00258007 0.0196572 -0.00199103 0.0415924 0.00432178 0.0370663 2.40436 0.101264 -0.665809 1.51152 -2.94067 0.482353 1.9598 -0.0123004 -0.108177 -0.164805 0.00496577 -0.00519189 -0.00321385 0.19752 0.502021 -0.421946 2.08465 1.03247 0.00406434 0.000752709 -1.95332 -1.02506 0.796475 -0.196857 -0.000419672 8.18218e-05 -0.727009
248.5 0.115294 -0.554033 1.68355 -2.94462 0.488171 1.96336 0.0857825 -0.568362 1.73922 -2.91893 0.476967 1.96293 -0.029511 -0.0143287 0.055667 0.025693 -0.0112033 -0.000436289 0.0646144 1.61665 0.101293 -0.660395 1.51772 -2.93956 0.483553 1.96095 -0.0140007 -0.106361 -0.165828 0.00505684 -0.00461768 -0.00241495 0.197504 0.458849 -0.420646 2.08587 1.03927 0.00463831 -0.000168336 -1.95314 -1.02506 0.796475 -0.196857 -0.000419672 8.18218e-05 -0.727009
249.007 0.116298 -0.551391 1.68876 -2.94383 0.488373 1.96354 0.0858478 -0.559662 1.72405 -2.95073 0.508112 1.95244 -0.0304505 -0.00827065 0.0352914 -0.00689843 0.0197387 -0.0111005 0.0473404 1.26486 0.101796 -0.656386 1.52216 -2.93868 0.484855 1.96164 -0.0145027 -0.104995 -0.166602 0.00514693 -0.00351799 -0.00190017 0.19746 0.41212 -0.420222 2.08664 1.0445 0.00523018 -0.000623535 -1.95303 -1.02506 0.796475 -0.196857 -0.000419672 8.18218e-05 -0.727009
249.467 0.116571 -0.549134 1.69303 -2.94344 0.488573 1.96368 0.0866988 -0.552738 1.71189 -2.91506 0.50294 1.97976 -0.0298719 -0.003604 0.0188622 0.0283806 0.0143672 0.0160847 0.035512 1.65682 0.103544 -0.653081 1.52582 -2.93847 0.48647 1.9617 -0.0130264 -0.103947 -0.167211 0.0049616 -0.00210298 -0.00197804 0.197318 0.372203 -0.42015 2.08724 1.0489 0.00546421 -0.000941251 -1.95295 -1.02506 0.796475 -0.196857 -0.000419672 8.18218e-05 -0.727009
250.268 0.115143 -0.544327 1.70206 -2.94372 0.489224 1.96402 0.0879344 -0.56094 1.76614 -2.94795 0.489255 1.95649 -0.0272086 -0.0166124 0.0640825 -0.00422078 3.1651e-05 -0.00752424 0.071574 0.382573 0.106376 -0.643333 1.53196 -2.93809 0.488349 1.9618 -0.00876703 -0.0990061 -0.170099 0.00563809 -0.000874733 -0.00221147 0.19701 0.401538 -0.420629 2.0885 1.05834 0.00480579 -0.00144593 -1.95278 -1.02506 0.796475 -0.196857 -0.000419672 8.18218e-05 -0.727009
251.079 0.111243 -0.539577 1.71223 -2.94532 0.489763 1.96436 0.0827164 -0.543421 1.73715 -2.9428 0.517758 1.97284 -0.028527 -0.00384462 0.0249222 0.00251239 0.0279949 0.00847941 0.0380748 1.66201 0.108253 -0.628794 1.53643 -2.93869 0.490028 1.96216 -0.00298998 -0.0892171 -0.175798 0.00662667 0.000265035 -0.00219927 0.197164 0.45284 -0.422078 2.09011 1.06943 0.00295425 -0.00140594 -1.95259 -1.02506 0.796475 -0.196857 -0.000419672 8.18218e-05 -0.727009
251.513 0.109152 -0.53827 1.71617 -2.94631 0.489685 1.96444 0.0817145 -0.5488 1.76429 -2.96197 0.510895 1.95986 -0.0274379 -0.0105297 0.0481171 -0.0156616 0.02121 -0.00458385 0.0563824 1.45777 0.109583 -0.622994 1.53776 -2.93947 0.491034 1.96251 0.000430313 -0.084724 -0.178407 0.00684272 0.00134889 -0.00193215 0.197503 0.461401 -0.422916 2.09082 1.074 0.00200184 -0.00099673 -1.9525 -1.02506 0.796475 -0.196857 -0.000419672 8.18218e-05 -0.727009
251.932 0.106155 -0.536747 1.72104 -2.94773 0.489545 1.96453 0.0786305 -0.545698 1.76422 -2.96263 0.512409 1.95921 -0.0275241 -0.00895114 0.0431801 -0.0148992 0.0228641 -0.00532606 0.0519828 1.51258 0.110621 -0.616834 1.53998 -2.94051 0.492889 1.96347 0.00446675 -0.0800874 -0.181058 0.00722096 0.00334403 -0.00106212 0.198031 0.485375 -0.424169 2.09172 1.07976 0.000663056 -0.00038506 -1.95239 -1.02506 0.796475 -0.196857 -0.000419672 8.18218e-05 -0.727009
252.34 0.103908 -0.535233 1.72452 -2.94863 0.489669 1.96465 0.0771481 -0.545575 1.76634 -2.95002 0.495475 1.95447 -0.0267604 -0.010342 0.0418216 -0.0013835 0.00580669 -0.0101788 0.0507161 0.642853 0.110247 -0.611901 1.54147 -2.94115 0.494478 1.9642 0.00633876 -0.0766686 -0.183046 0.00748219 0.00480924 -0.000441673 0.198555 0.520394 -0.425176 2.09233 1.0837 -0.000277454 -0.000196086 -1.95232 -1.02506 0.796475 -0.196857 -0.000419672 8.18218e-05 -0.727009
253.178 0.099821 -0.530551 1.73163 -2.94953 0.490536 1.96502 0.0723301 -0.54393 1.78122 -2.93346 0.482586 1.96808 -0.0274909 -0.0133786 0.0495827 0.0160725 -0.00794938 0.00306436 0.0582511 0.967123 0.108853 -0.60206 1.5456 -2.94272 0.497611 1.96523 0.00903194 -0.0715087 -0.186032 0.00681319 0.00707498 0.000214131 0.199507 0.558831 -0.427579 2.09345 1.09141 -0.00159635 -0.000692112 -1.95217 -1.02506 0.796475 -0.196857 -0.000419672 8.18218e-05 -0.727009
253.603 0.0987646 -0.528408 1.73414 -2.94937 0.490941 1.96517 0.0693806 -0.53332 1.76405 -2.96411 0.518034 1.95752 -0.029384 -0.0049123 0.0299095 -0.0147383 0.0270932 -0.00765168 0.0422152 1.71965 0.108424 -0.599645 1.54795 -2.94315 0.498254 1.96534 0.00965902 -0.071237 -0.186196 0.00622134 0.00731312 0.000167927 0.199592 0.547512 -0.428582 2.09379 1.09404 -0.00165276 -0.00112299 -1.95211 -1.02506 0.796475 -0.196857 -0.000419672 8.18218e-05 -0.727009
253.965 0.0981396 -0.5265 1.73626 -2.94894 0.491203 1.96527 0.0697217 -0.538684 1.79225 -2.98219 0.510208 1.9455 -0.0284179 -0.0121846 0.0559905 -0.0332511 0.0190051 -0.0197682 0.0639608 2.00662 0.109 -0.596279 1.5492 -2.94348 0.498405 1.96513 0.01086 -0.0697792 -0.187061 0.00546182 0.00720184 -0.000145181 0.199947 0.520394 -0.429554 2.09407 1.0963 -0.00138888 -0.00150873 -1.95207 -1.02506 0.796475 -0.196857 -0.000419672 8.18218e-05 -0.727009
254.395 0.0980118 -0.52481 1.73806 -2.9482 0.491297 1.96532 0.067643 -0.531848 1.7798 -2.94493 0.505092 1.97307 -0.0303689 -0.00703771 0.0417485 0.0032692 0.0137944 0.00775451 0.0521031 0.882044 0.108352 -0.593241 1.55019 -2.944 0.498258 1.96443 0.0103403 -0.0684314 -0.187867 0.00420417 0.00696065 -0.000886156 0.200209 0.480513 -0.430499 2.09431 1.09826 -0.000747921 -0.00184596 -1.95205 -1.02506 0.796475 -0.196857 -0.000419672 8.18218e-05 -0.727009
254.857 0.0980187 -0.522455 1.74031 -2.94706 0.491471 1.96534 0.0678851 -0.526998 1.76612 -2.95032 0.50317 1.95337 -0.0301337 -0.00454283 0.0258151 -0.00326592 0.0116988 -0.0119743 0.0399386 0.912574 0.106956 -0.592622 1.55342 -2.94379 0.498645 1.96438 0.00893734 -0.0701667 -0.186893 0.00326627 0.0071739 -0.000959961 0.199831 0.465622 -0.431744 2.09458 1.10067 0.000260255 -0.00239539 -1.95206 -1.02506 0.796475 -0.196857 -0.000419672 8.18218e-05 -0.727009
255.292 0.0980287 -0.519906 1.74238 -2.946 0.491944 1.96541 0.0676567 -0.528339 1.7811 -2.93069 0.489268 1.96878 -0.030372 -0.00843217 0.0387204 0.0153135 -0.00267635 0.00337189 0.0499282 0.819005 0.106111 -0.591872 1.5565 -2.94332 0.499061 1.96465 0.00808221 -0.0719656 -0.185881 0.00268345 0.00711716 -0.000761241 0.19949 0.444994 -0.432692 2.09479 1.10267 0.00106151 -0.00318932 -1.9521 -1.02506 0.796475 -0.196857 -0.000419672 8.18218e-05 -0.727009
256.225 0.0973582 -0.514777 1.74794 -2.94419 0.49248 1.96534 0.0676588 -0.520463 1.78072 -2.92414 0.524607 1.97852 -0.0296994 -0.00568582 0.0327759 0.0200519 0.0321265 0.0131779 0.0445942 2.10561 0.102998 -0.589494 1.56361 -2.9428 0.498007 1.96437 0.00564002 -0.0747166 -0.184329 0.00139189 0.00552657 -0.000968903 0.198977 0.338041 -0.435043 2.09548 1.10858 0.00262125 -0.00429738 -1.95227 -1.02506 0.796475 -0.196857 -0.000419672 8.18218e-05 -0.727009
256.853 0.0965409 -0.513251 1.75049 -2.94388 0.492404 1.96523 0.0666321 -0.522234 1.79489 -2.94645 0.515106 1.94629 -0.0299089 -0.0089832 0.0443996 -0.00256905 0.0227025 -0.0189451 0.0542823 1.65446 0.100837 -0.589615 1.56712 -2.94279 0.497162 1.96406 0.0042956 -0.0763636 -0.183363 0.00109208 0.00475783 -0.00117059 0.198675 0.294751 -0.436147 2.09593 1.11152 0.00299513 -0.00433219 -1.95235 -1.02506 0.796475 -0.196857 -0.000419672 8.18218e-05 -0.727009
257.297 0.0952721 -0.51161 1.75318 -2.94378 0.49248 1.96516 0.0680038 -0.524411 1.81062 -2.94793 0.483085 1.95718 -0.0272683 -0.0128013 0.0574351 -0.00415357 -0.00939418 -0.00797535 0.0648554 0.673185 0.0973083 -0.588724 1.57026 -2.94307 0.496687 1.96392 0.00203621 -0.0771134 -0.182925 0.000714018 0.00420786 -0.00123584 0.198525 0.259443 -0.437328 2.09647 1.11453 0.00310042 -0.00443535 -1.95243 -1.02506 0.796475 -0.196857 -0.000419672 8.18218e-05 -0.727009
257.743 0.0932718 -0.509658 1.75667 -2.94377 0.492584 1.96508 0.0645427 -0.51276 1.78102 -2.929 0.495027 1.96928 -0.0287291 -0.00310164 0.0243469 0.0147684 0.00244241 0.00419501 0.0377856 0.774807 0.0908291 -0.587165 1.57399 -2.94336 0.496959 1.96384 -0.0024427 -0.0775074 -0.182681 0.000414798 0.00437517 -0.00124033 0.198458 0.265408 -0.439024 2.09736 1.11838 0.00311277 -0.00453475 -1.95252 -1.02506 0.796475 -0.196857 -0.000419672 8.18218e-05 -0.727009
258.069 0.0918507 -0.508728 1.75893 -2.94371 0.492472 1.96501 0.063238 -0.51791 1.81 -2.94782 0.486531 1.95664 -0.0286128 -0.00918209 0.051067 -0.00411285 -0.00594166 -0.00836976 0.0592524 0.543207 0.0869589 -0.585727 1.576 -2.94377 0.497314 1.96394 -0.00489182 -0.0769993 -0.18293 -6.38151e-05 0.00484156 -0.00106663 0.198535 0.28393 -0.440386 2.09815 1.12095 0.00324637 -0.00444983 -1.95256 -1.02506 0.796475 -0.196857 -0.000419672 8.18218e-05 -0.727009
258.532 0.0903288 -0.508168 1.76089 -2.94365 0.492279 1.96494 0.0616463 -0.51722 1.81032 -2.92731 0.503531 1.96115 -0.0286824 -0.00905236 0.0494302 0.0163398 0.0112513 -0.00379033 0.0578616 1.23828 0.083201 -0.583603 1.57702 -2.94442 0.497989 1.96445 -0.00712779 -0.075435 -0.183866 -0.000769345 0.00571003 -0.00048559 0.198866 0.329838 -0.441828 2.09905 1.12312 0.00339756 -0.00429289 -1.95258 -1.02506 0.796475 -0.196857 -0.000419672 8.18218e-05 -0.727009
258.953 0.0886308 -0.507968 1.76239 -2.94367 0.49209 1.9649 0.0600658 -0.515131 1.80855 -2.96351 0.505595 1.96012 -0.0285649 -0.00716301 0.0461541 -0.0198341 0.0135047 -0.00477625 0.0547491 1.29119 0.08046 -0.583222 1.57843 -2.94454 0.498516 1.96488 -0.00817076 -0.0752535 -0.183961 -0.000871161 0.00642542 -1.98793e-05 0.198926 0.37115 -0.443357 2.10004 1.12478 0.0034632 -0.00411173 -1.95258 -1.02506 0.796475 -0.196857 -0.000419672 8.18218e-05 -0.727009
259.287 0.0859489 -0.508131 1.76383 -2.94388 0.491901 1.9649 0.0585102 -0.51486 1.8104 -2.94988 0.487687 1.95531 -0.0274387 -0.00672864 0.0465658 -0.00599711 -0.00421446 -0.00958726 0.0544658 0.548226 0.0777964 -0.58325 1.5798 -2.94459 0.499323 1.96554 -0.00815248 -0.0751188 -0.18403 -0.000704057 0.00742212 0.000644122 0.198938 0.430693 -0.445537 2.10151 1.12627 0.00332582 -0.00386521 -1.95254 -1.02506 0.796475 -0.196857 -0.000419672 8.18218e-05 -0.727009
259.596 0.0837046 -0.508344 1.76467 -2.94408 0.491855 1.96495 0.0569113 -0.514705 1.80985 -2.94969 0.488546 1.95511 -0.0267934 -0.00636104 0.045178 -0.00560391 -0.00330946 -0.0098403 0.0529093 0.535223 0.0761557 -0.584197 1.58106 -2.94415 0.499783 1.96597 -0.00754899 -0.0758523 -0.183606 -6.18408e-05 0.00792804 0.00102386 0.1988 0.457996 -0.447275 2.10271 1.12703 0.00312574 -0.00375543 -1.95249 -1.02506 0.796475 -0.196857 -0.000419672 8.18218e-05 -0.727009
259.954 0.0812248 -0.507981 1.76548 -2.9442 0.492241 1.96512 0.0537485 -0.514686 1.80978 -2.9509 0.489017 1.95421 -0.0274763 -0.00670477 0.0443008 -0.0066959 -0.00322355 -0.0109114 0.0525591 0.588174 0.0747918 -0.585072 1.58258 -2.94361 0.500242 1.96619 -0.00643296 -0.0770911 -0.182899 0.000591862 0.00800138 0.00106543 0.198586 0.461401 -0.449096 2.10399 1.12744 0.00279917 -0.00407224 -1.95241 -1.02506 0.796475 -0.196857 -0.000419672 8.18218e-05 -0.727009
260.383 0.0775763 -0.507258 1.76617 -2.94434 0.493154 1.96546 0.0505888 -0.512962 1.80922 -2.94678 0.524011 1.96205 -0.0269875 -0.00570347 0.0430508 -0.00243493 0.0308569 -0.00340976 0.0511295 1.77674 0.0720978 -0.583402 1.58269 -2.94307 0.500876 1.96632 -0.00547843 -0.0761436 -0.183483 0.00127622 0.00772172 0.000858082 0.198731 0.447624 -0.451624 2.10582 1.12722 0.00219203 -0.0048676 -1.9523 -1.02506 0.796475 -0.196857 -0.000419672 8.18218e-05 -0.727009
260.692 0.0747207 -0.508076 1.76589 -2.94472 0.493359 1.96562 0.047428 -0.512948 1.80917 -2.94805 0.524491 1.96108 -0.0272928 -0.004872 0.0432765 -0.00333054 0.0311312 -0.00454029 0.0513954 1.79929 0.0695765 -0.581947 1.58107 -2.94294 0.50075 1.96595 -0.00514422 -0.0738707 -0.184822 0.00177796 0.00739019 0.00033215 0.199104 0.43341 -0.453565 2.1073 1.12645 0.00169099 -0.00492971 -1.9522 -1.02506 0.796475 -0.196857 -0.000419672 8.18218e-05 -0.727009
261.154 0.0715686 -0.510029 1.765 -2.94545 0.493208 1.96571 0.0454159 -0.519085 1.82531 -2.93439 0.473819 1.96728 -0.0261527 -0.00905569 0.060306 0.0110637 -0.0193894 0.00157375 0.0663534 1.26145 0.0674652 -0.580781 1.57837 -2.94342 0.500829 1.96594 -0.0041034 -0.0707522 -0.186627 0.00203045 0.00762102 0.000236476 0.199631 0.45024 -0.455525 2.10888 1.12522 0.00100997 -0.00454264 -1.95209 -1.02506 0.796475 -0.196857 -0.000419672 8.18218e-05 -0.727009
261.538 0.0669795 -0.513949 1.76319 -2.94694 0.492577 1.96575 0.0396588 -0.507859 1.78015 -2.93315 0.533477 1.9709 -0.0273207 0.00608916 0.0169598 0.0137878 0.0408997 0.00514529 0.0327282 2.44409 0.0629828 -0.580941 1.57441 -2.94448 0.500845 1.9662 -0.00399672 -0.0669927 -0.188781 0.002465 0.0082683 0.000444885 0.200355 0.491783 -0.458137 2.11109 1.12319 -0.000206684 -0.00345412 -1.95192 -1.02506 0.796475 -0.196857 -0.000419672 8.18218e-05 -0.727009
261.923 0.063504 -0.517385 1.76165 -2.94821 0.491903 1.96575 0.036371 -0.521072 1.81 -2.95941 0.488784 1.94849 -0.027133 -0.00368651 0.048349 -0.0112032 -0.00311823 -0.0172661 0.0555645 0.907844 0.0608667 -0.583221 1.57224 -2.94489 0.500771 1.96732 -0.00263725 -0.0658363 -0.189413 0.00331977 0.00886822 0.00156993 0.200546 0.535223 -0.460071 2.11278 1.12161 -0.00117429 -0.00240167 -1.95179 -1.02506 0.796475 -0.196857 -0.000419672 8.18218e-05 -0.727009
262.783 0.0574077 -0.5235 1.75885 -2.95013 0.490701 1.96583 0.0284686 -0.528693 1.80898 -2.95835 0.521792 1.95381 -0.0289391 -0.00519298 0.0501235 -0.00822114 0.0310909 -0.0120177 0.0581102 1.88533 0.0571534 -0.588346 1.56895 -2.94491 0.49846 1.9689 -0.000254325 -0.0648457 -0.189904 0.00521208 0.00775882 0.00306864 0.20067 0.517377 -0.463801 2.11603 1.11861 -0.00261474 -0.000642122 -1.95149 -1.02506 0.796475 -0.196857 -0.000419672 8.18218e-05 -0.727009
263.226 0.0535549 -0.525981 1.75769 -2.95112 0.490536 1.96602 0.0263103 -0.537053 1.82404 -2.96028 0.488234 1.96473 -0.0272445 -0.0110721 0.0663501 -0.00916047 -0.0023022 -0.00129248 0.0725754 0.512055 0.0554509 -0.591727 1.56833 -2.94544 0.496523 1.9691 0.001896 -0.0657462 -0.18936 0.00567926 0.0059874 0.00308046 0.200458 0.447624 -0.466144 2.11799 1.11704 -0.00359358 -0.000151997 -1.95129 -1.02506 0.796475 -0.196857 -0.000419672 8.18218e-05 -0.727009
263.575 0.0505612 -0.526462 1.75744 -2.95175 0.491042 1.9663 0.0219437 -0.529772 1.79388 -2.94251 0.498604 1.97561 -0.0286175 -0.00331068 0.0364428 0.00924291 0.0075624 0.00931411 0.0464542 0.69605 0.0554041 -0.59487 1.56963 -2.94592 0.496009 1.96972 0.00484289 -0.0684082 -0.187808 0.0058346 0.00496758 0.00342304 0.199938 0.411169 -0.467796 2.1193 1.11622 -0.00449424 -0.000402704 -1.95115 -1.02506 0.796475 -0.196857 -0.000419672 8.18218e-05 -0.727009
264.031 0.0476972 -0.525453 1.75777 -2.95211 0.492219 1.9667 0.0188027 -0.530768 1.79457 -2.92643 0.514872 1.97811 -0.0288945 -0.0053145 0.0368073 0.0256838 0.0226537 0.0114056 0.0470948 1.83013 0.0556037 -0.596879 1.5717 -2.94582 0.495734 1.97051 0.00790652 -0.0714256 -0.186072 0.00629218 0.00351562 0.00380203 0.199466 0.378459 -0.469325 2.12049 1.11561 -0.00542979 -0.00137103 -1.95102 -1.02506 0.796475 -0.196857 -0.000419672 8.18218e-05 -0.727009
264.388 0.0442711 -0.523366 1.75855 -2.95236 0.494057 1.96728 0.0167224 -0.538077 1.82483 -2.94821 0.471707 1.95799 -0.0275487 -0.0147111 0.066283 0.00414742 -0.0223491 -0.00929503 0.073272 1.44834 0.0554163 -0.598027 1.57433 -2.94512 0.495479 1.97118 0.0111452 -0.0746608 -0.184221 0.00723744 0.00142229 0.00390429 0.199088 0.375344 -0.471097 2.1219 1.11502 -0.00656474 -0.00297641 -1.95087 -1.02506 0.796475 -0.196857 -0.000419672 8.18218e-05 -0.727009
264.817 0.0422145 -0.522022 1.75916 -2.95243 0.495224 1.96763 0.0126729 -0.531846 1.80895 -2.96518 0.522902 1.94866 -0.0295416 -0.00982437 0.0497872 -0.0127522 0.0276779 -0.0189744 0.0587196 1.85899 0.0539147 -0.600651 1.57723 -2.94448 0.495515 1.97143 0.0117002 -0.078629 -0.181931 0.00795472 0.000291005 0.0038011 0.19854 0.401538 -0.472173 2.12287 1.11471 -0.00719743 -0.00402846 -1.95078 -1.02506 0.796475 -0.196857 -0.000419672 8.18218e-05 -0.727009
265.197 0.0408513 -0.520557 1.75991 -2.95215 0.496334 1.96794 0.0103482 -0.534874 1.82478 -2.95008 0.473649 1.95646 -0.0305031 -0.0143169 0.0648676 0.00207148 -0.0226852 -0.0114761 0.0730973 1.48622 0.0525708 -0.60189 1.57954 -2.94354 0.495759 1.97146 0.0117196 -0.081333 -0.180376 0.00861131 -0.000575207 0.00351869 0.198212 0.436111 -0.472994 2.12379 1.11449 -0.00745849 -0.00514953 -1.95072 -1.02506 0.796475 -0.196857 -0.000419672 8.18218e-05 -0.727009
265.635 0.0401315 -0.518611 1.76103 -2.95124 0.497681 1.96828 0.00858594 -0.519261 1.77929 -2.96624 0.518179 1.95612 -0.0315455 -0.000650019 0.018256 -0.0150077 0.020498 -0.0121601 0.0364531 1.42161 0.0505709 -0.604393 1.58322 -2.94203 0.496515 1.97137 0.0104394 -0.0857822 -0.177812 0.00920423 -0.00116628 0.0030957 0.197698 0.473953 -0.473659 2.125 1.11422 -0.0072169 -0.00670682 -1.95069 -1.02506 0.796475 -0.196857 -0.000419672 8.18218e-05 -0.727009
266.068 0.0400132 -0.517577 1.76187 -2.95051 0.498504 1.96844 0.00857133 -0.517129 1.77995 -2.94767 0.534883 1.96002 -0.0314418 0.000447842 0.0180757 0.00283649 0.0363794 -0.00842602 0.0362701 2.16374 0.0486603 -0.607106 1.58622 -2.94136 0.497302 1.97134 0.00864713 -0.0895294 -0.175654 0.00915171 -0.00120146 0.00289865 0.197343 0.473126 -0.473824 2.12595 1.11403 -0.00689265 -0.00770798 -1.9507 -1.02506 0.796475 -0.196857 -0.000419672 8.18218e-05 -0.727009
266.415 0.0401829 -0.517223 1.76269 -2.94987 0.499023 1.96851 0.0078478 -0.520358 1.79384 -2.94733 0.504223 1.97168 -0.0323351 -0.00313478 0.0311491 0.00254057 0.00520034 0.00317018 0.0450073 0.342641 0.0474468 -0.609479 1.58861 -2.94141 0.497655 1.97109 0.00726383 -0.0922558 -0.174074 0.00846326 -0.00136761 0.00258638 0.197144 0.441462 -0.473703 2.12697 1.11391 -0.00649992 -0.00840268 -1.95075 -1.02506 0.796475 -0.196857 -0.000419672 8.18218e-05 -0.727009
266.892 0.0403666 -0.518098 1.76338 -2.94964 0.499017 1.96843 0.00867033 -0.524434 1.80794 -2.92646 0.488465 1.98817 -0.0316963 -0.00633616 0.0445569 0.0231823 -0.0105523 0.0197416 0.0550465 1.40889 0.0465677 -0.611954 1.59024 -2.9423 0.497389 1.97047 0.00620111 -0.0938567 -0.173142 0.00734305 -0.00162829 0.00204197 0.197042 0.390671 -0.473301 2.1281 1.11397 -0.00624345 -0.0084748 -1.95082 -1.02506 0.796475 -0.196857 -0.000419672 8.18218e-05 -0.727009
267.39 0.0407231 -0.52082 1.76436 -2.94984 0.498301 1.96812 0.00857133 -0.517129 1.77995 -2.94767 0.534883 1.96002 -0.0321518 0.00369128 0.0155915 0.00216917 0.0365816 -0.00810585 0.0359229 2.16356 0.0459626 -0.614138 1.5909 -2.94422 0.496312 1.96951 0.00523953 -0.0933173 -0.173461 0.00562553 -0.00198926 0.00138352 0.197039 0.314035 -0.472342 2.12977 1.11448 -0.00603592 -0.00774873 -1.95095 -1.02506 0.796475 -0.196857 -0.000419672 8.18218e-05 -0.727009
267.787 0.0408561 -0.524325 1.76498 -2.95059 0.497137 1.96773 0.00941246 -0.523493 1.79384 -2.94634 0.502605 1.97241 -0.0314436 0.000832809 0.0288608 0.00425167 0.00546775 0.00467954 0.0426889 0.408304 0.0453685 -0.617043 1.59117 -2.9467 0.494896 1.96845 0.00451242 -0.0927175 -0.173808 0.00389016 -0.00224072 0.000721682 0.197044 0.243893 -0.471324 2.13113 1.11515 -0.00615271 -0.00642015 -1.95106 -1.02506 0.796475 -0.196857 -0.000419672 8.18218e-05 -0.727009
268.207 0.0409912 -0.528279 1.76565 -2.95157 0.495818 1.9673 0.00940057 -0.527616 1.79451 -2.92961 0.517389 1.97549 -0.0315906 0.000663335 0.0288691 0.0219587 0.0215713 0.00819113 0.0427999 1.6606 0.0455615 -0.619832 1.59117 -2.94879 0.493499 1.96789 0.0045703 -0.091553 -0.174475 0.00277953 -0.0023189 0.000586779 0.197089 0.197824 -0.47007 2.13252 1.11597 -0.00641887 -0.0048685 -1.95118 -1.02506 0.796475 -0.196857 -0.000419672 8.18218e-05 -0.727009
268.674 0.0412865 -0.533057 1.76687 -2.95291 0.494366 1.9668 0.00951391 -0.535009 1.80896 -2.96695 0.522233 1.94742 -0.0317726 -0.00195207 0.0420948 -0.0140371 0.0278668 -0.0193799 0.0527757 1.88679 0.0457681 -0.623648 1.59185 -2.95094 0.491956 1.96773 0.00448155 -0.0905914 -0.175017 0.0019701 -0.00241074 0.000935011 0.197124 0.170174 -0.468051 2.13435 1.11721 -0.0069446 -0.00307119 -1.95134 -1.02506 0.796475 -0.196857 -0.000419672 8.18218e-05 -0.727009
269.374 0.0434568 -0.539829 1.76902 -2.95418 0.492071 1.96603 0.0103559 -0.54722 1.82337 -2.9455 0.504518 1.96433 -0.0331009 -0.00739174 0.0543528 0.00867637 0.0124474 -0.00170616 0.0640666 0.900921 0.0469932 -0.628439 1.59288 -2.95237 0.488974 1.96786 0.00353642 -0.0886109 -0.176142 0.00180846 -0.00309655 0.00182793 0.197206 0.207479 -0.464316 2.13679 1.11935 -0.00698502 -0.000522793 -1.95158 -1.02506 0.796475 -0.196857 -0.000419672 8.18218e-05 -0.727009
269.841 0.0466175 -0.544549 1.77042 -2.95428 0.489994 1.96538 0.0135678 -0.551424 1.82414 -2.96639 0.48548 1.96023 -0.0330497 -0.00687532 0.0537284 -0.0121117 -0.00451383 -0.00515389 0.0634531 0.666172 0.0499278 -0.631961 1.59361 -2.95216 0.486181 1.9676 0.00331029 -0.0874125 -0.176804 0.00211556 -0.00381287 0.00222152 0.19726 0.253338 -0.461421 2.13807 1.12103 -0.0060632 0.00141818 -1.95175 -1.02506 0.796475 -0.196857 -0.000419672 8.18218e-05 -0.727009
270.215 0.0494827 -0.547369 1.77167 -2.95404 0.488608 1.96493 0.0156686 -0.546432 1.79454 -2.93041 0.509988 1.9758 -0.0338141 0.000937399 0.0228654 0.0236349 0.0213803 0.010862 0.0408301 1.70731 0.052619 -0.635773 1.59545 -2.95144 0.484167 1.96729 0.00313627 -0.0884039 -0.176221 0.00260349 -0.00444101 0.00235861 0.197178 0.29342 -0.459102 2.13879 1.12247 -0.0051556 0.00261852 -1.95188 -1.02506 0.796475 -0.196857 -0.000419672 8.18218e-05 -0.727009
270.597 0.052652 -0.549169 1.77321 -2.95353 0.487581 1.96458 0.0189821 -0.552163 1.80822 -2.96486 0.515201 1.94919 -0.03367 -0.00299412 0.035004 -0.0113316 0.0276194 -0.0153888 0.0486612 1.77564 0.0535682 -0.638122 1.5973 -2.95053 0.482702 1.96676 0.000916206 -0.088953 -0.17591 0.00300033 -0.0048792 0.00218572 0.197124 0.321425 -0.45671 2.13926 1.12405 -0.0041502 0.00338945 -1.952 -1.02506 0.796475 -0.196857 -0.000419672 8.18218e-05 -0.727009
271.441 0.061574 -0.549339 1.77763 -2.95079 0.486481 1.96403 0.0263029 -0.558815 1.82484 -2.94412 0.497901 1.96701 -0.0352711 -0.0094756 0.0472026 0.00666899 0.0114199 0.00297572 0.0596818 0.735951 0.0548767 -0.640174 1.60279 -2.94779 0.481854 1.96521 -0.00669726 -0.0908344 -0.174841 0.00299642 -0.00462737 0.00117226 0.197142 0.306467 -0.45109 2.1394 1.128 -0.000939516 0.00347744 -1.95225 -1.02506 0.796475 -0.196857 -0.000419672 8.18218e-05 -0.727009
271.814 0.0657018 -0.548695 1.77965 -2.94939 0.48608 1.96384 0.0318484 -0.571482 1.87176 -2.94394 0.43519 1.96456 -0.0338534 -0.0227878 0.0921068 0.00545639 -0.0508899 0.000726897 0.100742 2.93078 0.0543622 -0.640651 1.60547 -2.94692 0.481921 1.96466 -0.0113395 -0.0919563 -0.174184 0.00247511 -0.00415921 0.000824101 0.197293 0.269795 -0.448777 2.13909 1.12998 0.000606884 0.00337491 -1.95234 -1.02506 0.796475 -0.196857 -0.000419672 8.18218e-05 -0.727009
272.286 0.069644 -0.547272 1.78197 -2.948 0.485937 1.96371 0.0358658 -0.555661 1.82495 -2.93999 0.497563 1.97004 -0.0337781 -0.00838942 0.0429749 0.00801079 0.0116264 0.00632742 0.0553009 0.792782 0.0530143 -0.641903 1.60935 -2.94649 0.482428 1.9642 -0.0166297 -0.0946312 -0.17262 0.00151004 -0.00350855 0.000487132 0.197558 0.214891 -0.44659 2.1386 1.13226 0.00202604 0.00303557 -1.95241 -1.02506 0.796475 -0.196857 -0.000419672 8.18218e-05 -0.727009
272.678 0.074456 -0.543916 1.78565 -2.94615 0.486292 1.96371 0.040536 -0.561756 1.85571 -2.95642 0.48806 1.95928 -0.03392 -0.0178397 0.0700647 -0.010266 0.00176826 -0.00442709 0.0798616 0.53008 0.0519921 -0.640943 1.61445 -2.9461 0.483601 1.96408 -0.0224639 -0.0970264 -0.171194 4.63305e-05 -0.00269099 0.000374529 0.198056 0.155766 -0.443942 2.13771 1.1358 0.00365366 0.00208081 -1.95248 -1.02506 0.796475 -0.196857 -0.000419672 8.18218e-05 -0.727009
273.094 0.0777098 -0.540995 1.78863 -2.9449 0.486631 1.96375 0.0442246 -0.553664 1.83955 -2.97414 0.504314 1.94457 -0.0334852 -0.0126688 0.0509137 -0.0292448 0.0176834 -0.019182 0.0622412 1.81402 0.05174 -0.639128 1.61812 -2.94582 0.484371 1.96421 -0.0259698 -0.0981323 -0.170515 -0.000919567 -0.00225954 0.000450827 0.198443 0.14537 -0.442197 2.13691 1.13882 0.00469132 0.00134537 -1.9525 -1.02506 0.796475 -0.196857 -0.000419672 8.18218e-05 -0.727009
273.559 0.0804897 -0.538202 1.79166 -2.94396 0.486848 1.96381 0.0486553 -0.555457 1.85633 -2.95324 0.488389 1.96178 -0.0318345 -0.017255 0.0646722 -0.00927857 0.00154055 -0.00203291 0.0741192 0.495746 0.0508156 -0.637774 1.62202 -2.94551 0.484694 1.96428 -0.0296742 -0.0995724 -0.16964 -0.00155046 -0.00215429 0.000469895 0.19893 0.160713 -0.440684 2.13606 1.14213 0.00547725 0.000826265 -1.9525 -1.02506 0.796475 -0.196857 -0.000419672 8.18218e-05 -0.727009
274.099 0.0836639 -0.534863 1.79572 -2.94303 0.486807 1.96384 0.0506376 -0.545104 1.8405 -2.95412 0.488787 1.94343 -0.0330263 -0.0102403 0.0447758 -0.0110821 0.00197956 -0.0204092 0.0565727 1.04268 0.0501226 -0.635424 1.62671 -2.94472 0.484636 1.9642 -0.0335413 -0.100561 -0.169013 -0.0016885 -0.00217179 0.000357179 0.199506 0.165511 -0.439058 2.13486 1.14697 0.00634478 0.000550623 -1.95246 -1.02506 0.796475 -0.196857 -0.000419672 8.18218e-05 -0.727009
274.455 0.0856144 -0.532343 1.79889 -2.94251 0.486688 1.96386 0.0535053 -0.545609 1.85592 -2.94899 0.49147 1.9642 -0.0321091 -0.0132662 0.057033 -0.00647863 0.00478164 0.000334148 0.0667814 0.468972 0.0503976 -0.631638 1.62918 -2.944 0.484684 1.96418 -0.0352169 -0.0992951 -0.16971 -0.00149197 -0.00200462 0.00031979 0.199753 0.148038 -0.438154 2.13395 1.15091 0.00686443 0.000483933 -1.95242 -1.02506 0.796475 -0.196857 -0.000419672 8.18218e-05 -0.727009
274.892 0.0871771 -0.530532 1.80182 -2.94228 0.486178 1.96381 0.0549988 -0.533453 1.82532 -2.92884 0.502054 1.97752 -0.0321783 -0.0029205 0.0234935 0.013444 0.0158761 0.0137061 0.0399489 1.20982 0.0508162 -0.629353 1.63187 -2.94345 0.484413 1.96412 -0.0363609 -0.0988206 -0.169955 -0.00116687 -0.00176451 0.000313419 0.199931 0.128204 -0.437536 2.13303 1.15497 0.00727493 0.00087822 -1.95236 -1.02506 0.796475 -0.196857 -0.000419672 8.18218e-05 -0.727009
275.356 0.088243 -0.529205 1.80445 -2.94234 0.485452 1.96372 0.0570797 -0.534431 1.83971 -2.96615 0.508969 1.94994 -0.0311634 -0.00522682 0.0352585 -0.0238098 0.0235171 -0.0137833 0.047346 1.80905 0.0525554 -0.626728 1.63375 -2.94306 0.484011 1.96406 -0.0356876 -0.0975234 -0.170702 -0.000718332 -0.00144077 0.000342202 0.199809 0.0969133 -0.437219 2.1321 1.15893 0.00750596 0.00156693 -1.95229 -1.02506 0.796475 -0.196857 -0.000419672 8.18218e-05 -0.727009
275.722 0.0884849 -0.526873 1.80768 -2.9428 0.484954 1.96373 0.0588664 -0.541215 1.87164 -2.9697 0.481302 1.93331 -0.0296185 -0.0143421 0.0639538 -0.0268977 -0.00365216 -0.0304173 0.0719238 1.72056 0.0544319 -0.623072 1.6362 -2.94313 0.483716 1.96415 -0.0340529 -0.0961991 -0.171481 -0.000328912 -0.00123743 0.000425966 0.199548 0.0791294 -0.437285 2.13081 1.16378 0.00723625 0.00218275 -1.95219 -1.02506 0.796475 -0.196857 -0.000419672 8.18218e-05 -0.727009
276.142 0.0876081 -0.524644 1.80982 -2.94354 0.485022 1.96384 0.0602057 -0.5429 1.88893 -2.94749 0.465216 1.95015 -0.0274024 -0.0182559 0.0791145 -0.00395646 -0.0198053 -0.0136971 0.085693 1.33881 0.0551726 -0.619316 1.63741 -2.94373 0.48376 1.96428 -0.0324355 -0.0946719 -0.172404 -0.000188823 -0.00126162 0.00043687 0.199344 0.0791294 -0.437695 2.12977 1.16697 0.00646401 0.00236825 -1.95211 -1.02506 0.796475 -0.196857 -0.000419672 8.18218e-05 -0.727009
276.885 0.0832207 -0.519351 1.81334 -2.94625 0.485656 1.96434 0.0538583 -0.524132 1.84019 -2.94443 0.529597 1.95471 -0.0293624 -0.00478087 0.0268549 0.00181782 0.0439407 -0.00962077 0.0400774 2.59012 0.054784 -0.614455 1.64106 -2.94615 0.483955 1.96458 -0.0284368 -0.0951042 -0.17228 9.52598e-05 -0.0017014 0.000247854 0.198831 0.0969133 -0.439684 2.12705 1.17297 0.00345652 0.00270001 -1.95181 -1.02506 0.796475 -0.196857 -0.000419672 8.18218e-05 -0.727009
277.328 0.0813005 -0.516542 1.81433 -2.94715 0.486176 1.96466 0.053497 -0.525472 1.85634 -2.92513 0.515195 1.97041 -0.0278035 -0.00892934 0.0420096 0.022014 0.0290186 0.00575171 0.0511622 2.01616 0.0545703 -0.61232 1.64239 -2.9472 0.484223 1.96474 -0.0267302 -0.0957774 -0.171935 -5.86985e-05 -0.00195279 7.94143e-05 0.198619 0.111906 -0.440879 2.1257 1.1749 0.00227835 0.0025236 -1.95164 -1.02506 0.796475 -0.196857 -0.000419672 8.18218e-05 -0.727009
277.723 0.0794815 -0.514004 1.8148 -2.94797 0.48655 1.96497 0.0502387 -0.521056 1.85508 -2.94492 0.500238 1.96564 -0.0292428 -0.00705234 0.0402782 0.00305176 0.0136882 0.000671671 0.0502713 0.800642 0.0547858 -0.608863 1.6423 -2.94829 0.484278 1.96487 -0.0246956 -0.0948595 -0.172498 -0.000325743 -0.00227147 -0.00010139 0.198403 0.131221 -0.442219 2.12422 1.17643 0.0012272 0.0024574 -1.95144 -1.02506 0.796475 -0.196857 -0.000419672 8.18218e-05 -0.727009
278.158 0.0773582 -0.511389 1.81454 -2.94898 0.486622 1.96531 0.0486554 -0.519798 1.85638 -2.94727 0.500096 1.96473 -0.0287028 -0.00840839 0.0418361 0.00170098 0.0134742 -0.000582144 0.0514277 0.780845 0.0557529 -0.604608 1.64107 -2.9495 0.484379 1.96508 -0.0216053 -0.0932185 -0.173471 -0.000524878 -0.002243 -0.000232161 0.198113 0.131221 -0.44417 2.12204 1.17785 8.35451e-05 0.00273292 -1.95116 -1.02506 0.796475 -0.196857 -0.000419672 8.18218e-05 -0.727009
278.48 0.0757775 -0.509367 1.81394 -2.9497 0.486705 1.96558 0.0470195 -0.516403 1.85583 -2.94649 0.50206 1.96482 -0.028758 -0.00703687 0.0418843 0.0032093 0.0153549 -0.000762818 0.0512916 0.903956 0.0564476 -0.601416 1.63978 -2.95016 0.484967 1.96543 -0.0193299 -0.0920497 -0.17416 -0.00046178 -0.00173804 -0.000148113 0.197935 0.100871 -0.445722 2.12022 1.17854 -0.000755889 0.00290065 -1.95094 -1.02506 0.796475 -0.196857 -0.000419672 8.18218e-05 -0.727009
278.923 0.0740042 -0.506894 1.81322 -2.95047 0.487051 1.96591 0.0437566 -0.514546 1.85497 -2.94628 0.503367 1.96434 -0.0302476 -0.00765249 0.0417514 0.00418251 0.0163164 -0.00157195 0.0521215 0.979987 0.057987 -0.5984 1.63874 -2.95095 0.485943 1.96588 -0.0160172 -0.0915059 -0.174479 -0.000487198 -0.00110837 -2.99265e-05 0.197668 0.068528 -0.44732 2.11822 1.17902 -0.0017711 0.0028423 -1.95073 -1.02506 0.796475 -0.196857 -0.000419672 8.18218e-05 -0.727009
279.338 0.0723457 -0.503874 1.81243 -2.9511 0.487574 1.96628 0.0437241 -0.520508 1.88856 -2.97225 0.455969 1.94294 -0.0286216 -0.0166341 0.0761303 -0.0211552 -0.0316049 -0.0233401 0.0830164 2.25012 0.0594154 -0.595222 1.63784 -2.95167 0.487278 1.96627 -0.0129303 -0.091348 -0.174588 -0.000572344 -0.000296503 -1.2746e-05 0.197465 0.0395647 -0.448931 2.11605 1.17941 -0.00271286 0.00257573 -1.95051 -1.02506 0.796475 -0.196857 -0.000419672 8.18218e-05 -0.727009
279.739 0.0708183 -0.499279 1.81141 -2.95149 0.488308 1.96677 0.0416854 -0.513356 1.87141 -2.94693 0.470786 1.97568 -0.029133 -0.0140776 0.0600043 0.00455704 -0.0175223 0.00890861 0.068172 1.10181 0.0639958 -0.590402 1.63669 -2.95218 0.488694 1.96669 -0.0068225 -0.0911231 -0.174712 -0.000688316 0.000386445 -8.15334e-05 0.197165 0.0395647 -0.451041 2.11286 1.17999 -0.0035683 0.0020332 -1.95023 -1.02506 0.796475 -0.196857 -0.000419672 8.18218e-05 -0.727009
280.207 0.0701085 -0.495529 1.81073 -2.95155 0.488818 1.96711 0.0405351 -0.503411 1.85574 -2.94676 0.507398 1.96407 -0.0295734 -0.007882 0.04501 0.00478972 0.01858 -0.00303741 0.0544299 1.13332 0.0667889 -0.585734 1.63549 -2.95228 0.48961 1.96703 -0.00331959 -0.0902049 -0.175231 -0.000726876 0.000792403 -8.08308e-05 0.197114 0.0625573 -0.45256 2.11025 1.18062 -0.00396779 0.00158578 -1.95003 -1.02506 0.796475 -0.196857 -0.000419672 8.18218e-05 -0.727009
280.634 0.0696417 -0.491561 1.81017 -2.95153 0.489298 1.96741 0.0404313 -0.508835 1.88801 -2.96677 0.497515 1.95134 -0.0292104 -0.0172738 0.0778396 -0.0152407 0.00821702 -0.0160675 0.0849155 1.03439 0.0691277 -0.581247 1.63465 -2.95222 0.490364 1.96735 -0.000514047 -0.0896857 -0.175521 -0.000687864 0.00106599 -5.42521e-05 0.197107 0.0740187 -0.454003 2.10749 1.18146 -0.00425384 0.00113443 -1.94986 -1.02506 0.796475 -0.196857 -0.000419672 8.18218e-05 -0.727009
281.054 0.0698275 -0.485965 1.80962 -2.95107 0.489782 1.96771 0.0389264 -0.497067 1.85626 -2.94713 0.509197 1.96389 -0.0309011 -0.0111018 0.0466454 0.00394287 0.0194145 -0.00382012 0.0570431 1.17636 0.0698658 -0.575664 1.6341 -2.95161 0.491231 1.96778 3.83758e-05 -0.0896994 -0.175519 -0.000531239 0.00144845 6.91689e-05 0.197111 0.0884693 -0.455783 2.10356 1.18292 -0.00414207 0.000534207 -1.94969 -1.02506 0.796475 -0.196857 -0.000419672 8.18218e-05 -0.727009
281.502 0.0708375 -0.481137 1.80942 -2.95013 0.490197 1.9679 0.0389188 -0.492681 1.85505 -2.96554 0.493561 1.96049 -0.0319186 -0.0115442 0.0456216 -0.0154102 0.0033645 -0.00741156 0.056863 0.801619 0.0705263 -0.572365 1.63479 -2.95086 0.491878 1.96805 -0.000311108 -0.0912281 -0.174638 -0.000730383 0.00168187 0.000146843 0.197031 0.108352 -0.457008 2.10047 1.18419 -0.0034809 -0.000173395 -1.9496 -1.02506 0.796475 -0.196857 -0.000419672 8.18218e-05 -0.727009
281.834 0.0720927 -0.475554 1.80946 -2.94892 0.490888 1.9681 0.0405411 -0.486211 1.85509 -2.96479 0.495856 1.96097 -0.0315515 -0.0106572 0.045629 -0.0158706 0.00496863 -0.00713478 0.0564897 0.850418 0.0720255 -0.568488 1.63579 -2.95009 0.492546 1.96825 -6.71427e-05 -0.0929348 -0.173665 -0.00117057 0.00165831 0.000148155 0.196968 0.118694 -0.45815 2.09728 1.18555 -0.00267939 -0.00122091 -1.94956 -1.02506 0.796475 -0.196857 -0.000419672 8.18218e-05 -0.727009
282.248 0.0736866 -0.467523 1.80971 -2.9473 0.492116 1.96838 0.0416852 -0.483941 1.87144 -2.94188 0.480461 1.97806 -0.0320014 -0.0164186 0.0617286 0.0054166 -0.0116553 0.00967954 0.0714429 0.829923 0.0719226 -0.562605 1.63728 -2.94935 0.493553 1.96848 -0.00176404 -0.0950827 -0.17243 -0.00205039 0.00143704 0.000105834 0.196916 0.14537 -0.459568 2.09295 1.18746 -0.00170687 -0.00290672 -1.94956 -1.02506 0.796475 -0.196857 -0.000419672 8.18218e-05 -0.727009
282.704 0.074181 -0.461284 1.81005 -2.94653 0.493314 1.96861 0.0437816 -0.47326 1.85513 -2.96134 0.499816 1.96298 -0.0303995 -0.0119759 0.0450771 -0.0148062 0.00650212 -0.00562328 0.0556731 0.837901 0.0708597 -0.557518 1.63828 -2.94946 0.494447 1.96868 -0.00332131 -0.096234 -0.171771 -0.00292422 0.00113281 7.71342e-05 0.19692 0.181308 -0.460561 2.08972 1.18897 -0.00150487 -0.00427182 -1.94959 -1.02506 0.796475 -0.196857 -0.000419672 8.18218e-05 -0.727009
283.141 0.0742644 -0.455149 1.81048 -2.94608 0.494591 1.96884 0.0449531 -0.469214 1.87138 -2.93906 0.484591 1.97995 -0.0293113 -0.0140655 0.0608986 0.00701291 -0.00999903 0.0111078 0.0690335 0.808909 0.0706308 -0.553416 1.63989 -2.94957 0.495562 1.9689 -0.00363351 -0.0982677 -0.170588 -0.00349255 0.000971244 6.4984e-05 0.196901 0.209357 -0.461484 2.08656 1.19055 -0.0016192 -0.00560402 -1.94964 -1.02506 0.796475 -0.196857 -0.000419672 8.18218e-05 -0.727009
283.576 0.0741653 -0.449 1.81096 -2.94573 0.495996 1.96909 0.0437763 -0.458044 1.8558 -2.93742 0.522598 1.96913 -0.030389 -0.00904341 0.0448446 0.00831328 0.0266012 3.36238e-05 0.054921 1.59643 0.0697735 -0.549353 1.64159 -2.94998 0.496792 1.96916 -0.00439177 -0.100353 -0.16937 -0.00424696 0.000795956 6.73566e-05 0.196917 0.24866 -0.462316 2.08351 1.19208 -0.00189451 -0.00701759 -1.94969 -1.02506 0.796475 -0.196857 -0.000419672 8.18218e-05 -0.727009
284.075 0.0741489 -0.441626 1.8113 -2.94534 0.497677 1.96939 0.0437762 -0.451561 1.85581 -2.93623 0.524887 1.96974 -0.0303727 -0.00993512 0.0445068 0.00911312 0.0272097 0.000355246 0.0547911 1.64116 0.0679838 -0.543826 1.64302 -2.95018 0.498243 1.96942 -0.00616505 -0.1022 -0.168286 -0.00484535 0.000566052 3.45557e-05 0.196984 0.279765 -0.46324 2.07968 1.19373 -0.00223579 -0.00870133 -1.94976 -1.02506 0.796475 -0.196857 -0.000419672 8.18218e-05 -0.727009
284.503 0.074483 -0.437066 1.81121 -2.94499 0.498606 1.96954 0.0437761 -0.445078 1.85581 -2.93502 0.527187 1.97037 -0.0307069 -0.00801173 0.0446038 0.00996845 0.0285811 0.000828244 0.0547412 1.72737 0.0665109 -0.541133 1.64402 -2.95039 0.498921 1.96952 -0.00797202 -0.104067 -0.167185 -0.00539982 0.000314371 -1.99954e-05 0.197089 0.30901 -0.463763 2.07703 1.1946 -0.00229474 -0.00967722 -1.94982 -1.02506 0.796475 -0.196857 -0.000419672 8.18218e-05 -0.727009
285.408 0.0772489 -0.430404 1.80982 -2.94359 0.499182 1.96958 0.0454014 -0.437173 1.85674 -2.93901 0.492587 1.9619 -0.0318475 -0.00676902 0.046923 0.00458515 -0.00659502 -0.00767757 0.0571126 0.717643 0.0638723 -0.534858 1.64287 -2.9499 0.499057 1.96943 -0.0133766 -0.104454 -0.166949 -0.00631116 -0.000124107 -0.000152392 0.197386 0.35718 -0.464363 2.07179 1.19543 -0.00118697 -0.0106838 -1.9499 -1.02506 0.796475 -0.196857 -0.000419672 8.18218e-05 -0.727009
285.83 0.079133 -0.429271 1.80876 -2.94283 0.498754 1.96945 0.0470221 -0.43439 1.8552 -2.9532 0.512907 1.96741 -0.0321109 -0.00511828 0.0464446 -0.0103727 0.0141533 -0.00203939 0.0566957 0.978388 0.0635668 -0.533101 1.64145 -2.94923 0.498839 1.96926 -0.0155662 -0.10383 -0.167306 -0.00640329 8.51816e-05 -0.000192531 0.19752 0.361536 -0.464379 2.06999 1.19533 -0.000264735 -0.0105501 -1.94994 -1.02506 0.796475 -0.196857 -0.000419672 8.18218e-05 -0.727009
286.624 0.0839048 -0.429463 1.80565 -2.941 0.497004 1.96894 0.0518904 -0.433963 1.85688 -2.93584 0.492692 1.96399 -0.0320144 -0.00449977 0.0512374 0.0051681 -0.00431199 -0.0049524 0.0605841 0.556023 0.0658739 -0.528749 1.63568 -2.9464 0.498289 1.96861 -0.0180308 -0.0992859 -0.169961 -0.00539139 0.00128584 -0.000333401 0.197661 0.30901 -0.464087 2.06688 1.19405 0.00230047 -0.00955157 -1.95006 -1.02506 0.796475 -0.196857 -0.000419672 8.18218e-05 -0.727009
287.118 0.0853103 -0.430563 1.80395 -2.94064 0.496199 1.96869 0.0535046 -0.434413 1.8553 -2.95056 0.511884 1.96929 -0.0318057 -0.00385007 0.0513566 -0.00992191 0.0156843 0.000601562 0.0605303 1.07265 0.0673779 -0.528828 1.63342 -2.94526 0.498068 1.96834 -0.0179324 -0.0982647 -0.170528 -0.00461461 0.00186886 -0.000347529 0.197629 0.276953 -0.463919 2.06601 1.19294 0.00302883 -0.00894023 -1.95012 -1.02506 0.796475 -0.196857 -0.000419672 8.18218e-05 -0.727009
287.57 0.0859012 -0.431711 1.80216 -2.94065 0.49573 1.96851 0.0551355 -0.437224 1.85696 -2.93515 0.49104 1.9646 -0.0307657 -0.00551271 0.0547957 0.00550074 -0.00468976 -0.00390635 0.0630832 0.537412 0.0686167 -0.529155 1.63115 -2.94379 0.498334 1.96818 -0.0172846 -0.0974441 -0.171007 -0.00313975 0.00260405 -0.000326026 0.197579 0.227282 -0.463776 2.0654 1.19144 0.00326973 -0.0085044 -1.95018 -1.02506 0.796475 -0.196857 -0.000419672 8.18218e-05 -0.727009
289.057 0.0833493 -0.440677 1.79315 -2.94338 0.494322 1.96789 0.0551355 -0.446953 1.85695 -2.93693 0.487669 1.96374 -0.0282138 -0.00627615 0.0637975 0.00644543 -0.00665306 -0.00414211 0.0700395 0.648309 0.0690457 -0.529659 1.61715 -2.94338 0.496967 1.96718 -0.0143036 -0.0889825 -0.175997 4.16433e-06 0.00264561 -0.000708613 0.19773 0.155766 -0.463496 2.06543 1.18212 0.00148741 -0.00627567 -1.95043 -1.02506 0.796475 -0.196857 -0.000419672 8.18218e-05 -0.727009
289.85 0.0816532 -0.448897 1.78755 -2.94519 0.492552 1.96745 0.0518058 -0.446378 1.82459 -2.93333 0.515781 1.98035 -0.0298474 0.00251948 0.0370401 0.0118588 0.0232288 0.0129025 0.047636 1.51465 0.0724535 -0.53365 1.60909 -2.94435 0.494316 1.96683 -0.00919966 -0.084753 -0.178455 0.000839465 0.00176413 -0.000616528 0.197773 0.125115 -0.463448 2.06676 1.1762 0.000595061 -0.00402626 -1.95045 -1.02506 0.796475 -0.196857 -0.000419672 8.18218e-05 -0.727009
290.291 0.0805275 -0.452417 1.78512 -2.94617 0.491968 1.96735 0.050585 -0.448291 1.80975 -2.94035 0.512618 1.95916 -0.0299425 0.00412612 0.0246289 0.00582167 0.0206506 -0.00818984 0.0389893 1.37202 0.0743935 -0.536598 1.60635 -2.94514 0.493578 1.96662 -0.00613403 -0.0841816 -0.178771 0.00102508 0.00161007 -0.000720325 0.197695 0.125115 -0.463442 2.06746 1.17352 -7.58587e-05 -0.00315541 -1.95043 -1.02506 0.796475 -0.196857 -0.000419672 8.18218e-05 -0.727009
291.15 0.0777502 -0.461595 1.77899 -2.94882 0.490249 1.96712 0.0486179 -0.462294 1.82451 -2.93765 0.510681 1.97787 -0.0291323 -0.000699321 0.0455168 0.0111674 0.0204314 0.0107446 0.0540459 1.33442 0.0774273 -0.545291 1.59999 -2.94784 0.49032 1.96602 -0.00032292 -0.0836958 -0.179004 0.000976615 7.02646e-05 -0.00110098 0.197604 0.100871 -0.463396 2.0691 1.16698 -0.00188042 -0.00066857 -1.95029 -1.02506 0.796475 -0.196857 -0.000419672 8.18218e-05 -0.727009
291.63 0.0774189 -0.464676 1.77646 -2.94924 0.489741 1.96712 0.0474376 -0.471886 1.84025 -2.96496 0.496428 1.94384 -0.0299814 -0.00721005 0.063798 -0.0157167 0.00668665 -0.0232774 0.0708594 1.26455 0.0781097 -0.548211 1.59737 -2.94838 0.489084 1.96605 0.000690828 -0.0835358 -0.179082 0.000854925 -0.000657936 -0.00106976 0.197608 0.100871 -0.463335 2.06971 1.16408 -0.00210796 -5.55652e-05 -1.95019 -1.02506 0.796475 -0.196857 -0.000419672 8.18218e-05 -0.727009
292.085 0.0778037 -0.467005 1.77404 -2.94906 0.48942 1.96718 0.0474233 -0.46724 1.80968 -2.94509 0.506363 1.95648 -0.0303804 -0.000234385 0.0356392 0.00396735 0.0169435 -0.010699 0.0468314 1.22589 0.0820283 -0.550817 1.59513 -2.9484 0.487986 1.96628 0.00422456 -0.083812 -0.17891 0.000657431 -0.00143383 -0.000897191 0.197614 0.111906 -0.463247 2.07021 1.16116 -0.00185789 0.000179929 -1.95008 -1.02506 0.796475 -0.196857 -0.000419672 8.18218e-05 -0.727009
292.762 0.0798075 -0.46979 1.76901 -2.94748 0.489586 1.96758 0.0486095 -0.476714 1.82488 -2.9453 0.469976 1.96754 -0.031198 -0.00692446 0.055878 0.00218477 -0.0196103 -3.50263e-05 0.064371 1.13056 0.0883893 -0.555265 1.59104 -2.94629 0.487713 1.96719 0.00858179 -0.0854748 -0.177965 0.00119424 -0.00187245 -0.000389336 0.197614 0.13417 -0.463006 2.07101 1.15451 -0.000632235 -0.000510659 -1.94977 -1.02506 0.796475 -0.196857 -0.000419672 8.18218e-05 -0.727009
293.269 0.0807918 -0.469814 1.76724 -2.94651 0.490119 1.96786 0.0505855 -0.473577 1.80974 -2.94495 0.503648 1.95684 -0.0302063 -0.00376364 0.0424957 0.00156023 0.0135287 -0.0110192 0.052273 1.03022 0.0916169 -0.556534 1.58998 -2.94468 0.488404 1.96736 0.0108251 -0.0867203 -0.177264 0.00182488 -0.00171541 -0.00050286 0.197636 0.155766 -0.462918 2.07122 1.15185 -3.94455e-05 -0.00133387 -1.94962 -1.02506 0.796475 -0.196857 -0.000419672 8.18218e-05 -0.727009
294.074 0.0833284 -0.468175 1.76376 -2.94365 0.492039 1.96867 0.0521672 -0.474065 1.80856 -2.95849 0.520729 1.96208 -0.0311612 -0.0058905 0.0448055 -0.0148489 0.0286898 -0.00658728 0.0548931 1.80472 0.0953807 -0.556939 1.58761 -2.93981 0.489908 1.96837 0.0120524 -0.0887642 -0.176143 0.00384015 -0.00213113 -0.00029399 0.197612 0.259443 -0.462817 2.07168 1.14592 0.00160789 -0.00408502 -1.9493 -1.02506 0.796475 -0.196857 -0.000419672 8.18218e-05 -0.727009
294.57 0.0843559 -0.467844 1.76202 -2.94243 0.492762 1.96898 0.0537479 -0.473595 1.8098 -2.94368 0.503157 1.95777 -0.030608 -0.00575096 0.0477849 -0.00125494 0.0103944 -0.0112099 0.0570379 0.853175 0.0955808 -0.555318 1.5851 -2.93771 0.490395 1.96909 0.0112249 -0.0874743 -0.176919 0.00471923 -0.00236757 0.000106698 0.197682 0.300014 -0.462836 2.07197 1.14312 0.00235127 -0.00516625 -1.94918 -1.02506 0.796475 -0.196857 -0.000419672 8.18218e-05 -0.727009
294.973 0.0853386 -0.468406 1.75944 -2.94115 0.493384 1.96931 0.0537479 -0.473595 1.8098 -2.94368 0.503157 1.95777 -0.0315907 -0.00518862 0.0503669 -0.00253527 0.00977273 -0.0115335 0.0596801 0.824245 0.0956458 -0.553877 1.58132 -2.93529 0.491625 1.97 0.0103072 -0.0854711 -0.178116 0.00585607 -0.00175904 0.000692393 0.19783 0.33455 -0.462941 2.07257 1.13924 0.00318246 -0.00617634 -1.94903 -1.02506 0.796475 -0.196857 -0.000419672 8.18218e-05 -0.727009
295.401 0.0858019 -0.468611 1.7577 -2.94019 0.494053 1.96958 0.0553269 -0.474077 1.80861 -2.9572 0.52024 1.96304 -0.030475 -0.00546579 0.0509017 -0.0170145 0.0261869 -0.00653907 0.0595784 1.72828 0.0945154 -0.554404 1.57976 -2.93392 0.493124 1.97038 0.00871345 -0.0857926 -0.177945 0.00627375 -0.000929351 0.000798271 0.197739 0.343781 -0.463092 2.0732 1.13636 0.00371795 -0.00712073 -1.94893 -1.02506 0.796475 -0.196857 -0.000419672 8.18218e-05 -0.727009
295.892 0.0861537 -0.468794 1.75616 -2.93918 0.49478 1.96987 0.0553466 -0.476906 1.81038 -2.94442 0.501166 1.9577 -0.0308071 -0.00811166 0.0542134 -0.0052465 0.00638615 -0.0121702 0.0628806 0.714364 0.093973 -0.553125 1.57734 -2.93254 0.494621 1.97068 0.00781932 -0.0843309 -0.178824 0.00663363 -0.000159119 0.000809114 0.197866 0.360452 -0.463312 2.07405 1.13355 0.00427978 -0.00813602 -1.94883 -1.02506 0.796475 -0.196857 -0.000419672 8.18218e-05 -0.727009
296.325 0.0862684 -0.469154 1.75478 -2.93823 0.495507 1.97016 0.0552035 -0.469146 1.7808 -2.92445 0.51172 1.97058 -0.0310649 7.84919e-06 0.026025 0.0137778 0.0162127 0.000426105 0.0405257 1.21176 0.0930215 -0.552304 1.57523 -2.93116 0.495964 1.971 0.00675305 -0.0831496 -0.179543 0.00706473 0.00045688 0.000848794 0.197978 0.384613 -0.463606 2.07514 1.13081 0.00478448 -0.00913261 -1.94873 -1.02506 0.796475 -0.196857 -0.000419672 8.18218e-05 -0.727009
296.735 0.0859251 -0.470615 1.75291 -2.93727 0.496203 1.97047 0.0569107 -0.476774 1.80987 -2.94299 0.501558 1.95841 -0.0290145 -0.00615905 0.0569603 -0.00572451 0.00535552 -0.0120547 0.0642203 0.67955 0.0906095 -0.554059 1.57353 -2.92983 0.497223 1.97135 0.00468433 -0.0834434 -0.179381 0.00743784 0.00102031 0.000885937 0.197895 0.408304 -0.464116 2.07704 1.12713 0.00529614 -0.0101021 -1.94861 -1.02506 0.796475 -0.196857 -0.000419672 8.18218e-05 -0.727009
297.076 0.0852052 -0.472451 1.75149 -2.93682 0.496562 1.97066 0.0552035 -0.472256 1.7808 -2.92505 0.510615 1.97028 -0.0300016 0.000195018 0.0293063 0.0117663 0.0140526 -0.000377012 0.0419404 1.05684 0.0883183 -0.556427 1.57242 -2.92925 0.497937 1.97155 0.00311317 -0.0839753 -0.179069 0.00756823 0.00137509 0.000890389 0.197806 0.419648 -0.46459 2.07883 1.1243 0.00550121 -0.0105875 -1.94852 -1.02506 0.796475 -0.196857 -0.000419672 8.18218e-05 -0.727009
297.522 0.083977 -0.4752 1.74995 -2.93675 0.496671 1.97078 0.0549877 -0.486313 1.82502 -2.94458 0.465773 1.96847 -0.0289892 -0.0111127 0.0750634 -0.00782536 -0.0308972 -0.0023091 0.0812304 1.81596 0.0862651 -0.559041 1.57076 -2.92797 0.497968 1.9738 0.00228814 -0.083841 -0.179191 0.00878242 0.00129687 0.00301509 0.197848 0.453703 -0.465144 2.08095 1.12136 0.00546198 -0.0107093 -1.94843 -1.02506 0.796475 -0.196857 -0.000419672 8.18218e-05 -0.727009
298.008 0.0815619 -0.481526 1.74721 -2.93747 0.495889 1.97072 0.0532743 -0.482342 1.79524 -2.90804 0.492558 1.98399 -0.0282875 -0.000815671 0.0480351 0.0294304 -0.00333078 0.0132665 0.0557514 1.49724 0.0831803 -0.564547 1.5676 -2.92624 0.496293 1.97883 0.00161845 -0.0830207 -0.179607 0.0112347 0.00040334 0.00811135 0.197873 0.588174 -0.466 2.08429 1.11713 0.00507853 -0.00974374 -1.94832 -1.02506 0.796475 -0.196857 -0.000419672 8.18218e-05 -0.727009
298.467 0.0793253 -0.48791 1.74464 -2.93849 0.494718 1.97055 0.0520917 -0.484676 1.78071 -2.92868 0.506729 1.96816 -0.0272336 0.00323404 0.0360675 0.00980878 0.012011 -0.00238076 0.0453099 0.938786 0.0808202 -0.56964 1.56429 -2.92635 0.494552 1.98081 0.00149487 -0.0817301 -0.180356 0.0121355 -0.000165685 0.0102676 0.198016 0.664408 -0.46673 2.08714 1.11364 0.00460375 -0.00831121 -1.94823 -1.02506 0.796475 -0.196857 -0.000419672 8.18218e-05 -0.727009
298.836 0.0766441 -0.49533 1.74173 -2.93989 0.493239 1.9703 0.0489847 -0.491349 1.77951 -2.94495 0.522035 1.97123 -0.0276593 0.00398152 0.0377775 -0.00505941 0.0287958 0.000925399 0.0469896 1.68051 0.0792687 -0.575969 1.56078 -2.92746 0.492497 1.98136 0.00262461 -0.0806385 -0.180948 0.0124286 -0.000742562 0.0110527 0.19812 0.694925 -0.467537 2.09022 1.10993 0.00390917 -0.00647157 -1.94814 -1.02506 0.796475 -0.196857 -0.000419672 8.18218e-05 -0.727009
299.32 0.0725696 -0.505708 1.73766 -2.94202 0.49123 1.96998 0.0458761 -0.500659 1.77945 -2.94792 0.519232 1.96937 -0.0266936 0.00504948 0.0417925 -0.00589515 0.0280015 -0.000608737 0.0498464 1.63638 0.0774352 -0.584817 1.55591 -2.92995 0.49015 1.98012 0.00486556 -0.0791089 -0.181755 0.0120695 -0.00108009 0.010142 0.198285 0.663818 -0.468733 2.09459 1.10477 0.00274265 -0.00389471 -1.94802 -1.02506 0.796475 -0.196857 -0.000419672 8.18218e-05 -0.727009
299.878 0.0692618 -0.513206 1.73464 -2.94365 0.489949 1.96979 0.0427639 -0.511464 1.7792 -2.95192 0.515698 1.96725 -0.0264979 0.00174207 0.0445609 -0.0082757 0.0257494 -0.00254701 0.0518734 1.53493 0.0754996 -0.591386 1.55238 -2.93223 0.488553 1.97881 0.00623773 -0.0781795 -0.182252 0.0114233 -0.00139605 0.00901578 0.198411 0.619288 -0.469715 2.09794 1.10079 0.00173655 -0.00215463 -1.94792 -1.02506 0.796475 -0.196857 -0.000419672 8.18218e-05 -0.727009
300.348 0.0658979 -0.519993 1.73175 -2.94513 0.48903 1.9697 0.0391893 -0.524202 1.79362 -2.95557 0.481579 1.97641 -0.0267086 -0.00420829 0.0618762 -0.0104445 -0.00745134 0.00670943 0.0675257 0.949975 0.0733285 -0.599054 1.55 -2.93496 0.486786 1.97683 0.0074306 -0.079061 -0.181744 0.0101707 -0.00224367 0.00713377 0.198334 0.547512 -0.470759 2.1013 1.09674 0.000698381 -0.000794006 -1.94782 -1.02506 0.796475 -0.196857 -0.000419672 8.18218e-05 -0.727009
301.231 0.0587585 -0.533274 1.72529 -2.94743 0.48797 1.96974 0.030318 -0.537425 1.78027 -2.94664 0.491813 1.95711 -0.0284405 -0.00415144 0.0549851 0.000783768 0.00384244 -0.0126291 0.062044 0.777832 0.0687005 -0.616624 1.54613 -2.94032 0.483267 1.97364 0.00994207 -0.0833506 -0.179156 0.0071079 -0.00470283 0.00389529 0.197846 0.451108 -0.473343 2.10882 1.08699 -0.0011179 0.000961875 -1.94758 -1.02506 0.796475 -0.196857 -0.000419672 8.18218e-05 -0.727009
301.629 0.0558552 -0.538018 1.72267 -2.94817 0.487873 1.96983 0.0275429 -0.535389 1.75062 -2.94543 0.516179 1.97134 -0.0283122 0.00262938 0.0279522 0.00274843 0.0283061 0.00150943 0.0398726 1.62775 0.0667468 -0.623597 1.5448 -2.94232 0.48194 1.97234 0.0108916 -0.0855784 -0.177869 0.00585679 -0.00593304 0.0025104 0.197686 0.451108 -0.474475 2.11182 1.08282 -0.0018363 0.0013095 -1.94748 -1.02506 0.796475 -0.196857 -0.000419672 8.18218e-05 -0.727009
302.586 0.0494674 -0.547303 1.71669 -2.94952 0.488292 1.97012 0.0213968 -0.546962 1.75097 -2.93559 0.496935 1.96466 -0.0280706 0.000340182 0.0342789 0.0139293 0.00864347 -0.00545825 0.0443071 1.10287 0.0601772 -0.63857 1.54213 -2.94548 0.480699 1.97021 0.0107098 -0.0912671 -0.174565 0.00404001 -0.00759326 9.23982e-05 0.197275 0.491783 -0.477034 2.11818 1.0731 -0.00338533 0.00138601 -1.94732 -1.02506 0.796475 -0.196857 -0.000419672 8.18218e-05 -0.727009
303.018 0.0473443 -0.550842 1.71402 -2.94972 0.488492 1.97021 0.0192817 -0.555826 1.76461 -2.95168 0.480866 1.97904 -0.0280626 -0.00498414 0.0505864 -0.00196558 -0.00762564 0.00883115 0.0580632 0.716005 0.0580367 -0.644585 1.54088 -2.94658 0.481001 1.96932 0.0106924 -0.0937437 -0.173141 0.00314146 -0.00749086 -0.000892094 0.197181 0.477244 -0.478046 2.1206 1.06885 -0.00367877 0.00126813 -1.94728 -1.02506 0.796475 -0.196857 -0.000419672 8.18218e-05 -0.727009
303.49 0.0458131 -0.55425 1.71132 -2.94957 0.488558 1.97025 0.0153143 -0.556778 1.75057 -2.95394 0.510557 1.96565 -0.0304988 -0.00252832 0.0392497 -0.00437409 0.0219987 -0.00459986 0.0497706 1.28755 0.0571113 -0.649413 1.539 -2.94715 0.481392 1.9687 0.0112982 -0.0951635 -0.172317 0.00241256 -0.00716572 -0.0015557 0.197172 0.455425 -0.478986 2.12284 1.06466 -0.00358326 0.00115603 -1.94725 -1.02506 0.796475 -0.196857 -0.000419672 8.18218e-05 -0.727009
303.872 0.0443052 -0.558776 1.70767 -2.94919 0.488418 1.97026 0.0137567 -0.562398 1.75142 -2.94177 0.492248 1.96095 -0.0305485 -0.00362272 0.043746 0.00741344 0.00383034 -0.00931239 0.0534794 0.852257 0.0558916 -0.656828 1.53702 -2.94779 0.481772 1.96822 0.0115864 -0.0980524 -0.170658 0.00139647 -0.00664593 -0.0020451 0.197161 0.416841 -0.480134 2.12556 1.05925 -0.00318471 0.00115531 -1.94722 -1.02506 0.796475 -0.196857 -0.000419672 8.18218e-05 -0.727009
304.247 0.0433081 -0.562124 1.70492 -2.94896 0.488221 1.97025 0.0122573 -0.565951 1.75056 -2.95664 0.507839 1.96394 -0.0310509 -0.0038275 0.0456436 -0.00768163 0.0196181 -0.00630593 0.0553366 1.19812 0.0557896 -0.660522 1.5344 -2.94868 0.481722 1.96779 0.0124815 -0.0983985 -0.170524 0.000285459 -0.00649961 -0.00245873 0.197272 0.401538 -0.480928 2.1274 1.0553 -0.00289676 0.00126079 -1.94719 -1.02506 0.796475 -0.196857 -0.000419672 8.18218e-05 -0.727009
304.506 0.0421212 -0.566028 1.70182 -2.94907 0.487782 1.97018 0.0122232 -0.571403 1.75088 -2.94322 0.489962 1.95997 -0.029898 -0.00537481 0.0490605 0.00585441 0.00218035 -0.0102091 0.0577037 0.808909 0.0567337 -0.662903 1.53049 -2.9497 0.481429 1.96722 0.0146125 -0.0968752 -0.17133 -0.000623555 -0.00635282 -0.0029529 0.197363 0.395648 -0.481677 2.12908 1.05136 -0.00281836 0.00170137 -1.94717 -1.02506 0.796475 -0.196857 -0.000419672 8.18218e-05 -0.727009
305.747 0.0391967 -0.578243 1.68991 -2.94915 0.486363 1.96987 0.00830812 -0.578816 1.7228 -2.96294 0.494303 1.96855 -0.0308886 -0.000572396 0.0328889 -0.0137887 0.00794002 -0.00132031 0.0451233 0.883374 0.0558805 -0.677981 1.52022 -2.94946 0.482611 1.96636 0.0166838 -0.099738 -0.169694 -0.000309449 -0.00375186 -0.00351273 0.19754 0.289391 -0.483952 2.13325 1.03689 -0.00226231 0.00303542 -1.94716 -1.02506 0.796475 -0.196857 -0.000419672 8.18218e-05 -0.727009
306.131 0.0391152 -0.580957 1.68578 -2.94846 0.48629 1.96985 0.00828933 -0.584109 1.72286 -2.94532 0.507856 1.97205 -0.0308258 -0.00315288 0.0370768 0.00314268 0.0215654 0.00219155 0.0483204 1.24647 0.0554048 -0.68205 1.51685 -2.94834 0.483228 1.96664 0.0162896 -0.101093 -0.168935 0.000126392 -0.00306292 -0.00321359 0.197546 0.256409 -0.484609 2.13405 1.03171 -0.00158135 0.00286561 -1.94716 -1.02506 0.796475 -0.196857 -0.000419672 8.18218e-05 -0.727009
306.515 0.0389843 -0.584038 1.67986 -2.94746 0.486516 1.96988 0.00828928 -0.588552 1.72265 -2.94671 0.506123 1.97158 -0.030695 -0.00451378 0.042793 0.00074698 0.0196072 0.00170161 0.0528564 1.12674 0.0528725 -0.687479 1.51226 -2.9475 0.484133 1.96704 0.0138882 -0.103441 -0.167594 -3.5854e-05 -0.0023826 -0.00284219 0.197435 0.211218 -0.485518 2.13482 1.02426 -0.000730753 0.0023139 -1.94718 -1.02506 0.796475 -0.196857 -0.000419672 8.18218e-05 -0.727009
306.884 0.0389052 -0.585686 1.67549 -2.94658 0.486954 1.96996 0.00825587 -0.59247 1.72311 -2.93358 0.48955 1.96754 -0.0306493 -0.00678351 0.0476268 0.0129991 0.002596 -0.00241616 0.0570413 0.832277 0.0509892 -0.691155 1.50905 -2.94701 0.484728 1.9672 0.0120841 -0.105469 -0.166432 -0.000429395 -0.00222592 -0.00275899 0.197407 0.195835 -0.486244 2.13521 1.01863 -8.65862e-05 0.00160698 -1.9472 -1.02506 0.796475 -0.196857 -0.000419672 8.18218e-05 -0.727009
307.804 0.039305 -0.58806 1.66641 -2.94391 0.487984 1.97011 0.00750233 -0.594413 1.70918 -2.96644 0.516473 1.95466 -0.0318026 -0.00635331 0.0427672 -0.0225285 0.0284891 -0.0154534 0.0536731 2.0035 0.0454685 -0.697113 1.50205 -2.94582 0.485337 1.96704 0.0061635 -0.109053 -0.164365 -0.00190206 -0.00264701 -0.00307245 0.197348 0.218503 -0.488161 2.13567 1.00691 0.00199067 -0.000257237 -1.94726 -1.02506 0.796475 -0.196857 -0.000419672 8.18218e-05 -0.727009
308.232 0.0397279 -0.588669 1.66315 -2.94253 0.488251 1.97015 0.00825593 -0.601499 1.72311 -2.93507 0.486537 1.96685 -0.031472 -0.0128297 0.0599605 0.00746702 -0.001714 -0.00329798 0.0689228 0.551784 0.0428406 -0.697491 1.49867 -2.94445 0.485252 1.96699 0.0031127 -0.108822 -0.164482 -0.00191382 -0.00299919 -0.00316038 0.197246 0.235734 -0.489123 2.13577 1.00276 0.00317714 -0.00097677 -1.94728 -1.02506 0.796475 -0.196857 -0.000419672 8.18218e-05 -0.727009
308.597 0.0398931 -0.589286 1.66023 -2.94134 0.488388 1.97016 0.00896568 -0.599988 1.71019 -2.95375 0.498651 1.9513 -0.0309274 -0.0107023 0.0499615 -0.0124124 0.0102631 -0.0188549 0.059726 1.13608 0.0409338 -0.697851 1.49561 -2.94303 0.485434 1.96705 0.00104073 -0.108565 -0.164618 -0.0016969 -0.00295335 -0.00310288 0.197197 0.2307 -0.49021 2.13587 0.999148 0.00425323 -0.00151356 -1.9473 -1.02506 0.796475 -0.196857 -0.000419672 8.18218e-05 -0.727009
309.124 0.0396179 -0.589739 1.65768 -2.94038 0.488547 1.97016 0.00828937 -0.605173 1.72285 -2.94877 0.500722 1.97034 -0.0313286 -0.015434 0.065163 -0.00838474 0.0121756 0.00018596 0.0739317 0.849958 0.0383401 -0.697186 1.49243 -2.94158 0.48621 1.96729 -0.00127784 -0.107448 -0.165249 -0.00119442 -0.00233686 -0.00286702 0.197114 0.197824 -0.491447 2.136 0.99604 0.00509365 -0.00198713 -1.94733 -1.02506 0.796475 -0.196857 -0.000419672 8.18218e-05 -0.727009
309.572 0.0382722 -0.590664 1.65463 -2.93983 0.488598 1.97013 0.00825597 -0.607519 1.72311 -2.93605 0.484542 1.9664 -0.0300162 -0.0168541 0.0684812 0.00377808 -0.00405634 -0.00372484 0.0766466 0.435213 0.0348228 -0.697302 1.48893 -2.94044 0.487741 1.96769 -0.00344937 -0.106638 -0.165704 -0.000614996 -0.000857209 -0.00243387 0.197082 0.137056 -0.493366 2.13627 0.992582 0.00561428 -0.00222568 -1.94737 -1.02506 0.796475 -0.196857 -0.000419672 8.18218e-05 -0.727009
310.458 0.0338744 -0.593205 1.65016 -2.94076 0.488338 1.97003 0.00448393 -0.605771 1.70964 -2.95583 0.497782 1.94961 -0.0293905 -0.0125666 0.059486 -0.015078 0.00944417 -0.0204225 0.06753 1.20464 0.0318405 -0.697877 1.4833 -2.94056 0.490411 1.96761 -0.0020339 -0.104672 -0.166859 0.000198047 0.00207264 -0.00241908 0.196983 0.187672 -0.496849 2.1369 0.988222 0.00487674 -0.00166631 -1.9474 -1.02506 0.796475 -0.196857 -0.000419672 8.18218e-05 -0.727009
310.917 0.0296936 -0.594987 1.64711 -2.9421 0.488356 1.97003 0.000728787 -0.599431 1.68337 -2.94232 0.505699 1.95903 -0.0289648 -0.00444325 0.0362641 -0.000213914 0.0173429 -0.0110085 0.0466239 1.17403 0.0308897 -0.697618 1.47905 -2.94074 0.49149 1.96759 0.00119609 -0.10263 -0.168057 0.00136666 0.00313411 -0.00244841 0.19692 0.260947 -0.499538 2.13743 0.985322 0.00360402 -0.00122032 -1.9474 -1.02506 0.796475 -0.196857 -0.000419672 8.18218e-05 -0.727009
311.313 0.0262335 -0.596181 1.64479 -2.94324 0.488508 1.97009 -0.00221082 -0.60237 1.68337 -2.94395 0.505101 1.95785 -0.0284443 -0.00618893 0.0385801 -0.000716219 0.0165929 -0.0122462 0.0483302 1.17069 0.0304214 -0.696267 1.47525 -2.94038 0.492205 1.9678 0.00418788 -0.100086 -0.169537 0.0028541 0.00369702 -0.00229317 0.19692 0.329838 -0.501703 2.13784 0.983069 0.00246141 -0.000972255 -1.94738 -1.02506 0.796475 -0.196857 -0.000419672 8.18218e-05 -0.727009
311.715 0.0227388 -0.597328 1.6424 -2.94434 0.48868 1.97018 -0.00658376 -0.599416 1.66898 -2.92926 0.486095 1.97878 -0.0293226 -0.00208734 0.0265769 0.0150838 -0.0025845 0.00859108 0.0396296 0.782847 0.0292882 -0.695156 1.47156 -2.94 0.492703 1.96829 0.00654937 -0.0978273 -0.170845 0.0043425 0.00402278 -0.00189857 0.19698 0.390671 -0.503958 2.13824 0.980748 0.00131496 -0.000749896 -1.94733 -1.02506 0.796475 -0.196857 -0.000419672 8.18218e-05 -0.727009
312.135 0.0185411 -0.598715 1.63915 -2.9454 0.488825 1.97031 -0.0094638 -0.60176 1.66941 -2.94482 0.500104 1.98081 -0.0280049 -0.00304467 0.0302607 0.000573368 0.0112792 0.0105003 0.0413431 0.872676 0.0281243 -0.69427 1.467 -2.9395 0.493184 1.96896 0.00958328 -0.0955553 -0.172148 0.00589611 0.00435909 -0.00134936 0.197123 0.455425 -0.507045 2.13871 0.977575 0.000213657 -0.000521294 -1.94725 -1.02506 0.796475 -0.196857 -0.000419672 8.18218e-05 -0.727009
312.463 0.0156183 -0.599197 1.63696 -2.94591 0.489109 1.97045 -0.0139696 -0.608262 1.6834 -2.9495 0.504702 1.9536 -0.0295879 -0.00906486 0.0464433 -0.00359217 0.0155929 -0.0168578 0.0558085 1.25865 0.0267363 -0.693006 1.4638 -2.93923 0.493792 1.96957 0.011118 -0.0938096 -0.173158 0.00667835 0.00468303 -0.000881119 0.19725 0.48939 -0.509387 2.13901 0.975313 -0.000439902 -0.000607339 -1.94718 -1.02506 0.796475 -0.196857 -0.000419672 8.18218e-05 -0.727009
312.831 0.0129453 -0.599331 1.63507 -2.94625 0.48943 1.97061 -0.0168919 -0.610401 1.68324 -2.96672 0.489693 1.94967 -0.0298371 -0.01107 0.0481664 -0.0204685 0.000263426 -0.0209375 0.0577304 1.22141 0.024871 -0.693099 1.46185 -2.93931 0.494402 1.97008 0.0119258 -0.0937677 -0.173221 0.006936 0.00497283 -0.000531413 0.197333 0.501241 -0.511726 2.13924 0.973318 -0.000953116 -0.000792148 -1.94711 -1.02506 0.796475 -0.196857 -0.000419672 8.18218e-05 -0.727009
313.273 0.0104663 -0.599096 1.63335 -2.94631 0.489794 1.97078 -0.0198494 -0.611216 1.68344 -2.95227 0.504482 1.95148 -0.0303157 -0.0121204 0.0500842 -0.00595225 0.014688 -0.0193038 0.059786 1.29935 0.0231689 -0.693224 1.4604 -2.93953 0.494907 1.97071 0.0127026 -0.0941278 -0.172955 0.00678524 0.00511311 -7.3485e-05 0.197319 0.488589 -0.514044 2.13942 0.971563 -0.00120836 -0.00109961 -1.94703 -1.02506 0.796475 -0.196857 -0.000419672 8.18218e-05 -0.727009
313.768 0.00775191 -0.598401 1.63137 -2.946 0.49027 1.97099 -0.0217184 -0.601655 1.65703 -2.93834 0.513416 1.9611 -0.0294703 -0.00325349 0.0256524 0.00765276 0.0231461 -0.00988864 0.0392062 1.58461 0.0187148 -0.693485 1.45897 -2.94026 0.495295 1.97131 0.0109629 -0.0950837 -0.172408 0.00573654 0.00502427 0.000318152 0.197194 0.430693 -0.517081 2.13957 0.969414 -0.00117592 -0.0016478 -1.94694 -1.02506 0.796475 -0.196857 -0.000419672 8.18218e-05 -0.727009
314.247 0.00606185 -0.597403 1.63017 -2.94542 0.490747 1.97116 -0.0246122 -0.601662 1.65705 -2.93951 0.513824 1.96013 -0.0306741 -0.00425927 0.0268805 0.00590987 0.0230771 -0.0110251 0.0410073 1.57097 0.0160175 -0.692899 1.45799 -2.94051 0.495506 1.97157 0.00995563 -0.0954957 -0.172178 0.00491067 0.00475933 0.000415556 0.197139 0.384613 -0.519313 2.13965 0.96795 -0.000878898 -0.00228532 -1.94689 -1.02506 0.796475 -0.196857 -0.000419672 8.18218e-05 -0.727009
314.585 0.00456794 -0.596193 1.62918 -2.94467 0.491231 1.9713 -0.0269858 -0.60526 1.66902 -2.93806 0.487061 1.97195 -0.0315537 -0.0090672 0.0398397 0.0066072 -0.0041696 0.000655064 0.0516241 0.434312 0.0125464 -0.690465 1.45628 -2.94036 0.495606 1.97163 0.00797843 -0.0942724 -0.172896 0.00431402 0.0043758 0.000333816 0.197089 0.34605 -0.521506 2.13972 0.966685 -0.000408729 -0.00298765 -1.94687 -1.02506 0.796475 -0.196857 -0.000419672 8.18218e-05 -0.727009
314.925 0.00236007 -0.595119 1.62791 -2.94402 0.491586 1.97138 -0.0281186 -0.61438 1.69628 -2.96817 0.492704 1.96436 -0.0304787 -0.0192606 0.0683702 -0.0241531 0.00111743 -0.00702026 0.0772943 1.2471 0.00851994 -0.687469 1.45389 -2.94032 0.495974 1.97163 0.00615987 -0.0923499 -0.174023 0.00369779 0.00438808 0.000248913 0.197105 0.325057 -0.52438 2.13984 0.96533 3.87214e-05 -0.00353817 -1.94686 -1.02506 0.796475 -0.196857 -0.000419672 8.18218e-05 -0.727009
315.211 0.000654668 -0.594846 1.62698 -2.94373 0.491528 1.97135 -0.0298748 -0.604765 1.66966 -2.9533 0.501992 1.974 -0.0305295 -0.0099196 0.0426726 -0.00956796 0.0104642 0.00265481 0.0533985 0.873125 0.00693919 -0.68629 1.45243 -2.94028 0.496407 1.97177 0.00628452 -0.0914446 -0.174553 0.00345097 0.00487925 0.000423525 0.197155 0.336882 -0.526506 2.13998 0.96459 0.000351647 -0.00358508 -1.94689 -1.02506 0.796475 -0.196857 -0.000419672 8.18218e-05 -0.727009
315.446 -0.00114735 -0.595144 1.62609 -2.94369 0.491125 1.97122 -0.0327915 -0.604784 1.66971 -2.95444 0.502394 1.97306 -0.0316441 -0.00964064 0.0436148 -0.0107539 0.0112685 0.00183771 0.0547407 0.932512 0.00518224 -0.68609 1.45125 -2.94055 0.496471 1.97188 0.00632959 -0.0909467 -0.174846 0.0031414 0.0053457 0.000657469 0.197187 0.348305 -0.528618 2.14017 0.964175 0.000587947 -0.00322445 -1.94692 -1.02506 0.796475 -0.196857 -0.000419672 8.18218e-05 -0.727009
315.849 -0.00387256 -0.595754 1.62529 -2.94399 0.490405 1.97099 -0.0347346 -0.601087 1.65747 -2.95853 0.500672 1.95429 -0.030862 -0.00533293 0.0321852 -0.0145412 0.0102668 -0.0167014 0.0449087 1.09432 0.000933533 -0.688272 1.45137 -2.9414 0.495459 1.97196 0.00480609 -0.0925178 -0.173922 0.00259205 0.00505426 0.000966347 0.197057 0.317752 -0.53143 2.14049 0.964266 0.000663397 -0.00245943 -1.94697 -1.02506 0.796475 -0.196857 -0.000419672 8.18218e-05 -0.727009
316.307 -0.00604403 -0.596022 1.62516 -2.94432 0.489847 1.97081 -0.0361784 -0.60106 1.6574 -2.95995 0.501124 1.95329 -0.0301344 -0.00503804 0.0322415 -0.0156335 0.0112761 -0.017524 0.0444182 1.1717 -0.00206815 -0.689358 1.45172 -2.94265 0.494139 1.97181 0.00397588 -0.0933359 -0.17344 0.00166972 0.00429189 0.000999237 0.196999 0.260947 -0.533551 2.14075 0.964915 0.000633389 -0.00183405 -1.94702 -1.02506 0.796475 -0.196857 -0.000419672 8.18218e-05 -0.727009
316.712 -0.00820258 -0.596251 1.62538 -2.94468 0.489157 1.9706 -0.0386466 -0.605301 1.66913 -2.94257 0.488678 1.96828 -0.030444 -0.00905018 0.0437453 0.00211739 -0.000478224 -0.0023128 0.0540591 0.218503 -0.00456139 -0.689748 1.45204 -2.94442 0.492182 1.97158 0.00364118 -0.0934974 -0.17334 0.00026807 0.0030251 0.000978621 0.196982 0.181308 -0.535688 2.141 0.966087 0.000628508 -0.00107003 -1.94707 -1.02506 0.796475 -0.196857 -0.000419672 8.18218e-05 -0.727009
317.106 -0.0103544 -0.596428 1.62596 -2.9451 0.488323 1.97034 -0.041572 -0.605994 1.66901 -2.92868 0.503558 1.96999 -0.0312177 -0.00956649 0.0430578 0.0164225 0.0152356 -0.000353722 0.0540373 1.29059 -0.00736152 -0.689503 1.45238 -2.9458 0.490185 1.97123 0.00299285 -0.0930753 -0.173576 -0.000697894 0.00186261 0.000885036 0.196978 0.131221 -0.537853 2.14122 0.967795 0.000648778 -0.000159605 -1.94713 -1.02506 0.796475 -0.196857 -0.000419672 8.18218e-05 -0.727009
317.535 -0.0133642 -0.595522 1.62758 -2.94557 0.487603 1.97009 -0.0444783 -0.60533 1.66921 -2.94483 0.48947 1.96644 -0.031114 -0.00980826 0.0416272 0.000737364 0.00186731 -0.00364778 0.0528877 0.254878 -0.0111745 -0.688892 1.45418 -2.94692 0.488276 1.97073 0.00218972 -0.0933705 -0.173401 -0.00135184 0.000673505 0.000639229 0.196953 0.108352 -0.540801 2.14141 0.970831 0.000577946 0.000662056 -1.9472 -1.02506 0.796475 -0.196857 -0.000419672 8.18218e-05 -0.727009
317.956 -0.0158876 -0.59361 1.62948 -2.94589 0.487643 1.97004 -0.0473945 -0.605347 1.66926 -2.94596 0.489861 1.96552 -0.0315068 -0.0117373 0.0397766 -7.48911e-05 0.00221777 -0.00451492 0.0520829 0.286674 -0.0138878 -0.686399 1.45575 -2.94736 0.487868 1.97051 0.00199983 -0.0927895 -0.173726 -0.00147256 0.000224769 0.00047006 0.196964 0.100871 -0.543066 2.14146 0.973551 0.000290029 0.000734153 -1.94726 -1.02506 0.796475 -0.196857 -0.000419672 8.18218e-05 -0.727009
318.724 -0.02207 -0.586799 1.63506 -2.94646 0.488689 1.97013 -0.0532278 -0.59664 1.66937 -2.94694 0.493663 1.96425 -0.0311577 -0.00984108 0.0343083 -0.000478458 0.00497486 -0.00588925 0.0473784 0.432507 -0.0191296 -0.679819 1.46146 -2.94784 0.488796 1.97016 0.0029404 -0.0930197 -0.173604 -0.00137918 0.000107496 2.4459e-05 0.196976 0.0791294 -0.54847 2.1412 0.980739 -0.000649266 -3.14291e-05 -1.94738 -1.02506 0.796475 -0.196857 -0.000419672 8.18218e-05 -0.727009
319.052 -0.0249972 -0.583274 1.63766 -2.94685 0.489464 1.97026 -0.0557994 -0.59756 1.68019 -2.92902 0.482028 1.97937 -0.0308022 -0.0142859 0.042534 0.0178304 -0.00743685 0.00910977 0.0544243 0.999755 -0.0199355 -0.677992 1.46503 -2.948 0.490008 1.97027 0.00506163 -0.094718 -0.172621 -0.00114954 0.000543112 1.34385e-05 0.196965 0.0740187 -0.550794 2.14095 0.983959 -0.00134181 -0.000611759 -1.94742 -1.02506 0.796475 -0.196857 -0.000419672 8.18218e-05 -0.727009
319.373 -0.0282186 -0.579514 1.64025 -2.94747 0.490463 1.97045 -0.0590625 -0.587939 1.66951 -2.94795 0.497494 1.96295 -0.0308438 -0.00842535 0.0292593 -0.000486357 0.00703148 -0.00749803 0.043341 0.580135 -0.0197509 -0.675494 1.46837 -2.94841 0.491442 1.97057 0.00846775 -0.09598 -0.171879 -0.000949507 0.000979853 0.000117055 0.197044 0.0791294 -0.553082 2.14063 0.987136 -0.00234886 -0.0013206 -1.94745 -1.02506 0.796475 -0.196857 -0.000419672 8.18218e-05 -0.727009
319.783 -0.0326483 -0.57488 1.64324 -2.94856 0.491767 1.97071 -0.0619804 -0.582133 1.66958 -2.94826 0.499935 1.96239 -0.0293321 -0.00725349 0.0263473 0.000302831 0.00816861 -0.00831801 0.0400894 0.674347 -0.0190533 -0.672525 1.47236 -2.94907 0.492832 1.97106 0.013595 -0.0976455 -0.170878 -0.000508205 0.00106553 0.000352812 0.197278 0.0740187 -0.556008 2.14012 0.990975 -0.00394792 -0.00214638 -1.94747 -1.02506 0.796475 -0.196857 -0.000419672 8.18218e-05 -0.727009
320.198 -0.0356637 -0.571854 1.64488 -2.94931 0.492629 1.97089 -0.0648969 -0.578832 1.67057 -2.96343 0.515945 1.96439 -0.0292332 -0.00697817 0.0256879 -0.0141256 0.0233157 -0.00650414 0.0395366 1.51233 -0.0197439 -0.669613 1.4741 -2.94922 0.493247 1.97129 0.0159198 -0.0977591 -0.170784 9.21348e-05 0.000617649 0.000398174 0.197427 0.0395647 -0.55805 2.13967 0.993235 -0.00503254 -0.00268379 -1.94748 -1.02506 0.796475 -0.196857 -0.000419672 8.18218e-05 -0.727009
320.511 -0.037934 -0.569204 1.64592 -2.94962 0.493332 1.97105 -0.0690116 -0.57711 1.68047 -2.9318 0.491217 1.97608 -0.0310775 -0.00790555 0.0345458 0.0178211 -0.00211521 0.00502867 0.0471351 0.928727 -0.0204722 -0.667478 1.47546 -2.94853 0.492998 1.97138 0.0174619 -0.098274 -0.170462 0.00109753 -0.000334162 0.000327829 0.197535 0.0625573 -0.559916 2.13918 0.994746 -0.00564543 -0.00322428 -1.94747 -1.02506 0.796475 -0.196857 -0.000419672 8.18218e-05 -0.727009
320.846 -0.0393471 -0.566994 1.64627 -2.94942 0.493849 1.97117 -0.071949 -0.574198 1.68054 -2.93252 0.49265 1.97535 -0.0326019 -0.00720399 0.0342693 0.0169073 -0.00119905 0.00417126 0.0478452 0.883817 -0.0206628 -0.665487 1.47594 -2.94787 0.493045 1.97147 0.0186843 -0.0984929 -0.170328 0.00155578 -0.000804213 0.000295931 0.19764 0.0927874 -0.561582 2.13865 0.995396 -0.0056936 -0.00376715 -1.94746 -1.02506 0.796475 -0.196857 -0.000419672 8.18218e-05 -0.727009
321.21 -0.0402203 -0.565122 1.64546 -2.9487 0.494182 1.97126 -0.0740807 -0.57669 1.69656 -2.96609 0.497116 1.94954 -0.0338604 -0.0115678 0.0510928 -0.0173893 0.00293444 -0.02172 0.0623764 1.17902 -0.0198245 -0.665142 1.47603 -2.94638 0.49255 1.97151 0.0203958 -0.10002 -0.169439 0.00231962 -0.00163157 0.00024728 0.197812 0.158259 -0.563482 2.13792 0.994827 -0.00516818 -0.00432285 -1.94745 -1.02506 0.796475 -0.196857 -0.000419672 8.18218e-05 -0.727009
321.611 -0.0404963 -0.564314 1.64399 -2.94802 0.494391 1.9713 -0.0736624 -0.567271 1.6709 -2.96538 0.521303 1.96226 -0.0331662 -0.00295704 0.0269094 -0.0173637 0.0269117 -0.00903681 0.0428118 1.77034 -0.0198115 -0.665203 1.47505 -2.94526 0.492228 1.97148 0.0206847 -0.100889 -0.168943 0.00275954 -0.00216319 0.000180483 0.197859 0.197824 -0.564677 2.13738 0.993324 -0.00461706 -0.00475039 -1.94746 -1.02506 0.796475 -0.196857 -0.000419672 8.18218e-05 -0.727009
322.025 -0.0404724 -0.564366 1.64169 -2.94731 0.494372 1.97127 -0.0736624 -0.567271 1.6709 -2.96538 0.521303 1.96226 -0.03319 -0.00290498 0.0292123 -0.0180752 0.0269315 -0.00900522 0.04431 1.78882 -0.0193031 -0.665469 1.47286 -2.94411 0.491613 1.97134 0.0211693 -0.101103 -0.16883 0.00319783 -0.00275842 7.13869e-05 0.197923 0.240663 -0.565689 2.13687 0.990945 -0.00392684 -0.00497612 -1.94749 -1.02506 0.796475 -0.196857 -0.000419672 8.18218e-05 -0.727009
322.364 -0.0403568 -0.565156 1.63766 -2.94643 0.494396 1.97121 -0.0736566 -0.567666 1.66992 -2.95086 0.506668 1.95955 -0.0332998 -0.00251001 0.0322661 -0.00442458 0.012272 -0.0116675 0.0464357 0.918132 -0.0186701 -0.666517 1.46895 -2.94288 0.491105 1.97114 0.0216867 -0.101361 -0.168706 0.0035548 -0.00329099 -7.66899e-05 0.198005 0.279765 -0.566789 2.13625 0.986542 -0.00308655 -0.00529907 -1.94755 -1.02506 0.796475 -0.196857 -0.000419672 8.18218e-05 -0.727009
322.616 -0.0403808 -0.566211 1.63396 -2.94593 0.494531 1.97118 -0.0736625 -0.570189 1.6709 -2.9658 0.52024 1.96206 -0.0332817 -0.00397766 0.0369361 -0.0198709 0.0257095 -0.00911752 0.0498775 1.77784 -0.0182544 -0.667237 1.46506 -2.94234 0.491087 1.97102 0.0221264 -0.101026 -0.168903 0.00358585 -0.00344388 -0.000160691 0.198051 0.288036 -0.567449 2.13586 0.982378 -0.00264028 -0.00559631 -1.9476 -1.02506 0.796475 -0.196857 -0.000419672 8.18218e-05 -0.727009
323.463 -0.0414515 -0.572535 1.62276 -2.94639 0.493981 1.97084 -0.0744345 -0.570955 1.65405 -2.92035 0.500472 1.98359 -0.0329829 0.0015801 0.0312902 0.0260358 0.00649049 0.0127489 0.0454912 1.36286 -0.014604 -0.667999 1.45062 -2.94231 0.491445 1.97093 0.0268475 -0.095464 -0.172136 0.00407723 -0.00253656 8.85771e-05 0.198658 0.272681 -0.568494 2.13526 0.970458 -0.00271604 -0.00493219 -1.94779 -1.02506 0.796475 -0.196857 -0.000419672 8.18218e-05 -0.727009
323.95 -0.0420068 -0.577105 1.61698 -2.94714 0.493047 1.97051 -0.0746634 -0.573159 1.64377 -2.94022 0.510917 1.96718 -0.0326566 0.00394603 0.0267872 0.00692142 0.0178701 -0.00332815 0.0424214 1.14671 -0.0140345 -0.670583 1.4437 -2.94204 0.491238 1.97075 0.0279722 -0.0934772 -0.173274 0.0050952 -0.0018095 0.000246219 0.198858 0.303902 -0.568738 2.13512 0.96476 -0.00293947 -0.00381539 -1.9479 -1.02506 0.796475 -0.196857 -0.000419672 8.18218e-05 -0.727009
324.409 -0.0422498 -0.58228 1.61086 -2.94783 0.491793 1.97009 -0.0765762 -0.59102 1.66997 -2.95535 0.498725 1.95713 -0.0343264 -0.00873926 0.0591093 -0.00751517 0.00693129 -0.0129629 0.06891 0.768722 -0.0137187 -0.674171 1.43668 -2.94215 0.490308 1.97038 0.0285312 -0.091891 -0.174182 0.00568604 -0.00148499 0.000285834 0.198991 0.329838 -0.568869 2.13499 0.958841 -0.00296191 -0.00242249 -1.94801 -1.02506 0.796475 -0.196857 -0.000419672 8.18218e-05 -0.727009
324.838 -0.0422844 -0.58726 1.60476 -2.94838 0.490631 1.9697 -0.0761051 -0.590417 1.64385 -2.94255 0.504644 1.96608 -0.0338207 -0.00315746 0.0390848 0.00582116 0.014013 -0.00361174 0.0517825 0.929991 -0.0125589 -0.678207 1.43005 -2.94221 0.489225 1.96992 0.0297255 -0.0909471 -0.174716 0.00616395 -0.00140604 0.00022296 0.1992 0.356083 -0.568903 2.13484 0.952839 -0.00288289 -0.00116498 -1.94813 -1.02506 0.796475 -0.196857 -0.000419672 8.18218e-05 -0.727009
325.219 -0.0420129 -0.592922 1.59709 -2.94875 0.489474 1.96926 -0.0761306 -0.597193 1.64474 -2.96021 0.48705 1.96268 -0.0341177 -0.00427074 0.0476549 -0.0114598 -0.0024233 -0.00657106 0.0587643 0.600031 -0.0102172 -0.682524 1.4216 -2.94216 0.487697 1.96923 0.0317957 -0.0896015 -0.175483 0.00658888 -0.00177619 -2.13253e-05 0.199584 0.391671 -0.568832 2.13453 0.945024 -0.00262331 2.8154e-05 -1.94829 -1.02506 0.796475 -0.196857 -0.000419672 8.18218e-05 -0.727009
325.644 -0.0420864 -0.59624 1.59176 -2.94914 0.489133 1.96905 -0.0763013 -0.600873 1.63321 -2.96275 0.511782 1.94928 -0.0342149 -0.00463325 0.0414539 -0.0136135 0.0226486 -0.0197712 0.0539495 1.65162 -0.00873512 -0.684879 1.41574 -2.94235 0.487175 1.96884 0.0333513 -0.0886386 -0.176023 0.00678888 -0.00195774 -0.000212108 0.199883 0.410216 -0.568713 2.13419 0.939394 -0.00277425 0.00047621 -1.94841 -1.02506 0.796475 -0.196857 -0.000419672 8.18218e-05 -0.727009
325.997 -0.0425779 -0.598937 1.58675 -2.94984 0.489193 1.96895 -0.0763012 -0.606576 1.6332 -2.96353 0.509732 1.94892 -0.0337233 -0.00763832 0.0464546 -0.0136926 0.0205387 -0.0200234 0.0579105 1.56648 -0.00831121 -0.68638 1.40998 -2.94273 0.487404 1.96858 0.0342667 -0.0874431 -0.176773 0.00710712 -0.00178897 -0.000363599 0.200173 0.429783 -0.568542 2.13372 0.933933 -0.00341217 0.000660638 -1.94851 -1.02506 0.796475 -0.196857 -0.000419672 8.18218e-05 -0.727009
326.924 -0.0435726 -0.60191 1.57645 -2.95111 0.491005 1.96917 -0.0770619 -0.60963 1.61855 -2.93447 0.503594 1.97263 -0.0334893 -0.00772014 0.042095 0.0166343 0.012589 0.00346267 0.0543426 1.1347 -0.00888278 -0.689078 1.39967 -2.94374 0.490563 1.9689 0.0346898 -0.0871679 -0.176786 0.00736245 -0.000442596 -0.000267448 0.200137 0.429783 -0.567813 2.13214 0.921993 -0.00531079 -0.000577869 -1.94866 -1.02506 0.796475 -0.196857 -0.000419672 8.18218e-05 -0.727009
327.303 -0.0437849 -0.602576 1.57257 -2.95166 0.491958 1.96934 -0.0772514 -0.608591 1.6083 -2.95292 0.514334 1.95658 -0.0334665 -0.00601545 0.0357294 -0.00125426 0.0223763 -0.0127682 0.0493233 1.46072 -0.0101807 -0.690568 1.39628 -2.9448 0.492205 1.96915 0.0336042 -0.0879921 -0.176293 0.00686653 0.00024739 -0.000192163 0.199877 0.398604 -0.56728 2.13126 0.917395 -0.00624368 -0.00126532 -1.94869 -1.02506 0.796475 -0.196857 -0.000419672 8.18218e-05 -0.727009
327.731 -0.0436771 -0.603554 1.56782 -2.95252 0.492952 1.96955 -0.0789368 -0.623916 1.64323 -2.96168 0.478881 1.96154 -0.0352598 -0.0203617 0.0754124 -0.00916038 -0.0140702 -0.00800691 0.0857023 0.954496 -0.0110027 -0.691896 1.39176 -2.94745 0.493962 1.96933 0.0326744 -0.0883415 -0.176057 0.00506942 0.00101011 -0.000213678 0.199669 0.302612 -0.566272 2.12994 0.911995 -0.00747856 -0.00188983 -1.9487 -1.02506 0.796475 -0.196857 -0.000419672 8.18218e-05 -0.727009
328.09 -0.0432387 -0.604261 1.5647 -2.95319 0.493509 1.96968 -0.0768011 -0.604082 1.58535 -2.96729 0.520198 1.9658 -0.0335624 0.000179255 0.0206538 -0.0141013 0.0266899 -0.0038789 0.0394087 1.69304 -0.0111517 -0.692734 1.38874 -2.94944 0.494879 1.96941 0.032087 -0.0884728 -0.175958 0.00374928 0.00137082 -0.000262825 0.199545 0.235734 -0.565247 2.12883 0.908599 -0.00836644 -0.00217135 -1.94869 -1.02506 0.796475 -0.196857 -0.000419672 8.18218e-05 -0.727009
328.953 -0.0403955 -0.605277 1.55995 -2.9538 0.493971 1.96984 -0.075872 -0.618031 1.60913 -2.96884 0.496148 1.95418 -0.0354765 -0.0127533 0.0491766 -0.0150391 0.00217702 -0.0156627 0.0619642 0.910427 -0.0129816 -0.693982 1.3841 -2.95233 0.496166 1.96974 0.0274139 -0.0887048 -0.175848 0.00146973 0.00219497 -0.000101425 0.198853 0.153233 -0.562377 2.12632 0.903703 -0.00917778 -0.00238841 -1.94863 -1.02506 0.796475 -0.196857 -0.000419672 8.18218e-05 -0.727009
329.693 -0.0334921 -0.605765 1.55717 -2.95306 0.493244 1.96977 -0.0716043 -0.618967 1.6079 -2.96613 0.495901 1.95573 -0.0381122 -0.0132028 0.0507286 -0.0130674 0.00265719 -0.0140434 0.0648093 0.811806 -0.0114646 -0.69451 1.38127 -2.95339 0.495914 1.96985 0.0220275 -0.0887459 -0.175899 -0.000329197 0.00267018 7.52782e-05 0.198246 0.153233 -0.557577 2.12288 0.901527 -0.00820018 -0.00197202 -1.94856 -1.02506 0.796475 -0.196857 -0.000419672 8.18218e-05 -0.727009
330.118 -0.0296861 -0.605917 1.55674 -2.95253 0.492524 1.96963 -0.0657209 -0.610487 1.58399 -2.93657 0.516731 1.96909 -0.0360348 -0.00456958 0.0272558 0.015959 0.0242071 -0.000536032 0.0454122 1.66976 -0.00925589 -0.694348 1.38063 -2.9532 0.495161 1.9697 0.0204302 -0.0884308 -0.176108 -0.000668129 0.00263745 7.34364e-05 0.198119 0.155766 -0.555085 2.12124 0.901677 -0.00738765 -0.0014894 -1.94855 -1.02506 0.796475 -0.196857 -0.000419672 8.18218e-05 -0.727009
330.593 -0.0245305 -0.605848 1.55675 -2.95207 0.49156 1.96939 -0.0599807 -0.601408 1.56037 -2.92165 0.523421 1.98011 -0.0354502 0.00443995 0.00362359 0.0304186 0.031861 0.0107192 0.0359104 2.38884 -0.00619999 -0.694655 1.38083 -2.95288 0.493924 1.9694 0.0183305 -0.0888065 -0.175915 -0.000810739 0.00236485 1.0584e-05 0.197911 0.142653 -0.551436 2.1189 0.902671 -0.00651719 -0.000756731 -1.94857 -1.02506 0.796475 -0.196857 -0.000419672 8.18218e-05 -0.727009
331.022 -0.0204797 -0.604853 1.55742 -2.95159 0.491225 1.96929 -0.0574195 -0.611289 1.58429 -2.94838 0.50141 1.96921 -0.0369399 -0.00643583 0.0268732 0.00321476 0.0101855 -7.81472e-05 0.0461318 0.612936 -0.00415539 -0.695903 1.38278 -2.95226 0.493027 1.96931 0.0163243 -0.0910494 -0.174643 -0.000664946 0.00180214 2.25877e-05 0.197627 0.111906 -0.548495 2.117 0.903899 -0.00589907 -0.000613951 -1.9486 -1.02506 0.796475 -0.196857 -0.000419672 8.18218e-05 -0.727009
331.47 -0.016297 -0.602785 1.55875 -2.95092 0.491377 1.96929 -0.0518824 -0.608473 1.58417 -2.9457 0.501638 1.9713 -0.0355855 -0.0056879 0.0254122 0.00521615 0.0102611 0.00201301 0.044096 0.644677 -0.00161927 -0.695713 1.38517 -2.95158 0.492653 1.96928 0.0146777 -0.0929282 -0.17358 -0.000668966 0.00127643 -7.90071e-06 0.197436 0.0839294 -0.545406 2.115 0.90552 -0.00531406 -0.000985289 -1.94863 -1.02506 0.796475 -0.196857 -0.000419672 8.18218e-05 -0.727009
331.944 -0.0104686 -0.59861 1.56138 -2.94969 0.492217 1.96943 -0.0480946 -0.610696 1.59726 -2.97377 0.505793 1.94859 -0.037626 -0.0120867 0.0358738 -0.0240728 0.0135756 -0.0208416 0.0533735 1.53519 0.00122544 -0.695578 1.39012 -2.95062 0.492478 1.96929 0.011694 -0.0969683 -0.171265 -0.000930694 0.00026134 -0.000145142 0.197158 0.0484566 -0.541084 2.11219 0.908163 -0.00452092 -0.00217956 -1.94866 -1.02506 0.796475 -0.196857 -0.000419672 8.18218e-05 -0.727009
332.405 -0.00564659 -0.594825 1.56374 -2.94839 0.493079 1.96961 -0.0435364 -0.609487 1.60698 -2.94127 0.481656 1.9626 -0.0378898 -0.014662 0.0432433 0.00712167 -0.0114226 -0.00701084 0.0593346 0.953676 0.00287205 -0.694682 1.39412 -2.94973 0.492437 1.96928 0.00851864 -0.0998576 -0.169618 -0.00133733 -0.000641853 -0.000333455 0.197014 0.0791294 -0.537704 2.11004 0.910309 -0.00367911 -0.00341686 -1.94867 -1.02506 0.796475 -0.196857 -0.000419672 8.18218e-05 -0.727009
332.85 -0.000566014 -0.590856 1.56624 -2.94691 0.494 1.96982 -0.0369432 -0.601445 1.59675 -2.95212 0.521476 1.956 -0.0363772 -0.0105889 0.0305145 -0.00520873 0.0274762 -0.013823 0.0486473 1.72192 0.00391666 -0.693607 1.39829 -2.94863 0.492727 1.96929 0.00448268 -0.10275 -0.16795 -0.00172072 -0.00127292 -0.000539236 0.196939 0.11535 -0.534218 2.10789 0.912526 -0.00270282 -0.00477304 -1.94867 -1.02506 0.796475 -0.196857 -0.000419672 8.18218e-05 -0.727009
333.124 0.00468317 -0.587054 1.56882 -2.94539 0.494814 1.97004 -0.031365 -0.595832 1.59666 -2.9489 0.522737 1.95841 -0.0360481 -0.00877836 0.0278382 -0.00350419 0.0279233 -0.0116279 0.0463842 1.70686 0.00609802 -0.692054 1.40218 -2.94769 0.49307 1.96934 0.00141485 -0.105 -0.166638 -0.00229447 -0.00174436 -0.000706151 0.196965 0.153233 -0.530643 2.10582 0.914861 -0.00165851 -0.00604228 -1.94865 -1.02506 0.796475 -0.196857 -0.000419672 8.18218e-05 -0.727009
333.572 0.0112157 -0.582477 1.5724 -2.94391 0.495829 1.97035 -0.0257877 -0.590226 1.59658 -2.94564 0.523987 1.96084 -0.0370034 -0.00774945 0.0241887 -0.00173041 0.0281583 -0.00950535 0.0448821 1.69003 0.00980674 -0.689843 1.40716 -2.94678 0.493905 1.96956 -0.00140898 -0.107366 -0.165238 -0.00287061 -0.00192391 -0.000784911 0.197061 0.185575 -0.525765 2.10326 0.918217 -0.000763726 -0.00748412 -1.94859 -1.02506 0.796475 -0.196857 -0.000419672 8.18218e-05 -0.727009
334.543 0.0199719 -0.577753 1.57789 -2.94308 0.49659 1.9707 -0.0155871 -0.58988 1.62062 -2.94217 0.503762 1.95184 -0.035559 -0.0121273 0.042726 0.000909276 0.00717196 -0.0188515 0.0568948 1.18002 0.0151612 -0.686599 1.41354 -2.94641 0.495205 1.97011 -0.00481072 -0.108846 -0.164354 -0.00332382 -0.00138427 -0.000585326 0.197187 0.193827 -0.518244 2.10004 0.923967 -0.000416279 -0.00846792 -1.94844 -1.02506 0.796475 -0.196857 -0.000419672 8.18218e-05 -0.727009
334.972 0.0253074 -0.57643 1.58164 -2.94336 0.496284 1.97073 -0.0107176 -0.59034 1.63172 -2.93712 0.477879 1.96584 -0.036025 -0.0139104 0.0500867 0.00624194 -0.0184052 -0.00489175 0.0632454 1.18828 0.0185696 -0.685533 1.41743 -2.94695 0.495626 1.97041 -0.00673779 -0.109103 -0.164211 -0.0035905 -0.000657812 -0.000318107 0.197267 0.201741 -0.513096 2.09837 0.92839 -0.000591539 -0.00809103 -1.94835 -1.02506 0.796475 -0.196857 -0.000419672 8.18218e-05 -0.727009
335.423 0.029586 -0.575786 1.5847 -2.9434 0.495809 1.9707 -0.00627234 -0.576227 1.59643 -2.935 0.526215 1.96899 -0.0358583 -0.000441194 0.0117273 0.00839833 0.030406 -0.0017078 0.0377299 1.82263 0.0210366 -0.684776 1.42042 -2.94714 0.495643 1.97054 -0.00854941 -0.10899 -0.164289 -0.00374887 -0.000166401 -0.000159383 0.197339 0.211218 -0.509165 2.09736 0.931982 -0.000448219 -0.0076421 -1.94828 -1.02506 0.796475 -0.196857 -0.000419672 8.18218e-05 -0.727009
335.857 0.0342669 -0.574987 1.5881 -2.94301 0.495336 1.97066 -0.000697316 -0.573435 1.59642 -2.93213 0.526382 1.97123 -0.0349642 0.00155233 0.00832164 0.0108858 0.0310457 0.000569574 0.0359743 1.87993 0.0254908 -0.683717 1.42366 -2.94691 0.495794 1.97066 -0.00877608 -0.108729 -0.16444 -0.00389697 0.000457877 2.49522e-06 0.197331 0.225554 -0.505186 2.09653 0.935743 8.75013e-05 -0.00733665 -1.94823 -1.02506 0.796475 -0.196857 -0.000419672 8.18218e-05 -0.727009
336.342 0.0403859 -0.57507 1.59243 -2.9428 0.494212 1.9705 0.00356722 -0.5841 1.6322 -2.94438 0.492112 1.97387 -0.0368186 -0.00903031 0.0397711 -0.00158333 -0.00210021 0.00337477 0.0549445 0.276953 0.0306136 -0.682582 1.42727 -2.9468 0.495919 1.97075 -0.00977221 -0.107513 -0.165157 -0.00400677 0.00170705 0.000252449 0.19731 0.256409 -0.499845 2.0957 0.940785 0.000752737 -0.00637598 -1.94815 -1.02506 0.796475 -0.196857 -0.000419672 8.18218e-05 -0.727009
336.776 0.0448199 -0.5756 1.59551 -2.94276 0.493268 1.97034 0.00849892 -0.579127 1.62022 -2.94283 0.518561 1.96407 -0.036321 -0.00352687 0.0247134 -7.58704e-05 0.0252933 -0.00627194 0.0440727 1.49253 0.0339349 -0.68312 1.43035 -2.94664 0.495631 1.97075 -0.010885 -0.107521 -0.165156 -0.00388151 0.0023631 0.000414571 0.197371 0.271242 -0.495846 2.09526 0.944387 0.00118504 -0.00551987 -1.9481 -1.02506 0.796475 -0.196857 -0.000419672 8.18218e-05 -0.727009
337.197 0.0494655 -0.576035 1.59854 -2.94239 0.492418 1.9702 0.0136351 -0.587348 1.64532 -2.94274 0.495517 1.95216 -0.0358304 -0.0113128 0.0467842 -0.000353381 0.00309885 -0.0180331 0.0600047 1.03892 0.0378588 -0.684204 1.43376 -2.94582 0.49526 1.97075 -0.0116067 -0.108169 -0.164772 -0.00342662 0.00284193 0.000547976 0.197447 0.268341 -0.491882 2.09496 0.947722 0.00188817 -0.00486296 -1.94806 -1.02506 0.796475 -0.196857 -0.000419672 8.18218e-05 -0.727009
337.58 0.0542202 -0.576633 1.60137 -2.94184 0.491546 1.97005 0.0194283 -0.585721 1.6448 -2.96982 0.495518 1.95407 -0.0347919 -0.00908762 0.0434253 -0.0279797 0.00397169 -0.0159819 0.056381 1.43858 0.0428443 -0.685332 1.43691 -2.94424 0.494501 1.97073 -0.0113759 -0.108699 -0.164462 -0.00239925 0.00295453 0.00067256 0.197465 0.23239 -0.487984 2.09476 0.950758 0.00277173 -0.00424872 -1.94802 -1.02506 0.796475 -0.196857 -0.000419672 8.18218e-05 -0.727009
338.015 0.0603625 -0.5778 1.60483 -2.94112 0.490328 1.96986 0.0251727 -0.585723 1.6448 -2.96755 0.494705 1.95592 -0.0351898 -0.00792324 0.0399687 -0.0264218 0.00437695 -0.0139387 0.0538386 1.3597 0.0479419 -0.685946 1.44006 -2.94219 0.492855 1.97053 -0.0124206 -0.108146 -0.164775 -0.00106313 0.00252768 0.000676984 0.197486 0.167859 -0.482952 2.09468 0.954446 0.0039506 -0.00337113 -1.94795 -1.02506 0.796475 -0.196857 -0.000419672 8.18218e-05 -0.727009
338.465 0.0646849 -0.579225 1.60716 -2.94078 0.489192 1.96967 0.0304006 -0.590092 1.65711 -2.94868 0.480893 1.97216 -0.0342843 -0.0108671 0.0499464 -0.00790611 -0.00829972 0.00249069 0.061548 0.715458 0.0516949 -0.68771 1.44259 -2.94073 0.491144 1.97015 -0.01299 -0.108485 -0.164575 4.4717e-05 0.00195184 0.000485642 0.197541 0.11535 -0.479351 2.09472 0.957092 0.00475631 -0.00244335 -1.94789 -1.02506 0.796475 -0.196857 -0.000419672 8.18218e-05 -0.727009
338.934 0.0687055 -0.581013 1.60943 -2.94062 0.487854 1.96943 0.0337525 -0.58745 1.64561 -2.9348 0.492524 1.95864 -0.034953 -0.0064371 0.0361752 0.00582102 0.00467038 -0.0107871 0.0507129 0.87133 0.0558528 -0.688468 1.44426 -2.93944 0.488803 1.96958 -0.0128526 -0.107455 -0.165174 0.00117915 0.000948681 0.000146742 0.19747 0.0839294 -0.47594 2.09483 0.959869 0.00547326 -0.0012607 -1.94783 -1.02506 0.796475 -0.196857 -0.000419672 8.18218e-05 -0.727009
339.417 0.0735475 -0.58324 1.61275 -2.94059 0.486066 1.96912 0.0395229 -0.588017 1.64517 -2.9448 0.506044 1.96418 -0.0340247 -0.00477783 0.0324206 -0.00421523 0.0199783 -0.00494207 0.0472398 1.17636 0.0599078 -0.688 1.44602 -2.93843 0.485898 1.96902 -0.0136398 -0.10476 -0.166735 0.00215897 -0.000168093 -0.00010738 0.197386 0.128204 -0.471755 2.09505 0.963985 0.00625237 0.000373221 -1.94774 -1.02506 0.796475 -0.196857 -0.000419672 8.18218e-05 -0.727009
339.869 0.0767777 -0.584284 1.61561 -2.94056 0.484958 1.96895 0.0423968 -0.588033 1.64521 -2.94366 0.505605 1.96513 -0.034381 -0.00374819 0.0296014 -0.00309764 0.0206471 -0.0038232 0.045523 1.20073 0.0628026 -0.688092 1.44833 -2.93782 0.484043 1.96871 -0.0139751 -0.103808 -0.167284 0.00273727 -0.000914423 -0.000245132 0.197371 0.172459 -0.468932 2.09521 0.967407 0.00673643 0.00138363 -1.94766 -1.02506 0.796475 -0.196857 -0.000419672 8.18218e-05 -0.727009
340.328 0.0794065 -0.58441 1.61884 -2.94062 0.484339 1.96889 0.046314 -0.59249 1.65773 -2.92531 0.491808 1.98104 -0.0330925 -0.00808018 0.0388858 0.0153012 0.00746817 0.0121544 0.0516964 0.92957 0.0662725 -0.687623 1.45121 -2.93725 0.482413 1.96851 -0.013134 -0.103212 -0.167635 0.00336236 -0.00192671 -0.000380967 0.197298 0.23239 -0.466409 2.09534 0.970998 0.00692487 0.00197149 -1.94759 -1.02506 0.796475 -0.196857 -0.000419672 8.18218e-05 -0.727009
340.774 0.0815573 -0.583102 1.62346 -2.94109 0.484501 1.96903 0.0496017 -0.596431 1.67084 -2.9442 0.482 1.95256 -0.0319556 -0.0133285 0.0473788 -0.00311074 -0.0025006 -0.016466 0.0586818 0.88647 0.0691682 -0.685543 1.45537 -2.93728 0.48228 1.96858 -0.0123891 -0.102441 -0.168091 0.00380977 -0.00222108 -0.000441294 0.197237 0.26393 -0.463525 2.09545 0.975667 0.00635892 0.00198397 -1.94751 -1.02506 0.796475 -0.196857 -0.000419672 8.18218e-05 -0.727009
341.207 0.0826052 -0.582213 1.62658 -2.94168 0.484629 1.96913 0.0510201 -0.585214 1.64537 -2.93971 0.505266 1.96822 -0.0315851 -0.0030009 0.0187886 0.00197097 0.0206374 -0.000907088 0.0368732 1.19124 0.0706268 -0.684233 1.45824 -2.93776 0.482332 1.96859 -0.0119785 -0.10202 -0.168345 0.00392584 -0.00229664 -0.000540258 0.197209 0.274112 -0.461702 2.09547 0.978912 0.00570463 0.00207054 -1.94745 -1.02506 0.796475 -0.196857 -0.000419672 8.18218e-05 -0.727009
341.646 0.0835271 -0.58159 1.62929 -2.94227 0.484577 1.96918 0.0521079 -0.586751 1.65787 -2.92199 0.492834 1.9834 -0.0314192 -0.00516004 0.0285818 0.0202721 0.00825695 0.0142168 0.0427868 1.16096 0.0714923 -0.682833 1.46049 -2.93881 0.481704 1.96842 -0.0120348 -0.101242 -0.168799 0.003458 -0.00287285 -0.000757141 0.1972 0.275536 -0.460146 2.09542 0.981899 0.00514874 0.00231764 -1.94739 -1.02506 0.796475 -0.196857 -0.000419672 8.18218e-05 -0.727009
341.944 0.0841957 -0.580873 1.63176 -2.94287 0.484569 1.96924 0.0540054 -0.589767 1.67056 -2.95567 0.497952 1.9577 -0.0301903 -0.0088938 0.0388021 -0.0128027 0.013383 -0.0115462 0.0499615 1.05165 0.0715962 -0.680401 1.46197 -2.94015 0.480958 1.9683 -0.0125995 -0.0995276 -0.169789 0.00271466 -0.00361071 -0.000939459 0.197212 0.278362 -0.458839 2.09529 0.984674 0.00455649 0.00253176 -1.94734 -1.02506 0.796475 -0.196857 -0.000419672 8.18218e-05 -0.727009
342.412 0.0848907 -0.579389 1.63489 -2.9435 0.484748 1.96937 0.0539964 -0.588247 1.67038 -2.95336 0.498839 1.95861 -0.0308944 -0.0088578 0.0354987 -0.00986126 0.0140905 -0.01076 0.0478861 1.01104 0.0718613 -0.678265 1.46472 -2.94206 0.48083 1.96844 -0.0130294 -0.0988758 -0.170168 0.00144588 -0.0039186 -0.000934935 0.19724 0.253338 -0.457455 2.09498 0.988167 0.00383556 0.00258335 -1.94726 -1.02506 0.796475 -0.196857 -0.000419672 8.18218e-05 -0.727009
342.825 0.0851632 -0.577418 1.63736 -2.94384 0.48528 1.96956 0.0538952 -0.576616 1.64544 -2.93698 0.507813 1.96997 -0.0312679 0.00080162 0.00807702 0.00685859 0.0225326 0.000406278 0.0323043 1.34639 0.0719343 -0.676176 1.46717 -2.94317 0.481838 1.96884 -0.0132289 -0.0987581 -0.170193 0.000671553 -0.00344209 -0.000727148 0.197215 0.209357 -0.456662 2.09462 0.990773 0.00323417 0.00220254 -1.9472 -1.02506 0.796475 -0.196857 -0.000419672 8.18218e-05 -0.727009
343.248 0.0852972 -0.574795 1.64006 -2.94409 0.486052 1.96981 0.0538952 -0.573743 1.64544 -2.93645 0.508818 1.97024 -0.031402 0.00105235 0.00538324 0.00764298 0.0227659 0.000428763 0.0318775 1.37231 0.0707212 -0.674586 1.4704 -2.94384 0.483386 1.96927 -0.014576 -0.0997904 -0.169657 0.000248373 -0.00266621 -0.000540523 0.197368 0.158259 -0.45605 2.09416 0.993465 0.00262444 0.00158388 -1.94714 -1.02506 0.796475 -0.196857 -0.000419672 8.18218e-05 -0.727009
343.609 0.0855748 -0.571156 1.64354 -2.94422 0.486975 1.97014 0.0566047 -0.582579 1.68356 -2.93457 0.488387 1.97461 -0.0289701 -0.0114231 0.040016 0.00964566 0.00141192 0.00447027 0.0507053 0.494956 0.0688409 -0.67204 1.47452 -2.94447 0.485936 1.96987 -0.0167339 -0.100884 -0.169019 -0.000249807 -0.00103944 -0.000273062 0.197548 0.0625573 -0.455466 2.09342 0.997133 0.00203164 0.000775132 -1.94704 -1.02506 0.796475 -0.196857 -0.000419672 8.18218e-05 -0.727009
344.005 0.0858584 -0.568387 1.64602 -2.94418 0.487594 1.97037 0.0554526 -0.573623 1.67028 -2.9511 0.503939 1.95985 -0.0304059 -0.00523536 0.0242577 -0.00691504 0.016345 -0.0105257 0.0392474 1.08173 0.0675393 -0.670266 1.4776 -2.94476 0.487221 1.97023 -0.0183191 -0.101879 -0.16842 -0.000578245 -0.000372545 -0.000142092 0.197687 0.0395647 -0.455172 2.09279 0.999842 0.0017345 0.000189575 -1.94696 -1.02506 0.796475 -0.196857 -0.000419672 8.18218e-05 -0.727009
344.384 0.0863014 -0.565 1.64859 -2.94382 0.488461 1.97067 0.0567612 -0.584248 1.71005 -2.949 0.48233 1.96413 -0.0295403 -0.0192476 0.061458 -0.00517617 -0.00613121 -0.0065393 0.0708533 0.498108 0.0667683 -0.668658 1.48118 -2.94468 0.488448 1.97061 -0.0195331 -0.103658 -0.167408 -0.000859781 -1.32634e-05 -5.58798e-05 0.197868 0.0484566 -0.45498 2.0921 1.00243 0.00163591 -0.000731069 -1.94687 -1.02506 0.796475 -0.196857 -0.000419672 8.18218e-05 -0.727009
344.781 0.0870083 -0.560741 1.6517 -2.94321 0.489434 1.97102 0.0554525 -0.564873 1.67029 -2.94954 0.506982 1.96065 -0.0315558 -0.0041316 0.0185919 -0.00632774 0.0175482 -0.0103737 0.0368578 1.13574 0.0666821 -0.665652 1.48503 -2.94435 0.489655 1.9711 -0.0203262 -0.104911 -0.166669 -0.00113372 0.000220987 7.65673e-05 0.197985 0.068528 -0.454857 2.09117 1.0057 0.00170364 -0.00183627 -1.94676 -1.02506 0.796475 -0.196857 -0.000419672 8.18218e-05 -0.727009
345.106 0.0875713 -0.5581 1.65385 -2.94282 0.489806 1.9712 0.0566214 -0.565496 1.68303 -2.94455 0.509442 1.97993 -0.0309499 -0.00739593 0.0291862 -0.00173418 0.0196359 0.00872305 0.0431791 1.25429 0.0666609 -0.663315 1.48734 -2.94422 0.490224 1.97138 -0.0209104 -0.105215 -0.1665 -0.0013979 0.000417814 0.000176758 0.198065 0.0884693 -0.454851 2.09048 1.00821 0.00185592 -0.00231195 -1.94667 -1.02506 0.796475 -0.196857 -0.000419672 8.18218e-05 -0.727009
345.907 0.088741 -0.552894 1.65856 -2.94189 0.490272 1.97148 0.0582546 -0.566318 1.71003 -2.94616 0.488399 1.9656 -0.0304863 -0.0134244 0.0514677 -0.0042694 -0.00187249 -0.0058846 0.061307 0.327456 0.0674725 -0.658639 1.4924 -2.94343 0.491345 1.97175 -0.0212685 -0.105745 -0.166162 -0.00153179 0.00107331 0.000263268 0.198102 0.11535 -0.455058 2.08922 1.01388 0.00243016 -0.00306046 -1.94653 -1.02506 0.796475 -0.196857 -0.000419672 8.18218e-05 -0.727009
346.301 0.0894594 -0.548847 1.66239 -2.94107 0.4907 1.97167 0.0597501 -0.56337 1.71015 -2.9442 0.488869 1.96683 -0.0297093 -0.0145237 0.0477593 -0.00312498 -0.00183161 -0.00484163 0.0580907 0.271242 0.0677868 -0.656225 1.49719 -2.94188 0.492367 1.97188 -0.0216725 -0.107378 -0.165198 -0.000809887 0.00166686 0.00021399 0.198217 0.108352 -0.455371 2.08852 1.0183 0.00296137 -0.00373753 -1.94645 -1.02506 0.796475 -0.196857 -0.000419672 8.18218e-05 -0.727009
346.744 0.0897785 -0.545365 1.66562 -2.94042 0.49125 1.97185 0.0595539 -0.548867 1.68389 -2.92648 0.49965 1.97872 -0.0302246 -0.00350194 0.0182743 0.0139456 0.00840073 0.00687077 0.0354928 0.852257 0.0703378 -0.653392 1.50081 -2.94062 0.493145 1.972 -0.0194407 -0.108027 -0.164809 -0.000199702 0.00189548 0.000148812 0.198015 0.108352 -0.455707 2.0881 1.02183 0.00329466 -0.00446757 -1.9464 -1.02506 0.796475 -0.196857 -0.000419672 8.18218e-05 -0.727009
347.205 0.0896274 -0.542306 1.66883 -2.94014 0.49168 1.97201 0.0597596 -0.553407 1.70935 -2.95737 0.507822 1.97105 -0.0298678 -0.0111014 0.0405217 -0.0172335 0.0161414 -0.000961376 0.0515493 1.33472 0.07349 -0.650724 1.50424 -2.93977 0.493688 1.97206 -0.0161374 -0.108418 -0.164591 0.000368358 0.00200753 5.82461e-05 0.19775 0.11535 -0.456132 2.08781 1.02545 0.00334114 -0.00496213 -1.94636 -1.02506 0.796475 -0.196857 -0.000419672 8.18218e-05 -0.727009
347.501 0.0883728 -0.53948 1.6728 -2.9407 0.491894 1.97214 0.0597503 -0.548442 1.71017 -2.9415 0.493944 1.96816 -0.0286225 -0.00896208 0.0373683 -0.000806692 0.00204939 -0.00397941 0.0479162 0.240663 0.0750023 -0.648662 1.50864 -2.93986 0.493433 1.97197 -0.0133704 -0.109182 -0.164166 0.000837107 0.00153868 -0.000168005 0.19761 0.104678 -0.456824 2.08762 1.03026 0.00267351 -0.00496615 -1.94628 -1.02506 0.796475 -0.196857 -0.000419672 8.18218e-05 -0.727009
347.896 0.0869378 -0.537731 1.67568 -2.94146 0.492042 1.97225 0.0594495 -0.54979 1.72381 -2.92352 0.480709 1.98283 -0.0274882 -0.0120586 0.0481349 0.0179392 -0.0113322 0.0105789 0.0567272 1.12396 0.0753182 -0.647638 1.51191 -2.94065 0.493144 1.97192 -0.0116196 -0.109907 -0.16376 0.000807202 0.00110265 -0.000330967 0.197565 0.0839294 -0.457415 2.08763 1.03375 0.00185751 -0.0048405 -1.94621 -1.02506 0.796475 -0.196857 -0.000419672 8.18218e-05 -0.727009
348.25 0.0856167 -0.53593 1.6785 -2.94201 0.492256 1.97237 0.0567617 -0.542448 1.71011 -2.94158 0.496466 1.96779 -0.028855 -0.0065178 0.0316073 0.000428076 0.00420919 -0.00458455 0.0432911 0.36584 0.0743085 -0.646495 1.51512 -2.94186 0.492633 1.97183 -0.0113082 -0.110565 -0.163385 0.00015141 0.000376149 -0.000541413 0.197604 0.0395647 -0.458041 2.08775 1.03705 0.0012004 -0.00484675 -1.94615 -1.02506 0.796475 -0.196857 -0.000419672 8.18218e-05 -0.727009
348.614 0.0842055 -0.533656 1.68211 -2.94239 0.49251 1.97253 0.0553986 -0.547952 1.73712 -2.95955 0.488905 1.95563 -0.0288069 -0.0142952 0.0550132 -0.0171621 -0.00360476 -0.0168979 0.0637232 1.0245 0.0733354 -0.644431 1.51885 -2.94323 0.492194 1.97182 -0.0108701 -0.110774 -0.163263 -0.000838196 -0.000315557 -0.000704974 0.197595 0.0484566 -0.458894 2.08807 1.04114 0.000683706 -0.00495028 -1.94606 -1.02506 0.796475 -0.196857 -0.000419672 8.18218e-05 -0.727009
348.959 0.0833992 -0.532362 1.68461 -2.94251 0.492507 1.9726 0.0537734 -0.536457 1.71006 -2.94167 0.499002 1.96741 -0.0296258 -0.00409455 0.0254457 0.000837842 0.00649527 -0.0051929 0.0392675 0.492578 0.0736904 -0.643297 1.52144 -2.94408 0.491898 1.97195 -0.00970877 -0.110935 -0.163168 -0.00156945 -0.000608925 -0.000654532 0.197546 0.0884693 -0.459529 2.08842 1.04401 0.000531529 -0.00490546 -1.94599 -1.02506 0.796475 -0.196857 -0.000419672 8.18218e-05 -0.727009
349.333 0.0825005 -0.531552 1.6869 -2.94276 0.492353 1.97265 0.052278 -0.533429 1.70993 -2.9426 0.500594 1.9667 -0.0302225 -0.00187711 0.0230246 0.000160697 0.00824079 -0.00595174 0.0380402 0.584838 0.0733485 -0.642487 1.52372 -2.94502 0.491832 1.97225 -0.00915205 -0.110934 -0.163184 -0.00226056 -0.000521138 -0.000396607 0.197532 0.125115 -0.460155 2.08886 1.0467 0.000325162 -0.00467752 -1.94592 -1.02506 0.796475 -0.196857 -0.000419672 8.18218e-05 -0.727009
349.682 0.0815962 -0.530871 1.68908 -2.943 0.492217 1.9727 0.0535556 -0.545386 1.75084 -2.95661 0.492644 1.9741 -0.0280405 -0.0145143 0.061754 -0.0136142 0.000427512 0.0013982 0.0693577 0.821391 0.0732057 -0.643167 1.52669 -2.94613 0.492258 1.97268 -0.00839043 -0.112296 -0.162395 -0.00313378 4.14477e-05 -2.54025e-05 0.197618 0.179137 -0.460767 2.08939 1.04921 0.000123092 -0.00447103 -1.94585 -1.02506 0.796475 -0.196857 -0.000419672 8.18218e-05 -0.727009
350.036 0.0805924 -0.528935 1.69234 -2.94284 0.492603 1.97289 0.0504113 -0.534662 1.72358 -2.92414 0.487277 1.9815 -0.030181 -0.00572751 0.0312415 0.0186967 -0.00532622 0.00860763 0.0438147 0.993472 0.0730896 -0.643471 1.53126 -2.94686 0.493742 1.97337 -0.00750276 -0.114537 -0.16108 -0.00402466 0.00113926 0.000477134 0.197792 0.253338 -0.461554 2.0902 1.05242 4.71607e-05 -0.00488092 -1.94576 -1.02506 0.796475 -0.196857 -0.000419672 8.18218e-05 -0.727009
350.475 0.0800055 -0.527009 1.69502 -2.94245 0.493132 1.97307 0.0504113 -0.531652 1.72358 -2.92357 0.488306 1.98177 -0.0295942 -0.00464297 0.028564 0.0188704 -0.00482653 0.00869746 0.0413917 0.993078 0.0730513 -0.643357 1.53501 -2.94677 0.495048 1.97387 -0.00695419 -0.116348 -0.160008 -0.00432697 0.00191612 0.00079771 0.197959 0.29342 -0.462116 2.09091 1.05483 0.00014684 -0.00550393 -1.94571 -1.02506 0.796475 -0.196857 -0.000419672 8.18218e-05 -0.727009
351.245 0.0778247 -0.524378 1.70116 -2.94248 0.493733 1.97329 0.0493305 -0.530709 1.73777 -2.94102 0.51117 1.95911 -0.0284941 -0.00633086 0.0366063 0.0014554 0.0174368 -0.014181 0.046819 1.31552 0.0730916 -0.643347 1.5427 -2.94703 0.496967 1.97454 -0.00473309 -0.11897 -0.158463 -0.00455344 0.00323441 0.00125034 0.198208 0.353878 -0.463299 2.09298 1.06068 -0.000201451 -0.00604491 -1.94563 -1.02506 0.796475 -0.196857 -0.000419672 8.18218e-05 -0.727009
351.678 0.0764787 -0.523982 1.70378 -2.94294 0.493785 1.97333 0.0474385 -0.533133 1.75078 -2.95683 0.497733 1.97336 -0.0290402 -0.00915123 0.046993 -0.013892 0.00394794 3.15819e-05 0.0559948 0.828507 0.0733683 -0.644066 1.54597 -2.94727 0.497316 1.97459 -0.00311047 -0.120084 -0.157815 -0.00433526 0.0035309 0.00125785 0.198331 0.353878 -0.463733 2.09407 1.06328 -0.000671074 -0.00593378 -1.94561 -1.02506 0.796475 -0.196857 -0.000419672 8.18218e-05 -0.727009
352.031 0.0750676 -0.52366 1.70649 -2.94346 0.493869 1.97338 0.0462943 -0.527656 1.73771 -2.9417 0.512702 1.95844 -0.0287732 -0.00399617 0.0312175 0.00175667 0.0188327 -0.0149452 0.0426427 1.41084 0.0748228 -0.646704 1.55041 -2.94714 0.497686 1.97458 -0.000244784 -0.123044 -0.156081 -0.00368711 0.00381704 0.00119464 0.198749 0.333378 -0.464106 2.09525 1.0659 -0.00121124 -0.0058323 -1.94558 -1.02506 0.796475 -0.196857 -0.000419672 8.18218e-05 -0.727009
352.408 0.0731138 -0.522739 1.71039 -2.94408 0.494361 1.97354 0.0443803 -0.530066 1.75075 -2.95749 0.499248 1.97272 -0.0287336 -0.00732668 0.0403534 -0.0134115 0.00488697 -0.000824533 0.0500769 0.797703 0.0750648 -0.649733 1.55663 -2.94639 0.498078 1.97457 0.00195096 -0.126994 -0.153759 -0.00230823 0.00371715 0.00102563 0.199432 0.271242 -0.46448 2.09698 1.06936 -0.00204119 -0.00607053 -1.94553 -1.02506 0.796475 -0.196857 -0.000419672 8.18218e-05 -0.727009
352.77 0.0719781 -0.521955 1.71339 -2.94429 0.494797 1.97368 0.0428095 -0.528721 1.75134 -2.92394 0.499937 1.97272 -0.0291686 -0.00676616 0.0379519 0.0203558 0.00514046 -0.000965202 0.0483419 1.2294 0.0749012 -0.651904 1.56138 -2.94515 0.498031 1.97441 0.00292305 -0.129949 -0.152012 -0.000855143 0.00323404 0.000731858 0.200008 0.201741 -0.464639 2.09838 1.07186 -0.00245833 -0.00639825 -1.9455 -1.02506 0.796475 -0.196857 -0.000419672 8.18218e-05 -0.727009
353.226 0.0713139 -0.521519 1.71625 -2.94426 0.495048 1.97378 0.0413222 -0.527 1.75072 -2.95816 0.500766 1.97207 -0.0299917 -0.00548075 0.0344682 -0.0138993 0.0057181 -0.00171338 0.0460174 0.822344 0.0745839 -0.653083 1.5652 -2.94407 0.497559 1.97423 0.00327 -0.131564 -0.151054 0.000186638 0.00251031 0.000454349 0.200343 0.14537 -0.464677 2.09987 1.0742 -0.00256166 -0.00664119 -1.94546 -1.02506 0.796475 -0.196857 -0.000419672 8.18218e-05 -0.727009
353.628 0.0712511 -0.52154 1.7189 -2.9439 0.495048 1.97382 0.0402229 -0.521556 1.73761 -2.94308 0.515774 1.95707 -0.0310282 -1.5721e-05 0.018712 0.0008202 0.0207258 -0.0167462 0.0362338 1.54155 0.0732944 -0.653778 1.56825 -2.94295 0.496704 1.97402 0.00204335 -0.132237 -0.150655 0.000952458 0.00165607 0.000205685 0.200469 0.108352 -0.464588 2.10146 1.07632 -0.0022437 -0.00676441 -1.94543 -1.02506 0.796475 -0.196857 -0.000419672 8.18218e-05 -0.727009
353.986 0.0724093 -0.522108 1.7221 -2.94263 0.494684 1.97379 0.0413128 -0.524832 1.75111 -2.93938 0.516995 1.97633 -0.0310964 -0.00272355 0.0290153 0.00324863 0.0223111 0.00254714 0.042618 1.28998 0.0728151 -0.653928 1.57119 -2.94119 0.495424 1.97377 0.000405848 -0.13182 -0.150903 0.00143215 0.000739949 -1.46366e-05 0.200371 0.0927874 -0.464292 2.10375 1.07869 -0.000909812 -0.00686936 -1.94539 -1.02506 0.796475 -0.196857 -0.000419672 8.18218e-05 -0.727009
354.371 0.0736583 -0.522971 1.72421 -2.94144 0.494266 1.97372 0.0427761 -0.532318 1.77881 -2.97527 0.492524 1.961 -0.0308823 -0.00934659 0.0545987 -0.0338259 -0.00174183 -0.0127201 0.0634199 1.72033 0.0717439 -0.654002 1.57285 -2.93998 0.49486 1.97368 -0.00191446 -0.131031 -0.151364 0.00146075 0.000594024 -4.45627e-05 0.20021 0.0927874 -0.463978 2.10561 1.0801 0.000375108 -0.00689258 -1.94538 -1.02506 0.796475 -0.196857 -0.000419672 8.18218e-05 -0.727009
354.723 0.0749111 -0.524004 1.72616 -2.94021 0.493899 1.97365 0.0438639 -0.538703 1.79495 -2.92221 0.475076 1.97641 -0.0310471 -0.0146997 0.068794 0.0179985 -0.0188239 0.00275827 0.0768936 1.44915 0.0720326 -0.653804 1.57408 -2.93846 0.4948 1.97367 -0.00287841 -0.1298 -0.152077 0.00174901 0.000900318 1.81987e-05 0.19996 0.111906 -0.463632 2.10761 1.08119 0.00168969 -0.0069808 -1.94537 -1.02506 0.796475 -0.196857 -0.000419672 8.18218e-05 -0.727009
355.092 0.0760817 -0.526249 1.72833 -2.93896 0.493287 1.97352 0.0458695 -0.534393 1.78054 -2.94013 0.490556 1.96192 -0.0302121 -0.00814378 0.052206 -0.00117648 -0.00273157 -0.0116025 0.0608651 0.654916 0.0724254 -0.654718 1.57547 -2.93677 0.494742 1.97359 -0.00365629 -0.128469 -0.152857 0.00218882 0.00145464 6.65638e-05 0.199707 0.148038 -0.463192 2.11052 1.08218 0.00314194 -0.00685072 -1.94537 -1.02506 0.796475 -0.196857 -0.000419672 8.18218e-05 -0.727009
355.573 0.07605 -0.52866 1.72964 -2.93868 0.492808 1.9734 0.0458761 -0.53484 1.77942 -2.95397 0.507374 1.96623 -0.0301738 -0.00617981 0.0497765 -0.0152838 0.0145655 -0.00716505 0.058535 1.13436 0.0735932 -0.656126 1.57618 -2.93616 0.494632 1.97353 -0.0024567 -0.127466 -0.153463 0.00251922 0.00182411 0.000129734 0.19951 0.174713 -0.462924 2.11291 1.0826 0.00362198 -0.00650319 -1.94538 -1.02506 0.796475 -0.196857 -0.000419672 8.18218e-05 -0.727009
355.95 0.0749385 -0.531559 1.73075 -2.93915 0.492449 1.9733 0.0458761 -0.537948 1.77941 -2.9545 0.506313 1.96596 -0.0290624 -0.00638893 0.0486636 -0.0153544 0.0138635 -0.00733777 0.0570402 1.10783 0.073575 -0.657874 1.57659 -2.93624 0.494383 1.97348 -0.00136352 -0.126316 -0.154159 0.00290934 0.00193422 0.000186917 0.199305 0.195835 -0.462734 2.11545 1.08278 0.0033577 -0.00601353 -1.9454 -1.02506 0.796475 -0.196857 -0.000419672 8.18218e-05 -0.727009
356.339 0.0722606 -0.535734 1.732 -2.9405 0.492243 1.97322 0.0439227 -0.536667 1.76493 -2.91919 0.499751 1.99238 -0.028338 -0.000933411 0.0329272 0.0213117 0.00750784 0.0191559 0.0434525 1.26702 0.0736285 -0.660952 1.57717 -2.93707 0.493891 1.97327 0.00136785 -0.125219 -0.154831 0.00343164 0.00164814 5.04084e-05 0.199134 0.216705 -0.462592 2.11907 1.08264 0.00219812 -0.00535797 -1.94541 -1.02506 0.796475 -0.196857 -0.000419672 8.18218e-05 -0.727009
356.734 0.0699585 -0.539428 1.73259 -2.94173 0.49198 1.97313 0.0427678 -0.544151 1.77937 -2.95677 0.504658 1.96448 -0.0271907 -0.00472291 0.0467761 -0.0150453 0.0126784 -0.00865724 0.0543107 1.05276 0.0729987 -0.66374 1.57721 -2.93816 0.493209 1.97293 0.00304016 -0.124311 -0.155388 0.00357172 0.00122891 -0.000207578 0.199017 0.222056 -0.462542 2.12191 1.08221 0.00117457 -0.00468962 -1.94543 -1.02506 0.796475 -0.196857 -0.000419672 8.18218e-05 -0.727009
357.547 0.0667041 -0.547754 1.73302 -2.94324 0.490842 1.97283 0.036538 -0.553 1.78036 -2.94686 0.485677 1.95768 -0.0301661 -0.00524571 0.0473323 -0.00361455 -0.00516547 -0.015145 0.0563724 0.845341 0.0735693 -0.66503 1.57348 -2.93936 0.490566 1.97266 0.00686526 -0.117276 -0.159543 0.00388409 -0.000275802 -0.000165234 0.198128 0.227282 -0.462494 2.12776 1.08061 0.000292725 -0.00311533 -1.94547 -1.02506 0.796475 -0.196857 -0.000419672 8.18218e-05 -0.727009
357.911 0.0655066 -0.55341 1.73326 -2.94354 0.489789 1.97258 0.0365498 -0.557591 1.78008 -2.94329 0.516665 1.9653 -0.0289568 -0.00418168 0.0468188 0.000250633 0.0268761 -0.00728111 0.0552086 1.59716 0.0743746 -0.666141 1.57106 -2.93889 0.489391 1.97281 0.00886793 -0.112732 -0.162196 0.00465455 -0.000397486 0.000228781 0.197724 0.262443 -0.46249 2.13169 1.07954 0.000493299 -0.00204727 -1.94547 -1.02506 0.796475 -0.196857 -0.000419672 8.18218e-05 -0.727009
358.32 0.064543 -0.557189 1.73371 -2.94372 0.489172 1.97245 0.0344771 -0.567402 1.79396 -2.94415 0.484209 1.97616 -0.0300659 -0.0102125 0.0602504 -0.000425392 -0.0049636 0.00370469 0.0681056 0.362617 0.0741926 -0.666362 1.56944 -2.93845 0.489231 1.97307 0.00964953 -0.109173 -0.164267 0.00527367 5.86972e-05 0.000618927 0.197473 0.286674 -0.462522 2.13461 1.07895 0.000595414 -0.00141796 -1.94547 -1.02506 0.796475 -0.196857 -0.000419672 8.18218e-05 -0.727009
358.701 0.0633925 -0.560327 1.73452 -2.94393 0.488822 1.97239 0.0334442 -0.565879 1.77927 -2.96395 0.498663 1.95985 -0.0299483 -0.00555137 0.0447551 -0.0200214 0.00984082 -0.0125368 0.0541363 1.17002 0.0722696 -0.666145 1.5683 -2.93836 0.489668 1.97315 0.00887703 -0.105818 -0.166217 0.00557026 0.00084562 0.000755771 0.197242 0.305187 -0.462598 2.13748 1.07864 0.000548877 -0.00102255 -1.94545 -1.02506 0.796475 -0.196857 -0.000419672 8.18218e-05 -0.727009
359.148 0.0612748 -0.563667 1.73615 -2.94447 0.488778 1.9724 0.0329125 -0.573671 1.79397 -2.94664 0.482693 1.9747 -0.0283623 -0.0100045 0.0578228 -0.00217247 -0.00608544 0.00229754 0.0651765 0.41212 0.0700434 -0.666267 1.56807 -2.93933 0.490643 1.97324 0.00876862 -0.1026 -0.168071 0.00514088 0.00186501 0.000840227 0.197108 0.294751 -0.462769 2.14122 1.07869 5.69523e-05 -0.000799325 -1.94543 -1.02506 0.796475 -0.196857 -0.000419672 8.18218e-05 -0.727009
360.136 0.0574132 -0.566644 1.73947 -2.94538 0.48966 1.97259 0.0284979 -0.568295 1.76499 -2.91339 0.50717 1.98882 -0.0289154 -0.00165136 0.0255216 0.0319902 0.0175094 0.0162342 0.0386028 1.89754 0.0663649 -0.666041 1.56956 -2.94206 0.49268 1.97351 0.00895163 -0.099397 -0.169911 0.0033185 0.00301979 0.00092618 0.197052 0.243893 -0.46312 2.14657 1.07932 -0.00119198 -0.00129586 -1.94544 -1.02506 0.796475 -0.196857 -0.000419672 8.18218e-05 -0.727009
360.648 0.0547741 -0.568891 1.74131 -2.94614 0.490135 1.97264 0.0266308 -0.577642 1.79411 -2.9309 0.498465 1.97667 -0.0281434 -0.00875128 0.052792 0.0152425 0.00832988 0.00402788 0.0604618 0.923233 0.065597 -0.662 1.56778 -2.94351 0.492815 1.97385 0.0108229 -0.093109 -0.17354 0.002633 0.00267922 0.00120854 0.197237 0.203672 -0.463336 2.14997 1.07951 -0.00209513 -0.00147054 -1.94549 -1.02506 0.796475 -0.196857 -0.000419672 8.18218e-05 -0.727009
361.058 0.0529007 -0.571622 1.74211 -2.94694 0.489975 1.97256 0.0235124 -0.57991 1.79388 -2.95112 0.482003 1.97153 -0.0293882 -0.00828769 0.0517655 -0.00417986 -0.00797239 -0.00102732 0.0601001 0.505904 0.0655425 -0.65938 1.56549 -2.94419 0.492726 1.97405 0.0126418 -0.0877576 -0.176626 0.00274864 0.00275112 0.00149417 0.197631 0.211218 -0.463449 2.15243 1.07944 -0.00275012 -0.00104506 -1.94553 -1.02506 0.796475 -0.196857 -0.000419672 8.18218e-05 -0.727009
361.418 0.0509734 -0.575241 1.74249 -2.94805 0.489402 1.97238 0.0219438 -0.583028 1.79383 -2.95133 0.480916 1.97135 -0.0290295 -0.00778725 0.0513377 -0.00327899 -0.00848563 -0.00102107 0.0594888 0.514343 0.0646748 -0.658727 1.56343 -2.94479 0.492802 1.97411 0.0137014 -0.0834857 -0.17906 0.00325953 0.00340034 0.00173543 0.19804 0.254878 -0.463501 2.15479 1.07928 -0.00350649 -0.000136291 -1.94558 -1.02506 0.796475 -0.196857 -0.000419672 8.18218e-05 -0.727009
361.829 0.0490193 -0.579134 1.74275 -2.94938 0.488654 1.97216 0.0192498 -0.577502 1.76486 -2.91862 0.505512 1.98518 -0.0297695 0.00163207 0.0221043 0.0307668 0.016858 0.0130168 0.0371145 1.82821 0.0633993 -0.658241 1.56121 -2.94578 0.492742 1.97404 0.01438 -0.0791076 -0.181542 0.0036026 0.00408802 0.00187918 0.19855 0.297394 -0.463478 2.157 1.07924 -0.00439544 0.00101134 -1.94562 -1.02506 0.796475 -0.196857 -0.000419672 8.18218e-05 -0.727009
362.219 0.0465667 -0.584106 1.74316 -2.95125 0.487621 1.97187 0.0172303 -0.590146 1.79401 -2.93652 0.49572 1.97288 -0.0293364 -0.00604023 0.050847 0.0147279 0.00809924 0.00100914 0.0590129 0.940452 0.061276 -0.658893 1.5592 -2.94748 0.492649 1.974 0.0147092 -0.0747874 -0.18396 0.00377366 0.00502832 0.00212352 0.199125 0.34605 -0.463308 2.15965 1.07944 -0.00565537 0.00260695 -1.94568 -1.02506 0.796475 -0.196857 -0.000419672 8.18218e-05 -0.727009
362.58 0.0451348 -0.587086 1.74365 -2.95239 0.487042 1.97169 0.015678 -0.595549 1.79379 -2.95559 0.47774 1.96864 -0.0294567 -0.00846272 0.0501426 -0.00319321 -0.00930129 -0.00304716 0.0587673 0.564406 0.0592245 -0.659509 1.55837 -2.94865 0.492375 1.97393 0.0140898 -0.0724227 -0.185277 0.00373987 0.00533372 0.00224235 0.199427 0.360452 -0.463057 2.16135 1.07974 -0.00644022 0.00353311 -1.94573 -1.02506 0.796475 -0.196857 -0.000419672 8.18218e-05 -0.727009
363.025 0.0444426 -0.589079 1.74435 -2.95298 0.486702 1.97156 0.0141437 -0.59763 1.79297 -2.9721 0.494164 1.97124 -0.0302989 -0.00855131 0.0486203 -0.0191224 0.00746153 -0.000321078 0.057923 1.16802 0.0580613 -0.658808 1.55755 -2.94924 0.491882 1.97385 0.0136188 -0.0697295 -0.186798 0.00373549 0.00517965 0.00229027 0.199853 0.35277 -0.462686 2.16275 1.08011 -0.00680844 0.00404586 -1.94578 -1.02506 0.796475 -0.196857 -0.000419672 8.18218e-05 -0.727009
363.427 0.0449746 -0.59041 1.74551 -2.95272 0.486434 1.97144 0.0140972 -0.59954 1.79398 -2.93922 0.493097 1.97123 -0.0308774 -0.00913029 0.0484708 0.0135038 0.00666304 -0.000212376 0.058191 0.86818 0.0578997 -0.658374 1.5577 -2.94865 0.491482 1.97372 0.0129251 -0.0679646 -0.187812 0.00407551 0.00504753 0.00227994 0.200149 0.356083 -0.461999 2.16412 1.08071 -0.00642056 0.004206 -1.94583 -1.02506 0.796475 -0.196857 -0.000419672 8.18218e-05 -0.727009
363.885 0.0462602 -0.590606 1.7465 -2.95195 0.486315 1.97136 0.0140972 -0.59954 1.79398 -2.93922 0.493097 1.97123 -0.032163 -0.00893377 0.0474848 0.0127307 0.00678222 -0.000132288 0.0580438 0.829451 0.0587584 -0.657291 1.55794 -2.94732 0.491408 1.97355 0.0124982 -0.0666843 -0.188563 0.00463259 0.00509346 0.00218974 0.200397 0.3743 -0.461356 2.16479 1.08124 -0.00561382 0.00404877 -1.94588 -1.02506 0.796475 -0.196857 -0.000419672 8.18218e-05 -0.727009
364.276 0.047792 -0.590291 1.74754 -2.95107 0.486306 1.9713 0.014812 -0.595234 1.77872 -2.97105 0.523292 1.95939 -0.03298 -0.0049435 0.0311856 -0.0199821 0.0369852 -0.0119009 0.0456581 2.34752 0.0596608 -0.65653 1.5587 -2.94614 0.491452 1.9734 0.0118688 -0.0662397 -0.188841 0.00492893 0.00514544 0.00210661 0.200473 0.386643 -0.460629 2.16516 1.08188 -0.0047482 0.00375088 -1.94593 -1.02506 0.796475 -0.196857 -0.000419672 8.18218e-05 -0.727009
364.685 0.050167 -0.589183 1.74882 -2.94971 0.486482 1.97123 0.0172304 -0.599548 1.79401 -2.93806 0.492652 1.97215 -0.0329366 -0.0103653 0.0451875 0.0116463 0.00617036 0.000918163 0.0568698 0.734886 0.0611048 -0.654718 1.55953 -2.94449 0.491618 1.97317 0.0109377 -0.0655352 -0.189293 0.00521676 0.00513667 0.0019404 0.200615 0.396636 -0.459573 2.16524 1.08262 -0.00349964 0.00312101 -1.94601 -1.02506 0.796475 -0.196857 -0.000419672 8.18218e-05 -0.727009
365.036 0.0521497 -0.588021 1.74952 -2.94857 0.486721 1.97119 0.0188109 -0.598686 1.7938 -2.95494 0.476304 1.9693 -0.0333388 -0.0106646 0.0442817 -0.00636919 -0.0104168 -0.00189184 0.0564453 0.681275 0.0613666 -0.654109 1.5605 -2.94352 0.491438 1.97272 0.00921692 -0.0660879 -0.189021 0.00505474 0.00471755 0.00153192 0.200453 0.375344 -0.45875 2.16503 1.08292 -0.00249443 0.00250907 -1.94609 -1.02506 0.796475 -0.196857 -0.000419672 8.18218e-05 -0.727009
365.433 0.0543472 -0.58654 1.74999 -2.94726 0.48707 1.97117 0.0210055 -0.591751 1.77994 -2.95496 0.507368 1.95764 -0.0333418 -0.00521043 0.0299445 -0.00770218 0.0202977 -0.0135263 0.0451164 1.34959 0.0607346 -0.652233 1.5607 -2.94284 0.491089 1.97233 0.00638739 -0.0656925 -0.189298 0.00442056 0.00401932 0.00115499 0.200475 0.325057 -0.457928 2.16462 1.08295 -0.0013684 0.00173479 -1.94617 -1.02506 0.796475 -0.196857 -0.000419672 8.18218e-05 -0.727009
366.237 0.0592602 -0.583884 1.74992 -2.94459 0.487466 1.97098 0.026631 -0.593312 1.79411 -2.93355 0.493333 1.9754 -0.0326292 -0.00942826 0.044182 0.011036 0.00586703 0.00441972 0.055728 0.652521 0.0627271 -0.648947 1.56019 -2.9419 0.48861 1.97162 0.00346685 -0.0650623 -0.189732 0.00268971 0.00114425 0.000644398 0.200607 0.155766 -0.456161 2.16312 1.08238 0.00110033 0.000451132 -1.94641 -1.02506 0.796475 -0.196857 -0.000419672 8.18218e-05 -0.727009
366.652 0.0610833 -0.583571 1.74941 -2.94383 0.487204 1.97078 0.0282066 -0.593486 1.79463 -2.93367 0.492504 1.97565 -0.0328768 -0.00991452 0.045227 0.0101556 0.0053 0.00486839 0.0567861 0.596761 0.0636202 -0.646634 1.55852 -2.94124 0.487443 1.97127 0.00253686 -0.0630632 -0.190888 0.00258219 0.000238835 0.000494067 0.201051 0.137056 -0.455535 2.16233 1.08208 0.0020036 0.000429855 -1.94653 -1.02506 0.796475 -0.196857 -0.000419672 8.18218e-05 -0.727009
366.997 0.0626516 -0.583813 1.74864 -2.94334 0.486643 1.97049 0.0313415 -0.593499 1.79467 -2.93251 0.492043 1.97656 -0.0313101 -0.00968699 0.0460313 0.0108241 0.00540024 0.00606829 0.0565071 0.631181 0.064428 -0.646105 1.55733 -2.94099 0.485588 1.97076 0.00177635 -0.0622929 -0.191316 0.00234887 -0.00105562 0.000264833 0.201209 0.142653 -0.455028 2.16147 1.08185 0.00279227 0.00077939 -1.94667 -1.02506 0.796475 -0.196857 -0.000419672 8.18218e-05 -0.727009
367.499 0.0639213 -0.585144 1.74715 -2.94344 0.48546 1.97001 0.0328991 -0.593342 1.79419 -2.93124 0.49241 1.97723 -0.0310222 -0.00819712 0.0470459 0.0121994 0.00695023 0.00722235 0.0569463 0.739134 0.0642448 -0.643743 1.55377 -2.94156 0.483633 1.96986 0.000323557 -0.0585989 -0.193381 0.00187322 -0.00182688 -0.000144573 0.202065 0.153233 -0.454589 2.16022 1.08157 0.00334066 0.00190379 -1.94685 -1.02506 0.796475 -0.196857 -0.000419672 8.18218e-05 -0.727009
368.045 0.0642187 -0.586801 1.74558 -2.94406 0.484324 1.9696 0.0328991 -0.593342 1.79419 -2.93124 0.49241 1.97723 -0.0313196 -0.00654077 0.0486174 0.0128251 0.00808639 0.00762665 0.058201 0.802594 0.0623502 -0.64438 1.55168 -2.94293 0.482252 1.96923 -0.00186857 -0.0575791 -0.193894 0.00113404 -0.00207175 -0.000375823 0.202271 0.142653 -0.454465 2.15918 1.08125 0.00333708 0.00316758 -1.94698 -1.02506 0.796475 -0.196857 -0.000419672 8.18218e-05 -0.727009
368.508 0.0641598 -0.587971 1.74395 -2.94475 0.483471 1.96929 0.0334409 -0.591779 1.78002 -2.95023 0.505627 1.96143 -0.0307189 -0.00380829 0.0360787 -0.00548019 0.0221553 -0.00786093 0.0475376 1.33354 0.0610394 -0.644804 1.54959 -2.94439 0.481583 1.96899 -0.00312036 -0.0568337 -0.194352 0.000357662 -0.00188823 -0.000303289 0.202516 0.111906 -0.454536 2.158 1.08073 0.00312397 0.00422769 -1.94709 -1.02506 0.796475 -0.196857 -0.000419672 8.18218e-05 -0.727009
368.962 0.0636889 -0.588192 1.74155 -2.94557 0.482987 1.96905 0.0334409 -0.594888 1.78002 -2.95074 0.504598 1.96117 -0.030248 -0.00669557 0.0384723 -0.00516753 0.0216109 -0.00787099 0.0493952 1.30296 0.0609232 -0.644732 1.54716 -2.94556 0.481767 1.96907 -0.00276566 -0.0565398 -0.19439 5.84373e-06 -0.00121956 2.17555e-05 0.202464 0.068528 -0.454938 2.15616 1.07962 0.00264994 0.00491695 -1.94721 -1.02506 0.796475 -0.196857 -0.000419672 8.18218e-05 -0.727009
369.486 0.0633935 -0.587124 1.73981 -2.94578 0.483157 1.96901 0.0334409 -0.594888 1.78002 -2.95074 0.504598 1.96117 -0.0299526 -0.00776425 0.0402087 -0.00495284 0.0214402 -0.00783561 0.0507364 1.29241 0.0616205 -0.64449 1.54589 -2.94578 0.482281 1.9692 -0.00177292 -0.057366 -0.193926 9.09399e-07 -0.000876711 0.000185629 0.20224 0.0484566 -0.455463 2.15455 1.07851 0.00240843 0.00483339 -1.94727 -1.02506 0.796475 -0.196857 -0.000419672 8.18218e-05 -0.727009
370.027 0.0629912 -0.585097 1.73812 -2.94582 0.483761 1.9691 0.0334409 -0.594888 1.78002 -2.95074 0.504598 1.96117 -0.0295503 -0.00979102 0.0419054 -0.00491525 0.0208367 -0.00792905 0.0522029 1.26083 0.0614201 -0.642559 1.54422 -2.94575 0.4832 1.96953 -0.00157111 -0.0574625 -0.193902 6.75801e-05 -0.000560863 0.000429988 0.202243 0.0395647 -0.456167 2.15275 1.07723 0.00212264 0.00428786 -1.94731 -1.02506 0.796475 -0.196857 -0.000419672 8.18218e-05 -0.727009
370.463 0.062836 -0.582324 1.73645 -2.94549 0.484571 1.96927 0.0328992 -0.596476 1.79419 -2.93177 0.491396 1.97698 -0.0299369 -0.0141516 0.0577436 0.0137202 0.00682452 0.00771018 0.0665643 0.800153 0.0616826 -0.640474 1.5429 -2.94499 0.484003 1.97027 -0.00115338 -0.0581496 -0.193554 0.000495704 -0.000567996 0.00100217 0.202103 0.0625573 -0.457035 2.15078 1.0759 0.00208222 0.00342848 -1.94733 -1.02506 0.796475 -0.196857 -0.000419672 8.18218e-05 -0.727009
370.908 0.0631543 -0.577958 1.73433 -2.9445 0.485654 1.96951 0.0326619 -0.605082 1.82502 -2.95293 0.448217 1.95761 -0.0304925 -0.0271244 0.090687 -0.00843376 -0.0374362 -0.0118986 0.0994467 2.23651 0.0629278 -0.636612 1.541 -2.94271 0.484605 1.97093 -0.000226531 -0.0586545 -0.193337 0.00178335 -0.00104899 0.00141668 0.202038 0.111906 -0.458426 2.14791 1.07429 0.00252754 0.00209087 -1.94732 -1.02506 0.796475 -0.196857 -0.000419672 8.18218e-05 -0.727009
371.383 0.0633043 -0.574324 1.73291 -2.94372 0.486502 1.96972 0.0334408 -0.585561 1.78003 -2.94921 0.507692 1.96195 -0.0298635 -0.0112372 0.0471146 -0.00548734 0.02119 -0.00777499 0.0569025 1.27962 0.0634669 -0.633786 1.53999 -2.94079 0.484902 1.97114 0.000162649 -0.0594626 -0.192928 0.00293196 -0.00159991 0.00142289 0.201883 0.174713 -0.459639 2.14564 1.07334 0.00286643 0.00104203 -1.94731 -1.02506 0.796475 -0.196857 -0.000419672 8.18218e-05 -0.727009
371.844 0.0631912 -0.57063 1.73162 -2.94311 0.487306 1.96994 0.0334408 -0.582452 1.78003 -2.94869 0.508729 1.96221 -0.0297504 -0.0118222 0.0484112 -0.00558744 0.0214232 -0.00773115 0.0580388 1.2921 0.0640094 -0.630673 1.53897 -2.93956 0.485341 1.97134 0.000818149 -0.060043 -0.192645 0.00354921 -0.00196464 0.00140282 0.201786 0.213062 -0.460993 2.14331 1.07268 0.00306407 9.11211e-05 -1.94728 -1.02506 0.796475 -0.196857 -0.000419672 8.18218e-05 -0.727009
373.189 0.0599095 -0.558522 1.72715 -2.94278 0.490259 1.97079 0.0303367 -0.572089 1.77925 -2.96613 0.49702 1.95843 -0.0295729 -0.013567 0.0521068 -0.0233475 0.00676077 -0.0123609 0.0614308 1.24238 0.062081 -0.623083 1.53698 -2.93711 0.487975 1.9724 0.00217149 -0.0645617 -0.190163 0.00567001 -0.00228421 0.00161587 0.200835 0.321425 -0.466371 2.13552 1.07071 0.00194757 -0.00274812 -1.94712 -1.02506 0.796475 -0.196857 -0.000419672 8.18218e-05 -0.727009
374.664 0.0549603 -0.549477 1.71985 -2.94346 0.492762 1.97167 0.0254259 -0.558151 1.76462 -2.93024 0.495414 1.98493 -0.0295344 -0.00867408 0.044768 0.0132217 0.00265141 0.0132645 0.0543295 0.792782 0.056554 -0.620081 1.53312 -2.93694 0.490669 1.97296 0.00159377 -0.0706038 -0.186729 0.00651759 -0.00209284 0.00129327 0.199638 0.364769 -0.47239 2.12832 1.06591 2.73505e-05 -0.00481448 -1.94685 -1.02506 0.796475 -0.196857 -0.000419672 8.18218e-05 -0.727009
375.143 0.0527349 -0.547975 1.71678 -2.94433 0.493415 1.97196 0.0240993 -0.562278 1.78019 -2.95307 0.484341 1.95336 -0.0286356 -0.0143036 0.0634145 -0.00873401 -0.00907411 -0.0185979 0.0710351 1.07484 0.0531727 -0.620844 1.53136 -2.93851 0.491303 1.97304 0.0004378 -0.0728693 -0.185417 0.00582515 -0.00211213 0.00108012 0.199222 0.332202 -0.474172 2.12636 1.06356 -0.0011617 -0.00511429 -1.94672 -1.02506 0.796475 -0.196857 -0.000419672 8.18218e-05 -0.727009
375.526 0.0497945 -0.546398 1.71217 -2.94554 0.494363 1.97243 0.0209901 -0.562269 1.78016 -2.95424 0.484774 1.95246 -0.0288045 -0.0158717 0.0679897 -0.00869909 -0.00958875 -0.0199642 0.0755262 1.15012 0.0492359 -0.623835 1.5294 -2.94114 0.492573 1.97324 -0.000558658 -0.0774367 -0.18277 0.0044031 -0.00178983 0.000816229 0.198499 0.254878 -0.476421 2.1239 1.05968 -0.00285144 -0.00557179 -1.94649 -1.02506 0.796475 -0.196857 -0.000419672 8.18218e-05 -0.727009
376.013 0.0478493 -0.545568 1.7084 -2.94635 0.495044 1.97281 0.0192609 -0.556531 1.76437 -2.93305 0.496645 1.98309 -0.0285885 -0.010963 0.055973 0.0132979 0.00160179 0.0102868 0.0638002 0.713267 0.0477452 -0.626637 1.52775 -2.94282 0.493302 1.97346 -0.000104128 -0.0810698 -0.180649 0.00352773 -0.00174171 0.000656659 0.198006 0.213062 -0.477955 2.12214 1.05633 -0.00403215 -0.00591815 -1.94629 -1.02506 0.796475 -0.196857 -0.000419672 8.18218e-05 -0.727009
376.425 0.0461136 -0.545144 1.70441 -2.94716 0.495637 1.97319 0.0168155 -0.55323 1.75145 -2.93907 0.494923 1.96259 -0.0292981 -0.00808621 0.0470399 0.00809371 -0.000714694 -0.0105931 0.0560046 0.923233 0.0453908 -0.628724 1.52522 -2.94443 0.493665 1.97364 -0.000722849 -0.0835807 -0.179192 0.00273551 -0.00197207 0.000455511 0.197727 0.185575 -0.47931 2.12048 1.0527 -0.00518653 -0.00618442 -1.94607 -1.02506 0.796475 -0.196857 -0.000419672 8.18218e-05 -0.727009
376.775 0.0439137 -0.545244 1.6989 -2.94847 0.496305 1.97369 0.0143065 -0.544995 1.72289 -2.9362 0.52054 1.97735 -0.0296073 0.000249233 0.0239913 0.0122727 0.0242358 0.00365523 0.0381082 1.52418 0.0439292 -0.632643 1.52194 -2.94644 0.494271 1.97391 1.54866e-05 -0.0873991 -0.176955 0.00202917 -0.00203343 0.000224309 0.197362 0.160713 -0.480766 2.11837 1.04764 -0.00689825 -0.00634417 -1.94575 -1.02506 0.796475 -0.196857 -0.000419672 8.18218e-05 -0.727009
377.215 0.0422695 -0.545351 1.69495 -2.94964 0.496933 1.97411 0.0129385 -0.55069 1.73615 -2.97295 0.525404 1.94965 -0.029331 -0.00533969 0.0411977 -0.0233104 0.0284707 -0.0244526 0.0508534 2.13936 0.0442777 -0.636585 1.52026 -2.94767 0.494947 1.97429 0.0020082 -0.0912345 -0.174695 0.0019766 -0.00198672 0.000178538 0.197094 0.158259 -0.48154 2.11685 1.04391 -0.00842056 -0.00651737 -1.94551 -1.02506 0.796475 -0.196857 -0.000419672 8.18218e-05 -0.727009
377.517 0.0407933 -0.545316 1.69138 -2.95088 0.497672 1.97455 0.0112979 -0.548002 1.72288 -2.93795 0.51994 1.9761 -0.0294955 -0.00268572 0.0314987 0.0129238 0.0222682 0.001548 0.0432362 1.45616 0.0416775 -0.640215 1.51882 -2.94918 0.495543 1.97464 0.000884163 -0.0948994 -0.172559 0.00169436 -0.00212825 8.71247e-05 0.196935 0.153233 -0.481983 2.11539 1.04047 -0.010055 -0.00676754 -1.94525 -1.02506 0.796475 -0.196857 -0.000419672 8.18218e-05 -0.727009
377.835 0.0398641 -0.544865 1.68739 -2.95208 0.498702 1.97517 0.0091052 -0.552969 1.73619 -2.93996 0.489698 1.98644 -0.0307589 -0.00810453 0.0487972 0.0121153 -0.00900389 0.0112736 0.0582491 0.860028 0.0396512 -0.643242 1.51685 -2.95094 0.496083 1.97501 -0.000212829 -0.0983767 -0.170542 0.00114199 -0.00261918 -0.000153876 0.196882 0.165511 -0.481966 2.11349 1.03647 -0.0118432 -0.00729726 -1.9449 -1.02506 0.796475 -0.196857 -0.000419672 8.18218e-05 -0.727009
378.217 0.0403297 -0.544384 1.68492 -2.95243 0.499338 1.97559 0.00833652 -0.549077 1.72155 -2.9711 0.520599 1.97484 -0.0319932 -0.00469296 0.0366285 -0.018673 0.0212615 -0.00075616 0.0488593 1.60791 0.0385708 -0.645087 1.51572 -2.95185 0.496426 1.97519 -0.0017589 -0.100703 -0.169197 0.000576 -0.00291225 -0.000398722 0.196906 0.174713 -0.481436 2.11209 1.0339 -0.0125988 -0.00775803 -1.94465 -1.02506 0.796475 -0.196857 -0.000419672 8.18218e-05 -0.727009
378.548 0.0419396 -0.544234 1.68286 -2.95233 0.499548 1.9759 0.00828925 -0.55101 1.72288 -2.9397 0.519336 1.97486 -0.0336504 -0.00677563 0.0400158 0.0126283 0.0197878 -0.0010382 0.0527212 1.36171 0.0375531 -0.646687 1.51465 -2.95233 0.496587 1.97528 -0.00438657 -0.102453 -0.168211 3.06693e-07 -0.00296147 -0.000615906 0.197004 0.172459 -0.480431 2.11073 1.03186 -0.0127346 -0.00798241 -1.94443 -1.02506 0.796475 -0.196857 -0.000419672 8.18218e-05 -0.727009
379.285 0.0499078 -0.544539 1.68031 -2.95043 0.498602 1.97616 0.0143249 -0.551727 1.72279 -2.95617 0.502729 1.97262 -0.0355828 -0.00718842 0.0424859 -0.00574066 0.00412725 -0.00354439 0.0558825 0.375344 0.0401716 -0.649556 1.51355 -2.95192 0.496727 1.97543 -0.00973619 -0.105018 -0.166753 -0.0014893 -0.00187494 -0.000728651 0.197307 0.131221 -0.476238 2.10772 1.02978 -0.0107629 -0.00776512 -1.94404 -1.02506 0.796475 -0.196857 -0.000419672 8.18218e-05 -0.727009
379.951 0.0604923 -0.545763 1.68069 -2.94751 0.496151 1.97583 0.0250803 -0.555856 1.73573 -2.98748 0.506748 1.94914 -0.035412 -0.0100925 0.0550445 -0.0399674 0.0105964 -0.0266884 0.0662251 2.14101 0.0493171 -0.650715 1.51393 -2.94972 0.495414 1.97513 -0.0111752 -0.104951 -0.166762 -0.0022082 -0.000736857 -0.000700785 0.197356 0.121947 -0.470883 2.10537 1.03129 -0.00702027 -0.00652248 -1.94388 -1.02506 0.796475 -0.196857 -0.000419672 8.18218e-05 -0.727009
380.635 0.0722907 -0.548524 1.68371 -2.94586 0.492407 1.97498 0.0373498 -0.549648 1.70924 -2.94689 0.527826 1.96839 -0.0349409 -0.00112401 0.0255337 -0.00102978 0.0354187 -0.00658978 0.0432908 2.05976 0.0580318 -0.652581 1.51644 -2.94861 0.491972 1.97441 -0.014259 -0.104057 -0.167271 -0.0027533 -0.000434925 -0.000567451 0.197512 0.148038 -0.46335 2.10292 1.03666 -0.00377316 -0.00365365 -1.9439 -1.02506 0.796475 -0.196857 -0.000419672 8.18218e-05 -0.727009
381.292 0.0828387 -0.550315 1.68886 -2.94546 0.489183 1.97407 0.0474246 -0.554809 1.72302 -2.94374 0.496662 1.98255 -0.0354142 -0.00449346 0.0341552 0.00172354 0.00747991 0.00848674 0.0494058 0.61992 0.0666627 -0.652728 1.52065 -2.94933 0.489027 1.97328 -0.016176 -0.102412 -0.168214 -0.00386675 -0.000155682 -0.000786582 0.1976 0.203672 -0.455208 2.1005 1.04431 -0.00184761 -0.000826064 -1.94407 -1.02506 0.796475 -0.196857 -0.000419672 8.18218e-05 -0.727009
381.716 0.0871036 -0.550121 1.69143 -2.9453 0.488345 1.97377 0.0535555 -0.563728 1.75081 -2.95978 0.486507 1.9725 -0.0335481 -0.0136073 0.0593875 -0.0144833 -0.00183848 -0.00127713 0.0695522 0.805029 0.0694756 -0.652529 1.52322 -2.94895 0.488348 1.97297 -0.017628 -0.102408 -0.168211 -0.00364789 2.66539e-06 -0.000808418 0.19772 0.191797 -0.451683 2.09938 1.04767 -0.00126458 -0.000111785 -1.94416 -1.02506 0.796475 -0.196857 -0.000419672 8.18218e-05 -0.727009
382.113 0.0913556 -0.548914 1.6943 -2.94492 0.488 1.97359 0.0584413 -0.558084 1.73794 -2.9423 0.500357 1.95948 -0.0329143 -0.00916987 0.043634 0.00261433 0.0123568 -0.0141128 0.0554199 1.13677 0.0735224 -0.651519 1.52622 -2.94818 0.488011 1.97278 -0.0178333 -0.102605 -0.168085 -0.00325922 1.07418e-05 -0.000809652 0.197734 0.170174 -0.448182 2.09818 1.05106 -0.000695175 7.30648e-05 -1.94425 -1.02506 0.796475 -0.196857 -0.000419672 8.18218e-05 -0.727009
382.442 0.0955355 -0.54689 1.69749 -2.94441 0.488025 1.97349 0.0614641 -0.555398 1.73664 -2.95346 0.516924 1.96494 -0.0340715 -0.00850822 0.0391558 -0.00904921 0.0288992 -0.00854846 0.0525969 1.7337 0.0788249 -0.650107 1.52977 -2.94743 0.48801 1.97256 -0.0167107 -0.103217 -0.167714 -0.00302374 -1.46622e-05 -0.00093421 0.197638 0.155766 -0.444726 2.09691 1.05458 -0.00017564 -0.00012699 -1.94434 -1.02506 0.796475 -0.196857 -0.000419672 8.18218e-05 -0.727009
382.829 0.100878 -0.543076 1.7023 -2.94367 0.48853 1.97348 0.0675554 -0.552089 1.73818 -2.93768 0.501011 1.96281 -0.0333229 -0.00901252 0.0358852 0.00599552 0.0124809 -0.0106742 0.0497934 1.09682 0.0875368 -0.646156 1.53452 -2.94553 0.488138 1.97226 -0.0133415 -0.10308 -0.167777 -0.00185425 -0.000392511 -0.00121925 0.197364 0.0969133 -0.440215 2.09512 1.05966 0.000348759 -0.00084754 -1.94445 -1.02506 0.796475 -0.196857 -0.000419672 8.18218e-05 -0.727009
383.246 0.104979 -0.540107 1.70611 -2.94305 0.488812 1.97347 0.0719146 -0.551605 1.75117 -2.95073 0.487755 1.97896 -0.0330649 -0.0114986 0.0450564 -0.00767728 -0.00105707 0.00548695 0.0570577 0.652521 0.093726 -0.642451 1.53791 -2.94369 0.487904 1.97198 -0.0112534 -0.102344 -0.168203 -0.000635623 -0.000907732 -0.00149184 0.197214 0.0927874 -0.436911 2.09373 1.06381 0.000839721 -0.00132005 -1.94452 -1.02506 0.796475 -0.196857 -0.000419672 8.18218e-05 -0.727009
383.697 0.109017 -0.53739 1.70997 -2.94253 0.48888 1.97343 0.0766738 -0.54307 1.73847 -2.93244 0.502663 1.96644 -0.032343 -0.00568025 0.0285024 0.0100936 0.0137832 -0.0069893 0.0434824 1.15691 0.0980781 -0.638901 1.5413 -2.94194 0.487524 1.97177 -0.0109387 -0.101511 -0.168672 0.000592911 -0.00135652 -0.00165259 0.197166 0.139882 -0.433687 2.09233 1.06821 0.00132308 -0.0015619 -1.94457 -1.02506 0.796475 -0.196857 -0.000419672 8.18218e-05 -0.727009
384.095 0.11467 -0.534335 1.71503 -2.94175 0.488498 1.97329 0.0796613 -0.53781 1.7362 -2.96291 0.505066 1.96764 -0.0350091 -0.003475 0.0211741 -0.0211564 0.0165681 -0.00565522 0.0410616 1.44942 0.105928 -0.634709 1.5457 -2.93884 0.486536 1.9715 -0.0087422 -0.100374 -0.169329 0.00290727 -0.00196179 -0.00179036 0.197037 0.25793 -0.429533 2.09048 1.07432 0.00225517 -0.00148022 -1.94461 -1.02506 0.796475 -0.196857 -0.000419672 8.18218e-05 -0.727009
384.463 0.119074 -0.532472 1.7186 -2.94107 0.487915 1.97315 0.0847995 -0.542663 1.76437 -2.95967 0.512516 1.9614 -0.0342747 -0.0101907 0.0457715 -0.018603 0.0246011 -0.0117525 0.058083 1.69927 0.111016 -0.631091 1.54826 -2.9366 0.485705 1.9714 -0.00805811 -0.098619 -0.17034 0.00447025 -0.00221012 -0.00174661 0.196993 0.340349 -0.426557 2.0891 1.07886 0.00316491 -0.00118033 -1.94462 -1.02506 0.796475 -0.196857 -0.000419672 8.18218e-05 -0.727009
384.773 0.123422 -0.531001 1.72179 -2.9404 0.487176 1.97299 0.0909705 -0.539633 1.76455 -2.9567 0.512607 1.96359 -0.0324515 -0.00863212 0.0427607 -0.0163032 0.0254313 -0.00940116 0.05437 1.67445 0.11572 -0.627742 1.55036 -2.93489 0.484912 1.97135 -0.00770241 -0.0967411 -0.171424 0.00550785 -0.00226395 -0.00163677 0.196988 0.390671 -0.423736 2.08774 1.08309 0.00412217 -0.000731655 -1.94461 -1.02506 0.796475 -0.196857 -0.000419672 8.18218e-05 -0.727009
385.136 0.128814 -0.529503 1.72513 -2.93962 0.486198 1.9728 0.0956598 -0.541417 1.7806 -2.93597 0.497474 1.98046 -0.0331539 -0.0119139 0.0554749 0.00365588 0.0112759 0.00765764 0.065716 0.752775 0.124223 -0.62354 1.55213 -2.93262 0.484382 1.9714 -0.00459073 -0.0940363 -0.172994 0.00700267 -0.00181658 -0.00140791 0.196954 0.456283 -0.420273 2.08594 1.08776 0.00527384 -0.000100457 -1.94457 -1.02506 0.796475 -0.196857 -0.000419672 8.18218e-05 -0.727009
385.543 0.132421 -0.52853 1.72687 -2.93912 0.485639 1.97272 0.101947 -0.541179 1.78241 -2.92022 0.479556 1.97739 -0.0304743 -0.0126492 0.055536 0.0189082 -0.00608317 0.00467406 0.0645983 1.04755 0.130331 -0.621139 1.55304 -2.93075 0.48458 1.97143 -0.00209063 -0.0926091 -0.17383 0.00837737 -0.00105862 -0.00129022 0.196971 0.521896 -0.417941 2.0846 1.09032 0.00597749 0.000240957 -1.94454 -1.02506 0.796475 -0.196857 -0.000419672 8.18218e-05 -0.727009
385.913 0.135522 -0.527911 1.72782 -2.93881 0.485148 1.97264 0.10332 -0.53359 1.76495 -2.95074 0.512741 1.96798 -0.0322021 -0.00567888 0.0371261 -0.0119302 0.0275928 -0.00466344 0.049473 1.69212 0.134795 -0.620278 1.55385 -2.92958 0.484332 1.97141 -0.000726449 -0.0923672 -0.173975 0.00923038 -0.000816214 -0.00122418 0.196976 0.567173 -0.415865 2.08326 1.09201 0.00647543 0.000584694 -1.9445 -1.02506 0.796475 -0.196857 -0.000419672 8.18218e-05 -0.727009
386.304 0.138052 -0.527891 1.72793 -2.93879 0.484599 1.97256 0.108191 -0.538157 1.78271 -2.91731 0.479517 1.97943 -0.0298615 -0.0102659 0.0547852 0.0214803 -0.00508215 0.0068684 0.0632338 1.14261 0.13886 -0.62056 1.55412 -2.92872 0.483685 1.97142 0.000807448 -0.0926689 -0.173811 0.0100684 -0.000913762 -0.00113882 0.196973 0.612298 -0.414062 2.08192 1.09286 0.00672051 0.00108349 -1.94446 -1.02506 0.796475 -0.196857 -0.000419672 8.18218e-05 -0.727009
386.688 0.140779 -0.527854 1.72712 -2.93884 0.484148 1.97252 0.109579 -0.533447 1.76705 -2.93463 0.495033 1.9654 -0.0311997 -0.00559347 0.039935 0.00420263 0.010885 -0.00711923 0.0509854 0.840233 0.142483 -0.621572 1.55391 -2.92872 0.48273 1.97143 0.00170459 -0.0937184 -0.17321 0.0101122 -0.00141813 -0.00109375 0.196946 0.61612 -0.412107 2.08011 1.09282 0.00684811 0.00151328 -1.9444 -1.02506 0.796475 -0.196857 -0.000419672 8.18218e-05 -0.727009
387.063 0.142407 -0.52697 1.72622 -2.93869 0.484374 1.97263 0.112674 -0.53349 1.76719 -2.93346 0.494522 1.96631 -0.0297333 -0.00651987 0.0409704 0.0052248 0.0101477 -0.0063265 0.0510407 0.813251 0.144778 -0.622109 1.55382 -2.92904 0.482221 1.97158 0.00237051 -0.0951387 -0.1724 0.00965033 -0.00215301 -0.00104711 0.196924 0.596105 -0.410985 2.07872 1.09213 0.00685832 0.00125122 -1.94435 -1.02506 0.796475 -0.196857 -0.000419672 8.18218e-05 -0.727009
387.391 0.143711 -0.525688 1.72511 -2.93847 0.484864 1.97282 0.114255 -0.533663 1.76777 -2.93362 0.493699 1.96651 -0.0294558 -0.00797543 0.0426658 0.00484658 0.00883541 -0.00631004 0.0524559 0.747558 0.146858 -0.6215 1.55309 -2.92979 0.482024 1.97161 0.00314683 -0.0958127 -0.17202 0.00867963 -0.00283976 -0.00120433 0.196929 0.557429 -0.410153 2.07732 1.09106 0.00680411 0.000725995 -1.94429 -1.02506 0.796475 -0.196857 -0.000419672 8.18218e-05 -0.727009
387.806 0.145214 -0.52465 1.72301 -2.93821 0.485152 1.973 0.115679 -0.530648 1.76542 -2.94535 0.511766 1.97205 -0.029535 -0.00599854 0.0424101 -0.00713685 0.0266147 -0.000953192 0.052028 1.57296 0.14969 -0.620576 1.55104 -2.93063 0.481837 1.97149 0.00447587 -0.0959265 -0.171968 0.00758695 -0.00331488 -0.0015109 0.196965 0.517377 -0.409482 2.07546 1.08927 0.00685475 0.000371535 -1.94419 -1.02506 0.796475 -0.196857 -0.000419672 8.18218e-05 -0.727009
388.189 0.146047 -0.524391 1.72109 -2.93815 0.485088 1.97309 0.115411 -0.525834 1.74935 -2.96171 0.526759 1.95793 -0.0306365 -0.00144295 0.0282624 -0.0235551 0.0416712 -0.0151607 0.0417066 2.6721 0.153515 -0.620158 1.549 -2.93088 0.481738 1.97165 0.00746753 -0.0957671 -0.172082 0.00727236 -0.00335 -0.0014372 0.197077 0.498893 -0.409302 2.07408 1.0878 0.00689126 0.000408383 -1.9441 -1.02506 0.796475 -0.196857 -0.000419672 8.18218e-05 -0.727009
388.504 0.146263 -0.524385 1.71901 -2.93843 0.484949 1.97317 0.117274 -0.532483 1.76645 -2.95052 0.478163 1.96338 -0.0289888 -0.00809798 0.0474308 -0.0120951 -0.0067862 -0.00978235 0.0561748 0.76515 0.156462 -0.620363 1.54703 -2.93117 0.481574 1.97188 0.010199 -0.0959779 -0.171981 0.00726059 -0.00337533 -0.00128398 0.197213 0.494164 -0.409398 2.07271 1.0863 0.00663782 0.000631687 -1.94401 -1.02506 0.796475 -0.196857 -0.000419672 8.18218e-05 -0.727009
388.827 0.145814 -0.524562 1.71616 -2.93915 0.484665 1.97326 0.116206 -0.524295 1.73918 -2.93182 0.487378 1.97577 -0.0296083 0.000266829 0.0230176 0.00733477 0.00271331 0.0025134 0.0375038 0.406382 0.158006 -0.620755 1.5443 -2.93157 0.481092 1.97248 0.012192 -0.0961938 -0.171862 0.00757753 -0.00357238 -0.000778545 0.197328 0.50046 -0.409943 2.07089 1.08439 0.0060094 0.00114362 -1.94387 -1.02506 0.796475 -0.196857 -0.000419672 8.18218e-05 -0.727009
389.172 0.145087 -0.524725 1.7141 -2.93985 0.484361 1.97332 0.116254 -0.525366 1.74019 -2.91346 0.502175 1.98025 -0.0288333 -0.000640176 0.0260892 0.0263928 0.0178149 0.00692789 0.0388898 1.708 0.158479 -0.620528 1.54198 -2.93229 0.480714 1.97276 0.0133918 -0.0958029 -0.172115 0.00755604 -0.00364638 -0.000559942 0.197436 0.494956 -0.41065 2.0695 1.08317 0.00541488 0.00167327 -1.94375 -1.02506 0.796475 -0.196857 -0.000419672 8.18218e-05 -0.727009
389.504 0.144356 -0.524642 1.7121 -2.94041 0.484002 1.97339 0.11541 -0.528886 1.74934 -2.96229 0.525702 1.9576 -0.0289458 -0.00424317 0.0372322 -0.0218783 0.0417004 -0.0157927 0.0473508 2.6459 0.158076 -0.619026 1.53921 -2.93339 0.480416 1.97274 0.0137199 -0.0943837 -0.172892 0.00701779 -0.00358628 -0.000652775 0.197454 0.468137 -0.411596 2.06806 1.08218 0.00498811 0.00218862 -1.94363 -1.02506 0.796475 -0.196857 -0.000419672 8.18218e-05 -0.727009
390.472 0.141839 -0.521862 1.70642 -2.94117 0.482938 1.97365 0.113079 -0.525991 1.73724 -2.94759 0.503772 1.97903 -0.0287602 -0.00412961 0.0308198 -0.00642339 0.0208332 0.00537608 0.0423563 1.32766 0.153184 -0.613784 1.53214 -2.93554 0.480563 1.97362 0.0113453 -0.0919222 -0.174274 0.00563545 -0.00237528 -2.8086e-05 0.197357 0.350545 -0.416392 2.06269 1.08031 0.00450838 0.00342893 -1.94319 -1.02506 0.796475 -0.196857 -0.000419672 8.18218e-05 -0.727009
390.871 0.140703 -0.519882 1.70509 -2.94126 0.482925 1.9738 0.113204 -0.525318 1.74003 -2.91464 0.502712 1.97934 -0.0274988 -0.00543592 0.0349367 0.0266233 0.0197867 0.00553922 0.0447918 1.80407 0.151665 -0.61186 1.53086 -2.93612 0.48066 1.97403 0.0109616 -0.0919775 -0.174236 0.0051408 -0.00226594 0.00023059 0.197328 0.316518 -0.418316 2.06086 1.08019 0.00435552 0.00347071 -1.94306 -1.02506 0.796475 -0.196857 -0.000419672 8.18218e-05 -0.727009
391.249 0.138414 -0.516047 1.70383 -2.94159 0.483436 1.97413 0.112267 -0.52606 1.74759 -2.98377 0.512294 1.95184 -0.0261464 -0.0100123 0.0437585 -0.0421754 0.0288584 -0.0222829 0.0519489 2.6937 0.14908 -0.60891 1.53011 -2.93763 0.481092 1.97445 0.0106663 -0.0928628 -0.173718 0.0039558 -0.00234459 0.000324196 0.197269 0.256409 -0.421217 2.05823 1.08042 0.00370676 0.00311311 -1.94288 -1.02506 0.796475 -0.196857 -0.000419672 8.18218e-05 -0.727009
391.61 0.136037 -0.511843 1.70343 -2.94196 0.48447 1.97452 0.110039 -0.519894 1.73715 -2.94757 0.506349 1.97875 -0.0259981 -0.00805177 0.0337184 -0.00561625 0.0218795 0.00423036 0.043332 1.34465 0.145127 -0.604795 1.52979 -2.93926 0.482267 1.97485 0.00908997 -0.0929523 -0.173636 0.00270017 -0.00220313 0.000334578 0.197161 0.193827 -0.423615 2.05613 1.08093 0.0028093 0.00228153 -1.94275 -1.02506 0.796475 -0.196857 -0.000419672 8.18218e-05 -0.727009
391.945 0.133257 -0.50685 1.70334 -2.94239 0.485839 1.97498 0.10707 -0.515066 1.73879 -2.93348 0.49201 1.97402 -0.0261874 -0.00821547 0.0354553 0.0089101 0.00617041 -0.000950997 0.044837 0.64407 0.141181 -0.600997 1.53039 -2.94087 0.484118 1.9753 0.00792389 -0.094147 -0.172947 0.00152229 -0.00172133 0.00032245 0.197072 0.128204 -0.42616 2.05394 1.08167 0.00170784 0.0011764 -1.94262 -1.02506 0.796475 -0.196857 -0.000419672 8.18218e-05 -0.727009
392.366 0.129589 -0.499485 1.7035 -2.94275 0.487863 1.97561 0.104026 -0.508958 1.73868 -2.93345 0.494597 1.97374 -0.0255628 -0.00947346 0.0351825 0.00930653 0.00673405 -0.00187262 0.0445086 0.706098 0.135901 -0.595402 1.53156 -2.94238 0.487179 1.9759 0.00631249 -0.0959176 -0.171938 0.000378322 -0.000684476 0.000291273 0.196984 0.0395647 -0.429691 2.05092 1.08294 0.000367706 -0.000551994 -1.94247 -1.02506 0.796475 -0.196857 -0.000419672 8.18218e-05 -0.727009
392.746 0.1271 -0.494011 1.7036 -2.94284 0.489248 1.97605 0.100983 -0.502852 1.73857 -2.93342 0.4972 1.97345 -0.0261167 -0.00884178 0.0349714 0.00942019 0.0079524 -0.00259262 0.0445338 0.772784 0.131309 -0.591721 1.5327 -2.9429 0.489965 1.97637 0.00420924 -0.0977103 -0.170898 -5.75654e-05 0.000716826 0.000323488 0.196904 0.0484566 -0.432378 2.04861 1.08398 -0.000402842 -0.00179457 -1.94237 -1.02506 0.796475 -0.196857 -0.000419672 8.18218e-05 -0.727009
393.169 0.124636 -0.488391 1.70371 -2.94286 0.490718 1.97648 0.0979405 -0.496748 1.73846 -2.9334 0.499819 1.97316 -0.0266952 -0.00835711 0.0347551 0.00946141 0.00910035 -0.00331628 0.0446138 0.836499 0.127646 -0.588897 1.53443 -2.9431 0.492388 1.97683 0.0030107 -0.100506 -0.169273 -0.000243276 0.00166991 0.000349294 0.196885 0.100871 -0.435049 2.04631 1.08497 -0.00114248 -0.00313825 -1.94228 -1.02506 0.796475 -0.196857 -0.000419672 8.18218e-05 -0.727009
393.466 0.12215 -0.483072 1.70366 -2.94296 0.492106 1.97688 0.0948986 -0.490645 1.73836 -2.93339 0.502453 1.97287 -0.0272513 -0.00757292 0.0346959 0.0095738 0.0103474 -0.00400383 0.0447637 0.908275 0.121435 -0.58573 1.53564 -2.94342 0.49445 1.97715 -0.000714416 -0.102657 -0.168021 -0.000459652 0.00234374 0.000272376 0.196902 0.139882 -0.437664 2.04405 1.08583 -0.00190938 -0.00437777 -1.94221 -1.02506 0.796475 -0.196857 -0.000419672 8.18218e-05 -0.727009
393.763 0.119412 -0.476899 1.70323 -2.9429 0.493491 1.97726 0.0918572 -0.484544 1.73826 -2.93339 0.505104 1.97258 -0.0275546 -0.00764485 0.035024 0.0095164 0.0116122 -0.00468438 0.0452148 0.975584 0.112474 -0.581114 1.53611 -2.94476 0.496709 1.97727 -0.00693828 -0.104215 -0.167124 -0.00185569 0.00321723 7.69103e-06 0.197076 0.213062 -0.440996 2.04114 1.08675 -0.00251951 -0.00567149 -1.94215 -1.02506 0.796475 -0.196857 -0.000419672 8.18218e-05 -0.727009
394.11 0.117772 -0.473101 1.70264 -2.94276 0.494136 1.97742 0.0925562 -0.490853 1.78064 -2.95464 0.464818 1.97 -0.0252154 -0.0177518 0.0780011 -0.0118782 -0.0293177 -0.00742356 0.0838756 1.78838 0.10927 -0.577996 1.53591 -2.94609 0.497934 1.97714 -0.00850165 -0.104895 -0.166726 -0.00333065 0.00379787 -0.000283933 0.197162 0.285305 -0.443344 2.03907 1.08726 -0.00268965 -0.00631226 -1.94214 -1.02506 0.796475 -0.196857 -0.000419672 8.18218e-05 -0.727009
394.534 0.116377 -0.469925 1.70181 -2.94259 0.494548 1.97749 0.0888166 -0.475411 1.73817 -2.93278 0.508847 1.97259 -0.0275603 -0.00548606 0.0363602 0.00981336 0.0142987 -0.00489856 0.0459536 1.10358 0.106275 -0.575305 1.53536 -2.94713 0.49914 1.977 -0.0101014 -0.105381 -0.166444 -0.00453992 0.00459207 -0.000489837 0.197258 0.361536 -0.445546 2.03713 1.08756 -0.00270508 -0.00675045 -1.94216 -1.02506 0.796475 -0.196857 -0.000419672 8.18218e-05 -0.727009
395.214 0.113932 -0.463629 1.69919 -2.94178 0.49545 1.97755 0.0857631 -0.469863 1.73734 -2.95373 0.495385 1.96725 -0.028169 -0.00623333 0.0381452 -0.0119479 -6.4507e-05 -0.0103026 0.0478268 0.657897 0.101096 -0.570705 1.53375 -2.94763 0.502607 1.9772 -0.0128357 -0.107075 -0.165441 -0.0058526 0.00715745 -0.000349058 0.197485 0.524141 -0.450103 2.03314 1.08702 -0.00228236 -0.00786134 -1.94229 -1.02506 0.796475 -0.196857 -0.000419672 8.18218e-05 -0.727009
395.545 0.112766 -0.461628 1.69769 -2.94162 0.495857 1.97754 0.0856884 -0.470716 1.75187 -2.93473 0.480548 1.98183 -0.0270771 -0.00908754 0.0541817 0.00689013 -0.015309 0.00428312 0.0612487 0.945847 0.10117 -0.569525 1.53274 -2.9473 0.503416 1.97724 -0.0115952 -0.107897 -0.164949 -0.00568378 0.00755857 -0.000304772 0.197445 0.537412 -0.451808 2.0317 1.08615 -0.00226681 -0.00829189 -1.94238 -1.02506 0.796475 -0.196857 -0.000419672 8.18218e-05 -0.727009
395.952 0.110648 -0.459952 1.6952 -2.94198 0.496398 1.97751 0.0827364 -0.466251 1.73797 -2.93343 0.513149 1.97167 -0.0279111 -0.00629822 0.0427697 0.00855098 0.0167512 -0.00583517 0.0514582 1.19649 0.0999187 -0.568913 1.53088 -2.94647 0.503464 1.97708 -0.0107288 -0.10896 -0.164324 -0.00449534 0.00706669 -0.00042505 0.197458 0.473953 -0.453842 2.03008 1.08432 -0.00276957 -0.00866372 -1.94251 -1.02506 0.796475 -0.196857 -0.000419672 8.18218e-05 -0.727009
396.386 0.109057 -0.459601 1.69298 -2.94243 0.496599 1.97742 0.0826241 -0.467628 1.75177 -2.93532 0.48214 1.98125 -0.0264332 -0.00802717 0.058786 0.00711473 -0.0144592 0.00383381 0.0649534 0.903523 0.0994995 -0.569741 1.52935 -2.94605 0.502848 1.97684 -0.00955782 -0.11014 -0.16363 -0.00361779 0.00624857 -0.000580492 0.197477 0.407344 -0.455167 2.02909 1.08251 -0.00321904 -0.00869108 -1.94262 -1.02506 0.796475 -0.196857 -0.000419672 8.18218e-05 -0.727009
396.777 0.10772 -0.459955 1.69056 -2.94288 0.496565 1.97728 0.0796172 -0.4639 1.73487 -2.96816 0.515986 1.97071 -0.0281028 -0.00394448 0.0443102 -0.0252801 0.0194219 -0.0065699 0.0526186 1.71737 0.0986313 -0.570728 1.5273 -2.94535 0.501381 1.97642 -0.00908857 -0.110772 -0.163264 -0.00247084 0.00481606 -0.000853256 0.197505 0.302612 -0.456306 2.02828 1.08048 -0.00355493 -0.00850352 -1.94274 -1.02506 0.796475 -0.196857 -0.000419672 8.18218e-05 -0.727009
397.132 0.106958 -0.460839 1.68804 -2.94307 0.496279 1.97708 0.0777054 -0.459671 1.71059 -2.93762 0.506671 1.97736 -0.0292522 0.00116778 0.0225441 0.00544319 0.0103917 0.000275941 0.0369498 0.668518 0.0984394 -0.571294 1.52459 -2.94435 0.499528 1.97587 -0.00851822 -0.110455 -0.163458 -0.00128385 0.00324888 -0.00120896 0.197462 0.199792 -0.45725 2.02765 1.0783 -0.00353277 -0.00817677 -1.94285 -1.02506 0.796475 -0.196857 -0.000419672 8.18218e-05 -0.727009
397.471 0.106704 -0.462573 1.68465 -2.94294 0.495648 1.97679 0.0761437 -0.459799 1.70826 -2.95117 0.524151 1.98145 -0.0305602 0.00277341 0.0236113 -0.00822384 0.0285027 0.00466011 0.0387184 1.75591 0.0989582 -0.573399 1.52142 -2.94272 0.497637 1.9754 -0.00774578 -0.110827 -0.163234 0.000219415 0.00198867 -0.00139369 0.197454 0.142653 -0.45822 2.02706 1.07527 -0.00305877 -0.00764034 -1.94297 -1.02506 0.796475 -0.196857 -0.000419672 8.18218e-05 -0.727009
397.949 0.106969 -0.463689 1.68227 -2.9425 0.495312 1.97663 0.0761839 -0.462494 1.70997 -2.93813 0.506458 1.9768 -0.0307853 0.00119494 0.0276972 0.0043753 0.0111455 0.000169358 0.0414282 0.684141 0.0994359 -0.575359 1.51954 -2.94133 0.496762 1.97529 -0.00753335 -0.11167 -0.162735 0.0011762 0.00144936 -0.00134647 0.197508 0.150658 -0.458752 2.0268 1.07291 -0.00244991 -0.00748525 -1.94305 -1.02506 0.796475 -0.196857 -0.000419672 8.18218e-05 -0.727009
398.308 0.107446 -0.464656 1.68006 -2.94188 0.495118 1.97651 0.0777051 -0.465643 1.71057 -2.93884 0.50451 1.97673 -0.0297406 -0.000987583 0.0305127 0.00303735 0.0093917 0.000224091 0.0426204 0.563712 0.100684 -0.57648 1.51743 -2.94006 0.49579 1.97528 -0.00676201 -0.111824 -0.162635 0.00181251 0.000671819 -0.00122973 0.197485 0.155766 -0.459142 2.02669 1.07052 -0.001732 -0.00752475 -1.94313 -1.02506 0.796475 -0.196857 -0.000419672 8.18218e-05 -0.727009
398.637 0.107675 -0.466221 1.6773 -2.9414 0.494969 1.97637 0.0776441 -0.465828 1.70849 -2.95093 0.521336 1.98176 -0.0300308 0.000393095 0.0311906 -0.00953369 0.0263671 0.00539477 0.0432997 1.6854 0.101488 -0.577752 1.51449 -2.93967 0.49484 1.97525 -0.00618736 -0.111531 -0.162807 0.00173354 -0.000128723 -0.00111568 0.197443 0.142653 -0.459481 2.02679 1.06734 -0.00116333 -0.00755284 -1.94322 -1.02506 0.796475 -0.196857 -0.000419672 8.18218e-05 -0.727009
399.365 0.107177 -0.469582 1.67356 -2.94154 0.494672 1.97615 0.0777049 -0.471615 1.71056 -2.94005 0.502361 1.97611 -0.0294726 -0.00203366 0.0370038 0.00149804 0.0076885 -3.66361e-05 0.0473503 0.44937 0.0997533 -0.578145 1.50895 -2.94067 0.494276 1.97537 -0.0074242 -0.108564 -0.164603 0.000878259 -0.000396204 -0.000780244 0.19732 0.0839294 -0.459658 2.02751 1.06282 -0.00108417 -0.00722651 -1.94335 -1.02506 0.796475 -0.196857 -0.000419672 8.18218e-05 -0.727009
399.674 0.107319 -0.472279 1.67139 -2.94139 0.494251 1.97597 0.0777047 -0.474601 1.71055 -2.94064 0.50129 1.97581 -0.0296145 -0.00232279 0.03916 0.000745903 0.00703964 -0.000159457 0.049152 0.406382 0.0996007 -0.57784 1.50508 -2.94069 0.494575 1.97561 -0.00771852 -0.105562 -0.166316 0.000698662 0.000324611 -0.000360023 0.197139 0.0559529 -0.459572 2.02835 1.06011 -0.000706932 -0.00689593 -1.94343 -1.02506 0.796475 -0.196857 -0.000419672 8.18218e-05 -0.727009
399.937 0.107451 -0.474598 1.67 -2.94134 0.493798 1.97582 0.0777046 -0.477587 1.71055 -2.94124 0.500223 1.9755 -0.0297468 -0.00298982 0.0405449 0.000102222 0.00642512 -0.000312918 0.0503756 0.369035 0.100282 -0.577533 1.50215 -2.94081 0.495142 1.97591 -0.00716945 -0.102936 -0.167851 0.000537481 0.00134409 9.7151e-05 0.19703 0.0839294 -0.45942 2.02915 1.0583 -0.000433203 -0.00649625 -1.94347 -1.02506 0.796475 -0.196857 -0.000419672 8.18218e-05 -0.727009
400.318 0.107553 -0.477641 1.66863 -2.94151 0.492989 1.9756 0.0777045 -0.480573 1.71054 -2.94184 0.499158 1.9752 -0.0298486 -0.00293222 0.0419095 -0.000327472 0.00616935 -0.000402484 0.0515358 0.353878 0.101453 -0.578807 1.49974 -2.94123 0.495753 1.97629 -0.00610011 -0.101166 -0.168888 0.000275901 0.00276435 0.000689607 0.196964 0.163129 -0.45921 2.03009 1.05668 -0.00020521 -0.00569584 -1.9435 -1.02506 0.796475 -0.196857 -0.000419672 8.18218e-05 -0.727009
400.678 0.107505 -0.481471 1.6672 -2.94199 0.491822 1.97533 0.0777043 -0.483559 1.71053 -2.94243 0.498097 1.9749 -0.0298009 -0.0020883 0.0433309 -0.000442927 0.006275 -0.000430457 0.0526309 0.360452 0.10261 -0.581168 1.49746 -2.94198 0.495698 1.97652 -0.00489527 -0.0996974 -0.169746 9.80537e-06 0.00387666 0.00118795 0.196919 0.23239 -0.458959 2.03114 1.0552 -0.000116861 -0.00445744 -1.9435 -1.02506 0.796475 -0.196857 -0.000419672 8.18218e-05 -0.727009
401.028 0.107386 -0.486608 1.66545 -2.94267 0.490278 1.97501 0.077694 -0.488875 1.7108 -2.92277 0.511855 1.97956 -0.0296916 -0.00226625 0.0453462 0.0199063 0.0215769 0.00454494 0.0542495 1.61616 0.103857 -0.587673 1.4965 -2.9429 0.494502 1.97651 -0.00352868 -0.101064 -0.168956 -0.000224613 0.00422407 0.00149992 0.196907 0.259443 -0.458594 2.03265 1.05336 -7.69e-05 -0.00279874 -1.94347 -1.02506 0.796475 -0.196857 -0.000419672 8.18218e-05 -0.727009
401.447 0.107339 -0.490179 1.66426 -2.94309 0.48926 1.97483 0.079703 -0.501244 1.73832 -2.94668 0.468348 1.95852 -0.027636 -0.0110652 0.0740531 -0.00359471 -0.0209121 -0.0163081 0.0798126 1.47432 0.103805 -0.59309 1.49637 -2.94386 0.492755 1.97636 -0.00353413 -0.102911 -0.167895 -0.000775824 0.00349456 0.0015299 0.196957 0.2307 -0.458321 2.03381 1.052 -2.62167e-05 -0.00171763 -1.94343 -1.02506 0.796475 -0.196857 -0.000419672 8.18218e-05 -0.727009
401.806 0.107286 -0.493002 1.66327 -2.94331 0.488636 1.97475 0.0777037 -0.498489 1.7105 -2.94535 0.492831 1.97341 -0.0295826 -0.00548654 0.0472243 -0.00204374 0.00419525 -0.00133373 0.0559944 0.262443 0.103701 -0.597049 1.49603 -2.94453 0.491193 1.97618 -0.00358572 -0.104047 -0.16724 -0.00121747 0.00255704 0.0014347 0.196997 0.195835 -0.458065 2.03495 1.05062 1.7812e-05 -0.00106757 -1.94337 -1.02506 0.796475 -0.196857 -0.000419672 8.18218e-05 -0.727009
402.174 0.107192 -0.496119 1.66204 -2.94345 0.488142 1.97472 0.0772278 -0.493797 1.6842 -2.92733 0.500962 1.98518 -0.029964 0.00232117 0.0221591 0.0161142 0.0128194 0.0104665 0.0373397 1.10712 0.102755 -0.602118 1.49593 -2.94572 0.489257 1.97594 -0.00443699 -0.106 -0.16611 -0.00227026 0.00111463 0.00122561 0.197099 0.185575 -0.457768 2.03642 1.04868 7.30606e-05 -0.000567548 -1.9433 -1.02506 0.796475 -0.196857 -0.000419672 8.18218e-05 -0.727009
402.534 0.10705 -0.497379 1.66133 -2.9433 0.488355 1.97481 0.0772277 -0.496738 1.68419 -2.92794 0.499916 1.98488 -0.0298227 0.000641369 0.0228618 0.0153687 0.011561 0.010071 0.0375828 1.03211 0.102619 -0.606686 1.49714 -2.94659 0.488704 1.97582 -0.00443102 -0.109307 -0.164191 -0.00328162 0.00034954 0.00101283 0.197297 0.222056 -0.457585 2.03746 1.04711 8.72574e-05 -0.000812259 -1.94327 -1.02506 0.796475 -0.196857 -0.000419672 8.18218e-05 -0.727009
402.866 0.106848 -0.497763 1.66077 -2.94296 0.489054 1.97498 0.0776354 -0.505555 1.70912 -2.94283 0.49094 1.97428 -0.0292124 -0.00779186 0.0483572 0.000130002 0.00188588 -0.000698021 0.0570307 0.11535 0.104644 -0.609855 1.49819 -2.94663 0.488787 1.97581 -0.00220339 -0.112092 -0.162571 -0.0036724 -0.000266613 0.000828544 0.197482 0.237388 -0.457434 2.03845 1.04537 8.41154e-05 -0.00158066 -1.94325 -1.02506 0.796475 -0.196857 -0.000419672 8.18218e-05 -0.727009
403.248 0.10597 -0.497907 1.65982 -2.94278 0.490449 1.9753 0.0776354 -0.505555 1.70912 -2.94283 0.49094 1.97428 -0.0283344 -0.00764795 0.0492987 -5.37349e-05 0.000490462 -0.00101209 0.0573733 0.0625573 0.107101 -0.613429 1.49928 -2.94662 0.488878 1.97577 0.00113104 -0.115522 -0.160548 -0.00384175 -0.00157139 0.000474801 0.197794 0.250229 -0.457262 2.03976 1.04263 -0.000375573 -0.00292156 -1.94326 -1.02506 0.796475 -0.196857 -0.000419672 8.18218e-05 -0.727009
403.636 0.104954 -0.498344 1.6587 -2.94295 0.491544 1.97557 0.0763341 -0.502616 1.69661 -2.94461 0.520482 1.96276 -0.0286202 -0.00427196 0.0379068 -0.00165617 0.0289383 -0.0128123 0.0476895 1.79711 0.107889 -0.615385 1.49903 -2.94667 0.488622 1.97579 0.00293428 -0.11704 -0.159673 -0.00371697 -0.00292246 0.000219411 0.197996 0.275536 -0.457125 2.04075 1.04004 -0.00106642 -0.00388527 -1.94323 -1.02506 0.796475 -0.196857 -0.000419672 8.18218e-05 -0.727009
404.025 0.10419 -0.499518 1.65696 -2.94309 0.492411 1.97591 0.0742826 -0.49965 1.68409 -2.92973 0.499388 1.98366 -0.0299078 -0.00013231 0.0271358 0.0133619 0.00697691 0.00775079 0.0403837 0.787333 0.109011 -0.616617 1.49738 -2.94649 0.48876 1.97612 0.00482065 -0.117099 -0.159584 -0.00340024 -0.00365043 0.000209545 0.197996 0.289391 -0.456945 2.04178 1.03693 -0.00164616 -0.00461546 -1.94311 -1.02506 0.796475 -0.196857 -0.000419672 8.18218e-05 -0.727009
404.42 0.104013 -0.501383 1.65471 -2.943 0.492932 1.97631 0.0742765 -0.50196 1.68441 -2.91106 0.513688 1.98816 -0.0297369 -0.000576805 0.0297049 0.0319385 0.0207555 0.0118467 0.0420357 2.00623 0.110024 -0.617222 1.49441 -2.9454 0.48913 1.97678 0.00601106 -0.115839 -0.160302 -0.00240499 -0.00380231 0.000465458 0.197867 0.265408 -0.456694 2.04288 1.03333 -0.00194045 -0.0051255 -1.94286 -1.02506 0.796475 -0.196857 -0.000419672 8.18218e-05 -0.727009
405.104 0.104987 -0.508275 1.64781 -2.94251 0.493141 1.97753 0.0742825 -0.508471 1.68408 -2.93151 0.49627 1.98276 -0.0307042 -0.000195818 0.0362676 0.0110013 0.00312879 0.00523701 0.0475198 0.582827 0.113516 -0.621423 1.48595 -2.94285 0.491339 1.97887 0.00852962 -0.113148 -0.16186 -0.000335965 -0.00180131 0.00134225 0.197671 0.13417 -0.455758 2.04571 1.02339 -0.00216719 -0.00548506 -1.94185 -1.02506 0.796475 -0.196857 -0.000419672 8.18218e-05 -0.727009
405.481 0.105461 -0.512021 1.64427 -2.94248 0.4931 1.97814 0.0744388 -0.50966 1.67102 -2.93032 0.523293 1.97292 -0.0310218 0.00236123 0.0267523 0.0121598 0.030193 -0.00522737 0.0410319 1.94179 0.115141 -0.624508 1.48203 -2.94171 0.492938 1.97993 0.00968087 -0.112486 -0.162241 0.000771374 -0.000162146 0.00178646 0.197659 0.0927874 -0.455195 2.04705 1.01845 -0.00243596 -0.00545728 -1.94131 -1.02506 0.796475 -0.196857 -0.000419672 8.18218e-05 -0.727009
405.83 0.105905 -0.517686 1.63886 -2.94271 0.493083 1.979 0.0763334 -0.523348 1.69656 -2.94858 0.513069 1.96066 -0.0295715 -0.0056625 0.0577036 -0.00587229 0.0199865 -0.0183397 0.0650864 1.47909 0.113459 -0.63076 1.47694 -2.94114 0.494269 1.98111 0.00755422 -0.113075 -0.161914 0.00157357 0.00118569 0.00211243 0.197634 0.131221 -0.454278 2.04895 1.011 -0.00307889 -0.00535859 -1.94057 -1.02506 0.796475 -0.196857 -0.000419672 8.18218e-05 -0.727009
406.201 0.10651 -0.522148 1.63432 -2.94268 0.493166 1.97964 0.0772271 -0.526141 1.68414 -2.93385 0.489609 1.98191 -0.0292828 -0.00399317 0.0498267 0.0088338 -0.00355688 0.00227764 0.0579321 0.502021 0.112233 -0.635542 1.4726 -2.94101 0.49487 1.98183 0.00572346 -0.113395 -0.161716 0.00167159 0.00170365 0.00219921 0.197593 0.153233 -0.453449 2.05045 1.00469 -0.00340276 -0.00544287 -1.94003 -1.02506 0.796475 -0.196857 -0.000419672 8.18218e-05 -0.727009
406.563 0.107514 -0.526572 1.62948 -2.9423 0.493378 1.98026 0.077227 -0.532021 1.68413 -2.935 0.487581 1.98134 -0.0302865 -0.00544905 0.054652 0.00729975 -0.00579725 0.00107867 0.0627201 0.514343 0.110495 -0.640787 1.46823 -2.9411 0.495588 1.98226 0.00298179 -0.114215 -0.16125 0.0011999 0.00220965 0.00200051 0.197625 0.163129 -0.452487 2.05201 0.997818 -0.0034358 -0.00576933 -1.93953 -1.02506 0.796475 -0.196857 -0.000419672 8.18218e-05 -0.727009
407.19 0.111278 -0.537703 1.61685 -2.94033 0.493927 1.98155 0.0797881 -0.53432 1.64577 -2.93633 0.504288 1.97832 -0.0314902 0.00338244 0.0289187 0.00399794 0.0103608 -0.00322773 0.0428878 0.692669 0.107902 -0.653763 1.4567 -2.94074 0.495627 1.98257 -0.00337657 -0.11606 -0.160155 -0.000413229 0.00170035 0.00102359 0.197816 0.121947 -0.449712 2.05595 0.979731 -0.00242716 -0.00696155 -1.93854 -1.02506 0.796475 -0.196857 -0.000419672 8.18218e-05 -0.727009
407.564 0.113156 -0.543026 1.61105 -2.93933 0.494087 1.98199 0.0830686 -0.553834 1.68336 -2.93472 0.479569 1.98188 -0.030087 -0.0108077 0.0723175 0.00461619 -0.0145183 -0.00011242 0.0790687 0.874021 0.108132 -0.659556 1.45118 -2.94035 0.494957 1.9825 -0.00502323 -0.11653 -0.159869 -0.00101615 0.000869421 0.00051077 0.197895 0.0927874 -0.448315 2.05783 0.971394 -0.00177239 -0.00745904 -1.93819 -1.02506 0.796475 -0.196857 -0.000419672 8.18218e-05 -0.727009
407.974 0.114815 -0.548817 1.60518 -2.93858 0.494164 1.98235 0.0846122 -0.55813 1.66978 -2.95379 0.490533 1.96673 -0.0302028 -0.00931259 0.0646044 -0.0152094 -0.00363095 -0.0156233 0.0719212 0.930832 0.108859 -0.665668 1.4455 -2.93984 0.494469 1.98262 -0.00595637 -0.11685 -0.159672 -0.0012559 0.000305027 0.000273686 0.197951 0.0839294 -0.446814 2.05985 0.962974 -0.00127849 -0.00779356 -1.9379 -1.02506 0.796475 -0.196857 -0.000419672 8.18218e-05 -0.727009
408.347 0.116309 -0.557255 1.59747 -2.93828 0.494169 1.98271 0.0854879 -0.557505 1.64418 -2.9503 0.510303 1.98203 -0.0308214 -0.000249868 0.0467144 -0.012021 0.0161341 -0.000671485 0.0559666 1.14227 0.10833 -0.673266 1.43731 -2.93998 0.493742 1.98271 -0.00797887 -0.116011 -0.160164 -0.00169766 -0.000427199 8.27736e-06 0.197926 0.100871 -0.44467 2.06279 0.95191 -0.00117927 -0.00790318 -1.9376 -1.02506 0.796475 -0.196857 -0.000419672 8.18218e-05 -0.727009
408.719 0.11723 -0.56403 1.59189 -2.93831 0.494012 1.98286 0.0884231 -0.56889 1.64598 -2.93972 0.490857 1.97758 -0.0288067 -0.00485974 0.0540868 -0.00140594 -0.00315502 -0.00528554 0.0614722 0.328649 0.109143 -0.679008 1.43112 -2.94018 0.493049 1.98276 -0.00808661 -0.114978 -0.160775 -0.00186589 -0.000963372 -0.000104399 0.197823 0.118694 -0.442958 2.0652 0.943875 -0.00123017 -0.00775006 -1.93743 -1.02506 0.796475 -0.196857 -0.000419672 8.18218e-05 -0.727009
409.5 0.119707 -0.580798 1.57973 -2.93834 0.493033 1.98291 0.0892433 -0.580443 1.62195 -2.92751 0.491034 1.98704 -0.0304634 0.000355318 0.0422148 0.0108345 -0.00199893 0.00412784 0.0520598 0.561626 0.109363 -0.693253 1.41741 -2.93911 0.49143 1.98285 -0.0103437 -0.112454 -0.162327 -0.000767332 -0.00160282 -5.67057e-05 0.197745 0.100871 -0.43863 2.0714 0.926151 -0.000945346 -0.00683807 -1.93719 -1.02506 0.796475 -0.196857 -0.000419672 8.18218e-05 -0.727009
409.835 0.121078 -0.587781 1.57505 -2.93802 0.492666 1.98288 0.0906002 -0.584372 1.60737 -2.95461 0.515429 1.9772 -0.0304775 0.00340839 0.0323211 -0.0165921 0.0227633 -0.00567951 0.044555 1.55293 0.110347 -0.699561 1.41239 -2.93777 0.490695 1.98285 -0.0107304 -0.11178 -0.162668 0.000247875 -0.00197095 -2.6723e-05 0.197663 0.11535 -0.436655 2.07428 0.918977 -0.00050525 -0.00661719 -1.93715 -1.02506 0.796475 -0.196857 -0.000419672 8.18218e-05 -0.727009
410.242 0.122825 -0.594978 1.57051 -2.93742 0.492048 1.98276 0.0934697 -0.60013 1.62155 -2.92929 0.484143 1.98655 -0.0293551 -0.00515188 0.0510394 0.00812876 -0.00790523 0.00379894 0.0591041 0.611658 0.111181 -0.705364 1.40703 -2.93652 0.489845 1.98267 -0.0116437 -0.110387 -0.163479 0.000892166 -0.00220344 -8.97461e-05 0.197601 0.137056 -0.434635 2.07729 0.911992 0.000336708 -0.00626495 -1.93713 -1.02506 0.796475 -0.196857 -0.000419672 8.18218e-05 -0.727009
410.603 0.125286 -0.605281 1.56444 -2.93661 0.490739 1.98244 0.0934725 -0.60155 1.59703 -2.94431 0.518471 1.96265 -0.0318138 0.00373043 0.0325927 -0.00769835 0.0277321 -0.0197937 0.0456982 1.87659 0.111588 -0.713456 1.39955 -2.93449 0.488149 1.98216 -0.0136987 -0.108175 -0.164894 0.00212278 -0.00259063 -0.000279057 0.197685 0.197824 -0.431927 2.0815 0.902873 0.00172028 -0.00533868 -1.93715 -1.02506 0.796475 -0.196857 -0.000419672 8.18218e-05 -0.727009
411.281 0.128831 -0.621871 1.55537 -2.9355 0.488154 1.98178 0.099133 -0.628917 1.61 -2.93178 0.49784 1.97571 -0.0296978 -0.00704623 0.0546247 0.00371714 0.00968619 -0.00607213 0.0625737 0.738075 0.113633 -0.727122 1.38892 -2.93136 0.484789 1.98116 -0.015198 -0.105251 -0.166447 0.004146 -0.00336517 -0.000618569 0.197518 0.320206 -0.42805 2.08815 0.889801 0.00396675 -0.00337124 -1.9372 -1.02506 0.796475 -0.196857 -0.000419672 8.18218e-05 -0.727009
411.623 0.129865 -0.629936 1.55122 -2.93536 0.487021 1.98147 0.099778 -0.631024 1.58694 -2.91849 0.500169 1.98614 -0.0300874 -0.00108867 0.0357212 0.016874 0.0131475 0.00466595 0.0467166 1.15284 0.114189 -0.734157 1.38418 -2.93045 0.483236 1.98087 -0.0156767 -0.104221 -0.167039 0.00491051 -0.00378563 -0.000598063 0.197509 0.369035 -0.4263 2.09159 0.883633 0.00464504 -0.0023831 -1.93724 -1.02506 0.796475 -0.196857 -0.000419672 8.18218e-05 -0.727009
411.899 0.130338 -0.640017 1.54619 -2.93557 0.485938 1.98114 0.101036 -0.635937 1.57333 -2.94604 0.521698 1.97546 -0.0293019 0.00408079 0.0271433 -0.0104664 0.0357603 -0.00568247 0.0401499 2.11544 0.115813 -0.742829 1.37831 -2.9296 0.481856 1.98068 -0.0145251 -0.102812 -0.167884 0.00597042 -0.00408177 -0.000466249 0.197399 0.425206 -0.424243 2.09625 0.87577 0.00498716 -0.00131308 -1.9373 -1.02506 0.796475 -0.196857 -0.000419672 8.18218e-05 -0.727009
412.291 0.129925 -0.646836 1.54289 -2.93604 0.485615 1.981 0.101067 -0.645821 1.574 -2.95288 0.492799 1.96681 -0.0288573 0.00101552 0.031112 -0.0168432 0.00718344 -0.014196 0.0424468 1.0122 0.116936 -0.748591 1.3744 -2.92947 0.481646 1.98063 -0.012989 -0.101755 -0.16849 0.00656893 -0.00396938 -0.00036764 0.19726 0.448498 -0.422931 2.09977 0.870142 0.00472769 -0.00085267 -1.93736 -1.02506 0.796475 -0.196857 -0.000419672 8.18218e-05 -0.727009
412.683 0.129013 -0.652842 1.54007 -2.93663 0.485724 1.98096 0.101034 -0.655153 1.57328 -2.94974 0.515126 1.97339 -0.0279796 -0.00231099 0.0332144 -0.0131132 0.0294017 -0.00757403 0.0434902 1.81035 0.116813 -0.755608 1.37214 -2.92947 0.481959 1.98067 -0.0122001 -0.102766 -0.167926 0.00715857 -0.00376524 -0.00028885 0.197254 0.470638 -0.421814 2.10327 0.864785 0.00415833 -0.000744055 -1.93742 -1.02506 0.796475 -0.196857 -0.000419672 8.18218e-05 -0.727009
413.025 0.127365 -0.659193 1.53736 -2.93724 0.486649 1.98107 0.0989528 -0.654283 1.55161 -2.93784 0.517865 1.98268 -0.0284117 0.00490929 0.0142493 -0.000603352 0.0312161 0.00160149 0.0321616 1.7921 0.117221 -0.763045 1.37006 -2.92916 0.483361 1.98092 -0.0101439 -0.103853 -0.167304 0.0080784 -0.00328818 -0.000151339 0.197178 0.503578 -0.420596 2.10793 0.858264 0.00321707 -0.00137873 -1.9375 -1.02506 0.796475 -0.196857 -0.000419672 8.18218e-05 -0.727009
413.556 0.12549 -0.665237 1.53598 -2.93662 0.489076 1.98151 0.0983507 -0.678387 1.58588 -2.94467 0.472505 1.9767 -0.0271394 -0.0131508 0.0499006 -0.0080483 -0.0165709 -0.00481035 0.0583058 1.03552 0.116352 -0.773583 1.3713 -2.92773 0.486507 1.98148 -0.00913827 -0.108347 -0.164679 0.00889122 -0.00256927 -3.55625e-05 0.197336 0.531555 -0.419207 2.11491 0.850456 0.00273727 -0.00382195 -1.93762 -1.02506 0.796475 -0.196857 -0.000419672 8.18218e-05 -0.727009
413.982 0.1248 -0.668978 1.53629 -2.93568 0.490155 1.98174 0.0962584 -0.672788 1.56315 -2.92738 0.502672 1.99386 -0.0285416 -0.00380992 0.0268609 0.00830091 0.0125169 0.012127 0.0393783 0.953265 0.115009 -0.77842 1.37227 -2.92635 0.488166 1.98176 -0.00979068 -0.109442 -0.164016 0.00933131 -0.00198857 2.62742e-05 0.19742 0.546081 -0.418493 2.11969 0.846952 0.00313125 -0.0051418 -1.93764 -1.02506 0.796475 -0.196857 -0.000419672 8.18218e-05 -0.727009
414.376 0.124375 -0.672838 1.53668 -2.93521 0.490054 1.98173 0.0969687 -0.685238 1.58569 -2.94238 0.495738 1.98287 -0.0274061 -0.0123999 0.0490177 -0.00716984 0.0056837 0.00114223 0.0575116 0.551784 0.113562 -0.782726 1.37292 -2.92608 0.488431 1.98176 -0.0108123 -0.109887 -0.163758 0.00913517 -0.00162344 3.01962e-05 0.197507 0.530818 -0.418057 2.12341 0.845271 0.00360639 -0.00521162 -1.93763 -1.02506 0.796475 -0.196857 -0.000419672 8.18218e-05 -0.727009
414.712 0.123886 -0.677248 1.53736 -2.93492 0.48948 1.98165 0.0955794 -0.68382 1.57443 -2.9458 0.493486 1.96527 -0.0283068 -0.00657131 0.0370744 -0.0108793 0.00400661 -0.0163811 0.047106 0.877596 0.112188 -0.787771 1.37399 -2.92632 0.488044 1.98163 -0.0116981 -0.110522 -0.163371 0.0086002 -0.00143554 -1.74308e-05 0.197591 0.499677 -0.417721 2.12725 0.844306 0.0041142 -0.0047888 -1.93758 -1.02506 0.796475 -0.196857 -0.000419672 8.18218e-05 -0.727009
424.472 0.0723212 -0.679347 1.57444 -2.94042 0.482072 1.98175 0.0411387 -0.692017 1.59656 -2.93292 0.504938 1.98194 -0.0311825 -0.0126706 0.0221129 0.00750076 0.0228665 0.000192145 0.0402725 1.37715 0.0760499 -0.780545 1.40554 -2.93955 0.484651 1.98222 0.0037287 -0.101198 -0.168905 0.000863029 0.00257964 0.00047332 0.196936 0.153233 -0.461485 2.1563 0.887844 0.00148746 0.00393798 -1.936 -1.02506 0.796475 -0.196857 -0.000419672 8.18218e-05 -0.727009
424.772 0.0723909 -0.671234 1.57641 -2.939 0.482713 1.98166 0.0424596 -0.692458 1.62051 -2.94869 0.475158 1.96595 -0.0299313 -0.0212243 0.0440994 -0.00969435 -0.00755504 -0.0157083 0.0573682 0.91941 0.0754379 -0.7733 1.40802 -2.93705 0.486144 1.98242 0.00304696 -0.102066 -0.168385 0.00195029 0.00343117 0.000760864 0.196927 0.220287 -0.46405 2.152 0.892038 0.00264334 0.00284428 -1.9362 -1.02506 0.796475 -0.196857 -0.000419672 8.18218e-05 -0.727009
425.159 0.0718901 -0.66299 1.57848 -2.93802 0.483399 1.98155 0.0411385 -0.672501 1.59657 -2.92943 0.511447 1.98371 -0.0307516 -0.00951097 0.0180955 0.00858236 0.0280474 0.00215966 0.0369265 1.66789 0.0742706 -0.766299 1.4108 -2.93549 0.487116 1.98243 0.00238044 -0.103309 -0.167679 0.00252119 0.00371636 0.000882423 0.196963 0.24866 -0.466758 2.14759 0.89653 0.00337335 0.0018716 -1.93643 -1.02506 0.796475 -0.196857 -0.000419672 8.18218e-05 -0.727009
425.532 0.0700794 -0.651962 1.58127 -2.93758 0.484489 1.98143 0.0410451 -0.672687 1.62061 -2.94517 0.481475 1.96758 -0.0290342 -0.0207253 0.039348 -0.0075911 -0.00301375 -0.0138468 0.0531111 0.726316 0.0716619 -0.757548 1.4149 -2.93452 0.488244 1.98241 0.00158251 -0.105586 -0.166361 0.00306366 0.00375479 0.000975525 0.197046 0.266879 -0.470608 2.14163 0.902761 0.00346394 0.000719898 -1.93676 -1.02506 0.796475 -0.196857 -0.000419672 8.18218e-05 -0.727009
425.837 0.0679243 -0.643572 1.58338 -2.9378 0.485515 1.9814 0.0396281 -0.661307 1.62048 -2.94459 0.485652 1.96752 -0.0282962 -0.0177356 0.0370981 -0.00678117 0.000136908 -0.0138715 0.0499148 0.703322 0.0686538 -0.750082 1.41756 -2.93476 0.488894 1.98232 0.000729489 -0.10651 -0.165819 0.00304793 0.00337965 0.000926649 0.197081 0.24866 -0.47366 2.13713 0.907507 0.00291563 -0.000139506 -1.937 -1.02506 0.796475 -0.196857 -0.000419672 8.18218e-05 -0.727009
426.241 0.0655311 -0.635071 1.58552 -2.93813 0.486619 1.98139 0.0377887 -0.656819 1.63221 -2.94019 0.490302 1.98566 -0.0277425 -0.0217478 0.0466923 -0.00205756 0.00368292 0.00426565 0.0585046 0.381549 0.0654033 -0.743061 1.42057 -2.93544 0.48925 1.98218 -0.000127885 -0.107989 -0.164951 0.00269586 0.00263061 0.00078854 0.197156 0.205584 -0.476823 2.13263 0.912286 0.00222924 -0.00103605 -1.93722 -1.02506 0.796475 -0.196857 -0.000419672 8.18218e-05 -0.727009
426.574 0.0626217 -0.623682 1.58847 -2.93825 0.487957 1.98138 0.0349376 -0.645404 1.63218 -2.93927 0.494504 1.98572 -0.0276841 -0.0217221 0.0437111 -0.00101843 0.00654722 0.00434151 0.0561153 0.468972 0.0610318 -0.732514 1.42404 -2.93584 0.489774 1.98201 -0.00158989 -0.108833 -0.16443 0.00241781 0.00181719 0.000634928 0.197191 0.163129 -0.481153 2.12667 0.918836 0.00165923 -0.00222033 -1.9375 -1.02506 0.796475 -0.196857 -0.000419672 8.18218e-05 -0.727009
426.925 0.0605957 -0.61475 1.59099 -2.93809 0.489059 1.98143 0.0320547 -0.634764 1.63232 -2.92549 0.484755 1.98247 -0.028541 -0.0200141 0.0413344 0.0126019 -0.00430411 0.00104135 0.0540712 0.738605 0.0567339 -0.722174 1.42575 -2.93589 0.490358 1.98186 -0.00386176 -0.107424 -0.165243 0.00220041 0.00129821 0.000431814 0.19713 0.137056 -0.484451 2.12227 0.923949 0.00140708 -0.00328722 -1.93768 -1.02506 0.796475 -0.196857 -0.000419672 8.18218e-05 -0.727009
427.29 0.0584849 -0.605651 1.59375 -2.93794 0.490259 1.98154 0.0292032 -0.623341 1.63228 -2.92453 0.48901 1.98252 -0.0292817 -0.01769 0.038533 0.0134132 -0.00124959 0.000977276 0.0515281 0.747034 0.0536646 -0.712799 1.42835 -2.93593 0.491651 1.98194 -0.00482029 -0.107148 -0.165394 0.00201749 0.00139164 0.000401306 0.197127 0.13417 -0.487767 2.11796 0.929252 0.00107584 -0.00443888 -1.93783 -1.02506 0.796475 -0.196857 -0.000419672 8.18218e-05 -0.727009
427.631 0.0555414 -0.594018 1.59749 -2.93797 0.491653 1.98172 0.0263519 -0.611921 1.63224 -2.92357 0.493314 1.98257 -0.0291895 -0.0179029 0.0347534 0.0144021 0.00166106 0.000844445 0.0487887 0.808909 0.0500101 -0.698259 1.4304 -2.93615 0.493754 1.98236 -0.00553133 -0.104241 -0.167084 0.00182256 0.00210156 0.000637076 0.197012 0.153233 -0.492171 2.1124 0.936527 0.000474443 -0.00570594 -1.93795 -1.02506 0.796475 -0.196857 -0.000419672 8.18218e-05 -0.727009
428.037 0.0535951 -0.585868 1.60024 -2.93793 0.492372 1.98186 0.0240614 -0.596199 1.62047 -2.9386 0.509858 1.96844 -0.0295337 -0.0103311 0.0202286 -0.000667632 0.017486 -0.0134227 0.0372581 1.25242 0.0476285 -0.688281 1.43209 -2.93602 0.495488 1.98289 -0.0059666 -0.102413 -0.168152 0.00190479 0.00311521 0.00102675 0.196975 0.203672 -0.495427 2.10841 0.942059 0.000196087 -0.00638116 -1.93797 -1.02506 0.796475 -0.196857 -0.000419672 8.18218e-05 -0.727009
428.393 0.0519595 -0.578045 1.603 -2.9377 0.492946 1.98204 0.0235349 -0.591206 1.63211 -2.93402 0.514793 1.98682 -0.0284247 -0.0131611 0.0291145 0.00368245 0.0218462 0.00478641 0.0427648 1.27687 0.0459354 -0.679159 1.43413 -2.93554 0.496806 1.98345 -0.00602417 -0.101114 -0.168865 0.00215903 0.00386002 0.00141296 0.196916 0.247082 -0.498622 2.10459 0.947571 0.00012114 -0.00699072 -1.93793 -1.02506 0.796475 -0.196857 -0.000419672 8.18218e-05 -0.727009
428.824 0.0504463 -0.5704 1.60577 -2.9374 0.493468 1.98226 0.0206501 -0.580534 1.63217 -2.92007 0.505066 1.98345 -0.0297962 -0.0101343 0.0264029 0.0173381 0.0115981 0.00118856 0.0410808 1.16969 0.0438056 -0.67013 1.43605 -2.93476 0.497902 1.98402 -0.00664069 -0.0997299 -0.169724 0.00263862 0.00443472 0.00175903 0.196968 0.288036 -0.501746 2.10096 0.952975 0.000109081 -0.00757022 -1.93785 -1.02506 0.796475 -0.196857 -0.000419672 8.18218e-05 -0.727009
429.207 0.0486057 -0.560186 1.60955 -2.93676 0.494411 1.98269 0.0186586 -0.575355 1.64388 -2.9161 0.509519 2.0016 -0.0299471 -0.0151693 0.034328 0.020661 0.0151075 0.0189141 0.048014 1.44591 0.0421134 -0.657043 1.43814 -2.93305 0.49924 1.98477 -0.0064923 -0.096857 -0.171413 0.00371061 0.0048287 0.00207636 0.196992 0.33455 -0.505787 2.09645 0.959888 0.000167413 -0.00866096 -1.93767 -1.02506 0.796475 -0.196857 -0.000419672 8.18218e-05 -0.727009
429.59 0.0474648 -0.552635 1.6124 -2.93603 0.495201 1.98306 0.0178183 -0.561314 1.63226 -2.93468 0.497936 1.98042 -0.0296466 -0.00867829 0.019868 0.00134828 0.00273491 -0.00263945 0.0367283 0.253338 0.0408335 -0.651338 1.44207 -2.93154 0.500331 1.98531 -0.00663137 -0.0987027 -0.170329 0.0044837 0.00512985 0.00225543 0.196972 0.37115 -0.508715 2.09335 0.964799 0.000395438 -0.0096443 -1.93751 -1.02506 0.796475 -0.196857 -0.000419672 8.18218e-05 -0.727009
429.979 0.0466784 -0.545421 1.61517 -2.93499 0.495907 1.98342 0.0159148 -0.560449 1.65717 -2.93237 0.507956 1.97354 -0.0307636 -0.015028 0.0419988 0.00262169 0.0120486 -0.00987659 0.0541862 0.949151 0.0402741 -0.645553 1.4457 -2.92969 0.501292 1.98587 -0.00640433 -0.100132 -0.169474 0.00530113 0.00538513 0.00245695 0.196949 0.408304 -0.51155 2.09053 0.969461 0.000937545 -0.0106562 -1.93736 -1.02506 0.796475 -0.196857 -0.000419672 8.18218e-05 -0.727009
430.352 0.0459183 -0.536573 1.61871 -2.93338 0.49667 1.98384 0.0149844 -0.542734 1.63209 -2.92848 0.533617 1.98857 -0.030934 -0.00616039 0.0133843 0.00490773 0.0369472 0.00472866 0.0342637 2.13515 0.0414616 -0.637925 1.44996 -2.92754 0.501358 1.98639 -0.00445669 -0.101352 -0.168748 0.00584505 0.00468851 0.0025454 0.196896 0.398604 -0.515195 2.08725 0.975271 0.00196399 -0.0119229 -1.93716 -1.02506 0.796475 -0.196857 -0.000419672 8.18218e-05 -0.727009
430.67 0.0449047 -0.530391 1.62132 -2.93245 0.497387 1.98418 0.0144671 -0.543121 1.65729 -2.92897 0.514093 1.97514 -0.0304376 -0.0127297 0.0359727 0.00347474 0.0167064 -0.00904069 0.0488111 1.1508 0.04167 -0.634002 1.45391 -2.92659 0.500953 1.98666 -0.00323467 -0.103611 -0.167412 0.00585811 0.00356624 0.00248016 0.196907 0.359365 -0.517844 2.08522 0.979299 0.0024209 -0.0129101 -1.93702 -1.02506 0.796475 -0.196857 -0.000419672 8.18218e-05 -0.727009
431.067 0.0432295 -0.52479 1.62384 -2.93198 0.498229 1.98453 0.0138379 -0.53906 1.66944 -2.92812 0.488613 1.98632 -0.0293917 -0.01427 0.0455978 0.00385953 -0.00961555 0.00178309 0.0560951 0.584168 0.0407832 -0.629522 1.4571 -2.92613 0.500783 1.98673 -0.00244633 -0.104733 -0.166742 0.0058476 0.00255408 0.00219748 0.196921 0.329838 -0.520426 2.08359 0.98303 0.00238434 -0.0138456 -1.93689 -1.02506 0.796475 -0.196857 -0.000419672 8.18218e-05 -0.727009
431.796 0.0375161 -0.513886 1.62962 -2.93211 0.500547 1.98543 0.00804108 -0.525077 1.669 -2.94085 0.50989 1.98963 -0.029475 -0.0111912 0.0393894 -0.00873927 0.00934331 0.00420185 0.0504534 0.843951 0.0365067 -0.624486 1.46639 -2.92784 0.501456 1.98664 -0.00100938 -0.1106 -0.163222 0.00426765 0.000908841 0.00121023 0.197167 0.225554 -0.526092 2.08148 0.990693 0.00100553 -0.0159237 -1.93658 -1.02506 0.796475 -0.196857 -0.000419672 8.18218e-05 -0.727009
432.171 0.034284 -0.509968 1.63225 -2.93267 0.501799 1.98586 0.00512674 -0.51925 1.66902 -2.94099 0.512467 1.98921 -0.0291572 -0.00928154 0.0367643 -0.00831848 0.0106679 0.00335598 0.0478321 0.852716 0.0354896 -0.623705 1.47092 -2.92932 0.502444 1.98691 0.00120565 -0.113737 -0.161328 0.00335187 0.000645012 0.00105487 0.197393 0.174713 -0.528296 2.08135 0.993657 -0.000177842 -0.01687 -1.93646 -1.02506 0.796475 -0.196857 -0.000419672 8.18218e-05 -0.727009
432.563 0.0306482 -0.50725 1.63481 -2.93374 0.502802 1.98622 0.00221238 -0.513423 1.66903 -2.94115 0.515059 1.98879 -0.0284359 -0.00617387 0.0342182 -0.00740851 0.0122567 0.00257046 0.0449177 0.869532 0.033243 -0.62478 1.47577 -2.93147 0.502926 1.98704 0.00259479 -0.11753 -0.159037 0.00226608 0.000124274 0.000821096 0.19777 0.11535 -0.530299 2.0817 0.996503 -0.00170765 -0.0174107 -1.93633 -1.02506 0.796475 -0.196857 -0.000419672 8.18218e-05 -0.727009
433.29 0.0215264 -0.506826 1.63994 -2.93798 0.503426 1.98666 -0.00658363 -0.509052 1.66902 -2.91314 0.518099 1.9863 -0.02811 -0.00222589 0.0290858 0.0248442 0.014673 -0.000352875 0.0405106 1.66177 0.032954 -0.630298 1.48451 -2.93851 0.501734 1.98704 0.0114276 -0.123472 -0.155422 -0.000524233 -0.00169204 0.000382515 0.198827 0.108352 -0.533885 2.08435 1.00243 -0.00612126 -0.0164773 -1.93601 -1.02506 0.796475 -0.196857 -0.000419672 8.18218e-05 -0.727009
434.006 0.0137075 -0.51265 1.64354 -2.94287 0.502512 1.98668 -0.0152938 -0.511382 1.66948 -2.93151 0.533383 1.98668 -0.0290013 0.00126728 0.0259435 0.0113606 0.0308712 2.22743e-06 0.0389326 1.88471 0.0328938 -0.638502 1.4896 -2.94541 0.498901 1.98745 0.0191862 -0.125852 -0.153942 -0.00254583 -0.00361039 0.000775155 0.199763 0.268341 -0.535412 2.08906 1.00616 -0.010388 -0.0139063 -1.93574 -1.02506 0.796475 -0.196857 -0.000419672 8.18218e-05 -0.727009
434.417 0.0118892 -0.515989 1.64472 -2.94413 0.501954 1.98662 -0.0182093 -0.514308 1.66952 -2.9333 0.532756 1.98541 -0.0300985 0.00168124 0.0247946 0.0108343 0.0308016 -0.00121494 0.0390323 1.88346 0.0333184 -0.64164 1.49068 -2.9462 0.49752 1.98775 0.0214292 -0.125651 -0.154045 -0.00206883 -0.00443406 0.0011339 0.199943 0.300014 -0.535299 2.09152 1.00681 -0.0113441 -0.012951 -1.93567 -1.02506 0.796475 -0.196857 -0.000419672 8.18218e-05 -0.727009
434.773 0.0113599 -0.520264 1.64552 -2.94482 0.50093 1.98644 -0.0207036 -0.525276 1.6956 -2.95074 0.523524 1.97374 -0.0320635 -0.00501176 0.0500774 -0.00591781 0.0225935 -0.0127076 0.0596735 1.44184 0.0349268 -0.645479 1.49121 -2.94578 0.495613 1.98778 0.023567 -0.125215 -0.15431 -0.000959909 -0.0053175 0.00133314 0.200114 0.325057 -0.534695 2.09417 1.00696 -0.0115399 -0.0117707 -1.93562 -1.02506 0.796475 -0.196857 -0.000419672 8.18218e-05 -0.727009
435.143 0.0121549 -0.527417 1.64606 -2.94524 0.498906 1.98602 -0.0211059 -0.522246 1.66927 -2.9525 0.515458 1.98031 -0.0332608 0.00517102 0.0232178 -0.00725608 0.0165519 -0.00571179 0.0408912 1.02336 0.0407843 -0.651272 1.49093 -2.94484 0.492782 1.98734 0.0286294 -0.123855 -0.155128 0.000408925 -0.00612367 0.00132233 0.20056 0.35718 -0.533143 2.09794 1.00655 -0.0110163 -0.00976878 -1.9356 -1.02506 0.796475 -0.196857 -0.000419672 8.18218e-05 -0.727009
435.823 0.0142909 -0.540988 1.64626 -2.94661 0.494783 1.98498 -0.0182096 -0.53472 1.66951 -2.93695 0.52521 1.98356 -0.0325004 0.00626783 0.0232468 0.00965477 0.0304271 -0.00142682 0.0404472 1.84292 0.0527427 -0.662875 1.48988 -2.9441 0.487376 1.98597 0.0384518 -0.121887 -0.156381 0.00250555 -0.0074069 0.000988218 0.201965 0.443232 -0.529378 2.10386 1.00576 -0.0103292 -0.00547957 -1.9357 -1.02506 0.796475 -0.196857 -0.000419672 8.18218e-05 -0.727009
436.219 0.0154561 -0.54799 1.64664 -2.94763 0.49277 1.98439 -0.0177428 -0.551921 1.69556 -2.95392 0.513467 1.97249 -0.0331989 -0.00393024 0.0489163 -0.0062934 0.0206966 -0.0119015 0.0592488 1.32825 0.0579175 -0.66835 1.48941 -2.9445 0.484936 1.98523 0.0424614 -0.120359 -0.157236 0.00312835 -0.0078341 0.00083179 0.202516 0.477244 -0.526933 2.10679 1.00564 -0.0102894 -0.00330808 -1.93581 -1.02506 0.796475 -0.196857 -0.000419672 8.18218e-05 -0.727009
436.936 0.0189394 -0.561551 1.64847 -2.94965 0.489558 1.98319 -0.0152943 -0.558038 1.66947 -2.9398 0.516313 1.98251 -0.0342336 0.00351338 0.0209985 0.00985439 0.0267546 -0.000684279 0.0403141 1.64068 0.0690478 -0.675426 1.4875 -2.94474 0.48112 1.98351 0.0501084 -0.113875 -0.160978 0.00491594 -0.00843842 0.000321105 0.203451 0.555319 -0.51999 2.11308 1.00552 -0.0104676 0.00034467 -1.93624 -1.02506 0.796475 -0.196857 -0.000419672 8.18218e-05 -0.727009
437.326 0.0213235 -0.56636 1.64936 -2.95 0.488586 1.98272 -0.0123609 -0.563021 1.66913 -2.95572 0.499484 1.97978 -0.0336844 0.00333915 0.0197792 -0.00571868 0.0108983 -0.00293758 0.0392047 0.688134 0.0737897 -0.675775 1.4858 -2.9444 0.480375 1.98291 0.0524662 -0.109415 -0.163553 0.00559623 -0.00821057 0.000190742 0.203651 0.566482 -0.516534 2.11543 1.00529 -0.0102161 0.00135543 -1.93647 -1.02506 0.796475 -0.196857 -0.000419672 8.18218e-05 -0.727009
437.677 0.0253398 -0.57284 1.64997 -2.9502 0.487169 1.98203 -0.0103236 -0.577759 1.69536 -2.97167 0.487987 1.96979 -0.0356634 -0.00491901 0.0453838 -0.0214704 0.000817584 -0.012247 0.057929 1.09504 0.0790076 -0.676594 1.48313 -2.9437 0.479956 1.98221 0.0536678 -0.103754 -0.166845 0.00650135 -0.00721368 0.000174179 0.203673 0.553201 -0.511537 2.11814 1.0045 -0.0095734 0.00272239 -1.93679 -1.02506 0.796475 -0.196857 -0.000419672 8.18218e-05 -0.727009
437.942 0.0289354 -0.577217 1.65007 -2.95003 0.486328 1.98155 -0.00589915 -0.581496 1.69543 -2.95398 0.501378 1.97392 -0.0348345 -0.0042799 0.0453653 -0.00395003 0.0150497 -0.00763458 0.0573566 0.944605 0.0818401 -0.67699 1.48089 -2.94272 0.480787 1.98187 0.0529047 -0.0997737 -0.169181 0.00730534 -0.00554073 0.000315929 0.20341 0.518888 -0.507537 2.11983 1.00338 -0.00887885 0.00342949 -1.93704 -1.02506 0.796475 -0.196857 -0.000419672 8.18218e-05 -0.727009
438.305 0.0331963 -0.580446 1.65005 -2.94923 0.486024 1.98119 -0.0021577 -0.583083 1.68288 -2.97105 0.51202 1.95929 -0.035354 -0.00263703 0.0328307 -0.0218169 0.0259965 -0.0219052 0.0483189 1.96324 0.0842061 -0.67696 1.47893 -2.94146 0.482164 1.98167 0.0510098 -0.0965141 -0.171126 0.00776534 -0.0038602 0.000476436 0.20298 0.48618 -0.503359 2.12123 1.00173 -0.00785022 0.00342495 -1.93729 -1.02506 0.796475 -0.196857 -0.000419672 8.18218e-05 -0.727009
438.668 0.0396219 -0.583952 1.6495 -2.94764 0.485993 1.98084 0.00298283 -0.590363 1.69538 -2.95195 0.497055 1.97601 -0.0366391 -0.00641123 0.0458852 -0.00430892 0.0110622 -0.00482671 0.0590675 0.68927 0.0872302 -0.677201 1.47637 -2.93954 0.4844 1.98159 0.0476083 -0.0932487 -0.173125 0.00809811 -0.00159322 0.000752028 0.202322 0.454565 -0.497572 2.12264 0.998717 -0.00617242 0.00289042 -1.93759 -1.02506 0.796475 -0.196857 -0.000419672 8.18218e-05 -0.727009
439.055 0.0443957 -0.586602 1.64856 -2.94655 0.485907 1.98059 0.00890402 -0.59332 1.69537 -2.95015 0.49519 1.97762 -0.0354917 -0.00671808 0.0468087 -0.00360062 0.00928299 -0.00296755 0.0591257 0.567173 0.0892575 -0.677381 1.47378 -2.93885 0.486525 1.98157 0.0448618 -0.0907787 -0.174783 0.0076996 0.000618508 0.000976494 0.201996 0.419648 -0.493116 2.1234 0.995986 -0.00493117 0.00256795 -1.93779 -1.02506 0.796475 -0.196857 -0.000419672 8.18218e-05 -0.727009
439.4 0.0497536 -0.589846 1.64705 -2.9455 0.48568 1.98032 0.0133321 -0.59742 1.69439 -2.94607 0.493276 1.98004 -0.0364215 -0.00757391 0.0473387 -0.000564716 0.00759508 -0.000271147 0.0602067 0.436111 0.0922987 -0.678753 1.47128 -2.93851 0.487531 1.98141 0.042545 -0.0889065 -0.175769 0.006997 0.00185029 0.00108988 0.201517 0.390671 -0.488602 2.12393 0.992994 -0.00380619 0.00242259 -1.93798 -1.02506 0.796475 -0.196857 -0.000419672 8.18218e-05 -0.727009
440.166 0.0614395 -0.597281 1.64276 -2.9438 0.484971 1.97978 0.0242597 -0.601571 1.68321 -2.9496 0.487045 1.96312 -0.0371798 -0.00428989 0.0404486 -0.0058028 0.00207381 -0.0166667 0.0551074 0.860028 0.0969308 -0.680874 1.46383 -2.93873 0.488774 1.98084 0.0354913 -0.0835923 -0.178931 0.00506681 0.00380252 0.00105664 0.200658 0.344917 -0.47804 2.12442 0.985673 -0.00170043 0.00247173 -1.93829 -1.02506 0.796475 -0.196857 -0.000419672 8.18218e-05 -0.727009
440.539 0.0666973 -0.600334 1.64067 -2.94297 0.484569 1.97961 0.0311207 -0.611308 1.69598 -2.94531 0.485411 1.98285 -0.0355766 -0.0109744 0.0553049 -0.00234657 0.000842552 0.00323763 0.0666691 0.279765 0.0993612 -0.682102 1.46065 -2.93844 0.488743 1.98064 0.0326639 -0.0817686 -0.180022 0.00452882 0.00417427 0.00102992 0.200402 0.336882 -0.473573 2.12432 0.98248 -0.000698533 0.00254878 -1.93836 -1.02506 0.796475 -0.196857 -0.000419672 8.18218e-05 -0.727009
440.87 0.0718645 -0.60347 1.63836 -2.94227 0.484081 1.97947 0.0360203 -0.61044 1.68334 -2.94662 0.482392 1.96603 -0.0358443 -0.00697041 0.0449866 -0.00435248 -0.00168829 -0.0134422 0.0579413 0.697174 0.102577 -0.684173 1.45769 -2.93841 0.488776 1.98053 0.0307124 -0.080703 -0.180669 0.00386108 0.00469571 0.00105671 0.200243 0.335718 -0.469187 2.12406 0.97923 0.000195052 0.00275146 -1.93838 -1.02506 0.796475 -0.196857 -0.000419672 8.18218e-05 -0.727009
441.538 0.0827483 -0.611471 1.63183 -2.94176 0.482611 1.97918 0.0477846 -0.619334 1.68354 -2.94374 0.477755 1.96889 -0.0349636 -0.00786297 0.0517118 -0.00197736 -0.00485644 -0.0102873 0.0629158 0.612936 0.107742 -0.68976 1.44978 -2.93893 0.487843 1.98015 0.0249933 -0.078289 -0.182046 0.00282797 0.00523134 0.000974504 0.199736 0.333378 -0.459434 2.12284 0.971338 0.00132283 0.00392047 -1.93834 -1.02506 0.796475 -0.196857 -0.000419672 8.18218e-05 -0.727009
441.967 0.0873367 -0.614613 1.62894 -2.94153 0.481902 1.97906 0.0536686 -0.62526 1.68366 -2.94258 0.474965 1.97018 -0.0336681 -0.010647 0.0547221 -0.00105197 -0.00693672 -0.00888219 0.0651261 0.626201 0.108577 -0.69285 1.44687 -2.93923 0.486989 1.97995 0.0212405 -0.0782372 -0.18207 0.00230187 0.00508731 0.000886079 0.199303 0.314035 -0.455513 2.12202 0.968124 0.00183879 0.00449112 -1.9383 -1.02506 0.796475 -0.196857 -0.000419672 8.18218e-05 -0.727009
442.362 0.093657 -0.617355 1.62572 -2.94072 0.48129 1.979 0.0579283 -0.620697 1.65765 -2.94005 0.494792 1.98533 -0.0357287 -0.00334161 0.0319267 0.0006632 0.0135026 0.00632652 0.0480314 0.847653 0.108358 -0.697792 1.4449 -2.93949 0.485841 1.97978 0.0147014 -0.0804365 -0.180816 0.0012287 0.00455135 0.000773404 0.198446 0.268341 -0.450583 2.12064 0.964436 0.00284232 0.00476645 -1.93822 -1.02506 0.796475 -0.196857 -0.000419672 8.18218e-05 -0.727009
442.707 0.0984701 -0.618183 1.62396 -2.93976 0.48113 1.97905 0.0637221 -0.623635 1.65776 -2.9384 0.492921 1.9869 -0.034748 -0.00545245 0.0338045 0.00136383 0.0117911 0.00784478 0.0487842 0.794754 0.108864 -0.702157 1.44516 -2.9395 0.484838 1.97967 0.0103939 -0.0839739 -0.178792 0.000262212 0.00370838 0.000615706 0.197803 0.214891 -0.447144 2.11938 0.962299 0.0037661 0.00457675 -1.93814 -1.02506 0.796475 -0.196857 -0.000419672 8.18218e-05 -0.727009
443.086 0.102869 -0.618214 1.62265 -2.93893 0.481222 1.97918 0.0682759 -0.619841 1.64574 -2.93928 0.490845 1.97063 -0.0345934 -0.0016273 0.0230813 -0.000355622 0.00962306 -0.00855106 0.0416185 0.731684 0.109916 -0.705852 1.44596 -2.93973 0.483825 1.9796 0.00704713 -0.087638 -0.176693 -0.000801927 0.00260307 0.000417277 0.197359 0.160713 -0.443956 2.11795 0.960672 0.00444913 0.00419786 -1.93804 -1.02506 0.796475 -0.196857 -0.000419672 8.18218e-05 -0.727009
443.422 0.10678 -0.617517 1.62173 -2.93825 0.48158 1.97941 0.0740245 -0.621169 1.64542 -2.93278 0.517209 1.98012 -0.0327556 -0.00365215 0.023693 0.00546959 0.0356283 0.000708492 0.040591 2.06279 0.110962 -0.708146 1.44675 -2.94021 0.482799 1.9796 0.00418238 -0.0906286 -0.174977 -0.00195737 0.00121821 0.000189903 0.197099 0.137056 -0.441034 2.11638 0.959445 0.00484487 0.00363101 -1.93792 -1.02506 0.796475 -0.196857 -0.000419672 8.18218e-05 -0.727009
443.764 0.111879 -0.614536 1.6214 -2.9368 0.48283 1.97993 0.0782017 -0.624687 1.65864 -2.91935 0.476093 1.98805 -0.0336773 -0.010151 0.0372393 0.017457 -0.00673665 0.0081192 0.0512247 0.967932 0.112459 -0.709316 1.44881 -2.9396 0.482288 1.97988 0.000580017 -0.0947805 -0.172588 -0.00279545 -0.000541345 -4.99568e-05 0.196901 0.160713 -0.437559 2.11412 0.958329 0.00551228 0.00197314 -1.93772 -1.02506 0.796475 -0.196857 -0.000419672 8.18218e-05 -0.727009
444.107 0.115818 -0.611246 1.62164 -2.93524 0.484057 1.98042 0.0826821 -0.618093 1.64681 -2.91749 0.502715 1.97917 -0.0331363 -0.00684743 0.0251728 0.0177424 0.0186584 -0.00125695 0.0421731 1.50037 0.112765 -0.70896 1.45076 -2.93795 0.482324 1.98017 -0.0030535 -0.0977139 -0.170877 -0.00271741 -0.00173304 -0.000253581 0.196866 0.179137 -0.435267 2.11235 0.957844 0.00630805 0.000293917 -1.93754 -1.02506 0.796475 -0.196857 -0.000419672 8.18218e-05 -0.727009
444.421 0.119914 -0.607438 1.62219 -2.93328 0.485329 1.98097 0.0855477 -0.614298 1.64629 -2.9317 0.49001 1.97662 -0.0343664 -0.00686091 0.0241036 0.00158618 0.00468164 -0.00435206 0.0425335 0.404452 0.111652 -0.709144 1.45367 -2.93595 0.482482 1.98049 -0.0082616 -0.101706 -0.16852 -0.00266215 -0.00284655 -0.000484934 0.197006 0.216705 -0.433248 2.11059 0.957669 0.007422 -0.00156272 -1.93732 -1.02506 0.796475 -0.196857 -0.000419672 8.18218e-05 -0.727009
444.801 0.12488 -0.602604 1.62309 -2.93086 0.486776 1.98171 0.0913289 -0.609598 1.64718 -2.91247 0.504158 1.98283 -0.033551 -0.00699432 0.0240897 0.0183941 0.0173819 0.0011251 0.0418915 1.42903 0.112691 -0.705717 1.45545 -2.93395 0.482831 1.98093 -0.0121887 -0.103113 -0.167638 -0.00309189 -0.00394566 -0.000775359 0.197189 0.278362 -0.430999 2.1084 0.957889 0.00882155 -0.00374964 -1.93699 -1.02506 0.796475 -0.196857 -0.000419672 8.18218e-05 -0.727009
445.2 0.127757 -0.599856 1.62365 -2.92969 0.487477 1.98221 0.095621 -0.609512 1.65873 -2.92369 0.492446 1.99832 -0.0321358 -0.00965592 0.0350776 0.00599878 0.00496861 0.0161106 0.0485426 0.867729 0.112951 -0.703805 1.45654 -2.9333 0.483019 1.98126 -0.0148058 -0.103949 -0.16711 -0.00361375 -0.00445767 -0.000945386 0.197359 0.316518 -0.429659 2.10695 0.958317 0.00942694 -0.0048083 -1.93671 -1.02506 0.796475 -0.196857 -0.000419672 8.18218e-05 -0.727009
445.515 0.129825 -0.597581 1.62427 -2.92901 0.488038 1.98268 0.100775 -0.615872 1.68412 -2.93715 0.485619 1.98885 -0.0290501 -0.0182907 0.0598504 -0.00814016 -0.00241986 0.0061629 0.0689966 0.718188 0.112775 -0.703488 1.45834 -2.93287 0.483572 1.98172 -0.0170492 -0.105907 -0.165926 -0.0038649 -0.0044661 -0.000958613 0.197581 0.326259 -0.428621 2.10572 0.958947 0.00962729 -0.00556781 -1.93642 -1.02506 0.796475 -0.196857 -0.000419672 8.18218e-05 -0.727009
445.881 0.131374 -0.5945 1.62564 -2.92865 0.488945 1.98337 0.0999149 -0.598963 1.64563 -2.93593 0.507108 1.98653 -0.0314587 -0.00446326 0.0199867 -0.00727975 0.0181631 0.00315445 0.0375372 1.16701 0.111683 -0.702469 1.46095 -2.93258 0.484752 1.98249 -0.0196908 -0.107969 -0.164692 -0.00392948 -0.00419295 -0.000884164 0.19791 0.316518 -0.427699 2.10446 0.960295 0.00929919 -0.00652599 -1.93601 -1.02506 0.796475 -0.196857 -0.000419672 8.18218e-05 -0.727009
446.258 0.13188 -0.592311 1.62712 -2.92864 0.489573 1.98388 0.103627 -0.605062 1.67048 -2.95119 0.500374 1.97602 -0.0282529 -0.0127513 0.0433573 -0.0225484 0.010801 -0.00786166 0.053298 1.30476 0.110044 -0.701462 1.46314 -2.93248 0.485682 1.98311 -0.0218363 -0.109151 -0.163981 -0.00384171 -0.00389121 -0.000771962 0.198194 0.301316 -0.42733 2.10383 0.961805 0.00883235 -0.00710717 -1.9357 -1.02506 0.796475 -0.196857 -0.000419672 8.18218e-05 -0.727009
446.996 0.13154 -0.58816 1.63145 -2.92906 0.490654 1.98486 0.102075 -0.593742 1.65715 -2.94732 0.529706 1.96693 -0.0294655 -0.00558213 0.0257007 -0.0182589 0.0390526 -0.0179302 0.0394956 2.47116 0.108633 -0.700178 1.46915 -2.93316 0.487092 1.98416 -0.0229078 -0.112018 -0.162305 -0.00410047 -0.00356135 -0.000702838 0.198534 0.298707 -0.427317 2.10343 0.966308 0.00757195 -0.00795357 -1.93508 -1.02506 0.796475 -0.196857 -0.000419672 8.18218e-05 -0.727009
447.387 0.1299 -0.585033 1.63555 -2.92988 0.491715 1.98558 0.102226 -0.5955 1.6723 -2.91952 0.50324 1.97697 -0.027674 -0.0104678 0.0367523 0.0103593 0.0115251 -0.00860485 0.0471822 1.145 0.107583 -0.699018 1.47438 -2.93443 0.488207 1.98479 -0.0223171 -0.113986 -0.161176 -0.00454832 -0.00350838 -0.000788443 0.198667 0.315279 -0.427751 2.10381 0.970296 0.00607443 -0.00863709 -1.93467 -1.02506 0.796475 -0.196857 -0.000419672 8.18218e-05 -0.727009
447.776 0.128071 -0.583211 1.63893 -2.93088 0.492326 1.98605 0.100749 -0.591642 1.67174 -2.93597 0.490527 1.97299 -0.0273222 -0.00843137 0.032808 -0.00509682 -0.0017993 -0.0130666 0.0435196 0.670856 0.107384 -0.698301 1.47837 -2.93562 0.48878 1.98519 -0.020687 -0.11509 -0.160559 -0.00473861 -0.00354634 -0.000867643 0.198628 0.323851 -0.428237 2.10442 0.973701 0.00468302 -0.00884258 -1.93438 -1.02506 0.796475 -0.196857 -0.000419672 8.18218e-05 -0.727009
448.172 0.125827 -0.582002 1.64246 -2.9322 0.492704 1.98646 0.097784 -0.587508 1.67035 -2.95011 0.507173 1.97595 -0.0280432 -0.00550628 0.0278946 -0.0179139 0.0144683 -0.0105111 0.0399355 1.22908 0.105862 -0.69715 1.48189 -2.93714 0.489247 1.98555 -0.0199648 -0.115148 -0.160566 -0.00494426 -0.00345714 -0.000909345 0.198593 0.328649 -0.428806 2.10532 0.977377 0.00311027 -0.00871909 -1.93409 -1.02506 0.796475 -0.196857 -0.000419672 8.18218e-05 -0.727009
448.544 0.123055 -0.58189 1.64695 -2.93397 0.492409 1.9868 0.0970382 -0.593291 1.69529 -2.96682 0.501373 1.96415 -0.0260171 -0.0114007 0.0483399 -0.0328426 0.00896382 -0.0226499 0.0560679 1.77784 0.103587 -0.695769 1.48557 -2.93898 0.489421 1.98605 -0.0194686 -0.113879 -0.161373 -0.00500901 -0.00298838 -0.000749647 0.198466 0.318981 -0.429608 2.10689 0.982432 0.00138438 -0.00781817 -1.93373 -1.02506 0.796475 -0.196857 -0.000419672 8.18218e-05 -0.727009
448.923 0.121537 -0.582621 1.65004 -2.93494 0.491729 1.98695 0.0934068 -0.583984 1.67068 -2.93292 0.523263 1.97937 -0.0281302 -0.0013629 0.0206451 0.0020189 0.0315343 -0.00758098 0.0349196 1.87492 0.101248 -0.695525 1.48806 -2.93985 0.489448 1.98636 -0.0202887 -0.112904 -0.161983 -0.00490923 -0.00228069 -0.000585917 0.198487 0.297394 -0.430199 2.1083 0.986044 0.000644115 -0.00685251 -1.93345 -1.02506 0.796475 -0.196857 -0.000419672 8.18218e-05 -0.727009
449.975 0.122255 -0.586647 1.65856 -2.93329 0.488004 1.98709 0.091948 -0.588783 1.68445 -2.9168 0.510063 1.99353 -0.0303073 -0.00213509 0.0258921 0.0164957 0.0220595 0.00643543 0.0399186 1.51439 0.0971961 -0.69395 1.49334 -2.9373 0.488244 1.98709 -0.0250593 -0.107303 -0.165216 -0.00400356 0.000240316 -2.31849e-07 0.198591 0.228997 -0.432104 2.11393 0.995673 0.00340938 -0.00403472 -1.93258 -1.02506 0.796475 -0.196857 -0.000419672 8.18218e-05 -0.727009
450.65 0.122873 -0.591733 1.66181 -2.93212 0.484727 1.98686 0.0941295 -0.600829 1.71044 -2.93396 0.50152 1.98165 -0.0287435 -0.009096 0.0486363 -0.00183331 0.0167937 -0.00521576 0.0572226 0.998188 0.0962192 -0.692564 1.49289 -2.93511 0.486384 1.98668 -0.0266538 -0.100831 -0.168918 -0.00298451 0.00165736 -0.000181463 0.198521 0.191797 -0.433657 2.1178 0.999855 0.00576246 -0.00145727 -1.9321 -1.02506 0.796475 -0.196857 -0.000419672 8.18218e-05 -0.727009
451.02 0.120671 -0.595396 1.66368 -2.93308 0.483051 1.98676 0.0941294 -0.603814 1.71044 -2.93452 0.50054 1.98136 -0.0265414 -0.00841822 0.0467571 -0.00144706 0.0174888 -0.00540252 0.05442 1.04042 0.0951293 -0.690597 1.49149 -2.93534 0.485468 1.9865 -0.0255414 -0.0952007 -0.172188 -0.00226219 0.00241713 -0.000259974 0.198404 0.185575 -0.435124 2.12046 1.00235 0.00550034 0.000440572 -1.93184 -1.02506 0.796475 -0.196857 -0.000419672 8.18218e-05 -0.727009
451.429 0.117542 -0.597831 1.66529 -2.93464 0.48222 1.98674 0.0911407 -0.601739 1.69612 -2.95182 0.513529 1.96603 -0.0264011 -0.00390807 0.0308358 -0.0171828 0.0313083 -0.020708 0.0407815 2.11637 0.0920986 -0.68992 1.49128 -2.93642 0.485053 1.98653 -0.0254432 -0.0920894 -0.174003 -0.0017761 0.00283312 -0.000213155 0.198507 0.189746 -0.43648 2.12242 1.00429 0.00435082 0.00173327 -1.93169 -1.02506 0.796475 -0.196857 -0.000419672 8.18218e-05 -0.727009
451.797 0.11385 -0.599655 1.66711 -2.93642 0.481703 1.98675 0.088118 -0.607146 1.70932 -2.95549 0.486012 1.97495 -0.0257325 -0.00749097 0.0422101 -0.0190628 0.0043091 -0.0117988 0.0499997 1.01182 0.0888765 -0.688778 1.49137 -2.93778 0.484717 1.98638 -0.024974 -0.0891234 -0.17574 -0.00135591 0.00301388 -0.000376102 0.198623 0.185575 -0.438035 2.12428 1.00644 0.00286188 0.00284455 -1.93158 -1.02506 0.796475 -0.196857 -0.000419672 8.18218e-05 -0.727009
452.184 0.108828 -0.601267 1.67002 -2.93866 0.481116 1.98672 0.0836619 -0.609704 1.7102 -2.93871 0.499939 1.97808 -0.0251666 -0.00843738 0.0401727 -5.17334e-05 0.0188229 -0.00864061 0.0481497 1.18597 0.0851797 -0.684831 1.49107 -2.93962 0.484226 1.98612 -0.0236488 -0.083564 -0.178956 -0.000958161 0.00310996 -0.000603142 0.198916 0.185575 -0.440356 2.12653 1.00995 0.000993837 0.00418334 -1.9315 -1.02506 0.796475 -0.196857 -0.000419672 8.18218e-05 -0.727009
452.526 0.105359 -0.601959 1.67254 -2.94004 0.480571 1.98662 0.0791726 -0.609619 1.70996 -2.94124 0.500949 1.97615 -0.0261866 -0.00765994 0.0374153 -0.00119798 0.0203786 -0.010468 0.0463068 1.29965 0.0837136 -0.681827 1.49147 -2.94057 0.483818 1.98555 -0.0216457 -0.0798678 -0.181075 -0.000527605 0.0032469 -0.0010692 0.199087 0.193827 -0.442238 2.12797 1.01315 -5.50592e-05 0.00517651 -1.93148 -1.02506 0.796475 -0.196857 -0.000419672 8.18218e-05 -0.727009
452.86 0.102379 -0.602371 1.67516 -2.94106 0.479814 1.98644 0.0746914 -0.609616 1.70995 -2.94208 0.50134 1.9753 -0.0276879 -0.00724503 0.0347878 -0.00101517 0.0215265 -0.0111456 0.0450478 1.37743 0.0820646 -0.679103 1.49231 -2.94091 0.482765 1.985 -0.0203147 -0.0767317 -0.18285 0.000155001 0.00295123 -0.0014466 0.199335 0.189746 -0.444213 2.12914 1.01672 -0.000653886 0.00623439 -1.93148 -1.02506 0.796475 -0.196857 -0.000419672 8.18218e-05 -0.727009
453.516 0.0969734 -0.598965 1.68241 -2.94154 0.47915 1.98619 0.0687135 -0.60658 1.70981 -2.9438 0.503249 1.97371 -0.0282599 -0.007615 0.0273977 -0.00225765 0.0240989 -0.0124825 0.0400905 1.53212 0.0755878 -0.669007 1.49578 -2.93952 0.481149 1.9852 -0.0213856 -0.0700414 -0.186632 0.00202359 0.00199887 -0.000993513 0.200486 0.189746 -0.449158 2.13068 1.02583 -0.000744092 0.00701267 -1.93157 -1.02506 0.796475 -0.196857 -0.000419672 8.18218e-05 -0.727009
453.842 0.0950516 -0.595802 1.68581 -2.94117 0.479361 1.98617 0.0675258 -0.611455 1.73646 -2.96154 0.497026 1.96159 -0.0275258 -0.0156533 0.0506485 -0.0203711 0.0176647 -0.024576 0.0597325 1.68144 0.0719081 -0.665756 1.49912 -2.93876 0.481597 1.98564 -0.0231435 -0.0699536 -0.186687 0.00240906 0.00223589 -0.000524875 0.200702 0.199792 -0.451427 2.1308 1.02989 -0.000460949 0.00668748 -1.93163 -1.02506 0.796475 -0.196857 -0.000419672 8.18218e-05 -0.727009
454.274 0.093395 -0.592103 1.68905 -2.94053 0.479666 1.98614 0.0654832 -0.602433 1.72362 -2.92667 0.493099 1.98819 -0.0279119 -0.0103298 0.0345725 0.0138568 0.0134327 0.00204458 0.0456183 1.07228 0.0694273 -0.661718 1.50216 -2.93848 0.48207 1.9859 -0.0239677 -0.0696145 -0.186886 0.00204845 0.00240378 -0.000247834 0.200865 0.185575 -0.453789 2.13062 1.03383 4.63983e-05 0.00617686 -1.93171 -1.02506 0.796475 -0.196857 -0.000419672 8.18218e-05 -0.727009
454.668 0.0912104 -0.586554 1.69293 -2.93954 0.480303 1.98615 0.0624703 -0.596386 1.72355 -2.92668 0.495552 1.98783 -0.0287401 -0.00983269 0.0306239 0.0128642 0.0152491 0.00167971 0.0431335 1.11768 0.0665868 -0.655489 1.50568 -2.93859 0.48272 1.98622 -0.0246236 -0.0689353 -0.187242 0.000948536 0.00241634 7.68026e-05 0.201042 0.148038 -0.457099 2.12994 1.03867 0.00074508 0.00523559 -1.93183 -1.02506 0.796475 -0.196857 -0.000419672 8.18218e-05 -0.727009
455.017 0.0893857 -0.5822 1.69541 -2.93888 0.480848 1.98614 0.0611888 -0.599758 1.75106 -2.94369 0.489459 1.97595 -0.0281969 -0.0175589 0.0556498 -0.00480723 0.00861095 -0.0101886 0.0648096 0.714364 0.0647316 -0.651211 1.50815 -2.93868 0.483347 1.98639 -0.0246541 -0.0690117 -0.18726 0.000202717 0.00249915 0.000249003 0.201089 0.142653 -0.459712 2.12916 1.04191 0.00117156 0.0045065 -1.93194 -1.02506 0.796475 -0.196857 -0.000419672 8.18218e-05 -0.727009
455.303 0.0872154 -0.57865 1.69718 -2.93868 0.481061 1.98608 0.0594674 -0.584967 1.72319 -2.94457 0.484725 1.98348 -0.027748 -0.00631698 0.0260187 -0.00589082 0.00366359 -0.00259551 0.0385594 0.36584 0.0629232 -0.647642 1.5099 -2.93884 0.483661 1.98633 -0.0242923 -0.0689917 -0.187276 -0.000160728 0.00260017 0.000257231 0.201053 0.150658 -0.46244 2.12817 1.04483 0.00131385 0.00424118 -1.93204 -1.02506 0.796475 -0.196857 -0.000419672 8.18218e-05 -0.727009
455.7 0.0839414 -0.574794 1.69863 -2.93891 0.480939 1.98592 0.0564526 -0.580243 1.72254 -2.93986 0.517115 1.99131 -0.0274888 -0.00544929 0.0239087 -0.000945657 0.0361761 0.00539857 0.0368368 2.10022 0.0600555 -0.646078 1.51267 -2.93987 0.483202 1.98605 -0.0238859 -0.071284 -0.185964 -0.000962396 0.00226306 0.000136248 0.200586 0.142653 -0.46626 2.12655 1.04827 0.00122155 0.00443498 -1.93216 -1.02506 0.796475 -0.196857 -0.000419672 8.18218e-05 -0.727009
456.365 0.0790582 -0.569132 1.69919 -2.9392 0.480688 1.98574 0.0504349 -0.572878 1.72305 -2.94582 0.490112 1.98185 -0.0286233 -0.00374543 0.0238588 -0.00661679 0.00942346 -0.00389711 0.0374508 0.637351 0.0559473 -0.643833 1.51518 -2.94138 0.481845 1.98565 -0.0231109 -0.0747007 -0.184005 -0.00217612 0.00115708 -9.45926e-05 0.19993 0.139882 -0.472369 2.12346 1.05204 0.00112118 0.00476944 -1.93226 -1.02506 0.796475 -0.196857 -0.000419672 8.18218e-05 -0.727009
456.747 0.0759797 -0.564322 1.69874 -2.93895 0.481056 1.98581 0.0474247 -0.569854 1.723 -2.94643 0.491584 1.98121 -0.028555 -0.00553161 0.0242644 -0.00748211 0.0105284 -0.00460757 0.0378781 0.715458 0.0537366 -0.642316 1.5166 -2.94175 0.481453 1.98561 -0.0222431 -0.0779944 -0.182135 -0.00280172 0.000397817 -0.000205985 0.199376 0.158259 -0.476691 2.12095 1.05342 0.00119709 0.00434177 -1.93227 -1.02506 0.796475 -0.196857 -0.000419672 8.18218e-05 -0.727009
457.153 0.0735344 -0.560057 1.69811 -2.93867 0.481743 1.98599 0.0444009 -0.566161 1.72319 -2.92802 0.508517 1.98502 -0.0291335 -0.00610384 0.0250808 0.0106539 0.0267747 -0.000967895 0.0389239 1.66177 0.0527962 -0.641974 1.51822 -2.94184 0.481644 1.98563 -0.0207382 -0.0819167 -0.179893 -0.00316569 -9.89132e-05 -0.000357657 0.198751 0.172459 -0.480059 2.11884 1.05395 0.00112593 0.00360592 -1.93226 -1.02506 0.796475 -0.196857 -0.000419672 8.18218e-05 -0.727009
457.805 0.067375 -0.550143 1.69615 -2.93862 0.484143 1.98663 0.0383803 -0.557102 1.7231 -2.92872 0.512573 1.98396 -0.0289946 -0.00695908 0.0269468 0.00990142 0.0284301 -0.00267429 0.0401901 1.75547 0.0484111 -0.638615 1.51994 -2.94111 0.483453 1.98598 -0.0189638 -0.0884727 -0.176211 -0.00248793 -0.000689792 -0.000656213 0.198084 0.13417 -0.487053 2.11418 1.05398 1.403e-05 0.0013974 -1.93218 -1.02506 0.796475 -0.196857 -0.000419672 8.18218e-05 -0.727009
458.169 0.0627737 -0.543343 1.69427 -2.93891 0.486057 1.98721 0.0363973 -0.556074 1.73641 -2.93008 0.484426 1.9943 -0.0263764 -0.0127309 0.0421401 0.00882889 -0.00163114 0.00709471 0.0513184 0.487788 0.0441044 -0.635609 1.5202 -2.94085 0.484918 1.98636 -0.0186693 -0.0922658 -0.17407 -0.00193804 -0.00113946 -0.000844932 0.197894 0.118694 -0.4918 2.11083 1.05336 -0.00121111 -0.000248362 -1.93207 -1.02506 0.796475 -0.196857 -0.000419672 8.18218e-05 -0.727009
458.555 0.0594263 -0.538464 1.69255 -2.93915 0.487424 1.98767 0.0323769 -0.545728 1.72285 -2.948 0.502096 1.97874 -0.0270494 -0.0072643 0.0303095 -0.00885818 0.0146723 -0.00893076 0.0412687 0.989525 0.0411882 -0.63437 1.52056 -2.94089 0.48598 1.9868 -0.0182381 -0.0959058 -0.17199 -0.00174573 -0.00144345 -0.000868556 0.197765 0.121947 -0.495331 2.10824 1.05263 -0.00214502 -0.00141336 -1.93194 -1.02506 0.796475 -0.196857 -0.000419672 8.18218e-05 -0.727009
458.896 0.0563702 -0.533457 1.69075 -2.93919 0.488838 1.98819 0.0284879 -0.553528 1.76467 -2.93201 0.463862 1.97827 -0.0278822 -0.0200705 0.0739183 0.00718667 -0.0249761 -0.00992312 0.0815117 1.65989 0.0383086 -0.632009 1.52028 -2.9405 0.487052 1.98737 -0.0180615 -0.098552 -0.170475 -0.00130237 -0.00178612 -0.000814733 0.197738 0.121947 -0.498786 2.10563 1.05178 -0.00294386 -0.00268864 -1.93178 -1.02506 0.796475 -0.196857 -0.000419672 8.18218e-05 -0.727009
459.256 0.052846 -0.527655 1.68806 -2.9392 0.490224 1.9888 0.0242659 -0.540867 1.73628 -2.93196 0.491476 1.99202 -0.0285801 -0.0132113 0.0482184 0.007236 0.00125131 0.00321572 0.057588 0.373253 0.0357735 -0.62827 1.51878 -2.93988 0.488222 1.98794 -0.0170725 -0.100615 -0.169287 -0.000678493 -0.00200281 -0.000861396 0.197669 0.125115 -0.503203 2.10214 1.05058 -0.00374365 -0.00395267 -1.93153 -1.02506 0.796475 -0.196857 -0.000419672 8.18218e-05 -0.727009
459.598 0.0508443 -0.523895 1.68594 -2.93898 0.490855 1.98917 0.0214138 -0.54004 1.75087 -2.95284 0.483197 1.96133 -0.0294305 -0.0161451 0.0649307 -0.0138516 -0.0076577 -0.0278399 0.0730945 1.47698 0.0343841 -0.627379 1.51833 -2.93881 0.488683 1.98828 -0.0164602 -0.103484 -0.167613 0.000175385 -0.00217223 -0.000889207 0.197671 0.137056 -0.506333 2.09956 1.04973 -0.00395045 -0.00460483 -1.93133 -1.02506 0.796475 -0.196857 -0.000419672 8.18218e-05 -0.727009
460.03 0.0490946 -0.51991 1.68404 -2.93861 0.4916 1.98955 0.0197105 -0.531594 1.73571 -2.9314 0.495945 1.99163 -0.0293841 -0.0116833 0.051671 0.00720551 0.00434516 0.00208126 0.060579 0.446749 0.0333393 -0.624941 1.51733 -2.93712 0.489209 1.98876 -0.0157554 -0.105031 -0.166703 0.00149113 -0.00239067 -0.000789084 0.19766 0.179137 -0.509289 2.09704 1.04895 -0.00405248 -0.00542009 -1.93115 -1.02506 0.796475 -0.196857 -0.000419672 8.18218e-05 -0.727009
460.413 0.0467487 -0.514466 1.68184 -2.93821 0.492838 1.99009 0.0173332 -0.524645 1.7228 -2.95032 0.511775 1.97591 -0.0294155 -0.0101793 0.0409625 -0.0121155 0.0189371 -0.0141811 0.0514472 1.33266 0.0339045 -0.622193 1.51675 -2.93529 0.490651 1.98955 -0.0128442 -0.107727 -0.165088 0.0029165 -0.00218712 -0.000538522 0.197546 0.222056 -0.512937 2.0938 1.04802 -0.0043948 -0.00671221 -1.93093 -1.02506 0.796475 -0.196857 -0.000419672 8.18218e-05 -0.727009
460.754 0.0442081 -0.510835 1.68014 -2.93867 0.493863 1.9905 0.0151786 -0.524702 1.73551 -2.94977 0.482802 1.98723 -0.0290295 -0.0138671 0.0553683 -0.0111064 -0.0110606 -0.00327178 0.0640363 0.854092 0.0338952 -0.620336 1.51609 -2.93498 0.492204 1.99011 -0.0103129 -0.109501 -0.164051 0.00369042 -0.00165934 -0.000388222 0.197509 0.242283 -0.515427 2.0915 1.04731 -0.00539949 -0.00747232 -1.93078 -1.02506 0.796475 -0.196857 -0.000419672 8.18218e-05 -0.727009
461.098 0.0409921 -0.507959 1.67826 -2.93989 0.494861 1.99088 0.0121479 -0.52167 1.73551 -2.95043 0.484309 1.98659 -0.0288442 -0.0137116 0.0572535 -0.0105362 -0.0105522 -0.00429606 0.0655588 0.806486 0.0339356 -0.618971 1.5151 -2.9356 0.493771 1.99066 -0.0070565 -0.111012 -0.163155 0.00429034 -0.00109011 -0.000225601 0.197467 0.259443 -0.517663 2.08933 1.04649 -0.00707114 -0.00793504 -1.93064 -1.02506 0.796475 -0.196857 -0.000419672 8.18218e-05 -0.727009
461.752 0.0338713 -0.503427 1.67344 -2.94358 0.496897 1.9917 0.00529953 -0.512616 1.72283 -2.95317 0.517905 1.97314 -0.0285718 -0.00918937 0.0493949 -0.00959545 0.0210085 -0.0185533 0.0577983 1.52084 0.0351931 -0.61857 1.51279 -2.93843 0.497051 1.99202 0.0013218 -0.115143 -0.160649 0.00514729 0.000154784 0.00032219 0.197656 0.286674 -0.521553 2.0847 1.04387 -0.0116371 -0.00846743 -1.93031 -1.02506 0.796475 -0.196857 -0.000419672 8.18218e-05 -0.727009
462.462 0.0325019 -0.500068 1.66978 -2.94435 0.498021 1.99223 0.000777951 -0.505897 1.7077 -2.93226 0.53003 2.00252 -0.0317239 -0.00582884 0.0379158 0.0120889 0.0320097 0.0102871 0.0497794 1.94662 0.039019 -0.618026 1.51089 -2.93844 0.499005 1.99279 0.00651714 -0.117958 -0.158897 0.00590663 0.000983902 0.000556022 0.198002 0.329838 -0.522938 2.08111 1.0414 -0.0130279 -0.00921166 -1.93006 -1.02506 0.796475 -0.196857 -0.000419672 8.18218e-05 -0.727009
462.923 0.0344446 -0.498431 1.66776 -2.94353 0.498109 1.9924 0.000758356 -0.504456 1.70791 -2.93632 0.499273 1.99463 -0.0336863 -0.00602514 0.0401493 0.00720874 0.00116411 0.00223192 0.0527544 0.375344 0.0431517 -0.618664 1.51025 -2.93704 0.499259 1.99277 0.00870709 -0.120232 -0.157517 0.00648399 0.00114941 0.000369812 0.198351 0.367973 -0.522732 2.07892 1.03996 -0.0123768 -0.00958743 -1.92993 -1.02506 0.796475 -0.196857 -0.000419672 8.18218e-05 -0.727009
463.264 0.0368382 -0.497879 1.66638 -2.94269 0.497793 1.99241 0.00305579 -0.512584 1.73554 -2.95244 0.488847 1.98464 -0.0337824 -0.014705 0.0691586 -0.00975011 -0.00894536 -0.00776658 0.0783607 0.733287 0.0478338 -0.617884 1.50875 -2.93581 0.498627 1.99253 0.0109956 -0.120005 -0.157627 0.00687878 0.000834285 0.000124583 0.198415 0.393664 -0.522001 2.0774 1.03902 -0.0114883 -0.00959832 -1.92987 -1.02506 0.796475 -0.196857 -0.000419672 8.18218e-05 -0.727009
464.05 0.0451296 -0.499166 1.6636 -2.94026 0.495576 1.9919 0.0089201 -0.500681 1.69508 -2.95197 0.512716 1.98172 -0.0362095 -0.00151574 0.0314839 -0.0117115 0.0171399 -0.0101772 0.0480069 1.17337 0.0567512 -0.62116 1.50709 -2.93279 0.495695 1.99181 0.0116216 -0.121994 -0.156516 0.00747096 0.000119096 -9.20445e-05 0.198783 0.430693 -0.518598 2.07433 1.03755 -0.00817892 -0.0084507 -1.9299 -1.02506 0.796475 -0.196857 -0.000419672 8.18218e-05 -0.727009
464.415 0.0492522 -0.499451 1.6631 -2.93901 0.494799 1.99165 0.0143247 -0.509599 1.72281 -2.9489 0.517612 1.97631 -0.0349275 -0.0101482 0.0597093 -0.00989522 0.0228124 -0.0153417 0.0699151 1.5229 0.0613773 -0.620925 1.50625 -2.93128 0.494812 1.99158 0.0121251 -0.121474 -0.156845 0.00772833 1.30525e-05 -7.33739e-05 0.198754 0.444994 -0.516546 2.07321 1.03733 -0.00661216 -0.00819142 -1.92997 -1.02506 0.796475 -0.196857 -0.000419672 8.18218e-05 -0.727009
464.786 0.0535008 -0.499644 1.66297 -2.93776 0.494121 1.99139 0.0186512 -0.505885 1.7077 -2.92995 0.495625 1.99996 -0.0348496 -0.00624163 0.0447294 0.00781387 0.00150415 0.00857524 0.0570453 0.490189 0.0637445 -0.620337 1.50563 -2.92991 0.49416 1.99136 0.0102438 -0.120694 -0.157338 0.00785234 3.96273e-05 -2.24493e-05 0.198563 0.45024 -0.514223 2.07222 1.03738 -0.00507743 -0.00802047 -1.93007 -1.02506 0.796475 -0.196857 -0.000419672 8.18218e-05 -0.727009
465.143 0.0578464 -0.499818 1.66313 -2.9365 0.493514 1.9911 0.0233362 -0.51119 1.72315 -2.94983 0.483545 1.97116 -0.0345102 -0.0113721 0.060016 -0.0133335 -0.00996906 -0.019934 0.0701584 1.18134 0.0665719 -0.61929 1.50505 -2.92864 0.49368 1.99113 0.00872553 -0.119471 -0.158083 0.00785777 0.000165483 3.62264e-05 0.198342 0.44937 -0.511684 2.07138 1.03759 -0.00353826 -0.00792051 -1.93021 -1.02506 0.796475 -0.196857 -0.000419672 8.18218e-05 -0.727009
465.477 0.0637264 -0.500434 1.66351 -2.93488 0.492641 1.99064 0.0281607 -0.503688 1.69524 -2.94374 0.508236 1.98808 -0.0355658 -0.00325359 0.0317279 -0.00886147 0.0155953 -0.00255524 0.0477721 1.00327 0.0707561 -0.618322 1.50447 -2.92731 0.493295 1.99072 0.00702966 -0.117888 -0.159042 0.00757251 0.000653854 7.6852e-05 0.198094 0.43341 -0.508057 2.07051 1.03796 -0.00149094 -0.00770574 -1.93044 -1.02506 0.796475 -0.196857 -0.000419672 8.18218e-05 -0.727009
465.869 0.068416 -0.501297 1.66382 -2.93353 0.491814 1.99025 0.0326006 -0.503657 1.69513 -2.94269 0.507849 1.98902 -0.0358155 -0.00235918 0.0313135 -0.00915891 0.0160348 -0.00122451 0.0476324 1.04343 0.0734738 -0.618921 1.5046 -2.92639 0.492747 1.99029 0.00505778 -0.117624 -0.159217 0.00713387 0.00093264 4.63057e-05 0.198018 0.411169 -0.505228 2.07005 1.03822 0.000262965 -0.0074368 -1.93062 -1.02506 0.796475 -0.196857 -0.000419672 8.18218e-05 -0.727009
466.291 0.0727926 -0.501913 1.66433 -2.93226 0.49129 1.98992 0.0385219 -0.503673 1.69519 -2.94026 0.506871 1.9909 -0.0342707 -0.00176023 0.0308554 -0.00799286 0.0155809 0.000977513 0.046148 1.01722 0.0772323 -0.619088 1.50484 -2.92571 0.492323 1.98969 0.00443972 -0.117175 -0.159489 0.00654874 0.00103325 -0.000234458 0.197956 0.386643 -0.502371 2.06978 1.03845 0.00179294 -0.00741173 -1.93081 -1.02506 0.796475 -0.196857 -0.000419672 8.18218e-05 -0.727009
466.626 0.0777988 -0.502369 1.66534 -2.93092 0.491117 1.98963 0.0429305 -0.50545 1.69617 -2.90596 0.504776 1.99274 -0.0348683 -0.00308034 0.0308293 0.0249604 0.0136592 0.00311701 0.0466447 1.56373 0.081106 -0.619015 1.50554 -2.92465 0.49251 1.98915 0.00330715 -0.116646 -0.159796 0.00626467 0.00139288 -0.000480991 0.197869 0.381549 -0.498606 2.06974 1.03872 0.00325908 -0.00773635 -1.93103 -1.02506 0.796475 -0.196857 -0.000419672 8.18218e-05 -0.727009
467.041 0.0807892 -0.502715 1.66627 -2.93031 0.491264 1.98949 0.0473992 -0.51357 1.72352 -2.92131 0.495041 1.98251 -0.03339 -0.0108551 0.0572479 0.00899594 0.00377665 -0.00697591 0.0671569 0.817092 0.083098 -0.619291 1.50645 -2.92387 0.493066 1.98912 0.00230886 -0.116576 -0.159828 0.00644162 0.00180234 -0.00036757 0.197839 0.393664 -0.495859 2.06998 1.0389 0.00384534 -0.00808747 -1.93119 -1.02506 0.796475 -0.196857 -0.000419672 8.18218e-05 -0.727009
467.428 0.0832514 -0.503281 1.66731 -2.92999 0.491486 1.98937 0.0507856 -0.509566 1.71003 -2.93789 0.508927 1.96898 -0.0324658 -0.0062854 0.0427275 -0.00790261 0.0174407 -0.0203902 0.0540294 1.43559 0.0845432 -0.617909 1.50634 -2.92344 0.493583 1.98912 0.00129184 -0.114628 -0.160964 0.00655645 0.00209603 -0.000249228 0.197612 0.400563 -0.493195 2.07045 1.03909 0.00412225 -0.00840443 -1.93134 -1.02506 0.796475 -0.196857 -0.000419672 8.18218e-05 -0.727009
467.77 0.0858965 -0.505646 1.66854 -2.93023 0.491143 1.9891 0.0534233 -0.513615 1.72368 -2.91893 0.494032 1.98433 -0.0324732 -0.00796996 0.0551353 0.0112995 0.00288902 -0.00476257 0.0644821 0.829451 0.0865953 -0.616587 1.5054 -2.92383 0.493463 1.98866 0.000698765 -0.110942 -0.163137 0.00639532 0.00232001 -0.000435378 0.197287 0.401538 -0.489781 2.07149 1.03952 0.00416193 -0.00800499 -1.9315 -1.02506 0.796475 -0.196857 -0.000419672 8.18218e-05 -0.727009
468.132 0.0874683 -0.508501 1.6695 -2.93084 0.490403 1.98879 0.0564561 -0.51574 1.72321 -2.93284 0.508689 1.98906 -0.0310122 -0.00723951 0.0537127 -0.00199485 0.0182857 0.000268741 0.0624437 1.05499 0.0890187 -0.615984 1.50432 -2.92462 0.492785 1.98831 0.00155044 -0.107483 -0.165184 0.00622562 0.00238137 -0.000489417 0.19708 0.394657 -0.487332 2.07255 1.04014 0.00399828 -0.00710803 -1.93161 -1.02506 0.796475 -0.196857 -0.000419672 8.18218e-05 -0.727009
468.814 0.0893217 -0.514516 1.67242 -2.93281 0.488881 1.98824 0.0594674 -0.521777 1.72327 -2.93281 0.506086 1.9894 -0.0298542 -0.00726107 0.0508454 6.39108e-06 0.0172052 0.00116038 0.0594076 0.987942 0.094563 -0.612757 1.50181 -2.92663 0.49195 1.98804 0.0052413 -0.098241 -0.170612 0.0061861 0.00306934 -0.000202519 0.196944 0.400563 -0.482731 2.07527 1.04251 0.00296095 -0.00499251 -1.93176 -1.02506 0.796475 -0.196857 -0.000419672 8.18218e-05 -0.727009
469.289 0.08975 -0.518431 1.67524 -2.9346 0.487971 1.98796 0.0594674 -0.524786 1.72327 -2.93339 0.505041 1.9891 -0.0302826 -0.00635494 0.048025 0.0012071 0.0170699 0.001139 0.0571298 0.980386 0.0981552 -0.610912 1.50128 -2.92813 0.491702 1.98808 0.00840514 -0.0924803 -0.173964 0.00647073 0.00373037 0.000112659 0.197197 0.425206 -0.479869 2.07737 1.04491 0.00176496 -0.00354126 -1.93181 -1.02506 0.796475 -0.196857 -0.000419672 8.18218e-05 -0.727009
469.678 0.0899831 -0.521185 1.67763 -2.93591 0.487306 1.9878 0.0594551 -0.526761 1.72237 -2.95196 0.489213 1.98474 -0.030528 -0.00557571 0.0447369 -0.0160481 0.00190682 -0.00305323 0.0544466 0.858662 0.10023 -0.60844 1.50065 -2.92955 0.49131 1.98794 0.0102468 -0.0872547 -0.176982 0.00636098 0.00400393 0.000144286 0.197588 0.427043 -0.477806 2.07903 1.04704 0.000855871 -0.00246341 -1.93182 -1.02506 0.796475 -0.196857 -0.000419672 8.18218e-05 -0.727009
470.075 0.0906489 -0.524064 1.68001 -2.93692 0.486389 1.98761 0.0594282 -0.528986 1.72223 -2.93179 0.503988 1.9896 -0.0312206 -0.00492217 0.0422189 0.00512407 0.0175989 0.00199832 0.0527389 1.04117 0.10125 -0.606619 1.50035 -2.93108 0.490606 1.98757 0.0106013 -0.0825545 -0.179667 0.0058378 0.00421651 -4.01266e-05 0.19801 0.413068 -0.475797 2.08069 1.04934 0.00032612 -0.00124483 -1.93179 -1.02506 0.796475 -0.196857 -0.000419672 8.18218e-05 -0.727009
470.837 0.0939913 -0.531341 1.68536 -2.93816 0.483329 1.98706 0.0624791 -0.533834 1.72332 -2.93394 0.501426 1.98914 -0.0315122 -0.00249272 0.0379649 0.00421571 0.018097 0.00208051 0.0494021 1.05869 0.102857 -0.604953 1.50061 -2.93356 0.488143 1.98717 0.00886577 -0.0736119 -0.184751 0.00459533 0.0048141 0.000103458 0.199074 0.379492 -0.47133 2.08434 1.05484 0.000515753 0.00197919 -1.93164 -1.02506 0.796475 -0.196857 -0.000419672 8.18218e-05 -0.727009
471.25 0.0955646 -0.534174 1.68745 -2.93852 0.482031 1.98687 0.0644915 -0.540756 1.73593 -2.9694 0.506352 1.96269 -0.0310731 -0.00658185 0.0484715 -0.0308859 0.0243207 -0.024182 0.0579512 2.1603 0.104538 -0.606641 1.50209 -2.93467 0.486483 1.98726 0.00897329 -0.0724664 -0.185367 0.00384808 0.00445117 0.000392627 0.19923 0.331022 -0.469557 2.0857 1.05711 0.000732652 0.00329493 -1.93155 -1.02506 0.796475 -0.196857 -0.000419672 8.18218e-05 -0.727009
471.62 0.0973929 -0.536404 1.6903 -2.93878 0.481104 1.98682 0.0654911 -0.539874 1.72338 -2.93392 0.498867 1.98948 -0.0319018 -0.00347005 0.0330864 0.00485723 0.0177629 0.00265984 0.046092 1.04717 0.106422 -0.607024 1.5039 -2.93554 0.484257 1.98733 0.0090295 -0.0706201 -0.186392 0.00324348 0.00315306 0.000508352 0.199527 0.250229 -0.467378 2.08723 1.0598 0.000836467 0.00423656 -1.93141 -1.02506 0.796475 -0.196857 -0.000419672 8.18218e-05 -0.727009
471.945 0.0986391 -0.53719 1.69224 -2.93881 0.480863 1.98689 0.0675428 -0.544999 1.73738 -2.95437 0.488109 1.95949 -0.0310963 -0.00780871 0.0451365 -0.0155504 0.00724582 -0.0273984 0.0553648 1.45858 0.107291 -0.606456 1.50509 -2.93597 0.482901 1.98725 0.0086522 -0.0692664 -0.187157 0.00284897 0.00203832 0.000354201 0.199751 0.193827 -0.465896 2.08814 1.06143 0.000853612 0.00446916 -1.93129 -1.02506 0.796475 -0.196857 -0.000419672 8.18218e-05 -0.727009
472.362 0.10015 -0.537325 1.69393 -2.93846 0.480866 1.98703 0.0685035 -0.539897 1.72346 -2.93275 0.498367 1.9904 -0.0316468 -0.00257182 0.0295242 0.00570281 0.0175002 0.00336248 0.0433568 1.04418 0.108135 -0.606707 1.50683 -2.93629 0.481131 1.98706 0.00798512 -0.0693821 -0.187098 0.00216467 0.000264339 2.50958e-05 0.199708 0.125115 -0.46455 2.08883 1.06266 0.00111644 0.00433752 -1.93117 -1.02506 0.796475 -0.196857 -0.000419672 8.18218e-05 -0.727009
472.761 0.101686 -0.537093 1.69528 -2.93795 0.48103 1.98722 0.0705582 -0.543817 1.73602 -2.96755 0.504393 1.96427 -0.031128 -0.00672421 0.0407357 -0.0296008 0.0233627 -0.0229539 0.0517065 2.07056 0.108796 -0.606879 1.5084 -2.93617 0.480459 1.98713 0.00711029 -0.0697862 -0.186881 0.00178481 -0.000571176 -9.20749e-05 0.199612 0.108352 -0.463344 2.08932 1.06351 0.00143569 0.00400704 -1.93104 -1.02506 0.796475 -0.196857 -0.000419672 8.18218e-05 -0.727009
473.49 0.10453 -0.53614 1.69705 -2.93704 0.481661 1.98773 0.0749759 -0.54857 1.75124 -2.94902 0.488287 1.98013 -0.0295543 -0.0124303 0.0541886 -0.0119777 0.00662572 -0.00759783 0.0629633 0.725237 0.109884 -0.610701 1.51288 -2.93691 0.479067 1.98764 0.00535419 -0.0745605 -0.184172 0.00012751 -0.00259467 -9.06425e-05 0.198764 0.148038 -0.461107 2.08975 1.06428 0.00181159 0.00309948 -1.93072 -1.02506 0.796475 -0.196857 -0.000419672 8.18218e-05 -0.727009
473.84 0.104999 -0.535206 1.6976 -2.93701 0.482278 1.98802 0.0744876 -0.537145 1.72186 -2.94237 0.514454 1.99713 -0.0305114 -0.00193922 0.02426 -0.00535349 0.032176 0.00911136 0.0390289 1.97952 0.10836 -0.612363 1.5149 -2.93768 0.478849 1.98798 0.00336137 -0.0771574 -0.182699 -0.000669108 -0.00342935 -4.19118e-05 0.198352 0.199792 -0.460393 2.08967 1.06438 0.00148028 0.00252777 -1.9306 -1.02506 0.796475 -0.196857 -0.000419672 8.18218e-05 -0.727009
474.272 0.10578 -0.534337 1.69804 -2.93693 0.482677 1.98828 0.0745298 -0.536938 1.72362 -2.92983 0.498379 1.99252 -0.0312497 -0.00260075 0.0255797 0.00709809 0.0157018 0.00424734 0.0404676 0.969952 0.104422 -0.615595 1.51771 -2.93875 0.478528 1.9881 -0.00135796 -0.0812573 -0.180338 -0.00181787 -0.00414896 -0.000180864 0.197804 0.25793 -0.459638 2.08935 1.06463 0.00128998 0.00213014 -1.93046 -1.02506 0.796475 -0.196857 -0.000419672 8.18218e-05 -0.727009
474.96 0.108445 -0.533098 1.69865 -2.93576 0.482373 1.98842 0.0779642 -0.543543 1.74982 -2.94288 0.490076 1.98316 -0.0304809 -0.0104452 0.0511672 -0.00712457 0.00770257 -0.00526101 0.0604671 0.580809 0.102966 -0.619966 1.52154 -2.93966 0.477712 1.98812 -0.00547922 -0.0868682 -0.177112 -0.00390241 -0.00466155 -0.000303246 0.197345 0.343781 -0.458903 2.08846 1.06566 0.00241401 0.00198987 -1.93027 -1.02506 0.796475 -0.196857 -0.000419672 8.18218e-05 -0.727009
475.65 0.112074 -0.529766 1.69929 -2.93325 0.482398 1.98863 0.0805564 -0.533361 1.7242 -2.90728 0.513765 1.99968 -0.0315175 -0.00359477 0.0249114 0.0259763 0.031367 0.0110491 0.0403342 2.22387 0.105138 -0.621249 1.52484 -2.93794 0.47753 1.98816 -0.00693575 -0.0914828 -0.174448 -0.00468481 -0.00486805 -0.000468768 0.197102 0.379492 -0.458814 2.08691 1.06676 0.00463807 0.00106595 -1.93009 -1.02506 0.796475 -0.196857 -0.000419672 8.18218e-05 -0.727009
476.019 0.112912 -0.527648 1.69937 -2.93232 0.482897 1.98883 0.0826967 -0.5348 1.73628 -2.96117 0.505628 1.96886 -0.0302149 -0.00715227 0.0369068 -0.0288454 0.0227308 -0.0199687 0.0482308 1.98544 0.105668 -0.619287 1.52501 -2.93671 0.47823 1.98831 -0.00724323 -0.091639 -0.17436 -0.00439187 -0.00466689 -0.000517232 0.197108 0.359365 -0.459101 2.08615 1.06682 0.0052357 0.000274063 -1.93002 -1.02506 0.796475 -0.196857 -0.000419672 8.18218e-05 -0.727009
476.391 0.113518 -0.525326 1.69927 -2.93134 0.483541 1.98905 0.0841629 -0.536416 1.75151 -2.94327 0.490883 1.98398 -0.0293546 -0.0110902 0.0522445 -0.0119289 0.00734185 -0.00507795 0.060944 0.736482 0.106862 -0.616701 1.52475 -2.93487 0.479423 1.98851 -0.00665601 -0.0913748 -0.174519 -0.00353152 -0.00411812 -0.000547954 0.197106 0.302612 -0.459601 2.08538 1.06662 0.00581426 -0.000669245 -1.92996 -1.02506 0.796475 -0.196857 -0.000419672 8.18218e-05 -0.727009
476.791 0.11371 -0.522426 1.69876 -2.93024 0.484431 1.98934 0.0835733 -0.524985 1.72392 -2.9239 0.500929 1.99649 -0.0301364 -0.00255955 0.0251581 0.00633827 0.0164986 0.00715189 0.0393406 1.02603 0.107912 -0.61413 1.52442 -2.93195 0.481336 1.98909 -0.00579814 -0.0917037 -0.174345 -0.00171013 -0.00309428 -0.000253946 0.197077 0.199792 -0.460608 2.0844 1.06598 0.00637824 -0.00187502 -1.92989 -1.02506 0.796475 -0.196857 -0.000419672 8.18218e-05 -0.727009
477.944 0.112433 -0.515816 1.69619 -2.9273 0.486767 1.99005 0.0841628 -0.528247 1.75234 -2.92592 0.477206 1.981 -0.0282698 -0.0124312 0.0561541 0.00137618 -0.00956054 -0.00905616 0.0640859 0.783347 0.104687 -0.609251 1.52285 -2.92576 0.484057 1.99004 -0.00774583 -0.0934351 -0.173339 0.00153592 -0.00270975 -7.8318e-06 0.19707 0.179137 -0.46486 2.08272 1.0627 0.0079517 -0.00507046 -1.92978 -1.02506 0.796475 -0.196857 -0.000419672 8.18218e-05 -0.727009
478.336 0.111017 -0.514361 1.69528 -2.92681 0.487432 1.99024 0.0827175 -0.522194 1.7372 -2.93871 0.525123 1.97504 -0.0282999 -0.00783394 0.0419197 -0.0119002 0.037691 -0.0152066 0.0511812 2.30461 0.102007 -0.606819 1.52137 -2.92528 0.484615 1.9901 -0.00901045 -0.0924586 -0.173906 0.00152812 -0.00281769 -0.000143631 0.197162 0.185575 -0.466629 2.08258 1.06155 0.00807427 -0.00585622 -1.92976 -1.02506 0.796475 -0.196857 -0.000419672 8.18218e-05 -0.727009
478.761 0.108884 -0.51383 1.6942 -2.92685 0.487786 1.99037 0.0805586 -0.515927 1.72384 -2.92324 0.504557 1.99651 -0.0283258 -0.00209762 0.0296424 0.00360924 0.0167711 0.00614228 0.0410539 1.01027 0.0983428 -0.605261 1.5197 -2.9256 0.485161 1.99013 -0.0105416 -0.0914313 -0.174499 0.00125461 -0.00262457 -0.000241541 0.197283 0.170174 -0.468618 2.08266 1.06043 0.00784211 -0.00616097 -1.92972 -1.02506 0.796475 -0.196857 -0.000419672 8.18218e-05 -0.727009
479.116 0.105503 -0.513728 1.69277 -2.92712 0.488067 1.99052 0.0775442 -0.515899 1.72375 -2.92444 0.505084 1.99559 -0.0279587 -0.00217128 0.0309736 0.00268842 0.0170175 0.00506629 0.0417823 1.00794 0.0911749 -0.604015 1.51763 -2.92639 0.486136 1.99023 -0.0143279 -0.090287 -0.175142 0.000735854 -0.00193096 -0.000294141 0.197565 0.121947 -0.47159 2.08313 1.05897 0.00741499 -0.00632038 -1.92964 -1.02506 0.796475 -0.196857 -0.000419672 8.18218e-05 -0.727009
479.501 0.102684 -0.513579 1.69184 -2.92725 0.488396 1.99067 0.0765013 -0.5251 1.75205 -2.92908 0.479828 1.9786 -0.0261824 -0.011521 0.0602132 -0.00182768 -0.00856848 -0.0120775 0.0666624 0.814694 0.0871222 -0.604882 1.5173 -2.92687 0.48721 1.99042 -0.0155615 -0.0913032 -0.174543 0.000380907 -0.00118592 -0.000255662 0.197595 0.0740187 -0.474042 2.08374 1.05784 0.00710512 -0.00657559 -1.92958 -1.02506 0.796475 -0.196857 -0.000419672 8.18218e-05 -0.727009
479.877 0.0995712 -0.51391 1.69082 -2.9275 0.488579 1.9908 0.0734373 -0.525069 1.75195 -2.93024 0.480332 1.97772 -0.0261338 -0.0111583 0.0611266 -0.00273636 -0.00824687 -0.0130798 0.0674088 0.836499 0.0842641 -0.605767 1.51659 -2.92744 0.488563 1.99055 -0.015307 -0.0918566 -0.174227 6.67667e-05 -1.62845e-05 -0.000250685 0.197552 0 -0.476668 2.08459 1.05665 0.00674251 -0.00665218 -1.92951 -1.02506 0.796475 -0.196857 -0.000419672 8.18218e-05 -0.727009
480.23 0.0960448 -0.514772 1.6897 -2.928 0.488635 1.99091 0.0684596 -0.517025 1.72247 -2.92585 0.50663 1.9936 -0.0275851 -0.0022534 0.0327772 0.00214619 0.0179942 0.00268525 0.0428995 1.04117 0.0818509 -0.607908 1.5162 -2.9279 0.489363 1.99066 -0.0141939 -0.0931362 -0.173492 0.000100205 0.000727478 -0.000252652 0.197422 0.0484566 -0.479452 2.08566 1.05536 0.00620508 -0.006527 -1.92942 -1.02506 0.796475 -0.196857 -0.000419672 8.18218e-05 -0.727009
480.587 0.0903608 -0.516082 1.68823 -2.92913 0.488964 1.99115 0.0654912 -0.51881 1.72341 -2.92982 0.506116 1.99157 -0.0248695 -0.00272777 0.0351784 -0.000694602 0.0171521 0.000420353 0.0431677 0.98437 0.076818 -0.612645 1.51672 -2.92854 0.490404 1.99091 -0.0135427 -0.0965627 -0.171512 0.000589365 0.00144037 -0.000234726 0.197292 0.0927874 -0.48338 2.08742 1.05348 0.00491465 -0.00642093 -1.92928 -1.02506 0.796475 -0.196857 -0.000419672 8.18218e-05 -0.727009
480.944 0.0853526 -0.5171 1.68712 -2.93031 0.489477 1.99138 0.0594283 -0.519966 1.72225 -2.93004 0.507118 1.99049 -0.0259243 -0.00286534 0.0351254 0.00026628 0.0176411 -0.000885293 0.0437501 1.01259 0.0716265 -0.615214 1.5165 -2.92959 0.491299 1.99117 -0.0137261 -0.0981138 -0.170618 0.00071373 0.00182232 -0.000213061 0.197295 0.11535 -0.486445 2.08897 1.05185 0.00351595 -0.00646332 -1.92918 -1.02506 0.796475 -0.196857 -0.000419672 8.18218e-05 -0.727009
481.517 0.0732035 -0.519821 1.68439 -2.93306 0.490984 1.99195 0.0473921 -0.522902 1.72201 -2.93543 0.508064 1.98645 -0.0258114 -0.0030808 0.0376223 -0.00237182 0.0170801 -0.00550408 0.0457292 1.01722 0.059474 -0.621677 1.5159 -2.93252 0.492942 1.99172 -0.0137295 -0.101856 -0.168489 0.000545037 0.00195806 -0.000234789 0.197361 0.118694 -0.493703 2.09323 1.04739 0.000118658 -0.00684811 -1.92898 -1.02506 0.796475 -0.196857 -0.000419672 8.18218e-05 -0.727009
482.315 0.0639237 -0.52277 1.68215 -2.93452 0.492021 1.99233 0.0370449 -0.519513 1.69613 -2.92624 0.515955 1.99307 -0.0268788 0.0032571 0.013975 0.00828657 0.0239346 0.000735693 0.0304693 1.4451 0.0501397 -0.62635 1.51466 -2.93375 0.493963 1.99208 -0.013784 -0.10358 -0.167494 0.000770008 0.00194234 -0.00025171 0.197416 0.121947 -0.499672 2.09751 1.04332 -0.00179328 -0.00726609 -1.92885 -1.02506 0.796475 -0.196857 -0.000419672 8.18218e-05 -0.727009
482.78 0.058606 -0.524255 1.68128 -2.93479 0.492864 1.99257 0.0323532 -0.528858 1.72181 -2.94258 0.508373 1.98117 -0.0262527 -0.00460273 0.0405328 -0.00779388 0.0155087 -0.0113951 0.0485108 1.06569 0.0445738 -0.628837 1.51436 -2.93372 0.495128 1.99242 -0.0140322 -0.104582 -0.166917 0.00106683 0.00226398 -0.00015019 0.197473 0.14537 -0.503369 2.10066 1.04086 -0.00246028 -0.00794087 -1.92882 -1.02506 0.796475 -0.196857 -0.000419672 8.18218e-05 -0.727009
483.401 0.0517601 -0.527487 1.68074 -2.93479 0.493432 1.99267 0.0233323 -0.531846 1.72175 -2.94675 0.508721 1.97806 -0.0284278 -0.00435938 0.0410099 -0.0119599 0.0152896 -0.0146034 0.0500895 1.17736 0.0407808 -0.631251 1.51335 -2.93317 0.496283 1.99263 -0.0109793 -0.103764 -0.167394 0.00161535 0.0028517 -3.41048e-05 0.197252 0.187672 -0.508368 2.10589 1.03803 -0.0027118 -0.00845658 -1.92885 -1.02506 0.796475 -0.196857 -0.000419672 8.18218e-05 -0.727009
483.862 0.0483999 -0.529804 1.68085 -2.93501 0.493376 1.9926 0.0197106 -0.537657 1.73571 -2.9325 0.493858 1.9911 -0.0286892 -0.00785292 0.0548555 0.00251485 0.000482351 -0.00149809 0.0624009 0.201741 0.0374836 -0.633892 1.51365 -2.93287 0.496407 1.99259 -0.0109163 -0.104087 -0.167198 0.00214037 0.00303098 -1.5034e-05 0.197253 0.213062 -0.510604 2.10874 1.03715 -0.00286756 -0.00832541 -1.92889 -1.02506 0.796475 -0.196857 -0.000419672 8.18218e-05 -0.727009
484.671 0.0401334 -0.53541 1.68267 -2.93635 0.493323 1.9924 0.0126746 -0.535141 1.70822 -2.91989 0.501927 1.99935 -0.0274588 0.00026904 0.0255476 0.0164588 0.00860417 0.00695264 0.0375065 0.965503 0.0326908 -0.636891 1.51393 -2.93212 0.497838 1.99271 -0.00744267 -0.101481 -0.168742 0.00423403 0.00451454 0.000312606 0.197047 0.349426 -0.515106 2.11594 1.03664 -0.00400404 -0.00778651 -1.92905 -1.02506 0.796475 -0.196857 -0.000419672 8.18218e-05 -0.727009
485.744 0.0284994 -0.548955 1.68741 -2.94074 0.490409 1.99135 0.000777912 -0.544671 1.70769 -2.93941 0.516121 1.99884 -0.0277215 0.00428334 0.0202763 0.00132602 0.0257122 0.00748487 0.0346115 1.52598 0.0305483 -0.648301 1.51747 -2.93322 0.496483 1.99222 0.00204887 -0.0993466 -0.16994 0.00751633 0.00607347 0.000862894 0.196859 0.537412 -0.51955 2.12713 1.03993 -0.00652869 -0.00355623 -1.92935 -1.02506 0.796475 -0.196857 -0.000419672 8.18218e-05 -0.727009
486.089 0.0255857 -0.554444 1.68883 -2.9424 0.488683 1.99085 -0.00302252 -0.559038 1.7362 -2.94566 0.489444 1.98232 -0.0286082 -0.00459431 0.0473707 -0.00325765 0.000760907 -0.00853395 0.0555295 0.436111 0.0313188 -0.653545 1.51878 -2.93517 0.493825 1.9916 0.00573314 -0.099101 -0.170051 0.00723284 0.00514238 0.000753057 0.196904 0.493372 -0.520388 2.13047 1.04152 -0.00721863 -0.00138274 -1.92944 -1.02506 0.796475 -0.196857 -0.000419672 8.18218e-05 -0.727009
486.468 0.0226951 -0.561634 1.69059 -2.94416 0.486266 1.99017 -0.00605453 -0.565107 1.73621 -2.94782 0.487827 1.98093 -0.0287496 -0.00347365 0.0456224 -0.0036614 0.00156035 -0.00923296 0.0540371 0.477244 0.0336869 -0.659979 1.52015 -2.93751 0.488869 1.99038 0.0109918 -0.0983453 -0.17044 0.00664657 0.00260282 0.00021511 0.197085 0.403483 -0.52116 2.13468 1.04352 -0.00766438 0.00145589 -1.92956 -1.02506 0.796475 -0.196857 -0.000419672 8.18218e-05 -0.727009
486.88 0.0213889 -0.566972 1.69164 -2.94507 0.4843 1.98963 -0.00908664 -0.571178 1.73622 -2.94996 0.486211 1.97956 -0.0304755 -0.00420645 0.0445794 -0.00488629 0.00191172 -0.0100685 0.0541644 0.521896 0.035669 -0.662801 1.51979 -2.93857 0.485518 1.98944 0.0142801 -0.0958289 -0.171855 0.00650006 0.00121786 -0.000188393 0.197285 0.383595 -0.521503 2.13757 1.04483 -0.00755862 0.00358116 -1.92963 -1.02506 0.796475 -0.196857 -0.000419672 8.18218e-05 -0.727009
487.16 0.0208305 -0.572083 1.69255 -2.94562 0.482227 1.98909 -0.0105797 -0.575517 1.73555 -2.94692 0.516712 1.98616 -0.0314101 -0.00343354 0.0430034 -0.00129721 0.0344855 -0.00292726 0.0533636 1.9813 0.0375258 -0.667089 1.52024 -2.93901 0.482073 1.98853 0.0166953 -0.0950052 -0.172307 0.00661346 -0.000154137 -0.000558003 0.19747 0.394657 -0.521677 2.14014 1.04608 -0.00706987 0.00567188 -1.9297 -1.02506 0.796475 -0.196857 -0.000419672 8.18218e-05 -0.727009
487.477 0.0209863 -0.576483 1.6935 -2.94573 0.480233 1.98859 -0.0105607 -0.580718 1.73526 -2.96559 0.49968 1.98196 -0.0315469 -0.00423432 0.0417608 -0.0198565 0.0194473 -0.00663124 0.0525082 1.50766 0.0391441 -0.671749 1.52133 -2.93875 0.478576 1.98782 0.0181578 -0.0952653 -0.172166 0.00697743 -0.00165608 -0.000763905 0.197601 0.432507 -0.521725 2.14235 1.04742 -0.00621355 0.00754405 -1.92974 -1.02506 0.796475 -0.196857 -0.000419672 8.18218e-05 -0.727009
487.89 0.0219591 -0.580642 1.69522 -2.94529 0.477982 1.98804 -0.0099421 -0.590485 1.74853 -2.93345 0.467204 1.994 -0.0319012 -0.00984336 0.0533048 0.0118428 -0.0107773 0.00596252 0.0628966 0.864567 0.041919 -0.676544 1.52341 -2.93823 0.475075 1.98713 0.0199599 -0.0959023 -0.171813 0.00706313 -0.002907 -0.000908964 0.197776 0.462248 -0.521683 2.14463 1.04958 -0.00474811 0.009434 -1.92977 -1.02506 0.796475 -0.196857 -0.000419672 8.18218e-05 -0.727009
488.227 0.0223573 -0.58143 1.69725 -2.94494 0.477325 1.98789 -0.00976287 -0.584135 1.72293 -2.95241 0.510422 1.96631 -0.0321202 -0.00270521 0.0256867 -0.00747624 0.0330973 -0.0215774 0.0412169 2.19214 0.0442152 -0.678636 1.52617 -2.93804 0.473615 1.98682 0.0218579 -0.0972064 -0.171076 0.00689832 -0.00371026 -0.00107041 0.197975 0.476423 -0.521641 2.14579 1.05164 -0.00410817 0.0099059 -1.92976 -1.02506 0.796475 -0.196857 -0.000419672 8.18218e-05 -0.727009
488.599 0.0222409 -0.580356 1.69991 -2.94475 0.47751 1.98795 -0.00976287 -0.584135 1.72293 -2.95241 0.510422 1.96631 -0.0320037 -0.00377917 0.0230257 -0.0076656 0.032912 -0.0216389 0.0396069 2.18391 0.0460617 -0.679506 1.52993 -2.93821 0.47323 1.98678 0.0238208 -0.0991501 -0.169973 0.00653797 -0.00428029 -0.00117711 0.198214 0.477244 -0.521623 2.14649 1.05414 -0.00402828 0.00966754 -1.92974 -1.02506 0.796475 -0.196857 -0.000419672 8.18218e-05 -0.727009
488.986 0.0217388 -0.576615 1.70418 -2.94454 0.478644 1.98823 -0.0099421 -0.590485 1.74853 -2.93345 0.467204 1.994 -0.0316809 -0.0138702 0.0443466 0.0110884 -0.0114399 0.00577179 0.0562377 0.866827 0.0478828 -0.678663 1.53587 -2.93849 0.47432 1.98708 0.026144 -0.102049 -0.168307 0.00605425 -0.00432412 -0.00115328 0.198557 0.455425 -0.521634 2.14672 1.0581 -0.00437221 0.00855588 -1.92973 -1.02506 0.796475 -0.196857 -0.000419672 8.18218e-05 -0.727009
489.368 0.0212924 -0.572248 1.70784 -2.9443 0.480051 1.98855 -0.0105607 -0.580718 1.73526 -2.96559 0.49968 1.98196 -0.0318531 -0.00846988 0.0274167 -0.0212838 0.0196288 -0.00659731 0.0428723 1.56873 0.0485199 -0.678651 1.54203 -2.9388 0.475909 1.98747 0.0272275 -0.106403 -0.165812 0.00550061 -0.00414179 -0.0010809 0.198889 0.421509 -0.521645 2.14639 1.06147 -0.00480683 0.00718601 -1.92972 -1.02506 0.796475 -0.196857 -0.000419672 8.18218e-05 -0.727009
489.704 0.020557 -0.566619 1.71191 -2.94418 0.481989 1.98899 -0.00994206 -0.578268 1.74853 -2.93144 0.471197 1.99489 -0.030499 -0.0116495 0.0366257 0.012749 -0.010792 0.00590522 0.0490647 0.896566 0.0474935 -0.676403 1.54807 -2.93972 0.478162 1.988 0.0269365 -0.109784 -0.163833 0.00446059 -0.00382641 -0.000985805 0.199047 0.360452 -0.521623 2.14568 1.06518 -0.00559346 0.00536985 -1.92973 -1.02506 0.796475 -0.196857 -0.000419672 8.18218e-05 -0.727009
490.067 0.0195834 -0.55803 1.71773 -2.94411 0.484865 1.98963 -0.0115531 -0.576613 1.76451 -2.94744 0.494623 1.97239 -0.0311365 -0.0185827 0.046789 -0.00333303 0.00975821 -0.0172388 0.0591946 1.07119 0.0466591 -0.674322 1.5577 -2.94134 0.481592 1.98886 0.0270757 -0.116293 -0.160026 0.00277185 -0.00327356 -0.00076961 0.199663 0.262443 -0.52146 2.14425 1.07068 -0.00685684 0.00271698 -1.92975 -1.02506 0.796475 -0.196857 -0.000419672 8.18218e-05 -0.727009
490.367 0.0191534 -0.551211 1.72226 -2.94401 0.487007 1.9901 -0.0120985 -0.557517 1.73615 -2.94511 0.522664 1.98706 -0.0312519 -0.00630581 0.0138837 -0.0010966 0.0356567 -0.00304317 0.0347736 2.0487 0.0460939 -0.671899 1.56487 -2.94252 0.484104 1.98951 0.0269405 -0.120688 -0.157393 0.00149715 -0.00290284 -0.000587501 0.20016 0.197824 -0.521165 2.14287 1.07517 -0.00776035 0.000719612 -1.92976 -1.02506 0.796475 -0.196857 -0.000419672 8.18218e-05 -0.727009
490.796 0.0191813 -0.544474 1.72685 -2.94386 0.488921 1.99052 -0.0129751 -0.552378 1.74872 -2.92475 0.512115 2.00363 -0.0321564 -0.0079037 0.0218686 0.0191093 0.0231943 0.0131137 0.0396829 1.65517 0.044719 -0.668714 1.57155 -2.94365 0.486235 1.99016 0.0255377 -0.12424 -0.155302 0.000210155 -0.00268611 -0.000355668 0.200515 0.155766 -0.520663 2.14131 1.0799 -0.00849356 -0.00107986 -1.92977 -1.02506 0.796475 -0.196857 -0.000419672 8.18218e-05 -0.727009
491.183 0.0200796 -0.537739 1.73149 -2.9433 0.490603 1.99088 -0.012975 -0.543214 1.74872 -2.92311 0.515292 2.00444 -0.0330546 -0.00547532 0.0172339 0.020191 0.0246882 0.0135513 0.0376775 1.7539 0.0446695 -0.665615 1.57836 -2.94381 0.487855 1.99063 0.0245899 -0.127876 -0.15313 -0.000509815 -0.00274872 -0.000249981 0.201012 0.160713 -0.519909 2.1396 1.08479 -0.00875173 -0.00281642 -1.92978 -1.02506 0.796475 -0.196857 -0.000419672 8.18218e-05 -0.727009
491.452 0.0226691 -0.52945 1.7375 -2.94207 0.49222 1.99124 -0.0115146 -0.538836 1.76445 -2.95664 0.523596 1.97879 -0.0341837 -0.00938609 0.0269529 -0.0145741 0.0313756 -0.0124419 0.0445318 1.96423 0.0460811 -0.659806 1.58587 -2.94351 0.489132 1.99104 0.023412 -0.130356 -0.151626 -0.0014442 -0.00308772 -0.000197857 0.201324 0.193827 -0.518469 2.13721 1.09138 -0.00835002 -0.00473593 -1.9298 -1.02506 0.796475 -0.196857 -0.000419672 8.18218e-05 -0.727009
491.857 0.0254626 -0.524297 1.74163 -2.94102 0.49281 1.99136 -0.00933478 -0.53425 1.77745 -2.92018 0.495457 1.9922 -0.0347973 -0.00995251 0.0358137 0.0208389 0.0026466 0.000844202 0.0509169 1.18167 0.0478541 -0.657217 1.59151 -2.94352 0.489309 1.99109 0.0223915 -0.13292 -0.150117 -0.00250744 -0.00350123 -0.000261897 0.201753 0.242283 -0.517055 2.13539 1.09622 -0.00763534 -0.00565349 -1.92982 -1.02506 0.796475 -0.196857 -0.000419672 8.18218e-05 -0.727009
492.212 0.0286065 -0.519627 1.74552 -2.93996 0.493245 1.99144 -0.00619355 -0.527311 1.77759 -2.93267 0.513624 1.99782 -0.0348001 -0.00768366 0.0320738 0.00729409 0.0203795 0.00637742 0.0479459 1.23448 0.0514933 -0.655468 1.59713 -2.94314 0.489654 1.99102 0.0228868 -0.135841 -0.148389 -0.00318368 -0.00359089 -0.000419491 0.202475 0.268341 -0.515372 2.1336 1.1008 -0.00684726 -0.0064289 -1.92984 -1.02506 0.796475 -0.196857 -0.000419672 8.18218e-05 -0.727009
492.595 0.0327974 -0.513597 1.75028 -2.9387 0.494104 1.99162 -0.00227055 -0.517227 1.76433 -2.94922 0.529874 1.98365 -0.035068 -0.00362973 0.0140494 -0.0105153 0.0357693 -0.00796796 0.0379516 2.12173 0.0553513 -0.652134 1.60352 -2.94231 0.49114 1.9911 0.0225539 -0.138538 -0.146762 -0.00360374 -0.00296443 -0.000523654 0.203077 0.25793 -0.512738 2.13131 1.10617 -0.00606687 -0.00766755 -1.92986 -1.02506 0.796475 -0.196857 -0.000419672 8.18218e-05 -0.727009
492.961 0.0359625 -0.509811 1.75326 -2.93793 0.494713 1.99176 0.000810452 -0.511054 1.7643 -2.94686 0.531607 1.98521 -0.0351521 -0.00124357 0.0110475 -0.00892901 0.0368944 -0.00654264 0.0368682 2.16392 0.0572441 -0.650423 1.60778 -2.94136 0.492516 1.9913 0.0212816 -0.140612 -0.145482 -0.00342148 -0.00219725 -0.000458777 0.203444 0.223812 -0.510486 2.12972 1.10948 -0.0056303 -0.00850442 -1.92987 -1.02506 0.796475 -0.196857 -0.000419672 8.18218e-05 -0.727009
493.367 0.03951 -0.506773 1.75567 -2.93711 0.49516 1.99186 0.00471514 -0.514092 1.79384 -2.94752 0.506854 1.97125 -0.0347948 -0.00731914 0.0381699 -0.0104119 0.0116936 -0.0206042 0.052165 1.23353 0.0586319 -0.648656 1.61091 -2.94047 0.493481 1.99146 0.0191219 -0.141884 -0.144758 -0.00335898 -0.00167975 -0.000396192 0.203597 0.207479 -0.508004 2.12827 1.11205 -0.0050753 -0.00920266 -1.92988 -1.02506 0.796475 -0.196857 -0.000419672 8.18218e-05 -0.727009
493.766 0.0448624 -0.504408 1.75782 -2.93591 0.495255 1.99187 0.00871003 -0.514193 1.80801 -2.94084 0.508798 1.99291 -0.0361523 -0.00978476 0.0501879 -0.00492337 0.0135433 0.00104358 0.0626223 0.837434 0.0602542 -0.645959 1.61285 -2.93951 0.494112 1.9915 0.0153919 -0.141551 -0.144966 -0.00359402 -0.00114321 -0.000369617 0.203196 0.207479 -0.50436 2.1266 1.11436 -0.00399617 -0.00971989 -1.9299 -1.02506 0.796475 -0.196857 -0.000419672 8.18218e-05 -0.727009
494.506 0.0530367 -0.504061 1.75912 -2.93458 0.494776 1.9917 0.0181822 -0.511036 1.80801 -2.93655 0.508412 1.99602 -0.0348544 -0.00697488 0.0488929 -0.00197028 0.0136358 0.00432024 0.0604483 0.843487 0.0656718 -0.643481 1.61286 -2.93891 0.494992 1.99141 0.0126352 -0.139421 -0.146255 -0.00432644 0.000215268 -0.000285526 0.202456 0.240663 -0.498293 2.12476 1.1156 -0.00249756 -0.00976278 -1.92996 -1.02506 0.796475 -0.196857 -0.000419672 8.18218e-05 -0.727009
494.954 0.0561362 -0.505306 1.75894 -2.93481 0.494525 1.99159 0.0219437 -0.507843 1.7939 -2.9387 0.506131 1.97749 -0.0341925 -0.00253711 0.0349614 -0.00389051 0.0116053 -0.0140998 0.048968 0.985562 0.0684787 -0.644497 1.61253 -2.93957 0.495593 1.9914 0.0123425 -0.139191 -0.146408 -0.00475896 0.00106803 -0.000190496 0.202391 0.274112 -0.495042 2.12417 1.11525 -0.00256532 -0.00945122 -1.93 -1.02506 0.796475 -0.196857 -0.000419672 8.18218e-05 -0.727009
495.3 0.0600097 -0.50822 1.75786 -2.93546 0.494086 1.9914 0.0276158 -0.513392 1.80798 -2.91805 0.488932 1.99435 -0.0323938 -0.00517228 0.0501188 0.0174043 -0.0051538 0.00295472 0.0599 0.975183 0.0712037 -0.64819 1.61188 -2.94094 0.496158 1.99135 0.0111941 -0.13997 -0.14598 -0.00548293 0.00207177 -4.40269e-05 0.202551 0.33455 -0.490497 2.12368 1.11373 -0.00292059 -0.00881703 -1.93007 -1.02506 0.796475 -0.196857 -0.000419672 8.18218e-05 -0.727009
495.996 0.066376 -0.51537 1.75429 -2.93647 0.492822 1.99097 0.0329294 -0.516188 1.79294 -2.95144 0.518858 1.98382 -0.0334466 -0.00081729 0.0386515 -0.0149794 0.0260359 -0.00714578 0.0511203 1.67 0.073064 -0.655343 1.60822 -2.94328 0.49486 1.99088 0.00668803 -0.139972 -0.146074 -0.00681635 0.00203874 -9.22774e-05 0.202422 0.405418 -0.483228 2.12353 1.10917 -0.00319858 -0.00730133 -1.93018 -1.02506 0.796475 -0.196857 -0.000419672 8.18218e-05 -0.727009
496.373 0.0712924 -0.521352 1.75102 -2.93687 0.491666 1.99061 0.0371296 -0.526863 1.80813 -2.93208 0.500052 2.00017 -0.0341628 -0.0055111 0.0571134 0.00478459 0.00838589 0.00956267 0.0667788 0.680701 0.0745361 -0.660537 1.6044 -2.94447 0.493053 1.99038 0.00324366 -0.139185 -0.146615 -0.00760224 0.00138727 -0.000223671 0.202185 0.437007 -0.4781 2.12371 1.10503 -0.00298075 -0.00610231 -1.93026 -1.02506 0.796475 -0.196857 -0.000419672 8.18218e-05 -0.727009
496.771 0.0754234 -0.525525 1.74852 -2.93675 0.491005 1.99039 0.0407541 -0.528168 1.79371 -2.92992 0.529113 1.99014 -0.0346693 -0.00264294 0.0451905 0.00683696 0.0381087 -0.000245519 0.0570186 2.21964 0.0756438 -0.663915 1.6014 -2.94474 0.491868 1.99008 0.000220437 -0.13839 -0.147118 -0.00798838 0.000863389 -0.000303738 0.20198 0.45284 -0.474132 2.12395 1.10159 -0.00253499 -0.00553836 -1.93032 -1.02506 0.796475 -0.196857 -0.000419672 8.18218e-05 -0.727009
497.191 0.0799414 -0.529612 1.74603 -2.93635 0.490371 1.99019 0.0454486 -0.532993 1.79418 -2.93491 0.494264 1.98171 -0.0344928 -0.00338101 0.0481478 0.00143991 0.00389252 -0.00848134 0.0593245 0.574713 0.076567 -0.666043 1.59773 -2.94438 0.490783 1.98979 -0.00337437 -0.136432 -0.148295 -0.00803532 0.000411979 -0.000401795 0.201535 0.45024 -0.470083 2.12427 1.09802 -0.00183644 -0.00510563 -1.93036 -1.02506 0.796475 -0.196857 -0.000419672 8.18218e-05 -0.727009
497.967 0.091499 -0.539509 1.74086 -2.93486 0.48836 1.98969 0.0564377 -0.544602 1.79369 -2.94812 0.505001 1.98803 -0.0350612 -0.00509343 0.0528275 -0.0132549 0.0166413 -0.00166535 0.063608 1.19419 0.0828891 -0.668232 1.58803 -2.94183 0.488831 1.98913 -0.00860986 -0.128723 -0.152835 -0.00696408 0.000471248 -0.000563345 0.200006 0.38563 -0.4605 2.12526 1.09058 0.000509519 -0.00380221 -1.93039 -1.02506 0.796475 -0.196857 -0.000419672 8.18218e-05 -0.727009
498.388 0.0958348 -0.543673 1.73924 -2.93468 0.487533 1.98951 0.0614339 -0.545291 1.78053 -2.93131 0.517082 1.97414 -0.0344009 -0.00161812 0.0412904 0.00336312 0.0295496 -0.0153642 0.0537674 1.96005 0.0858943 -0.668753 1.58427 -2.94052 0.488353 1.98886 -0.00994054 -0.125081 -0.154974 -0.00584053 0.000820441 -0.000643523 0.199401 0.322641 -0.456432 2.12578 1.08811 0.00106654 -0.00311308 -1.93038 -1.02506 0.796475 -0.196857 -0.000419672 8.18218e-05 -0.727009
498.863 0.0995091 -0.547678 1.73801 -2.93493 0.486829 1.98936 0.0674007 -0.555081 1.79466 -2.93067 0.483559 1.98607 -0.0321085 -0.00740332 0.0566483 0.00426788 -0.00327053 -0.0032897 0.0655347 0.416841 0.0890763 -0.669863 1.58133 -2.93955 0.48789 1.98871 -0.0104329 -0.122185 -0.15668 -0.00461819 0.00106082 -0.000652579 0.198964 0.256409 -0.452432 2.12633 1.08611 0.00114861 -0.00237859 -1.93036 -1.02506 0.796475 -0.196857 -0.000419672 8.18218e-05 -0.727009
499.552 0.106294 -0.557363 1.73568 -2.93688 0.485097 1.98902 0.0738851 -0.56094 1.78084 -2.92938 0.509874 1.97646 -0.0324091 -0.00357671 0.045161 0.00749054 0.0247774 -0.0125609 0.0557015 1.73551 0.0955564 -0.673851 1.57563 -2.9392 0.48529 1.98814 -0.0107378 -0.116488 -0.160053 -0.00232238 0.000193128 -0.000884006 0.198247 0.118694 -0.443414 2.12761 1.08247 0.000114344 -9.83333e-05 -1.9303 -1.02506 0.796475 -0.196857 -0.000419672 8.18218e-05 -0.727009
499.944 0.109328 -0.560723 1.73497 -2.93742 0.484585 1.98895 0.0769763 -0.5661 1.77997 -2.94755 0.492255 1.97268 -0.0323522 -0.00537751 0.0449981 -0.0101312 0.00767022 -0.0162731 0.0556813 0.94419 0.0989141 -0.675484 1.5739 -2.93928 0.483824 1.98784 -0.0104143 -0.114761 -0.161069 -0.00185895 -0.000761362 -0.00111097 0.198044 0.104678 -0.439677 2.12805 1.08112 -0.000177777 0.000565655 -1.93026 -1.02506 0.796475 -0.196857 -0.000419672 8.18218e-05 -0.727009
500.385 0.113854 -0.56441 1.73414 -2.93762 0.484075 1.98892 0.0809573 -0.564746 1.76597 -2.91059 0.48439 2.00065 -0.0328964 -0.000335851 0.0318241 0.0270304 0.000315055 0.0117349 0.0457718 1.37174 0.104054 -0.676425 1.57148 -2.93896 0.481441 1.98729 -0.00980018 -0.112016 -0.162661 -0.00133625 -0.00263419 -0.00162699 0.197743 0.174713 -0.43481 2.12848 1.07934 -0.000166053 0.00110284 -1.93019 -1.02506 0.796475 -0.196857 -0.000419672 8.18218e-05 -0.727009
501.241 0.121605 -0.568393 1.73268 -2.9368 0.483733 1.98903 0.0894279 -0.575538 1.78031 -2.94463 0.4873 1.97543 -0.0321768 -0.00714521 0.0476341 -0.00783134 0.00356715 -0.0136006 0.0579259 0.723617 0.11638 -0.676162 1.56757 -2.93633 0.477992 1.98719 -0.0052244 -0.10777 -0.165103 0.000469015 -0.00574074 -0.00183504 0.197232 0.350545 -0.427786 2.12874 1.07618 0.000659787 0.00112222 -1.93002 -1.02506 0.796475 -0.196857 -0.000419672 8.18218e-05 -0.727009
501.967 0.13015 -0.570201 1.73042 -2.93526 0.484918 1.98961 0.0988123 -0.579875 1.78167 -2.92354 0.499732 1.98211 -0.0313382 -0.00967395 0.0512539 0.0117181 0.0148141 -0.0075036 0.0608492 1.27626 0.127754 -0.673415 1.5627 -2.931 0.479102 1.98913 -0.00239684 -0.103214 -0.167713 0.00425967 -0.00581619 -0.000478369 0.196943 0.421509 -0.420118 2.12853 1.07101 0.00138863 -0.000515507 -1.92976 -1.02506 0.796475 -0.196857 -0.000419672 8.18218e-05 -0.727009
502.386 0.133601 -0.570097 1.72926 -2.9344 0.48597 1.99002 0.101818 -0.580511 1.77886 -2.95545 0.500299 1.98268 -0.0317834 -0.0104143 0.0495988 -0.0210513 0.0143291 -0.00733705 0.0598221 1.35104 0.131021 -0.672902 1.56132 -2.92889 0.481068 1.98999 -0.00258027 -0.102806 -0.167941 0.00550767 -0.00490216 -2.63835e-05 0.196926 0.423362 -0.417014 2.12834 1.06823 0.00162079 -0.00178693 -1.92962 -1.02506 0.796475 -0.196857 -0.000419672 8.18218e-05 -0.727009
503.143 0.141479 -0.571265 1.72533 -2.93249 0.487882 1.99088 0.10864 -0.571567 1.75137 -2.93478 0.506658 1.99707 -0.0328388 -0.000301623 0.0260306 -0.0022884 0.0187766 0.00618777 0.0419054 1.15961 0.139467 -0.673705 1.55718 -2.92415 0.485487 1.99154 -0.00201211 -0.10244 -0.168158 0.00834405 -0.00239525 0.000663453 0.196914 0.481327 -0.410145 2.12798 1.06076 0.00229482 -0.00422404 -1.92927 -1.02506 0.796475 -0.196857 -0.000419672 8.18218e-05 -0.727009
503.575 0.144296 -0.573367 1.72298 -2.93232 0.488093 1.99111 0.114319 -0.583341 1.78036 -2.93093 0.512452 1.99136 -0.0299772 -0.00997352 0.057383 0.00139241 0.0243599 0.000250229 0.0655051 1.39774 0.143088 -0.67506 1.55439 -2.92332 0.486139 1.99202 -0.00120792 -0.101692 -0.168589 0.00900188 -0.00195394 0.000912513 0.196889 0.505904 -0.407351 2.12795 1.05731 0.0022622 -0.00447479 -1.92912 -1.02506 0.796475 -0.196857 -0.000419672 8.18218e-05 -0.727009
503.96 0.146612 -0.5764 1.7203 -2.93265 0.487982 1.99126 0.117383 -0.586882 1.77933 -2.95092 0.49584 1.98661 -0.0292293 -0.0104824 0.0590365 -0.0182661 0.00785807 -0.00464817 0.0667049 1.05165 0.145524 -0.675479 1.55019 -2.92333 0.486284 1.9923 -0.00108758 -0.0990786 -0.170103 0.00932338 -0.00169837 0.00104186 0.196857 0.518133 -0.404642 2.12802 1.05376 0.00191967 -0.00425554 -1.92896 -1.02506 0.796475 -0.196857 -0.000419672 8.18218e-05 -0.727009
504.419 0.149389 -0.581947 1.71625 -2.93356 0.487129 1.99126 0.120598 -0.591468 1.78146 -2.93633 0.477424 1.98279 -0.0287912 -0.009521 0.0652055 -0.00276727 -0.00970505 -0.00847449 0.0719121 0.706098 0.148458 -0.676621 1.54359 -2.92397 0.486017 1.99238 -0.000931788 -0.0946745 -0.172665 0.00958655 -0.00111189 0.00111485 0.19692 0.526376 -0.401148 2.12824 1.04904 0.00136852 -0.00314891 -1.92878 -1.02506 0.796475 -0.196857 -0.000419672 8.18218e-05 -0.727009
505.221 0.153865 -0.591319 1.71001 -2.93479 0.485054 1.99102 0.122248 -0.589381 1.73845 -2.93646 0.496138 1.98034 -0.0316165 0.00193851 0.0284451 -0.00166616 0.011084 -0.010684 0.0425733 0.855466 0.152287 -0.679598 1.53366 -2.92534 0.485113 1.99189 -0.00157733 -0.0882787 -0.176351 0.00944724 5.87242e-05 0.000865777 0.197219 0.520394 -0.396152 2.12869 1.04234 0.00107713 -0.000811104 -1.92857 -1.02506 0.796475 -0.196857 -0.000419672 8.18218e-05 -0.727009
505.543 0.157253 -0.596898 1.70625 -2.93509 0.483673 1.99083 0.125293 -0.595493 1.73857 -2.93652 0.493684 1.98063 -0.03196 0.00140416 0.0323189 -0.00142899 0.0100107 -0.0102075 0.0454745 0.795247 0.155675 -0.681933 1.52804 -2.92626 0.483729 1.99106 -0.00157803 -0.0850352 -0.178212 0.00882407 5.59481e-05 0.000223746 0.197467 0.499677 -0.393016 2.12892 1.03834 0.00138081 0.000558579 -1.92844 -1.02506 0.796475 -0.196857 -0.000419672 8.18218e-05 -0.727009
505.948 0.159901 -0.600368 1.70375 -2.93504 0.482825 1.99073 0.128338 -0.601608 1.73868 -2.93658 0.491244 1.98091 -0.031563 -0.00123931 0.0349391 -0.00154771 0.00841921 -0.00981353 0.047101 0.714364 0.157799 -0.683741 1.5246 -2.92661 0.482686 1.99062 -0.00210242 -0.0833726 -0.179145 0.00842712 -0.000139549 -0.000102135 0.197606 0.485375 -0.390798 2.12901 1.03561 0.00178116 0.00131255 -1.92836 -1.02506 0.796475 -0.196857 -0.000419672 8.18218e-05 -0.727009
506.362 0.162365 -0.603173 1.70151 -2.93492 0.482224 1.99066 0.131253 -0.606204 1.73661 -2.94974 0.504948 1.98557 -0.0311123 -0.00303108 0.035102 -0.014814 0.0227235 -0.00508473 0.0470033 1.50532 0.160153 -0.684792 1.52137 -2.927 0.481838 1.99021 -0.00221246 -0.0816191 -0.180142 0.00792175 -0.000385787 -0.000443475 0.197782 0.466462 -0.388718 2.12899 1.03307 0.00213515 0.00182003 -1.9283 -1.02506 0.796475 -0.196857 -0.000419672 8.18218e-05 -0.727009
506.739 0.16446 -0.605528 1.69939 -2.93493 0.481829 1.99062 0.134431 -0.610809 1.73894 -2.93615 0.487364 1.98178 -0.0300289 -0.00528021 0.0395499 -0.00122846 0.00553505 -0.00883414 0.0499381 0.573349 0.162505 -0.685514 1.51831 -2.92729 0.481517 1.98997 -0.00195527 -0.0799854 -0.181075 0.00764058 -0.000312074 -0.000646436 0.197963 0.456283 -0.386792 2.12887 1.03061 0.00229042 0.00218222 -1.92825 -1.02506 0.796475 -0.196857 -0.000419672 8.18218e-05 -0.727009
507.132 0.166664 -0.608514 1.69644 -2.93526 0.481366 1.99055 0.137479 -0.613895 1.73908 -2.93566 0.485912 1.98236 -0.0291852 -0.00538102 0.0426372 -0.000401697 0.00454631 -0.00818297 0.0519487 0.527119 0.164849 -0.684727 1.51321 -2.92777 0.481565 1.98978 -0.0018156 -0.0762133 -0.183225 0.00748592 0.000199639 -0.000768042 0.198452 0.451108 -0.384478 2.12851 1.02735 0.00218141 0.00272439 -1.92822 -1.02506 0.796475 -0.196857 -0.000419672 8.18218e-05 -0.727009
507.446 0.168094 -0.610819 1.69405 -2.93564 0.480901 1.99045 0.138611 -0.612639 1.72479 -2.9341 0.512669 1.97268 -0.0294837 -0.00182006 0.0307452 0.00154084 0.0317677 -0.0177691 0.0426364 2.10784 0.16647 -0.68393 1.50905 -2.92818 0.482208 1.98979 -0.00162444 -0.0731108 -0.184992 0.00745868 0.00130688 -0.000662921 0.198922 0.45284 -0.382935 2.12809 1.02494 0.00203679 0.00328747 -1.92821 -1.02506 0.796475 -0.196857 -0.000419672 8.18218e-05 -0.727009
507.875 0.169392 -0.613279 1.69144 -2.93614 0.480263 1.99031 0.142385 -0.627061 1.75255 -2.93348 0.483573 2.00125 -0.0270071 -0.013782 0.061109 0.00265173 0.00330942 0.0109372 0.0682176 0.602634 0.16826 -0.683864 1.50503 -2.92865 0.482795 1.98987 -0.00113224 -0.0705851 -0.186414 0.00748093 0.00253178 -0.00043572 0.199333 0.463938 -0.381558 2.1275 1.02256 0.00186857 0.00405017 -1.9282 -1.02506 0.796475 -0.196857 -0.000419672 8.18218e-05 -0.727009
508.269 0.17136 -0.616164 1.68785 -2.9365 0.479326 1.99011 0.14342 -0.624559 1.73704 -2.94882 0.4972 1.98731 -0.02794 -0.00839476 0.0491878 -0.0123196 0.0178739 -0.00280018 0.0571888 1.21112 0.169254 -0.684368 1.50012 -2.92897 0.483412 1.99004 -0.00210688 -0.0682039 -0.187729 0.00753204 0.00408559 -6.83644e-05 0.199745 0.492578 -0.379986 2.12643 1.01948 0.0019547 0.00503829 -1.92818 -1.02506 0.796475 -0.196857 -0.000419672 8.18218e-05 -0.727009
508.607 0.172968 -0.617036 1.68543 -2.93633 0.479072 1.99006 0.143575 -0.629172 1.73932 -2.93644 0.480201 1.98261 -0.029393 -0.0121365 0.0538889 -0.000111279 0.00112935 -0.00744395 0.062572 0.428872 0.17033 -0.684935 1.49753 -2.92883 0.483914 1.99026 -0.00263743 -0.0678998 -0.187895 0.00749185 0.00484243 0.000205177 0.199804 0.506677 -0.379019 2.12539 1.01724 0.00223849 0.00520642 -1.92818 -1.02506 0.796475 -0.196857 -0.000419672 8.18218e-05 -0.727009
509.024 0.174665 -0.616627 1.68336 -2.93571 0.479286 1.9901 0.146463 -0.630666 1.73714 -2.9489 0.494812 1.98758 -0.0282018 -0.0140384 0.053782 -0.0131979 0.0155254 -0.00252036 0.0623292 1.13229 0.171493 -0.684558 1.49543 -2.92844 0.484659 1.99055 -0.00317233 -0.0679304 -0.187926 0.00726604 0.00537296 0.000451475 0.199852 0.508989 -0.378244 2.12413 1.01505 0.00273101 0.0047718 -1.92818 -1.02506 0.796475 -0.196857 -0.000419672 8.18218e-05 -0.727009
509.448 0.176391 -0.614301 1.68108 -2.93484 0.48037 1.99034 0.149659 -0.630722 1.7394 -2.93536 0.478556 1.98403 -0.0267329 -0.0164213 0.0583217 -0.000517411 -0.00181436 -0.00630532 0.0662248 0.363695 0.173528 -0.683052 1.49361 -2.92774 0.486064 1.99102 -0.00286348 -0.0687512 -0.187471 0.00710629 0.00569402 0.000681695 0.199701 0.508989 -0.377524 2.12216 1.01241 0.00302247 0.00348381 -1.92819 -1.02506 0.796475 -0.196857 -0.000419672 8.18218e-05 -0.727009
510.302 0.177407 -0.60912 1.67873 -2.93426 0.482588 1.99085 0.147619 -0.611457 1.69843 -2.93228 0.501442 1.98284 -0.0297883 -0.00233696 0.0196998 0.00198086 0.0188547 -0.00800647 0.0357895 1.19975 0.175668 -0.675666 1.4899 -2.92694 0.48847 1.99133 -0.00173978 -0.0665466 -0.188832 0.00731789 0.0058823 0.000478831 0.200222 0.528601 -0.377074 2.11876 1.00961 0.00253016 0.00124703 -1.92821 -1.02506 0.796475 -0.196857 -0.000419672 8.18218e-05 -0.727009
510.691 0.177426 -0.606771 1.67764 -2.93438 0.483443 1.99106 0.152713 -0.624716 1.7396 -2.93312 0.479917 1.98551 -0.0247128 -0.0179444 0.0619642 0.00126259 -0.00352644 -0.00554447 0.0690817 0.410216 0.175868 -0.67107 1.48748 -2.92694 0.489576 1.99144 -0.00155765 -0.0642987 -0.19016 0.00744852 0.00613348 0.000380757 0.200743 0.545364 -0.377083 2.11693 1.00868 0.00200608 0.000512755 -1.9282 -1.02506 0.796475 -0.196857 -0.000419672 8.18218e-05 -0.727009
511.035 0.177992 -0.604634 1.67597 -2.93438 0.48368 1.99112 0.147449 -0.606917 1.6961 -2.94386 0.517855 1.98764 -0.0305431 -0.00228269 0.020125 -0.00948005 0.034175 -0.00347257 0.0366484 2.01616 0.175902 -0.66614 1.48419 -2.92677 0.490419 1.9915 -0.00209028 -0.0615061 -0.191781 0.00761423 0.00673925 0.000381652 0.201413 0.575393 -0.377282 2.11441 1.00797 0.00189159 0.000296474 -1.9282 -1.02506 0.796475 -0.196857 -0.000419672 8.18218e-05 -0.727009
511.458 0.178761 -0.603017 1.67494 -2.93411 0.483573 1.99108 0.152645 -0.620545 1.73858 -2.95139 0.467001 1.98091 -0.0261165 -0.0175279 0.0636427 -0.0172748 -0.0165722 -0.0101733 0.0709908 1.30116 0.17435 -0.663701 1.48269 -2.92638 0.490967 1.99174 -0.00441175 -0.060684 -0.192247 0.00772834 0.00739366 0.00065373 0.201646 0.601334 -0.377562 2.11246 1.00793 0.00220128 0.000295178 -1.92821 -1.02506 0.796475 -0.196857 -0.000419672 8.18218e-05 -0.727009
511.917 0.179607 -0.600566 1.6745 -2.93357 0.483673 1.99109 0.152136 -0.614696 1.72424 -2.94717 0.495686 1.97223 -0.0274709 -0.0141296 0.0497364 -0.0136025 0.0120131 -0.0188608 0.0585492 1.20691 0.17363 -0.660863 1.48202 -2.926 0.491433 1.992 -0.00597728 -0.0602969 -0.192477 0.00757042 0.00776032 0.000907616 0.201789 0.605872 -0.377964 2.11047 1.00843 0.00266763 8.49879e-06 -1.92822 -1.02506 0.796475 -0.196857 -0.000419672 8.18218e-05 -0.727009
512.285 0.180719 -0.596443 1.67475 -2.93263 0.483921 1.9911 0.150603 -0.602631 1.69865 -2.92937 0.503806 1.98474 -0.0301164 -0.00618828 0.0238925 0.00326876 0.0198856 -0.00636765 0.0389377 1.23733 0.171006 -0.654697 1.48108 -2.92599 0.49189 1.99204 -0.00971392 -0.0582539 -0.193669 0.00664769 0.00796938 0.000940748 0.202474 0.580809 -0.37871 2.10778 1.01001 0.00344569 -0.00055521 -1.92826 -1.02506 0.796475 -0.196857 -0.000419672 8.18218e-05 -0.727009
512.681 0.181325 -0.593071 1.67544 -2.93201 0.484074 1.9911 0.155791 -0.614245 1.74007 -2.92922 0.482871 1.98763 -0.0255345 -0.0211743 0.0646341 0.00279094 -0.0012031 -0.00346893 0.0726493 0.315279 0.168814 -0.649987 1.48099 -2.92657 0.49238 1.99204 -0.0125115 -0.0569155 -0.194445 0.00544118 0.00830525 0.000939134 0.20299 0.557429 -0.379444 2.10576 1.01183 0.00397683 -0.000922022 -1.92829 -1.02506 0.796475 -0.196857 -0.000419672 8.18218e-05 -0.727009
513.084 0.181471 -0.589634 1.67646 -2.93167 0.484202 1.9911 0.1557 -0.608475 1.73881 -2.94803 0.470219 1.98295 -0.0257703 -0.0188411 0.0623448 -0.0163604 -0.0139834 -0.00815101 0.0700426 1.15623 0.166988 -0.645164 1.48121 -2.92739 0.492922 1.99213 -0.014482 -0.0555295 -0.195247 0.00427789 0.00872026 0.00102678 0.203506 0.547512 -0.38034 2.10376 1.01414 0.00424518 -0.00115913 -1.92832 -1.02506 0.796475 -0.196857 -0.000419672 8.18218e-05 -0.727009
513.46 0.180899 -0.58502 1.67821 -2.9317 0.484365 1.9911 0.155795 -0.605144 1.74012 -2.92739 0.485704 1.98858 -0.0251047 -0.0201242 0.061913 0.00431342 0.00133858 -0.00252217 0.0697743 0.348305 0.164598 -0.639542 1.48238 -2.92901 0.493912 1.99241 -0.016301 -0.0545225 -0.195827 0.00268713 0.00954709 0.00130177 0.203928 0.563712 -0.381792 2.10115 1.01775 0.00416046 -0.00129859 -1.92835 -1.02506 0.796475 -0.196857 -0.000419672 8.18218e-05 -0.727009
513.902 0.179921 -0.581532 1.67969 -2.93203 0.484549 1.99113 0.155704 -0.599381 1.73886 -2.94627 0.473027 1.98386 -0.0242169 -0.017849 0.0591671 -0.0142421 -0.0115221 -0.00727376 0.0663761 0.980785 0.161308 -0.635446 1.48356 -2.93072 0.494938 1.99238 -0.0186125 -0.053914 -0.196133 0.00130361 0.0103888 0.00124726 0.204258 0.600031 -0.383068 2.09922 1.02069 0.0037662 -0.00134755 -1.92836 -1.02506 0.796475 -0.196857 -0.000419672 8.18218e-05 -0.727009
514.275 0.178489 -0.577932 1.68124 -2.93259 0.484804 1.9912 0.150611 -0.581899 1.69876 -2.92504 0.510584 1.98707 -0.0278778 -0.00396789 0.017517 0.00755402 0.02578 -0.00412351 0.0331626 1.58832 0.158696 -0.631394 1.48479 -2.93223 0.495612 1.99246 -0.0197925 -0.0534625 -0.196455 0.000360747 0.0108073 0.00126103 0.20456 0.62244 -0.384488 2.09733 1.02365 0.00312599 -0.00137715 -1.92836 -1.02506 0.796475 -0.196857 -0.000419672 8.18218e-05 -0.727009
514.729 0.17693 -0.574519 1.68265 -2.9332 0.485004 1.99127 0.152657 -0.590231 1.73875 -2.94556 0.476367 1.98393 -0.0242732 -0.0157122 0.056096 -0.0123539 -0.00863753 -0.00733722 0.0631096 0.804542 0.155596 -0.62711 1.48569 -2.93412 0.496169 1.99271 -0.021334 -0.0525911 -0.196968 -0.000913231 0.0111645 0.00144222 0.204982 0.650118 -0.386029 2.09546 1.02653 0.00244993 -0.00133924 -1.92834 -1.02506 0.796475 -0.196857 -0.000419672 8.18218e-05 -0.727009
515.118 0.174714 -0.570092 1.68429 -2.93403 0.485254 1.99139 0.149693 -0.586819 1.73987 -2.92586 0.492493 1.98874 -0.025021 -0.0167264 0.0555724 0.00817427 0.00723896 -0.00265319 0.063199 0.693798 0.153438 -0.621146 1.48642 -2.93577 0.496414 1.99341 -0.0212761 -0.051054 -0.197876 -0.00173895 0.0111603 0.00201872 0.205461 0.665585 -0.388232 2.09299 1.03014 0.00152596 -0.00126725 -1.92828 -1.02506 0.796475 -0.196857 -0.000419672 8.18218e-05 -0.727009
515.492 0.173245 -0.567173 1.68513 -2.93454 0.485228 1.99148 0.144859 -0.572045 1.70926 -2.94002 0.504027 2.00007 -0.0283854 -0.0048727 0.0241297 -0.00548217 0.0187983 0.00859175 0.0375728 1.28359 0.153203 -0.61673 1.48639 -2.93627 0.496061 1.9942 -0.020042 -0.049557 -0.198743 -0.00173186 0.0108322 0.00272275 0.205807 0.658491 -0.389967 2.09114 1.03255 0.00102233 -0.00106166 -1.92821 -1.02506 0.796475 -0.196857 -0.000419672 8.18218e-05 -0.727009
515.832 0.172073 -0.564895 1.68541 -2.93492 0.484874 1.99151 0.146562 -0.577999 1.7385 -2.94533 0.481211 1.98345 -0.0255113 -0.0131034 0.0530886 -0.0104105 -0.00366361 -0.00806122 0.0603401 0.597416 0.152115 -0.613046 1.48588 -2.93597 0.494867 1.99504 -0.0199582 -0.0481505 -0.199532 -0.001047 0.00999292 0.00353101 0.206228 0.619288 -0.391755 2.08928 1.03455 0.00077105 -0.000600218 -1.9281 -1.02506 0.796475 -0.196857 -0.000419672 8.18218e-05 -0.727009
516.222 0.170729 -0.562662 1.68493 -2.93538 0.484066 1.99152 0.141865 -0.566038 1.70915 -2.9399 0.506511 1.99983 -0.0288645 -0.0033754 0.0242281 -0.00452213 0.0224447 0.00831165 0.0378359 1.43695 0.15156 -0.610054 1.48501 -2.93495 0.492158 1.99595 -0.0191696 -0.0473915 -0.199914 0.000427032 0.00809196 0.00442984 0.206347 0.523393 -0.394217 2.08674 1.03652 0.000627573 0.000301943 -1.92793 -1.02506 0.796475 -0.196857 -0.000419672 8.18218e-05 -0.727009
516.602 0.169642 -0.561326 1.68406 -2.93581 0.48338 1.99153 0.143592 -0.574569 1.73959 -2.92559 0.49744 1.98825 -0.0260508 -0.0132434 0.0555252 0.0102204 0.01406 -0.00327828 0.0627461 1.06349 0.150155 -0.608256 1.48393 -2.93465 0.489891 1.99589 -0.0194877 -0.0469307 -0.20013 0.00115179 0.00651047 0.00436006 0.206481 0.436111 -0.396126 2.08477 1.03753 0.000465339 0.00108379 -1.92778 -1.02506 0.796475 -0.196857 -0.000419672 8.18218e-05 -0.727009
516.942 0.168672 -0.559694 1.68301 -2.93604 0.482838 1.99157 0.143515 -0.571885 1.73838 -2.94523 0.483656 1.98321 -0.0251567 -0.0121915 0.0553681 -0.00919192 0.000817728 -0.00835803 0.0620252 0.524141 0.148608 -0.606555 1.48288 -2.93453 0.487685 1.99547 -0.0200634 -0.0468611 -0.200132 0.00151034 0.00484689 0.00389944 0.206522 0.341497 -0.398094 2.08272 1.03825 0.0004251 0.00166154 -1.92764 -1.02506 0.796475 -0.196857 -0.000419672 8.18218e-05 -0.727009
517.61 0.16583 -0.553692 1.68071 -2.93639 0.482729 1.99186 0.140468 -0.568805 1.73824 -2.94573 0.48514 1.98265 -0.0253624 -0.0151129 0.0575304 -0.00934394 0.00241122 -0.00921357 0.0646638 0.567173 0.150563 -0.599814 1.48016 -2.93522 0.484514 1.99514 -0.0152678 -0.0461225 -0.200551 0.0011655 0.00178584 0.00327672 0.206352 0.195835 -0.402934 2.07749 1.03952 -1.04742e-05 0.00188825 -1.92736 -1.02506 0.796475 -0.196857 -0.000419672 8.18218e-05 -0.727009
518.023 0.164046 -0.550326 1.67992 -2.93677 0.483125 1.99205 0.137579 -0.557237 1.71195 -2.92806 0.493861 1.99459 -0.0264677 -0.00691074 0.0320283 0.00870986 0.0107358 0.00253768 0.0421202 0.762075 0.15215 -0.596878 1.47959 -2.93549 0.483887 1.99524 -0.0118968 -0.0465515 -0.200328 0.00128355 0.000761181 0.00319268 0.20601 0.167859 -0.4051 2.07506 1.04011 -0.000607217 0.00166665 -1.92728 -1.02506 0.796475 -0.196857 -0.000419672 8.18218e-05 -0.727009
518.337 0.162145 -0.547325 1.67887 -2.93737 0.483329 1.99218 0.137423 -0.562694 1.73813 -2.94564 0.487608 1.9824 -0.0247228 -0.0153693 0.0592626 -0.00827545 0.00427877 -0.00977734 0.0660264 0.592153 0.153549 -0.594983 1.47917 -2.93584 0.483186 1.99529 -0.00859663 -0.0476576 -0.199695 0.00152405 -0.00014283 0.00311007 0.205483 0.158259 -0.407294 2.07252 1.04064 -0.00129303 0.00169477 -1.92721 -1.02506 0.796475 -0.196857 -0.000419672 8.18218e-05 -0.727009
518.714 0.159882 -0.543855 1.6769 -2.93813 0.483275 1.99225 0.133037 -0.551027 1.71123 -2.92778 0.497171 1.99414 -0.0268447 -0.00717167 0.0343273 0.0103479 0.0138964 0.00189273 0.0441637 0.967932 0.151794 -0.593833 1.47856 -2.93661 0.481707 1.99483 -0.00808831 -0.0499782 -0.198346 0.00151361 -0.00156775 0.00257551 0.204706 0.160713 -0.410224 2.06893 1.04104 -0.00202249 0.00202223 -1.92714 -1.02506 0.796475 -0.196857 -0.000419672 8.18218e-05 -0.727009
519.047 0.158652 -0.541282 1.67513 -2.93841 0.48308 1.99225 0.131579 -0.548182 1.71169 -2.92843 0.497885 1.99378 -0.0270738 -0.00690017 0.0365612 0.00997994 0.0148056 0.00152787 0.0460144 1.00366 0.15082 -0.593594 1.47814 -2.93744 0.480289 1.99423 -0.00783217 -0.0523121 -0.196989 0.000970074 -0.00279032 0.00197084 0.203967 0.187672 -0.412405 2.06607 1.04115 -0.00221767 0.00230151 -1.9271 -1.02506 0.796475 -0.196857 -0.000419672 8.18218e-05 -0.727009
519.364 0.157922 -0.538594 1.67325 -2.93836 0.482784 1.99222 0.129892 -0.545003 1.70873 -2.9401 0.51559 1.99854 -0.0280304 -0.00640873 0.0354822 -0.00174181 0.0328062 0.0063164 0.0456702 1.9258 0.14969 -0.593932 1.47801 -2.93826 0.478617 1.99386 -0.00823207 -0.0553383 -0.195236 9.55902e-05 -0.00416752 0.00164035 0.203094 0.256409 -0.414568 2.06307 1.04123 -0.00204634 0.00255247 -1.92707 -1.02506 0.796475 -0.196857 -0.000419672 8.18218e-05 -0.727009
519.766 0.157587 -0.534521 1.67085 -2.93782 0.482327 1.99212 0.131221 -0.552181 1.73613 -2.96486 0.477412 1.97705 -0.0263656 -0.0176602 0.0652731 -0.027038 -0.0049157 -0.0150746 0.0725782 1.41056 0.149014 -0.593912 1.47796 -2.93881 0.476526 1.9936 -0.0085731 -0.0593903 -0.192892 -0.000994852 -0.00580159 0.00147079 0.20201 0.353878 -0.417441 2.05882 1.04158 -0.00133228 0.00277296 -1.92706 -1.02506 0.796475 -0.196857 -0.000419672 8.18218e-05 -0.727009
520.098 0.15746 -0.531015 1.66927 -2.9373 0.482052 1.99204 0.129964 -0.540862 1.70983 -2.94607 0.486671 1.98927 -0.0274962 -0.00984699 0.0405666 -0.00877596 0.00461857 -0.00277071 0.0499865 0.523393 0.148179 -0.59326 1.47802 -2.93918 0.475143 1.99318 -0.00928109 -0.0622446 -0.191245 -0.00188844 -0.00690895 0.00114139 0.201333 0.423362 -0.419611 2.05545 1.04212 -0.000704299 0.00283457 -1.92707 -1.02506 0.796475 -0.196857 -0.000419672 8.18218e-05 -0.727009
520.501 0.157444 -0.526955 1.66791 -2.9366 0.481907 1.99195 0.131395 -0.546216 1.73888 -2.95105 0.462211 1.97285 -0.0260499 -0.0192609 0.0709788 -0.0144486 -0.0196953 -0.0191055 0.0780229 1.52726 0.147752 -0.592394 1.4785 -2.93939 0.473873 1.9927 -0.00969229 -0.0654393 -0.18941 -0.00278392 -0.00803319 0.000754385 0.20063 0.495746 -0.421818 2.05194 1.04289 3.49469e-05 0.00271703 -1.92712 -1.02506 0.796475 -0.196857 -0.000419672 8.18218e-05 -0.727009
520.96 0.156944 -0.520863 1.66633 -2.93591 0.482033 1.99186 0.130041 -0.533067 1.71115 -2.92512 0.503698 1.99524 -0.0269027 -0.0122039 0.0448199 0.0107901 0.0216643 0.00337305 0.0536797 1.35912 0.146713 -0.591827 1.48009 -2.93971 0.472884 1.99195 -0.0102313 -0.0709638 -0.186245 -0.00380318 -0.00914891 8.25949e-05 0.199569 0.568551 -0.424856 2.04706 1.04413 0.000681445 0.00234946 -1.92722 -1.02506 0.796475 -0.196857 -0.000419672 8.18218e-05 -0.727009
521.34 0.155748 -0.516112 1.66509 -2.93594 0.482392 1.99184 0.130095 -0.528847 1.71205 -2.93047 0.474202 1.98599 -0.0256526 -0.0127346 0.0469609 0.00546918 -0.0081896 -0.0058484 0.055005 0.726316 0.145716 -0.591536 1.4814 -2.94072 0.472396 1.99149 -0.0100324 -0.0754236 -0.183692 -0.00477914 -0.00999575 -0.000343025 0.198827 0.631181 -0.42722 2.04327 1.04497 0.00053892 0.00203282 -1.92732 -1.02506 0.796475 -0.196857 -0.000419672 8.18218e-05 -0.727009
521.766 0.153889 -0.510926 1.6639 -2.93633 0.483153 1.9919 0.126628 -0.518388 1.69489 -2.95913 0.508129 1.97684 -0.0272612 -0.0074621 0.030992 -0.0227979 0.0249761 -0.0150594 0.0419447 1.85097 0.145378 -0.591796 1.48334 -2.94215 0.472217 1.99132 -0.00851124 -0.0808695 -0.180558 -0.00581687 -0.0109361 -0.000572669 0.198024 0.703322 -0.429647 2.03939 1.04569 -0.000139783 0.00147309 -1.92742 -1.02506 0.796475 -0.196857 -0.000419672 8.18218e-05 -0.727009
522.018 0.151621 -0.505022 1.66282 -2.93688 0.484291 1.99204 0.124326 -0.509279 1.68431 -2.92394 0.503169 2.00296 -0.0272949 -0.00425671 0.0214902 0.0129323 0.0188778 0.0109208 0.0349994 1.29271 0.144276 -0.591103 1.48521 -2.94311 0.472604 1.99134 -0.0073446 -0.0860813 -0.177608 -0.00623284 -0.0116878 -0.000704725 0.197506 0.751214 -0.43211 2.03541 1.04641 -0.00110847 0.000638757 -1.92753 -1.02506 0.796475 -0.196857 -0.000419672 8.18218e-05 -0.727009
522.495 0.149 -0.496115 1.66174 -2.93708 0.486239 1.99234 0.121376 -0.503361 1.68419 -2.92381 0.505757 2.00274 -0.0276242 -0.00724559 0.0224529 0.013276 0.0195185 0.0104012 0.0363281 1.32412 0.141357 -0.589329 1.48822 -2.94372 0.473517 1.99102 -0.00764313 -0.0932137 -0.173518 -0.0066383 -0.0127213 -0.00131582 0.197118 0.809392 -0.435375 2.03001 1.04749 -0.00213811 -0.00106348 -1.92767 -1.02506 0.796475 -0.196857 -0.000419672 8.18218e-05 -0.727009
522.87 0.14746 -0.48876 1.66117 -2.9368 0.487935 1.99261 0.120678 -0.499018 1.69446 -2.95823 0.515741 1.97706 -0.0267823 -0.0102584 0.0332981 -0.0214315 0.0278061 -0.0155411 0.0439464 1.94602 0.139914 -0.588886 1.49165 -2.94391 0.474871 1.99105 -0.00754628 -0.100126 -0.169518 -0.00711032 -0.0130636 -0.00155846 0.197024 0.836966 -0.437757 2.02593 1.04839 -0.00261446 -0.00271198 -1.92778 -1.02506 0.796475 -0.196857 -0.000419672 8.18218e-05 -0.727009
523.325 0.146403 -0.480617 1.66092 -2.93601 0.48994 1.99294 0.118429 -0.48863 1.68412 -2.9217 0.511458 2.00356 -0.0279748 -0.00801302 0.0232016 0.0143025 0.0215174 0.0106179 0.0372171 1.4432 0.139931 -0.586373 1.49469 -2.94344 0.476494 1.99114 -0.00647274 -0.105756 -0.166226 -0.0074309 -0.0134464 -0.00179281 0.197122 0.862754 -0.44004 2.02187 1.04939 -0.00274728 -0.00483065 -1.9279 -1.02506 0.796475 -0.196857 -0.000419672 8.18218e-05 -0.727009
523.664 0.145914 -0.469409 1.66091 -2.93421 0.492638 1.99335 0.117878 -0.482793 1.69728 -2.94336 0.505636 1.97319 -0.0280353 -0.0133842 0.0363675 -0.00914661 0.0129972 -0.0201564 0.04783 1.25834 0.140507 -0.580899 1.49809 -2.94106 0.478889 1.9914 -0.00540691 -0.11149 -0.16282 -0.00684886 -0.0137494 -0.00194388 0.197407 0.863661 -0.442882 2.01661 1.05091 -0.00223793 -0.0079402 -1.9281 -1.02506 0.796475 -0.196857 -0.000419672 8.18218e-05 -0.727009
524.023 0.145922 -0.461838 1.66103 -2.93281 0.494281 1.99354 0.119792 -0.480919 1.72528 -2.92532 0.462019 1.99736 -0.0261301 -0.019081 0.0642514 0.00748847 -0.0322614 0.0038178 0.0719383 1.88741 0.140466 -0.578179 1.50126 -2.93874 0.48054 1.99155 -0.00545639 -0.116341 -0.159772 -0.00592991 -0.0137404 -0.00198865 0.197717 0.843951 -0.444841 2.0129 1.05229 -0.00159044 -0.0100055 -1.92828 -1.02506 0.796475 -0.196857 -0.000419672 8.18218e-05 -0.727009
524.408 0.146003 -0.454704 1.6613 -2.93151 0.495605 1.99363 0.117914 -0.466448 1.70806 -2.95531 0.499445 1.98892 -0.0280884 -0.0117437 0.0467659 -0.0237987 0.00384015 -0.00470729 0.0558025 1.27656 0.140111 -0.574849 1.50367 -2.93658 0.482146 1.9916 -0.00589129 -0.120144 -0.157625 -0.0050693 -0.0134587 -0.00202956 0.19828 0.81277 -0.446648 2.00946 1.05393 -0.000907531 -0.0116221 -1.92848 -1.02506 0.796475 -0.196857 -0.000419672 8.18218e-05 -0.727009
524.897 0.145948 -0.446354 1.66216 -2.93012 0.497045 1.99365 0.117884 -0.45614 1.69739 -2.93766 0.515198 1.97623 -0.0280644 -0.00978609 0.035226 -0.00753629 0.0181536 -0.017422 0.0460896 1.35884 0.139549 -0.569474 1.50636 -2.93383 0.48483 1.99166 -0.00639934 -0.12312 -0.155801 -0.00370827 -0.012215 -0.00198948 0.198679 0.724698 -0.448823 2.00541 1.05661 -0.00013252 -0.0134359 -1.92878 -1.02506 0.796475 -0.196857 -0.000419672 8.18218e-05 -0.727009
525.344 0.145806 -0.440644 1.66328 -2.92924 0.497988 1.99363 0.117917 -0.451547 1.70812 -2.95212 0.504737 1.99063 -0.0278886 -0.0109037 0.0448477 -0.0228836 0.00674861 -0.00299761 0.0539257 1.29664 0.137596 -0.566963 1.50943 -2.93211 0.486787 1.9917 -0.00821015 -0.126319 -0.153851 -0.00286912 -0.0112007 -0.00192958 0.199234 0.658491 -0.450284 2.00285 1.05898 0.000368659 -0.0146141 -1.929 -1.02506 0.796475 -0.196857 -0.000419672 8.18218e-05 -0.727009
525.745 0.145648 -0.435223 1.66485 -2.92837 0.498914 1.99361 0.118004 -0.445259 1.70972 -2.93032 0.521964 1.99654 -0.0276444 -0.0100365 0.0448717 -0.00195177 0.0230502 0.00293411 0.0536508 1.3429 0.136145 -0.562554 1.51165 -2.93019 0.489342 1.99184 -0.00950365 -0.127331 -0.1532 -0.0018238 -0.00957172 -0.00176843 0.199434 0.558831 -0.451603 2.00073 1.06163 0.000868094 -0.0157735 -1.92922 -1.02506 0.796475 -0.196857 -0.000419672 8.18218e-05 -0.727009
526.215 0.145519 -0.430306 1.66681 -2.92749 0.499729 1.99356 0.118107 -0.439052 1.71175 -2.91562 0.507387 1.99235 -0.0274119 -0.00874623 0.0449388 0.011877 0.00765757 -0.00121811 0.0533611 0.840233 0.135164 -0.558159 1.51397 -2.92832 0.492474 1.99177 -0.0103551 -0.127854 -0.152832 -0.00083024 -0.00725503 -0.00179575 0.199528 0.425206 -0.452782 1.9991 1.0645 0.00141987 -0.0168338 -1.92944 -1.02506 0.796475 -0.196857 -0.000419672 8.18218e-05 -0.727009
526.643 0.145444 -0.424965 1.66978 -2.92635 0.500463 1.99343 0.118108 -0.433077 1.71177 -2.91424 0.509548 1.99306 -0.0273361 -0.00811218 0.0419843 0.0121099 0.00908538 -0.000378232 0.0507519 0.87581 0.133298 -0.554806 1.5182 -2.92601 0.49548 1.99151 -0.0121462 -0.129842 -0.151587 0.000337958 -0.00498297 -0.00192626 0.199962 0.310274 -0.45415 1.99775 1.06846 0.00229394 -0.017912 -1.92972 -1.02506 0.796475 -0.196857 -0.000419672 8.18218e-05 -0.727009
526.99 0.145289 -0.42224 1.67212 -2.9257 0.50065 1.99327 0.116571 -0.429098 1.71084 -2.93355 0.495416 1.98819 -0.0287187 -0.00685839 0.03872 -0.00785851 -0.00523399 -0.00507892 0.0486933 0.502021 0.131705 -0.554548 1.52206 -2.92456 0.497002 1.99111 -0.013584 -0.132308 -0.150062 0.0011347 -0.00364766 -0.0021602 0.200521 0.266879 -0.45504 1.99739 1.07142 0.00292683 -0.018318 -1.92991 -1.02506 0.796475 -0.196857 -0.000419672 8.18218e-05 -0.727009
527.47 0.144842 -0.420488 1.67461 -2.9253 0.500644 1.99309 0.116524 -0.424415 1.70997 -2.92534 0.529496 1.99916 -0.0283177 -0.00392612 0.0353615 -3.75157e-05 0.0288518 0.0060705 0.0454724 1.68957 0.130778 -0.553942 1.52523 -2.92352 0.498101 1.99058 -0.0140638 -0.133453 -0.149376 0.00178155 -0.00254295 -0.00250247 0.2008 0.25793 -0.45583 1.99762 1.0743 0.00338627 -0.0184516 -1.93008 -1.02506 0.796475 -0.196857 -0.000419672 8.18218e-05 -0.727009
528.089 0.142281 -0.420748 1.6807 -2.92578 0.499719 1.99252 0.11511 -0.421089 1.71165 -2.91272 0.514497 1.99357 -0.0271714 -0.000341016 0.0309468 0.0130618 0.0147784 0.00104669 0.0411838 1.11206 0.126312 -0.555412 1.53202 -2.92357 0.497454 1.99033 -0.0159698 -0.134664 -0.148681 0.00221416 -0.00226488 -0.00219592 0.201235 0.253338 -0.45736 2.0004 1.08075 0.00355226 -0.017434 -1.93036 -1.02506 0.796475 -0.196857 -0.000419672 8.18218e-05 -0.727009
528.483 0.140628 -0.422392 1.68349 -2.92643 0.499059 1.99225 0.111815 -0.417706 1.6948 -2.94372 0.547321 1.98417 -0.0288129 0.00468606 0.0113103 -0.0172922 0.0482613 -0.00808577 0.031306 2.89543 0.123296 -0.556519 1.53445 -2.92473 0.496752 1.99044 -0.0173315 -0.134127 -0.14904 0.00169628 -0.00230704 -0.00181034 0.201254 0.216705 -0.4579 2.00252 1.08337 0.00332402 -0.0166011 -1.93045 -1.02506 0.796475 -0.196857 -0.000419672 8.18218e-05 -0.727009
528.874 0.137765 -0.425333 1.6874 -2.92763 0.498325 1.99195 0.110579 -0.423061 1.7106 -2.93469 0.498713 1.98709 -0.0271853 0.00227169 0.0232018 -0.00706398 0.000388623 -0.0048566 0.0358124 0.36584 0.11946 -0.560199 1.53875 -2.92707 0.496275 1.99016 -0.0183044 -0.134867 -0.148648 0.000559805 -0.00205005 -0.00178914 0.201545 0.167859 -0.458524 2.00613 1.08661 0.00261473 -0.0154927 -1.93055 -1.02506 0.796475 -0.196857 -0.000419672 8.18218e-05 -0.727009
529.327 0.135343 -0.428227 1.6904 -2.92865 0.49777 1.99173 0.110095 -0.430665 1.73836 -2.93574 0.505214 1.97868 -0.0252477 -0.00243738 0.0479614 -0.00709137 0.00744436 -0.0130543 0.0542557 0.783846 0.116983 -0.56369 1.54205 -2.92893 0.496124 1.98956 -0.0183597 -0.135463 -0.148356 -0.00027575 -0.00164559 -0.0021675 0.201735 0.150658 -0.45891 2.00938 1.08878 0.00196791 -0.0146249 -1.93061 -1.02506 0.796475 -0.196857 -0.000419672 8.18218e-05 -0.727009
529.631 0.13302 -0.431717 1.69329 -2.92959 0.497128 1.99151 0.107051 -0.433666 1.73822 -2.93765 0.504676 1.97743 -0.0259691 -0.00194889 0.0449268 -0.00805709 0.00754857 -0.0140803 0.0519289 0.832748 0.115619 -0.566219 1.54431 -2.9301 0.496127 1.98869 -0.0174011 -0.134502 -0.148984 -0.000509783 -0.00100049 -0.00281721 0.201469 0.160713 -0.459217 2.01304 1.09066 0.00143019 -0.0136996 -1.93066 -1.02506 0.796475 -0.196857 -0.000419672 8.18218e-05 -0.727009
530.127 0.130889 -0.436034 1.69598 -2.93044 0.496261 1.99125 0.104008 -0.436668 1.73808 -2.93955 0.504133 1.97618 -0.0268808 -0.000633795 0.0421055 -0.00910436 0.00787247 -0.015069 0.0499585 0.888234 0.114879 -0.569082 1.54607 -2.9306 0.495759 1.98766 -0.0160097 -0.133049 -0.149908 -0.000163368 -0.000501539 -0.00358785 0.201074 0.203672 -0.459439 2.01707 1.09218 0.00107315 -0.0126034 -1.93069 -1.02506 0.796475 -0.196857 -0.000419672 8.18218e-05 -0.727009
530.57 0.128141 -0.44257 1.69928 -2.93146 0.495061 1.9909 0.100859 -0.439818 1.73551 -2.95442 0.521141 1.97999 -0.027282 0.00275149 0.0362326 -0.0229554 0.0260804 -0.0109119 0.0454387 1.88513 0.113154 -0.575155 1.54902 -2.93068 0.494891 1.98654 -0.0149866 -0.132585 -0.150254 0.000781667 -0.000169416 -0.00436429 0.200947 0.274112 -0.459607 2.02296 1.09361 0.000715406 -0.011142 -1.93073 -1.02506 0.796475 -0.196857 -0.000419672 8.18218e-05 -0.727009
530.954 0.126496 -0.447451 1.70163 -2.93177 0.494325 1.99069 0.098624 -0.442854 1.72367 -2.91907 0.511904 2.00544 -0.0278724 0.00459657 0.0220415 0.0127041 0.017579 0.0147492 0.0358305 1.29028 0.114095 -0.579384 1.55095 -2.9295 0.494282 1.98559 -0.0124014 -0.131933 -0.150677 0.00227894 -4.27891e-05 -0.00509544 0.200658 0.372203 -0.459645 2.0277 1.09422 0.000795759 -0.0103568 -1.93077 -1.02506 0.796475 -0.196857 -0.000419672 8.18218e-05 -0.727009
531.391 0.125093 -0.452516 1.70383 -2.93181 0.493654 1.99048 0.0978884 -0.45005 1.73694 -2.93814 0.533106 1.98274 -0.0272045 0.00246637 0.0331118 -0.00632819 0.0394523 -0.00773715 0.042925 2.2978 0.114854 -0.582834 1.55218 -2.9278 0.493292 1.9854 -0.0102386 -0.130318 -0.151653 0.0040043 -0.000361537 -0.00508268 0.200216 0.448498 -0.459621 2.03269 1.09441 0.00110306 -0.00973366 -1.93081 -1.02506 0.796475 -0.196857 -0.000419672 8.18218e-05 -0.727009
531.832 0.123569 -0.46004 1.70626 -2.93159 0.492594 1.99016 0.0963644 -0.45893 1.75066 -2.94164 0.500002 1.99123 -0.0272043 0.00111016 0.0443977 -0.0100497 0.0074077 0.001073 0.0520813 0.741249 0.116638 -0.58792 1.55314 -2.92536 0.491813 1.98572 -0.00693113 -0.127881 -0.153124 0.0062278 -0.00078146 -0.00443603 0.199621 0.528601 -0.459526 2.03969 1.09395 0.00184549 -0.00884465 -1.93087 -1.02506 0.796475 -0.196857 -0.000419672 8.18218e-05 -0.727009
533.003 0.116139 -0.483673 1.70907 -2.93358 0.489901 1.98913 0.0902379 -0.480263 1.75039 -2.94841 0.493616 1.98718 -0.0259011 0.00341022 0.0413161 -0.01483 0.00371499 -0.00194666 0.0488827 0.830866 0.1124 -0.603391 1.55102 -2.92472 0.490353 1.98757 -0.00373865 -0.119719 -0.158052 0.00886526 0.000452025 -0.001559 0.19831 0.556023 -0.45931 2.05864 1.08871 0.0014455 -0.00566287 -1.9312 -1.02506 0.796475 -0.196857 -0.000419672 8.18218e-05 -0.727009
534.11 0.106769 -0.506742 1.70975 -2.93677 0.488193 1.98808 0.079545 -0.505648 1.75091 -2.93838 0.502622 1.98588 -0.0272242 0.00109494 0.0411565 -0.00160894 0.0144288 -0.00220613 0.049358 0.834625 0.0976561 -0.620337 1.54808 -2.93112 0.492414 1.98825 -0.00911309 -0.113594 -0.161672 0.00564628 0.00422097 0.000172911 0.197799 0.400563 -0.459239 2.07658 1.08129 -0.000400073 -0.00296609 -1.93175 -1.02506 0.796475 -0.196857 -0.000419672 8.18218e-05 -0.727009
534.573 0.104183 -0.515156 1.71095 -2.93671 0.487796 1.98776 0.0778792 -0.519156 1.7657 -2.92287 0.483868 1.99913 -0.026304 -0.00400069 0.0547482 0.0138376 -0.0039277 0.0113674 0.0608709 0.788327 0.0937119 -0.627065 1.54829 -2.93237 0.49281 1.98785 -0.0104713 -0.11191 -0.162663 0.00433399 0.00501461 8.96312e-05 0.197718 0.378459 -0.45919 2.08454 1.0786 -3.80082e-05 -0.00262497 -1.93195 -1.02506 0.796475 -0.196857 -0.000419672 8.18218e-05 -0.727009
535.056 0.102645 -0.520901 1.71246 -2.93633 0.487516 1.98758 0.0749769 -0.521055 1.7513 -2.94389 0.497546 1.98275 -0.0276685 -0.000153853 0.0388407 -0.00755911 0.0100305 -0.00483148 0.0476883 0.693798 0.0920866 -0.630241 1.54831 -2.93272 0.492693 1.98746 -0.0105588 -0.10934 -0.164145 0.00360826 0.00517693 -0.000114927 0.197511 0.363695 -0.459161 2.09047 1.07723 0.000503394 -0.00250439 -1.93205 -1.02506 0.796475 -0.196857 -0.000419672 8.18218e-05 -0.727009
535.866 0.0974736 -0.534205 1.71769 -2.937 0.486541 1.9872 0.0717043 -0.537597 1.76549 -2.92878 0.478786 1.99562 -0.0257693 -0.00339151 0.0477908 0.0082208 -0.0077551 0.00842632 0.0544015 0.664408 0.0900275 -0.634836 1.54848 -2.93406 0.49197 1.98623 -0.00744615 -0.100631 -0.169217 0.00294468 0.00542878 -0.000970863 0.197019 0.370094 -0.459217 2.10418 1.07669 0.000394966 -0.00135887 -1.93218 -1.02506 0.796475 -0.196857 -0.000419672 8.18218e-05 -0.727009
536.328 0.094256 -0.540668 1.7204 -2.93828 0.485742 1.98696 0.0673104 -0.538648 1.75127 -2.93021 0.508851 1.98342 -0.0269456 0.00202 0.0308734 0.00806833 0.023109 -0.00353343 0.0410282 1.44807 0.0893774 -0.635901 1.54807 -2.93504 0.491622 1.98604 -0.0048786 -0.0952338 -0.17233 0.0032399 0.00588014 -0.000917459 0.196954 0.399585 -0.459306 2.10995 1.07743 -0.000389603 -0.000184469 -1.93222 -1.02506 0.796475 -0.196857 -0.000419672 8.18218e-05 -0.727009
536.716 0.090832 -0.547427 1.72299 -2.9399 0.484709 1.98667 0.064532 -0.553579 1.7797 -2.95003 0.498264 1.97015 -0.0263 -0.00615193 0.0567136 -0.0101244 0.013555 -0.0165199 0.0628169 1.14774 0.0871 -0.638267 1.54813 -2.93637 0.491809 1.98604 -0.003732 -0.0908395 -0.174857 0.00352803 0.00710023 -0.000627098 0.197081 0.463094 -0.459421 2.1156 1.07842 -0.00139858 0.00134027 -1.93227 -1.02506 0.796475 -0.196857 -0.000419672 8.18218e-05 -0.727009
537.147 0.0865915 -0.555576 1.72653 -2.94175 0.483567 1.98635 0.0593458 -0.555275 1.76528 -2.91682 0.49103 1.99524 -0.0272456 0.000300696 0.0387506 0.0249322 0.00746367 0.00889485 0.0473711 1.34232 0.0845378 -0.639721 1.54785 -2.93786 0.493231 1.98612 -0.00205371 -0.0841448 -0.17868 0.00388736 0.00966422 -0.000224957 0.197512 0.599378 -0.459592 2.12285 1.07982 -0.00256807 0.00304867 -1.93232 -1.02506 0.796475 -0.196857 -0.000419672 8.18218e-05 -0.727009
537.583 0.0839061 -0.560603 1.72935 -2.94263 0.483047 1.98619 0.0562605 -0.561415 1.76519 -2.91914 0.489503 1.99378 -0.0276456 -0.000812162 0.0358442 0.0234857 0.00645515 0.00758443 0.0452741 1.26083 0.0831603 -0.641595 1.54888 -2.93809 0.494594 1.98635 -0.000745779 -0.0809925 -0.180464 0.00453527 0.0115466 0.000154392 0.197807 0.709416 -0.459717 2.12799 1.08088 -0.00312589 0.00383499 -1.93236 -1.02506 0.796475 -0.196857 -0.000419672 8.18218e-05 -0.727009
537.997 0.0815443 -0.564999 1.73211 -2.94324 0.482697 1.98608 0.0531937 -0.566584 1.76447 -2.93606 0.504274 1.99638 -0.0283506 -0.00158466 0.0323593 0.00717789 0.0215762 0.0103063 0.043051 1.34756 0.0810308 -0.643829 1.55042 -2.93778 0.496567 1.9868 -0.000513483 -0.0788295 -0.181687 0.00545535 0.0138699 0.000723122 0.198052 0.847653 -0.459829 2.13286 1.08186 -0.00351508 0.00437255 -1.93239 -1.02506 0.796475 -0.196857 -0.000419672 8.18218e-05 -0.727009
538.36 0.0792498 -0.569244 1.73459 -2.9439 0.482351 1.98595 0.050111 -0.569651 1.76442 -2.9378 0.503739 1.99516 -0.0291387 -0.000407084 0.0298362 0.00609983 0.0213887 0.00921293 0.0417065 1.31462 0.0807531 -0.645403 1.5514 -2.93787 0.497587 1.98713 0.00150335 -0.0761591 -0.183188 0.00602851 0.0152363 0.00118322 0.198395 0.92957 -0.459922 2.13742 1.08269 -0.00394615 0.00492628 -1.93244 -1.02506 0.796475 -0.196857 -0.000419672 8.18218e-05 -0.727009
538.796 0.0759174 -0.574692 1.7375 -2.94514 0.48197 1.98578 0.048584 -0.583147 1.7942 -2.9425 0.477351 1.97838 -0.0273333 -0.00845513 0.0566972 0.00263814 -0.00461924 -0.00739962 0.0635073 0.576073 0.0800436 -0.648301 1.5529 -2.93861 0.498161 1.98757 0.00412622 -0.0736086 -0.184603 0.00652512 0.0161909 0.00179627 0.19878 0.987149 -0.460003 2.14298 1.08364 -0.00488787 0.00571651 -1.93251 -1.02506 0.796475 -0.196857 -0.000419672 8.18218e-05 -0.727009
539.186 0.0734235 -0.57852 1.73948 -2.94621 0.481697 1.98563 0.0458792 -0.582504 1.78019 -2.94395 0.506923 1.96599 -0.0275443 -0.00398439 0.0407067 0.00226437 0.0252252 -0.0196333 0.0493113 1.87346 0.077489 -0.651087 1.55431 -2.93974 0.497403 1.98759 0.00406548 -0.0725674 -0.185173 0.00647582 0.0157058 0.00196367 0.198926 0.959404 -0.46001 2.14673 1.08436 -0.00572003 0.00634924 -1.9326 -1.02506 0.796475 -0.196857 -0.000419672 8.18218e-05 -0.727009
539.878 0.0689331 -0.585177 1.74465 -2.94819 0.481133 1.98519 0.0396618 -0.589012 1.7787 -2.9604 0.521932 1.96776 -0.0292713 -0.00383432 0.0340441 -0.0122101 0.040799 -0.0174332 0.0450612 2.50593 0.0728694 -0.654576 1.55773 -2.94291 0.494815 1.98697 0.00393629 -0.069399 -0.186927 0.00528178 0.0136818 0.00177317 0.199433 0.828979 -0.459742 2.1539 1.08732 -0.00715768 0.00757092 -1.93288 -1.02506 0.796475 -0.196857 -0.000419672 8.18218e-05 -0.727009
540.221 0.0679806 -0.586603 1.7474 -2.94849 0.480981 1.985 0.0377831 -0.585013 1.76427 -2.9452 0.500549 1.99004 -0.0301976 0.00158985 0.0168739 0.00328725 0.0195682 0.00504386 0.0346287 1.1508 0.0706561 -0.655656 1.56028 -2.94412 0.493826 1.98667 0.00267546 -0.069053 -0.187125 0.00436865 0.0128457 0.00167226 0.199478 0.768722 -0.459472 2.15624 1.08937 -0.00728634 0.00781511 -1.93302 -1.02506 0.796475 -0.196857 -0.000419672 8.18218e-05 -0.727009
540.641 0.0678447 -0.586933 1.7505 -2.94824 0.480944 1.98482 0.0370951 -0.600343 1.80827 -2.92913 0.459655 1.99013 -0.0307496 -0.0134102 0.0577724 0.0191044 -0.0212895 0.00530137 0.0668059 1.57371 0.0686796 -0.657067 1.56398 -2.94483 0.493144 1.98676 0.000834876 -0.0701333 -0.186518 0.00340608 0.0121997 0.00193356 0.199269 0.720365 -0.459105 2.15812 1.09184 -0.00695085 0.00775723 -1.93316 -1.02506 0.796475 -0.196857 -0.000419672 8.18218e-05 -0.727009
541.059 0.0690218 -0.585693 1.75503 -2.94695 0.481117 1.98464 0.0376395 -0.594663 1.79347 -2.96372 0.491339 1.9781 -0.0313823 -0.00896972 0.0384373 -0.016767 0.0102222 -0.00653985 0.0504255 1.03439 0.067318 -0.65677 1.569 -2.94446 0.4924 1.98706 -0.00170383 -0.0710762 -0.186035 0.00249392 0.0112834 0.0024165 0.199157 0.662638 -0.458487 2.15994 1.09552 -0.00572053 0.00713929 -1.93334 -1.02506 0.796475 -0.196857 -0.000419672 8.18218e-05 -0.727009
541.406 0.0703364 -0.583686 1.75846 -2.94568 0.481545 1.98459 0.0390567 -0.602439 1.82424 -2.96496 0.465661 1.96353 -0.0312797 -0.018753 0.0657769 -0.0192851 -0.0158842 -0.0210643 0.075211 1.5131 0.0667223 -0.654721 1.5724 -2.94362 0.491723 1.98744 -0.0036141 -0.0710345 -0.186063 0.00205683 0.0101778 0.00284387 0.199195 0.601984 -0.45796 2.16083 1.0983 -0.00464786 0.00628596 -1.93346 -1.02506 0.796475 -0.196857 -0.000419672 8.18218e-05 -0.727009
541.825 0.0716079 -0.581181 1.7617 -2.94448 0.482181 1.9846 0.0402887 -0.593191 1.80812 -2.94264 0.477975 1.99532 -0.0313193 -0.0120099 0.0464217 0.00183682 -0.00420626 0.0107172 0.0572722 0.621811 0.0676526 -0.651635 1.57524 -2.94276 0.490984 1.98776 -0.00395533 -0.0704538 -0.186459 0.00171776 0.00880305 0.00315597 0.199365 0.529341 -0.457407 2.16137 1.10089 -0.00376401 0.00528333 -1.93357 -1.02506 0.796475 -0.196857 -0.000419672 8.18218e-05 -0.727009
542.317 0.0725978 -0.578952 1.76437 -2.94367 0.482747 1.98462 0.0422475 -0.594319 1.82372 -2.95784 0.501165 1.97309 -0.0303504 -0.0153671 0.0593459 -0.0141707 0.0184186 -0.0115282 0.0684049 1.30476 0.0697192 -0.648212 1.57721 -2.942 0.490471 1.98818 -0.00287865 -0.0692599 -0.187163 0.00167352 0.00772451 0.00356685 0.199588 0.478063 -0.456844 2.16159 1.10314 -0.00321049 0.00447652 -1.93367 -1.02506 0.796475 -0.196857 -0.000419672 8.18218e-05 -0.727009
542.798 0.0733662 -0.576988 1.7668 -2.94335 0.483183 1.98457 0.0422474 -0.591134 1.82372 -2.95732 0.502195 1.97335 -0.0311188 -0.0141463 0.0569184 -0.0139732 0.0190118 -0.0112158 0.0663942 1.32441 0.0723085 -0.646257 1.57963 -2.94157 0.488849 1.98852 -0.00105767 -0.0692691 -0.187169 0.00177929 0.00566621 0.00394643 0.199579 0.381549 -0.456093 2.16146 1.10548 -0.00303993 0.00396239 -1.93379 -1.02506 0.796475 -0.196857 -0.000419672 8.18218e-05 -0.727009
543.504 0.0738838 -0.575245 1.76827 -2.94382 0.483569 1.98448 0.0423214 -0.578278 1.79364 -2.93928 0.512249 1.98535 -0.0315623 -0.00303315 0.0253659 0.0045384 0.0286794 0.000866251 0.0406055 1.6606 0.0756948 -0.64375 1.58067 -2.94193 0.487059 1.98807 0.00181105 -0.0685045 -0.187605 0.0018931 0.0034898 0.0035913 0.199729 0.271242 -0.454953 2.16044 1.10731 -0.00357451 0.00377675 -1.93394 -1.02506 0.796475 -0.196857 -0.000419672 8.18218e-05 -0.727009
543.868 0.0746581 -0.575034 1.76771 -2.94421 0.483374 1.98434 0.0438979 -0.576822 1.79399 -2.93991 0.511734 1.98559 -0.0307602 -0.00178831 0.0262738 0.00430424 0.0283601 0.00125074 0.0404932 1.63996 0.0769997 -0.643685 1.58021 -2.94279 0.485478 1.98692 0.00234166 -0.0686509 -0.187507 0.0014236 0.00210385 0.00258102 0.199693 0.179137 -0.454154 2.1592 1.10739 -0.0037984 0.00409418 -1.93403 -1.02506 0.796475 -0.196857 -0.000419672 8.18218e-05 -0.727009
544.312 0.0757715 -0.575164 1.76658 -2.94428 0.482998 1.98418 0.0454313 -0.587583 1.82508 -2.9418 0.485817 1.97018 -0.0303402 -0.0124195 0.0584977 0.00247764 0.00281929 -0.0140017 0.0670578 0.89219 0.0792696 -0.643216 1.57875 -2.94344 0.484459 1.98622 0.00349805 -0.068052 -0.18783 0.000843658 0.00146134 0.00204259 0.199809 0.13417 -0.453527 2.15798 1.10689 -0.00365446 0.0044631 -1.9341 -1.02506 0.796475 -0.196857 -0.000419672 8.18218e-05 -0.727009
546.427 0.086653 -0.568211 1.75679 -2.9408 0.483076 1.98404 0.0549934 -0.586582 1.82447 -2.95687 0.468437 1.96902 -0.0316596 -0.0183711 0.067688 -0.0160659 -0.0146388 -0.0150227 0.0769512 1.25148 0.0790105 -0.654193 1.57917 -2.9454 0.480167 1.98378 -0.0076425 -0.0859819 -0.177621 -0.00459201 -0.00290892 -0.000255079 0.197486 0.306467 -0.450374 2.14689 1.10007 -0.00036068 0.00315427 -1.93422 -1.02506 0.796475 -0.196857 -0.000419672 8.18218e-05 -0.727009
546.869 0.0894157 -0.562974 1.75518 -2.93946 0.48429 1.98437 0.0581778 -0.582201 1.82321 -2.97079 0.486651 1.97398 -0.0312379 -0.019227 0.0680347 -0.0313343 0.00236139 -0.0103904 0.077293 1.61204 0.0773516 -0.654147 1.58053 -2.94657 0.480034 1.98354 -0.0120641 -0.091173 -0.174652 -0.00711313 -0.00425564 -0.000829445 0.197387 0.457996 -0.44983 2.14312 1.09899 0.000309034 0.00156396 -1.93417 -1.02506 0.796475 -0.196857 -0.000419672 8.18218e-05 -0.727009
547.33 0.0913532 -0.558931 1.75418 -2.93859 0.485115 1.98463 0.0583052 -0.564218 1.7789 -2.94885 0.527557 1.97594 -0.0330481 -0.00528662 0.0247164 -0.010262 0.0424421 -0.00869041 0.0416056 2.49466 0.0770515 -0.653041 1.58122 -2.94725 0.480031 1.98353 -0.0143017 -0.0941098 -0.172961 -0.00866629 -0.0050843 -0.00110177 0.197425 0.553201 -0.449512 2.14017 1.09861 0.00070524 0.000498522 -1.93411 -1.02506 0.796475 -0.196857 -0.000419672 8.18218e-05 -0.727009
547.771 0.0933584 -0.555106 1.75327 -2.93776 0.485679 1.98485 0.0614339 -0.560837 1.78051 -2.93416 0.511833 1.97268 -0.0319245 -0.00573087 0.0272426 0.00359259 0.0261539 -0.012173 0.0423577 1.7064 0.0789793 -0.651506 1.58164 -2.94732 0.480171 1.98404 -0.0143791 -0.0964002 -0.171634 -0.00956018 -0.00550831 -0.000808839 0.197378 0.614849 -0.449269 2.13715 1.09858 0.00117427 -0.000312651 -1.93404 -1.02506 0.796475 -0.196857 -0.000419672 8.18218e-05 -0.727009
548.269 0.0958761 -0.550424 1.75222 -2.93689 0.486059 1.98507 0.0645595 -0.570713 1.82469 -2.95085 0.472075 1.97287 -0.0313165 -0.020289 0.072463 -0.0139621 -0.0139844 -0.0122072 0.0815061 1.12047 0.0813543 -0.649772 1.5823 -2.94638 0.480446 1.9849 -0.0145217 -0.0993487 -0.16992 -0.00948732 -0.00561332 -0.000173548 0.197367 0.62745 -0.449073 2.13307 1.09911 0.00174051 -0.000969529 -1.93392 -1.02506 0.796475 -0.196857 -0.000419672 8.18218e-05 -0.727009
548.638 0.0975721 -0.546478 1.75183 -2.93627 0.486469 1.98528 0.0658403 -0.557176 1.79382 -2.94683 0.499379 1.98963 -0.0317317 -0.0106984 0.0419867 -0.0105601 0.0129101 0.0043505 0.0537051 1.05758 0.0839865 -0.64865 1.58355 -2.94523 0.480876 1.98544 -0.0135856 -0.102172 -0.16828 -0.00896208 -0.00559336 0.000161959 0.197337 0.609093 -0.449029 2.13001 1.0999 0.00207925 -0.00156727 -1.93383 -1.02506 0.796475 -0.196857 -0.000419672 8.18218e-05 -0.727009
549.131 0.0991469 -0.542158 1.75178 -2.93561 0.486995 1.98552 0.0676587 -0.548448 1.78068 -2.92946 0.51504 1.97576 -0.0314883 -0.00628974 0.0288982 0.00614741 0.0280457 -0.00976419 0.0431993 1.79122 0.0864085 -0.646656 1.58487 -2.94368 0.481462 1.98599 -0.0127385 -0.104497 -0.166917 -0.00806515 -0.00553228 0.000470047 0.19734 0.571298 -0.449079 2.12697 1.10102 0.00238549 -0.00228403 -1.93372 -1.02506 0.796475 -0.196857 -0.000419672 8.18218e-05 -0.727009
549.592 0.100697 -0.535935 1.75213 -2.93496 0.487945 1.98593 0.0709391 -0.558015 1.82486 -2.94639 0.475174 1.97565 -0.029758 -0.0220806 0.0727257 -0.011434 -0.0127709 -0.0102779 0.0816218 0.976787 0.0881668 -0.643388 1.58694 -2.94202 0.48217 1.98669 -0.0125304 -0.107454 -0.165197 -0.00706619 -0.00577447 0.000754721 0.197467 0.540317 -0.449288 2.123 1.10286 0.00246036 -0.0033844 -1.93356 -1.02506 0.796475 -0.196857 -0.000419672 8.18218e-05 -0.727009
550.014 0.101553 -0.531389 1.75241 -2.93461 0.488672 1.98625 0.0705383 -0.542572 1.79476 -2.92718 0.487149 1.98809 -0.0310143 -0.011183 0.0423506 0.00743154 -0.00152262 0.00183842 0.0536705 0.397621 0.0893873 -0.640626 1.58827 -2.94105 0.482594 1.98721 -0.0121653 -0.109237 -0.164146 -0.00643849 -0.00607747 0.00095394 0.197547 0.528601 -0.449541 2.12012 1.10425 0.00236567 -0.00417332 -1.93344 -1.02506 0.796475 -0.196857 -0.000419672 8.18218e-05 -0.727009
550.409 0.102522 -0.527034 1.75257 -2.93411 0.48934 1.98657 0.0707718 -0.532927 1.78079 -2.9253 0.519821 1.97824 -0.0317503 -0.0058925 0.0282192 0.00881401 0.0304803 -0.00832662 0.042885 1.94038 0.0904464 -0.63736 1.58911 -2.93994 0.482978 1.98783 -0.0120758 -0.110326 -0.163464 -0.00582452 -0.00636221 0.00126076 0.19758 0.521896 -0.449861 2.11735 1.10546 0.00244443 -0.00497491 -1.9333 -1.02506 0.796475 -0.196857 -0.000419672 8.18218e-05 -0.727009
551.654 0.106627 -0.514772 1.75131 -2.9314 0.490906 1.98753 0.0768155 -0.523825 1.79498 -2.92124 0.492324 1.99164 -0.0298117 -0.00905332 0.0436726 0.0101533 0.00141799 0.00411259 0.053647 0.520394 0.0986558 -0.631612 1.59167 -2.93472 0.485245 1.98928 -0.00797134 -0.11684 -0.15964 -0.00332203 -0.0056605 0.0017561 0.19799 0.41212 -0.451387 2.10928 1.10722 0.00395129 -0.00736748 -1.93281 -1.02506 0.796475 -0.196857 -0.000419672 8.18218e-05 -0.727009
552.124 0.1076 -0.512461 1.75028 -2.93071 0.491022 1.98773 0.076978 -0.516379 1.78007 -2.9384 0.508886 1.97736 -0.0306219 -0.00391782 0.0297861 -0.00769461 0.0178643 -0.0103681 0.0428983 1.15927 0.100941 -0.630275 1.59122 -2.93333 0.48554 1.98965 -0.00665894 -0.117814 -0.159065 -0.00262229 -0.0054821 0.00192116 0.198056 0.38563 -0.452004 2.10731 1.10704 0.00444937 -0.00771877 -1.93266 -1.02506 0.796475 -0.196857 -0.000419672 8.18218e-05 -0.727009
552.572 0.10894 -0.510534 1.74875 -2.92978 0.490647 1.98785 0.0783833 -0.51757 1.79504 -2.91856 0.493809 1.9932 -0.0305562 -0.00703653 0.0462915 0.0112237 0.00316209 0.00535003 0.0559116 0.59479 0.103831 -0.630979 1.59123 -2.93159 0.485444 1.98985 -0.00510881 -0.120445 -0.157523 -0.00181169 -0.00520307 0.00200254 0.198359 0.351659 -0.452968 2.10508 1.10679 0.00538709 -0.00770822 -1.93248 -1.02506 0.796475 -0.196857 -0.000419672 8.18218e-05 -0.727009
553.389 0.108976 -0.508772 1.74706 -2.92946 0.489997 1.98789 0.0800515 -0.512039 1.77848 -2.95101 0.526656 1.98303 -0.0289246 -0.00326698 0.0314221 -0.0215483 0.0366586 -0.0048564 0.0428329 2.38294 0.10723 -0.629283 1.58954 -2.92988 0.485649 1.98957 -0.00174632 -0.120511 -0.15752 -0.000419272 -0.00434814 0.0016815 0.198339 0.272681 -0.454818 2.1026 1.10694 0.00589283 -0.00722725 -1.93232 -1.02506 0.796475 -0.196857 -0.000419672 8.18218e-05 -0.727009
554.171 0.105672 -0.509919 1.74561 -2.9314 0.488296 1.98759 0.0769781 -0.513271 1.78007 -2.93781 0.509949 1.97767 -0.0286934 -0.0033526 0.0344619 -0.00640851 0.0216537 -0.00991736 0.0449686 1.34057 0.107274 -0.626385 1.58565 -2.92988 0.485491 1.98821 0.00160231 -0.116466 -0.159964 0.00152695 -0.00280497 0.00062424 0.197877 0.179137 -0.45767 2.1009 1.10822 0.00482356 -0.00497901 -1.93221 -1.02506 0.796475 -0.196857 -0.000419672 8.18218e-05 -0.727009
555.052 0.101637 -0.510501 1.74492 -2.93317 0.487333 1.98741 0.0736767 -0.517527 1.79489 -2.92121 0.49494 1.99134 -0.0279607 -0.00702628 0.0499724 0.0119533 0.00760725 0.00392302 0.0576924 0.751214 0.103391 -0.626305 1.58454 -2.93029 0.485484 1.98692 0.00175356 -0.115805 -0.160381 0.00287539 -0.00184934 -0.000489414 0.197828 0.209357 -0.46067 2.10014 1.10937 0.00360098 -0.00346819 -1.93216 -1.02506 0.796475 -0.196857 -0.000419672 8.18218e-05 -0.727009
555.508 0.0991441 -0.510367 1.74423 -2.93376 0.487052 1.98737 0.0721244 -0.518257 1.79474 -2.94293 0.47789 1.98591 -0.0270197 -0.00788982 0.050517 -0.00917467 -0.00916228 -0.00145996 0.0578298 0.719821 0.100784 -0.626167 1.58383 -2.9304 0.485501 1.98594 0.00164 -0.1158 -0.160399 0.00336326 -0.00155113 -0.00143618 0.197839 0.25793 -0.46291 2.09984 1.10947 0.00316211 -0.00299622 -1.93213 -1.02506 0.796475 -0.196857 -0.000419672 8.18218e-05 -0.727009
555.922 0.0972164 -0.510208 1.74336 -2.93404 0.486982 1.98738 0.0689871 -0.518234 1.79466 -2.9441 0.478395 1.98504 -0.0282293 -0.00802591 0.0513021 -0.0100631 -0.00858722 -0.00233213 0.0591034 0.72145 0.0990582 -0.62556 1.58271 -2.93053 0.48541 1.98545 0.00184181 -0.115352 -0.160657 0.00351115 -0.00157219 -0.00192487 0.197788 0.285305 -0.464701 2.0997 1.10901 0.00292698 -0.0028349 -1.93212 -1.02506 0.796475 -0.196857 -0.000419672 8.18218e-05 -0.727009
556.305 0.0951455 -0.510074 1.74224 -2.93431 0.487028 1.9874 0.0673985 -0.518077 1.79412 -2.94385 0.479287 1.98487 -0.027747 -0.00800317 0.0518755 -0.0095381 -0.00774078 -0.0025301 0.0593718 0.665585 0.0982373 -0.625424 1.58158 -2.93041 0.485318 1.98501 0.00309175 -0.11535 -0.160662 0.00390369 -0.00171011 -0.00238603 0.197806 0.327456 -0.46658 2.09961 1.10816 0.00264737 -0.00278075 -1.93211 -1.02506 0.796475 -0.196857 -0.000419672 8.18218e-05 -0.727009
556.703 0.0925322 -0.50934 1.74058 -2.93428 0.487461 1.98751 0.0642627 -0.518056 1.79404 -2.94502 0.479788 1.98399 -0.0282695 -0.00871659 0.0534598 -0.0107465 -0.00767244 -0.00351544 0.061099 0.705544 0.0964102 -0.626774 1.58112 -2.92954 0.485298 1.98496 0.00387793 -0.117434 -0.159459 0.00473256 -0.00216285 -0.00255015 0.198073 0.383595 -0.469207 2.09957 1.10647 0.00247211 -0.00320391 -1.9321 -1.02506 0.796475 -0.196857 -0.000419672 8.18218e-05 -0.727009
557.05 0.0906411 -0.508138 1.73916 -2.93384 0.4882 1.98768 0.0627138 -0.518193 1.79452 -2.94645 0.479395 1.9833 -0.0279273 -0.0100553 0.0553661 -0.012607 -0.00880483 -0.00438711 0.0628208 0.819005 0.0951289 -0.627476 1.58084 -2.92861 0.485757 1.98514 0.00448781 -0.119338 -0.15832 0.00522614 -0.00244267 -0.00254055 0.19831 0.414015 -0.471257 2.09961 1.10468 0.00253248 -0.00402667 -1.9321 -1.02506 0.796475 -0.196857 -0.000419672 8.18218e-05 -0.727009
557.428 0.0884691 -0.507068 1.73746 -2.93352 0.489063 1.98788 0.0593456 -0.509034 1.76533 -2.90774 0.506621 1.99968 -0.0291236 -0.00196666 0.0278647 0.0257733 0.0175578 0.0118054 0.0403546 1.64187 0.09436 -0.628071 1.58014 -2.92757 0.486291 1.98555 0.00589084 -0.121004 -0.15732 0.00594665 -0.00277228 -0.00232491 0.19856 0.44937 -0.473364 2.09974 1.10249 0.0024347 -0.00492551 -1.93211 -1.02506 0.796475 -0.196857 -0.000419672 8.18218e-05 -0.727009
557.748 0.0847126 -0.506019 1.73494 -2.93362 0.490402 1.98817 0.0583124 -0.513146 1.77964 -2.94519 0.512945 1.97201 -0.0264002 -0.00712659 0.0446971 -0.0115649 0.0225431 -0.0161568 0.0523983 1.54078 0.0940893 -0.631236 1.58012 -2.92715 0.487564 1.98615 0.00937673 -0.125217 -0.154821 0.00647223 -0.00283816 -0.00202442 0.19934 0.466462 -0.476235 2.1001 1.09911 0.00172025 -0.0061114 -1.93213 -1.02506 0.796475 -0.196857 -0.000419672 8.18218e-05 -0.727009
558.172 0.0809552 -0.505423 1.73305 -2.93432 0.491643 1.98844 0.0552029 -0.513129 1.77958 -2.94642 0.513433 1.97106 -0.0257524 -0.00770602 0.0465295 -0.0121026 0.0217906 -0.0173786 0.053736 1.53824 0.0932522 -0.633514 1.57996 -2.92761 0.488854 1.98668 0.0122969 -0.128091 -0.153092 0.00670713 -0.00278837 -0.00176232 0.199989 0.468972 -0.478396 2.10054 1.09647 0.00049497 -0.00699545 -1.93214 -1.02506 0.796475 -0.196857 -0.000419672 8.18218e-05 -0.727009
558.598 0.0766365 -0.504952 1.73135 -2.93544 0.49302 1.98875 0.0501107 -0.508024 1.76448 -2.92608 0.524744 2.00124 -0.0265258 -0.00307138 0.0331304 0.00935933 0.0317243 0.0124885 0.042552 1.93128 0.0923704 -0.635397 1.5797 -2.92863 0.490482 1.9872 0.0157339 -0.130445 -0.151655 0.00680992 -0.00253818 -0.00155029 0.200656 0.462248 -0.480508 2.10114 1.09393 -0.00119778 -0.00786116 -1.93215 -1.02506 0.796475 -0.196857 -0.000419672 8.18218e-05 -0.727009
559.031 0.0720096 -0.504431 1.72998 -2.93677 0.494547 1.9891 0.0458761 -0.513089 1.77944 -2.95015 0.51488 1.96821 -0.0261335 -0.00865713 0.0494602 -0.0133831 0.0203329 -0.0208958 0.0566058 1.57818 0.0917687 -0.637492 1.57996 -2.92989 0.492248 1.98755 0.0197591 -0.13306 -0.150018 0.00687264 -0.00229867 -0.00154941 0.201497 0.462248 -0.482506 2.10191 1.09164 -0.00313871 -0.00877529 -1.93214 -1.02506 0.796475 -0.196857 -0.000419672 8.18218e-05 -0.727009
559.528 0.066321 -0.504114 1.72873 -2.93846 0.49633 1.98953 0.040864 -0.507988 1.76436 -2.92983 0.526299 1.99832 -0.025457 -0.00387377 0.0356241 0.00863102 0.0299695 0.00878916 0.0439561 1.78969 0.0911789 -0.640265 1.58067 -2.93148 0.494214 1.98787 0.0248578 -0.13615 -0.148064 0.00697966 -0.0021158 -0.00166566 0.202676 0.468972 -0.484861 2.10321 1.0892 -0.00557017 -0.00980117 -1.93211 -1.02506 0.796475 -0.196857 -0.000419672 8.18218e-05 -0.727009
559.975 0.0626189 -0.504303 1.7283 -2.9396 0.497347 1.98979 0.0347008 -0.507971 1.7643 -2.93234 0.52732 1.99637 -0.0279181 -0.00366784 0.0360019 0.00726074 0.0299736 0.00658038 0.0457057 1.7637 0.0908047 -0.642068 1.58128 -2.9324 0.495281 1.98793 0.0281859 -0.137764 -0.147012 0.0072045 -0.00206552 -0.00186143 0.203436 0.487788 -0.486306 2.10439 1.08795 -0.00711613 -0.010319 -1.93208 -1.02506 0.796475 -0.196857 -0.000419672 8.18218e-05 -0.727009
560.742 0.0568131 -0.507615 1.72899 -2.94185 0.497599 1.98988 0.028527 -0.509612 1.76469 -2.94013 0.495144 1.98562 -0.0282861 -0.00199705 0.0356995 0.00171947 -0.00245481 -0.00426325 0.0455911 0.33455 0.0886689 -0.645329 1.58203 -2.93423 0.494667 1.98765 0.0318558 -0.137714 -0.146962 0.0076212 -0.00293165 -0.00223355 0.203906 0.537412 -0.488285 2.1078 1.08763 -0.00934726 -0.00974657 -1.93203 -1.02506 0.796475 -0.196857 -0.000419672 8.18218e-05 -0.727009
561.099 0.0557594 -0.509923 1.73025 -2.94246 0.496864 1.98971 0.0254572 -0.511037 1.76424 -2.9367 0.527738 1.99312 -0.0303022 -0.00111385 0.0339939 0.00575384 0.0308741 0.00340399 0.0455527 1.79253 0.0880158 -0.646915 1.58283 -2.93501 0.493412 1.98754 0.0322563 -0.136991 -0.147421 0.0074525 -0.0034514 -0.00217583 0.203814 0.535954 -0.488472 2.10949 1.08881 -0.00957733 -0.00885538 -1.93203 -1.02506 0.796475 -0.196857 -0.000419672 8.18218e-05 -0.727009
561.557 0.0553964 -0.511897 1.73237 -2.94278 0.496085 1.98954 0.0254572 -0.514118 1.76424 -2.93728 0.526651 1.99282 -0.0299391 -0.00222158 0.0318718 0.00550289 0.0305657 0.00328127 0.0437846 1.77299 0.088113 -0.648029 1.58441 -2.93566 0.492192 1.98752 0.0327166 -0.136132 -0.147965 0.0071185 -0.00389297 -0.00201577 0.203705 0.523393 -0.488262 2.11126 1.09082 -0.00951576 -0.00802831 -1.93203 -1.02506 0.796475 -0.196857 -0.000419672 8.18218e-05 -0.727009
561.914 0.0558558 -0.514124 1.73636 -2.94288 0.494961 1.98926 0.0241217 -0.519255 1.77927 -2.95996 0.515961 1.96094 -0.0317341 -0.00513126 0.0429107 -0.0170813 0.0209998 -0.0283191 0.0536163 1.87095 0.0876625 -0.647435 1.58666 -2.93628 0.490468 1.98744 0.0318067 -0.133312 -0.149693 0.0065984 -0.00449247 -0.00182222 0.202957 0.507449 -0.487392 2.11372 1.09465 -0.00907218 -0.00696542 -1.93204 -1.02506 0.796475 -0.196857 -0.000419672 8.18218e-05 -0.727009
562.429 0.057014 -0.515769 1.73996 -2.94266 0.493917 1.98899 0.025445 -0.515769 1.76466 -2.94244 0.493502 1.98416 -0.031569 -1.47852e-07 0.0247002 0.000224186 -0.000415391 -0.0048239 0.0400837 0.28393 0.0883856 -0.647373 1.5892 -2.9365 0.488965 1.98729 0.0313716 -0.131605 -0.150766 0.0061663 -0.00495184 -0.00169527 0.202569 0.497322 -0.486332 2.1156 1.09819 -0.00836706 -0.00609104 -1.93208 -1.02506 0.796475 -0.196857 -0.000419672 8.18218e-05 -0.727009
562.869 0.0587231 -0.517361 1.74389 -2.94226 0.492782 1.98867 0.0254573 -0.5172 1.76424 -2.93785 0.525566 1.99252 -0.0332658 0.000160803 0.0203517 0.00440286 0.032784 0.00384336 0.0389978 1.89383 0.0900817 -0.648178 1.59262 -2.93644 0.487739 1.98701 0.0313586 -0.130818 -0.151273 0.00581708 -0.00504248 -0.0016647 0.202436 0.48295 -0.484966 2.11748 1.1021 -0.00742146 -0.00519269 -1.93213 -1.02506 0.796475 -0.196857 -0.000419672 8.18218e-05 -0.727009
563.604 0.0629003 -0.5205 1.75434 -2.94173 0.490465 1.98793 0.0297983 -0.52558 1.79293 -2.95435 0.51609 1.98199 -0.033102 -0.00508061 0.0385883 -0.0126174 0.0256247 -0.00593354 0.0510942 1.59888 0.0920827 -0.64581 1.59969 -2.93754 0.485575 1.98588 0.0291824 -0.12531 -0.154655 0.00418694 -0.00489061 -0.00204439 0.201178 0.419648 -0.480826 2.12179 1.11231 -0.00575105 -0.00327107 -1.93232 -1.02506 0.796475 -0.196857 -0.000419672 8.18218e-05 -0.727009
564.084 0.0646142 -0.522287 1.75891 -2.94191 0.489301 1.98753 0.0329295 -0.525583 1.79294 -2.95311 0.515614 1.98295 -0.0316847 -0.00329613 0.034032 -0.0111961 0.0263122 -0.00458023 0.046615 1.60961 0.0923658 -0.644259 1.60225 -2.93831 0.484728 1.98521 0.0277516 -0.121971 -0.156652 0.00360154 -0.00457306 -0.002316 0.200467 0.392669 -0.478734 2.12355 1.11699 -0.00531365 -0.00214143 -1.93244 -1.02506 0.796475 -0.196857 -0.000419672 8.18218e-05 -0.727009
564.531 0.0665204 -0.524054 1.76352 -2.94208 0.488115 1.98712 0.0339713 -0.530011 1.8081 -2.93386 0.499498 1.99896 -0.032549 -0.00595749 0.0445807 0.00821772 0.0113828 0.0118403 0.0555191 0.897003 0.0900779 -0.641682 1.60427 -2.939 0.484314 1.98458 0.0235575 -0.117628 -0.159243 0.00308621 -0.00380045 -0.0025388 0.199373 0.351659 -0.476496 2.12523 1.12174 -0.00485224 -0.000996942 -1.93256 -1.02506 0.796475 -0.196857 -0.000419672 8.18218e-05 -0.727009
564.955 0.0699231 -0.52581 1.76974 -2.94174 0.486621 1.98658 0.0358699 -0.535525 1.82426 -2.9555 0.48763 1.96776 -0.0340532 -0.00971539 0.0545193 -0.0137627 0.00100979 -0.0188209 0.0650105 0.995833 0.0891066 -0.639379 1.60808 -2.93924 0.484501 1.98415 0.0191835 -0.113569 -0.161665 0.00249401 -0.00211976 -0.00243241 0.198499 0.271242 -0.473344 2.12727 1.12808 -0.00373949 0.000246116 -1.93273 -1.02506 0.796475 -0.196857 -0.000419672 8.18218e-05 -0.727009
565.46 0.0728079 -0.526952 1.77434 -2.94132 0.485491 1.98617 0.0390565 -0.535535 1.8243 -2.95431 0.487167 1.96866 -0.0337514 -0.00858383 0.0499546 -0.0129832 0.00167599 -0.0175133 0.0608958 0.93377 0.0891592 -0.637589 1.61094 -2.93922 0.484544 1.98401 0.0163512 -0.110637 -0.163402 0.00210476 -0.00094772 -0.00216572 0.198011 0.216705 -0.470905 2.12862 1.1328 -0.00275144 0.00113014 -1.93286 -1.02506 0.796475 -0.196857 -0.000419672 8.18218e-05 -0.727009
565.831 0.0756122 -0.527845 1.77889 -2.94098 0.484475 1.98579 0.0422434 -0.535547 1.82433 -2.95311 0.486701 1.96956 -0.0333688 -0.0077017 0.0454479 -0.0121328 0.00222636 -0.0162271 0.0569061 0.872228 0.0886574 -0.632744 1.61215 -2.93926 0.484778 1.98396 0.0130452 -0.104899 -0.166737 0.00171697 0.000303329 -0.00182628 0.197421 0.174713 -0.46845 2.12981 1.13749 -0.00188142 0.00193752 -1.93299 -1.02506 0.796475 -0.196857 -0.000419672 8.18218e-05 -0.727009
566.247 0.0792032 -0.529456 1.78456 -2.94081 0.482865 1.98518 0.0454386 -0.534409 1.82316 -2.96765 0.504112 1.97443 -0.0337646 -0.00495332 0.038595 -0.0268356 0.021247 -0.0107555 0.0515185 1.82435 0.088837 -0.627671 1.61396 -2.93965 0.484254 1.98366 0.00963381 -0.0982154 -0.170597 0.00116791 0.00138886 -0.00152955 0.197085 0.155766 -0.465221 2.13112 1.1437 -0.000865244 0.00335209 -1.93319 -1.02506 0.796475 -0.196857 -0.000419672 8.18218e-05 -0.727009
566.659 0.0818328 -0.530901 1.78846 -2.94082 0.481469 1.98468 0.0486231 -0.534415 1.82318 -2.96643 0.503644 1.97536 -0.0332097 -0.00351477 0.0347152 -0.0256068 0.0221745 -0.00931712 0.0481704 1.81962 0.0892538 -0.625514 1.61583 -2.93991 0.483142 1.98326 0.00742101 -0.0946135 -0.172635 0.000910892 0.00167265 -0.00142047 0.197002 0.150658 -0.462883 2.13185 1.1483 -0.000129094 0.0046441 -1.93335 -1.02506 0.796475 -0.196857 -0.000419672 8.18218e-05 -0.727009
567.091 0.0844195 -0.531028 1.79253 -2.94059 0.480664 1.9843 0.0518078 -0.534423 1.8232 -2.96522 0.503172 1.97629 -0.0326117 -0.00339516 0.0306753 -0.024628 0.0225086 -0.00800938 0.0449001 1.80363 0.0894499 -0.622227 1.61791 -2.94008 0.482436 1.98298 0.00503041 -0.0911998 -0.174611 0.000510717 0.00177256 -0.00131606 0.197058 0.137056 -0.46066 2.13233 1.15271 0.000554626 0.00528676 -1.93351 -1.02506 0.796475 -0.196857 -0.000419672 8.18218e-05 -0.727009
567.548 0.0866451 -0.53007 1.79644 -2.94032 0.480441 1.98406 0.0549988 -0.533453 1.82532 -2.92884 0.502054 1.97752 -0.0316462 -0.00338244 0.0288787 0.0114778 0.021613 -0.00654742 0.0429756 1.52957 0.0907053 -0.617754 1.61982 -2.9403 0.482217 1.98278 0.00406021 -0.087684 -0.176617 2.16288e-05 0.00177633 -0.00128873 0.197227 0.125115 -0.458582 2.13257 1.15677 0.000999249 0.00539459 -1.93367 -1.02506 0.796475 -0.196857 -0.000419672 8.18218e-05 -0.727009
568.469 0.0901814 -0.528733 1.80296 -2.94089 0.479873 1.98359 0.058189 -0.530287 1.8254 -2.92704 0.502614 1.97873 -0.0319924 -0.00155375 0.0224331 0.0138461 0.0227417 -0.00485237 0.0391046 1.61641 0.0927473 -0.605969 1.62041 -2.94204 0.480981 1.98199 0.00256594 -0.0772356 -0.182552 -0.00115451 0.00110826 -0.00159517 0.198235 0.104678 -0.45436 2.13213 1.16415 0.000900589 0.00611914 -1.93397 -1.02506 0.796475 -0.196857 -0.000419672 8.18218e-05 -0.727009
568.974 0.0912733 -0.528565 1.80459 -2.94146 0.479525 1.98338 0.0613123 -0.541749 1.87066 -2.96167 0.477221 1.98263 -0.029961 -0.0131839 0.0660689 -0.0202102 -0.00230307 -0.000742991 0.0737332 1.14671 0.0932927 -0.602338 1.62008 -2.94309 0.4799 1.98144 0.00201942 -0.0737724 -0.184508 -0.0016335 0.000375277 -0.00193867 0.19872 0.108352 -0.452824 2.1315 1.16638 0.000595636 0.00663957 -1.93409 -1.02506 0.796475 -0.196857 -0.000419672 8.18218e-05 -0.727009
569.412 0.0928124 -0.528076 1.80597 -2.94208 0.479101 1.98314 0.0613663 -0.527511 1.82405 -2.939 0.520382 1.9848 -0.0314461 0.000564493 0.0180802 0.00308396 0.0412815 0.00166887 0.0362777 2.37042 0.09342 -0.596374 1.61837 -2.94401 0.478978 1.98091 0.000607626 -0.0682984 -0.187595 -0.0019247 -0.000123009 -0.00222644 0.199642 0.125115 -0.451021 2.13021 1.16869 0.00027801 0.00725009 -1.93421 -1.02506 0.796475 -0.196857 -0.000419672 8.18218e-05 -0.727009
569.722 0.0944353 -0.526805 1.80666 -2.94203 0.479031 1.98303 0.063236 -0.535944 1.85614 -2.94373 0.493202 1.96774 -0.0311993 -0.0091388 0.0494753 -0.0017006 0.0141714 -0.015289 0.0592006 1.16466 0.0938341 -0.591773 1.61718 -2.94385 0.478824 1.9807 -0.000601171 -0.0649673 -0.189484 -0.00181988 -0.000206735 -0.00232876 0.200313 0.125115 -0.449851 2.12888 1.16999 0.0004088 0.00729431 -1.93429 -1.02506 0.796475 -0.196857 -0.000419672 8.18218e-05 -0.727009
570.178 0.0963134 -0.524794 1.80709 -2.94164 0.479184 1.98299 0.0645801 -0.539637 1.87186 -2.9432 0.459012 1.97956 -0.0317332 -0.0148427 0.0647678 -0.00155934 -0.0201719 -0.00343177 0.0736354 1.16902 0.0941113 -0.587012 1.61603 -2.94289 0.479194 1.98071 -0.00220208 -0.0622175 -0.191056 -0.00125116 1.03749e-05 -0.00228129 0.200944 0.11535 -0.44884 2.12724 1.17097 0.000738718 0.0070159 -1.93435 -1.02506 0.796475 -0.196857 -0.000419672 8.18218e-05 -0.727009
570.631 0.0990349 -0.520757 1.80742 -2.94066 0.479849 1.98307 0.0678525 -0.536393 1.87195 -2.94149 0.45954 1.98065 -0.0311824 -0.0156364 0.0645261 -0.000821097 -0.0203092 -0.00242081 0.0733516 1.17036 0.0950666 -0.580449 1.61489 -2.94089 0.480517 1.98106 -0.00396825 -0.0596927 -0.192533 -0.000226745 0.000667639 -0.00201652 0.201613 0.11535 -0.447749 2.12461 1.17192 0.00137367 0.00606048 -1.93441 -1.02506 0.796475 -0.196857 -0.000419672 8.18218e-05 -0.727009
571.073 0.100905 -0.517156 1.8075 -2.93993 0.480533 1.9832 0.0696727 -0.527041 1.85335 -2.976 0.49653 1.97007 -0.0312322 -0.00988504 0.0458521 -0.0360679 0.0159974 -0.0131361 0.0563523 2.05348 0.0965681 -0.57447 1.61357 -2.93912 0.482084 1.98166 -0.0043368 -0.0573144 -0.193932 0.000807756 0.00155122 -0.00154644 0.202271 0.148038 -0.447132 2.12234 1.17252 0.00175826 0.00517297 -1.93443 -1.02506 0.796475 -0.196857 -0.000419672 8.18218e-05 -0.727009
571.484 0.102431 -0.513355 1.8075 -2.93939 0.481248 1.98336 0.0713194 -0.523387 1.85471 -2.95248 0.513745 1.97619 -0.0311117 -0.0100328 0.0472078 -0.0130886 0.0324963 -0.00717397 0.057421 1.97576 0.0981575 -0.569875 1.61307 -2.93795 0.483638 1.98222 -0.00427364 -0.0565202 -0.194431 0.00144542 0.00238923 -0.00113891 0.202525 0.187672 -0.446689 2.11985 1.1732 0.00192878 0.00432754 -1.93443 -1.02506 0.796475 -0.196857 -0.000419672 8.18218e-05 -0.727009
571.914 0.103697 -0.509355 1.80753 -2.939 0.481963 1.98354 0.0729707 -0.519807 1.85641 -2.93722 0.497032 1.97189 -0.0307265 -0.0104514 0.048879 0.00178161 0.0150697 -0.0116532 0.0586729 1.12501 0.0995845 -0.565285 1.61272 -2.93723 0.48504 1.98256 -0.00411273 -0.0559298 -0.194808 0.00177629 0.00307773 -0.000982474 0.20272 0.223812 -0.446413 2.11718 1.17407 0.00195605 0.00353247 -1.93442 -1.02506 0.796475 -0.196857 -0.000419672 8.18218e-05 -0.727009
572.343 0.105169 -0.503753 1.80763 -2.93858 0.482856 1.98379 0.0743988 -0.520102 1.87216 -2.93629 0.463682 1.98366 -0.0307698 -0.0163489 0.0645316 0.00229036 -0.0191744 -0.000131529 0.0733375 1.10677 0.10082 -0.557951 1.61177 -2.93612 0.48757 1.98315 -0.00434907 -0.0541983 -0.195858 0.00246173 0.00471356 -0.000646503 0.203265 0.315279 -0.446287 2.11338 1.17555 0.00191237 0.00256601 -1.93438 -1.02506 0.796475 -0.196857 -0.000419672 8.18218e-05 -0.727009
573.66 0.108362 -0.487049 1.80907 -2.9372 0.485446 1.98456 0.0778231 -0.499341 1.85571 -2.9519 0.485562 1.97069 -0.0305387 -0.0122924 0.0466418 -0.0146979 0.000115684 -0.0138674 0.0570892 0.846267 0.103921 -0.541085 1.61295 -2.93317 0.494108 1.98525 -0.00444091 -0.0540365 -0.196116 0.00403522 0.00866125 0.000686528 0.203472 0.541041 -0.447036 2.10308 1.18104 0.00192124 -0.00029881 -1.93424 -1.02506 0.796475 -0.196857 -0.000419672 8.18218e-05 -0.727009
574.115 0.108134 -0.481579 1.8098 -2.9374 0.486562 1.9849 0.0773226 -0.484778 1.82517 -2.93057 0.498275 1.98405 -0.0308113 -0.00319918 0.0153723 0.00682716 0.0117131 -0.00084802 0.0345815 0.789815 0.102957 -0.535935 1.61389 -2.93316 0.495826 1.98583 -0.00517727 -0.0543567 -0.195906 0.00424416 0.00926413 0.000930549 0.203373 0.576073 -0.447509 2.09989 1.18304 0.00115811 -0.00126892 -1.93417 -1.02506 0.796475 -0.196857 -0.000419672 8.18218e-05 -0.727009
574.55 0.107793 -0.475949 1.8105 -2.93767 0.487687 1.98526 0.0778238 -0.486382 1.85574 -2.94956 0.489864 1.97186 -0.0299689 -0.0104336 0.0452422 -0.0118937 0.00217642 -0.0133973 0.0552617 0.760018 0.101473 -0.532049 1.61546 -2.93354 0.497133 1.98627 -0.00632008 -0.0561003 -0.195041 0.00412655 0.0094458 0.00101607 0.203048 0.582155 -0.448046 2.09669 1.18504 0.000355467 -0.00218302 -1.93409 -1.02506 0.796475 -0.196857 -0.000419672 8.18218e-05 -0.727009
574.95 0.108001 -0.468742 1.81127 -2.93756 0.488959 1.9857 0.0778242 -0.479903 1.85576 -2.94838 0.492032 1.97245 -0.0301764 -0.0111611 0.0444901 -0.0108169 0.00307329 -0.013244 0.054905 0.740193 0.100344 -0.527772 1.61786 -2.93401 0.498502 1.98681 -0.00765647 -0.0590302 -0.193406 0.00355295 0.00954359 0.00111385 0.202359 0.576073 -0.448798 2.09247 1.18758 -0.000209222 -0.00338555 -1.93397 -1.02506 0.796475 -0.196857 -0.000419672 8.18218e-05 -0.727009
575.41 0.10882 -0.462975 1.81192 -2.9369 0.48998 1.98603 0.0778245 -0.473424 1.85577 -2.94718 0.494213 1.97305 -0.0309955 -0.0104485 0.0438553 -0.0102866 0.00423344 -0.0129746 0.05471 0.738075 0.10009 -0.524523 1.61997 -2.93404 0.499418 1.98721 -0.00873021 -0.061548 -0.191947 0.0028588 0.00943797 0.00118069 0.201762 0.559531 -0.449354 2.08936 1.18942 -0.000107901 -0.00457253 -1.93389 -1.02506 0.796475 -0.196857 -0.000419672 8.18218e-05 -0.727009
575.878 0.110097 -0.456923 1.81266 -2.93586 0.491024 1.98635 0.0794495 -0.466958 1.85585 -2.9463 0.496498 1.9736 -0.0306472 -0.0100352 0.0431885 -0.010441 0.00547455 -0.012747 0.0538999 0.758472 0.100245 -0.521315 1.62226 -2.9336 0.500258 1.98758 -0.00985183 -0.0643925 -0.1904 0.00225561 0.0092339 0.00123491 0.201235 0.541041 -0.449891 2.08635 1.19125 0.00033827 -0.00588173 -1.93383 -1.02506 0.796475 -0.196857 -0.000419672 8.18218e-05 -0.727009
576.302 0.111398 -0.451037 1.81341 -2.93476 0.492068 1.98665 0.0809485 -0.46458 1.87246 -2.92352 0.480646 1.99027 -0.0304493 -0.0135425 0.0590578 0.01124 -0.0114223 0.00362197 0.0678114 0.872228 0.100117 -0.517796 1.62434 -2.93342 0.500887 1.98799 -0.0112809 -0.0667589 -0.189068 0.00133562 0.00881906 0.00133974 0.200825 0.51129 -0.450406 2.08348 1.19301 0.000848424 -0.0072281 -1.93378 -1.02506 0.796475 -0.196857 -0.000419672 8.18218e-05 -0.727009
576.619 0.112816 -0.444391 1.8141 -2.93364 0.493121 1.98694 0.0826315 -0.452662 1.8537 -2.9576 0.51968 1.98093 -0.0301848 -0.00827127 0.0395993 -0.0239638 0.0265589 -0.0060101 0.0504742 1.96483 0.100173 -0.514808 1.62713 -2.93292 0.501382 1.98843 -0.0126436 -0.0704174 -0.186966 0.000715621 0.00826119 0.00148096 0.200186 0.478881 -0.451057 2.07996 1.19511 0.00137793 -0.00858965 -1.93375 -1.02506 0.796475 -0.196857 -0.000419672 8.18218e-05 -0.727009
577.071 0.113153 -0.441195 1.81407 -2.93355 0.493402 1.98702 0.0826954 -0.447539 1.85598 -2.94134 0.502615 1.97638 -0.0304578 -0.00634356 0.0419064 -0.00778733 0.00921325 -0.0106371 0.0521926 0.767703 0.100262 -0.513971 1.62849 -2.93309 0.501159 1.98861 -0.0128912 -0.0727756 -0.185588 0.000464245 0.007757 0.00159401 0.199763 0.451975 -0.45152 2.0776 1.1963 0.00131977 -0.00887619 -1.93374 -1.02506 0.796475 -0.196857 -0.000419672 8.18218e-05 -0.727009
577.592 0.112974 -0.439364 1.81354 -2.93399 0.493342 1.98699 0.0842243 -0.44826 1.87261 -2.91905 0.485541 1.99269 -0.0287502 -0.00889578 0.0590699 0.0149357 -0.00780119 0.00570336 0.0662945 0.880712 0.100219 -0.513907 1.62899 -2.93359 0.500214 1.98869 -0.0127554 -0.0745427 -0.184545 0.000403089 0.00687158 0.00170305 0.19944 0.403483 -0.451955 2.07548 1.19704 0.000948264 -0.00866638 -1.93375 -1.02506 0.796475 -0.196857 -0.000419672 8.18218e-05 -0.727009
580.01 0.107506 -0.441283 1.80279 -2.94116 0.491548 1.98647 0.0772991 -0.439012 1.82376 -2.93718 0.532006 1.99344 -0.030207 0.00227149 0.0209705 0.00398823 0.0404577 0.00696951 0.0368427 2.34435 0.0995468 -0.52164 1.62172 -2.94233 0.496927 1.98744 -0.00795935 -0.0803565 -0.181075 -0.00117004 0.00537895 0.000964846 0.198264 0.325057 -0.452946 2.06569 1.19217 -0.00486995 -0.00447101 -1.9338 -1.02506 0.796475 -0.196857 -0.000419672 8.18218e-05 -0.727009
580.436 0.107754 -0.441793 1.80088 -2.94167 0.491387 1.98645 0.0773239 -0.440163 1.82525 -2.92169 0.513686 1.98854 -0.0304301 0.00163068 0.0243755 0.0199732 0.022298 0.00208584 0.0390233 1.68051 0.0998388 -0.522453 1.61998 -2.94318 0.496757 1.98753 -0.00791516 -0.0806598 -0.180897 -0.00150993 0.0053696 0.00107674 0.198223 0.333378 -0.452571 2.06452 1.19068 -0.00527248 -0.00414517 -1.93378 -1.02506 0.796475 -0.196857 -0.000419672 8.18218e-05 -0.727009
580.884 0.109028 -0.442869 1.79828 -2.94195 0.490856 1.98636 0.0794239 -0.448036 1.85474 -2.96514 0.485351 1.9704 -0.0296043 -0.00516725 0.0564534 -0.0231861 -0.00550443 -0.015965 0.0639538 1.2496 0.0999703 -0.522449 1.61673 -2.94395 0.495883 1.98739 -0.00905793 -0.0795803 -0.181548 -0.00200413 0.00502719 0.00102814 0.198431 0.325057 -0.451793 2.06296 1.18868 -0.00530511 -0.00355031 -1.93375 -1.02506 0.796475 -0.196857 -0.000419672 8.18218e-05 -0.727009
581.253 0.110564 -0.443936 1.79638 -2.94199 0.490223 1.98624 0.07945 -0.450756 1.85588 -2.94324 0.502036 1.97515 -0.0311143 -0.00681978 0.0594978 -0.00124711 0.0118128 -0.0110885 0.0674877 0.907413 0.10047 -0.523355 1.61478 -2.94417 0.49524 1.98731 -0.0100944 -0.0794188 -0.181597 -0.00217504 0.00501667 0.00106906 0.198461 0.329838 -0.451006 2.06178 1.18736 -0.00506291 -0.00296392 -1.93374 -1.02506 0.796475 -0.196857 -0.000419672 8.18218e-05 -0.727009
581.73 0.112555 -0.444125 1.79495 -2.94164 0.489888 1.98618 0.0805118 -0.444012 1.82474 -2.94372 0.494477 1.98358 -0.0320436 0.000113613 0.0297951 -0.00208111 0.00458874 -0.00260502 0.0437557 0.297394 0.101151 -0.523287 1.6132 -2.94394 0.495197 1.98714 -0.011404 -0.0791612 -0.181742 -0.00230092 0.00530827 0.000953708 0.198562 0.34605 -0.450063 2.06056 1.1863 -0.00458557 -0.00278408 -1.93372 -1.02506 0.796475 -0.196857 -0.000419672 8.18218e-05 -0.727009
582.176 0.115587 -0.442561 1.79399 -2.94067 0.49016 1.98628 0.0837027 -0.444034 1.82484 -2.94246 0.493934 1.98447 -0.031884 -0.00147362 0.0308408 -0.001792 0.00377377 -0.00180691 0.0443837 0.240663 0.101938 -0.521929 1.61236 -2.94302 0.49621 1.98716 -0.0136491 -0.0793679 -0.181637 -0.0023454 0.00605025 0.00088439 0.19869 0.383595 -0.448591 2.05891 1.1855 -0.00382684 -0.00337658 -1.93369 -1.02506 0.796475 -0.196857 -0.000419672 8.18218e-05 -0.727009
582.56 0.118101 -0.44071 1.79381 -2.93975 0.490582 1.9864 0.0859805 -0.446684 1.83904 -2.95949 0.518239 1.96221 -0.0321202 -0.0059738 0.0452221 -0.0197438 0.0276565 -0.0241964 0.0557892 2.04851 0.102519 -0.520274 1.61228 -2.94227 0.497428 1.98717 -0.0155819 -0.0795643 -0.181537 -0.00252488 0.00684542 0.000769997 0.198819 0.427958 -0.447347 2.05766 1.18534 -0.00317557 -0.00409097 -1.93367 -1.02506 0.796475 -0.196857 -0.000419672 8.18218e-05 -0.727009
582.94 0.120717 -0.43877 1.79392 -2.93882 0.490999 1.98652 0.0907783 -0.452285 1.87241 -2.94089 0.46467 1.9884 -0.0299383 -0.0135153 0.0784832 -0.00207401 -0.0263282 0.00187987 0.0850798 1.52084 0.103683 -0.51876 1.61262 -2.94153 0.498294 1.98746 -0.0170339 -0.0799904 -0.181299 -0.00270652 0.00729595 0.000932299 0.198892 0.457996 -0.445998 2.05645 1.18548 -0.0025131 -0.00480248 -1.93365 -1.02506 0.796475 -0.196857 -0.000419672 8.18218e-05 -0.727009
583.352 0.124466 -0.436294 1.79433 -2.93749 0.491451 1.98666 0.0924131 -0.443517 1.83923 -2.95628 0.518324 1.96443 -0.0320532 -0.0072238 0.0448939 -0.0187881 0.0268728 -0.0222286 0.0556332 1.95585 0.106372 -0.516479 1.61315 -2.94028 0.499025 1.98817 -0.018094 -0.0801852 -0.181185 -0.00278567 0.00757404 0.00150786 0.19896 0.48376 -0.44406 2.05493 1.18595 -0.00149405 -0.00569132 -1.93363 -1.02506 0.796475 -0.196857 -0.000419672 8.18218e-05 -0.727009
583.803 0.12717 -0.434882 1.79468 -2.93669 0.491647 1.98672 0.0956305 -0.440331 1.83934 -2.95436 0.518924 1.96571 -0.031539 -0.00544879 0.0446536 -0.0176716 0.0272771 -0.0210147 0.0549395 1.9331 0.110324 -0.515845 1.61395 -2.93926 0.499092 1.98897 -0.016846 -0.0809626 -0.180731 -0.00257856 0.00744496 0.0022449 0.198752 0.488589 -0.442526 2.05391 1.18638 -0.00084481 -0.00615525 -1.93362 -1.02506 0.796475 -0.196857 -0.000419672 8.18218e-05 -0.727009
584.3 0.129377 -0.434182 1.79504 -2.93637 0.491645 1.98673 0.0988886 -0.441693 1.85531 -2.95644 0.484385 1.97626 -0.0304886 -0.00751077 0.06027 -0.0200751 -0.00726028 -0.0104771 0.0679591 1.09967 0.113594 -0.516377 1.61503 -2.93857 0.49864 1.9894 -0.0157833 -0.0821947 -0.180006 -0.00219963 0.006995 0.00266143 0.198513 0.4673 -0.440941 2.05302 1.18691 -0.000553726 -0.00626716 -1.93361 -1.02506 0.796475 -0.196857 -0.000419672 8.18218e-05 -0.727009
584.709 0.131157 -0.43358 1.79562 -2.93635 0.491711 1.98675 0.0996669 -0.434606 1.8254 -2.93427 0.494455 1.9899 -0.0314903 -0.00102664 0.0297813 0.00207742 0.00274432 0.00315084 0.0433546 0.225554 0.115874 -0.519172 1.61761 -2.93792 0.497538 1.9895 -0.0152835 -0.0855925 -0.178017 -0.00157223 0.00582754 0.00274656 0.198116 0.397621 -0.439313 2.05226 1.18762 -0.000564288 -0.00633501 -1.93361 -1.02506 0.796475 -0.196857 -0.000419672 8.18218e-05 -0.727009
585.143 0.133525 -0.431582 1.79713 -2.93601 0.492394 1.98692 0.102067 -0.437171 1.83956 -2.95112 0.51898 1.96793 -0.0314583 -0.00558914 0.0424368 -0.0151155 0.0265862 -0.0189822 0.0531201 1.82778 0.118945 -0.521575 1.62168 -2.93714 0.496521 1.98938 -0.0145805 -0.0899932 -0.175447 -0.00113166 0.00412703 0.00246166 0.197719 0.297394 -0.437075 2.05146 1.1889 -0.000571136 -0.00708066 -1.93361 -1.02506 0.796475 -0.196857 -0.000419672 8.18218e-05 -0.727009
585.644 0.135294 -0.429984 1.79859 -2.93572 0.49298 1.98706 0.107165 -0.442628 1.87307 -2.93294 0.465078 1.99347 -0.0281284 -0.0126441 0.0744777 0.00278418 -0.0279021 0.00640582 0.0806102 1.63159 0.122797 -0.523988 1.62549 -2.9368 0.495641 1.98918 -0.0124971 -0.094005 -0.173098 -0.00108043 0.00266177 0.00211857 0.197373 0.222056 -0.435336 2.05104 1.19008 -0.000580171 -0.0077181 -1.9336 -1.02506 0.796475 -0.196857 -0.000419672 8.18218e-05 -0.727009
586.191 0.136933 -0.429224 1.80003 -2.93569 0.493238 1.98713 0.106016 -0.429673 1.82469 -2.92335 0.530221 2.00324 -0.0309172 -0.000448879 0.0246601 0.0123443 0.0369828 0.0161079 0.0395499 2.28088 0.126092 -0.526627 1.62893 -2.93672 0.494536 1.98896 -0.010841 -0.0974033 -0.171102 -0.00102211 0.0012976 0.00182896 0.197182 0.160713 -0.433539 2.0508 1.19136 -0.000680316 -0.0079644 -1.93359 -1.02506 0.796475 -0.196857 -0.000419672 8.18218e-05 -0.727009
586.466 0.139023 -0.429233 1.80186 -2.9359 0.493249 1.98715 0.110445 -0.439391 1.87322 -2.93107 0.465574 1.99461 -0.0285773 -0.0101583 0.0713596 0.0048299 -0.027675 0.00745563 0.0775373 1.63231 0.132412 -0.531768 1.63377 -2.93635 0.491447 1.98863 -0.00661011 -0.102535 -0.168083 -0.000452462 -0.00180242 0.00148051 0.197 0.142653 -0.431041 2.05076 1.193 -0.000887454 -0.00790053 -1.93358 -1.02506 0.796475 -0.196857 -0.000419672 8.18218e-05 -0.727009
586.791 0.140556 -0.429702 1.80304 -2.93611 0.493207 1.98716 0.109275 -0.427712 1.82655 -2.90612 0.512356 1.99922 -0.031281 0.00198969 0.0235137 0.0299866 0.0191485 0.0120621 0.0391836 1.86781 0.13531 -0.535792 1.63705 -2.93596 0.489937 1.98853 -0.00524608 -0.106091 -0.165992 0.000143803 -0.00326995 0.00137561 0.197069 0.201741 -0.429087 2.05093 1.19391 -0.00107046 -0.00778862 -1.93356 -1.02506 0.796475 -0.196857 -0.000419672 8.18218e-05 -0.727009
587.093 0.142126 -0.430282 1.80397 -2.93623 0.493305 1.9872 0.113726 -0.439426 1.87337 -2.92987 0.464992 1.99543 -0.0284003 -0.00914351 0.0693925 0.00636412 -0.0283134 0.00822953 0.0755347 1.68168 0.139069 -0.541483 1.64099 -2.9353 0.488586 1.98849 -0.00305684 -0.1112 -0.162987 0.000927448 -0.00471914 0.00128782 0.197331 0.278362 -0.42706 2.05127 1.19434 -0.00124095 -0.00783437 -1.93354 -1.02506 0.796475 -0.196857 -0.000419672 8.18218e-05 -0.727009
587.479 0.144607 -0.431471 1.80444 -2.93605 0.493549 1.9873 0.115127 -0.435357 1.85594 -2.94897 0.483822 1.98123 -0.0294795 -0.00388605 0.0514942 -0.0129231 -0.00972763 -0.00606602 0.0594626 0.859118 0.143576 -0.547602 1.64436 -2.9338 0.486776 1.98851 -0.00103128 -0.116131 -0.16008 0.00225153 -0.00677278 0.00120948 0.19777 0.404452 -0.424238 2.05198 1.19374 -0.00120595 -0.00812239 -1.93351 -1.02506 0.796475 -0.196857 -0.000419672 8.18218e-05 -0.727009
588.084 0.146875 -0.433001 1.80395 -2.93563 0.4937 1.98738 0.11681 -0.438129 1.85733 -2.92514 0.49969 1.98739 -0.0300647 -0.00512803 0.0533782 0.0104893 0.00598998 8.94034e-06 0.061477 0.692104 0.147155 -0.550132 1.64447 -2.9322 0.485638 1.98892 0.000279522 -0.117131 -0.159481 0.00343143 -0.00806154 0.00154193 0.197874 0.493372 -0.422031 2.0527 1.19217 -0.000905574 -0.00840923 -1.93347 -1.02506 0.796475 -0.196857 -0.000419672 8.18218e-05 -0.727009
588.636 0.149404 -0.435238 1.80255 -2.93503 0.493813 1.98746 0.118439 -0.438147 1.8574 -2.92544 0.499781 1.98733 -0.0309649 -0.0029089 0.0548571 0.00958494 0.00596806 -0.00012605 0.0630602 0.650118 0.149353 -0.555092 1.64468 -2.93019 0.485258 1.98933 -5.05241e-05 -0.119854 -0.15787 0.00484226 -0.00855526 0.00187166 0.198212 0.548226 -0.419754 2.05361 1.18944 -0.000423869 -0.00872712 -1.93343 -1.02506 0.796475 -0.196857 -0.000419672 8.18218e-05 -0.727009
588.966 0.152262 -0.438305 1.8002 -2.93422 0.493817 1.98754 0.121692 -0.441426 1.85755 -2.92487 0.498099 1.98788 -0.0305695 -0.0031208 0.0573502 0.00934883 0.0042819 0.000345576 0.0650636 0.580809 0.154056 -0.560247 1.64357 -2.92735 0.485448 1.98979 0.00179427 -0.121942 -0.156632 0.0068664 -0.0083692 0.00225139 0.198511 0.59479 -0.417419 2.0547 1.18554 0.000294104 -0.00902007 -1.93337 -1.02506 0.796475 -0.196857 -0.000419672 8.18218e-05 -0.727009
589.304 0.156393 -0.443626 1.79582 -2.93292 0.493661 1.98765 0.124601 -0.442148 1.84022 -2.94408 0.513242 1.97373 -0.0317925 0.00147824 0.0444051 -0.011163 0.0195811 -0.0139126 0.054633 1.34581 0.159208 -0.567989 1.64062 -2.92398 0.485856 1.99013 0.00281466 -0.124363 -0.155199 0.00893348 -0.00780495 0.00248449 0.198899 0.643462 -0.41425 2.0565 1.17877 0.00150586 -0.00934108 -1.93326 -1.02506 0.796475 -0.196857 -0.000419672 8.18218e-05 -0.727009
589.662 0.159399 -0.448693 1.79173 -2.93204 0.493366 1.98772 0.12979 -0.451825 1.857 -2.94778 0.475216 1.9831 -0.0296091 -0.00313149 0.0652714 -0.0157433 -0.0181503 -0.0046166 0.0717416 1.32027 0.163212 -0.574756 1.63753 -2.92173 0.486191 1.99037 0.0038132 -0.126063 -0.154203 0.0103125 -0.007175 0.00264755 0.19921 0.676086 -0.411865 2.05813 1.17273 0.00239321 -0.00938497 -1.93314 -1.02506 0.796475 -0.196857 -0.000419672 8.18218e-05 -0.727009
590.454 0.165893 -0.464964 1.7799 -2.93066 0.491435 1.98771 0.132899 -0.455774 1.81121 -2.92324 0.514105 1.98764 -0.0329938 0.00918991 0.0313092 0.00742527 0.0226701 -6.29085e-05 0.0464038 1.36745 0.169955 -0.58912 1.62452 -2.91864 0.485829 1.99041 0.00406217 -0.124157 -0.155381 0.0120219 -0.00560559 0.00270373 0.198934 0.708312 -0.406442 2.06288 1.15634 0.00436153 -0.0081115 -1.93277 -1.02506 0.796475 -0.196857 -0.000419672 8.18218e-05 -0.727009
590.695 0.168813 -0.473669 1.77398 -2.93006 0.489967 1.9876 0.138048 -0.470103 1.82705 -2.92704 0.475769 1.99663 -0.0307656 0.00356537 0.0530694 0.00302031 -0.0141981 0.00903277 0.0614459 0.936282 0.173109 -0.598187 1.61877 -2.91748 0.485119 1.99022 0.00429581 -0.124518 -0.155211 0.0125869 -0.00484865 0.00261621 0.199031 0.719821 -0.40426 2.06532 1.14857 0.00548416 -0.00698451 -1.93256 -1.02506 0.796475 -0.196857 -0.000419672 8.18218e-05 -0.727009
591.15 0.171593 -0.482684 1.76783 -2.92942 0.488456 1.98751 0.140838 -0.478025 1.81161 -2.924 0.504761 1.98795 -0.0307555 0.00465917 0.0437812 0.00541752 0.0163056 0.000438986 0.0537066 0.981184 0.175751 -0.606858 1.61237 -2.91641 0.484404 1.9899 0.00415801 -0.124174 -0.155457 0.0130073 -0.0040517 0.00239579 0.199006 0.729542 -0.402231 2.06796 1.1405 0.00666065 -0.00583337 -1.93233 -1.02506 0.796475 -0.196857 -0.000419672 8.18218e-05 -0.727009
591.722 0.176026 -0.503629 1.75313 -2.9284 0.485525 1.98745 0.147185 -0.503402 1.81182 -2.92697 0.49524 1.98696 -0.0288409 0.000227068 0.0586974 0.00142786 0.00971516 -0.000494961 0.0654006 0.565099 0.176775 -0.623526 1.59512 -2.91599 0.482357 1.98919 0.000748831 -0.119897 -0.158003 0.0124023 -0.00316743 0.00174171 0.198345 0.694362 -0.398368 2.07479 1.12081 0.00866976 -0.00352352 -1.93177 -1.02506 0.796475 -0.196857 -0.000419672 8.18218e-05 -0.727009
592.077 0.176709 -0.513041 1.74655 -2.9285 0.484294 1.98742 0.150382 -0.514572 1.81216 -2.9308 0.490641 1.98561 -0.0263276 -0.00153083 0.0656029 -0.00230106 0.00634693 -0.00180509 0.0707052 0.384613 0.175051 -0.63111 1.58748 -2.91688 0.481552 1.98876 -0.00165838 -0.118069 -0.159073 0.0116211 -0.00274252 0.0013398 0.198109 0.65312 -0.39718 2.07796 1.1121 0.00902089 -0.00236391 -1.93153 -1.02506 0.796475 -0.196857 -0.000419672 8.18218e-05 -0.727009
592.378 0.176393 -0.522939 1.73978 -2.92919 0.482977 1.98735 0.148742 -0.520415 1.78325 -2.91169 0.495425 1.99803 -0.0276512 0.0025243 0.04347 0.0174968 0.0124477 0.0106796 0.0515811 1.14535 0.172747 -0.638962 1.5795 -2.91861 0.480505 1.98842 -0.0036461 -0.116023 -0.160285 0.0105793 -0.00247202 0.00107546 0.197904 0.597416 -0.396311 2.08121 1.10331 0.00887013 -0.00091184 -1.93132 -1.02506 0.796475 -0.196857 -0.000419672 8.18218e-05 -0.727009
592.671 0.174761 -0.535947 1.73082 -2.93061 0.481396 1.98724 0.148738 -0.532856 1.78319 -2.91437 0.491387 1.99666 -0.0260235 0.00309009 0.0523753 0.0162309 0.00999101 0.00941624 0.0585658 1.00717 0.168288 -0.648777 1.56868 -2.92258 0.479168 1.98764 -0.0064734 -0.11283 -0.162137 0.00802668 -0.00222848 0.000400946 0.197639 0.4673 -0.395668 2.08561 1.09172 0.00815679 0.00103816 -1.93108 -1.02506 0.796475 -0.196857 -0.000419672 8.18218e-05 -0.727009
592.91 0.172871 -0.544877 1.72455 -2.93177 0.480513 1.98719 0.148662 -0.545717 1.78199 -2.93841 0.471706 1.98966 -0.0242095 -0.000840155 0.0574393 -0.00663359 -0.00880715 0.00246887 0.0623384 0.684141 0.164736 -0.656018 1.56143 -2.92589 0.478429 1.98707 -0.00813492 -0.111142 -0.163119 0.00588189 -0.00208395 -0.000122124 0.197551 0.360452 -0.395574 2.08889 1.08347 0.00740402 0.00226247 -1.93094 -1.02506 0.796475 -0.196857 -0.000419672 8.18218e-05 -0.727009
593.209 0.170567 -0.553126 1.71875 -2.93298 0.479783 1.98714 0.145601 -0.557681 1.78289 -2.92073 0.483986 1.99313 -0.0249658 -0.00455416 0.0641386 0.0122533 0.00420354 0.00599647 0.0689767 0.667346 0.162762 -0.662032 1.55432 -2.92846 0.477948 1.98676 -0.00780491 -0.108905 -0.164428 0.00451853 -0.00183498 -0.000373056 0.197378 0.289391 -0.395801 2.09208 1.07578 0.00655954 0.00336293 -1.93084 -1.02506 0.796475 -0.196857 -0.000419672 8.18218e-05 -0.727009
593.557 0.166804 -0.563039 1.71167 -2.93473 0.479074 1.98707 0.140546 -0.556311 1.73951 -2.92294 0.503906 1.98933 -0.0262584 0.00672782 0.0278333 0.0117931 0.0248328 0.00226022 0.0388518 1.55419 0.159938 -0.670023 1.54611 -2.93201 0.477273 1.98638 -0.00686666 -0.106984 -0.165561 0.00272305 -0.00180064 -0.000693661 0.197239 0.205584 -0.396574 2.09614 1.06635 0.00520707 0.00463863 -1.93075 -1.02506 0.796475 -0.196857 -0.000419672 8.18218e-05 -0.727009
593.892 0.164069 -0.569813 1.70667 -2.93578 0.478528 1.987 0.137493 -0.56536 1.7393 -2.92597 0.501455 1.98742 -0.0265761 0.00445273 0.0326268 0.00980938 0.0229269 0.000429109 0.0423157 1.42437 0.158389 -0.67653 1.54094 -2.93433 0.476201 1.986 -0.00567998 -0.106717 -0.165735 0.00144922 -0.00232728 -0.00099972 0.197203 0.179137 -0.397475 2.09898 1.0598 0.00445913 0.00551328 -1.93071 -1.02506 0.796475 -0.196857 -0.000419672 8.18218e-05 -0.727009
594.375 0.16179 -0.576138 1.70176 -2.93636 0.477836 1.98688 0.136316 -0.579892 1.75346 -2.9326 0.468345 1.99458 -0.0254741 -0.00375349 0.0516999 0.00375505 -0.00949079 0.00770236 0.0577572 0.670856 0.157929 -0.680574 1.5347 -2.93541 0.474738 1.98562 -0.00386117 -0.104436 -0.167054 0.000947546 -0.00309715 -0.00125668 0.19705 0.207479 -0.398632 2.10159 1.05357 0.00421713 0.00635611 -1.93068 -1.02506 0.796475 -0.196857 -0.000419672 8.18218e-05 -0.727009
594.671 0.159242 -0.583922 1.69521 -2.9366 0.476732 1.98668 0.13474 -0.588887 1.75288 -2.93417 0.466314 1.99352 -0.0245014 -0.00496581 0.0576693 0.0024319 -0.0104173 0.00683432 0.0628548 0.692669 0.157925 -0.684727 1.52607 -2.93622 0.472107 1.98484 -0.00131661 -0.100805 -0.169139 0.000380212 -0.00462454 -0.00184634 0.196904 0.289391 -0.400576 2.10468 1.04564 0.00447557 0.00745206 -1.93062 -1.02506 0.796475 -0.196857 -0.000419672 8.18218e-05 -0.727009
595.175 0.157441 -0.589051 1.69033 -2.93651 0.475948 1.98657 0.131388 -0.592558 1.73887 -2.93371 0.493651 1.98273 -0.0260534 -0.00350781 0.0485328 0.00280023 0.0177032 -0.00383952 0.0551953 1.06569 0.159451 -0.686568 1.51931 -2.93603 0.470194 1.98436 0.00201043 -0.0975174 -0.171022 0.000477877 -0.0057533 -0.00221551 0.196881 0.358274 -0.402352 2.10667 1.0399 0.00489215 0.00813532 -1.93055 -1.02506 0.796475 -0.196857 -0.000419672 8.18218e-05 -0.727009
595.503 0.155314 -0.593298 1.68557 -2.93642 0.475459 1.98655 0.131665 -0.604125 1.75267 -2.93818 0.462116 1.99122 -0.0236489 -0.0108271 0.0670961 -0.00176141 -0.0133426 0.00466698 0.071961 0.830866 0.160838 -0.687026 1.51237 -2.93566 0.469324 1.98433 0.00552448 -0.0937279 -0.173205 0.000758542 -0.00613501 -0.00222618 0.197016 0.383595 -0.404422 2.10837 1.03427 0.00515546 0.00855205 -1.93047 -1.02506 0.796475 -0.196857 -0.000419672 8.18218e-05 -0.727009
595.828 0.152725 -0.596806 1.68083 -2.93649 0.475244 1.98661 0.128446 -0.607583 1.74059 -2.92543 0.473406 1.97559 -0.0242784 -0.0107768 0.0597635 0.0110595 -0.0018383 -0.0110138 0.0654007 1.08462 0.160751 -0.689248 1.50679 -2.93519 0.469251 1.98465 0.00802647 -0.0924417 -0.174043 0.00129874 -0.00599347 -0.00195285 0.197233 0.378459 -0.406796 2.10976 1.02864 0.00513624 0.00877414 -1.93037 -1.02506 0.796475 -0.196857 -0.000419672 8.18218e-05 -0.727009
596.132 0.148241 -0.600473 1.67417 -2.93692 0.475495 1.98681 0.125232 -0.611015 1.73739 -2.95919 0.474143 1.97412 -0.0230092 -0.0105422 0.0632159 -0.0222704 -0.00135145 -0.012695 0.0680941 1.14671 0.159799 -0.691661 1.49952 -2.93555 0.469889 1.98527 0.0115581 -0.0911882 -0.174652 0.00137186 -0.00560518 -0.00154894 0.197363 0.351659 -0.410428 2.11114 1.02093 0.00454895 0.00869611 -1.93025 -1.02506 0.796475 -0.196857 -0.000419672 8.18218e-05 -0.727009
596.629 0.144322 -0.602273 1.66906 -2.93738 0.476139 1.98706 0.119571 -0.607701 1.71089 -2.94478 0.480524 1.98402 -0.0247506 -0.00542722 0.0418334 -0.00739482 0.00438559 -0.00304435 0.0489089 0.45284 0.15843 -0.694198 1.49482 -2.93678 0.470558 1.98565 0.0141083 -0.0919249 -0.174237 0.000602725 -0.00558072 -0.00141632 0.197504 0.335718 -0.413479 2.11181 1.01488 0.0037685 0.00827312 -1.93017 -1.02506 0.796475 -0.196857 -0.000419672 8.18218e-05 -0.727009
596.901 0.140368 -0.602903 1.66392 -2.93751 0.477276 1.9874 0.115043 -0.610447 1.71021 -2.94626 0.480822 1.98264 -0.0253246 -0.00754398 0.0462886 -0.00874496 0.00354608 -0.00475931 0.0532999 0.490986 0.156747 -0.695693 1.49017 -2.93811 0.471498 1.9858 0.0163796 -0.0927895 -0.17375 -0.000596758 -0.00577824 -0.00160274 0.197654 0.341497 -0.416775 2.11218 1.00858 0.00307733 0.00728024 -1.93012 -1.02506 0.796475 -0.196857 -0.000419672 8.18218e-05 -0.727009
597.422 0.134971 -0.602006 1.65714 -2.93726 0.479556 1.98797 0.109621 -0.604238 1.68449 -2.93163 0.487953 1.99269 -0.0253502 -0.00223176 0.0273549 0.00562803 0.00839741 0.00471778 0.0373618 0.571982 0.154202 -0.699692 1.48618 -2.93882 0.473775 1.9863 0.0192309 -0.0976854 -0.17096 -0.00156186 -0.0057803 -0.00167233 0.197837 0.344917 -0.421486 2.11226 0.99988 0.00222994 0.00510456 -1.93009 -1.02506 0.796475 -0.196857 -0.000419672 8.18218e-05 -0.727009
597.849 0.130741 -0.600213 1.65225 -2.93689 0.48176 1.98847 0.105979 -0.610788 1.69657 -2.94779 0.508248 1.96987 -0.0247616 -0.0105748 0.0443247 -0.0108997 0.0264879 -0.0185932 0.0518618 1.78772 0.152389 -0.701607 1.48342 -2.93882 0.476039 1.98686 0.0216482 -0.101394 -0.168822 -0.00192459 -0.00572138 -0.00160645 0.198117 0.344917 -0.425202 2.11207 0.993349 0.00155055 0.00295704 -1.93011 -1.02506 0.796475 -0.196857 -0.000419672 8.18218e-05 -0.727009
598.169 0.126395 -0.598168 1.64746 -2.93656 0.484001 1.98893 0.100792 -0.606548 1.68476 -2.91699 0.502688 1.99449 -0.0256026 -0.00838045 0.037299 0.0195698 0.0186868 0.00556177 0.0460102 1.47193 0.149507 -0.702494 1.48034 -2.93917 0.478434 1.98725 0.0231126 -0.104326 -0.16712 -0.00261143 -0.00556667 -0.0016756 0.198361 0.34605 -0.42902 2.11173 0.987 0.000837882 0.000782778 -1.93016 -1.02506 0.796475 -0.196857 -0.000419672 8.18218e-05 -0.727009
598.602 0.120288 -0.595941 1.6411 -2.93652 0.486612 1.98939 0.0971433 -0.61452 1.71116 -2.94039 0.46677 1.97285 -0.0231445 -0.0185793 0.0700595 -0.00387416 -0.0198411 -0.0165357 0.0760868 1.4304 0.145831 -0.704568 1.47654 -2.93967 0.481256 1.98752 0.0255432 -0.108627 -0.164565 -0.0031494 -0.00535559 -0.00186284 0.198832 0.347179 -0.434179 2.11115 0.979071 -0.00026568 -0.00161084 -1.9303 -1.02506 0.796475 -0.196857 -0.000419672 8.18218e-05 -0.727009
598.928 0.115684 -0.594819 1.63646 -2.93672 0.48816 1.98959 0.0918613 -0.604042 1.68188 -2.94982 0.506011 1.99163 -0.0238224 -0.00922263 0.0454251 -0.0130962 0.0178515 0.00203925 0.0521153 1.30626 0.142596 -0.706335 1.47361 -2.93999 0.483093 1.98769 0.0269125 -0.111516 -0.162846 -0.00326408 -0.00506665 -0.00189682 0.199196 0.33455 -0.438035 2.11069 0.973611 -0.00110537 -0.002952 -1.93044 -1.02506 0.796475 -0.196857 -0.000419672 8.18218e-05 -0.727009
599.761 0.102496 -0.593781 1.62189 -2.93696 0.490969 1.98959 0.0771678 -0.60793 1.68249 -2.94221 0.492224 1.98326 -0.0253282 -0.0141489 0.0605936 -0.00524547 0.00125568 -0.006326 0.0671811 0.351659 0.136232 -0.710536 1.46219 -2.93907 0.485944 1.98773 0.0337355 -0.116755 -0.1597 -0.00210885 -0.00502514 -0.00186007 0.200683 0.311533 -0.450287 2.10946 0.957904 -0.0023123 -0.0054346 -1.931 -1.02506 0.796475 -0.196857 -0.000419672 8.18218e-05 -0.727009
600.403 0.0957243 -0.595217 1.61453 -2.93733 0.490948 1.9892 0.0682689 -0.598646 1.64476 -2.94829 0.512277 1.97614 -0.0274554 -0.00342892 0.0302274 -0.0109632 0.0213291 -0.0130628 0.0409786 1.41278 0.131368 -0.7107 1.45411 -2.93821 0.486976 1.98684 0.0356437 -0.115483 -0.160421 -0.000884184 -0.00397268 -0.00236089 0.200852 0.25793 -0.456975 2.10914 0.951061 -0.00245355 -0.00528272 -1.93133 -1.02506 0.796475 -0.196857 -0.000419672 8.18218e-05 -0.727009
600.719 0.0916029 -0.596129 1.61086 -2.9376 0.490635 1.98893 0.0653946 -0.601498 1.6447 -2.94996 0.511744 1.9749 -0.0262083 -0.00536851 0.0338361 -0.0123523 0.021109 -0.0140244 0.0431344 1.43613 0.128251 -0.712032 1.45068 -2.93758 0.487877 1.98668 0.0366477 -0.115902 -0.160183 2.70914e-05 -0.0027578 -0.00224861 0.201085 0.203672 -0.461132 2.1091 0.947991 -0.00246167 -0.00489833 -1.93151 -1.02506 0.796475 -0.196857 -0.000419672 8.18218e-05 -0.727009
601.151 0.0884526 -0.596775 1.60874 -2.93804 0.49033 1.98875 0.0622532 -0.606065 1.65722 -2.93517 0.499457 1.98823 -0.0261995 -0.00928958 0.0484868 0.00287225 0.00912737 -0.000519894 0.0558899 0.553201 0.126425 -0.711992 1.44816 -2.93754 0.488573 1.98663 0.0379722 -0.115217 -0.160579 0.000497997 -0.0017567 -0.00212308 0.201252 0.170174 -0.464099 2.10914 0.946443 -0.00267424 -0.00446389 -1.93159 -1.02506 0.796475 -0.196857 -0.000419672 8.18218e-05 -0.727009
601.377 0.0851834 -0.597076 1.60719 -2.93864 0.490176 1.98866 0.0577521 -0.59994 1.63261 -2.92202 0.506228 1.99744 -0.0274313 -0.00286351 0.0254125 0.0166161 0.0160519 0.00878822 0.037503 1.24395 0.125259 -0.712036 1.44649 -2.93808 0.489073 1.98645 0.0400757 -0.114959 -0.160706 0.000563105 -0.00110309 -0.00220595 0.201614 0.158259 -0.466936 2.10924 0.945449 -0.00313078 -0.00410905 -1.93164 -1.02506 0.796475 -0.196857 -0.000419672 8.18218e-05 -0.727009
601.761 0.080848 -0.597031 1.60582 -2.93954 0.490161 1.98863 0.0539008 -0.604304 1.64452 -2.95502 0.512537 1.97081 -0.0269472 -0.00727276 0.0386934 -0.0154735 0.0223762 -0.0178197 0.0477097 1.61301 0.124569 -0.711936 1.44513 -2.93879 0.489323 1.98611 0.0437213 -0.114904 -0.160692 0.000757011 -0.000837151 -0.00251996 0.202327 0.176939 -0.470499 2.1094 0.944738 -0.00395506 -0.00377142 -1.93166 -1.02506 0.796475 -0.196857 -0.000419672 8.18218e-05 -0.727009
602.091 0.0778103 -0.596609 1.60527 -2.94013 0.49028 1.98866 0.0510202 -0.605325 1.64535 -2.94333 0.49835 1.9664 -0.0267901 -0.00871598 0.0400796 -0.003197 0.0080695 -0.0222644 0.0489904 1.28573 0.12404 -0.711888 1.44484 -2.93934 0.489284 1.98575 0.0462294 -0.115279 -0.160432 0.000789985 -0.000996152 -0.00291668 0.202891 0.201741 -0.472987 2.10953 0.944594 -0.0045624 -0.0036712 -1.93165 -1.02506 0.796475 -0.196857 -0.000419672 8.18218e-05 -0.727009
602.707 0.0729293 -0.594928 1.60541 -2.94068 0.490542 1.9888 0.0434906 -0.599838 1.63233 -2.92764 0.508596 1.99271 -0.0294387 -0.00491047 0.0269174 0.0130438 0.0180539 0.00391086 0.0401908 1.23226 0.121302 -0.713099 1.44672 -2.93956 0.488618 1.9853 0.0483728 -0.118172 -0.158693 0.00111873 -0.00192435 -0.00350253 0.203686 0.262443 -0.477414 2.10977 0.945499 -0.00524276 -0.00371155 -1.93158 -1.02506 0.796475 -0.196857 -0.000419672 8.18218e-05 -0.727009
603.049 0.0706038 -0.593321 1.60662 -2.94066 0.490548 1.98889 0.0430203 -0.612597 1.66916 -2.94288 0.474334 1.99289 -0.0275836 -0.0192765 0.0625452 -0.00222043 -0.0162143 0.00399578 0.0710235 0.979188 0.11883 -0.712974 1.44879 -2.93942 0.48799 1.98531 0.0482266 -0.119653 -0.157826 0.00123089 -0.0025582 -0.00358073 0.203842 0.286674 -0.479925 2.10991 0.947341 -0.00526117 -0.00372724 -1.93151 -1.02506 0.796475 -0.196857 -0.000419672 8.18218e-05 -0.727009
603.304 0.0691519 -0.591606 1.60825 -2.94052 0.490642 1.98899 0.0406391 -0.596972 1.63229 -2.92823 0.510047 1.99204 -0.0285128 -0.00536574 0.0240334 0.0122894 0.0194052 0.00305138 0.0376746 1.28237 0.117246 -0.712078 1.4509 -2.93919 0.488002 1.98548 0.0480939 -0.120471 -0.157357 0.00133057 -0.00263991 -0.0035057 0.203931 0.289391 -0.481576 2.10999 0.949431 -0.00521582 -0.00386103 -1.93144 -1.02506 0.796475 -0.196857 -0.000419672 8.18218e-05 -0.727009
603.628 0.0677068 -0.589524 1.61046 -2.9405 0.490873 1.98912 0.0377879 -0.594107 1.63225 -2.92883 0.511502 1.99136 -0.0299189 -0.00458263 0.0217872 0.0116719 0.0206283 0.00223628 0.0372938 1.33354 0.112689 -0.709686 1.45292 -2.93905 0.488279 1.98572 0.0449823 -0.120162 -0.157539 0.00144376 -0.00259495 -0.00339728 0.203177 0.286674 -0.483029 2.11007 0.952082 -0.00534573 -0.00407995 -1.93137 -1.02506 0.796475 -0.196857 -0.000419672 8.18218e-05 -0.727009
604.289 0.066307 -0.586698 1.6139 -2.94032 0.491025 1.98926 0.0376589 -0.60033 1.65738 -2.94421 0.504779 1.98067 -0.0286482 -0.0136323 0.0434738 -0.00388692 0.0137543 -0.00859564 0.0538194 0.899181 0.107669 -0.706515 1.45614 -2.93873 0.488878 1.98614 0.0413624 -0.119817 -0.157759 0.00158711 -0.00214621 -0.00312286 0.202373 0.265408 -0.484651 2.11017 0.956202 -0.00530511 -0.00428099 -1.93128 -1.02506 0.796475 -0.196857 -0.000419672 8.18218e-05 -0.727009
604.73 0.065757 -0.584285 1.61681 -2.93989 0.491191 1.98938 0.0349418 -0.587482 1.63168 -2.94466 0.50066 1.98742 -0.0308152 -0.00319708 0.0148722 -0.00477615 0.00946893 -0.00196266 0.0343654 0.593473 0.103482 -0.705848 1.46004 -2.93812 0.48932 1.98662 0.0377253 -0.121563 -0.156771 0.00176386 -0.0018706 -0.00275419 0.201935 0.24866 -0.485634 2.11025 0.959503 -0.00501535 -0.00458798 -1.93122 -1.02506 0.796475 -0.196857 -0.000419672 8.18218e-05 -0.727009
605.433 0.0655113 -0.578372 1.62417 -2.93842 0.491697 1.98962 0.0342735 -0.592156 1.66907 -2.94253 0.48244 1.99197 -0.0312378 -0.013784 0.0449009 -0.00411316 -0.00925717 0.00235474 0.0564082 0.620551 0.0926664 -0.698889 1.46673 -2.9372 0.490113 1.98773 0.0271552 -0.120517 -0.157447 0.0012149 -0.00158365 -0.00188171 0.200128 0.179137 -0.487193 2.11055 0.967486 -0.00394333 -0.00557577 -1.93112 -1.02506 0.796475 -0.196857 -0.000419672 8.18218e-05 -0.727009
605.647 0.0656498 -0.577571 1.62678 -2.9382 0.491076 1.9895 0.0347308 -0.583941 1.65605 -2.93896 0.511397 1.98272 -0.030919 -0.00637067 0.0292674 -0.000758595 0.0203211 -0.00677927 0.0430482 1.22141 0.0881081 -0.696362 1.4683 -2.93771 0.489526 1.9879 0.0224583 -0.118791 -0.158485 0.000493299 -0.00154992 -0.00160025 0.199332 0.139882 -0.487575 2.11077 0.970877 -0.00345658 -0.00508287 -1.9311 -1.02506 0.796475 -0.196857 -0.000419672 8.18218e-05 -0.727009
606.345 0.066394 -0.578472 1.63111 -2.93822 0.48863 1.98895 0.0360201 -0.589862 1.68336 -2.94313 0.489278 1.96771 -0.030374 -0.01139 0.0522526 -0.0049041 0.00064712 -0.0212428 0.0615032 1.11382 0.0780153 -0.69289 1.46996 -2.93922 0.488001 1.98733 0.0116212 -0.114418 -0.161142 -0.000995719 -0.000629659 -0.00161856 0.197973 0.0884693 -0.487945 2.11134 0.977405 -0.00234274 -0.00282758 -1.93108 -1.02506 0.796475 -0.196857 -0.000419672 8.18218e-05 -0.727009
606.677 0.0673607 -0.579429 1.63388 -2.93808 0.486768 1.98853 0.0370428 -0.595472 1.6952 -2.95657 0.475266 1.98269 -0.0303179 -0.0160431 0.0613124 -0.0184974 -0.0115022 -0.00583325 0.070255 1.15826 0.0723494 -0.691442 1.47127 -2.9393 0.487082 1.98685 0.00498871 -0.112013 -0.162612 -0.00122334 0.000313703 -0.00167938 0.19752 0.0884693 -0.488007 2.11171 0.981666 -0.00134474 -0.001195 -1.93107 -1.02506 0.796475 -0.196857 -0.000419672 8.18218e-05 -0.727009
606.993 0.0684537 -0.579974 1.63588 -2.93766 0.485401 1.98821 0.0371888 -0.586338 1.66911 -2.94039 0.483937 1.99337 -0.0312649 -0.00636385 0.0332305 -0.00272749 -0.0014641 0.00515728 0.0460679 0.402512 0.0684469 -0.691052 1.4727 -2.9389 0.486251 1.98652 -6.77594e-06 -0.111078 -0.163179 -0.00124138 0.000849889 -0.00169888 0.197397 0.100871 -0.488025 2.11194 0.984722 -0.000318613 -9.48209e-05 -1.93107 -1.02506 0.796475 -0.196857 -0.000419672 8.18218e-05 -0.727009
607.347 0.0699058 -0.580518 1.63763 -2.93695 0.483965 1.98789 0.0384877 -0.594267 1.69597 -2.92545 0.475367 1.98288 -0.0314181 -0.0137494 0.0583413 0.0115001 -0.00859768 -0.00500058 0.0676746 0.965908 0.0661768 -0.688545 1.47268 -2.93814 0.485334 1.98604 -0.00372892 -0.108027 -0.164949 -0.00119562 0.00136989 -0.00184712 0.19721 0.125115 -0.488069 2.11209 0.987524 0.00101656 0.000963777 -1.93106 -1.02506 0.796475 -0.196857 -0.000419672 8.18218e-05 -0.727009
607.605 0.0722107 -0.581492 1.63924 -2.93567 0.48189 1.98741 0.0390793 -0.581152 1.65635 -2.93883 0.511796 1.98324 -0.0331314 0.000339923 0.0171069 -0.00316331 0.0299061 -0.00417172 0.0372888 1.7276 0.0648094 -0.686256 1.47242 -2.9363 0.483863 1.98553 -0.00740126 -0.104764 -0.166819 -0.000626411 0.00197335 -0.00188206 0.197127 0.148038 -0.488269 2.11215 0.990567 0.00317508 0.00240371 -1.93104 -1.02506 0.796475 -0.196857 -0.000419672 8.18218e-05 -0.727009
607.972 0.0734377 -0.581315 1.6402 -2.93472 0.481023 1.98722 0.0424964 -0.599432 1.70865 -2.924 0.44479 1.99498 -0.0309413 -0.0181165 0.0684479 0.0107193 -0.0362322 0.00775565 0.0772702 2.15413 0.0637154 -0.684171 1.47231 -2.93478 0.483638 1.9854 -0.00972224 -0.102856 -0.167895 -6.43384e-05 0.0026155 -0.00181992 0.197136 0.181308 -0.488607 2.11206 0.992186 0.00445962 0.00285433 -1.93103 -1.02506 0.796475 -0.196857 -0.000419672 8.18218e-05 -0.727009
608.277 0.0736935 -0.580457 1.6409 -2.93418 0.480832 1.9872 0.0419685 -0.580843 1.65754 -2.92567 0.496756 1.98019 -0.0317251 -0.000385603 0.0166368 0.0085126 0.0159231 -0.00701421 0.0358247 1.18993 0.0632498 -0.680692 1.47152 -2.93354 0.484697 1.98548 -0.0104437 -0.100235 -0.169388 0.000637098 0.0038646 -0.0017213 0.1971 0.251788 -0.489158 2.11187 0.993217 0.00503774 0.00283496 -1.931 -1.02506 0.796475 -0.196857 -0.000419672 8.18218e-05 -0.727009
609.408 0.0675393 -0.574454 1.64118 -2.9353 0.483798 1.98697 0.0401 -0.581431 1.66965 -2.92185 0.499393 1.99845 -0.0274392 -0.00697699 0.0284732 0.0134445 0.0155947 0.0114805 0.0401536 1.16028 0.0567529 -0.673793 1.47126 -2.93203 0.49061 1.98535 -0.0107863 -0.0993389 -0.169921 0.00326396 0.00681265 -0.00162716 0.197123 0.460552 -0.492574 2.11058 0.993075 0.00306812 0.000526297 -1.93181 -1.02506 0.796475 -0.196857 -0.000419672 8.18218e-05 -0.727009
609.836 0.064335 -0.571644 1.641 -2.93593 0.485521 1.98664 0.0370453 -0.587636 1.69606 -2.93895 0.492386 1.98669 -0.0272897 -0.0159914 0.055062 -0.00302142 0.00686579 4.46671e-05 0.0635002 0.430693 0.0533437 -0.673462 1.4725 -2.93199 0.492377 1.98507 -0.0109913 -0.101818 -0.168497 0.00393628 0.00685659 -0.00157625 0.197177 0.482139 -0.493961 2.11005 0.992371 0.00204028 -0.000822068 -1.93245 -1.02506 0.796475 -0.196857 -0.000419672 8.18218e-05 -0.727009
610.231 0.0595951 -0.568129 1.6405 -2.937 0.487785 1.98598 0.0331047 -0.580102 1.68276 -2.9565 0.507994 1.97099 -0.0264904 -0.0119733 0.0422639 -0.0195016 0.020209 -0.0149867 0.0512965 1.55243 0.0494237 -0.670755 1.47246 -2.93225 0.494127 1.98445 -0.0101714 -0.102627 -0.168037 0.00474145 0.0063412 -0.00152856 0.19716 0.485375 -0.495933 2.10934 0.991254 0.000587033 -0.00251408 -1.93349 -1.02506 0.796475 -0.196857 -0.000419672 8.18218e-05 -0.727009
610.839 0.0521836 -0.564674 1.63916 -2.93918 0.490262 1.98455 0.0242887 -0.574215 1.68274 -2.959 0.511344 1.96865 -0.0278949 -0.00954108 0.0435717 -0.0198213 0.0210817 -0.015897 0.0526084 1.60766 0.0452642 -0.664461 1.46946 -2.93389 0.495387 1.98311 -0.00691943 -0.0997873 -0.169706 0.00529379 0.00512486 -0.00143896 0.196991 0.45714 -0.498902 2.10835 0.989678 -0.00160435 -0.00400319 -1.93521 -1.02506 0.796475 -0.196857 -0.000419672 8.18218e-05 -0.727009
611.166 0.0475383 -0.563985 1.63817 -2.94099 0.490903 1.98339 0.019699 -0.568803 1.66899 -2.94401 0.492628 1.98946 -0.0278393 -0.00481798 0.0308225 -0.00302354 0.00172494 0.00607634 0.0418123 0.466462 0.0429461 -0.659682 1.46608 -2.93543 0.495738 1.98216 -0.00459219 -0.0956966 -0.172093 0.0055591 0.00483458 -0.00123041 0.196964 0.451975 -0.500733 2.10779 0.989215 -0.00292562 -0.00395342 -1.93634 -1.02506 0.796475 -0.196857 -0.000419672 8.18218e-05 -0.727009
611.688 0.041514 -0.564996 1.63695 -2.94403 0.49037 1.9815 0.012535 -0.574222 1.68276 -2.96373 0.513054 1.96482 -0.028979 -0.00922648 0.0458105 -0.0196987 0.0226842 -0.016674 0.0549865 1.6847 0.039407 -0.657193 1.46283 -2.9379 0.495633 1.9809 -0.00210699 -0.092197 -0.174115 0.00612627 0.00526268 -0.000592078 0.197029 0.475601 -0.503064 2.10701 0.989839 -0.00463436 -0.00239762 -1.93787 -1.02506 0.796475 -0.196857 -0.000419672 8.18218e-05 -0.727009
612.132 0.0388874 -0.564336 1.63732 -2.9451 0.490211 1.98048 0.00959661 -0.574228 1.68277 -2.96491 0.513474 1.96386 -0.0292908 -0.00989212 0.0454579 -0.0198069 0.0232635 -0.0166234 0.0549747 1.71212 0.0386885 -0.654562 1.46207 -2.93865 0.495564 1.98029 -0.000198923 -0.0902268 -0.175243 0.00645588 0.00535281 -0.000197501 0.197106 0.484568 -0.50428 2.1064 0.991229 -0.00507939 -0.00187712 -1.93871 -1.02506 0.796475 -0.196857 -0.000419672 8.18218e-05 -0.727009
612.538 0.0374897 -0.562874 1.63827 -2.94548 0.490389 1.9799 0.00804117 -0.568801 1.66898 -2.94859 0.494417 1.98579 -0.0294485 -0.00592662 0.030716 -0.00310534 0.0040282 0.00589261 0.0429629 0.505904 0.0401382 -0.652219 1.46253 -2.93891 0.495387 1.98003 0.00264851 -0.089345 -0.175738 0.00657612 0.00499855 0.000129826 0.197163 0.470638 -0.505003 2.10587 0.992744 -0.00520282 -0.00190968 -1.93925 -1.02506 0.796475 -0.196857 -0.000419672 8.18218e-05 -0.727009
613.135 0.0361147 -0.56098 1.63957 -2.94595 0.490782 1.97945 0.00582282 -0.562678 1.65733 -2.95043 0.52284 1.97349 -0.0302918 -0.00169764 0.0177654 -0.00447506 0.0320573 -0.00596012 0.035158 1.86299 0.0413103 -0.650462 1.46392 -2.93914 0.495382 1.97973 0.00519563 -0.0894818 -0.175644 0.00681248 0.00459965 0.000277493 0.197192 0.464781 -0.50556 2.10527 0.994541 -0.00555351 -0.00210818 -1.93972 -1.02506 0.796475 -0.196857 -0.000419672 8.18218e-05 -0.727009
613.566 0.0349644 -0.559077 1.64099 -2.94646 0.491138 1.97908 0.00368388 -0.569205 1.68314 -2.95233 0.501088 1.95921 -0.0312805 -0.010128 0.0421518 -0.0058683 0.00994998 -0.0198729 0.0534585 1.17036 0.0423195 -0.648902 1.46556 -2.93939 0.495118 1.97941 0.00735507 -0.0898255 -0.175429 0.00706927 0.0039797 0.000327952 0.197226 0.45714 -0.505939 2.1046 0.996516 -0.00596591 -0.00225917 -1.94011 -1.02506 0.796475 -0.196857 -0.000419672 8.18218e-05 -0.727009
614.171 0.0345978 -0.55518 1.64433 -2.9468 0.491218 1.97836 0.00294668 -0.567447 1.6955 -2.93433 0.48978 1.97425 -0.0316511 -0.0122672 0.0511737 0.0124697 -0.00143825 -0.00411666 0.0614087 0.855466 0.0432673 -0.644564 1.46865 -2.93945 0.493846 1.97876 0.00866953 -0.0893835 -0.175676 0.00734987 0.00262722 0.000396906 0.197299 0.437902 -0.506068 2.10277 1.00142 -0.00595214 -0.00221774 -1.94074 -1.02506 0.796475 -0.196857 -0.000419672 8.18218e-05 -0.727009
614.489 0.0360579 -0.553705 1.64574 -2.94608 0.490784 1.97808 0.0030002 -0.565833 1.69512 -2.9654 0.490499 1.97432 -0.0330577 -0.0121281 0.0493728 -0.0193127 -0.000284695 -0.00376192 0.060643 1.02297 0.0460166 -0.641693 1.46926 -2.93905 0.492847 1.97848 0.00995872 -0.0879878 -0.176485 0.00703786 0.0020635 0.000399756 0.197454 0.410216 -0.505805 2.10187 1.00359 -0.00498882 -0.00207045 -1.9409 -1.02506 0.796475 -0.196857 -0.000419672 8.18218e-05 -0.727009
614.76 0.0384925 -0.551731 1.64761 -2.94498 0.490163 1.97778 0.00511197 -0.555087 1.66937 -2.93092 0.514197 1.98953 -0.0333805 -0.00335646 0.0217542 0.0140658 0.0240342 0.0117472 0.0399846 1.57371 0.0500433 -0.637414 1.46974 -2.93895 0.49164 1.97786 0.0115509 -0.0856834 -0.177876 0.00603543 0.00147706 7.35473e-05 0.197775 0.353878 -0.505226 2.10059 1.00647 -0.00359297 -0.00188573 -1.94104 -1.02506 0.796475 -0.196857 -0.000419672 8.18218e-05 -0.727009
615.176 0.0399742 -0.550046 1.64898 -2.94448 0.489994 1.97768 0.00662304 -0.557446 1.68315 -2.94921 0.504797 1.9611 -0.0333512 -0.00740064 0.0341649 -0.00473444 0.0148036 -0.0165812 0.0483147 1.20399 0.0541435 -0.636271 1.47147 -2.93898 0.491483 1.9777 0.0141693 -0.0862249 -0.177508 0.0054965 0.00148919 2.68651e-05 0.19785 0.325057 -0.504668 2.09957 1.00848 -0.00301211 -0.00190599 -1.9411 -1.02506 0.796475 -0.196857 -0.000419672 8.18218e-05 -0.727009
615.547 0.0409746 -0.547658 1.65047 -2.94424 0.490423 1.97775 0.0088684 -0.558575 1.69554 -2.93048 0.491949 1.97679 -0.0321062 -0.0109168 0.04507 0.0137513 0.00152573 -0.000961055 0.0564029 0.819961 0.0571027 -0.635087 1.47366 -2.93958 0.491941 1.97785 0.0161281 -0.0874293 -0.176815 0.00465216 0.00151847 9.43599e-05 0.197908 0.278362 -0.504028 2.09851 1.01028 -0.00296905 -0.00238531 -1.94112 -1.02506 0.796475 -0.196857 -0.000419672 8.18218e-05 -0.727009
615.864 0.0419579 -0.544146 1.65237 -2.94419 0.491417 1.97803 0.00956221 -0.551569 1.68316 -2.94704 0.506446 1.96253 -0.0323957 -0.00742255 0.030781 -0.00284919 0.0150286 -0.0155021 0.0452995 1.19091 0.0584289 -0.632682 1.4762 -2.94051 0.492514 1.97831 0.016471 -0.0885355 -0.176177 0.00367941 0.00109685 0.00027757 0.197859 0.213062 -0.503036 2.09707 1.01238 -0.00340476 -0.00331455 -1.94107 -1.02506 0.796475 -0.196857 -0.000419672 8.18218e-05 -0.727009
616.223 0.042692 -0.541421 1.65376 -2.94422 0.492318 1.97832 0.0103881 -0.552041 1.69593 -2.94311 0.508707 1.98143 -0.0323039 -0.0106201 0.042171 0.00110771 0.0163883 0.00310079 0.054173 0.952033 0.0599031 -0.631229 1.47833 -2.94108 0.493007 1.97875 0.0172112 -0.0898077 -0.175434 0.00313338 0.000688268 0.000426093 0.197836 0.174713 -0.502166 2.09599 1.0138 -0.00388631 -0.00413257 -1.94099 -1.02506 0.796475 -0.196857 -0.000419672 8.18218e-05 -0.727009
616.756 0.0447592 -0.535157 1.6569 -2.94385 0.494659 1.97916 0.0126526 -0.548517 1.7081 -2.92582 0.466044 1.9905 -0.0321067 -0.0133603 0.0511996 0.0180379 -0.0286143 0.0113453 0.061893 1.88616 0.0612901 -0.629148 1.48391 -2.94217 0.494797 1.97958 0.0165309 -0.0939911 -0.172996 0.00168149 0.000138521 0.000418887 0.197573 0.0884693 -0.49999 2.09393 1.01646 -0.00477176 -0.00640691 -1.94073 -1.02506 0.796475 -0.196857 -0.000419672 8.18218e-05 -0.727009
617.11 0.0471385 -0.530876 1.65931 -2.94303 0.496212 1.97977 0.0133495 -0.540194 1.69594 -2.93981 0.512429 1.98344 -0.033789 -0.00931745 0.0366356 0.00321837 0.0162171 0.00366292 0.0507018 0.950799 0.0617102 -0.626455 1.48723 -2.94253 0.49653 1.98029 0.0145716 -0.0955789 -0.172079 0.000500058 0.000317572 0.000515352 0.19738 0.0395647 -0.498127 2.09274 1.01829 -0.00483641 -0.00812296 -1.9405 -1.02506 0.796475 -0.196857 -0.000419672 8.18218e-05 -0.727009
617.393 0.0500968 -0.528652 1.66088 -2.94185 0.496701 1.98009 0.0163196 -0.536243 1.69518 -2.95443 0.498528 1.98138 -0.0337772 -0.00759109 0.0342946 -0.0125777 0.00182702 0.00128805 0.0487303 0.765662 0.0623344 -0.624952 1.48919 -2.94236 0.497079 1.98074 0.0122376 -0.0963007 -0.171691 -0.00051119 0.000377695 0.000650282 0.197234 0.0625573 -0.496484 2.092 1.01958 -0.00406668 -0.00897882 -1.94033 -1.02506 0.796475 -0.196857 -0.000419672 8.18218e-05 -0.727009
617.694 0.053689 -0.527448 1.66216 -2.94047 0.496658 1.98029 0.0203272 -0.541279 1.72311 -2.95611 0.47362 1.96786 -0.0333618 -0.0138318 0.060947 -0.0156396 -0.0230381 -0.0124231 0.070844 1.56748 0.0629745 -0.623756 1.49045 -2.94181 0.497059 1.98077 0.00928555 -0.0963086 -0.171714 -0.00133906 0.000400299 0.000488782 0.197097 0.0969133 -0.494645 2.09145 1.02069 -0.0028552 -0.00942272 -1.94017 -1.02506 0.796475 -0.196857 -0.000419672 8.18218e-05 -0.727009
618.006 0.0587444 -0.527213 1.66343 -2.93871 0.496112 1.98039 0.0237067 -0.531143 1.69542 -2.93334 0.514527 1.98778 -0.0350377 -0.00392993 0.0319838 0.0053754 0.0184149 0.00738663 0.0476031 1.12292 0.0636606 -0.623277 1.49155 -2.94136 0.496639 1.98062 0.0049162 -0.0960636 -0.171883 -0.00264631 0.000527425 0.000228339 0.196968 0.160713 -0.49195 2.09103 1.02179 -0.00107696 -0.00953556 -1.93998 -1.02506 0.796475 -0.196857 -0.000419672 8.18218e-05 -0.727009
618.347 0.0622687 -0.528063 1.664 -2.93775 0.495471 1.98037 0.0281581 -0.531331 1.69602 -2.93214 0.513215 1.98904 -0.0341106 -0.00326837 0.0320212 0.00560287 0.017744 0.00866573 0.0468996 1.10853 0.0642178 -0.62455 1.49236 -2.94142 0.496205 1.98037 0.00194913 -0.0964871 -0.171639 -0.00367315 0.000734212 -7.72708e-06 0.19691 0.214891 -0.489803 2.09098 1.02223 6.04036e-05 -0.00928539 -1.93988 -1.02506 0.796475 -0.196857 -0.000419672 8.18218e-05 -0.727009
618.689 0.0654459 -0.52963 1.66421 -2.93709 0.494772 1.98032 0.0323453 -0.540565 1.7232 -2.93226 0.488108 1.97556 -0.0331005 -0.0109354 0.0589871 0.00483265 -0.00666322 -0.00475708 0.0685179 0.606518 0.0647382 -0.626151 1.4926 -2.94155 0.495615 1.98019 -0.000707639 -0.0965207 -0.171616 -0.00445902 0.000843189 -0.000124043 0.196898 0.256409 -0.487594 2.09116 1.02222 0.000940603 -0.00887449 -1.9398 -1.02506 0.796475 -0.196857 -0.000419672 8.18218e-05 -0.727009
618.971 0.0689768 -0.532758 1.66385 -2.93674 0.493829 1.98019 0.0358751 -0.538412 1.70914 -2.96432 0.516678 1.96483 -0.0331017 -0.00565442 0.0452915 -0.0275867 0.0228485 -0.0153593 0.0563828 1.90783 0.0662269 -0.628252 1.49163 -2.94181 0.494755 1.98004 -0.00274986 -0.0954946 -0.172215 -0.00507632 0.000926003 -0.000148958 0.196938 0.292083 -0.484611 2.09176 1.02139 0.00166285 -0.00813359 -1.93972 -1.02506 0.796475 -0.196857 -0.000419672 8.18218e-05 -0.727009
619.302 0.0710961 -0.535964 1.66301 -2.93687 0.493074 1.98005 0.03886 -0.541401 1.70915 -2.96363 0.515175 1.96551 -0.0322361 -0.00543697 0.0461456 -0.0267548 0.0221008 -0.0145394 0.0565521 1.84759 0.0650346 -0.632075 1.49117 -2.94212 0.494151 1.98002 -0.00606148 -0.0961112 -0.171837 -0.0052496 0.00107714 -2.94307e-05 0.196983 0.306467 -0.482378 2.09246 1.02009 0.00186149 -0.00739436 -1.93968 -1.02506 0.796475 -0.196857 -0.000419672 8.18218e-05 -0.727009
619.661 0.0726995 -0.539599 1.66182 -2.93733 0.492411 1.97992 0.041377 -0.549647 1.72336 -2.9304 0.483614 1.97749 -0.0313224 -0.0100479 0.0615447 0.00692797 -0.0087972 -0.00242919 0.069784 0.694925 0.0643081 -0.63636 1.49036 -2.94255 0.493502 1.97998 -0.00839136 -0.0967616 -0.171456 -0.00522256 0.00109098 6.15673e-05 0.197054 0.307741 -0.480167 2.09335 1.01829 0.00173021 -0.006625 -1.93967 -1.02506 0.796475 -0.196857 -0.000419672 8.18218e-05 -0.727009
619.928 0.0739658 -0.543535 1.66041 -2.93797 0.491803 1.97977 0.0429708 -0.546197 1.69618 -2.92899 0.505589 1.99235 -0.030995 -0.00266233 0.0357742 0.00897745 0.0137867 0.0125779 0.0474086 1.02641 0.0630998 -0.640322 1.48896 -2.94328 0.4926 1.97987 -0.010866 -0.096787 -0.171454 -0.0053129 0.000797335 9.10564e-05 0.197186 0.310274 -0.477983 2.0944 1.01617 0.0014078 -0.00583784 -1.93966 -1.02506 0.796475 -0.196857 -0.000419672 8.18218e-05 -0.727009
620.316 0.0750607 -0.549892 1.65809 -2.9394 0.490706 1.97948 0.0443883 -0.558696 1.72342 -2.93088 0.4801 1.97761 -0.0306724 -0.00880434 0.0653246 0.00851856 -0.0106058 -0.00186619 0.0727022 0.817092 0.0598369 -0.646904 1.48679 -2.94518 0.490373 1.9793 -0.0152238 -0.0970118 -0.171301 -0.0057771 -0.00033343 -0.000180455 0.197451 0.326259 -0.475111 2.096 1.01307 0.000594847 -0.0043348 -1.9397 -1.02506 0.796475 -0.196857 -0.000419672 8.18218e-05 -0.727009
620.638 0.0757009 -0.554997 1.65622 -2.94062 0.489785 1.97921 0.0448425 -0.551696 1.68354 -2.93286 0.501019 1.97381 -0.0308583 0.00330141 0.0273249 0.00775399 0.0112346 -0.00539944 0.0413496 0.915571 0.059 -0.651325 1.48451 -2.94683 0.488877 1.97889 -0.0167009 -0.0963281 -0.171709 -0.00621159 -0.000908047 -0.000315601 0.19759 0.351659 -0.472981 2.09729 1.01065 -9.286e-05 -0.00306213 -1.93974 -1.02506 0.796475 -0.196857 -0.000419672 8.18218e-05 -0.727009
620.94 0.076273 -0.559691 1.65451 -2.94176 0.489096 1.97897 0.0462909 -0.566422 1.70807 -2.96347 0.50598 1.96598 -0.0299821 -0.006731 0.0535592 -0.0217101 0.0168845 -0.0129857 0.0617481 1.4674 0.0582512 -0.655693 1.4826 -2.9485 0.487816 1.97857 -0.0180218 -0.0960022 -0.171907 -0.00674354 -0.00127983 -0.000394259 0.19772 0.383595 -0.470864 2.09859 1.00824 -0.000801377 -0.0020316 -1.93981 -1.02506 0.796475 -0.196857 -0.000419672 8.18218e-05 -0.727009
621.239 0.0773686 -0.565269 1.65252 -2.94286 0.488386 1.97867 0.0474186 -0.577502 1.72342 -2.95206 0.457622 1.97278 -0.02995 -0.012233 0.0709011 -0.00919799 -0.0307639 -0.0058889 0.0779334 1.82649 0.0570582 -0.659201 1.4794 -2.9502 0.486881 1.97846 -0.0203104 -0.0939315 -0.173124 -0.00733271 -0.00150519 -0.000212234 0.198009 0.423362 -0.468044 2.1003 1.00515 -0.00144533 -0.000991414 -1.93993 -1.02506 0.796475 -0.196857 -0.000419672 8.18218e-05 -0.727009
621.504 0.0785393 -0.569243 1.65112 -2.94342 0.487813 1.97842 0.0474001 -0.582797 1.72347 -2.93404 0.471662 1.97649 -0.0311392 -0.0135536 0.0723421 0.00937701 -0.0161509 -0.0019306 0.079917 1.1011 0.0574435 -0.661362 1.47696 -2.9506 0.486431 1.97848 -0.0210958 -0.0921193 -0.174168 -0.00718313 -0.00138225 6.02651e-05 0.198155 0.420579 -0.465924 2.1015 1.00297 -0.00164756 -0.00027127 -1.94003 -1.02506 0.796475 -0.196857 -0.000419672 8.18218e-05 -0.727009
621.798 0.0800305 -0.572957 1.64982 -2.94372 0.487223 1.97816 0.0478009 -0.574268 1.68289 -2.94965 0.507786 1.97626 -0.0322296 -0.00131108 0.0330765 -0.00593738 0.0205636 -0.00190949 0.0462009 1.2166 0.0560391 -0.662587 1.47421 -2.95024 0.486276 1.97856 -0.0239913 -0.0896292 -0.175606 -0.00652507 -0.000946864 0.000395665 0.198611 0.388662 -0.463802 2.10262 1.0009 -0.00159143 0.000374475 -1.94014 -1.02506 0.796475 -0.196857 -0.000419672 8.18218e-05 -0.727009
622.163 0.0824499 -0.577615 1.64813 -2.94378 0.486363 1.97778 0.0507206 -0.579592 1.68343 -2.93629 0.490305 1.97305 -0.0317292 -0.00197771 0.035292 0.00749219 0.00394259 -0.00472417 0.0474993 0.646496 0.055848 -0.665577 1.47159 -2.94887 0.486193 1.97858 -0.0266019 -0.0879626 -0.176545 -0.00508687 -0.000170088 0.000799625 0.199031 0.315279 -0.460988 2.10393 0.998288 -0.00116569 0.00118623 -1.9403 -1.02506 0.796475 -0.196857 -0.000419672 8.18218e-05 -0.727009
622.383 0.0846095 -0.580295 1.64713 -2.94342 0.485948 1.97754 0.0522786 -0.593151 1.70988 -2.95305 0.480326 1.96154 -0.0323309 -0.0128554 0.0627497 -0.00963838 -0.00562226 -0.0160049 0.07175 0.882487 0.0564253 -0.667549 1.47019 -2.94778 0.486001 1.97849 -0.0281842 -0.0872536 -0.176938 -0.00436119 5.33437e-05 0.00095085 0.199285 0.279765 -0.458914 2.10476 0.996463 -0.000559413 0.00143879 -1.94043 -1.02506 0.796475 -0.196857 -0.000419672 8.18218e-05 -0.727009
622.708 0.0867895 -0.581937 1.64654 -2.94282 0.485968 1.97741 0.0536685 -0.58704 1.6837 -2.93587 0.487566 1.97341 -0.0331211 -0.00510278 0.0371594 0.00695465 0.00159802 -0.00400399 0.0500387 0.552493 0.0569941 -0.668837 1.46942 -2.9462 0.48646 1.97855 -0.0297954 -0.0869 -0.177119 -0.00337742 0.00049188 0.00113907 0.199526 0.23239 -0.456894 2.10546 0.994854 5.14322e-05 0.00121354 -1.94054 -1.02506 0.796475 -0.196857 -0.000419672 8.18218e-05 -0.727009
622.957 0.0888416 -0.582825 1.64635 -2.94219 0.48627 1.97736 0.0566214 -0.589006 1.683 -2.94884 0.501396 1.9777 -0.0322201 -0.00618072 0.0366565 -0.00665147 0.0151267 0.000340214 0.0491939 0.950799 0.0588176 -0.668182 1.46835 -2.94445 0.487271 1.97883 -0.030024 -0.0853567 -0.177999 -0.00226111 0.00100193 0.00146501 0.199677 0.193827 -0.454947 2.10604 0.993562 0.000565598 0.000714853 -1.94064 -1.02506 0.796475 -0.196857 -0.000419672 8.18218e-05 -0.727009
623.34 0.0914356 -0.583226 1.64676 -2.94136 0.486836 1.97736 0.059554 -0.59003 1.68384 -2.93417 0.485659 1.97495 -0.0318816 -0.00680426 0.0370851 0.00718665 -0.00117698 -0.00241031 0.0493765 0.496534 0.0602731 -0.667544 1.46817 -2.94172 0.488901 1.97926 -0.0311626 -0.0843181 -0.178591 -0.000363986 0.00206482 0.00189876 0.199938 0.167859 -0.452482 2.10668 0.992594 0.00115275 -9.7292e-05 -1.94075 -1.02506 0.796475 -0.196857 -0.000419672 8.18218e-05 -0.727009
623.634 0.0931828 -0.583177 1.64753 -2.94085 0.487273 1.97739 0.0615069 -0.594314 1.6961 -2.96698 0.490827 1.94948 -0.0316759 -0.0111362 0.0485722 -0.0261296 0.00355455 -0.0279069 0.0590478 1.60937 0.0601921 -0.667578 1.46899 -2.93952 0.490501 1.97965 -0.0329907 -0.0844002 -0.17854 0.00132947 0.00322841 0.00225745 0.20022 0.218503 -0.45074 2.10709 0.992486 0.00146141 -0.000673968 -1.94082 -1.02506 0.796475 -0.196857 -0.000419672 8.18218e-05 -0.727009
623.966 0.0950187 -0.582888 1.64866 -2.94025 0.487637 1.97743 0.0624974 -0.590058 1.68392 -2.93306 0.485195 1.97585 -0.0325213 -0.00716964 0.0352654 0.00718901 -0.00244215 -0.00157761 0.0485045 0.482139 0.0615614 -0.666852 1.46987 -2.93758 0.491997 1.97995 -0.0334573 -0.0839635 -0.178785 0.0026698 0.00436029 0.00251731 0.200333 0.29342 -0.449092 2.10746 0.992853 0.00188512 -0.00122026 -1.94086 -1.02506 0.796475 -0.196857 -0.000419672 8.18218e-05 -0.727009
624.289 0.0976774 -0.581769 1.65073 -2.93908 0.488246 1.97755 0.0654447 -0.589063 1.68317 -2.94544 0.500015 1.98049 -0.0322328 -0.00729369 0.0324373 -0.00635884 0.011769 0.0029381 0.0463069 0.820915 0.0625335 -0.665891 1.47205 -2.93572 0.493297 1.98009 -0.035144 -0.0841219 -0.178676 0.00336316 0.00505059 0.00254558 0.200591 0.340349 -0.447053 2.10795 0.993883 0.00270841 -0.0021862 -1.94088 -1.02506 0.796475 -0.196857 -0.000419672 8.18218e-05 -0.727009
624.658 0.0999676 -0.580383 1.6526 -2.93778 0.488813 1.97769 0.0683855 -0.587177 1.6841 -2.93029 0.485234 1.97791 -0.0315821 -0.00679418 0.0314927 0.00748727 -0.00357861 0.000215977 0.0451152 0.470638 0.0627883 -0.665709 1.47465 -2.93421 0.494092 1.98015 -0.0371793 -0.0853258 -0.177948 0.00357392 0.00527884 0.00245646 0.200819 0.354982 -0.445656 2.10834 0.994872 0.00365994 -0.00316154 -1.94087 -1.02506 0.796475 -0.196857 -0.000419672 8.18218e-05 -0.727009
624.993 0.102283 -0.579141 1.65447 -2.9364 0.489249 1.97784 0.071335 -0.585187 1.6847 -2.91213 0.499787 1.98288 -0.0309482 -0.00604543 0.0302259 0.024266 0.0105377 0.00504771 0.04368 1.41416 0.0630586 -0.665552 1.4772 -2.93272 0.494549 1.98007 -0.0392245 -0.0864111 -0.177276 0.00367474 0.00529931 0.00223041 0.201077 0.35718 -0.444392 2.10882 0.995928 0.00473479 -0.00404559 -1.94084 -1.02506 0.796475 -0.196857 -0.000419672 8.18218e-05 -0.727009
625.276 0.10477 -0.5782 1.65679 -2.93499 0.489575 1.97801 0.073351 -0.586784 1.69572 -2.9561 0.521293 1.96172 -0.0314185 -0.00858453 0.0389314 -0.0211149 0.0317172 -0.0162925 0.050759 2.13148 0.0631912 -0.664159 1.47931 -2.93142 0.494652 1.98001 -0.0415784 -0.0859593 -0.17748 0.00356607 0.00507675 0.00199674 0.201536 0.342641 -0.442949 2.10963 0.997356 0.00586023 -0.00484004 -1.94076 -1.02506 0.796475 -0.196857 -0.000419672 8.18218e-05 -0.727009
625.543 0.106145 -0.578453 1.65821 -2.93435 0.489439 1.97808 0.0742816 -0.582282 1.68481 -2.91042 0.500284 1.98409 -0.0318635 -0.00382843 0.0266045 0.0239304 0.0108447 0.00601651 0.0416862 1.39128 0.0639568 -0.663607 1.48028 -2.93091 0.494384 1.97998 -0.0421883 -0.0851539 -0.177926 0.00343478 0.00494489 0.00189821 0.201715 0.332202 -0.442076 2.11042 0.998357 0.00646801 -0.00493767 -1.94067 -1.02506 0.796475 -0.196857 -0.000419672 8.18218e-05 -0.727009
625.877 0.106912 -0.579513 1.65929 -2.93417 0.489058 1.97811 0.07769 -0.590407 1.71058 -2.94228 0.477169 1.96981 -0.029222 -0.0108939 0.0512985 -0.0081065 -0.0118895 -0.00829198 0.0600345 0.836966 0.0649863 -0.663119 1.48047 -2.93071 0.494186 1.98001 -0.0419257 -0.083606 -0.178812 0.00346128 0.0051279 0.00190491 0.201796 0.342641 -0.441399 2.11138 0.999193 0.00675244 -0.00464997 -1.94057 -1.02506 0.796475 -0.196857 -0.000419672 8.18218e-05 -0.727009
626.178 0.107156 -0.581261 1.65998 -2.93433 0.488501 1.97811 0.0772176 -0.582726 1.68396 -2.92135 0.514552 1.9894 -0.0299387 -0.00146537 0.0239758 0.0129868 0.0260507 0.0112893 0.0383837 1.65446 0.0665851 -0.663516 1.48038 -2.9307 0.494078 1.98015 -0.0405711 -0.0822549 -0.179598 0.00363577 0.00557737 0.0020452 0.201662 0.369035 -0.44093 2.11249 0.999732 0.00679069 -0.00408213 -1.94046 -1.02506 0.796475 -0.196857 -0.000419672 8.18218e-05 -0.727009
626.459 0.10684 -0.584465 1.66017 -2.93487 0.487591 1.97808 0.0776898 -0.593393 1.71058 -2.94281 0.476196 1.96955 -0.0291498 -0.00892829 0.0504085 -0.00794484 -0.011395 -0.00852699 0.0589105 0.816133 0.0677236 -0.66284 1.47832 -2.93073 0.493539 1.98035 -0.0391161 -0.0783749 -0.18185 0.00413935 0.00594858 0.00227385 0.201846 0.400563 -0.440638 2.11418 0.999739 0.00661424 -0.00306152 -1.94029 -1.02506 0.796475 -0.196857 -0.000419672 8.18218e-05 -0.727009
626.807 0.10627 -0.587837 1.65953 -2.93547 0.486585 1.97799 0.0776897 -0.596379 1.71057 -2.94334 0.475226 1.96929 -0.0285805 -0.00854235 0.0510443 -0.00787477 -0.0113589 -0.00869449 0.0591213 0.817092 0.0684406 -0.66395 1.47638 -2.93066 0.492444 1.98052 -0.0378296 -0.076113 -0.183149 0.00480761 0.00585902 0.00253351 0.20191 0.414959 -0.440674 2.11557 0.999107 0.00644014 -0.00192746 -1.94016 -1.02506 0.796475 -0.196857 -0.000419672 8.18218e-05 -0.727009
627.162 0.105355 -0.591523 1.65838 -2.93618 0.485575 1.9779 0.0763529 -0.595491 1.69733 -2.94451 0.502638 1.95771 -0.029002 -0.00396842 0.0389535 -0.00832981 0.0170633 -0.0201919 0.0487261 1.41361 0.0667673 -0.666412 1.47455 -2.93106 0.491195 1.98044 -0.0385876 -0.0748888 -0.183833 0.00511899 0.00562001 0.00253925 0.202217 0.413068 -0.440935 2.11701 0.997932 0.00616842 -0.000751377 -1.94004 -1.02506 0.796475 -0.196857 -0.000419672 8.18218e-05 -0.727009
627.467 0.103916 -0.595701 1.65655 -2.93676 0.484725 1.9779 0.0742711 -0.59501 1.68336 -2.94315 0.496644 1.98269 -0.029645 0.000690423 0.0268055 -0.00638826 0.0119183 0.00479482 0.0399729 0.877596 0.0644566 -0.669691 1.47223 -2.93167 0.489962 1.98024 -0.0394594 -0.0739904 -0.184319 0.00509345 0.00523694 0.00234678 0.202497 0.395648 -0.441642 2.11897 0.995657 0.00591302 0.000230614 -1.93986 -1.02506 0.796475 -0.196857 -0.000419672 8.18218e-05 -0.727009
627.75 0.102654 -0.598656 1.65491 -2.93708 0.484205 1.97792 0.0742818 -0.599934 1.68479 -2.91387 0.494378 1.9824 -0.0283721 -0.00127786 0.0298832 0.0232133 0.0101734 0.00448043 0.0412263 1.36143 0.0621722 -0.673806 1.47128 -2.93256 0.489373 1.97979 -0.0404816 -0.0751495 -0.183632 0.00452388 0.00516812 0.00186739 0.202501 0.3743 -0.442444 2.12042 0.993596 0.00577642 0.000821217 -1.93974 -1.02506 0.796475 -0.196857 -0.000419672 8.18218e-05 -0.727009
628.092 0.101224 -0.601814 1.65304 -2.93745 0.483526 1.97791 0.0731936 -0.612549 1.7098 -2.94402 0.500892 1.97402 -0.02803 -0.0107347 0.0567559 -0.00657352 0.0173656 -0.0038907 0.0642039 1.04978 0.0602173 -0.677851 1.46993 -2.93371 0.488484 1.9794 -0.0410063 -0.0760371 -0.183107 0.00374559 0.00495759 0.00149013 0.202463 0.341497 -0.443482 2.12183 0.991466 0.00567247 0.00157387 -1.93961 -1.02506 0.796475 -0.196857 -0.000419672 8.18218e-05 -0.727009
628.459 0.0987074 -0.605866 1.65054 -2.93822 0.482635 1.9779 0.0713301 -0.607792 1.68416 -2.93299 0.477986 1.97696 -0.0273773 -0.00192628 0.0336211 0.00522718 -0.00464983 -0.000933214 0.0434005 0.422436 0.0583098 -0.684239 1.46876 -2.93605 0.486887 1.9787 -0.0403977 -0.0783732 -0.18178 0.00217021 0.00425154 0.000804444 0.202035 0.266879 -0.445241 2.12361 0.988795 0.00526249 0.00266432 -1.93944 -1.02506 0.796475 -0.196857 -0.000419672 8.18218e-05 -0.727009
628.805 0.0961541 -0.60827 1.64893 -2.93911 0.482272 1.97797 0.068385 -0.612033 1.68365 -2.93042 0.506094 1.98363 -0.0277691 -0.00376385 0.034726 0.00869334 0.0238224 0.00566079 0.0446226 1.4364 0.0566851 -0.688831 1.4683 -2.93838 0.485679 1.9783 -0.039469 -0.0805613 -0.180628 0.000730927 0.00340694 0.000334879 0.201679 0.197824 -0.446839 2.12483 0.987036 0.00448263 0.00332834 -1.9393 -1.02506 0.796475 -0.196857 -0.000419672 8.18218e-05 -0.727009
629.011 0.0926922 -0.609922 1.64757 -2.94037 0.482375 1.97816 0.065442 -0.614946 1.68358 -2.93209 0.505583 1.98241 -0.0272503 -0.00502413 0.0360013 0.00827737 0.0232072 0.00424665 0.0454303 1.39381 0.0574092 -0.691495 1.46757 -2.94052 0.484895 1.97831 -0.0352831 -0.0815731 -0.180005 -0.000149845 0.00251918 0.000148518 0.200751 0.14537 -0.448656 2.12591 0.98551 0.00321198 0.00364964 -1.93917 -1.02506 0.796475 -0.196857 -0.000419672 8.18218e-05 -0.727009
629.388 0.0889024 -0.610597 1.64661 -2.94169 0.482903 1.97845 0.0624994 -0.61786 1.6835 -2.93375 0.505068 1.98119 -0.0264031 -0.00726279 0.0368909 0.00793724 0.0221648 0.00274175 0.0459436 1.33295 0.0572478 -0.694034 1.4676 -2.94227 0.484277 1.97853 -0.0316547 -0.0834367 -0.179008 -0.000578878 0.00137372 8.30659e-05 0.200019 0.0884693 -0.450654 2.12683 0.984209 0.00164895 0.00362929 -1.93903 -1.02506 0.796475 -0.196857 -0.000419672 8.18218e-05 -0.727009
629.686 0.0837092 -0.609828 1.64593 -2.94319 0.484287 1.97898 0.0577898 -0.623301 1.69637 -2.93757 0.477493 1.98988 -0.0259194 -0.0134733 0.0504364 0.00562168 -0.0067934 0.0109038 0.0582853 0.67782 0.0576573 -0.696965 1.46896 -2.9433 0.484716 1.97925 -0.0260519 -0.087137 -0.176974 -0.000105323 0.000429408 0.000272525 0.198975 0.0279765 -0.453504 2.12777 0.982801 -0.000504711 0.00288366 -1.93885 -1.02506 0.796475 -0.196857 -0.000419672 8.18218e-05 -0.727009
630.043 0.0798013 -0.60794 1.64589 -2.94405 0.485873 1.97947 0.0536739 -0.617792 1.68332 -2.93713 0.506443 1.97836 -0.0261274 -0.00985211 0.0374269 0.00692868 0.0205694 -0.00111063 0.0466956 1.25492 0.0581246 -0.697362 1.47017 -2.94357 0.48602 1.97994 -0.0216767 -0.0894217 -0.175715 0.000481941 0.00014652 0.00047159 0.198348 0.0279765 -0.455702 2.12827 0.981959 -0.00209747 0.00173296 -1.93874 -1.02506 0.796475 -0.196857 -0.000419672 8.18218e-05 -0.727009
630.367 0.0762003 -0.605681 1.64598 -2.94467 0.487476 1.97993 0.0488977 -0.620277 1.6962 -2.94029 0.47982 1.98748 -0.0273026 -0.0145964 0.0502157 0.00438893 -0.00765636 0.00754944 0.0589924 0.584168 0.0579878 -0.697128 1.4714 -2.94328 0.487379 1.98075 -0.0182125 -0.0914474 -0.174584 0.00139622 -9.673e-05 0.000824051 0.197924 0.0740187 -0.457878 2.12861 0.981297 -0.00345683 0.000480903 -1.93866 -1.02506 0.796475 -0.196857 -0.000419672 8.18218e-05 -0.727009
630.7 0.0721291 -0.602621 1.64617 -2.94511 0.489341 1.98042 0.0448615 -0.612462 1.68283 -2.95744 0.495271 1.97189 -0.0272675 -0.00984107 0.0366582 -0.0123324 0.00592967 -0.00852924 0.0467353 0.725777 0.0584573 -0.699268 1.47458 -2.94302 0.489207 1.98159 -0.0136717 -0.096647 -0.171592 0.0020947 -0.000133995 0.00116556 0.197411 0.108352 -0.460642 2.12885 0.980689 -0.00475675 -0.00107649 -1.9386 -1.02506 0.796475 -0.196857 -0.000419672 8.18218e-05 -0.727009
631.009 0.0695476 -0.599712 1.64661 -2.94507 0.490911 1.9808 0.0419221 -0.609513 1.6828 -2.95807 0.496686 1.97122 -0.0276254 -0.00980056 0.0361979 -0.012996 0.00577435 -0.00957274 0.046578 0.760018 0.0590462 -0.701293 1.47788 -2.94268 0.490646 1.98212 -0.0105013 -0.101581 -0.168723 0.00238893 -0.000265376 0.00131832 0.197222 0.121947 -0.46255 2.12892 0.980401 -0.00544728 -0.0025307 -1.93858 -1.02506 0.796475 -0.196857 -0.000419672 8.18218e-05 -0.727009
631.349 0.0671538 -0.59662 1.64717 -2.94498 0.492562 1.98117 0.0389829 -0.606565 1.68278 -2.9587 0.498103 1.97055 -0.0281709 -0.00994592 0.0356076 -0.0137116 0.00554123 -0.0106225 0.0464803 0.79623 0.0606908 -0.701875 1.48062 -2.94231 0.492095 1.98266 -0.00646298 -0.105256 -0.166557 0.00267428 -0.000467215 0.00148643 0.197134 0.137056 -0.464273 2.12892 0.9802 -0.00612563 -0.00407439 -1.93857 -1.02506 0.796475 -0.196857 -0.000419672 8.18218e-05 -0.727009
631.698 0.064409 -0.594252 1.64741 -2.94523 0.493808 1.98143 0.036031 -0.603001 1.68307 -2.94136 0.514114 1.97398 -0.028378 -0.00874893 0.035658 0.00386568 0.0203065 -0.00745342 0.0464042 1.29483 0.0641451 -0.703832 1.48343 -2.94193 0.492893 1.98336 -0.000263847 -0.10958 -0.163977 0.00329986 -0.000915029 0.00192751 0.197221 0.174713 -0.466213 2.1289 0.980056 -0.00691453 -0.00513213 -1.93859 -1.02506 0.796475 -0.196857 -0.000419672 8.18218e-05 -0.727009
632.035 0.0627046 -0.593608 1.64732 -2.94563 0.494136 1.98147 0.0340829 -0.605395 1.69601 -2.94319 0.486921 1.98425 -0.0286217 -0.0117871 0.0486945 0.00244409 -0.00721447 0.0027794 0.0577 0.441462 0.06482 -0.706701 1.48541 -2.94196 0.492891 1.98348 0.00211541 -0.113093 -0.161904 0.0036723 -0.00124499 0.00201147 0.197503 0.199792 -0.467363 2.12889 0.980062 -0.00742509 -0.00528949 -1.93862 -1.02506 0.796475 -0.196857 -0.000419672 8.18218e-05 -0.727009
632.364 0.0612387 -0.593115 1.64734 -2.94609 0.494407 1.9815 0.031351 -0.595965 1.66952 -2.92797 0.495864 1.99434 -0.0298877 -0.00285015 0.022179 0.0181193 0.00145707 0.0128426 0.037327 0.948739 0.0655287 -0.709297 1.48726 -2.94217 0.492546 1.98339 0.00428998 -0.116181 -0.160077 0.00391818 -0.00186102 0.00189675 0.197841 0.223812 -0.468233 2.12889 0.980187 -0.00795493 -0.00537945 -1.93865 -1.02506 0.796475 -0.196857 -0.000419672 8.18218e-05 -0.727009
632.651 0.060215 -0.592538 1.64758 -2.94638 0.494683 1.98151 0.0301518 -0.600042 1.68302 -2.94317 0.51601 1.97231 -0.0300631 -0.00750465 0.0354365 0.0032061 0.021327 -0.00920444 0.0470729 1.378 0.0668374 -0.71289 1.48997 -2.94234 0.492029 1.98315 0.0066224 -0.120352 -0.157611 0.00403596 -0.00265405 0.0016355 0.198418 0.254878 -0.468804 2.12889 0.980464 -0.00832999 -0.00553085 -1.93868 -1.02506 0.796475 -0.196857 -0.000419672 8.18218e-05 -0.727009
632.949 0.059833 -0.59112 1.64849 -2.94617 0.495248 1.98159 0.0296298 -0.602233 1.69545 -2.94374 0.489134 1.98331 -0.0302032 -0.011113 0.046964 0.0024292 -0.00611325 0.00171697 0.0569329 0.372203 0.0694042 -0.715957 1.49355 -2.94238 0.491593 1.98283 0.00957125 -0.124836 -0.15494 0.00378372 -0.00365461 0.00123702 0.199203 0.285305 -0.469083 2.12891 0.981109 -0.00837078 -0.00612194 -1.93872 -1.02506 0.796475 -0.196857 -0.000419672 8.18218e-05 -0.727009
633.265 0.0602033 -0.590296 1.64936 -2.94582 0.495453 1.9816 0.0284168 -0.592296 1.66943 -2.91098 0.512009 1.99785 -0.0317866 -0.00200023 0.020071 0.0348358 0.0165565 0.0162427 0.0376461 1.98899 0.070974 -0.716481 1.49523 -2.94265 0.490961 1.98254 0.0107707 -0.126185 -0.154127 0.00317356 -0.00449152 0.00093522 0.199484 0.305187 -0.468924 2.12894 0.98184 -0.00812056 -0.00643308 -1.93875 -1.02506 0.796475 -0.196857 -0.000419672 8.18218e-05 -0.727009
633.564 0.0609491 -0.590296 1.65021 -2.94561 0.495188 1.9815 0.0301717 -0.596079 1.6822 -2.95578 0.531946 1.9761 -0.0307775 -0.00578348 0.0319933 -0.0101662 0.0367583 -0.0054033 0.0447691 2.16645 0.072747 -0.716979 1.49637 -2.94284 0.490255 1.9823 0.0117978 -0.126683 -0.153838 0.00276519 -0.0049321 0.000794884 0.199635 0.316518 -0.468454 2.129 0.982819 -0.0077795 -0.00626387 -1.93879 -1.02506 0.796475 -0.196857 -0.000419672 8.18218e-05 -0.727009
633.842 0.0627065 -0.591207 1.65139 -2.94527 0.494239 1.9812 0.031129 -0.599732 1.69465 -2.95508 0.504627 1.98805 -0.0315775 -0.00852523 0.0432606 -0.00980888 0.0103885 0.00685842 0.0542338 1.01799 0.0743159 -0.718702 1.49799 -2.94318 0.488704 1.98164 0.0116094 -0.127495 -0.153401 0.00208705 -0.00553493 0.000439847 0.199804 0.335718 -0.467376 2.12914 0.984484 -0.00697974 -0.00551273 -1.93888 -1.02506 0.796475 -0.196857 -0.000419672 8.18218e-05 -0.727009
634.18 0.0649496 -0.592099 1.65236 -2.94454 0.493258 1.98089 0.0328733 -0.606398 1.7093 -2.95752 0.508563 1.96239 -0.0320763 -0.0142996 0.0569383 -0.0129889 0.0153049 -0.0184962 0.066898 1.29935 0.0761532 -0.719703 1.49898 -2.94325 0.487313 1.98097 0.0112037 -0.127604 -0.153379 0.00128051 -0.00594481 7.94257e-05 0.199834 0.348305 -0.466267 2.12927 0.98583 -0.00580043 -0.00487231 -1.93895 -1.02506 0.796475 -0.196857 -0.000419672 8.18218e-05 -0.727009
634.46 0.0675291 -0.593142 1.6533 -2.94369 0.492207 1.98056 0.0330913 -0.597112 1.68304 -2.94149 0.516577 1.97354 -0.0344378 -0.00396992 0.0297493 0.00219717 0.0243701 -0.00701366 0.0456809 1.47512 0.0794156 -0.719175 1.49896 -2.94312 0.485925 1.98052 0.0118865 -0.126033 -0.154333 0.000566641 -0.00628221 -3.35607e-05 0.19961 0.361536 -0.464954 2.12941 0.987119 -0.0044778 -0.00420675 -1.93904 -1.02506 0.796475 -0.196857 -0.000419672 8.18218e-05 -0.727009
634.767 0.0706581 -0.594428 1.65455 -2.94288 0.491102 1.98015 0.0370454 -0.602445 1.69605 -2.94156 0.487451 1.98541 -0.0336127 -0.0080162 0.0415002 0.00131775 -0.00365153 0.00525568 0.0540032 0.344917 0.0840927 -0.718122 1.49882 -2.94247 0.484821 1.98016 0.0134346 -0.123693 -0.155732 0.000408477 -0.00628139 1.33765e-05 0.199331 0.360452 -0.462976 2.1296 0.988655 -0.00313805 -0.00347654 -1.93918 -1.02506 0.796475 -0.196857 -0.000419672 8.18218e-05 -0.727009
635.243 0.072844 -0.595158 1.65556 -2.9424 0.490515 1.97989 0.0414054 -0.611953 1.7229 -2.95588 0.478602 1.97585 -0.0314387 -0.0167947 0.0673365 -0.0134831 -0.0119121 -0.00404169 0.0761883 0.97438 0.0870909 -0.71772 1.49915 -2.94144 0.484833 1.98003 0.0142469 -0.122562 -0.156408 0.000954397 -0.00568109 0.000142776 0.199219 0.329838 -0.461375 2.12975 0.989731 -0.00234794 -0.00310645 -1.93929 -1.02506 0.796475 -0.196857 -0.000419672 8.18218e-05 -0.727009
635.877 0.0749161 -0.595633 1.65675 -2.942 0.490111 1.97967 0.0419226 -0.599029 1.68223 -2.95155 0.529142 1.9798 -0.0329936 -0.0033957 0.0254807 -0.00955562 0.0390314 0.000123407 0.0418255 2.30325 0.0886531 -0.71714 1.4997 -2.94058 0.485058 1.97989 0.013737 -0.121507 -0.157044 0.00141768 -0.00505318 0.000215906 0.199036 0.300014 -0.45971 2.12989 0.990871 -0.00172952 -0.00287845 -1.9394 -1.02506 0.796475 -0.196857 -0.000419672 8.18218e-05 -0.727009
636.609 0.0805202 -0.595449 1.66053 -2.94029 0.489483 1.97924 0.047425 -0.611979 1.72297 -2.95369 0.477724 1.97762 -0.0330952 -0.0165298 0.062437 -0.0133917 -0.0117596 -0.00162259 0.0725735 0.99229 0.0954757 -0.711394 1.50022 -2.93732 0.486493 1.97978 0.0149555 -0.115945 -0.160308 0.00297593 -0.00299011 0.000539137 0.198408 0.234068 -0.455707 2.13023 0.994297 0.000298572 -0.00289999 -1.93965 -1.02506 0.796475 -0.196857 -0.000419672 8.18218e-05 -0.727009
637.176 0.083218 -0.595363 1.66248 -2.93937 0.489011 1.97901 0.0507327 -0.597198 1.68329 -2.93453 0.513852 1.97933 -0.0324853 -0.00183487 0.0208105 0.00483538 0.0248406 0.000316095 0.038623 1.44834 0.0986603 -0.709386 1.50103 -2.93569 0.486879 1.97963 0.0154423 -0.114024 -0.161448 0.00367531 -0.0021321 0.000615866 0.198256 0.2307 -0.454013 2.1304 0.996241 0.00144266 -0.00279066 -1.93976 -1.02506 0.796475 -0.196857 -0.000419672 8.18218e-05 -0.727009
637.939 0.0890291 -0.595597 1.66761 -2.9376 0.487434 1.97839 0.0567719 -0.606193 1.71084 -2.93656 0.489749 1.96559 -0.0322572 -0.0105953 0.0432284 0.00103876 0.00231432 -0.0128062 0.054968 0.774807 0.106441 -0.707236 1.50471 -2.93318 0.486222 1.97884 0.0174122 -0.111639 -0.162903 0.00442057 -0.0012123 0.000447153 0.198252 0.251788 -0.45039 2.13093 1.00191 0.0039529 -0.0019632 -1.93998 -1.02506 0.796475 -0.196857 -0.000419672 8.18218e-05 -0.727009
638.318 0.0909478 -0.595478 1.67005 -2.93709 0.486896 1.97818 0.0594674 -0.609039 1.72317 -2.9488 0.476899 1.9814 -0.0314804 -0.0135608 0.0531158 -0.0117094 -0.00999614 0.00321968 0.0632154 0.962662 0.107581 -0.706454 1.50675 -2.93272 0.485496 1.97842 0.0166328 -0.110975 -0.163305 0.00436904 -0.00139937 0.000246019 0.198143 0.256409 -0.449074 2.13122 1.0046 0.00472232 -0.00164617 -1.94006 -1.02506 0.796475 -0.196857 -0.000419672 8.18218e-05 -0.727009
638.652 0.0923544 -0.595135 1.67245 -2.93677 0.486586 1.97803 0.0612408 -0.603499 1.70954 -2.94697 0.505686 1.9711 -0.0311136 -0.00836352 0.0370939 -0.0102017 0.0191001 -0.00692715 0.0491321 1.21499 0.109019 -0.705889 1.50905 -2.93291 0.484725 1.97789 0.0166643 -0.110753 -0.1634 0.0038513 -0.00186087 -0.000134181 0.1981 0.24866 -0.447944 2.13155 1.00717 0.00521334 -0.00147294 -1.94013 -1.02506 0.796475 -0.196857 -0.000419672 8.18218e-05 -0.727009
639.092 0.093616 -0.594349 1.6755 -2.93648 0.486528 1.97795 0.062753 -0.603261 1.711 -2.93379 0.48982 1.96766 -0.030863 -0.00891221 0.0354965 0.00268918 0.00329262 -0.0102825 0.0478744 0.701092 0.110822 -0.704256 1.51156 -2.93347 0.484051 1.97749 0.0172062 -0.109908 -0.163945 0.00301024 -0.0024763 -0.000459581 0.198125 0.234068 -0.446751 2.13204 1.01012 0.00553196 -0.00152018 -1.94019 -1.02506 0.796475 -0.196857 -0.000419672 8.18218e-05 -0.727009
639.518 0.0938846 -0.593482 1.6776 -2.9365 0.486831 1.97799 0.0642284 -0.600535 1.70961 -2.9453 0.506228 1.97232 -0.0296561 -0.0070529 0.0320022 -0.00879376 0.0193973 -0.00567604 0.0441969 1.19943 0.111308 -0.702963 1.51342 -2.93426 0.484029 1.97739 0.0174239 -0.109481 -0.164187 0.00224363 -0.00280202 -0.000604233 0.198108 0.218503 -0.4461 2.13245 1.01197 0.00538701 -0.00179226 -1.94021 -1.02506 0.796475 -0.196857 -0.000419672 8.18218e-05 -0.727009
640.501 0.0930139 -0.592263 1.68113 -2.93726 0.487536 1.97819 0.0645169 -0.606692 1.73803 -2.94841 0.48333 1.95714 -0.0284969 -0.0144288 0.0569006 -0.0111451 -0.00420634 -0.0210418 0.065253 1.09575 0.110827 -0.699838 1.51586 -2.93638 0.484785 1.97737 0.0178134 -0.107574 -0.165268 0.000883381 -0.00275141 -0.000813756 0.197998 0.179137 -0.445383 2.13343 1.01501 0.00433695 -0.00217386 -1.94018 -1.02506 0.796475 -0.196857 -0.000419672 8.18218e-05 -0.727009
640.852 0.0917639 -0.592455 1.68283 -2.93823 0.487649 1.97828 0.0627476 -0.596153 1.70989 -2.94634 0.507253 1.97197 -0.0290163 -0.00369818 0.0270624 -0.00811135 0.0196045 -0.0063096 0.0398497 1.20333 0.107993 -0.697333 1.51602 -2.93766 0.485092 1.97745 0.0162295 -0.104878 -0.166808 0.000563209 -0.00255684 -0.000827619 0.197706 0.160713 -0.44527 2.13418 1.01667 0.00334631 -0.00193893 -1.94013 -1.02506 0.796475 -0.196857 -0.000419672 8.18218e-05 -0.727009
641.324 0.0910318 -0.593338 1.68359 -2.93885 0.487315 1.97828 0.0624632 -0.600823 1.72332 -2.92816 0.493868 1.9873 -0.0285686 -0.00748484 0.0397311 0.0106837 0.0065532 0.00902648 0.0495051 0.69605 0.105074 -0.696813 1.51598 -2.93853 0.485062 1.97751 0.0140424 -0.103476 -0.167608 0.000317599 -0.0022528 -0.000763637 0.197476 0.139882 -0.445338 2.13478 1.01762 0.00288015 -0.00141408 -1.94006 -1.02506 0.796475 -0.196857 -0.000419672 8.18218e-05 -0.727009
641.626 0.0903459 -0.594726 1.68392 -2.93946 0.486736 1.97824 0.061479 -0.606666 1.73796 -2.94952 0.483772 1.95625 -0.0288669 -0.0119404 0.0540409 -0.0100658 -0.0029637 -0.02199 0.0624203 1.12744 0.1034 -0.695959 1.51502 -2.93947 0.484921 1.97753 0.0130542 -0.101233 -0.168902 -1.02308e-05 -0.00181521 -0.000706368 0.197349 0.111906 -0.445524 2.13537 1.01827 0.00252842 -0.000669761 -1.93998 -1.02506 0.796475 -0.196857 -0.000419672 8.18218e-05 -0.727009
642.242 0.088549 -0.599136 1.68347 -2.94105 0.484778 1.97806 0.0594578 -0.605389 1.72346 -2.92946 0.49307 1.98609 -0.0290912 -0.00625254 0.0399932 0.0115847 0.00829196 0.00803182 0.0498482 0.768722 0.0993905 -0.693784 1.51079 -2.94115 0.484706 1.97754 0.0108415 -0.0946479 -0.172684 -0.000103124 -7.25531e-05 -0.000515002 0.197219 0.0279765 -0.446414 2.13659 1.01906 0.00180169 0.00168481 -1.93974 -1.02506 0.796475 -0.196857 -0.000419672 8.18218e-05 -0.727009
642.594 0.0875464 -0.600736 1.68315 -2.94177 0.484043 1.97801 0.0584416 -0.612711 1.73788 -2.95164 0.482243 1.95486 -0.0291048 -0.0119756 0.0547316 -0.00987178 -0.00179959 -0.0231485 0.0631352 1.18002 0.0981781 -0.692756 1.50897 -2.94148 0.484932 1.97759 0.0106318 -0.0920204 -0.174179 0.000288816 0.000889553 -0.000414532 0.197279 0.0625573 -0.446995 2.13696 1.01932 0.0013983 0.0026127 -1.93964 -1.02506 0.796475 -0.196857 -0.000419672 8.18218e-05 -0.727009
642.988 0.0862997 -0.601621 1.68303 -2.94236 0.48351 1.97803 0.0564458 -0.608373 1.72339 -2.93113 0.492559 1.98491 -0.0298539 -0.00675276 0.0403624 0.0112324 0.00904931 0.00687406 0.0506555 0.774807 0.0972124 -0.690891 1.50728 -2.94139 0.485443 1.97778 0.0109126 -0.0892703 -0.175745 0.00096882 0.00193323 -0.000253115 0.19742 0.128204 -0.447951 2.13721 1.01976 0.00102219 0.00330739 -1.93951 -1.02506 0.796475 -0.196857 -0.000419672 8.18218e-05 -0.727009
643.286 0.0852229 -0.601302 1.68321 -2.94268 0.483509 1.97814 0.0564396 -0.609801 1.72317 -2.93205 0.491866 1.98466 -0.0287833 -0.00849901 0.0399632 0.0106329 0.00835732 0.00652657 0.0499777 0.725777 0.0968174 -0.68878 1.50644 -2.94099 0.486088 1.97791 0.0115944 -0.087478 -0.176766 0.00169212 0.00257904 -0.000228228 0.197567 0.181308 -0.448801 2.1372 1.02023 0.00066654 0.00342178 -1.93943 -1.02506 0.796475 -0.196857 -0.000419672 8.18218e-05 -0.727009
643.658 0.0843044 -0.600299 1.68357 -2.94275 0.483681 1.97827 0.0553952 -0.612978 1.73647 -2.96559 0.498434 1.9579 -0.0289092 -0.0126789 0.0528986 -0.0228478 0.014753 -0.0203686 0.0616016 1.53263 0.0973614 -0.686422 1.50603 -2.94038 0.486608 1.97781 0.013057 -0.0861231 -0.177543 0.00236587 0.00292749 -0.00045735 0.19776 0.225554 -0.449752 2.137 1.02083 0.000479935 0.00328641 -1.93934 -1.02506 0.796475 -0.196857 -0.000419672 8.18218e-05 -0.727009
643.984 0.0836591 -0.598928 1.68403 -2.94256 0.483826 1.97839 0.0534341 -0.60835 1.72332 -2.93224 0.493027 1.98399 -0.030225 -0.00942268 0.0392985 0.0103111 0.00920127 0.00559673 0.0504649 0.742831 0.0975677 -0.684468 1.50614 -2.93934 0.486795 1.97772 0.0139085 -0.0855401 -0.177881 0.003212 0.00296961 -0.000676953 0.197869 0.266879 -0.450797 2.13663 1.02162 0.000547838 0.00308644 -1.93926 -1.02506 0.796475 -0.196857 -0.000419672 8.18218e-05 -0.727009
644.312 0.0829725 -0.596565 1.68472 -2.94208 0.484049 1.97855 0.0522798 -0.600459 1.70939 -2.94989 0.508035 1.96854 -0.0306927 -0.003894 0.0246686 -0.00780336 0.0239861 -0.0100067 0.0395695 1.47432 0.0981235 -0.682658 1.50715 -2.93734 0.486758 1.97761 0.015151 -0.0860931 -0.177573 0.00473953 0.00270812 -0.000939111 0.197924 0.338041 -0.452335 2.13588 1.02287 0.000837866 0.00271448 -1.93917 -1.02506 0.796475 -0.196857 -0.000419672 8.18218e-05 -0.727009
644.683 0.0824576 -0.59452 1.68519 -2.94167 0.484243 1.97865 0.0534283 -0.60376 1.72311 -2.93209 0.494304 1.98428 -0.0290293 -0.00923921 0.0379214 0.00958178 0.0100609 0.0056356 0.0486425 0.755888 0.0983256 -0.681553 1.50814 -2.93608 0.486451 1.97762 0.0158679 -0.0870323 -0.177046 0.00558839 0.00220785 -0.00102656 0.197918 0.373253 -0.453599 2.13513 1.02384 0.00110962 0.00239078 -1.93912 -1.02506 0.796475 -0.196857 -0.000419672 8.18218e-05 -0.727009
646.003 0.0802484 -0.589404 1.6847 -2.94094 0.483676 1.97865 0.0504173 -0.59772 1.72305 -2.93213 0.496757 1.9839 -0.0298311 -0.00831611 0.0383537 0.00881422 0.0130805 0.00525609 0.0492956 0.874021 0.100612 -0.674701 1.50663 -2.93587 0.482461 1.97734 0.0203638 -0.0852974 -0.178066 0.0050728 -0.00121534 -0.00130678 0.198488 0.339197 -0.458582 2.1317 1.02639 0.00198304 0.00265775 -1.93901 -1.02506 0.796475 -0.196857 -0.000419672 8.18218e-05 -0.727009
646.402 0.0792982 -0.588047 1.68386 -2.94089 0.483422 1.97862 0.0492934 -0.591488 1.70935 -2.94949 0.51151 1.9684 -0.0300048 -0.00344077 0.0254886 -0.00859578 0.0280882 -0.0102265 0.0395196 1.70295 0.100699 -0.671687 1.50484 -2.9362 0.481178 1.97714 0.0214009 -0.0836394 -0.179019 0.00469633 -0.00224445 -0.00148193 0.198749 0.342641 -0.460339 2.1304 1.02665 0.00212888 0.0028729 -1.93898 -1.02506 0.796475 -0.196857 -0.000419672 8.18218e-05 -0.727009
646.847 0.0781683 -0.5855 1.68248 -2.94044 0.483399 1.97867 0.0493312 -0.600507 1.73771 -2.95301 0.487503 1.95314 -0.0288371 -0.0150077 0.0552224 -0.0125721 0.00410478 -0.0255305 0.0640806 1.31552 0.100216 -0.667187 1.50233 -2.93605 0.480289 1.97702 0.0220473 -0.0816872 -0.180154 0.00438456 -0.00310927 -0.00165151 0.199033 0.354982 -0.462891 2.12846 1.02654 0.00254141 0.00273482 -1.93894 -1.02506 0.796475 -0.196857 -0.000419672 8.18218e-05 -0.727009
647.22 0.0772198 -0.583334 1.68119 -2.94003 0.483504 1.97872 0.0474118 -0.593262 1.72322 -2.93181 0.498924 1.98348 -0.029808 -0.00992801 0.0420315 0.00822845 0.0154195 0.00476048 0.052476 0.977588 0.0988015 -0.66331 1.50004 -2.93543 0.480521 1.97721 0.0215817 -0.0799752 -0.181149 0.0046079 -0.00298269 -0.00151767 0.19919 0.35718 -0.464972 2.12686 1.02616 0.00285572 0.00249538 -1.93891 -1.02506 0.796475 -0.196857 -0.000419672 8.18218e-05 -0.727009
647.705 0.0758822 -0.581261 1.67953 -2.93986 0.483645 1.97878 0.0474248 -0.590916 1.72299 -2.95011 0.484588 1.97938 -0.0284574 -0.00965523 0.0434571 -0.0102468 0.000942941 0.000594518 0.0528352 0.605872 0.0970006 -0.659134 1.49717 -2.93515 0.481297 1.97753 0.0211184 -0.0778734 -0.18236 0.00471572 -0.00234756 -0.00125225 0.199413 0.338041 -0.467202 2.12515 1.02548 0.00293803 0.00230635 -1.93888 -1.02506 0.796475 -0.196857 -0.000419672 8.18218e-05 -0.727009
648.09 0.0740832 -0.579419 1.67746 -2.94002 0.483784 1.97884 0.0448159 -0.585542 1.70943 -2.94933 0.513914 1.96805 -0.0292672 -0.00612292 0.0319686 -0.00931428 0.0301296 -0.0107926 0.0437727 1.82521 0.0954335 -0.655145 1.49387 -2.93546 0.482569 1.97794 0.0213504 -0.0757257 -0.183592 0.00455392 -0.00121594 -0.00090204 0.199741 0.297394 -0.46958 2.12335 1.02448 0.0027154 0.00223195 -1.93886 -1.02506 0.796475 -0.196857 -0.000419672 8.18218e-05 -0.727009
648.456 0.070977 -0.576684 1.67446 -2.9406 0.484243 1.979 0.0444149 -0.587894 1.72295 -2.95072 0.486033 1.97874 -0.0265621 -0.0112096 0.0484878 -0.0101159 0.00178967 -0.000263243 0.0564116 0.582155 0.092893 -0.65093 1.49003 -2.93627 0.484076 1.97837 0.021916 -0.0742463 -0.18443 0.00432815 -0.000166746 -0.000633608 0.200018 0.266879 -0.472962 2.12079 1.0229 0.00193401 0.00201597 -1.93882 -1.02506 0.796475 -0.196857 -0.000419672 8.18218e-05 -0.727009
648.729 0.0682868 -0.573885 1.67234 -2.9411 0.485005 1.97922 0.0403357 -0.582495 1.70925 -2.95146 0.51591 1.96633 -0.0279511 -0.00861039 0.0369085 -0.0103606 0.0309051 -0.012895 0.0470918 1.90063 0.090654 -0.649325 1.4886 -2.93686 0.485343 1.97891 0.0223672 -0.0754404 -0.183739 0.00423311 0.000337913 -0.000311688 0.199879 0.251788 -0.475629 2.11875 1.02166 0.00109388 0.00148925 -1.93878 -1.02506 0.796475 -0.196857 -0.000419672 8.18218e-05 -0.727009
649.199 0.0655072 -0.570381 1.67038 -2.94148 0.486104 1.97955 0.0383957 -0.584862 1.72288 -2.95246 0.48793 1.97719 -0.0271115 -0.0144808 0.0525052 -0.0109783 0.00182593 -0.00235983 0.0608401 0.587508 0.0868081 -0.646824 1.48721 -2.93759 0.486646 1.97952 0.021301 -0.0764428 -0.183163 0.003892 0.000541654 -2.29477e-05 0.199615 0.225554 -0.47837 2.11662 1.02043 0.000193393 0.000618103 -1.93872 -1.02506 0.796475 -0.196857 -0.000419672 8.18218e-05 -0.727009
650.767 0.0563335 -0.557838 1.66424 -2.94281 0.489959 1.98077 0.0272271 -0.559521 1.68275 -2.9553 0.516064 1.97093 -0.0291064 -0.00168314 0.0185025 -0.0124831 0.0261051 -0.00983629 0.0345305 1.63638 0.0709966 -0.642798 1.48599 -2.9422 0.488779 1.98073 0.0146632 -0.0849602 -0.178254 0.000614043 -0.00118025 -3.61695e-05 0.19801 0.0791294 -0.487489 2.10912 1.01695 -0.00299101 -0.00245006 -1.93842 -1.02506 0.796475 -0.196857 -0.000419672 8.18218e-05 -0.727009
651.253 0.0535161 -0.553748 1.66173 -2.94319 0.490763 1.9811 0.0242885 -0.55658 1.68274 -2.95598 0.517548 1.97023 -0.0292275 -0.00283185 0.021011 -0.0127891 0.0267852 -0.0108737 0.0361072 1.68493 0.0664556 -0.643946 1.48652 -2.94432 0.488555 1.98092 0.0129395 -0.0901976 -0.175215 -0.00112393 -0.00220816 -0.000180217 0.197493 0.139882 -0.490877 2.10605 1.01596 -0.00379328 -0.00305296 -1.93829 -1.02506 0.796475 -0.196857 -0.000419672 8.18218e-05 -0.727009
651.704 0.0518824 -0.550128 1.66024 -2.9431 0.491567 1.9814 0.0233163 -0.567609 1.72306 -2.94045 0.480296 1.97065 -0.0285661 -0.0174818 0.0628131 0.00265049 -0.0112713 -0.0107541 0.0711837 0.952444 0.0634576 -0.645903 1.48828 -2.94516 0.488792 1.98116 0.0115752 -0.0957756 -0.171964 -0.00205948 -0.00277559 -0.000237775 0.197177 0.193827 -0.493252 2.10375 1.0154 -0.00413209 -0.00383681 -1.93819 -1.02506 0.796475 -0.196857 -0.000419672 8.18218e-05 -0.727009
652.023 0.0504542 -0.545727 1.65922 -2.94275 0.492688 1.98176 0.0207462 -0.554829 1.69539 -2.93887 0.506648 1.98464 -0.029708 -0.00910184 0.0361798 0.00388066 0.0139605 0.00288348 0.0476905 0.825194 0.0605427 -0.64626 1.49001 -2.94614 0.489261 1.98139 0.0100885 -0.100533 -0.169208 -0.00339396 -0.00342674 -0.000371307 0.197079 0.269795 -0.49546 2.10147 1.01511 -0.00437183 -0.00497346 -1.9381 -1.02506 0.796475 -0.196857 -0.000419672 8.18218e-05 -0.727009
652.428 0.049229 -0.541264 1.65852 -2.94235 0.493828 1.9821 0.0183977 -0.545989 1.6818 -2.95432 0.522554 1.9701 -0.0308314 -0.00472454 0.0232784 -0.011968 0.0287253 -0.012005 0.0389201 1.78685 0.0585161 -0.645623 1.49156 -2.94668 0.490122 1.9816 0.0092871 -0.104359 -0.166968 -0.00432975 -0.00370578 -0.000506148 0.197117 0.317752 -0.497482 2.09924 1.0151 -0.00456824 -0.00615812 -1.93802 -1.02506 0.796475 -0.196857 -0.000419672 8.18218e-05 -0.727009
652.673 0.0476813 -0.535867 1.65778 -2.94205 0.495145 1.98248 0.0177854 -0.54594 1.69538 -2.93846 0.510227 1.9845 -0.0298958 -0.0100735 0.0376006 0.00358883 0.0150821 0.00201428 0.049082 0.882931 0.0572054 -0.645984 1.49421 -2.94798 0.49136 1.98184 0.00952414 -0.110118 -0.163572 -0.00592883 -0.00378544 -0.000637908 0.197414 0.389668 -0.499851 2.09643 1.01535 -0.00492964 -0.00747133 -1.93796 -1.02506 0.796475 -0.196857 -0.000419672 8.18218e-05 -0.727009
652.979 0.0467183 -0.532655 1.65725 -2.942 0.495741 1.98264 0.0154609 -0.537178 1.68181 -2.95401 0.526177 1.96992 -0.0312574 -0.00452296 0.0245598 -0.0120069 0.0304355 -0.0127202 0.0400083 1.88554 0.0559652 -0.646708 1.496 -2.94898 0.491847 1.98195 0.00924696 -0.114052 -0.161249 -0.00698168 -0.00389395 -0.000689892 0.197723 0.443232 -0.501358 2.09447 1.01573 -0.00517204 -0.00803474 -1.93793 -1.02506 0.796475 -0.196857 -0.000419672 8.18218e-05 -0.727009
653.292 0.0460114 -0.530019 1.65684 -2.94201 0.496051 1.98272 0.0154406 -0.533938 1.68319 -2.94159 0.511856 1.96594 -0.0305707 -0.0039187 0.0263449 0.000421135 0.0158051 -0.0167767 0.0405461 1.32943 0.0541556 -0.647231 1.49745 -2.94972 0.491661 1.9819 0.00814425 -0.117212 -0.159389 -0.00771317 -0.00439028 -0.000814637 0.198015 0.490986 -0.502617 2.09265 1.01632 -0.00532485 -0.00831586 -1.93793 -1.02506 0.796475 -0.196857 -0.000419672 8.18218e-05 -0.727009
654.004 0.0463124 -0.527276 1.65551 -2.94175 0.494959 1.98238 0.0148247 -0.534091 1.69537 -2.93752 0.514892 1.98462 -0.0314877 -0.00681543 0.0398602 0.00423031 0.0199327 0.00224104 0.0512519 1.16163 0.0514735 -0.649143 1.49881 -2.95034 0.489181 1.98106 0.00516116 -0.121867 -0.1567 -0.00859043 -0.00577844 -0.00132442 0.198577 0.567862 -0.504591 2.089 1.01785 -0.00453249 -0.00740449 -1.93801 -1.02506 0.796475 -0.196857 -0.000419672 8.18218e-05 -0.727009
654.421 0.0468211 -0.526772 1.65487 -2.94162 0.494293 1.98216 0.0154731 -0.53013 1.68276 -2.95502 0.528394 1.96973 -0.031348 -0.00335757 0.0278885 -0.0133987 0.034101 -0.012426 0.0420921 2.09256 0.0516159 -0.649824 1.49884 -2.9502 0.488347 1.98061 0.00479473 -0.123052 -0.156024 -0.00858316 -0.00594681 -0.00154496 0.198767 0.569926 -0.505067 2.08765 1.01834 -0.0040669 -0.0068435 -1.93807 -1.02506 0.796475 -0.196857 -0.000419672 8.18218e-05 -0.727009
654.926 0.047313 -0.526394 1.65397 -2.94171 0.49355 1.98187 0.0163196 -0.533282 1.69518 -2.95391 0.49957 1.98164 -0.0309934 -0.0068888 0.0412126 -0.012201 0.00601979 -0.000230708 0.0520243 0.773796 0.0509027 -0.650598 1.49859 -2.94986 0.48757 1.98002 0.00358974 -0.124205 -0.15538 -0.00814733 -0.0059797 -0.00184753 0.198953 0.547512 -0.505414 2.08604 1.01875 -0.00375316 -0.00612882 -1.93818 -1.02506 0.796475 -0.196857 -0.000419672 8.18218e-05 -0.727009
655.318 0.0478036 -0.526255 1.65313 -2.94174 0.493096 1.98167 0.0163196 -0.533282 1.69518 -2.95391 0.49957 1.98164 -0.031484 -0.00702713 0.0420473 -0.0121694 0.00647395 -2.92328e-05 0.0529962 0.789319 0.0503266 -0.651407 1.49829 -2.94921 0.487318 1.97962 0.00252297 -0.125152 -0.154844 -0.0074651 -0.00577778 -0.00205058 0.199113 0.508989 -0.50548 2.08494 1.0187 -0.00352458 -0.0057022 -1.93826 -1.02506 0.796475 -0.196857 -0.000419672 8.18218e-05 -0.727009
655.567 0.0484279 -0.526146 1.65209 -2.94167 0.492797 1.9815 0.0167842 -0.525078 1.66901 -2.93724 0.508481 1.99247 -0.0316437 0.00106766 0.0169134 0.00443472 0.0156841 0.0109775 0.035896 1.05573 0.0500282 -0.652213 1.49777 -2.94866 0.487133 1.97946 0.0016003 -0.126068 -0.154322 -0.00698634 -0.00566421 -0.00203816 0.199276 0.484568 -0.505395 2.08393 1.01821 -0.00326995 -0.00545312 -1.93835 -1.02506 0.796475 -0.196857 -0.000419672 8.18218e-05 -0.727009
655.865 0.0491231 -0.526016 1.65086 -2.94153 0.49269 1.98136 0.0178 -0.533245 1.69506 -2.95408 0.499664 1.98163 -0.0313231 -0.00722877 0.0442009 -0.0125492 0.00697412 0.000268824 0.0546545 0.828979 0.0495879 -0.652579 1.49682 -2.94793 0.487216 1.97939 0.000464768 -0.126563 -0.154039 -0.00639374 -0.00547406 -0.00197358 0.199365 0.454565 -0.505172 2.08299 1.01728 -0.00303328 -0.00540444 -1.93845 -1.02506 0.796475 -0.196857 -0.000419672 8.18218e-05 -0.727009
656.543 0.0510574 -0.52628 1.6474 -2.94112 0.492659 1.98108 0.01838 -0.531004 1.68321 -2.93985 0.512461 1.96716 -0.0326774 -0.00472456 0.0358093 0.00126589 0.0198021 -0.0139198 0.0487077 1.40862 0.0505294 -0.652997 1.49345 -2.94575 0.488333 1.97888 -0.000528044 -0.126717 -0.153947 -0.00462547 -0.00432578 -0.00220344 0.199392 0.340349 -0.504162 2.08112 1.014 -0.00249345 -0.00552211 -1.93869 -1.02506 0.796475 -0.196857 -0.000419672 8.18218e-05 -0.727009
656.921 0.052099 -0.526292 1.64604 -2.94079 0.492799 1.98099 0.0207296 -0.535634 1.69561 -2.93938 0.482547 1.97871 -0.0313694 -0.00934225 0.0495706 0.00140859 -0.010252 -0.00227936 0.0594017 0.615485 0.0508623 -0.654866 1.49319 -2.9449 0.488823 1.97849 -0.00123672 -0.128574 -0.152853 -0.00410799 -0.00397581 -0.00250536 0.199742 0.310274 -0.503536 2.08046 1.01249 -0.00218758 -0.00576701 -1.93879 -1.02506 0.796475 -0.196857 -0.000419672 8.18218e-05 -0.727009
657.303 0.0535449 -0.525568 1.64481 -2.94016 0.493429 1.98098 0.0222178 -0.535804 1.69615 -2.93944 0.481707 1.97899 -0.0313271 -0.0102362 0.0513458 0.000719932 -0.011722 -0.00198735 0.0610128 0.685855 0.053786 -0.653551 1.49164 -2.94302 0.490274 1.97789 0.000241121 -0.127983 -0.153165 -0.00285998 -0.00315473 -0.00308873 0.199598 0.251788 -0.502539 2.07974 1.01069 -0.00180566 -0.00656652 -1.93894 -1.02506 0.796475 -0.196857 -0.000419672 8.18218e-05 -0.727009
657.558 0.0544882 -0.524824 1.64433 -2.93979 0.494062 1.98101 0.0217025 -0.522839 1.65723 -2.923 0.520595 1.97892 -0.0327857 0.00198534 0.0129038 0.0167849 0.0265327 -0.00208859 0.0352895 1.83355 0.0560524 -0.652333 1.49092 -2.94195 0.491354 1.97737 0.00156423 -0.127508 -0.153414 -0.00215749 -0.00270803 -0.00363794 0.199491 0.242283 -0.501671 2.07935 1.00967 -0.00169178 -0.00727753 -1.93904 -1.02506 0.796475 -0.196857 -0.000419672 8.18218e-05 -0.727009
657.881 0.0553148 -0.524192 1.64426 -2.93959 0.494652 1.98104 0.0242591 -0.53102 1.68326 -2.93743 0.511547 1.96907 -0.0310557 -0.00682803 0.0389936 0.00215895 0.0168953 -0.0119625 0.0503148 1.22621 0.0601823 -0.649764 1.48974 -2.94044 0.492667 1.97671 0.0048675 -0.125573 -0.154523 -0.000847031 -0.00198447 -0.00432872 0.199172 0.256409 -0.500697 2.07912 1.00908 -0.00172357 -0.0078882 -1.93913 -1.02506 0.796475 -0.196857 -0.000419672 8.18218e-05 -0.727009
658.275 0.0561843 -0.523775 1.64477 -2.9397 0.495258 1.98105 0.0242882 -0.530129 1.68275 -2.9513 0.527037 1.9727 -0.0318961 -0.00635378 0.0379858 -0.0116071 0.0317794 -0.00835543 0.0500065 1.91704 0.0655393 -0.646735 1.48874 -2.93854 0.494325 1.97591 0.00935498 -0.12296 -0.15603 0.00115699 -0.000932991 -0.00514174 0.198877 0.335718 -0.499217 2.07909 1.009 -0.00204101 -0.00840598 -1.93923 -1.02506 0.796475 -0.196857 -0.000419672 8.18218e-05 -0.727009
658.969 0.0568361 -0.523866 1.64551 -2.93994 0.495516 1.98104 0.025528 -0.525091 1.66905 -2.93365 0.507045 1.99531 -0.0313081 -0.00122495 0.0235441 0.00628997 0.0115291 0.0142673 0.0391922 0.975183 0.0683634 -0.644886 1.48835 -2.93749 0.495276 1.97555 0.0115273 -0.12102 -0.157157 0.00245422 -0.000239896 -0.005492 0.198688 0.401538 -0.497956 2.07928 1.00937 -0.00235058 -0.00855809 -1.93929 -1.02506 0.796475 -0.196857 -0.000419672 8.18218e-05 -0.727009
659.537 0.0579429 -0.524596 1.64634 -2.94004 0.495367 1.98095 0.0266525 -0.532693 1.69568 -2.93653 0.482644 1.98075 -0.0312905 -0.00809664 0.0493368 0.00350776 -0.0127225 -0.000204934 0.0589811 0.757956 0.0711572 -0.643609 1.488 -2.93619 0.49589 1.97507 0.0132143 -0.119013 -0.158338 0.00385091 0.000523335 -0.00588569 0.198518 0.48376 -0.496556 2.07966 1.00996 -0.0023472 -0.00838476 -1.93934 -1.02506 0.796475 -0.196857 -0.000419672 8.18218e-05 -0.727009
660.121 0.0595212 -0.525893 1.64718 -2.93995 0.494887 1.98082 0.0272267 -0.530131 1.68276 -2.95007 0.526578 1.97368 -0.0322945 -0.00423843 0.0355838 -0.0101254 0.0316909 -0.00713464 0.0482401 1.88907 0.0738738 -0.64039 1.48617 -2.93369 0.496309 1.97482 0.0143525 -0.114497 -0.161007 0.006255 0.00142166 -0.00600099 0.198088 0.608451 -0.49502 2.08021 1.01059 -0.00202296 -0.00797564 -1.93936 -1.02506 0.796475 -0.196857 -0.000419672 8.18218e-05 -0.727009
660.559 0.0624824 -0.527476 1.64852 -2.93914 0.494285 1.9807 0.0301389 -0.53104 1.68332 -2.93501 0.510621 1.97098 -0.0323435 -0.00356435 0.0347999 0.00412279 0.0163358 -0.00971794 0.0476428 1.16969 0.0757829 -0.637253 1.48472 -2.93086 0.49641 1.9751 0.0133006 -0.109777 -0.163802 0.00828116 0.002125 -0.00560062 0.197633 0.698296 -0.492792 2.0812 1.01135 -0.000998574 -0.00771052 -1.93935 -1.02506 0.796475 -0.196857 -0.000419672 8.18218e-05 -0.727009
661.081 0.0651606 -0.528617 1.64963 -2.93814 0.493876 1.98066 0.0325762 -0.535681 1.69576 -2.93475 0.480679 1.98228 -0.0325843 -0.00706338 0.0461292 0.00338262 -0.0131978 0.00161689 0.0569169 0.775312 0.0768383 -0.636047 1.48443 -2.92889 0.496574 1.97554 0.0116777 -0.10743 -0.165199 0.00924144 0.00269745 -0.00511821 0.197404 0.733287 -0.491023 2.08214 1.01179 9.44818e-05 -0.00768719 -1.93931 -1.02506 0.796475 -0.196857 -0.000419672 8.18218e-05 -0.727009
661.566 0.0679382 -0.529867 1.65074 -2.93702 0.493492 1.98065 0.036043 -0.533085 1.68281 -2.94693 0.524126 1.97634 -0.0318951 -0.00321843 0.0320631 -0.00990741 0.0306341 -0.00430944 0.0453398 1.82413 0.0787331 -0.634283 1.48376 -2.92684 0.497145 1.97635 0.0107949 -0.104416 -0.166984 0.0101825 0.00365317 -0.00429621 0.197238 0.762589 -0.489211 2.08325 1.01211 0.00127839 -0.00772606 -1.93925 -1.02506 0.796475 -0.196857 -0.000419672 8.18218e-05 -0.727009
662.587 0.0738863 -0.53418 1.65321 -2.93481 0.492339 1.9807 0.0419214 -0.536041 1.68286 -2.94504 0.522132 1.978 -0.0319649 -0.00186064 0.0296485 -0.0102268 0.0297931 -0.00269398 0.0436377 1.78685 0.0814599 -0.631531 1.48205 -2.9235 0.49736 1.97783 0.00757364 -0.0973505 -0.171156 0.0113121 0.00502066 -0.00287113 0.19705 0.794262 -0.485031 2.08663 1.01255 0.00372174 -0.00744404 -1.93899 -1.02506 0.796475 -0.196857 -0.000419672 8.18218e-05 -0.727009
663.012 0.0759232 -0.537018 1.65421 -2.93431 0.491529 1.9807 0.0444072 -0.550397 1.72339 -2.94854 0.466974 1.97408 -0.031516 -0.0133789 0.0691801 -0.0142207 -0.0245554 -0.00661644 0.077189 1.5819 0.0826895 -0.629311 1.48009 -2.92257 0.496952 1.9784 0.00676631 -0.092293 -0.174123 0.0117478 0.00542267 -0.00229491 0.197186 0.806971 -0.483346 2.08842 1.01281 0.00446062 -0.00687702 -1.93883 -1.02506 0.796475 -0.196857 -0.000419672 8.18218e-05 -0.727009
663.587 0.0778689 -0.541667 1.65547 -2.93423 0.490151 1.98063 0.0458949 -0.54398 1.69621 -2.91242 0.490801 1.99 -0.031974 -0.00231297 0.0407383 0.0218135 0.000650179 0.00937116 0.0518392 1.10429 0.0827983 -0.628898 1.47838 -2.92214 0.495868 1.97887 0.00492936 -0.0872316 -0.177096 0.0120925 0.00571681 -0.00176295 0.197476 0.814694 -0.481275 2.09113 1.01333 0.00505138 -0.00561585 -1.9386 -1.02506 0.796475 -0.196857 -0.000419672 8.18218e-05 -0.727009
664.072 0.0790121 -0.545474 1.6566 -2.93432 0.489049 1.98058 0.0478006 -0.54488 1.68292 -2.94427 0.518051 1.97907 -0.0312114 0.00059362 0.0263236 -0.00995091 0.0290024 -0.001512 0.0408342 1.7454 0.0820028 -0.630156 1.47807 -2.92209 0.495048 1.97919 0.00299077 -0.0846823 -0.178527 0.012226 0.00599922 -0.00139836 0.197616 0.817571 -0.479889 2.09335 1.01385 0.00536614 -0.00460089 -1.93842 -1.02506 0.796475 -0.196857 -0.000419672 8.18218e-05 -0.727009
664.59 0.0800391 -0.549103 1.65782 -2.9343 0.487995 1.98055 0.0477841 -0.548775 1.68361 -2.93115 0.501571 1.97501 -0.0322551 0.000328087 0.0257828 0.00314929 0.0135762 -0.00554344 0.0412947 0.890434 0.0814054 -0.631944 1.47825 -2.92209 0.494399 1.97974 0.00136631 -0.082841 -0.179572 0.0122065 0.00640379 -0.000816101 0.197764 0.810359 -0.478672 2.0957 1.01445 0.00576693 -0.00364254 -1.93823 -1.02506 0.796475 -0.196857 -0.000419672 8.18218e-05 -0.727009
665.084 0.080829 -0.552515 1.65921 -2.93424 0.487066 1.98057 0.0504117 -0.564761 1.72355 -2.9297 0.477144 1.97887 -0.0304173 -0.0122464 0.0643402 0.00453851 -0.00992238 -0.00169867 0.0722139 0.650719 0.0798292 -0.635013 1.47948 -2.92223 0.493543 1.98 -0.000999789 -0.0824984 -0.179736 0.0120113 0.00647724 -0.0005661 0.197767 0.795739 -0.477646 2.09816 1.01513 0.00612938 -0.00281388 -1.93803 -1.02506 0.796475 -0.196857 -0.000419672 8.18218e-05 -0.727009
665.622 0.0813589 -0.556477 1.66133 -2.93418 0.486154 1.98069 0.050726 -0.554676 1.68367 -2.93108 0.499054 1.9754 -0.0306328 0.00180055 0.0223322 0.00309592 0.0129 -0.00529807 0.0379518 0.849037 0.0771108 -0.639112 1.48172 -2.9231 0.492626 1.98047 -0.00424803 -0.0826353 -0.179615 0.0110795 0.00647171 -0.000220427 0.197758 0.740193 -0.476613 2.10157 1.01614 0.0064431 -0.0020022 -1.93773 -1.02506 0.796475 -0.196857 -0.000419672 8.18218e-05 -0.727009
666.107 0.0812031 -0.559042 1.66313 -2.93427 0.485722 1.98086 0.050726 -0.557616 1.68366 -2.93163 0.498039 1.97513 -0.0304771 0.00142584 0.0205368 0.00263951 0.012317 -0.00573874 0.0367783 0.822344 0.0743595 -0.640733 1.48299 -2.92457 0.492179 1.98075 -0.0068436 -0.0816906 -0.180133 0.0096964 0.00645707 -0.000118844 0.197909 0.670272 -0.476107 2.10419 1.01701 0.00642068 -0.00157376 -1.9375 -1.02506 0.796475 -0.196857 -0.000419672 8.18218e-05 -0.727009
666.599 0.0806063 -0.561191 1.66517 -2.93444 0.485509 1.9811 0.0507407 -0.559587 1.68295 -2.94581 0.51242 1.9786 -0.0298656 0.00160357 0.017776 -0.0113696 0.0269105 -0.00250229 0.0347924 1.65304 0.0708596 -0.642604 1.4849 -2.92567 0.492273 1.98119 -0.00974672 -0.0814135 -0.18027 0.00877487 0.00676367 8.79621e-05 0.198041 0.633038 -0.475837 2.10685 1.01804 0.00621221 -0.00132006 -1.93725 -1.02506 0.796475 -0.196857 -0.000419672 8.18218e-05 -0.727009
667.278 0.0793789 -0.563329 1.66826 -2.93461 0.485523 1.98148 0.0507922 -0.570296 1.71074 -2.93246 0.502685 1.96688 -0.0285868 -0.00696708 0.0424771 0.00214857 0.017162 -0.0146036 0.0516725 1.33413 0.066349 -0.64554 1.48847 -2.92674 0.493037 1.98228 -0.0130299 -0.0822113 -0.179788 0.00786439 0.0075139 0.000800364 0.198122 0.609093 -0.475835 2.11045 1.01969 0.00586083 -0.00127583 -1.93692 -1.02506 0.796475 -0.196857 -0.000419672 8.18218e-05 -0.727009
667.949 0.0780698 -0.564429 1.67082 -2.93474 0.485761 1.9818 0.0504349 -0.575886 1.72304 -2.94635 0.489109 1.98158 -0.0276348 -0.0114571 0.0522254 -0.0116172 0.00334753 -0.000220214 0.0601867 0.686996 0.0623796 -0.647129 1.49132 -2.92736 0.493819 1.98333 -0.0156902 -0.0826992 -0.179496 0.00737546 0.00805745 0.00152532 0.198253 0.603931 -0.476088 2.11318 1.02108 0.0054972 -0.0014502 -1.9367 -1.02506 0.796475 -0.196857 -0.000419672 8.18218e-05 -0.727009
668.589 0.0764399 -0.56525 1.67351 -2.9349 0.48613 1.98212 0.0474247 -0.575871 1.723 -2.94749 0.489572 1.98068 -0.0290152 -0.010621 0.0494876 -0.0125936 0.00344172 -0.00144911 0.0583413 0.714364 0.0584613 -0.648947 1.49459 -2.92779 0.494261 1.98404 -0.0179787 -0.0836969 -0.178918 0.00710908 0.0081315 0.00191992 0.198343 0.594132 -0.476543 2.11592 1.02257 0.00505598 -0.00173211 -1.93649 -1.02506 0.796475 -0.196857 -0.000419672 8.18218e-05 -0.727009
669.213 0.0742917 -0.565886 1.67725 -2.93476 0.486721 1.98253 0.0459341 -0.566946 1.69621 -2.93175 0.49798 1.99132 -0.0283577 -0.00105974 0.0189562 0.00301784 0.0112592 0.00879482 0.0341265 0.785841 0.0539598 -0.650794 1.49904 -2.92807 0.494607 1.98491 -0.0203319 -0.0849077 -0.178214 0.00669489 0.00788542 0.0023846 0.198452 0.566482 -0.477431 2.11963 1.02462 0.00477595 -0.00232369 -1.93626 -1.02506 0.796475 -0.196857 -0.000419672 8.18218e-05 -0.727009
669.861 0.0726045 -0.565866 1.68029 -2.93444 0.487354 1.98284 0.044401 -0.575189 1.72318 -2.92968 0.505451 1.98418 -0.0282035 -0.00932235 0.0428971 0.00475899 0.0180975 0.00134428 0.0521776 1.06569 0.050945 -0.650609 1.50196 -2.92788 0.495057 1.98566 -0.0216595 -0.0847431 -0.178324 0.00656496 0.0077034 0.00281758 0.19862 0.552493 -0.478289 2.12246 1.02625 0.00470213 -0.00301756 -1.93612 -1.02506 0.796475 -0.196857 -0.000419672 8.18218e-05 -0.727009
670.398 0.0708071 -0.565739 1.68344 -2.93406 0.487991 1.98313 0.0418254 -0.570234 1.71055 -2.93597 0.504068 1.96406 -0.0289817 -0.00449542 0.0271167 -0.00190971 0.0160773 -0.0190703 0.0399433 1.39297 0.0476417 -0.652657 1.50637 -2.92751 0.49585 1.98595 -0.0231654 -0.086918 -0.177063 0.00654457 0.00785888 0.00281077 0.198602 0.558831 -0.479299 2.12535 1.02799 0.00469209 -0.00373749 -1.936 -1.02506 0.796475 -0.196857 -0.000419672 8.18218e-05 -0.727009
670.948 0.0685094 -0.565524 1.68675 -2.93391 0.488736 1.98342 0.0385031 -0.563134 1.69586 -2.91575 0.515761 1.99353 -0.0300063 0.00238978 0.00911375 0.0181601 0.0270243 0.0101014 0.0314508 1.79864 0.0440934 -0.653877 1.51051 -2.92777 0.497011 1.98582 -0.024416 -0.0883531 -0.176238 0.00613306 0.00827445 0.00239994 0.198651 0.567173 -0.48045 2.12832 1.02988 0.00443022 -0.00447469 -1.9359 -1.02506 0.796475 -0.196857 -0.000419672 8.18218e-05 -0.727009
671.42 0.0645099 -0.565969 1.69113 -2.93441 0.489517 1.98371 0.0382327 -0.58086 1.75174 -2.93559 0.482531 1.96676 -0.0262772 -0.0148915 0.0606032 -0.00117688 -0.00698634 -0.0169534 0.0677126 1.02336 0.0401054 -0.658423 1.51726 -2.92921 0.498157 1.98594 -0.0244045 -0.0924546 -0.173871 0.00520408 0.00864014 0.00222621 0.19843 0.56023 -0.482168 2.13245 1.03263 0.00354387 -0.00501186 -1.93581 -1.02506 0.796475 -0.196857 -0.000419672 8.18218e-05 -0.727009
672.024 0.0610443 -0.567487 1.69418 -2.93532 0.489569 1.98377 0.0346925 -0.583601 1.76471 -2.9506 0.469519 1.98124 -0.0263518 -0.0161143 0.0705264 -0.015283 -0.0200504 -0.00253298 0.0769939 1.41084 0.0371965 -0.662005 1.52149 -2.93099 0.498068 1.98604 -0.0238478 -0.0945184 -0.172695 0.00432472 0.00849948 0.00226944 0.198308 0.533759 -0.483559 2.13568 1.03485 0.00264315 -0.00473734 -1.93576 -1.02506 0.796475 -0.196857 -0.000419672 8.18218e-05 -0.727009
672.525 0.0574011 -0.569695 1.69709 -2.93647 0.489287 1.98374 0.0293762 -0.571142 1.72232 -2.94892 0.524439 1.98345 -0.0280248 -0.00144754 0.0252257 -0.0124518 0.0351518 -0.000291126 0.0377336 2.13405 0.0334753 -0.666235 1.52556 -2.93344 0.49676 1.98613 -0.0239258 -0.0965403 -0.171537 0.00303142 0.00747328 0.00239237 0.198286 0.457996 -0.485009 2.13899 1.03719 0.0016828 -0.00407159 -1.93573 -1.02506 0.796475 -0.196857 -0.000419672 8.18218e-05 -0.727009
673.021 0.0518676 -0.573001 1.70109 -2.93854 0.488837 1.98364 0.0257588 -0.576379 1.73587 -2.91904 0.495461 1.99353 -0.0261088 -0.00337769 0.0347845 0.0195044 0.006624 0.00988627 0.0436238 1.0561 0.0277381 -0.67153 1.53067 -2.93733 0.494395 1.98609 -0.0241295 -0.098529 -0.170423 0.00121014 0.00555801 0.00244371 0.198328 0.341497 -0.48699 2.14348 1.0406 -5.60994e-05 -0.00292211 -1.93572 -1.02506 0.796475 -0.196857 -0.000419672 8.18218e-05 -0.727009
673.471 0.0477061 -0.575415 1.7043 -2.9401 0.488466 1.98353 0.0203534 -0.574151 1.72232 -2.95306 0.524761 1.98023 -0.0273527 0.00126423 0.0180225 -0.0129573 0.036295 -0.00330392 0.0327808 2.18516 0.0241164 -0.673543 1.5336 -2.94009 0.492745 1.98578 -0.0235898 -0.0981281 -0.170694 7.02147e-06 0.00427925 0.00224731 0.198298 0.276953 -0.488471 2.14684 1.04342 -0.00132437 -0.0020324 -1.93574 -1.02506 0.796475 -0.196857 -0.000419672 8.18218e-05 -0.727009
673.993 0.0439991 -0.577768 1.70756 -2.94136 0.487967 1.98338 0.0161804 -0.588943 1.76452 -2.93899 0.486573 1.97968 -0.0278187 -0.0111749 0.0569554 0.00236669 -0.00139333 -0.003696 0.0643637 0.310274 0.0203753 -0.675873 1.53683 -2.9425 0.490842 1.98535 -0.0236238 -0.0981044 -0.170733 -0.00113797 0.00287502 0.00197344 0.198324 0.225554 -0.489912 2.15015 1.04637 -0.00225117 -0.00112934 -1.93577 -1.02506 0.796475 -0.196857 -0.000419672 8.18218e-05 -0.727009
674.478 0.0397153 -0.580971 1.71188 -2.9427 0.487041 1.9831 0.0131342 -0.591158 1.76422 -2.95555 0.502142 1.98206 -0.0265811 -0.0101874 0.0523426 -0.0128465 0.0151009 -0.00103741 0.0595826 1.11908 0.0160516 -0.678574 1.54083 -2.94486 0.488611 1.9847 -0.0236637 -0.0976036 -0.171044 -0.00215799 0.00157003 0.00159843 0.198349 0.205584 -0.491744 2.15441 1.05043 -0.00304942 0.000194191 -1.93582 -1.02506 0.796475 -0.196857 -0.000419672 8.18218e-05 -0.727009
674.954 0.0367039 -0.583287 1.71519 -2.9437 0.48626 1.98289 0.00756979 -0.582383 1.73569 -2.92706 0.496247 1.98747 -0.0291341 0.000904185 0.0205007 0.0166368 0.00998707 0.00458668 0.0356356 1.03363 0.0127029 -0.681336 1.54439 -2.94663 0.487041 1.98435 -0.024001 -0.0980494 -0.170802 -0.00293978 0.000781451 0.00146857 0.198401 0.225554 -0.493039 2.15743 1.05371 -0.00359652 0.00126087 -1.93586 -1.02506 0.796475 -0.196857 -0.000419672 8.18218e-05 -0.727009
675.446 0.033954 -0.585244 1.71865 -2.94456 0.485511 1.98268 0.00534757 -0.589014 1.74866 -2.92416 0.496868 2.00613 -0.0286064 -0.00377017 0.0300103 0.0203947 0.0113563 0.0234489 0.0416312 1.45347 0.00916381 -0.686208 1.5495 -2.94812 0.485387 1.98465 -0.0247902 -0.100964 -0.169145 -0.00356107 -0.000123888 0.00196363 0.19854 0.275536 -0.494263 2.16026 1.05718 -0.00404132 0.0022517 -1.93589 -1.02506 0.796475 -0.196857 -0.000419672 8.18218e-05 -0.727009
676.511 0.029135 -0.588099 1.72669 -2.94555 0.484026 1.98227 -0.00157622 -0.599427 1.77737 -2.92749 0.47241 1.98995 -0.0307112 -0.011328 0.0506803 0.0180637 -0.0116163 0.00768488 0.0603324 1.13505 0.00564149 -0.691346 1.55884 -2.95111 0.480273 1.98445 -0.0234935 -0.103247 -0.167845 -0.0055524 -0.0037529 0.00218596 0.198454 0.447624 -0.496846 2.16593 1.06527 -0.00425188 0.00396539 -1.93596 -1.02506 0.796475 -0.196857 -0.000419672 8.18218e-05 -0.727009
677.03 0.0275251 -0.588538 1.72987 -2.94568 0.483647 1.98214 -0.00227084 -0.594278 1.76433 -2.96189 0.50328 1.97713 -0.0297959 -0.00573994 0.0344571 -0.016217 0.0196325 -0.005013 0.0459133 1.39942 0.00451801 -0.693664 1.56311 -2.95236 0.477376 1.98388 -0.0230071 -0.105126 -0.166769 -0.00668438 -0.00627137 0.00173573 0.198476 0.566482 -0.497853 2.1679 1.0684 -0.00417361 0.00435609 -1.93599 -1.02506 0.796475 -0.196857 -0.000419672 8.18218e-05 -0.727009
677.691 0.0258653 -0.588167 1.73291 -2.94575 0.483715 1.98211 -0.00464246 -0.598905 1.77811 -2.94483 0.488724 1.99221 -0.0305078 -0.0107379 0.0452053 0.000917599 0.00500977 0.0100975 0.0555837 0.625576 0.00448969 -0.694006 1.56655 -2.95292 0.476102 1.98338 -0.0213757 -0.105839 -0.166354 -0.00716644 -0.00761217 0.00126178 0.198325 0.625576 -0.498811 2.16958 1.07117 -0.00425281 0.00432055 -1.93603 -1.02506 0.796475 -0.196857 -0.000419672 8.18218e-05 -0.727009
678.455 0.0235838 -0.586756 1.73646 -2.94583 0.484365 1.98219 -0.00623092 -0.596347 1.77744 -2.92948 0.474364 1.98836 -0.0298147 -0.00959147 0.0409747 0.0163568 -0.0100013 0.00617241 0.0515736 1.01298 0.00304593 -0.695493 1.57177 -2.95325 0.475525 1.98276 -0.0205378 -0.108737 -0.164694 -0.00741866 -0.00884033 0.000569896 0.198418 0.671439 -0.500006 2.17137 1.07413 -0.0045926 0.00375226 -1.93609 -1.02506 0.796475 -0.196857 -0.000419672 8.18218e-05 -0.727009
679.075 0.0217697 -0.585007 1.73871 -2.9459 0.485329 1.98234 -0.00845217 -0.590466 1.76443 -2.94477 0.52105 1.97957 -0.0302219 -0.005459 0.0257241 0.00113087 0.0357211 -0.00277265 0.0400611 2.05633 0.00142654 -0.696086 1.57537 -2.95335 0.476301 1.9824 -0.0203432 -0.11108 -0.163335 -0.00744767 -0.009028 5.60063e-05 0.198572 0.671439 -0.500824 2.1724 1.0757 -0.0050721 0.00289041 -1.93615 -1.02506 0.796475 -0.196857 -0.000419672 8.18218e-05 -0.727009
679.546 0.0201037 -0.583374 1.74033 -2.94598 0.486304 1.98248 -0.0109669 -0.596397 1.79396 -2.94807 0.497584 1.96405 -0.0310706 -0.0130235 0.0536295 -0.00209405 0.01128 -0.0184291 0.0633334 1.19485 -7.33617e-05 -0.696283 1.57804 -2.95344 0.477534 1.98225 -0.0201771 -0.11291 -0.162292 -0.00746443 -0.00876993 -0.00023269 0.198732 0.65611 -0.501549 2.17317 1.07665 -0.00554404 0.00202625 -1.93622 -1.02506 0.796475 -0.196857 -0.000419672 8.18218e-05 -0.727009
680.032 0.0185481 -0.582078 1.74136 -2.94598 0.487159 1.98253 -0.0115151 -0.585071 1.76445 -2.964 0.507653 1.97502 -0.0300631 -0.00299309 0.0230925 -0.0180289 0.0204949 -0.00751295 0.0380265 1.48543 -0.00253446 -0.697553 1.58055 -2.95351 0.478984 1.98217 -0.0210825 -0.115476 -0.160811 -0.00753835 -0.00817498 -0.000369354 0.199096 0.63056 -0.502327 2.17387 1.07704 -0.0058662 0.00123981 -1.93634 -1.02506 0.796475 -0.196857 -0.000419672 8.18218e-05 -0.727009
680.981 0.0186571 -0.581261 1.74123 -2.94489 0.487503 1.98238 -0.013431 -0.597049 1.80786 -2.94642 0.467844 1.97661 -0.032088 -0.0157884 0.0666287 -0.00153397 -0.019659 -0.00576568 0.0756195 1.16567 -0.00734277 -0.698527 1.58146 -2.95264 0.480007 1.98188 -0.0259999 -0.117266 -0.159769 -0.00775443 -0.0074969 -0.000493729 0.199883 0.609093 -0.503041 2.17425 1.0763 -0.00488689 0.000539198 -1.93655 -1.02506 0.796475 -0.196857 -0.000419672 8.18218e-05 -0.727009
681.48 0.0197109 -0.581094 1.74072 -2.94386 0.487355 1.98222 -0.013431 -0.597049 1.80786 -2.94642 0.467844 1.97661 -0.0331419 -0.0159554 0.0671417 -0.00255469 -0.0195103 -0.00561193 0.076557 1.15386 -0.00679447 -0.697403 1.58044 -2.95152 0.480174 1.98169 -0.0265054 -0.116309 -0.160284 -0.00765655 -0.0071811 -0.000535302 0.199803 0.591491 -0.503216 2.17419 1.0756 -0.00380367 0.000314359 -1.93665 -1.02506 0.796475 -0.196857 -0.000419672 8.18218e-05 -0.727009
681.98 0.021321 -0.582134 1.73937 -2.94282 0.486469 1.98185 -0.0115697 -0.58362 1.76471 -2.93155 0.508024 1.97518 -0.0328907 -0.00148608 0.0253407 0.011274 0.0215543 -0.006669 0.041547 1.52444 -0.00508428 -0.696945 1.57826 -2.95001 0.479887 1.98125 -0.0264052 -0.114812 -0.161114 -0.00719242 -0.00658236 -0.00059891 0.199591 0.547512 -0.50333 2.17389 1.07454 -0.00233141 0.000757513 -1.9368 -1.02506 0.796475 -0.196857 -0.000419672 8.18218e-05 -0.727009
682.465 0.0221424 -0.583399 1.73809 -2.94254 0.485624 1.98152 -0.0109292 -0.593958 1.79368 -2.96222 0.514618 1.96773 -0.0330717 -0.0105585 0.055583 -0.0196801 0.0289941 -0.013793 0.0655339 1.94963 -0.00282673 -0.696414 1.57596 -2.94929 0.479622 1.98073 -0.0249692 -0.113015 -0.162136 -0.00675558 -0.00600211 -0.000788956 0.199209 0.503578 -0.503378 2.1735 1.0738 -0.00161137 0.00143172 -1.93691 -1.02506 0.796475 -0.196857 -0.000419672 8.18218e-05 -0.727009
682.946 0.0224984 -0.584709 1.73682 -2.94269 0.484786 1.98119 -0.00934857 -0.590822 1.77714 -2.91205 0.492827 1.99158 -0.0318469 -0.00611297 0.0403164 0.030644 0.00804081 0.0103856 0.0517398 1.63327 -0.00114973 -0.697247 1.57441 -2.94889 0.479386 1.98021 -0.0236481 -0.112538 -0.162415 -0.006203 -0.00540002 -0.000982982 0.199004 0.454565 -0.50343 2.17297 1.07325 -0.00130295 0.00225383 -1.93703 -1.02506 0.796475 -0.196857 -0.000419672 8.18218e-05 -0.727009
683.392 0.0223975 -0.585311 1.73571 -2.94319 0.484168 1.98087 -0.0102736 -0.603362 1.80785 -2.94625 0.465411 1.97706 -0.032671 -0.0180507 0.0721396 -0.00305561 -0.0187565 -0.00381573 0.0812241 1.09468 0.00193916 -0.69769 1.57319 -2.94828 0.479248 1.97971 -0.0204583 -0.112379 -0.162518 -0.00508064 -0.00492013 -0.00115886 0.198645 0.388662 -0.503539 2.17199 1.07308 -0.00140129 0.00299801 -1.93719 -1.02506 0.796475 -0.196857 -0.000419672 8.18218e-05 -0.727009
683.878 0.0222 -0.584424 1.73563 -2.94349 0.484171 1.98075 -0.0102736 -0.603362 1.80785 -2.94625 0.465411 1.97706 -0.0324736 -0.018938 0.0722216 -0.00275948 -0.0187591 -0.0036877 0.0814195 1.09289 0.00407856 -0.696328 1.57284 -2.94745 0.479617 1.97957 -0.0181214 -0.111904 -0.162791 -0.00396293 -0.00455361 -0.00117842 0.198373 0.332202 -0.503657 2.17103 1.07361 -0.00161618 0.00310003 -1.9373 -1.02506 0.796475 -0.196857 -0.000419672 8.18218e-05 -0.727009
684.339 0.0220587 -0.582538 1.7362 -2.94366 0.484424 1.98068 -0.0102358 -0.602665 1.80812 -2.96232 0.482103 1.98038 -0.0322945 -0.0201268 0.0719228 -0.0186571 -0.00232128 -0.000293613 0.081369 1.06973 0.00575526 -0.692829 1.57248 -2.94581 0.480329 1.97988 -0.0163035 -0.110291 -0.163716 -0.00214898 -0.00409498 -0.000793409 0.198073 0.259443 -0.5038 2.16987 1.07478 -0.00182615 0.00292628 -1.93741 -1.02506 0.796475 -0.196857 -0.000419672 8.18218e-05 -0.727009
684.764 0.0220852 -0.578697 1.73786 -2.94365 0.485033 1.98067 -0.0102736 -0.600204 1.80785 -2.94577 0.466412 1.97727 -0.0323588 -0.0215068 0.0699937 -0.00212671 -0.0186203 -0.00339921 0.0800547 1.08137 0.00910897 -0.687647 1.57339 -2.94415 0.4819 1.98049 -0.0129763 -0.10895 -0.164472 -0.000505823 -0.00313286 -0.000181782 0.197711 0.181308 -0.504016 2.16802 1.07731 -0.00201973 0.00236327 -1.93754 -1.02506 0.796475 -0.196857 -0.000419672 8.18218e-05 -0.727009
685.092 0.0218266 -0.574752 1.73978 -2.94375 0.485876 1.98077 -0.0109292 -0.590824 1.79368 -2.96174 0.51567 1.96797 -0.0327558 -0.0160721 0.0538957 -0.0179874 0.0297945 -0.012797 0.0650846 1.94642 0.0121399 -0.682968 1.57491 -2.94331 0.483806 1.98125 -0.00968669 -0.108216 -0.164874 0.000442581 -0.0020693 0.000481493 0.197454 0.121947 -0.50418 2.16642 1.07987 -0.00246311 0.00162707 -1.93762 -1.02506 0.796475 -0.196857 -0.000419672 8.18218e-05 -0.727009
685.552 0.0211089 -0.565371 1.74491 -2.94422 0.487894 1.98112 -0.0108532 -0.574075 1.77817 -2.94312 0.497813 1.99232 -0.0319621 -0.00870415 0.0332628 0.00110655 0.00991921 0.0112008 0.0469441 0.836966 0.017695 -0.671379 1.57886 -2.94248 0.488982 1.98222 -0.00341389 -0.106008 -0.166047 0.00174242 0.00108868 0.00110043 0.197031 0.108352 -0.504408 2.16278 1.08659 -0.00378113 -6.58451e-05 -1.93771 -1.02506 0.796475 -0.196857 -0.000419672 8.18218e-05 -0.727009
685.878 0.0215916 -0.559129 1.749 -2.94427 0.488626 1.98126 -0.0108532 -0.567864 1.77818 -2.9421 0.499893 1.99281 -0.0324447 -0.00873453 0.0291747 0.00217354 0.0112672 0.0115542 0.0444985 0.889994 0.0219076 -0.66386 1.58216 -2.94177 0.490937 1.98227 0.000316074 -0.104731 -0.166838 0.00250249 0.00231165 0.00101021 0.196986 0.183454 -0.504385 2.16008 1.09224 -0.00413954 -0.000712382 -1.93773 -1.02506 0.796475 -0.196857 -0.000419672 8.18218e-05 -0.727009
686.254 0.0225799 -0.554412 1.75241 -2.94404 0.488909 1.98132 -0.0102355 -0.57108 1.80812 -2.95751 0.492395 1.9827 -0.0328154 -0.0166687 0.0557162 -0.0134731 0.00348649 0.00137226 0.0667757 0.836031 0.0259952 -0.6577 1.58475 -2.9408 0.491674 1.98232 0.0034153 -0.103288 -0.167657 0.00323486 0.0027654 0.000996076 0.196949 0.228997 -0.504246 2.15794 1.09705 -0.00405251 -0.0010541 -1.93773 -1.02506 0.796475 -0.196857 -0.000419672 8.18218e-05 -0.727009
686.734 0.0239265 -0.549718 1.75601 -2.94369 0.489024 1.98136 -0.0102355 -0.564763 1.80812 -2.95652 0.494488 1.98318 -0.034162 -0.0150451 0.0521099 -0.0128379 0.00546419 0.00181703 0.0641002 0.849958 0.0297427 -0.651073 1.58732 -2.93942 0.492098 1.98233 0.00581622 -0.101355 -0.168692 0.00426519 0.00307439 0.000967763 0.196884 0.285305 -0.504001 2.15572 1.10224 -0.00377775 -0.00128555 -1.93772 -1.02506 0.796475 -0.196857 -0.000419672 8.18218e-05 -0.727009
687.067 0.0262374 -0.54302 1.76128 -2.94298 0.489131 1.98139 -0.00707761 -0.558436 1.80809 -2.95433 0.496148 1.98458 -0.033315 -0.0154162 0.0468152 -0.0113506 0.00701693 0.00319507 0.0594913 0.855008 0.0331553 -0.642856 1.59165 -2.93698 0.491979 1.98482 0.00691788 -0.0998364 -0.169629 0.00599868 0.00284743 0.00343488 0.19695 0.34605 -0.503523 2.15264 1.10959 -0.00317338 -0.00163027 -1.93772 -1.02506 0.796475 -0.196857 -0.000419672 8.18218e-05 -0.727009
687.382 0.0280962 -0.537912 1.76536 -2.94244 0.489198 1.98139 -0.00470076 -0.546249 1.79394 -2.93771 0.513605 1.96978 -0.032797 -0.00833753 0.0285789 0.00473254 0.0244072 -0.0116144 0.0442935 1.62654 0.0365081 -0.636881 1.59522 -2.93514 0.491871 1.98766 0.00841186 -0.0989688 -0.170136 0.00729633 0.00267302 0.00626425 0.197007 0.430693 -0.503068 2.15027 1.11531 -0.00269185 -0.00188172 -1.93773 -1.02506 0.796475 -0.196857 -0.000419672 8.18218e-05 -0.727009
688.072 0.0322148 -0.526458 1.77523 -2.94173 0.489046 1.98129 -0.00160589 -0.546234 1.83891 -2.95025 0.474516 1.97299 -0.0338206 -0.0197759 0.0636756 -0.00851499 -0.01453 -0.00829621 0.074763 0.970758 0.0407229 -0.624575 1.60462 -2.93427 0.492249 1.99049 0.00850819 -0.0981167 -0.170611 0.00746192 0.00320267 0.00919627 0.196996 0.530818 -0.50176 2.14461 1.12945 -0.00192693 -0.00199223 -1.93779 -1.02506 0.796475 -0.196857 -0.000419672 8.18218e-05 -0.727009
688.286 0.0342169 -0.521168 1.77982 -2.9413 0.489032 1.98126 0.00164718 -0.539055 1.83906 -2.96562 0.493776 1.97761 -0.0325697 -0.0178866 0.0592387 -0.02432 0.00474391 -0.00364903 0.0699281 1.33589 0.0437778 -0.619303 1.60918 -2.93459 0.492327 1.98989 0.00956097 -0.0981347 -0.170638 0.00670847 0.00329514 0.00863765 0.197076 0.498893 -0.501121 2.14213 1.13585 -0.00149531 -0.00213264 -1.93782 -1.02506 0.796475 -0.196857 -0.000419672 8.18218e-05 -0.727009
689.402 0.0417067 -0.500238 1.79646 -2.93862 0.490374 1.98146 0.00718093 -0.510976 1.82476 -2.9436 0.516868 1.96526 -0.0345258 -0.0107379 0.0282954 -0.00498682 0.0264947 -0.0162006 0.0459125 1.72964 0.0571272 -0.603053 1.62852 -2.93495 0.492288 1.98605 0.0154205 -0.102815 -0.167936 0.0036702 0.00191454 0.00458517 0.197512 0.269795 -0.498845 2.1339 1.15763 0.000443651 -0.00430669 -1.93791 -1.02506 0.796475 -0.196857 -0.000419672 8.18218e-05 -0.727009
689.684 0.0440682 -0.493053 1.80184 -2.93749 0.491204 1.98162 0.0103676 -0.501415 1.82476 -2.94071 0.519733 1.96704 -0.0337006 -0.00836273 0.0229263 -0.00322087 0.028529 -0.0145771 0.0416087 1.80385 0.0602822 -0.597086 1.63461 -2.93436 0.492113 1.98488 0.016214 -0.104033 -0.16723 0.00312458 0.000908537 0.00325733 0.197615 0.195835 -0.498161 2.13154 1.16425 0.00113489 -0.00546574 -1.93795 -1.02506 0.796475 -0.196857 -0.000419672 8.18218e-05 -0.727009
689.928 0.0462356 -0.486689 1.80711 -2.93664 0.491687 1.98168 0.0128307 -0.495689 1.83905 -2.9175 0.507155 1.98472 -0.0334049 -0.00899941 0.0319414 0.0191448 0.0154683 0.00303824 0.0470864 1.35509 0.0634301 -0.591975 1.6406 -2.93377 0.4923 1.98413 0.0171945 -0.105285 -0.166506 0.00287662 0.000612756 0.00244996 0.19775 0.163129 -0.497493 2.12931 1.17096 0.00172754 -0.00620563 -1.93799 -1.02506 0.796475 -0.196857 -0.000419672 8.18218e-05 -0.727009
690.24 0.0487245 -0.48035 1.81379 -2.9362 0.491401 1.98156 0.015523 -0.494639 1.87167 -2.93372 0.498701 1.97413 -0.0332015 -0.0142889 0.0578779 0.0024721 0.00730023 -0.0074333 0.0682376 0.658491 0.0665191 -0.58787 1.64861 -2.93378 0.491405 1.98272 0.0177946 -0.10752 -0.165179 0.00241648 3.68991e-06 0.00116427 0.197892 0.121947 -0.496645 2.12658 1.18012 0.00230879 -0.00609893 -1.93805 -1.02506 0.796475 -0.196857 -0.000419672 8.18218e-05 -0.727009
690.592 0.0504706 -0.476353 1.81882 -2.93605 0.490841 1.98138 0.0178471 -0.483912 1.85555 -2.95244 0.517423 1.95908 -0.0326235 -0.00755865 0.0367295 -0.0163948 0.0265822 -0.0222962 0.049704 1.91683 0.0691547 -0.584918 1.6542 -2.93381 0.489988 1.98165 0.0186841 -0.108565 -0.164618 0.00223801 -0.000852593 0.000268893 0.198077 0.131221 -0.496061 2.12472 1.18712 0.00273143 -0.00563905 -1.93809 -1.02506 0.796475 -0.196857 -0.000419672 8.18218e-05 -0.727009
690.896 0.0522187 -0.472657 1.82382 -2.93586 0.490175 1.98117 0.0188201 -0.482166 1.87082 -2.9453 0.520833 1.9809 -0.0333986 -0.00950883 0.0470085 -0.00943931 0.0306581 -0.000270559 0.0584439 1.8359 0.0712185 -0.581032 1.65908 -2.9333 0.488559 1.98079 0.0189998 -0.108375 -0.16473 0.00255881 -0.00161591 -0.000373702 0.198097 0.183454 -0.495544 2.12301 1.19411 0.00324752 -0.00509445 -1.93814 -1.02506 0.796475 -0.196857 -0.000419672 8.18218e-05 -0.727009
691.439 0.0549686 -0.464217 1.83518 -2.93584 0.489056 1.98079 0.0220609 -0.471769 1.87174 -2.92718 0.505518 1.97791 -0.0329077 -0.00755224 0.0365584 0.00865389 0.0164613 -0.00287881 0.0497642 1.11382 0.075943 -0.569816 1.66878 -2.93178 0.486562 1.97938 0.0209743 -0.105599 -0.166401 0.00405996 -0.00249467 -0.00141095 0.198193 0.314035 -0.494717 2.11952 1.20963 0.00384113 -0.00407683 -1.93824 -1.02506 0.796475 -0.196857 -0.000419672 8.18218e-05 -0.727009
691.737 0.0555993 -0.461294 1.83957 -2.93611 0.488492 1.98062 0.023292 -0.473318 1.90441 -2.94554 0.496254 1.96612 -0.0323073 -0.0120243 0.0648476 -0.00943471 0.00776124 -0.0144978 0.0734409 0.869081 0.0764157 -0.56508 1.67211 -2.93167 0.486061 1.97893 0.0208163 -0.103787 -0.167461 0.00443197 -0.00243104 -0.00168205 0.198111 0.340349 -0.494556 2.11821 1.21577 0.00386961 -0.0034646 -1.93828 -1.02506 0.796475 -0.196857 -0.000419672 8.18218e-05 -0.727009
692.066 0.0561349 -0.458872 1.84366 -2.93642 0.487755 1.98041 0.0253301 -0.46197 1.87178 -2.92412 0.508392 1.97971 -0.0308048 -0.00309835 0.0281237 0.0122971 0.0206372 -0.000705049 0.0418267 1.38677 0.0778902 -0.562636 1.67617 -2.93203 0.485295 1.97843 0.0217553 -0.103765 -0.167484 0.00439304 -0.00246043 -0.00198137 0.198221 0.350545 -0.494525 2.11699 1.22165 0.00393151 -0.00267743 -1.9383 -1.02506 0.796475 -0.196857 -0.000419672 8.18218e-05 -0.727009
692.331 0.0563678 -0.455008 1.84906 -2.93681 0.487222 1.98026 0.0253301 -0.458701 1.87178 -2.92353 0.509526 1.98 -0.0310377 -0.0036931 0.0227184 0.0132826 0.0223038 -0.000256864 0.0386407 1.49095 0.0797969 -0.558297 1.68129 -2.93231 0.484486 1.97812 0.0234291 -0.103289 -0.167768 0.00449914 -0.00273629 -0.00213076 0.198403 0.367973 -0.4947 2.11545 1.22915 0.00382828 -0.00205137 -1.93833 -1.02506 0.796475 -0.196857 -0.000419672 8.18218e-05 -0.727009
692.673 0.055874 -0.45157 1.85312 -2.93728 0.487244 1.98024 0.0253545 -0.452763 1.87087 -2.93739 0.530091 1.98558 -0.0305194 -0.00119269 0.0177497 -0.000109965 0.042847 0.00533671 0.0353258 2.47433 0.0816602 -0.552974 1.68426 -2.93218 0.484356 1.9781 0.0257862 -0.101404 -0.16886 0.00509914 -0.00288729 -0.00214742 0.198649 0.401538 -0.494997 2.11434 1.23458 0.00338899 -0.00190658 -1.93834 -1.02506 0.796475 -0.196857 -0.000419672 8.18218e-05 -0.727009
692.956 0.0545959 -0.448748 1.85686 -2.93829 0.487168 1.98023 0.024963 -0.456817 1.90497 -2.94303 0.500954 1.96765 -0.0296329 -0.00806898 0.0481108 -0.00473246 0.0137863 -0.0125769 0.0570777 1.01568 0.0837936 -0.548306 1.68695 -2.93178 0.484139 1.97814 0.0291977 -0.0995586 -0.16991 0.00651494 -0.00302852 -0.00208885 0.199083 0.474778 -0.495423 2.11326 1.23982 0.00247084 -0.00147925 -1.93834 -1.02506 0.796475 -0.196857 -0.000419672 8.18218e-05 -0.727009
693.448 0.0509803 -0.444705 1.86423 -2.94141 0.485976 1.98004 0.0216358 -0.450156 1.90495 -2.94319 0.503738 1.96729 -0.0293445 -0.0054509 0.0407226 -0.00178384 0.0177627 -0.0127552 0.050489 1.22844 0.0862854 -0.533008 1.68791 -2.93269 0.483211 1.97828 0.0353051 -0.0883026 -0.176321 0.0087145 -0.00276454 -0.00176027 0.200332 0.576073 -0.49677 2.11066 1.25126 6.07505e-05 0.000709738 -1.93826 -1.02506 0.796475 -0.196857 -0.000419672 8.18218e-05 -0.727009
694.47 0.0484489 -0.441514 1.86992 -2.94394 0.484193 1.9798 0.0176053 -0.449577 1.92037 -2.94194 0.469033 1.97892 -0.0308436 -0.00806293 0.0504465 0.00199443 -0.0151598 -0.000875472 0.0596757 0.880712 0.0915241 -0.525896 1.69147 -2.93534 0.482077 1.97849 0.0430752 -0.0843821 -0.178452 0.0085969 -0.00211615 -0.00130858 0.202042 0.545364 -0.49841 2.10752 1.26134 -0.00156946 0.00323598 -1.93813 -1.02506 0.796475 -0.196857 -0.000419672 8.18218e-05 -0.727009
694.729 0.0474022 -0.438772 1.872 -2.94469 0.484125 1.97985 0.017591 -0.447156 1.92072 -2.92056 0.489228 1.98339 -0.0298111 -0.00838326 0.0487171 0.0241353 0.00510253 0.00353633 0.0577264 1.33295 0.0926359 -0.522915 1.69346 -2.93652 0.481778 1.97862 0.0452337 -0.0841426 -0.178542 0.00817593 -0.002347 -0.0012294 0.202493 0.522645 -0.499168 2.10587 1.26495 -0.00228009 0.00356321 -1.93807 -1.02506 0.796475 -0.196857 -0.000419672 8.18218e-05 -0.727009
695.345 0.0464762 -0.434706 1.87388 -2.94508 0.484712 1.98005 0.0161089 -0.447948 1.93875 -2.96437 0.496081 1.95376 -0.0303673 -0.0132421 0.0648664 -0.0192896 0.0113685 -0.0262949 0.0728367 1.53212 0.0925513 -0.518043 1.69491 -2.9376 0.481921 1.97888 0.046075 -0.0833368 -0.178969 0.00747648 -0.00279173 -0.00117333 0.202726 0.490189 -0.499934 2.104 1.26803 -0.00294744 0.00316022 -1.93801 -1.02506 0.796475 -0.196857 -0.000419672 8.18218e-05 -0.727009
695.77 0.0457823 -0.430157 1.87534 -2.94525 0.48554 1.98031 0.0142717 -0.437816 1.92019 -2.9364 0.512439 1.98841 -0.0315106 -0.0076583 0.0448547 0.00884794 0.026899 0.00809743 0.055349 1.61931 0.0918032 -0.512195 1.69563 -2.93827 0.48246 1.97928 0.0460209 -0.0820382 -0.179707 0.00697947 -0.00308031 -0.0010288 0.202837 0.465622 -0.500681 2.10192 1.27055 -0.00351562 0.0024608 -1.93795 -1.02506 0.796475 -0.196857 -0.000419672 8.18218e-05 -0.727009
696.318 0.0457561 -0.423875 1.87656 -2.94491 0.486656 1.98063 0.0142923 -0.4319 1.92005 -2.9591 0.495314 1.98369 -0.0314638 -0.00802456 0.0434846 -0.0141819 0.00865807 0.00305598 0.0542704 1.03514 0.0906317 -0.503599 1.69551 -2.93884 0.483589 1.97986 0.0448756 -0.079724 -0.18105 0.00607547 -0.00306678 -0.000776513 0.202852 0.410216 -0.501605 2.09885 1.27315 -0.00375168 0.00131904 -1.93789 -1.02506 0.796475 -0.196857 -0.000419672 8.18218e-05 -0.727009
696.632 0.0465647 -0.419351 1.87697 -2.94425 0.487282 1.98081 0.0142362 -0.427017 1.92068 -2.91825 0.496645 1.98417 -0.0323284 -0.0076656 0.0437092 0.0259987 0.0093626 0.00336033 0.0549034 1.50766 0.0888349 -0.496039 1.69412 -2.9391 0.484696 1.98006 0.0422703 -0.0766875 -0.182854 0.00515424 -0.00258618 -0.000747235 0.20274 0.350545 -0.502222 2.09636 1.27463 -0.00343352 0.000512539 -1.93786 -1.02506 0.796475 -0.196857 -0.000419672 8.18218e-05 -0.727009
696.985 0.0479447 -0.41508 1.87705 -2.94333 0.487705 1.98091 0.0153987 -0.428603 1.95483 -2.95557 0.506 1.97675 -0.032546 -0.0135237 0.0777792 -0.0122391 0.0182951 -0.00416263 0.0853917 1.21981 0.0880356 -0.490017 1.69313 -2.93894 0.486116 1.98029 0.0400908 -0.0749369 -0.183924 0.00439195 -0.00158889 -0.000620642 0.20261 0.285305 -0.502772 2.09374 1.27584 -0.00277315 -0.000198273 -1.93785 -1.02506 0.796475 -0.196857 -0.000419672 8.18218e-05 -0.727009
697.264 0.0501483 -0.409957 1.87668 -2.94207 0.487974 1.98095 0.0175908 -0.41696 1.92072 -2.91509 0.499599 1.98595 -0.0325576 -0.00700251 0.0440425 0.0269819 0.0116252 0.0050022 0.0552156 1.57967 0.087429 -0.481646 1.6908 -2.93865 0.488525 1.98079 0.0372807 -0.0716885 -0.185881 0.00342058 0.000550856 -0.000158846 0.202684 0.203672 -0.503426 2.09012 1.27714 -0.00170137 -0.000889724 -1.93787 -1.02506 0.796475 -0.196857 -0.000419672 8.18218e-05 -0.727009
697.503 0.0516304 -0.406373 1.87611 -2.9413 0.488149 1.98094 0.0187965 -0.420148 1.95532 -2.95812 0.467611 1.96887 -0.0328339 -0.0137749 0.0792069 -0.0168225 -0.0205373 -0.0120724 0.086842 1.47618 0.0864264 -0.476646 1.68936 -2.93838 0.490715 1.98128 0.034796 -0.0702739 -0.186746 0.00291992 0.0025662 0.000343002 0.202542 0.216705 -0.50388 2.08733 1.27785 -0.00103356 -0.001323 -1.93791 -1.02506 0.796475 -0.196857 -0.000419672 8.18218e-05 -0.727009
697.792 0.0528488 -0.40305 1.87529 -2.94073 0.488308 1.98091 0.0209985 -0.408423 1.92006 -2.95235 0.502433 1.98755 -0.0318503 -0.00537296 0.0447717 -0.0116176 0.0141255 0.00664828 0.055207 1.2182 0.0843605 -0.472877 1.68825 -2.93811 0.492799 1.98189 0.0315116 -0.0698271 -0.18704 0.00262169 0.0044908 0.000980827 0.202121 0.289391 -0.504323 2.08451 1.27834 -0.000544903 -0.00166659 -1.93798 -1.02506 0.796475 -0.196857 -0.000419672 8.18218e-05 -0.727009
698.288 0.0554915 -0.39498 1.8728 -2.93935 0.489077 1.98087 0.0239151 -0.409867 1.95515 -2.95352 0.46998 1.9714 -0.0315764 -0.0148867 0.0823555 -0.0141662 -0.0190969 -0.00946835 0.0894489 1.32057 0.0794591 -0.466295 1.68655 -2.93879 0.495684 1.98243 0.0239676 -0.0713152 -0.186247 0.00056355 0.00660683 0.00156331 0.200869 0.386643 -0.50537 2.07791 1.27861 0.000505391 -0.00286466 -1.93817 -1.02506 0.796475 -0.196857 -0.000419672 8.18218e-05 -0.727009
698.556 0.0567981 -0.39104 1.87152 -2.93845 0.489701 1.98091 0.0243518 -0.398364 1.92007 -2.94919 0.505435 1.98939 -0.0324463 -0.00732357 0.0485543 -0.0107383 0.015734 0.00847876 0.058855 1.30866 0.0773256 -0.463771 1.68605 -2.93896 0.496716 1.98248 0.0205275 -0.0727309 -0.18547 -0.000502634 0.00701498 0.0015698 0.200276 0.415901 -0.505844 2.07513 1.27827 0.00111256 -0.00375312 -1.93826 -1.02506 0.796475 -0.196857 -0.000419672 8.18218e-05 -0.727009
698.828 0.0580624 -0.387374 1.86992 -2.93756 0.490305 1.98093 0.0266172 -0.390159 1.90446 -2.92948 0.524872 1.97436 -0.0314452 -0.00278502 0.034537 0.00808172 0.0345672 -0.00657002 0.0467906 2.10914 0.075703 -0.461959 1.68549 -2.93884 0.497546 1.98248 0.0176406 -0.0745857 -0.184433 -0.00127971 0.00724122 0.0015457 0.199725 0.437902 -0.506345 2.07243 1.27756 0.00172589 -0.0046161 -1.93836 -1.02506 0.796475 -0.196857 -0.000419672 8.18218e-05 -0.727009
699.124 0.059436 -0.383946 1.86702 -2.93669 0.490712 1.98087 0.0266172 -0.386832 1.90446 -2.92885 0.526078 1.97468 -0.0328189 -0.00288635 0.037439 0.007842 0.0353662 -0.00618904 0.0498707 2.14211 0.0719194 -0.45972 1.68326 -2.93896 0.49829 1.98239 0.0124834 -0.075775 -0.183761 -0.00226162 0.00757856 0.00151544 0.199163 0.473126 -0.507069 2.06901 1.27587 0.00242699 -0.00529288 -1.9385 -1.02506 0.796475 -0.196857 -0.000419672 8.18218e-05 -0.727009
699.403 0.0603938 -0.382639 1.86422 -2.93622 0.4906 1.98072 0.0296576 -0.390985 1.93765 -2.97329 0.494247 1.95735 -0.0307362 -0.00834598 0.0734345 -0.0370656 0.00364715 -0.0233723 0.0800437 1.91254 0.069985 -0.458796 1.68068 -2.9388 0.49838 1.98226 0.00959115 -0.0761568 -0.183541 -0.00257685 0.00778061 0.00153329 0.198945 0.490189 -0.507669 2.06662 1.27404 0.00298334 -0.00535626 -1.93861 -1.02506 0.796475 -0.196857 -0.000419672 8.18218e-05 -0.727009
699.703 0.0610599 -0.382152 1.861 -2.93597 0.490288 1.98053 0.0299436 -0.383513 1.9045 -2.92682 0.526745 1.97597 -0.0311164 -0.00136128 0.0434994 0.00914736 0.0364572 -0.00455644 0.0535003 2.1998 0.0675819 -0.459468 1.67815 -2.93871 0.498331 1.98217 0.00652198 -0.0773161 -0.182851 -0.00273497 0.00804261 0.00164333 0.198632 0.509757 -0.508334 2.06437 1.27179 0.00342206 -0.00515714 -1.93872 -1.02506 0.796475 -0.196857 -0.000419672 8.18218e-05 -0.727009
700.039 0.0607998 -0.381349 1.85641 -2.93609 0.490387 1.98039 0.0310225 -0.387536 1.92047 -2.92685 0.487806 1.98725 -0.0297774 -0.00618647 0.0640549 0.00923511 -0.00258117 0.00686189 0.0709083 0.510524 0.0640622 -0.460059 1.67439 -2.93869 0.498632 1.98225 0.00326233 -0.07871 -0.182021 -0.00260243 0.00824495 0.00185913 0.198337 0.521145 -0.509347 2.06161 1.26817 0.00334765 -0.00520718 -1.93885 -1.02506 0.796475 -0.196857 -0.000419672 8.18218e-05 -0.727009
700.559 0.0591742 -0.380423 1.84891 -2.93664 0.491037 1.98034 0.029944 -0.38409 1.90329 -2.94875 0.507553 1.97137 -0.0292303 -0.00366701 0.0543793 -0.0121102 0.0165155 -0.00896956 0.0618463 1.13987 0.0587644 -0.461536 1.6683 -2.93868 0.499061 1.98216 -0.000409796 -0.0811132 -0.180612 -0.00204229 0.00802401 0.00181412 0.197991 0.497322 -0.51111 2.05799 1.26159 0.00262913 -0.00560802 -1.93902 -1.02506 0.796475 -0.196857 -0.000419672 8.18218e-05 -0.727009
701.058 0.057132 -0.381905 1.83948 -2.93748 0.490938 1.98017 0.0266318 -0.385901 1.90403 -2.95132 0.507363 1.96972 -0.0305002 -0.00399551 0.0645565 -0.0138415 0.0164256 -0.0104562 0.0715106 1.19124 0.0511813 -0.467647 1.66159 -2.93885 0.498289 1.98131 -0.00595073 -0.0857418 -0.177886 -0.0013743 0.00735197 0.00113458 0.197561 0.438795 -0.513406 2.05455 1.2532 0.00196442 -0.00522212 -1.93915 -1.02506 0.796475 -0.196857 -0.000419672 8.18218e-05 -0.727009
701.39 0.056251 -0.38303 1.83555 -2.93786 0.490686 1.98009 0.0265974 -0.388495 1.90456 -2.93405 0.486294 1.9648 -0.0296536 -0.00546516 0.069013 0.00381063 -0.0043917 -0.0152877 0.0753127 1.02832 0.0471122 -0.471471 1.65925 -2.93973 0.49753 1.98081 -0.00913881 -0.0884414 -0.176298 -0.00187338 0.00684358 0.000722956 0.19745 0.414015 -0.514443 2.05331 1.24973 0.00173821 -0.00485798 -1.93917 -1.02506 0.796475 -0.196857 -0.000419672 8.18218e-05 -0.727009
701.671 0.0554548 -0.383981 1.83191 -2.93812 0.490466 1.98003 0.0253605 -0.383346 1.87116 -2.95354 0.499158 1.97723 -0.0300943 0.000634536 0.0392496 -0.0154244 0.00869171 -0.00280472 0.0494631 0.958996 0.0439954 -0.474179 1.65664 -2.94103 0.496594 1.98039 -0.0114595 -0.0901983 -0.17527 -0.00291659 0.00612726 0.000363124 0.19745 0.393664 -0.515505 2.0522 1.2465 0.00160228 -0.0045658 -1.93917 -1.02506 0.796475 -0.196857 -0.000419672 8.18218e-05 -0.727009
701.921 0.0542353 -0.38589 1.82733 -2.93869 0.489835 1.97992 0.0243402 -0.382503 1.85503 -2.95328 0.53539 1.96559 -0.0298951 0.00338698 0.0276984 -0.0145858 0.0455547 -0.0143277 0.0408948 2.74067 0.0413656 -0.476936 1.65257 -2.94257 0.495286 1.98025 -0.0128697 -0.0910466 -0.174765 -0.00387696 0.00545123 0.000329649 0.197479 0.388662 -0.516962 2.05087 1.24263 0.00133796 -0.0037855 -1.93914 -1.02506 0.796475 -0.196857 -0.000419672 8.18218e-05 -0.727009
702.28 0.0531606 -0.388204 1.82393 -2.93942 0.488927 1.97976 0.0232709 -0.395139 1.90451 -2.93657 0.484456 1.96337 -0.0298897 -0.00693574 0.0805799 0.00284941 -0.0044715 -0.0163931 0.0862242 1.05721 0.0391748 -0.479996 1.64961 -2.94386 0.493831 1.98016 -0.0139858 -0.0917923 -0.174322 -0.0044415 0.00490351 0.000404824 0.197509 0.386643 -0.518084 2.04998 1.23999 0.00105284 -0.00269818 -1.9391 -1.02506 0.796475 -0.196857 -0.000419672 8.18218e-05 -0.727009
702.553 0.0522261 -0.390068 1.82082 -2.93994 0.488151 1.97964 0.0220363 -0.391616 1.8716 -2.91678 0.496415 1.97562 -0.0301898 -0.0015482 0.0507849 0.0231632 0.00826458 -0.00402147 0.059101 1.52572 0.0366733 -0.482784 1.64703 -2.94489 0.492141 1.98023 -0.0155528 -0.0927164 -0.173782 -0.00494117 0.00399071 0.000588015 0.197582 0.377424 -0.519237 2.04912 1.23757 0.000882834 -0.00179963 -1.93904 -1.02506 0.796475 -0.196857 -0.000419672 8.18218e-05 -0.727009
702.867 0.0513898 -0.391576 1.81719 -2.94018 0.48737 1.97958 0.0210909 -0.390445 1.85427 -2.95522 0.532983 1.96445 -0.0302989 0.00113134 0.0370827 -0.0150434 0.0456134 -0.0151268 0.0479002 2.75577 0.0338984 -0.486397 1.64464 -2.94518 0.490703 1.98041 -0.0174914 -0.0948207 -0.172551 -0.00499693 0.00333313 0.000831761 0.197664 0.36584 -0.520831 2.04799 1.23476 0.000963882 -0.00100103 -1.93894 -1.02506 0.796475 -0.196857 -0.000419672 8.18218e-05 -0.727009
703.16 0.0507239 -0.391549 1.81492 -2.94012 0.487268 1.97965 0.0202236 -0.39278 1.85389 -2.91481 0.489448 2.0029 -0.0305003 -0.00123096 0.0389724 0.0253108 0.00217918 0.0232499 0.0495039 1.44239 0.0315571 -0.488691 1.64371 -2.94491 0.490149 1.98078 -0.0191668 -0.0971422 -0.171205 -0.0047936 0.00288101 0.00113095 0.197775 0.351659 -0.522081 2.04712 1.2329 0.00102072 -0.000929637 -1.93886 -1.02506 0.796475 -0.196857 -0.000419672 8.18218e-05 -0.727009
703.429 0.0498499 -0.390974 1.81283 -2.94005 0.487434 1.97977 0.018825 -0.396414 1.87113 -2.95857 0.495469 1.97425 -0.0310249 -0.00543973 0.0583004 -0.0185212 0.00803514 -0.00552417 0.0662652 1.05906 0.0288205 -0.489855 1.64263 -2.94432 0.48985 1.98132 -0.0210294 -0.0988814 -0.1702 -0.0042627 0.00241619 0.00154402 0.197959 0.327456 -0.523381 2.04623 1.23114 0.000962067 -0.00110493 -1.93879 -1.02506 0.796475 -0.196857 -0.000419672 8.18218e-05 -0.727009
703.693 0.0489192 -0.38976 1.81021 -2.93969 0.487752 1.97995 0.018825 -0.396414 1.87113 -2.95857 0.495469 1.97425 -0.0300942 -0.00665387 0.0609184 -0.0188855 0.00771715 -0.00570401 0.0682714 1.06753 0.0251491 -0.491248 1.64153 -2.9432 0.489603 1.98198 -0.0237701 -0.101488 -0.168681 -0.00351223 0.00185093 0.00202786 0.198288 0.294751 -0.525184 2.04503 1.22892 0.00110358 -0.00152452 -1.93869 -1.02506 0.796475 -0.196857 -0.000419672 8.18218e-05 -0.727009
703.933 0.0482084 -0.388788 1.80836 -2.93939 0.48797 1.98006 0.018825 -0.396414 1.87113 -2.95857 0.495469 1.97425 -0.0293834 -0.00762512 0.0627712 -0.0191816 0.0074997 -0.00581091 0.0697262 1.07593 0.0227947 -0.494008 1.64185 -2.94231 0.489179 1.98231 -0.0254137 -0.10522 -0.166513 -0.00291979 0.00120901 0.0022484 0.198604 0.26393 -0.526588 2.04412 1.2274 0.00125268 -0.00182884 -1.93865 -1.02506 0.796475 -0.196857 -0.000419672 8.18218e-05 -0.727009
704.22 0.047268 -0.387941 1.80657 -2.93925 0.488132 1.98013 0.0167527 -0.385749 1.82425 -2.9366 0.54381 1.97565 -0.0305153 0.00219188 0.0176796 0.00265528 0.0556784 -0.00447953 0.0353349 3.21004 0.0213107 -0.496207 1.64183 -2.94149 0.488371 1.98246 -0.0259572 -0.108266 -0.164739 -0.00223739 0.000239427 0.00232174 0.198833 0.223812 -0.528037 2.04323 1.22601 0.00128936 -0.0020259 -1.93861 -1.02506 0.796475 -0.196857 -0.000419672 8.18218e-05 -0.727009
704.512 0.0460584 -0.38727 1.80485 -2.93931 0.488228 1.98018 0.0155148 -0.393991 1.8713 -2.94074 0.477238 1.96936 -0.0305436 -0.00672139 0.0664506 -0.00142513 -0.0109903 -0.0108211 0.0734423 0.860483 0.0206887 -0.49856 1.64186 -2.94116 0.487907 1.98241 -0.0253697 -0.111291 -0.162988 -0.00185236 -0.000320813 0.00223342 0.198983 0.201741 -0.529529 2.04236 1.22477 0.00117851 -0.00209353 -1.93859 -1.02506 0.796475 -0.196857 -0.000419672 8.18218e-05 -0.727009
704.857 0.0439605 -0.386481 1.8027 -2.93971 0.488357 1.98022 0.0135496 -0.38419 1.8245 -2.94288 0.508368 1.9656 -0.0304109 0.00229014 0.0217921 -0.00316708 0.0200112 -0.0146246 0.0374829 1.37998 0.0207485 -0.500457 1.64126 -2.94086 0.487306 1.98217 -0.023212 -0.113976 -0.161445 -0.00115038 -0.00105068 0.00194993 0.198982 0.165511 -0.531575 2.04123 1.22333 0.000740479 -0.00207223 -1.93858 -1.02506 0.796475 -0.196857 -0.000419672 8.18218e-05 -0.727009
705.151 0.0421855 -0.385585 1.80129 -2.94006 0.488609 1.98029 0.0122467 -0.393986 1.87127 -2.94205 0.477746 1.96848 -0.0299387 -0.00840088 0.0699831 -0.00199093 -0.0108628 -0.0118044 0.0765802 0.88647 0.0228139 -0.504121 1.64248 -2.94014 0.486772 1.98181 -0.0193715 -0.118536 -0.15881 -7.84642e-05 -0.0018366 0.00151864 0.199115 0.137056 -0.533138 2.0404 1.22241 0.000290262 -0.0021797 -1.93857 -1.02506 0.796475 -0.196857 -0.000419672 8.18218e-05 -0.727009
705.37 0.0402936 -0.38447 1.80002 -2.94044 0.488969 1.98038 0.0104017 -0.38328 1.82393 -2.96143 0.527894 1.96888 -0.0298918 0.00119008 0.0239049 -0.0209878 0.0389255 -0.0115085 0.0382934 2.46625 0.0235264 -0.506194 1.64306 -2.93974 0.486281 1.98155 -0.0167671 -0.121724 -0.156965 0.000702695 -0.00268747 0.00116997 0.199339 0.165511 -0.534708 2.03959 1.2216 -0.000237318 -0.00237616 -1.93856 -1.02506 0.796475 -0.196857 -0.000419672 8.18218e-05 -0.727009
705.611 0.0380238 -0.382529 1.79862 -2.94071 0.489581 1.98056 0.00897979 -0.392328 1.87117 -2.94418 0.478499 1.9675 -0.029044 -0.00979964 0.0725495 -0.00347496 -0.0110819 -0.0130519 0.0787592 0.929149 0.0245132 -0.507662 1.64364 -2.93866 0.484914 1.98127 -0.0135106 -0.125133 -0.154977 0.002046 -0.004667 0.000717962 0.199647 0.286674 -0.536778 2.03852 1.22073 -0.000785838 -0.00284401 -1.93853 -1.02506 0.796475 -0.196857 -0.000419672 8.18218e-05 -0.727009
705.941 0.0367741 -0.38088 1.7978 -2.94062 0.489998 1.98069 0.00644305 -0.383197 1.8389 -2.94104 0.512382 1.98387 -0.030331 -0.00231656 0.0410945 -0.000418474 0.0223832 0.00317115 0.0511283 1.29724 0.0275267 -0.507594 1.64377 -2.93725 0.483238 1.98107 -0.00924735 -0.126713 -0.154037 0.00336296 -0.00675991 0.000372125 0.199673 0.428872 -0.538289 2.03774 1.2203 -0.000911579 -0.00326342 -1.9385 -1.02506 0.796475 -0.196857 -0.000419672 8.18218e-05 -0.727009
706.177 0.035596 -0.379064 1.7972 -2.94046 0.490442 1.98084 0.00571202 -0.389057 1.87116 -2.94494 0.480175 1.96689 -0.029884 -0.00999258 0.0739535 -0.00447509 -0.0102665 -0.0139512 0.0803867 0.92704 0.0317195 -0.505579 1.64307 -2.93623 0.482623 1.981 -0.00387643 -0.126514 -0.154133 0.00423438 -0.00781883 0.000159704 0.199444 0.507449 -0.539754 2.037 1.22008 -0.000995015 -0.00371903 -1.93846 -1.02506 0.796475 -0.196857 -0.000419672 8.18218e-05 -0.727009
706.506 0.0336212 -0.376798 1.79671 -2.94062 0.491036 1.98103 0.00323184 -0.379986 1.8389 -2.94181 0.514099 1.98322 -0.0303893 -0.00318732 0.0421889 -0.00118679 0.0230625 0.00219287 0.0520919 1.33207 0.0359274 -0.504202 1.64312 -2.93467 0.482205 1.98097 0.00230623 -0.127404 -0.153588 0.00595292 -0.00883161 -6.09706e-05 0.199565 0.611018 -0.541618 2.03608 1.22015 -0.00144282 -0.0042082 -1.93842 -1.02506 0.796475 -0.196857 -0.000419672 8.18218e-05 -0.727009
706.8 0.0321984 -0.374771 1.79664 -2.94067 0.491631 1.98119 0.00246579 -0.385026 1.87151 -2.96813 0.46208 1.96193 -0.0297326 -0.0102556 0.0748683 -0.0274626 -0.029551 -0.0192616 0.0812064 2.22844 0.0381499 -0.50323 1.6437 -2.93354 0.482623 1.98117 0.00595147 -0.128459 -0.152942 0.00712607 -0.0090084 -2.30729e-05 0.199821 0.658491 -0.54293 2.03546 1.2204 -0.00177146 -0.0047395 -1.93839 -1.02506 0.796475 -0.196857 -0.000419672 8.18218e-05 -0.727009
707.064 0.0312435 -0.372598 1.79672 -2.94039 0.492224 1.98136 0.000846638 -0.373734 1.82399 -2.96393 0.533028 1.96683 -0.0303968 -0.0011362 0.0272748 -0.0235325 0.0408037 -0.0145246 0.0408555 2.62197 0.039952 -0.500863 1.64369 -2.93208 0.4832 1.98138 0.00870852 -0.128264 -0.153022 0.0083095 -0.00902394 1.78127e-05 0.199859 0.702765 -0.54415 2.03491 1.22072 -0.00180397 -0.00538011 -1.93836 -1.02506 0.796475 -0.196857 -0.000419672 8.18218e-05 -0.727009
707.603 0.0303387 -0.370028 1.79649 -2.93952 0.492358 1.98145 -0.000802542 -0.37849 1.87152 -2.96837 0.464905 1.96157 -0.0311413 -0.00846223 0.0750319 -0.0288459 -0.027453 -0.0198779 0.0816773 2.18373 0.0438669 -0.495667 1.64194 -2.93009 0.483918 1.98161 0.0135282 -0.12564 -0.154546 0.00943467 -0.00843986 0.000156811 0.199632 0.721992 -0.546615 2.034 1.22125 -0.00108282 -0.00580638 -1.93831 -1.02506 0.796475 -0.196857 -0.000419672 8.18218e-05 -0.727009
707.865 0.02954 -0.369919 1.79621 -2.93964 0.492184 1.98142 -0.00162842 -0.371131 1.83883 -2.92406 0.498964 1.97847 -0.0311684 -0.00121153 0.0426174 0.0155781 0.00678038 -0.00294634 0.0528126 1.05795 0.0463662 -0.494215 1.64087 -2.9305 0.48445 1.98159 0.0168262 -0.124296 -0.15534 0.00913604 -0.00773388 0.000176505 0.199658 0.682423 -0.547527 2.03379 1.22133 -0.00111783 -0.00560208 -1.93831 -1.02506 0.796475 -0.196857 -0.000419672 8.18218e-05 -0.727009
708.202 0.0280859 -0.370147 1.79584 -2.94023 0.49208 1.98138 -0.0032323 -0.371145 1.83889 -2.9257 0.499575 1.97752 -0.0313182 -0.000997322 0.04305 0.0145289 0.00749518 -0.00386139 0.0532459 1.04941 0.047062 -0.49302 1.63968 -2.93143 0.485001 1.98154 0.0189761 -0.122872 -0.156164 0.00880235 -0.00707829 0.000154378 0.199612 0.64407 -0.548359 2.03368 1.22131 -0.00161269 -0.00530291 -1.93832 -1.02506 0.796475 -0.196857 -0.000419672 8.18218e-05 -0.727009
708.446 0.0258515 -0.370095 1.7954 -2.94111 0.49235 1.98141 -0.0040709 -0.378493 1.87153 -2.96969 0.465381 1.96073 -0.0299224 -0.00839778 0.0761334 -0.0285737 -0.0269694 -0.0206869 0.0822324 2.16428 0.0473665 -0.491293 1.63828 -2.93279 0.486119 1.98139 0.021515 -0.121198 -0.157116 0.00832918 -0.00623146 -1.83461e-05 0.199593 0.596105 -0.549323 2.03367 1.22104 -0.00254943 -0.00524046 -1.93834 -1.02506 0.796475 -0.196857 -0.000419672 8.18218e-05 -0.727009
708.737 0.0246579 -0.369582 1.79511 -2.94136 0.492799 1.98148 -0.00644348 -0.371144 1.83889 -2.92707 0.500093 1.9766 -0.0311014 -0.00156218 0.0437834 0.0142896 0.00729394 -0.00487597 0.0537283 1.06826 0.0482437 -0.488808 1.63686 -2.93322 0.486922 1.98129 0.0235857 -0.119226 -0.158243 0.00814005 -0.00587713 -0.000188065 0.199529 0.57946 -0.54991 2.03375 1.22061 -0.00296682 -0.00556891 -1.93837 -1.02506 0.796475 -0.196857 -0.000419672 8.18218e-05 -0.727009
709.062 0.0237586 -0.369073 1.7947 -2.94141 0.493312 1.98154 -0.00736041 -0.377634 1.87124 -2.94724 0.48665 1.96448 -0.031119 -0.00856123 0.076537 -0.00582552 -0.00666198 -0.0170599 0.0830638 0.951622 0.0495637 -0.485718 1.63497 -2.93335 0.487974 1.98117 0.0258051 -0.116645 -0.159727 0.00806649 -0.00533801 -0.000368709 0.199461 0.563018 -0.550362 2.0339 1.21992 -0.00322527 -0.00601722 -1.93841 -1.02506 0.796475 -0.196857 -0.000419672 8.18218e-05 -0.727009
709.361 0.0229332 -0.368921 1.79383 -2.94138 0.493891 1.98159 -0.0087527 -0.36826 1.82452 -2.94971 0.517882 1.96037 -0.0316859 0.000661255 0.0306883 -0.00833504 0.023991 -0.0212198 0.0441158 1.74159 0.0521392 -0.484906 1.63374 -2.93305 0.489609 1.98121 0.029206 -0.115985 -0.160087 0.00832714 -0.00428228 -0.000381557 0.199833 0.546081 -0.550732 2.03424 1.21852 -0.00341564 -0.00656468 -1.93849 -1.02506 0.796475 -0.196857 -0.000419672 8.18218e-05 -0.727009
709.593 0.02214 -0.369056 1.79302 -2.94153 0.494429 1.98163 -0.00961329 -0.370362 1.83897 -2.94559 0.519782 1.9803 -0.0317533 -0.00130661 0.0459488 -0.00406313 0.0253536 -0.00133343 0.0558683 1.4674 0.0536539 -0.48466 1.63274 -2.93329 0.491031 1.98131 0.0315139 -0.115605 -0.160275 0.0082357 -0.00339775 -0.000323403 0.200114 0.518888 -0.550822 2.03462 1.21718 -0.00376253 -0.00700211 -1.93856 -1.02506 0.796475 -0.196857 -0.000419672 8.18218e-05 -0.727009
709.885 0.0213765 -0.36957 1.79214 -2.94178 0.494907 1.98164 -0.00965467 -0.371144 1.83889 -2.92844 0.500608 1.97568 -0.0310312 -0.00157433 0.0467499 0.0133403 0.005701 -0.00596541 0.0561335 1.02832 0.0534369 -0.483757 1.63106 -2.93407 0.492767 1.9814 0.0320604 -0.114187 -0.161082 0.00770719 -0.00213964 -0.000242311 0.200035 0.464781 -0.550735 2.0351 1.21571 -0.00417 -0.00735168 -1.93864 -1.02506 0.796475 -0.196857 -0.000419672 8.18218e-05 -0.727009
710.174 0.0210445 -0.370566 1.79128 -2.94192 0.49515 1.98159 -0.0106078 -0.378501 1.87158 -2.97233 0.466322 1.95902 -0.0316523 -0.00793469 0.0803 -0.0304117 -0.0288282 -0.0225686 0.0866771 2.31342 0.052987 -0.483689 1.62958 -2.93487 0.494168 1.98142 0.0319425 -0.113123 -0.161698 0.00705349 -0.000982383 -0.000171876 0.199909 0.413068 -0.550454 2.0357 1.21423 -0.00435894 -0.00752562 -1.93873 -1.02506 0.796475 -0.196857 -0.000419672 8.18218e-05 -0.727009
710.453 0.0214387 -0.372616 1.79024 -2.94183 0.49506 1.98142 -0.011222 -0.373701 1.8396 -2.94779 0.518049 1.97926 -0.0326607 -0.00108495 0.0493607 -0.00595458 0.0229892 -0.00216105 0.0591978 1.35133 0.0520425 -0.482815 1.62681 -2.93569 0.495606 1.9815 0.0306038 -0.110199 -0.16343 0.00614119 0.000546741 7.38589e-05 0.199474 0.351659 -0.549766 2.03669 1.21236 -0.00416291 -0.00747287 -1.93886 -1.02506 0.796475 -0.196857 -0.000419672 8.18218e-05 -0.727009
710.802 0.0226643 -0.374726 1.7894 -2.94136 0.494631 1.98122 -0.00963648 -0.375179 1.83907 -2.95082 0.479474 1.97112 -0.0323007 -0.000453362 0.0496647 -0.00946674 -0.0151569 -0.0101041 0.0592463 1.0438 0.0512545 -0.48388 1.62533 -2.93644 0.496514 1.98158 0.0285902 -0.109154 -0.164079 0.00491718 0.00188294 0.000356793 0.199133 0.29342 -0.549026 2.03757 1.21087 -0.00346638 -0.00724798 -1.93895 -1.02506 0.796475 -0.196857 -0.000419672 8.18218e-05 -0.727009
711.323 0.0272848 -0.379185 1.78723 -2.93895 0.494067 1.98093 -0.00736044 -0.387439 1.87123 -2.94889 0.483077 1.96372 -0.0346452 -0.00825384 0.0840037 -0.00993897 -0.0109897 -0.0172075 0.0912416 1.07956 0.0515938 -0.489229 1.62358 -2.93662 0.497472 1.98122 0.024309 -0.110044 -0.163644 0.00233494 0.00340492 0.000289842 0.198696 0.23239 -0.546724 2.0401 1.20628 -0.000870683 -0.0075756 -1.93911 -1.02506 0.796475 -0.196857 -0.000419672 8.18218e-05 -0.727009
711.612 0.0293288 -0.380741 1.7862 -2.93772 0.49426 1.98094 -0.00479702 -0.383329 1.83954 -2.94676 0.513418 1.98029 -0.0341259 -0.00258872 0.0533396 -0.0090449 0.0191585 -0.000644146 0.063375 1.20691 0.0533775 -0.492042 1.62328 -2.93644 0.498057 1.98115 0.0240487 -0.111302 -0.162924 0.00127691 0.00379763 0.000211538 0.198772 0.227282 -0.545576 2.04144 1.20379 0.000214362 -0.00818571 -1.93915 -1.02506 0.796475 -0.196857 -0.000419672 8.18218e-05 -0.727009
711.807 0.0310587 -0.382629 1.78503 -2.93668 0.494519 1.98099 -0.00246385 -0.38778 1.85332 -2.92668 0.456026 1.98798 -0.0335226 -0.00515071 0.0682899 0.0100003 -0.0384926 0.00699842 0.0762483 2.26779 0.0539095 -0.495314 1.62291 -2.936 0.498113 1.98101 0.0228507 -0.112685 -0.162122 0.000681903 0.00359488 2.59244e-05 0.198755 0.209357 -0.544375 2.04296 1.20102 0.00107147 -0.00878713 -1.93917 -1.02506 0.796475 -0.196857 -0.000419672 8.18218e-05 -0.727009
712.365 0.0337631 -0.389795 1.78176 -2.93539 0.494571 1.981 0.000805398 -0.387372 1.82447 -2.94891 0.509168 1.96156 -0.0329577 0.00242353 0.0427097 -0.0135227 0.0145966 -0.0194374 0.0540019 1.30746 0.055446 -0.504058 1.62055 -2.93489 0.496862 1.98047 0.0216829 -0.114263 -0.161212 0.000500932 0.00229102 -0.000527123 0.198785 0.139882 -0.541477 2.04742 1.1939 0.00225565 -0.00928773 -1.93918 -1.02506 0.796475 -0.196857 -0.000419672 8.18218e-05 -0.727009
712.669 0.0342711 -0.39364 1.78044 -2.93528 0.494506 1.98099 0.00237476 -0.389483 1.80827 -2.92515 0.519719 1.99362 -0.0318963 0.00415708 0.0278213 0.0101289 0.0252134 0.0126362 0.0425286 1.59373 0.0553154 -0.509162 1.61997 -2.93464 0.496248 1.98028 0.0210444 -0.115522 -0.160471 0.00064198 0.00174197 -0.000703537 0.198845 0.118694 -0.540227 2.04974 1.19085 0.00238537 -0.00926678 -1.93917 -1.02506 0.796475 -0.196857 -0.000419672 8.18218e-05 -0.727009
712.94 0.0342282 -0.397796 1.7793 -2.93551 0.494471 1.98099 0.00233185 -0.393282 1.8076 -2.90853 0.50056 1.98894 -0.0318964 0.00451377 0.0282992 0.0269877 0.00608877 0.00795082 0.0428789 1.43094 0.0536953 -0.514784 1.6197 -2.93501 0.495749 1.98016 0.0194671 -0.116988 -0.1596 0.000502307 0.00127818 -0.000829333 0.19884 0.0969133 -0.538982 2.05231 1.1879 0.00217838 -0.00915264 -1.93916 -1.02506 0.796475 -0.196857 -0.000419672 8.18218e-05 -0.727009
713.291 0.0338693 -0.402692 1.77838 -2.93574 0.494878 1.98111 0.00237477 -0.398958 1.80826 -2.92699 0.516176 1.99271 -0.0314945 0.00373357 0.0298786 0.00875745 0.0212982 0.0116006 0.0435727 1.36372 0.0507947 -0.521906 1.62012 -2.93573 0.495493 1.98011 0.0169254 -0.119215 -0.158265 1.12695e-05 0.000614933 -0.00100461 0.198863 0.068528 -0.537321 2.05611 1.18423 0.00176215 -0.00944553 -1.93914 -1.02506 0.796475 -0.196857 -0.000419672 8.18218e-05 -0.727009
713.528 0.033678 -0.40601 1.77814 -2.93569 0.49538 1.98125 0.00237478 -0.402116 1.80826 -2.92759 0.515002 1.99241 -0.0313032 0.00389333 0.0301172 0.00809981 0.0196222 0.0111573 0.043613 1.26517 0.0481259 -0.526275 1.62052 -2.93604 0.49575 1.98019 0.0144479 -0.120266 -0.157623 -0.000352204 0.000370346 -0.00106293 0.19879 0.0559529 -0.536057 2.05925 1.18169 0.00156542 -0.00992359 -1.93912 -1.02506 0.796475 -0.196857 -0.000419672 8.18218e-05 -0.727009
713.961 0.0338054 -0.409392 1.77816 -2.93537 0.49583 1.98141 0.00233187 -0.405911 1.8076 -2.91096 0.495902 1.98781 -0.0314736 0.00348094 0.029442 0.0244126 7.25183e-05 0.00640311 0.0432381 1.2661 0.0453996 -0.529611 1.62052 -2.93622 0.495939 1.98031 0.0115942 -0.120219 -0.157634 -0.000844136 0.000109195 -0.00110086 0.198584 0.0559529 -0.534765 2.06264 1.17926 0.00163332 -0.0104495 -1.93908 -1.02506 0.796475 -0.196857 -0.000419672 8.18218e-05 -0.727009
714.411 0.0344019 -0.414873 1.77824 -2.93476 0.495993 1.98156 0.0023555 -0.410747 1.80797 -2.90789 0.529769 1.99649 -0.0320464 0.00412619 0.0297283 0.0268697 0.0337758 0.0149298 0.0439064 2.35667 0.0441414 -0.534121 1.62004 -2.93621 0.495842 1.98047 0.00973953 -0.119248 -0.158198 -0.00145076 -0.000150973 -0.00108914 0.198348 0.0791294 -0.532995 2.06758 1.17605 0.00207246 -0.0108149 -1.93898 -1.02506 0.796475 -0.196857 -0.000419672 8.18218e-05 -0.727009
714.987 0.0344308 -0.420204 1.77821 -2.93476 0.49573 1.98162 0.0023748 -0.41475 1.80826 -2.92999 0.510335 1.99123 -0.032056 0.00545438 0.0300458 0.00476374 0.0146049 0.00961022 0.0442729 0.965908 0.0430538 -0.539123 1.61981 -2.93666 0.495399 1.98057 0.00862306 -0.118919 -0.158397 -0.00190173 -0.000330432 -0.00104932 0.198257 0.0969133 -0.53164 2.07161 1.17364 0.00213701 -0.0105739 -1.93888 -1.02506 0.796475 -0.196857 -0.000419672 8.18218e-05 -0.727009
715.35 0.0339254 -0.426189 1.77823 -2.93517 0.495359 1.98164 0.00237481 -0.421067 1.80826 -2.93118 0.50802 1.99064 -0.0315505 0.0051226 0.0300255 0.00399272 0.012661 0.00900061 0.0438544 0.855008 0.0427588 -0.545094 1.61981 -2.93763 0.494583 1.98065 0.00883341 -0.118905 -0.158416 -0.00245803 -0.000775875 -0.000990959 0.198273 0.131221 -0.530267 2.07592 1.17127 0.00186251 -0.010089 -1.93878 -1.02506 0.796475 -0.196857 -0.000419672 8.18218e-05 -0.727009
715.628 0.0328757 -0.434532 1.77854 -2.93593 0.494872 1.98167 0.00237482 -0.427383 1.80825 -2.93235 0.505718 1.99007 -0.0305009 0.00714831 0.029715 0.00357478 0.010846 0.00840217 0.0431785 0.751734 0.0426477 -0.553015 1.61986 -2.93882 0.493507 1.98074 0.00977193 -0.118483 -0.15868 -0.00289508 -0.00136541 -0.000929451 0.198275 0.167859 -0.528406 2.08205 1.16827 0.00130864 -0.00937656 -1.93865 -1.02506 0.796475 -0.196857 -0.000419672 8.18218e-05 -0.727009
715.897 0.032069 -0.441219 1.77896 -2.93654 0.494345 1.98164 0.000787581 -0.439243 1.82477 -2.93812 0.508173 1.96109 -0.0312814 0.00197561 0.0458092 -0.00158249 0.0138277 -0.0205462 0.055506 1.38536 0.0430098 -0.558906 1.61979 -2.93973 0.492423 1.98074 0.0109408 -0.117687 -0.159165 -0.00319577 -0.00192235 -0.000896468 0.19825 0.197824 -0.526979 2.08691 1.1662 0.000931769 -0.00867775 -1.93857 -1.02506 0.796475 -0.196857 -0.000419672 8.18218e-05 -0.727009
716.492 0.0307332 -0.45579 1.78006 -2.93772 0.49274 1.98143 2.93631e-07 -0.457736 1.83826 -2.93511 0.504734 1.98037 -0.0307329 -0.00194636 0.0582018 0.00260981 0.0119937 -0.00106091 0.0658465 0.712169 0.0449599 -0.572681 1.62039 -2.94056 0.490142 1.98051 0.0142267 -0.116891 -0.159675 -0.00284438 -0.00259794 -0.000924839 0.198399 0.207479 -0.52404 2.09715 1.16239 0.000483596 -0.00679012 -1.93842 -1.02506 0.796475 -0.196857 -0.000419672 8.18218e-05 -0.727009
716.702 0.0292625 -0.465458 1.78111 -2.93879 0.491905 1.98128 -0.000801641 -0.458111 1.80793 -2.9183 0.512993 1.99105 -0.0300641 0.00734723 0.0268163 0.0204911 0.0210887 0.0097657 0.0409506 1.58708 0.0456558 -0.579958 1.62003 -2.94066 0.489114 1.98029 0.0163933 -0.1145 -0.161084 -0.00186995 -0.00279067 -0.000988399 0.19831 0.185575 -0.522031 2.10425 1.16001 -0.000152709 -0.00564995 -1.93837 -1.02506 0.796475 -0.196857 -0.000419672 8.18218e-05 -0.727009
716.99 0.0280293 -0.473406 1.78175 -2.93981 0.490997 1.98106 -0.00235926 -0.47015 1.82408 -2.96068 0.515399 1.96178 -0.0303886 0.00325557 0.0423342 -0.0208704 0.0244022 -0.0192782 0.0522135 1.82499 0.0434401 -0.583993 1.61837 -2.94075 0.488048 1.98 0.0154108 -0.110587 -0.163381 -0.000939965 -0.00294928 -0.00105721 0.19789 0.179137 -0.520494 2.10966 1.15822 -0.000686149 -0.00445692 -1.93838 -1.02506 0.796475 -0.196857 -0.000419672 8.18218e-05 -0.727009
717.305 0.0269731 -0.482592 1.78185 -2.94099 0.4895 1.98066 -0.00395882 -0.473898 1.80792 -2.92247 0.507874 1.98871 -0.0309319 0.00869398 0.0260679 0.0185136 0.0183745 0.00804939 0.0413752 1.40639 0.0418103 -0.5901 1.61666 -2.94068 0.486635 1.97961 0.0148372 -0.107508 -0.165191 0.000302998 -0.00286405 -0.00104953 0.197652 0.179137 -0.51893 2.11509 1.15621 -0.00106654 -0.00267141 -1.93843 -1.02506 0.796475 -0.196857 -0.000419672 8.18218e-05 -0.727009
717.619 0.0262239 -0.495457 1.7813 -2.94221 0.487145 1.98001 -0.00481743 -0.49485 1.83896 -2.94323 0.492168 1.97592 -0.0310413 0.000606848 0.0576605 -0.00101298 0.00502279 -0.00408376 0.0654879 0.358274 0.0389566 -0.598443 1.61346 -2.94133 0.48503 1.97922 0.0127327 -0.102986 -0.167841 0.000885025 -0.00211541 -0.000792154 0.19733 0.14537 -0.516822 2.12224 1.15295 -0.00108003 -7.80615e-05 -1.93852 -1.02506 0.796475 -0.196857 -0.000419672 8.18218e-05 -0.727009
717.935 0.0263769 -0.504791 1.78055 -2.94257 0.4854 1.97952 -0.00642184 -0.504509 1.83904 -2.94632 0.489418 1.97423 -0.0327987 0.000281782 0.0584848 -0.00375687 0.00401755 -0.00529074 0.0670545 0.360452 0.0360632 -0.606224 1.6118 -2.94147 0.484802 1.97912 0.00968635 -0.101434 -0.168751 0.00109882 -0.000598184 -0.000393475 0.197128 0.0839294 -0.515255 2.12747 1.1501 -0.000563875 0.00164551 -1.93861 -1.02506 0.796475 -0.196857 -0.000419672 8.18218e-05 -0.727009
718.198 0.0272103 -0.512721 1.77987 -2.94213 0.484171 1.97917 -0.00481505 -0.515864 1.83944 -2.94927 0.484414 1.9734 -0.0320253 -0.00314311 0.0595686 -0.00713535 0.000242299 -0.00576676 0.0677046 0.388662 0.0341492 -0.612776 1.61032 -2.94095 0.485502 1.97918 0.00693894 -0.100056 -0.169554 0.00118127 0.00133011 1.36383e-05 0.196997 0.100871 -0.513743 2.13251 1.14695 0.000441598 0.0026198 -1.93866 -1.02506 0.796475 -0.196857 -0.000419672 8.18218e-05 -0.727009
718.728 0.0303059 -0.525717 1.7787 -2.939 0.483568 1.97905 -0.00237914 -0.526917 1.82476 -2.95001 0.51272 1.96108 -0.032685 -0.0011997 0.0460651 -0.0110058 0.029152 -0.017975 0.0564955 1.90454 0.0283109 -0.627234 1.61 -2.93745 0.487715 1.97972 -0.00199497 -0.101517 -0.168702 0.00154998 0.00414608 0.000661839 0.196901 0.250229 -0.510675 2.14355 1.13867 0.00363559 0.0020731 -1.93863 -1.02506 0.796475 -0.196857 -0.000419672 8.18218e-05 -0.727009
719.04 0.0313605 -0.530077 1.77823 -2.93751 0.483831 1.97922 -0.00081683 -0.528414 1.80802 -2.91269 0.505364 1.98887 -0.0321773 0.00166326 0.0297871 0.024826 0.0215333 0.00965117 0.0438796 1.76192 0.0263341 -0.632011 1.60979 -2.93592 0.488687 1.98006 -0.00502641 -0.101934 -0.16844 0.0015906 0.00485681 0.000840064 0.196946 0.289391 -0.509656 2.14803 1.13498 0.00485572 0.0013089 -1.93854 -1.02506 0.796475 -0.196857 -0.000419672 8.18218e-05 -0.727009
719.278 0.0318517 -0.534475 1.77763 -2.93635 0.484102 1.97943 1.50808e-06 -0.543054 1.83902 -2.95003 0.475636 1.97317 -0.0318502 -0.00857863 0.0613863 -0.013679 -0.00846659 -0.00626096 0.0696872 0.847653 0.023629 -0.63692 1.60951 -2.9348 0.489198 1.98031 -0.00822271 -0.102445 -0.168119 0.00155037 0.00509555 0.00087675 0.197045 0.302612 -0.508861 2.1524 1.13131 0.00574301 0.000650822 -1.93841 -1.02506 0.796475 -0.196857 -0.000419672 8.18218e-05 -0.727009
719.549 0.0314451 -0.540707 1.77658 -2.93547 0.484378 1.97973 -1.58696e-05 -0.547067 1.83897 -2.93129 0.491741 1.97683 -0.031461 -0.00635984 0.0623938 0.00418455 0.0073625 -0.00289498 0.0701657 0.548226 0.0201914 -0.644488 1.60926 -2.93429 0.489629 1.98056 -0.0112537 -0.103782 -0.167316 0.00118449 0.00525029 0.000832844 0.19721 0.307741 -0.508183 2.15814 1.12646 0.00632435 8.64752e-05 -1.93821 -1.02506 0.796475 -0.196857 -0.000419672 8.18218e-05 -0.727009
719.854 0.0303789 -0.54573 1.77558 -2.9353 0.48447 1.97995 -0.000816812 -0.544205 1.80801 -2.91547 0.500012 1.98757 -0.0311957 0.00152563 0.0324339 0.0198295 0.0155422 0.00761796 0.0450273 1.34377 0.0177778 -0.648755 1.60783 -2.93432 0.489858 1.98069 -0.0126011 -0.103024 -0.16775 0.000973791 0.00538813 0.000736373 0.197264 0.312787 -0.507969 2.1624 1.12286 0.00634513 -6.00391e-05 -1.93803 -1.02506 0.796475 -0.196857 -0.000419672 8.18218e-05 -0.727009
720.129 0.0287989 -0.550972 1.77444 -2.93541 0.484484 1.98017 -0.000816804 -0.550521 1.80801 -2.91657 0.497891 1.98706 -0.0296157 0.000451104 0.0335769 0.0188401 0.0134072 0.00688794 0.0447739 1.22844 0.0153424 -0.652973 1.6061 -2.9343 0.49005 1.9809 -0.0134565 -0.102001 -0.168331 0.0011103 0.00556526 0.000726117 0.197283 0.323851 -0.508007 2.16662 1.11928 0.00612956 -3.64251e-05 -1.93785 -1.02506 0.796475 -0.196857 -0.000419672 8.18218e-05 -0.727009
720.372 0.026359 -0.558422 1.77263 -2.93572 0.484177 1.98038 -0.00397424 -0.556833 1.808 -2.91885 0.496256 1.98563 -0.0303333 0.0015898 0.0353626 0.0168634 0.0120791 0.00524597 0.046617 1.10889 0.0125592 -0.659088 1.60353 -2.934 0.490355 1.98122 -0.0137998 -0.100666 -0.169103 0.0017176 0.00617814 0.000842571 0.197281 0.364769 -0.508432 2.17219 1.11455 0.00583931 0.000353173 -1.9376 -1.02506 0.796475 -0.196857 -0.000419672 8.18218e-05 -0.727009
720.666 0.0245099 -0.564318 1.77111 -2.93593 0.48364 1.98047 -0.00397424 -0.563149 1.80799 -2.91993 0.494155 1.98513 -0.0284842 0.00116882 0.0368862 0.0159997 0.0105154 0.00466511 0.0466188 1.02221 0.0104765 -0.662726 1.60069 -2.93332 0.490526 1.98153 -0.0140335 -0.0984077 -0.170421 0.00261041 0.00688606 0.00106174 0.197292 0.415901 -0.509028 2.17631 1.1111 0.00578554 0.000921121 -1.93742 -1.02506 0.796475 -0.196857 -0.000419672 8.18218e-05 -0.727009
721.005 0.0228327 -0.570649 1.76946 -2.93603 0.482674 1.98047 -0.00779636 -0.565744 1.79364 -2.95663 0.523751 1.97094 -0.0306291 0.00490455 0.0241719 -0.0205979 0.0410773 -0.00952627 0.0393253 2.5707 0.00819026 -0.666345 1.59751 -2.93267 0.490159 1.98175 -0.0146424 -0.0956959 -0.171956 0.00336311 0.00748534 0.00128582 0.197335 0.461401 -0.509865 2.18035 1.10787 0.00601857 0.00184185 -1.93722 -1.02506 0.796475 -0.196857 -0.000419672 8.18218e-05 -0.727009
721.258 0.0206657 -0.579271 1.7673 -2.9361 0.480932 1.98039 -0.00940246 -0.574629 1.79449 -2.94476 0.504067 1.96595 -0.0300682 0.00464157 0.0271849 -0.00866368 0.0231355 -0.014444 0.0408002 1.51646 0.00544904 -0.674519 1.59511 -2.93167 0.489409 1.98199 -0.0152167 -0.0952485 -0.172195 0.00442731 0.0084772 0.00160049 0.19737 0.535954 -0.511389 2.18558 1.10408 0.00659942 0.00346042 -1.93693 -1.02506 0.796475 -0.196857 -0.000419672 8.18218e-05 -0.727009
721.565 0.0192177 -0.585984 1.76559 -2.936 0.47918 1.98025 -0.0109291 -0.581424 1.79368 -2.96031 0.518842 1.9687 -0.0301468 0.00456008 0.0280874 -0.0243029 0.0396615 -0.0115478 0.0414551 2.58043 0.00291398 -0.680758 1.59315 -2.93117 0.487799 1.98192 -0.0163037 -0.0947747 -0.172438 0.00483407 0.00861901 0.00166937 0.197441 0.552493 -0.512874 2.18934 1.10156 0.00736165 0.00503209 -1.93669 -1.02506 0.796475 -0.196857 -0.000419672 8.18218e-05 -0.727009
721.82 0.0175986 -0.592284 1.76392 -2.93585 0.477428 1.98012 -0.0134466 -0.594723 1.80796 -2.92864 0.485172 1.98003 -0.0310452 -0.00243941 0.0440423 0.00721874 0.00774439 -9.19992e-05 0.0539395 0.608451 -0.000499164 -0.685844 1.59082 -2.93096 0.485583 1.98168 -0.0180977 -0.0935604 -0.173102 0.00489587 0.00815536 0.00156235 0.197599 0.530818 -0.514698 2.19291 1.09927 0.00817151 0.00658805 -1.93644 -1.02506 0.796475 -0.196857 -0.000419672 8.18218e-05 -0.727009
722.125 0.0156008 -0.597581 1.76247 -2.93566 0.476 1.98009 -0.0150166 -0.600716 1.80699 -2.93045 0.48377 1.9789 -0.0306173 -0.00313429 0.0445122 0.0052013 0.0077701 -0.0011903 0.0541164 0.557429 -0.0024709 -0.692332 1.59004 -2.93076 0.482381 1.98127 -0.0180717 -0.0947505 -0.172431 0.00489437 0.00638142 0.00118906 0.197577 0.446749 -0.516904 2.19625 1.09719 0.00887329 0.00783109 -1.93617 -1.02506 0.796475 -0.196857 -0.000419672 8.18218e-05 -0.727009
722.453 0.012004 -0.603344 1.76071 -2.93554 0.47455 1.98017 -0.0166042 -0.607356 1.80796 -2.93178 0.481539 1.97824 -0.0286082 -0.00401137 0.0472533 0.00376516 0.00698893 -0.00193251 0.055384 0.490986 -0.00370453 -0.696847 1.58759 -2.9306 0.478726 1.98094 -0.0157086 -0.0935022 -0.173121 0.00494585 0.00417577 0.000773015 0.197384 0.358274 -0.520499 2.2003 1.0947 0.00943584 0.00911007 -1.9358 -1.02506 0.796475 -0.196857 -0.000419672 8.18218e-05 -0.727009
722.765 0.00837669 -0.606585 1.75944 -2.93573 0.473914 1.98034 -0.0197618 -0.613674 1.80796 -2.93389 0.47995 1.97691 -0.0281384 -0.00708898 0.0485209 0.00183184 0.0060361 -0.00343118 0.0565359 0.43341 -0.00535111 -0.700376 1.58647 -2.93049 0.476232 1.98081 -0.0137278 -0.093791 -0.172973 0.00523213 0.00231811 0.000474847 0.197243 0.317752 -0.523713 2.203 1.09294 0.00940211 0.00975566 -1.93552 -1.02506 0.796475 -0.196857 -0.000419672 8.18218e-05 -0.727009
722.997 0.00393845 -0.608373 1.75834 -2.93601 0.47395 1.98065 -0.0244844 -0.616507 1.80701 -2.93632 0.479993 1.97511 -0.0284229 -0.00813403 0.0486689 -0.000307695 0.00604224 -0.00554019 0.0569446 0.464781 -0.00729832 -0.703329 1.58599 -2.93007 0.474204 1.98109 -0.0112368 -0.0949555 -0.172349 0.00593953 0.000253286 0.000436069 0.197096 0.329838 -0.527376 2.20538 1.09117 0.00896493 0.00982128 -1.93526 -1.02506 0.796475 -0.196857 -0.000419672 8.18218e-05 -0.727009
723.537 -0.00897308 -0.608469 1.75556 -2.93701 0.475868 1.98176 -0.0355512 -0.620021 1.80805 -2.94053 0.480039 1.972 -0.0265782 -0.0115522 0.0524954 -0.00351375 0.00417079 -0.0097578 0.0599635 0.553908 -0.0126903 -0.70256 1.58264 -2.92991 0.47383 1.9821 -0.00371727 -0.0940911 -0.172923 0.00709952 -0.00203812 0.000340103 0.196899 0.414959 -0.537535 2.20975 1.08659 0.00682068 0.00841368 -1.93471 -1.02506 0.796475 -0.196857 -0.000419672 8.18218e-05 -0.727009
723.862 -0.0156294 -0.607871 1.75386 -2.93792 0.476998 1.98227 -0.0418682 -0.620044 1.80812 -2.94281 0.480859 1.9702 -0.0262388 -0.0121738 0.0542661 -0.00489009 0.00386096 -0.0120753 0.0614938 0.653719 -0.0162164 -0.701037 1.58038 -2.93055 0.474627 1.98257 -0.00058705 -0.0931661 -0.173473 0.00736482 -0.00237037 0.000299253 0.196909 0.436111 -0.542481 2.21112 1.08437 0.00533006 0.00769712 -1.9345 -1.02506 0.796475 -0.196857 -0.000419672 8.18218e-05 -0.727009
724.148 -0.0249721 -0.606797 1.75105 -2.93929 0.478528 1.98292 -0.0497003 -0.60951 1.77732 -2.93014 0.492434 1.97822 -0.0247282 -0.00271337 0.0262681 0.00914882 0.0139059 -0.00469901 0.0361782 1.05536 -0.0218569 -0.699881 1.57751 -2.932 0.476217 1.98319 0.0031152 -0.0930836 -0.173539 0.00728982 -0.00231087 0.000278452 0.196952 0.431601 -0.54949 2.21252 1.08116 0.00319835 0.00678028 -1.93427 -1.02506 0.796475 -0.196857 -0.000419672 8.18218e-05 -0.727009
724.481 -0.0321492 -0.605482 1.74871 -2.94029 0.479824 1.9834 -0.0588765 -0.624304 1.82058 -2.9287 0.468943 1.98204 -0.0267273 -0.0188223 0.0718679 0.011589 -0.0108813 -0.00136388 0.0789533 0.93962 -0.0250361 -0.700559 1.5763 -2.93339 0.477435 1.98363 0.00711314 -0.0950771 -0.17241 0.00689858 -0.00238921 0.000227624 0.197016 0.413068 -0.554976 2.21324 1.07863 0.0015685 0.00594947 -1.93412 -1.02506 0.796475 -0.196857 -0.000419672 8.18218e-05 -0.727009
725.011 -0.0475784 -0.600491 1.74404 -2.94263 0.483625 1.98459 -0.0745595 -0.607711 1.77886 -2.95396 0.511938 1.97404 -0.0269812 -0.00722052 0.0348179 -0.0113269 0.0283129 -0.0105535 0.0446364 1.74451 -0.0348822 -0.700325 1.5744 -2.93701 0.480606 1.9847 0.0126961 -0.0998344 -0.169644 0.00562185 -0.0030189 0.000106586 0.197249 0.363695 -0.566236 2.2139 1.07339 -0.00254025 0.00329636 -1.93386 -1.02506 0.796475 -0.196857 -0.000419672 8.18218e-05 -0.727009
725.295 -0.0580198 -0.595499 1.74107 -2.94413 0.486954 1.98557 -0.0837406 -0.60992 1.79226 -2.95495 0.483121 1.98543 -0.0257208 -0.0144205 0.0511947 -0.0108148 -0.00383238 -0.000139969 0.0590796 0.653719 -0.0425491 -0.698952 1.57358 -2.93888 0.483716 1.98586 0.0154708 -0.103453 -0.167491 0.00525369 -0.00323739 0.00028751 0.197472 0.347179 -0.573679 2.21383 1.06985 -0.0055877 0.000788282 -1.93367 -1.02506 0.796475 -0.196857 -0.000419672 8.18218e-05 -0.727009
725.578 -0.0653619 -0.591405 1.73884 -2.94503 0.489524 1.98632 -0.0932365 -0.601739 1.77958 -2.96034 0.516345 1.96862 -0.0278746 -0.0103343 0.0407445 -0.0153056 0.026821 -0.0176978 0.0504372 1.81704 -0.0504785 -0.698734 1.57363 -2.9396 0.485991 1.98672 0.0148834 -0.107329 -0.165204 0.00542719 -0.00353345 0.000402209 0.197568 0.362617 -0.579066 2.21356 1.06718 -0.00769889 -0.00124138 -1.93353 -1.02506 0.796475 -0.196857 -0.000419672 8.18218e-05 -0.727009
725.838 -0.0718071 -0.587131 1.73668 -2.94547 0.492 1.98704 -0.100023 -0.592632 1.7617 -2.92815 0.514647 1.99319 -0.0282163 -0.00550109 0.0250222 0.0173124 0.0226465 0.00614879 0.0381121 1.56673 -0.0564774 -0.698231 1.57372 -2.93994 0.488263 1.98746 0.0153297 -0.1111 -0.162956 0.00552574 -0.00373738 0.000416748 0.19782 0.373253 -0.584182 2.21316 1.06453 -0.00933556 -0.00334906 -1.93338 -1.02506 0.796475 -0.196857 -0.000419672 8.18218e-05 -0.727009
726.14 -0.0787452 -0.582055 1.73372 -2.9454 0.494689 1.98786 -0.108741 -0.598467 1.79076 -2.93005 0.491241 1.97836 -0.0299959 -0.0164122 0.0570461 0.0153558 -0.00344788 -0.0094976 0.0665084 1.24992 -0.0635563 -0.698088 1.57371 -2.94003 0.490672 1.98828 0.0151889 -0.116033 -0.160012 0.00536919 -0.00401723 0.00041845 0.198237 0.375344 -0.590446 2.21249 1.06105 -0.0106287 -0.00582986 -1.93319 -1.02506 0.796475 -0.196857 -0.000419672 8.18218e-05 -0.727009
726.398 -0.0827526 -0.579346 1.73125 -2.94505 0.495987 1.98828 -0.115029 -0.59478 1.79146 -2.94783 0.476316 1.97451 -0.0322766 -0.0154341 0.0602141 -0.00277319 -0.0196708 -0.0137675 0.0700409 1.34173 -0.0674979 -0.698021 1.57282 -2.93997 0.491649 1.98865 0.0152547 -0.118675 -0.158426 0.00507996 -0.00433762 0.00037095 0.198532 0.375344 -0.594659 2.21196 1.05843 -0.0109649 -0.00713833 -1.93308 -1.02506 0.796475 -0.196857 -0.000419672 8.18218e-05 -0.727009
726.696 -0.0862825 -0.577535 1.7286 -2.94484 0.496889 1.98856 -0.116993 -0.579961 1.75129 -2.95274 0.53323 1.97169 -0.0307103 -0.00242568 0.022686 -0.00790823 0.0363417 -0.0168635 0.0382578 2.24577 -0.069321 -0.697851 1.57118 -2.94005 0.492237 1.98889 0.0169615 -0.120315 -0.157417 0.00478299 -0.00465134 0.000337622 0.198856 0.376385 -0.598427 2.21145 1.05579 -0.0112187 -0.00804253 -1.93302 -1.02506 0.796475 -0.196857 -0.000419672 8.18218e-05 -0.727009
726.929 -0.0909218 -0.576815 1.72468 -2.94532 0.497553 1.98877 -0.120048 -0.578421 1.75126 -2.95438 0.533954 1.97074 -0.0291264 -0.00160693 0.026575 -0.00906226 0.0364003 -0.0180357 0.0394609 2.27107 -0.0716088 -0.696591 1.56704 -2.94095 0.492317 1.98898 0.019313 -0.119776 -0.157642 0.00436583 -0.00523668 0.000209009 0.198923 0.387654 -0.602724 2.21085 1.05226 -0.0120154 -0.00847651 -1.93295 -1.02506 0.796475 -0.196857 -0.000419672 8.18218e-05 -0.727009
727.237 -0.0941434 -0.577308 1.72152 -2.94605 0.497714 1.98885 -0.126257 -0.583778 1.76285 -2.93635 0.520989 1.98599 -0.0321136 -0.00646965 0.041325 0.00969834 0.0232745 -0.00286207 0.0527342 1.48411 -0.07368 -0.696904 1.56377 -2.9422 0.491957 1.98884 0.0204634 -0.119595 -0.157748 0.00384568 -0.0057566 -9.14151e-06 0.199013 0.396636 -0.605377 2.21045 1.0496 -0.0127898 -0.00836084 -1.93291 -1.02506 0.796475 -0.196857 -0.000419672 8.18218e-05 -0.727009
727.577 -0.0968351 -0.578343 1.71835 -2.94686 0.497708 1.98891 -0.129426 -0.585011 1.76427 -2.95581 0.504146 1.98181 -0.0325906 -0.0066677 0.0459258 -0.00895384 0.00643825 -0.00709801 0.0567078 0.603283 -0.0732614 -0.696402 1.55971 -2.9434 0.491709 1.98875 0.0235737 -0.118059 -0.158636 0.00345464 -0.0059991 -0.000157553 0.199146 0.398604 -0.607519 2.2101 1.04686 -0.013581 -0.00806236 -1.93285 -1.02506 0.796475 -0.196857 -0.000419672 8.18218e-05 -0.727009
727.89 -0.0990503 -0.580057 1.71496 -2.94777 0.497474 1.98893 -0.132519 -0.588147 1.76443 -2.95741 0.503449 1.98069 -0.0334689 -0.00809024 0.0494689 -0.00963453 0.00597475 -0.00823485 0.0602726 0.628073 -0.0728748 -0.694612 1.55436 -2.94476 0.491374 1.98875 0.0261755 -0.114556 -0.160604 0.00301608 -0.00610001 -0.000175079 0.199002 0.391671 -0.609131 2.20976 1.04403 -0.0143574 -0.00752342 -1.93278 -1.02506 0.796475 -0.196857 -0.000419672 8.18218e-05 -0.727009
728.193 -0.100697 -0.582991 1.7104 -2.94874 0.496845 1.98889 -0.132575 -0.581342 1.73484 -2.94339 0.513175 1.98934 -0.0318778 0.00164876 0.0244399 0.00535545 0.0163304 0.000446999 0.0402023 0.981184 -0.0722607 -0.69436 1.54796 -2.94681 0.491094 1.98878 0.0284364 -0.111369 -0.162433 0.00192954 -0.00575096 -0.000104972 0.198988 0.348305 -0.610435 2.20928 1.04005 -0.015019 -0.00660248 -1.93269 -1.02506 0.796475 -0.196857 -0.000419672 8.18218e-05 -0.727009
728.463 -0.100599 -0.585596 1.70698 -2.949 0.49603 1.98878 -0.137117 -0.594205 1.76412 -2.9594 0.502529 1.97905 -0.0365182 -0.00860884 0.0571407 -0.0103948 0.00649908 -0.00972649 0.0683575 0.697174 -0.0706825 -0.694675 1.54321 -2.94766 0.490702 1.98876 0.0299168 -0.109078 -0.163764 0.00134563 -0.00532797 -1.88365e-05 0.199027 0.315279 -0.610772 2.20888 1.037 -0.0149236 -0.0057633 -1.93263 -1.02506 0.796475 -0.196857 -0.000419672 8.18218e-05 -0.727009
728.749 -0.0994653 -0.588195 1.70375 -2.94886 0.49508 1.98863 -0.135668 -0.593899 1.74505 -2.92652 0.496792 2.00454 -0.0362027 -0.00570341 0.0412968 0.0223424 0.00171184 0.0159115 0.055214 1.17002 -0.0674887 -0.693807 1.5379 -2.94807 0.490498 1.98868 0.0319766 -0.105612 -0.165854 0.000796277 -0.00458204 4.61794e-05 0.199208 0.266879 -0.610576 2.2084 1.03399 -0.0143733 -0.00493266 -1.93258 -1.02506 0.796475 -0.196857 -0.000419672 8.18218e-05 -0.727009
729.28 -0.0938532 -0.594613 1.69633 -2.94773 0.49245 1.98811 -0.133897 -0.606491 1.76176 -2.94422 0.482691 1.97646 -0.040044 -0.0118779 0.0654319 0.00350808 -0.0097596 -0.011647 0.0776269 0.961441 -0.0601669 -0.691695 1.52551 -2.94725 0.490774 1.98807 0.0336863 -0.097082 -0.170814 0.000481047 -0.00167647 -4.04724e-05 0.199342 0.100871 -0.608247 2.20689 1.027 -0.0121366 -0.00294496 -1.93254 -1.02506 0.796475 -0.196857 -0.000419672 8.18218e-05 -0.727009
729.92 -0.0852779 -0.599767 1.68922 -2.94552 0.490333 1.98751 -0.12615 -0.61186 1.75067 -2.96193 0.491908 1.96173 -0.0408719 -0.0120925 0.0614483 -0.016408 0.00157537 -0.025779 0.0747839 1.32795 -0.0531657 -0.690834 1.51479 -2.94455 0.492154 1.98754 0.0321122 -0.0910662 -0.174435 0.000967174 0.00182106 2.67224e-05 0.199378 0.118694 -0.603786 2.20471 1.01952 -0.00903379 -0.001798 -1.93265 -1.02506 0.796475 -0.196857 -0.000419672 8.18218e-05 -0.727009
730.225 -0.0811213 -0.601873 1.68599 -2.94453 0.489544 1.98724 -0.120293 -0.60469 1.72147 -2.94702 0.500605 1.97181 -0.0391718 -0.00281713 0.0354744 -0.00249011 0.0110606 -0.0154224 0.0529226 1.0408 -0.0501191 -0.690944 1.51036 -2.94355 0.492083 1.9873 0.0310022 -0.0890717 -0.175635 0.000980662 0.00253819 6.38015e-05 0.199355 0.155766 -0.601384 2.20356 1.01604 -0.00769349 -0.0014332 -1.93274 -1.02506 0.796475 -0.196857 -0.000419672 8.18218e-05 -0.727009
730.527 -0.0769887 -0.603967 1.6826 -2.9437 0.488875 1.98698 -0.118466 -0.621627 1.76104 -2.9405 0.475759 1.9802 -0.0414777 -0.0176602 0.0784436 0.00320659 -0.0131162 -0.00678129 0.0904747 0.90309 -0.0456284 -0.691354 1.50596 -2.94277 0.491999 1.98712 0.0313603 -0.0873871 -0.176645 0.000928075 0.00312433 0.000134325 0.199558 0.185575 -0.598762 2.20229 1.01237 -0.00656219 -0.00111502 -1.93283 -1.02506 0.796475 -0.196857 -0.000419672 8.18218e-05 -0.727009
730.76 -0.0732832 -0.60591 1.67919 -2.94331 0.488466 1.9868 -0.111295 -0.617291 1.73366 -2.94015 0.497939 1.99382 -0.0380118 -0.0113816 0.0544734 0.00316898 0.00947338 0.00702355 0.0673928 0.648309 -0.0415976 -0.69173 1.5016 -2.94241 0.492041 1.98702 0.0316856 -0.0858207 -0.177587 0.000901375 0.00357514 0.000225303 0.199766 0.209357 -0.595962 2.20091 1.00869 -0.00596273 -0.000879257 -1.9329 -1.02506 0.796475 -0.196857 -0.000419672 8.18218e-05 -0.727009
731.27 -0.0651561 -0.608799 1.67227 -2.94316 0.488452 1.98669 -0.101367 -0.60932 1.69454 -2.94247 0.516903 1.98884 -0.0362107 -0.000520383 0.0222652 0.000693801 0.0284508 0.00215123 0.0425115 1.63375 -0.0327457 -0.697819 1.49656 -2.94219 0.49196 1.98705 0.0324104 -0.0890195 -0.175716 0.000969594 0.00350844 0.000356541 0.199627 0.207479 -0.588837 2.19725 1.00115 -0.00576053 -0.000923496 -1.933 -1.02506 0.796475 -0.196857 -0.000419672 8.18218e-05 -0.727009
731.544 -0.0611021 -0.609188 1.6702 -2.94282 0.488535 1.98673 -0.0991139 -0.624242 1.73197 -2.93789 0.463035 1.9915 -0.0380118 -0.0150548 0.0617669 0.00492289 -0.0254994 0.00477561 0.0740722 1.48938 -0.030187 -0.700692 1.4959 -2.94219 0.491082 1.98699 0.0309151 -0.0915041 -0.174301 0.000630087 0.00254702 0.000262932 0.199273 0.150658 -0.585538 2.1955 0.998826 -0.00548784 -0.00112106 -1.93298 -1.02506 0.796475 -0.196857 -0.000419672 8.18218e-05 -0.727009
731.829 -0.0546096 -0.609178 1.66824 -2.94175 0.488401 1.98677 -0.0947494 -0.622282 1.7223 -2.95452 0.505469 1.98168 -0.0401397 -0.0131037 0.0540548 -0.0127751 0.0170683 -0.00509077 0.0685918 1.17203 -0.0259964 -0.702742 1.49509 -2.94204 0.489212 1.98673 0.0286133 -0.0935636 -0.173156 -0.000294014 0.0008112 -3.48587e-05 0.198887 0.0484566 -0.580928 2.19301 0.996641 -0.00446395 -0.00138029 -1.93292 -1.02506 0.796475 -0.196857 -0.000419672 8.18218e-05 -0.727009
732.058 -0.0492904 -0.609059 1.66723 -2.9408 0.488083 1.98679 -0.0888219 -0.618336 1.70928 -2.95564 0.503309 1.96456 -0.0395315 -0.00927687 0.0420453 -0.0148485 0.0152261 -0.0222353 0.0584518 1.44103 -0.0216245 -0.704114 1.49491 -2.94196 0.487384 1.98649 0.0276659 -0.0950555 -0.172328 -0.00116434 -0.000699028 -0.00029855 0.198741 0.0740187 -0.577343 2.19105 0.99566 -0.00347448 -0.00142845 -1.93284 -1.02506 0.796475 -0.196857 -0.000419672 8.18218e-05 -0.727009
732.538 -0.0367809 -0.608556 1.66632 -2.939 0.486892 1.98679 -0.0768636 -0.618188 1.70887 -2.95101 0.501826 1.96835 -0.0400827 -0.00963201 0.0425466 -0.012003 0.0149346 -0.0184398 0.059242 1.27748 -0.0119107 -0.704657 1.49453 -2.94213 0.48301 1.98589 0.0248701 -0.0961008 -0.171791 -0.00312812 -0.00388182 -0.000895254 0.198408 0.275536 -0.568749 2.18627 0.995605 -0.00138268 -0.000977857 -1.9326 -1.02506 0.796475 -0.196857 -0.000419672 8.18218e-05 -0.727009
732.811 -0.0315416 -0.608237 1.66648 -2.93847 0.486234 1.98676 -0.0708877 -0.618123 1.70869 -2.94869 0.501067 1.97024 -0.0393461 -0.00988666 0.0422136 -0.0102226 0.0148329 -0.0165206 0.0585479 1.19812 -0.00807868 -0.702175 1.49341 -2.9423 0.481625 1.98574 0.0234629 -0.0939389 -0.173061 -0.0038233 -0.00460934 -0.0010244 0.198306 0.331022 -0.565048 2.18413 0.996447 -0.000644189 -0.000566493 -1.93249 -1.02506 0.796475 -0.196857 -0.000419672 8.18218e-05 -0.727009
733.048 -0.026513 -0.608217 1.66672 -2.93823 0.485345 1.98668 -0.0649136 -0.618064 1.70853 -2.94639 0.500297 1.97213 -0.0384006 -0.00984747 0.0418054 -0.00816007 0.0149516 -0.0145439 0.0576131 1.13056 -0.00613776 -0.69925 1.49197 -2.94302 0.480339 1.98555 0.0203753 -0.0910331 -0.174749 -0.00479276 -0.00500614 -0.00112911 0.19809 0.381549 -0.561381 2.18195 0.997695 -6.11612e-05 0.000160706 -1.93239 -1.02506 0.796475 -0.196857 -0.000419672 8.18218e-05 -0.727009
733.415 -0.0216472 -0.608349 1.66703 -2.93818 0.484295 1.98653 -0.0589413 -0.618012 1.70838 -2.94409 0.499514 1.97402 -0.0372941 -0.00966241 0.0413511 -0.00591116 0.0152196 -0.0125128 0.0565166 1.07702 -0.00333777 -0.697379 1.49112 -2.94348 0.479566 1.98543 0.0183094 -0.0890301 -0.175904 -0.00530567 -0.00472854 -0.00109509 0.198 0.389668 -0.557778 2.17969 0.999244 0.000427202 0.00110225 -1.9323 -1.02506 0.796475 -0.196857 -0.000419672 8.18218e-05 -0.727009
733.73 -0.01549 -0.607233 1.66788 -2.93798 0.48352 1.98645 -0.0529569 -0.61749 1.709 -2.95619 0.513462 1.97884 -0.0374669 -0.0102566 0.0411187 -0.0182094 0.0299419 -0.00760288 0.056566 1.94602 -0.000602975 -0.69485 1.49117 -2.94387 0.479949 1.98553 0.014887 -0.0876169 -0.176708 -0.00589051 -0.00357079 -0.000914372 0.197798 0.377424 -0.553117 2.17654 1.00146 0.000924766 0.00174196 -1.93222 -1.02506 0.796475 -0.196857 -0.000419672 8.18218e-05 -0.727009
734.322 -0.0112763 -0.605356 1.66862 -2.93782 0.483576 1.98652 -0.0480829 -0.61987 1.7198 -2.93827 0.470053 1.99018 -0.0368066 -0.0145132 0.0511849 -0.000446331 -0.013523 0.00366643 0.0646935 0.806486 0.0011974 -0.692704 1.49175 -2.94382 0.48144 1.98579 0.0124737 -0.0873474 -0.176865 -0.00600105 -0.00213566 -0.000725663 0.197652 0.348305 -0.549752 2.17406 1.00287 0.00101509 0.0016326 -1.93217 -1.02506 0.796475 -0.196857 -0.000419672 8.18218e-05 -0.727009
734.817 -0.00736244 -0.603335 1.66902 -2.93778 0.483823 1.98663 -0.0440134 -0.612855 1.70859 -2.95483 0.483753 1.9758 -0.036651 -0.00952018 0.039568 -0.0170472 -6.97272e-05 -0.0108284 0.0547682 0.880267 0.00330193 -0.690514 1.49205 -2.94374 0.482675 1.98595 0.0106644 -0.0871798 -0.176967 -0.00596047 -0.00114846 -0.000679891 0.197564 0.332202 -0.546501 2.17148 1.00388 0.000914342 0.00139149 -1.93212 -1.02506 0.796475 -0.196857 -0.000419672 8.18218e-05 -0.727009
735.126 -0.00243562 -0.600774 1.66885 -2.93783 0.484238 1.98678 -0.0380439 -0.610345 1.7078 -2.93548 0.498996 1.98106 -0.0356082 -0.00957143 0.0389503 0.00235058 0.014758 -0.00572091 0.0536348 0.939203 0.0048191 -0.688621 1.49227 -2.94342 0.484142 1.98618 0.00725472 -0.0878476 -0.176583 -0.00558751 -9.58564e-05 -0.000602841 0.197361 0.305187 -0.542331 2.16789 1.0045 0.000643117 0.00103153 -1.93207 -1.02506 0.796475 -0.196857 -0.000419672 8.18218e-05 -0.727009
735.425 0.00135982 -0.598805 1.66827 -2.93767 0.484602 1.98689 -0.0350656 -0.608912 1.70797 -2.93352 0.499291 1.98217 -0.0364254 -0.0101075 0.0396947 0.00414424 0.0146883 -0.00471686 0.0548146 0.947913 0.00572781 -0.686515 1.49161 -2.94278 0.485426 1.98646 0.00436799 -0.0877096 -0.176665 -0.0051097 0.000824094 -0.000423809 0.197288 0.286674 -0.539314 2.1651 1.00442 0.000616863 0.000638223 -1.93206 -1.02506 0.796475 -0.196857 -0.000419672 8.18218e-05 -0.727009
735.664 0.00537894 -0.596709 1.66733 -2.93721 0.485031 1.98699 -0.0300589 -0.610787 1.7196 -2.93027 0.470469 1.99606 -0.0354379 -0.014078 0.0522688 0.0069405 -0.0145624 0.00907203 0.0646998 0.966718 0.00670015 -0.683991 1.49041 -2.94192 0.486753 1.98671 0.0013212 -0.0872821 -0.176919 -0.00470642 0.00172165 -0.000274907 0.197282 0.28116 -0.536385 2.16225 1.00384 0.000842165 8.33953e-05 -1.93206 -1.02506 0.796475 -0.196857 -0.000419672 8.18218e-05 -0.727009
735.944 0.0110995 -0.594298 1.66522 -2.93623 0.485448 1.98706 -0.0260873 -0.605331 1.70838 -2.9438 0.513852 1.98846 -0.0371868 -0.0110328 0.0431595 -0.00756975 0.028404 0.00139293 0.0580286 1.69581 0.00929759 -0.681316 1.48814 -2.94026 0.488311 1.98689 -0.0018019 -0.0870175 -0.177079 -0.00402562 0.00286309 -0.00017001 0.197312 0.279765 -0.532616 2.15838 1.00215 0.00157199 -0.000648101 -1.93207 -1.02506 0.796475 -0.196857 -0.000419672 8.18218e-05 -0.727009
736.461 0.0189043 -0.591668 1.66033 -2.93518 0.486113 1.98721 -0.0171684 -0.602897 1.70783 -2.92566 0.498724 1.98825 -0.0360726 -0.0112288 0.0475 0.00951936 0.0126102 0.00103599 0.0606924 0.889994 0.011818 -0.67848 1.48313 -2.93802 0.489857 1.98719 -0.00708623 -0.0868114 -0.177198 -0.0028428 0.00374402 -1.81288e-05 0.197448 0.268341 -0.527303 2.15255 0.997813 0.002247 -0.0016327 -1.93208 -1.02506 0.796475 -0.196857 -0.000419672 8.18218e-05 -0.727009
736.671 0.0221781 -0.590441 1.65768 -2.93502 0.486596 1.98736 -0.0118384 -0.598584 1.69558 -2.94209 0.511234 1.97401 -0.0340165 -0.00814347 0.0379009 -0.00707132 0.0246379 -0.0133435 0.0515744 1.56373 0.0124369 -0.677085 1.48038 -2.93735 0.490847 1.98763 -0.00974124 -0.0866446 -0.177297 -0.00233096 0.0042509 0.000274842 0.197576 0.28116 -0.524811 2.14967 0.995423 0.00215503 -0.00213079 -1.93206 -1.02506 0.796475 -0.196857 -0.000419672 8.18218e-05 -0.727009
737.014 0.0261914 -0.588897 1.65427 -2.93502 0.487205 1.98758 -0.00891119 -0.597723 1.69525 -2.92727 0.49633 1.97169 -0.0351026 -0.0088266 0.040981 0.0077502 0.00912507 -0.0158926 0.0546767 1.29664 0.0132761 -0.675967 1.47721 -2.93724 0.492079 1.98826 -0.0129153 -0.0870703 -0.177056 -0.00221872 0.00487412 0.000677427 0.19773 0.316518 -0.521641 2.1459 0.992454 0.00182712 -0.0026878 -1.93198 -1.02506 0.796475 -0.196857 -0.000419672 8.18218e-05 -0.727009
737.324 0.0292751 -0.587631 1.65197 -2.9349 0.487604 1.98777 -0.00522312 -0.600767 1.70816 -2.93839 0.482331 1.98839 -0.0344982 -0.0131358 0.0561879 -0.00348517 -0.00527365 0.000612605 0.0672292 0.373253 0.0140982 -0.676209 1.47579 -2.93722 0.492799 1.98857 -0.0151769 -0.088578 -0.176183 -0.00231515 0.00519516 0.000793579 0.19778 0.338041 -0.51936 2.14315 0.990526 0.00170419 -0.00309635 -1.9319 -1.02506 0.796475 -0.196857 -0.000419672 8.18218e-05 -0.727009
737.531 0.0326566 -0.585901 1.65011 -2.9344 0.488069 1.98801 -0.00224012 -0.600766 1.70816 -2.93727 0.481892 1.98929 -0.0348968 -0.0148643 0.0580424 -0.00286928 -0.0061771 0.00127971 0.0693372 0.411169 0.0153009 -0.675557 1.47456 -2.93703 0.493635 1.98887 -0.0173558 -0.0896561 -0.175555 -0.00263081 0.00556591 0.000859614 0.197887 0.36584 -0.517152 2.14046 0.988926 0.0018936 -0.00370145 -1.93179 -1.02506 0.796475 -0.196857 -0.000419672 8.18218e-05 -0.727009
738.133 0.0410819 -0.582186 1.64672 -2.93272 0.488509 1.98847 0.00594343 -0.593322 1.69537 -2.95129 0.495619 1.9767 -0.0351384 -0.0111361 0.0486556 -0.0185735 0.0071107 -0.0117717 0.0610417 1.03703 0.0191195 -0.676417 1.47386 -2.93646 0.49376 1.98865 -0.0219623 -0.0942309 -0.172859 -0.00374765 0.00525144 0.000181012 0.198096 0.372203 -0.51229 2.13461 0.986446 0.00307698 -0.0047064 -1.93149 -1.02506 0.796475 -0.196857 -0.000419672 8.18218e-05 -0.727009
738.409 0.0445386 -0.580535 1.64574 -2.93196 0.488653 1.98867 0.0103882 -0.593507 1.69591 -2.95018 0.494407 1.97792 -0.0341505 -0.0129727 0.0501719 -0.0182141 0.00575426 -0.0107438 0.0620626 0.985165 0.0212153 -0.675507 1.47333 -2.93614 0.492885 1.98849 -0.0233233 -0.0949721 -0.172409 -0.00417281 0.00423183 -0.000182117 0.198213 0.336882 -0.510355 2.13233 0.985871 0.00362979 -0.00510848 -1.93135 -1.02506 0.796475 -0.196857 -0.000419672 8.18218e-05 -0.727009
738.702 0.0490956 -0.578115 1.64499 -2.93076 0.488845 1.98892 0.013885 -0.581805 1.66862 -2.94443 0.518277 1.99388 -0.0352106 -0.00369009 0.0236281 -0.013665 0.0294318 0.00496335 0.042564 1.93715 0.024375 -0.673513 1.47286 -2.93468 0.491886 1.98838 -0.0247206 -0.095398 -0.17213 -0.00391531 0.00304096 -0.000537737 0.198345 0.274112 -0.507948 2.12953 0.985614 0.00456085 -0.00571641 -1.93118 -1.02506 0.796475 -0.196857 -0.000419672 8.18218e-05 -0.727009
739.226 0.0552629 -0.57497 1.64464 -2.92911 0.488854 1.98919 0.0222346 -0.587592 1.69594 -2.94462 0.494654 1.9821 -0.0330282 -0.0126219 0.051299 -0.0155152 0.0058 -0.0070934 0.0623038 0.851338 0.0297105 -0.670014 1.47234 -2.93125 0.491284 1.98828 -0.0255524 -0.095044 -0.172295 -0.00214656 0.0024304 -0.000917796 0.198424 0.176939 -0.504787 2.126 0.986089 0.00596279 -0.00631879 -1.93095 -1.02506 0.796475 -0.196857 -0.000419672 8.18218e-05 -0.727009
739.422 0.0578918 -0.573393 1.64482 -2.92835 0.488925 1.98933 0.0255008 -0.577703 1.6694 -2.90934 0.517539 1.99827 -0.032391 -0.00431091 0.0245796 0.0190043 0.0286141 0.00894062 0.0408891 1.89672 0.0306197 -0.669002 1.47288 -2.92903 0.491354 1.98854 -0.0272721 -0.0956098 -0.171937 -0.000683397 0.00242889 -0.000795152 0.198614 0.14537 -0.503448 2.12456 0.986588 0.0065771 -0.00665666 -1.93085 -1.02506 0.796475 -0.196857 -0.000419672 8.18218e-05 -0.727009
739.735 0.0607498 -0.571238 1.64547 -2.92748 0.489163 1.98953 0.0281584 -0.584644 1.69598 -2.94183 0.494756 1.9842 -0.0325914 -0.013406 0.0505025 -0.0143551 0.00559263 -0.00533659 0.0615826 0.796722 0.0338886 -0.667761 1.47409 -2.92639 0.49174 1.98917 -0.0268612 -0.0965239 -0.171388 0.0010811 0.00257737 -0.000361555 0.198525 0.165511 -0.501949 2.12302 0.987519 0.00720478 -0.00718788 -1.93073 -1.02506 0.796475 -0.196857 -0.000419672 8.18218e-05 -0.727009
740.094 0.062124 -0.56949 1.64625 -2.9271 0.489617 1.98974 0.0295994 -0.582358 1.6958 -2.92667 0.480688 1.98119 -0.0325246 -0.0128677 0.0495517 0.000430121 -0.00892883 -0.00854844 0.0606531 0.716552 0.0366698 -0.666737 1.47527 -2.92476 0.49222 1.98991 -0.0254542 -0.0972468 -0.170974 0.00233423 0.00260331 0.000169972 0.198335 0.197824 -0.50105 2.12217 0.988298 0.0072928 -0.00773931 -1.93065 -1.02506 0.796475 -0.196857 -0.000419672 8.18218e-05 -0.727009
740.631 0.0619338 -0.56677 1.64803 -2.92818 0.4911 1.99035 0.0313326 -0.568987 1.66949 -2.90528 0.519615 2.00107 -0.0306012 -0.00221708 0.021465 0.0229025 0.0285149 0.0107196 0.0374446 1.99704 0.0465909 -0.667972 1.47926 -2.9237 0.493076 1.99044 -0.0153429 -0.101202 -0.168764 0.00448261 0.0019756 9.42403e-05 0.19738 0.278362 -0.499645 2.1213 0.989786 0.0054535 -0.00870584 -1.93042 -1.02506 0.796475 -0.196857 -0.000419672 8.18218e-05 -0.727009
740.891 0.0605434 -0.56671 1.6487 -2.92958 0.491599 1.99059 0.0310793 -0.576453 1.69586 -2.92423 0.482149 1.98263 -0.0294641 -0.00974335 0.047158 0.00535716 -0.00944971 -0.00795854 0.0564531 0.852257 0.0481416 -0.669154 1.48063 -2.92445 0.492218 1.99018 -0.0124018 -0.102445 -0.168073 0.00513889 0.000619583 -0.000411964 0.197224 0.307741 -0.499262 2.12141 0.990417 0.00384359 -0.00865714 -1.93031 -1.02506 0.796475 -0.196857 -0.000419672 8.18218e-05 -0.727009
741.141 0.0590336 -0.566881 1.64942 -2.93098 0.492089 1.99085 0.0296294 -0.57558 1.69546 -2.93907 0.498113 1.9856 -0.0294042 -0.00869875 0.0460326 -0.00809867 0.00602459 -0.00524972 0.0553107 0.540317 0.0491885 -0.6707 1.48213 -2.92572 0.491429 1.99008 -0.00984509 -0.103819 -0.167292 0.00526066 -0.000659726 -0.000771037 0.197134 0.326259 -0.49894 2.12178 0.990981 0.00224016 -0.00860493 -1.93017 -1.02506 0.796475 -0.196857 -0.000419672 8.18218e-05 -0.727009
741.396 0.0575512 -0.567751 1.65024 -2.93239 0.492436 1.99116 0.028117 -0.576435 1.69581 -2.92535 0.482614 1.98174 -0.0294342 -0.00868424 0.0455612 0.00703742 -0.00982174 -0.00942085 0.0549328 0.987149 0.0490832 -0.672555 1.48351 -2.92747 0.489766 1.98999 -0.00846808 -0.104804 -0.166732 0.00492067 -0.00267015 -0.00117198 0.197117 0.353878 -0.498516 2.12263 0.991476 0.00064275 -0.00841339 -1.92997 -1.02506 0.796475 -0.196857 -0.000419672 8.18218e-05 -0.727009
741.706 0.0570647 -0.568878 1.65078 -2.933 0.4924 1.99134 0.0266577 -0.576855 1.69485 -2.93954 0.498321 1.98479 -0.030407 -0.00797703 0.0440655 -0.00654759 0.0059214 -0.00655242 0.0541293 0.512819 0.0496122 -0.674208 1.48435 -2.92841 0.488169 1.98998 -0.00745244 -0.10533 -0.16643 0.00458532 -0.00423152 -0.00135479 0.197101 0.391671 -0.498155 2.12352 0.991707 1.18945e-07 -0.00816322 -1.9298 -1.02506 0.796475 -0.196857 -0.000419672 8.18218e-05 -0.727009
742.004 0.0568389 -0.570274 1.65138 -2.93342 0.492235 1.9915 0.0255189 -0.5697 1.66946 -2.92538 0.505796 1.99486 -0.0313199 0.000573608 0.0180868 0.00803805 0.0135611 0.00336468 0.0361718 0.876257 0.0501891 -0.675902 1.48512 -2.92888 0.487134 1.99023 -0.00664972 -0.105628 -0.16626 0.00454581 -0.00510097 -0.00127022 0.197089 0.419648 -0.497734 2.1246 0.991936 -0.000420828 -0.00785875 -1.92962 -1.02506 0.796475 -0.196857 -0.000419672 8.18218e-05 -0.727009
742.225 0.0565316 -0.571775 1.6522 -2.93392 0.492083 1.99166 0.0266683 -0.578533 1.69543 -2.94075 0.497562 1.98442 -0.0298633 -0.00675768 0.0432326 -0.00682791 0.00547885 -0.00724635 0.0529768 0.519641 0.0497825 -0.677944 1.48625 -2.92937 0.486457 1.99062 -0.00674913 -0.106169 -0.165949 0.00454822 -0.00562598 -0.0010408 0.197121 0.436111 -0.497242 2.12585 0.992324 -0.000917365 -0.00754054 -1.92945 -1.02506 0.796475 -0.196857 -0.000419672 8.18218e-05 -0.727009
742.483 0.0559266 -0.573855 1.65378 -2.93478 0.491917 1.99188 0.0251964 -0.581674 1.69596 -2.94245 0.496212 1.98353 -0.0307302 -0.00781993 0.042178 -0.00767708 0.00429476 -0.00834875 0.0527682 0.53229 0.0490993 -0.680844 1.4883 -2.93021 0.486437 1.9913 -0.00682731 -0.10699 -0.165479 0.00456868 -0.0054798 -0.000574875 0.197171 0.419648 -0.496455 2.12777 0.993271 -0.00176476 -0.00708072 -1.92922 -1.02506 0.796475 -0.196857 -0.000419672 8.18218e-05 -0.727009
742.859 0.055622 -0.575392 1.65539 -2.93535 0.491749 1.99202 0.0251964 -0.581674 1.69596 -2.94245 0.496212 1.98353 -0.0304256 -0.00628265 0.0405633 -0.00710507 0.00446294 -0.00849024 0.0510937 0.529341 0.0488914 -0.681949 1.48966 -2.93074 0.486568 1.99166 -0.00673064 -0.106557 -0.165737 0.00460526 -0.00518102 -0.000354939 0.197151 0.404452 -0.495746 2.12935 0.994392 -0.00231251 -0.00671937 -1.92906 -1.02506 0.796475 -0.196857 -0.000419672 8.18218e-05 -0.727009
743.609 0.0556666 -0.577146 1.65732 -2.93578 0.491351 1.9921 0.0242732 -0.579454 1.68299 -2.94192 0.524049 1.97222 -0.0313934 -0.0023083 0.0256769 -0.00614546 0.0326989 -0.0198828 0.0406224 2.13111 0.0485791 -0.680674 1.48979 -2.931 0.486485 1.992 -0.00708748 -0.103528 -0.167523 0.00478145 -0.0048654 -0.000101154 0.197059 0.392669 -0.494921 2.13105 0.995894 -0.00261192 -0.00620211 -1.92891 -1.02506 0.796475 -0.196857 -0.000419672 8.18218e-05 -0.727009
744.126 0.0562707 -0.579585 1.66037 -2.93608 0.49057 1.99214 0.0251965 -0.584636 1.69595 -2.94297 0.495208 1.98327 -0.0310743 -0.00505153 0.0355869 -0.00688578 0.00463804 -0.00886834 0.0475137 0.543207 0.0481874 -0.678811 1.49032 -2.93042 0.486861 1.99245 -0.00808334 -0.0992261 -0.170045 0.0056651 -0.00370853 0.000303038 0.197045 0.381549 -0.493636 2.13345 0.998477 -0.0026428 -0.00537887 -1.92871 -1.02506 0.796475 -0.196857 -0.000419672 8.18218e-05 -0.727009
744.587 0.0572684 -0.581466 1.66296 -2.93599 0.489778 1.9921 0.0252084 -0.586004 1.6956 -2.93886 0.524306 1.99085 -0.03206 -0.00453799 0.0326356 -0.00286309 0.0345282 -0.00125616 0.045973 1.98347 0.0478595 -0.678087 1.4914 -2.92986 0.486907 1.99254 -0.00940895 -0.096621 -0.171565 0.00612876 -0.00287111 0.000433103 0.197126 0.377424 -0.492545 2.13531 1.00077 -0.00225857 -0.00468837 -1.92859 -1.02506 0.796475 -0.196857 -0.000419672 8.18218e-05 -0.727009
745.092 0.0586301 -0.583297 1.66574 -2.93566 0.488906 1.99203 0.0266552 -0.58677 1.69568 -2.92488 0.509512 1.98747 -0.0319749 -0.00347292 0.029937 0.010778 0.0206057 -0.00455547 0.0439395 1.41333 0.047057 -0.677485 1.49276 -2.92906 0.487011 1.99251 -0.0115731 -0.094188 -0.172976 0.00660067 -0.0018953 0.000483374 0.197297 0.381549 -0.491369 2.13722 1.00324 -0.0016024 -0.00401287 -1.92848 -1.02506 0.796475 -0.196857 -0.000419672 8.18218e-05 -0.727009
745.664 0.0618761 -0.587268 1.67301 -2.93489 0.486873 1.99176 0.0296396 -0.588773 1.69504 -2.93703 0.523136 1.9922 -0.0322365 -0.00150486 0.0220341 -0.00214085 0.0362632 0.000443624 0.0390763 2.08225 0.0469328 -0.67706 1.49751 -2.92852 0.485694 1.99198 -0.0149434 -0.0897918 -0.175496 0.00637184 -0.00117811 0.000216996 0.197699 0.36584 -0.488468 2.14173 1.00985 -2.94902e-05 -0.00243453 -1.9283 -1.02506 0.796475 -0.196857 -0.000419672 8.18218e-05 -0.727009
745.97 0.0628871 -0.588376 1.6767 -2.93474 0.486275 1.99166 0.0311307 -0.588973 1.69562 -2.93703 0.522354 1.99252 -0.0317563 -0.000596549 0.0189147 -0.00229743 0.0360786 0.000867873 0.0369674 2.07339 0.0475176 -0.675775 1.49983 -2.9286 0.485248 1.99179 -0.0153695 -0.0873985 -0.176873 0.00613775 -0.00102745 0.000130718 0.197886 0.35277 -0.487233 2.14366 1.01322 0.000376774 -0.00194554 -1.92827 -1.02506 0.796475 -0.196857 -0.000419672 8.18218e-05 -0.727009
746.381 0.0636762 -0.58889 1.68078 -2.93461 0.485948 1.99159 0.0323843 -0.598219 1.72231 -2.95245 0.514725 1.98192 -0.0312918 -0.00932865 0.041534 -0.0178431 0.0287771 -0.00967039 0.0528325 1.87805 0.0488055 -0.674622 1.50297 -2.92869 0.485182 1.99168 -0.0148707 -0.0857314 -0.177812 0.00591957 -0.000765444 8.38274e-05 0.19796 0.340349 -0.486034 2.14556 1.01688 0.000644022 -0.00169139 -1.92825 -1.02506 0.796475 -0.196857 -0.000419672 8.18218e-05 -0.727009
746.933 0.0653324 -0.588408 1.69117 -2.93398 0.48586 1.99157 0.034882 -0.599758 1.73551 -2.93352 0.501662 1.99831 -0.0304504 -0.0113494 0.0443437 0.000460606 0.0158017 0.00673984 0.0549764 0.979587 0.052474 -0.671383 1.51176 -2.92855 0.486257 1.99179 -0.0128584 -0.0829744 -0.179404 0.00543818 0.000396649 0.000219817 0.198081 0.306467 -0.483449 2.14989 1.02591 0.00126841 -0.00183909 -1.92826 -1.02506 0.796475 -0.196857 -0.000419672 8.18218e-05 -0.727009
747.68 0.0660063 -0.587272 1.70113 -2.93365 0.486415 1.9917 0.0348563 -0.594622 1.73602 -2.91892 0.487998 1.99471 -0.0311501 -0.00734932 0.0348878 0.0147322 0.0015833 0.0030075 0.0473445 0.783846 0.0534102 -0.668124 1.52046 -2.92849 0.487948 1.99204 -0.0125962 -0.0808515 -0.180671 0.00515589 0.00153337 0.000339655 0.198337 0.300014 -0.481219 2.15414 1.03417 0.00131982 -0.0024653 -1.92826 -1.02506 0.796475 -0.196857 -0.000419672 8.18218e-05 -0.727009
747.941 0.0661935 -0.588136 1.70458 -2.93382 0.48605 1.99162 0.0364094 -0.593882 1.73606 -2.93252 0.502851 1.99913 -0.0297841 -0.00574635 0.0314872 0.00130105 0.0168011 0.00750764 0.0437213 1.04268 0.0534658 -0.66895 1.52389 -2.92876 0.487604 1.99191 -0.0127277 -0.0808139 -0.180682 0.0050561 0.00155394 0.000286446 0.19834 0.296075 -0.480369 2.15596 1.0373 0.00132671 -0.00207047 -1.92825 -1.02506 0.796475 -0.196857 -0.000419672 8.18218e-05 -0.727009
748.511 0.0672065 -0.59061 1.71185 -2.9337 0.484847 1.99142 0.0364094 -0.593882 1.73606 -2.93252 0.502851 1.99913 -0.0307971 -0.00327232 0.0242149 0.00118393 0.0180034 0.00771135 0.0393132 1.11136 0.0564145 -0.671883 1.53146 -2.92892 0.485099 1.99126 -0.010792 -0.0812734 -0.180387 0.00477915 0.000251898 -0.000161885 0.198145 0.278362 -0.478667 2.16014 1.04392 0.00196292 -0.00101567 -1.92818 -1.02506 0.796475 -0.196857 -0.000419672 8.18218e-05 -0.727009
748.758 0.0676762 -0.591557 1.71478 -2.93351 0.484352 1.99136 0.0367059 -0.59746 1.75102 -2.93441 0.508971 1.97289 -0.0309703 -0.00590297 0.0362396 -0.000892408 0.0246189 -0.0184695 0.0480345 1.74944 0.0603813 -0.67308 1.53455 -2.92866 0.483802 1.99074 -0.00729495 -0.081523 -0.180238 0.00485665 -0.000549426 -0.000615532 0.197952 0.297394 -0.478092 2.16188 1.04657 0.00234622 -0.000631415 -1.92813 -1.02506 0.796475 -0.196857 -0.000419672 8.18218e-05 -0.727009
749.058 0.067954 -0.592842 1.71742 -2.93349 0.483718 1.99127 0.0367059 -0.59746 1.75102 -2.93441 0.508971 1.97289 -0.0312481 -0.00461798 0.0336006 -0.000919433 0.0252524 -0.0183785 0.0461169 1.77542 0.0638551 -0.674462 1.53725 -2.92779 0.482532 1.99022 -0.00409893 -0.0816198 -0.180177 0.00570104 -0.00118639 -0.0010471 0.197844 0.364769 -0.477632 2.16357 1.04906 0.00264077 -6.31373e-05 -1.92808 -1.02506 0.796475 -0.196857 -0.000419672 8.18218e-05 -0.727009
749.332 0.0676109 -0.594269 1.71979 -2.93387 0.483159 1.99118 0.0377832 -0.603501 1.76426 -2.94838 0.494498 1.98844 -0.0298277 -0.00923179 0.0444729 -0.014504 0.0113391 -0.00274393 0.0543393 1.00717 0.0665628 -0.677353 1.54047 -2.92722 0.481789 1.99 -0.00104805 -0.0830838 -0.179316 0.00665328 -0.00137034 -0.00118541 0.197631 0.424285 -0.477304 2.1652 1.05136 0.00251638 0.000592635 -1.92804 -1.02506 0.796475 -0.196857 -0.000419672 8.18218e-05 -0.727009
749.659 0.0661583 -0.596043 1.72275 -2.93499 0.482689 1.99113 0.0377832 -0.603501 1.76426 -2.94838 0.494498 1.98844 -0.0283751 -0.00745799 0.0415126 -0.0133914 0.0118095 -0.00268783 0.0508337 0.979587 0.0698209 -0.681228 1.54464 -2.92743 0.481092 1.98984 0.00366259 -0.0851849 -0.178111 0.00755748 -0.00159676 -0.00128862 0.197467 0.480513 -0.477073 2.16724 1.05422 0.00167577 0.00141905 -1.92799 -1.02506 0.796475 -0.196857 -0.000419672 8.18218e-05 -0.727009
749.924 0.0649968 -0.597223 1.72477 -2.93579 0.482366 1.99107 0.0346736 -0.604421 1.76471 -2.9348 0.478847 1.98384 -0.0303232 -0.00719859 0.0399394 0.000986784 -0.00351861 -0.00723663 0.0506604 0.486985 0.0712341 -0.682687 1.54683 -2.92835 0.48055 1.98963 0.00623726 -0.0854638 -0.177941 0.0074353 -0.00181544 -0.00144252 0.197499 0.481327 -0.477037 2.16863 1.05623 0.00106833 0.00200358 -1.92797 -1.02506 0.796475 -0.196857 -0.000419672 8.18218e-05 -0.727009
750.207 0.0640376 -0.598062 1.72669 -2.93634 0.482098 1.99103 0.0346652 -0.605328 1.76509 -2.91774 0.493985 1.98748 -0.0293724 -0.0072656 0.038392 0.0185987 0.011887 -0.00355351 0.0488823 1.35797 0.0729462 -0.683379 1.54868 -2.92911 0.480237 1.98952 0.0089086 -0.0853172 -0.178015 0.00723173 -0.00186068 -0.00151134 0.197605 0.473126 -0.477105 2.16987 1.05812 0.000667646 0.00244864 -1.92795 -1.02506 0.796475 -0.196857 -0.000419672 8.18218e-05 -0.727009
750.517 0.0632933 -0.599251 1.72883 -2.9367 0.481471 1.99092 0.033441 -0.610433 1.78001 -2.95324 0.499495 1.95992 -0.0298522 -0.0111819 0.0511869 -0.0165392 0.0180239 -0.0309996 0.0603017 1.87972 0.076269 -0.685485 1.55134 -2.92968 0.479776 1.98943 0.0129757 -0.0862343 -0.177482 0.00702299 -0.00169495 -0.00148513 0.197749 0.458849 -0.477343 2.17128 1.06041 0.000611036 0.00315038 -1.92792 -1.02506 0.796475 -0.196857 -0.000419672 8.18218e-05 -0.727009
750.779 0.0628722 -0.600115 1.73004 -2.93687 0.480931 1.99082 0.031605 -0.605876 1.76443 -2.93198 0.510003 1.99081 -0.0312672 -0.0057606 0.0343877 0.00488757 0.0290729 -1.0698e-05 0.0468331 1.68911 0.0772526 -0.686084 1.55242 -2.92963 0.479432 1.98941 0.0143803 -0.0859684 -0.17762 0.00724019 -0.00149894 -0.00140405 0.197854 0.465622 -0.477638 2.17211 1.06187 0.000699181 0.00370946 -1.9279 -1.02506 0.796475 -0.196857 -0.000419672 8.18218e-05 -0.727009
751.101 0.0628647 -0.600512 1.73106 -2.9366 0.480472 1.99075 0.031605 -0.605876 1.76443 -2.93198 0.510003 1.99081 -0.0312596 -0.00536374 0.0333613 0.00462 0.0295318 5.88725e-05 0.0460316 1.71235 0.0775957 -0.686496 1.55344 -2.92911 0.479157 1.98941 0.014731 -0.0859833 -0.177622 0.0074941 -0.00131487 -0.0013344 0.197888 0.475601 -0.478041 2.17274 1.06304 0.00114446 0.00402645 -1.92787 -1.02506 0.796475 -0.196857 -0.000419672 8.18218e-05 -0.727009
751.361 0.0632472 -0.599955 1.73214 -2.93565 0.480258 1.99076 0.031605 -0.605876 1.76443 -2.93198 0.510003 1.99081 -0.0316422 -0.00592137 0.0322833 0.00366922 0.0297458 4.59463e-05 0.0455906 1.71714 0.0774989 -0.684255 1.55354 -2.92774 0.479754 1.98969 0.0142516 -0.0843006 -0.178603 0.0079099 -0.00050349 -0.00106798 0.198012 0.485375 -0.478781 2.17327 1.06406 0.00209988 0.00387785 -1.92781 -1.02506 0.796475 -0.196857 -0.000419672 8.18218e-05 -0.727009
751.714 0.0632655 -0.59813 1.73296 -2.93472 0.480855 1.99095 0.0328995 -0.615281 1.79419 -2.93492 0.485363 1.97548 -0.030366 -0.017151 0.0612346 -0.000199906 0.00450792 -0.015474 0.0704693 0.918558 0.0770664 -0.681819 1.55398 -2.92654 0.481233 1.99016 0.0138009 -0.0836897 -0.178975 0.00818103 0.000377389 -0.000792557 0.198057 0.491783 -0.479512 2.17345 1.06439 0.00266269 0.00299371 -1.92776 -1.02506 0.796475 -0.196857 -0.000419672 8.18218e-05 -0.727009
751.999 0.062928 -0.595665 1.73359 -2.93381 0.481863 1.99125 0.031605 -0.602794 1.76443 -2.93144 0.511018 1.99108 -0.031323 -0.00712949 0.0308354 0.00237056 0.029155 -0.000165883 0.0445285 1.67631 0.0762235 -0.679625 1.55477 -2.92517 0.483378 1.99086 0.0132955 -0.0839603 -0.178824 0.00864198 0.00151499 -0.000382529 0.198 0.512819 -0.480402 2.17347 1.06432 0.0030092 0.0017294 -1.92771 -1.02506 0.796475 -0.196857 -0.000419672 8.18218e-05 -0.727009
752.214 0.0623938 -0.592518 1.73405 -2.93275 0.483275 1.99162 0.031605 -0.599713 1.76443 -2.9309 0.512036 1.99136 -0.0307888 -0.00719527 0.0303813 0.00185331 0.0287606 -0.0002685 0.0438491 1.65185 0.0754821 -0.677208 1.55558 -2.92372 0.485767 1.99169 0.0130883 -0.08469 -0.178464 0.00903117 0.0024918 6.88937e-05 0.197972 0.535223 -0.481447 2.1734 1.06382 0.00330577 7.36783e-05 -1.92768 -1.02506 0.796475 -0.196857 -0.000419672 8.18218e-05 -0.727009
752.474 0.0611915 -0.588906 1.73383 -2.93164 0.485082 1.99209 0.0315815 -0.596059 1.76503 -2.91724 0.497477 1.98734 -0.0296099 -0.00715295 0.0312051 0.0143952 0.012395 -0.00475266 0.0436081 1.21273 0.0749531 -0.672457 1.55466 -2.92265 0.487908 1.99246 0.0137616 -0.0835505 -0.179168 0.00898666 0.0028253 0.000361836 0.19817 0.530818 -0.483059 2.17324 1.0624 0.00346859 -0.00197847 -1.92764 -1.02506 0.796475 -0.196857 -0.000419672 8.18218e-05 -0.727009
752.784 0.059706 -0.587568 1.73273 -2.9314 0.486009 1.99234 0.0297651 -0.602729 1.79415 -2.93397 0.489832 1.97556 -0.0299409 -0.0151601 0.0614151 -0.00257283 0.00382254 -0.0167826 0.0699864 0.928306 0.0740398 -0.669827 1.5528 -2.92265 0.488704 1.99272 0.0143339 -0.082259 -0.179936 0.00875299 0.0026951 0.000374125 0.198366 0.515862 -0.484412 2.17315 1.06074 0.00323726 -0.00291039 -1.92762 -1.02506 0.796475 -0.196857 -0.000419672 8.18218e-05 -0.727009
753.744 0.0552022 -0.589546 1.72718 -2.93237 0.486255 1.99249 0.0266312 -0.602715 1.7941 -2.93512 0.490287 1.97465 -0.0285711 -0.0131688 0.0669265 -0.00274814 0.00403208 -0.017845 0.0739519 0.986356 0.0705886 -0.669833 1.54611 -2.92456 0.488269 1.99327 0.0153863 -0.080287 -0.181064 0.00781096 0.00201368 0.000775535 0.198663 0.444114 -0.487931 2.17314 1.05509 0.00216869 -0.00278306 -1.92754 -1.02506 0.796475 -0.196857 -0.000419672 8.18218e-05 -0.727009
754.258 0.0530892 -0.591858 1.7239 -2.93313 0.485789 1.99245 0.0254153 -0.596026 1.76493 -2.91955 0.498426 1.98548 -0.0276739 -0.00416815 0.041031 0.0135821 0.0126372 -0.00696369 0.0496666 1.25803 0.0681119 -0.672078 1.54283 -2.92572 0.48739 1.99327 0.0150226 -0.0802201 -0.181075 0.00741306 0.00160071 0.000818771 0.198618 0.414959 -0.489559 2.17321 1.05212 0.00164655 -0.00208248 -1.92748 -1.02506 0.796475 -0.196857 -0.000419672 8.18218e-05 -0.727009
754.746 0.0509 -0.593849 1.72057 -2.93381 0.48555 1.99247 0.0223601 -0.59969 1.76436 -2.93442 0.513437 1.98848 -0.0285399 -0.00584141 0.0437923 -0.000608707 0.0278874 -0.00398476 0.0525967 1.61204 0.0647325 -0.674489 1.53976 -2.92722 0.486448 1.9932 0.0138325 -0.0806404 -0.180811 0.00658844 0.000898336 0.000730949 0.198461 0.363695 -0.491243 2.1733 1.04891 0.00109252 -0.00161951 -1.92742 -1.02506 0.796475 -0.196857 -0.000419672 8.18218e-05 -0.727009
755.299 0.047762 -0.595626 1.71626 -2.9346 0.485778 1.99263 0.0192961 -0.60348 1.7642 -2.95524 0.497192 1.98291 -0.0284659 -0.00785382 0.0479415 -0.0206342 0.0114139 -0.00971935 0.0563061 1.23035 0.0591998 -0.67681 1.53573 -2.92985 0.48583 1.99274 0.0114378 -0.0811834 -0.180528 0.00475859 5.13489e-05 0.000103919 0.198272 0.269795 -0.493554 2.17338 1.04434 0.00017423 -0.00154128 -1.92732 -1.02506 0.796475 -0.196857 -0.000419672 8.18218e-05 -0.727009
755.794 0.0449539 -0.596311 1.71304 -2.93531 0.486456 1.99287 0.0170944 -0.611318 1.77808 -2.93895 0.481566 1.99755 -0.0278595 -0.0150067 0.0650369 -0.00364108 -0.00489045 0.00467838 0.0723267 0.495746 0.0557206 -0.678256 1.53301 -2.9319 0.486479 1.99269 0.0107667 -0.0819448 -0.180033 0.00341289 2.28371e-05 -0.000185599 0.198098 0.199792 -0.495306 2.17342 1.04071 -0.000834165 -0.00190174 -1.92725 -1.02506 0.796475 -0.196857 -0.000419672 8.18218e-05 -0.727009
756.325 0.0421492 -0.596832 1.70984 -2.93601 0.487241 1.99313 0.0131214 -0.60769 1.763 -2.95569 0.49711 1.9817 -0.0290279 -0.0108579 0.0531583 -0.0196775 0.00986898 -0.0114221 0.061533 1.14978 0.0508345 -0.67883 1.52984 -2.93427 0.487746 1.99292 0.00868529 -0.0819973 -0.180004 0.00173938 0.000504501 -0.000210784 0.197991 0.108352 -0.497034 2.17343 1.03698 -0.0018909 -0.00236531 -1.92719 -1.02506 0.796475 -0.196857 -0.000419672 8.18218e-05 -0.727009
756.948 0.0365277 -0.598132 1.70269 -2.93726 0.488755 1.99359 0.00758895 -0.602082 1.73564 -2.92668 0.520008 1.99347 -0.0289388 -0.0039498 0.0329512 0.0105763 0.0312528 -0.000124026 0.0440322 1.89155 0.0437509 -0.680925 1.52313 -2.93846 0.491253 1.99352 0.00722318 -0.0827931 -0.17956 -0.0011962 0.00249763 -7.17615e-05 0.19786 0.158259 -0.500753 2.17336 1.02876 -0.00383008 -0.00329429 -1.92709 -1.02506 0.796475 -0.196857 -0.000419672 8.18218e-05 -0.727009
757.255 0.0344172 -0.598599 1.69989 -2.93765 0.489338 1.99361 0.00457403 -0.602762 1.73543 -2.94556 0.50523 1.98866 -0.0298432 -0.00416304 0.0355453 -0.00790961 0.0158913 -0.00494265 0.0465984 0.996226 0.0403326 -0.680062 1.51955 -2.94019 0.49316 1.99327 0.00591539 -0.0814633 -0.180335 -0.00254555 0.00382206 -0.000337914 0.19797 0.259443 -0.502135 2.17331 1.02554 -0.00440102 -0.00368529 -1.92719 -1.02506 0.796475 -0.196857 -0.000419672 8.18218e-05 -0.727009
757.518 0.0323415 -0.599076 1.69726 -2.93799 0.489863 1.99329 0.00306026 -0.605986 1.73599 -2.94728 0.503858 1.98776 -0.0292812 -0.00690982 0.0387259 -0.00928646 0.0139942 -0.00553163 0.0490391 0.930411 0.0381329 -0.679749 1.51646 -2.94145 0.494639 1.99242 0.00579136 -0.080673 -0.180804 -0.00346413 0.00477595 -0.00087417 0.19807 0.327456 -0.503354 2.17324 1.02251 -0.00474975 -0.0040421 -1.92757 -1.02506 0.796475 -0.196857 -0.000419672 8.18218e-05 -0.727009
757.809 0.0294215 -0.600187 1.69385 -2.9386 0.49029 1.99221 -9.49085e-06 -0.606625 1.73565 -2.9332 0.489017 1.98376 -0.029431 -0.00643806 0.0418033 0.00539497 -0.00127291 -0.0084533 0.0515281 0.690405 0.034555 -0.677513 1.51109 -2.94346 0.496937 1.991 0.00513355 -0.0773254 -0.182761 -0.00486656 0.00664681 -0.00121737 0.198512 0.45714 -0.504701 2.17315 1.01876 -0.00492146 -0.0042171 -1.92859 -1.02506 0.796475 -0.196857 -0.000419672 8.18218e-05 -0.727009
758.097 0.0273424 -0.602676 1.69093 -2.93938 0.489651 1.99079 -0.0022203 -0.599271 1.70812 -2.93346 0.51237 1.99666 -0.0295627 0.00340502 0.0171851 0.00592539 0.0227195 0.00587728 0.0343639 1.34668 0.0315675 -0.677494 1.50671 -2.94493 0.497891 1.98992 0.00422507 -0.0748176 -0.184229 -0.00554491 0.00823995 -0.000868054 0.198886 0.558131 -0.505497 2.17308 1.01625 -0.00471048 -0.00334773 -1.9297 -1.02506 0.796475 -0.196857 -0.000419672 8.18218e-05 -0.727009
758.388 0.0254206 -0.605917 1.68799 -2.94028 0.488489 1.98899 -0.00455448 -0.612689 1.73565 -2.93671 0.487955 1.98142 -0.0299751 -0.00677198 0.0476611 0.00357753 -0.000533223 -0.00757257 0.0567093 0.560928 0.02756 -0.678624 1.50255 -2.94584 0.49806 1.98868 0.00213932 -0.0727065 -0.185439 -0.00555952 0.00957135 -0.000311703 0.199194 0.629939 -0.506127 2.17298 1.01411 -0.00423657 -0.00196091 -1.93103 -1.02506 0.796475 -0.196857 -0.000419672 8.18218e-05 -0.727009
758.736 0.0229968 -0.610233 1.68448 -2.94151 0.486709 1.98631 -0.00603492 -0.61814 1.73605 -2.95268 0.501122 1.98397 -0.0290317 -0.00790722 0.0515778 -0.011175 0.0144131 -0.00233514 0.0597129 1.01414 0.0227659 -0.681073 1.49807 -2.94683 0.497365 1.98672 -0.000230846 -0.0708399 -0.186409 -0.00532744 0.0106566 0.000409742 0.199416 0.688134 -0.506768 2.17275 1.01196 -0.00341607 8.22474e-05 -1.93298 -1.02506 0.796475 -0.196857 -0.000419672 8.18218e-05 -0.727009
758.987 0.0212404 -0.61276 1.68244 -2.94238 0.485552 1.9843 -0.00822116 -0.611841 1.70781 -2.92375 0.49439 1.99035 -0.0294615 0.000919243 0.0253769 0.0186235 0.00883736 0.00604278 0.0388949 1.08028 0.0194735 -0.682663 1.49552 -2.94794 0.496458 1.98518 -0.00176689 -0.0699025 -0.186913 -0.00556345 0.0109055 0.000878935 0.199564 0.713816 -0.507152 2.17243 1.01094 -0.00282468 0.00145029 -1.93449 -1.02506 0.796475 -0.196857 -0.000419672 8.18218e-05 -0.727009
759.859 0.0138363 -0.61367 1.68017 -2.94597 0.484793 1.97875 -0.0157991 -0.62413 1.72324 -2.94474 0.512514 1.96447 -0.0296354 -0.01046 0.0430697 0.00122904 0.0277211 -0.0142805 0.0533167 1.80342 0.0127589 -0.683767 1.49345 -2.95209 0.494536 1.98069 -0.00107743 -0.0700965 -0.186716 -0.00611723 0.00974301 0.0019395 0.199443 0.695488 -0.508228 2.17007 1.01141 -0.00315759 0.00339671 -1.93916 -1.02506 0.796475 -0.196857 -0.000419672 8.18218e-05 -0.727009
760.129 0.0121652 -0.61233 1.68039 -2.94672 0.484926 1.97742 -0.0187906 -0.62329 1.72301 -2.96187 0.498358 1.96056 -0.0309558 -0.0109591 0.04262 -0.015149 0.0134321 -0.0168646 0.0538037 1.21949 0.0104811 -0.68192 1.49339 -2.9526 0.494033 1.97972 -0.00168414 -0.0695896 -0.187004 -0.00587889 0.00910682 0.00229949 0.199539 0.66676 -0.508508 2.16889 1.01248 -0.00325149 0.00353566 -1.94034 -1.02506 0.796475 -0.196857 -0.000419672 8.18218e-05 -0.727009
760.476 0.0116668 -0.611385 1.68052 -2.94693 0.484387 1.9761 -0.0197038 -0.626099 1.735 -2.94371 0.485696 1.97644 -0.0313706 -0.0147138 0.0544802 0.00322294 0.001309 0.000336494 0.0645654 0.191797 0.0103134 -0.682056 1.49416 -2.95234 0.492507 1.97874 -0.00135338 -0.0706706 -0.186363 -0.00540995 0.00811993 0.00263495 0.199317 0.61612 -0.508764 2.16748 1.01388 -0.0026074 0.00410035 -1.94138 -1.02506 0.796475 -0.196857 -0.000419672 8.18218e-05 -0.727009
761.06 0.0130436 -0.607901 1.68143 -2.94604 0.482535 1.97351 -0.0187876 -0.61871 1.72283 -2.96186 0.499682 1.96079 -0.0318312 -0.0108082 0.0413979 -0.0158268 0.0171467 -0.0127198 0.0533275 1.30206 0.0116983 -0.680389 1.49616 -2.9498 0.487999 1.97621 -0.00134528 -0.0724875 -0.185272 -0.00376711 0.00546365 0.00270133 0.198952 0.446749 -0.509458 2.16326 1.01839 0.000155987 0.00548894 -1.94326 -1.02506 0.796475 -0.196857 -0.000419672 8.18218e-05 -0.727009
761.32 0.0138855 -0.605055 1.68234 -2.94542 0.482108 1.97274 -0.0188258 -0.616529 1.72305 -2.9476 0.485288 1.95758 -0.0327113 -0.0114739 0.0407176 -0.0021806 0.00317947 -0.0151516 0.0534752 0.837434 0.0114447 -0.678125 1.4974 -2.94872 0.486853 1.97502 -0.00244076 -0.0730702 -0.184932 -0.0033009 0.00474441 0.00228889 0.198859 0.387654 -0.509908 2.16104 1.02083 0.0012569 0.00566897 -1.94384 -1.02506 0.796475 -0.196857 -0.000419672 8.18218e-05 -0.727009
761.658 0.0150242 -0.600132 1.6839 -2.9445 0.481853 1.972 -0.0182291 -0.617938 1.7355 -2.92889 0.472339 1.97347 -0.0332533 -0.0178053 0.0516032 0.0156102 -0.00951413 0.00147065 0.0639195 1.01722 0.0122105 -0.675087 1.50004 -2.94759 0.485703 1.97374 -0.00281378 -0.0749548 -0.183857 -0.00308549 0.0038505 0.00174136 0.198569 0.326259 -0.510748 2.15772 1.02448 0.00256983 0.00558668 -1.94442 -1.02506 0.796475 -0.196857 -0.000419672 8.18218e-05 -0.727009
762.014 0.0156229 -0.595398 1.68538 -2.94384 0.482076 1.97169 -0.0167095 -0.611707 1.73503 -2.9268 0.474699 1.97447 -0.0323324 -0.016309 0.0496433 0.0170429 -0.00737676 0.00278142 0.0614477 1.00717 0.0128225 -0.674573 1.50392 -2.94691 0.485142 1.97335 -0.00280042 -0.0791753 -0.181461 -0.00306591 0.00306628 0.00166429 0.198002 0.29342 -0.511596 2.15499 1.02747 0.00327138 0.00515244 -1.94473 -1.02506 0.796475 -0.196857 -0.000419672 8.18218e-05 -0.727009
762.357 0.0159195 -0.58983 1.68706 -2.94323 0.482663 1.97157 -0.0157811 -0.602211 1.72298 -2.95757 0.505063 1.96303 -0.0317006 -0.0123813 0.0359249 -0.0143381 0.0223995 -0.00854169 0.0494856 1.47671 0.0132897 -0.670763 1.50659 -2.94637 0.484537 1.97315 -0.00262985 -0.0809328 -0.180475 -0.00313442 0.00187374 0.00158239 0.197808 0.259443 -0.512651 2.15207 1.0306 0.00369917 0.00440314 -1.94495 -1.02506 0.796475 -0.196857 -0.000419672 8.18218e-05 -0.727009
762.936 0.0155923 -0.576058 1.69068 -2.94237 0.484248 1.97172 -0.015781 -0.587164 1.72299 -2.95526 0.510215 1.96416 -0.0313733 -0.0111065 0.0323128 -0.0128948 0.025967 -0.00756034 0.0463871 1.62534 0.0138837 -0.662318 1.51322 -2.94589 0.481303 1.97238 -0.00170863 -0.08626 -0.177459 -0.00352605 -0.00294528 0.000655315 0.19732 0.278362 -0.515915 2.14472 1.03804 0.00390101 0.00264405 -1.94512 -1.02506 0.796475 -0.196857 -0.000419672 8.18218e-05 -0.727009
763.181 0.014664 -0.570606 1.69182 -2.94264 0.484751 1.97189 -0.0158164 -0.58041 1.72306 -2.94089 0.497055 1.96104 -0.0304804 -0.00980453 0.0312383 0.00174804 0.0123044 -0.0108488 0.0447327 0.975584 0.0140294 -0.658744 1.51543 -2.94645 0.480436 1.97207 -0.00063466 -0.0881382 -0.176392 -0.0038086 -0.00431533 0.000180602 0.197187 0.333378 -0.517635 2.1414 1.04122 0.00338586 0.00227751 -1.94508 -1.02506 0.796475 -0.196857 -0.000419672 8.18218e-05 -0.727009
763.729 0.0101516 -0.556968 1.69444 -2.94474 0.486731 1.97276 -0.0196943 -0.571035 1.73579 -2.95336 0.488323 1.97656 -0.0298459 -0.0140665 0.0413462 -0.00862266 0.00159205 0.00380024 0.0528976 0.633038 0.0130309 -0.653423 1.52282 -2.949 0.478283 1.97277 0.00287927 -0.0964548 -0.171619 -0.0042564 -0.00844802 8.60644e-06 0.196888 0.541764 -0.522226 2.13332 1.04877 0.000313845 0.00117979 -1.94472 -1.02506 0.796475 -0.196857 -0.000419672 8.18218e-05 -0.727009
763.995 0.00775709 -0.55 1.69598 -2.94576 0.488144 1.97337 -0.0217994 -0.560105 1.72308 -2.95343 0.520507 1.96433 -0.0295565 -0.0101045 0.0270996 -0.00766667 0.032363 -0.00903358 0.041353 1.91826 0.0113454 -0.648758 1.5257 -2.94951 0.478691 1.97369 0.00358832 -0.0987576 -0.170286 -0.00375094 -0.00945296 0.000323279 0.196884 0.586174 -0.52432 2.12972 1.05227 -0.00142456 0.000231332 -1.94447 -1.02506 0.796475 -0.196857 -0.000419672 8.18218e-05 -0.727009
764.333 0.00598624 -0.542913 1.69762 -2.94636 0.489397 1.97399 -0.0242488 -0.556067 1.73639 -2.9534 0.493523 1.97614 -0.0302351 -0.0131538 0.0387758 -0.00703943 0.00412544 0.0021509 0.0508994 0.53008 0.0104131 -0.643949 1.52866 -2.94915 0.479359 1.97467 0.0044269 -0.101036 -0.168955 -0.00278829 -0.0100386 0.000682892 0.19691 0.603283 -0.526392 2.12605 1.05592 -0.00272549 -0.00071288 -1.94418 -1.02506 0.796475 -0.196857 -0.000419672 8.18218e-05 -0.727009
764.658 0.00482683 -0.533642 1.69976 -2.94646 0.490632 1.97475 -0.0269478 -0.555926 1.76493 -2.96926 0.487297 1.96556 -0.0317747 -0.0222844 0.0651715 -0.0228026 -0.003335 -0.00918679 0.0758521 1.17236 0.00902971 -0.637767 1.5326 -2.94842 0.480652 1.97561 0.00420288 -0.104125 -0.167161 -0.00196138 -0.00998052 0.000863059 0.196984 0.589503 -0.529031 2.12106 1.06088 -0.00361706 -0.00181282 -1.94376 -1.02506 0.796475 -0.196857 -0.000419672 8.18218e-05 -0.727009
764.985 0.00480714 -0.526783 1.70125 -2.94601 0.491349 1.97527 -0.0278367 -0.534514 1.7231 -2.9551 0.499041 1.95762 -0.0326438 -0.00773131 0.0218524 -0.0090895 0.00769227 -0.0176487 0.0400365 0.993866 0.00811285 -0.633882 1.53582 -2.94718 0.481898 1.97618 0.00330571 -0.107099 -0.16543 -0.00116582 -0.00945059 0.000911924 0.197099 0.551074 -0.530876 2.11728 1.06446 -0.0037049 -0.00262614 -1.94344 -1.02506 0.796475 -0.196857 -0.000419672 8.18218e-05 -0.727009
765.477 0.00527038 -0.519903 1.70259 -2.94525 0.492053 1.97578 -0.0278184 -0.527029 1.72319 -2.95061 0.533259 1.96504 -0.0330888 -0.00712598 0.0205994 -0.00535729 0.0412063 -0.0107479 0.039623 2.42123 0.00735049 -0.629009 1.53833 -2.94589 0.483049 1.97672 0.00208011 -0.109106 -0.164261 -0.000636423 -0.00900394 0.000935875 0.197206 0.521896 -0.53259 2.11349 1.06779 -0.00348758 -0.00353606 -1.94314 -1.02506 0.796475 -0.196857 -0.000419672 8.18218e-05 -0.727009
766.072 0.00622918 -0.513015 1.70385 -2.94416 0.492738 1.97627 -0.0269474 -0.531263 1.76493 -2.96558 0.495788 1.96732 -0.0331766 -0.0182484 0.0610826 -0.0214222 0.00304994 -0.00895326 0.0718663 1.09682 0.00588259 -0.624253 1.54084 -2.94419 0.484309 1.97721 -0.000346592 -0.111238 -0.163014 -2.75207e-05 -0.00842937 0.000939175 0.197351 0.48618 -0.534169 2.10973 1.07092 -0.00294429 -0.00454384 -1.94285 -1.02506 0.796475 -0.196857 -0.000419672 8.18218e-05 -0.727009
766.495 0.00777854 -0.504645 1.70527 -2.94274 0.493312 1.97679 -0.0269798 -0.522636 1.76444 -2.94798 0.48232 1.96473 -0.0347583 -0.0179907 0.0591706 -0.00523891 -0.0109921 -0.0120665 0.0709434 0.877596 0.00491324 -0.615927 1.5423 -2.94155 0.486124 1.97784 -0.0028653 -0.111282 -0.162968 0.00119205 -0.00718835 0.00104588 0.197358 0.416841 -0.536075 2.10483 1.07493 -0.00206823 -0.00556559 -1.94252 -1.02506 0.796475 -0.196857 -0.000419672 8.18218e-05 -0.727009
766.996 0.0088973 -0.499329 1.70614 -2.94194 0.493345 1.97704 -0.0242484 -0.507545 1.73642 -2.94552 0.510609 1.97993 -0.0331457 -0.00821615 0.0302795 -0.00357096 0.0172646 0.00289764 0.0456398 1.03967 0.00393928 -0.611046 1.54344 -2.9396 0.487451 1.9782 -0.00495801 -0.111717 -0.162702 0.00234378 -0.0058942 0.00115959 0.197426 0.358274 -0.53737 2.10127 1.07793 -0.00145621 -0.00587146 -1.94232 -1.02506 0.796475 -0.196857 -0.000419672 8.18218e-05 -0.727009
767.543 0.0100252 -0.494236 1.70708 -2.94119 0.493306 1.97721 -0.0238642 -0.509668 1.76489 -2.96101 0.502945 1.96987 -0.0338894 -0.0154317 0.057801 -0.0198219 0.00963907 -0.00733379 0.0687574 1.14705 0.00203805 -0.607905 1.54551 -2.93792 0.48837 1.97855 -0.00798712 -0.113669 -0.161572 0.00326798 -0.00493607 0.00134419 0.197711 0.327456 -0.538568 2.09785 1.08097 -0.000823886 -0.00609712 -1.94217 -1.02506 0.796475 -0.196857 -0.000419672 8.18218e-05 -0.727009
768.119 0.0115082 -0.487011 1.70864 -2.94001 0.493622 1.97742 -0.0212155 -0.495403 1.73639 -2.9422 0.514541 1.9819 -0.0327238 -0.00839157 0.0277514 -0.00219133 0.0209195 0.00447959 0.0437196 1.2449 0.000253389 -0.601244 1.54742 -2.93539 0.490457 1.97893 -0.0112548 -0.114233 -0.161215 0.00462036 -0.0031642 0.00150764 0.197904 0.297394 -0.540047 2.09352 1.08498 6.84605e-05 -0.00680033 -1.94205 -1.02506 0.796475 -0.196857 -0.000419672 8.18218e-05 -0.727009
768.632 0.0123861 -0.481715 1.70982 -2.93922 0.493975 1.97755 -0.0208136 -0.496386 1.76426 -2.94214 0.49036 1.9683 -0.0331997 -0.0146715 0.0544401 -0.00291933 -0.00361481 -0.00925224 0.0654308 0.518133 -0.00106792 -0.595608 1.54843 -2.93403 0.491677 1.97894 -0.013454 -0.113893 -0.161398 0.00519714 -0.00229793 0.00138372 0.197995 0.300014 -0.541088 2.09047 1.08784 0.000615752 -0.00739617 -1.94201 -1.02506 0.796475 -0.196857 -0.000419672 8.18218e-05 -0.727009
769.032 0.0129594 -0.47724 1.7108 -2.93876 0.494109 1.97757 -0.0197272 -0.480729 1.73543 -2.92342 0.504126 1.97987 -0.0326866 -0.00348909 0.0246372 0.0153431 0.010017 0.00229314 0.0410802 1.00444 -0.00217989 -0.591123 1.54941 -2.93318 0.49233 1.97876 -0.0151393 -0.113884 -0.161385 0.00557835 -0.00177871 0.00118869 0.198101 0.310274 -0.542082 2.08762 1.09055 0.000994212 -0.00768134 -1.94202 -1.02506 0.796475 -0.196857 -0.000419672 8.18218e-05 -0.727009
769.585 0.0133899 -0.471903 1.71194 -2.93836 0.494254 1.97753 -0.0181829 -0.477197 1.73636 -2.93774 0.520735 1.98445 -0.0315728 -0.00529417 0.0244256 0.000617899 0.0264809 0.00691804 0.0402676 1.56423 -0.00174739 -0.586388 1.55093 -2.93252 0.493194 1.97761 -0.0151373 -0.114485 -0.161012 0.00583715 -0.00105978 7.45259e-05 0.198143 0.338041 -0.543349 2.08416 1.09386 0.001345 -0.00795574 -1.94209 -1.02506 0.796475 -0.196857 -0.000419672 8.18218e-05 -0.727009
770.1 0.0135047 -0.468337 1.71265 -2.93817 0.494363 1.97748 -0.0188081 -0.468282 1.72304 -2.94051 0.521901 1.96571 -0.0323128 5.5358e-05 0.0103893 -0.00234455 0.0275376 -0.0117687 0.033942 1.69535 0.000592566 -0.582859 1.55167 -2.93194 0.49321 1.97668 -0.0129122 -0.114522 -0.160983 0.00622447 -0.00115341 -0.000801381 0.197984 0.386643 -0.544265 2.08183 1.09606 0.00151185 -0.00812208 -1.94216 -1.02506 0.796475 -0.196857 -0.000419672 8.18218e-05 -0.727009
770.576 0.0131755 -0.465577 1.71315 -2.93838 0.494297 1.97738 -0.0176988 -0.475733 1.7648 -2.95296 0.514245 1.9745 -0.0308743 -0.0101557 0.0516456 -0.0145742 0.0199473 -0.0028803 0.0610215 1.37743 0.00209755 -0.579845 1.552 -2.93176 0.492687 1.97602 -0.0110779 -0.114267 -0.161158 0.00661656 -0.0016107 -0.00135625 0.197868 0.431601 -0.545155 2.07973 1.09806 0.00138415 -0.00798595 -1.94223 -1.02506 0.796475 -0.196857 -0.000419672 8.18218e-05 -0.727009
770.923 0.0125666 -0.463481 1.71354 -2.93885 0.494089 1.97724 -0.0181828 -0.465067 1.73637 -2.93556 0.525229 1.98554 -0.0307494 -0.00158628 0.0228268 0.00329014 0.0311402 0.00830499 0.0383289 1.83248 0.00353992 -0.577839 1.55243 -2.93164 0.491844 1.97543 -0.00902664 -0.114359 -0.161118 0.00721351 -0.00224477 -0.00181015 0.197783 0.488589 -0.546017 2.07786 1.09996 0.00108488 -0.00763004 -1.94231 -1.02506 0.796475 -0.196857 -0.000419672 8.18218e-05 -0.727009
771.245 0.0115857 -0.46222 1.71369 -2.93984 0.493248 1.97692 -0.0208163 -0.470236 1.76443 -2.93701 0.500001 1.97044 -0.032402 -0.00801668 0.0507412 0.00282728 0.0067536 -0.00647257 0.0607357 0.609093 0.00430698 -0.575984 1.5522 -2.93203 0.490033 1.97497 -0.00727875 -0.113764 -0.161494 0.00781259 -0.00321495 -0.00194505 0.197675 0.541764 -0.547113 2.07568 1.10226 0.000607563 -0.00651272 -1.94242 -1.02506 0.796475 -0.196857 -0.000419672 8.18218e-05 -0.727009
771.577 0.0109811 -0.462062 1.71352 -2.94058 0.492328 1.97662 -0.020781 -0.469579 1.76484 -2.95321 0.516953 1.97405 -0.0317621 -0.00751668 0.0513222 -0.012627 0.0246255 -0.00256474 0.0608219 1.55972 0.00428038 -0.574744 1.55137 -2.93286 0.488905 1.97473 -0.00670071 -0.112682 -0.162151 0.00771984 -0.0034226 -0.00189411 0.197573 0.539592 -0.547896 2.07424 1.1037 0.000373199 -0.00540706 -1.94249 -1.02506 0.796475 -0.196857 -0.000419672 8.18218e-05 -0.727009
772.103 0.0107869 -0.462247 1.71309 -2.94104 0.491262 1.9763 -0.0208133 -0.468652 1.76427 -2.93752 0.500301 1.97044 -0.0316002 -0.00640437 0.051175 0.00352069 0.00903958 -0.00585783 0.0604853 0.697174 0.0046363 -0.574081 1.55043 -2.93387 0.487927 1.97454 -0.00615063 -0.111834 -0.162665 0.00717116 -0.00333447 -0.00176356 0.197496 0.504354 -0.548652 2.07293 1.10479 0.000468002 -0.00427013 -1.94255 -1.02506 0.796475 -0.196857 -0.000419672 8.18218e-05 -0.727009
772.534 0.0109169 -0.462558 1.7121 -2.94126 0.489937 1.97593 -0.020781 -0.469579 1.76484 -2.95321 0.516953 1.97405 -0.0316979 -0.00702051 0.0527391 -0.011949 0.0270159 -0.00187209 0.0619311 1.67491 0.00697233 -0.572832 1.54851 -2.93476 0.486912 1.97434 -0.00394457 -0.110274 -0.163594 0.00650706 -0.00302585 -0.00158423 0.197329 0.45714 -0.549649 2.07131 1.10553 0.000901505 -0.0029766 -1.94261 -1.02506 0.796475 -0.196857 -0.000419672 8.18218e-05 -0.727009
772.939 0.0105452 -0.462705 1.7111 -2.94165 0.489246 1.97573 -0.0208163 -0.470236 1.76443 -2.93701 0.500001 1.97044 -0.0313615 -0.00753105 0.0533338 0.00463366 0.0107552 -0.00529 0.0623278 0.786339 0.00835477 -0.571736 1.54677 -2.93536 0.486708 1.97432 -0.00219039 -0.10903 -0.164329 0.00629063 -0.00253767 -0.00141351 0.197222 0.429783 -0.550418 2.07015 1.10563 0.000873809 -0.00220823 -1.94264 -1.02506 0.796475 -0.196857 -0.000419672 8.18218e-05 -0.727009
773.48 0.00938044 -0.462159 1.70858 -2.94237 0.488322 1.97549 -0.0227576 -0.462546 1.73545 -2.92145 0.511285 1.98044 -0.0321381 -0.000386393 0.026878 0.0209223 0.0229624 0.00495289 0.0418979 1.70938 0.00984876 -0.566051 1.54125 -2.93603 0.488585 1.9747 0.000468323 -0.103892 -0.167327 0.00633622 0.000262591 -0.000785691 0.196957 0.386643 -0.552326 2.06752 1.10522 0.000635375 -0.00110505 -1.94267 -1.02506 0.796475 -0.196857 -0.000419672 8.18218e-05 -0.727009
773.801 0.00919872 -0.461348 1.7077 -2.9423 0.488084 1.97544 -0.0227576 -0.462546 1.73545 -2.92145 0.511285 1.98044 -0.0319563 -0.00119751 0.0277574 0.0208562 0.0232008 0.00500231 0.0423452 1.71714 0.00997289 -0.563657 1.53946 -2.9358 0.489267 1.97494 0.000774169 -0.102309 -0.168239 0.00650659 0.00118275 -0.000494821 0.196906 0.392669 -0.553199 2.06638 1.10513 0.000802837 -0.0009117 -1.94267 -1.02506 0.796475 -0.196857 -0.000419672 8.18218e-05 -0.727009
774.128 0.00898194 -0.459938 1.70705 -2.94211 0.488122 1.97547 -0.0238978 -0.470242 1.76446 -2.93828 0.500459 1.96951 -0.0328797 -0.0103049 0.0574008 0.0038278 0.0123362 -0.00595286 0.0669486 0.857293 0.00998829 -0.560879 1.53802 -2.93574 0.490254 1.97527 0.00100634 -0.100941 -0.16903 0.00636741 0.00213134 -0.000194262 0.196879 0.389668 -0.554114 2.06522 1.10514 0.000954111 -0.00101321 -1.94265 -1.02506 0.796475 -0.196857 -0.000419672 8.18218e-05 -0.727009
774.451 0.00866031 -0.457925 1.70662 -2.94184 0.488462 1.97557 -0.0238847 -0.468034 1.7649 -2.95788 0.483609 1.9658 -0.032545 -0.0101089 0.0582794 -0.0160463 -0.00485275 -0.00976896 0.0675119 0.869081 0.0105724 -0.558859 1.53758 -2.93583 0.491273 1.97552 0.00191208 -0.100933 -0.169034 0.00600417 0.00281108 -4.79229e-05 0.196885 0.380522 -0.555075 2.06404 1.10521 0.00104737 -0.00142183 -1.94263 -1.02506 0.796475 -0.196857 -0.000419672 8.18218e-05 -0.727009
774.821 0.00778163 -0.455249 1.70601 -2.94174 0.489007 1.97572 -0.0239141 -0.46546 1.76392 -2.94012 0.467427 1.96263 -0.0316957 -0.0102115 0.0579132 0.0016208 -0.0215796 -0.013089 0.0668044 1.47113 0.0114473 -0.555993 1.53686 -2.93635 0.492059 1.97566 0.00366566 -0.100745 -0.169144 0.00539473 0.00305228 -6.04522e-05 0.196908 0.356083 -0.556422 2.06248 1.10531 0.000873575 -0.00195483 -1.94261 -1.02506 0.796475 -0.196857 -0.000419672 8.18218e-05 -0.727009
775.145 0.00655406 -0.452593 1.70573 -2.94188 0.489903 1.97594 -0.0248264 -0.453252 1.72312 -2.94053 0.5285 1.96503 -0.0313804 -0.000658815 0.0173903 0.00134722 0.0385964 -0.0109041 0.035883 2.30953 0.0111761 -0.554725 1.5374 -2.93717 0.492366 1.97578 0.004622 -0.102132 -0.168331 0.00470682 0.00246315 -0.00016175 0.196946 0.307741 -0.557468 2.06133 1.10536 0.000329898 -0.00273394 -1.94259 -1.02506 0.796475 -0.196857 -0.000419672 8.18218e-05 -0.727009
775.424 0.00476243 -0.449407 1.70563 -2.94226 0.491229 1.97626 -0.0257882 -0.453457 1.73548 -2.9211 0.51515 1.98026 -0.0305507 -0.00405058 0.0298423 0.0211576 0.0239214 0.00399971 0.0428989 1.7699 0.0108892 -0.552194 1.53769 -2.9384 0.493014 1.97597 0.00612679 -0.102788 -0.167941 0.00385721 0.00178503 -0.00029015 0.196995 0.251788 -0.558516 2.06022 1.10545 -0.000641048 -0.00381669 -1.94258 -1.02506 0.796475 -0.196857 -0.000419672 8.18218e-05 -0.727009
775.794 0.00219634 -0.444812 1.7058 -2.94283 0.49325 1.97674 -0.0277991 -0.446521 1.72327 -2.95605 0.547661 1.96815 -0.0299955 -0.00170866 0.0174666 -0.0132296 0.0544117 -0.0085868 0.0347524 3.18825 0.0108863 -0.548128 1.53819 -2.94028 0.494154 1.97628 0.00868993 -0.103316 -0.167609 0.00254074 0.000904675 -0.000450825 0.197085 0.167859 -0.559834 2.05883 1.10571 -0.00210056 -0.00547697 -1.94256 -1.02506 0.796475 -0.196857 -0.000419672 8.18218e-05 -0.727009
776.077 0.000823033 -0.441592 1.70612 -2.94296 0.494526 1.97703 -0.0300499 -0.452643 1.76499 -2.95794 0.490074 1.96513 -0.030873 -0.0110507 0.0588646 -0.014981 -0.00445239 -0.0118995 0.0673818 0.844878 0.00934199 -0.545878 1.53909 -2.94141 0.494773 1.97646 0.00851896 -0.104286 -0.167027 0.00155693 0.000246352 -0.000569305 0.197094 0.108352 -0.560698 2.05789 1.10612 -0.00281646 -0.00660237 -1.94255 -1.02506 0.796475 -0.196857 -0.000419672 8.18218e-05 -0.727009
776.316 5.08787e-05 -0.438456 1.70672 -2.94276 0.495633 1.9773 -0.0318385 -0.442163 1.73581 -2.94032 0.503249 1.97567 -0.0318894 -0.00370786 0.0290871 0.0024428 0.00761598 -0.00162178 0.0433214 0.480513 0.00785873 -0.544155 1.54053 -2.94203 0.495263 1.97668 0.00780785 -0.105699 -0.16619 0.000731384 -0.000369277 -0.000616251 0.19711 0.068528 -0.561412 2.05708 1.10678 -0.0031346 -0.00768898 -1.94254 -1.02506 0.796475 -0.196857 -0.000419672 8.18218e-05 -0.727009
776.571 -0.000241392 -0.434898 1.70792 -2.94223 0.496656 1.97754 -0.033143 -0.445615 1.76457 -2.93802 0.510895 1.96864 -0.0329016 -0.0107174 0.0566563 0.00420994 0.0142384 -0.00890984 0.0663876 1.05016 0.00631414 -0.543118 1.54322 -2.94219 0.49563 1.97693 0.00655554 -0.10822 -0.164697 4.10069e-05 -0.00102598 -0.00061876 0.19718 0.068528 -0.562092 2.05624 1.1081 -0.00311217 -0.00881487 -1.94253 -1.02506 0.796475 -0.196857 -0.000419672 8.18218e-05 -0.727009
776.903 -0.000299402 -0.432337 1.70923 -2.94181 0.497394 1.97772 -0.033143 -0.442533 1.76458 -2.9375 0.512045 1.96888 -0.0328436 -0.0101963 0.0553437 0.00431176 0.0146503 -0.00883362 0.0651582 1.06899 0.00543455 -0.541852 1.54533 -2.94207 0.495855 1.97717 0.00573395 -0.109515 -0.163902 -0.000260215 -0.00153947 -0.000543174 0.197206 0.0927874 -0.562385 2.05583 1.10944 -0.00305692 -0.00964553 -1.94252 -1.02506 0.796475 -0.196857 -0.000419672 8.18218e-05 -0.727009
777.263 -0.000307084 -0.429786 1.71097 -2.94141 0.49817 1.97789 -0.0331429 -0.439452 1.76458 -2.93697 0.513198 1.96913 -0.0328358 -0.00966554 0.0536034 0.00443351 0.0150278 -0.00875414 0.0635998 1.08679 0.00449013 -0.542527 1.54896 -2.94183 0.496168 1.9774 0.00479722 -0.112741 -0.162015 -0.000418067 -0.00200146 -0.000484856 0.19744 0.118694 -0.562483 2.05564 1.11109 -0.00303212 -0.0104893 -1.94253 -1.02506 0.796475 -0.196857 -0.000419672 8.18218e-05 -0.727009
777.639 -0.000364219 -0.426862 1.71322 -2.94098 0.499248 1.97812 -0.0330855 -0.434826 1.7646 -2.97147 0.514914 1.9695 -0.0327213 -0.00796394 0.0513822 -0.0304896 0.0156663 -0.00862537 0.0614348 1.80645 0.00290034 -0.541419 1.55229 -2.94144 0.496987 1.97771 0.00326456 -0.114557 -0.160925 -0.000456104 -0.00226116 -0.000415362 0.197562 0.131221 -0.562379 2.05568 1.11298 -0.00311962 -0.0116278 -1.94254 -1.02506 0.796475 -0.196857 -0.000419672 8.18218e-05 -0.727009
777.945 -0.000318035 -0.423385 1.71666 -2.94046 0.500641 1.97841 -0.0331326 -0.431077 1.76505 -2.95575 0.498491 1.96586 -0.0328146 -0.00769146 0.0483876 -0.0152903 -0.00215047 -0.0125589 0.0589688 0.834625 -0.000391187 -0.538776 1.55625 -2.94095 0.498389 1.97804 -7.31517e-05 -0.115391 -0.160413 -0.000491152 -0.00225187 -0.000377203 0.197604 0.131221 -0.561896 2.05618 1.11576 -0.00325256 -0.0130892 -1.94257 -1.02506 0.796475 -0.196857 -0.000419672 8.18218e-05 -0.727009
778.247 0.000165944 -0.422001 1.71921 -2.94004 0.501168 1.9785 -0.0331326 -0.427994 1.76505 -2.95524 0.499644 1.96609 -0.0332985 -0.00599266 0.0458378 -0.0151985 -0.001524 -0.0124091 0.056972 0.822819 -0.00262952 -0.537707 1.55899 -2.94074 0.499304 1.97815 -0.00279547 -0.115705 -0.160222 -0.000690428 -0.00186356 -0.000349168 0.197653 0.111906 -0.56126 2.05692 1.11781 -0.00309066 -0.013716 -1.9426 -1.02506 0.796475 -0.196857 -0.000419672 8.18218e-05 -0.727009
778.581 0.000985027 -0.421943 1.72153 -2.93969 0.501185 1.97847 -0.0330853 -0.425579 1.7646 -2.96996 0.518412 1.97026 -0.0340703 -0.00363597 0.04307 -0.030277 0.0172265 -0.00820749 0.0550366 1.8461 -0.00544127 -0.537968 1.56149 -2.94067 0.500031 1.97819 -0.0064263 -0.116024 -0.16004 -0.000982423 -0.00115467 -0.000284054 0.197777 0.0839294 -0.560388 2.058 1.11963 -0.00274311 -0.0138569 -1.94264 -1.02506 0.796475 -0.196857 -0.000419672 8.18218e-05 -0.727009
779.186 0.00391073 -0.428106 1.7251 -2.9394 0.498929 1.97787 -0.0300608 -0.427116 1.76455 -2.93352 0.517373 1.97111 -0.0339716 0.000989604 0.0394518 0.00588381 0.0184445 -0.00675922 0.052072 1.2278 -0.00937297 -0.543624 1.56472 -2.94199 0.499841 1.97789 -0.0132837 -0.115519 -0.160382 -0.00258447 0.000912056 1.36882e-05 0.1981 0.158259 -0.557528 2.0618 1.12217 -0.00140346 -0.0118829 -1.94271 -1.02506 0.796475 -0.196857 -0.000419672 8.18218e-05 -0.727009
779.536 0.00536163 -0.432649 1.72592 -2.93945 0.497432 1.97752 -0.027964 -0.43408 1.7774 -2.93225 0.481819 1.98311 -0.0333257 -0.00143107 0.0514863 0.00720392 -0.0156124 0.00559657 0.0613473 0.973978 -0.0102893 -0.549143 1.56609 -2.94282 0.499341 1.97772 -0.015651 -0.116495 -0.159825 -0.00336643 0.00190901 0.000207107 0.198394 0.227282 -0.556025 2.06393 1.12242 -0.000760532 -0.0104913 -1.94273 -1.02506 0.796475 -0.196857 -0.000419672 8.18218e-05 -0.727009
780.127 0.00922018 -0.443881 1.7272 -2.939 0.494343 1.97682 -0.0238631 -0.441847 1.7649 -2.94979 0.527721 1.97548 -0.0330833 0.00203464 0.0376929 -0.010788 0.0333774 -0.00134865 0.0501936 1.99959 -0.0117428 -0.557836 1.56587 -2.9437 0.499263 1.97757 -0.020963 -0.113954 -0.161338 -0.00469604 0.00492021 0.000740873 0.198633 0.405418 -0.552153 2.0698 1.12141 0.00106614 -0.00781079 -1.94272 -1.02506 0.796475 -0.196857 -0.000419672 8.18218e-05 -0.727009
780.391 0.010467 -0.449157 1.72754 -2.93905 0.493131 1.97658 -0.0229101 -0.457357 1.8082 -2.95132 0.462462 1.9724 -0.0333771 -0.00819995 0.0806557 -0.0122657 -0.0306691 -0.00417926 0.0876733 1.86655 -0.0106918 -0.561299 1.56513 -2.94378 0.499302 1.97752 -0.0211588 -0.112143 -0.16241 -0.00473178 0.00617114 0.000935897 0.198496 0.463938 -0.550435 2.07264 1.12056 0.00155508 -0.0066802 -1.94269 -1.02506 0.796475 -0.196857 -0.000419672 8.18218e-05 -0.727009
780.677 0.0110348 -0.454825 1.72791 -2.93962 0.491882 1.97634 -0.0208131 -0.453243 1.76427 -2.93488 0.505934 1.97169 -0.0318479 0.00158187 0.0363659 0.00473838 0.0140522 -0.00465433 0.048366 0.928727 -0.0102509 -0.565731 1.5647 -2.94397 0.499821 1.97756 -0.0212857 -0.110906 -0.163204 -0.00434921 0.00793902 0.00121695 0.198466 0.538867 -0.54873 2.07562 1.11984 0.00156752 -0.00531109 -1.94264 -1.02506 0.796475 -0.196857 -0.000419672 8.18218e-05 -0.727009
781.018 0.0111526 -0.46237 1.7289 -2.94077 0.490367 1.97606 -0.0208132 -0.459407 1.76427 -2.93594 0.503671 1.97118 -0.0319657 0.00296287 0.035373 0.00482433 0.0133046 -0.00487399 0.0477686 0.899616 -0.00917453 -0.572758 1.5654 -2.94431 0.499718 1.97753 -0.0203271 -0.110389 -0.163496 -0.00353944 0.00935149 0.00146916 0.198317 0.592813 -0.546506 2.07975 1.11936 0.0011517 -0.00354288 -1.94259 -1.02506 0.796475 -0.196857 -0.000419672 8.18218e-05 -0.727009
781.291 0.0109131 -0.467361 1.73013 -2.9417 0.489525 1.9759 -0.0208133 -0.46557 1.76427 -2.937 0.501422 1.97069 -0.0317263 0.00179099 0.0341437 0.00469852 0.0118967 -0.00521377 0.0466429 0.838368 -0.00808575 -0.578495 1.56704 -2.94448 0.499642 1.97751 -0.0189988 -0.111134 -0.163092 -0.0027837 0.0101169 0.00160724 0.198269 0.619288 -0.544884 2.0829 1.11943 0.000646549 -0.00244643 -1.94255 -1.02506 0.796475 -0.196857 -0.000419672 8.18218e-05 -0.727009
781.607 0.0104469 -0.471358 1.73189 -2.94255 0.489139 1.97582 -0.0208163 -0.470236 1.76443 -2.93701 0.500001 1.97044 -0.0312632 0.00112145 0.0325387 0.00554098 0.0108622 -0.00537958 0.0451377 0.822344 -0.00720909 -0.582052 1.56852 -2.94419 0.499862 1.9775 -0.017656 -0.110694 -0.163371 -0.00163332 0.0107231 0.00167677 0.198129 0.635506 -0.543299 2.08604 1.11986 1.44399e-05 -0.00179431 -1.94254 -1.02506 0.796475 -0.196857 -0.000419672 8.18218e-05 -0.727009
782.004 0.00971752 -0.475281 1.73503 -2.94348 0.489185 1.9758 -0.0214097 -0.470479 1.75091 -2.94018 0.530665 1.95755 -0.0311272 0.00480168 0.015883 0.00329922 0.0414804 -0.0182578 0.0352736 2.64027 -0.00574774 -0.5858 1.57153 -2.94403 0.500046 1.97751 -0.0154653 -0.110519 -0.163493 -0.000551952 0.0108611 0.00170152 0.197948 0.633038 -0.541224 2.09017 1.12101 -0.000859437 -0.00151428 -1.94257 -1.02506 0.796475 -0.196857 -0.000419672 8.18218e-05 -0.727009
782.314 0.00928591 -0.478184 1.73761 -2.94415 0.489083 1.97573 -0.0235014 -0.484358 1.79403 -2.95762 0.486826 1.95767 -0.0327873 -0.00617433 0.0564177 -0.0134713 -0.00225775 -0.01806 0.0655446 0.966718 -0.00424447 -0.588903 1.57422 -2.94381 0.499722 1.97745 -0.0135304 -0.110719 -0.163389 0.000337586 0.0106383 0.00171818 0.197832 0.61612 -0.53967 2.0932 1.12225 -0.00141875 -0.00118801 -1.94261 -1.02506 0.796475 -0.196857 -0.000419672 8.18218e-05 -0.727009
782.617 0.0090923 -0.481211 1.7403 -2.94476 0.488765 1.97561 -0.0235015 -0.487492 1.79403 -2.9581 0.48572 1.95745 -0.0325938 -0.00628115 0.0537259 -0.0133458 -0.00304459 -0.018158 0.0631529 0.975985 -0.00270388 -0.591941 1.57691 -2.94348 0.498933 1.97717 -0.0117962 -0.11073 -0.163392 0.00127587 0.0101682 0.00155964 0.19773 0.588839 -0.538104 2.09616 1.12377 -0.00181801 -0.000683346 -1.94265 -1.02506 0.796475 -0.196857 -0.000419672 8.18218e-05 -0.727009
782.917 0.00909678 -0.484905 1.7441 -2.94541 0.488343 1.97543 -0.0238797 -0.481106 1.76468 -2.93665 0.529998 1.97624 -0.0329765 0.00379928 0.020589 0.00876033 0.041655 0.0008115 0.0390614 2.43462 -0.00081068 -0.596286 1.58107 -2.9436 0.497746 1.97656 -0.00990746 -0.11138 -0.163029 0.00181094 0.0094026 0.00112261 0.197692 0.546797 -0.535985 2.09995 1.12607 -0.00219838 -6.91509e-05 -1.94272 -1.02506 0.796475 -0.196857 -0.000419672 8.18218e-05 -0.727009
783.23 0.00924183 -0.487269 1.74701 -2.94578 0.488144 1.97531 -0.0234812 -0.492219 1.79407 -2.95536 0.51865 1.96442 -0.0327231 -0.00494914 0.0470553 -0.00958145 0.030506 -0.0108915 0.0575282 1.84801 0.00174291 -0.600082 1.58481 -2.94386 0.496738 1.97614 -0.00749892 -0.112813 -0.162204 0.00191901 0.00859408 0.000827891 0.19772 0.502021 -0.534368 2.10265 1.12785 -0.00241661 0.000243171 -1.94279 -1.02506 0.796475 -0.196857 -0.000419672 8.18218e-05 -0.727009
783.567 0.0094425 -0.489304 1.74983 -2.9461 0.488055 1.9752 -0.0229204 -0.497451 1.8075 -2.9371 0.467409 1.97354 -0.0323629 -0.00814714 0.057667 0.00900018 -0.0206469 -0.00165812 0.0666275 1.31135 0.00342207 -0.603496 1.58846 -2.94437 0.495206 1.97571 -0.00602043 -0.114192 -0.161376 0.00173079 0.00715022 0.000508591 0.197784 0.419648 -0.532724 2.10521 1.12958 -0.00262841 0.000436418 -1.94287 -1.02506 0.796475 -0.196857 -0.000419672 8.18218e-05 -0.727009
783.87 0.00973065 -0.491061 1.75268 -2.94634 0.488118 1.97509 -0.0234813 -0.495352 1.79407 -2.95586 0.517526 1.96417 -0.0332119 -0.00429096 0.0413828 -0.00952617 0.0294076 -0.0109238 0.0532351 1.7886 0.00553648 -0.606705 1.59212 -2.945 0.494071 1.97545 -0.00419417 -0.115643 -0.160564 0.00133413 0.00595289 0.000357832 0.197919 0.348305 -0.531051 2.10763 1.13118 -0.00282061 0.000458815 -1.94297 -1.02506 0.796475 -0.196857 -0.000419672 8.18218e-05 -0.727009
784.399 0.0111009 -0.493131 1.75899 -2.94615 0.489093 1.97499 -0.0228898 -0.500072 1.80839 -2.95495 0.48381 1.97683 -0.0339907 -0.00694022 0.0494039 -0.00879795 -0.0052831 0.00183506 0.0603679 0.637351 0.0119501 -0.611632 1.60014 -2.94583 0.490469 1.97485 0.000849186 -0.1185 -0.158851 0.000322451 0.00137511 -0.000142225 0.198184 0.0839294 -0.526992 2.11273 1.13427 -0.00292854 -0.000507766 -1.94325 -1.02506 0.796475 -0.196857 -0.000419672 8.18218e-05 -0.727009
784.789 0.0121622 -0.494268 1.76145 -2.94593 0.489283 1.97489 -0.0197313 -0.500061 1.80836 -2.95372 0.483364 1.97772 -0.0318934 -0.0057933 0.0469082 -0.00779515 -0.00591861 0.00283557 0.0570187 0.63919 0.015117 -0.61205 1.60217 -2.94575 0.488804 1.97448 0.00295484 -0.117782 -0.159282 0.000183655 -0.000478933 -0.000402352 0.198121 0.0395647 -0.525172 2.11471 1.13545 -0.00273109 -0.00075446 -1.94338 -1.02506 0.796475 -0.196857 -0.000419672 8.18218e-05 -0.727009
785.054 0.0136669 -0.495964 1.7646 -2.94573 0.489352 1.97471 -0.0197427 -0.500707 1.80779 -2.93428 0.500589 1.98165 -0.0334095 -0.0047434 0.0431926 0.0114546 0.011237 0.00694113 0.0548115 0.869081 0.0175466 -0.613107 1.60496 -2.94536 0.486792 1.97404 0.00387969 -0.117143 -0.159645 0.000374796 -0.00256002 -0.000672148 0.198051 0.155766 -0.522673 2.1172 1.13714 -0.00248242 -0.000886403 -1.94355 -1.02506 0.796475 -0.196857 -0.000419672 8.18218e-05 -0.727009
785.464 0.0147723 -0.497037 1.76711 -2.94566 0.489445 1.9746 -0.0183331 -0.506189 1.82479 -2.9566 0.487241 1.95045 -0.0331054 -0.00915161 0.0576835 -0.0109357 -0.00220383 -0.0241499 0.067135 1.22876 0.019226 -0.613862 1.60728 -2.94547 0.486119 1.9739 0.00445371 -0.116825 -0.159825 0.000198089 -0.0033257 -0.000701342 0.19802 0.195835 -0.520752 2.11895 1.13861 -0.00239186 -0.000996767 -1.94366 -1.02506 0.796475 -0.196857 -0.000419672 8.18218e-05 -0.727009
785.742 0.0159036 -0.497518 1.76994 -2.94553 0.489748 1.97455 -0.0172145 -0.498463 1.79398 -2.9538 0.515525 1.96585 -0.0331181 -0.000944893 0.0240455 -0.0082647 0.025777 -0.00869768 0.0409376 1.55771 0.0214696 -0.614149 1.61001 -2.94589 0.485842 1.974 0.00556607 -0.11663 -0.159928 -0.000354894 -0.00390614 -0.000545794 0.198017 0.225554 -0.518793 2.12061 1.14035 -0.0023469 -0.00132181 -1.94376 -1.02506 0.796475 -0.196857 -0.000419672 8.18218e-05 -0.727009
786.237 0.0174856 -0.497203 1.77434 -2.94524 0.490456 1.97458 -0.0160925 -0.509978 1.83851 -2.93433 0.471171 1.9673 -0.033578 -0.012775 0.0641603 0.0109092 -0.0192843 -0.00728055 0.0735339 1.42354 0.025181 -0.610968 1.61278 -2.94616 0.48653 1.97458 0.00769538 -0.113765 -0.161563 -0.000912761 -0.00392526 -7.01822e-06 0.197748 0.2307 -0.516117 2.1227 1.14326 -0.0023336 -0.00207288 -1.94387 -1.02506 0.796475 -0.196857 -0.000419672 8.18218e-05 -0.727009
786.741 0.0186744 -0.49713 1.77796 -2.9452 0.490755 1.97457 -0.0144524 -0.507709 1.83899 -2.94903 0.48916 1.97222 -0.0331268 -0.0105797 0.0610287 -0.00383159 -0.00159468 -0.00235131 0.0702411 0.216705 0.0286561 -0.60752 1.61448 -2.94594 0.487226 1.97528 0.00998173 -0.11039 -0.163483 -0.000745997 -0.00352881 0.000710515 0.197515 0.214891 -0.514053 2.1242 1.14603 -0.00238793 -0.00236422 -1.94394 -1.02506 0.796475 -0.196857 -0.000419672 8.18218e-05 -0.727009
787.177 0.0201423 -0.49734 1.78199 -2.94517 0.490686 1.97448 -0.0134306 -0.499164 1.80792 -2.9307 0.500465 1.98379 -0.0335729 -0.00182319 0.0259327 0.0144726 0.00977948 0.0093023 0.0424614 0.930411 0.0312849 -0.604719 1.61675 -2.94538 0.487598 1.9757 0.0111426 -0.107379 -0.165236 -0.000209063 -0.00308786 0.00121206 0.197376 0.191797 -0.511936 2.12565 1.14947 -0.00229494 -0.00230771 -1.944 -1.02506 0.796475 -0.196857 -0.000419672 8.18218e-05 -0.727009
787.749 0.0244082 -0.496426 1.79339 -2.94468 0.490438 1.9743 -0.00963359 -0.504513 1.83905 -2.94756 0.489876 1.97332 -0.0340418 -0.00808699 0.045656 -0.0028813 -0.000562118 -0.000986257 0.0575214 0.150658 0.0377361 -0.598498 1.62507 -2.94195 0.488594 1.97664 0.0133279 -0.102073 -0.168328 0.00272972 -0.00184404 0.00233982 0.197309 0.183454 -0.506819 2.12886 1.15986 -0.00166004 -0.00225126 -1.94411 -1.02506 0.796475 -0.196857 -0.000419672 8.18218e-05 -0.727009
788.064 0.0268104 -0.495136 1.79899 -2.94402 0.490467 1.97428 -0.00735773 -0.51097 1.87161 -2.94522 0.496479 1.96638 -0.0341681 -0.0158339 0.0726187 -0.00119825 0.00601236 -0.00789988 0.0818025 0.546797 0.0393281 -0.595529 1.62966 -2.94056 0.488736 1.97661 0.0125177 -0.100392 -0.169325 0.00346435 -0.00173067 0.00232424 0.197247 0.205584 -0.504575 2.13016 1.16497 -0.00103901 -0.00250697 -1.94414 -1.02506 0.796475 -0.196857 -0.000419672 8.18218e-05 -0.727009
788.758 0.0338804 -0.492042 1.81243 -2.94161 0.490041 1.97419 -0.000820461 -0.504429 1.8716 -2.94166 0.497766 1.96873 -0.0347009 -0.0123868 0.0591738 -5.07661e-05 0.00772562 -0.00546807 0.0697074 0.541764 0.0414873 -0.590462 1.64194 -2.93694 0.48761 1.97597 0.00760683 -0.0984196 -0.170486 0.0046718 -0.00243037 0.00177081 0.197002 0.275536 -0.499355 2.13313 1.17752 0.00141643 -0.00294983 -1.94413 -1.02506 0.796475 -0.196857 -0.000419672 8.18218e-05 -0.727009
789.09 0.0375287 -0.491567 1.81795 -2.94034 0.489264 1.97406 0.00244814 -0.501161 1.8716 -2.93986 0.498405 1.96991 -0.0350806 -0.00959361 0.05365 0.000476579 0.00914087 -0.0041533 0.0648151 0.581482 0.0421396 -0.589241 1.64702 -2.93539 0.486196 1.97546 0.00461083 -0.0976738 -0.170939 0.00494706 -0.00306766 0.00140112 0.19693 0.310274 -0.497203 2.13443 1.18293 0.00293253 -0.00267451 -1.9441 -1.02506 0.796475 -0.196857 -0.000419672 8.18218e-05 -0.727009
789.612 0.044272 -0.488867 1.83092 -2.93783 0.488632 1.97406 0.00897376 -0.495856 1.87008 -2.93343 0.499864 1.97329 -0.0352982 -0.00698892 0.0391615 0.00439876 0.0112319 -0.000769832 0.053183 0.699975 0.0431543 -0.586511 1.65999 -2.9342 0.483216 1.97437 -0.00111768 -0.0976447 -0.170933 0.00363145 -0.00541578 0.000317306 0.19686 0.369035 -0.492724 2.13759 1.19512 0.00550812 -0.00296483 -1.94398 -1.02506 0.796475 -0.196857 -0.000419672 8.18218e-05 -0.727009
790.227 0.0456353 -0.488312 1.83608 -2.93767 0.488432 1.97409 0.0122398 -0.492595 1.87011 -2.93161 0.500489 1.97448 -0.0333955 -0.00428241 0.0340245 0.00606021 0.0120561 0.000390554 0.0478671 0.768722 0.0432097 -0.585362 1.66481 -2.93495 0.482414 1.97415 -0.00242562 -0.0970495 -0.171272 0.00272036 -0.00601797 6.56698e-05 0.196872 0.377424 -0.491117 2.13904 1.20005 0.00570756 -0.00283656 -1.94391 -1.02506 0.796475 -0.196857 -0.000419672 8.18218e-05 -0.727009
790.79 0.046158 -0.488234 1.84094 -2.93801 0.4882 1.97412 0.015523 -0.491369 1.87167 -2.93317 0.49981 1.97439 -0.0306349 -0.003135 0.0307264 0.00484892 0.01161 0.000274595 0.0435022 0.718188 0.0424311 -0.583398 1.6686 -2.93611 0.48194 1.97406 -0.00372691 -0.0951633 -0.172346 0.00190094 -0.00625955 -5.58082e-05 0.196909 0.375344 -0.489717 2.14056 1.20479 0.00544538 -0.00250206 -1.94384 -1.02506 0.796475 -0.196857 -0.000419672 8.18218e-05 -0.727009
791.383 0.0459811 -0.488778 1.84554 -2.93882 0.487808 1.97412 0.014955 -0.499065 1.90423 -2.93069 0.507012 1.96669 -0.0310261 -0.0102868 0.0586924 0.00813152 0.0192041 -0.00743236 0.0671807 1.34115 0.0416208 -0.581677 1.67187 -2.93749 0.481912 1.97409 -0.00436035 -0.0928987 -0.173666 0.00132623 -0.00589578 -2.7042e-05 0.197 0.34605 -0.48852 2.14213 1.2094 0.00482193 -0.00186358 -1.94376 -1.02506 0.796475 -0.196857 -0.000419672 8.18218e-05 -0.727009
791.941 0.045267 -0.489794 1.85142 -2.94008 0.487191 1.97409 0.0142368 -0.500828 1.92067 -2.93103 0.471928 1.97831 -0.0310302 -0.0110339 0.0692469 0.00905429 -0.0152635 0.00421191 0.0766796 0.988338 0.0398903 -0.580309 1.67639 -2.93885 0.48268 1.9742 -0.00537671 -0.0905147 -0.175038 0.00122854 -0.00451143 0.000109463 0.19713 0.266879 -0.487214 2.14424 1.21543 0.00386066 -0.000859292 -1.94366 -1.02506 0.796475 -0.196857 -0.000419672 8.18218e-05 -0.727009
792.584 0.0450661 -0.490448 1.85567 -2.94066 0.486659 1.97406 0.0133139 -0.496589 1.90435 -2.95314 0.489856 1.96156 -0.0317521 -0.00614124 0.0486795 -0.0124784 0.00319707 -0.0124944 0.0584432 0.759503 0.0396227 -0.579279 1.67966 -2.93907 0.483515 1.97424 -0.00544336 -0.0888308 -0.176006 0.00159567 -0.00314394 0.00018478 0.197227 0.199792 -0.486435 2.1458 1.21978 0.00351474 -0.000167932 -1.94358 -1.02506 0.796475 -0.196857 -0.000419672 8.18218e-05 -0.727009
793.051 0.0451259 -0.490826 1.85975 -2.94092 0.486172 1.97403 0.0142368 -0.500828 1.92067 -2.93103 0.471928 1.97831 -0.0308891 -0.0100017 0.0609211 0.00988891 -0.0142446 0.00427611 0.069033 0.958588 0.0408236 -0.576942 1.68218 -2.9389 0.483942 1.97417 -0.00430237 -0.0861158 -0.17757 0.00202133 -0.00223019 0.000138555 0.197397 0.170174 -0.485822 2.1473 1.2239 0.00345638 0.000366676 -1.94351 -1.02506 0.796475 -0.196857 -0.000419672 8.18218e-05 -0.727009
793.861 0.0441011 -0.4911 1.86813 -2.94175 0.485583 1.97409 0.0133305 -0.494854 1.90401 -2.94805 0.527238 1.97047 -0.0307706 -0.00375357 0.0358843 -0.00630646 0.0416546 -0.00362645 0.0474195 2.40762 0.0474406 -0.572363 1.68775 -2.93741 0.484579 1.97394 0.00333947 -0.0812626 -0.180379 0.00433766 -0.00100448 -0.000150412 0.197867 0.259443 -0.485051 2.15051 1.23222 0.00284791 0.00119578 -1.94334 -1.02506 0.796475 -0.196857 -0.000419672 8.18218e-05 -0.727009
794.32 0.0421749 -0.490971 1.87116 -2.94285 0.485801 1.97421 0.011948 -0.506451 1.95547 -2.95151 0.460546 1.9655 -0.0302269 -0.0154798 0.0843103 -0.00865853 -0.0252546 -0.00871386 0.0908929 1.53722 0.0490355 -0.571264 1.69023 -2.93748 0.485161 1.974 0.00686064 -0.080293 -0.180934 0.00536609 -0.000639566 -0.000214993 0.198069 0.315279 -0.484989 2.15171 1.23516 0.00167943 0.00137903 -1.94328 -1.02506 0.796475 -0.196857 -0.000419672 8.18218e-05 -0.727009
794.614 0.0386299 -0.490469 1.87469 -2.94479 0.486494 1.97444 0.0108822 -0.497464 1.92064 -2.9317 0.47351 1.97769 -0.0277477 -0.00699569 0.0459481 0.0130862 -0.0129841 0.00324221 0.0541304 1.01066 0.0496998 -0.571043 1.69394 -2.93816 0.486459 1.97423 0.0110699 -0.0805747 -0.180751 0.00662551 -3.42466e-05 -0.000209824 0.198206 0.38563 -0.485082 2.15312 1.2385 -0.000488028 0.00141368 -1.94322 -1.02506 0.796475 -0.196857 -0.000419672 8.18218e-05 -0.727009
795.285 0.0344267 -0.4898 1.87864 -2.94698 0.48731 1.97471 0.00421142 -0.494831 1.92016 -2.94999 0.494608 1.98085 -0.0302153 -0.00503079 0.0415122 -0.00300746 0.00729776 0.00614283 0.0515901 0.621181 0.0476274 -0.570077 1.69776 -2.93964 0.488275 1.97465 0.0132007 -0.0802772 -0.180883 0.0073425 0.00096466 -5.93892e-05 0.198336 0.426126 -0.485351 2.15471 1.24226 -0.00295272 0.00142379 -1.94315 -1.02506 0.796475 -0.196857 -0.000419672 8.18218e-05 -0.727009
795.644 0.0334547 -0.490062 1.8798 -2.94753 0.487248 1.97472 0.00341151 -0.503148 1.95591 -2.95507 0.462023 1.9633 -0.0300432 -0.0130857 0.0761091 -0.00753626 -0.0252251 -0.0114179 0.0828639 1.56373 0.0487001 -0.570513 1.69904 -2.94077 0.48859 1.97473 0.0152454 -0.0804514 -0.180763 0.00676402 0.00134218 7.87375e-06 0.198444 0.394657 -0.485456 2.15523 1.2435 -0.00345832 0.00167417 -1.94313 -1.02506 0.796475 -0.196857 -0.000419672 8.18218e-05 -0.727009
796.029 0.0326533 -0.490397 1.88056 -2.94802 0.487182 1.97473 0.00170201 -0.503024 1.95543 -2.95465 0.46302 1.96318 -0.0309512 -0.0126271 0.0748657 -0.00662306 -0.0241619 -0.0115448 0.0819896 1.5061 0.0500756 -0.570537 1.69964 -2.94249 0.488942 1.97475 0.0174223 -0.0801405 -0.180919 0.00553551 0.00176021 1.98809e-05 0.19864 0.332202 -0.485525 2.15563 1.24432 -0.00389975 0.00190478 -1.94311 -1.02506 0.796475 -0.196857 -0.000419672 8.18218e-05 -0.727009
796.378 0.0320168 -0.490637 1.88044 -2.94845 0.487275 1.97475 0.00085792 -0.494834 1.92017 -2.95125 0.495085 1.97994 -0.0311589 -0.00419667 0.0397267 -0.00279636 0.00781014 0.0051817 0.0506626 0.599378 0.051708 -0.571799 1.70013 -2.94362 0.489275 1.97479 0.0196912 -0.0811615 -0.180313 0.00483292 0.00200003 3.72739e-05 0.198715 0.298707 -0.485513 2.15568 1.24419 -0.00435129 0.00196897 -1.94311 -1.02506 0.796475 -0.196857 -0.000419672 8.18218e-05 -0.727009
796.75 0.0311891 -0.490533 1.87984 -2.94898 0.487687 1.97484 0.00085792 -0.494834 1.92017 -2.95125 0.495085 1.97994 -0.0303312 -0.00430049 0.0403269 -0.00226802 0.00739859 0.00509453 0.0506432 0.563712 0.0528309 -0.57331 1.70048 -2.9449 0.489836 1.97491 0.0216418 -0.0827772 -0.17936 0.00408081 0.00214968 6.77891e-05 0.198722 0.262443 -0.48543 2.15553 1.24344 -0.00502769 0.00177408 -1.94311 -1.02506 0.796475 -0.196857 -0.000419672 8.18218e-05 -0.727009
797.161 0.0303653 -0.489839 1.87845 -2.94951 0.488574 1.97503 -0.00171322 -0.503023 1.95542 -2.95587 0.463475 1.96233 -0.0320785 -0.0131839 0.0769724 -0.00635957 -0.0250984 -0.0126948 0.084425 1.57694 0.0539802 -0.576016 1.70107 -2.94642 0.490546 1.97499 0.023615 -0.0861768 -0.177381 0.00308643 0.00197251 -3.51776e-05 0.198616 0.211218 -0.485169 2.15499 1.24165 -0.0059174 0.00114158 -1.94312 -1.02506 0.796475 -0.196857 -0.000419672 8.18218e-05 -0.727009
797.556 0.0306772 -0.488882 1.87707 -2.94933 0.489316 1.97516 -0.00171322 -0.503023 1.95542 -2.95587 0.463475 1.96233 -0.0323904 -0.0141406 0.078351 -0.0065422 -0.0258404 -0.0128331 0.0859533 1.61882 0.0546701 -0.577243 1.70094 -2.94678 0.490983 1.97499 0.0239929 -0.0883604 -0.176127 0.00255009 0.00166723 -0.000174601 0.198504 0.179137 -0.484826 2.15436 1.23984 -0.00606805 0.000395886 -1.94315 -1.02506 0.796475 -0.196857 -0.000419672 8.18218e-05 -0.727009
797.988 0.0320067 -0.488012 1.87536 -2.94862 0.489844 1.97524 -0.000842669 -0.497877 1.93859 -2.95537 0.500947 1.9501 -0.0328494 -0.00986548 0.0632282 -0.00675006 0.0111026 -0.0251406 0.071932 1.44888 0.0589273 -0.5775 1.69988 -2.94698 0.490997 1.97485 0.0269206 -0.0894888 -0.175479 0.001643 0.00115289 -0.000390769 0.198811 0.125115 -0.484339 2.15354 1.23772 -0.00561978 -0.000337051 -1.94318 -1.02506 0.796475 -0.196857 -0.000419672 8.18218e-05 -0.727009
798.305 0.0352147 -0.487316 1.87273 -2.94702 0.490033 1.97518 2.96002e-05 -0.488212 1.90405 -2.95225 0.531425 1.96709 -0.0351851 -0.000896599 0.0313255 -0.00523049 0.0413926 -0.00809625 0.0471177 2.40697 0.0647664 -0.577248 1.69746 -2.94563 0.490701 1.97461 0.0295517 -0.0899323 -0.175264 0.00139277 0.000668009 -0.000569883 0.199195 0.108352 -0.483481 2.15224 1.23473 -0.00415799 -0.00106466 -1.94327 -1.02506 0.796475 -0.196857 -0.000419672 8.18218e-05 -0.727009
798.608 0.0382146 -0.487599 1.87055 -2.94573 0.489629 1.97498 0.00335485 -0.488208 1.90404 -2.95092 0.530954 1.96808 -0.0348597 -0.000609102 0.0334819 -0.00519373 0.0413254 -0.00690376 0.0483385 2.39506 0.0676939 -0.575391 1.69396 -2.94385 0.48998 1.97427 0.0294794 -0.0877929 -0.176594 0.00188281 0.000351368 -0.000715293 0.199404 0.13417 -0.482717 2.15114 1.23256 -0.00268201 -0.00113986 -1.94337 -1.02506 0.796475 -0.196857 -0.000419672 8.18218e-05 -0.727009
799.013 0.0413946 -0.489075 1.86806 -2.94468 0.488577 1.9746 0.00752768 -0.494102 1.92061 -2.93238 0.475095 1.97706 -0.0338669 -0.00502673 0.0525538 0.0122965 -0.0134822 0.00245704 0.0627227 1.01027 0.0711715 -0.575019 1.6904 -2.94207 0.488749 1.97381 0.0297769 -0.0859437 -0.17766 0.00260815 0.000172177 -0.000796104 0.19959 0.174713 -0.481901 2.14996 1.23059 -0.0011745 -0.000540171 -1.94349 -1.02506 0.796475 -0.196857 -0.000419672 8.18218e-05 -0.727009
799.337 0.0442708 -0.491642 1.8654 -2.94411 0.486984 1.97408 0.0100053 -0.491528 1.90401 -2.94882 0.528857 1.96977 -0.0342655 0.000113149 0.0386143 -0.0047118 0.0418734 -0.00430752 0.0516256 2.41346 0.0736992 -0.575075 1.68626 -2.94047 0.487025 1.97325 0.0294284 -0.0834334 -0.179139 0.00363199 4.13232e-05 -0.000828429 0.199795 0.234068 -0.481091 2.1487 1.22886 0.000168083 0.000729097 -1.94363 -1.02506 0.796475 -0.196857 -0.000419672 8.18218e-05 -0.727009
799.711 0.0473265 -0.496843 1.86149 -2.9443 0.483995 1.97314 0.0142368 -0.500828 1.92067 -2.93103 0.471928 1.97831 -0.0330897 -0.00398485 0.0591849 0.0132717 -0.0120667 0.00516515 0.0679239 0.967932 0.0761838 -0.5762 1.68003 -2.94032 0.484116 1.97239 0.0288574 -0.0793573 -0.181455 0.00398276 0.0001211 -0.000749746 0.20014 0.251788 -0.480124 2.14685 1.22701 0.00146669 0.00354412 -1.94385 -1.02506 0.796475 -0.196857 -0.000419672 8.18218e-05 -0.727009
800.298 0.0504737 -0.503012 1.85606 -2.9452 0.480047 1.97181 0.0175917 -0.510903 1.92071 -2.93148 0.468189 1.97843 -0.032882 -0.00789084 0.0646451 0.013725 -0.0118574 0.00661446 0.0729553 0.975584 0.0789905 -0.576369 1.67125 -2.9417 0.480355 1.97154 0.0285169 -0.073357 -0.18481 0.00349992 0.000308549 -0.000272453 0.200871 0.209357 -0.479187 2.14344 1.22501 0.00262079 0.00749442 -1.94423 -1.02506 0.796475 -0.196857 -0.000419672 8.18218e-05 -0.727009
800.598 0.0517382 -0.503094 1.8533 -2.94546 0.479098 1.97131 0.0199662 -0.509905 1.90438 -2.95276 0.484521 1.96236 -0.031772 -0.00681086 0.0510894 -0.00730086 0.00542317 -0.00895496 0.0605473 0.57946 0.0797452 -0.575669 1.66807 -2.94243 0.479142 1.97124 0.028007 -0.0725744 -0.185224 0.00302903 4.40944e-05 -7.55621e-05 0.200897 0.174713 -0.479053 2.14056 1.22397 0.00294783 0.00845397 -1.94448 -1.02506 0.796475 -0.196857 -0.000419672 8.18218e-05 -0.727009
800.892 0.0518205 -0.500493 1.8518 -2.94564 0.479622 1.97125 0.0199662 -0.509905 1.90438 -2.95276 0.484521 1.96236 -0.0318543 -0.00941188 0.0525825 -0.00712381 0.00489958 -0.00889266 0.0621948 0.558831 0.0790111 -0.572484 1.66625 -2.94318 0.479274 1.97121 0.0271906 -0.0719904 -0.185556 0.00245341 -0.0003471 -3.76744e-05 0.200881 0.142653 -0.479243 2.13803 1.22334 0.00263478 0.00803349 -1.94464 -1.02506 0.796475 -0.196857 -0.000419672 8.18218e-05 -0.727009
801.309 0.0516506 -0.496144 1.85068 -2.94561 0.480834 1.97139 0.0199662 -0.506578 1.90439 -2.95223 0.485616 1.96261 -0.0316845 -0.0104345 0.0537065 -0.00661585 0.00478243 -0.00877792 0.0632232 0.542486 0.0776909 -0.56723 1.66459 -2.94399 0.479963 1.9712 0.0260403 -0.0710861 -0.186089 0.00162628 -0.000870908 -0.000186608 0.200899 0.111906 -0.479667 2.13521 1.22287 0.00217555 0.00690958 -1.94476 -1.02506 0.796475 -0.196857 -0.000419672 8.18218e-05 -0.727009
801.643 0.0510568 -0.488693 1.84951 -2.94552 0.483031 1.97177 0.0209466 -0.507559 1.92075 -2.92971 0.468774 1.97954 -0.0301102 -0.0188661 0.0712414 0.0158084 -0.0142576 0.00776079 0.0796108 1.14739 0.075457 -0.559988 1.66349 -2.94467 0.482054 1.97152 0.0244002 -0.0712945 -0.186014 0.000847431 -0.000977805 -0.000258512 0.200698 0.0791294 -0.480539 2.13105 1.22256 0.00132848 0.00485394 -1.94485 -1.02506 0.796475 -0.196857 -0.000419672 8.18218e-05 -0.727009
802.022 0.0502255 -0.482366 1.8488 -2.94559 0.484943 1.97219 0.0199661 -0.496598 1.90439 -2.95063 0.48892 1.96337 -0.0302594 -0.0142324 0.0555879 -0.00504578 0.00397695 -0.0088191 0.0648707 0.504354 0.0734504 -0.554727 1.66337 -2.94497 0.484189 1.97205 0.0232249 -0.072361 -0.185432 0.000612214 -0.00075393 -0.000143332 0.200401 0.0559529 -0.481369 2.12768 1.22256 0.000409871 0.00311398 -1.94487 -1.02506 0.796475 -0.196857 -0.000419672 8.18218e-05 -0.727009
802.683 0.0483542 -0.469149 1.84759 -2.94591 0.488741 1.97316 0.0183089 -0.483421 1.9049 -2.95004 0.492896 1.96366 -0.0300453 -0.014272 0.0573153 -0.00413602 0.00415498 -0.0094964 0.0662681 0.535954 0.0669875 -0.543636 1.66331 -2.94535 0.488124 1.97319 0.0186333 -0.0744865 -0.184273 0.000557663 -0.000616467 3.07099e-05 0.19963 0.0484566 -0.483249 2.12052 1.22321 -0.00166386 -0.000270016 -1.94477 -1.02506 0.796475 -0.196857 -0.000419672 8.18218e-05 -0.727009
803.045 0.0472683 -0.460579 1.84691 -2.94625 0.490968 1.97386 0.0166697 -0.47389 1.90335 -2.9647 0.516131 1.96856 -0.0305987 -0.013311 0.0564359 -0.0184508 0.025163 -0.00529513 0.0655628 1.72578 0.0635167 -0.537996 1.66429 -2.94645 0.489985 1.9738 0.0162483 -0.077417 -0.18262 -0.000197501 -0.000982472 -5.09152e-05 0.199016 0.0559529 -0.484483 2.11557 1.22414 -0.0030858 -0.00219721 -1.9446 -1.02506 0.796475 -0.196857 -0.000419672 8.18218e-05 -0.727009
803.385 0.0471265 -0.454019 1.84657 -2.94614 0.49253 1.97441 0.0166397 -0.466653 1.90437 -2.94701 0.499486 1.96482 -0.0304868 -0.0126338 0.0577939 -0.000868472 0.00695626 -0.00959125 0.0665522 0.661456 0.0610904 -0.534043 1.66543 -2.94752 0.490904 1.97414 0.0139639 -0.0800236 -0.181142 -0.00138395 -0.00162608 -0.000274436 0.198522 0.118694 -0.485307 2.11182 1.22503 -0.00379182 -0.00367134 -1.94442 -1.02506 0.796475 -0.196857 -0.000419672 8.18218e-05 -0.727009
804.448 0.0514134 -0.431321 1.847 -2.94305 0.497263 1.97628 0.0183163 -0.445731 1.90387 -2.96388 0.487226 1.96291 -0.0330971 -0.0144093 0.0568653 -0.0208287 -0.0100368 -0.0133683 0.0673551 1.21563 0.0556934 -0.520155 1.67091 -2.94735 0.493786 1.97528 0.00427999 -0.0888338 -0.176092 -0.00429703 -0.0034772 -0.000992306 0.197277 0.300014 -0.48693 2.09975 1.22921 -0.00344086 -0.00910368 -1.94373 -1.02506 0.796475 -0.196857 -0.000419672 8.18218e-05 -0.727009
804.785 0.0545277 -0.425304 1.84736 -2.94123 0.498034 1.97666 0.0206457 -0.432962 1.88794 -2.96221 0.526542 1.95202 -0.033882 -0.00765866 0.0405771 -0.0209784 0.0285085 -0.024647 0.0534148 2.10784 0.055025 -0.515989 1.67229 -2.94571 0.49467 1.97565 0.000497357 -0.0906856 -0.175073 -0.00447441 -0.00336319 -0.00101327 0.197167 0.303902 -0.487018 2.09647 1.23071 -0.00220006 -0.0104272 -1.94357 -1.02506 0.796475 -0.196857 -0.000419672 8.18218e-05 -0.727009
805.164 0.0592885 -0.41915 1.84743 -2.93873 0.498334 1.97693 0.0239428 -0.426369 1.88795 -2.95973 0.528428 1.95358 -0.0353457 -0.00721902 0.0405211 -0.021 0.0300938 -0.0233501 0.054253 2.15159 0.0546156 -0.51228 1.67379 -2.94303 0.495562 1.97597 -0.00467282 -0.0931303 -0.17364 -0.0043065 -0.00277208 -0.000960971 0.197094 0.275536 -0.486889 2.09249 1.23234 -8.60056e-05 -0.0115729 -1.94342 -1.02506 0.796475 -0.196857 -0.000419672 8.18218e-05 -0.727009
805.68 0.0654998 -0.413933 1.84634 -2.93599 0.497837 1.97689 0.0316174 -0.422473 1.90397 -2.95477 0.4933 1.96841 -0.0338825 -0.00853948 0.0576276 -0.01878 -0.00453683 -0.00847913 0.0673935 0.981982 0.0538393 -0.507784 1.67316 -2.93983 0.495931 1.97602 -0.0116605 -0.0938503 -0.173182 -0.00383917 -0.00190571 -0.00086097 0.197322 0.228997 -0.486369 2.08761 1.23347 0.00267778 -0.0120663 -1.94339 -1.02506 0.796475 -0.196857 -0.000419672 8.18218e-05 -0.727009
806.119 0.0681191 -0.413288 1.84523 -2.93509 0.49708 1.97664 0.0351386 -0.412961 1.87195 -2.91085 0.52408 1.98717 -0.0329805 0.000327687 0.0267121 0.0242447 0.0270007 0.010527 0.0424424 1.96662 0.053548 -0.507734 1.67244 -2.93888 0.4953 1.97579 -0.0145712 -0.0944453 -0.172798 -0.00378693 -0.00177942 -0.000853768 0.197462 0.223812 -0.486053 2.08571 1.23343 0.00389579 -0.0116808 -1.94346 -1.02506 0.796475 -0.196857 -0.000419672 8.18218e-05 -0.727009
806.404 0.070506 -0.413613 1.84347 -2.93454 0.496039 1.97624 0.0384089 -0.412974 1.87201 -2.90949 0.523525 1.98813 -0.0320971 0.00063951 0.0285319 0.0250472 0.0274862 0.0118927 0.04295 2.01227 0.0570077 -0.510343 1.67204 -2.93826 0.494123 1.97526 -0.0134983 -0.0967297 -0.171431 -0.00371861 -0.0019155 -0.000982736 0.1973 0.222056 -0.485673 2.08374 1.23287 0.0049724 -0.0109149 -1.9436 -1.02506 0.796475 -0.196857 -0.000419672 8.18218e-05 -0.727009
807.006 0.0710094 -0.41571 1.84045 -2.93532 0.494934 1.97568 0.0415837 -0.421935 1.90534 -2.9351 0.471565 1.96569 -0.0294257 -0.00622503 0.0648897 0.000217364 -0.0233692 -0.00998954 0.0715213 1.45858 0.0575245 -0.516179 1.67123 -2.93787 0.491941 1.97423 -0.0134849 -0.100469 -0.169216 -0.00254839 -0.00299267 -0.00145048 0.197256 0.214891 -0.485323 2.08195 1.23099 0.00489683 -0.00962826 -1.94385 -1.02506 0.796475 -0.196857 -0.000419672 8.18218e-05 -0.727009
807.411 0.07096 -0.418417 1.83822 -2.93596 0.493898 1.97523 0.0404307 -0.419802 1.88808 -2.95171 0.528315 1.95909 -0.0305294 -0.00138497 0.0498636 -0.0157528 0.0344167 -0.0161479 0.0584837 2.17763 0.0561587 -0.522457 1.6711 -2.93709 0.490087 1.97346 -0.0148013 -0.10404 -0.167118 -0.00112863 -0.00381059 -0.00177735 0.197413 0.237388 -0.485266 2.08145 1.22933 0.00487942 -0.00845127 -1.94403 -1.02506 0.796475 -0.196857 -0.000419672 8.18218e-05 -0.727009
807.774 0.0707469 -0.420236 1.83673 -2.9363 0.493335 1.97495 0.0404307 -0.4231 1.88808 -2.9523 0.527134 1.95878 -0.0303162 -0.00286417 0.0513492 -0.0159963 0.0337986 -0.0161762 0.0596994 2.14922 0.0548107 -0.527234 1.67137 -2.93645 0.489313 1.97311 -0.0159362 -0.106998 -0.165365 -0.00014812 -0.00402219 -0.00184226 0.197606 0.251788 -0.48533 2.08139 1.22802 0.00488789 -0.0078165 -1.94416 -1.02506 0.796475 -0.196857 -0.000419672 8.18218e-05 -0.727009
808.346 0.0682855 -0.423545 1.83429 -2.93763 0.492988 1.97457 0.0399253 -0.43012 1.90463 -2.93143 0.508567 1.97446 -0.0283602 -0.00657441 0.0703416 0.0061976 0.0155791 -0.000113479 0.076128 0.961848 0.0530375 -0.53657 1.67243 -2.93658 0.488843 1.97272 -0.015248 -0.113024 -0.161862 0.001053 -0.00414512 -0.00184905 0.198006 0.278362 -0.485867 2.08216 1.22528 0.00395185 -0.0070358 -1.94441 -1.02506 0.796475 -0.196857 -0.000419672 8.18218e-05 -0.727009
808.618 0.066223 -0.424882 1.83367 -2.93865 0.493111 1.9745 0.0373002 -0.421403 1.8551 -2.95485 0.519063 1.96577 -0.0289228 0.00347888 0.0214304 -0.0162012 0.0259526 -0.00873174 0.0361648 1.69489 0.053525 -0.539821 1.6729 -2.93716 0.488867 1.97259 -0.012698 -0.114939 -0.160765 0.00149771 -0.00424349 -0.00190952 0.198034 0.296075 -0.486241 2.08284 1.22436 0.00298636 -0.00679542 -1.94449 -1.02506 0.796475 -0.196857 -0.000419672 8.18218e-05 -0.727009
809.036 0.0636433 -0.425949 1.83328 -2.93986 0.493508 1.97452 0.035145 -0.426687 1.87124 -2.93514 0.500772 1.98101 -0.0284983 -0.000737697 0.0379649 0.00472482 0.00726343 0.00649098 0.0474767 0.537412 0.0537049 -0.54167 1.67295 -2.9377 0.48939 1.97252 -0.00993837 -0.115721 -0.160332 0.00215969 -0.00411873 -0.00200041 0.197981 0.312787 -0.486664 2.08371 1.22351 0.00170836 -0.00674294 -1.94455 -1.02506 0.796475 -0.196857 -0.000419672 8.18218e-05 -0.727009
809.39 0.0609747 -0.427005 1.83294 -2.94105 0.494001 1.97457 0.0318776 -0.428346 1.87135 -2.93573 0.501011 1.98016 -0.0290971 -0.00134039 0.0384091 0.00531934 0.00700928 0.00559095 0.0482048 0.513581 0.0520989 -0.544094 1.6734 -2.93812 0.490188 1.9727 -0.00887577 -0.117089 -0.159542 0.0029342 -0.00381281 -0.00187753 0.198097 0.323851 -0.487094 2.08473 1.22258 0.000399385 -0.00678504 -1.94459 -1.02506 0.796475 -0.196857 -0.000419672 8.18218e-05 -0.727009
809.82 0.0578772 -0.428587 1.83239 -2.9423 0.494626 1.97468 0.0285992 -0.429286 1.87184 -2.91672 0.519335 1.98366 -0.029278 -0.000698151 0.0394408 0.0255841 0.0247092 0.00898206 0.049125 1.91969 0.0496366 -0.546817 1.67351 -2.93812 0.491886 1.97333 -0.00824055 -0.11823 -0.158883 0.00418094 -0.00273997 -0.00134634 0.198217 0.325057 -0.487607 2.08631 1.22108 -0.00103681 -0.0069271 -1.94461 -1.02506 0.796475 -0.196857 -0.000419672 8.18218e-05 -0.727009
810.172 0.0562279 -0.430217 1.83182 -2.94287 0.494859 1.97473 0.0265983 -0.4384 1.90456 -2.94272 0.468955 1.96083 -0.0296295 -0.00818233 0.0727408 0.000152296 -0.0259042 -0.0139047 0.0789689 1.68632 0.0466747 -0.550149 1.67393 -2.9381 0.493412 1.97385 -0.00955317 -0.119932 -0.157893 0.00477442 -0.0014465 -0.000883404 0.198507 0.311533 -0.487899 2.08765 1.21972 -0.00168044 -0.00694342 -1.94461 -1.02506 0.796475 -0.196857 -0.000419672 8.18218e-05 -0.727009
810.778 0.0549323 -0.435604 1.82999 -2.94289 0.494467 1.97471 0.0239429 -0.439559 1.88795 -2.96196 0.52371 1.95241 -0.0309894 -0.00395561 0.057958 -0.019064 0.0292433 -0.0222962 0.0658416 2.06696 0.0419436 -0.557944 1.67348 -2.9391 0.494075 1.97424 -0.0129887 -0.12234 -0.156508 0.00379605 -0.000391945 -0.000470573 0.199074 0.23239 -0.488174 2.09121 1.21592 -0.00155418 -0.00657452 -1.94455 -1.02506 0.796475 -0.196857 -0.000419672 8.18218e-05 -0.727009
811.148 0.0550547 -0.438254 1.82915 -2.94253 0.494133 1.97468 0.0253299 -0.439084 1.87179 -2.9199 0.516394 1.98178 -0.0297249 -0.000829806 0.0426362 0.0226294 0.0222611 0.0071028 0.0519818 1.72124 0.0404108 -0.560966 1.67287 -2.94029 0.493136 1.97414 -0.014644 -0.122712 -0.156279 0.00224431 -0.000997505 -0.000542992 0.199238 0.155766 -0.488128 2.09292 1.21414 -0.00108819 -0.00639387 -1.94451 -1.02506 0.796475 -0.196857 -0.000419672 8.18218e-05 -0.727009
811.478 0.0552125 -0.441281 1.82829 -2.94223 0.493671 1.97463 0.0243279 -0.438542 1.85559 -2.94192 0.532565 1.96508 -0.0308846 0.00273929 0.0272998 0.000312282 0.0388945 -0.0095437 0.0413115 2.29678 0.0391311 -0.563052 1.67145 -2.94096 0.492316 1.97395 -0.0160814 -0.121771 -0.156833 0.0012733 -0.00135477 -0.000678655 0.199207 0.125115 -0.488006 2.09473 1.21233 -0.000624249 -0.00607186 -1.94447 -1.02506 0.796475 -0.196857 -0.000419672 8.18218e-05 -0.727009
811.852 0.0557012 -0.446118 1.82696 -2.94181 0.492699 1.97447 0.0243279 -0.441783 1.85559 -2.9425 0.531396 1.96478 -0.0313733 0.00433541 0.0286244 -0.000696021 0.0386976 -0.00969321 0.04269 2.28122 0.0377703 -0.566849 1.66951 -2.94149 0.491536 1.97371 -0.0179308 -0.120731 -0.157448 0.000319742 -0.0011625 -0.000766676 0.199217 0.0884693 -0.487762 2.0973 1.20981 0.00018354 -0.00532587 -1.94441 -1.02506 0.796475 -0.196857 -0.000419672 8.18218e-05 -0.727009
812.215 0.0560168 -0.44993 1.82592 -2.94153 0.491942 1.97436 0.0253403 -0.449541 1.87113 -2.94317 0.494345 1.97625 -0.0306765 0.000389419 0.0452058 -0.00163702 0.00240246 0.00189514 0.054633 0.222056 0.0372655 -0.568422 1.66713 -2.93995 0.491188 1.97684 -0.0187512 -0.118492 -0.158793 0.0015814 -0.000754658 0.00248346 0.199016 0.13417 -0.487553 2.09933 1.20783 0.00076085 -0.00471859 -1.94437 -1.02506 0.796475 -0.196857 -0.000419672 8.18218e-05 -0.727009
812.551 0.0561602 -0.453946 1.82484 -2.94136 0.491179 1.97423 0.0253407 -0.454475 1.87126 -2.94301 0.492938 1.97606 -0.0308194 -0.000528969 0.0464144 -0.00164939 0.00175809 0.00182524 0.0557172 0.197824 0.036502 -0.570561 1.66498 -2.93841 0.491065 1.97935 -0.0196581 -0.116615 -0.159858 0.00294927 -0.000114503 0.00511257 0.198847 0.260947 -0.487351 2.10142 1.20581 0.00123871 -0.00408339 -1.94432 -1.02506 0.796475 -0.196857 -0.000419672 8.18218e-05 -0.727009
812.896 0.0561603 -0.457835 1.82381 -2.94122 0.490511 1.97414 0.0243281 -0.454748 1.85558 -2.94481 0.526751 1.96359 -0.0318322 0.00308643 0.0317717 -0.00358477 0.0362406 -0.0105574 0.0450806 2.14448 0.0352698 -0.572215 1.66265 -2.9371 0.491333 1.98106 -0.0208905 -0.11438 -0.161161 0.00412235 0.000822338 0.00691794 0.198726 0.356083 -0.487181 2.10357 1.20377 0.00164193 -0.00351663 -1.94427 -1.02506 0.796475 -0.196857 -0.000419672 8.18218e-05 -0.727009
813.193 0.0556779 -0.462325 1.82266 -2.94112 0.490056 1.97412 0.0253408 -0.46428 1.87125 -2.94471 0.489573 1.97524 -0.0303371 -0.0019547 0.0485859 -0.00359604 -0.000483471 0.00111955 0.0573128 0.243893 0.0344079 -0.574168 1.66003 -2.93606 0.493241 1.98194 -0.02127 -0.111843 -0.162637 0.00505529 0.00318498 0.00781557 0.198525 0.441462 -0.487036 2.10651 1.20107 0.00190485 -0.00313451 -1.9442 -1.02506 0.796475 -0.196857 -0.000419672 8.18218e-05 -0.727009
813.792 0.0534494 -0.466927 1.82172 -2.94133 0.490689 1.9744 0.0253302 -0.471778 1.87178 -2.9259 0.505009 1.97884 -0.0281192 -0.00485098 0.0500569 0.0154341 0.0143204 0.00443996 0.0576187 1.14227 0.0352481 -0.577128 1.65812 -2.93601 0.496284 1.98111 -0.0182013 -0.110201 -0.163602 0.0053222 0.00559509 0.00671145 0.198094 0.482139 -0.487024 2.11101 1.1972 0.00134863 -0.0036426 -1.94408 -1.02506 0.796475 -0.196857 -0.000419672 8.18218e-05 -0.727009
814.174 0.0507142 -0.469126 1.82154 -2.94203 0.491775 1.97472 0.0220726 -0.474078 1.87122 -2.94765 0.486725 1.97354 -0.0286416 -0.00495241 0.049681 -0.00562475 -0.00504947 -0.00117569 0.0575593 0.414015 0.0375904 -0.57884 1.65763 -2.93615 0.498656 1.97999 -0.0131237 -0.109714 -0.163902 0.00587762 0.00688111 0.00527531 0.19767 0.513581 -0.487109 2.1141 1.19483 0.000167092 -0.00440126 -1.94402 -1.02506 0.796475 -0.196857 -0.000419672 8.18218e-05 -0.727009
814.467 0.0481128 -0.47088 1.82148 -2.94292 0.492672 1.97495 0.0187919 -0.47503 1.8717 -2.92905 0.504898 1.97669 -0.0293209 -0.00414966 0.0502196 0.0138703 0.0122253 0.00174842 0.0583004 1.02755 0.0385048 -0.579819 1.65712 -2.93642 0.499634 1.97924 -0.009608 -0.108938 -0.16436 0.00650196 0.00696157 0.00429529 0.197419 0.520394 -0.487167 2.11647 1.19314 -0.00108818 -0.00491636 -1.94399 -1.02506 0.796475 -0.196857 -0.000419672 8.18218e-05 -0.727009
814.86 0.0455789 -0.473226 1.82144 -2.94393 0.493256 1.97509 0.0155364 -0.477337 1.87118 -2.95071 0.486581 1.97149 -0.0300425 -0.00411058 0.0497421 -0.00677567 -0.00667531 -0.00359899 0.0582557 0.514343 0.0383956 -0.580633 1.65617 -2.93697 0.499774 1.97846 -0.00718332 -0.107407 -0.165261 0.00696753 0.00651745 0.00337664 0.197228 0.512819 -0.487169 2.11889 1.19163 -0.00231128 -0.0051014 -1.94398 -1.02506 0.796475 -0.196857 -0.000419672 8.18218e-05 -0.727009
815.249 0.0426262 -0.477215 1.82151 -2.94535 0.49345 1.97512 0.0142515 -0.493174 1.92032 -2.95031 0.455223 1.97489 -0.0283747 -0.0159587 0.0988045 -0.0049632 -0.0382273 -0.000230477 0.10403 2.20797 0.0375729 -0.581835 1.65458 -2.93833 0.499176 1.97728 -0.00505331 -0.104619 -0.166937 0.00701577 0.00572608 0.0021623 0.197076 0.486985 -0.487009 2.12218 1.1901 -0.00373667 -0.00478033 -1.94399 -1.02506 0.796475 -0.196857 -0.000419672 8.18218e-05 -0.727009
815.609 0.040959 -0.480837 1.82184 -2.94628 0.49313 1.97501 0.0115546 -0.486889 1.88606 -2.94949 0.486696 1.99022 -0.0294044 -0.00605177 0.0642172 -0.0032003 -0.00643454 0.0152101 0.0708879 1.03892 0.0375467 -0.582924 1.65347 -2.93944 0.498616 1.9766 -0.00341225 -0.102086 -0.168378 0.00684193 0.00548569 0.00158513 0.196938 0.476423 -0.486728 2.12465 1.18946 -0.00443676 -0.00416864 -1.94401 -1.02506 0.796475 -0.196857 -0.000419672 8.18218e-05 -0.727009
815.918 0.0399019 -0.484377 1.8226 -2.94697 0.4926 1.97484 0.0089854 -0.488089 1.87163 -2.93515 0.501897 1.97281 -0.0309165 -0.00371207 0.0490346 0.01182 0.0092965 -0.00203377 0.0580861 0.911716 0.0360276 -0.582536 1.65193 -2.94037 0.498019 1.97593 -0.00387438 -0.0981586 -0.170665 0.00660173 0.00541839 0.00108958 0.196918 0.469806 -0.48629 2.12711 1.18936 -0.00480873 -0.00344753 -1.94406 -1.02506 0.796475 -0.196857 -0.000419672 8.18218e-05 -0.727009
816.543 0.0396762 -0.49049 1.82642 -2.94722 0.491468 1.97442 0.00898543 -0.494628 1.87163 -2.93625 0.49967 1.97228 -0.0306908 -0.00413829 0.0452055 0.0109703 0.00820213 -0.00214104 0.0547958 0.839301 0.0344636 -0.579455 1.65043 -2.94126 0.497656 1.97473 -0.00521257 -0.0889654 -0.175989 0.00596542 0.00618754 0.000310624 0.197267 0.486985 -0.484673 2.13261 1.19125 -0.00444523 -0.00231411 -1.94421 -1.02506 0.796475 -0.196857 -0.000419672 8.18218e-05 -0.727009
816.915 0.0403721 -0.492092 1.82907 -2.94684 0.49111 1.97426 0.00815743 -0.490898 1.85437 -2.97295 0.534444 1.95962 -0.0322147 0.00119402 0.025304 -0.026108 0.0433348 -0.0146472 0.0409818 2.80617 0.034284 -0.577219 1.65084 -2.94081 0.497758 1.97452 -0.00608813 -0.085127 -0.178228 0.00603798 0.00664853 0.000259564 0.197608 0.509757 -0.483755 2.13483 1.19301 -0.00389736 -0.00212003 -1.94427 -1.02506 0.796475 -0.196857 -0.000419672 8.18218e-05 -0.727009
817.362 0.041323 -0.493522 1.8321 -2.94642 0.490635 1.97408 0.00898545 -0.497897 1.87163 -2.9368 0.498562 1.97201 -0.0323375 -0.00437506 0.039522 0.0096245 0.00792624 -0.00206659 0.0512528 0.765662 0.0328306 -0.574916 1.65171 -2.94028 0.497555 1.97411 -0.00849238 -0.0813941 -0.180391 0.00614444 0.00691976 3.42377e-05 0.198086 0.529341 -0.482731 2.13697 1.19534 -0.00325044 -0.00182966 -1.94434 -1.02506 0.796475 -0.196857 -0.000419672 8.18218e-05 -0.727009
818.4 0.044227 -0.499648 1.84337 -2.94635 0.487772 1.97318 0.0122731 -0.49952 1.87153 -2.93121 0.532964 1.98167 -0.0319538 0.000127748 0.0281562 0.015138 0.0451921 0.00848873 0.0425892 2.69835 0.0322621 -0.571923 1.65779 -2.94261 0.495164 1.97342 -0.0119649 -0.0722751 -0.18558 0.00373973 0.00739173 0.000239844 0.199516 0.472298 -0.478919 2.14339 1.20583 -0.00176006 0.000778487 -1.94456 -1.02506 0.796475 -0.196857 -0.000419672 8.18218e-05 -0.727009
818.735 0.0442673 -0.501738 1.84799 -2.94722 0.486875 1.9729 0.013314 -0.509896 1.90435 -2.95524 0.485444 1.96057 -0.0309532 -0.00815832 0.0563629 -0.00801728 -0.00143104 -0.0123314 0.0648185 0.642853 0.0318241 -0.571939 1.66125 -2.94467 0.493617 1.97376 -0.0124432 -0.070201 -0.18674 0.0025479 0.00674246 0.000860092 0.199887 0.407344 -0.47737 2.14554 1.21042 -0.00212852 0.00190425 -1.94463 -1.02506 0.796475 -0.196857 -0.000419672 8.18218e-05 -0.727009
819.47 0.0440982 -0.504158 1.85467 -2.94878 0.485718 1.97254 0.013314 -0.509896 1.90435 -2.95524 0.485444 1.96057 -0.0307841 -0.00573778 0.0496799 -0.00646027 -0.000274144 -0.0119697 0.0587255 0.609093 0.0332483 -0.574476 1.66805 -2.94762 0.489469 1.97388 -0.0108499 -0.0703184 -0.186621 0.00115326 0.00375166 0.00134575 0.199725 0.227282 -0.475077 2.14809 1.21733 -0.003017 0.0035073 -1.94473 -1.02506 0.796475 -0.196857 -0.000419672 8.18218e-05 -0.727009
819.877 0.043979 -0.505154 1.8578 -2.94968 0.485149 1.97237 0.0133459 -0.510467 1.90336 -2.97181 0.504198 1.96462 -0.0306331 -0.0053134 0.0455599 -0.0221323 0.0190481 -0.00775561 0.0551572 1.56898 0.0350631 -0.57498 1.67093 -2.9488 0.487511 1.97371 -0.00891586 -0.0698265 -0.186869 0.000875945 0.00236181 0.00134001 0.199688 0.153233 -0.473936 2.149 1.22076 -0.00359111 0.00434328 -1.94476 -1.02506 0.796475 -0.196857 -0.000419672 8.18218e-05 -0.727009
820.162 0.0440445 -0.506545 1.86149 -2.95092 0.484228 1.97213 0.0133459 -0.510467 1.90336 -2.97181 0.504198 1.96462 -0.0306987 -0.00392213 0.0418705 -0.0208889 0.0199693 -0.00750866 0.0520666 1.56148 0.0364445 -0.577121 1.67509 -2.95028 0.484887 1.97323 -0.00760002 -0.0705763 -0.186398 0.000644329 0.00065859 0.00109941 0.199456 0.068528 -0.472405 2.14975 1.22513 -0.00432253 0.00562079 -1.94481 -1.02506 0.796475 -0.196857 -0.000419672 8.18218e-05 -0.727009
820.476 0.0445957 -0.507431 1.86374 -2.95161 0.483478 1.97192 0.0133306 -0.511485 1.90401 -2.9508 0.521588 1.96905 -0.031265 -0.00405335 0.0402666 0.00081274 0.03811 -0.00287847 0.0511403 2.19196 0.037375 -0.578021 1.67738 -2.95123 0.483006 1.9728 -0.00722063 -0.0705899 -0.18636 0.000383614 -0.000471725 0.000875881 0.199412 0.0484566 -0.471242 2.14993 1.228 -0.00461577 0.00654975 -1.94484 -1.02506 0.796475 -0.196857 -0.000419672 8.18218e-05 -0.727009
820.826 0.0457749 -0.5076 1.86557 -2.95183 0.482939 1.97176 0.0133306 -0.511485 1.90401 -2.9508 0.521588 1.96905 -0.0324443 -0.00388407 0.038437 0.00102868 0.0386483 -0.00271857 0.0504492 2.22264 0.0383997 -0.578466 1.67939 -2.95183 0.481745 1.97241 -0.00737524 -0.0708654 -0.186182 -9.37339e-07 -0.00119482 0.000647242 0.199349 0.0791294 -0.47007 2.14974 1.23034 -0.00455656 0.00712019 -1.94488 -1.02506 0.796475 -0.196857 -0.000419672 8.18218e-05 -0.727009
821.472 0.0503698 -0.506213 1.86751 -2.95106 0.482236 1.97149 0.0166699 -0.510463 1.90334 -2.97054 0.503744 1.96555 -0.0336999 -0.00425023 0.0358329 -0.0194872 0.0215077 -0.00593812 0.0493735 1.58782 0.0452283 -0.577158 1.6814 -2.95228 0.480465 1.97218 -0.00514151 -0.0709443 -0.186106 -0.00122476 -0.00177191 0.000688629 0.199236 0.139882 -0.467359 2.14783 1.23327 -0.00345733 0.00749943 -1.94498 -1.02506 0.796475 -0.196857 -0.000419672 8.18218e-05 -0.727009
822.217 0.0556343 -0.502015 1.86672 -2.94961 0.482724 1.97146 0.021651 -0.508309 1.90458 -2.94792 0.520849 1.97146 -0.0339833 -0.00629362 0.0378614 0.00169529 0.0381247 2.867e-06 0.0512636 2.1866 0.0552433 -0.575083 1.68181 -2.94999 0.481406 1.97297 -0.000390995 -0.073068 -0.184909 -0.00037625 -0.00131787 0.00150997 0.198822 0.125115 -0.464852 2.14392 1.23329 -0.00225385 0.00654953 -1.94509 -1.02506 0.796475 -0.196857 -0.000419672 8.18218e-05 -0.727009
822.565 0.0579722 -0.498972 1.86583 -2.94877 0.483463 1.97156 0.0239238 -0.50145 1.8881 -2.9498 0.520232 1.95198 -0.0340485 -0.0024785 0.0222723 -0.0010353 0.0367691 -0.0195788 0.0407615 2.37405 0.0590882 -0.574251 1.68215 -2.94795 0.482341 1.97344 0.00111594 -0.0752793 -0.183678 0.000816551 -0.00112213 0.0018851 0.198509 0.11535 -0.463879 2.14169 1.23261 -0.00175728 0.00557786 -1.94514 -1.02506 0.796475 -0.196857 -0.000419672 8.18218e-05 -0.727009
822.95 0.0598263 -0.495554 1.86455 -2.94818 0.484486 1.97172 0.0266007 -0.502467 1.90452 -2.92786 0.504483 1.96912 -0.0332256 -0.00691307 0.0399695 0.0203153 0.0199971 -0.00260272 0.0524337 1.68957 0.0621452 -0.573343 1.68228 -2.94658 0.483335 1.97374 0.00231891 -0.0777883 -0.182276 0.00159927 -0.00115134 0.00201777 0.198194 0.128204 -0.462974 2.13919 1.23153 -0.00162984 0.00443151 -1.9452 -1.02506 0.796475 -0.196857 -0.000419672 8.18218e-05 -0.727009
823.679 0.0636536 -0.487775 1.85965 -2.94724 0.486992 1.97217 0.0305195 -0.491572 1.88817 -2.94555 0.522681 1.95476 -0.0331341 -0.00379705 0.0285224 0.00168779 0.0356893 -0.0174053 0.0438841 2.29746 0.0694997 -0.56896 1.67926 -2.94432 0.485113 1.97386 0.00584615 -0.0811854 -0.180386 0.00292382 -0.00187911 0.00169617 0.1979 0.183454 -0.461051 2.1325 1.22731 -0.00182491 0.00180305 -1.94529 -1.02506 0.796475 -0.196857 -0.000419672 8.18218e-05 -0.727009
823.995 0.0651425 -0.485317 1.85655 -2.94716 0.487775 1.97231 0.0330408 -0.502153 1.93881 -2.96646 0.47574 1.95414 -0.0321017 -0.016836 0.0822627 -0.0192998 -0.0120348 -0.0181745 0.0898951 1.30985 0.0741635 -0.566445 1.67612 -2.94403 0.485575 1.97389 0.00902104 -0.0811282 -0.180426 0.00312233 -0.00219918 0.0015815 0.198032 0.201741 -0.460265 2.12937 1.22475 -0.00208189 0.00105267 -1.94532 -1.02506 0.796475 -0.196857 -0.000419672 8.18218e-05 -0.727009
824.369 0.0665452 -0.483695 1.85286 -2.94733 0.488237 1.9724 0.0332905 -0.490518 1.90336 -2.96096 0.508084 1.97187 -0.0332547 -0.0068238 0.0505041 -0.0136267 0.0198471 -0.000527603 0.0608532 1.37145 0.0778043 -0.565193 1.67264 -2.94382 0.485804 1.97387 0.0112591 -0.081498 -0.180212 0.00350978 -0.002433 0.00146886 0.198103 0.225554 -0.459477 2.12611 1.22182 -0.00244992 0.000688258 -1.94533 -1.02506 0.796475 -0.196857 -0.000419672 8.18218e-05 -0.727009
824.688 0.0685414 -0.482278 1.84732 -2.94772 0.488525 1.97247 0.0365991 -0.489991 1.90456 -2.94327 0.488721 1.9684 -0.0319424 -0.00771222 0.0572475 0.0044476 0.000195716 -0.00407541 0.0660081 0.418714 0.0824405 -0.565112 1.66789 -2.9437 0.486189 1.97395 0.0138991 -0.0828332 -0.179429 0.00401772 -0.00233625 0.00147393 0.198115 0.243893 -0.458391 2.12159 1.21751 -0.0029441 0.000556249 -1.94532 -1.02506 0.796475 -0.196857 -0.000419672 8.18218e-05 -0.727009
825.078 0.0702797 -0.481487 1.84293 -2.94798 0.488555 1.97249 0.0371332 -0.485745 1.888 -2.96432 0.505753 1.9523 -0.0331465 -0.00425749 0.0450666 -0.0163339 0.0171976 -0.0201891 0.0561054 1.46714 0.0850315 -0.565043 1.66393 -2.9436 0.486233 1.97392 0.0147518 -0.0835561 -0.179004 0.00438347 -0.00232213 0.00143517 0.198095 0.260947 -0.457534 2.11807 1.21418 -0.0032087 0.000619779 -1.94532 -1.02506 0.796475 -0.196857 -0.000419672 8.18218e-05 -0.727009
825.357 0.072526 -0.480758 1.83848 -2.948 0.488404 1.97245 0.0399264 -0.490004 1.90462 -2.94202 0.488227 1.96929 -0.0325996 -0.0092456 0.0661351 0.00598442 -0.000177369 -0.00315592 0.0743106 0.456283 0.0872772 -0.565657 1.66025 -2.94328 0.485926 1.9737 0.0147513 -0.0848987 -0.178228 0.00472721 -0.00247864 0.00125355 0.197966 0.28393 -0.456632 2.11443 1.21089 -0.00316091 0.000766281 -1.94532 -1.02506 0.796475 -0.196857 -0.000419672 8.18218e-05 -0.727009
825.747 0.0767476 -0.479295 1.83269 -2.94722 0.488068 1.97233 0.043254 -0.490018 1.90467 -2.94077 0.48773 1.97019 -0.0334936 -0.0107231 0.0719809 0.00644747 -0.000338085 -0.00213807 0.0801127 0.440575 0.0901752 -0.566446 1.65573 -2.94257 0.48524 1.97332 0.0134276 -0.0871513 -0.176958 0.00465321 -0.00282791 0.000994563 0.197711 0.29342 -0.455366 2.10939 1.20669 -0.00224628 0.000804686 -1.94536 -1.02506 0.796475 -0.196857 -0.000419672 8.18218e-05 -0.727009
826.035 0.0804707 -0.477601 1.82853 -2.9462 0.487891 1.97221 0.0465819 -0.490034 1.90473 -2.93953 0.487229 1.97108 -0.0338888 -0.0124322 0.0762006 0.00667106 -0.000661808 -0.00112784 0.0843181 0.417778 0.0919254 -0.567234 1.65299 -2.94181 0.484748 1.97298 0.0114547 -0.0896328 -0.175539 0.00439139 -0.00314221 0.000768323 0.197431 0.296075 -0.454399 2.10549 1.20371 -0.0011714 0.000614779 -1.94543 -1.02506 0.796475 -0.196857 -0.000419672 8.18218e-05 -0.727009
826.443 0.0841254 -0.475347 1.82461 -2.94511 0.487922 1.9721 0.0503263 -0.485784 1.88815 -2.9592 0.503855 1.95602 -0.0337991 -0.0104377 0.063537 -0.014088 0.0159332 -0.0160798 0.0727206 1.27503 0.0947071 -0.567134 1.6503 -2.94116 0.484567 1.97265 0.0105816 -0.0917875 -0.174314 0.00395116 -0.00335535 0.000546909 0.197287 0.286674 -0.453452 2.10151 1.20093 -0.000108509 0.000210889 -1.94552 -1.02506 0.796475 -0.196857 -0.000419672 8.18218e-05 -0.727009
826.809 0.0874178 -0.473073 1.82079 -2.94427 0.487967 1.97197 0.0547659 -0.480737 1.87169 -2.93639 0.479508 1.98184 -0.0326519 -0.00766463 0.0509049 0.0078752 -0.008459 0.00986891 0.0609606 0.721992 0.0973898 -0.566038 1.64714 -2.94054 0.484589 1.97246 0.00997202 -0.0929651 -0.173647 0.00372961 -0.00337811 0.000491145 0.197219 0.279765 -0.452554 2.09746 1.19832 0.000735792 -0.000121902 -1.94565 -1.02506 0.796475 -0.196857 -0.000419672 8.18218e-05 -0.727009
827.203 0.09121 -0.470244 1.8158 -2.94357 0.487934 1.97175 0.0570798 -0.470176 1.83979 -2.95511 0.531112 1.95579 -0.0341302 6.78122e-05 0.0239878 -0.0115424 0.0431784 -0.0159545 0.0417168 2.60835 0.101374 -0.565459 1.64345 -2.9398 0.484455 1.9721 0.0101644 -0.0952151 -0.172358 0.00377263 -0.00347939 0.000350029 0.197171 0.288036 -0.451473 2.09202 1.19517 0.00151369 -0.000331793 -1.94583 -1.02506 0.796475 -0.196857 -0.000419672 8.18218e-05 -0.727009
827.503 0.0936728 -0.467797 1.81235 -2.9432 0.488038 1.9716 0.0616323 -0.47448 1.8567 -2.93413 0.513463 1.97256 -0.0320405 -0.00668228 0.0443509 0.00906827 0.0254249 0.00096837 0.0551203 1.53875 0.104406 -0.564093 1.6406 -2.93922 0.484449 1.97178 0.0107336 -0.0962959 -0.171742 0.00397633 -0.00358926 0.000186139 0.197189 0.303902 -0.45077 2.08792 1.19312 0.00190031 -0.000554651 -1.94599 -1.02506 0.796475 -0.196857 -0.000419672 8.18218e-05 -0.727009
827.824 0.0959113 -0.464803 1.80924 -2.94284 0.488348 1.9715 0.0648674 -0.471818 1.85584 -2.9548 0.496256 1.96854 -0.0310439 -0.00701531 0.0466009 -0.0119593 0.00790833 -0.00295821 0.0564321 0.770756 0.106192 -0.562133 1.6381 -2.9385 0.48476 1.97152 0.0102812 -0.0973295 -0.171146 0.00433854 -0.0035881 2.6979e-05 0.197154 0.321425 -0.450172 2.08382 1.19137 0.00218567 -0.000964669 -1.94613 -1.02506 0.796475 -0.196857 -0.000419672 8.18218e-05 -0.727009
828.491 0.100416 -0.45631 1.80346 -2.94205 0.489508 1.97141 0.0701315 -0.474473 1.88916 -2.95524 0.467219 1.95313 -0.0302843 -0.0181628 0.0857079 -0.0131927 -0.0222896 -0.0182783 0.0926977 1.60328 0.10746 -0.552599 1.63171 -2.9371 0.486222 1.9712 0.00704397 -0.0962889 -0.171747 0.00494686 -0.00328655 -0.000205026 0.197024 0.344917 -0.449181 2.07434 1.18878 0.0025826 -0.00230502 -1.94644 -1.02506 0.796475 -0.196857 -0.000419672 8.18218e-05 -0.727009
828.834 0.102807 -0.452861 1.80137 -2.9414 0.489615 1.97131 0.0713677 -0.463281 1.85739 -2.93365 0.479539 1.96673 -0.0314395 -0.0104197 0.0560122 0.00774368 -0.0100766 -0.00457838 0.0650721 0.841164 0.107304 -0.548073 1.629 -2.9364 0.486523 1.971 0.00449658 -0.0952124 -0.17237 0.00499387 -0.0030919 -0.000309238 0.196969 0.343781 -0.448925 2.07038 1.18831 0.00320481 -0.00262655 -1.94655 -1.02506 0.796475 -0.196857 -0.000419672 8.18218e-05 -0.727009
829.17 0.105947 -0.448189 1.79907 -2.94045 0.489642 1.97116 0.0746158 -0.460063 1.8575 -2.93181 0.480108 1.96789 -0.0313315 -0.0118748 0.0584278 0.00864047 -0.00953471 -0.00327013 0.0673534 0.815654 0.108278 -0.541159 1.6254 -2.9356 0.487063 1.97079 0.00233069 -0.0929699 -0.17367 0.00484984 -0.00257957 -0.000369633 0.197003 0.323851 -0.44877 2.06522 1.18826 0.0041588 -0.00297619 -1.94668 -1.02506 0.796475 -0.196857 -0.000419672 8.18218e-05 -0.727009
829.443 0.107551 -0.444217 1.79793 -2.94007 0.489908 1.97111 0.0778644 -0.456847 1.85761 -2.92996 0.480672 1.96905 -0.0296863 -0.0126299 0.0596799 0.0101074 -0.00923586 -0.00206052 0.0678416 0.832748 0.107905 -0.535197 1.62311 -2.93546 0.487928 1.97073 0.00035461 -0.0909796 -0.174822 0.00460781 -0.0019802 -0.00038576 0.197079 0.297394 -0.448817 2.06148 1.18878 0.0044525 -0.00335201 -1.94678 -1.02506 0.796475 -0.196857 -0.000419672 8.18218e-05 -0.727009
829.79 0.108603 -0.4399 1.79738 -2.93991 0.490316 1.97111 0.0773238 -0.44335 1.82525 -2.92234 0.512566 1.98821 -0.0312792 -0.00344926 0.0278657 0.0175697 0.0222502 0.0170941 0.0420331 1.62775 0.106057 -0.530338 1.62225 -2.93545 0.488718 1.97082 -0.00254577 -0.0904374 -0.175128 0.00445922 -0.00159755 -0.000294639 0.197117 0.279765 -0.44901 2.05787 1.18988 0.00445954 -0.00377977 -1.94686 -1.02506 0.796475 -0.196857 -0.000419672 8.18218e-05 -0.727009
830.165 0.109477 -0.435146 1.79753 -2.93974 0.490793 1.97115 0.0796076 -0.443142 1.84104 -2.94707 0.501589 1.95557 -0.0298697 -0.00799628 0.0435051 -0.00733234 0.0107964 -0.0155778 0.0533745 0.999364 0.103979 -0.52414 1.62157 -2.93545 0.48967 1.97097 -0.00549788 -0.0889948 -0.17596 0.00428865 -0.00112297 -0.000182403 0.197262 0.259443 -0.449344 2.05439 1.19172 0.0044482 -0.00428085 -1.94692 -1.02506 0.796475 -0.196857 -0.000419672 8.18218e-05 -0.727009
830.514 0.110903 -0.428496 1.79877 -2.93919 0.491226 1.97118 0.0795508 -0.437013 1.8389 -2.9603 0.522681 1.96127 -0.0313525 -0.00851685 0.0401249 -0.021115 0.0314551 -0.00990364 0.0516287 2.08975 0.101246 -0.515072 1.62142 -2.9353 0.490722 1.97096 -0.00965701 -0.0865762 -0.177355 0.0038844 -0.000504617 -0.000215027 0.197594 0.2307 -0.449996 2.05 1.19536 0.00480427 -0.0048685 -1.94699 -1.02506 0.796475 -0.196857 -0.000419672 8.18218e-05 -0.727009
830.942 0.112477 -0.423232 1.80046 -2.93831 0.491367 1.97118 0.0827151 -0.434064 1.85731 -2.92277 0.488301 1.97276 -0.0297617 -0.0108322 0.0568585 0.0155369 -0.00306629 0.00157624 0.0650844 0.869532 0.100202 -0.509165 1.62274 -2.9346 0.491415 1.97092 -0.0122749 -0.0859332 -0.177712 0.00371157 4.73846e-05 -0.000257589 0.19778 0.220287 -0.450644 2.04691 1.19895 0.0055786 -0.00529938 -1.94702 -1.02506 0.796475 -0.196857 -0.000419672 8.18218e-05 -0.727009
831.253 0.114213 -0.417643 1.80274 -2.93716 0.491489 1.9712 0.0827665 -0.424191 1.83901 -2.95652 0.526749 1.96356 -0.031446 -0.00654725 0.0362697 -0.0193616 0.0352607 -0.00764009 0.048448 2.2428 0.0995043 -0.503197 1.62483 -2.93366 0.492232 1.97093 -0.0147083 -0.0855536 -0.177907 0.00349775 0.00074282 -0.000268247 0.197956 0.213062 -0.451448 2.04402 1.20314 0.00660773 -0.0058059 -1.94703 -1.02506 0.796475 -0.196857 -0.000419672 8.18218e-05 -0.727009
831.813 0.116822 -0.403353 1.80977 -2.93454 0.492421 1.97144 0.0860489 -0.411044 1.84132 -2.93828 0.511912 1.96056 -0.0307736 -0.00769179 0.0315416 -0.00373304 0.0194907 -0.0108753 0.0447331 1.24616 0.0985442 -0.487662 1.63117 -2.93209 0.494679 1.97146 -0.0182783 -0.0843093 -0.178605 0.00245474 0.00225778 2.00813e-05 0.198348 0.189746 -0.45406 2.03823 1.2142 0.00862879 -0.00756427 -1.94703 -1.02506 0.796475 -0.196857 -0.000419672 8.18218e-05 -0.727009
832.199 0.116727 -0.397452 1.81301 -2.9339 0.492996 1.9716 0.0859838 -0.401737 1.83916 -2.95075 0.534348 1.96693 -0.0307432 -0.00428456 0.0261509 -0.0168525 0.0413515 -0.00467341 0.0405879 2.52259 0.098549 -0.482568 1.63487 -2.93184 0.495475 1.97172 -0.018178 -0.0851155 -0.17814 0.00206148 0.00247879 0.000118624 0.198265 0.183454 -0.455534 2.03622 1.21898 0.00896115 -0.00831617 -1.94701 -1.02506 0.796475 -0.196857 -0.000419672 8.18218e-05 -0.727009
832.544 0.115117 -0.389359 1.81742 -2.93351 0.494326 1.97195 0.0860495 -0.39497 1.84135 -2.93506 0.517711 1.96222 -0.0290674 -0.00561031 0.0239296 -0.00155124 0.0233852 -0.00973 0.038066 1.43722 0.0968954 -0.476964 1.64072 -2.93169 0.496553 1.97204 -0.0182216 -0.0876048 -0.176703 0.00182688 0.00222709 9.79809e-05 0.198067 0.163129 -0.457833 2.03407 1.225 0.00869869 -0.0096727 -1.94698 -1.02506 0.796475 -0.196857 -0.000419672 8.18218e-05 -0.727009
832.995 0.11318 -0.383166 1.82075 -2.93333 0.495671 1.97229 0.0866214 -0.397619 1.88863 -2.95725 0.471864 1.95932 -0.0265589 -0.0144522 0.0678822 -0.0239203 -0.0238067 -0.0129756 0.0743118 1.82863 0.0945067 -0.474521 1.64623 -2.93155 0.49746 1.97229 -0.0186737 -0.0913549 -0.174511 0.00178409 0.00178858 -5.29155e-06 0.19786 0.14537 -0.45978 2.03288 1.2292 0.00823798 -0.0109726 -1.94696 -1.02506 0.796475 -0.196857 -0.000419672 8.18218e-05 -0.727009
833.394 0.11036 -0.377247 1.82398 -2.9335 0.497233 1.9727 0.0826978 -0.382725 1.85611 -2.9283 0.525548 1.98312 -0.0276624 -0.00547787 0.0321362 0.00520196 0.0283149 0.0104206 0.0427545 1.70387 0.0911558 -0.472229 1.65159 -2.93191 0.49846 1.97255 -0.0192044 -0.0949815 -0.172383 0.00158627 0.00122697 -0.000149534 0.197753 0.118694 -0.461882 2.03208 1.23304 0.00735021 -0.012355 -1.94692 -1.02506 0.796475 -0.196857 -0.000419672 8.18218e-05 -0.727009
833.726 0.106731 -0.372356 1.8269 -2.93413 0.498677 1.97308 0.0794653 -0.375651 1.85724 -2.91219 0.509514 1.97766 -0.0272654 -0.00329496 0.0303428 0.0219424 0.0108366 0.00457756 0.0409261 1.31015 0.086451 -0.470775 1.65655 -2.93309 0.499585 1.97291 -0.0202797 -0.0984184 -0.170352 0.00104892 0.000907606 -0.000176286 0.197781 0.0839294 -0.46409 2.03172 1.23644 0.00606788 -0.0134678 -1.94687 -1.02506 0.796475 -0.196857 -0.000419672 8.18218e-05 -0.727009
834.084 0.101643 -0.368539 1.83005 -2.93534 0.499699 1.97339 0.0766973 -0.375981 1.88753 -2.95015 0.520313 1.96916 -0.0249458 -0.00744208 0.0574813 -0.0148073 0.0206142 -0.00422579 0.0631013 1.40444 0.0800782 -0.471273 1.66222 -2.93529 0.500156 1.97329 -0.0215649 -0.102735 -0.16783 5.73059e-05 0.00045685 -0.000104603 0.197955 0.0279765 -0.467105 2.03191 1.24025 0.00443648 -0.0139892 -1.9468 -1.02506 0.796475 -0.196857 -0.000419672 8.18218e-05 -0.727009
834.424 0.0978954 -0.36754 1.83187 -2.93636 0.499853 1.97349 0.0719428 -0.368668 1.87128 -2.95708 0.521169 1.94738 -0.0259526 -0.00112752 0.0394065 -0.02072 0.0213158 -0.0261062 0.0471983 1.84462 0.0755102 -0.474745 1.66668 -2.93761 0.4997 1.97344 -0.0223852 -0.107205 -0.165189 -0.00124769 -0.000152478 -5.27791e-05 0.198195 0.068528 -0.469362 2.03257 1.24252 0.00338057 -0.0137817 -1.94673 -1.02506 0.796475 -0.196857 -0.000419672 8.18218e-05 -0.727009
834.849 0.0944457 -0.367566 1.83317 -2.9372 0.499771 1.97355 0.0668293 -0.372181 1.88921 -2.93794 0.503022 1.96123 -0.0276164 -0.00461443 0.056043 -0.000738552 0.00325121 -0.0123231 0.0626481 0.711619 0.0709175 -0.479114 1.67055 -2.94005 0.498645 1.97347 -0.0235282 -0.111548 -0.162615 -0.0028495 -0.00112523 -8.38545e-05 0.198595 0.172459 -0.471578 2.03364 1.24406 0.00258111 -0.0134138 -1.94665 -1.02506 0.796475 -0.196857 -0.000419672 8.18218e-05 -0.727009
835.21 0.0901448 -0.369009 1.83387 -2.93805 0.499487 1.97362 0.063527 -0.372163 1.88912 -2.9393 0.503571 1.96031 -0.0266177 -0.0031536 0.0552478 -0.0012505 0.00408432 -0.0133101 0.0614066 0.767193 0.0658897 -0.483252 1.67282 -2.94261 0.496879 1.97318 -0.0242551 -0.114243 -0.161047 -0.00456328 -0.00260719 -0.000445797 0.198937 0.292083 -0.474434 2.03565 1.24461 0.00184858 -0.0128641 -1.94652 -1.02506 0.796475 -0.196857 -0.000419672 8.18218e-05 -0.727009
835.607 0.0873429 -0.371259 1.83351 -2.93854 0.499065 1.97363 0.0602043 -0.372612 1.88717 -2.95643 0.524249 1.96474 -0.0271386 -0.00135282 0.0536613 -0.0178937 0.0251838 -0.00889406 0.0601487 1.69743 0.0623118 -0.487783 1.67367 -2.94401 0.495682 1.9729 -0.0250311 -0.116524 -0.159841 -0.00546891 -0.00338288 -0.000728324 0.199383 0.353878 -0.476487 2.03757 1.24382 0.00150954 -0.0122697 -1.94642 -1.02506 0.796475 -0.196857 -0.000419672 8.18218e-05 -0.727009
836.299 0.0802903 -0.380908 1.83025 -2.93995 0.497326 1.97345 0.0536098 -0.37918 1.88705 -2.96045 0.522908 1.96216 -0.0266805 0.0017276 0.0567918 -0.020506 0.0255821 -0.011286 0.0627706 1.79013 0.0538393 -0.499904 1.67194 -2.9453 0.494682 1.97261 -0.026451 -0.118996 -0.158319 -0.00535439 -0.00264319 -0.000840715 0.199811 0.325057 -0.480967 2.04327 1.23895 0.000880715 -0.0102206 -1.94622 -1.02506 0.796475 -0.196857 -0.000419672 8.18218e-05 -0.727009
836.715 0.0768987 -0.385901 1.82852 -2.94083 0.496579 1.97333 0.0503131 -0.385761 1.88699 -2.96306 0.52103 1.96057 -0.0265856 0.000139332 0.0584664 -0.0222252 0.0244508 -0.0127664 0.0642272 1.7921 0.0498488 -0.506708 1.67123 -2.94557 0.494747 1.97276 -0.0270499 -0.120807 -0.157289 -0.00474238 -0.00183274 -0.000572933 0.200165 0.278362 -0.482758 2.04615 1.23624 0.000363113 -0.00923052 -1.94617 -1.02506 0.796475 -0.196857 -0.000419672 8.18218e-05 -0.727009
837.041 0.0730132 -0.391061 1.82695 -2.94203 0.495943 1.97321 0.0470227 -0.39188 1.88872 -2.94976 0.499107 1.95392 -0.0259905 -0.000819086 0.0617656 -0.00772197 0.00316413 -0.019284 0.0670161 0.9915 0.0445734 -0.513343 1.67047 -2.94666 0.49495 1.97295 -0.0284398 -0.122281 -0.15649 -0.00462256 -0.000992974 -0.000253731 0.200625 0.26393 -0.484468 2.04925 1.23359 -0.000489409 -0.00822807 -1.94614 -1.02506 0.796475 -0.196857 -0.000419672 8.18218e-05 -0.727009
837.41 0.0689717 -0.396314 1.82566 -2.94334 0.495333 1.97306 0.0416556 -0.394967 1.87199 -2.90941 0.491955 1.98074 -0.0273161 0.00134708 0.0463332 0.0339298 -0.00337868 0.00767927 0.0538028 1.78882 0.0398653 -0.518698 1.66918 -2.94835 0.494696 1.97287 -0.0291064 -0.122384 -0.156476 -0.00501141 -0.000636846 -0.000196002 0.200773 0.28393 -0.486083 2.05252 1.23117 -0.00143564 -0.00722041 -1.94614 -1.02506 0.796475 -0.196857 -0.000419672 8.18218e-05 -0.727009
837.694 0.0643009 -0.402799 1.82452 -2.94457 0.494616 1.97288 0.0371245 -0.405041 1.88855 -2.95611 0.495915 1.95005 -0.0271764 -0.00224211 0.0640314 -0.0115338 0.00129877 -0.0228276 0.069596 1.15386 0.035067 -0.52439 1.66752 -2.94997 0.494287 1.97264 -0.0292339 -0.121591 -0.157001 -0.0053958 -0.000329373 -0.000237577 0.20072 0.303902 -0.48806 2.05706 1.22836 -0.00225568 -0.006136 -1.94616 -1.02506 0.796475 -0.196857 -0.000419672 8.18218e-05 -0.727009
838.024 0.0614615 -0.407652 1.824 -2.94514 0.493921 1.9727 0.0338339 -0.408797 1.88681 -2.97399 0.515203 1.95366 -0.0276276 -0.00114462 0.0628126 -0.0288511 0.0212816 -0.0190306 0.0686296 1.91459 0.0316886 -0.530078 1.66745 -2.95071 0.493746 1.97243 -0.029773 -0.122426 -0.156549 -0.00557073 -0.000174983 -0.000266459 0.200953 0.312787 -0.489399 2.06056 1.22661 -0.00246406 -0.00530036 -1.94618 -1.02506 0.796475 -0.196857 -0.000419672 8.18218e-05 -0.727009
838.32 0.0589142 -0.412643 1.82372 -2.94564 0.493072 1.97249 0.03082 -0.408431 1.85505 -2.95523 0.524779 1.96506 -0.0280942 0.00421198 0.0313318 -0.00958823 0.0317061 -0.00742669 0.0422932 1.88554 0.0284043 -0.534107 1.66658 -2.95145 0.49278 1.97217 -0.0305099 -0.121464 -0.157146 -0.00580604 -0.000292072 -0.000316083 0.200946 0.325057 -0.490618 2.0641 1.22517 -0.00254121 -0.00434667 -1.94619 -1.02506 0.796475 -0.196857 -0.000419672 8.18218e-05 -0.727009
838.808 0.0566627 -0.419072 1.82388 -2.94567 0.491698 1.97219 0.0272288 -0.421509 1.88843 -2.96287 0.491533 1.94597 -0.0294339 -0.0024372 0.0645479 -0.0172083 -0.000164331 -0.0262174 0.070984 1.35277 0.0254426 -0.537927 1.6652 -2.95175 0.4906 1.9716 -0.0312201 -0.118855 -0.158681 -0.00608642 -0.00109716 -0.000589152 0.200701 0.340349 -0.49208 2.06883 1.22385 -0.00194939 -0.00307218 -1.94618 -1.02506 0.796475 -0.196857 -0.000419672 8.18218e-05 -0.727009
839.455 0.0556798 -0.42343 1.82454 -2.94525 0.490611 1.972 0.0253609 -0.422564 1.87114 -2.96052 0.485186 1.9738 -0.030319 0.000865599 0.0466006 -0.0152624 -0.00542583 0.00180549 0.0556022 0.978388 0.0240047 -0.541399 1.66536 -2.95096 0.489038 1.97119 -0.0316751 -0.117969 -0.159184 -0.00570654 -0.00157323 -0.000811556 0.200648 0.320206 -0.493089 2.07235 1.22344 -0.00109858 -0.00221616 -1.94614 -1.02506 0.796475 -0.196857 -0.000419672 8.18218e-05 -0.727009
840.004 0.0550488 -0.426906 1.82582 -2.94452 0.489732 1.97189 0.0243407 -0.424624 1.85501 -2.96082 0.51988 1.96163 -0.0307081 0.00228178 0.0291975 -0.0163042 0.0301485 -0.010251 0.0424345 1.91581 0.0225042 -0.544152 1.66624 -2.94981 0.48795 1.97089 -0.0325445 -0.117246 -0.15958 -0.00529432 -0.00178161 -0.00099313 0.200677 0.298707 -0.494067 2.07582 1.2236 -5.65907e-05 -0.00165884 -1.94607 -1.02506 0.796475 -0.196857 -0.000419672 8.18218e-05 -0.727009
840.48 0.054242 -0.429854 1.82852 -2.94328 0.489117 1.97187 0.0239306 -0.434696 1.8884 -2.96633 0.487376 1.94404 -0.0303113 -0.00484294 0.0598734 -0.02305 -0.00174074 -0.0278381 0.0672834 1.52367 0.0195702 -0.545066 1.66784 -2.94803 0.487063 1.9706 -0.0346718 -0.115212 -0.160688 -0.00474668 -0.00205391 -0.00127745 0.20074 0.272681 -0.495393 2.08038 1.2247 0.00133202 -0.00152022 -1.94596 -1.02506 0.796475 -0.196857 -0.000419672 8.18218e-05 -0.727009
841.021 0.0536398 -0.431192 1.83117 -2.94216 0.488929 1.97193 0.0220605 -0.432536 1.87175 -2.92001 0.519239 1.98143 -0.0315793 -0.00134464 0.04058 0.022142 0.03031 0.00949986 0.0514373 2.0626 0.0177105 -0.544582 1.66946 -2.94665 0.486729 1.97042 -0.0359293 -0.11339 -0.161711 -0.00449065 -0.00219928 -0.0015151 0.200746 0.262443 -0.496451 2.08375 1.22603 0.00240947 -0.00173433 -1.94587 -1.02506 0.796475 -0.196857 -0.000419672 8.18218e-05 -0.727009
841.621 0.0528875 -0.432289 1.83397 -2.94109 0.488795 1.97202 0.0220723 -0.43486 1.87124 -2.94084 0.500263 1.97683 -0.0308152 -0.00257072 0.0372751 0.000247153 0.0114681 0.0048125 0.0484316 0.709967 0.0165538 -0.544415 1.67158 -2.94531 0.486718 1.97038 -0.0363338 -0.112126 -0.162394 -0.00422155 -0.00207645 -0.00163234 0.200659 0.245493 -0.497601 2.08711 1.22758 0.00341677 -0.00197967 -1.94577 -1.02506 0.796475 -0.196857 -0.000419672 8.18218e-05 -0.727009
842.165 0.0515576 -0.433541 1.83674 -2.94037 0.488672 1.97211 0.0220723 -0.43486 1.87124 -2.94084 0.500263 1.97683 -0.0294853 -0.00131907 0.0345022 -0.000469675 0.0115908 0.00472043 0.045404 0.722534 0.015303 -0.545217 1.67411 -2.94425 0.486857 1.97042 -0.0362547 -0.111677 -0.162628 -0.00387857 -0.00181486 -0.00168528 0.200584 0.222056 -0.49887 2.09046 1.22916 0.00408331 -0.0021139 -1.94567 -1.02506 0.796475 -0.196857 -0.000419672 8.18218e-05 -0.727009
842.661 0.0484456 -0.435612 1.84021 -2.94025 0.488588 1.97225 0.0199816 -0.44243 1.90397 -2.96366 0.488464 1.96312 -0.028464 -0.00681786 0.0637619 -0.0234185 -0.000124004 -0.00913339 0.0701589 1.1896 0.0144866 -0.54603 1.67684 -2.94389 0.48676 1.97054 -0.033959 -0.110418 -0.163367 -0.00364507 -0.00182805 -0.00170845 0.200085 0.213062 -0.500779 2.09496 1.23116 0.00415905 -0.00208088 -1.94553 -1.02506 0.796475 -0.196857 -0.000419672 8.18218e-05 -0.727009
842.996 0.0448605 -0.437574 1.84267 -2.94095 0.488572 1.97236 0.0166395 -0.443367 1.90437 -2.94308 0.507517 1.96674 -0.0282211 -0.00579245 0.0616979 -0.00213103 0.0189457 -0.00561645 0.0680927 1.12222 0.0128742 -0.547027 1.67871 -2.94441 0.486598 1.97065 -0.0319863 -0.109453 -0.163966 -0.00345565 -0.00197409 -0.00170741 0.199719 0.207479 -0.502375 2.09835 1.23264 0.00344865 -0.00182233 -1.94543 -1.02506 0.796475 -0.196857 -0.000419672 8.18218e-05 -0.727009
843.401 0.0406302 -0.439868 1.84506 -2.9421 0.488484 1.97243 0.0133312 -0.445753 1.90396 -2.96679 0.488268 1.96106 -0.0272989 -0.00588454 0.0589044 -0.0246941 -0.000215952 -0.0113644 0.0651889 1.2496 0.00978321 -0.54639 1.67935 -2.94514 0.486113 1.97098 -0.030847 -0.106522 -0.165709 -0.00304535 -0.00237182 -0.00144866 0.199394 0.205584 -0.504092 2.10174 1.23421 0.00236187 -0.00134455 -1.94535 -1.02506 0.796475 -0.196857 -0.000419672 8.18218e-05 -0.727009
843.769 0.0349295 -0.443348 1.84813 -2.9437 0.488088 1.97244 0.00745762 -0.442859 1.88795 -2.96929 0.524874 1.94725 -0.0274718 0.000488713 0.0398228 -0.0255877 0.0367858 -0.0251821 0.0483818 2.57299 0.00620936 -0.546663 1.6805 -2.94657 0.485332 1.97147 -0.0287201 -0.103315 -0.167626 -0.00286353 -0.0027565 -0.000962931 0.198991 0.214891 -0.506517 2.10619 1.2364 0.000989221 -0.000427313 -1.94527 -1.02506 0.796475 -0.196857 -0.000419672 8.18218e-05 -0.727009
844.128 0.0309207 -0.446081 1.85031 -2.94477 0.487614 1.97239 0.00333621 -0.450012 1.90434 -2.9495 0.507146 1.96244 -0.0275845 -0.00393133 0.054023 -0.0047352 0.0195315 -0.00995853 0.0607852 1.22621 0.00571612 -0.546669 1.68108 -2.94803 0.484979 1.97144 -0.0252045 -0.100588 -0.169231 -0.00325983 -0.00263565 -0.000959454 0.198475 0.225554 -0.508405 2.10944 1.23805 0.000170427 0.000377704 -1.94521 -1.02506 0.796475 -0.196857 -0.000419672 8.18218e-05 -0.727009
844.472 0.0272743 -0.448655 1.85241 -2.94557 0.487094 1.97234 -0.00082046 -0.445584 1.87162 -2.93175 0.518175 1.97353 -0.0280948 0.00307167 0.0192154 0.013822 0.0310804 0.00119312 0.0341757 1.93674 0.00512649 -0.546942 1.68183 -2.94889 0.484662 1.9713 -0.0221478 -0.0982865 -0.170575 -0.00331815 -0.00243189 -0.00103569 0.198107 0.220287 -0.510332 2.11257 1.23965 -0.000379386 0.00113275 -1.94516 -1.02506 0.796475 -0.196857 -0.000419672 8.18218e-05 -0.727009
845.131 0.0199898 -0.453154 1.85694 -2.94648 0.48617 1.97224 -0.0092435 -0.460539 1.92056 -2.93318 0.488717 1.97513 -0.0292333 -0.00738507 0.0636171 0.0133 0.00254663 0.00288447 0.0704007 0.714911 0.00439597 -0.546324 1.68342 -2.94793 0.484556 1.97108 -0.0155938 -0.0931704 -0.173519 -0.00145412 -0.00161356 -0.00115898 0.197567 0.121947 -0.514947 2.11924 1.24299 -0.000865157 0.0022951 -1.94506 -1.02506 0.796475 -0.196857 -0.000419672 8.18218e-05 -0.727009
845.477 0.0174921 -0.45443 1.85871 -2.9464 0.485864 1.97221 -0.0132486 -0.457331 1.90362 -2.97406 0.52609 1.96123 -0.0307408 -0.00290169 0.0449113 -0.027662 0.0402261 -0.0109866 0.0545017 2.69312 0.0036562 -0.545484 1.68399 -2.94664 0.484535 1.97129 -0.0138359 -0.0910549 -0.174725 -0.000245394 -0.00132892 -0.000925011 0.197513 0.0884693 -0.516973 2.12179 1.24425 -0.00067498 0.00255091 -1.94503 -1.02506 0.796475 -0.196857 -0.000419672 8.18218e-05 -0.727009
845.863 0.0153585 -0.455394 1.86036 -2.94606 0.485567 1.97217 -0.0149597 -0.460147 1.90498 -2.9593 0.505499 1.95621 -0.0303183 -0.00475338 0.044628 -0.0132399 0.0199315 -0.0159649 0.0541614 1.43395 0.00278411 -0.544969 1.68479 -2.94555 0.484506 1.97143 -0.0125744 -0.0895751 -0.175567 0.000509274 -0.00106123 -0.000741664 0.197498 0.0884693 -0.519038 2.12414 1.24542 -0.000239049 0.00270713 -1.945 -1.02506 0.796475 -0.196857 -0.000419672 8.18218e-05 -0.727009
846.254 0.0130214 -0.456444 1.86224 -2.94529 0.48508 1.97208 -0.0171637 -0.452137 1.87168 -2.93956 0.518274 1.96816 -0.0301851 0.0043072 0.00944055 0.00573409 0.0331942 -0.00392561 0.0319189 1.96124 0.00388017 -0.544971 1.68608 -2.94367 0.484545 1.9716 -0.00914121 -0.0885263 -0.176156 0.00162402 -0.0005349 -0.000480441 0.197361 0.111906 -0.52188 2.12696 1.24677 0.000694492 0.00288916 -1.94499 -1.02506 0.796475 -0.196857 -0.000419672 8.18218e-05 -0.727009
846.556 0.0112865 -0.4569 1.86339 -2.94464 0.484823 1.97204 -0.0193063 -0.4639 1.92059 -2.93759 0.48902 1.97217 -0.0305928 -0.00700078 0.0571906 0.00705152 0.00419691 0.000130276 0.0652357 0.4673 0.00468547 -0.542749 1.68571 -2.94196 0.484941 1.97183 -0.00660102 -0.0858495 -0.177688 0.00268344 0.000117871 -0.000204069 0.19745 0.160713 -0.524109 2.12886 1.24755 0.00141438 0.00290153 -1.94497 -1.02506 0.796475 -0.196857 -0.000419672 8.18218e-05 -0.727009
847.24 0.00645292 -0.457111 1.86489 -2.94335 0.484727 1.97205 -0.0232722 -0.460036 1.90452 -2.96169 0.507346 1.95413 -0.0297251 -0.00292485 0.0396303 -0.0183415 0.0226184 -0.017918 0.0496255 1.67655 0.00361698 -0.53884 1.68483 -2.93898 0.486732 1.97245 -0.00283593 -0.0817295 -0.18006 0.00437521 0.00200518 0.000401033 0.197761 0.266879 -0.52976 2.13262 1.24819 0.00265329 0.00254368 -1.94494 -1.02506 0.796475 -0.196857 -0.000419672 8.18218e-05 -0.727009
847.631 0.00424565 -0.457118 1.86489 -2.94278 0.484731 1.97205 -0.0260153 -0.463911 1.92063 -2.94018 0.489962 1.97036 -0.0302609 -0.00679341 0.0557386 0.00260351 0.00523032 -0.00169832 0.0637861 0.367973 0.00292833 -0.537925 1.68429 -2.93788 0.488001 1.97238 -0.00131731 -0.0808073 -0.180599 0.00489536 0.00326972 0.000327227 0.197857 0.331022 -0.53241 2.13397 1.24788 0.00318444 0.0023423 -1.94494 -1.02506 0.796475 -0.196857 -0.000419672 8.18218e-05 -0.727009
848.236 -0.00218067 -0.455812 1.86366 -2.94167 0.485661 1.97226 -0.0313221 -0.455578 1.88598 -2.92289 0.503905 1.98079 -0.0291414 0.000234443 0.0223279 0.0187836 0.0182437 0.00852276 0.0367126 1.41084 0.00211544 -0.540766 1.68539 -2.93609 0.489819 1.97185 0.00429611 -0.0849536 -0.178264 0.00557995 0.00415752 -0.000418177 0.197518 0.408304 -0.539209 2.13664 1.24565 0.00380352 0.00110147 -1.94494 -1.02506 0.796475 -0.196857 -0.000419672 8.18218e-05 -0.727009
848.631 -0.00578686 -0.454867 1.86251 -2.94149 0.486477 1.97246 -0.0355409 -0.467454 1.93537 -2.92115 0.473191 1.98457 -0.029754 -0.0125869 0.0728536 0.0203347 -0.0132868 0.0121152 0.0796955 1.29301 0.000966907 -0.539639 1.68412 -2.93547 0.489838 1.97165 0.00675376 -0.0847715 -0.178392 0.00601801 0.00336026 -0.000806201 0.197625 0.415901 -0.542387 2.13763 1.24397 0.00360392 0.000288913 -1.94493 -1.02506 0.796475 -0.196857 -0.000419672 8.18218e-05 -0.727009
848.987 -0.00985071 -0.454909 1.8606 -2.94172 0.48701 1.97258 -0.039403 -0.46184 1.91898 -2.94178 0.493297 1.96799 -0.0295523 -0.00693123 0.058384 -6.43708e-05 0.00628739 -0.00459159 0.0658033 0.444994 -0.00115527 -0.539694 1.6822 -2.93525 0.48974 1.97166 0.00869544 -0.0847853 -0.178402 0.00646751 0.00272942 -0.000925288 0.197715 0.427958 -0.545702 2.13857 1.2417 0.00314338 -0.00012294 -1.94493 -1.02506 0.796475 -0.196857 -0.000419672 8.18218e-05 -0.727009
850.055 -0.0246526 -0.461015 1.84808 -2.9438 0.487166 1.97265 -0.0543688 -0.45996 1.88705 -2.94983 0.523983 1.97787 -0.0297162 0.00105497 0.038969 -0.00602843 0.0368166 0.00521788 0.0490179 2.1814 -0.00887715 -0.54774 1.67083 -2.93565 0.488929 1.9722 0.0157754 -0.0867248 -0.177253 0.00814972 0.00176253 -0.000445882 0.197961 0.490189 -0.557462 2.14128 1.22871 0.00110449 0.000453899 -1.9449 -1.02506 0.796475 -0.196857 -0.000419672 8.18218e-05 -0.727009
850.391 -0.0291001 -0.462587 1.8431 -2.94419 0.487615 1.97275 -0.0595554 -0.473229 1.92106 -2.97458 0.471576 1.95743 -0.0304554 -0.0106416 0.0779606 -0.030388 -0.0160389 -0.015321 0.084372 1.79885 -0.0114191 -0.551243 1.66697 -2.93611 0.489644 1.97246 0.017681 -0.0886557 -0.176133 0.00807664 0.00202885 -0.000287108 0.197978 0.484568 -0.561132 2.14192 1.22324 0.000536821 0.000175497 -1.9449 -1.02506 0.796475 -0.196857 -0.000419672 8.18218e-05 -0.727009
850.797 -0.0347922 -0.464295 1.83594 -2.94441 0.488467 1.97293 -0.0639429 -0.471516 1.90054 -2.93396 0.467604 1.98442 -0.0291507 -0.00722109 0.0646032 0.010448 -0.0208632 0.011487 0.0712424 1.36315 -0.0147539 -0.554008 1.66042 -2.93675 0.491028 1.97288 0.0200383 -0.0897137 -0.17552 0.00765679 0.00256143 -4.6461e-05 0.198135 0.463938 -0.566068 2.14265 1.21521 -4.92487e-05 -0.000531881 -1.94492 -1.02506 0.796475 -0.196857 -0.000419672 8.18218e-05 -0.727009
851.187 -0.0390102 -0.46577 1.83013 -2.94457 0.489085 1.97305 -0.0696075 -0.477767 1.91903 -2.93927 0.472555 1.95428 -0.0305972 -0.0119976 0.0888975 0.00530048 -0.0165295 -0.0187749 0.0947781 1.56473 -0.0167171 -0.557076 1.65554 -2.93721 0.491926 1.97312 0.0222931 -0.0913061 -0.174593 0.00735459 0.00284132 7.07875e-05 0.198284 0.45024 -0.569775 2.14312 1.20875 -0.000466952 -0.00104628 -1.94493 -1.02506 0.796475 -0.196857 -0.000419672 8.18218e-05 -0.727009
851.631 -0.0436452 -0.467566 1.824 -2.94508 0.489717 1.97317 -0.0739086 -0.478206 1.90074 -2.9387 0.466696 1.98141 -0.0302634 -0.01064 0.0767456 0.00637581 -0.0230211 0.00824175 0.0831804 1.39185 -0.018298 -0.560784 1.65053 -2.93794 0.492814 1.97339 0.0253472 -0.0932178 -0.173466 0.0071354 0.00309655 0.000218555 0.198551 0.440575 -0.573461 2.14354 1.20202 -0.00121947 -0.00145257 -1.94495 -1.02506 0.796475 -0.196857 -0.000419672 8.18218e-05 -0.727009
851.934 -0.0508129 -0.470287 1.8155 -2.94656 0.490735 1.97339 -0.0791185 -0.478113 1.88721 -2.96439 0.483033 1.96272 -0.0283056 -0.00782585 0.0717092 -0.0178349 -0.00770168 -0.010667 0.0774898 1.01375 -0.0212726 -0.564841 1.64286 -2.94011 0.494126 1.97381 0.0295403 -0.0945534 -0.172647 0.00644343 0.00339105 0.000425541 0.199048 0.407344 -0.578288 2.14401 1.19283 -0.00306326 -0.00187884 -1.94496 -1.02506 0.796475 -0.196857 -0.000419672 8.18218e-05 -0.727009
852.279 -0.0565064 -0.472418 1.80909 -2.948 0.49157 1.97357 -0.0835774 -0.470323 1.84037 -2.95266 0.53001 1.95759 -0.027071 0.0020947 0.0312764 -0.00465352 0.0384406 -0.0159834 0.0414178 2.34985 -0.0231269 -0.56858 1.63747 -2.94217 0.495041 1.97408 0.0333795 -0.096162 -0.171617 0.00583769 0.00347119 0.000508869 0.199534 0.378459 -0.58178 2.1443 1.18601 -0.00479347 -0.00214564 -1.94496 -1.02506 0.796475 -0.196857 -0.000419672 8.18218e-05 -0.727009
852.64 -0.0619673 -0.474536 1.80288 -2.94948 0.492346 1.97375 -0.0900172 -0.4736 1.84061 -2.95583 0.529647 1.95537 -0.0280499 0.000935505 0.0377266 -0.00634731 0.0373005 -0.0183801 0.0470209 2.33112 -0.0261729 -0.572561 1.63242 -2.94435 0.495637 1.97425 0.0357945 -0.0980256 -0.170462 0.00512497 0.00329106 0.00050038 0.199869 0.338041 -0.585094 2.14451 1.17946 -0.00653079 -0.00235067 -1.94495 -1.02506 0.796475 -0.196857 -0.000419672 8.18218e-05 -0.727009
852.957 -0.0666571 -0.47682 1.79688 -2.95069 0.492829 1.97386 -0.0964266 -0.482454 1.8562 -2.97332 0.51191 1.97074 -0.0297695 -0.00563347 0.0593244 -0.022629 0.019081 -0.00311353 0.0666134 1.63877 -0.0299826 -0.576554 1.62748 -2.94655 0.495606 1.97416 0.0366745 -0.0997336 -0.169399 0.00413522 0.00277674 0.00030295 0.199969 0.278362 -0.588172 2.14464 1.17324 -0.00788561 -0.002376 -1.94494 -1.02506 0.796475 -0.196857 -0.000419672 8.18218e-05 -0.727009
853.657 -0.0735298 -0.48306 1.78374 -2.95201 0.492408 1.97378 -0.105159 -0.483875 1.82476 -2.96132 0.521027 1.97762 -0.0316288 -0.000815125 0.0410165 -0.00930549 0.0286191 0.00383662 0.0518016 1.77056 -0.0319641 -0.583929 1.61508 -2.95015 0.493926 1.97378 0.0415657 -0.100869 -0.168657 0.00185807 0.00151833 -1.36176e-06 0.200867 0.137056 -0.594237 2.14453 1.16008 -0.00894616 -0.00153022 -1.94493 -1.02506 0.796475 -0.196857 -0.000419672 8.18218e-05 -0.727009
854.009 -0.0753527 -0.485823 1.77854 -2.9523 0.491855 1.97368 -0.1083 -0.484051 1.81047 -2.96696 0.518889 1.95627 -0.0329468 0.00177172 0.0319284 -0.0146568 0.0270336 -0.0174083 0.0459135 1.81337 -0.0338041 -0.587996 1.61065 -2.95091 0.49321 1.97376 0.0415486 -0.102173 -0.167896 0.00139337 0.00135497 7.85581e-05 0.200884 0.108352 -0.596335 2.14426 1.15508 -0.00897481 -0.000923855 -1.94491 -1.02506 0.796475 -0.196857 -0.000419672 8.18218e-05 -0.727009
854.408 -0.0771363 -0.488171 1.77238 -2.95235 0.491571 1.97364 -0.112624 -0.500857 1.85532 -2.9648 0.489478 1.96184 -0.0354875 -0.0126861 0.0829396 -0.012447 -0.00209281 -0.0117946 0.0911003 0.725237 -0.0356369 -0.592431 1.60567 -2.95124 0.493074 1.97396 0.0414994 -0.10426 -0.16671 0.00111192 0.00150366 0.00032837 0.200959 0.104678 -0.59868 2.14365 1.14897 -0.00890452 -0.000644111 -1.9449 -1.02506 0.796475 -0.196857 -0.000419672 8.18218e-05 -0.727009
854.775 -0.0781852 -0.488868 1.76825 -2.95223 0.491804 1.97369 -0.111462 -0.491962 1.81049 -2.97012 0.516127 1.9547 -0.0332767 -0.00309469 0.0422384 -0.0178863 0.0243223 -0.0189941 0.0538609 1.76059 -0.0375133 -0.596965 1.60377 -2.95138 0.493611 1.9742 0.040672 -0.108098 -0.164482 0.00084669 0.00180697 0.000512676 0.200982 0.111906 -0.600109 2.143 1.1447 -0.00889985 -0.000900484 -1.94489 -1.02506 0.796475 -0.196857 -0.000419672 8.18218e-05 -0.727009
855.107 -0.0794935 -0.488847 1.76442 -2.95236 0.49249 1.97383 -0.111908 -0.488444 1.79171 -2.93194 0.512887 1.98156 -0.0324145 0.000402595 0.0272834 0.0204248 0.0203977 0.00772728 0.0423703 1.55947 -0.0397012 -0.600035 1.60175 -2.95218 0.494791 1.97455 0.0397923 -0.111187 -0.162674 0.000184643 0.00230169 0.000710641 0.201019 0.137056 -0.601254 2.14219 1.14063 -0.00932774 -0.00148546 -1.9449 -1.02506 0.796475 -0.196857 -0.000419672 8.18218e-05 -0.727009
855.439 -0.0813013 -0.487934 1.75968 -2.95274 0.493952 1.97412 -0.114634 -0.495168 1.81065 -2.97183 0.515344 1.95354 -0.0333325 -0.00723434 0.0509677 -0.0190941 0.0213924 -0.0205819 0.0613278 1.68586 -0.0420565 -0.604528 1.6002 -2.95358 0.496531 1.97492 0.0392449 -0.116594 -0.159478 -0.000842709 0.00257913 0.000794852 0.201414 0.167859 -0.602305 2.1409 1.13539 -0.0103242 -0.00270121 -1.94492 -1.02506 0.796475 -0.196857 -0.000419672 8.18218e-05 -0.727009
856.205 -0.0824286 -0.485169 1.7531 -2.95269 0.496815 1.97469 -0.119481 -0.498017 1.82407 -2.97018 0.482721 1.9666 -0.0370525 -0.0128486 0.0709779 -0.017497 -0.0140941 -0.00808865 0.0810916 1.19779 -0.0466575 -0.607399 1.59696 -2.95389 0.499771 1.97567 0.0357711 -0.12223 -0.156134 -0.00120704 0.00295607 0.000978766 0.201489 0.201741 -0.602698 2.13863 1.12746 -0.0115328 -0.00536699 -1.94497 -1.02506 0.796475 -0.196857 -0.000419672 8.18218e-05 -0.727009
857.197 -0.0744544 -0.479097 1.74457 -2.9476 0.500841 1.97546 -0.11196 -0.486374 1.79277 -2.9505 0.49537 1.97854 -0.0375054 -0.00727705 0.0481999 -0.00290117 -0.00547043 0.00308372 0.0615048 0.430693 -0.0505244 -0.606868 1.59166 -2.94658 0.504519 1.9766 0.02393 -0.127771 -0.152909 0.00102618 0.00367822 0.00113725 0.200697 0.220287 -0.59971 2.13476 1.11518 -0.0085009 -0.0108264 -1.94509 -1.02506 0.796475 -0.196857 -0.000419672 8.18218e-05 -0.727009
857.548 -0.0707468 -0.477256 1.74288 -2.94558 0.501993 1.97565 -0.108806 -0.482115 1.77985 -2.95241 0.528282 1.96536 -0.0380596 -0.00485884 0.0369675 -0.00683716 0.0262888 -0.0102963 0.0532798 1.59446 -0.0511788 -0.606758 1.591 -2.94407 0.505806 1.97667 0.019568 -0.129502 -0.151882 0.00150446 0.00381237 0.00101101 0.200553 0.23239 -0.597954 2.13387 1.11206 -0.00710131 -0.0125735 -1.94516 -1.02506 0.796475 -0.196857 -0.000419672 8.18218e-05 -0.727009
858.609 -0.0608297 -0.476452 1.74012 -2.94258 0.504617 1.97586 -0.0979023 -0.478873 1.77936 -2.94639 0.527754 1.96959 -0.0370726 -0.00242148 0.0392356 -0.00381599 0.023137 -0.00626935 0.0540339 1.36257 -0.047566 -0.613792 1.59299 -2.94055 0.506216 1.97656 0.0132637 -0.13734 -0.14713 0.00202323 0.00159892 0.000698722 0.201706 0.137056 -0.589611 2.13309 1.10505 -0.00528142 -0.0160196 -1.94552 -1.02506 0.796475 -0.196857 -0.000419672 8.18218e-05 -0.727009
858.961 -0.0576188 -0.479601 1.73986 -2.94296 0.504581 1.97562 -0.0955947 -0.489085 1.80863 -2.94659 0.49827 1.95631 -0.0379759 -0.00948432 0.0687665 -0.00363742 -0.00631099 -0.0193121 0.0791262 1.08498 -0.0433392 -0.617754 1.59322 -2.94002 0.504313 1.97621 0.0142796 -0.138153 -0.146642 0.00293672 -0.000268002 0.000591562 0.201975 0.155766 -0.585243 2.13393 1.10344 -0.00550361 -0.0158567 -1.94572 -1.02506 0.796475 -0.196857 -0.000419672 8.18218e-05 -0.727009
859.693 -0.0527863 -0.48806 1.73995 -2.94456 0.503246 1.9749 -0.0885609 -0.488087 1.77895 -2.94382 0.523074 1.97191 -0.0357746 -2.71009e-05 0.0390046 0.000736562 0.0198281 -0.0029958 0.0529262 1.15284 -0.0332661 -0.624199 1.59203 -2.93993 0.501126 1.97518 0.0195202 -0.136139 -0.147919 0.00462821 -0.00211968 0.00028006 0.201977 0.285305 -0.577594 2.1364 1.10169 -0.00619049 -0.0140641 -1.94606 -1.02506 0.796475 -0.196857 -0.000419672 8.18218e-05 -0.727009
860.298 -0.0457676 -0.504953 1.73968 -2.9475 0.498748 1.97327 -0.0838915 -0.500466 1.77877 -2.94463 0.518195 1.97198 -0.038124 0.00448672 0.0390867 0.00287189 0.019447 -0.00129221 0.0547845 1.13401 -0.0256662 -0.63306 1.58682 -2.94162 0.495531 1.97317 0.0201014 -0.128107 -0.152858 0.00588103 -0.00321692 -0.000104384 0.200452 0.386643 -0.567069 2.14072 1.10013 -0.00660019 -0.00892974 -1.94659 -1.02506 0.796475 -0.196857 -0.000419672 8.18218e-05 -0.727009
861.123 -0.0374616 -0.521012 1.73998 -2.94915 0.493912 1.97148 -0.0745596 -0.519012 1.77843 -2.94358 0.510246 1.97359 -0.0370979 0.00200007 0.0384532 0.00557093 0.0163337 0.00211547 0.0534687 0.977187 -0.0219065 -0.641441 1.58241 -2.94387 0.490814 1.97139 0.0155551 -0.120429 -0.15757 0.00527968 -0.0030979 -9.03607e-05 0.198931 0.35277 -0.556908 2.14498 1.09928 -0.00561285 -0.00391682 -1.94721 -1.02506 0.796475 -0.196857 -0.000419672 8.18218e-05 -0.727009
861.564 -0.0308838 -0.529327 1.74127 -2.94918 0.491648 1.97047 -0.0702973 -0.536237 1.80782 -2.94326 0.478532 1.96083 -0.0394135 -0.00690999 0.0665539 0.00592112 -0.0131159 -0.0096382 0.0776569 1.07666 -0.0180718 -0.646615 1.58177 -2.9445 0.48889 1.97043 0.012812 -0.117289 -0.159495 0.00468032 -0.00275776 -4.24331e-05 0.198392 0.312787 -0.549751 2.14777 1.0991 -0.00436847 -0.00181883 -1.94765 -1.02506 0.796475 -0.196857 -0.000419672 8.18218e-05 -0.727009
862.235 -0.0213265 -0.539452 1.74392 -2.9492 0.489541 1.96926 -0.0578007 -0.536791 1.76534 -2.95957 0.514697 1.96109 -0.0364742 0.00266098 0.0214201 -0.010373 0.0251561 -0.00816914 0.0423824 1.54332 -0.0137894 -0.65277 1.58205 -2.9462 0.486421 1.96909 0.00753706 -0.113318 -0.161863 0.00299934 -0.00312012 -0.000173063 0.197731 0.251788 -0.538738 2.15163 1.09902 -0.00307658 0.00012124 -1.9483 -1.02506 0.796475 -0.196857 -0.000419672 8.18218e-05 -0.727009
862.543 -0.015154 -0.545568 1.74545 -2.94932 0.488528 1.96856 -0.0544919 -0.553006 1.80842 -2.95506 0.487769 1.96793 -0.0393379 -0.00743817 0.0629728 -0.00573957 -0.000758755 -0.000631128 0.0746215 0.316518 -0.0105349 -0.656587 1.58223 -2.94758 0.48457 1.96827 0.00461911 -0.111019 -0.16322 0.00174221 -0.00395814 -0.000286581 0.197453 0.251788 -0.531336 2.15391 1.09865 -0.00249972 0.0010963 -1.94871 -1.02506 0.796475 -0.196857 -0.000419672 8.18218e-05 -0.727009
863.021 -0.010406 -0.550729 1.74605 -2.94951 0.487463 1.96796 -0.0481876 -0.558226 1.80744 -2.93813 0.468251 1.96571 -0.0377816 -0.00749705 0.0613924 0.0113783 -0.0192115 -0.00225087 0.0724754 1.31552 -0.00749691 -0.656585 1.57984 -2.94848 0.483018 1.96764 0.00290913 -0.105856 -0.16621 0.00102564 -0.00444488 -0.000318169 0.197078 0.26393 -0.525796 2.15544 1.09808 -0.00201706 0.00214016 -1.94903 -1.02506 0.796475 -0.196857 -0.000419672 8.18218e-05 -0.727009
863.438 -0.00534185 -0.55652 1.74615 -2.94965 0.485958 1.96726 -0.0418494 -0.563945 1.80805 -2.95271 0.482161 1.97068 -0.0365075 -0.00742551 0.0618951 -0.00306218 -0.00379661 0.00342189 0.0722423 0.38563 -0.00354112 -0.65897 1.57797 -2.94918 0.481144 1.96692 0.00180073 -0.10245 -0.168179 0.000463014 -0.00481361 -0.000333804 0.196935 0.278362 -0.5203 2.15677 1.09733 -0.00129271 0.00357517 -1.94935 -1.02506 0.796475 -0.196857 -0.000419672 8.18218e-05 -0.727009
864.486 0.0113362 -0.572555 1.74564 -2.94971 0.481872 1.96515 -0.0256257 -0.573198 1.78026 -2.97031 0.519867 1.94459 -0.0369619 -0.00064353 0.0346198 -0.0205928 0.0379942 -0.0205629 0.0506471 2.48664 0.00936699 -0.662256 1.5702 -2.94937 0.47823 1.96479 -0.00196925 -0.0897014 -0.175444 0.000339623 -0.00364212 -0.000358254 0.197055 0.211218 -0.502834 2.15942 1.0944 0.00105509 0.0073692 -1.95039 -1.02506 0.796475 -0.196857 -0.000419672 8.18218e-05 -0.727009
864.919 0.0163912 -0.575927 1.74544 -2.94944 0.480994 1.96465 -0.0203845 -0.582224 1.79378 -2.95233 0.470516 1.95545 -0.0367757 -0.00629678 0.0483388 -0.00289004 -0.0104786 -0.00919337 0.0610634 0.76515 0.0126627 -0.662165 1.56805 -2.94918 0.477882 1.96434 -0.00372852 -0.0862377 -0.177391 0.0002609 -0.00311245 -0.000308161 0.197277 0.181308 -0.497996 2.15957 1.09361 0.00185547 0.00808558 -1.95065 -1.02506 0.796475 -0.196857 -0.000419672 8.18218e-05 -0.727009
865.331 0.0235336 -0.57829 1.74572 -2.94835 0.480394 1.96418 -0.0140823 -0.586196 1.79394 -2.96597 0.485042 1.96029 -0.0376159 -0.00790594 0.048211 -0.0176201 0.00464808 -0.00389161 0.0616584 0.964692 0.0149928 -0.659983 1.56579 -2.94831 0.477771 1.96385 -0.00854082 -0.0816927 -0.179939 4.52722e-05 -0.00262354 -0.000333903 0.197799 0.150658 -0.491934 2.15926 1.09296 0.00330618 0.00827168 -1.95093 -1.02506 0.796475 -0.196857 -0.000419672 8.18218e-05 -0.727009
865.878 0.0291629 -0.578396 1.74655 -2.94702 0.480341 1.964 -0.00878905 -0.597635 1.82414 -2.94665 0.473381 1.95083 -0.0379519 -0.0192382 0.0775951 0.000371408 -0.0069601 -0.0131736 0.0884956 0.8623 0.0186416 -0.656553 1.56462 -2.94712 0.478359 1.96365 -0.0105213 -0.0781564 -0.181928 -0.000101026 -0.0019828 -0.00034471 0.198285 0.11535 -0.487727 2.15866 1.09304 0.00466889 0.00786717 -1.95107 -1.02506 0.796475 -0.196857 -0.000419672 8.18218e-05 -0.727009
866.365 0.0346901 -0.577862 1.74769 -2.94565 0.480289 1.9639 -0.00156795 -0.586988 1.79393 -2.94307 0.49941 1.96754 -0.0362581 -0.00912606 0.0462427 0.00257223 0.019121 0.00364632 0.059467 1.11206 0.0219356 -0.653377 1.56428 -2.94583 0.47881 1.96356 -0.0127545 -0.0755157 -0.183407 -0.000188459 -0.00147933 -0.000341494 0.198755 0.0884693 -0.483855 2.15779 1.09371 0.00602765 0.00744935 -1.95113 -1.02506 0.796475 -0.196857 -0.000419672 8.18218e-05 -0.727009
866.714 0.0413574 -0.576308 1.74965 -2.9441 0.480283 1.9639 0.0046979 -0.58699 1.79394 -2.94071 0.498535 1.96941 -0.0366595 -0.0106822 0.0442912 0.00339322 0.0182521 0.00551437 0.0584786 1.08318 0.0235903 -0.64998 1.56525 -2.94446 0.479614 1.96354 -0.0177671 -0.0736722 -0.184402 -0.000351378 -0.000668854 -0.00035783 0.199367 0.0395647 -0.479276 2.15625 1.09547 0.00748243 0.00693069 -1.95112 -1.02506 0.796475 -0.196857 -0.000419672 8.18218e-05 -0.727009
867.928 0.0488198 -0.572189 1.75333 -2.943 0.480758 1.96423 0.0140573 -0.581406 1.79365 -2.92128 0.482933 1.96871 -0.0347625 -0.00921691 0.0403169 0.0217212 0.00217442 0.00447668 0.0540263 1.15521 0.026174 -0.64429 1.56806 -2.94445 0.481538 1.96378 -0.0226458 -0.0721005 -0.185268 -0.0014532 0.000779323 -0.000446805 0.200089 0.0884693 -0.473772 2.15326 1.09957 0.00819494 0.00611528 -1.95092 -1.02506 0.796475 -0.196857 -0.000419672 8.18218e-05 -0.727009
868.226 0.0512941 -0.56964 1.75527 -2.94307 0.481141 1.96451 0.0178592 -0.573856 1.7799 -2.93795 0.497833 1.95468 -0.0334349 -0.00421623 0.0246319 0.00512614 0.0166922 -0.00983387 0.0417421 1.21402 0.0287903 -0.640701 1.56939 -2.94517 0.482576 1.96401 -0.0225037 -0.0710614 -0.185881 -0.00209849 0.00143523 -0.000502265 0.200269 0.137056 -0.471642 2.15152 1.10205 0.00785929 0.00578493 -1.95075 -1.02506 0.796475 -0.196857 -0.000419672 8.18218e-05 -0.727009
868.757 0.05357 -0.56583 1.75778 -2.94356 0.481768 1.96498 0.0210053 -0.569988 1.77995 -2.95146 0.514689 1.95942 -0.0325647 -0.00415766 0.0221636 -0.00790343 0.0329201 -0.00556301 0.0396102 1.93047 0.0302159 -0.635475 1.57117 -2.94627 0.484287 1.96449 -0.0233541 -0.0696446 -0.186617 -0.00271724 0.00251857 -0.000490567 0.200553 0.203672 -0.46941 2.14894 1.10559 0.00694821 0.00535769 -1.95047 -1.02506 0.796475 -0.196857 -0.000419672 8.18218e-05 -0.727009
869.49 0.0577652 -0.557411 1.76198 -2.94282 0.483155 1.96586 0.0241138 -0.560666 1.77997 -2.9487 0.517422 1.96117 -0.0336514 -0.00325554 0.0179905 -0.00588448 0.0342673 -0.00469728 0.0382972 1.9884 0.0321523 -0.628354 1.57599 -2.94525 0.4867 1.9655 -0.0256129 -0.0709429 -0.185985 -0.00242744 0.00354579 -0.0003638 0.200697 0.242283 -0.467233 2.14458 1.11114 0.00675847 0.00382628 -1.94998 -1.02506 0.796475 -0.196857 -0.000419672 8.18218e-05 -0.727009
870.168 0.0611364 -0.549205 1.76526 -2.94099 0.484856 1.96664 0.0272225 -0.554455 1.77999 -2.94643 0.5191 1.96267 -0.0339139 -0.00524953 0.0147302 -0.00544383 0.0342441 -0.00397102 0.0373455 1.98248 0.0343048 -0.622802 1.58072 -2.94304 0.488806 1.96641 -0.0268316 -0.0735971 -0.18454 -0.00205043 0.00395014 -0.0002297 0.200478 0.251788 -0.466505 2.14143 1.11489 0.00751977 0.00163788 -1.94964 -1.02506 0.796475 -0.196857 -0.000419672 8.18218e-05 -0.727009
870.916 0.0646218 -0.53528 1.77044 -2.93839 0.488169 1.96801 0.032678 -0.552461 1.82491 -2.94065 0.499085 1.96938 -0.0319438 -0.0171814 0.0544652 -0.00226728 0.010916 0.00137187 0.0654375 0.65132 0.0367349 -0.613711 1.58861 -2.93976 0.491675 1.9678 -0.0278869 -0.0784314 -0.181835 -0.00137855 0.00350546 -0.000211637 0.199983 0.214891 -0.466454 2.1367 1.12064 0.00817613 -0.00231164 -1.94912 -1.02506 0.796475 -0.196857 -0.000419672 8.18218e-05 -0.727009
871.246 0.0652794 -0.526123 1.77398 -2.93743 0.490487 1.96899 0.0331816 -0.53916 1.80965 -2.94219 0.500308 1.95088 -0.0320978 -0.0130368 0.035673 -0.00475971 0.00982079 -0.0181063 0.0497271 1.09468 0.0378074 -0.607718 1.59391 -2.93803 0.493436 1.96874 -0.027472 -0.0815943 -0.180069 -0.000602085 0.002949 -0.000247394 0.199593 0.172459 -0.467055 2.13377 1.12472 0.00780642 -0.0047795 -1.94874 -1.02506 0.796475 -0.196857 -0.000419672 8.18218e-05 -0.727009
871.927 0.0646095 -0.514498 1.77864 -2.9369 0.493292 1.97036 0.0347876 -0.522386 1.80902 -2.95476 0.523073 1.95631 -0.0298219 -0.00788777 0.0303824 -0.0178654 0.0297813 -0.0140422 0.0432973 1.95064 0.0383059 -0.601536 1.60166 -2.93626 0.495159 1.96999 -0.0263036 -0.0870373 -0.176982 0.000635717 0.00186785 -0.000364596 0.198973 0.118694 -0.468708 2.13004 1.13057 0.00667626 -0.00755023 -1.94812 -1.02506 0.796475 -0.196857 -0.000419672 8.18218e-05 -0.727009
872.249 0.0634216 -0.509176 1.7807 -2.93698 0.494786 1.97109 0.033219 -0.516225 1.80958 -2.95508 0.5249 1.95615 -0.0302026 -0.0070485 0.0288781 -0.0181053 0.0301141 -0.014947 0.0423771 1.97972 0.0389237 -0.598473 1.60499 -2.93551 0.495815 1.97064 -0.0244979 -0.0892965 -0.175712 0.00146791 0.00102916 -0.000450591 0.198617 0.11535 -0.469788 2.12856 1.13307 0.00572461 -0.00890185 -1.94779 -1.02506 0.796475 -0.196857 -0.000419672 8.18218e-05 -0.727009
872.609 0.0609745 -0.50368 1.7828 -2.9377 0.496433 1.97202 0.0326775 -0.514212 1.82493 -2.93405 0.511967 1.97265 -0.028297 -0.0105317 0.0421265 0.00365489 0.0155334 0.000629012 0.0518293 0.910857 0.039562 -0.595088 1.60826 -2.93557 0.496778 1.9715 -0.0214125 -0.0914072 -0.174546 0.00213165 0.000344467 -0.000521789 0.198192 0.139882 -0.471383 2.12704 1.13578 0.00401881 -0.0101718 -1.9473 -1.02506 0.796475 -0.196857 -0.000419672 8.18218e-05 -0.727009
872.897 0.0589397 -0.501002 1.78385 -2.93848 0.497209 1.97262 0.0294899 -0.507827 1.82489 -2.93417 0.514643 1.97227 -0.0294499 -0.00682478 0.0410465 0.00430296 0.0174346 -0.000357897 0.0509774 1.03136 0.0402436 -0.594587 1.61055 -2.93595 0.497312 1.97211 -0.0186961 -0.0935848 -0.173302 0.00252665 0.000103141 -0.000512517 0.197841 0.160713 -0.472626 2.12626 1.13736 0.00272143 -0.0106199 -1.94693 -1.02506 0.796475 -0.196857 -0.000419672 8.18218e-05 -0.727009
873.219 0.0567254 -0.499339 1.78451 -2.93944 0.497728 1.97316 0.0275364 -0.513996 1.85593 -2.93748 0.487854 1.9552 -0.029189 -0.0146572 0.0714264 0.0019565 -0.00987394 -0.0179678 0.0785402 1.22557 0.0407734 -0.594877 1.61233 -2.93642 0.497671 1.97271 -0.015952 -0.0955385 -0.172182 0.00302323 -5.68147e-05 -0.000449281 0.197557 0.187672 -0.473856 2.12578 1.13852 0.00136911 -0.0107673 -1.94655 -1.02506 0.796475 -0.196857 -0.000419672 8.18218e-05 -0.727009
873.526 0.0539888 -0.498509 1.78476 -2.94066 0.498046 1.97378 0.0263024 -0.50463 1.82486 -2.93488 0.516231 1.97159 -0.0276864 -0.00612061 0.0400964 0.0057783 0.0181852 -0.00218582 0.0491092 1.11873 0.038843 -0.597791 1.61477 -2.93727 0.497787 1.97337 -0.0151458 -0.099282 -0.169995 0.0033817 -0.000258745 -0.000407538 0.197445 0.205584 -0.475396 2.1256 1.13931 -0.000192641 -0.0106412 -1.94608 -1.02506 0.796475 -0.196857 -0.000419672 8.18218e-05 -0.727009
874.198 0.0515047 -0.49799 1.78444 -2.94111 0.498586 1.97459 0.0210528 -0.510728 1.85584 -2.93942 0.489874 1.95363 -0.0304519 -0.0127377 0.0713999 0.00168771 -0.00871151 -0.020958 0.0786607 1.34552 0.0344505 -0.603947 1.61837 -2.93809 0.497885 1.97421 -0.0170543 -0.105956 -0.166074 0.00301858 -0.00070089 -0.000383954 0.197733 0.189746 -0.477333 2.1262 1.13877 -0.001216 -0.010985 -1.94547 -1.02506 0.796475 -0.196857 -0.000419672 8.18218e-05 -0.727009
874.516 0.0507086 -0.499983 1.78338 -2.94114 0.498069 1.97485 0.0199512 -0.501925 1.8237 -2.95096 0.535558 1.97448 -0.0307574 -0.00194137 0.0403189 -0.00982254 0.0374895 -0.000370922 0.0507484 2.21788 0.0325251 -0.608484 1.61882 -2.9387 0.497214 1.97452 -0.0181835 -0.108501 -0.164564 0.00243803 -0.000854501 -0.000330076 0.197951 0.158259 -0.478315 2.12717 1.13755 -0.00119822 -0.010496 -1.94514 -1.02506 0.796475 -0.196857 -0.000419672 8.18218e-05 -0.727009
874.925 0.0503483 -0.502635 1.78242 -2.94122 0.497216 1.97489 0.0199281 -0.504615 1.82481 -2.93742 0.517197 1.96967 -0.0304201 -0.0019803 0.0423913 0.00379662 0.0199807 -0.00522588 0.0522142 1.22908 0.0323353 -0.613603 1.6193 -2.93925 0.496274 1.97467 -0.018013 -0.110968 -0.163113 0.0019694 -0.000942215 -0.000226518 0.198102 0.131221 -0.478889 2.12819 1.13655 -0.00100698 -0.00968347 -1.94494 -1.02506 0.796475 -0.196857 -0.000419672 8.18218e-05 -0.727009
875.183 0.0499937 -0.505562 1.78161 -2.94136 0.496295 1.97488 0.0199282 -0.507802 1.82481 -2.93797 0.516092 1.96939 -0.0300655 -0.00223991 0.0431958 0.00338557 0.0197968 -0.00549091 0.0526766 1.21756 0.0326051 -0.618525 1.61958 -2.93944 0.49523 1.97476 -0.0173886 -0.112962 -0.16203 0.00192455 -0.00106505 -0.000123717 0.198284 0.128204 -0.479343 2.12943 1.13563 -0.000817682 -0.00875788 -1.94476 -1.02506 0.796475 -0.196857 -0.000419672 8.18218e-05 -0.727009
875.778 0.0488459 -0.512533 1.78089 -2.94182 0.494345 1.97482 0.0178115 -0.523684 1.8558 -2.94274 0.48599 1.95176 -0.0310344 -0.0111516 0.0749123 -0.000924423 -0.00835473 -0.0230614 0.0818495 1.38282 0.0336568 -0.626835 1.6197 -2.93887 0.493107 1.9748 -0.015189 -0.114303 -0.161188 0.00294888 -0.00123714 -1.86659e-05 0.198186 0.183454 -0.480032 2.133 1.13432 -0.000557653 -0.00683563 -1.94444 -1.02506 0.796475 -0.196857 -0.000419672 8.18218e-05 -0.727009
876.137 0.0482435 -0.515703 1.78104 -2.94215 0.493434 1.97473 0.0176639 -0.523771 1.83899 -2.93948 0.479141 1.97996 -0.0305796 -0.00806854 0.0579518 0.00266995 -0.0142932 0.00523023 0.0660198 0.860938 0.0340099 -0.629387 1.61947 -2.93862 0.492178 1.9747 -0.0142336 -0.113684 -0.161568 0.00352779 -0.00125643 -2.15911e-05 0.198068 0.214891 -0.480206 2.13476 1.13423 -0.000516436 -0.00588262 -1.94434 -1.02506 0.796475 -0.196857 -0.000419672 8.18218e-05 -0.727009
876.473 0.0471846 -0.519119 1.78143 -2.94288 0.492482 1.9746 0.0167534 -0.52275 1.82416 -2.96069 0.494631 1.96333 -0.0304312 -0.00363138 0.0427355 -0.0178114 0.00214834 -0.0112721 0.0525886 0.921536 0.0347703 -0.632072 1.6194 -2.93927 0.491346 1.97459 -0.0124143 -0.112953 -0.162024 0.00360952 -0.00113591 -9.43018e-06 0.1979 0.216705 -0.480325 2.13661 1.13447 -0.000818851 -0.00475043 -1.94426 -1.02506 0.796475 -0.196857 -0.000419672 8.18218e-05 -0.727009
876.857 0.0453485 -0.523613 1.7824 -2.94419 0.491275 1.97442 0.0167414 -0.526921 1.82478 -2.94249 0.509991 1.96681 -0.0286071 -0.00330731 0.0423778 0.00170007 0.0187151 -0.00761889 0.0512366 1.17935 0.0355315 -0.635662 1.61982 -2.94087 0.490496 1.97444 -0.00981696 -0.112048 -0.162581 0.00331951 -0.000779552 1.59941e-05 0.197696 0.195835 -0.480411 2.13915 1.1353 -0.00154647 -0.00319087 -1.94417 -1.02506 0.796475 -0.196857 -0.000419672 8.18218e-05 -0.727009
877.1 0.0437366 -0.526577 1.7835 -2.94531 0.49057 1.97432 0.0135545 -0.530104 1.82476 -2.94427 0.509366 1.96559 -0.0301821 -0.0035271 0.0412606 0.00104101 0.0187964 -0.00873208 0.0512429 1.20106 0.0347145 -0.63757 1.62028 -2.9426 0.49061 1.97447 -0.00902214 -0.110993 -0.163218 0.00271041 4.06733e-05 0.000144046 0.197588 0.150658 -0.480417 2.14105 1.13626 -0.00230529 -0.00215447 -1.94412 -1.02506 0.796475 -0.196857 -0.000419672 8.18218e-05 -0.727009
877.457 0.0422922 -0.529214 1.78485 -2.94631 0.489929 1.97423 0.0118136 -0.528445 1.80812 -2.90777 0.503381 1.99263 -0.0304786 0.000769579 0.023273 0.0385423 0.0134514 0.0184029 0.0383559 2.08882 0.0350596 -0.639034 1.62094 -2.94405 0.490681 1.9745 -0.00723267 -0.10982 -0.163914 0.00226202 0.000752304 0.000271782 0.197435 0.131221 -0.480361 2.1429 1.13745 -0.00298082 -0.00121739 -1.94408 -1.02506 0.796475 -0.196857 -0.000419672 8.18218e-05 -0.727009
877.73 0.0406227 -0.531967 1.78703 -2.94745 0.489302 1.97412 0.0112404 -0.539818 1.83894 -2.94451 0.474803 1.97697 -0.0293823 -0.00785105 0.0519011 0.00294217 -0.0144995 0.00285351 0.0601555 0.848576 0.0338463 -0.639659 1.62187 -2.94563 0.491332 1.97463 -0.00677643 -0.107693 -0.165162 0.00181588 0.00202953 0.000512428 0.197287 0.150658 -0.480176 2.1452 1.13937 -0.00377968 -0.000246638 -1.94405 -1.02506 0.796475 -0.196857 -0.000419672 8.18218e-05 -0.727009
878.073 0.0395301 -0.533406 1.7889 -2.94817 0.48905 1.97405 0.00961922 -0.540658 1.83903 -2.92659 0.492459 1.98007 -0.0299109 -0.00725195 0.0501257 0.0215742 0.00340879 0.00602155 0.0588204 1.13263 0.0316597 -0.639972 1.62307 -2.9466 0.491763 1.97469 -0.00787043 -0.106566 -0.165829 0.00156029 0.00271304 0.000637683 0.197275 0.174713 -0.479941 2.14677 1.14096 -0.00433137 0.000232508 -1.94406 -1.02506 0.796475 -0.196857 -0.000419672 8.18218e-05 -0.727009
878.449 0.0386415 -0.53442 1.79082 -2.94875 0.488936 1.97399 0.00721224 -0.536979 1.82374 -2.96197 0.525212 1.9674 -0.0314293 -0.00255911 0.0329175 -0.0132217 0.036276 -0.00659127 0.0455841 2.1814 0.0308939 -0.638684 1.62366 -2.94773 0.491989 1.97468 -0.00774764 -0.104264 -0.167164 0.00102002 0.0030532 0.000693273 0.197167 0.183454 -0.479611 2.14818 1.14256 -0.0048073 0.000539688 -1.94409 -1.02506 0.796475 -0.196857 -0.000419672 8.18218e-05 -0.727009
879.349 0.0409432 -0.538408 1.7953 -2.94792 0.487075 1.97321 0.00812585 -0.548738 1.85554 -2.96647 0.4967 1.95113 -0.0328173 -0.0103305 0.0602456 -0.0185436 0.0096244 -0.0220814 0.0693775 1.32795 0.0342403 -0.635112 1.6238 -2.94872 0.49034 1.97384 -0.00670294 -0.0967045 -0.171499 -0.000798446 0.00326411 0.000629577 0.196999 0.199792 -0.477826 2.15158 1.14655 -0.00301041 0.00196536 -1.94441 -1.02506 0.796475 -0.196857 -0.000419672 8.18218e-05 -0.727009
879.827 0.0420463 -0.539898 1.79563 -2.94758 0.486407 1.9729 0.00965588 -0.544625 1.83885 -2.9426 0.508347 1.98384 -0.0323904 -0.00472677 0.043217 0.00498012 0.0219394 0.0109436 0.0542143 1.37259 0.0363532 -0.633937 1.62261 -2.94838 0.489573 1.97354 -0.00569306 -0.0940393 -0.17302 -0.000804076 0.00316536 0.000638734 0.197007 0.193827 -0.477179 2.15219 1.14682 -0.00230953 0.00246005 -1.94454 -1.02506 0.796475 -0.196857 -0.000419672 8.18218e-05 -0.727009
880.526 0.044519 -0.543019 1.79467 -2.94684 0.48522 1.97223 0.0113597 -0.55335 1.8547 -2.96481 0.494944 1.952 -0.0331593 -0.0103308 0.0600262 -0.0179644 0.00972434 -0.0202291 0.0693499 1.26114 0.042451 -0.631817 1.61865 -2.947 0.488002 1.97292 -0.00206796 -0.0887974 -0.176021 -0.00015694 0.00278149 0.000696201 0.197162 0.165511 -0.475729 2.15284 1.14567 -0.000873545 0.00329944 -1.9449 -1.02506 0.796475 -0.196857 -0.000419672 8.18218e-05 -0.727009
880.818 0.0454292 -0.543909 1.79382 -2.94657 0.484947 1.97199 0.0135546 -0.54604 1.82476 -2.94688 0.503972 1.9643 -0.0318746 -0.00213158 0.0309335 -0.000308924 0.0190247 -0.00768604 0.0444681 1.1727 0.0453347 -0.631232 1.61698 -2.94611 0.487388 1.97272 -9.44791e-05 -0.0873229 -0.176846 0.000468097 0.00244085 0.000729233 0.19723 0.14537 -0.475193 2.15278 1.14474 -0.000417194 0.00345526 -1.94505 -1.02506 0.796475 -0.196857 -0.000419672 8.18218e-05 -0.727009
881.099 0.0464187 -0.544257 1.79261 -2.94622 0.484937 1.97175 0.0135819 -0.546524 1.8237 -2.961 0.521047 1.96854 -0.0328368 -0.00226763 0.0310832 -0.0147738 0.0361096 -0.00320932 0.0452721 2.20921 0.0481777 -0.628849 1.6142 -2.94474 0.486872 1.97259 0.00175904 -0.0845918 -0.178412 0.00148628 0.00193463 0.000835461 0.197458 0.13417 -0.474601 2.15238 1.14336 3.37417e-05 0.00334272 -1.94525 -1.02506 0.796475 -0.196857 -0.000419672 8.18218e-05 -0.727009
881.407 0.0471615 -0.543892 1.7917 -2.94585 0.485139 1.97163 0.0145988 -0.55659 1.8547 -2.96408 0.49345 1.95268 -0.0325627 -0.0126988 0.0630014 -0.0182293 0.00831034 -0.0189521 0.072047 1.19616 0.0503912 -0.626729 1.61227 -2.9434 0.487048 1.97261 0.0032297 -0.082837 -0.179425 0.00244788 0.00190837 0.000983008 0.19765 0.165511 -0.474263 2.15185 1.14229 0.00037317 0.00302826 -1.94539 -1.02506 0.796475 -0.196857 -0.000419672 8.18218e-05 -0.727009
881.631 0.0477954 -0.542737 1.7923 -2.94563 0.485169 1.97149 0.0160787 -0.551051 1.83885 -2.94123 0.505266 1.98519 -0.0317166 -0.00831424 0.0465507 0.00440385 0.0200966 0.0137042 0.0569389 1.34814 0.0540001 -0.624485 1.61225 -2.94166 0.487398 1.97267 0.00620472 -0.0817483 -0.180048 0.0039698 0.0022287 0.00118394 0.197835 0.240663 -0.474027 2.15115 1.14325 0.000639553 0.00292655 -1.94552 -1.02506 0.796475 -0.196857 -0.000419672 8.18218e-05 -0.727009
881.892 0.0479645 -0.538766 1.79799 -2.94583 0.485093 1.97134 0.0167415 -0.546045 1.82477 -2.94566 0.503518 1.96524 -0.031223 -0.00727899 0.026786 0.000172438 0.0184253 -0.00610444 0.0417773 1.11347 0.0569946 -0.619674 1.61745 -2.94061 0.487442 1.97262 0.00903012 -0.0809087 -0.180534 0.0052246 0.00234941 0.00127762 0.198041 0.303902 -0.47391 2.15024 1.15036 0.000549454 0.0030649 -1.94563 -1.02506 0.796475 -0.196857 -0.000419672 8.18218e-05 -0.727009
882.138 0.0477336 -0.529276 1.81138 -2.94626 0.48538 1.9713 0.0162082 -0.546681 1.85405 -2.95919 0.496497 1.95523 -0.0315254 -0.0174045 0.0426699 -0.012922 0.0111165 -0.0160714 0.0558344 1.07666 0.0618177 -0.608066 1.62964 -2.94009 0.487318 1.97254 0.0140841 -0.0787897 -0.181746 0.00617531 0.00193828 0.0012345 0.19859 0.344917 -0.473931 2.14873 1.16652 6.82973e-05 0.00294889 -1.94572 -1.02506 0.796475 -0.196857 -0.000419672 8.18218e-05 -0.727009
882.844 0.0474367 -0.511265 1.83617 -2.94679 0.48596 1.97139 0.0162077 -0.522056 1.85572 -2.93806 0.521551 1.96019 -0.0312291 -0.010791 0.0195491 0.00873246 0.0355911 -0.0112028 0.038391 2.26503 0.0705739 -0.586739 1.65254 -2.93845 0.486292 1.97229 0.0231372 -0.0754735 -0.183627 0.00834306 0.000332603 0.000902748 0.199876 0.456283 -0.474256 2.14583 1.19647 -0.000668223 0.00259739 -1.94576 -1.02506 0.796475 -0.196857 -0.000419672 8.18218e-05 -0.727009
883.623 0.0457839 -0.480708 1.87562 -2.94868 0.487054 1.97182 0.0149984 -0.491673 1.90458 -2.94774 0.527459 1.97096 -0.0307854 -0.0109659 0.0289611 0.000938713 0.0404051 -0.000866146 0.0436662 2.3168 0.0807633 -0.553057 1.69028 -2.93784 0.48636 1.97255 0.0349794 -0.0723495 -0.18534 0.0108394 -0.000694094 0.000723107 0.202012 0.603931 -0.475216 2.13937 1.24532 -0.00302451 0.0022416 -1.9456 -1.02506 0.796475 -0.196857 -0.000419672 8.18218e-05 -0.727009
883.828 0.0454221 -0.468598 1.88914 -2.94923 0.48777 1.9721 0.0133304 -0.478223 1.90401 -2.94525 0.532963 1.97193 -0.0320917 -0.00962492 0.014866 0.00398072 0.0451924 -0.000170372 0.036654 2.59978 0.0835982 -0.539642 1.70309 -2.93809 0.487461 1.97296 0.0381761 -0.0710444 -0.186057 0.0111337 -0.000309462 0.000858013 0.202785 0.616755 -0.475583 2.13619 1.26239 -0.00391858 0.00177065 -1.9455 -1.02506 0.796475 -0.196857 -0.000419672 8.18218e-05 -0.727009
884.123 0.0455491 -0.459539 1.8983 -2.94937 0.488435 1.97234 0.0127003 -0.47418 1.93863 -2.94648 0.507075 1.95563 -0.0328488 -0.0146413 0.0403335 0.00288958 0.0186394 -0.0167079 0.0540389 1.49515 0.0853335 -0.530095 1.71208 -2.93824 0.488776 1.97334 0.0397844 -0.0705558 -0.186219 0.0111307 0.000340494 0.000994864 0.203072 0.613574 -0.475797 2.13359 1.2741 -0.00440028 0.0012025 -1.94542 -1.02506 0.796475 -0.196857 -0.000419672 8.18218e-05 -0.727009
884.324 0.0466686 -0.449692 1.90699 -2.94875 0.489367 1.97264 0.0153631 -0.465465 1.9555 -2.94382 0.473323 1.96925 -0.0313054 -0.015773 0.0485027 0.00492745 -0.0160442 -0.00338683 0.0598442 1.00639 0.0866345 -0.520449 1.72082 -2.93781 0.490546 1.97367 0.0399659 -0.0707574 -0.186177 0.0109412 0.00117884 0.00103285 0.20314 0.605226 -0.475934 2.13082 1.28497 -0.00427666 0.000129797 -1.94534 -1.02506 0.796475 -0.196857 -0.000419672 8.18218e-05 -0.727009
884.576 0.0487236 -0.439481 1.91517 -2.94749 0.490391 1.97293 0.015363 -0.451801 1.9555 -2.94159 0.477843 1.97027 -0.0333606 -0.0123193 0.0403257 0.00590317 -0.0125472 -0.00265987 0.0537667 0.837901 0.0889586 -0.510278 1.72886 -2.93686 0.492229 1.974 0.0402349 -0.0707967 -0.186308 0.0106341 0.0018383 0.00106977 0.203326 0.592153 -0.475985 2.12791 1.29513 -0.00359401 -0.0012391 -1.94529 -1.02506 0.796475 -0.196857 -0.000419672 8.18218e-05 -0.727009
884.772 0.0519972 -0.426133 1.92523 -2.94556 0.491729 1.97327 0.0182761 -0.446298 1.99209 -2.96073 0.467714 1.95884 -0.0337211 -0.0201652 0.066866 -0.0151722 -0.0240152 -0.014428 0.0775552 1.63375 0.0919786 -0.498646 1.73978 -2.93564 0.494517 1.97455 0.0399814 -0.0725133 -0.185443 0.00992209 0.0027883 0.00128331 0.203091 0.560928 -0.475927 2.1239 1.30781 -0.00240088 -0.0031376 -1.94526 -1.02506 0.796475 -0.196857 -0.000419672 8.18218e-05 -0.727009
885.065 0.0542449 -0.416576 1.93228 -2.94433 0.492696 1.97348 0.0217781 -0.432907 1.99048 -2.97476 0.493324 1.96571 -0.0324669 -0.0163318 0.0582055 -0.0304253 0.00062803 -0.00777055 0.06862 1.58239 0.0913138 -0.491753 1.7483 -2.9349 0.495574 1.97455 0.0370689 -0.0751774 -0.183975 0.00942946 0.00287809 0.00107729 0.202169 0.539592 -0.475803 2.12088 1.31685 -0.0016833 -0.00445032 -1.94527 -1.02506 0.796475 -0.196857 -0.000419672 8.18218e-05 -0.727009
885.322 0.056353 -0.407426 1.93897 -2.94325 0.493627 1.97365 0.0217291 -0.421013 1.99175 -2.93055 0.496679 1.96678 -0.0346239 -0.013587 0.052786 0.0126999 0.0030523 -0.00686495 0.0645739 0.993472 0.0893984 -0.484837 1.75627 -2.93484 0.496433 1.97423 0.0330454 -0.0774117 -0.182699 0.00840903 0.00280656 0.00058604 0.201155 0.493372 -0.475619 2.1179 1.32552 -0.00106523 -0.00568529 -1.94531 -1.02506 0.796475 -0.196857 -0.000419672 8.18218e-05 -0.727009
885.58 0.0587833 -0.395923 1.94741 -2.94213 0.494809 1.97381 0.0252544 -0.408571 1.9905 -2.96948 0.501079 1.96859 -0.033529 -0.0126478 0.0430911 -0.027356 0.00627019 -0.00521981 0.0560446 1.49253 0.0876716 -0.476394 1.7664 -2.93597 0.497488 1.97403 0.0288883 -0.0804708 -0.181012 0.00615514 0.00267943 0.000211986 0.200189 0.379492 -0.475288 2.11407 1.3365 -0.000495816 -0.00715674 -1.9454 -1.02506 0.796475 -0.196857 -0.000419672 8.18218e-05 -0.727009
886.06 0.0608605 -0.381696 1.95858 -2.94176 0.496101 1.97389 0.0287286 -0.388841 1.99179 -2.9416 0.527044 1.97612 -0.0321319 -0.00714434 0.0332088 0.000154321 0.0309434 0.00223496 0.0467581 1.77718 0.0835329 -0.467222 1.78054 -2.93902 0.49823 1.97444 0.0226724 -0.0855252 -0.178038 0.00273932 0.00212935 0.000557003 0.198812 0.189746 -0.474603 2.10883 1.35148 -0.000624062 -0.00847489 -1.94559 -1.02506 0.796475 -0.196857 -0.000419672 8.18218e-05 -0.727009
886.265 0.0618419 -0.373024 1.96517 -2.94171 0.497128 1.97397 0.0301299 -0.386366 2.02927 -2.94417 0.495782 1.95799 -0.031712 -0.013342 0.0641016 -0.00245345 -0.00134568 -0.0159746 0.0727508 0.860938 0.0811784 -0.46166 1.78892 -2.94049 0.498448 1.97478 0.0193365 -0.0886354 -0.17625 0.00122468 0.00132083 0.000818134 0.198228 0.0969133 -0.473989 2.10573 1.36016 -0.000969849 -0.0094323 -1.94572 -1.02506 0.796475 -0.196857 -0.000419672 8.18218e-05 -0.727009
886.412 0.0630403 -0.36712 1.96952 -2.94139 0.497826 1.97401 0.0313135 -0.381882 2.04805 -2.93742 0.499221 1.98121 -0.0317268 -0.0147614 0.0785307 0.00397149 0.00139508 0.0072034 0.0859742 0.372203 0.0784621 -0.458526 1.79494 -2.94112 0.498071 1.97495 0.0154218 -0.0914059 -0.174581 0.000276837 0.000245075 0.000943341 0.197665 0.0484566 -0.47342 2.10364 1.36588 -0.000928401 -0.0101891 -1.94582 -1.02506 0.796475 -0.196857 -0.000419672 8.18218e-05 -0.727009
886.683 0.0650543 -0.361783 1.97359 -2.94065 0.498282 1.974 0.0322074 -0.364493 1.99183 -2.93571 0.535094 1.97942 -0.0328469 -0.00271048 0.0182461 0.00493798 0.036812 0.00542455 0.0376721 2.13038 0.0766876 -0.454553 1.79974 -2.94093 0.497527 1.97495 0.0116333 -0.0927701 -0.173841 -0.000281799 -0.000755149 0.000955504 0.197389 0.0791294 -0.472748 2.10179 1.37111 -0.000377363 -0.0108612 -1.94593 -1.02506 0.796475 -0.196857 -0.000419672 8.18218e-05 -0.727009
886.94 0.0676075 -0.357309 1.97725 -2.93965 0.498464 1.97392 0.0348911 -0.36758 2.04811 -2.93348 0.503523 1.98338 -0.0327165 -0.0102704 0.0708546 0.00616623 0.00505897 0.00945497 0.0787161 0.564406 0.0762379 -0.451434 1.80426 -2.94025 0.496541 1.97492 0.00863036 -0.0941251 -0.172989 -0.000608457 -0.00192309 0.000997339 0.197128 0.137056 -0.471984 2.10019 1.37591 0.000552932 -0.0113788 -1.94604 -1.02506 0.796475 -0.196857 -0.000419672 8.18218e-05 -0.727009
887.407 0.0735453 -0.351884 1.98096 -2.93745 0.498396 1.97359 0.0407831 -0.35341 2.02827 -2.95319 0.527481 1.96899 -0.0327622 -0.0015259 0.0473106 -0.0157451 0.0290856 -0.00459795 0.0575673 1.85118 0.0735503 -0.449406 1.80992 -2.93792 0.495369 1.9748 4.96783e-06 -0.0975219 -0.171037 -0.000476335 -0.00302692 0.00120787 0.196887 0.193827 -0.469989 2.09757 1.38093 0.00280182 -0.0120684 -1.94634 -1.02506 0.796475 -0.196857 -0.000419672 8.18218e-05 -0.727009
887.596 0.0757658 -0.351819 1.98032 -2.93667 0.498215 1.97339 0.0442746 -0.36001 2.06637 -2.97806 0.513193 1.95489 -0.0314911 -0.00819101 0.0860569 -0.0413955 0.0149772 -0.0184924 0.0920031 2.24716 0.0712362 -0.45046 1.80995 -2.93699 0.494671 1.97469 -0.00452958 -0.0986408 -0.17037 -0.0003196 -0.00354387 0.00130029 0.196918 0.220287 -0.469108 2.09698 1.38029 0.00370479 -0.0121703 -1.94649 -1.02506 0.796475 -0.196857 -0.000419672 8.18218e-05 -0.727009
887.842 0.0785893 -0.353349 1.97828 -2.93567 0.497773 1.97306 0.0461121 -0.353518 2.0289 -2.9523 0.525853 1.97002 -0.0324772 -0.000169023 0.0506155 -0.0166312 0.0280801 -0.00303799 0.0601392 1.83419 0.066568 -0.452393 1.80822 -2.93616 0.493733 1.97404 -0.0120213 -0.0990441 -0.170068 -0.00049587 -0.00403992 0.000983933 0.197174 0.242283 -0.467973 2.09671 1.37793 0.0049499 -0.0121058 -1.9467 -1.02506 0.796475 -0.196857 -0.000419672 8.18218e-05 -0.727009
888.067 0.0804716 -0.355562 1.97617 -2.93499 0.497288 1.97278 0.0478572 -0.354517 2.02959 -2.93162 0.504079 1.96525 -0.0326144 0.00104446 0.0534173 0.00337128 0.00679113 -0.00752713 0.0625955 0.674347 0.0630013 -0.454083 1.80583 -2.93594 0.492977 1.97348 -0.0174704 -0.0985212 -0.170339 -0.000951697 -0.00431122 0.000708725 0.197553 0.260947 -0.467191 2.09693 1.37533 0.00589445 -0.0118904 -1.94685 -1.02506 0.796475 -0.196857 -0.000419672 8.18218e-05 -0.727009
888.308 0.0820188 -0.359003 1.9736 -2.93453 0.496516 1.97243 0.0514893 -0.364803 2.06801 -2.95512 0.487469 1.95145 -0.0305295 -0.00579922 0.0944155 -0.0205904 -0.00904695 -0.02098 0.099398 1.32884 0.0608585 -0.457678 1.80339 -2.93604 0.491977 1.97307 -0.0211604 -0.0986748 -0.170202 -0.00150615 -0.00453935 0.000643541 0.197871 0.282549 -0.466504 2.09751 1.37219 0.00676537 -0.0113376 -1.947 -1.02506 0.796475 -0.196857 -0.000419672 8.18218e-05 -0.727009
888.561 0.0832757 -0.365235 1.96963 -2.93435 0.495146 1.9719 0.0531937 -0.363489 2.03021 -2.93386 0.498949 1.96505 -0.0300821 0.0017466 0.060579 0.000490267 0.00380298 -0.00685491 0.0676594 0.461401 0.0584009 -0.463069 1.79899 -2.93612 0.49012 1.9724 -0.0248748 -0.0978339 -0.170638 -0.0017639 -0.00502651 0.000500973 0.198262 0.311533 -0.465796 2.09883 1.36735 0.00765798 -0.0101359 -1.94718 -1.02506 0.796475 -0.196857 -0.000419672 8.18218e-05 -0.727009
888.761 0.082992 -0.370626 1.96649 -2.93482 0.49416 1.97153 0.0518167 -0.365185 2.01014 -2.95576 0.518881 1.9488 -0.0311753 0.00544149 0.0436485 -0.0209359 0.0247212 -0.022725 0.0539138 1.90393 0.0549256 -0.467705 1.79544 -2.93676 0.488641 1.97178 -0.0280664 -0.0970781 -0.171045 -0.00193773 -0.00551941 0.000256148 0.198666 0.338041 -0.465461 2.1002 1.36343 0.00773662 -0.00906608 -1.9473 -1.02506 0.796475 -0.196857 -0.000419672 8.18218e-05 -0.727009
888.969 0.0816451 -0.376049 1.96343 -2.93572 0.493419 1.97122 0.0518167 -0.372206 2.01013 -2.95698 0.516416 1.94818 -0.0298284 0.00384299 0.0466905 -0.0212564 0.0229973 -0.0230485 0.0555383 1.84589 0.0509344 -0.473559 1.79266 -2.93793 0.487532 1.97118 -0.0307107 -0.0975101 -0.170777 -0.00220593 -0.0058871 -4.84175e-05 0.199038 0.359365 -0.465314 2.10187 1.35942 0.00729405 -0.00807422 -1.94741 -1.02506 0.796475 -0.196857 -0.000419672 8.18218e-05 -0.727009
889.401 0.0792843 -0.380861 1.96073 -2.93692 0.493154 1.97104 0.0514042 -0.382892 2.02965 -2.93532 0.493784 1.9637 -0.0278801 -0.00203156 0.0689237 0.00160715 0.000630021 -0.00734861 0.0743768 0.473126 0.0457596 -0.478842 1.79022 -2.93953 0.487231 1.97076 -0.0335247 -0.0979808 -0.17051 -0.00260741 -0.00592321 -0.000283942 0.199494 0.367973 -0.465351 2.10379 1.35553 0.00634785 -0.00741802 -1.9475 -1.02506 0.796475 -0.196857 -0.000419672 8.18218e-05 -0.727009
889.98 0.0753142 -0.3865 1.95776 -2.93866 0.493247 1.97093 0.0483053 -0.38447 2.01 -2.96198 0.512336 1.94577 -0.0270089 0.00202912 0.0522328 -0.0233244 0.0190888 -0.0251577 0.0588376 1.78969 0.0367568 -0.484408 1.78718 -2.9421 0.487813 1.97047 -0.0385575 -0.097908 -0.170584 -0.00344596 -0.00543451 -0.000458631 0.200428 0.362617 -0.465647 2.10668 1.35076 0.00474608 -0.00690838 -1.94761 -1.02506 0.796475 -0.196857 -0.000419672 8.18218e-05 -0.727009
890.372 0.0721984 -0.390365 1.95596 -2.93986 0.493449 1.9709 0.0443115 -0.3935 2.0295 -2.9399 0.491265 1.96102 -0.0278869 -0.00313452 0.0735307 -3.5257e-05 -0.0021832 -0.00988794 0.0787036 0.57946 0.0312729 -0.488334 1.78536 -2.94401 0.48897 1.97047 -0.0409255 -0.0979689 -0.170608 -0.00414416 -0.00447867 -0.000432005 0.200947 0.342641 -0.466008 2.10907 1.34751 0.00355348 -0.00667855 -1.94766 -1.02506 0.796475 -0.196857 -0.000419672 8.18218e-05 -0.727009
891.086 0.0695048 -0.394575 1.95428 -2.94081 0.493391 1.97083 0.0425523 -0.398907 2.02997 -2.94421 0.488531 1.95936 -0.0269525 -0.00433235 0.0756809 -0.00339407 -0.00485931 -0.0114782 0.0804537 0.653719 0.0256141 -0.491683 1.78316 -2.94515 0.48951 1.97042 -0.0438907 -0.0971083 -0.171123 -0.00433587 -0.0038804 -0.000412375 0.201593 0.326259 -0.466447 2.11161 1.34445 0.00272306 -0.0063009 -1.94771 -1.02506 0.796475 -0.196857 -0.000419672 8.18218e-05 -0.727009
891.612 0.0674363 -0.401649 1.95182 -2.94139 0.492327 1.97056 0.0377706 -0.400252 2.0099 -2.96728 0.508693 1.94202 -0.0296657 0.00139689 0.0580781 -0.0258871 0.0163661 -0.0285452 0.0652309 1.85097 0.0211829 -0.49787 1.78018 -2.94558 0.489116 1.97008 -0.0462534 -0.0962211 -0.171633 -0.0041905 -0.00321076 -0.000485732 0.202128 0.29342 -0.467122 2.11519 1.34042 0.00267064 -0.00512184 -1.94773 -1.02506 0.796475 -0.196857 -0.000419672 8.18218e-05 -0.727009
892.362 0.0665367 -0.407698 1.94974 -2.94153 0.491074 1.97031 0.0356869 -0.402769 1.99184 -2.94131 0.521129 1.97676 -0.0308498 0.00492886 0.0421036 0.000222954 0.0300542 0.00644932 0.0524282 1.75992 0.0195996 -0.503438 1.77782 -2.94533 0.488114 1.96974 -0.0469372 -0.0957403 -0.171913 -0.00380287 -0.00296064 -0.000572267 0.202295 0.265408 -0.467705 2.11798 1.33729 0.00309405 -0.00391513 -1.9477 -1.02506 0.796475 -0.196857 -0.000419672 8.18218e-05 -0.727009
893.011 0.0652111 -0.413971 1.94737 -2.94187 0.489874 1.97011 0.035687 -0.409727 1.99183 -2.94255 0.518733 1.97612 -0.0295241 0.00424409 0.0444647 -0.00068184 0.0288585 0.0060147 0.0535425 1.69327 0.018119 -0.509242 1.77521 -2.9451 0.487244 1.96951 -0.0470921 -0.095271 -0.172155 -0.00323588 -0.00263062 -0.000595556 0.202315 0.228997 -0.468384 2.12082 1.33385 0.00327953 -0.0026974 -1.94764 -1.02506 0.796475 -0.196857 -0.000419672 8.18218e-05 -0.727009
893.831 0.0626516 -0.422469 1.94315 -2.94261 0.48863 1.96998 0.0336753 -0.425367 2.0293 -2.94924 0.482168 1.95583 -0.0289764 -0.00289843 0.0861497 -0.00663861 -0.00646195 -0.0141427 0.0909384 0.806486 0.0155478 -0.517155 1.77066 -2.94467 0.486786 1.96929 -0.0471038 -0.0946856 -0.17249 -0.00206171 -0.00184346 -0.00068972 0.202329 0.148038 -0.469468 2.12462 1.32795 0.00306948 -0.00129926 -1.94751 -1.02506 0.796475 -0.196857 -0.000419672 8.18218e-05 -0.727009
894.068 0.0606377 -0.42872 1.93871 -2.94296 0.488095 1.96999 0.0322079 -0.427115 1.99179 -2.94696 0.513323 1.97362 -0.0284298 0.00160491 0.0530832 -0.00400468 0.0252277 0.00362973 0.0602383 1.49358 0.0131523 -0.524017 1.76657 -2.94395 0.487015 1.96924 -0.0474854 -0.0952969 -0.172136 -0.000987907 -0.00108042 -0.000747571 0.202403 0.0791294 -0.470423 2.12744 1.32184 0.00290985 -0.00068679 -1.94739 -1.02506 0.796475 -0.196857 -0.000419672 8.18218e-05 -0.727009
895.033 0.0566073 -0.440909 1.92622 -2.94296 0.488057 1.97023 0.0269475 -0.441832 1.9915 -2.93454 0.488918 1.96538 -0.0296599 -0.000922996 0.0652772 0.00842306 0.000861434 -0.0048512 0.0717055 0.662047 0.00651597 -0.539551 1.75602 -2.94241 0.488278 1.96969 -0.0500913 -0.0986415 -0.170199 0.000548148 0.000220843 -0.00053427 0.202995 0.0559529 -0.4727 2.13292 1.30497 0.00280458 -0.000651744 -1.94718 -1.02506 0.796475 -0.196857 -0.000419672 8.18218e-05 -0.727009
895.329 0.0532492 -0.450505 1.91511 -2.94326 0.48808 1.97035 0.0252502 -0.451458 1.99173 -2.95376 0.506146 1.96967 -0.027999 -0.000953289 0.0766186 -0.0104986 0.0180658 -0.000675182 0.0815798 1.18861 0.00291302 -0.549273 1.74495 -2.94254 0.489464 1.97015 -0.0503362 -0.0987679 -0.170157 0.000720222 0.0013833 -0.000200914 0.203082 0.0927874 -0.47448 2.13645 1.29064 0.0024535 -0.000570117 -1.94707 -1.02506 0.796475 -0.196857 -0.000419672 8.18218e-05 -0.727009
895.685 0.0502945 -0.459021 1.90533 -2.94385 0.48784 1.97034 0.0217294 -0.462761 1.99173 -2.93749 0.482771 1.96353 -0.0285651 -0.00373944 0.086402 0.00635266 -0.00506912 -0.00680644 0.0910783 0.708312 0.002206 -0.556645 1.73448 -2.94347 0.490082 1.97038 -0.0480885 -0.0976237 -0.170844 0.000375674 0.00224117 4.02745e-05 0.20256 0.131221 -0.475939 2.13903 1.27851 0.00198666 -0.000147439 -1.94703 -1.02506 0.796475 -0.196857 -0.000419672 8.18218e-05 -0.727009
896.142 0.0470264 -0.468181 1.89465 -2.94466 0.487515 1.97029 0.0187787 -0.465472 1.95553 -2.94256 0.472831 1.97012 -0.0282477 0.00270858 0.0608749 0.00210381 -0.0146848 -0.000173386 0.0671641 0.850878 0.000664068 -0.564772 1.72317 -2.94496 0.490844 1.97074 -0.0463623 -0.0965912 -0.17148 -0.000294152 0.00332872 0.00044733 0.202199 0.193827 -0.477493 2.14154 1.26551 0.00135511 0.000432122 -1.94701 -1.02506 0.796475 -0.196857 -0.000419672 8.18218e-05 -0.727009
896.922 0.0388586 -0.490407 1.86705 -2.94684 0.486894 1.97012 0.0109184 -0.484768 1.92016 -2.94579 0.496986 1.98348 -0.0279402 0.00563952 0.0531095 0.00104492 0.0100928 0.0133641 0.060275 0.938786 -0.000437767 -0.584846 1.69425 -2.94848 0.491564 1.97101 -0.0392964 -0.0944389 -0.172795 -0.00164485 0.0046705 0.000898537 0.200801 0.296075 -0.4814 2.14697 1.2324 -0.000392415 0.00175309 -1.94705 -1.02506 0.796475 -0.196857 -0.000419672 8.18218e-05 -0.727009
897.189 0.0354758 -0.49999 1.85439 -2.94769 0.486659 1.97001 0.00668008 -0.494857 1.90402 -2.95069 0.528191 1.9685 -0.0287957 0.00513318 0.0496331 -0.00299562 0.0415319 -0.00151635 0.0576106 2.38425 -0.00151195 -0.592718 1.68059 -2.94976 0.491853 1.97103 -0.0369878 -0.0927276 -0.173803 -0.00206447 0.005194 0.00101354 0.200435 0.335718 -0.483153 2.14905 1.21739 -0.00106496 0.00226256 -1.94709 -1.02506 0.796475 -0.196857 -0.000419672 8.18218e-05 -0.727009
897.676 0.0311121 -0.512867 1.837 -2.94884 0.486243 1.96984 0.00417338 -0.514226 1.92058 -2.93686 0.469041 1.97474 -0.0269387 -0.00135909 0.083583 0.0119796 -0.0172023 0.00490088 0.0878275 1.15927 -0.00156278 -0.603846 1.66217 -2.95117 0.491805 1.97085 -0.0326749 -0.0909796 -0.174827 -0.00232584 0.00556166 0.00101541 0.199774 0.360452 -0.485523 2.15154 1.19703 -0.00191521 0.0030404 -1.94717 -1.02506 0.796475 -0.196857 -0.000419672 8.18218e-05 -0.727009
898.066 0.0279574 -0.522338 1.82387 -2.94973 0.485894 1.96969 -0.000800579 -0.51587 1.87154 -2.93924 0.52928 1.97625 -0.0287579 0.00646874 0.0476704 0.0104815 0.0433854 0.00656153 0.0560476 2.54191 0.000441323 -0.609652 1.64677 -2.95232 0.491523 1.97067 -0.027516 -0.0873134 -0.177104 -0.00259081 0.00562848 0.000981767 0.199365 0.370094 -0.487307 2.15316 1.18171 -0.0025586 0.00367134 -1.94723 -1.02506 0.796475 -0.196857 -0.000419672 8.18218e-05 -0.727009
898.5 0.0247114 -0.532356 1.81012 -2.95085 0.485317 1.96949 -0.00408911 -0.530583 1.87159 -2.94706 0.489469 1.96585 -0.0288005 0.00177292 0.0614781 0.00379221 0.00415176 -0.00364238 0.067913 0.436111 0.000654241 -0.616251 1.63124 -2.95342 0.49109 1.97046 -0.0240572 -0.083895 -0.178881 -0.00256619 0.00577303 0.0009718 0.199036 0.376385 -0.489082 2.15454 1.16629 -0.0033173 0.00458287 -1.9473 -1.02506 0.796475 -0.196857 -0.000419672 8.18218e-05 -0.727009
898.838 0.0216475 -0.54208 1.79626 -2.95197 0.484754 1.96931 -0.00735783 -0.546931 1.8716 -2.95079 0.484533 1.96377 -0.0290054 -0.00485081 0.0753389 0.00118172 -0.00022077 -0.00553437 0.0808751 0.353878 0.00119265 -0.623138 1.61574 -2.95409 0.490757 1.97034 -0.0204549 -0.0810577 -0.180519 -0.00212081 0.0060029 0.00103398 0.198937 0.378459 -0.490834 2.15565 1.15073 -0.00408823 0.0054869 -1.94735 -1.02506 0.796475 -0.196857 -0.000419672 8.18218e-05 -0.727009
899.236 0.0180584 -0.554184 1.77756 -2.95318 0.484211 1.96913 -0.0112407 -0.552666 1.83893 -2.95477 0.473735 1.96991 -0.0292992 0.00151758 0.0613688 -0.00158828 -0.0104765 0.000778103 0.0680211 0.611658 0.00196353 -0.632592 1.59559 -2.95434 0.490747 1.97039 -0.0160949 -0.0784079 -0.181971 -0.00116232 0.00653604 0.00125643 0.198797 0.392669 -0.493112 2.15662 1.12988 -0.00495536 0.00640135 -1.94741 -1.02506 0.796475 -0.196857 -0.000419672 8.18218e-05 -0.727009
899.726 0.0159198 -0.562128 1.7635 -2.95365 0.484171 1.96909 -0.0144525 -0.56873 1.83894 -2.95832 0.468955 1.96796 -0.0303723 -0.00660221 0.0754358 -0.00467014 -0.0152163 -0.00113239 0.0815882 0.905686 0.00127518 -0.640736 1.58165 -2.95416 0.491424 1.97051 -0.0146446 -0.0786078 -0.181851 -0.000506477 0.00725256 0.00141426 0.198654 0.427043 -0.494761 2.15695 1.11404 -0.00536481 0.00660006 -1.94744 -1.02506 0.796475 -0.196857 -0.000419672 8.18218e-05 -0.727009
900.572 0.0136186 -0.576804 1.73005 -2.9525 0.48541 1.96931 -0.0177165 -0.570464 1.76457 -2.94884 0.497559 1.97099 -0.0313351 0.00634033 0.0345194 0.00366077 0.0121483 0.00167792 0.0470498 0.720365 0.00246523 -0.659441 1.55048 -2.9523 0.493256 1.97082 -0.0111534 -0.0826362 -0.179569 0.000205632 0.00784532 0.00150299 0.197986 0.45714 -0.498355 2.15636 1.07546 -0.00481111 0.00506263 -1.94748 -1.02506 0.796475 -0.196857 -0.000419672 8.18218e-05 -0.727009
900.798 0.0137435 -0.582885 1.71471 -2.95127 0.485911 1.96935 -0.0187836 -0.592468 1.79395 -2.96774 0.483314 1.95903 -0.0325271 -0.00958268 0.0792384 -0.0164661 -0.00259628 -0.0103235 0.0861891 0.861392 0.00366481 -0.666767 1.5371 -2.95101 0.493562 1.97087 -0.0100787 -0.0838818 -0.17761 0.000255486 0.00765118 0.00151581 0.19668 0.445872 -0.499788 2.1556 1.05784 -0.00384103 0.0041789 -1.94753 -1.02506 0.796475 -0.196857 -0.000419672 8.18218e-05 -0.727009
901.13 0.0138737 -0.589335 1.69866 -2.95009 0.486298 1.96921 -0.0183162 -0.590498 1.75081 -2.9723 0.503603 1.95261 -0.0321899 -0.0011637 0.0521494 -0.0222124 0.0173046 -0.0166045 0.0612952 1.53544 0.00432298 -0.674513 1.52051 -2.9498 0.493661 1.97058 -0.00955068 -0.0851786 -0.178155 0.000287698 0.00736203 0.00137141 0.197701 0.427958 -0.501177 2.1546 1.03953 -0.00278864 0.0034133 -1.94773 -1.02506 0.796475 -0.196857 -0.000419672 8.18218e-05 -0.727009
901.749 0.0122472 -0.605923 1.65909 -2.94881 0.486934 1.96791 -0.0187726 -0.609013 1.7231 -2.97778 0.48778 1.9581 -0.0310198 -0.00309002 0.0640078 -0.0289703 0.000845542 -0.00981475 0.0711954 1.48306 0.00531157 -0.694193 1.48276 -2.94912 0.493158 1.96897 -0.00693561 -0.0882701 -0.176326 -0.000302185 0.00622399 0.00105514 0.197308 0.363695 -0.504368 2.15149 0.995487 -0.00116203 0.00239086 -1.94897 -1.02506 0.796475 -0.196857 -0.000419672 8.18218e-05 -0.727009
902.005 0.010834 -0.61277 1.64207 -2.94867 0.487385 1.96705 -0.0207224 -0.613421 1.69566 -2.94795 0.507397 1.96999 -0.0315564 -0.000651622 0.0535821 0.000724129 0.0200125 0.00293513 0.0621874 1.15691 0.00472821 -0.702337 1.46643 -2.94898 0.493037 1.96808 -0.00610581 -0.0895672 -0.175641 -0.000311587 0.00565258 0.00103182 0.197255 0.331022 -0.505755 2.1499 0.97659 -0.00074992 0.00192449 -1.9498 -1.02506 0.796475 -0.196857 -0.000419672 8.18218e-05 -0.727009
902.543 0.00666193 -0.628235 1.60331 -2.94901 0.488238 1.96456 -0.0240711 -0.634401 1.66898 -2.9415 0.47686 1.97085 -0.0307331 -0.00616659 0.0656686 0.00750861 -0.0113782 0.00628873 0.0727662 0.772278 0.000220752 -0.722927 1.43058 -2.9496 0.491789 1.96536 -0.00644118 -0.0946926 -0.172731 -0.000586854 0.00355112 0.00079971 0.19709 0.214891 -0.509094 2.14571 0.934262 -0.000115893 0.00125201 -1.95212 -1.02506 0.796475 -0.196857 -0.000419672 8.18218e-05 -0.727009
903.082 0.00314791 -0.636305 1.5744 -2.94842 0.490607 1.96273 -0.0278004 -0.646073 1.63208 -2.9501 0.489589 1.96238 -0.0309483 -0.00976833 0.0576789 -0.00168189 -0.0010181 -0.000349873 0.0661821 0.104678 -0.00508492 -0.737569 1.40556 -2.94962 0.493045 1.96357 -0.00823282 -0.101264 -0.168837 -0.00120785 0.0024373 0.000846982 0.197048 0.172459 -0.512104 2.14174 0.901809 0.000578765 -0.00113717 -1.95416 -1.02506 0.796475 -0.196857 -0.000419672 8.18218e-05 -0.727009
903.238 0.000788124 -0.638975 1.55787 -2.94766 0.493088 1.96184 -0.0285914 -0.641137 1.59661 -2.94066 0.519393 1.95858 -0.0293795 -0.00216253 0.0387339 0.00700549 0.026305 -0.00326114 0.0486636 1.59373 -0.00707265 -0.744999 1.39182 -2.94989 0.494966 1.96231 -0.00786077 -0.106024 -0.166054 -0.00222407 0.00187844 0.00047237 0.197172 0.179137 -0.514171 2.13906 0.882506 0.000914999 -0.00368163 -1.95541 -1.02506 0.796475 -0.196857 -0.000419672 8.18218e-05 -0.727009
903.513 -0.00118638 -0.640741 1.54641 -2.94736 0.494914 1.96127 -0.0313657 -0.648811 1.59663 -2.95706 0.503838 1.95449 -0.0301793 -0.00806955 0.0502169 -0.0096937 0.00892374 -0.00677722 0.0591409 0.717098 -0.00902267 -0.748439 1.38135 -2.95003 0.496334 1.96163 -0.00783629 -0.107698 -0.16506 -0.00267085 0.00141956 0.000357507 0.197244 0.183454 -0.515727 2.13714 0.869145 0.000882925 -0.00547032 -1.95625 -1.02506 0.796475 -0.196857 -0.000419672 8.18218e-05 -0.727009
903.741 -0.00300151 -0.643224 1.53539 -2.94725 0.496115 1.96067 -0.0341801 -0.656344 1.5963 -2.94741 0.488245 1.95015 -0.0311786 -0.01312 0.0609085 -0.000164605 -0.00786954 -0.0105214 0.0696713 0.749127 -0.0106829 -0.751581 1.3707 -2.94951 0.497002 1.96102 -0.00768136 -0.108357 -0.164689 -0.00226396 0.000887047 0.000355309 0.197289 0.150658 -0.517261 2.13537 0.856707 0.000902747 -0.00662154 -1.957 -1.02506 0.796475 -0.196857 -0.000419672 8.18218e-05 -0.727009
904.01 -0.00520534 -0.647409 1.52146 -2.94732 0.496919 1.95987 -0.0348043 -0.650606 1.56234 -2.9523 0.50422 1.94391 -0.0295989 -0.00319659 0.0408784 -0.00498186 0.00730088 -0.0159536 0.0505704 0.917279 -0.01095 -0.757803 1.35799 -2.948 0.49729 1.96035 -0.00574464 -0.110394 -0.16347 -0.000686817 0.000371303 0.000481529 0.197338 0.0625573 -0.519247 2.13329 0.841559 0.000979762 -0.00733986 -1.95785 -1.02506 0.796475 -0.196857 -0.000419672 8.18218e-05 -0.727009
904.305 -0.00693044 -0.651077 1.51155 -2.9477 0.49713 1.95932 -0.0375333 -0.658806 1.56237 -2.9546 0.501695 1.94241 -0.0306029 -0.00772884 0.0508196 -0.00690119 0.0045653 -0.0169118 0.0598239 0.892629 -0.0107261 -0.762746 1.34884 -2.94771 0.497316 1.95987 -0.00379562 -0.111669 -0.162711 -1.07115e-05 0.000185984 0.000544483 0.197381 0.0279765 -0.520686 2.13197 0.831073 0.00082932 -0.00740755 -1.95836 -1.02506 0.796475 -0.196857 -0.000419672 8.18218e-05 -0.727009
904.464 -0.0087868 -0.655027 1.5021 -2.94838 0.497159 1.95886 -0.0389896 -0.658158 1.54004 -2.95589 0.518562 1.95277 -0.0302028 -0.00313176 0.0379374 -0.00751148 0.0214029 -0.0060947 0.0485928 1.29028 -0.0103071 -0.76744 1.33982 -2.94865 0.497236 1.95955 -0.00152035 -0.112414 -0.162279 -0.000276532 7.72868e-05 0.000684032 0.197418 0.0484566 -0.522074 2.13085 0.821224 0.000411118 -0.00720813 -1.95876 -1.02506 0.796475 -0.196857 -0.000419672 8.18218e-05 -0.727009
