69.426 -0.177397 -0.494719 1.21234 -2.92962 0.490179 2.01464 -0.211288 -0.496126 1.23453 -2.93708 0.491874 2.00281 -0.0338914 -0.00140725 0.0221825 -0.00745517 0.00169539 -0.0118278 0.0405299 0.614849 0.0199553 -0.686932 1.10016 -2.94214 0.499448 1.98325 0.197352 -0.192213 -0.112182 -0.0125122 0.00926966 -0.0313902 0.297453 1.67515 0.636405 -1.8373 0.655406 -0.00896182 -0.00718441 1.25726 0.797989 -0.690695 -0.195808 -0.000716368 0.00113774 2.43943
69.8612 -0.184937 -0.491257 1.21526 -2.93222 0.495188 2.01318 -0.213923 -0.498945 1.23752 -2.94997 0.500222 2.00317 -0.0289853 -0.00768723 0.0222547 -0.0177544 0.00503408 -0.0100116 0.0373432 0.943361 0.0128263 -0.682422 1.10374 -2.93694 0.503528 1.98437 0.197764 -0.191164 -0.111525 -0.00472353 0.00834039 -0.0288128 0.296803 1.61204 0.637703 -1.83973 0.6564 -0.012485 -0.0107672 1.25498 0.797989 -0.690695 -0.195808 -0.000716368 0.00113774 2.43943
70.2423 -0.204805 -0.480147 1.22244 -2.94219 0.507607 2.00615 -0.221758 -0.488289 1.22698 -2.93255 0.503742 2.0163 -0.0169532 -0.00814147 0.00454836 0.00964063 -0.00386556 0.010156 0.0193489 0.61739 -0.0050721 -0.671074 1.11407 -2.93103 0.511179 1.98567 0.199733 -0.190926 -0.108363 0.0111669 0.00357166 -0.0204713 0.296798 1.59961 0.638399 -1.84235 0.661969 -0.0226576 -0.0184287 1.24659 0.797989 -0.690695 -0.195808 -0.000716368 0.00113774 2.43943
70.5771 -0.237941 -0.468365 1.23239 -2.96127 0.520557 1.98664 -0.245989 -0.479255 1.24392 -2.93919 0.519009 2.00341 -0.00804796 -0.0108899 0.0115289 0.0220725 -0.00154842 0.0167723 0.0177842 1.15046 -0.0376727 -0.659468 1.12766 -2.93407 0.518257 1.98288 0.200269 -0.191103 -0.104731 0.0272011 -0.00230091 -0.003756 0.295967 1.68098 0.637686 -1.84635 0.674066 -0.0349346 -0.0239142 1.22771 0.797989 -0.690695 -0.195808 -0.000716368 0.00113774 2.43943
70.9683 -0.262498 -0.463011 1.23938 -2.97598 0.52566 1.96616 -0.273843 -0.466563 1.24484 -2.96646 0.536153 1.97894 -0.0113457 -0.00355178 0.00545901 0.00951877 0.0104937 0.012782 0.013082 0.889115 -0.0647302 -0.654101 1.13566 -2.94076 0.520587 1.97621 0.197767 -0.191089 -0.103722 0.035219 -0.00507265 0.0100472 0.293914 1.82413 0.635513 -1.84973 0.684543 -0.0398075 -0.0242524 1.20949 0.797989 -0.690695 -0.195808 -0.000716368 0.00113774 2.43943
71.2994 -0.285046 -0.459526 1.24621 -2.98954 0.527821 1.94267 -0.30264 -0.46426 1.2608 -2.99388 0.554229 1.94942 -0.0175942 -0.00473447 0.0145937 -0.00434624 0.0264077 0.00675062 0.0233441 1.61253 -0.0911973 -0.651125 1.14269 -2.94634 0.520588 1.97133 0.193849 -0.191599 -0.103514 0.0431921 -0.00723279 0.0286641 0.291552 2.21911 0.631776 -1.85335 0.695217 -0.0411021 -0.0226931 1.18912 0.797989 -0.690695 -0.195808 -0.000716368 0.00113774 2.43943
71.6632 -0.305376 -0.456763 1.25321 -3.00174 0.5284 1.91765 -0.328423 -0.461325 1.27097 -3.00617 0.5399 1.91925 -0.0230479 -0.00456282 0.0177616 -0.00442491 0.0115001 0.00159569 0.0294533 0.728468 -0.115937 -0.648307 1.1489 -2.95488 0.522193 1.95967 0.189438 -0.191545 -0.104306 0.0468638 -0.00620719 0.0420192 0.288887 2.57846 0.626476 -1.85712 0.705734 -0.0399333 -0.0203943 1.16763 0.797989 -0.690695 -0.195808 -0.000716368 0.00113774 2.43943
72.0067 -0.32717 -0.453951 1.26349 -3.01552 0.527933 1.88617 -0.348334 -0.455103 1.27063 -3.00379 0.535134 1.91001 -0.0211639 -0.00115153 0.00714333 0.011728 0.00720147 0.0238306 0.0223666 1.24741 -0.145438 -0.641949 1.15563 -2.96958 0.526417 1.93492 0.181732 -0.187998 -0.107862 0.0459424 -0.00151607 0.0487499 0.28285 2.70906 0.617123 -1.86219 0.719576 -0.0367741 -0.0171147 1.14069 0.797989 -0.690695 -0.195808 -0.000716368 0.00113774 2.43943
72.3176 -0.334026 -0.453278 1.27375 -3.02208 0.527449 1.87224 -0.365341 -0.452076 1.27779 -3.03042 0.547028 1.86972 -0.0313144 0.00120188 0.0040445 -0.00834554 0.0195784 -0.00251807 0.0315974 1.19877 -0.157568 -0.638415 1.16354 -2.98112 0.529036 1.91713 0.176459 -0.185137 -0.110206 0.0409619 0.0015869 0.0448863 0.278494 2.45878 0.60853 -1.86595 0.730644 -0.0358136 -0.0153652 1.12878 0.797989 -0.690695 -0.195808 -0.000716368 0.00113774 2.43943
72.687 -0.330506 -0.455029 1.28582 -3.02352 0.52579 1.86693 -0.37173 -0.451919 1.29013 -3.0198 0.543934 1.86156 -0.0412237 0.00310945 0.00431165 0.00372009 0.0181441 -0.00536785 0.041565 1.1347 -0.15853 -0.637878 1.17353 -2.98845 0.528383 1.90391 0.171977 -0.182849 -0.112292 0.0350778 0.00259281 0.0369798 0.27499 2.06545 0.598707 -1.8696 0.741494 -0.0340632 -0.0135603 1.12438 0.797989 -0.690695 -0.195808 -0.000716368 0.00113774 2.43943
72.9933 -0.310393 -0.461388 1.30381 -3.0175 0.521107 1.87081 -0.365069 -0.454661 1.30454 -3.02178 0.53584 1.86142 -0.0546759 0.00672735 0.000725925 -0.0042804 0.0147327 -0.00938983 0.055093 0.96388 -0.148597 -0.635624 1.18474 -2.99335 0.52334 1.89084 0.161796 -0.174236 -0.11907 0.0241449 0.00223241 0.02003 0.265921 1.28968 0.583884 -1.87426 0.754991 -0.0290345 -0.0104963 1.12823 0.797989 -0.690695 -0.195808 -0.000716368 0.00113774 2.43943
73.293 -0.285869 -0.468524 1.31776 -3.00837 0.516124 1.88021 -0.348293 -0.460919 1.32091 -3.03052 0.536457 1.86595 -0.0624239 0.00760545 0.00315718 -0.0221511 0.0203323 -0.0142627 0.0629647 1.61058 -0.13124 -0.637124 1.19395 -2.99513 0.517637 1.88213 0.154629 -0.1686 -0.123807 0.0132452 0.00151273 0.00191629 0.260123 0.716552 0.571684 -1.87757 0.764167 -0.0236995 -0.00788593 1.13694 0.797989 -0.690695 -0.195808 -0.000716368 0.00113774 2.43943
73.5966 -0.255778 -0.476783 1.33131 -2.99695 0.51051 1.89368 -0.318473 -0.469054 1.33592 -2.99662 0.530915 1.88717 -0.0626951 0.00772881 0.00460389 0.000335955 0.0204047 -0.00650165 0.0633372 1.23003 -0.108702 -0.640548 1.20335 -2.99691 0.511639 1.87372 0.147076 -0.163765 -0.127969 4.49607e-05 0.00112872 -0.0199527 0.25461 1.14637 0.558784 -1.88073 0.772473 -0.0179609 -0.00536381 1.14942 0.797989 -0.690695 -0.195808 -0.000716368 0.00113774 2.43943
73.9973 -0.209017 -0.488282 1.34875 -2.97952 0.502609 1.91649 -0.284322 -0.478028 1.34812 -2.98669 0.517441 1.89683 -0.0753057 0.0102542 -0.000626223 -0.00717723 0.0148321 -0.0196536 0.0760032 1.30656 -0.0722759 -0.643284 1.21401 -2.99288 0.501215 1.87598 0.136741 -0.155002 -0.134739 -0.0133658 -0.00139404 -0.0405032 0.246735 2.06602 0.540868 -1.88473 0.782435 -0.0105553 -0.00262741 1.17019 0.797989 -0.690695 -0.195808 -0.000716368 0.00113774 2.43943
74.2591 -0.171649 -0.496108 1.36092 -2.96603 0.49697 1.93566 -0.243989 -0.486819 1.36289 -2.97626 0.527905 1.90928 -0.0723404 0.00928875 0.00196809 -0.0102234 0.0309345 -0.0263806 0.0729609 2.21382 -0.0442686 -0.645858 1.2222 -2.98475 0.492562 1.88797 0.12738 -0.14975 -0.13872 -0.0187143 -0.0044084 -0.0476873 0.240612 2.42834 0.527157 -1.8876 0.789256 -0.0056483 -0.00131835 1.18769 0.797989 -0.690695 -0.195808 -0.000716368 0.00113774 2.43943
74.5577 -0.13477 -0.502618 1.37232 -2.95302 0.49177 1.95413 -0.205339 -0.498138 1.38285 -2.95913 0.49163 1.93343 -0.0705696 0.00447965 0.0105332 -0.00610496 -0.000139971 -0.0207019 0.0714919 1.06643 -0.0157103 -0.647999 1.23032 -2.97194 0.486477 1.90787 0.119059 -0.145381 -0.141994 -0.0189187 -0.00529243 -0.0462635 0.235527 2.36496 0.513406 -1.89037 0.795757 -0.0009354 -0.000606757 1.20461 0.797989 -0.690695 -0.195808 -0.000716368 0.00113774 2.43943
74.9092 -0.104173 -0.506802 1.38345 -2.9419 0.487403 1.96491 -0.163695 -0.510077 1.40925 -2.95759 0.48943 1.96075 -0.0595221 -0.00327515 0.0258063 -0.0156871 0.00202795 -0.0041649 0.0649582 0.822819 0.00236674 -0.647326 1.23781 -2.95812 0.482502 1.92617 0.10654 -0.140524 -0.145638 -0.0162206 -0.00490045 -0.0387409 0.22871 1.98643 0.499763 -1.89308 0.802748 0.00558223 -0.000308459 1.21479 0.797989 -0.690695 -0.195808 -0.000716368 0.00113774 2.43943
75.2808 -0.0785838 -0.510222 1.39674 -2.93405 0.484821 1.96754 -0.13141 -0.506009 1.39964 -2.9457 0.509269 1.96053 -0.0528264 0.00421337 0.00290618 -0.0116447 0.0244482 -0.00700626 0.0530738 1.52084 0.0124996 -0.646125 1.2478 -2.94359 0.481907 1.94677 0.0910833 -0.135902 -0.148938 -0.00953704 -0.00291433 -0.0207685 0.221242 1.0668 0.482098 -1.89673 0.811479 0.0125112 -0.000625506 1.21759 0.797989 -0.690695 -0.195808 -0.000716368 0.00113774 2.43943
75.5763 -0.0712275 -0.512727 1.40515 -2.93441 0.485186 1.96234 -0.111499 -0.511528 1.41841 -2.94794 0.497978 1.96105 -0.0402712 0.00119984 0.013267 -0.0135384 0.012792 -0.00129236 0.0424173 1.04418 0.0103474 -0.645796 1.25451 -2.93859 0.483365 1.95579 0.0815749 -0.133069 -0.150641 -0.0041845 -0.0018214 -0.00655636 0.216921 0.354982 0.469455 -1.89958 0.817159 0.0146583 -0.000780204 1.21301 0.797989 -0.690695 -0.195808 -0.000716368 0.00113774 2.43943
75.9149 -0.0724567 -0.515764 1.41228 -2.93932 0.486884 1.95223 -0.104796 -0.517495 1.43676 -2.94207 0.502673 1.95826 -0.0323389 -0.00173147 0.0244807 -0.00275679 0.0157894 0.00602952 0.0405969 1.00717 -0.00168096 -0.644072 1.25907 -2.9362 0.485825 1.96455 0.0707757 -0.128308 -0.15321 0.00311767 -0.00105958 0.0123164 0.212003 0.644677 0.457415 -1.90257 0.822052 0.0145359 -0.000583323 1.20391 0.797989 -0.690695 -0.195808 -0.000716368 0.00113774 2.43943
76.2226 -0.0839991 -0.520754 1.41999 -2.95085 0.49017 1.93289 -0.107164 -0.517847 1.43424 -2.91855 0.504284 1.95667 -0.0231649 0.00290674 0.014247 0.0322935 0.0141139 0.0237803 0.0273503 1.87847 -0.0228725 -0.643836 1.26407 -2.93621 0.48968 1.97317 0.0611266 -0.123082 -0.155926 0.0146397 -0.000489867 0.0402876 0.207843 2.05195 0.442288 -1.90675 0.827459 0.0122543 0.00028715 1.1865 0.797989 -0.690695 -0.195808 -0.000716368 0.00113774 2.43943
76.9455 -0.112396 -0.530141 1.42859 -2.97319 0.494716 1.897 -0.134399 -0.530971 1.45835 -2.97369 0.496651 1.90125 -0.0220025 -0.000830183 0.0297552 -0.000503731 0.00193488 0.00425394 0.0370158 0.28116 -0.063823 -0.645755 1.26875 -2.94865 0.501657 1.95791 0.0485735 -0.115614 -0.159842 0.0245379 0.00694103 0.0609067 0.203163 3.10223 0.421349 -1.91327 0.834002 0.00747972 0.00296917 1.15456 0.797989 -0.690695 -0.195808 -0.000716368 0.00113774 2.43943
77.3304 -0.12383 -0.538569 1.43445 -2.98644 0.495638 1.88335 -0.149763 -0.536374 1.45919 -2.98122 0.496134 1.89544 -0.0259329 0.0021953 0.0247398 0.00522069 0.000495473 0.012092 0.0359081 0.611018 -0.082469 -0.64776 1.27124 -2.96244 0.506129 1.93984 0.0413609 -0.109191 -0.163204 0.0240081 0.0104904 0.0564876 0.200671 2.90731 0.40838 -1.91753 0.839415 0.00126848 0.00580458 1.14254 0.797989 -0.690695 -0.195808 -0.000716368 0.00113774 2.43943
77.6543 -0.121384 -0.544352 1.44005 -2.99049 0.495284 1.8816 -0.158382 -0.53772 1.45074 -2.98971 0.518527 1.87849 -0.0369978 0.00663189 0.0106878 0.000780727 0.0232433 -0.00310734 0.0390775 1.34727 -0.0852958 -0.648968 1.27436 -2.97006 0.506098 1.92922 0.0360885 -0.104616 -0.165693 0.0204332 0.0108137 0.0476168 0.199251 2.47607 0.399002 -1.92048 0.843708 -0.00167474 0.00723564 1.14105 0.797989 -0.690695 -0.195808 -0.000716368 0.00113774 2.43943
78.0467 -0.109266 -0.549299 1.44656 -2.98866 0.493884 1.88571 -0.157606 -0.553288 1.47891 -2.98314 0.497894 1.88609 -0.04834 -0.00398868 0.0323496 0.00552128 0.00401012 0.000385362 0.0583023 0.382573 -0.0773964 -0.65041 1.27892 -2.97394 0.504075 1.92037 0.0318697 -0.101111 -0.167639 0.0147139 0.0101908 0.0346643 0.198348 1.84228 0.389834 -1.92313 0.84804 -0.00153876 0.00808708 1.14493 0.797989 -0.690695 -0.195808 -0.000716368 0.00113774 2.43943
78.4226 -0.0886985 -0.553883 1.45367 -2.98213 0.491391 1.89478 -0.139247 -0.552301 1.46937 -2.99256 0.505077 1.87785 -0.0505486 0.0015824 0.0156981 -0.0104324 0.013686 -0.0169312 0.0529537 1.16567 -0.0625354 -0.650518 1.28336 -2.9786 0.500591 1.90506 0.0261631 -0.0966348 -0.170317 0.00353229 0.00919965 0.0102794 0.197562 0.743358 0.380885 -1.92544 0.852317 0.000934756 0.0086391 1.15317 0.797989 -0.690695 -0.195808 -0.000716368 0.00113774 2.43943
78.783 -0.0538773 -0.559417 1.46251 -2.96969 0.4869 1.91218 -0.116261 -0.557841 1.47898 -2.97915 0.503706 1.90232 -0.0623839 0.00157606 0.0164735 -0.00946426 0.0168061 -0.00985709 0.0645415 1.11768 -0.0331921 -0.651007 1.28928 -2.97835 0.496241 1.89662 0.0206851 -0.0915898 -0.17323 -0.00866149 0.00934101 -0.0155617 0.197041 0.954086 0.369436 -1.92803 0.857746 0.00560271 0.00924952 1.16926 0.797989 -0.690695 -0.195808 -0.000716368 0.00113774 2.43943
79.1363 -0.0242543 -0.563091 1.46852 -2.95921 0.483038 1.92847 -0.0856292 -0.57125 1.50766 -2.96094 0.480013 1.91949 -0.0613749 -0.00815874 0.0391378 -0.00173446 -0.00302498 -0.00898274 0.0732476 0.507449 -0.0083566 -0.649922 1.29252 -2.97804 0.493668 1.89205 0.0158978 -0.0868305 -0.176 -0.0188259 0.0106299 -0.0364181 0.196896 1.9432 0.361352 -1.92965 0.861549 0.00868213 0.00959291 1.18399 0.797989 -0.690695 -0.195808 -0.000716368 0.00113774 2.43943
79.5 0.00448488 -0.565818 1.47391 -2.94922 0.479265 1.9446 -0.0526194 -0.564038 1.48682 -2.94686 0.496816 1.94198 -0.0571043 0.00177978 0.0129188 0.00235949 0.0175508 -0.00262595 0.0585744 1.03514 0.016063 -0.649586 1.29618 -2.9767 0.488464 1.89125 0.0115781 -0.0837687 -0.177729 -0.0274783 0.00919831 -0.0533575 0.196822 2.76116 0.353807 -1.93101 0.86532 0.0113989 0.00979962 1.19875 0.797989 -0.690695 -0.195808 -0.000716368 0.00113774 2.43943
79.8472 0.0333794 -0.566144 1.48182 -2.93818 0.475937 1.95727 -0.0210964 -0.571818 1.50741 -2.94628 0.48441 1.94401 -0.0544758 -0.00567411 0.025589 -0.0080989 0.00847236 -0.0132567 0.0604533 0.837901 0.0397713 -0.645757 1.30174 -2.96895 0.484002 1.89643 0.00639191 -0.0796125 -0.180075 -0.0307696 0.00806472 -0.0608406 0.196993 3.13 0.344745 -1.93248 0.871384 0.0166648 0.00908882 1.21049 0.797989 -0.690695 -0.195808 -0.000716368 0.00113774 2.43943
80.2911 0.0473132 -0.56533 1.48733 -2.93382 0.47525 1.96341 0.00259105 -0.569224 1.50751 -2.93592 0.481847 1.9524 -0.0447221 -0.00389464 0.0201802 -0.00209125 0.00659658 -0.0110078 0.0492186 0.696612 0.0502657 -0.641954 1.3056 -2.9649 0.484932 1.90048 0.00295256 -0.0766246 -0.181735 -0.0310768 0.00968188 -0.0629281 0.19725 3.24763 0.338826 -1.93339 0.875579 0.0179718 0.00815762 1.21598 0.797989 -0.690695 -0.195808 -0.000716368 0.00113774 2.43943
80.639 0.0560787 -0.565011 1.49188 -2.93214 0.475142 1.96724 0.0179934 -0.574763 1.52933 -2.94195 0.472363 1.94855 -0.0380853 -0.00975204 0.0374475 -0.00980261 -0.00277927 -0.0186881 0.0542947 0.96874 0.0557162 -0.640452 1.30954 -2.96208 0.488056 1.90468 -0.000362428 -0.0754411 -0.182343 -0.0299361 0.0129139 -0.0625593 0.197334 3.26207 0.333694 -1.93421 0.879146 0.0176952 0.00762211 1.21934 0.797989 -0.690695 -0.195808 -0.000716368 0.00113774 2.43943
81.3978 0.0624955 -0.56454 1.5005 -2.93399 0.476534 1.96883 0.0322581 -0.575567 1.54045 -2.93317 0.472309 1.96981 -0.0302374 -0.0110263 0.0399483 0.000816355 -0.00422515 0.000984233 0.0513006 0.24866 0.0522734 -0.635345 1.31567 -2.96094 0.49342 1.9124 -0.0102221 -0.0708043 -0.184824 -0.0269538 0.0168853 -0.0564272 0.198186 3.01947 0.324654 -1.93575 0.886046 0.0147134 0.00695467 1.22041 0.797989 -0.690695 -0.195808 -0.000716368 0.00113774 2.43943
81.7484 0.0609713 -0.564027 1.50371 -2.93613 0.477661 1.96706 0.032258 -0.572876 1.54045 -2.93267 0.473263 1.97004 -0.0287133 -0.00884909 0.0367411 0.0034584 -0.00439812 0.00298456 0.0474623 0.317752 0.0485307 -0.632201 1.3174 -2.96187 0.494875 1.91463 -0.0124405 -0.0681737 -0.186303 -0.0257426 0.0172139 -0.0524213 0.198774 2.83338 0.321923 -1.93624 0.888675 0.0131955 0.00667604 1.21862 0.797989 -0.690695 -0.195808 -0.000716368 0.00113774 2.43943
82.1342 0.0576362 -0.56359 1.50661 -2.93885 0.478794 1.96419 0.0295419 -0.571121 1.53933 -2.93056 0.474846 1.97049 -0.0280944 -0.00753143 0.0327203 0.0082835 -0.00394843 0.00630172 0.0437794 0.499677 0.0435236 -0.628339 1.31836 -2.96289 0.495928 1.91692 -0.0141126 -0.0647491 -0.188256 -0.0240455 0.0171339 -0.0472627 0.199579 2.58846 0.319797 -1.93663 0.891237 0.0116835 0.00659381 1.21589 0.797989 -0.690695 -0.195808 -0.000716368 0.00113774 2.43943
82.4793 0.051279 -0.562511 1.51031 -2.94281 0.480466 1.95922 0.0260256 -0.565504 1.52954 -2.93419 0.501048 1.95814 -0.0252534 -0.00299262 0.0192345 0.00861504 0.0205822 -0.00107326 0.031885 1.29089 0.0360535 -0.624834 1.32065 -2.96375 0.497193 1.91973 -0.0152255 -0.0623229 -0.189655 -0.0209445 0.0167274 -0.0394904 0.200212 2.21982 0.317812 -1.93695 0.894681 0.00985831 0.00643757 1.21123 0.797989 -0.690695 -0.195808 -0.000716368 0.00113774 2.43943
83.0981 0.0392879 -0.559348 1.5159 -2.94889 0.483273 1.9505 0.0126713 -0.560099 1.52938 -2.9389 0.505155 1.95388 -0.0266166 -0.000750946 0.0134746 0.00998781 0.0218815 0.00338362 0.0298425 1.35335 0.0241714 -0.620928 1.32576 -2.96262 0.498293 1.92599 -0.0151165 -0.0615795 -0.190139 -0.0137233 0.0150201 -0.0245103 0.200433 1.51336 0.31642 -1.93697 0.900302 0.00751838 0.00592507 1.20309 0.797989 -0.690695 -0.195808 -0.000716368 0.00113774 2.43943
83.4158 0.0306304 -0.556587 1.51974 -2.95289 0.484919 1.94447 0.00676958 -0.565363 1.55122 -2.95464 0.499233 1.94226 -0.0238608 -0.0087761 0.0314799 -0.00175152 0.0143135 -0.0022151 0.0404641 0.828507 0.0166257 -0.621278 1.33134 -2.96197 0.497857 1.92909 -0.0140048 -0.0646912 -0.188404 -0.00908594 0.0129374 -0.0153835 0.199692 1.0792 0.316398 -1.93666 0.904692 0.00619579 0.0057332 1.19753 0.797989 -0.690695 -0.195808 -0.000716368 0.00113774 2.43943
83.7829 0.0239573 -0.55407 1.52278 -2.9559 0.486101 1.94014 -0.00135591 -0.56265 1.55121 -2.95763 0.501415 1.93965 -0.0253132 -0.00857992 0.0284328 -0.0017308 0.0153146 -0.000489666 0.039023 0.882044 0.01087 -0.622337 1.33639 -2.96155 0.495924 1.93239 -0.0130873 -0.0682668 -0.186388 -0.00565403 0.0098229 -0.00774825 0.198927 0.694925 0.316792 -1.93624 0.908403 0.00511916 0.0056208 1.19353 0.797989 -0.690695 -0.195808 -0.000716368 0.00113774 2.43943
84.1453 0.0172563 -0.551115 1.52596 -2.95889 0.487281 1.93609 -0.00948146 -0.55724 1.55124 -2.96021 0.504599 1.93722 -0.0267378 -0.00612508 0.0252814 -0.00132509 0.0173177 0.00113712 0.0373038 0.999755 0.00528166 -0.622889 1.34154 -2.96282 0.494563 1.93269 -0.0119747 -0.0717736 -0.184421 -0.00393505 0.00728154 -0.00339341 0.198257 0.470638 0.317495 -1.93567 0.912431 0.00391926 0.00548632 1.1898 0.797989 -0.690695 -0.195808 -0.000716368 0.00113774 2.43943
84.8629 0.00380758 -0.542179 1.53395 -2.96418 0.489852 1.92819 -0.0230571 -0.548423 1.55122 -2.95306 0.496038 1.92996 -0.0268647 -0.00624441 0.0172664 0.0111251 0.00618602 0.00176952 0.0325397 0.693798 -0.00553992 -0.622495 1.35436 -2.96381 0.488605 1.93647 -0.0093475 -0.080316 -0.179597 0.000376855 -0.00124664 0.00828209 0.19696 0.470638 0.320101 -1.93366 0.922836 0.002016 0.00475579 1.18246 0.797989 -0.690695 -0.195808 -0.000716368 0.00113774 2.43943
85.281 -0.000436829 -0.537432 1.53776 -2.96533 0.490766 1.92552 -0.0284443 -0.541053 1.55144 -2.9659 0.513415 1.93172 -0.0280075 -0.00362102 0.0136808 -0.000565887 0.0226496 0.00620228 0.0313798 1.34988 -0.00853124 -0.619728 1.35928 -2.9639 0.487467 1.93582 -0.00809441 -0.082296 -0.178482 0.00142771 -0.00329875 0.0103 0.196708 0.587508 0.321555 -1.93251 0.927824 0.00196888 0.0042577 1.17999 0.797989 -0.690695 -0.195808 -0.000716368 0.00113774 2.43943
85.9605 -0.00787906 -0.524172 1.54802 -2.96638 0.492769 1.92104 -0.036434 -0.534389 1.57381 -2.96913 0.497589 1.91722 -0.028555 -0.0102162 0.0257902 -0.00275805 0.00482046 -0.00381319 0.0398107 0.340349 -0.0116195 -0.610779 1.37198 -2.96284 0.486634 1.93465 -0.00374048 -0.0866068 -0.176039 0.00353502 -0.00613502 0.0136157 0.196225 0.79031 0.32565 -1.92929 0.941218 0.00260327 0.00270432 1.17575 0.797989 -0.690695 -0.195808 -0.000716368 0.00113774 2.43943
86.3942 -0.0105734 -0.517964 1.55267 -2.9666 0.493603 1.91983 -0.0391829 -0.526157 1.57385 -2.96913 0.501091 1.91682 -0.0286094 -0.00819364 0.0211793 -0.00253497 0.00748785 -0.00300959 0.0365267 0.459701 -0.0123325 -0.607103 1.37808 -2.96242 0.487317 1.93426 -0.00175907 -0.089139 -0.174597 0.00417866 -0.006286 0.0144307 0.196043 0.827089 0.327701 -1.92773 0.947393 0.00274393 0.00199054 1.17456 0.797989 -0.690695 -0.195808 -0.000716368 0.00113774 2.43943
86.7909 -0.0129096 -0.51161 1.55741 -2.96663 0.494339 1.919 -0.0432408 -0.5256 1.59731 -2.98468 0.495152 1.90598 -0.0303313 -0.0139905 0.0399055 -0.018055 0.000812706 -0.0130143 0.0520401 0.946674 -0.0134073 -0.601973 1.3835 -2.96055 0.487733 1.93646 -0.000497736 -0.0903633 -0.173907 0.00607508 -0.00660579 0.0174644 0.195983 0.967932 0.329922 -1.92612 0.95375 0.00291486 0.00131018 1.17371 0.797989 -0.690695 -0.195808 -0.000716368 0.00113774 2.43943
87.5832 -0.0170815 -0.495893 1.56888 -2.96577 0.495975 1.91836 -0.0487906 -0.507123 1.59623 -2.98134 0.503496 1.9065 -0.0317091 -0.0112293 0.0273448 -0.0155783 0.00752145 -0.0118623 0.043351 0.928727 -0.0142102 -0.589404 1.39676 -2.95765 0.490356 1.93799 0.00287132 -0.0935106 -0.172127 0.00811646 -0.00561847 0.0196302 0.195909 1.0438 0.335741 -1.92225 0.969129 0.00356955 -0.000482294 1.17288 0.797989 -0.690695 -0.195808 -0.000716368 0.00113774 2.43943
88.1252 -0.0186091 -0.488993 1.57373 -2.96516 0.496697 1.91855 -0.0498964 -0.50124 1.60872 -2.96511 0.494297 1.92045 -0.0312873 -0.0122471 0.0349954 5.28987e-05 -0.00240012 0.00190107 0.0485136 0.174713 -0.0146964 -0.58289 1.40182 -2.95689 0.492357 1.93738 0.00391271 -0.0938969 -0.171909 0.00827399 -0.00434069 0.0188311 0.19592 0.98238 0.3385 -1.92062 0.97563 0.00384233 -0.00134401 1.17291 0.797989 -0.690695 -0.195808 -0.000716368 0.00113774 2.43943
88.6197 -0.0207118 -0.480176 1.57975 -2.96438 0.497565 1.9191 -0.051611 -0.4885 1.59685 -2.96619 0.525881 1.90836 -0.0308993 -0.00832395 0.0171015 -0.00180786 0.0283158 -0.0107391 0.0362838 1.7201 -0.0169173 -0.574721 1.40821 -2.95585 0.494909 1.93737 0.0037945 -0.0945455 -0.171537 0.0085351 -0.00265627 0.0182771 0.195904 0.933351 0.342414 -1.91855 0.983867 0.00405159 -0.00239408 1.17324 0.797989 -0.690695 -0.195808 -0.000716368 0.00113774 2.43943
88.9848 -0.0224512 -0.474071 1.58379 -2.96391 0.498101 1.91968 -0.0542154 -0.488939 1.63345 -2.97974 0.491783 1.91019 -0.0317642 -0.0148687 0.0496573 -0.0158285 -0.00631814 -0.00948702 0.0607939 0.883374 -0.0179901 -0.570347 1.41326 -2.95571 0.496942 1.93705 0.00446116 -0.0962766 -0.170527 0.00819973 -0.00115863 0.0173654 0.195879 0.876703 0.345517 -1.91711 0.989586 0.00404844 -0.00304111 1.17365 0.797989 -0.690695 -0.195808 -0.000716368 0.00113774 2.43943
89.3217 -0.0243784 -0.468495 1.58733 -2.96357 0.498569 1.92036 -0.0555142 -0.474743 1.60935 -2.96183 0.535373 1.9256 -0.0311357 -0.00624802 0.0220217 0.00173662 0.0368043 0.00524181 0.0386449 2.12541 -0.0196948 -0.564777 1.4169 -2.95724 0.500211 1.9342 0.00468366 -0.0962815 -0.170432 0.00632838 0.0016419 0.0138381 0.195804 0.702765 0.348753 -1.91579 0.99481 0.00389525 -0.00359425 1.17416 0.797989 -0.690695 -0.195808 -0.000716368 0.00113774 2.43943
89.7375 -0.0266278 -0.463764 1.59033 -2.96349 0.498743 1.92106 -0.0580265 -0.46975 1.61884 -2.92779 0.511827 1.93785 -0.0313987 -0.00598562 0.0285121 0.0357026 0.0130842 0.0167835 0.0428328 1.94078 -0.0213894 -0.559734 1.41969 -2.95869 0.501838 1.93243 0.00523841 -0.0959699 -0.170639 0.00479862 0.00309545 0.0113708 0.195845 0.600031 0.352108 -1.9146 0.999536 0.00356066 -0.00377441 1.17474 0.797989 -0.690695 -0.195808 -0.000716368 0.00113774 2.43943
90.1296 -0.0298486 -0.458936 1.59352 -2.96364 0.498369 1.92195 -0.060159 -0.464693 1.62093 -2.98119 0.52992 1.89695 -0.0303104 -0.00575672 0.0274085 -0.0175418 0.031551 -0.0250021 0.0412685 2.21664 -0.0245352 -0.554219 1.42244 -2.96124 0.502834 1.92957 0.00531339 -0.0952828 -0.171078 0.00240554 0.00446497 0.00762262 0.195895 0.466462 0.356743 -1.91322 1.00523 0.00307939 -0.00337499 1.17557 0.797989 -0.690695 -0.195808 -0.000716368 0.00113774 2.43943
90.5639 -0.0323942 -0.455939 1.59557 -2.96384 0.49786 1.92261 -0.063963 -0.466528 1.64502 -2.96058 0.489815 1.92386 -0.0315688 -0.0105884 0.0494414 0.00325989 -0.0080444 0.00125336 0.0596083 0.48939 -0.0269875 -0.550801 1.42423 -2.96379 0.502764 1.92682 0.00540667 -0.0948613 -0.171349 5.10478e-05 0.00490432 0.00420432 0.195929 0.369035 0.36033 -1.91231 1.00919 0.00271826 -0.0028431 1.17623 0.797989 -0.690695 -0.195808 -0.000716368 0.00113774 2.43943
90.8991 -0.0349555 -0.453076 1.59754 -2.96397 0.497332 1.92329 -0.0656192 -0.459546 1.63288 -2.96297 0.521016 1.91111 -0.0306636 -0.00646985 0.0353384 0.000992217 0.0236835 -0.0121766 0.0472326 1.53951 -0.029665 -0.548539 1.42654 -2.96525 0.502185 1.92547 0.00529051 -0.0954633 -0.170999 -0.00128383 0.00485267 0.00218121 0.195913 0.327456 0.364006 -1.9115 1.01302 0.00241191 -0.00231068 1.17691 0.797989 -0.690695 -0.195808 -0.000716368 0.00113774 2.43943
91.1965 -0.0387348 -0.448945 1.60021 -2.96421 0.496925 1.92429 -0.0697138 -0.457951 1.64517 -2.96188 0.493895 1.92253 -0.0309791 -0.00900583 0.0449628 0.00232662 -0.0030303 -0.00175616 0.0553395 0.265408 -0.0335005 -0.546024 1.43015 -2.96709 0.50132 1.92372 0.00523424 -0.0970788 -0.170062 -0.00288232 0.00439479 -0.000566861 0.19589 0.294751 0.369038 -1.91053 1.01802 0.00180206 -0.0018588 1.17785 0.797989 -0.690695 -0.195808 -0.000716368 0.00113774 2.43943
91.5645 -0.0418779 -0.44545 1.60226 -2.96444 0.496949 1.92512 -0.0725899 -0.4551 1.64525 -2.96275 0.495382 1.92177 -0.0307121 -0.00964994 0.042992 0.00168836 -0.00156727 -0.00334851 0.053709 0.268341 -0.0362307 -0.543671 1.43286 -2.96849 0.500697 1.92241 0.00564719 -0.0982205 -0.169399 -0.00405096 0.00374794 -0.00271048 0.195896 0.298707 0.372896 -1.90985 1.02165 0.0011571 -0.00181181 1.17856 0.797989 -0.690695 -0.195808 -0.000716368 0.00113774 2.43943
91.9521 -0.0450973 -0.441946 1.60435 -2.96468 0.496985 1.92596 -0.0754666 -0.449378 1.64535 -2.96323 0.498003 1.92118 -0.0303693 -0.00743201 0.0409986 0.00144589 0.00101853 -0.00477845 0.0515598 0.327456 -0.0391126 -0.541573 1.43577 -2.96956 0.500471 1.92182 0.00598472 -0.0996271 -0.16858 -0.00487944 0.00348655 -0.00414019 0.195909 0.333378 0.376803 -1.90921 1.02531 0.000500433 -0.00177367 1.17928 0.797989 -0.690695 -0.195808 -0.000716368 0.00113774 2.43943
92.3278 -0.0491599 -0.436989 1.60747 -2.96472 0.497032 1.92704 -0.0797913 -0.446598 1.6457 -2.966 0.498854 1.91954 -0.0306315 -0.0096093 0.038225 -0.00128148 0.00182183 -0.00750161 0.0499177 0.413068 -0.0433842 -0.537985 1.43969 -2.97084 0.49994 1.92114 0.00577561 -0.100997 -0.167781 -0.00612181 0.00290818 -0.0059009 0.195919 0.389668 0.382054 -1.9084 1.0305 -9.52318e-05 -0.00180546 1.18021 0.797989 -0.690695 -0.195808 -0.000716368 0.00113774 2.43943
92.7294 -0.0519929 -0.432553 1.61026 -2.9644 0.497325 1.92782 -0.0839634 -0.443739 1.65654 -2.94587 0.488506 1.93419 -0.0319705 -0.0111859 0.0462792 0.0185314 -0.00881885 0.00636612 0.0573498 1.07192 -0.0460239 -0.534882 1.44326 -2.97123 0.49923 1.92096 0.00596905 -0.102329 -0.166995 -0.00683206 0.00190492 -0.00685765 0.195944 0.414959 0.386004 -1.90781 1.03468 -0.00026939 -0.00217883 1.18083 0.797989 -0.690695 -0.195808 -0.000716368 0.00113774 2.43943
93.1177 -0.0548326 -0.42783 1.61331 -2.96398 0.4977 1.92851 -0.0868608 -0.437979 1.65664 -2.94631 0.491153 1.9336 -0.0320282 -0.0101493 0.0433303 0.0176705 -0.0065464 0.0050903 0.05483 0.985165 -0.0486422 -0.530919 1.44675 -2.97093 0.498636 1.92139 0.0061904 -0.103089 -0.166561 -0.00694638 0.000936132 -0.00712793 0.19598 0.415901 0.38995 -1.90725 1.03908 -0.000335522 -0.00265676 1.18137 0.797989 -0.690695 -0.195808 -0.000716368 0.00113774 2.43943
93.4634 -0.057803 -0.42335 1.61646 -2.96373 0.497965 1.92907 -0.0898074 -0.427705 1.64488 -2.96463 0.509016 1.9184 -0.0320044 -0.0043549 0.0284219 -0.000898787 0.0110513 -0.0106686 0.0430238 0.864114 -0.0515858 -0.526059 1.44979 -2.96943 0.49755 1.9237 0.00621726 -0.102709 -0.16667 -0.00570421 -0.000414347 -0.00537376 0.195874 0.326259 0.393885 -1.90673 1.04373 -0.000461816 -0.00298685 1.18181 0.797989 -0.690695 -0.195808 -0.000716368 0.00113774 2.43943
93.8906 -0.062356 -0.416931 1.6213 -2.96366 0.498456 1.92972 -0.0926577 -0.426462 1.65686 -2.94724 0.496491 1.93243 -0.0303017 -0.0095307 0.0355664 0.0164247 -0.00196541 0.00271108 0.0476864 0.884702 -0.056032 -0.520869 1.45525 -2.96725 0.497159 1.92692 0.00632392 -0.103938 -0.166051 -0.00358358 -0.001297 -0.00279429 0.196 0.205584 0.399095 -1.90612 1.05049 -0.000868212 -0.00346279 1.18228 0.797989 -0.690695 -0.195808 -0.000716368 0.00113774 2.43943
94.1813 -0.0660894 -0.411351 1.62558 -2.96371 0.499226 1.93015 -0.0956475 -0.4161 1.64728 -2.98274 0.529801 1.91927 -0.0295581 -0.00474913 0.0216927 -0.0190341 0.0305752 -0.0108737 0.0369703 1.99429 -0.0588481 -0.516271 1.46011 -2.96595 0.497897 1.92862 0.00724133 -0.104919 -0.165473 -0.00224492 -0.00132921 -0.00152229 0.196066 0.139882 0.402957 -1.90573 1.05614 -0.00135858 -0.00417003 1.18251 0.797989 -0.690695 -0.195808 -0.000716368 0.00113774 2.43943
94.5782 -0.0701261 -0.405345 1.63044 -2.9639 0.500188 1.93051 -0.102223 -0.418589 1.68354 -2.96425 0.491475 1.92081 -0.0320967 -0.0132447 0.0530964 -0.000348237 -0.00871326 -0.00969038 0.0634417 0.739664 -0.0611012 -0.511218 1.46554 -2.96507 0.499013 1.92982 0.00902493 -0.105873 -0.164902 -0.0011655 -0.00117537 -0.000689758 0.196171 0.0884693 0.406752 -1.90542 1.06236 -0.00201793 -0.00500998 1.18266 0.797989 -0.690695 -0.195808 -0.000716368 0.00113774 2.43943
95.2116 -0.0808658 -0.392611 1.64277 -2.96576 0.501898 1.93086 -0.111136 -0.40218 1.68561 -2.98208 0.515639 1.92169 -0.0302706 -0.00956855 0.0428413 -0.0163143 0.0137405 -0.00916594 0.0533221 1.13608 -0.0683196 -0.5005 1.4791 -2.96472 0.500931 1.93107 0.0125463 -0.107888 -0.163671 0.00103866 -0.000967523 0.000215764 0.196432 0.0791294 0.415149 -1.90507 1.07841 -0.00448328 -0.00603599 1.18268 0.797989 -0.690695 -0.195808 -0.000716368 0.00113774 2.43943
95.6186 -0.0853649 -0.388626 1.6481 -2.96692 0.501846 1.93073 -0.117001 -0.397716 1.6949 -2.94623 0.488011 1.93316 -0.0316357 -0.00908989 0.0468005 0.0206901 -0.0138352 0.0024315 0.0572165 1.37715 -0.072258 -0.497689 1.48514 -2.96516 0.500599 1.93098 0.0131069 -0.109063 -0.162963 0.00176011 -0.00124758 0.000255202 0.196528 0.118694 0.418458 -1.90508 1.08568 -0.00550313 -0.00563034 1.18258 0.797989 -0.690695 -0.195808 -0.000716368 0.00113774 2.43943
95.9793 -0.0907583 -0.383759 1.65542 -2.96827 0.50148 1.93044 -0.119923 -0.389396 1.68446 -2.96857 0.505406 1.91674 -0.0291652 -0.00563728 0.0290365 -0.000298443 0.00392575 -0.0137029 0.0415392 0.808909 -0.0756124 -0.494355 1.49337 -2.96508 0.499335 1.93102 0.0151459 -0.110596 -0.162053 0.00318588 -0.00214491 0.000584195 0.196779 0.209357 0.422529 -1.90519 1.09556 -0.0065305 -0.00487185 1.1824 0.797989 -0.690695 -0.195808 -0.000716368 0.00113774 2.43943
96.2951 -0.0942781 -0.380123 1.66104 -2.96904 0.501179 1.93019 -0.127215 -0.392266 1.72314 -2.9641 0.480468 1.92148 -0.0329366 -0.0121423 0.0620962 0.00494212 -0.0207109 -0.00871076 0.0713315 1.36773 -0.0792277 -0.492066 1.49978 -2.96494 0.498561 1.93122 0.0150504 -0.111943 -0.161262 0.00409621 -0.00261791 0.00102734 0.196884 0.260947 0.425307 -1.90531 1.10299 -0.00704935 -0.00435257 1.18224 0.797989 -0.690695 -0.195808 -0.000716368 0.00113774 2.43943
96.7472 -0.0974173 -0.376153 1.66671 -2.96959 0.501116 1.92998 -0.128878 -0.378875 1.68672 -2.98756 0.527393 1.91711 -0.031461 -0.0027225 0.0200163 -0.0179748 0.0262771 -0.0128693 0.0373879 1.76746 -0.0829578 -0.489995 1.50662 -2.96445 0.498162 1.93143 0.0144595 -0.113842 -0.160092 0.00513482 -0.00295415 0.00145596 0.196973 0.314035 0.427838 -1.90542 1.1103 -0.00744582 -0.0041253 1.18206 0.797989 -0.690695 -0.195808 -0.000716368 0.00113774 2.43943
97.1756 -0.100382 -0.371804 1.67239 -2.97002 0.501339 1.9298 -0.13199 -0.375447 1.69793 -2.96587 0.51563 1.93291 -0.0316087 -0.00364305 0.0255412 0.0041546 0.0142911 0.00311029 0.0408012 0.847191 -0.0876854 -0.486883 1.51295 -2.96368 0.49797 1.93173 0.0126964 -0.115079 -0.159442 0.00634322 -0.00336875 0.00193328 0.197044 0.378459 0.430117 -1.90553 1.11732 -0.00783464 -0.00420323 1.18187 0.797989 -0.690695 -0.195808 -0.000716368 0.00113774 2.43943
97.6525 -0.103728 -0.366316 1.67944 -2.97042 0.501691 1.92954 -0.136285 -0.374332 1.72371 -2.966 0.488698 1.91959 -0.0325571 -0.00801562 0.0442687 0.00442464 -0.0129932 -0.00995364 0.0555332 1.03967 -0.0937425 -0.483277 1.52115 -2.96382 0.498416 1.93154 0.00998508 -0.116961 -0.158298 0.00659778 -0.0032746 0.00199513 0.197073 0.386643 0.432744 -1.90564 1.12603 -0.00819154 -0.00441298 1.18159 0.797989 -0.690695 -0.195808 -0.000716368 0.00113774 2.43943
98.4185 -0.107128 -0.359676 1.68899 -2.97062 0.501614 1.929 -0.14249 -0.363631 1.72649 -2.98488 0.511026 1.92098 -0.0353616 -0.00395491 0.0375024 -0.014262 0.0094115 -0.0080125 0.0516964 0.897439 -0.102723 -0.479504 1.53225 -2.96549 0.499389 1.93039 0.00440502 -0.119828 -0.156745 0.0051355 -0.00222541 0.0013897 0.19735 0.294751 0.435773 -1.90577 1.13775 -0.00808284 -0.00428163 1.18113 0.797989 -0.690695 -0.195808 -0.000716368 0.00113774 2.43943
98.9084 -0.10852 -0.355657 1.69504 -2.97055 0.5015 1.92862 -0.142455 -0.358247 1.72591 -2.96715 0.531952 1.92317 -0.0339351 -0.00259022 0.030874 0.00340216 0.0304515 -0.00545694 0.0459511 1.79994 -0.10965 -0.476496 1.53883 -2.9671 0.499416 1.92933 -0.00112999 -0.120839 -0.156209 0.00345074 -0.00208368 0.000711061 0.197495 0.216705 0.437195 -1.90582 1.14508 -0.00779046 -0.00419978 1.18083 0.797989 -0.690695 -0.195808 -0.000716368 0.00113774 2.43943
99.3825 -0.109276 -0.352605 1.69948 -2.97045 0.501545 1.92838 -0.142457 -0.355236 1.72593 -2.96677 0.533221 1.92333 -0.0331804 -0.00263116 0.0264467 0.00367483 0.0316764 -0.00504571 0.0425122 1.86614 -0.112377 -0.473416 1.54331 -2.96857 0.499229 1.92867 -0.00310121 -0.120811 -0.156177 0.00187192 -0.00231517 0.000287866 0.197475 0.165511 0.437962 -1.90584 1.15039 -0.00758188 -0.004276 1.18061 0.797989 -0.690695 -0.195808 -0.000716368 0.00113774 2.43943
99.884 -0.109863 -0.349603 1.7039 -2.97036 0.501635 1.92814 -0.147056 -0.357251 1.76216 -2.9409 0.490818 1.92674 -0.0371931 -0.00764859 0.0582545 0.0294692 -0.0108169 -0.0014052 0.0695372 1.8359 -0.113031 -0.470852 1.54791 -2.96959 0.498886 1.92812 -0.00316829 -0.121249 -0.155995 0.00077521 -0.00274861 -2.19336e-05 0.1976 0.163129 0.438483 -1.90585 1.1555 -0.00741433 -0.00438621 1.18039 0.797989 -0.690695 -0.195808 -0.000716368 0.00113774 2.43943
100.318 -0.110882 -0.345881 1.70947 -2.97066 0.501937 1.92787 -0.147356 -0.354238 1.7663 -2.96032 0.508732 1.92951 -0.0364734 -0.00835755 0.0568334 0.0103419 0.00679538 0.00163616 0.0680456 0.676664 -0.115048 -0.468197 1.5541 -2.97055 0.498879 1.92688 -0.00416611 -0.122316 -0.155373 0.000112334 -0.00305798 -0.000994022 0.197786 0.185575 0.438801 -1.90586 1.16198 -0.00765209 -0.00458056 1.18011 0.797989 -0.690695 -0.195808 -0.000716368 0.00113774 2.43943
101.06 -0.111315 -0.340593 1.7175 -2.97083 0.502476 1.92753 -0.147404 -0.345887 1.76707 -2.9778 0.491826 1.92794 -0.0360886 -0.00529358 0.0495658 -0.0069745 -0.0106505 0.000408593 0.0615401 0.735951 -0.119061 -0.466476 1.5642 -2.97156 0.498585 1.92435 -0.00774585 -0.125883 -0.153299 -0.000731129 -0.00389163 -0.0031789 0.198512 0.278362 0.438446 -1.90586 1.17103 -0.00779879 -0.00503903 1.17972 0.797989 -0.690695 -0.195808 -0.000716368 0.00113774 2.43943
101.846 -0.108898 -0.334071 1.72705 -2.9696 0.503255 1.92724 -0.145618 -0.336677 1.7551 -2.98229 0.52976 1.91378 -0.0367203 -0.0026063 0.0280528 -0.0126954 0.0265047 -0.0134603 0.0462832 1.69581 -0.12135 -0.467517 1.57819 -2.97246 0.497816 1.92245 -0.0124518 -0.133446 -0.14886 -0.00285649 -0.00543914 -0.00479171 0.200305 0.395648 0.436753 -1.90595 1.18101 -0.00671984 -0.00614699 1.17934 0.797989 -0.690695 -0.195808 -0.000716368 0.00113774 2.43943
102.227 -0.107402 -0.330776 1.73156 -2.96887 0.503868 1.92719 -0.144407 -0.333834 1.76851 -2.97381 0.534563 1.93471 -0.0370052 -0.00305808 0.036948 -0.00493819 0.0306952 0.00751569 0.0523822 1.8653 -0.12082 -0.466978 1.58436 -2.97231 0.497766 1.92224 -0.013418 -0.136201 -0.147203 -0.00344673 -0.00610143 -0.00495692 0.200996 0.43341 0.435629 -1.90607 1.18548 -0.00618204 -0.00694607 1.17918 0.797989 -0.690695 -0.195808 -0.000716368 0.00113774 2.43943
102.974 -0.105124 -0.323558 1.74287 -2.96848 0.505647 1.92718 -0.142906 -0.330003 1.79834 -2.99039 0.524157 1.9254 -0.0377823 -0.00644477 0.0554647 -0.0219038 0.01851 -0.00177974 0.0674194 1.60742 -0.117802 -0.46483 1.59875 -2.97209 0.499219 1.92272 -0.0126781 -0.141271 -0.144127 -0.00360813 -0.00642861 -0.00445852 0.202215 0.438795 0.43212 -1.90676 1.19664 -0.00634598 -0.00873258 1.17887 0.797989 -0.690695 -0.195808 -0.000716368 0.00113774 2.43943
103.313 -0.104599 -0.321169 1.74792 -2.96892 0.506336 1.92719 -0.141241 -0.325752 1.79658 -2.97071 0.506547 1.92324 -0.0366426 -0.0045832 0.0486594 -0.00178772 0.000211606 -0.00394611 0.0610854 0.197824 -0.116497 -0.462815 1.60403 -2.97261 0.500051 1.92292 -0.0118987 -0.141646 -0.143886 -0.00368111 -0.0062851 -0.00426958 0.202258 0.428872 0.430211 -1.90728 1.20163 -0.00697645 -0.00924341 1.17876 0.797989 -0.690695 -0.195808 -0.000716368 0.00113774 2.43943
103.998 -0.10111 -0.320172 1.75963 -2.96983 0.505601 1.92685 -0.139769 -0.321406 1.80751 -2.94323 0.493233 1.94108 -0.0386594 -0.00123408 0.0478748 0.0266089 -0.0123687 0.0142246 0.0615472 1.51672 -0.111532 -0.462251 1.61595 -2.97358 0.49986 1.92276 -0.0104223 -0.142079 -0.143684 -0.00374535 -0.00574157 -0.00408982 0.202337 0.400563 0.424676 -1.90908 1.21348 -0.0074515 -0.00827863 1.1786 0.797989 -0.690695 -0.195808 -0.000716368 0.00113774 2.43943
104.276 -0.0986952 -0.320619 1.7648 -2.96998 0.504859 1.92667 -0.1366 -0.321376 1.80734 -2.94178 0.492856 1.942 -0.0379052 -0.000757006 0.0425371 0.0281993 -0.0120031 0.0153238 0.0569806 1.58016 -0.108943 -0.463769 1.62171 -2.97386 0.498998 1.92294 -0.0102473 -0.14315 -0.143093 -0.00387364 -0.00586159 -0.00373655 0.202664 0.402512 0.421844 -1.91006 1.21861 -0.00727861 -0.0075378 1.17857 0.797989 -0.690695 -0.195808 -0.000716368 0.00113774 2.43943
104.598 -0.0960202 -0.32101 1.77008 -2.97004 0.504221 1.92654 -0.13325 -0.318321 1.79439 -2.94638 0.530114 1.92852 -0.0372299 0.0026892 0.0243094 0.0236639 0.0258926 0.00198578 0.0445449 1.97477 -0.10447 -0.464612 1.62725 -2.97392 0.49804 1.92346 -0.00844939 -0.143602 -0.142826 -0.00388064 -0.0061811 -0.00307443 0.202712 0.410216 0.418758 -1.91112 1.22372 -0.0070737 -0.00691918 1.17856 0.797989 -0.690695 -0.195808 -0.000716368 0.00113774 2.43943
104.923 -0.0930587 -0.322007 1.77532 -2.97015 0.503346 1.92636 -0.133244 -0.325848 1.83712 -2.93674 0.498476 1.93589 -0.0401855 -0.00384014 0.0617951 0.0334108 -0.00486971 0.00952591 0.0738122 1.74271 -0.100144 -0.46585 1.63258 -2.97392 0.496767 1.92425 -0.00708575 -0.143843 -0.142741 -0.00377455 -0.00657897 -0.00210845 0.202771 0.422436 0.415437 -1.91226 1.22876 -0.00682459 -0.00606868 1.17856 0.797989 -0.690695 -0.195808 -0.000716368 0.00113774 2.43943
105.312 -0.0888094 -0.324399 1.78201 -2.97043 0.501785 1.92603 -0.126767 -0.323752 1.82522 -2.95982 0.514253 1.92053 -0.0379577 0.000647608 0.0432034 0.0106142 0.0124684 -0.00549959 0.0575129 1.07992 -0.0957555 -0.467606 1.63881 -2.9738 0.494792 1.92546 -0.00694607 -0.143207 -0.143204 -0.00337195 -0.00699225 -0.000572104 0.202642 0.438795 0.410682 -1.91384 1.23524 -0.00645916 -0.00451922 1.17854 0.797989 -0.690695 -0.195808 -0.000716368 0.00113774 2.43943
107.002 -0.0637838 -0.333009 1.80652 -2.96721 0.49584 1.92491 -0.101301 -0.329586 1.8266 -2.9688 0.527064 1.93095 -0.0375176 0.0034231 0.0200812 -0.00159021 0.0312239 0.00604407 0.0426912 1.83291 -0.074318 -0.471264 1.66024 -2.97268 0.487277 1.91591 -0.0105341 -0.138255 -0.146276 -0.00546315 -0.00856314 -0.00900266 0.201549 0.672603 0.389529 -1.91944 1.25739 -0.00104066 7.70901e-05 1.17857 0.797989 -0.690695 -0.195808 -0.000716368 0.00113774 2.43943
107.98 -0.0503252 -0.336526 1.8161 -2.96582 0.494876 1.92485 -0.0883097 -0.341024 1.89043 -3.00339 0.495558 1.91198 -0.0379845 -0.00449726 0.0743265 -0.0375746 0.000682596 -0.0128705 0.0835911 1.91602 -0.0616299 -0.466265 1.66489 -2.96884 0.487176 1.91643 -0.0113048 -0.129738 -0.151209 -0.00302138 -0.00770017 -0.00841744 0.19956 0.615485 0.376695 -1.92185 1.26439 0.000604512 0.000552634 1.17869 0.797989 -0.690695 -0.195808 -0.000716368 0.00113774 2.43943
109.555 -0.0428354 -0.397344 1.73265 -2.9708 0.493597 1.92413 -0.0785257 -0.381011 1.77968 -2.95316 0.512322 1.92531 -0.0356903 0.0163335 0.0470361 0.0176455 0.018725 0.00118072 0.0612615 1.4532 -0.0525424 -0.510369 1.5717 -2.96657 0.491751 1.92277 -0.00970699 -0.113025 -0.16095 0.00423012 -0.00184578 -0.00136786 0.196911 0.306467 0.36147 -1.92358 1.16556 -0.00340312 0.00327224 1.17827 0.797989 -0.690695 -0.195808 -0.000716368 0.00113774 2.43943
110.026 -0.0363972 -0.415761 1.70374 -2.96925 0.49312 1.92383 -0.0754394 -0.40685 1.7806 -2.9754 0.482368 1.92164 -0.0390422 0.00891079 0.0768542 -0.00615106 -0.0107525 -0.00219811 0.0866618 0.691538 -0.0465369 -0.523325 1.53969 -2.96231 0.493804 1.9247 -0.0101397 -0.107564 -0.164059 0.00694342 0.000683136 0.000868643 0.196439 0.378459 0.356901 -1.92348 1.13116 -0.00163447 0.00324656 1.1781 0.797989 -0.690695 -0.195808 -0.000716368 0.00113774 2.43943
110.448 -0.0284616 -0.41804 1.70076 -2.96573 0.492357 1.92362 -0.0690628 -0.417554 1.7375 -2.96048 0.520747 1.91991 -0.0406012 0.00048581 0.036746 0.00524967 0.0283903 -0.00371499 0.0547627 1.68632 -0.0390275 -0.522215 1.5348 -2.95748 0.49495 1.92463 -0.0105659 -0.104174 -0.165954 0.00824393 0.00259299 0.00100998 0.196226 0.471469 0.353558 -1.92313 1.12673 0.0020554 0.00289028 1.17807 0.797989 -0.690695 -0.195808 -0.000716368 0.00113774 2.43943
111.501 -0.0118047 -0.378283 1.76069 -2.95882 0.495167 1.9245 -0.0474307 -0.396397 1.77898 -2.94163 0.502152 1.9338 -0.035626 -0.018114 0.0182858 0.017189 0.00698481 0.00929934 0.0439511 0.954906 -0.0159452 -0.47753 1.59193 -2.94888 0.501575 1.92074 -0.00414045 -0.0992463 -0.168765 0.00994112 0.00640805 -0.00376111 0.195828 0.789319 0.344612 -1.92134 1.19209 0.00735439 -0.00185237 1.17833 0.797989 -0.690695 -0.195808 -0.000716368 0.00113774 2.43943
112.108 -0.00974564 -0.344625 1.81133 -2.95899 0.498594 1.92568 -0.0425932 -0.360235 1.84057 -2.96755 0.531663 1.92227 -0.0328476 -0.0156104 0.0292443 -0.00855792 0.0330685 -0.00341249 0.0466678 1.94259 -0.0122963 -0.443106 1.6421 -2.94773 0.505573 1.92153 -0.00255065 -0.0984806 -0.169224 0.0112639 0.00697868 -0.00415022 0.19581 0.883374 0.34099 -1.92064 1.24873 0.00556793 -0.00501692 1.17874 0.797989 -0.690695 -0.195808 -0.000716368 0.00113774 2.43943
112.391 -0.00865221 -0.323286 1.84441 -2.95904 0.500372 1.92649 -0.0425163 -0.342534 1.87144 -2.96707 0.507838 1.90759 -0.0338641 -0.0192481 0.027038 -0.00802782 0.0074659 -0.0188978 0.0474165 1.04193 -0.0133075 -0.42165 1.67518 -2.9463 0.507542 1.92451 -0.00465534 -0.0983636 -0.169229 0.0127471 0.00716912 -0.00197739 0.195795 0.891752 0.339061 -1.92054 1.28599 0.00457714 -0.00667244 1.17913 0.797989 -0.690695 -0.195808 -0.000716368 0.00113774 2.43943
112.98 -0.00633191 -0.294797 1.89114 -2.95857 0.501907 1.92763 -0.0403028 -0.306436 1.92205 -2.95399 0.532225 1.9228 -0.0339709 -0.0116385 0.0309133 0.00457846 0.0303182 -0.00482504 0.0473826 1.79842 -0.0148904 -0.393149 1.72186 -2.94579 0.509537 1.92821 -0.00855846 -0.0983523 -0.169277 0.0127765 0.00763008 0.000577895 0.195962 0.839301 0.33665 -1.92108 1.33861 0.00399281 -0.00825713 1.17983 0.797989 -0.690695 -0.195808 -0.000716368 0.00113774 2.43943
113.257 -0.00486463 -0.278194 1.9201 -2.9582 0.502454 1.92837 -0.0396627 -0.296481 1.97362 -2.96858 0.481636 1.92498 -0.0347981 -0.0182873 0.0535216 -0.0103787 -0.020818 -0.00339171 0.066407 1.30566 -0.0145543 -0.376824 1.75103 -2.94643 0.510342 1.9295 -0.00968966 -0.0986299 -0.169062 0.0117764 0.00788837 0.00112964 0.195969 0.788327 0.335292 -1.92194 1.37123 0.00380021 -0.00888438 1.18037 0.797989 -0.690695 -0.195808 -0.000716368 0.00113774 2.43943
113.584 -0.00427917 -0.266468 1.94095 -2.9581 0.502929 1.92895 -0.0379246 -0.277634 1.97423 -2.96283 0.533705 1.93471 -0.0336454 -0.0111658 0.0332861 -0.00472998 0.0307759 0.00575568 0.0486277 1.83845 -0.0144779 -0.364512 1.7715 -2.94771 0.510948 1.92917 -0.0101987 -0.0980445 -0.169446 0.010392 0.00801913 0.000221032 0.196032 0.747558 0.334386 -1.92288 1.3945 0.00345454 -0.00936065 1.1808 0.797989 -0.690695 -0.195808 -0.000716368 0.00113774 2.43943
113.958 -0.00404303 -0.255248 1.96114 -2.95808 0.503481 1.92956 -0.0362082 -0.26219 1.97482 -2.96208 0.538346 1.93584 -0.0321652 -0.00694185 0.0136822 -0.00399988 0.0348642 0.00627956 0.035637 2.0626 -0.0163637 -0.354206 1.79222 -2.9487 0.511645 1.92877 -0.0123206 -0.0989576 -0.168918 0.0093737 0.00816322 -0.000792012 0.196158 0.730078 0.33356 -1.92406 1.4169 0.00300308 -0.00988721 1.18122 0.797989 -0.690695 -0.195808 -0.000716368 0.00113774 2.43943
114.251 -0.00366747 -0.240948 1.98732 -2.95783 0.504214 1.93038 -0.0372282 -0.253401 2.0292 -2.9547 0.508563 1.94111 -0.0335607 -0.0124529 0.0418838 0.00312704 0.00434872 0.0107318 0.0550967 0.604579 -0.0184173 -0.339973 1.81845 -2.94908 0.512649 1.92887 -0.0147499 -0.0990253 -0.168865 0.00875174 0.00843505 -0.00150526 0.196314 0.731149 0.332551 -1.92604 1.44574 0.00259997 -0.0106512 1.1818 0.797989 -0.690695 -0.195808 -0.000716368 0.00113774 2.43943
114.544 -0.00336643 -0.231103 2.00645 -2.9576 0.504576 1.93096 -0.0359754 -0.237059 2.01068 -2.97852 0.535324 1.92539 -0.032609 -0.00595589 0.00423241 -0.0209228 0.0307486 -0.00556903 0.0334175 2.0645 -0.0193995 -0.329529 1.83729 -2.94901 0.513152 1.92941 -0.0160331 -0.0984258 -0.169156 0.00858811 0.00857612 -0.00154636 0.196363 0.730614 0.331844 -1.92783 1.46674 0.00241588 -0.0110622 1.18223 0.797989 -0.690695 -0.195808 -0.000716368 0.00113774 2.43943
114.879 -0.00334037 -0.222223 2.02519 -2.95754 0.504731 1.93148 -0.0357593 -0.228057 2.04834 -2.97747 0.547178 1.9163 -0.0324189 -0.0058345 0.0231545 -0.0199291 0.0424466 -0.0151833 0.0402636 2.64145 -0.0198546 -0.318792 1.85489 -2.949 0.513351 1.93011 -0.0165142 -0.0965695 -0.170295 0.0085461 0.0086201 -0.00137818 0.196466 0.726316 0.331169 -1.92989 1.48715 0.00215405 -0.0112257 1.18266 0.797989 -0.690695 -0.195808 -0.000716368 0.00113774 2.43943
115.226 -0.00376801 -0.214759 2.04338 -2.95783 0.504541 1.93193 -0.036837 -0.220611 2.10604 -2.94787 0.487721 1.91625 -0.033069 -0.0058515 0.0626515 0.00996125 -0.0168205 -0.0156808 0.0710845 1.59692 -0.0197172 -0.309142 1.87174 -2.94944 0.513081 1.93087 -0.0159492 -0.0943826 -0.171639 0.00839011 0.00853993 -0.00105493 0.196526 0.708864 0.33052 -1.93221 1.50694 0.00170909 -0.0109582 1.18308 0.797989 -0.690695 -0.195808 -0.000716368 0.00113774 2.43943
115.539 -0.00532158 -0.206806 2.0669 -2.95889 0.503871 1.93241 -0.0368331 -0.212625 2.10885 -2.97415 0.514705 1.92055 -0.0315115 -0.00581816 0.0419448 -0.0152559 0.0108336 -0.0118677 0.0527843 1.01606 -0.0217003 -0.297541 1.89311 -2.95083 0.51224 1.93161 -0.0163787 -0.0907345 -0.173796 0.00806124 0.00836872 -0.000805552 0.196738 0.682996 0.329685 -1.93565 1.53255 0.000655777 -0.0100036 1.18363 0.797989 -0.690695 -0.195808 -0.000716368 0.00113774 2.43943
115.899 -0.00656797 -0.201991 2.08417 -2.95981 0.503043 1.93272 -0.0386064 -0.202382 2.10756 -2.99443 0.545173 1.92602 -0.0320384 -0.000390643 0.0233845 -0.0346225 0.04213 -0.00669744 0.0396667 3.0244 -0.0230032 -0.290645 1.90914 -2.95174 0.511279 1.93303 -0.0164352 -0.0886537 -0.175032 0.00806391 0.00823641 0.000309415 0.19689 0.654916 0.32907 -1.93843 1.5513 -0.0001135 -0.00894617 1.18405 0.797989 -0.690695 -0.195808 -0.000716368 0.00113774 2.43943
116.207 -0.00693861 -0.198059 2.10115 -2.96039 0.501817 1.93335 -0.0403243 -0.199835 2.14974 -2.99491 0.554264 1.9157 -0.0333857 -0.0017769 0.0485889 -0.0345273 0.0524468 -0.0176532 0.0589801 3.45672 -0.0222475 -0.287092 1.92635 -2.9516 0.509655 1.93561 -0.0153089 -0.0890336 -0.174802 0.00878221 0.00783733 0.00225313 0.196766 0.63919 0.328466 -1.94132 1.56971 -0.000611426 -0.00762051 1.18482 0.797989 -0.690695 -0.195808 -0.000716368 0.00113774 2.43943
116.544 -0.00428445 -0.192742 2.12365 -2.96005 0.500032 1.93894 -0.0403678 -0.193238 2.14954 -2.96937 0.531693 1.91178 -0.0360833 -0.000496225 0.0258878 -0.00931701 0.0316616 -0.0271542 0.0444121 2.2752 -0.0179683 -0.282526 1.94929 -2.95062 0.50683 1.94171 -0.0136839 -0.0897837 -0.174368 0.00943675 0.00679827 0.0027673 0.196603 0.621811 0.327716 -1.9452 1.59398 -0.00257192 -0.00604814 1.18997 0.797989 -0.690695 -0.195808 -0.000716368 0.00113774 2.43943
116.833 0.00136915 -0.187748 2.14007 -2.95811 0.498794 1.94654 -0.037375 -0.192287 2.19261 -2.93073 0.510098 1.95478 -0.0387441 -0.0045393 0.0525363 0.0273814 0.0113038 0.00823778 0.0654353 1.5451 -0.0120454 -0.280706 1.96754 -2.94895 0.504892 1.94798 -0.0134145 -0.0929585 -0.172535 0.00916207 0.00609793 0.0014357 0.196442 0.602634 0.32718 -1.94803 1.61143 -0.00418118 -0.00549241 1.19677 0.797989 -0.690695 -0.195808 -0.000716368 0.00113774 2.43943
117.143 0.0102906 -0.180876 2.15598 -2.95443 0.497961 1.95646 -0.0297149 -0.18462 2.19253 -2.92619 0.511853 1.95725 -0.0400056 -0.00374392 0.0365527 0.0282332 0.0138926 0.000787942 0.0543191 1.78378 -0.00213604 -0.276397 1.98492 -2.94563 0.503538 1.95666 -0.0124267 -0.0955209 -0.171053 0.00879293 0.00557689 0.00019529 0.19631 0.592153 0.326655 -1.95067 1.62809 -0.00543848 -0.00587969 1.20549 0.797989 -0.690695 -0.195808 -0.000716368 0.00113774 2.43943
117.482 0.0257224 -0.168712 2.17611 -2.94751 0.49757 1.97244 -0.0214686 -0.177652 2.23787 -2.97452 0.521641 1.95023 -0.047191 -0.00894034 0.0617657 -0.027017 0.0240705 -0.0222069 0.0782427 1.9988 0.0157183 -0.266385 2.0063 -2.93814 0.502707 1.97248 -0.0100041 -0.097673 -0.1698 0.00936914 0.00513657 4.37087e-05 0.196144 0.611018 0.326034 -1.95373 1.64897 -0.0068778 -0.00776512 1.21936 0.797989 -0.690695 -0.195808 -0.000716368 0.00113774 2.43943
117.808 0.037156 -0.155749 2.18999 -2.94176 0.498761 1.9861 -0.0058341 -0.165915 2.23774 -2.96591 0.523757 1.95502 -0.0429901 -0.0101654 0.0477524 -0.0241466 0.0249954 -0.0310786 0.0650521 2.17367 0.0296101 -0.254467 2.0208 -2.93023 0.503425 1.98715 -0.00754592 -0.0987174 -0.169182 0.0115313 0.00466366 0.00105644 0.196022 0.688134 0.3259 -1.95533 1.66334 -0.00883862 -0.0107751 1.23092 0.797989 -0.690695 -0.195808 -0.000716368 0.00113774 2.43943
118.218 0.0299089 -0.118779 2.19977 -2.93944 0.515632 2.00432 0.00694617 -0.150794 2.2603 -2.9511 0.528511 1.98446 -0.0229627 -0.0320146 0.0605302 -0.011661 0.0128796 -0.0198523 0.0722227 1.23575 0.0295114 -0.219211 2.0322 -2.92307 0.517014 2.00525 -0.000397446 -0.100432 -0.167569 0.016366 0.00138171 0.00093229 0.195362 0.915998 0.327309 -1.95388 1.67306 -0.0206568 -0.0240694 1.2429 0.797707 -0.690771 -0.195304 0.00235381 0.000847542 2.43894
118.59 0.0241444 -0.0708059 2.20369 -2.9329 0.529338 2.02372 -0.00711339 -0.10666 2.3329 -2.94962 0.498438 1.98714 -0.0312577 -0.0358545 0.129214 -0.0167235 -0.0309002 -0.0365803 0.137691 2.54376 0.0327617 -0.175937 2.03864 -2.9041 0.533981 2.02409 0.00861737 -0.105131 -0.165044 0.0287947 0.00464232 0.000369657 0.195873 1.6606 0.329443 -1.94752 1.67789 -0.0316017 -0.0411169 1.25528 0.796783 -0.690396 -0.195871 -0.000742373 0.00151952 2.43727
118.91 0.0517714 -0.024976 2.20502 -2.91414 0.536981 2.04317 -0.0039081 -0.0544884 2.27985 -2.96561 0.540366 2.00913 -0.0556795 -0.0295124 0.074828 -0.051465 0.00338553 -0.0340406 0.0978285 2.57587 0.0655512 -0.13536 2.04359 -2.86919 0.54096 2.04342 0.0137798 -0.110384 -0.161436 0.0449548 0.00397903 0.000248043 0.196051 2.57861 0.331709 -1.93596 1.68504 -0.0276219 -0.0547651 1.26981 0.796784 -0.690397 -0.19586 -0.000738099 0.00144971 2.43727
119.261 0.0793576 -0.00530368 2.20549 -2.90084 0.534828 2.05428 0.0219519 -0.0156291 2.27327 -2.96394 0.583099 2.02932 -0.0574057 -0.0103254 0.0677778 -0.0631008 0.0482705 -0.02496 0.0894196 4.15662 0.0937609 -0.119125 2.04629 -2.85139 0.538402 2.05366 0.0144033 -0.113822 -0.159206 0.0494496 0.00357332 -0.00062193 0.196238 2.85896 0.332697 -1.92621 1.69197 -0.0206181 -0.0579031 1.27921 0.796785 -0.690398 -0.195853 -0.000735415 0.00140583 2.43727
119.546 0.0986841 0.0144988 2.20536 -2.89174 0.533897 2.06419 0.0511948 0.00516135 2.2545 -2.85804 0.543134 2.06458 -0.0474893 -0.00933746 0.0491487 0.0336997 0.00923699 0.000386637 0.0689783 1.99115 0.114155 -0.103229 2.04875 -2.84053 0.537174 2.06268 0.015471 -0.117728 -0.156607 0.0512132 0.00327731 -0.00151222 0.196532 2.98531 0.333569 -1.91524 1.69916 -0.0173475 -0.0606111 1.28752 0.796786 -0.690399 -0.195847 -0.000733102 0.00136809 2.43727
119.896 0.115082 0.0441734 2.20466 -2.8835 0.535119 2.07562 0.0737481 0.0291489 2.28043 -2.90852 0.558477 2.03866 -0.0413344 -0.0150246 0.075768 -0.0250155 0.0233583 -0.0369546 0.0876074 2.27417 0.134136 -0.0787713 2.0517 -2.82813 0.538093 2.07363 0.0190537 -0.122945 -0.152966 0.0553686 0.00297424 -0.00198948 0.197173 3.23664 0.334793 -1.89891 1.70921 -0.0166139 -0.064943 1.2967 0.796787 -0.690399 -0.19584 -0.000730633 0.00132777 2.43727
120.211 0.124839 0.0674722 2.20411 -2.87844 0.536521 2.08264 0.0874103 0.0555113 2.29837 -2.92715 0.538185 2.06113 -0.0374285 -0.0119609 0.0942656 -0.0487147 0.00166452 -0.0215076 0.102127 2.40762 0.145649 -0.0593933 2.05387 -2.81886 0.539078 2.08031 0.0208097 -0.126865 -0.15024 0.0595795 0.00255672 -0.00233194 0.197737 3.48706 0.335698 -1.88582 1.71738 -0.0164667 -0.0682028 1.30216 0.796788 -0.6904 -0.195836 -0.000728892 0.0012993 2.43727
120.613 0.132112 0.0925996 2.20355 -2.87416 0.538854 2.0886 0.0994889 0.0845645 2.32375 -2.88257 0.511241 2.08251 -0.0326233 -0.00803501 0.120199 -0.00841098 -0.0276128 -0.00609098 0.124806 1.63972 0.153994 -0.0385975 2.05639 -2.81096 0.541019 2.08542 0.0218818 -0.131197 -0.14716 0.0631996 0.00216476 -0.00317475 0.198363 3.71994 0.336614 -1.87212 1.72602 -0.0168617 -0.0719789 1.30652 0.796788 -0.6904 -0.195832 -0.000727578 0.00127788 2.43727
121.167 0.146066 0.158591 2.2003 -2.86409 0.54686 2.09859 0.112228 0.143277 2.27362 -2.85625 0.523927 2.10241 -0.0338375 -0.0153141 0.0733266 0.00784629 -0.0229329 0.00381545 0.0821967 1.36974 0.171121 0.0142967 2.06269 -2.79097 0.549063 2.08875 0.0250548 -0.144294 -0.137604 0.0731286 0.00220298 -0.00984454 0.200956 4.51137 0.33913 -1.83738 1.74659 -0.0166869 -0.0831395 1.31261 0.796789 -0.690401 -0.195825 -0.000725 0.00123583 2.43727
123.258 0.153607 0.360274 2.17989 -2.83618 0.563505 2.13527 0.127992 0.361313 2.27086 -2.8591 0.552883 2.11868 -0.0256146 0.00103847 0.0909702 -0.0229187 -0.0106217 -0.016596 0.0945133 1.29452 0.193677 0.193732 2.06165 -2.74133 0.570624 2.09556 0.04007 -0.166542 -0.118243 0.0948528 0.00711907 -0.0397083 0.208142 6.93964 0.353604 -1.71471 1.81474 -0.012988 -0.112451 1.30706 0.787626 -0.685122 -0.194745 -0.000421937 -0.006481 2.40707
123.563 0.151796 0.379847 2.1768 -2.83483 0.561626 2.14508 0.125999 0.389041 2.27066 -2.85252 0.56635 2.12289 -0.025797 0.00919387 0.093851 -0.017699 0.00472402 -0.0221909 0.0977651 1.15758 0.195426 0.215382 2.05825 -2.73937 0.571529 2.09319 0.0436302 -0.164465 -0.11855 0.0954577 0.00990346 -0.0518913 0.20738 7.51841 0.356471 -1.69929 1.8232 -0.011482 -0.114122 1.30522 0.783817 -0.682823 -0.193843 -0.000435877 -0.0124527 2.39693
123.834 0.149277 0.401784 2.17288 -2.83682 0.556763 2.16177 0.121935 0.400545 2.214 -2.85833 0.607443 2.15164 -0.0273416 -0.00123876 0.0411194 -0.0215089 0.0506798 -0.0101269 0.0493954 3.08223 0.201115 0.24131 2.05398 -2.73652 0.569838 2.09191 0.0518381 -0.160474 -0.1189 0.100298 0.0130744 -0.0698594 0.20634 8.61167 0.360638 -1.67957 1.83456 -0.00880499 -0.115077 1.30273 0.777631 -0.679086 -0.191738 -0.000126536 -0.0261794 2.37969
124.202 0.14719 0.415734 2.17002 -2.84064 0.55099 2.18065 0.120321 0.424622 2.23883 -2.82218 0.575132 2.1648 -0.026869 0.00888787 0.0688159 0.0184554 0.0241418 -0.0158457 0.0744081 2.20921 0.204363 0.255719 2.05381 -2.73451 0.568079 2.09141 0.0571732 -0.160016 -0.116205 0.106129 0.017089 -0.0892386 0.205858 9.85205 0.364 -1.66566 1.84346 -0.00629065 -0.115077 1.30085 0.772039 -0.676117 -0.189216 0.000933565 -0.0420352 2.36109
124.506 0.144892 0.42907 2.16717 -2.84557 0.545075 2.20498 0.120337 0.443102 2.25791 -2.8351 0.506691 2.1605 -0.0245543 0.0140318 0.0907456 0.0104719 -0.0383839 -0.0444774 0.0950503 3.63658 0.208539 0.272958 2.0521 -2.73257 0.566054 2.09095 0.0636469 -0.156111 -0.115068 0.112998 0.020979 -0.114022 0.204114 11.429 0.367573 -1.65267 1.8529 -0.00345905 -0.11504 1.29893 0.765744 -0.673278 -0.185805 0.0039483 -0.0620057 2.33777
124.808 0.141811 0.442116 2.16434 -2.8517 0.540007 2.23332 0.117382 0.459461 2.25583 -2.89878 0.528726 2.19238 -0.0244286 0.0173453 0.0914959 -0.0470774 -0.011281 -0.0409366 0.0962762 2.59797 0.211594 0.288039 2.05281 -2.73127 0.564716 2.08934 0.0697829 -0.154077 -0.111526 0.12043 0.0247092 -0.143977 0.202602 13.3167 0.371379 -1.64069 1.86295 -0.000620534 -0.115063 1.29702 0.758854 -0.670791 -0.181515 0.00938238 -0.085039 2.31117
125.122 0.135728 0.458142 2.16046 -2.86226 0.530817 2.27329 0.111333 0.466216 2.21351 -2.84281 0.592995 2.25992 -0.0243948 0.00807448 0.0530516 0.0194545 0.0621774 -0.0133721 0.0589473 3.92815 0.213483 0.305142 2.05659 -2.7306 0.562819 2.08689 0.0777556 -0.153 -0.103867 0.131661 0.0320018 -0.186397 0.200607 16.0616 0.376836 -1.62652 1.87705 0.00273618 -0.114825 1.29456 0.748999 -0.668303 -0.174346 0.0159072 -0.118209 2.27273
125.457 0.128989 0.469666 2.1574 -2.87388 0.523946 2.29822 0.106818 0.485701 2.2406 -2.86089 0.524233 2.27794 -0.022171 0.0160345 0.0831972 0.0129873 0.00028733 -0.0202833 0.087581 1.66436 0.21234 0.319975 2.05867 -2.73093 0.561814 2.08548 0.0833516 -0.149691 -0.0987358 0.142946 0.0378682 -0.212747 0.197747 17.981 0.381225 -1.61732 1.88794 0.0044702 -0.114742 1.2929 0.74137 -0.667078 -0.167989 0.0191959 -0.143343 2.24792
126.683 0.0786538 0.504327 2.14592 -2.96766 0.512528 2.29597 0.0595992 0.521257 2.19259 -2.8967 0.531954 2.32255 -0.0190546 0.0169305 0.0466734 0.0709567 0.0194263 0.0265778 0.0531801 3.72941 0.182815 0.373805 2.07696 -2.74268 0.564878 2.08428 0.104162 -0.130522 -0.0689609 0.224984 0.0523499 -0.211694 0.180669 21.9589 0.402011 -1.59269 1.93795 0.0019201 -0.111156 1.29043 0.708121 -0.669104 -0.131828 0.00935818 -0.232254 2.24336
127.798 0.023596 0.512707 2.14131 -3.06691 0.540275 2.20304 -0.000512867 0.532001 2.18125 -3.13691 0.580041 2.20006 -0.0241088 0.0192944 0.0399446 -0.0700048 0.0397662 -0.00298057 0.0504884 4.5363 0.145561 0.405542 2.11536 -2.75758 0.573287 2.0922 0.121965 -0.107165 -0.0259429 0.309333 0.0330117 -0.110842 0.164416 21.8343 0.420089 -1.59117 1.9966 -0.00724829 -0.101294 1.2963 0.677554 -0.684246 -0.0836524 0.00913654 -0.272124 2.33234
128.133 0.0131069 0.512113 2.14142 -3.07818 0.548349 2.19023 -0.0101085 0.536058 2.19369 3.1226 0.532563 2.17939 -0.0232154 0.0239454 0.052275 6.20079 -0.0157859 -0.0108422 0.0620081 4.52489 0.139986 0.412626 2.1301 -2.76198 0.57344 2.09324 0.126879 -0.0994864 -0.0113199 0.316201 0.0250912 -0.0969915 0.161629 21.6353 0.423899 -1.59419 2.01621 -0.00849623 -0.0977008 1.29865 0.669614 -0.691261 -0.0672626 0.0157938 -0.274032 2.34574
128.784 0.00138805 0.51133 2.14239 -3.0695 0.554635 2.19608 -0.0278754 0.541721 2.22891 -3.10182 0.53147 2.18512 -0.0292635 0.0303917 0.0865163 -0.0323284 -0.0231655 -0.0109565 0.0962553 2.09406 0.134645 0.425762 2.15222 -2.76593 0.571734 2.0951 0.133257 -0.0855681 0.00982274 0.303568 0.0170984 -0.100977 0.158669 21.0763 0.427639 -1.60081 2.0465 -0.00985232 -0.0929362 1.30159 0.659904 -0.703514 -0.0418648 0.0271993 -0.264739 2.34302
129.63 0.00137374 0.506505 2.14589 -2.99364 0.54015 2.24601 -0.0335969 0.535791 2.21669 -3.02298 0.529846 2.2247 -0.0349706 0.0292859 0.0707996 -0.0293392 -0.0103037 -0.0213152 0.0842211 1.60376 0.135009 0.449514 2.18957 -2.7695 0.563478 2.09641 0.133635 -0.0569912 0.0436871 0.224139 0.0233281 -0.149601 0.151707 18.851 0.42844 -1.61529 2.09932 -0.00731055 -0.0845773 1.30407 0.651324 -0.727971 0.00286864 0.0364602 -0.211268 2.30009
133.108 0.0804738 0.492214 2.15311 -2.83419 0.489391 2.24808 0.0404817 0.527552 2.25586 -2.90091 0.430428 2.22014 -0.039992 0.0353379 0.102752 -0.0667243 -0.0589633 -0.0279356 0.115785 4.81166 0.139959 0.49214 2.31845 -2.78174 0.54892 2.09135 0.0594851 -7.42614e-05 0.165337 0.0524521 0.0595291 -0.15673 0.175712 11.3158 0.39644 -1.66474 2.32222 -0.0101313 -0.070818 1.31126 0.696188 -0.812921 0.215676 -0.00125689 -0.0426876 2.29526
133.716 0.100436 0.491002 2.1558 -2.79732 0.504145 2.26338 0.0627239 0.520868 2.24033 -2.85363 0.51766 2.23535 -0.0377116 0.0298657 0.0845279 -0.0563184 0.013515 -0.0280305 0.0972579 2.91927 0.144987 0.494212 2.31918 -2.77972 0.550712 2.08958 0.0445509 0.00321011 0.163379 0.0175963 0.0465666 -0.173797 0.169375 10.8342 0.389657 -1.6674 2.35797 -0.0091275 -0.0713327 1.31192 0.707131 -0.817482 0.250398 0.0173514 -0.0141674 2.2882
134.394 0.119259 0.49204 2.15832 -2.74131 0.514708 2.28171 0.0830587 0.514169 2.21175 -2.74765 0.485402 2.26392 -0.0362006 0.0221285 0.0534264 -0.00633551 -0.029306 -0.0177972 0.0682241 1.9068 0.15264 0.501523 2.32457 -2.776 0.551823 2.09225 0.033381 0.00948218 0.166244 -0.0346948 0.0371148 -0.189462 0.169827 10.2152 0.382489 -1.66851 2.39865 -0.00899351 -0.0737581 1.31235 0.719529 -0.819098 0.290679 0.0309643 0.0315888 2.27871
135.404 0.134406 0.494935 2.16105 -2.65252 0.514306 2.28752 0.102374 0.518133 2.21251 -2.64362 0.545792 2.30366 -0.0320327 0.0231984 0.0514596 0.00890148 0.031486 0.0161417 0.0649026 1.97298 0.157316 0.510274 2.33065 -2.77163 0.55305 2.09673 0.0229098 0.0153393 0.169603 -0.119113 0.0387444 -0.190789 0.17183 9.74514 0.374298 -1.66715 2.45463 -0.011875 -0.0791615 1.31306 0.735767 -0.814814 0.348359 0.0265099 0.11691 2.27648
135.751 0.1376 0.493949 2.16186 -2.62899 0.51019 2.2827 0.106069 0.52594 2.24978 -2.69236 0.526352 2.25806 -0.0315303 0.0319904 0.08792 -0.0633712 0.016162 -0.0246367 0.0987293 3.30973 0.157093 0.509458 2.33094 -2.77167 0.553547 2.09696 0.0194932 0.0155085 0.169081 -0.142684 0.0433569 -0.185741 0.170906 9.89129 0.372253 -1.66628 2.4708 -0.0128351 -0.0803259 1.31342 0.740102 -0.812035 0.365801 0.0196652 0.142877 2.27889
136.387 0.143414 0.494032 2.16259 -2.58354 0.499255 2.26508 0.113605 0.522787 2.2448 -2.61802 0.528158 2.25991 -0.0298092 0.0287556 0.0822091 -0.0344769 0.0289024 -0.00517127 0.0920533 2.48128 0.154378 0.509594 2.33941 -2.77051 0.555589 2.10125 0.0109638 0.0155621 0.176825 -0.186966 0.0563339 -0.163833 0.177846 10.5739 0.368039 -1.66369 2.50763 -0.0148772 -0.084801 1.31449 0.7488 -0.803116 0.406759 -0.00112277 0.195911 2.28726
136.719 0.145584 0.494865 2.16255 -2.56783 0.494513 2.25663 0.115956 0.521597 2.23546 -2.54708 0.473874 2.25217 -0.0296283 0.0267318 0.0729074 0.0207431 -0.0206386 -0.00446134 0.0831138 1.7774 0.152349 0.50915 2.34119 -2.76993 0.556721 2.10321 0.00676456 0.0142846 0.17864 -0.202106 0.062208 -0.153417 0.179338 11.0289 0.366409 -1.66247 2.52309 -0.0154917 -0.0873482 1.31498 0.751875 -0.798397 0.424404 -0.0108652 0.214756 2.29088
137.008 0.148063 0.495332 2.16241 -2.55358 0.489528 2.24852 0.117863 0.521407 2.23465 -2.54379 0.473386 2.25323 -0.0302 0.0260755 0.0722363 0.00979138 -0.0161423 0.00470905 0.082523 1.05016 0.150417 0.510836 2.34432 -2.7691 0.557619 2.10488 0.00235416 0.0155039 0.181911 -0.215521 0.0680913 -0.143642 0.182585 11.5548 0.364848 -1.66131 2.53841 -0.0157182 -0.08994 1.31545 0.754575 -0.793256 0.442119 -0.0206072 0.231622 2.29384
137.393 0.152153 0.49516 2.16243 -2.53552 0.482364 2.23906 0.120946 0.521867 2.23663 -2.58472 0.500739 2.24433 -0.0312074 0.0267063 0.0742001 -0.0492014 0.0183746 0.00527535 0.0848103 3.15443 0.150981 0.512141 2.34801 -2.76697 0.557942 2.10784 -0.00117196 0.0169811 0.185579 -0.231449 0.0755783 -0.131218 0.186358 12.3168 0.36286 -1.65997 2.55872 -0.0152969 -0.0932448 1.31598 0.757653 -0.785913 0.465876 -0.0332724 0.251984 2.29615
137.736 0.155237 0.493501 2.16271 -2.5222 0.476784 2.23347 0.12397 0.519386 2.22186 -2.5493 0.480236 2.23053 -0.0312667 0.0258857 0.0591573 -0.0271019 0.00345176 -0.00294559 0.0717444 1.49593 0.152284 0.512434 2.35001 -2.7651 0.55799 2.10951 -0.00295348 0.0189332 0.187308 -0.242897 0.0812054 -0.123964 0.188285 12.9479 0.361454 -1.65924 2.57394 -0.0146928 -0.0952501 1.31627 0.7596 -0.780183 0.483803 -0.0419931 0.266278 2.2964
138.113 0.15787 0.490266 2.16332 -2.50895 0.470741 2.22906 0.127911 0.516658 2.22274 -2.5187 0.513405 2.2486 -0.029959 0.026392 0.0594247 -0.00974931 0.042664 0.0195468 0.0715917 2.85184 0.154631 0.511864 2.35176 -2.76324 0.557185 2.11122 -0.00323846 0.0215986 0.188447 -0.254288 0.0864435 -0.117834 0.189709 13.6122 0.360146 -1.65881 2.58919 -0.0140676 -0.0966996 1.31647 0.761305 -0.774354 0.501881 -0.0503798 0.280186 2.29532
138.442 0.160459 0.483711 2.16453 -2.49191 0.461203 2.22405 0.133689 0.524084 2.27149 -2.54515 0.479542 2.22549 -0.0267703 0.040373 0.106963 -0.0532406 0.0183387 0.00144355 0.117421 3.26267 0.156653 0.51065 2.35444 -2.76146 0.555888 2.11192 -0.00380635 0.0269386 0.189916 -0.269548 0.0946854 -0.112125 0.191854 14.5659 0.358602 -1.65879 2.60955 -0.0133281 -0.0978738 1.31658 0.76332 -0.766515 0.526274 -0.0622381 0.298054 2.29199
138.783 0.161934 0.477421 2.16557 -2.48078 0.452585 2.22018 0.130827 0.503362 2.20709 -2.46411 0.525282 2.25084 -0.0311068 0.0259405 0.0415159 0.0166732 0.0726973 0.0306683 0.058001 4.44638 0.156439 0.507552 2.3569 -2.76081 0.554941 2.11157 -0.00549512 0.0301305 0.191324 -0.28003 0.102356 -0.108609 0.19376 15.2858 0.357627 -1.6592 2.62473 -0.012755 -0.0983291 1.31656 0.764685 -0.760614 0.544766 -0.0723005 0.309971 2.28849
139.111 0.163352 0.470259 2.16655 -2.4717 0.442237 2.21528 0.136561 0.506259 2.25407 -2.48809 0.492982 2.22755 -0.0267911 0.0359998 0.0875154 -0.0163857 0.0507451 0.0122647 0.0983498 3.22853 0.156461 0.50413 2.35926 -2.76052 0.554016 2.11076 -0.00689076 0.033871 0.192709 -0.288823 0.111779 -0.104522 0.195785 15.9833 0.356839 -1.65997 2.6398 -0.012031 -0.0985715 1.31645 0.766002 -0.75472 0.563471 -0.0841801 0.320173 2.28454
139.466 0.164899 0.459858 2.16767 -2.46323 0.425757 2.20619 0.140524 0.509253 2.30295 -2.51367 0.457845 2.20309 -0.0243758 0.0493949 0.135277 -0.0504425 0.0320876 -0.00309595 0.146061 3.36534 0.158586 0.498216 2.36085 -2.76073 0.55289 2.10922 -0.00631361 0.0383575 0.19318 -0.297508 0.127133 -0.0969653 0.197052 16.8759 0.356132 -1.66155 2.65965 -0.0109917 -0.0987441 1.31621 0.767803 -0.746946 0.588687 -0.103418 0.331111 2.2793
140.595 0.158238 0.423882 2.17069 -2.46384 0.372445 2.16322 0.132818 0.457779 2.24291 -2.47481 0.384847 2.15714 -0.0254196 0.0338971 0.0722183 -0.0109725 0.0124023 -0.00608202 0.0837296 0.92704 0.156102 0.472046 2.34943 -2.76459 0.552823 2.10322 -0.00213588 0.0481646 0.178735 -0.300749 0.180378 -0.059997 0.185123 19.0185 0.357055 -1.67073 2.72294 -0.0117581 -0.098587 1.31493 0.774368 -0.724666 0.670794 -0.171781 0.347396 2.27278
140.873 0.155847 0.414204 2.17143 -2.46939 0.361146 2.1519 0.132237 0.452917 2.26735 -2.44445 0.331432 2.14596 -0.0236099 0.0387138 0.0959207 0.024941 -0.0297145 -0.00593606 0.106099 2.32086 0.153315 0.465541 2.34794 -2.76592 0.552748 2.10213 -0.00253218 0.0513379 0.176513 -0.296536 0.191601 -0.0497695 0.183845 19.3272 0.357912 -1.67358 2.73704 -0.0121998 -0.0977718 1.31458 0.776094 -0.72053 0.6892 -0.186246 0.346975 2.27406
141.176 0.153571 0.404585 2.17207 -2.47573 0.350085 2.14058 0.128925 0.436338 2.24343 -2.48456 0.372861 2.15174 -0.0246453 0.0317531 0.0713566 -0.00883398 0.0227766 0.0111544 0.0818988 1.61131 0.149662 0.459846 2.34923 -2.76733 0.552617 2.10127 -0.00390864 0.0552618 0.177161 -0.2916 0.202532 -0.0393085 0.185621 19.621 0.358975 -1.6766 2.75089 -0.0126059 -0.0968427 1.31422 0.777959 -0.716879 0.707241 -0.200255 0.345762 2.27586
141.554 0.150908 0.39346 2.17263 -2.48485 0.335653 2.12597 0.124992 0.424537 2.24318 -2.49008 0.368149 2.14934 -0.0259166 0.0310773 0.0705572 -0.00523181 0.0324962 0.0233716 0.0813375 2.37191 0.146148 0.452612 2.34678 -2.76895 0.552732 2.10029 -0.00475987 0.0591522 0.174156 -0.284101 0.217079 -0.0256782 0.183989 20.0035 0.360689 -1.68084 2.76901 -0.0130272 -0.0960777 1.31376 0.780684 -0.712788 0.730765 -0.218712 0.342839 2.27851
141.88 0.148954 0.386582 2.17256 -2.49206 0.325733 2.11617 0.124223 0.419887 2.26536 -2.5103 0.336378 2.10432 -0.0247308 0.0333046 0.0928079 -0.0182447 0.010645 -0.0118523 0.101657 1.21015 0.143649 0.449109 2.34644 -2.76949 0.553146 2.09976 -0.00530505 0.0625269 0.173884 -0.277436 0.227413 -0.0164173 0.184861 20.2359 0.362182 -1.68411 2.78257 -0.0133921 -0.0959562 1.31341 0.782844 -0.710363 0.748105 -0.231506 0.339577 2.28042
142.586 0.143442 0.375981 2.17237 -2.51115 0.306315 2.09898 0.117553 0.401398 2.23396 -2.4783 0.281114 2.10144 -0.0258894 0.0254165 0.0615846 0.0328448 -0.0252008 0.0024558 0.0714767 2.34368 0.141157 0.445161 2.34739 -2.76861 0.55439 2.10002 -0.00228507 0.06918 0.17502 -0.257462 0.248075 0.00103383 0.18821 20.4756 0.36622 -1.69202 2.81486 -0.0146756 -0.0969912 1.31252 0.787996 -0.70688 0.788129 -0.256857 0.327073 2.28392
142.882 0.141137 0.374058 2.17256 -2.52094 0.300655 2.09475 0.11378 0.39363 2.2177 -2.48741 0.288366 2.07938 -0.0273576 0.0195714 0.0451467 0.0335284 -0.0122894 -0.0153635 0.0563001 2.43783 0.139879 0.445958 2.34787 -2.76776 0.555261 2.09927 -0.00125802 0.0718997 0.17531 -0.246825 0.254605 0.00452133 0.189485 20.3675 0.368104 -1.69555 2.82909 -0.0151153 -0.0980122 1.31206 0.790013 -0.706287 0.805158 -0.264535 0.318179 2.2854
143.241 0.139241 0.37175 2.17152 -2.53391 0.296286 2.09213 0.113014 0.395261 2.23824 -2.55834 0.379709 2.10782 -0.026227 0.0235116 0.0667257 -0.0244265 0.0834224 0.015693 0.0754517 5.14262 0.137915 0.448315 2.35039 -2.76667 0.556205 2.09819 -0.00132569 0.0765656 0.178868 -0.232759 0.259919 0.00606108 0.194571 20.0646 0.370026 -1.6992 2.84362 -0.0153556 -0.0990429 1.31154 0.791727 -0.7062 0.822152 -0.269392 0.306338 2.28737
143.651 0.137299 0.369966 2.17118 -2.54841 0.294426 2.09146 0.111524 0.39437 2.24942 -2.52992 0.285913 2.08666 -0.0257748 0.0244038 0.0782367 0.0184964 -0.00851315 -0.00479845 0.085912 1.2661 0.136622 0.448917 2.34965 -2.76602 0.557211 2.09698 -0.000677319 0.0789509 0.178465 -0.217609 0.262785 0.00552056 0.19515 19.6117 0.371954 -1.70301 2.85856 -0.0154341 -0.0998683 1.31095 0.79303 -0.706629 0.839166 -0.271029 0.292015 2.29001
143.955 0.134587 0.367568 2.17086 -2.57077 0.295115 2.09239 0.108654 0.388903 2.2296 -2.57639 0.332849 2.09199 -0.0259333 0.0213355 0.0587361 -0.00562458 0.0377335 -0.000403097 0.0676584 2.18498 0.134176 0.450664 2.35257 -2.76518 0.55878 2.09556 -0.000410821 0.0830962 0.181705 -0.194411 0.263665 0.00316466 0.199804 18.7958 0.374495 -1.7084 2.8792 -0.0153212 -0.100646 1.31006 0.793984 -0.707933 0.862053 -0.26893 0.269577 2.29489
144.333 0.13208 0.365561 2.17075 -2.58936 0.297347 2.09356 0.104714 0.386778 2.2286 -2.5779 0.335443 2.09237 -0.0273661 0.0212166 0.0578522 0.011466 0.038096 -0.00118677 0.0674235 2.28653 0.132633 0.451999 2.35633 -2.76469 0.559907 2.09477 0.00055269 0.0864377 0.185583 -0.175328 0.26256 0.00121271 0.204727 18.0895 0.376355 -1.71271 2.89522 -0.0152165 -0.100933 1.30935 0.794043 -0.709401 0.87945 -0.265238 0.251115 2.29956
144.703 0.12941 0.362735 2.17061 -2.60823 0.299601 2.09407 0.103706 0.388634 2.25031 -2.53617 0.281811 2.08412 -0.0257046 0.0258994 0.0796946 0.0720637 -0.0177892 -0.00995722 0.0876512 4.4455 0.132195 0.450277 2.35693 -2.7643 0.560511 2.09409 0.00278466 0.0875422 0.186323 -0.156064 0.260911 2.04759e-05 0.205883 17.4065 0.378159 -1.71726 2.91162 -0.0149951 -0.10075 1.30863 0.793571 -0.711246 0.897083 -0.26138 0.232884 2.30477
145.672 0.120183 0.350888 2.17097 -2.65745 0.297111 2.08648 0.0938694 0.376451 2.24786 -2.64779 0.284376 2.08333 -0.0263134 0.0255637 0.0768929 0.00966377 -0.0127353 -0.00314567 0.0851963 0.96388 0.130868 0.443306 2.37198 -2.76333 0.560402 2.09279 0.0106854 0.0924188 0.201015 -0.105877 0.263291 0.00631246 0.2215 16.3131 0.383767 -1.73404 2.96752 -0.0131029 -0.0982432 1.30675 0.788653 -0.719644 0.956691 -0.260308 0.188401 2.32126
146.064 0.114958 0.347058 2.17051 -2.66647 0.290555 2.08038 0.0918491 0.374891 2.26833 -2.695 0.35128 2.08312 -0.0231093 0.0278327 0.0978153 -0.0285278 0.0607249 0.0027394 0.104291 3.86817 0.130275 0.43956 2.37757 -2.76291 0.560365 2.09322 0.015317 0.0925022 0.207056 -0.0964472 0.26981 0.0128322 0.227296 16.5297 0.385908 -1.74131 2.98929 -0.0126503 -0.0974446 1.30641 0.785539 -0.723826 0.979752 -0.267075 0.182159 2.3251
147.316 0.10144 0.345635 2.17037 -2.65912 0.276356 2.07022 0.0758127 0.369206 2.26341 -2.72713 0.29006 2.06508 -0.0256271 0.023571 0.0930319 -0.0680097 0.013704 -0.00514134 0.0993342 3.90455 0.121301 0.433262 2.39076 -2.76062 0.56027 2.09497 0.0198609 0.087627 0.22039 -0.1015 0.283914 0.0247475 0.238002 17.5194 0.390529 -1.75845 3.03577 -0.0118813 -0.0978358 1.30654 0.776443 -0.734974 1.02749 -0.284239 0.191689 2.32457
147.644 0.0959369 0.347374 2.17066 -2.6478 0.273197 2.06898 0.0720682 0.371049 2.26905 -2.70755 0.354061 2.0803 -0.0238687 0.0236745 0.0983962 -0.0597518 0.0808642 0.0113213 0.103981 5.91367 0.118262 0.434269 2.39813 -2.75946 0.560619 2.09578 0.0223254 0.0868944 0.227473 -0.111663 0.287422 0.0268018 0.244527 17.9491 0.392443 -1.7664 3.05502 -0.0110757 -0.0987421 1.30686 0.771544 -0.740573 1.04652 -0.28869 0.201608 2.32112
147.923 0.0914659 0.34828 2.17097 -2.63822 0.271917 2.06913 0.0654748 0.364817 2.21902 -2.61558 0.282567 2.0712 -0.0259911 0.0165369 0.0480445 0.0226398 0.01065 0.00206862 0.0570726 1.40889 0.115868 0.434248 2.40005 -2.75881 0.56101 2.09638 0.0244018 0.0859684 0.229078 -0.120583 0.289093 0.0272529 0.245892 18.2466 0.393818 -1.77254 3.06875 -0.0105735 -0.0992158 1.30712 0.767645 -0.744948 1.05991 -0.290595 0.20984 2.3179
148.206 0.0865983 0.347738 2.17152 -2.62892 0.270384 2.06943 0.0614404 0.369937 2.24972 -2.6185 0.235344 2.0508 -0.0251579 0.0221986 0.0781948 0.0104199 -0.0350397 -0.0186301 0.0850889 2.41768 0.114378 0.432924 2.40444 -2.75837 0.561052 2.09712 0.0277796 0.0851858 0.232921 -0.129448 0.290668 0.0276956 0.249561 18.5477 0.395134 -1.77884 3.08172 -0.0102588 -0.0990855 1.30739 0.76369 -0.74939 1.0726 -0.292295 0.218191 2.31457
148.525 0.0794767 0.345076 2.17236 -2.61867 0.267396 2.06925 0.0538691 0.364945 2.2198 -2.62215 0.284852 2.07008 -0.0256077 0.0198689 0.0474357 -0.0034714 0.0174559 0.000825255 0.0574514 1.02336 0.113011 0.430369 2.41047 -2.75794 0.560422 2.09783 0.0335347 0.0852933 0.238109 -0.139262 0.293027 0.02858 0.255138 18.9286 0.396782 -1.78746 3.09769 -0.0102004 -0.0982126 1.30773 0.758477 -0.755279 1.08849 -0.295153 0.228075 2.31073
148.864 0.0737314 0.34209 2.17303 -2.61339 0.265204 2.06873 0.049664 0.366088 2.2502 -2.62571 0.235193 2.04947 -0.0240674 0.0239974 0.0771689 -0.0123222 -0.0300116 -0.0192601 0.0843217 2.07056 0.111263 0.426921 2.41327 -2.75761 0.559588 2.09863 0.0375312 0.0848302 0.240234 -0.144223 0.294383 0.0299016 0.257521 19.1463 0.397924 -1.79404 3.10873 -0.0104337 -0.0972412 1.30796 0.754669 -0.759631 1.09967 -0.297113 0.233789 2.30882
149.14 0.0681358 0.338018 2.17382 -2.61047 0.263457 2.06798 0.0421533 0.365728 2.26655 -2.62536 0.290965 2.06243 -0.0259825 0.02771 0.0927384 -0.0148855 0.0275083 -0.0055461 0.100216 1.77872 0.108964 0.424145 2.41769 -2.7579 0.558414 2.09892 0.0408279 0.0861267 0.243875 -0.14743 0.294957 0.0309458 0.261839 19.276 0.398966 -1.80066 3.11906 -0.0106959 -0.0958805 1.30817 0.750983 -0.76391 1.11027 -0.298231 0.237646 2.30806
149.705 0.0572556 0.326095 2.17564 -2.61244 0.262346 2.06623 0.0311641 0.354677 2.2652 -2.58803 0.241244 2.03212 -0.0260915 0.0285817 0.0895618 0.0244088 -0.0211016 -0.0341016 0.0975653 2.93198 0.105764 0.413089 2.42452 -2.7597 0.555414 2.09781 0.0485084 0.0869945 0.248881 -0.147261 0.293068 0.0315863 0.268073 19.1851 0.400959 -1.81581 3.14066 -0.0108725 -0.0918729 1.30857 0.743085 -0.773469 1.13279 -0.296354 0.238768 2.31057
150.599 0.0433742 0.316062 2.17726 -2.6292 0.270791 2.06623 0.0152157 0.336627 2.23154 -2.63932 0.328697 2.07571 -0.0281585 0.0205653 0.0542831 -0.0101234 0.0579055 0.00948077 0.0645173 3.43878 0.0964808 0.399144 2.43736 -2.76062 0.554645 2.09691 0.0531065 0.0830821 0.260099 -0.131419 0.283854 0.0306769 0.278162 18.2904 0.402627 -1.83516 3.16675 -0.0121445 -0.0894679 1.30867 0.734412 -0.785486 1.16042 -0.285542 0.226275 2.31996
150.914 0.0402917 0.314356 2.17756 -2.63622 0.274591 2.06667 0.0124743 0.340385 2.26906 -2.6492 0.277835 2.05482 -0.0278173 0.0260293 0.0914915 -0.0129826 0.00324397 -0.0118553 0.0991061 0.879378 0.0934914 0.395806 2.43879 -2.7605 0.555236 2.09698 0.0531997 0.0814502 0.261224 -0.124277 0.280644 0.0303034 0.278752 17.9421 0.402778 -1.84018 3.17361 -0.0124682 -0.0893756 1.30857 0.732493 -0.788514 1.16784 -0.281332 0.220153 2.32331
151.269 0.0376257 0.312623 2.17779 -2.64416 0.278421 2.0671 0.00851085 0.336424 2.26906 -2.65203 0.276466 2.05405 -0.0291148 0.0238008 0.0912715 -0.00787126 -0.0019549 -0.0130562 0.0987149 0.768722 0.0890922 0.392067 2.43853 -2.76063 0.55583 2.09699 0.0514666 0.079444 0.260736 -0.116466 0.277409 0.0298876 0.277387 17.5805 0.402739 -1.84481 3.17994 -0.0128062 -0.0893275 1.3084 0.730878 -0.791176 1.17481 -0.277116 0.213128 2.32681
151.594 0.0355817 0.309835 2.17805 -2.65513 0.282655 2.06713 0.00442621 0.330578 2.23641 -2.60837 0.277852 2.04585 -0.0311555 0.0207438 0.0583531 0.0467545 -0.00480221 -0.0212818 0.0693257 3.24739 0.0833512 0.387362 2.44026 -2.76092 0.557074 2.09628 0.0477695 0.0775272 0.262201 -0.10579 0.27442 0.0291553 0.277564 17.1691 0.402362 -1.85032 3.18743 -0.0128765 -0.0891767 1.3081 0.729226 -0.794073 1.1834 -0.272248 0.203246 2.33151
152.23 0.0365729 0.304163 2.17834 -2.67172 0.28582 2.06587 0.00346729 0.322396 2.22041 -2.65839 0.271608 2.06063 -0.0331056 0.0182325 0.042065 0.0133324 -0.0142122 -0.00523471 0.0565497 1.2095 0.0797803 0.382054 2.44025 -2.76136 0.557518 2.09419 0.0432075 0.0778911 0.26191 -0.0896387 0.271698 0.0283212 0.276642 16.6736 0.401116 -1.85715 3.19657 -0.0117274 -0.0886683 1.3076 0.727728 -0.796734 1.19486 -0.267608 0.187553 2.33822
152.524 0.0384544 0.299014 2.17842 -2.68387 0.285172 2.06476 0.00652303 0.32443 2.26832 -2.65461 0.269766 2.05276 -0.0319314 0.0254164 0.0898956 0.0292685 -0.0154056 -0.0119939 0.098726 2.16681 0.0809371 0.378432 2.44006 -2.76061 0.556601 2.09305 0.0424826 0.0794184 0.261642 -0.0767388 0.27143 0.0282951 0.276711 16.4172 0.399926 -1.86071 3.20117 -0.0107499 -0.0880596 1.30728 0.727266 -0.797147 1.20161 -0.266932 0.17578 2.342
152.85 0.0399924 0.295775 2.17831 -2.69333 0.283975 2.06435 0.00734008 0.314527 2.2196 -2.65769 0.266925 2.06028 -0.0326523 0.0187517 0.0412912 0.0356427 -0.0170506 -0.00406851 0.0558817 2.33196 0.0815917 0.376515 2.43903 -2.75972 0.556435 2.09125 0.0415993 0.0807402 0.260721 -0.0663865 0.27246 0.0268985 0.276088 16.286 0.398907 -1.86285 3.20392 -0.0100914 -0.0880602 1.30705 0.727132 -0.796669 1.20626 -0.267442 0.166157 2.34422
153.186 0.0414951 0.292968 2.17814 -2.70263 0.282553 2.06455 0.00733825 0.310614 2.21934 -2.6584 0.264924 2.05992 -0.0341568 0.0176454 0.0412056 0.0442319 -0.0176288 -0.00462477 0.0563556 2.80645 0.0829729 0.374048 2.43585 -2.75893 0.556525 2.08997 0.0414778 0.0810794 0.257714 -0.0563009 0.273973 0.025424 0.273333 16.208 0.397814 -1.86453 3.20615 -0.00953197 -0.0883949 1.30685 0.727145 -0.795514 1.21058 -0.268371 0.156278 2.34581
153.478 0.0427716 0.290505 2.17792 -2.71156 0.281046 2.06535 0.0103444 0.310803 2.24822 -2.65582 0.212741 2.04158 -0.0324272 0.0202972 0.070295 0.0557493 -0.0683045 -0.0237626 0.0800306 5.43076 0.0849766 0.371643 2.43155 -2.75758 0.556538 2.08947 0.042205 0.0811373 0.253628 -0.0460107 0.275492 0.024121 0.269614 16.1533 0.396671 -1.86578 3.20785 -0.00913674 -0.0890306 1.30666 0.727286 -0.793669 1.21454 -0.269592 0.14644 2.34677
153.809 0.0440339 0.286731 2.17774 -2.72235 0.278859 2.06705 0.0114375 0.308125 2.25047 -2.71013 0.260692 2.06724 -0.0325964 0.0213936 0.0727246 0.0122243 -0.0181673 0.00018864 0.0825172 1.25305 0.0881035 0.369071 2.42493 -2.75534 0.556393 2.08981 0.0440695 0.0823402 0.247187 -0.0329895 0.277534 0.0227592 0.264241 16.1277 0.395087 -1.8668 3.20926 -0.0088958 -0.0898895 1.30644 0.727668 -0.790163 1.21921 -0.271437 0.134312 2.34719
154.119 0.0445891 0.283048 2.17777 -2.72934 0.277267 2.06856 0.0126337 0.307804 2.27018 -2.75698 0.333725 2.06544 -0.0319555 0.024755 0.0924054 -0.0276355 0.056458 -0.00311775 0.10086 3.58223 0.0908887 0.364229 2.41779 -2.75357 0.555961 2.09036 0.0462995 0.081181 0.240014 -0.0242343 0.278694 0.0218077 0.257567 16.1199 0.393861 -1.86712 3.20968 -0.0089488 -0.0903094 1.3063 0.728089 -0.786781 1.22219 -0.272694 0.126455 2.3471
154.488 0.0447552 0.279225 2.17793 -2.73503 0.276391 2.07021 0.0133613 0.297637 2.22448 -2.73579 0.381495 2.08423 -0.0313939 0.0184122 0.0465452 -0.00076496 0.105104 0.0140208 0.059085 6.07735 0.0928697 0.359457 2.4121 -2.75202 0.555672 2.09082 0.0481146 0.0802329 0.234165 -0.0169898 0.279281 0.0206145 0.252162 16.1032 0.392599 -1.86707 3.20957 -0.00923586 -0.0907881 1.30621 0.728611 -0.782818 1.22468 -0.273432 0.120091 2.34682
154.798 0.0448759 0.275341 2.17832 -2.74014 0.277952 2.07275 0.0133248 0.292457 2.22156 -2.76127 0.324532 2.07141 -0.0315511 0.017117 0.0432325 -0.0211383 0.0465795 -0.00133867 0.0561917 2.92235 0.0956532 0.357501 2.40742 -2.74978 0.555889 2.09159 0.0507773 0.0821601 0.229091 -0.00964415 0.277936 0.0188444 0.248619 15.9856 0.390843 -1.86643 3.20875 -0.00974238 -0.092035 1.30617 0.729387 -0.776754 1.22717 -0.272376 0.113865 2.34657
155.129 0.0451905 0.273414 2.17878 -2.7422 0.281733 2.07498 0.0126297 0.295864 2.26982 -2.75964 0.327497 2.06417 -0.0325608 0.0224496 0.0910366 -0.0174486 0.0457639 -0.0108103 0.0992565 2.80826 0.097279 0.357945 2.4063 -2.74789 0.556748 2.09239 0.0520885 0.0845313 0.227517 -0.00569405 0.275015 0.0174139 0.24824 15.8003 0.389449 -1.86554 3.2078 -0.0100746 -0.0934175 1.3062 0.729973 -0.771728 1.22852 -0.269402 0.110742 2.34666
155.481 0.0457703 0.272384 2.17942 -2.74275 0.288176 2.07764 0.0145427 0.294143 2.26362 -2.77973 0.261196 2.05132 -0.0312276 0.021759 0.084202 -0.0369858 -0.0269805 -0.0263154 0.0924045 2.7239 0.0993733 0.361054 2.40429 -2.74534 0.558051 2.09396 0.053603 0.08867 0.22487 -0.00259509 0.269875 0.0163283 0.247593 15.4952 0.387969 -1.86432 3.2068 -0.010339 -0.0951525 1.3063 0.730519 -0.766408 1.22955 -0.264056 0.108878 2.34705
156.016 0.0506649 0.269632 2.18175 -2.7396 0.311525 2.086 0.0165902 0.291859 2.26951 -2.75834 0.3246 2.06422 -0.0340747 0.022227 0.0877601 -0.0187406 0.0130744 -0.0217827 0.0967314 1.55997 0.106523 0.371687 2.40295 -2.74042 0.561444 2.09677 0.0558577 0.102054 0.221206 -0.000821224 0.249919 0.0107682 0.249935 14.3334 0.384125 -1.86041 3.20499 -0.00940973 -0.098719 1.30671 0.73139 -0.753398 1.23139 -0.241905 0.107372 2.34879
156.344 0.0536166 0.268643 2.18288 -2.73705 0.323405 2.09059 0.01963 0.291292 2.27996 -2.77093 0.254587 2.07454 -0.0339866 0.0226488 0.0970812 -0.0338751 -0.0688179 -0.0160489 0.105322 4.37497 0.111946 0.377311 2.40306 -2.73832 0.562755 2.09819 0.0583289 0.108668 0.220178 -0.0012688 0.239351 0.00759922 0.252367 13.7219 0.382346 -1.85837 3.20463 -0.00864363 -0.100092 1.30692 0.731559 -0.747767 1.2322 -0.229741 0.107253 2.34936
156.644 0.0560954 0.267622 2.18411 -2.73441 0.335677 2.09597 0.0237151 0.291125 2.28703 -2.74978 0.316152 2.08755 -0.0323802 0.0235033 0.102926 -0.015366 -0.0195252 -0.00842189 0.110429 1.40973 0.116728 0.379794 2.40373 -2.73659 0.564011 2.09966 0.0606322 0.112173 0.219626 -0.00217845 0.228334 0.00369284 0.253958 13.0858 0.380529 -1.85616 3.20453 -0.00808334 -0.101452 1.30713 0.731627 -0.742184 1.23318 -0.21765 0.107005 2.3495
157.577 0.0625204 0.266672 2.18674 -2.73096 0.366195 2.11354 0.0301101 0.282207 2.24109 -2.69736 0.410693 2.12047 -0.0324103 0.0155347 0.054346 0.033593 0.0444976 0.00693604 0.0651556 3.12775 0.129474 0.382463 2.40329 -2.73386 0.56987 2.10233 0.0669536 0.115791 0.216545 -0.00290581 0.203675 -0.0112103 0.254523 11.6843 0.374429 -1.84812 3.20511 -0.00693598 -0.106098 1.30771 0.731014 -0.724591 1.2374 -0.186792 0.100534 2.3474
158.461 0.0675916 0.265159 2.18712 -2.73514 0.372127 2.12213 0.0357583 0.28842 2.28981 -2.71943 0.367035 2.10168 -0.0318332 0.0232618 0.102691 0.015709 -0.00509157 -0.020455 0.11 1.74091 0.143801 0.388409 2.40804 -2.73646 0.57095 2.09966 0.0762096 0.123251 0.220919 -0.0013263 0.198823 -0.0224723 0.264205 11.4604 0.368498 -1.84029 3.20542 -0.00610195 -0.109202 1.30803 0.729563 -0.710161 1.24192 -0.180822 0.0900977 2.34397
158.817 0.0687746 0.262621 2.1867 -2.74047 0.365931 2.12238 0.0371872 0.282068 2.25519 -2.71429 0.356256 2.13164 -0.0315874 0.0194467 0.0684984 0.0261778 -0.00967487 0.00925573 0.0778972 1.5087 0.145264 0.386208 2.40884 -2.7377 0.570193 2.09861 0.0764898 0.123587 0.222147 0.00276321 0.204262 -0.0237706 0.265469 11.7914 0.366207 -1.83755 3.20532 -0.00609776 -0.109408 1.30814 0.728853 -0.705413 1.2439 -0.186693 0.0842504 2.34247
159.384 0.0721131 0.260228 2.18539 -2.75226 0.353315 2.12205 0.0402709 0.278539 2.2585 -2.77007 0.379781 2.11791 -0.0318422 0.0183112 0.07311 -0.0178065 0.0264653 -0.00413542 0.0818187 1.79537 0.149567 0.381302 2.40905 -2.73887 0.568502 2.09806 0.0774538 0.121074 0.223664 0.0133918 0.215187 -0.0239825 0.265864 12.4667 0.362857 -1.83401 3.20504 -0.00520799 -0.110046 1.30831 0.727362 -0.699381 1.24686 -0.198728 0.0708288 2.34048
159.722 0.074474 0.259893 2.18467 -2.75922 0.34838 2.12282 0.042222 0.278418 2.25754 -2.76594 0.380292 2.11911 -0.032252 0.0185249 0.0728698 -0.00672411 0.0319118 -0.00370994 0.081813 1.86509 0.153712 0.379955 2.41082 -2.73845 0.567383 2.09808 0.0792383 0.120062 0.226145 0.0207639 0.219003 -0.0247309 0.268021 12.7418 0.36125 -1.83256 3.20502 -0.00429174 -0.110567 1.30838 0.726282 -0.696927 1.24821 -0.203083 0.0621854 2.3396
159.996 0.0766493 0.260117 2.18392 -2.76911 0.345352 2.12574 0.0442132 0.278531 2.25843 -2.76798 0.378691 2.11842 -0.0324361 0.0184141 0.0745042 0.00112873 0.033338 -0.00732286 0.083319 1.96164 0.157553 0.37564 2.4121 -2.73795 0.565586 2.09779 0.0809032 0.115524 0.228175 0.0311578 0.220234 -0.0279566 0.268244 12.9412 0.35924 -1.83102 3.20534 -0.00330676 -0.11133 1.30841 0.724402 -0.694296 1.24984 -0.205105 0.0495614 2.33835
160.265 0.0778594 0.260629 2.18359 -2.77619 0.34598 2.12931 0.0461626 0.27841 2.25747 -2.76386 0.379196 2.11961 -0.0316968 0.0177808 0.0738882 0.012321 0.0332159 -0.00969671 0.0823426 2.16952 0.159063 0.372105 2.41173 -2.73716 0.56441 2.09757 0.0812033 0.111476 0.228142 0.0390218 0.21843 -0.031735 0.266589 12.9801 0.357861 -1.8302 3.20585 -0.00257256 -0.111876 1.3084 0.722641 -0.692816 1.25092 -0.203454 0.0399555 2.33725
160.818 0.0797647 0.262317 2.1834 -2.78897 0.353407 2.13948 0.0494455 0.282315 2.27246 -2.78984 0.320501 2.12987 -0.0303192 0.0199985 0.0890542 -0.000867573 -0.0329061 -0.0096112 0.0961761 1.96025 0.161191 0.358547 2.40591 -2.73382 0.56263 2.09845 0.0814263 0.0962305 0.222504 0.0551477 0.209223 -0.0410319 0.255732 12.8739 0.355207 -1.82959 3.20722 -0.000532711 -0.11296 1.30825 0.717522 -0.690866 1.25254 -0.193114 0.0204608 2.33432
161.338 0.0774212 0.263383 2.1837 -2.79433 0.360626 2.14594 0.0473967 0.276055 2.22282 -2.75734 0.370585 2.14948 -0.0300244 0.0126725 0.0391209 0.0369913 0.00995905 0.00354128 0.0509167 2.13332 0.158255 0.352337 2.40659 -2.73044 0.563114 2.10033 0.0808343 0.0889543 0.222895 0.0638918 0.202488 -0.0456128 0.253238 12.7789 0.353722 -1.83064 3.20743 4.91463e-05 -0.113498 1.30818 0.712442 -0.690677 1.25243 -0.184443 0.0116035 2.33259
162.016 0.072044 0.264172 2.18456 -2.794 0.370717 2.14908 0.0426905 0.277973 2.22319 -2.80577 0.482305 2.16313 -0.0293535 0.0138005 0.038629 -0.0117708 0.111588 0.0140465 0.0504409 6.51367 0.152063 0.350232 2.41115 -2.72713 0.565395 2.10144 0.0800189 0.0860596 0.226592 0.0668713 0.194678 -0.0476436 0.255252 12.4871 0.352941 -1.83372 3.20724 0.000221276 -0.113629 1.30836 0.705707 -0.692278 1.25118 -0.173971 0.0107236 2.3336
162.317 0.0694617 0.263873 2.18511 -2.79308 0.376062 2.14956 0.0415352 0.285344 2.2734 -2.75922 0.377905 2.14317 -0.0279265 0.0214719 0.0882864 0.0338551 0.00184267 -0.00638878 0.0950548 2.10487 0.149487 0.349169 2.41349 -2.72629 0.56582 2.10148 0.0800255 0.0852968 0.22838 0.066786 0.189758 -0.0480751 0.256587 12.2453 0.352902 -1.83562 3.20739 0.000419511 -0.11328 1.30852 0.702465 -0.693575 1.25061 -0.168381 0.0117185 2.33505
163.248 0.059193 0.261256 2.18762 -2.78416 0.39661 2.15291 0.0310428 0.27407 2.22303 -2.81316 0.484258 2.1605 -0.0281502 0.0128137 0.0354057 -0.029 0.0876482 0.00759382 0.0470127 5.36505 0.141383 0.337293 2.41877 -2.72545 0.566127 2.10078 0.0821905 0.0760365 0.231146 0.0587117 0.169517 -0.0521237 0.256838 11.128 0.354101 -1.84389 3.21005 0.00122907 -0.110487 1.30922 0.690559 -0.700896 1.24936 -0.145173 0.0206891 2.33883
163.602 0.0561165 0.261823 2.1885 -2.77692 0.403801 2.15557 0.0281913 0.27529 2.23279 -2.77244 0.448569 2.17214 -0.0279252 0.0134671 0.0442958 0.00447793 0.0447684 0.0165755 0.0540675 2.71022 0.139655 0.332538 2.41907 -2.72621 0.566385 2.10014 0.0835382 0.070715 0.230579 0.0507058 0.162584 -0.0554281 0.255237 10.6712 0.354886 -1.84674 3.21171 0.00166619 -0.1098 1.30943 0.686894 -0.704182 1.24913 -0.136781 0.0268493 2.33847
164.48 0.0414521 0.266053 2.19182 -2.74297 0.431428 2.17035 0.013884 0.284601 2.28378 -2.77842 0.459309 2.16472 -0.0275681 0.0185483 0.091964 -0.0354422 0.0278814 -0.00562797 0.0977824 2.49309 0.13104 0.326276 2.43314 -2.73138 0.564079 2.09841 0.0895878 0.0602236 0.241318 0.0115932 0.132651 -0.071938 0.264362 8.8196 0.35903 -1.8564 3.21994 0.0011245 -0.10644 1.30996 0.675187 -0.719201 1.24814 -0.103742 0.0565206 2.33346
164.811 0.0355001 0.271692 2.19247 -2.73174 0.441749 2.17601 0.00978243 0.286321 2.27367 -2.74107 0.433937 2.15257 -0.0257176 0.014629 0.0812077 -0.00933557 -0.00781292 -0.023439 0.0864297 1.29634 0.128363 0.328932 2.44011 -2.73243 0.564306 2.09823 0.0928627 0.0572404 0.247639 -0.000695079 0.122556 -0.0777773 0.270601 8.30492 0.36126 -1.85997 3.22389 0.000786517 -0.106094 1.31006 0.670913 -0.726516 1.24784 -0.0922069 0.0657245 2.33202
165.78 0.0229306 0.28794 2.1914 -2.73448 0.455952 2.18042 -0.00605523 0.304588 2.28411 -2.78208 0.474302 2.16464 -0.0289858 0.0166476 0.0927079 -0.047598 0.0183496 -0.0157825 0.0985499 2.67357 0.11812 0.334929 2.4517 -2.73281 0.566034 2.09853 0.0951897 0.0469884 0.260297 0.00167012 0.110082 -0.0818929 0.281111 7.88819 0.366972 -1.86705 3.2327 7.79087e-06 -0.106423 1.30996 0.662376 -0.743667 1.24828 -0.0781279 0.0617431 2.33418
166.301 0.0152638 0.299463 2.18893 -2.76298 0.460686 2.17744 -0.0140326 0.316583 2.28431 -2.78231 0.482182 2.16523 -0.0292964 0.0171192 0.0953714 -0.0193347 0.0214955 -0.0122126 0.101228 1.59053 0.110858 0.33916 2.45733 -2.73203 0.566406 2.09952 0.0955942 0.0396969 0.268392 0.0309502 0.10572 -0.0779231 0.28766 8.21759 0.37163 -1.87183 3.23873 1.24973e-05 -0.106494 1.30952 0.656735 -0.756347 1.24955 -0.0745289 0.034932 2.34008
166.613 0.0126908 0.304649 2.18767 -2.77796 0.462419 2.17589 -0.0180153 0.322232 2.27489 -2.74467 0.458399 2.15356 -0.0307062 0.0175833 0.0872146 0.0332894 -0.00401952 -0.0223288 0.0941192 2.73781 0.107526 0.340767 2.45787 -2.73093 0.566911 2.10014 0.0948354 0.0361184 0.270199 0.0470248 0.104493 -0.0757554 0.288628 8.56942 0.373598 -1.87377 3.24107 0.00023944 -0.106857 1.30925 0.654641 -0.761358 1.25026 -0.0735311 0.0204374 2.34281
167.286 0.00736587 0.315347 2.1849 -2.80996 0.465983 2.17342 -0.0224644 0.327598 2.2372 -2.81514 0.520195 2.1849 -0.0298302 0.012251 0.052297 -0.00518012 0.0542122 0.0114752 0.0614403 3.21759 0.102661 0.34551 2.4546 -2.72724 0.569252 2.10195 0.0952951 0.0301626 0.269702 0.0827199 0.103269 -0.0714771 0.287628 9.66536 0.377992 -1.87833 3.24584 0.000744199 -0.107976 1.30859 0.650776 -0.771575 1.25221 -0.0716101 -0.0111419 2.34772
167.783 0.00431981 0.317809 2.18416 -2.81993 0.466829 2.17268 -0.0260003 0.340963 2.28653 -2.86867 0.407338 2.14019 -0.0303201 0.0231541 0.102374 -0.048734 -0.0594912 -0.03249 0.109251 4.29829 0.102448 0.347268 2.45536 -2.72661 0.570129 2.10197 0.0981281 0.0294591 0.271208 0.0933252 0.103299 -0.0707059 0.289915 10.0729 0.379752 -1.88039 3.24745 0.000432208 -0.108001 1.30834 0.649714 -0.775215 1.25302 -0.0712288 -0.0204321 2.34902
168.932 -0.00518961 0.317323 2.18357 -2.82774 0.464811 2.16866 -0.037879 0.343871 2.28609 -2.91611 0.460262 2.15228 -0.0326894 0.0265481 0.10252 -0.0883618 -0.00454941 -0.016387 0.110832 4.72638 0.0988153 0.352012 2.45963 -2.72504 0.5715 2.10106 0.104005 0.0346891 0.27606 0.102705 0.106689 -0.0676086 0.297034 10.4658 0.384603 -1.88782 3.25086 -0.00183005 -0.106814 1.30804 0.649648 -0.783532 1.25579 -0.0744467 -0.0236811 2.35169
169.488 -0.00586786 0.313095 2.18472 -2.81261 0.462913 2.16512 -0.038093 0.331537 2.23741 -2.82221 0.526996 2.18268 -0.0322251 0.0184413 0.052684 -0.0095968 0.064083 0.0175552 0.0644526 3.91417 0.0962743 0.354171 2.45622 -2.72335 0.571001 2.10218 0.102142 0.0410759 0.271501 0.0892613 0.108088 -0.0629431 0.292973 9.78319 0.386655 -1.89321 3.25218 -0.00231322 -0.106566 1.30841 0.652967 -0.785733 1.25836 -0.077293 -0.00628642 2.35314
169.828 -0.00506076 0.310092 2.18553 -2.80472 0.463102 2.16409 -0.0400623 0.330161 2.23466 -2.79301 0.494702 2.16884 -0.0350015 0.0200689 0.0491276 0.0117055 0.0316005 0.00475183 0.0635719 1.90619 0.0972273 0.356025 2.4526 -2.72271 0.570869 2.10359 0.102288 0.0459327 0.267073 0.0820144 0.107767 -0.0605059 0.289656 9.39674 0.387167 -1.8955 3.25237 -0.00246224 -0.106464 1.30867 0.655146 -0.785788 1.25956 -0.0774025 0.00228566 2.35366
170.12 -0.00420015 0.305698 2.18659 -2.79807 0.464735 2.16374 -0.0381065 0.326185 2.23417 -2.7903 0.492567 2.16944 -0.0339063 0.0204875 0.0475804 0.00777156 0.0278325 0.00569656 0.0619134 1.64735 0.0960691 0.358439 2.45204 -2.72244 0.570819 2.1054 0.100269 0.0527417 0.265454 0.0756315 0.106084 -0.0583382 0.28862 9.01153 0.387468 -1.89775 3.25233 -0.00281788 -0.106032 1.30895 0.657658 -0.785368 1.26074 -0.07577 0.00966376 2.35423
170.712 -0.00214666 0.293436 2.18948 -2.79101 0.476547 2.16589 -0.0353195 0.31517 2.23901 -2.74826 0.453272 2.18061 -0.0331729 0.021734 0.0495321 0.0427523 -0.0232746 0.0147247 0.0634526 2.57618 0.0941185 0.362036 2.45634 -2.72405 0.571373 2.10728 0.0962651 0.0686004 0.266863 0.0669609 0.0948263 -0.0586081 0.291871 8.26971 0.387366 -1.90259 3.25165 -0.00441367 -0.104863 1.30955 0.664379 -0.782844 1.26355 -0.0637696 0.0178489 2.35645
171.833 0.0146602 0.274929 2.19358 -2.79996 0.503379 2.16939 -0.0220124 0.300644 2.28445 -2.79171 0.477055 2.16133 -0.0366726 0.0257144 0.0908657 0.00825101 -0.0263242 -0.00806013 0.101305 1.708 0.0972537 0.369226 2.45597 -2.72515 0.574296 2.10149 0.0825935 0.0942973 0.262389 0.0748095 0.0709166 -0.0679012 0.290795 8.19242 0.384303 -1.90864 3.2502 -0.00343338 -0.105763 1.31006 0.679188 -0.774341 1.27078 -0.0376466 0.00620085 2.36381
172.147 0.0188704 0.270893 2.194 -2.80556 0.505538 2.16923 -0.0168376 0.29311 2.2729 -2.81955 0.575032 2.1738 -0.035708 0.0222169 0.0789013 -0.0139917 0.0694943 0.0045676 0.0894096 4.09644 0.0990424 0.370371 2.45452 -2.72474 0.574355 2.10017 0.080172 0.0994781 0.260518 0.0808162 0.068817 -0.0690616 0.290161 8.45378 0.383258 -1.90944 3.24966 -0.00328986 -0.106164 1.31009 0.682795 -0.771942 1.27273 -0.0359773 0.000478642 2.36488
172.455 0.0234072 0.264293 2.19436 -2.81409 0.504818 2.16854 -0.0129248 0.288096 2.27245 -2.79114 0.540762 2.16116 -0.036332 0.0238032 0.0780881 0.022945 0.0359439 -0.00738232 0.0893552 2.58906 0.0998774 0.36933 2.45326 -2.72459 0.573124 2.09887 0.0764703 0.105037 0.258898 0.0894972 0.0683065 -0.069673 0.28967 8.86226 0.381778 -1.9102 3.24874 -0.00359522 -0.106085 1.31007 0.687537 -0.768648 1.27533 -0.0369388 -0.00739894 2.36547
173.62 0.0388816 0.238834 2.19323 -2.85123 0.474225 2.15912 0.00302635 0.262169 2.27113 -2.86155 0.525882 2.15988 -0.0358552 0.0233353 0.0778999 -0.0103157 0.0516574 0.000754124 0.0888737 3.02258 0.102034 0.350495 2.44415 -2.7252 0.564583 2.09772 0.0631521 0.111661 0.250915 0.126034 0.0903588 -0.0614054 0.281806 10.7936 0.376546 -1.91004 3.24341 -0.0033102 -0.103397 1.30989 0.700631 -0.756872 1.28283 -0.0661525 -0.0390523 2.36556
173.95 0.0433061 0.23477 2.19236 -2.86101 0.463425 2.15548 0.00695289 0.256463 2.27275 -2.87705 0.448023 2.13445 -0.0363532 0.0216936 0.0803977 -0.0160383 -0.0154015 -0.0210282 0.0908623 1.44915 0.105156 0.346559 2.44048 -2.72417 0.563134 2.09789 0.0618497 0.111789 0.248126 0.136845 0.0997088 -0.057596 0.279085 11.4171 0.375371 -1.90938 3.24154 -0.00248186 -0.103401 1.30986 0.702846 -0.75381 1.28407 -0.0770483 -0.0478843 2.36626
174.263 0.0477479 0.231137 2.19105 -2.87382 0.449588 2.15081 0.0129115 0.252532 2.27307 -2.87883 0.444111 2.13392 -0.0348363 0.0213946 0.0820231 -0.00500832 -0.00547695 -0.0168826 0.0916465 0.936282 0.108928 0.340418 2.43608 -2.7219 0.561459 2.09891 0.0611798 0.109281 0.245035 0.15192 0.111871 -0.0518984 0.275186 12.2749 0.373959 -1.90818 3.23874 -0.00175599 -0.104034 1.30986 0.705218 -0.749536 1.28526 -0.0917649 -0.0595123 2.36754
175.222 0.0507724 0.22456 2.1891 -2.89655 0.429626 2.14437 0.0188593 0.244563 2.27282 -2.87494 0.439004 2.13465 -0.0319131 0.0200034 0.0837237 0.0216118 0.00937807 -0.00971776 0.0918055 1.64687 0.116624 0.327238 2.43003 -2.71842 0.559797 2.10078 0.0658515 0.102678 0.240928 0.178127 0.130171 -0.0435876 0.270047 13.7867 0.371617 -1.9046 3.23224 -0.00200559 -0.105253 1.30999 0.707831 -0.739639 1.2858 -0.113921 -0.0797142 2.37036
175.562 0.0498034 0.222059 2.18888 -2.90242 0.42702 2.1438 0.0189061 0.241758 2.26483 -2.9618 0.447523 2.13506 -0.0308972 0.0196982 0.0759476 -0.0593759 0.0205031 -0.00874534 0.084325 3.42931 0.121455 0.324226 2.42724 -2.71871 0.559071 2.10094 0.0716515 0.102166 0.23836 0.183713 0.132051 -0.0428622 0.269049 14.0846 0.370918 -1.90275 3.22949 -0.00257541 -0.105541 1.3101 0.70777 -0.735257 1.28508 -0.117151 -0.0849764 2.37098
175.887 0.0481043 0.220376 2.18898 -2.90401 0.426911 2.14426 0.0188911 0.23967 2.27284 -2.93114 0.393457 2.12122 -0.0292132 0.0192944 0.083853 -0.0271305 -0.0334542 -0.0230434 0.0908681 2.48916 0.123712 0.322761 2.42429 -2.71961 0.558887 2.10098 0.0756077 0.102385 0.235303 0.1844 0.131976 -0.0432882 0.26752 14.1276 0.370494 -1.90127 3.22753 -0.00326696 -0.105649 1.31019 0.70735 -0.732065 1.28417 -0.117569 -0.0862435 2.37081
176.219 0.0462934 0.218894 2.18927 -2.90271 0.427736 2.14538 0.0155845 0.232912 2.21901 -2.91146 0.474737 2.15158 -0.0307088 0.0140183 0.0297325 -0.00875378 0.0470018 0.00619506 0.0449841 2.79022 0.126424 0.322651 2.42026 -2.72042 0.558751 2.101 0.0801305 0.103757 0.230983 0.182294 0.131016 -0.044379 0.265593 14.0319 0.37012 -1.89971 3.22567 -0.00387995 -0.105668 1.3103 0.706675 -0.729008 1.28297 -0.116766 -0.084984 2.37
176.581 0.0449333 0.216614 2.18987 -2.8971 0.429029 2.14758 0.0149222 0.235694 2.27277 -2.93449 0.392826 2.12019 -0.0300111 0.0190801 0.0828985 -0.0373974 -0.0362036 -0.0273942 0.0902047 2.94437 0.128878 0.322408 2.41661 -2.72109 0.557831 2.1012 0.0839446 0.105793 0.226741 0.176009 0.128801 -0.0463824 0.263914 13.7282 0.369658 -1.89747 3.22331 -0.0040207 -0.105276 1.31045 0.705434 -0.725188 1.28098 -0.114579 -0.0801896 2.36794
178.53 0.0384574 0.22521 2.18884 -2.85387 0.40039 2.14984 0.00695298 0.240585 2.27274 -2.88224 0.440722 2.13223 -0.0315044 0.0153749 0.0838989 -0.0283782 0.0403317 -0.0176074 0.0909283 2.76796 0.141563 0.320954 2.39535 -2.72607 0.557776 2.10062 0.103105 0.0957442 0.206513 0.127799 0.157386 -0.049217 0.24989 12.7203 0.367105 -1.88135 3.20826 -0.00446738 -0.107856 1.31142 0.697205 -0.710098 1.26486 -0.143238 -0.0403476 2.3541
179.068 0.0375692 0.228423 2.18746 -2.84982 0.384696 2.14446 0.00591708 0.245846 2.28455 -2.83491 0.401074 2.14514 -0.0316521 0.0174227 0.0970941 0.0149076 0.0163781 0.000684751 0.103599 1.25928 0.140345 0.321205 2.38857 -2.72752 0.558243 2.10092 0.102776 0.0927814 0.201111 0.122298 0.173547 -0.0435389 0.244165 13.0365 0.365998 -1.87709 3.20323 -0.00553347 -0.108043 1.31178 0.696648 -0.708788 1.25934 -0.160376 -0.0334447 2.35372
179.45 0.0380663 0.230156 2.18664 -2.85033 0.376588 2.14091 0.0059322 0.249043 2.28577 -2.88056 0.351026 2.13262 -0.0321341 0.0188873 0.0991339 -0.0302318 -0.0255621 -0.00828811 0.10591 2.18749 0.140191 0.319893 2.38144 -2.72832 0.558341 2.10168 0.102125 0.0897372 0.1948 0.122014 0.181753 -0.0392303 0.237548 13.2815 0.364998 -1.87442 3.19983 -0.00613709 -0.107814 1.312 0.696685 -0.708589 1.25539 -0.169212 -0.0318887 2.35456
180.028 0.0416119 0.233511 2.18593 -2.85114 0.373121 2.13782 0.00777449 0.245971 2.22302 -2.87997 0.44074 2.13957 -0.0338374 0.0124597 0.0370845 -0.0288323 0.0676187 0.00174767 0.0517251 4.22837 0.140404 0.320699 2.37237 -2.72836 0.558751 2.10272 0.0987917 0.0871874 0.18644 0.122779 0.18563 -0.0350949 0.228301 13.3873 0.363038 -1.87067 3.19533 -0.00627623 -0.107321 1.31224 0.697199 -0.709609 1.24891 -0.173054 -0.0308951 2.35646
180.82 0.0529614 0.240504 2.18671 -2.84656 0.391001 2.14111 0.0179052 0.257016 2.28568 -2.87177 0.351388 2.13495 -0.0350562 0.0165113 0.0989675 -0.0252063 -0.0396134 -0.0061537 0.106283 2.64427 0.143998 0.327473 2.36809 -2.72669 0.560182 2.10385 0.0910369 0.0869688 0.181377 0.11987 0.169181 -0.0372555 0.220791 12.6095 0.358854 -1.86493 3.19063 -0.00484011 -0.105393 1.3123 0.698486 -0.715107 1.23708 -0.152719 -0.0274947 2.35827
181.265 0.05669 0.244845 2.18674 -2.84542 0.397382 2.14286 0.0228282 0.260447 2.27288 -2.86763 0.445065 2.13753 -0.0338617 0.0156018 0.08614 -0.0222113 0.0476832 -0.00533139 0.0938623 2.97638 0.144662 0.330718 2.36771 -2.72567 0.561001 2.10392 0.0879719 0.085873 0.180967 0.119742 0.163619 -0.0389389 0.218774 12.4073 0.357533 -1.86327 3.1896 -0.00432017 -0.105578 1.31224 0.698876 -0.717314 1.23366 -0.146049 -0.0275218 2.35849
181.541 0.0616736 0.251377 2.18626 -2.84601 0.401876 2.14414 0.0266858 0.265111 2.2702 -2.82614 0.406917 2.12595 -0.0349878 0.0137344 0.0839358 0.0198712 0.00504044 -0.0181945 0.0919674 1.84398 0.146318 0.335808 2.36611 -2.72402 0.562304 2.10402 0.0846443 0.0844311 0.17985 0.121985 0.160428 -0.0401194 0.215961 12.3861 0.355821 -1.86114 3.18805 -0.00353838 -0.106252 1.3121 0.699373 -0.720268 1.22942 -0.14161 -0.0295861 2.35878
181.85 0.0651081 0.256113 2.18552 -2.8483 0.401434 2.144 0.030799 0.271457 2.27312 -2.91401 0.404688 2.12697 -0.0343091 0.0153433 0.0875955 -0.0657084 0.00325395 -0.0170354 0.0953179 3.50409 0.147815 0.338338 2.36505 -2.72243 0.563201 2.10391 0.0827072 0.0822247 0.179531 0.125867 0.161767 -0.0400944 0.214086 12.5876 0.354609 -1.85967 3.18664 -0.00299513 -0.106847 1.31199 0.699701 -0.722368 1.22651 -0.142323 -0.0325638 2.35904
182.152 0.0679243 0.260461 2.1845 -2.85202 0.397903 2.14293 0.0347367 0.276346 2.27305 -2.85613 0.448672 2.14172 -0.0331875 0.015885 0.0885482 -0.0041103 0.0507691 -0.00121687 0.0958881 2.91685 0.148951 0.340393 2.36451 -2.72141 0.563786 2.10368 0.0810266 0.0799317 0.18001 0.130607 0.165883 -0.0392511 0.212974 12.9163 0.353479 -1.85836 3.18496 -0.00262898 -0.10746 1.31187 0.699958 -0.724289 1.22383 -0.146357 -0.0364669 2.35938
182.773 0.0716527 0.26297 2.18195 -2.86313 0.377143 2.13637 0.0388324 0.277076 2.22339 -2.85287 0.445455 2.14908 -0.0328204 0.0141059 0.0414402 0.0102611 0.0683116 0.0127109 0.0547123 3.98153 0.151168 0.343997 2.36635 -2.72135 0.561917 2.10217 0.0795154 0.0810268 0.184403 0.14178 0.184773 -0.034196 0.216547 14.0045 0.351219 -1.85618 3.18017 -0.0026028 -0.106484 1.31164 0.700387 -0.72776 1.21859 -0.167182 -0.0445256 2.36048
183.296 0.0716953 0.255774 2.17967 -2.87064 0.343207 2.12458 0.0425585 0.280084 2.2705 -2.85742 0.358539 2.11677 -0.0291368 0.0243105 0.0908248 0.0132244 0.0153319 -0.00780079 0.0984332 1.33354 0.152187 0.341959 2.37062 -2.72354 0.557937 2.10124 0.0804913 0.0861855 0.190946 0.147096 0.214729 -0.0233385 0.224426 15.2885 0.349508 -1.85525 3.17496 -0.0036871 -0.102866 1.31156 0.700957 -0.729152 1.21544 -0.200324 -0.0448266 2.36218
184.093 0.0657466 0.242982 2.17747 -2.86932 0.297063 2.10446 0.0382099 0.264478 2.25494 -2.83999 0.248052 2.08939 -0.0275367 0.0214957 0.0774725 0.029331 -0.0490108 -0.0150726 0.0849842 3.49805 0.146875 0.330708 2.36845 -2.72747 0.556653 2.10193 0.0811281 0.0877261 0.190987 0.141856 0.259591 -0.00252657 0.225286 16.9678 0.347896 -1.85505 3.16873 -0.00756741 -0.0992098 1.31182 0.702684 -0.726661 1.21465 -0.248792 -0.0308667 2.36617
184.65 0.0629234 0.233957 2.1773 -2.85563 0.275384 2.08942 0.0334207 0.25662 2.25514 -2.92565 0.291352 2.0771 -0.0295028 0.0226629 0.0778494 -0.0700244 0.0159676 -0.0123219 0.0862818 3.98094 0.144108 0.328637 2.36652 -2.72897 0.55735 2.10318 0.0811846 0.0946799 0.189223 0.126656 0.281966 0.0137606 0.226629 17.5865 0.34652 -1.85488 3.16473 -0.0099679 -0.0983259 1.31223 0.705154 -0.721426 1.21529 -0.274074 -0.00897993 2.36934
185.004 0.0636101 0.229649 2.17788 -2.84624 0.272139 2.08479 0.031816 0.248686 2.22839 -2.77481 0.228383 2.07863 -0.0317941 0.0190377 0.0505015 0.0714364 -0.0437558 -0.00616176 0.0626395 4.88624 0.145716 0.329273 2.36503 -2.72857 0.557693 2.10397 0.0821054 0.0996238 0.187143 0.117672 0.285554 0.0191747 0.227351 17.551 0.345783 -1.85466 3.16343 -0.0102344 -0.0979998 1.31243 0.706507 -0.71848 1.2157 -0.278307 0.00255405 2.36982
185.96 0.06474 0.213941 2.18147 -2.81084 0.277232 2.08036 0.0330773 0.233296 2.2401 -2.82189 0.310318 2.07705 -0.0316627 0.0193554 0.0586279 -0.0110474 0.0330857 -0.00330692 0.0693858 1.99017 0.150045 0.332644 2.36186 -2.72927 0.559932 2.10556 0.0853049 0.118703 0.18039 0.0815659 0.2827 0.0252012 0.232181 16.7517 0.342637 -1.85269 3.16013 -0.0125609 -0.0971325 1.31289 0.712568 -0.705961 1.21774 -0.275264 0.0417459 2.36546
186.223 0.067607 0.208426 2.18305 -2.79364 0.281276 2.08189 0.0338868 0.226877 2.23473 -2.75934 0.28152 2.08978 -0.0337201 0.018451 0.0516773 0.0342978 0.000244136 0.00789071 0.0644052 1.8901 0.150749 0.334974 2.35899 -2.72982 0.560338 2.1054 0.0831421 0.126548 0.175935 0.0638236 0.279062 0.0235128 0.232121 16.331 0.341036 -1.85111 3.15927 -0.0127489 -0.097253 1.31291 0.715775 -0.70019 1.21899 -0.271386 0.0579924 2.36088
187.036 0.0802883 0.201758 2.1854 -2.75919 0.287267 2.08802 0.044804 0.216534 2.23945 -2.78659 0.356866 2.08921 -0.0354843 0.0147764 0.0540532 -0.0273982 0.0695984 0.00119057 0.0663267 4.29391 0.156542 0.343424 2.34795 -2.73057 0.561507 2.10315 0.0762534 0.141667 0.162557 0.0286201 0.27424 0.015135 0.228711 15.784 0.336932 -1.84554 3.15761 -0.010752 -0.0998104 1.31268 0.723767 -0.686401 1.22241 -0.265754 0.0856587 2.34881
189.675 0.0955263 0.192382 2.18206 -2.82387 0.277682 2.09418 0.0689682 0.207256 2.23356 -2.74629 0.263256 2.09115 -0.0265581 0.0148741 0.0515024 0.0775794 -0.0144258 -0.00303115 0.0598253 4.56986 0.139567 0.332764 2.31882 -2.73543 0.564943 2.09484 0.0440404 0.140383 0.136764 0.0884452 0.287261 0.000664776 0.200876 17.2116 0.328731 -1.81773 3.13735 -0.00225438 -0.110535 1.30986 0.72225 -0.632128 1.22302 -0.277304 0.00659205 2.35595
190.739 0.0708855 0.185551 2.18178 -2.84428 0.268726 2.09965 0.0461487 0.202588 2.25741 -2.82072 0.284454 2.09742 -0.0247368 0.0170367 0.0756366 0.023559 0.0157277 -0.00223148 0.0813821 1.65659 0.137576 0.31399 2.3139 -2.72636 0.566804 2.09825 0.0666901 0.128439 0.13212 0.117921 0.298077 -0.00140576 0.195959 18.3695 0.332578 -1.81281 3.12359 0.000983514 -0.113679 1.30945 0.699025 -0.607725 1.21734 -0.285337 -0.0209282 2.35454

192.377 0.0795597 0.105421 2.18539 -2.82271 0.235045 2.14394 0.0299325 0.14411 2.22337 -2.80886 0.312916 2.1312 -0.0496272 0.0386889 0.037975 0.0138558 0.0778706 -0.0127365 0.0734969 4.62406 0.200306 0.237559 2.32665 -2.7041 0.536415 2.08969 0.120746 0.132137 0.141256 0.118617 0.30137 -0.0542521 0.22802 19.2232 0.345089 -1.81831 3.10561 0.0204869 -0.0884092 1.33056 0.662735 -0.579316 1.21124 -0.271843 -0.0281814 2.32438
193.229 0.160935 0.038125 2.18043 -2.79794 0.164721 2.2446 0.110704 0.0574716 2.24897 -2.75794 0.157774 2.20004 -0.0502306 0.0193466 0.0685438 0.0399935 -0.00694714 -0.044561 0.0871531 3.71563 0.294557 0.181804 2.33571 -2.69711 0.517134 2.08264 0.133622 0.143679 0.155281 0.100825 0.352413 -0.161958 0.250222 23.7049 0.364665 -1.81739 3.10604 0.0278621 -0.0601941 1.40819 0.652015 -0.568809 1.21508 -0.274597 -0.0441537 2.28861
193.81 0.224563 0.0276613 2.17121 -2.82627 0.113898 2.31365 0.170775 0.0377545 2.24846 -2.81642 0.233847 2.28873 -0.0537879 0.0100932 0.0772526 0.00984815 0.119949 -0.0249255 0.094673 7.06164 0.356435 0.169657 2.33527 -2.69741 0.519062 2.08316 0.131873 0.141996 0.164058 0.128857 0.405164 -0.230492 0.253906 28.7325 0.389291 -1.80724 3.11001 0.0260441 -0.0507859 1.48257 0.648684 -0.559327 1.21928 -0.289952 -0.0955663 2.29513
196.448 0.394259 0.0800616 2.13513 -3.08716 0.0659355 2.51361 0.371498 0.0858886 2.2161 -2.8848 -0.042133 2.49926 -0.022761 0.00582703 0.0809634 0.20236 -0.108069 -0.0143465 0.0843036 13.1733 0.494101 0.211773 2.34671 -2.73395 0.574641 2.10394 0.0998427 0.131711 0.21158 0.353211 0.508706 -0.409671 0.268482 45.6768 0.599576 -1.62008 3.13944 -0.00913399 -0.0341946 1.85334 0.637748 -0.38379 1.24072 -0.28628 -0.384531 2.54715
196.801 0.398267 0.084282 2.13685 -3.06874 0.0827438 2.52852 0.377568 0.0917682 2.21555 -3.06099 0.0930153 2.54343 -0.0206988 0.00748617 0.0787015 0.00774909 0.0102715 0.0149139 0.0817215 1.0986 0.496421 0.213663 2.35171 -2.73455 0.57641 2.11266 0.0981542 0.129381 0.214858 0.334194 0.493666 -0.415859 0.269328 44.8207 0.621943 -1.59083 3.14259 -0.0120566 -0.0347867 1.88206 0.634411 -0.353161 1.24172 -0.26428 -0.370227 2.5575
197.558 0.400839 0.0922609 2.14544 -3.00357 0.151967 2.54964 0.376827 0.100183 2.17141 -3.01386 0.24023 2.56819 -0.0240124 0.00792243 0.0259692 -0.0102921 0.088263 0.0185542 0.0362459 5.2245 0.486685 0.232887 2.36002 -2.75107 0.588836 2.11332 0.0858464 0.140626 0.214581 0.2525 0.436869 -0.436312 0.270537 41.3336 0.694195 -1.47846 3.15076 -0.0223049 -0.0377655 1.97065 0.617124 -0.235245 1.24496 -0.194018 -0.308335 2.6201
198.351 0.386429 0.0996026 2.15514 -2.97068 0.228708 2.54489 0.377021 0.112905 2.2536 -2.94057 0.078618 2.53208 -0.00940716 0.0133022 0.0984628 0.0301178 -0.15009 -0.0128007 0.0998016 8.82321 0.451525 0.247062 2.37858 -2.77054 0.6036 2.11026 0.0650962 0.147459 0.223439 0.200143 0.374892 -0.434623 0.275511 37.8765 0.758366 -1.34393 3.15588 -0.0362388 -0.0429767 2.05064 0.58971 -0.0994686 1.24887 -0.136867 -0.267959 2.71481
198.648 0.382673 0.100944 2.1573 -2.96675 0.248165 2.54325 0.369596 0.113673 2.24904 -3.02582 0.185017 2.55081 -0.013077 0.0127292 0.0917343 -0.0590757 -0.0631481 0.00755989 0.0935319 5.03598 0.439246 0.250824 2.38208 -2.77981 0.607387 2.10149 0.0565734 0.14988 0.224771 0.186934 0.359221 -0.441765 0.276019 37.3552 0.775066 -1.29965 3.15742 -0.0397474 -0.0440025 2.07358 0.579655 -0.0566095 1.25033 -0.122638 -0.261667 2.74304
198.943 0.380458 0.100521 2.15931 -2.96424 0.267201 2.54239 0.361284 0.112512 2.22767 -3.01134 0.255952 2.55058 -0.0191742 0.011991 0.0683581 -0.0471059 -0.011249 0.00818135 0.0720019 2.92811 0.424616 0.25561 2.38289 -2.78567 0.608189 2.10031 0.0441577 0.155089 0.223583 0.178561 0.340989 -0.442081 0.275666 36.6062 0.795038 -1.23807 3.15961 -0.0432228 -0.044132 2.10392 0.565085 0.00157314 1.25252 -0.107963 -0.256428 2.77783
199.198 0.38034 0.101024 2.15997 -2.96396 0.276461 2.54369 0.357058 0.111992 2.20199 -2.88572 0.307299 2.57218 -0.0232824 0.010968 0.0420224 0.0782401 0.0308373 0.0284937 0.0492773 4.65488 0.418843 0.251836 2.38854 -2.78857 0.607391 2.102 0.0385029 0.150812 0.228572 0.175395 0.330929 -0.441685 0.276536 36.212 0.808138 -1.19007 3.16134 -0.0452858 -0.0440859 2.12676 0.553245 0.0458143 1.25424 -0.100357 -0.255135 2.80151
199.518 0.38151 0.102472 2.16024 -2.96527 0.281637 2.54619 0.365418 0.114741 2.25361 -2.94215 0.250764 2.56406 -0.0160919 0.0122693 0.0933643 0.0231212 -0.0308732 0.0178652 0.0955321 2.28431 0.409269 0.255244 2.38822 -2.79617 0.607583 2.09399 0.0277586 0.152773 0.227974 0.169106 0.325946 -0.452197 0.27583 36.369 0.819521 -1.14059 3.16315 -0.0470584 -0.044206 2.14983 0.540576 0.0904782 1.256 -0.0960272 -0.256259 2.82344
199.85 0.385214 0.107144 2.1593 -2.96983 0.283013 2.55144 0.363632 0.115867 2.23619 -3.00881 0.258027 2.52828 -0.021582 0.0087231 0.0768859 -0.0389861 -0.0249855 -0.0231587 0.0803326 2.68599 0.400244 0.260192 2.38524 -2.80105 0.606153 2.09073 0.0150303 0.153048 0.225938 0.168776 0.32314 -0.46071 0.273309 36.6789 0.831903 -1.07248 3.1657 -0.048687 -0.0446223 2.18102 0.522237 0.150503 1.25827 -0.0942948 -0.262016 2.85082
200.113 0.389113 0.1117 2.15823 -2.97495 0.280715 2.55561 0.349373 0.113943 2.11313 -3.01567 0.449139 2.55255 -0.03974 0.00224226 -0.0451009 -0.0407241 0.168424 -0.00305654 0.0601531 9.91425 0.398697 0.257071 2.39012 -2.7985 0.603671 2.09737 0.00958393 0.145371 0.231892 0.176453 0.322955 -0.458236 0.273859 36.7928 0.839042 -1.01991 3.1677 -0.049681 -0.0449696 2.20471 0.507398 0.195776 1.25982 -0.0959048 -0.268332 2.8708
200.471 0.393932 0.117458 2.15659 -2.98003 0.275372 2.55963 0.358261 0.122892 2.16743 3.13572 0.238379 2.53351 -0.0356704 0.00543468 0.0108414 6.11576 -0.0369927 -0.0261172 0.0376756 9.56263 0.397367 0.261631 2.38663 -2.79584 0.600561 2.10295 0.0034353 0.144173 0.230037 0.184192 0.325189 -0.456684 0.271505 37.0107 0.844314 -0.966172 3.1698 -0.0504978 -0.0452177 2.2288 0.491677 0.241228 1.26118 -0.100241 -0.27464 2.89091
200.781 0.398761 0.126929 2.15475 -2.98332 0.26832 2.56324 0.372607 0.129444 2.2023 -2.98822 0.305954 2.57538 -0.0261537 0.00251457 0.0475515 -0.00490432 0.0376346 0.012147 0.0543275 2.30732 0.394263 0.271121 2.38219 -2.79204 0.598502 2.10792 -0.00449796 0.144192 0.227442 0.19128 0.330182 -0.455317 0.269335 37.2932 0.847712 -0.911362 3.172 -0.0515075 -0.046644 2.25312 0.475109 0.286832 1.26226 -0.107226 -0.279847 2.91141
201.096 0.404893 0.139956 2.15216 -2.98519 0.256742 2.56755 0.381176 0.142477 2.22457 -2.99563 0.24619 2.5772 -0.0237166 0.00252067 0.0724089 -0.0104354 -0.0105516 0.00965399 0.0762357 1.09253 0.394941 0.265927 2.38813 -2.78933 0.59626 2.11016 -0.00995147 0.125971 0.235968 0.195863 0.339518 -0.457384 0.267673 37.7615 0.849349 -0.836837 3.17517 -0.0534763 -0.0477998 2.28616 0.451741 0.347758 1.26322 -0.118767 -0.283209 2.93926
201.307 0.410124 0.14901 2.15035 -2.98426 0.246757 2.57045 0.384801 0.15279 2.20608 -2.97865 0.302944 2.57853 -0.0253226 0.00378027 0.0557387 0.00561426 0.0561868 0.00808318 0.0613378 3.25582 0.392965 0.268548 2.38847 -2.78918 0.594781 2.10951 -0.0171587 0.119539 0.238122 0.195085 0.348024 -0.460938 0.266994 38.1078 0.848409 -0.780027 3.17773 -0.0551594 -0.047866 2.31161 0.43326 0.39352 1.26358 -0.128346 -0.282574 2.9603
201.905 0.422721 0.183253 2.14488 -2.97123 0.224239 2.57875 0.401783 0.181881 2.23117 -2.98097 0.239467 2.58086 -0.0209385 -0.00137196 0.086299 -0.00973619 0.0152279 0.00211288 0.0888134 1.05758 0.390853 0.285831 2.39018 -2.7854 0.594602 2.11763 -0.031868 0.102578 0.245304 0.185831 0.370363 -0.461121 0.267791 38.4177 0.839032 -0.645261 3.18411 -0.0595415 -0.0517518 2.37215 0.386707 0.500565 1.26331 -0.151588 -0.2737 3.00882
202.255 0.428885 0.196851 2.1425 -2.96468 0.215609 2.5828 0.402574 0.198024 2.20389 -2.99846 0.161728 2.57332 -0.0263111 0.00117305 0.0613854 -0.033784 -0.053881 -0.00948011 0.0667969 3.63001 0.388224 0.298974 2.38786 -2.78948 0.595069 2.11219 -0.040661 0.102123 0.245361 0.175199 0.379461 -0.470609 0.268857 38.7774 0.832025 -0.586946 3.18698 -0.0613446 -0.0524652 2.39843 0.365127 0.546444 1.26287 -0.159627 -0.268436 3.02908
202.573 0.435404 0.213583 2.13917 -2.95738 0.208691 2.58781 0.410784 0.213697 2.20666 -2.99377 0.157576 2.57379 -0.0246201 0.000114054 0.0674891 -0.0363893 -0.0511149 -0.0140175 0.0718397 3.59978 0.38496 0.316791 2.38398 -2.79102 0.59554 2.11093 -0.0504441 0.103208 0.244805 0.166356 0.386849 -0.476883 0.270418 39.0108 0.823276 -0.52851 3.18995 -0.0627788 -0.0539606 2.42476 0.342463 0.592265 1.26229 -0.165888 -0.26352 3.04917
202.837 0.446729 0.230919 2.13608 -2.94952 0.201809 2.59409 0.424003 0.233437 2.23023 -2.96412 0.226978 2.60701 -0.0227254 0.00251834 0.0941463 -0.0146007 0.0251687 0.0129273 0.096883 1.89507 0.385842 0.319626 2.39417 -2.79238 0.595288 2.10943 -0.0608866 0.0887072 0.258086 0.15714 0.393479 -0.484653 0.279615 39.2849 0.808998 -0.450621 3.19412 -0.063961 -0.0544878 2.45992 0.310457 0.653126 1.26151 -0.170473 -0.258101 3.07561
203.136 0.456447 0.243441 2.13316 -2.9452 0.198242 2.59988 0.426105 0.245035 2.1861 -2.9571 0.217564 2.60288 -0.0303421 0.00159338 0.0529401 -0.0119082 0.0193219 0.0029932 0.0610396 1.33002 0.384631 0.333768 2.3925 -2.79534 0.596478 2.10232 -0.0718164 0.0903271 0.259345 0.149853 0.398236 -0.497564 0.28386 39.8079 0.796406 -0.39234 3.19742 -0.0641686 -0.0543627 2.48643 0.285004 0.698513 1.26101 -0.171206 -0.255823 3.09518
203.444 0.466723 0.254942 2.13045 -2.94265 0.196337 2.60629 0.438278 0.260745 2.18971 -2.95198 0.212049 2.6036 -0.0284458 0.00580325 0.0592608 -0.00933529 0.0157121 -0.00269781 0.06599 1.04268 0.382955 0.350147 2.39113 -2.79497 0.596327 2.10268 -0.0837681 0.0952054 0.260677 0.147677 0.399991 -0.503609 0.289886 40.0716 0.782261 -0.33423 3.20093 -0.0642006 -0.0539151 2.51317 0.258244 0.743583 1.26068 -0.169865 -0.255278 3.11471
203.701 0.476074 0.269596 2.12705 -2.94042 0.19603 2.61362 0.460856 0.281414 2.23992 -2.88269 0.108113 2.60447 -0.0152177 0.0118185 0.112867 0.0577359 -0.0879164 -0.00914454 0.1145 6.09172 0.383494 0.35714 2.39854 -2.79517 0.597531 2.10227 -0.0925797 0.0875437 0.271487 0.145253 0.401501 -0.511348 0.2999 40.4069 0.766614 -0.276326 3.20474 -0.0644938 -0.0544088 2.54004 0.230151 0.788283 1.26065 -0.167408 -0.255927 3.13455
204.33 0.49329 0.302824 2.12062 -2.93889 0.199575 2.62899 0.47184 0.307694 2.1902 -2.94084 0.191322 2.62619 -0.0214491 0.00486999 0.0695788 -0.00195305 -0.00825241 -0.00280079 0.0729725 0.50513 0.38019 0.391209 2.39365 -2.79896 0.60112 2.09956 -0.1131 0.088385 0.273031 0.139926 0.401546 -0.529427 0.308463 41.1092 0.72465 -0.142327 3.21483 -0.0669586 -0.0559027 2.60285 0.159265 0.890608 1.26197 -0.16027 -0.25957 -3.09967
204.636 0.497334 0.316017 2.11686 -2.94092 0.199885 2.63519 0.451188 0.309782 2.0636 -3.08457 0.332732 2.63314 -0.0461467 -0.00623447 -0.0532584 -0.143649 0.132847 -0.00204734 0.0707449 11.184 0.376937 0.399976 2.39546 -2.79949 0.601134 2.10235 -0.120397 0.083959 0.278607 0.141429 0.401249 -0.532838 0.314907 41.2992 0.704502 -0.0855786 3.21933 -0.0687537 -0.0551067 2.62969 0.126444 0.933425 1.2631 -0.15842 -0.262173 -3.07699
204.955 0.503669 0.3284 2.11448 -2.94669 0.19958 2.63982 0.48684 0.339446 2.19753 -2.93113 0.180988 2.6266 -0.0168293 0.0110454 0.0830535 0.015558 -0.0185925 -0.0132203 0.0854582 1.66083 0.372441 0.412754 2.39438 -2.8061 0.603348 2.0953 -0.131228 0.0843543 0.279903 0.140586 0.403768 -0.544518 0.320441 41.8996 0.675698 -0.010776 3.22521 -0.0713283 -0.053931 2.6657 0.0802431 0.98934 1.26507 -0.158527 -0.267003 -3.04502
205.291 0.507805 0.337307 2.112 -2.95204 0.197592 2.64279 0.483179 0.344712 2.15895 -2.93375 0.307908 2.68147 -0.0246255 0.00740449 0.0469519 0.0182825 0.110316 0.0386812 0.0535325 6.69263 0.370207 0.419529 2.39104 -2.80829 0.603188 2.09589 -0.137598 0.0822217 0.279042 0.143747 0.405596 -0.546895 0.321804 42.147 0.65264 0.0445648 3.22957 -0.0731386 -0.0526503 2.693 0.043711 1.03023 1.26686 -0.160158 -0.271325 -3.01996
205.586 0.511977 0.346087 2.10878 -2.95804 0.194459 2.64587 0.496077 0.360572 2.19174 -2.92348 0.169184 2.64818 -0.0158998 0.0144848 0.08296 0.0345604 -0.025275 0.00231126 0.0857028 2.43735 0.369765 0.421251 2.3901 -2.80765 0.601346 2.10119 -0.142212 0.0751642 0.281324 0.150385 0.406887 -0.544682 0.324063 42.2535 0.628331 0.0991639 3.23383 -0.0745627 -0.0510713 2.7206 0.00551232 1.07004 1.26883 -0.162394 -0.276417 -2.99432
205.88 0.518858 0.356535 2.1055 -2.96763 0.190552 2.64936 0.501071 0.368628 2.18801 -2.987 0.198586 2.67076 -0.0177864 0.0120927 0.0825035 -0.0193639 0.00803454 0.021397 0.0852609 1.8632 0.369822 0.428724 2.3855 -2.80911 0.600403 2.10089 -0.149036 0.0721888 0.279997 0.158528 0.409851 -0.548472 0.325301 42.7326 0.593962 0.170699 3.23931 -0.0759875 -0.0497305 2.75789 -0.048119 1.1212 1.2716 -0.165413 -0.285206 -2.95991
206.234 0.523449 0.364705 2.10262 -2.97605 0.187826 2.65344 0.509305 0.380543 2.19056 -2.98478 0.194666 2.67094 -0.0141446 0.0158377 0.0879398 -0.0087343 0.00684004 0.0174959 0.0904672 1.26486 0.367566 0.437771 2.37647 -2.81028 0.59973 2.0999 -0.155883 0.0730659 0.273847 0.165768 0.411904 -0.55354 0.323467 43.2232 0.566746 0.223325 3.24323 -0.076854 -0.0488502 2.78608 -0.0904279 1.15792 1.27368 -0.166854 -0.293802 -2.93458
206.572 0.528147 0.372381 2.09997 -2.98499 0.186017 2.65871 0.507745 0.384578 2.15955 -2.98357 0.190968 2.64313 -0.0204013 0.0121971 0.0595794 0.00141792 0.00495091 -0.0155828 0.0641458 0.954496 0.370857 0.426437 2.37585 -2.8123 0.599093 2.09762 -0.15729 0.0540561 0.275872 0.172686 0.413076 -0.561095 0.32213 43.7976 0.53833 0.275014 3.24691 -0.0774481 -0.04813 2.81451 -0.134488 1.19307 1.27559 -0.166798 -0.303539 -2.91008
206.804 0.532754 0.378799 2.09756 -2.994 0.185133 2.66515 0.521789 0.400461 2.19481 -2.98114 0.18838 2.67114 -0.0109657 0.021661 0.0972513 0.0128561 0.00324735 0.00599277 0.100236 0.775312 0.37029 0.430291 2.36763 -2.81496 0.598709 2.09319 -0.162464 0.0514919 0.270071 0.179037 0.413577 -0.571958 0.31935 44.4959 0.508737 0.32573 3.25033 -0.0777649 -0.0470246 2.84314 -0.180242 1.22652 1.27721 -0.164914 -0.313544 -2.88643
207.123 0.539635 0.387141 2.09431 -3.00411 0.184935 2.67466 0.528321 0.408941 2.19874 -2.97327 0.0696438 2.65399 -0.0113143 0.021799 0.10443 0.0308407 -0.115291 -0.0206731 0.107279 6.97764 0.368453 0.437589 2.35506 -2.81358 0.597307 2.09548 -0.171182 0.0504479 0.26075 0.190529 0.412372 -0.579176 0.315973 45.1272 0.467497 0.39179 3.25435 -0.0772478 -0.045912 2.88147 -0.243774 1.26833 1.27875 -0.160308 -0.326072 -2.85599
207.453 0.544999 0.392717 2.09206 -3.01036 0.185481 2.6821 0.523805 0.408679 2.15158 -3.07349 0.179624 2.66422 -0.0211938 0.0159621 0.0595242 -0.0631249 -0.00585661 -0.0178851 0.0651698 3.5914 0.370371 0.426997 2.35492 -2.81521 0.596364 2.09378 -0.174628 0.0342799 0.262864 0.195158 0.410883 -0.588323 0.317439 45.6483 0.435269 0.440166 3.25686 -0.0763345 -0.0451681 2.91035 -0.293249 1.2975 1.27934 -0.155534 -0.334567 -2.83368
208.013 0.551316 0.406058 2.08877 -3.01822 0.191061 2.69795 0.539231 0.42675 2.17239 -2.97937 0.170552 2.713 -0.0120852 0.0206917 0.0836189 0.0388575 -0.0205093 0.0150494 0.0869846 2.52786 0.37116 0.439495 2.3437 -2.81872 0.594316 2.09497 -0.180156 0.0334365 0.254934 0.199505 0.403256 -0.602973 0.313952 46.2691 0.355962 0.549208 3.26116 -0.0752889 -0.044935 2.97713 -0.41422 1.35786 1.27889 -0.142343 -0.347786 -2.78103
208.266 0.552036 0.408661 2.08842 -3.01863 0.193656 2.70331 0.530856 0.422415 2.12698 -2.98529 0.249512 2.71607 -0.0211803 0.013753 0.0385651 0.0333326 0.0558557 0.0127618 0.0460979 3.71605 0.373486 0.431911 2.34565 -2.82142 0.592089 2.09309 -0.17855 0.0232497 0.257237 0.197207 0.398433 -0.610222 0.313993 46.4143 0.320297 0.594286 3.2625 -0.075046 -0.0438705 3.00553 -0.468131 1.38035 1.27808 -0.136639 -0.349079 -2.7578
208.563 0.552498 0.409079 2.08859 -3.01684 0.195203 2.70753 0.532696 0.426965 2.13071 -3.0231 0.206856 2.71085 -0.0198022 0.0178865 0.0421171 -0.00625853 0.0116523 0.00332264 0.0498588 0.798684 0.373609 0.436589 2.33839 -2.82064 0.588462 2.09749 -0.17889 0.0275097 0.2498 0.196201 0.393258 -0.610041 0.308478 46.2265 0.283626 0.638359 3.26354 -0.0746028 -0.0421555 3.03392 -0.523097 1.40085 1.27695 -0.131826 -0.347371 -2.73414
208.861 0.551101 0.414806 2.08793 -3.00787 0.19615 2.71238 0.532696 0.426965 2.13071 -3.0231 0.206856 2.71085 -0.0184045 0.0121597 0.0427832 -0.015226 0.0107055 -0.00152768 0.0481351 1.05573 0.371676 0.44133 2.33116 -2.82089 0.586433 2.09952 -0.179425 0.026524 0.243237 0.186978 0.390283 -0.612853 0.303416 46.0021 0.233117 0.695546 3.26448 -0.0742149 -0.0422148 3.07159 -0.597779 1.42517 1.27495 -0.127899 -0.340118 -2.702
209.197 0.548942 0.417412 2.08858 -2.99793 0.195981 2.71468 0.538341 0.437809 2.15696 -2.98378 0.248855 2.745 -0.0106013 0.0203967 0.0683806 0.0141578 0.0528747 0.0303147 0.072141 3.49715 0.37145 0.432334 2.33288 -2.81834 0.584248 2.10681 -0.177492 0.0149213 0.244305 0.179597 0.388267 -0.607875 0.302342 45.4817 0.194054 0.737233 3.26485 -0.0741629 -0.0422179 3.09953 -0.654626 1.4412 1.27309 -0.12653 -0.331014 -2.67785
209.517 0.546723 0.419388 2.08958 -2.98498 0.194593 2.71609 0.529328 0.434703 2.13215 -3.02063 0.206813 2.71131 -0.0173955 0.015315 0.0425733 -0.0356474 0.0122196 -0.0047816 0.0484731 2.12449 0.367917 0.431469 2.32963 -2.82444 0.582984 2.09994 -0.178806 0.0120807 0.240051 0.160539 0.388391 -0.616152 0.299569 45.3282 0.154012 0.777856 3.2649 -0.0738762 -0.0423317 3.12726 -0.712009 1.45539 1.2709 -0.126439 -0.318988 -2.65381
210.338 0.540942 0.415967 2.09263 -2.93556 0.177435 2.71687 0.527296 0.441023 2.15452 -2.93246 0.216693 2.7426 -0.0136455 0.0250559 0.0618881 0.00310103 0.0392575 0.0257282 0.0681479 2.67606 0.368573 0.415568 2.31987 -2.83038 0.573398 2.09449 -0.172369 -0.000399033 0.227231 0.105181 0.395963 -0.622373 0.285211 44.3052 0.0136278 0.905404 3.26276 -0.0706798 -0.0385191 -3.06453 -0.905651 1.49032 1.26179 -0.135251 -0.268826 -2.57443
210.957 0.531924 0.415102 2.09473 -2.9056 0.16011 2.71465 0.52287 0.439235 2.15995 -2.87442 0.192585 2.72024 -0.00905461 0.0241325 0.0652157 0.0311812 0.0324744 0.00559257 0.0701246 2.56033 0.36732 0.405679 2.30773 -2.83186 0.569624 2.09428 -0.164604 -0.00942382 0.212999 0.0737434 0.409514 -0.620371 0.269354 43.8309 -0.0911967 0.987393 3.25893 -0.0701044 -0.0367034 -3.00164 -1.04192 1.50461 1.2539 -0.149695 -0.237692 -2.518
211.524 0.523982 0.411911 2.09619 -2.89248 0.143848 2.70889 0.511058 0.435034 2.15786 -2.87309 0.197816 2.72104 -0.0129236 0.023123 0.0616717 0.0193888 0.0539685 0.0121444 0.06712 3.31907 0.36508 0.396797 2.29361 -2.83331 0.566607 2.09188 -0.158902 -0.0151141 0.197416 0.0591709 0.422759 -0.617017 0.253873 43.7345 -0.185419 1.05254 3.25389 -0.0695595 -0.0339125 -2.94877 -1.15831 1.51096 1.24598 -0.164878 -0.221411 -2.46614
211.808 0.520403 0.410302 2.09605 -2.89221 0.132296 2.70263 0.504621 0.431004 2.1425 -2.87692 0.193772 2.74086 -0.0157817 0.0207018 0.0464472 0.0152905 0.0614759 0.0382358 0.0532445 4.16518 0.359604 0.380855 2.29161 -2.83283 0.563649 2.09293 -0.160799 -0.0294475 0.195551 0.0593777 0.431353 -0.6097 0.25488 43.644 -0.250502 1.09314 3.24945 -0.0684497 -0.0320905 -2.91386 -1.23557 1.51242 1.24001 -0.17641 -0.218657 -2.42852
212.134 0.518001 0.410443 2.09557 -2.89564 0.123244 2.69654 0.507235 0.433849 2.16672 -2.72801 0.105774 2.72252 -0.0107665 0.023406 0.071144 0.167626 -0.0174701 0.0259718 0.0756653 9.60128 0.354556 0.379451 2.28577 -2.83475 0.56174 2.09005 -0.163446 -0.030992 0.190198 0.060883 0.438496 -0.606492 0.252686 43.7368 -0.300506 1.12205 3.24557 -0.0676599 -0.0312983 -2.88773 -1.29331 1.51222 1.23522 -0.186449 -0.220282 -2.39857
212.737 0.512645 0.416116 2.09301 -2.90746 0.103968 2.68276 0.499466 0.434781 2.15664 -2.87029 0.202368 2.72191 -0.013179 0.0186651 0.0636335 0.037169 0.0983998 0.0391537 0.0676114 6.31559 0.341 0.371348 2.28213 -2.83603 0.558673 2.09078 -0.171646 -0.0447676 0.18912 0.0714291 0.454705 -0.591976 0.259293 43.7749 -0.403476 1.17583 3.237 -0.0667976 -0.0313009 -2.83531 -1.40811 1.50882 1.22513 -0.21007 -0.229037 -2.33542
213.096 0.509389 0.420154 2.09105 -2.91736 0.0904477 2.67322 0.486848 0.430811 2.11416 -2.86817 0.198831 2.71456 -0.0225405 0.0106569 0.0231111 0.0491923 0.108383 0.0413384 0.0339966 7.08355 0.331753 0.371175 2.27753 -2.84171 0.55873 2.08217 -0.177636 -0.0489792 0.18648 0.0756507 0.468283 -0.591053 0.262161 44.249 -0.474138 1.2086 3.23115 -0.0665415 -0.030887 -2.80019 -1.48406 1.50448 1.21825 -0.226842 -0.23622 -2.29222
213.377 0.508306 0.422351 2.08943 -2.925 0.0801526 2.66634 0.491418 0.442407 2.14678 -2.96385 0.051828 2.66482 -0.0168877 0.0200564 0.0573553 -0.0388505 -0.0283246 -0.00151524 0.0630641 2.7515 0.326088 0.368388 2.27666 -2.8402 0.557229 2.08522 -0.182218 -0.0539626 0.187238 0.0847983 0.477077 -0.581117 0.266784 44.2654 -0.528094 1.23152 3.22694 -0.0659314 -0.0299276 -2.77374 -1.54067 1.50013 1.21314 -0.238808 -0.24152 -2.25988
213.696 0.508235 0.425006 2.08764 -2.93142 0.0709425 2.66011 0.490695 0.444733 2.14355 -3.06036 0.00769651 2.63847 -0.0175403 0.0197271 0.0559087 -0.128941 -0.063246 -0.0216389 0.0618273 8.27688 0.318204 0.363797 2.27542 -2.84492 0.55806 2.07595 -0.190031 -0.0612087 0.187779 0.0864981 0.487118 -0.58416 0.274079 44.7649 -0.582843 1.25299 3.22312 -0.0649772 -0.0289009 -2.74721 -1.59693 1.49486 1.2081 -0.249098 -0.245874 -2.22804
213.983 0.509707 0.426502 2.08563 -2.93714 0.0598585 2.65276 0.497106 0.453608 2.17219 -3.06186 -0.0926704 2.62262 -0.012601 0.0271056 0.0865644 -0.124719 -0.152529 -0.0301336 0.09158 11.4331 0.309072 0.362032 2.27171 -2.84888 0.557238 2.06925 -0.200635 -0.0644705 0.186079 0.0882616 0.497379 -0.583503 0.281134 45.1075 -0.657072 1.27937 3.2188 -0.0632036 -0.0261022 -2.71165 -1.67136 1.48643 1.2015 -0.259958 -0.248171 -2.18692
214.81 0.509309 0.448391 2.07935 -2.93253 0.0404711 2.63745 0.495959 0.460833 2.14596 -2.89447 0.124098 2.67944 -0.0133495 0.0124425 0.0666114 0.0380612 0.083627 0.0419939 0.0690659 5.71258 0.288193 0.358857 2.28289 -2.84822 0.553249 2.075 -0.221116 -0.0895337 0.203541 0.0843092 0.512778 -0.562447 0.313588 44.6434 -0.84888 1.33412 3.2118 -0.0608742 -0.02522 -2.62256 -1.85529 1.45813 1.18638 -0.281845 -0.240449 -2.08883
215.071 0.50486 0.460317 2.07783 -2.92826 0.0387071 2.63413 0.49469 0.472666 2.14863 -2.88912 0.121586 2.67909 -0.0101697 0.0123488 0.070795 0.039142 0.0828794 0.0449574 0.0725799 5.76898 0.282515 0.360725 2.28982 -2.84632 0.552871 2.08185 -0.222345 -0.0995923 0.211989 0.081937 0.514164 -0.552285 0.322948 44.221 -0.907971 1.34745 3.21091 -0.0622657 -0.0269237 -2.59563 -1.90999 1.44732 1.18251 -0.286733 -0.236191 -2.06001
215.368 0.498957 0.473005 2.0765 -2.92391 0.0397648 2.63186 0.489831 0.486821 2.1495 -2.71667 -0.0245023 2.62867 -0.00912632 0.0138156 0.0729975 0.207242 -0.0642671 -0.00319202 0.0748518 12.4327 0.267161 0.361111 2.29691 -2.85164 0.554609 2.07631 -0.231796 -0.111894 0.220414 0.0722702 0.514844 -0.555555 0.338869 44.2173 -0.967561 1.35934 3.21067 -0.0642871 -0.0286797 -2.56852 -1.96441 1.43523 1.17899 -0.289153 -0.231721 -2.03119
215.651 0.492962 0.486678 2.07519 -2.91944 0.0439053 2.63006 0.484905 0.504254 2.15532 -2.87157 0.113545 2.67773 -0.00805666 0.0175762 0.0801328 0.0478648 0.06964 0.0476666 0.0824323 5.45115 0.253874 0.373605 2.29626 -2.85167 0.555735 2.08044 -0.239088 -0.113073 0.221069 0.0677675 0.51183 -0.549622 0.344703 43.7862 -1.02748 1.36976 3.21105 -0.0662749 -0.0309417 -2.54137 -2.01852 1.42178 1.17584 -0.288733 -0.227522 -2.00219
216.001 0.48591 0.500766 2.07413 -2.91534 0.0524815 2.62829 0.471254 0.511497 2.11879 -2.94143 0.158534 2.67924 -0.0146558 0.0107308 0.0446607 -0.0260983 0.106053 0.0509475 0.0482133 6.97055 0.246941 0.363721 2.3126 -2.85225 0.556588 2.08279 -0.23897 -0.137045 0.238471 0.0630893 0.504107 -0.545504 0.364357 43.2574 -1.10757 1.38134 3.21237 -0.0683027 -0.0321015 -2.50522 -2.09013 1.40156 1.17221 -0.283684 -0.22243 -1.96313
216.253 0.482571 0.509531 2.07357 -2.91256 0.0603168 2.62665 0.468111 0.52635 2.13055 -2.84883 0.102592 2.64787 -0.0144596 0.0168184 0.0569789 0.0637277 0.0422749 0.0212152 0.0611436 4.46668 0.239134 0.364868 2.31494 -2.85601 0.558007 2.07547 -0.243437 -0.144663 0.241364 0.0565505 0.49769 -0.55118 0.372083 43.158 -1.16763 1.38827 3.21378 -0.0688758 -0.0326073 -2.47818 -2.14342 1.38464 1.16991 -0.277742 -0.218885 -1.93357
216.561 0.479663 0.51558 2.07336 -2.91009 0.0684312 2.62535 0.464662 0.534168 2.13115 -3.0004 0.104115 2.64851 -0.0150015 0.0185874 0.0577826 -0.0903144 0.0356834 0.023159 0.0625249 5.82208 0.23446 0.372635 2.31127 -2.85362 0.556266 2.08088 -0.245204 -0.142945 0.237907 0.0564654 0.487835 -0.544464 0.370348 42.5159 -1.22757 1.39369 3.21547 -0.0691114 -0.0318779 -2.45118 -2.19632 1.36621 1.16789 -0.270465 -0.214829 -1.90414
216.872 0.474778 0.522868 2.07376 -2.905 0.0804145 2.62376 0.463528 0.543407 2.1388 -2.9238 0.156449 2.65859 -0.0112497 0.0205395 0.0650356 -0.0187994 0.0760343 0.0348352 0.0691235 4.9627 0.234578 0.360149 2.32028 -2.85318 0.554673 2.0834 -0.2402 -0.162719 0.24652 0.0518205 0.474259 -0.540361 0.380718 41.7755 -1.30727 1.39858 3.21794 -0.0698065 -0.0310277 -2.41544 -2.26615 1.33932 1.16551 -0.259935 -0.207592 -1.86554
217.162 0.470807 0.52636 2.07464 -2.89952 0.0888551 2.62257 0.459147 0.550736 2.14111 -2.96177 -0.00645316 2.59882 -0.0116596 0.0243753 0.0664698 -0.0622471 -0.0953082 -0.0237514 0.071752 6.63176 0.229602 0.350791 2.326 -2.8548 0.553904 2.08125 -0.241205 -0.17557 0.251367 0.0447204 0.465049 -0.541321 0.390115 41.3691 -1.36682 1.40045 3.21984 -0.0704236 -0.0297281 -2.38873 -2.31796 1.31743 1.16384 -0.252197 -0.199967 -1.83724
217.459 0.466514 0.532317 2.07509 -2.89108 0.0973393 2.6214 0.455587 0.555509 2.14629 -2.81071 0.104831 2.62816 -0.0109274 0.0231915 0.0711997 0.0803781 0.00749166 0.00676465 0.0756746 4.60249 0.2265 0.351542 2.32738 -2.85345 0.553394 2.08473 -0.240014 -0.180776 0.252293 0.0376328 0.456055 -0.536665 0.39235 40.7302 -1.42614 1.40073 3.22168 -0.0711069 -0.0297998 -2.36211 -2.36923 1.29405 1.16222 -0.245079 -0.190594 -1.80952
217.752 0.46147 0.538667 2.07589 -2.87875 0.107765 2.62035 0.450033 0.562299 2.14235 -2.96084 -0.0204467 2.5946 -0.011437 0.0236323 0.0664616 -0.0820837 -0.128211 -0.0257469 0.0714593 8.81011 0.222847 0.349566 2.33016 -2.85129 0.552272 2.08837 -0.238623 -0.189101 0.254266 0.0274653 0.444507 -0.531979 0.396675 39.9497 -1.50474 1.39865 3.22398 -0.0715506 -0.0295205 -2.32683 -2.43659 1.26044 1.16007 -0.235608 -0.177175 -1.77358
218.048 0.459196 0.542156 2.07652 -2.86974 0.11546 2.62046 0.443008 0.564501 2.13431 -2.86001 0.227258 2.67538 -0.0161882 0.0223454 0.0577948 0.00973382 0.111798 0.0549134 0.0640438 7.1156 0.221828 0.343824 2.33446 -2.8519 0.551591 2.08533 -0.237368 -0.198332 0.257946 0.0178353 0.436131 -0.535136 0.402759 39.6382 -1.56327 1.39522 3.2256 -0.0711007 -0.0290217 -2.30038 -2.48621 1.23331 1.15845 -0.227466 -0.167784 -1.74742
218.327 0.457605 0.542896 2.07778 -2.86206 0.12312 2.6214 0.444619 0.570871 2.14775 -2.79067 0.105945 2.62888 -0.0129852 0.0279759 0.0699644 0.0713913 -0.0171751 0.00747525 0.076461 4.18123 0.220181 0.344846 2.33294 -2.85191 0.550139 2.08375 -0.237423 -0.19805 0.255155 0.0101553 0.427019 -0.53765 0.400871 39.31 -1.62141 1.3902 3.22716 -0.0703273 -0.0275264 -2.27389 -2.53494 1.20454 1.1568 -0.218302 -0.159283 -1.72179
218.641 0.455433 0.545177 2.07867 -2.85449 0.131326 2.62345 0.441655 0.573183 2.15302 -2.67428 -0.0296005 2.56975 -0.0137782 0.0280063 0.0743446 0.180216 -0.160926 -0.0536975 0.0806307 14.2848 0.222641 0.339919 2.33789 -2.85514 0.550255 2.07694 -0.232792 -0.205258 0.259213 -0.000647087 0.418929 -0.546511 0.404369 39.2606 -1.67919 1.38358 3.22862 -0.0696959 -0.0267236 -2.24728 -2.58271 1.17412 1.15511 -0.208688 -0.151707 -1.69647
218.953 0.451801 0.54879 2.07983 -2.84445 0.141832 2.62654 0.439615 0.577516 2.15779 -2.72844 -0.216049 2.51143 -0.0121864 0.0287263 0.077956 0.116019 -0.357881 -0.115115 0.0839693 22.4475 0.219378 0.33787 2.34162 -2.85459 0.550281 2.07637 -0.232423 -0.210919 0.26179 -0.0101377 0.408449 -0.550167 0.408707 38.9258 -1.75563 1.37223 3.23043 -0.0690458 -0.0261044 -2.21175 -2.64483 1.13111 1.15288 -0.196585 -0.142079 -1.66285
219.215 0.449152 0.551888 2.08058 -2.83606 0.148884 2.62858 0.427109 0.567727 2.11075 -2.69366 -0.305867 2.45615 -0.0220432 0.0158384 0.0301689 0.142401 -0.454751 -0.172424 0.0405823 28.7627 0.219155 0.33618 2.34002 -2.85361 0.550845 2.07623 -0.229997 -0.215709 0.259435 -0.0175416 0.401961 -0.552343 0.408332 38.6959 -1.8125 1.36185 3.23174 -0.0684105 -0.0259909 -2.18504 -2.69015 1.09712 1.15124 -0.188453 -0.134335 -1.63762
219.457 0.444929 0.558579 2.07941 -2.82645 0.154414 2.63148 0.423584 0.571628 2.11154 -2.69563 -0.302385 2.45729 -0.0213453 0.0130491 0.0321323 0.130818 -0.456799 -0.174195 0.0407233 28.7539 0.217034 0.339663 2.33509 -2.85002 0.551025 2.08052 -0.227895 -0.218915 0.255681 -0.0235705 0.396612 -0.550962 0.406489 38.3649 -1.86894 1.34987 3.23297 -0.0678846 -0.0264403 -2.15846 -2.7343 1.06171 1.14955 -0.181353 -0.125658 -1.61234
219.784 0.441069 0.560296 2.08182 -2.81308 0.161464 2.63127 0.427265 0.586294 2.14808 -2.76975 -0.277217 2.48029 -0.0138033 0.0259979 0.0662625 0.0433249 -0.43868 -0.150979 0.0725062 26.6255 0.210696 0.329902 2.33661 -2.85206 0.550666 2.07614 -0.230373 -0.230393 0.254792 -0.0389868 0.389202 -0.555127 0.413608 38.0924 -1.94346 1.33149 3.2342 -0.0670072 -0.026429 -2.12328 -2.79129 1.01239 1.14706 -0.174296 -0.112853 -1.57831
220.045 0.436756 0.563839 2.0818 -2.8023 0.163791 2.63101 0.416525 0.579437 2.11311 -2.69966 -0.295464 2.45954 -0.0202316 0.0155977 0.031305 0.102647 -0.459255 -0.171464 0.0404055 28.5207 0.204573 0.334879 2.33136 -2.84872 0.547466 2.08412 -0.232184 -0.22896 0.249558 -0.046415 0.383675 -0.546886 0.410623 37.4354 -1.99875 1.31594 3.23471 -0.0663421 -0.0264091 -2.09712 -2.8326 0.973902 1.14497 -0.171483 -0.102043 -1.55238
220.593 0.427379 0.56618 2.08486 -2.77444 0.164293 2.6224 0.414093 0.593896 2.15157 -2.88743 -0.16624 2.516 -0.0132861 0.0277168 0.0667165 -0.112996 -0.330534 -0.106405 0.0734563 20.9058 0.198265 0.312743 2.33586 -2.85163 0.542118 2.08363 -0.229114 -0.253437 0.251002 -0.0771972 0.377825 -0.538776 0.42394 36.5246 -2.12562 1.27386 3.23452 -0.0644493 -0.0262257 -2.03681 -2.92394 0.879442 1.13922 -0.172576 -0.073069 -1.49018
220.874 0.423132 0.56722 2.08597 -2.76333 0.162931 2.61695 0.387047 0.565453 2.03647 -2.61741 -0.331376 2.42362 -0.0360846 -0.00176717 -0.0494932 0.145924 -0.494307 -0.193331 0.0612765 31.2222 0.198747 0.312928 2.33373 -2.85054 0.539827 2.08632 -0.224385 -0.254292 0.247766 -0.0872086 0.376896 -0.530633 0.420001 36.0364 -2.17901 1.25339 3.23383 -0.0634599 -0.0263878 -2.0112 -2.96081 0.836999 1.13636 -0.175212 -0.0611268 -1.46263
221.154 0.41737 0.569688 2.08612 -2.75435 0.161084 2.61192 0.402943 0.595956 2.15225 -2.88425 -0.161497 2.51655 -0.0144271 0.0262686 0.0661292 -0.129904 -0.322581 -0.0953788 0.0726034 20.6422 0.19744 0.308752 2.33518 -2.85055 0.538185 2.08611 -0.219931 -0.260936 0.249054 -0.0962012 0.377102 -0.525811 0.422475 35.7575 -2.23177 1.23151 3.23277 -0.0627389 -0.0266609 -1.98565 -2.99622 0.793363 1.13332 -0.178415 -0.0514132 -1.4346
221.436 0.411042 0.571519 2.08683 -2.74841 0.159576 2.60645 0.393049 0.594969 2.13496 -2.8758 -0.249727 2.47718 -0.0179936 0.0234501 0.0481318 -0.127392 -0.409302 -0.129276 0.0564832 25.7181 0.192493 0.310188 2.33489 -2.85541 0.539127 2.07554 -0.218549 -0.261331 0.248066 -0.107004 0.379551 -0.530913 0.421419 35.9859 -2.28386 1.20826 3.23141 -0.0622812 -0.027203 -1.96021 -3.03015 0.74856 1.13017 -0.18191 -0.0446169 -1.40617
221.714 0.40157 0.57307 2.08726 -2.74573 0.156715 2.59988 0.390957 0.604042 2.1575 -2.97317 -0.0553302 2.53928 -0.0106136 0.0309719 0.0702349 -0.22744 -0.212045 -0.0605973 0.077491 18.0041 0.190134 0.308502 2.33507 -2.85293 0.538938 2.07822 -0.211436 -0.264568 0.247811 -0.107201 0.382223 -0.521663 0.419657 35.6738 -2.35218 1.17516 3.22918 -0.0617175 -0.0272458 -1.92647 -3.07304 0.687086 1.1259 -0.186797 -0.0403927 -1.36785
221.992 0.395159 0.572125 2.08865 -2.74741 0.154388 2.59417 0.378413 0.597038 2.13641 -2.78624 -0.158834 2.48302 -0.0167453 0.0249124 0.047757 -0.0388261 -0.313223 -0.11115 0.0564071 19.1641 0.191624 0.301317 2.33869 -2.85387 0.539673 2.07436 -0.203534 -0.270808 0.250043 -0.106458 0.385285 -0.519813 0.421052 35.7069 -2.40251 1.1488 3.22723 -0.0611472 -0.0272986 -1.90121 -3.10345 0.639767 1.12272 -0.190809 -0.0407223 -1.33887
222.243 0.387555 0.573684 2.0884 -2.75075 0.150862 2.58914 0.374015 0.602919 2.15343 -2.91105 -0.164876 2.49461 -0.0135395 0.0292349 0.0650303 -0.1603 -0.315738 -0.094534 0.0725737 20.9916 0.188321 0.305817 2.33532 -2.8519 0.539706 2.07547 -0.199234 -0.267867 0.246925 -0.101156 0.388844 -0.513671 0.415234 35.6075 -2.45201 1.12115 3.22507 -0.0606651 -0.0278266 -1.8761 -3.13239 0.591487 1.11962 -0.196 -0.0433397 -1.30963
223.068 0.365362 0.567928 2.08971 -2.77784 0.132547 2.56796 0.350513 0.597605 2.14778 -2.92235 -0.171581 2.4936 -0.0148489 0.0296769 0.0580714 -0.144507 -0.304127 -0.0743537 0.0668842 19.7743 0.189019 0.303088 2.3417 -2.84903 0.536556 2.07303 -0.176344 -0.26484 0.251991 -0.0711914 0.404009 -0.494929 0.405877 35.6174 -2.61044 1.01993 3.21693 -0.0577888 -0.0271819 -1.79326 -3.21835 0.424466 1.11043 -0.218931 -0.0653141 -1.20943
223.323 0.358804 0.561784 2.09032 -2.79482 0.123872 2.55866 0.34266 0.593262 2.14562 -2.92544 -0.174825 2.49313 -0.0161438 0.0314783 0.0552991 -0.13062 -0.298697 -0.0655347 0.0656467 19.076 0.186619 0.299174 2.33858 -2.84566 0.532919 2.07624 -0.172185 -0.26261 0.248255 -0.0508416 0.409047 -0.482422 0.400303 35.4752 -2.67082 0.975624 3.21386 -0.0554907 -0.0256219 -1.76047 -3.24815 0.355362 1.10762 -0.228161 -0.0794792 -1.16766
223.596 0.353222 0.561116 2.09025 -2.8075 0.119605 2.55144 0.337281 0.590101 2.15808 -2.97787 -0.0836199 2.50973 -0.0159411 0.0289853 0.0678301 -0.170368 -0.203224 -0.0417075 0.0754664 15.3419 0.187646 0.29013 2.34151 -2.8429 0.532445 2.07844 -0.165576 -0.270986 0.251257 -0.0354057 0.412841 -0.473005 0.404943 35.3838 -2.71498 0.940961 3.21176 -0.0540781 -0.0266256 -1.7361 -3.2688 0.302828 1.10579 -0.234622 -0.0913206 -1.13561
223.907 0.346626 0.560137 2.09016 -2.8209 0.11655 2.54457 0.328529 0.5842 2.13353 -2.83337 -0.166414 2.46175 -0.0180969 0.024063 0.0433701 -0.0124768 -0.282965 -0.0828271 0.0527967 16.9086 0.181874 0.288855 2.33901 -2.84401 0.533034 2.07362 -0.164751 -0.271282 0.248846 -0.0231081 0.416484 -0.470959 0.403313 35.5767 -2.75817 0.905124 3.20982 -0.0530094 -0.0272445 -1.71192 -3.28799 0.249788 1.10414 -0.239988 -0.103397 -1.10302
224.482 0.334661 0.555624 2.0908 -2.84609 0.111576 2.52934 0.313126 0.579577 2.13018 -2.84394 -0.170036 2.46153 -0.0215348 0.023953 0.0393778 0.00214819 -0.281612 -0.067805 0.0508734 16.5929 0.17684 0.27561 2.34382 -2.84143 0.529708 2.07715 -0.15782 -0.280014 0.253021 0.00465985 0.418132 -0.452186 0.409066 35.211 -2.8416 0.83012 3.20622 -0.0505979 -0.0276366 -1.66336 -3.32224 0.142507 1.10115 -0.249658 -0.124742 -1.03627
224.787 0.327731 0.552075 2.09118 -2.86165 0.107672 2.51806 0.310918 0.580796 2.15248 -2.82436 -0.0389543 2.48983 -0.0168129 0.0287212 0.0613011 0.0372923 -0.146626 -0.028236 0.0697524 8.83091 0.17168 0.272219 2.34466 -2.84119 0.528075 2.07445 -0.156052 -0.279856 0.253477 0.0204567 0.420403 -0.443616 0.408561 35.1675 -2.895 0.777757 3.20387 -0.0488055 -0.0277139 -1.63048 -3.34215 0.0701677 1.09941 -0.256873 -0.137317 -0.990472
225.1 0.321896 0.550837 2.09133 -2.87313 0.105754 2.50961 0.304311 0.579204 2.15375 -2.71544 -0.126622 2.45353 -0.0175847 0.0283667 0.0624221 0.157687 -0.232376 -0.0560775 0.0707842 16.376 0.168338 0.261647 2.35175 -2.84023 0.527928 2.07382 -0.153558 -0.289191 0.260424 0.0328984 0.422174 -0.435786 0.418368 35.1028 -2.93388 0.737292 3.20219 -0.0479176 -0.0285163 -1.6056 -3.35552 0.0155305 1.09829 -0.262204 -0.146775 -0.955542
225.445 0.313977 0.548316 2.09153 -2.88932 0.10315 2.49845 0.291207 0.56551 2.11134 -2.58658 0.183822 2.56596 -0.0227696 0.0171941 0.0198066 0.302746 0.0806727 0.0675057 0.0347331 17.8251 0.165993 0.257329 2.35351 -2.83886 0.52754 2.07448 -0.147984 -0.290987 0.261974 0.0504605 0.424391 -0.423975 0.418573 34.9923 -2.98413 0.681843 3.20008 -0.0469708 -0.0290731 -1.57207 -3.37129 -0.0577758 1.0971 -0.269274 -0.159668 -0.90812
225.704 0.307942 0.5459 2.09146 -2.90215 0.100703 2.49033 0.283482 0.558903 2.10006 -2.74132 0.274866 2.58475 -0.0244596 0.0130031 0.00860586 0.160824 0.174163 0.0944156 0.0290072 13.9558 0.161494 0.254103 2.35287 -2.84153 0.528147 2.06672 -0.146448 -0.291797 0.261412 0.0606213 0.427443 -0.423617 0.418245 35.2723 -3.0206 0.639191 3.19855 -0.0464298 -0.0290229 -1.54665 -3.38159 -0.113073 1.09645 -0.274943 -0.169751 -0.871802
225.983 0.302579 0.540651 2.09271 -2.91696 0.0981404 2.4809 0.284116 0.570642 2.1538 -2.85313 0.1687 2.52882 -0.0184633 0.0299906 0.0610887 0.0638257 0.0705591 0.0479128 0.0705135 5.8797 0.161213 0.244197 2.35592 -2.83869 0.525793 2.07159 -0.141366 -0.296454 0.263212 0.0782636 0.427652 -0.409309 0.420892 35.0218 -3.05599 0.595655 3.197 -0.0459916 -0.0285944 -1.52098 -3.39059 -0.16862 1.09599 -0.280998 -0.180504 -0.83483
226.246 0.294748 0.536251 2.0931 -2.93738 0.0948654 2.46927 0.27796 0.568665 2.15705 -2.85566 0.185664 2.51052 -0.016788 0.0324136 0.0639503 0.0817126 0.090799 0.0412566 0.073635 7.17316 0.155683 0.233529 2.36181 -2.83823 0.524578 2.07066 -0.139065 -0.302722 0.268714 0.0991501 0.429712 -0.398612 0.428004 35.0828 -3.10145 0.536257 3.19492 -0.0457142 -0.028664 -1.48664 -3.40054 -0.243023 1.09564 -0.289472 -0.19627 -0.784578
226.538 0.29006 0.532153 2.09333 -2.9536 0.0926146 2.46085 0.2717 0.56329 2.1547 -2.71249 0.0596486 2.46173 -0.0183605 0.0311367 0.0613667 0.241109 -0.032966 0.000871318 0.0712213 13.9387 0.151758 0.232878 2.35857 -2.83841 0.52371 2.06816 -0.138303 -0.299275 0.265242 0.115184 0.431095 -0.392693 0.423139 35.236 -3.13419 0.490724 3.19347 -0.0451079 -0.0283457 -1.46068 -3.40643 -0.298989 1.09559 -0.295074 -0.208964 -0.746458
226.824 0.285683 0.530942 2.0932 -2.96863 0.0926671 2.45266 0.265653 0.558116 2.15645 -2.8524 0.211963 2.49464 -0.0200297 0.0271735 0.0632532 0.116224 0.119296 0.0419889 0.0716976 9.58759 0.15314 0.221618 2.36651 -2.83887 0.524413 2.06447 -0.132543 -0.309325 0.273314 0.129759 0.431746 -0.388188 0.433532 35.4102 -3.16577 0.444358 3.19226 -0.0444766 -0.0295141 -1.43476 -3.41099 -0.354994 1.09569 -0.299382 -0.22154 -0.70834
227.168 0.279835 0.529543 2.09366 -2.98284 0.0954123 2.4451 0.261853 0.556146 2.15612 -2.85551 0.216121 2.49533 -0.0179818 0.0266031 0.0624609 0.127329 0.120709 0.0502285 0.0702313 10.1358 0.150724 0.223429 2.36641 -2.83779 0.52499 2.06454 -0.129111 -0.306113 0.272752 0.145053 0.429578 -0.380558 0.429847 35.3923 -3.19615 0.397216 3.19143 -0.0446675 -0.0306471 -1.40892 -3.41423 -0.41092 1.09595 -0.301496 -0.232825 -0.670664
227.483 0.270356 0.52755 2.09467 -2.99926 0.103325 2.4368 0.250547 0.545923 2.12271 -3.04579 0.192663 2.46403 -0.0198087 0.018373 0.0280392 -0.0465306 0.0893378 0.0272355 0.0389377 6.0798 0.147193 0.217721 2.36865 -2.84238 0.527853 2.05545 -0.123163 -0.309828 0.273979 0.156873 0.424528 -0.381344 0.431541 35.5435 -3.23473 0.333256 3.19104 -0.0458037 -0.0316118 -1.37432 -3.41653 -0.485196 1.09649 -0.299748 -0.244889 -0.621627
227.802 0.263024 0.525181 2.096 -3.00977 0.11176 2.43135 0.247385 0.556647 2.16808 -3.04615 0.203688 2.46741 -0.0156392 0.0314657 0.07208 -0.0363774 0.0919281 0.0360659 0.0801886 6.14031 0.14538 0.210753 2.37255 -2.84074 0.528297 2.05958 -0.117644 -0.314428 0.276553 0.169028 0.416537 -0.371772 0.434955 35.1981 -3.26215 0.284536 3.1912 -0.0470025 -0.0318388 -1.34818 -3.41675 -0.540629 1.09703 -0.295503 -0.251826 -0.58571
228.084 0.256687 0.523394 2.09741 -3.01863 0.121985 2.42623 0.238671 0.552225 2.1663 -2.96934 0.283692 2.47828 -0.0180156 0.0288312 0.0688928 0.0492855 0.161707 0.0520422 0.0768246 9.9636 0.144936 0.206868 2.37692 -2.8447 0.531709 2.05175 -0.111751 -0.316526 0.279513 0.173932 0.409724 -0.374487 0.436812 35.2157 -3.28816 0.235233 3.19166 -0.0480009 -0.0323821 -1.3218 -3.41568 -0.595802 1.09766 -0.289344 -0.257596 -0.550402
228.372 0.24979 0.521321 2.09907 -3.02892 0.137582 2.4209 0.226982 0.540356 2.1265 -3.09316 0.280002 2.45251 -0.0228074 0.0190355 0.0274334 -0.0642444 0.14242 0.0316146 0.0404366 9.28188 0.141525 0.206838 2.37958 -2.84805 0.534804 2.04627 -0.108264 -0.314482 0.280508 0.180871 0.397222 -0.374628 0.435092 35.003 -3.32056 0.168685 3.19272 -0.0489305 -0.0328319 -1.28619 -3.41218 -0.668865 1.09868 -0.277908 -0.26456 -0.50432
228.679 0.24646 0.519062 2.10085 -3.03636 0.150923 2.41696 0.227914 0.549119 2.17211 -3.0403 0.214464 2.44595 -0.0185462 0.0300571 0.0712596 -0.00393582 0.0635404 0.0289908 0.0795319 4.02477 0.145209 0.196894 2.38643 -2.84668 0.536141 2.04939 -0.101251 -0.322168 0.285577 0.189685 0.385218 -0.367574 0.442265 34.5802 -3.34308 0.118238 3.1938 -0.049184 -0.0332351 -1.25921 -3.40799 -0.723244 1.09963 -0.267581 -0.269791 -0.470417
229.041 0.244671 0.515996 2.10236 -3.04409 0.16346 2.41382 0.221411 0.544983 2.16661 -2.98498 0.0663678 2.3952 -0.0232602 0.0289873 0.0642517 0.0591111 -0.0970919 -0.0186202 0.0742266 6.66138 0.148709 0.194433 2.3888 -2.85205 0.539675 2.03942 -0.0959621 -0.321563 0.286442 0.192043 0.376215 -0.374403 0.441203 34.6596 -3.36404 0.0673863 3.19499 -0.0488874 -0.0329316 -1.23198 -3.40243 -0.777251 1.1007 -0.25666 -0.275663 -0.436913
229.284 0.243186 0.511684 2.10429 -3.05489 0.178901 2.40993 0.21904 0.539329 2.15892 -3.13057 0.178937 2.42377 -0.0241462 0.0276448 0.0546361 -0.0756781 3.54399e-05 0.013832 0.0658208 4.5445 0.155523 0.193769 2.39119 -2.85191 0.541096 2.03816 -0.0876637 -0.317915 0.286905 0.202981 0.362194 -0.371775 0.437115 34.4574 -3.38954 -0.00100186 3.1966 -0.0484229 -0.0324783 -1.19544 -3.39291 -0.848673 1.10236 -0.243158 -0.2842 -0.392719
229.577 0.242113 0.50779 2.10573 -3.06299 0.188736 2.40733 0.218494 0.535328 2.1631 -2.97774 0.304652 2.45706 -0.0236191 0.0275376 0.0573706 0.0852445 0.115916 0.0497322 0.0678791 8.32117 0.163263 0.189749 2.39625 -2.84793 0.540126 2.04536 -0.0788502 -0.318041 0.290517 0.215059 0.35139 -0.361965 0.437913 34.1017 -3.40683 -0.0527135 3.19781 -0.0482981 -0.0317655 -1.16784 -3.38422 -0.901763 1.10374 -0.234446 -0.290398 -0.360033
229.858 0.240732 0.503453 2.10713 -3.07052 0.196562 2.40492 0.217385 0.534612 2.17105 -3.0463 0.229327 2.42473 -0.0233468 0.0311586 0.0639246 0.0242231 0.0327642 0.0198101 0.0748484 2.46418 0.170036 0.185178 2.39943 -2.85089 0.541705 2.03895 -0.0706961 -0.318275 0.292304 0.219637 0.345142 -0.365972 0.43788 34.2486 -3.42252 -0.10478 3.19902 -0.0484789 -0.0307588 -1.14016 -3.37422 -0.954426 1.10524 -0.227541 -0.295785 -0.327846
230.161 0.239219 0.498573 2.10853 -3.07698 0.201999 2.4026 0.215306 0.52656 2.16915 -3.04906 0.232918 2.42477 -0.0239129 0.0279869 0.0606189 0.0279148 0.0309198 0.0221682 0.0709207 2.53636 0.176438 0.187051 2.39929 -2.8489 0.540569 2.04392 -0.0627806 -0.311522 0.290763 0.228084 0.338571 -0.358677 0.430732 34.0286 -3.43657 -0.157201 3.20023 -0.0488941 -0.0294473 -1.11241 -3.36293 -1.00665 1.10686 -0.222772 -0.29984 -0.296249
230.487 0.235893 0.495602 2.10957 -3.08176 0.206309 2.39961 0.213359 0.522638 2.1686 -3.05081 0.233687 2.42468 -0.0225332 0.0270351 0.059026 0.0309488 0.0273773 0.0250661 0.068722 2.56033 0.18334 0.18597 2.40368 -2.84661 0.540249 2.05054 -0.0525522 -0.309633 0.294105 0.235149 0.33394 -0.349072 0.430269 33.7349 -3.45265 -0.227635 3.20186 -0.0501476 -0.0291661 -1.07569 -3.34592 -1.07562 1.10917 -0.220582 -0.302105 -0.255119
230.759 0.233597 0.491734 2.1105 -3.08307 0.205537 2.3971 0.210636 0.518812 2.16846 -3.10889 0.29972 2.42978 -0.0229616 0.0270776 0.0579629 -0.0258188 0.0941824 0.0326707 0.0679715 6.01601 0.187634 0.186295 2.40545 -2.84628 0.539024 2.05428 -0.0459632 -0.30544 0.294958 0.236787 0.333487 -0.342826 0.427091 33.5094 -3.46266 -0.280801 3.20306 -0.0511323 -0.0281539 -1.04832 -3.3317 -1.12687 1.11101 -0.222208 -0.300947 -0.225173
231.05 0.232104 0.488643 2.111 -3.08153 0.201778 2.39459 0.204989 0.504433 2.12142 -2.88369 0.372438 2.47231 -0.027115 0.0157892 0.0104154 0.197845 0.17066 0.0777297 0.0330605 14.6594 0.190517 0.187728 2.40586 -2.84621 0.537041 2.05794 -0.0415872 -0.300915 0.294855 0.235319 0.335263 -0.336644 0.423343 33.2384 -3.47085 -0.334216 3.20424 -0.0518139 -0.0273987 -1.02116 -3.31623 -1.17771 1.11292 -0.226556 -0.297425 -0.196179
231.317 0.232545 0.481865 2.11227 -3.07602 0.192154 2.39056 0.206694 0.510844 2.16681 -3.11211 0.301847 2.42917 -0.0258512 0.0289792 0.0545352 -0.0360859 0.109693 0.0386131 0.066949 7.13427 0.199483 0.177688 2.40769 -2.84474 0.533426 2.06348 -0.0330628 -0.304177 0.295422 0.231278 0.341272 -0.327085 0.425313 32.8597 -3.47885 -0.405759 3.20579 -0.0518793 -0.0255564 -0.985304 -3.29363 -1.24488 1.11551 -0.235614 -0.289269 -0.159398
231.631 0.234216 0.478213 2.11209 -3.06906 0.181642 2.38859 0.202376 0.490812 2.09564 -2.74811 0.400497 2.47915 -0.0318394 0.0125986 -0.0164484 0.320941 0.218855 0.0905596 0.0379871 21.5814 0.205688 0.176478 2.40486 -2.84501 0.530643 2.06489 -0.0285278 -0.301735 0.292769 0.224042 0.349001 -0.323693 0.421392 32.6956 -3.48263 -0.459646 3.20678 -0.0512447 -0.0242105 -0.95861 -3.27514 -1.29481 1.11737 -0.244552 -0.28139 -0.133267
231.959 0.236825 0.475118 2.11185 -3.06049 0.169116 2.38643 0.208399 0.500288 2.16621 -3.05712 0.240763 2.40186 -0.0284263 0.0251699 0.0543604 0.00337429 0.0716478 0.0154298 0.0663071 4.19535 0.211805 0.175655 2.40256 -2.84312 0.527722 2.06785 -0.0250199 -0.299464 0.290716 0.217372 0.358606 -0.318576 0.418115 32.5592 -3.48451 -0.513735 3.20751 -0.0502985 -0.0233213 -0.932193 -3.25533 -1.34442 1.11905 -0.255545 -0.272534 -0.108267
232.612 0.246143 0.467777 2.11047 -3.03719 0.130628 2.38185 0.216877 0.49155 2.15842 -2.81195 0.306545 2.4298 -0.0292661 0.0237731 0.0479578 0.225232 0.175917 0.0479504 0.061005 16.1183 0.229539 0.16724 2.40445 -2.84003 0.5214 2.06728 -0.0166035 -0.300536 0.293986 0.197155 0.390772 -0.31457 0.420744 32.8369 -3.48156 -0.64074 3.20785 -0.0470148 -0.021169 -0.870935 -3.20376 -1.45912 1.12219 -0.288862 -0.250108 -0.0536921
232.909 0.250846 0.465005 2.10955 -3.02622 0.111468 2.38008 0.220682 0.487864 2.15878 -2.81408 0.302662 2.4288 -0.0301634 0.0228583 0.0492228 0.212138 0.191194 0.0487253 0.0620904 16.1572 0.238259 0.166594 2.40263 -2.83746 0.519639 2.06742 -0.0125865 -0.298411 0.293079 0.188756 0.408171 -0.312657 0.418453 33.1499 -3.47723 -0.695538 3.20755 -0.0455189 -0.0203401 -0.844555 -3.17933 -1.50788 1.12327 -0.305519 -0.24004 -0.0314515
233.234 0.256083 0.462144 2.10856 -3.01381 0.0913459 2.37827 0.227049 0.486451 2.16351 -3.06797 0.233804 2.40048 -0.0290342 0.0243071 0.054953 -0.0541644 0.142458 0.0222128 0.0667357 8.89572 0.248225 0.161083 2.40583 -2.8332 0.516859 2.07157 -0.00785781 -0.301061 0.297276 0.180613 0.425513 -0.3067 0.423169 33.3607 -3.4711 -0.750586 3.20714 -0.0439766 -0.0193197 -0.817881 -3.15356 -1.55642 1.12421 -0.32278 -0.228683 -0.00981518
233.552 0.262987 0.462908 2.10599 -2.99302 0.0646534 2.37546 0.231874 0.484484 2.15735 3.14113 0.00115173 2.37841 -0.0311137 0.0215759 0.0513588 6.13415 -0.0635017 0.0029523 0.0638068 9.28713 0.259331 0.158311 2.40651 -2.83459 0.516268 2.06111 -0.00365618 -0.304597 0.300523 0.158436 0.451614 -0.314351 0.42791 34.1061 -3.46015 -0.824398 3.20649 -0.0420252 -0.019421 -0.782109 -3.1172 -1.62089 1.12524 -0.346935 -0.21031 0.0182378
233.892 0.268409 0.461171 2.10534 -2.97483 0.0435677 2.37128 0.236677 0.479675 2.14507 -2.88615 -0.120352 2.33852 -0.0317321 0.0185033 0.0397264 0.0886771 -0.163919 -0.0327569 0.0541062 10.8048 0.268254 0.161896 2.40339 -2.83073 0.514082 2.06549 -0.000154439 -0.299276 0.29805 0.144096 0.470514 -0.305787 0.422374 34.2753 -3.44994 -0.880059 3.20594 -0.0409149 -0.0191509 -0.755049 -3.08846 -1.66912 1.12588 -0.365894 -0.193673 0.0388338
234.215 0.273414 0.459271 2.10423 -2.95517 0.0219093 2.36686 0.242282 0.479094 2.1382 -2.8148 -0.219701 2.31432 -0.0311321 0.0198233 0.0339761 0.140368 -0.241611 -0.0525436 0.0501651 16.1312 0.278816 0.157751 2.40301 -2.82786 0.51192 2.0683 0.0054014 -0.30152 0.298781 0.127308 0.49001 -0.298562 0.424515 34.5431 -3.43805 -0.935969 3.20532 -0.0400785 -0.0181148 -0.72763 -3.05848 -1.71727 1.12642 -0.38539 -0.17491 0.0592383
234.545 0.280097 0.460257 2.10253 -2.92584 -0.00461783 2.35923 0.238339 0.463053 2.06427 -2.62722 -0.0933766 2.34511 -0.0417576 0.00279533 -0.0382527 0.298623 -0.0887588 -0.0141249 0.0566991 17.8244 0.290047 0.161579 2.40303 -2.82897 0.51281 2.05986 0.00994975 -0.298678 0.3005 0.0968652 0.517428 -0.299378 0.423802 35.2822 -3.41961 -1.0109 3.20444 -0.0393098 -0.0184158 -0.690601 -3.01652 -1.78133 1.12692 -0.411035 -0.147734 0.0865269
234.866 0.285026 0.462547 2.10103 -2.90309 -0.0220505 2.35296 0.244183 0.465139 2.06871 -2.66511 -0.218408 2.30242 -0.0408434 0.0025925 -0.0323165 0.237988 -0.196358 -0.0505434 0.0521465 17.6278 0.297084 0.170301 2.4 -2.82646 0.512856 2.06138 0.0120584 -0.292245 0.29897 0.0766298 0.534907 -0.291583 0.418253 35.5873 -3.40387 -1.06734 3.20388 -0.0389526 -0.019098 -0.662475 -2.9835 -1.82921 1.1272 -0.428654 -0.126887 0.107399
235.48 0.298378 0.465089 2.09823 -2.85934 -0.0539162 2.33938 0.267266 0.484502 2.14999 -2.86662 -0.113932 2.3388 -0.0311119 0.0194136 0.0517657 -0.00727963 -0.0600157 -0.000580132 0.0634392 3.4643 0.318611 0.171916 2.40324 -2.82444 0.513763 2.05598 0.0202332 -0.293173 0.305015 0.0349036 0.567679 -0.283398 0.423549 36.5145 -3.36104 -1.19962 3.20284 -0.0378569 -0.019272 -0.595518 -2.90075 -1.94001 1.12782 -0.460756 -0.0866356 0.160005
235.848 0.302503 0.467929 2.09567 -2.84654 -0.0640389 2.33623 0.275152 0.490264 2.15989 -2.77836 0.0206694 2.3381 -0.0273506 0.0223344 0.0642227 0.0681845 0.0847083 0.00187151 0.0732901 6.23203 0.324151 0.183251 2.39707 -2.82137 0.512536 2.06058 0.0216487 -0.284679 0.301398 0.0251724 0.576575 -0.275653 0.415152 36.6892 -3.34015 -1.25649 3.20241 -0.0378281 -0.0189444 -0.566446 -2.86269 -1.98699 1.12812 -0.471105 -0.0745819 0.184858
236.802 0.316267 0.471407 2.09364 -2.82323 -0.0824128 2.3229 0.289707 0.495042 2.16417 -2.70123 -0.0689245 2.3047 -0.0265604 0.0236354 0.0705321 0.122001 0.0134882 -0.0181965 0.0789865 7.03152 0.332459 0.195363 2.40191 -2.82305 0.514429 2.05746 0.0161919 -0.276044 0.308275 0.00017819 0.596842 -0.265438 0.414121 37.3343 -3.25968 -1.4462 3.20136 -0.039621 -0.020517 -0.468562 -2.72439 -2.1404 1.12969 -0.49432 -0.0519282 0.277522
237.131 0.32011 0.473432 2.09243 -2.82153 -0.0847473 2.32016 0.291212 0.491126 2.13344 -2.86393 -0.190953 2.28369 -0.0288983 0.0176939 0.0410185 -0.0423908 -0.106205 -0.0364693 0.0532044 6.97702 0.332979 0.19465 2.40614 -2.8265 0.51611 2.05082 0.0128687 -0.278782 0.313713 -0.0049686 0.600857 -0.269337 0.419882 37.607 -3.23238 -1.50292 3.20124 -0.0400306 -0.0212229 -0.438852 -2.67934 -2.18504 1.13046 -0.498223 -0.0499935 0.308321
237.779 0.325982 0.475382 2.09082 -2.82642 -0.0855155 2.31511 0.303178 0.500463 2.1582 -2.85145 -0.0931065 2.32069 -0.0228045 0.0250812 0.0673712 -0.0250386 -0.00759102 0.0055806 0.0754187 1.50584 0.330784 0.213856 2.40381 -2.82799 0.519333 2.05035 0.00480138 -0.261526 0.312984 -0.00157273 0.604848 -0.264762 0.407895 37.7286 -3.16327 -1.63437 3.20147 -0.0421091 -0.0223617 -0.368882 -2.5676 -2.28555 1.13304 -0.503155 -0.05189 0.384872
238.105 0.32641 0.475582 2.09061 -2.83112 -0.0833959 2.31358 0.305775 0.502752 2.16426 -2.74907 -0.127301 2.27732 -0.0206345 0.0271699 0.0736461 0.0820551 -0.0439049 -0.0362588 0.0811649 5.53952 0.329433 0.208462 2.41104 -2.83145 0.522179 2.04527 0.00302334 -0.26712 0.320429 -0.000329233 0.605575 -0.268314 0.417178 37.8525 -3.13137 -1.69015 3.20192 -0.0437091 -0.0227467 -0.338641 -2.51689 -2.32668 1.13451 -0.50326 -0.0542925 0.419362
238.47 0.326781 0.47432 2.09087 -2.83696 -0.0803394 2.31187 0.305985 0.501374 2.15806 -2.84902 -0.0876845 2.2992 -0.0207957 0.0270544 0.0671899 -0.012057 -0.00734507 -0.0126725 0.0753584 1.12501 0.326315 0.214143 2.40928 -2.83297 0.523547 2.04531 -0.000465593 -0.260177 0.318416 0.00399321 0.603887 -0.266561 0.411195 37.7479 -3.09811 -1.74547 3.20257 -0.0451799 -0.0227753 -0.308278 -2.4645 -2.3664 1.13619 -0.502232 -0.0573116 0.454762
238.778 0.325749 0.475071 2.09043 -2.84449 -0.0745138 2.3096 0.305985 0.501374 2.15806 -2.84902 -0.0876845 2.2992 -0.0197644 0.0263027 0.0676254 -0.00452934 -0.0131707 -0.0104056 0.0752041 1.00872 0.322327 0.22541 2.40456 -2.83224 0.524615 2.05095 -0.00342248 -0.249661 0.314126 0.0122521 0.599128 -0.258655 0.40127 37.3708 -3.05164 -1.81835 3.20368 -0.0471259 -0.0236787 -0.267925 -2.39206 -2.41694 1.13871 -0.49976 -0.0615526 0.503047
239.146 0.325016 0.471667 2.09172 -2.85152 -0.0695154 2.30675 0.305955 0.501944 2.16544 -2.69203 -0.0566249 2.28558 -0.0190611 0.0302773 0.073724 0.159494 0.0128905 -0.0211705 0.0819468 9.17194 0.323016 0.217705 2.41157 -2.83078 0.524577 2.05663 -0.00200008 -0.253962 0.319852 0.0207398 0.594092 -0.250127 0.408419 36.9745 -3.01524 -1.87224 3.20456 -0.048586 -0.02367 -0.237715 -2.33584 -2.45284 1.14073 -0.497324 -0.0648395 0.539768
239.452 0.323829 0.467477 2.09275 -2.85927 -0.0652528 2.30442 0.302027 0.497305 2.15674 -2.851 -0.0913573 2.29845 -0.0218026 0.029828 0.0639836 0.0082705 -0.0261045 -0.00596954 0.0738848 1.5979 0.321532 0.220936 2.41067 -2.83184 0.524662 2.05691 -0.00229733 -0.246541 0.317919 0.0274351 0.589914 -0.247508 0.402318 36.7469 -2.9775 -1.92536 3.2054 -0.0498227 -0.023171 -0.207467 -2.278 -2.48685 1.14288 -0.494874 -0.0689372 0.576804
240.034 0.320046 0.459189 2.09463 -2.87989 -0.0564034 2.29947 0.298319 0.485768 2.15047 -2.94278 -0.202884 2.26943 -0.0217271 0.026579 0.0558443 -0.0628899 -0.14648 -0.0300391 0.0655523 9.37865 0.320382 0.215873 2.4075 -2.83156 0.524642 2.05974 0.000336184 -0.243316 0.312868 0.0483304 0.581046 -0.239727 0.396345 36.2898 -2.88425 -2.04585 3.20674 -0.0519148 -0.0239816 -0.137173 -2.13697 -2.55813 1.14818 -0.490962 -0.0830636 0.66351
240.308 0.317915 0.45522 2.0957 -2.89008 -0.0516603 2.29836 0.298538 0.483341 2.15855 -2.76234 0.0272272 2.3187 -0.0193769 0.0281207 0.0628475 0.127739 0.0788875 0.0203412 0.0715266 8.69095 0.32022 0.213581 2.40305 -2.83544 0.526846 2.05063 0.00230542 -0.241639 0.307349 0.0546435 0.578506 -0.247737 0.39097 36.4029 -2.84211 -2.09585 3.20695 -0.0524893 -0.0248019 -0.107323 -2.07417 -2.58484 1.1503 -0.488243 -0.0911957 0.700197
240.929 0.308966 0.44876 2.09876 -2.91352 -0.031587 2.30062 0.29172 0.47451 2.15688 -2.77787 0.028633 2.2967 -0.0172468 0.0257501 0.0581266 0.13565 0.06022 -0.00391676 0.0658728 8.50524 0.322809 0.217141 2.39291 -2.82881 0.528901 2.05865 0.0138425 -0.231619 0.294158 0.0847073 0.560488 -0.241969 0.374657 35.7045 -2.73898 -2.20818 3.20659 -0.0539241 -0.0289603 -0.0389346 -1.92326 -2.63736 1.15403 -0.473577 -0.112511 0.782188
241.208 0.303705 0.444503 2.10107 -2.9227 -0.0190701 2.3035 0.291522 0.48227 2.20511 -2.79011 0.0215266 2.29328 -0.0121825 0.0377669 0.104037 0.132582 0.0405967 -0.0102199 0.111349 7.96625 0.322901 0.215301 2.39075 -2.8318 0.532081 2.04922 0.0191964 -0.229202 0.289681 0.0908933 0.551151 -0.254283 0.369888 35.628 -2.69289 -2.25432 3.2061 -0.0545359 -0.0306363 -0.0102705 -1.85715 -2.6555 1.15502 -0.462861 -0.121339 0.815027
242.471 0.275236 0.420155 2.11555 -2.93378 0.056019 2.31975 0.2592 0.44532 2.16698 -2.78867 0.190275 2.34401 -0.0160356 0.0251648 0.0514295 0.14511 0.134256 0.0242568 0.0594593 11.2817 0.325354 0.221058 2.39289 -2.82673 0.537144 2.05329 0.0501179 -0.199097 0.277338 0.107056 0.481125 -0.266464 0.345062 32.87 -2.48155 -2.43852 3.20327 -0.0555863 -0.0370865 0.110073 -1.56666 -2.70422 1.15626 -0.392149 -0.135275 0.940814
242.801 0.265935 0.413065 2.12036 -2.9273 0.076532 2.32189 0.245413 0.43663 2.15239 -2.85587 0.29435 2.35444 -0.0205228 0.0235653 0.0320312 0.07143 0.217818 0.0325508 0.0447494 13.1559 0.32033 0.22194 2.39418 -2.83052 0.540333 2.04478 0.054394 -0.191124 0.273816 0.096784 0.463801 -0.277108 0.338323 32.2128 -2.43033 -2.47708 3.20296 -0.0566004 -0.0383383 0.137121 -1.49985 -2.70896 1.15635 -0.373217 -0.12867 0.967373
243.716 0.240162 0.386209 2.13524 -2.87469 0.135144 2.3208 0.219615 0.412953 2.18024 -2.74964 0.0368246 2.2848 -0.0205468 0.0267439 0.045005 0.125053 -0.0983192 -0.0359943 0.0562393 9.47698 0.320746 0.222118 2.40072 -2.82766 0.541334 2.04789 0.0805838 -0.164091 0.265482 0.0470295 0.40619 -0.272909 0.322336 28.6013 -2.25366 -2.59343 3.20373 -0.0570241 -0.0390941 0.227147 -1.28161 -2.70988 1.1575 -0.31702 -0.0741865 1.05411
244.325 0.223807 0.373457 2.14388 -2.8227 0.164218 2.31537 0.206561 0.398711 2.20207 -2.76558 0.143777 2.31547 -0.0172458 0.0252538 0.0581872 0.0571142 -0.020441 9.37438e-05 0.0657337 3.4748 0.326209 0.22051 2.40438 -2.82903 0.542179 2.04852 0.102402 -0.152948 0.260499 -0.0063363 0.377961 -0.266851 0.318965 26.3857 -2.12464 -2.66289 3.20558 -0.0577412 -0.0407514 0.291013 -1.13464 -2.69859 1.15937 -0.292288 -0.0203604 1.11513
244.626 0.215652 0.369303 2.14691 -2.80063 0.172018 2.31247 0.196333 0.392212 2.20412 -2.78471 0.289909 2.34243 -0.0193199 0.0229094 0.0572073 0.0159187 0.117891 0.0299616 0.0645815 6.9773 0.322735 0.225199 2.40034 -2.83134 0.543458 2.0473 0.107083 -0.144104 0.253427 -0.0307175 0.37144 -0.265168 0.310577 25.7934 -2.06813 -2.68945 3.20644 -0.0590308 -0.0413965 0.318577 -1.07338 -2.69121 1.16038 -0.28717 0.00328202 1.14131
244.935 0.206087 0.365216 2.15031 -2.77259 0.178503 2.3077 0.187944 0.387395 2.19786 -2.78555 0.156204 2.29369 -0.0181431 0.0221786 0.0475538 -0.0129592 -0.0222989 -0.0140029 0.0555196 1.62148 0.319756 0.227243 2.39579 -2.83422 0.545503 2.04595 0.113669 -0.137973 0.245486 -0.0616333 0.367001 -0.261748 0.303678 25.2801 -1.99184 -2.72169 3.20745 -0.0606745 -0.0425049 0.355432 -0.993433 -2.67926 1.16168 -0.284686 0.0332771 1.17619
245.243 0.200514 0.364277 2.15134 -2.75318 0.180322 2.30451 0.181518 0.393452 2.24877 -2.79628 0.160399 2.29141 -0.0189963 0.0291758 0.0974321 -0.0431048 -0.0199232 -0.0131068 0.103465 2.70877 0.321227 0.220045 2.39722 -2.83399 0.545726 2.04983 0.120713 -0.144232 0.245874 -0.0808151 0.365404 -0.254684 0.309562 24.9344 -1.93402 -2.7434 3.20802 -0.0613987 -0.0431956 0.383168 -0.934822 -2.66882 1.16246 -0.285277 0.053984 1.20236
245.59 0.197168 0.361927 2.15338 -2.7349 0.180761 2.29961 0.172859 0.381042 2.20069 -2.74804 0.244789 2.31915 -0.0243098 0.0191153 0.0473086 -0.0131372 0.0640279 0.0195428 0.0565196 3.95399 0.318067 0.216778 2.3923 -2.84014 0.547703 2.04132 0.120898 -0.145148 0.238917 -0.105234 0.366942 -0.25829 0.304575 25.1078 -1.87577 -2.76294 3.20839 -0.0616993 -0.0439319 0.41091 -0.877377 -2.65723 1.16299 -0.287522 0.0729179 1.22846
245.887 0.195052 0.360663 2.15436 -2.71852 0.179391 2.29555 0.169667 0.382229 2.22383 -2.70959 0.140872 2.2767 -0.0253849 0.0215662 0.06947 0.00893026 -0.0385189 -0.0188421 0.0770427 2.54437 0.317458 0.224658 2.38311 -2.83808 0.546463 2.04781 0.122407 -0.136005 0.228749 -0.119557 0.367072 -0.247735 0.292928 24.8656 -1.81716 -2.7803 3.20852 -0.0616824 -0.0441884 0.438678 -0.821105 -2.64457 1.16316 -0.29072 0.0900271 1.25433
246.223 0.194224 0.357548 2.15546 -2.7007 0.175358 2.29087 0.167772 0.382331 2.22442 -2.71173 0.14273 2.27685 -0.0264519 0.0247827 0.0689594 -0.0110236 -0.0326283 -0.0140233 0.0779056 2.09256 0.322608 0.20604 2.38559 -2.8405 0.545492 2.04533 0.128384 -0.151508 0.230129 -0.139794 0.370134 -0.245546 0.303967 25.0721 -1.73858 -2.80003 3.20826 -0.0613683 -0.0432824 0.47576 -0.747835 -2.6261 1.16274 -0.295729 0.108972 1.28843
246.54 0.19587 0.355003 2.15581 -2.69127 0.170771 2.28845 0.168669 0.381231 2.23556 -2.6891 0.214812 2.29971 -0.0272011 0.0262275 0.0797446 0.002167 0.0440412 0.0112548 0.0882438 2.60158 0.323296 0.210828 2.37755 -2.8377 0.542918 2.05056 0.127426 -0.144175 0.221734 -0.146424 0.372147 -0.237887 0.293581 25.044 -1.67936 -2.81226 3.20766 -0.060536 -0.042006 0.503733 -0.694108 -2.61101 1.16191 -0.299701 0.118714 1.31386
246.923 0.198356 0.354848 2.15551 -2.68573 0.166231 2.28758 0.170512 0.379039 2.24559 -2.75939 0.252866 2.29365 -0.0278442 0.0241912 0.0900759 -0.0736565 0.0866351 0.00607277 0.0973354 6.57044 0.325167 0.203277 2.38017 -2.83932 0.542451 2.04751 0.126811 -0.151571 0.224653 -0.153588 0.37622 -0.240071 0.299205 25.3638 -1.61989 -2.82231 3.20673 -0.0596622 -0.0413793 0.531862 -0.641357 -2.5948 1.16065 -0.303439 0.123587 1.33931
247.186 0.202424 0.356508 2.15442 -2.68541 0.160026 2.28867 0.174443 0.379065 2.24574 -2.7574 0.250853 2.29365 -0.0279811 0.0225566 0.0913202 -0.0719944 0.0908269 0.00497692 0.0981382 6.68178 0.331597 0.198546 2.38046 -2.83846 0.541904 2.04892 0.129173 -0.157962 0.226043 -0.153053 0.381879 -0.239752 0.304521 25.6406 -1.54026 -2.83232 3.20512 -0.0586436 -0.0408089 0.569579 -0.572394 -2.57141 1.15851 -0.307855 0.122267 1.37365
247.527 0.206339 0.361187 2.15289 -2.68899 0.155944 2.29068 0.174642 0.374555 2.2019 -2.63273 0.127145 2.28729 -0.0316972 0.0133679 0.0490114 0.0562583 -0.0287987 -0.0033852 0.0598793 3.65045 0.333189 0.203214 2.37691 -2.84084 0.543966 2.04295 0.12685 -0.157973 0.224023 -0.151856 0.388022 -0.247725 0.302047 26.1225 -1.48033 -2.83734 3.2037 -0.0577764 -0.0416182 0.597993 -0.521576 -2.55249 1.15663 -0.310897 0.116291 1.39985
247.836 0.21044 0.3652 2.15121 -2.69574 0.151298 2.29335 0.182304 0.38695 2.24599 -2.74927 0.250687 2.29488 -0.0281364 0.0217498 0.09478 -0.0535348 0.0993884 0.00152776 0.101232 6.47636 0.337537 0.208169 2.37401 -2.83917 0.544274 2.04493 0.127097 -0.157032 0.222805 -0.143436 0.392975 -0.248424 0.300756 26.326 -1.4203 -2.84029 3.20213 -0.057042 -0.0418739 0.626434 -0.471429 -2.53239 1.15459 -0.313829 0.107418 1.42637
248.162 0.217181 0.369524 2.14875 -2.70845 0.143695 2.29691 0.187152 0.390018 2.22397 -2.69673 0.139207 2.27751 -0.0300297 0.0204936 0.0752153 0.0117226 -0.00448833 -0.0194047 0.0835411 1.40137 0.34481 0.210189 2.37161 -2.83709 0.543948 2.04662 0.127629 -0.159335 0.222859 -0.128637 0.400253 -0.250296 0.30223 26.6539 -1.34022 -2.8411 3.19974 -0.0557568 -0.0416165 0.664379 -0.405384 -2.50364 1.15171 -0.318324 0.0921019 1.46245
248.428 0.22246 0.372996 2.14666 -2.7203 0.137599 2.29961 0.193294 0.39738 2.24879 -2.78631 0.15627 2.29148 -0.0291662 0.0243845 0.102124 -0.0660144 0.0186703 -0.00812154 0.10897 3.89249 0.344828 0.205191 2.37408 -2.83867 0.545266 2.04114 0.122368 -0.167805 0.227417 -0.118375 0.407666 -0.25846 0.307979 27.1889 -1.28019 -2.83945 3.19772 -0.0549103 -0.0414698 0.692981 -0.356332 -2.4805 1.1495 -0.322141 0.0784372 1.4903
248.728 0.227856 0.37436 2.14476 -2.73444 0.130974 2.30221 0.198785 0.397751 2.2238 -2.68639 0.138844 2.27832 -0.0290714 0.0233917 0.0790319 0.0480511 0.00786972 -0.0238896 0.0873977 3.26651 0.349034 0.206766 2.37109 -2.8359 0.543914 2.04553 0.121178 -0.167593 0.226324 -0.101459 0.41294 -0.256681 0.306585 27.3701 -1.22021 -2.8359 3.19553 -0.0542107 -0.0404067 0.721756 -0.307612 -2.45589 1.14728 -0.325926 0.0633417 1.51903
248.994 0.234302 0.377907 2.14246 -2.74876 0.12574 2.30459 0.204298 0.394667 2.20702 -2.78566 0.282444 2.34096 -0.0300042 0.0167594 0.0645602 -0.0368934 0.156704 0.0363725 0.0731379 9.54954 0.351607 0.204093 2.37307 -2.8361 0.544282 2.04331 0.117305 -0.173815 0.230614 -0.0873393 0.418542 -0.261282 0.311697 27.7638 -1.16029 -2.8305 3.19323 -0.0530661 -0.0404328 0.750566 -0.259182 -2.42971 1.14503 -0.329007 0.0472982 1.54866
249.322 0.242887 0.382428 2.13964 -2.76833 0.121721 2.30785 0.210959 0.398904 2.19786 -2.76351 0.15042 2.29437 -0.0319283 0.0164762 0.0582184 0.004823 0.028699 -0.0134857 0.0684124 1.8533 0.356101 0.210912 2.37207 -2.83376 0.544104 2.04525 0.113214 -0.171516 0.23243 -0.0654221 0.422383 -0.262599 0.310257 28.0234 -1.08056 -2.82051 3.19014 -0.0514877 -0.0406566 0.788733 -0.195053 -2.39221 1.14206 -0.330505 0.0256581 1.58911
249.617 0.248111 0.385442 2.13799 -2.78223 0.122077 2.31087 0.21863 0.40274 2.19786 -2.75619 0.148492 2.29456 -0.0294808 0.0172981 0.0598732 0.0260409 0.0264142 -0.0163091 0.068943 2.4011 0.359972 0.21818 2.36884 -2.83348 0.544397 2.04534 0.111861 -0.167262 0.230857 -0.0512484 0.422319 -0.265528 0.306242 28.1515 -1.0209 -2.811 3.18803 -0.0507921 -0.0408348 0.81714 -0.147298 -2.36209 1.13992 -0.328705 0.010677 1.61966
250 0.251804 0.38839 2.13695 -2.79341 0.125849 2.31424 0.2237 0.407542 2.20817 -2.85211 0.213126 2.31874 -0.0281037 0.019152 0.0712265 -0.0586935 0.0872775 0.00449836 0.0789293 6.05531 0.363745 0.221899 2.36964 -2.83131 0.544837 2.04894 0.111941 -0.166491 0.232697 -0.0379006 0.418988 -0.2653 0.307243 28.0482 -0.961371 -2.79981 3.18624 -0.0507481 -0.0411861 0.84534 -0.0998248 -2.3303 1.13788 -0.324222 -0.00117478 1.64982
250.997 0.258976 0.392749 2.13799 -2.7963 0.155445 2.32716 0.231515 0.415454 2.20923 -2.84239 0.210136 2.31917 -0.0274611 0.0227049 0.0712418 -0.0460927 0.0546913 -0.00798531 0.0796556 4.06967 0.36304 0.234382 2.3694 -2.83318 0.551111 2.04666 0.104064 -0.158367 0.231407 -0.0368767 0.395666 -0.280498 0.299097 27.3782 -0.764513 -2.75055 3.18263 -0.0531404 -0.0410392 0.938839 0.0564404 -2.21271 1.13181 -0.293591 -0.004427 1.7428
251.549 0.26736 0.387087 2.14242 -2.76793 0.179394 2.3373 0.238696 0.412287 2.20347 -2.79988 0.329131 2.36786 -0.0286646 0.0251998 0.0610477 -0.0319456 0.149737 0.0305513 0.0719966 9.03435 0.363849 0.246937 2.36417 -2.83632 0.552113 2.04293 0.0964884 -0.14015 0.221753 -0.0683879 0.372719 -0.294372 0.279511 26.547 -0.628769 -2.70493 3.18127 -0.0542819 -0.0387885 1.00485 0.163765 -2.11985 1.12834 -0.266924 0.0233086 1.79974
251.839 0.271436 0.389301 2.14281 -2.75035 0.190099 2.34435 0.242588 0.408515 2.20387 -2.80121 0.325563 2.36709 -0.0288479 0.0192141 0.0610532 -0.050865 0.135464 0.0227357 0.0702059 8.50607 0.369114 0.244392 2.37176 -2.83616 0.552853 2.04225 0.0976777 -0.144909 0.228943 -0.085816 0.362754 -0.302099 0.288018 26.2663 -0.571198 -2.68245 3.18082 -0.0545816 -0.0393276 1.03339 0.208942 -2.07737 1.12708 -0.255189 0.038282 1.82244
252.202 0.275425 0.390484 2.14408 -2.73232 0.201498 2.3521 0.250723 0.415251 2.22826 -2.732 0.0238409 2.28108 -0.0247023 0.0247673 0.0841808 0.000320437 -0.177657 -0.071017 0.0911593 10.9609 0.367327 0.258789 2.36838 -2.83506 0.55326 2.04381 0.0919019 -0.131695 0.224301 -0.10273 0.351762 -0.308287 0.275863 25.9232 -0.514029 -2.6582 3.18052 -0.0551622 -0.0399483 1.06198 0.253425 -2.03331 1.12601 -0.242854 0.0536571 1.84447
252.504 0.281094 0.393823 2.1458 -2.70697 0.217413 2.36332 0.2545 0.41475 2.21642 -2.75241 0.250893 2.36365 -0.0265945 0.0209276 0.0706208 -0.0454388 0.0334804 0.000337064 0.0783105 3.23737 0.365571 0.273179 2.36908 -2.8342 0.55415 2.04611 0.0844766 -0.120644 0.223277 -0.127234 0.336737 -0.317203 0.267477 25.5245 -0.438523 -2.62316 3.18042 -0.055912 -0.0419087 1.10004 0.311485 -1.97225 1.12497 -0.226333 0.0743393 1.87338
252.882 0.285502 0.395831 2.14671 -2.68804 0.227904 2.37194 0.25842 0.418705 2.21687 -2.74831 0.249904 2.36406 -0.0270827 0.0228739 0.0701605 -0.0602639 0.0219996 -0.00787858 0.0786078 3.60228 0.367556 0.277907 2.3761 -2.83148 0.553429 2.05193 0.0820538 -0.117923 0.229391 -0.143431 0.325525 -0.320007 0.270664 25.1446 -0.382511 -2.5949 3.18057 -0.0563944 -0.0428779 1.12856 0.353983 -1.92483 1.12457 -0.214832 0.0899076 1.89521
253.215 0.290348 0.397002 2.14662 -2.67035 0.234801 2.37978 0.262543 0.41775 2.21186 -2.67848 0.194337 2.36445 -0.0278053 0.0207479 0.0652414 -0.00812979 -0.040464 -0.0153233 0.0738922 2.48774 0.364937 0.286273 2.37895 -2.83469 0.553122 2.0449 0.0745885 -0.110729 0.23233 -0.164344 0.318321 -0.334878 0.267958 25.4086 -0.327089 -2.56499 3.18089 -0.0565128 -0.0428537 1.15711 0.395542 -1.87608 1.12462 -0.205729 0.105297 1.91751
253.543 0.298792 0.393751 2.14868 -2.6485 0.240422 2.38602 0.270192 0.417913 2.21825 -2.68596 0.292018 2.3861 -0.0285998 0.0241621 0.0695674 -0.0374574 0.0515957 8.03724e-05 0.0790024 3.65366 0.361813 0.297921 2.38161 -2.83199 0.550575 2.04974 0.063021 -0.0958299 0.232926 -0.183485 0.310153 -0.336276 0.259634 25.2207 -0.254155 -2.52257 3.18153 -0.0565648 -0.0425028 1.19541 0.449363 -1.80909 1.12546 -0.198791 0.124478 1.94823
253.81 0.304489 0.394361 2.14873 -2.6343 0.241568 2.38937 0.279122 0.422035 2.24492 -2.60809 0.163934 2.34578 -0.0253672 0.0276742 0.0961832 0.0262092 -0.0776346 -0.0435894 0.10325 5.45754 0.362869 0.300707 2.38885 -2.83159 0.549727 2.05043 0.0583797 -0.0936534 0.240111 -0.197293 0.308158 -0.338942 0.264259 25.3325 -0.200203 -2.48886 3.1823 -0.0567637 -0.0429702 1.22432 0.488373 -1.75742 1.12673 -0.197339 0.136953 1.97212
254.136 0.3102 0.395351 2.14835 -2.62229 0.24025 2.3911 0.282401 0.417489 2.21599 -2.62916 0.239291 2.38728 -0.0277999 0.0221382 0.0676421 -0.00687389 -0.000959047 -0.00382551 0.0764093 0.406382 0.359148 0.312717 2.38844 -2.83207 0.549528 2.04838 0.0489478 -0.0826333 0.240087 -0.209788 0.309278 -0.342727 0.258584 25.619 -0.146931 -2.45357 3.18343 -0.0569628 -0.0434935 1.25338 0.526089 -1.70462 1.12859 -0.198792 0.147659 1.9967
254.462 0.317261 0.397594 2.14726 -2.60956 0.234861 2.39099 0.29022 0.417609 2.21662 -2.62605 0.234934 2.38686 -0.0270411 0.0200142 0.0693623 -0.0164976 7.34609e-05 -0.00413214 0.0770903 0.91941 0.356617 0.313719 2.39994 -2.83184 0.549288 2.04926 0.0393562 -0.0838755 0.252685 -0.222286 0.314427 -0.341727 0.269135 25.9407 -0.0770298 -2.40413 3.18544 -0.0574931 -0.0444482 1.29241 0.574223 -1.63259 1.1319 -0.205347 0.159282 2.03034
254.792 0.321468 0.400293 2.14599 -2.6027 0.228283 2.3891 0.298766 0.426025 2.24528 -2.59655 0.155887 2.34518 -0.0227027 0.0257323 0.0992864 0.00615278 -0.0723967 -0.043924 0.105049 4.89897 0.351324 0.32832 2.39808 -2.83222 0.549907 2.04946 0.0298558 -0.0719729 0.252085 -0.229525 0.321624 -0.339641 0.263853 26.2686 -0.0255174 -2.36535 3.18729 -0.05829 -0.0454867 1.32172 0.608602 -1.57742 1.13498 -0.213779 0.165808 2.05611
255.145 0.324779 0.402824 2.14453 -2.59814 0.219511 2.38566 0.30046 0.421508 2.20698 -2.53615 0.25287 2.3926 -0.0243191 0.0186842 0.0624416 0.0619836 0.0333591 0.00694688 0.0695663 3.97 0.343671 0.340365 2.39547 -2.83658 0.551663 2.04331 0.0188924 -0.0624591 0.250937 -0.23844 0.332152 -0.342345 0.259283 26.9118 0.0251357 -2.32522 3.18946 -0.0593743 -0.046363 1.35101 0.641418 -1.52135 1.13855 -0.22491 0.170723 2.08233
255.443 0.327785 0.403257 2.14319 -2.59605 0.208434 2.38092 0.305854 0.42557 2.21775 -2.61532 0.229287 2.38726 -0.0219318 0.0223128 0.0745625 -0.0192736 0.0208532 0.00634086 0.0808606 1.71851 0.339954 0.342364 2.39534 -2.83491 0.550748 2.04943 0.0121685 -0.0608925 0.252151 -0.238864 0.342314 -0.331486 0.259684 27.0611 0.0748533 -2.28378 3.19192 -0.0605274 -0.0462228 1.3804 0.672577 -1.46445 1.14255 -0.237984 0.174201 2.10905
255.751 0.331222 0.402511 2.14132 -2.59671 0.191226 2.37322 0.305765 0.425759 2.20376 -2.56475 0.203159 2.36883 -0.025457 0.0232486 0.0624305 0.0319673 0.0119325 -0.00438544 0.0713171 2.01635 0.337721 0.348935 2.39223 -2.84074 0.551213 2.0418 0.00649921 -0.0535754 0.250904 -0.244028 0.359987 -0.331425 0.256643 27.9335 0.139559 -2.22661 3.19548 -0.062191 -0.0453403 1.41972 0.711412 -1.38738 1.14834 -0.257736 0.176194 2.14551

256.633 0.336865 0.406866 2.13497 -2.60929 0.145364 2.35208 0.309409 0.420918 2.17419 -2.61479 0.307713 2.40833 -0.0274564 0.014052 0.0392144 -0.00549739 0.162349 0.0562483 0.0498907 9.8714 0.326051 0.364451 2.38669 -2.84375 0.553334 2.04149 -0.0108141 -0.042415 0.251715 -0.234457 0.40797 -0.310589 0.255493 29.5051 0.292232 -2.0746 3.20491 -0.0665136 -0.0456528 1.51797 0.793998 -1.18943 1.16372 -0.311789 0.168568 2.24008
257.763 0.321086 0.45637 2.12429 -2.63355 0.131945 2.32413 0.310356 0.467936 2.20225 -2.65809 0.126836 2.31937 -0.0107303 0.0115666 0.0779592 -0.0245382 -0.00510961 -0.00475699 0.0795397 1.42738 0.280713 0.444226 2.35879 -2.85294 0.571598 2.04276 -0.0403733 -0.0121431 0.234505 -0.219396 0.439653 -0.281367 0.238265 30.0669 0.467512 -1.86271 3.21769 -0.0735815 -0.0696709 1.63012 0.867095 -0.924472 1.18242 -0.355136 0.141834 2.37181
258.054 0.308512 0.467951 2.12372 -2.64006 0.141988 2.31532 0.300646 0.483149 2.20151 -2.65371 0.141729 2.32351 -0.00786578 0.0151981 0.0777941 -0.0136485 -0.000259864 0.008183 0.0796541 0.967123 0.264667 0.460887 2.35616 -2.85297 0.576934 2.04869 -0.0438446 -0.00706368 0.232442 -0.212909 0.434945 -0.266639 0.236647 29.3986 0.503684 -1.81337 3.22042 -0.0763404 -0.0770425 1.64945 0.878131 -0.862956 1.18612 -0.355762 0.137668 2.40367
258.306 0.293286 0.476198 2.12427 -2.64656 0.155594 2.30473 0.283685 0.496433 2.19659 -2.65695 0.177098 2.31017 -0.00960084 0.020235 0.0723207 -0.0103942 0.0215045 0.00543238 0.0757094 1.42519 0.242084 0.474629 2.35621 -2.86008 0.582493 2.0458 -0.0512026 -0.00156904 0.231937 -0.21352 0.426899 -0.258929 0.237526 28.8052 0.53806 -1.76456 3.22282 -0.0790747 -0.0837999 1.6658 0.887001 -0.801566 1.18958 -0.353246 0.13548 2.43561
258.56 0.270506 0.480789 2.1274 -2.65381 0.179326 2.28789 0.267636 0.504417 2.19833 -2.63371 0.262952 2.31731 -0.00287015 0.0236285 0.0709304 0.0200972 0.0836261 0.0294131 0.0748175 5.12537 0.211129 0.49741 2.35157 -2.8627 0.58815 2.05007 -0.0593772 0.0166212 0.224174 -0.208896 0.408824 -0.237822 0.232499 27.3764 0.580924 -1.70077 3.22561 -0.0821922 -0.0918135 1.68301 0.895496 -0.720267 1.19395 -0.344527 0.136667 2.47732
259.38 0.207065 0.470094 2.14149 -2.6503 0.256038 2.24199 0.204227 0.50765 2.22891 -2.72527 0.250578 2.24801 -0.00283798 0.0375563 0.087416 -0.0749771 -0.00546077 0.00601951 0.0951845 4.40611 0.140541 0.524518 2.34753 -2.86881 0.597362 2.05122 -0.0665243 0.0544237 0.206034 -0.218513 0.341324 -0.190777 0.223243 23.2761 0.671928 -1.55066 3.23072 -0.0848774 -0.107598 1.70538 0.901159 -0.52311 1.20455 -0.301272 0.164672 2.56567
260.559 0.127612 0.434689 2.16381 -2.59051 0.350393 2.19845 0.117512 0.469507 2.22876 -2.62089 0.362446 2.20568 -0.0101005 0.0348178 0.0649469 -0.0303744 0.0120539 0.0072235 0.0743801 2.0445 0.0719333 0.549305 2.34069 -2.86333 0.602591 2.04963 -0.055679 0.114616 0.176873 -0.272817 0.252198 -0.148828 0.217993 20.0304 0.753763 -1.38133 3.23244 -0.0769715 -0.12531 1.703 0.881029 -0.291828 1.21876 -0.236657 0.239631 2.62437
260.862 0.110371 0.424539 2.16856 -2.57345 0.36732 2.19282 0.0982657 0.457714 2.23314 -2.61005 0.4077 2.21883 -0.0121056 0.0331747 0.0645773 -0.0365943 0.0403796 0.0260028 0.0736026 3.78527 0.0589419 0.552329 2.33691 -2.86077 0.601657 2.05012 -0.0514294 0.12779 0.168345 -0.287317 0.234337 -0.142698 0.217521 19.7623 0.766853 -1.34695 3.2322 -0.0741098 -0.128262 1.69945 0.872943 -0.244501 1.22209 -0.223564 0.257194 2.63006
261.159 0.0947711 0.413859 2.17304 -2.55717 0.3819 2.18819 0.0766167 0.4389 2.20245 -2.53791 0.374953 2.214 -0.0181544 0.0250406 0.0294152 0.0192575 -0.00694692 0.0258102 0.0426833 1.53519 0.0476542 0.558303 2.33095 -2.85768 0.600588 2.04997 -0.0471169 0.144443 0.157911 -0.300516 0.218688 -0.138216 0.219134 19.6337 0.777847 -1.31441 3.23178 -0.0706181 -0.130614 1.69528 0.863879 -0.199985 1.22531 -0.211512 0.273098 2.63409
262.097 0.0545691 0.385645 2.18274 -2.52198 0.415516 2.17366 0.0315703 0.419672 2.28072 -2.56127 0.438246 2.16216 -0.0229988 0.0340267 0.0979838 -0.0392879 0.0227296 -0.0115013 0.106243 2.44312 0.0260343 0.566351 2.31533 -2.84534 0.595342 2.04874 -0.0285348 0.180706 0.132597 -0.323358 0.179826 -0.124921 0.225944 19.2522 0.800356 -1.21901 3.22995 -0.0557134 -0.136307 1.67956 0.828541 -0.0745303 1.23431 -0.180881 0.303621 2.64394
262.369 0.0447881 0.378581 2.18471 -2.5182 0.422942 2.16637 0.0210759 0.401944 2.22699 -2.50944 0.452154 2.19228 -0.0237122 0.0233634 0.0422847 0.00875301 0.0292114 0.025911 0.0538155 2.15068 0.0234175 0.561954 2.31317 -2.83914 0.593515 2.04727 -0.0213706 0.183373 0.128468 -0.32094 0.170573 -0.119104 0.224914 18.8866 0.803959 -1.18639 3.22907 -0.0484674 -0.137656 1.67337 0.813202 -0.0352012 1.2363 -0.172992 0.305299 2.64847
262.685 0.0400619 0.375581 2.18484 -2.51915 0.424652 2.15949 0.0123681 0.398394 2.24508 -2.49771 0.409625 2.15953 -0.0276937 0.022813 0.0602359 0.0214421 -0.0150276 3.88512e-05 0.0701123 1.49959 0.022669 0.561911 2.30822 -2.83309 0.590854 2.04779 -0.0173928 0.186331 0.123375 -0.313941 0.166201 -0.111706 0.22415 18.4937 0.804993 -1.16393 3.22802 -0.0427823 -0.138174 1.66905 0.801676 -0.00989795 1.23672 -0.170586 0.303107 2.65185
263.045 0.0367277 0.372425 2.18529 -2.52367 0.422226 2.15098 0.00758312 0.39666 2.26323 -2.52691 0.460567 2.15755 -0.0291446 0.0242354 0.0779472 -0.00324632 0.0383408 0.00657799 0.0866749 2.24995 0.0246088 0.565327 2.30217 -2.82796 0.588397 2.04694 -0.0121189 0.192902 0.116878 -0.304288 0.166171 -0.104042 0.225873 18.1222 0.804811 -1.14318 3.22639 -0.0369181 -0.138237 1.66509 0.790328 0.0118534 1.23603 -0.172309 0.298104 2.65484
263.335 0.0336345 0.370245 2.18434 -2.53625 0.410357 2.13694 0.00452526 0.390584 2.24527 -2.50388 0.407851 2.15725 -0.0291093 0.0203387 0.0609303 0.032368 -0.00250612 0.0203083 0.0705232 1.75992 0.0253846 0.563419 2.2993 -2.82127 0.58498 2.04712 -0.00824994 0.193174 0.114961 -0.285017 0.174624 -0.0898242 0.224945 17.6647 0.803023 -1.11811 3.22296 -0.0297579 -0.137583 1.66048 0.775726 0.0355523 1.23326 -0.18328 0.286451 2.65758
263.664 0.0316282 0.369848 2.18248 -2.5505 0.393722 2.12431 0.00264746 0.400125 2.29973 -2.56034 0.386312 2.12371 -0.0289807 0.0302771 0.117249 -0.00983605 -0.00741089 -0.000602128 0.124515 0.69605 0.0271889 0.564642 2.29818 -2.81623 0.582593 2.0487 -0.0044393 0.194794 0.115702 -0.265729 0.188871 -0.0756111 0.226608 17.461 0.800766 -1.10124 3.21925 -0.0251993 -0.136651 1.65753 0.765371 0.049571 1.22986 -0.199679 0.274029 2.65827
263.995 0.0292162 0.37001 2.18011 -2.56794 0.370239 2.11033 -0.000343036 0.392794 2.25794 -2.55021 0.423468 2.14249 -0.0295592 0.0227846 0.0778317 0.0177317 0.0532284 0.03216 0.0863172 3.50431 0.0293689 0.567043 2.2961 -2.81301 0.580464 2.04883 0.000152767 0.197034 0.115995 -0.245066 0.210225 -0.0615069 0.228642 17.5631 0.797891 -1.086 3.21467 -0.0215222 -0.135339 1.65499 0.755701 0.0605206 1.22547 -0.223115 0.259349 2.65764
264.335 0.0272766 0.371078 2.17648 -2.58775 0.340363 2.09553 -0.00339226 0.394952 2.2586 -2.53836 0.341736 2.10049 -0.0306689 0.0238744 0.0821144 0.0493902 0.00137246 0.00496189 0.0908479 2.74894 0.0309787 0.566067 2.29738 -2.80958 0.578359 2.05001 0.0037021 0.194989 0.120896 -0.221839 0.237996 -0.0455148 0.229457 18.0006 0.79452 -1.07241 3.20932 -0.0184868 -0.13373 1.65283 0.746797 0.068569 1.2203 -0.252829 0.242404 2.65595
264.677 0.0257952 0.373667 2.17088 -2.61668 0.293475 2.07643 -0.00634686 0.395904 2.25815 -2.5941 0.308582 2.07491 -0.0321421 0.0222374 0.0872655 0.0225889 0.0151067 -0.00151895 0.0956184 1.58066 0.0357312 0.562547 2.29296 -2.80615 0.575699 2.05047 0.00993591 0.18888 0.122079 -0.18947 0.282223 -0.0259583 0.225117 19.1597 0.789419 -1.05682 3.20124 -0.0149674 -0.131357 1.65047 0.736175 0.0750653 1.21242 -0.29899 0.216229 2.65297
265.854 0.0308249 0.387295 2.1504 -2.71087 0.131971 2.03525 -0.00622927 0.388806 2.12181 -2.51745 0.0837867 2.05019 -0.0370542 0.00151159 -0.0285874 0.193422 -0.0481841 0.0149395 0.0468245 11.3623 0.0531598 0.541419 2.28537 -2.79989 0.566839 2.04675 0.0223349 0.154124 0.134969 -0.0890216 0.434868 0.0115017 0.206082 25.4787 0.770259 -1.02591 3.16964 -0.00672977 -0.121614 1.64596 0.712568 0.0680839 1.1792 -0.44894 0.121347 2.64691
266.864 0.0431003 0.388811 2.13607 -2.81923 0.0335515 2.03974 0.00836464 0.416564 2.22948 -2.80766 0.0734697 2.02609 -0.0347356 0.0277529 0.0934092 0.0115676 0.0399182 -0.0136515 0.103451 2.51746 0.0730908 0.526352 2.30622 -2.80095 0.556157 2.03735 0.0299905 0.13754 0.170141 0.0182845 0.522606 -0.00239074 0.220828 29.9627 0.750796 -1.0231 3.13355 -0.00428828 -0.106158 1.64417 0.703249 0.0346841 1.13803 -0.523544 0.0124962 2.66149
267.537 0.0528735 0.382504 2.13259 -2.88539 0.0203174 2.05919 0.016891 0.408504 2.19598 -2.86632 0.00748379 2.03512 -0.0359826 0.0259993 0.0633934 0.0190707 -0.0128336 -0.0240683 0.0773914 1.91785 0.0858167 0.516431 2.32148 -2.80195 0.551354 2.0314 0.0329432 0.133927 0.188889 0.083444 0.531037 -0.0277839 0.233882 30.9012 0.740955 -1.0309 3.11518 -0.00355578 -0.0971377 1.64378 0.701397 0.0134778 1.11665 -0.522709 -0.0530527 2.67504
268.074 0.0635823 0.37685 2.13182 -2.94003 0.0306806 2.0829 0.0273926 0.400535 2.19514 -2.79506 0.0657644 2.05466 -0.0361897 0.0236851 0.0633109 0.144971 0.0350837 -0.0282342 0.0766743 8.77127 0.0984063 0.517428 2.34074 -2.79947 0.549685 2.02764 0.034824 0.140578 0.208914 0.140555 0.519004 -0.0552603 0.254205 31.1802 0.733036 -1.04119 3.10053 -0.00208144 -0.0909149 1.64385 0.699962 -0.00386695 1.09955 -0.501968 -0.108653 2.68363
268.286 0.0699683 0.373859 2.13246 -2.96999 0.0497771 2.10112 0.0342635 0.397187 2.19605 -2.98089 -0.0661093 2.07117 -0.0357047 0.0233281 0.0635963 -0.0108976 -0.115886 -0.0299472 0.0765736 6.88726 0.105926 0.515195 2.34958 -2.79752 0.549519 2.02655 0.0359575 0.141336 0.217119 0.172471 0.499742 -0.0745668 0.261552 30.9593 0.728138 -1.04936 3.09172 -0.00127479 -0.0881044 1.64415 0.69853 -0.0146174 1.08882 -0.477191 -0.141755 2.68543
268.53 0.073557 0.372023 2.13356 -2.98801 0.069417 2.11538 0.0385418 0.390135 2.17395 -2.85016 -0.00243625 2.08402 -0.0350151 0.0181117 0.0403864 0.137855 -0.0718533 -0.0313683 0.0564372 9.13691 0.110035 0.518297 2.35731 -2.79596 0.550478 2.02626 0.0364784 0.146274 0.223748 0.192049 0.481061 -0.0891285 0.269796 30.6358 0.724711 -1.05599 3.08572 -0.00101287 -0.0866164 1.6445 0.697039 -0.0221369 1.08121 -0.453879 -0.162973 2.68433
269.725 0.0819121 0.363956 2.14417 -3.00689 0.185747 2.16944 0.0503584 0.385341 2.18463 -2.93416 0.0644409 2.12631 -0.0315537 0.0213856 0.0404575 0.0727238 -0.121306 -0.0431287 0.0555859 8.62061 0.125921 0.521134 2.37526 -2.78903 0.556434 2.03089 0.0440087 0.157179 0.231089 0.217855 0.370688 -0.138556 0.28292 27.1931 0.712524 -1.08773 3.06382 0.000468688 -0.0836272 1.64666 0.684915 -0.0494592 1.05083 -0.323285 -0.20027 2.6617
269.983 0.0819148 0.360023 2.14749 -2.99937 0.211689 2.17805 0.0520751 0.383813 2.21035 -2.90877 0.260265 2.18048 -0.0298397 0.0237894 0.0628649 0.0905952 0.0485761 0.00242947 0.0735414 5.86227 0.129453 0.518924 2.3766 -2.78841 0.557209 2.03187 0.0475377 0.158901 0.229109 0.210955 0.345521 -0.146175 0.282843 26.1167 0.710374 -1.09535 3.05844 0.000895623 -0.0827519 1.64727 0.680741 -0.0545504 1.04376 -0.294171 -0.196071 2.65571
270.501 0.07839 0.34998 2.15507 -2.97346 0.264262 2.19211 0.0487952 0.370573 2.20065 -2.80801 0.205758 2.18655 -0.0295947 0.0205936 0.0455835 0.165451 -0.0585042 -0.00556034 0.0581188 10.1283 0.136736 0.510046 2.37548 -2.78802 0.560556 2.0334 0.0583456 0.160067 0.220411 0.185441 0.296294 -0.158712 0.27858 23.6619 0.706382 -1.11276 3.04374 0.00170879 -0.0810803 1.64881 0.668992 -0.0648915 1.02622 -0.236149 -0.175471 2.64567
270.778 0.0749919 0.345487 2.15794 -2.96147 0.281686 2.1956 0.0482175 0.368382 2.21035 -2.91967 0.251062 2.17799 -0.0267744 0.0228943 0.0524095 0.041799 -0.0306239 -0.017611 0.0631488 3.33225 0.139435 0.507789 2.37415 -2.78823 0.561551 2.03406 0.0644435 0.162301 0.216209 0.173239 0.279865 -0.161536 0.277922 22.7016 0.705099 -1.11988 3.03613 0.0017448 -0.0805427 1.64951 0.663212 -0.0686807 1.01806 -0.217453 -0.164511 2.64347
271.35 0.0620609 0.337333 2.16345 -2.93426 0.313633 2.19952 0.0367026 0.35813 2.20766 -2.91123 0.388375 2.211 -0.0253583 0.0207973 0.0442074 0.0230313 0.0747419 0.011476 0.0550442 4.46256 0.137339 0.496103 2.37274 -2.79111 0.56564 2.03389 0.0752785 0.15877 0.209294 0.143158 0.252007 -0.165636 0.273275 20.7678 0.702941 -1.13528 3.01541 0.000552745 -0.0804713 1.65098 0.648526 -0.0765038 0.997121 -0.18555 -0.137455 2.64212
272.124 0.0443044 0.332571 2.16868 -2.89061 0.340028 2.19688 0.0173308 0.349792 2.20961 -2.87592 0.333338 2.19166 -0.0269736 0.0172218 0.0409372 0.0146921 -0.00668975 -0.00521961 0.0519617 1.05425 0.131788 0.480629 2.36912 -2.79426 0.569603 2.03039 0.0874835 0.148058 0.200444 0.096351 0.229575 -0.166491 0.264107 18.4464 0.700966 -1.15367 2.9797 0.000457182 -0.0826642 1.65247 0.627363 -0.0863981 0.961925 -0.162375 -0.0932858 2.64442
272.663 0.0394844 0.334486 2.17046 -2.85953 0.347049 2.19324 0.00960334 0.348705 2.20939 -2.82749 0.39089 2.20612 -0.0298811 0.0142193 0.0389281 0.0320434 0.0438408 0.0128859 0.0510927 3.04092 0.130696 0.479928 2.372 -2.79171 0.57009 2.03108 0.0912115 0.145443 0.201539 0.0678167 0.223041 -0.162155 0.264747 17.2136 0.700104 -1.16262 2.95578 0.00278537 -0.0853065 1.65322 0.616378 -0.0920617 0.938116 -0.157449 -0.0639577 2.64539
273.223 0.0339177 0.339415 2.17177 -2.82845 0.353743 2.19099 0.00490664 0.36087 2.26069 -2.88446 0.340052 2.18581 -0.0290111 0.0214552 0.0889225 -0.056002 -0.0136905 -0.00518164 0.0959644 3.21735 0.129078 0.482498 2.37366 -2.78755 0.572388 2.03433 0.0951599 0.143083 0.201892 0.0409056 0.218645 -0.156656 0.26512 16.1701 0.6997 -1.17138 2.92674 0.0045635 -0.0888308 1.6541 0.606183 -0.0984709 0.908924 -0.153601 -0.0352917 2.64552
273.503 0.0309057 0.341121 2.17211 -2.81793 0.35759 2.19046 0.000831537 0.361816 2.24822 -2.81639 0.301773 2.1727 -0.0300742 0.0206942 0.0761057 0.00154014 -0.0558174 -0.0177636 0.0844084 3.36592 0.125963 0.482223 2.37638 -2.78613 0.573867 2.03549 0.0950572 0.141102 0.20427 0.031803 0.216277 -0.154969 0.265842 15.8097 0.699795 -1.17469 2.91432 0.00459897 -0.0900187 1.65444 0.602909 -0.101179 0.896241 -0.15102 -0.0249343 2.64593
273.781 0.0264378 0.342998 2.17304 -2.8073 0.364025 2.18918 -0.00307874 0.362603 2.24757 -2.77602 0.370017 2.18947 -0.0295166 0.0196051 0.0745385 0.031281 0.00599264 0.000294913 0.0825323 1.81898 0.122468 0.480406 2.37661 -2.78548 0.575167 2.03654 0.0960303 0.137409 0.203574 0.0218275 0.211142 -0.152636 0.263714 15.2978 0.70016 -1.17878 2.89771 0.00409989 -0.0910998 1.65479 0.599658 -0.10467 0.879199 -0.146584 -0.0138758 2.64779
274.038 0.0233229 0.343295 2.1737 -2.8029 0.370052 2.18763 -0.00504415 0.365063 2.25058 -2.78261 0.367426 2.1876 -0.028367 0.0217677 0.0768762 0.0202857 -0.00262615 -3.25718e-05 0.0847848 1.1727 0.119954 0.478748 2.3765 -2.78593 0.575514 2.03684 0.096631 0.135453 0.202797 0.016967 0.205461 -0.150795 0.26232 14.8852 0.700579 -1.18163 2.88524 0.00349152 -0.0913839 1.65497 0.598048 -0.107177 0.866333 -0.141966 -0.00813203 2.65052
274.324 0.0207716 0.343162 2.17437 -2.80129 0.377592 2.18567 -0.00789434 0.36466 2.24815 -2.84054 0.409976 2.17692 -0.0286659 0.0214983 0.0737837 -0.0392499 0.0323833 -0.00875031 0.0820241 2.80812 0.117766 0.47791 2.37827 -2.78634 0.575511 2.03704 0.0969944 0.134748 0.203901 0.014955 0.197919 -0.148624 0.262946 14.4329 0.701087 -1.18428 2.87272 0.00287365 -0.09143 1.65507 0.597129 -0.10957 0.853337 -0.135866 -0.00474945 2.65444
274.617 0.0184866 0.342468 2.17528 -2.80352 0.389041 2.18236 -0.0118198 0.364672 2.24822 -2.84281 0.41131 2.17641 -0.0303063 0.0222037 0.0729463 -0.0392951 0.0222691 -0.00594914 0.0820527 2.49293 0.113274 0.474618 2.37767 -2.78631 0.575445 2.03777 0.0947874 0.13215 0.202391 0.0172081 0.186404 -0.144584 0.259636 13.822 0.701846 -1.1875 2.85588 0.00212982 -0.0911929 1.65508 0.596951 -0.11248 0.835862 -0.126319 -0.00410317 2.66116
274.929 0.0176939 0.342249 2.17594 -2.80703 0.399026 2.17981 -0.0141677 0.368567 2.2778 -2.75617 0.287305 2.15524 -0.0318616 0.026318 0.101862 0.0508654 -0.111721 -0.0245641 0.109926 7.36202 0.109753 0.474516 2.3789 -2.78636 0.575617 2.03844 0.0920592 0.132267 0.202964 0.0206733 0.17659 -0.141369 0.259159 13.3493 0.702442 -1.18964 2.84325 0.00167201 -0.0910794 1.655 0.597592 -0.114463 0.822652 -0.117842 -0.00550007 2.66683
275.249 0.0173866 0.342634 2.17634 -2.81158 0.409892 2.17759 -0.0157734 0.362161 2.23876 -2.79472 0.375975 2.16295 -0.03316 0.0195276 0.0624185 0.0168604 -0.0339165 -0.0146378 0.0733279 2.45623 0.105727 0.474774 2.38079 -2.7868 0.576362 2.03853 0.08834 0.13214 0.204445 0.0247842 0.16647 -0.139062 0.258965 12.9246 0.703041 -1.19153 2.83057 0.00118719 -0.091253 1.65485 0.598841 -0.116239 0.809333 -0.108512 -0.00827938 2.67258
275.88 0.0183279 0.346905 2.17768 -2.82572 0.441096 2.17601 -0.0146278 0.363637 2.23632 -2.84061 0.500282 2.17975 -0.0329557 0.0167319 0.0586379 -0.0148841 0.0591863 0.00373897 0.0693141 3.52681 0.0966604 0.478862 2.3855 -2.78773 0.578592 2.03762 0.0783325 0.131956 0.207813 0.0379951 0.137496 -0.138397 0.258331 12.1008 0.704357 -1.19493 2.80105 -1.95883e-05 -0.092725 1.65419 0.603536 -0.119583 0.777994 -0.0816048 -0.0203158 2.68424
276.42 0.0218171 0.350945 2.17884 -2.83469 0.469254 2.17869 -0.0118592 0.368974 2.23895 -2.75355 0.428617 2.17878 -0.0336764 0.0180282 0.0601146 0.0811367 -0.040637 8.96028e-05 0.0712242 5.19697 0.0884119 0.485766 2.38984 -2.78838 0.579847 2.03681 0.0665948 0.134821 0.210997 0.0463075 0.110593 -0.141883 0.259097 11.6107 0.70531 -1.19679 2.7761 -0.000443357 -0.0940648 1.65334 0.609133 -0.121525 0.751152 -0.0556085 -0.0303245 2.69041
276.992 0.0285124 0.353361 2.17961 -2.83396 0.484037 2.17866 -0.0110083 0.372173 2.23435 -2.67252 0.313095 2.20838 -0.0395207 0.0188124 0.0547353 0.161444 -0.170942 0.029724 0.0700838 13.1122 0.0794794 0.489796 2.39315 -2.78801 0.580714 2.03657 0.050967 0.136435 0.213538 0.0459527 0.0966761 -0.142087 0.258477 11.2068 0.706263 -1.19794 2.74625 -0.000392609 -0.0951619 1.65229 0.617573 -0.121727 0.720394 -0.0425814 -0.0299529 2.69385
277.24 0.0309647 0.353626 2.17956 -2.83136 0.481672 2.17594 -0.00291421 0.371451 2.23634 -2.83103 0.500075 2.18318 -0.0338789 0.0178253 0.0567827 0.000335078 0.018403 0.00723893 0.0684821 1.12987 0.0760531 0.488741 2.39298 -2.78817 0.580755 2.03641 0.0450883 0.135115 0.213422 0.0431887 0.0990839 -0.139522 0.256589 11.0563 0.706664 -1.19814 2.73282 -0.000769779 -0.095662 1.65192 0.621684 -0.120841 0.707449 -0.0462286 -0.0259564 2.69486
277.528 0.0327822 0.353732 2.179 -2.8276 0.471611 2.16961 -0.000956205 0.378575 2.27277 -2.89176 0.468524 2.13843 -0.0337384 0.0248427 0.0937686 -0.0641589 -0.0030867 -0.0311835 0.102703 3.2842 0.0708873 0.486926 2.39659 -2.78891 0.580756 2.03643 0.0381052 0.133194 0.217581 0.0386877 0.109145 -0.133185 0.257942 10.9171 0.707202 -1.1982 2.71414 -0.00209015 -0.0966781 1.65155 0.627401 -0.118637 0.690355 -0.0591039 -0.0185646 2.6963
277.826 0.0337588 0.353218 2.17822 -2.8249 0.45968 2.16288 0.000915776 0.372196 2.23487 -2.79498 0.461574 2.16959 -0.032843 0.0189777 0.0566491 0.0299123 0.00189424 0.00671891 0.0681757 1.58461 0.0668455 0.487417 2.39826 -2.78949 0.580185 2.03661 0.0330867 0.134199 0.220038 0.0354083 0.120505 -0.12626 0.259848 10.8922 0.707581 -1.19812 2.69964 -0.00332798 -0.097578 1.65136 0.631758 -0.116191 0.677737 -0.0737406 -0.0120956 2.69766
278.144 0.0347626 0.352185 2.1775 -2.8213 0.446092 2.15503 0.00194688 0.380807 2.28603 -2.8388 0.419719 2.14988 -0.0328158 0.0286225 0.108535 -0.0174993 -0.0263734 -0.00514788 0.116944 1.76835 0.0630704 0.486731 2.39735 -2.78994 0.58044 2.03685 0.0283077 0.134546 0.219852 0.0313622 0.134348 -0.118171 0.259304 10.9638 0.707905 -1.198 2.68497 -0.0046232 -0.0984998 1.65126 0.63612 -0.113171 0.665321 -0.0903128 -0.00423419 2.69931
278.704 0.0375868 0.346233 2.17655 -2.81 0.417027 2.13602 0.00389171 0.366316 2.22301 -2.83849 0.500468 2.15852 -0.0336951 0.0200836 0.0464586 -0.0284868 0.0834403 0.0225005 0.0608039 5.38918 0.058734 0.48675 2.39882 -2.78967 0.579916 2.03807 0.0211472 0.140517 0.22227 0.0203332 0.162888 -0.0979573 0.263811 11.2314 0.708266 -1.19771 2.65062 -0.00759659 -0.0999309 1.65133 0.645862 -0.104347 0.636878 -0.126124 0.0175629 2.70399
279.241 0.0415536 0.338085 2.17686 -2.79878 0.401841 2.12347 0.00873118 0.364591 2.25977 -2.79638 0.379856 2.11203 -0.0328224 0.0265059 0.0829182 0.00240074 -0.0219852 -0.0114392 0.0930338 1.4505 0.0593495 0.483646 2.39671 -2.78822 0.579099 2.03949 0.017796 0.145561 0.219853 0.0105582 0.177258 -0.0839778 0.264273 11.3731 0.707909 -1.19761 2.62144 -0.00949232 -0.10053 1.65159 0.653199 -0.095296 0.612851 -0.145702 0.0359109 2.70765
279.802 0.0507526 0.329457 2.17889 -2.78083 0.401625 2.11918 0.014622 0.354186 2.2564 -2.78924 0.377228 2.11341 -0.0361305 0.0247288 0.0775046 -0.00841032 -0.0243971 -0.00576873 0.0890162 1.47459 0.0662232 0.486284 2.39673 -2.78403 0.578622 2.03988 0.0154706 0.156827 0.217833 -0.00319532 0.176996 -0.0792991 0.268859 11.0762 0.706548 -1.19764 2.58852 -0.00942952 -0.10179 1.65194 0.660125 -0.0841547 0.584872 -0.14809 0.0551416 2.70864
280.399 0.0595075 0.320263 2.18252 -2.75732 0.419944 2.12862 0.0255063 0.344865 2.25385 -2.80674 0.453056 2.11375 -0.0340012 0.0246021 0.0713334 -0.0494215 0.0331114 -0.0148633 0.0827635 3.2098 0.074142 0.492858 2.40211 -2.78149 0.57808 2.03933 0.0146346 0.172595 0.219594 -0.0241668 0.158135 -0.0892904 0.279687 10.1654 0.704396 -1.19765 2.55857 -0.00905871 -0.102192 1.65216 0.665123 -0.0739516 0.557711 -0.128016 0.0740946 2.7047
280.719 0.0627935 0.317058 2.18477 -2.74454 0.431741 2.136 0.0284552 0.341756 2.25922 -2.75742 0.414632 2.12511 -0.0343383 0.0246972 0.0744547 -0.0128754 -0.0171087 -0.0108957 0.0856305 1.23162 0.0772498 0.492438 2.40253 -2.7812 0.577933 2.03897 0.0144563 0.175379 0.217759 -0.036654 0.146192 -0.0970328 0.279975 9.70101 0.703309 -1.19755 2.54682 -0.00892864 -0.102241 1.65219 0.666723 -0.0702285 0.546423 -0.115111 0.0831435 2.70192
281.624 0.0704163 0.31559 2.18985 -2.69972 0.470701 2.16269 0.038278 0.333432 2.25687 -2.68572 0.493751 2.15405 -0.0321383 0.0178419 0.0670262 0.0140068 0.0230504 -0.00864334 0.0764442 1.73257 0.092151 0.493765 2.39986 -2.78049 0.578579 2.03841 0.0217347 0.178176 0.210013 -0.0807688 0.107878 -0.12429 0.276269 8.78702 0.699255 -1.19632 2.51049 -0.00886044 -0.104251 1.65217 0.66983 -0.0618891 0.509182 -0.0723579 0.114533 2.69255
281.831 0.0712037 0.317465 2.19078 -2.68681 0.479746 2.16912 0.0415414 0.337888 2.2733 -2.70809 0.448913 2.16531 -0.0296623 0.0204231 0.0825195 -0.0212768 -0.0308334 -0.00380443 0.0900357 2.10152 0.0953117 0.496045 2.39902 -2.78061 0.579349 2.03802 0.024108 0.17858 0.208242 -0.0937951 0.0996023 -0.131093 0.275385 8.77306 0.697956 -1.19566 2.50001 -0.00922318 -0.105045 1.65217 0.670182 -0.0608942 0.497754 -0.0628345 0.124309 2.69049
282.156 0.0719177 0.320612 2.19138 -2.67414 0.486696 2.1741 0.0412113 0.337593 2.25829 -2.64067 0.468326 2.1678 -0.0307063 0.016981 0.0669096 0.0334667 -0.0183699 -0.00630479 0.0755521 2.35618 0.0973613 0.499125 2.39787 -2.78085 0.580173 2.03764 0.0254436 0.178514 0.206492 -0.106715 0.0934771 -0.136463 0.274141 8.85734 0.696619 -1.19489 2.48959 -0.00949109 -0.105976 1.65218 0.670324 -0.0607015 0.486099 -0.0557835 0.134353 2.68886
282.886 0.0746059 0.333395 2.19109 -2.64586 0.49235 2.17946 0.0431726 0.345402 2.25777 -2.63706 0.470071 2.16933 -0.0314333 0.0120079 0.066672 0.00880044 -0.0222788 -0.0101301 0.074682 1.57843 0.103125 0.505089 2.39212 -2.7799 0.582719 2.03866 0.0285196 0.171695 0.201021 -0.134033 0.0903695 -0.140804 0.265898 9.34064 0.693361 -1.19289 2.46536 -0.00925056 -0.109025 1.65235 0.670049 -0.063412 0.458111 -0.0515435 0.158224 2.68571
283.203 0.0752358 0.34166 2.19021 -2.63502 0.490992 2.17975 0.0451497 0.361294 2.3085 -2.65906 0.439346 2.15106 -0.0300862 0.0196343 0.118296 -0.0240374 -0.0516458 -0.0286981 0.123631 3.36511 0.102701 0.510424 2.38905 -2.77953 0.584775 2.03969 0.0274651 0.168764 0.198839 -0.144509 0.093783 -0.140068 0.262246 9.67179 0.69194 -1.19209 2.45476 -0.00924871 -0.110981 1.65247 0.669711 -0.065924 0.445583 -0.054552 0.167862 2.68409
283.527 0.0754583 0.353512 2.18857 -2.62385 0.486627 2.17909 0.0451713 0.364243 2.2586 -2.60173 0.515352 2.18761 -0.030287 0.0107305 0.07003 0.0221124 0.0287249 0.00852075 0.0770496 1.98938 0.1041 0.51774 2.38693 -2.77933 0.587852 2.04118 0.0286412 0.164227 0.198364 -0.15548 0.101225 -0.13791 0.259112 10.1558 0.690053 -1.19131 2.44006 -0.00936627 -0.113555 1.65261 0.668979 -0.0704697 0.428153 -0.0613403 0.178011 2.68149
283.794 0.0752547 0.361706 2.18713 -2.6191 0.481899 2.17812 0.0409039 0.373517 2.24871 -2.52464 0.365982 2.21471 -0.0343508 0.0118106 0.0615824 0.0944616 -0.115917 0.0365892 0.0714972 8.27147 0.104438 0.523772 2.38585 -2.77948 0.589765 2.04215 0.0291837 0.162066 0.198722 -0.160375 0.107866 -0.135971 0.258084 10.4859 0.688653 -1.19107 2.42865 -0.00948066 -0.114989 1.65265 0.668161 -0.0747056 0.414654 -0.067533 0.18245 2.67933
284.101 0.0753768 0.368389 2.18568 -2.6181 0.476361 2.17704 0.045168 0.384989 2.25867 -2.623 0.489167 2.17691 -0.0302088 0.0166005 0.0729958 -0.00489979 0.0128065 -0.000131058 0.080725 0.784345 0.102888 0.528842 2.38692 -2.78011 0.591113 2.0428 0.0275109 0.160454 0.20124 -0.16201 0.114752 -0.134244 0.258843 10.7522 0.68727 -1.19123 2.41695 -0.00929354 -0.115682 1.65263 0.667048 -0.0795752 0.400906 -0.0736912 0.183288 2.67716
284.394 0.0759224 0.373769 2.18428 -2.62078 0.47072 2.17621 0.0451708 0.392895 2.25876 -2.62034 0.492863 2.1784 -0.0307517 0.0191256 0.0744806 0.00043907 0.0221429 0.00218532 0.082818 1.27411 0.103628 0.532552 2.38852 -2.78048 0.591552 2.04292 0.0277056 0.158783 0.204242 -0.159703 0.120832 -0.133292 0.260181 10.9034 0.685915 -1.19185 2.40502 -0.00874559 -0.115779 1.65254 0.665608 -0.085001 0.386985 -0.0791112 0.180313 2.67514
285.004 0.0767621 0.382851 2.18096 -2.63787 0.458651 2.17518 0.0464411 0.405281 2.2727 -2.63588 0.451073 2.1899 -0.030321 0.0224297 0.0917403 0.00198925 -0.00757859 0.0147208 0.0991904 0.909997 0.106106 0.531689 2.3883 -2.7811 0.59147 2.04332 0.029344 0.148838 0.207344 -0.14323 0.132819 -0.131857 0.256915 10.9488 0.682991 -1.19524 2.37648 -0.00710772 -0.11489 1.65208 0.661124 -0.0991888 0.35434 -0.0891383 0.162267 2.67139
285.304 0.0771616 0.386166 2.17983 -2.64686 0.45404 2.17493 0.0464428 0.40926 2.27275 -2.63453 0.452968 2.19062 -0.0307189 0.0230935 0.0929185 0.0123318 -0.00107196 0.0156893 0.100553 0.868631 0.107609 0.532158 2.39089 -2.78051 0.591288 2.04345 0.0304472 0.145992 0.211055 -0.133645 0.137248 -0.131478 0.258427 10.9243 0.681896 -1.19757 2.36401 -0.00612823 -0.114367 1.65181 0.658868 -0.105679 0.340385 -0.0924741 0.15281 2.67018
285.553 0.077823 0.389143 2.17841 -2.65706 0.448457 2.1747 0.0490986 0.411585 2.25833 -2.64106 0.460915 2.16721 -0.0287243 0.0224426 0.0799128 0.0160083 0.0124582 -0.00749392 0.087834 1.37145 0.109676 0.529718 2.3946 -2.7792 0.59057 2.0433 0.0318531 0.140576 0.216184 -0.122136 0.142113 -0.131406 0.25983 10.9255 0.680658 -1.20148 2.3472 -0.00463156 -0.113506 1.65142 0.655725 -0.114483 0.321858 -0.0961851 0.14171 2.66868
285.799 0.0781799 0.39014 2.17742 -2.6623 0.44539 2.175 0.0474391 0.407256 2.22408 -2.68 0.477794 2.18519 -0.0307408 0.0171156 0.0466619 -0.0176967 0.0324041 0.0101855 0.0584404 2.31139 0.112535 0.525099 2.39733 -2.77782 0.589798 2.04309 0.0343546 0.134959 0.219904 -0.115519 0.144408 -0.131905 0.260292 10.9369 0.679943 -1.20502 2.3346 -0.00351212 -0.112783 1.65114 0.653317 -0.121112 0.308096 -0.097756 0.135453 2.66751
286.403 0.0751696 0.39312 2.17744 -2.66684 0.449076 2.18148 0.0458998 0.414991 2.24988 -2.61794 0.397898 2.165 -0.0292697 0.0218713 0.072445 0.0489048 -0.0511777 -0.0164789 0.0811378 4.41739 0.11991 0.514839 2.40371 -2.77555 0.588147 2.04236 0.0447401 0.12172 0.226276 -0.108709 0.139071 -0.139124 0.260803 10.7868 0.679177 -1.21511 2.30561 -0.00215565 -0.111447 1.65063 0.647434 -0.136549 0.276235 -0.090274 0.12756 2.66462
286.675 0.0724163 0.392682 2.17821 -2.66679 0.457007 2.18755 0.0455322 0.420477 2.27418 -2.7127 0.443711 2.16474 -0.0268841 0.0277951 0.0959706 -0.0459076 -0.0132962 -0.0228183 0.103468 2.49277 0.120989 0.511285 2.40686 -2.77477 0.587366 2.04187 0.0485732 0.118603 0.228649 -0.107981 0.130359 -0.14569 0.262119 10.5823 0.679255 -1.22013 2.29341 -0.00207646 -0.110508 1.65046 0.644671 -0.143101 0.262628 -0.0800067 0.125284 2.66356
286.984 0.069725 0.389848 2.17937 -2.66682 0.467479 2.19498 0.0415635 0.420498 2.27429 -2.71496 0.444946 2.16419 -0.0281615 0.0306496 0.0949289 -0.0481363 -0.0225328 -0.0307879 0.103653 2.84565 0.121242 0.504387 2.4045 -2.77463 0.58618 2.04104 0.0515173 0.114539 0.225137 -0.107807 0.118701 -0.153942 0.257798 10.3535 0.679557 -1.22549 2.28124 -0.00187481 -0.108863 1.65031 0.641723 -0.149522 0.249045 -0.0659112 0.122506 2.66272
287.757 0.061222 0.376052 2.18544 -2.67233 0.515259 2.22491 0.0328397 0.409064 2.28829 -2.68188 0.477728 2.2005 -0.0283823 0.0330123 0.10285 -0.00954631 -0.0375312 -0.0244136 0.111684 2.48002 0.125537 0.457227 2.3786 -2.77476 0.584244 2.03911 0.0643149 0.0811745 0.193163 -0.102428 0.0689852 -0.185802 0.219175 9.89781 0.681993 -1.24452 2.23997 -3.21928e-05 -0.10238 1.65006 0.630711 -0.169015 0.204129 -0.00530773 0.104773 2.66233
288.084 0.0578738 0.373313 2.187 -2.67608 0.53208 2.23395 0.0310284 0.4057 2.29754 -2.71724 0.503315 2.21407 -0.0268454 0.0323871 0.110539 -0.041165 -0.0287641 -0.0198756 0.118273 2.63002 0.125931 0.445446 2.37001 -2.7745 0.584659 2.03911 0.0680567 0.072133 0.183008 -0.0984188 0.0525792 -0.194831 0.208151 9.93327 0.683129 -1.25014 2.22723 0.000368744 -0.101416 1.65004 0.627101 -0.174179 0.19065 0.0143252 0.0966773 2.66302
288.361 0.0526416 0.370813 2.18889 -2.68186 0.555384 2.2454 0.0270107 0.400637 2.29743 -2.68418 0.537178 2.2277 -0.0256309 0.0298238 0.108539 -0.00231794 -0.0182054 -0.017707 0.115443 1.4125 0.125547 0.43053 2.35831 -2.77405 0.586019 2.03902 0.0729051 0.0597172 0.16942 -0.092185 0.0306356 -0.206385 0.193867 10.1608 0.684904 -1.25732 2.20983 0.00070463 -0.100727 1.65004 0.622149 -0.180604 0.172431 0.0404389 0.0850095 2.66443
288.669 0.0483796 0.368998 2.18989 -2.68683 0.572012 2.25289 0.0196111 0.391094 2.24871 -2.67696 0.592001 2.26183 -0.0287684 0.022096 0.0588284 0.00987024 0.019989 0.00893611 0.0691132 1.25523 0.125097 0.419155 2.34954 -2.77405 0.586857 2.0387 0.0767176 0.0501573 0.159659 -0.0872162 0.0148449 -0.214186 0.184098 10.4436 0.686406 -1.2624 2.1964 0.000860235 -0.100445 1.65005 0.618362 -0.185054 0.15855 0.059071 0.0757348 2.66573
288.984 0.0438365 0.367932 2.19134 -2.69277 0.589346 2.26022 0.0156585 0.387726 2.24638 -2.64023 0.620662 2.27745 -0.028178 0.0197949 0.0550381 0.0525352 0.0313157 0.017225 0.0649232 3.14224 0.123884 0.407929 2.34037 -2.77407 0.587814 2.03832 0.0800479 0.039997 0.149031 -0.0813041 -0.00153221 -0.221904 0.173832 10.8412 0.688026 -1.26717 2.1827 0.00106581 -0.100194 1.65006 0.614489 -0.18923 0.144476 0.0772639 0.0658675 2.66712
289.317 0.0380819 0.366288 2.19261 -2.7021 0.610673 2.26873 0.011758 0.387165 2.24871 -2.68264 0.593087 2.25939 -0.0263238 0.0208769 0.0560945 0.0194566 -0.0175861 -0.00934248 0.0653864 1.7945 0.120489 0.392576 2.32816 -2.77378 0.589276 2.03796 0.0824067 0.0262878 0.13555 -0.071678 -0.0213972 -0.230774 0.160797 11.4813 0.690334 -1.27299 2.16408 0.00156084 -0.100004 1.65007 0.609178 -0.194328 0.125546 0.100058 0.0512204 2.66878
289.592 0.0345946 0.365623 2.19338 -2.70991 0.625644 2.2746 0.0060095 0.392828 2.28725 -2.71721 0.633844 2.24215 -0.0285851 0.0272042 0.0938683 -0.00730738 0.00819937 -0.0324524 0.101826 1.71349 0.118014 0.382433 2.31807 -2.77291 0.589923 2.03788 0.0834195 0.0168094 0.124693 -0.0630071 -0.0357208 -0.23672 0.150963 12.0495 0.692156 -1.27691 2.14996 0.00241804 -0.100067 1.65009 0.605081 -0.197816 0.111301 0.116078 0.0390984 2.66965
290.194 0.0282708 0.364543 2.19436 -2.72901 0.650431 2.28424 -0.00193037 0.391244 2.28387 -2.73951 0.664839 2.25656 -0.0302011 0.0267013 0.0895061 -0.0105007 0.0144077 -0.0276831 0.0981652 1.54687 0.117976 0.362906 2.29727 -2.77063 0.591322 2.03863 0.0897054 -0.00163659 0.102904 -0.0416209 -0.0591089 -0.245613 0.136524 13.2689 0.696067 -1.28353 2.12159 0.00466954 -0.100294 1.65012 0.596686 -0.203754 0.083161 0.142836 0.0120399 2.6698
290.773 0.0170084 0.364069 2.19427 -2.75417 0.66647 2.28998 -0.00983471 0.387097 2.27711 -2.76027 0.695349 2.2708 -0.0268431 0.0230278 0.0828397 -0.00610511 0.0288795 -0.019181 0.0900736 1.89321 0.119943 0.337101 2.27676 -2.7681 0.592551 2.03965 0.102934 -0.0269685 0.0824883 -0.0139334 -0.0739185 -0.250334 0.134637 14.5161 0.701194 -1.28914 2.08904 0.00560136 -0.101072 1.65027 0.587309 -0.208578 0.051936 0.159209 -0.0178081 2.66776
291.303 0.0038664 0.36878 2.19325 -2.76806 0.674697 2.29395 -0.0233738 0.383713 2.24017 -2.71261 0.709648 2.31734 -0.0272402 0.014933 0.0469191 0.0554502 0.0349511 0.0233874 0.056271 3.23471 0.116444 0.316594 2.25753 -2.7671 0.593793 2.03886 0.112577 -0.0521857 0.0642778 0.000966874 -0.0809046 -0.255091 0.139745 15.3607 0.706719 -1.29264 2.05793 0.0052461 -0.104047 1.65056 0.579482 -0.211475 0.0222384 0.165354 -0.035252 2.66561
291.922 -0.00452211 0.370507 2.19288 -2.76931 0.677226 2.29741 -0.0338165 0.384371 2.22144 -2.74036 0.746643 2.3041 -0.0292944 0.0138642 0.0285553 0.0289496 0.0694174 0.00669677 0.0431947 4.22902 0.115888 0.298987 2.24069 -2.76704 0.591433 2.03831 0.12041 -0.0715199 0.0478071 0.0022695 -0.0857929 -0.2591 0.147984 15.7072 0.711454 -1.29441 2.03219 0.0054558 -0.105559 1.65097 0.574704 -0.212598 -0.00250701 0.167596 -0.0393218 2.66396
292.245 -0.00897438 0.370262 2.1925 -2.76713 0.679297 2.30077 -0.0376945 0.38436 2.22137 -2.74243 0.748061 2.30305 -0.0287201 0.0140986 0.0288759 0.0246994 0.0687643 0.00227722 0.0430979 4.15935 0.116766 0.287056 2.22927 -2.76588 0.589284 2.03903 0.12574 -0.0832058 0.0367736 0.0012496 -0.090013 -0.261741 0.155197 15.8941 0.714522 -1.2951 2.01532 0.00552873 -0.106091 1.65131 0.572632 -0.212732 -0.0188915 0.170265 -0.0393134 2.66262
292.537 -0.0115259 0.371004 2.1932 -2.76466 0.683273 2.3048 -0.0415723 0.384351 2.22132 -2.7445 0.749476 2.30199 -0.0300464 0.0133468 0.028117 0.0201544 0.0662029 -0.00281662 0.0432607 3.999 0.116742 0.279976 2.21969 -2.76399 0.587955 2.04016 0.128268 -0.0910273 0.0264967 0.000670577 -0.0953177 -0.264644 0.159502 16.1326 0.716744 -1.29538 2.00285 0.00568786 -0.106575 1.65155 0.571637 -0.21261 -0.0311884 0.17471 -0.0395265 2.6615
292.851 -0.0131229 0.37241 2.19347 -2.76223 0.690224 2.3101 -0.0448483 0.396058 2.28861 -2.76067 0.705169 2.29425 -0.0317255 0.0236475 0.0951308 0.00155524 0.0149447 -0.0158495 0.103032 1.2921 0.117254 0.273564 2.21037 -2.76118 0.58742 2.04163 0.130377 -0.0988462 0.0168911 0.0010525 -0.102805 -0.268468 0.164481 16.4987 0.718887 -1.29545 1.99057 0.00600857 -0.107411 1.65176 0.571084 -0.212374 -0.0435195 0.1822 -0.0409326 2.66037
293.188 -0.0141171 0.374823 2.1936 -2.76035 0.700781 2.31673 -0.0459785 0.390769 2.24688 -2.74945 0.694528 2.32655 -0.0318614 0.015946 0.0532781 0.0108962 -0.00625343 0.00982778 0.0640935 0.619288 0.118131 0.268524 2.20086 -2.75802 0.587689 2.04358 0.132248 -0.106299 0.00725712 0.00233021 -0.113092 -0.273147 0.169829 17.0053 0.72095 -1.29534 1.97851 0.00637722 -0.108624 1.6519 0.570939 -0.212107 -0.0558812 0.193286 -0.0441214 2.65934
293.472 -0.0150363 0.37991 2.1941 -2.76024 0.720315 2.32718 -0.0484363 0.39921 2.2724 -2.81451 0.720042 2.29669 -0.0334 0.0193006 0.0782926 -0.0542653 -0.000273256 -0.0304888 0.08728 2.35667 0.120061 0.26223 2.18913 -2.75235 0.589116 2.04578 0.135098 -0.11768 -0.00497298 0.00789649 -0.131199 -0.281397 0.179233 18.0326 0.723592 -1.29496 1.96278 0.00671783 -0.110799 1.65196 0.571338 -0.211733 -0.072285 0.212606 -0.0520688 2.6581
293.787 -0.0155434 0.384459 2.19429 -2.76167 0.737973 2.33559 -0.049208 0.401189 2.26134 -2.7496 0.790468 2.3187 -0.0336646 0.0167305 0.0670459 0.0120669 0.0524954 -0.0168847 0.0768659 3.37429 0.118867 0.259305 2.17974 -2.74982 0.590831 2.04616 0.134411 -0.125154 -0.0145493 0.0118544 -0.147142 -0.289429 0.184232 18.972 0.725499 -1.29458 1.95126 0.006835 -0.112667 1.65191 0.572083 -0.211533 -0.0844912 0.229854 -0.060189 2.65732
294.1 -0.0154725 0.388017 2.19462 -2.76503 0.756533 2.34361 -0.0502485 0.40781 2.26512 -2.77616 0.77182 2.33392 -0.034776 0.0197932 0.0705024 -0.0111264 0.0152865 -0.00968576 0.0810662 0.995833 0.117577 0.255752 2.17025 -2.74785 0.592117 2.04592 0.13305 -0.132265 -0.0243672 0.0171868 -0.164416 -0.297687 0.189183 20.024 0.727348 -1.29417 1.93991 0.00705009 -0.11402 1.65177 0.573181 -0.211432 -0.0965874 0.248308 -0.0699933 2.65653
294.405 -0.0143296 0.391314 2.19524 -2.77163 0.780768 2.3531 -0.048916 0.40788 2.24924 -2.75037 0.819789 2.34155 -0.0345865 0.016566 0.0539993 0.021258 0.0390213 -0.0115508 0.0662313 2.84193 0.115913 0.249163 2.15799 -2.74598 0.593402 2.04486 0.130242 -0.142151 -0.0372526 0.0256546 -0.187366 -0.30824 0.196362 21.4793 0.729742 -1.29367 1.92492 0.00758284 -0.115059 1.6515 0.575182 -0.21152 -0.112609 0.272831 -0.0843772 2.65537
294.717 -0.0131075 0.392632 2.19565 -2.77755 0.796586 2.35854 -0.0486025 0.408407 2.236 -2.75074 0.846172 2.36342 -0.035495 0.0157754 0.0403496 0.0268067 0.0495858 0.00487417 0.0560076 3.14323 0.114435 0.243804 2.14832 -2.74534 0.5938 2.04437 0.127542 -0.148828 -0.0473366 0.0322054 -0.202786 -0.31417 0.201637 22.4478 0.731509 -1.29334 1.91372 0.00797948 -0.115279 1.65128 0.577111 -0.211767 -0.124544 0.289061 -0.0948089 2.65449
295.006 -0.0120097 0.393472 2.19592 -2.7842 0.809689 2.3624 -0.0468857 0.420164 2.29463 -2.78853 0.813071 2.32312 -0.034876 0.0266921 0.0987138 -0.00433016 0.00338207 -0.0392722 0.108043 2.08619 0.112871 0.239345 2.13756 -2.74486 0.594207 2.04397 0.124881 -0.154127 -0.0583574 0.0393373 -0.215482 -0.318423 0.206775 23.2859 0.733273 -1.29306 1.90246 0.00819727 -0.115251 1.65109 0.579347 -0.212188 -0.136475 0.302547 -0.104659 2.65359
295.363 -0.0268673 0.392448 2.19505 -2.74951 0.770935 2.34393 -0.0474836 0.418134 2.27809 -2.81617 0.823619 2.35982 -0.0206163 0.0256859 0.0830368 -0.0666594 0.0526834 0.0158955 0.0893304 5.43163 0.105128 0.229447 2.12684 -2.74806 0.594147 2.04289 0.131996 -0.163001 -0.0682085 0.0014497 -0.176788 -0.301032 0.220555 20.0282 0.735738 -1.29353 1.88902 0.00544158 -0.114153 1.65131 0.57461 -0.214939 -0.150278 0.26021 -0.0552028 2.66483
295.644 -0.0342986 0.393968 2.19395 -2.72255 0.737002 2.32856 -0.0603512 0.416028 2.2722 -2.73344 0.793323 2.352 -0.0260526 0.0220603 0.0782475 -0.0108908 0.0563209 0.0234424 0.0853702 3.71046 0.103507 0.223093 2.11864 -2.74797 0.594774 2.04359 0.137806 -0.170875 -0.0753102 -0.0254238 -0.142228 -0.284964 0.232078 17.471 0.737426 -1.294 1.87836 0.00466322 -0.114347 1.652 0.571355 -0.217036 -0.16085 0.223826 -0.0175296 2.67142
295.948 -0.0405294 0.396888 2.19026 -2.72073 0.688975 2.3026 -0.0704306 0.423482 2.30725 -2.73573 0.689393 2.30711 -0.0299012 0.0265938 0.116989 -0.0150012 0.000418021 0.00451171 0.123644 1.04343 0.102692 0.217263 2.10945 -2.74939 0.594051 2.04431 0.143221 -0.179626 -0.080812 -0.0286628 -0.0949234 -0.258295 0.243533 14.9003 0.738823 -1.29433 1.86658 0.00373455 -0.115076 1.65291 0.569046 -0.219812 -0.171182 0.170834 0.0016424 2.67432
296.23 -0.044789 0.401134 2.18446 -2.74183 0.627481 2.26828 -0.0786592 0.430332 2.31145 -2.76424 0.639855 2.27326 -0.0338702 0.0291975 0.126992 -0.0224098 0.012374 0.00498114 0.134636 1.63303 0.102369 0.211805 2.09915 -2.75259 0.590685 2.04455 0.147158 -0.189329 -0.0853062 -0.010763 -0.0367967 -0.223737 0.254515 12.6527 0.739858 -1.29445 1.85373 0.00301718 -0.116167 1.65391 0.567588 -0.223162 -0.181052 0.102314 0.00153574 2.67559
296.542 -0.0503622 0.404032 2.17737 -2.76492 0.549492 2.22831 -0.0791805 0.417477 2.21177 -2.70649 0.629626 2.28023 -0.0288184 0.0134449 0.034403 0.0584363 0.0801341 0.051914 0.046849 5.48162 0.102086 0.201846 2.08619 -2.75592 0.588903 2.04685 0.152448 -0.202186 -0.0911724 0.008997 0.0394114 -0.181463 0.269132 10.9191 0.740726 -1.29483 1.83639 0.0014598 -0.116926 1.65525 0.566327 -0.226666 -0.193782 0.0161106 0.00149363 2.67794
297.133 -0.0592472 0.371204 2.17988 -2.78374 0.527906 2.22167 -0.0986111 0.394358 2.19056 -2.72066 0.550727 2.20333 -0.0393639 0.0231541 0.0106818 0.0630773 0.022821 -0.0183361 0.0469013 4.44673 0.102105 0.169442 2.08646 -2.73367 0.579132 2.03735 0.161352 -0.201763 -0.0934209 0.0500741 0.051226 -0.184323 0.274718 12.6568 0.742157 -1.30469 1.82804 -0.00304478 -0.107585 1.65669 0.566082 -0.22689 -0.195256 -0.000472019 -0.00519243 2.67632
297.441 -0.0502842 0.344472 2.18142 -2.82738 0.516899 2.23496 -0.0907788 0.380663 2.21094 -2.74296 0.559266 2.23965 -0.0404946 0.0361905 0.0295168 0.084424 0.0423669 0.00468837 0.0618127 5.29409 0.112351 0.149784 2.09084 -2.70755 0.581721 2.04441 0.162635 -0.194688 -0.090589 0.119834 0.0648224 -0.190548 0.26937 16.0703 0.74262 -1.31498 1.82675 -0.000247749 -0.102073 1.65749 0.566419 -0.224909 -0.187842 -0.000466011 -0.0549253 2.66275
297.713 -0.0422614 0.322534 2.18152 -2.87627 0.50661 2.25061 -0.0800862 0.347495 2.15532 -2.68747 0.547689 2.24055 -0.0378249 0.0249609 -0.0262029 0.188797 0.0410786 -0.0100605 0.0523484 11.3641 0.121606 0.1349 2.09497 -2.70158 0.581411 2.04721 0.163867 -0.187634 -0.0865562 0.174694 0.0748004 -0.203396 0.263725 19.359 0.742818 -1.3242 1.82616 0.00246252 -0.0983178 1.65739 0.566741 -0.222666 -0.179375 -0.000456472 -0.112533 2.64625
298.233 -0.0307946 0.263669 2.17819 -3.05243 0.476981 2.30416 -0.0715891 0.316336 2.28125 -2.97215 0.402112 2.26073 -0.0407945 0.0526663 0.103059 0.0802829 -0.0748687 -0.0434365 0.122715 7.44872 0.133133 0.100533 2.1051 -2.70729 0.565689 2.04328 0.163928 -0.163136 -0.0730936 0.345141 0.0887083 -0.260881 0.242546 30.541 0.743562 -1.35091 1.82566 0.00665084 -0.0895733 1.65495 0.565812 -0.2167 -0.151396 -0.000417685 -0.312545 2.58933
299.525 -0.0448953 0.119978 2.16491 2.65855 0.49707 2.21588 -0.0615488 0.167988 2.26348 2.73637 0.467302 2.25499 -0.0166535 0.0480106 0.0985641 0.077825 -0.0297682 0.0391095 0.110893 4.30612 0.156499 0.0560296 2.10186 -2.70136 0.560489 2.04066 0.201394 -0.0639482 -0.0630496 -5.35991 0.063419 -0.175223 0.220509 58.6678 0.748775 -1.41661 1.80104 0.0241507 -0.0881885 1.64714 0.511722 -0.172353 -0.0734894 -0.000494605 -0.8561 2.66341
299.839 -0.069313 0.0841956 2.16643 2.63759 0.515379 2.16598 -0.0838692 0.127929 2.25369 2.60661 0.476746 2.17809 -0.0145562 0.0437332 0.0872621 -0.0309845 -0.0386324 0.012111 0.0986872 3.11521 0.151631 0.0462963 2.09924 -2.70525 0.564581 2.04183 0.220944 -0.0378993 -0.0671889 -5.34285 0.0492025 -0.124146 0.234024 57.8966 0.751253 -1.42807 1.79414 0.0210166 -0.0872551 1.64755 0.493151 -0.157863 -0.0622288 0.00106144 -0.849537 2.70997
300.125 -0.104685 0.035844 2.16988 2.68561 0.540483 2.11854 -0.113205 0.0883257 2.24979 2.62094 0.515864 2.13681 -0.00851994 0.0524817 0.0799069 -0.0646781 -0.0246195 0.0182631 0.0959793 4.55251 0.144988 0.0338729 2.09542 -2.71027 0.569057 2.04319 0.249673 -0.00197111 -0.0744628 -5.39588 0.0285742 -0.0753571 0.260548 53.2547 0.754908 -1.44243 1.78425 0.0169057 -0.0866087 1.64899 0.465919 -0.136163 -0.0496791 0.0136086 -0.77406 2.74893
300.377 -0.128902 -0.0012297 2.17293 2.76253 0.557135 2.10407 -0.1405 0.0446263 2.23064 2.66122 0.540685 2.10732 -0.0115971 0.045856 0.0577091 -0.101313 -0.0164506 0.00325875 0.0746164 5.97908 0.14359 0.0253132 2.09098 -2.71312 0.570582 2.04379 0.272493 0.0265429 -0.0819501 -5.47565 0.0134464 -0.0602726 0.285784 48.2036 0.757564 -1.45239 1.77624 0.0158974 -0.0861136 1.65037 0.443872 -0.118468 -0.0411367 0.0282188 -0.688331 2.75872
301.46 -0.208625 -0.125648 2.17734 3.11632 0.592226 2.17497 -0.238914 -0.101695 2.29295 3.06 0.563191 2.14891 -0.0302882 0.0239527 0.115615 -0.0563144 -0.0290352 -0.0260583 0.121893 3.18506 0.171001 0.0146438 2.06149 -2.71518 0.567743 2.04412 0.379626 0.140291 -0.11585 -5.8315 -0.0244831 -0.130847 0.420974 30.6576 0.765181 -1.48151 1.73721 0.0281728 -0.0943206 1.65448 0.341984 -0.0432995 -0.000479632 0.0783775 -0.384989 2.70832
302.374 -0.270114 -0.181306 2.16111 3.13491 0.552772 2.19465 -0.295924 -0.168404 2.24635 -3.12855 0.5844 2.18895 -0.0258105 0.0129022 0.0852422 -6.26347 0.0316277 -0.00569475 0.0899938 2.25029 0.169586 0.0117205 2.03881 -2.72496 0.564416 2.04202 0.4397 0.193027 -0.122296 -5.85988 0.0116445 -0.152623 0.495532 29.8186 0.767444 -1.48596 1.70785 0.0299608 -0.101631 1.65493 0.276867 -0.00445953 0.0289967 0.0390488 -0.381345 2.69452
302.659 -0.288255 -0.192403 2.15325 3.0935 0.530559 2.18599 -0.316568 -0.180606 2.23997 3.10095 0.56543 2.17364 -0.0283129 0.011797 0.0867216 0.00745009 0.0348702 -0.0123574 0.091986 2.23388 0.162756 0.0086718 2.03368 -2.72983 0.564475 2.04158 0.451011 0.201075 -0.119568 -5.82333 0.0339153 -0.144413 0.508074 31.5034 0.767583 -1.48498 1.69998 0.0280652 -0.102864 1.65482 0.261754 0.00290656 0.0359953 0.0118352 -0.41747 2.70275
302.995 -0.309686 -0.20265 2.14204 3.0186 0.497652 2.17324 -0.341753 -0.195207 2.25114 3.05877 0.503164 2.15617 -0.0320662 0.00744328 0.109102 0.0401734 0.0055114 -0.0170681 0.11396 2.91793 0.149697 0.00389533 2.0282 -2.7366 0.564899 2.04049 0.459384 0.206545 -0.113835 -5.75519 0.0672463 -0.132742 0.516384 34.9235 0.76723 -1.48261 1.69051 0.0248245 -0.104142 1.65452 0.244833 0.00979701 0.0439068 -0.0308377 -0.4851 2.71988
303.285 -0.32391 -0.207594 2.13346 2.95129 0.471381 2.16624 -0.356416 -0.202228 2.22063 2.98518 0.529026 2.14463 -0.0325063 0.00536573 0.0871648 0.0338917 0.0576449 -0.0216073 0.0931835 4.30311 0.14041 0.000638937 2.02458 -2.74088 0.565729 2.04017 0.46432 0.208233 -0.10888 -5.69217 0.0943483 -0.126063 0.520393 38.3218 0.766476 -1.48031 1.68435 0.0221694 -0.104848 1.65418 0.234422 0.0129437 0.0488054 -0.0646853 -0.545291 2.73519
303.618 -0.33563 -0.21047 2.12521 2.88388 0.447088 2.16425 -0.376841 -0.210047 2.23251 2.94168 0.472854 2.15652 -0.0412113 0.000422777 0.107306 0.0578019 0.0257667 -0.00773242 0.114948 3.82705 0.128362 -0.00350066 2.02222 -2.74508 0.56582 2.04002 0.463991 0.206969 -0.102985 -5.62896 0.118732 -0.124232 0.518392 41.9272 0.765238 -1.4778 1.67905 0.0196492 -0.105276 1.65375 0.225719 0.0146393 0.0528656 -0.0979813 -0.608997 2.75043
303.944 -0.347705 -0.213939 2.11506 2.7989 0.418721 2.16983 -0.382785 -0.209648 2.1887 2.88821 0.410064 2.17367 -0.03508 0.00429108 0.0736432 0.0893074 -0.0086576 0.00384211 0.0816844 5.05672 0.116553 -0.0077263 2.0175 -2.74869 0.564772 2.03937 0.464257 0.206212 -0.0975603 -5.5476 0.146051 -0.13046 0.517278 46.8474 0.762756 -1.47451 1.67322 0.0168466 -0.104618 1.65304 0.216194 0.015184 0.0570006 -0.137957 -0.692496 2.76727
304.2 -0.354143 -0.21733 2.10843 2.74438 0.401585 2.17933 -0.391737 -0.21251 2.17021 2.75637 0.420222 2.14316 -0.037594 0.00482008 0.0617785 0.0119946 0.0186375 -0.0361649 0.0724785 2.65402 0.106783 -0.0126142 2.01434 -2.75031 0.562725 2.03846 0.460926 0.204716 -0.0940924 -5.49468 0.16114 -0.140868 0.513045 50.226 0.760234 -1.47229 1.66962 0.0154367 -0.103025 1.65242 0.210103 0.0147622 0.059058 -0.161986 -0.748487 2.77486
304.505 -0.358649 -0.221365 2.10292 2.70195 0.388478 2.19186 -0.401453 -0.217882 2.17662 2.75893 0.425142 2.16544 -0.0428037 0.00348347 0.073709 0.0569765 0.036663 -0.0264224 0.0853072 4.61202 0.101185 -0.0189251 2.01163 -2.75049 0.559891 2.03735 0.459835 0.20244 -0.0912849 -5.45244 0.171412 -0.154512 0.510649 53.0682 0.757132 -1.47041 1.66652 0.0146738 -0.100765 1.65176 0.204504 0.0140059 0.0601167 -0.179043 -0.794269 2.77642
304.773 -0.361424 -0.225453 2.09878 2.67436 0.37919 2.20573 -0.403094 -0.220344 2.15543 2.63854 0.414895 2.15532 -0.0416696 0.00510959 0.0566448 -0.0358144 0.0357046 -0.050411 0.070506 3.48594 0.098403 -0.0256165 2.00916 -2.75035 0.557352 2.03614 0.459827 0.199837 -0.0896262 -5.42471 0.178162 -0.169589 0.509322 55.1231 0.753457 -1.4689 1.66377 0.0146011 -0.0982787 1.65108 0.199092 0.0132151 0.0601012 -0.188377 -0.82673 2.77142
305.093 -0.362797 -0.229894 2.09565 2.66107 0.37253 2.22252 -0.416482 -0.230809 2.21106 2.66007 0.357976 2.19209 -0.0536845 -0.000914741 0.115409 -0.000999061 -0.0145537 -0.0304364 0.127287 1.9152 0.0964736 -0.0344462 2.00684 -2.74815 0.554396 2.03503 0.459271 0.195448 -0.0888163 -5.40922 0.181866 -0.187492 0.506969 56.566 0.747687 -1.46746 1.66058 0.015523 -0.095318 1.65022 0.19176 0.0124019 0.0584322 -0.18907 -0.847402 2.75675
305.317 -0.362325 -0.23199 2.09508 2.66567 0.371514 2.23135 -0.418943 -0.234963 2.21383 2.66226 0.353791 2.19356 -0.0566177 -0.0029727 0.118745 -0.00340332 -0.0177236 -0.0377909 0.131586 2.33615 0.0999061 -0.0394261 2.00517 -2.7452 0.552639 2.03453 0.462231 0.192564 -0.0899081 -5.41087 0.181125 -0.196825 0.508746 56.7648 0.742741 -1.46672 1.6586 0.0168755 -0.0936499 1.64967 0.185984 0.0120641 0.0561656 -0.182686 -0.84773 2.74342
305.586 -0.36058 -0.232701 2.09579 2.67774 0.37321 2.23574 -0.409557 -0.233028 2.16963 2.58829 0.342657 2.19749 -0.0489769 -0.000326599 0.0738413 -0.0894505 -0.0305529 -0.0382454 0.088608 5.1243 0.106348 -0.042864 2.00383 -2.74121 0.551448 2.03427 0.466928 0.189837 -0.0919547 -5.41895 0.178238 -0.201468 0.512363 56.4474 0.737309 -1.46618 1.65697 0.0186795 -0.0926683 1.64926 0.179917 0.0119977 0.0533536 -0.173331 -0.839143 2.73177
306.096 -0.353631 -0.230089 2.1006 2.70751 0.385251 2.22926 -0.40195 -0.231573 2.16419 2.66818 0.358314 2.218 -0.0483194 -0.00148438 0.0635919 -0.0393303 -0.0269378 -0.011259 0.0798805 2.6115 0.123304 -0.04736 2.00275 -2.73214 0.5522 2.03467 0.476935 0.182729 -0.0978446 -5.43965 0.166949 -0.194591 0.520029 55.0214 0.723041 -1.4652 1.65413 0.0235577 -0.092619 1.64898 0.164908 0.012775 0.0462959 -0.151165 -0.811815 2.7222
306.335 -0.349679 -0.228209 2.10296 2.71069 0.393041 2.22085 -0.398154 -0.229673 2.16409 2.67081 0.357095 2.21887 -0.0484752 -0.00146396 0.0611343 -0.039879 -0.035946 -0.00198756 0.0780346 3.04697 0.130623 -0.0472388 2.00175 -2.7294 0.553479 2.03515 0.480302 0.18097 -0.101212 -5.4401 0.160437 -0.185707 0.523148 54.6758 0.716382 -1.46474 1.65307 0.0255463 -0.0930788 1.64914 0.158344 0.0133635 0.0435253 -0.143014 -0.80692 2.72607
306.849 -0.340082 -0.227659 2.10639 2.68545 0.411963 2.19864 -0.387177 -0.225093 2.1559 2.64897 0.417658 2.18022 -0.0470953 0.00256633 0.0495042 -0.0364782 0.00569454 -0.0184204 0.0683755 1.95204 0.146198 -0.0532239 2.00074 -2.72693 0.556328 2.03561 0.486281 0.174435 -0.105653 -5.41237 0.144365 -0.163031 0.527313 55.4109 0.700048 -1.46324 1.64978 0.0288281 -0.0927961 1.65003 0.143705 0.0150931 0.0381552 -0.127827 -0.824672 2.74359
307.633 -0.331253 -0.234048 2.10427 2.59867 0.428463 2.19103 -0.377838 -0.231882 2.16722 2.59317 0.40083 2.18649 -0.0465856 0.00216629 0.0629472 -0.00550472 -0.0276333 -0.00453967 0.0783407 1.61495 0.162977 -0.0674544 1.99626 -2.73057 0.557924 2.03473 0.494229 0.166594 -0.108013 -5.32924 0.129461 -0.156298 0.532619 59.8096 0.675874 -1.45998 1.64098 0.0281247 -0.0907731 1.65146 0.125742 0.0193098 0.0330129 -0.117637 -0.906418 2.75625
307.931 -0.32781 -0.234871 2.10329 2.57319 0.429951 2.19704 -0.375084 -0.233834 2.16786 2.55176 0.421061 2.16808 -0.0472737 0.00103695 0.0645727 -0.0214244 -0.00888951 -0.0289622 0.0800344 1.6847 0.168134 -0.0710242 1.99481 -2.73061 0.558231 2.03434 0.495944 0.163847 -0.10848 -5.3038 0.12828 -0.162695 0.533455 61.4511 0.668568 -1.45888 1.6375 0.0282617 -0.0910684 1.65169 0.120843 0.0213541 0.0319043 -0.116807 -0.935071 2.75326
308.266 -0.323875 -0.235272 2.10241 2.55245 0.430772 2.2052 -0.378392 -0.238334 2.20896 2.61518 0.442968 2.18627 -0.0545166 -0.00306202 0.106556 0.0627291 0.0121962 -0.0189255 0.119732 4.22837 0.172497 -0.0737159 1.9932 -2.73015 0.558434 2.03406 0.496372 0.161556 -0.109208 -5.28261 0.127662 -0.171133 0.533303 62.9224 0.661286 -1.45782 1.63393 0.0287154 -0.0917371 1.65181 0.116009 0.0237955 0.0309447 -0.115496 -0.961101 2.74727
308.566 -0.318212 -0.236466 2.10179 2.53253 0.431925 2.2168 -0.367359 -0.235618 2.16697 2.56447 0.438183 2.21433 -0.0491469 0.000847846 0.0651798 0.0319397 0.0062579 -0.00247476 0.0816366 1.92783 0.179679 -0.0766445 1.99062 -2.72992 0.557832 2.03345 0.49789 0.159821 -0.111167 -5.26245 0.125907 -0.183351 0.534599 64.454 0.651673 -1.45656 1.62935 0.0298763 -0.0925824 1.65185 0.109545 0.02756 0.0297956 -0.111268 -0.987957 2.73616
320.01 -0.416267 -0.371979 2.08204 2.80049 0.509844 2.12766 -0.457833 -0.375159 2.15151 2.71543 0.481504 2.12391 -0.0415661 -0.00318003 0.0694701 -0.0850617 -0.0283406 -0.00374451 0.0810182 5.04376 0.143346 -0.284967 1.861 -2.80462 0.540898 2.03031 0.559613 0.087012 -0.221032 -5.60511 0.0310541 -0.0973528 0.607942 41.9525 0.659446 -1.4893 1.4272 0.0303039 -0.0748363 1.6526 0.0189244 0.0528597 -0.110188 -0.000348391 -0.670248 2.74616
320.321 -0.423595 -0.371558 2.08473 2.86764 0.509969 2.12851 -0.462819 -0.376003 2.13961 2.79345 0.517087 2.11925 -0.0392235 -0.00444488 0.0548781 -0.0741887 0.00711756 -0.00925715 0.0676006 4.0374 0.141403 -0.2823 1.85407 -2.80296 0.542552 2.03095 0.564999 0.0892576 -0.230667 -5.67061 0.0325825 -0.0975622 0.616764 38.2475 0.661559 -1.48788 1.42125 0.0316369 -0.0761098 1.65295 0.0121628 0.0557019 -0.116857 -0.000526415 -0.605318 2.74603
320.619 -0.430482 -0.369301 2.08824 2.93955 0.510404 2.13013 -0.475686 -0.377679 2.15959 2.83163 0.520453 2.10341 -0.0452032 -0.00837703 0.0713493 -0.107918 0.0100489 -0.0267169 0.0848777 5.61911 0.142242 -0.278248 1.84681 -2.80078 0.544669 2.03171 0.572725 0.0910537 -0.241435 -5.74033 0.0342649 -0.0984223 0.628168 34.3364 0.663442 -1.4857 1.41551 0.033054 -0.0776739 1.65338 0.00549177 0.0585808 -0.124462 -0.000346326 -0.536175 2.74526
320.918 -0.440468 -0.364245 2.09341 3.03842 0.511185 2.13202 -0.484168 -0.37611 2.17155 2.96784 0.514111 2.1053 -0.0437001 -0.0118646 0.0781481 -0.070581 0.00292633 -0.0267193 0.0903194 3.55688 0.142507 -0.272446 1.83763 -2.79715 0.547435 2.03307 0.582975 0.0917985 -0.255776 -5.83557 0.0362502 -0.0989543 0.643202 28.9929 0.665598 -1.48158 1.40837 0.0340249 -0.0798125 1.6541 -0.00302362 0.0622069 -0.135836 -0.000517487 -0.440078 2.74479
321.277 -0.449888 -0.360179 2.09686 3.11246 0.51254 2.13329 -0.497065 -0.374386 2.19461 3.02457 0.500249 2.10992 -0.0471765 -0.0142075 0.0977533 -0.0878874 -0.0122916 -0.0233701 0.109468 4.59389 0.140669 -0.268997 1.83127 -2.79551 0.548728 2.03457 0.590558 0.0911813 -0.265593 -5.90797 0.0361876 -0.0987206 0.653921 24.9242 0.666969 -1.47767 1.40331 0.0331265 -0.08103 1.65475 -0.00890477 0.0646882 -0.14513 -0.00033463 -0.366431 2.74467
321.614 -0.461321 -0.356232 2.09965 -3.09777 0.514192 2.1346 -0.501075 -0.363919 2.166 3.1144 0.510906 2.11898 -0.0397542 -0.00768702 0.06635 6.21217 -0.00328638 -0.0156232 0.077729 3.71763 0.13546 -0.266551 1.82546 -2.79566 0.549812 2.03613 0.59678 0.0896806 -0.274197 0.302115 0.03562 -0.0984718 0.662853 20.8447 0.668123 -1.47321 1.39846 0.0305135 -0.0818686 1.65549 -0.0141882 0.0669065 -0.154926 -0.000330522 -0.292213 2.74464
321.936 -0.477975 -0.350675 2.10269 -3.00289 0.516862 2.13653 -0.50455 -0.353071 2.12846 -3.06355 0.553396 2.12703 -0.0265751 -0.00239588 0.0257631 -0.0606545 0.0365344 -0.00950484 0.0370906 3.85021 0.126305 -0.263012 1.81757 -2.79799 0.551208 2.03772 0.604281 0.0876636 -0.285121 0.204905 0.0343463 -0.0988156 0.673895 15.5348 0.669225 -1.46668 1.39243 0.0253029 -0.0826011 1.65658 -0.0201305 0.0694108 -0.168556 -0.000317461 -0.194013 2.74457
322.599 -0.502906 -0.340219 2.10696 -2.86429 0.521954 2.1397 -0.543479 -0.348909 2.17178 -2.92131 0.532175 2.13173 -0.0405735 -0.00868958 0.0648262 -0.0570155 0.0102214 -0.00796656 0.0769686 3.1181 0.109608 -0.257158 1.80698 -2.80479 0.555117 2.03971 0.612513 0.0830615 -0.299981 0.0595057 0.0331635 -0.0999825 0.687067 8.25079 0.669474 -1.45643 1.38455 0.0152317 -0.0837806 1.65837 -0.0265963 0.0721291 -0.189628 -0.000319753 -0.0486222 2.74452
322.949 -0.522905 -0.339391 2.10233 -2.82171 0.526337 2.14126 -0.550502 -0.338961 2.15061 -2.83029 0.511357 2.13972 -0.0275964 0.000430336 0.0482835 -0.00857734 -0.0149804 -0.0015475 0.0556151 0.971161 0.0905648 -0.255868 1.80119 -2.81984 0.559713 2.04088 0.61347 0.0835229 -0.301141 0.00187141 0.0333753 -0.100382 0.688482 6.11408 0.668529 -1.45057 1.38068 0.00400442 -0.0830732 1.6592 -0.0282132 0.0728097 -0.197382 -0.000323273 0.00337896 2.74451
323.278 -0.539038 -0.346734 2.0954 -2.83212 0.528925 2.14183 -0.570587 -0.33976 2.1556 -2.80305 0.564426 2.13927 -0.0315494 0.00697369 0.060197 0.0290681 0.0355018 -0.00256302 0.0683204 2.68088 0.0743508 -0.260353 1.80081 -2.83091 0.562251 2.04102 0.613389 0.0863804 -0.29459 0.00120366 0.033326 -0.100812 0.685923 6.11754 0.667745 -1.44889 1.38082 -0.00663573 -0.0804191 1.65974 -0.0282078 0.0728073 -0.19735 -0.000325807 0.0031804 2.74451
323.596 -0.5399 -0.356786 2.09312 -2.83657 0.525573 2.14062 -0.589966 -0.350429 2.15758 -2.82828 0.53793 2.13194 -0.0500661 0.00635661 0.0644552 0.00828813 0.012357 -0.00868219 0.0818627 1.10181 0.0717428 -0.269895 1.80086 -2.83604 0.559362 2.04004 0.611643 0.0868915 -0.292262 0.000526536 0.0337893 -0.100588 0.683428 6.09429 0.666197 -1.44861 1.38175 -0.00812637 -0.0756788 1.65987 -0.0282025 0.072805 -0.197318 -0.000327962 0.00298688 2.74451
323.903 -0.534236 -0.363636 2.09413 -2.8372 0.52165 2.13906 -0.589779 -0.361621 2.15688 -2.82956 0.533993 2.13148 -0.0555432 0.00201436 0.0627493 0.00763692 0.0123432 -0.00757792 0.0838247 1.03514 0.0752492 -0.27794 1.80205 -2.83673 0.55554 2.03874 0.609485 0.0856959 -0.292088 0.000473817 0.0338897 -0.100314 0.681271 6.07967 0.66392 -1.44969 1.38301 -0.00587212 -0.0721702 1.65957 -0.0281973 0.0728027 -0.197287 -0.000329814 0.00279249 2.74451
324.924 -0.481358 -0.365192 2.11045 -2.81792 0.508593 2.13309 -0.547092 -0.37179 2.17795 -2.80185 0.491948 2.13079 -0.0657347 -0.00659819 0.0675017 0.0160717 -0.0166445 -0.00229686 0.0944514 1.37515 0.117183 -0.294155 1.80946 -2.8184 0.542806 2.03466 0.59854 0.0710367 -0.300995 -0.000478425 0.0342129 -0.0984267 0.673717 5.9572 0.651871 -1.45901 1.38426 0.0209211 -0.0703932 1.65673 -0.0281814 0.0727959 -0.197195 -0.00033447 0.00221267 2.74451
325.61 -0.458296 -0.367428 2.11664 -2.81035 0.505634 2.12978 -0.512958 -0.368369 2.17453 -2.80124 0.531186 2.12152 -0.0546618 -0.000940846 0.0578883 0.00910658 0.0255521 -0.00825369 0.0796233 1.69812 0.137524 -0.303323 1.81282 -2.8134 0.539987 2.03126 0.59582 0.0641054 -0.303822 -0.00304566 0.0343536 -0.0985148 0.671877 5.89728 0.64247 -1.46784 1.38158 0.0310244 -0.0714651 1.65422 -0.028174 0.0727927 -0.197153 -0.000336629 0.00194209 2.74451
326.655 -0.440011 -0.378319 2.11958 -2.80644 0.503189 2.12526 -0.489563 -0.3774 2.17183 -2.79457 0.524893 2.12643 -0.0495518 0.000918506 0.0522571 0.0118654 0.0217037 0.00117142 0.0720211 1.40305 0.152002 -0.319623 1.81433 -2.81148 0.536344 2.02681 0.592014 0.0586961 -0.30525 -0.00504187 0.0331554 -0.0984522 0.668658 5.82154 0.631635 -1.48072 1.37505 0.0383663 -0.0711953 1.65074 -0.028167 0.0727897 -0.197113 -0.000338649 0.00168859 2.74451
327.003 -0.43621 -0.382193 2.11987 -2.80581 0.502542 2.12406 -0.485602 -0.381063 2.17108 -2.79368 0.523165 2.12719 -0.0493917 0.00113016 0.0512056 0.0121284 0.0206231 0.0031273 0.0711535 1.33764 0.153833 -0.326661 1.81587 -2.81207 0.534639 2.02569 0.590043 0.0555323 -0.304002 -0.00625772 0.0320971 -0.0983751 0.666072 5.76837 0.629263 -1.48423 1.37294 0.0398934 -0.0709272 1.64987 -0.0281655 0.0727891 -0.197104 -0.000339082 0.00163426 2.74451
327.399 -0.432979 -0.385659 2.12011 -2.80516 0.501975 2.12303 -0.481645 -0.384724 2.17034 -2.7928 0.521438 2.12795 -0.0486665 0.000934669 0.0502291 0.0123589 0.0194634 0.00491613 0.0699447 1.27626 0.155609 -0.333178 1.81725 -2.81273 0.533239 2.02455 0.588588 0.0524813 -0.302857 -0.00757475 0.0312639 -0.0984842 0.664012 5.72813 0.627372 -1.48746 1.37087 0.0413423 -0.0707351 1.6491 -0.0281643 0.0727885 -0.197097 -0.000339454 0.00158753 2.74451
327.727 -0.43068 -0.389195 2.12007 -2.80467 0.501921 2.12206 -0.477693 -0.388385 2.1696 -2.79193 0.519712 2.1287 -0.0470129 0.000809506 0.0495355 0.0127405 0.0177914 0.00663718 0.0682982 1.20203 0.157581 -0.338906 1.8179 -2.81604 0.531576 2.02242 0.588261 0.0502887 -0.302163 -0.0113714 0.0296559 -0.0996415 0.663237 5.67685 0.62564 -1.49121 1.36812 0.0423982 -0.0709055 1.64824 -0.0281628 0.0727879 -0.197088 -0.000339871 0.00153524 2.74451
328.066 -0.430706 -0.390957 2.11979 -2.80467 0.502497 2.12166 -0.481584 -0.396701 2.20012 -2.78111 0.484043 2.11587 -0.0508789 -0.00574372 0.0803383 0.0235657 -0.0184538 -0.00579163 0.0952674 1.86425 0.157929 -0.341827 1.81828 -2.81887 0.531175 2.02099 0.588635 0.0491306 -0.301506 -0.0141931 0.0286783 -0.100674 0.663182 5.65645 0.624962 -1.49358 1.36614 0.0423916 -0.0713855 1.64772 -0.0281619 0.0727875 -0.197083 -0.000340133 0.00150238 2.74451
328.395 -0.431711 -0.391493 2.11957 -2.80469 0.503561 2.12155 -0.486091 -0.401618 2.21663 -2.81616 0.539929 2.10409 -0.0543802 -0.0101252 0.0970558 -0.0114673 0.0363682 -0.0174685 0.111712 2.26261 0.157676 -0.3432 1.81866 -2.82143 0.531627 2.02002 0.589387 0.048293 -0.300918 -0.0167434 0.0280663 -0.101536 0.663521 5.64132 0.624793 -1.49552 1.36439 0.0420029 -0.0722812 1.64731 -0.0281612 0.0727872 -0.197079 -0.000340345 0.00147588 2.74451
328.824 -0.433178 -0.390034 2.11972 -2.80407 0.505364 2.12175 -0.476792 -0.393194 2.16996 -2.80388 0.556892 2.11145 -0.0436141 -0.00316023 0.0502397 0.000195462 0.0515272 -0.0102921 0.0666048 3.01168 0.156012 -0.342934 1.81939 -2.8241 0.532947 2.01925 0.58919 0.0470998 -0.300326 -0.0200221 0.0275824 -0.102491 0.662993 5.62225 0.625266 -1.49738 1.36249 0.0416955 -0.0741006 1.64689 -0.0281603 0.0727868 -0.197074 -0.0003406 0.00144394 2.74451
329.543 -0.436529 -0.384878 2.12014 -2.80273 0.508584 2.12262 -0.49013 -0.397881 2.21739 -2.8171 0.541644 2.10329 -0.0536006 -0.0130026 0.0972518 -0.0143784 0.0330594 -0.0193249 0.111803 2.13955 0.152596 -0.339882 1.82088 -2.82805 0.535914 2.01895 0.589125 0.044996 -0.299254 -0.025323 0.0273299 -0.103664 0.662304 5.58869 0.627291 -1.49853 1.36052 0.041051 -0.0774686 1.6466 -0.0281593 0.0727864 -0.197068 -0.000340898 0.0014066 2.74451
330.265 -0.444122 -0.376676 2.12012 -2.80206 0.513091 2.12431 -0.485727 -0.38212 2.17167 -2.77691 0.547279 2.12982 -0.0416043 -0.00544424 0.0515541 0.0251472 0.0341874 0.00550271 0.0664709 2.35634 0.143943 -0.33661 1.82494 -2.83435 0.540311 2.02036 0.588065 0.0400659 -0.295173 -0.0322852 0.02722 -0.103951 0.659206 5.49961 0.631365 -1.49784 1.35935 0.0387647 -0.0816291 1.64668 -0.0281584 0.072786 -0.197063 -0.000341156 0.0013744 2.74451
330.616 -0.447326 -0.372244 2.12026 -2.80145 0.515033 2.12519 -0.488711 -0.378455 2.1724 -2.8062 0.563436 2.10924 -0.0413847 -0.00621068 0.0521439 -0.00475421 0.0484027 -0.0159511 0.06686 2.88866 0.141177 -0.332358 1.82529 -2.83647 0.542105 2.02105 0.588504 0.0398858 -0.294972 -0.0350212 0.0270716 -0.104146 0.659497 5.47332 0.633539 -1.49702 1.35915 0.0379832 -0.0835752 1.64682 -0.0281582 0.0727859 -0.197062 -0.000341228 0.00136536 2.74451
330.978 -0.449933 -0.36849 2.12039 -2.8007 0.516377 2.12595 -0.493529 -0.373737 2.17259 -2.79547 0.526621 2.12567 -0.0435955 -0.00524684 0.0522072 0.00522883 0.0102442 -0.000280105 0.068218 0.662638 0.136658 -0.32865 1.82542 -2.83999 0.543288 2.0216 0.586592 0.0398396 -0.294971 -0.0392929 0.0269107 -0.104352 0.657788 5.43884 0.635914 -1.49601 1.35907 0.0376406 -0.0850701 1.64703 -0.0281579 0.0727858 -0.19706 -0.000341305 0.00135573 2.74451
331.345 -0.452936 -0.365294 2.12029 -2.79991 0.517152 2.12671 -0.4975 -0.370072 2.17337 -2.79638 0.52835 2.12491 -0.0445641 -0.00477848 0.0530741 0.00353017 0.0111979 -0.00179986 0.0694669 0.695488 0.131662 -0.323766 1.82402 -2.84358 0.544091 2.02229 0.584597 0.0415271 -0.296273 -0.0436692 0.0269388 -0.104418 0.656701 5.41088 0.639366 -1.49445 1.35906 0.0375866 -0.0861107 1.6474 -0.0281576 0.0727857 -0.197059 -0.000341378 0.0013466 2.74451
331.785 -0.454922 -0.363454 2.12017 -2.7993 0.517314 2.12717 -0.510438 -0.37533 2.22151 -2.82149 0.551542 2.09946 -0.0555156 -0.0118761 0.101337 -0.0221944 0.0342287 -0.0277137 0.116156 2.43462 0.128937 -0.319886 1.82224 -2.84559 0.544452 2.02258 0.583859 0.0435684 -0.297932 -0.0462958 0.0271386 -0.10459 0.656927 5.40936 0.642148 -1.49313 1.35911 0.0378083 -0.0865448 1.6477 -0.0281575 0.0727856 -0.197058 -0.00034143 0.00134016 2.74451
332.557 -0.458059 -0.35706 2.12066 -2.7965 0.517536 2.12824 -0.501518 -0.362639 2.17434 -2.79679 0.531375 2.12433 -0.0434588 -0.00557904 0.0536731 -0.000283512 0.0138388 -0.00390519 0.0692863 0.821867 0.121483 -0.312297 1.82045 -2.84857 0.545973 2.02426 0.579542 0.0447627 -0.300213 -0.0520704 0.0284366 -0.10398 0.654218 5.38649 0.649199 -1.48945 1.35966 0.0396087 -0.0880544 1.64835 -0.0281571 0.0727855 -0.197056 -0.000341516 0.00132928 2.74451
332.928 -0.459221 -0.353073 2.12116 -2.79484 0.517792 2.12873 -0.5055 -0.358971 2.17513 -2.79771 0.533109 2.12357 -0.046279 -0.00589799 0.0539671 -0.00286912 0.0153169 -0.00516231 0.0713371 0.914288 0.120447 -0.307236 1.81914 -2.84832 0.546477 2.02545 0.579668 0.0458375 -0.302024 -0.0534738 0.028685 -0.103282 0.655237 5.35709 0.652464 -1.48757 1.36011 0.0406932 -0.0890396 1.64856 -0.028157 0.0727854 -0.197055 -0.000341549 0.00132502 2.74451
333.335 -0.461238 -0.349178 2.1214 -2.79357 0.518168 2.12919 -0.517339 -0.362762 2.22184 -2.80895 0.515453 2.1169 -0.0561002 -0.0135836 0.100439 -0.0153755 -0.00271442 -0.0122912 0.115843 0.826616 0.119434 -0.303051 1.81837 -2.84841 0.546826 2.02612 0.580672 0.0461274 -0.303027 -0.0548436 0.0286589 -0.103068 0.656607 5.34713 0.655899 -1.48549 1.36059 0.041406 -0.0899533 1.64875 -0.0281569 0.0727854 -0.197055 -0.000341582 0.00132078 2.74451
334.064 -0.472358 -0.342475 2.1197 -2.79382 0.519901 2.13013 -0.525488 -0.355261 2.22348 -2.81084 0.518867 2.11538 -0.0531301 -0.0127855 0.103782 -0.0170202 -0.00103386 -0.0147561 0.11729 0.922385 0.11292 -0.298319 1.81858 -2.85062 0.548034 2.02666 0.585278 0.0441563 -0.301119 -0.0567985 0.0281326 -0.103467 0.659677 5.35577 0.664694 -1.48029 1.36127 0.0398901 -0.0913238 1.64907 -0.0281568 0.0727853 -0.197054 -0.000341614 0.00131661 2.74451
334.847 -0.487458 -0.343402 2.11535 -2.7977 0.52079 2.13032 -0.529398 -0.344487 2.17968 -2.80441 0.540889 2.11854 -0.0419404 -0.00108515 0.0643362 -0.00670881 0.0200994 -0.0117737 0.076807 1.29089 0.0981356 -0.298102 1.81651 -2.85505 0.548723 2.02669 0.585594 0.0452999 -0.298839 -0.0573499 0.0279336 -0.103629 0.658997 5.35877 0.673121 -1.47632 1.3605 0.0359289 -0.0902938 1.64927 -0.0281567 0.0727853 -0.197053 -0.000341646 0.00131244 2.74451
335.292 -0.4969 -0.348148 2.11176 -2.80065 0.519871 2.12988 -0.539626 -0.34812 2.17859 -2.77886 0.526193 2.13572 -0.042726 2.78249e-05 0.0668307 0.0217937 0.00632249 0.00584493 0.0793212 1.1767 0.0877205 -0.300794 1.81351 -2.85868 0.547908 2.02668 0.58462 0.0473543 -0.298246 -0.0580306 0.0280379 -0.103202 0.658007 5.34595 0.679101 -1.47442 1.35908 0.0339564 -0.0881649 1.6494 -0.0281566 0.0727852 -0.197053 -0.000341662 0.00131038 2.74451
335.78 -0.502741 -0.352923 2.10917 -2.80242 0.518501 2.12935 -0.549156 -0.352563 2.18254 -2.8126 0.540262 2.11339 -0.0464146 0.000360577 0.0733662 -0.01018 0.0217611 -0.0159574 0.0868161 1.48068 0.0799079 -0.305242 1.81177 -2.86132 0.546752 2.02682 0.582649 0.0476809 -0.297407 -0.0588987 0.0282508 -0.102521 0.6559 5.32627 0.683726 -1.47344 1.35757 0.0332829 -0.0861933 1.64948 -0.0281565 0.0727852 -0.197053 -0.000341679 0.00130828 2.74451
336.262 -0.507741 -0.35831 2.10669 -2.80379 0.516778 2.12871 -0.555258 -0.357897 2.18019 -2.78622 0.524184 2.13156 -0.0475165 0.000413525 0.0735029 0.017561 0.00740624 0.00285054 0.0875252 1.02755 0.073229 -0.310453 1.80982 -2.86336 0.54511 2.02686 0.58097 0.0478573 -0.296872 -0.0595784 0.0283324 -0.101846 0.654178 5.30615 0.688455 -1.47284 1.35568 0.0331794 -0.0841 1.64953 -0.0281565 0.0727852 -0.197053 -0.000341679 0.00130828 2.74451
336.718 -0.520763 -0.373356 2.09985 -2.80748 0.51296 2.12719 -0.568442 -0.373678 2.18338 -2.82165 0.535433 2.10807 -0.0476786 -0.000321515 0.083537 -0.0141714 0.0224732 -0.0191147 0.0961862 1.62052 0.0567576 -0.325949 1.80508 -2.86876 0.540521 2.02647 0.577521 0.0474079 -0.294765 -0.0612803 0.0275613 -0.100722 0.650127 5.267 0.699997 -1.47289 1.34937 0.0323968 -0.0791259 1.6496 -0.0281565 0.0727852 -0.197052 -0.000341696 0.00130622 2.74451
336.99 -0.528149 -0.381595 2.09594 -2.8099 0.51155 2.12654 -0.578851 -0.383141 2.18297 -2.79717 0.51873 2.12503 -0.0507017 -0.00154619 0.08703 0.0127321 0.00717983 -0.00151 0.100734 0.878042 0.049495 -0.332074 1.80126 -2.87179 0.53864 2.0256 0.577644 0.0495207 -0.294683 -0.0618902 0.0270901 -0.100939 0.650356 5.27808 0.705219 -1.47357 1.34573 0.0312287 -0.0768473 1.64961 -0.0281565 0.0727852 -0.197052 -0.000341696 0.00130622 2.74451
337.237 -0.539089 -0.395244 2.08973 -2.81404 0.509368 2.12552 -0.586577 -0.39274 2.18334 -2.8015 0.515833 2.12287 -0.0474884 0.00250403 0.0936111 0.0125449 0.00646467 -0.00265087 0.104997 0.885586 0.0388104 -0.341361 1.79454 -2.87626 0.536517 2.02451 0.577899 0.053883 -0.295184 -0.0622216 0.0271492 -0.101011 0.651156 5.29187 0.712447 -1.47517 1.33992 0.0290695 -0.0730935 1.64963 -0.0281564 0.0727852 -0.197052 -0.000341714 0.00130417 2.74451
337.554 -0.547912 -0.407443 2.08432 -2.81768 0.507454 2.12464 -0.600289 -0.406998 2.18823 -2.8368 0.52677 2.09921 -0.0523773 0.000444418 0.103908 -0.0191107 0.0193162 -0.0254267 0.116364 1.72306 0.0283783 -0.349624 1.78872 -2.88012 0.535547 2.02397 0.57629 0.0578182 -0.295603 -0.0624307 0.0280936 -0.100664 0.650258 5.29942 0.718044 -1.47689 1.33484 0.0271496 -0.0697892 1.64965 -0.0281564 0.0727852 -0.197052 -0.000341714 0.00130417 2.74451
337.884 -0.556343 -0.42037 2.0788 -2.82116 0.505314 2.12371 -0.612078 -0.422509 2.18936 -2.84238 0.522647 2.09603 -0.0557349 -0.00213896 0.110567 -0.0212131 0.0173331 -0.0276707 0.123839 1.75569 0.0200455 -0.359172 1.78294 -2.88372 0.534172 2.02348 0.576389 0.0611981 -0.295858 -0.0625573 0.0288581 -0.100227 0.65077 5.30105 0.723746 -1.47902 1.32934 0.0255027 -0.0663665 1.64966 -0.0281564 0.0727852 -0.197052 -0.000341714 0.00130417 2.74451
338.424 -0.571889 -0.44816 2.06765 -2.82641 0.500183 2.12161 -0.621715 -0.444318 2.14674 -2.84368 0.532076 2.0949 -0.0498262 0.00384229 0.0790901 -0.0172754 0.0318927 -0.026704 0.0935556 2.27262 0.00316022 -0.379751 1.76971 -2.8892 0.531744 2.02294 0.575049 0.0684092 -0.297944 -0.062795 0.0315604 -0.0986624 0.651254 5.29986 0.737073 -1.48493 1.31602 0.0242362 -0.0595876 1.64959 -0.0281564 0.0727852 -0.197052 -0.000341714 0.00130417 2.74451
338.751 -0.576745 -0.457581 2.06397 -2.82718 0.49833 2.12084 -0.615952 -0.449663 2.10145 -2.80924 0.532503 2.11807 -0.0392078 0.00791856 0.0374778 0.0179404 0.0341731 -0.00277032 0.0548137 2.25307 -0.0011344 -0.387028 1.76473 -2.88966 0.530429 2.02257 0.57561 0.0705533 -0.299243 -0.0624842 0.0320996 -0.0982721 0.652573 5.29668 0.742655 -1.48752 1.31042 0.0247788 -0.0576493 1.64949 -0.0281563 0.0727851 -0.197052 -0.000341738 0.00130214 2.74451
338.963 -0.581251 -0.464902 2.06087 -2.82734 0.497107 2.12028 -0.635218 -0.470135 2.14474 -2.82207 0.512233 2.11114 -0.0539668 -0.00523347 0.0838745 0.00526522 0.0151266 -0.0091383 0.0998736 1.1264 -0.00208398 -0.39167 1.75954 -2.8894 0.529672 2.02224 0.579167 0.0732315 -0.30133 -0.062062 0.0325656 -0.0980432 0.656961 5.29609 0.748114 -1.48993 1.30504 0.0254842 -0.0565268 1.64936 -0.0281563 0.0727851 -0.197052 -0.000341738 0.00130214 2.74451
339.439 -0.592591 -0.473487 2.05544 -2.82638 0.497403 2.11991 -0.634822 -0.475742 2.10314 -2.81856 0.525616 2.11271 -0.0422309 -0.00225497 0.0476962 0.00782014 0.0282134 -0.00720067 0.0637453 1.77894 -0.00469918 -0.401017 1.75354 -2.88544 0.529363 2.02171 0.587892 0.0724703 -0.301899 -0.0590629 0.0319603 -0.0981995 0.66484 5.2676 0.76029 -1.49443 1.29381 0.0264119 -0.0572144 1.64891 -0.0281563 0.0727851 -0.197052 -0.000341738 0.00130214 2.74451
339.654 -0.597384 -0.473706 2.05401 -2.82536 0.498598 2.12007 -0.654275 -0.487235 2.1458 -2.82966 0.508832 2.10658 -0.0568915 -0.0135286 0.0917872 -0.00429883 0.0102338 -0.0134929 0.108833 0.904822 -0.00539031 -0.402234 1.75203 -2.88279 0.529905 2.02168 0.591993 0.0714721 -0.301984 -0.0574343 0.0313075 -0.0983932 0.6684 5.25039 0.765212 -1.49575 1.28976 0.0267083 -0.0586935 1.64865 -0.0281563 0.0727851 -0.197052 -0.000341738 0.00130214 2.74451
339.996 -0.603511 -0.47273 2.05245 -2.82393 0.500336 2.12031 -0.657718 -0.485863 2.13563 -2.83974 0.506684 2.07965 -0.0542063 -0.0131329 0.0831818 -0.0158072 0.00634811 -0.0406542 0.10015 2.08375 -0.00557992 -0.402736 1.7504 -2.8786 0.530153 2.02157 0.597932 0.0699937 -0.302049 -0.054667 0.0298176 -0.0987386 0.673539 5.22127 0.771425 -1.49692 1.28512 0.0270929 -0.0608204 1.64829 -0.0281563 0.0727851 -0.197052 -0.000341738 0.00130214 2.74451
340.204 -0.608248 -0.471359 2.05134 -2.82307 0.501775 2.12051 -0.654114 -0.478252 2.10611 -2.82561 0.526243 2.10812 -0.0458654 -0.00689257 0.0547674 -0.0025447 0.0244685 -0.0123909 0.0717678 1.5456 -0.00538503 -0.402901 1.74969 -2.87649 0.530646 2.02154 0.602863 0.0684583 -0.30165 -0.0534219 0.0288712 -0.0989718 0.677587 5.20752 0.775797 -1.49735 1.28217 0.027127 -0.0624382 1.64801 -0.0281563 0.0727851 -0.197052 -0.000341738 0.00130214 2.74451
340.455 -0.613315 -0.46963 2.05017 -2.82254 0.503365 2.12075 -0.66021 -0.476828 2.10796 -2.82833 0.527251 2.10615 -0.0468948 -0.00719813 0.0577876 -0.00578672 0.023886 -0.0146003 0.0747686 1.55217 -0.0068041 -0.402037 1.74881 -2.8744 0.531267 2.02154 0.606511 0.0675935 -0.301357 -0.0518606 0.027902 -0.0992098 0.680617 5.19433 0.779898 -1.49744 1.27966 0.0267663 -0.0640345 1.64773 -0.0281563 0.0727851 -0.197052 -0.000341738 0.00130214 2.74451
340.918 -0.625204 -0.465771 2.04718 -2.82243 0.506774 2.12124 -0.675945 -0.47385 2.1111 -2.83319 0.529662 2.10256 -0.0507413 -0.00807872 0.0639255 -0.0107552 0.0228882 -0.0186774 0.0820147 1.60985 -0.0105543 -0.398723 1.74637 -2.87272 0.533178 2.0217 0.614649 0.0670479 -0.300808 -0.0502894 0.0264035 -0.0995359 0.687586 5.17476 0.788275 -1.49661 1.27536 0.0251063 -0.0669776 1.64718 -0.0281563 0.0727851 -0.197052 -0.000341738 0.00130214 2.74451
341.308 -0.630026 -0.46507 2.04569 -2.82296 0.507708 2.12128 -0.681743 -0.474035 2.11193 -2.83382 0.530544 2.10176 -0.051717 -0.00896422 0.0662398 -0.0108556 0.0228357 -0.0195165 0.0845146 1.63063 -0.0108119 -0.396791 1.74444 -2.87346 0.533992 2.02176 0.619214 0.0682795 -0.301247 -0.0505032 0.0262844 -0.0995105 0.691981 5.16922 0.79129 -1.49593 1.27413 0.0242193 -0.0675197 1.64698 -0.0281563 0.0727851 -0.197052 -0.000341738 0.00130214 2.74451
341.895 -0.634412 -0.465197 2.04411 -2.82381 0.508177 2.12118 -0.685386 -0.473351 2.10887 -2.8089 0.5191 2.11982 -0.050974 -0.00815432 0.0647677 0.0149102 0.010923 -0.00135148 0.0828233 1.09217 -0.011384 -0.39634 1.74305 -2.87463 0.53449 2.02175 0.623028 0.0688568 -0.301062 -0.0508165 0.0263126 -0.099426 0.695373 5.1646 0.793908 -1.49512 1.27327 0.0233093 -0.0675254 1.64681 -0.0281563 0.0727851 -0.197052 -0.000341738 0.00130214 2.74451
342.252 -0.640202 -0.466785 2.04156 -2.82577 0.508296 2.12088 -0.679157 -0.465354 2.07312 -2.82954 0.547795 2.10315 -0.0389547 0.00143143 0.031565 -0.00377416 0.0394991 -0.0177299 0.0501585 2.44521 -0.0119251 -0.395426 1.74012 -2.87681 0.534427 2.02155 0.628277 0.0713595 -0.301433 -0.0510458 0.0261317 -0.0993308 0.70049 5.15723 0.796737 -1.49385 1.27257 0.0216835 -0.0667302 1.64664 -0.0281563 0.0727851 -0.197052 -0.000341738 0.00130214 2.74451
342.505 -0.645018 -0.468898 2.03912 -2.82801 0.508332 2.12063 -0.697319 -0.476436 2.11441 -2.83956 0.530677 2.09813 -0.0523011 -0.00753845 0.075283 -0.0115496 0.0223452 -0.0224989 0.091977 1.70042 -0.0144678 -0.395817 1.73818 -2.87916 0.534189 2.02135 0.63055 0.0730804 -0.300941 -0.0511538 0.0258572 -0.0992747 0.702495 5.15047 0.798362 -1.49284 1.27221 0.0198072 -0.0657356 1.64654 -0.0281563 0.0727851 -0.197052 -0.000341738 0.00130214 2.74451
343.116 -0.656418 -0.474768 2.03294 -2.83438 0.508884 2.12028 -0.708961 -0.480733 2.10493 -2.80477 0.481961 2.13306 -0.0525428 -0.00596462 0.0719843 0.029603 -0.0269232 0.0127768 0.0893199 2.1474 -0.0219003 -0.395581 1.7329 -2.8856 0.534049 2.02096 0.634518 0.0791879 -0.300048 -0.0512219 0.0251655 -0.0993235 0.706338 5.14102 0.800513 -1.49093 1.27162 0.0140744 -0.0632982 1.64646 -0.0281563 0.0727851 -0.197052 -0.000341738 0.00130214 2.74451
343.964 -0.662163 -0.484976 2.02754 -2.84043 0.507413 2.11965 -0.718643 -0.490895 2.09329 -2.86286 0.556082 2.09955 -0.0564801 -0.00591848 0.0657471 -0.0224334 0.0486696 -0.0201054 0.0868776 3.04182 -0.0204548 -0.400467 1.72837 -2.89175 0.53233 2.02007 0.641708 0.0845093 -0.29917 -0.0513196 0.0249171 -0.0995874 0.713045 5.15412 0.799653 -1.49081 1.27103 0.00966478 -0.0592841 1.64664 -0.0281563 0.0727851 -0.197052 -0.000341738 0.00130214 2.74451
344.51 -0.656697 -0.495325 2.02654 -2.84196 0.503499 2.11876 -0.723214 -0.504412 2.1117 -2.8374 0.487445 2.11132 -0.0665167 -0.00908683 0.0851609 0.00455282 -0.0160544 -0.00744406 0.108441 1.09647 -0.00596142 -0.408109 1.72598 -2.89285 0.528387 2.01932 0.650736 0.0872161 -0.300565 -0.0508923 0.0248877 -0.0994421 0.722082 5.15731 0.796151 -1.4931 1.27053 0.0104995 -0.0552508 1.647 -0.0281563 0.0727851 -0.197052 -0.000341738 0.00130214 2.74451
344.799 -0.652286 -0.500327 2.0268 -2.84199 0.501244 2.11826 -0.712444 -0.505014 2.09118 -2.8624 0.549497 2.10092 -0.0601588 -0.00468759 0.0643824 -0.0204112 0.0482532 -0.0173441 0.0882392 2.9719 0.00153065 -0.412571 1.72544 -2.89257 0.526045 2.01902 0.653816 0.0877562 -0.301361 -0.0505808 0.0248006 -0.0992438 0.725255 5.1526 0.793982 -1.49464 1.27036 0.0117242 -0.0533124 1.64718 -0.0281563 0.0727851 -0.197052 -0.000341738 0.00130214 2.74451
345.067 -0.64521 -0.506523 2.02775 -2.84154 0.498244 2.11761 -0.701004 -0.506162 2.07341 -2.85441 0.512038 2.09754 -0.0557947 0.000360333 0.0456652 -0.0128729 0.0137941 -0.02007 0.0721006 1.29241 0.0137383 -0.417318 1.72441 -2.89176 0.522999 2.01856 0.658948 0.0892053 -0.30334 -0.0502184 0.0247554 -0.0990522 0.730879 5.15077 0.790557 -1.49702 1.27026 0.0137961 -0.0509559 1.6474 -0.0281563 0.0727851 -0.197052 -0.000341738 0.00130214 2.74451
345.341 -0.639124 -0.510401 2.02894 -2.84077 0.496133 2.11715 -0.713545 -0.525486 2.12984 -2.86754 0.529586 2.0999 -0.0744215 -0.0150853 0.100899 -0.0267718 0.0334533 -0.0172472 0.12628 2.34852 0.0242959 -0.420772 1.7242 -2.89065 0.520923 2.0183 0.66342 0.0896287 -0.304744 -0.0498737 0.0247901 -0.0988416 0.735546 5.14674 0.787644 -1.49891 1.27032 0.0156549 -0.0495073 1.64754 -0.0281563 0.0727851 -0.197052 -0.000341738 0.00130214 2.74451
345.609 -0.632838 -0.51334 2.03043 -2.83976 0.494362 2.11676 -0.700118 -0.525627 2.11167 -2.84452 0.515068 2.0965 -0.0672803 -0.0122864 0.0812401 -0.00476016 0.0207063 -0.0202671 0.106196 1.58881 0.0338439 -0.425212 1.72538 -2.88924 0.519192 2.01821 0.666682 0.0881288 -0.305048 -0.0494776 0.0248302 -0.0985552 0.738435 5.13813 0.7845 -1.5008 1.27049 0.0175514 -0.0484518 1.64765 -0.0281563 0.0727851 -0.197052 -0.000341738 0.00130214 2.74451
346.152 -0.617519 -0.515454 2.0353 -2.83613 0.491948 2.11637 -0.684348 -0.528533 2.10854 -2.83986 0.512797 2.1 -0.0668286 -0.0130795 0.0732422 -0.00372948 0.0208481 -0.0163715 0.100008 1.46954 0.0560956 -0.429442 1.72797 -2.88496 0.517009 2.01842 0.673615 0.0860117 -0.307326 -0.0488259 0.0250603 -0.0979522 0.745388 5.11864 0.776665 -1.50499 1.27132 0.0220324 -0.048059 1.64782 -0.0281563 0.0727851 -0.197052 -0.000341738 0.00130214 2.74451
346.5 -0.611614 -0.515405 2.03736 -2.83467 0.4915 2.11636 -0.67426 -0.526744 2.10875 -2.86303 0.524962 2.08268 -0.0626461 -0.0113393 0.0713855 -0.0283619 0.0334623 -0.0336796 0.0956504 2.64338 0.0657029 -0.430805 1.72955 -2.88337 0.516688 2.01851 0.677317 0.0845991 -0.307811 -0.0486964 0.025188 -0.0978536 0.748774 5.11688 0.773287 -1.50666 1.27173 0.0235357 -0.048346 1.64788 -0.0281563 0.0727851 -0.197052 -0.000341738 0.00130214 2.74451
346.788 -0.606933 -0.515865 2.03879 -2.83388 0.491311 2.11642 -0.664762 -0.525769 2.10484 -2.83387 0.511563 2.10452 -0.0578298 -0.00990396 0.0660463 4.75952e-06 0.0202522 -0.0119009 0.088343 1.34581 0.0743225 -0.432268 1.73084 -2.88256 0.516699 2.01858 0.681255 0.0835975 -0.307952 -0.0486774 0.0253878 -0.0978399 0.752284 5.11971 0.77001 -1.5083 1.27195 0.0242904 -0.0485483 1.64795 -0.0281563 0.0727851 -0.197052 -0.000341738 0.00130214 2.74451
347.103 -0.602271 -0.518165 2.0396 -2.83387 0.490991 2.11646 -0.665886 -0.530533 2.12024 -2.85295 0.523903 2.1106 -0.0636147 -0.0123687 0.0806422 -0.0190771 0.0329119 -0.00585942 0.103455 2.12283 0.0837174 -0.434651 1.73154 -2.88246 0.516523 2.01868 0.685989 0.0835139 -0.308063 -0.0485949 0.0255321 -0.0977802 0.756609 5.11979 0.765896 -1.51053 1.27185 0.0244155 -0.0482819 1.64807 -0.0281563 0.0727851 -0.197052 -0.000341738 0.00130214 2.74451
347.379 -0.599216 -0.520824 2.03979 -2.83418 0.490526 2.11642 -0.643372 -0.51711 2.06284 -2.82312 0.526812 2.11037 -0.0441557 0.00371339 0.0230461 0.0110553 0.0362862 -0.00605161 0.0499463 2.2489 0.0882457 -0.436996 1.73168 -2.88276 0.515966 2.01869 0.687462 0.0838278 -0.308113 -0.0485788 0.0254407 -0.0977324 0.758001 5.11734 0.763036 -1.51226 1.27156 0.0243606 -0.0477435 1.64819 -0.0281563 0.0727851 -0.197052 -0.000341738 0.00130214 2.74451
347.734 -0.596317 -0.523758 2.0399 -2.83452 0.489987 2.11638 -0.65309 -0.530764 2.10277 -2.83028 0.509273 2.10705 -0.0567732 -0.0070057 0.0628714 0.00423838 0.0192861 -0.00932526 0.0850005 1.29996 0.0944543 -0.43948 1.7316 -2.883 0.515208 2.0187 0.690771 0.0842783 -0.308294 -0.0484789 0.0252206 -0.0976774 0.761126 5.11282 0.760381 -1.51403 1.27117 0.0243227 -0.0471326 1.64831 -0.0281563 0.0727851 -0.197052 -0.000341738 0.00130214 2.74451
348.034 -0.592439 -0.527652 2.04009 -2.83474 0.489221 2.11632 -0.649134 -0.534205 2.10185 -2.82938 0.507792 2.10788 -0.0566947 -0.00655306 0.0617641 0.00535773 0.0185711 -0.00844186 0.0840953 1.26579 0.103341 -0.44458 1.73249 -2.88309 0.514294 2.0188 0.69578 0.0830722 -0.307592 -0.048348 0.0250737 -0.09752 0.76526 5.10507 0.757175 -1.51647 1.27045 0.0244865 -0.0463777 1.64849 -0.0281563 0.0727851 -0.197052 -0.000341738 0.00130214 2.74451
348.468 -0.588856 -0.530369 2.04054 -2.83438 0.488409 2.11623 -0.645183 -0.537645 2.10094 -2.8285 0.506312 2.10871 -0.0563278 -0.00727596 0.0603969 0.00588684 0.017903 -0.00752743 0.0829068 1.22109 0.109326 -0.447748 1.73272 -2.88258 0.513543 2.01888 0.698181 0.0826205 -0.307823 -0.0481938 0.0251342 -0.0973529 0.767488 5.1 0.755025 -1.51831 1.26985 0.0252063 -0.0458521 1.64862 -0.0281563 0.0727851 -0.197052 -0.000341738 0.00130214 2.74451
348.973 -0.584729 -0.532715 2.04133 -2.83355 0.487437 2.11611 -0.652972 -0.549858 2.14148 -2.8354 0.488796 2.10561 -0.0682435 -0.0171435 0.10015 -0.00184782 0.00135933 -0.0104958 0.122397 0.565099 0.115708 -0.45041 1.73273 -2.88157 0.512667 2.01894 0.700437 0.0823051 -0.308599 -0.0480178 0.0252303 -0.0971688 0.769818 5.09501 0.753106 -1.5201 1.26928 0.0264413 -0.0454071 1.64876 -0.0281563 0.0727851 -0.197052 -0.000341738 0.00130214 2.74451
349.487 -0.578762 -0.534547 2.04294 -2.83168 0.486271 2.11601 -0.635535 -0.540913 2.09938 -2.82705 0.503928 2.1103 -0.0567729 -0.00636628 0.0564391 0.0046364 0.0176568 -0.00571054 0.080306 1.13298 0.125319 -0.45204 1.73226 -2.8796 0.511729 2.01901 0.704081 0.0825066 -0.310679 -0.0479192 0.0254583 -0.0969965 0.773989 5.09324 0.750951 -1.52233 1.26859 0.0286706 -0.0452703 1.64893 -0.0281563 0.0727851 -0.197052 -0.000341738 0.00130214 2.74451
349.879 -0.57434 -0.534854 2.04445 -2.82988 0.485641 2.11601 -0.641096 -0.553037 2.13929 -2.83211 0.486728 2.10813 -0.0667566 -0.0181828 0.0948413 -0.00223064 0.00108706 -0.0078755 0.117396 0.41212 0.132044 -0.452393 1.73206 -2.87773 0.5113 2.01914 0.706383 0.0824606 -0.312394 -0.0478486 0.0256589 -0.0968657 0.776767 5.09155 0.749684 -1.5238 1.26813 0.030542 -0.0455593 1.64903 -0.0281563 0.0727851 -0.197052 -0.000341738 0.00130214 2.74451
350.577 -0.567727 -0.532154 2.04773 -2.82613 0.485826 2.11638 -0.61986 -0.540857 2.09916 -2.84723 0.515239 2.09487 -0.052133 -0.00870309 0.0514253 -0.0211076 0.0294135 -0.0215133 0.0737438 2.09555 0.144534 -0.450889 1.73275 -2.87381 0.511776 2.01986 0.712261 0.0812648 -0.314978 -0.047681 0.02595 -0.0965229 0.783027 5.07906 0.748188 -1.52597 1.26745 0.0336112 -0.0474527 1.64915 -0.0281563 0.0727851 -0.197052 -0.000341738 0.00130214 2.74451
350.925 -0.564693 -0.527474 2.05035 -2.82332 0.48694 2.11687 -0.616297 -0.538209 2.09954 -2.83179 0.538421 2.09595 -0.0516034 -0.0107355 0.0491864 -0.00846714 0.0514812 -0.020928 0.0720935 3.13088 0.151459 -0.447557 1.73394 -2.87099 0.513145 2.0206 0.716152 0.0799164 -0.316406 -0.0476685 0.0262054 -0.0962738 0.787003 5.06825 0.747985 -1.52664 1.26745 0.0353483 -0.0496871 1.64913 -0.0281563 0.0727851 -0.197052 -0.000341738 0.00130214 2.74451
351.242 -0.562651 -0.522487 2.05263 -2.82089 0.488023 2.11729 -0.610536 -0.532567 2.09539 -2.81702 0.504514 2.11679 -0.0478847 -0.0100807 0.0427553 0.00386852 0.0164915 -0.000497081 0.0649814 0.973978 0.157365 -0.443709 1.73496 -2.86859 0.514345 2.02123 0.720016 0.0787774 -0.317679 -0.0476933 0.026322 -0.0960607 0.790917 5.05718 0.74822 -1.5266 1.26782 0.0368149 -0.0517268 1.64907 -0.0281563 0.0727851 -0.197052 -0.000341738 0.00130214 2.74451
351.547 -0.561124 -0.516445 2.05497 -2.81841 0.489347 2.11775 -0.62232 -0.537917 2.14232 -2.83769 0.525194 2.09301 -0.0611959 -0.0214723 0.0873525 -0.0192856 0.0358467 -0.0247438 0.108795 2.43446 0.161176 -0.439243 1.73637 -2.86613 0.515846 2.02184 0.7223 0.0772022 -0.318599 -0.0477181 0.0264992 -0.0959124 0.79321 5.0495 0.748778 -1.52604 1.26847 0.0381965 -0.053997 1.64897 -0.0281563 0.0727851 -0.197052 -0.000341738 0.00130214 2.74451
351.858 -0.560737 -0.507533 2.05762 -2.81561 0.491525 2.11848 -0.618364 -0.528483 2.13824 -2.82293 0.491866 2.11346 -0.0576268 -0.0209498 0.0806135 -0.00732177 0.000341162 -0.00501839 0.101283 0.380522 0.161194 -0.433981 1.73954 -2.86349 0.518243 2.02256 0.721931 0.073552 -0.318083 -0.0478796 0.0267182 -0.0959212 0.79232 5.04787 0.750048 -1.5245 1.26964 0.0393445 -0.0571385 1.64882 -0.0281563 0.0727851 -0.197052 -0.000341738 0.00130214 2.74451
352.207 -0.562282 -0.500701 2.059 -2.81427 0.493536 2.11913 -0.618498 -0.521126 2.13871 -2.82219 0.494202 2.1136 -0.0562156 -0.0204249 0.0797036 -0.00791774 0.000665747 -0.00552838 0.0996496 0.414015 0.158738 -0.428318 1.74111 -2.86225 0.520348 2.02319 0.72102 0.0723826 -0.317893 -0.0479794 0.026812 -0.0959377 0.791306 5.045 0.751425 -1.52284 1.27066 0.0393048 -0.0594649 1.64872 -0.0281563 0.0727851 -0.197052 -0.000341738 0.00130214 2.74451
352.557 -0.564847 -0.494786 2.05978 -2.81358 0.495292 2.11969 -0.627417 -0.519258 2.1661 -2.80941 0.465052 2.10328 -0.0625696 -0.0244717 0.106312 0.00417308 -0.0302401 -0.0164086 0.125762 2.0374 0.155188 -0.422713 1.74203 -2.86165 0.522142 2.02379 0.720035 0.0720727 -0.317755 -0.0480653 0.0268501 -0.0959011 0.790325 5.03941 0.753167 -1.52086 1.27178 0.0388514 -0.0612785 1.64865 -0.0281563 0.0727851 -0.197052 -0.000341738 0.00130214 2.74451
352.893 -0.568298 -0.488281 2.06044 -2.81291 0.496722 2.12015 -0.622692 -0.506554 2.14029 -2.82195 0.499245 2.11302 -0.0543947 -0.0182732 0.0798562 -0.00904275 0.00252365 -0.00713146 0.0983346 0.504354 0.151626 -0.41481 1.74157 -2.86084 0.523591 2.02471 0.719924 0.073471 -0.318867 -0.0479348 0.0268695 -0.095438 0.7908 5.01399 0.756015 -1.51781 1.27344 0.0385753 -0.0628063 1.64859 -0.0281563 0.0727851 -0.197052 -0.000341738 0.00130214 2.74451
353.249 -0.571042 -0.483616 2.06079 -2.81243 0.497523 2.12041 -0.626923 -0.501183 2.1453 -2.83544 0.537586 2.09292 -0.0558816 -0.0175671 0.0845104 -0.0230074 0.0400632 -0.0274889 0.102827 2.7262 0.149148 -0.408643 1.74071 -2.86033 0.524386 2.0252 0.72019 0.0749722 -0.320075 -0.0478986 0.0268634 -0.0952157 0.791671 5.00132 0.758506 -1.51524 1.27477 0.038508 -0.0637085 1.64856 -0.0281563 0.0727851 -0.197052 -0.000341738 0.00130214 2.74451
353.735 -0.574592 -0.479094 2.06078 -2.81227 0.4984 2.1207 -0.615209 -0.485044 2.09568 -2.78758 0.508075 2.13567 -0.0406171 -0.00595029 0.0349025 0.0246898 0.00967478 0.014971 0.0538826 1.36888 0.145458 -0.402208 1.73955 -2.86028 0.525233 2.02544 0.72005 0.0768857 -0.32123 -0.0480062 0.0268327 -0.0952612 0.792194 5.00069 0.761284 -1.51245 1.27605 0.0381078 -0.0645284 1.64854 -0.0281563 0.0727851 -0.197052 -0.000341738 0.00130214 2.74451
354.11 -0.579179 -0.474819 2.06033 -2.81256 0.499435 2.12103 -0.632344 -0.489224 2.13809 -2.79643 0.492652 2.13053 -0.0531648 -0.0144058 0.0777649 0.0161269 -0.00678312 0.00949999 0.0952964 0.906982 0.140756 -0.396274 1.73855 -2.86068 0.526207 2.0257 0.719935 0.0785443 -0.321776 -0.0481257 0.0267721 -0.0953315 0.792474 5.00046 0.764341 -1.50951 1.27723 0.0372218 -0.0652805 1.64854 -0.0281563 0.0727851 -0.197052 -0.000341738 0.00130214 2.74451
354.478 -0.586624 -0.470261 2.05895 -2.81367 0.500729 2.12142 -0.629055 -0.477192 2.10546 -2.82949 0.560179 2.09472 -0.0424313 -0.006931 0.0465185 -0.0158178 0.0594504 -0.0267051 0.0633437 3.65527 0.133514 -0.389749 1.73723 -2.86181 0.527363 2.0262 0.720138 0.0805116 -0.321719 -0.0481338 0.0266343 -0.0952288 0.792833 4.99002 0.768816 -1.50549 1.27856 0.0354453 -0.0658718 1.64857 -0.0281563 0.0727851 -0.197052 -0.000341738 0.00130214 2.74451
354.824 -0.592533 -0.46744 2.05764 -2.81468 0.501529 2.12167 -0.63541 -0.473435 2.10512 -2.80467 0.54912 2.11323 -0.0428764 -0.00599472 0.0474767 0.0100095 0.0475905 -0.00844493 0.0642523 2.87685 0.12758 -0.386344 1.73668 -2.86272 0.528057 2.02663 0.720114 0.0810958 -0.320961 -0.0480338 0.026528 -0.0950392 0.792563 4.97713 0.772425 -1.50247 1.27941 0.0340591 -0.0660921 1.64861 -0.0281563 0.0727851 -0.197052 -0.000341738 0.00130214 2.74451
355.28 -0.598238 -0.464728 2.05638 -2.81554 0.502182 2.12188 -0.654432 -0.479853 2.14632 -2.82897 0.511249 2.10672 -0.0561949 -0.0151252 0.0899333 -0.0134321 0.00906653 -0.015167 0.10712 0.983972 0.123482 -0.380982 1.73455 -2.86342 0.52862 2.02708 0.721719 0.0837457 -0.321834 -0.0478883 0.0264384 -0.0948071 0.79465 4.96294 0.776183 -1.49947 1.2802 0.0328993 -0.0662588 1.64865 -0.0281563 0.0727851 -0.197052 -0.000341738 0.00130214 2.74451
356.401 -0.616842 -0.455746 2.05214 -2.81789 0.504231 2.12255 -0.675817 -0.47126 2.14566 -2.82219 0.476959 2.12138 -0.0589752 -0.015514 0.0935146 -0.00430447 -0.0272724 -0.00116563 0.111641 1.57843 0.10828 -0.368744 1.73074 -2.86587 0.530493 2.02779 0.725122 0.0870023 -0.321399 -0.0479852 0.0262612 -0.0947518 0.797916 4.95219 0.789064 -1.48961 1.2823 0.0295445 -0.06693 1.64877 -0.0281563 0.0727851 -0.197052 -0.000341738 0.00130214 2.74451
356.741 -0.623978 -0.452591 2.05035 -2.81877 0.504925 2.12279 -0.675205 -0.465182 2.12631 -2.84962 0.546509 2.11022 -0.0512265 -0.0125908 0.0759612 -0.0308506 0.041584 -0.0125705 0.0924813 2.83573 0.10034 -0.364156 1.72904 -2.86699 0.531135 2.02777 0.724318 0.0884348 -0.321307 -0.0482148 0.02621 -0.0950254 0.797305 4.96262 0.794124 -1.48585 1.28291 0.0283139 -0.0671167 1.64884 -0.0281563 0.0727851 -0.197052 -0.000341738 0.00130214 2.74451
357.108 -0.629174 -0.450574 2.04895 -2.81945 0.505365 2.12296 -0.67817 -0.459357 2.1123 -2.83118 0.53518 2.10297 -0.0489955 -0.00878307 0.0633484 -0.0117352 0.0298146 -0.0199863 0.0805651 1.97893 0.0942406 -0.360847 1.72756 -2.86781 0.531507 2.02768 0.723415 0.0897269 -0.321387 -0.0483631 0.0261415 -0.0952774 0.796662 4.97232 0.797828 -1.48319 1.28324 0.0274294 -0.0671825 1.6489 -0.0281563 0.0727851 -0.197052 -0.000341738 0.00130214 2.74451
357.457 -0.634408 -0.449116 2.04738 -2.82028 0.505738 2.1231 -0.696252 -0.465849 2.15093 -2.81397 0.506313 2.1171 -0.0618434 -0.0167329 0.103555 0.00631481 0.000575154 -0.0060025 0.121771 0.609093 0.0879773 -0.357495 1.72563 -2.86876 0.531787 2.02758 0.722385 0.0916204 -0.321741 -0.0484818 0.0260488 -0.0955215 0.796086 4.98146 0.801437 -1.48071 1.2834 0.0264439 -0.0671186 1.64897 -0.0281563 0.0727851 -0.197052 -0.000341738 0.00130214 2.74451
357.855 -0.63954 -0.448361 2.04566 -2.82126 0.505953 2.12319 -0.689176 -0.455908 2.10917 -2.82228 0.500424 2.1194 -0.0496351 -0.00754661 0.0635154 -0.00102406 -0.00552848 -0.00379424 0.0809617 0.372203 0.0831894 -0.356894 1.72498 -2.86965 0.53192 2.0278 0.72273 0.0914675 -0.320683 -0.0483967 0.0259671 -0.0953934 0.795954 4.97351 0.804925 -1.47845 1.2834 0.0254266 -0.0668543 1.64904 -0.0281563 0.0727851 -0.197052 -0.000341738 0.00130214 2.74451
358.196 -0.646217 -0.448484 2.04314 -2.82279 0.505979 2.12321 -0.700011 -0.456673 2.11698 -2.83945 0.537507 2.09739 -0.0537941 -0.00818938 0.0738415 -0.016657 0.0315287 -0.0258234 0.0917248 2.22616 0.0781613 -0.356455 1.72346 -2.87107 0.531829 2.02802 0.724378 0.0920287 -0.319682 -0.0482714 0.0258499 -0.0951903 0.797113 4.96191 0.809339 -1.4758 1.28316 0.0240381 -0.0661737 1.64914 -0.0281563 0.0727851 -0.197052 -0.000341738 0.00130214 2.74451
358.541 -0.651505 -0.450061 2.04074 -2.82451 0.505743 2.12311 -0.701857 -0.455157 2.1057 -2.79986 0.489623 2.13507 -0.0503516 -0.00509681 0.0649548 0.0246538 -0.0161207 0.0119587 0.0823432 1.54712 0.0763971 -0.358368 1.72269 -2.87277 0.531469 2.02797 0.727902 0.0916926 -0.318051 -0.0482558 0.0257261 -0.0951376 0.799628 4.95812 0.812433 -1.4741 1.28273 0.0226684 -0.065188 1.64922 -0.0281563 0.0727851 -0.197052 -0.000341738 0.00130214 2.74451
359.286 -0.664784 -0.455629 2.0341 -2.82956 0.505739 2.12301 -0.721509 -0.464813 2.12038 -2.84594 0.536929 2.09278 -0.0567253 -0.00918421 0.0862781 -0.0163777 0.0311898 -0.0302225 0.103663 2.33532 0.0710185 -0.364335 1.72074 -2.87796 0.531066 2.02771 0.735803 0.0912938 -0.313363 -0.0483969 0.0253265 -0.0953007 0.804945 4.9597 0.818771 -1.47123 1.28077 0.0182296 -0.0628702 1.64942 -0.0281563 0.0727851 -0.197052 -0.000341738 0.00130214 2.74451
359.641 -0.67003 -0.459114 2.03109 -2.83188 0.505599 2.12292 -0.729353 -0.468796 2.12164 -2.84883 0.536189 2.09091 -0.0593227 -0.0096814 0.0905532 -0.0169465 0.0305902 -0.0320162 0.108687 2.36778 0.0696989 -0.368049 1.71985 -2.88027 0.530748 2.0277 0.739729 0.0910653 -0.311239 -0.0483825 0.0251489 -0.0952198 0.807689 4.95353 0.821045 -1.47059 1.27955 0.0162437 -0.0616696 1.64951 -0.0281563 0.0727851 -0.197052 -0.000341738 0.00130214 2.74451
360.001 -0.67451 -0.463756 2.02808 -2.83421 0.504977 2.12271 -0.732821 -0.470854 2.11011 -2.81105 0.487237 2.12822 -0.0583104 -0.00709795 0.0820297 0.0231558 -0.0177401 0.0055061 0.100893 1.57942 0.0687184 -0.371915 1.71828 -2.88239 0.529984 2.02775 0.743229 0.0918413 -0.309804 -0.0481786 0.0250066 -0.0949615 0.810433 4.94062 0.823001 -1.47033 1.2782 0.0145867 -0.0600918 1.64963 -0.0281563 0.0727851 -0.197052 -0.000341738 0.00130214 2.74451
360.336 -0.679077 -0.471961 2.02404 -2.83733 0.503288 2.12219 -0.734917 -0.473671 2.09801 -2.86678 0.563331 2.09609 -0.0558404 -0.00171042 0.0739653 -0.0294456 0.0600435 -0.0260946 0.0926927 3.78817 0.0681092 -0.379331 1.71607 -2.8851 0.528095 2.02762 0.747186 0.0926299 -0.307974 -0.0477711 0.024807 -0.0945609 0.813459 4.92275 0.825068 -1.4706 1.27613 0.0128331 -0.0572203 1.64979 -0.0281563 0.0727851 -0.197052 -0.000341738 0.00130214 2.74451
360.682 -0.681927 -0.479541 2.02074 -2.83986 0.501628 2.12169 -0.744183 -0.485795 2.11096 -2.81595 0.483363 2.12563 -0.0622569 -0.0062547 0.090227 0.0239091 -0.0182657 0.00393476 0.1098 1.65256 0.0675304 -0.386005 1.71401 -2.88724 0.526256 2.0274 0.749457 0.0935358 -0.306726 -0.0473803 0.0246283 -0.0942908 0.815178 4.91127 0.826218 -1.47128 1.27422 0.0115812 -0.054647 1.64994 -0.0281563 0.0727851 -0.197052 -0.000341738 0.00130214 2.74451
361.359 -0.687393 -0.497814 2.01302 -2.84577 0.49807 2.12072 -0.749952 -0.503239 2.09903 -2.87416 0.554297 2.09188 -0.0625592 -0.00542526 0.0860111 -0.0283929 0.056227 -0.0288339 0.106494 3.61281 0.0654462 -0.402662 1.70972 -2.89236 0.522171 2.02667 0.752839 0.0951524 -0.3033 -0.0465978 0.024101 -0.0940471 0.817198 4.90057 0.827552 -1.47389 1.26929 0.00841867 -0.0489085 1.65033 -0.0281563 0.0727851 -0.197052 -0.000341738 0.00130214 2.74451
361.723 -0.690497 -0.511784 2.00732 -2.84999 0.495605 2.12014 -0.744945 -0.510712 2.0772 -2.84267 0.502209 2.10668 -0.0544478 0.00107217 0.0698739 0.00732379 0.00660362 -0.0134539 0.0885893 1.10606 0.063493 -0.416609 1.70726 -2.89598 0.519196 2.02621 0.75399 0.0951755 -0.300065 -0.0459934 0.0235906 -0.0939255 0.817067 4.89329 0.827763 -1.47661 1.26515 0.00605678 -0.0448629 1.65066 -0.0281563 0.0727851 -0.197052 -0.000341738 0.00130214 2.74451
362.033 -0.69233 -0.522971 2.00283 -2.85311 0.493752 2.11976 -0.742688 -0.516578 2.05354 -2.85765 0.528485 2.11317 -0.0503576 0.00639233 0.0507177 -0.00453972 0.0347324 -0.00659595 0.0717568 2.01848 0.0615538 -0.427851 1.70524 -2.89861 0.516979 2.02602 0.753884 0.0951194 -0.297585 -0.0455044 0.0232266 -0.0937446 0.816055 4.88399 0.827585 -1.47919 1.26149 0.00430509 -0.0418572 1.65095 -0.0281563 0.0727851 -0.197052 -0.000341738 0.00130214 2.74451
362.401 -0.693372 -0.534391 1.99835 -2.85589 0.491909 2.11945 -0.74613 -0.530823 2.05314 -2.85994 0.523976 2.11215 -0.0527585 0.00356743 0.0547809 -0.0040591 0.0320669 -0.00730798 0.0761389 1.87367 0.0591315 -0.43749 1.70179 -2.90106 0.51482 2.02572 0.752503 0.0969002 -0.296569 -0.0451753 0.0229108 -0.0937316 0.814619 4.88343 0.827129 -1.48224 1.25729 0.00281365 -0.0390088 1.65127 -0.0281563 0.0727851 -0.197052 -0.000341738 0.00130214 2.74451
363.167 -0.692017 -0.563495 1.98792 -2.86112 0.486653 2.1187 -0.75148 -0.560173 2.05555 -2.88986 0.525542 2.09118 -0.0594634 0.00332144 0.0676333 -0.0287348 0.0388885 -0.0275164 0.0901177 2.7647 0.0619377 -0.460763 1.69135 -2.90541 0.508941 2.02521 0.753954 0.102732 -0.296562 -0.0442851 0.0222882 -0.0934889 0.81667 4.87612 0.825042 -1.49121 1.24558 0.000885944 -0.0321107 1.65216 -0.0281563 0.0727851 -0.197052 -0.000341738 0.00130214 2.74451
363.52 -0.69013 -0.5772 1.98341 -2.86308 0.483919 2.11828 -0.750959 -0.577725 2.05411 -2.8909 0.519725 2.09114 -0.0608292 -0.000525216 0.0706955 -0.0278235 0.0358063 -0.0271397 0.0932648 2.60429 0.0662461 -0.472141 1.68663 -2.90699 0.506055 2.02506 0.756376 0.105059 -0.29678 -0.04391 0.0221366 -0.0932271 0.81928 4.868 0.823735 -1.49576 1.24005 0.000581605 -0.0288831 1.65256 -0.0281563 0.0727851 -0.197052 -0.000341738 0.00130214 2.74451
363.691 -0.687409 -0.590636 1.97927 -2.86457 0.481183 2.11788 -0.742588 -0.588809 2.03347 -2.84718 0.491481 2.10586 -0.0551793 0.00182739 0.0541939 0.0173871 0.0102976 -0.0120205 0.0773633 1.56723 0.0709313 -0.483771 1.68216 -2.90818 0.503193 2.02483 0.75834 0.106865 -0.297114 -0.0436189 0.0220095 -0.0930467 0.821447 4.86422 0.8222 -1.50066 1.23436 0.00068557 -0.0258602 1.65296 -0.0281563 0.0727851 -0.197052 -0.000341738 0.00130214 2.74451
364.006 -0.682622 -0.607829 1.97435 -2.86581 0.477637 2.11734 -0.745563 -0.609583 2.04659 -2.86681 0.49681 2.11167 -0.062941 -0.00175361 0.0722448 -0.000997609 0.0191723 -0.00567281 0.0958329 1.13952 0.0764018 -0.497852 1.67571 -2.90904 0.499508 2.02448 0.759023 0.109977 -0.298635 -0.043232 0.0218712 -0.0928649 0.82304 4.86204 0.819841 -1.50759 1.22657 0.00143372 -0.0222572 1.65345 -0.0281563 0.0727851 -0.197052 -0.000341738 0.00130214 2.74451
364.599 -0.673441 -0.631851 1.96802 -2.86621 0.47262 2.11657 -0.739078 -0.639003 2.04347 -2.86668 0.488572 2.11252 -0.0656372 -0.00715218 0.0754489 -0.000477262 0.0159525 -0.004046 0.100259 0.940036 0.0821982 -0.519996 1.66755 -2.90866 0.494392 2.02402 0.755639 0.111855 -0.30047 -0.0424589 0.0217726 -0.0925435 0.820844 4.85704 0.815819 -1.51855 1.21452 0.00371468 -0.0177889 1.65409 -0.0281563 0.0727851 -0.197052 -0.000341738 0.00130214 2.74451
364.939 -0.666503 -0.646386 1.96471 -2.8657 0.469453 2.11601 -0.718237 -0.640316 2.00281 -2.85858 0.498791 2.11658 -0.0517334 0.0060695 0.0381014 0.00711488 0.0293374 0.000566623 0.0645361 1.72646 0.0862679 -0.533472 1.66226 -2.90753 0.491177 2.0237 0.752771 0.112914 -0.302454 -0.0418393 0.0217239 -0.0923065 0.81908 4.85244 0.812986 -1.52601 1.2067 0.00589606 -0.0152829 1.65445 -0.0281563 0.0727851 -0.197052 -0.000341738 0.00130214 2.74451
365.287 -0.661204 -0.656656 1.96269 -2.86509 0.467303 2.1156 -0.721554 -0.660407 2.02423 -2.84722 0.467539 2.11008 -0.0603499 -0.00375037 0.0615443 0.0178693 0.00023509 -0.00551934 0.0862779 1.20008 0.0898665 -0.542808 1.65885 -2.90659 0.489105 2.02344 0.751071 0.113849 -0.303842 -0.0415046 0.0218017 -0.0921564 0.818162 4.85123 0.810878 -1.53159 1.20124 0.00757049 -0.013765 1.65465 -0.0281563 0.0727851 -0.197052 -0.000341738 0.00130214 2.74451
365.55 -0.656415 -0.665836 1.96109 -2.86446 0.465527 2.11522 -0.722781 -0.676381 2.03775 -2.8651 0.475811 2.1158 -0.0663664 -0.0105445 0.0766605 -0.000637619 0.0102835 0.000578798 0.101944 0.592153 0.0936777 -0.551276 1.65583 -2.90571 0.487357 2.02317 0.750093 0.11456 -0.305263 -0.0412516 0.0218294 -0.0920516 0.817893 4.85066 0.808851 -1.53708 1.19618 0.00911524 -0.0125336 1.65478 -0.0281563 0.0727851 -0.197052 -0.000341738 0.00130214 2.74451
366.435 -0.64374 -0.693534 1.9569 -2.8631 0.460329 2.11357 -0.701741 -0.700709 2.01807 -2.84526 0.453831 2.11423 -0.0580011 -0.00717471 0.0611708 0.0178429 -0.00649779 0.000656866 0.0846018 1.07301 0.0989484 -0.572629 1.64536 -2.90354 0.482285 2.02201 0.742688 0.120906 -0.311543 -0.0404373 0.0219555 -0.0915612 0.81441 4.8404 0.803306 -1.55411 1.18202 0.0134687 -0.00871578 1.65474 -0.0281563 0.0727851 -0.197052 -0.000341738 0.00130214 2.74451
367.056 -0.640594 -0.703721 1.95546 -2.86327 0.458259 2.11264 -0.69776 -0.710821 2.01675 -2.84507 0.450526 2.11506 -0.0571662 -0.00709986 0.061287 0.0181988 -0.00773277 0.00242188 0.0841099 1.08426 0.100058 -0.581237 1.64244 -2.90352 0.48018 2.02118 0.740652 0.122484 -0.313017 -0.0402462 0.0219213 -0.0914627 0.813356 4.83983 0.801817 -1.56003 1.17791 0.0147226 -0.00684273 1.65449 -0.0281563 0.0727851 -0.197052 -0.000341738 0.00130214 2.74451
367.851 -0.638664 -0.709798 1.95501 -2.86318 0.457033 2.11193 -0.698333 -0.722048 2.02104 -2.85661 0.47958 2.09529 -0.0596697 -0.0122504 0.0660259 0.00657463 0.0225468 -0.016638 0.089833 1.74451 0.100623 -0.585939 1.64069 -2.90338 0.478952 2.02048 0.739286 0.123859 -0.314327 -0.040202 0.0219189 -0.091456 0.812826 4.84218 0.801014 -1.56396 1.17553 0.0157094 -0.00583354 1.65421 -0.0281563 0.0727851 -0.197052 -0.000341738 0.00130214 2.74451
368.098 -0.63716 -0.714091 1.95518 -2.86279 0.456297 2.11127 -0.701145 -0.733992 2.03706 -2.89823 0.500039 2.08063 -0.0639853 -0.0199014 0.0818878 -0.0354341 0.0437422 -0.0306427 0.10581 3.19427 0.101376 -0.590169 1.64017 -2.90307 0.478234 2.01977 0.738536 0.123921 -0.315005 -0.040279 0.0219375 -0.091501 0.812416 4.8463 0.800492 -1.56738 1.17365 0.0166973 -0.00538811 1.65383 -0.0281563 0.0727851 -0.197052 -0.000341738 0.00130214 2.74451
368.636 -0.636166 -0.715816 1.95603 -2.86195 0.456375 2.11078 -0.680518 -0.718534 1.98205 -2.84998 0.490021 2.09899 -0.0443519 -0.00271748 0.0260213 0.0119735 0.0336457 -0.0117857 0.0514935 2.25064 0.102909 -0.593054 1.64072 -2.90233 0.478374 2.01927 0.739076 0.122762 -0.315305 -0.0403777 0.021999 -0.0915067 0.812847 4.84719 0.800265 -1.57024 1.1721 0.0176614 -0.00583805 1.65338 -0.0281563 0.0727851 -0.197052 -0.000341738 0.00130214 2.74451
369.179 -0.635883 -0.715422 1.95741 -2.86053 0.457451 2.11034 -0.689837 -0.731028 2.01417 -2.84475 0.443984 2.11673 -0.053954 -0.0156061 0.0567564 0.0157825 -0.0134671 0.0063876 0.079849 1.12187 0.10391 -0.593383 1.64118 -2.90111 0.479564 2.01882 0.739792 0.122039 -0.31624 -0.0405799 0.0221127 -0.0915203 0.813753 4.84695 0.800446 -1.57316 1.17013 0.0186636 -0.0074066 1.65271 -0.0281563 0.0727851 -0.197052 -0.000341738 0.00130214 2.74451
369.726 -0.636693 -0.714713 1.95779 -2.85978 0.458511 2.1101 -0.692519 -0.733047 2.02216 -2.87908 0.486457 2.07748 -0.0558256 -0.0183341 0.0643686 -0.0193061 0.0279455 -0.0326154 0.0871547 2.32322 0.103808 -0.593321 1.64125 -2.90041 0.480702 2.01862 0.740502 0.121392 -0.316538 -0.040632 0.0221909 -0.0914763 0.814417 4.84339 0.800967 -1.57472 1.16845 0.0189853 -0.00865186 1.6522 -0.0281563 0.0727851 -0.197052 -0.000341738 0.00130214 2.74451
370.288 -0.638518 -0.714455 1.95717 -2.85956 0.459588 2.10991 -0.706921 -0.747294 2.06154 -2.88613 0.472067 2.07448 -0.0684025 -0.0328384 0.104369 -0.0265723 0.0124787 -0.0354245 0.129035 2.04258 0.102349 -0.593188 1.64055 -2.90024 0.481805 2.01844 0.740867 0.121267 -0.316623 -0.0406784 0.0222166 -0.0914713 0.814764 4.84104 0.801833 -1.57578 1.1664 0.0187973 -0.0096663 1.65174 -0.0281563 0.0727851 -0.197052 -0.000341738 0.00130214 2.74451
370.865 -0.641805 -0.715037 1.95501 -2.85977 0.460728 2.10971 -0.701067 -0.737468 2.03684 -2.89845 0.498987 2.08063 -0.0592624 -0.0224315 0.0818211 -0.0386782 0.0382583 -0.0290732 0.103489 3.0135 0.0965532 -0.594344 1.63902 -2.90043 0.482873 2.01815 0.738358 0.120693 -0.315997 -0.0406585 0.0221448 -0.0915577 0.812154 4.84177 0.803532 -1.57656 1.1631 0.0182135 -0.0105415 1.65126 -0.0281563 0.0727851 -0.197052 -0.000341738 0.00130214 2.74451
371.458 -0.64478 -0.715821 1.9527 -2.86012 0.461474 2.10964 -0.700043 -0.732581 2.02087 -2.85899 0.476247 2.09443 -0.0552628 -0.0167602 0.0681711 0.00113821 0.0147725 -0.0152082 0.0893431 1.23733 0.091237 -0.595633 1.63744 -2.90077 0.483533 2.01799 0.736017 0.120187 -0.315264 -0.0406495 0.0220584 -0.09165 0.809665 4.84347 0.805216 -1.57673 1.16028 0.0176011 -0.0110122 1.651 -0.0281563 0.0727851 -0.197052 -0.000341738 0.00130214 2.74451
371.672 -0.64816 -0.716919 1.94994 -2.86066 0.462113 2.10966 -0.708583 -0.741443 2.03798 -2.90082 0.498379 2.07894 -0.060423 -0.0245247 0.0880405 -0.0401569 0.0362654 -0.0307133 0.109561 2.99421 0.0861084 -0.596678 1.63543 -2.9013 0.484062 2.01793 0.734269 0.12024 -0.314513 -0.0406398 0.0219487 -0.091724 0.807791 4.8442 0.807247 -1.57662 1.15731 0.016832 -0.0113111 1.65085 -0.0281563 0.0727851 -0.197052 -0.000341738 0.00130214 2.74451
371.925 -0.652999 -0.717963 1.94619 -2.86125 0.463059 2.10988 -0.70925 -0.739212 2.02454 -2.88483 0.484561 2.07407 -0.056251 -0.0212489 0.0783539 -0.0235752 0.0215022 -0.0358164 0.0987676 2.2414 0.0786505 -0.599413 1.63337 -2.90202 0.484941 2.01806 0.73165 0.11855 -0.312814 -0.0407668 0.0218819 -0.0918193 0.804499 4.84582 0.810479 -1.5761 1.15329 0.0157747 -0.0118497 1.65079 -0.0281563 0.0727851 -0.197052 -0.000341738 0.00130214 2.74451
372.213 -0.656878 -0.718264 1.94343 -2.86155 0.463931 2.11021 -0.702447 -0.726649 1.98531 -2.8569 0.489531 2.09388 -0.0455688 -0.00838529 0.04188 0.00464626 0.0256001 -0.0163241 0.0624561 1.8237 0.0732391 -0.599262 1.63079 -2.90253 0.48579 2.01829 0.730117 0.119002 -0.312636 -0.0409871 0.0218595 -0.0919139 0.803102 4.84808 0.813279 -1.5755 1.15023 0.0149635 -0.0124645 1.65084 -0.0281563 0.0727851 -0.197052 -0.000341738 0.00130214 2.74451
372.651 -0.661037 -0.71883 1.94043 -2.86192 0.464723 2.1106 -0.719471 -0.739589 2.01833 -2.85328 0.44411 2.1106 -0.0584337 -0.0207589 0.0779085 0.00864679 -0.0206131 7.85606e-07 0.0995749 1.28085 0.0672548 -0.598605 1.62769 -2.90307 0.486525 2.01857 0.728292 0.120225 -0.312734 -0.0411505 0.0218023 -0.092021 0.801665 4.85066 0.816384 -1.57479 1.14706 0.0140809 -0.0129728 1.65097 -0.0281563 0.0727851 -0.197052 -0.000341738 0.00130214 2.74451
373.66 -0.671682 -0.724284 1.93107 -2.86386 0.465075 2.11129 -0.720764 -0.734578 1.98799 -2.86268 0.488708 2.08969 -0.0490814 -0.0102938 0.0569236 0.00117776 0.0236332 -0.0216 0.0758633 1.85646 0.0539623 -0.602479 1.6195 -2.90512 0.486639 2.019 0.725645 0.121805 -0.311572 -0.0412663 0.021564 -0.0922861 0.799046 4.8597 0.824701 -1.57291 1.13867 0.0118536 -0.012392 1.65149 -0.0281563 0.0727851 -0.197052 -0.000341738 0.00130214 2.74451
374.073 -0.676469 -0.727867 1.9263 -2.86492 0.464756 2.1115 -0.73321 -0.746278 2.00311 -2.88269 0.498647 2.09231 -0.0567406 -0.0184109 0.0768115 -0.0177686 0.033891 -0.0191838 0.0972547 2.23108 0.0493172 -0.606305 1.61582 -2.90615 0.48624 2.01926 0.725786 0.121562 -0.310471 -0.0412295 0.0214837 -0.0922426 0.798708 4.8572 0.828665 -1.57205 1.1346 0.0109386 -0.0116279 1.65177 -0.0281563 0.0727851 -0.197052 -0.000341738 0.00130214 2.74451
374.904 -0.688071 -0.737132 1.91449 -2.86743 0.463542 2.11192 -0.741417 -0.751705 1.98508 -2.85942 0.45426 2.10509 -0.0533461 -0.0145734 0.0705876 0.00801269 -0.00928218 -0.00682849 0.0896704 0.897875 0.0397443 -0.614693 1.60581 -2.90856 0.484912 2.01987 0.727815 0.122439 -0.308681 -0.0411284 0.02137 -0.0920517 0.799994 4.84905 0.838647 -1.56985 1.12477 0.00903899 -0.00944374 1.65248 -0.0281563 0.0727851 -0.197052 -0.000341738 0.00130214 2.74451
375.82 -0.697324 -0.74173 1.90641 -2.86806 0.463079 2.11241 -0.749479 -0.758066 1.97002 -2.88626 0.50601 2.08796 -0.0521555 -0.0163367 0.063606 -0.0181937 0.0429317 -0.0244512 0.0838619 2.78193 0.0330686 -0.620582 1.59918 -2.90916 0.484458 2.0205 0.730393 0.121148 -0.307233 -0.0410966 0.0213789 -0.0919106 0.801587 4.84331 0.847837 -1.56767 1.117 0.00843363 -0.00876024 1.65304 -0.0281563 0.0727851 -0.197052 -0.000341738 0.00130214 2.74451
376.228 -0.703773 -0.74465 1.90138 -2.86855 0.462566 2.1126 -0.756805 -0.761952 1.97117 -2.88856 0.505408 2.08628 -0.0530319 -0.0173027 0.069796 -0.0200042 0.0428417 -0.0263132 0.0893491 2.82895 0.0299725 -0.623477 1.59456 -2.9096 0.483931 2.02077 0.733746 0.121173 -0.306817 -0.041041 0.0213643 -0.0918241 0.804489 4.83999 0.854237 -1.56602 1.11248 0.00812958 -0.00809576 1.65334 -0.0281563 0.0727851 -0.197052 -0.000341738 0.00130214 2.74451
377.061 -0.71519 -0.749981 1.89325 -2.87052 0.461561 2.1126 -0.764831 -0.763902 1.95412 -2.86544 0.46372 2.09932 -0.0496412 -0.0139212 0.0608691 0.00507692 0.00215933 -0.0132794 0.079769 0.936282 0.0256153 -0.625496 1.58608 -2.91148 0.482769 2.02078 0.740806 0.124485 -0.30717 -0.0409584 0.0212083 -0.0918228 0.811568 4.84015 0.864185 -1.56322 1.10668 0.00682978 -0.00632909 1.65362 -0.0281563 0.0727851 -0.197052 -0.000341738 0.00130214 2.74451
377.721 -0.721745 -0.752682 1.88889 -2.87199 0.461184 2.11254 -0.770917 -0.763314 1.93957 -2.89132 0.515687 2.0817 -0.0491724 -0.0106315 0.0506826 -0.0193264 0.0545024 -0.0308392 0.0714121 3.50174 0.0221701 -0.626601 1.58202 -2.91294 0.482274 2.02069 0.743915 0.126082 -0.306865 -0.0409455 0.0210897 -0.0918581 0.814538 4.8412 0.869263 -1.56161 1.10406 0.00572062 -0.00532657 1.65367 -0.0281563 0.0727851 -0.197052 -0.000341738 0.00130214 2.74451
378.19 -0.730455 -0.755546 1.88328 -2.87379 0.460772 2.11241 -0.768949 -0.759686 1.91756 -2.84553 0.466376 2.11438 -0.0384934 -0.00414031 0.0342742 0.0282589 0.00560364 0.00197126 0.0517069 1.60425 0.0181528 -0.626936 1.57643 -2.91471 0.481692 2.02048 0.748608 0.12861 -0.30685 -0.0409152 0.0209193 -0.0919284 0.819214 4.84347 0.876053 -1.55919 1.10076 0.00437764 -0.00414329 1.65367 -0.0281563 0.0727851 -0.197052 -0.000341738 0.00130214 2.74451
378.557 -0.736969 -0.756551 1.87944 -2.87486 0.460797 2.11235 -0.787977 -0.771886 1.9377 -2.88649 0.485249 2.09814 -0.051008 -0.0153351 0.0582643 -0.0116237 0.0244525 -0.0142064 0.0789412 1.60474 0.0167673 -0.626689 1.5728 -2.91578 0.481605 2.02036 0.753736 0.129862 -0.30664 -0.0409122 0.0208077 -0.0919908 0.824021 4.84501 0.881114 -1.55714 1.09843 0.00344639 -0.00366988 1.65362 -0.0281563 0.0727851 -0.197052 -0.000341738 0.00130214 2.74451
378.982 -0.743812 -0.756049 1.87593 -2.87576 0.461547 2.11246 -0.791457 -0.769554 1.9255 -2.87241 0.47417 2.0924 -0.047645 -0.0135054 0.0495688 0.00335223 0.0126238 -0.0200633 0.0700679 1.44239 0.0120403 -0.625249 1.56971 -2.91672 0.482193 2.02027 0.755852 0.1308 -0.306222 -0.0409554 0.020646 -0.0921912 0.82595 4.85123 0.886109 -1.55488 1.09617 0.00225589 -0.00389643 1.65352 -0.0281563 0.0727851 -0.197052 -0.000341738 0.00130214 2.74451
379.748 -0.762634 -0.774653 1.8308 -2.8796 0.465437 2.11353 -0.807345 -0.767342 1.90949 -2.89014 0.497985 2.09233 -0.0447102 0.00731144 0.0786926 -0.0105379 0.0325475 -0.0212007 0.0908019 2.15359 -0.00250806 -0.647307 1.53104 -2.92079 0.485636 2.02087 0.760126 0.127346 -0.299758 -0.0411882 0.0201987 -0.0926608 0.826961 4.85986 0.897346 -1.54927 1.04957 -0.00342074 -0.00545907 1.65346 -0.0281563 0.0727851 -0.197052 -0.000341738 0.00130214 2.74451
