89.0229 0.0113636 -0.569987 1.31866 -2.85661 -0.447695 -2.1659 -0.017879 -0.581052 1.31976 -2.85422 -0.488434 -2.14874 -0.0292426 -0.0110644 0.00109158 0.00238911 -0.0407381 0.0171586 0.0312848 2.56017 1.73102 1.63188 0.862771 0.00551801 -0.000290773 -1.82215 1.44266 0.412218 -0.118761 0.00138815 0.00549178 -2.86316
89.2631 0.0105547 -0.559788 1.32734 -2.85563 -0.449009 -2.1674 -0.0197172 -0.568818 1.32754 -2.85089 -0.462938 -2.16329 -0.0302719 -0.00902975 0.00020195 0.00473311 -0.0139288 0.00410536 0.0315906 0.90655 1.73007 1.62896 0.873392 0.00605718 -0.00187017 -1.82309 1.44266 0.412218 -0.118761 0.00138815 0.00549178 -2.86316
89.5204 0.0101702 -0.545491 1.3392 -2.85458 -0.451321 -2.16931 -0.021177 -0.561981 1.34591 -2.86013 -0.491577 -2.1438 -0.0313471 -0.0164905 0.00671191 -0.00555177 -0.0402557 0.0255194 0.0360504 2.67137 1.72874 1.62499 0.887761 0.00724564 -0.00430502 -1.82411 1.44266 0.412218 -0.118761 0.00138815 0.00549178 -2.86316
89.689 0.00991498 -0.534819 1.34798 -2.85379 -0.453013 -2.17058 -0.0218832 -0.548857 1.35416 -2.83612 -0.481361 -2.16464 -0.0317982 -0.0140384 0.00617588 0.0176771 -0.0283478 0.00594002 0.0353036 2.02236 1.72767 1.62203 0.898467 0.00803024 -0.00609553 -1.82474 1.44266 0.412218 -0.118761 0.00138815 0.00549178 -2.86316
89.8972 0.00938888 -0.524648 1.35648 -2.85295 -0.454344 -2.17162 -0.0218948 -0.532983 1.35441 -2.85253 -0.470862 -2.16043 -0.0312837 -0.00833416 -0.00206831 0.000421649 -0.016518 0.0111885 0.0324408 1.14944 1.72653 1.61917 0.909026 0.00847671 -0.00761736 -1.82527 1.44266 0.412218 -0.118761 0.00138815 0.00549178 -2.86316
90.3389 0.00694119 -0.504155 1.37479 -2.85115 -0.455562 -2.17313 -0.0236791 -0.517956 1.39036 -2.84066 -0.454452 -2.17258 -0.0306203 -0.013801 0.0155635 0.0104953 0.0011101 0.000548907 0.0370174 0.619288 1.72361 1.61316 0.93288 0.00829102 -0.00952837 -1.82623 1.44266 0.412218 -0.118761 0.00138815 0.00549178 -2.86316
90.6349 0.00614655 -0.496676 1.38212 -2.85109 -0.455782 -2.17361 -0.0252695 -0.512563 1.41064 -2.85114 -0.484731 -2.15283 -0.031416 -0.0158876 0.0285157 -4.89222e-05 -0.0289491 0.0207754 0.0453048 2.04086 1.72228 1.61093 0.942686 0.00858271 -0.00973939 -1.82658 1.44266 0.412218 -0.118761 0.00138815 0.00549178 -2.86316
90.8503 0.00534432 -0.487692 1.39144 -2.85152 -0.456025 -2.1742 -0.025361 -0.490665 1.38189 -2.8526 -0.481098 -2.15849 -0.0307053 -0.00297305 -0.00954647 -0.00107923 -0.0250735 0.0157139 0.0322923 1.68168 1.72041 1.60831 0.95526 0.00938073 -0.00971167 -1.82703 1.44266 0.412218 -0.118761 0.00138815 0.00549178 -2.86316
91.1145 0.00464774 -0.481431 1.39815 -2.85191 -0.456204 -2.17465 -0.0252695 -0.490387 1.41066 -2.84472 -0.493053 -2.15594 -0.0299172 -0.00895569 0.0125003 0.00718583 -0.0368498 0.0187149 0.0336378 2.48601 1.71893 1.60661 0.964272 0.0100248 -0.00966123 -1.82737 1.44266 0.412218 -0.118761 0.00138815 0.00549178 -2.86316
91.3302 0.00381537 -0.475307 1.40474 -2.85221 -0.456507 -2.17515 -0.0272812 -0.484181 1.41959 -2.84367 -0.459838 -2.16908 -0.0310966 -0.00887406 0.0148474 0.00853348 -0.00333097 0.00606575 0.0355836 0.739134 1.71735 1.60514 0.972893 0.0106825 -0.009754 -1.82772 1.44266 0.412218 -0.118761 0.00138815 0.00549178 -2.86316
91.5725 0.00285007 -0.469455 1.41111 -2.85248 -0.456883 -2.17567 -0.0272811 -0.474261 1.41959 -2.84075 -0.463486 -2.17041 -0.0301311 -0.0048057 0.00847332 0.0117309 -0.00660352 0.00526332 0.0316667 0.930411 1.71566 1.60391 0.98112 0.0113704 -0.00991836 -1.82807 1.44266 0.412218 -0.118761 0.00138815 0.00549178 -2.86316
91.7957 0.0011362 -0.463219 1.41881 -2.85313 -0.456806 -2.17617 -0.0289545 -0.472025 1.43927 -2.86994 -0.512287 -2.15603 -0.0300907 -0.00880571 0.0204591 -0.016811 -0.0554808 0.0201427 0.0374376 3.36569 1.7132 1.60265 0.991367 0.0121444 -0.0095182 -1.82853 1.44266 0.412218 -0.118761 0.00138815 0.00549178 -2.86316
92.2149 -0.00456522 -0.454797 1.43057 -2.85316 -0.455388 -2.17655 -0.0322983 -0.461808 1.44866 -2.86671 -0.479323 -2.17103 -0.027733 -0.0070104 0.0180838 -0.0135481 -0.0239351 0.005518 0.0338422 1.53697 1.70822 1.60143 1.00717 0.0116644 -0.00833052 -1.82925 1.44266 0.412218 -0.118761 0.00138815 0.00549178 -2.86316
92.4394 -0.00827755 -0.451143 1.43526 -2.85214 -0.454711 -2.17664 -0.0371279 -0.469627 1.49168 -2.84566 -0.427748 -2.173 -0.0288503 -0.018484 0.0564216 0.00648075 0.0269635 0.00363621 0.0660106 1.62293 1.70584 1.60123 1.01312 0.0105022 -0.00829239 -1.82951 1.44266 0.412218 -0.118761 0.00138815 0.00549178 -2.86316
92.8972 -0.0169492 -0.443354 1.4444 -2.84883 -0.453697 -2.1768 -0.0449539 -0.444126 1.44877 -2.85609 -0.482599 -2.1779 -0.0280047 -0.000772046 0.00436817 -0.00726359 -0.0289023 -0.00110677 0.0283538 1.71555 1.70083 1.60136 1.02401 0.00723989 -0.00914957 -1.8299 1.44266 0.412218 -0.118761 0.00138815 0.00549178 -2.86316
93.1212 -0.0213049 -0.439875 1.44898 -2.84727 -0.453114 -2.17676 -0.0505148 -0.448616 1.48251 -2.85896 -0.451119 -2.16048 -0.0292099 -0.00874105 0.0335293 -0.0116839 0.00199507 0.0162798 0.0453193 0.88647 1.69831 1.60168 1.0294 0.00559549 -0.00946704 -1.83003 1.44266 0.412218 -0.118761 0.00138815 0.00549178 -2.86316
93.3352 -0.0265552 -0.435914 1.45552 -2.84587 -0.452164 -2.17656 -0.054661 -0.439645 1.47194 -2.85001 -0.49292 -2.15279 -0.0281058 -0.0037314 0.0164278 -0.00413301 -0.0407565 0.0237741 0.0327679 2.65903 1.69509 1.60238 1.03719 0.00382887 -0.00940166 -1.83011 1.44266 0.412218 -0.118761 0.00138815 0.00549178 -2.86316
93.5427 -0.0298484 -0.433403 1.46096 -2.84549 -0.451337 -2.17631 -0.0595729 -0.437646 1.48262 -2.82509 -0.47323 -2.17311 -0.0297246 -0.00424206 0.0216594 0.0203921 -0.021893 0.00320136 0.0370226 1.7785 1.69281 1.60308 1.0438 0.0029651 -0.00891862 -1.83013 1.44266 0.412218 -0.118761 0.00138815 0.00549178 -2.86316
93.7584 -0.032367 -0.43083 1.46712 -2.84567 -0.450705 -2.17609 -0.0632178 -0.435978 1.49247 -2.8256 -0.432565 -2.18487 -0.0308508 -0.00514827 0.0253548 0.0200667 0.0181396 -0.00878315 0.0402634 1.4698 1.69069 1.6039 1.05115 0.00269897 -0.00830653 -1.83011 1.44266 0.412218 -0.118761 0.00138815 0.00549178 -2.86316
93.9544 -0.0348268 -0.426985 1.47632 -2.84636 -0.450228 -2.17588 -0.0668355 -0.436508 1.51608 2.47919 0.93111 -2.41167 -0.0320088 -0.00952298 0.039756 5.32556 1.38134 -0.235787 0.051921 92.3766 1.68811 1.60515 1.06193 0.00295638 -0.00755826 -1.83007 1.44266 0.412218 -0.118761 0.00138815 0.00549178 -2.86316
94.2047 -0.0365526 -0.423287 1.484 -2.84661 -0.4502 -2.17582 -0.0673548 -0.422184 1.4829 -2.81692 -0.476758 -2.17795 -0.0308023 0.00110262 -0.00109869 0.0296866 -0.0265581 -0.00212769 0.0308416 2.24455 1.68633 1.60618 1.07057 0.00312392 -0.00741028 -1.83003 1.44266 0.412218 -0.118761 0.00138815 0.00549178 -2.86316
94.6418 -0.0417895 -0.412886 1.50372 -2.84546 -0.450169 -2.17579 -0.0731456 -0.427823 1.55044 -2.85499 -0.457338 -2.15544 -0.0313561 -0.0149368 0.0467207 -0.00953389 -0.0071688 0.0203471 0.0582163 1.12605 1.68269 1.60884 1.09221 0.00210458 -0.00797297 -1.83 1.44266 0.412218 -0.118761 0.00138815 0.00549178 -2.86316
94.8977 -0.0446523 -0.408476 1.51255 -2.84445 -0.449761 -2.17572 -0.075859 -0.419726 1.55054 -2.85153 -0.459505 -2.15735 -0.0312068 -0.0112491 0.0379982 -0.00707354 -0.00974446 0.0183724 0.0504408 1.09967 1.68139 1.6101 1.10196 0.00100148 -0.00815349 -1.83006 1.44266 0.412218 -0.118761 0.00138815 0.00549178 -2.86316
95.089 -0.0477174 -0.404589 1.52146 -2.84344 -0.448939 -2.17559 -0.0785731 -0.411629 1.55066 -2.84801 -0.461677 -2.15929 -0.0308557 -0.00704004 0.0291952 -0.00457708 -0.0127376 0.0163083 0.043058 1.12187 1.68029 1.61142 1.11188 -0.000336731 -0.0079981 -1.83017 1.44266 0.412218 -0.118761 0.00138815 0.00549178 -2.86316
95.3461 -0.0514823 -0.399949 1.53344 -2.84231 -0.447614 -2.17546 -0.0825136 -0.408232 1.561 -2.84044 -0.461462 -2.18768 -0.0310313 -0.00828286 0.0275564 0.00187447 -0.0138473 -0.0122267 0.0423191 1.03249 1.67922 1.61327 1.12531 -0.00201924 -0.00748472 -1.83042 1.44266 0.412218 -0.118761 0.00138815 0.00549178 -2.86316
95.5908 -0.0535921 -0.39649 1.54251 -2.84175 -0.446846 -2.17551 -0.0840031 -0.398144 1.5509 -2.84169 -0.465061 -2.16283 -0.030411 -0.00165327 0.00838785 5.91886e-05 -0.0182149 0.0126795 0.0315898 1.27257 1.67876 1.61467 1.13537 -0.00285081 -0.00713998 -1.83069 1.44266 0.412218 -0.118761 0.00138815 0.00549178 -2.86316
95.8067 -0.0549424 -0.393051 1.55154 -2.84148 -0.446337 -2.1757 -0.087908 -0.400397 1.58401 -2.88275 -0.477361 -2.15868 -0.0329657 -0.00734645 0.0324753 -0.0412728 -0.0310239 0.0170145 0.0468546 2.76527 1.67862 1.61606 1.14532 -0.00323855 -0.00685986 -1.83099 1.44266 0.412218 -0.118761 0.00138815 0.00549178 -2.86316
96.015 -0.0556542 -0.389848 1.56047 -2.84149 -0.445919 -2.17597 -0.089448 -0.393561 1.58837 2.54383 0.926226 -2.35271 -0.0337938 -0.00371331 0.0279027 5.38532 1.37214 -0.17675 0.0439815 90.5893 1.67881 1.61743 1.15503 -0.00330124 -0.00651487 -1.83135 1.44266 0.412218 -0.118761 0.00138815 0.00549178 -2.86316
96.2029 -0.055594 -0.3864 1.57158 -2.84199 -0.445399 -2.17638 -0.0908323 -0.391845 1.59996 -2.80599 -0.454743 -2.18029 -0.0352383 -0.00544532 0.0283831 0.035999 -0.00934397 -0.00391312 0.045574 2.0466 1.67956 1.6192 1.16737 -0.00290144 -0.00581437 -1.83187 1.44266 0.412218 -0.118761 0.00138815 0.00549178 -2.86316
96.4445 -0.0544566 -0.384736 1.57956 -2.84314 -0.444946 -2.17672 -0.0908789 -0.392356 1.6253 -2.85438 -0.46815 -2.14779 -0.0364223 -0.00762048 0.0457337 -0.0112462 -0.0232035 0.0289342 0.0589595 1.99724 1.68048 1.62046 1.176 -0.00198392 -0.0048716 -1.83229 1.44266 0.412218 -0.118761 0.00138815 0.00549178 -2.86316
96.671 -0.0528141 -0.383386 1.58689 -2.84441 -0.444609 -2.1771 -0.0879315 -0.38144 1.59737 -2.85206 -0.460828 -2.18068 -0.0351174 0.00194624 0.0104836 -0.00764844 -0.0162185 -0.00357766 0.0367005 1.08462 1.68165 1.62164 1.18406 -0.000864979 -0.003939 -1.83271 1.44266 0.412218 -0.118761 0.00138815 0.00549178 -2.86316
96.85 -0.051347 -0.381633 1.59356 -2.84513 -0.444514 -2.17754 -0.0851566 -0.378075 1.59786 -2.82205 -0.484173 -2.19001 -0.0338096 0.00355832 0.00430017 0.0230862 -0.0396585 -0.0124742 0.0342672 2.56445 1.68304 1.62271 1.19155 -3.60115e-05 -0.00347229 -1.83314 1.44266 0.412218 -0.118761 0.00138815 0.00549178 -2.86316
97.1152 -0.0493569 -0.378694 1.60263 -2.84558 -0.444563 -2.17822 -0.0851899 -0.380952 1.6251 -2.85328 -0.47365 -2.14777 -0.035833 -0.00225787 0.0224784 -0.00769515 -0.0290867 0.0304528 0.0423601 2.30953 1.68517 1.62397 1.20069 0.000682365 -0.00329781 -1.8337 1.44266 0.412218 -0.118761 0.00138815 0.00549178 -2.86316
97.2952 -0.0476387 -0.376381 1.60877 -2.84579 -0.444816 -2.17877 -0.0821975 -0.375168 1.62156 -2.87093 -0.50096 -2.15675 -0.0345588 0.00121299 0.0127957 -0.0251437 -0.0561438 0.0220233 0.0368716 3.51547 1.68695 1.62478 1.20699 0.00125634 -0.00339982 -1.8341 1.44266 0.412218 -0.118761 0.00138815 0.00549178 -2.86316
97.5758 -0.0449693 -0.374195 1.61631 -2.84641 -0.444831 -2.17934 -0.0835792 -0.384639 1.67851 -2.85252 -0.43716 -2.1525 -0.03861 -0.0104446 0.0622002 -0.00610194 0.00767063 0.0268451 0.0739505 1.49069 1.68951 1.6257 1.21493 0.00208945 -0.00308717 -1.83459 1.44266 0.412218 -0.118761 0.00138815 0.00549178 -2.86316
97.8663 -0.0426026 -0.373199 1.62163 -2.84725 -0.444606 -2.17965 -0.0804549 -0.379384 1.67567 2.6143 0.875654 -2.326 -0.0378523 -0.00618442 0.0540405 5.46155 1.32026 -0.146358 0.0662678 86.4796 1.69155 1.62626 1.22074 0.00284777 -0.00247074 -1.83492 1.44266 0.412218 -0.118761 0.00138815 0.00549178 -2.86316
98.1306 -0.0403699 -0.372132 1.627 -2.84795 -0.444243 -2.17986 -0.0777043 -0.378725 1.67829 -2.85306 -0.440645 -2.15173 -0.0373345 -0.0065926 0.0512929 -0.00510809 0.00359795 0.0281309 0.0637831 1.52393 1.69366 1.6267 1.2267 0.00337062 -0.00181226 -1.83521 1.44266 0.412218 -0.118761 0.00138815 0.00549178 -2.86316
98.3973 -0.038357 -0.370246 1.63275 -2.84825 -0.444016 -2.18006 -0.0747677 -0.375769 1.67818 -2.85334 -0.442395 -2.15134 -0.0364107 -0.00552354 0.0454364 -0.00508952 0.00162111 0.0287258 0.0584868 1.54636 1.6958 1.627 1.23305 0.00361796 -0.00147026 -1.83545 1.44266 0.412218 -0.118761 0.00138815 0.00549178 -2.86316
98.6597 -0.0353756 -0.365683 1.64132 -2.84818 -0.444502 -2.18053 -0.0730416 -0.374486 1.68895 -2.84743 -0.442849 -2.18002 -0.037666 -0.00880331 0.0476242 0.000749819 0.00165322 0.000510783 0.0613538 0.111906 1.69869 1.62716 1.2422 0.00403442 -0.00190429 -1.83572 1.44266 0.412218 -0.118761 0.00138815 0.00549178 -2.86316
98.8513 -0.0328447 -0.361033 1.64824 -2.84792 -0.445381 -2.18099 -0.0700874 -0.368566 1.68886 -2.84681 -0.44562 -2.18004 -0.0372428 -0.00753297 0.040623 0.00111597 -0.000238301 0.000955242 0.0556237 0.100871 1.70087 1.62713 1.24944 0.00448325 -0.00275745 -1.83587 1.44266 0.412218 -0.118761 0.00138815 0.00549178 -2.86316
99.0648 -0.0301938 -0.355731 1.65543 -2.84754 -0.446492 -2.18148 -0.0659255 -0.359303 1.67654 -2.84169 -0.499242 -2.16973 -0.0357317 -0.00357216 0.0211179 0.00584857 -0.0527497 0.0117434 0.0416591 3.14722 1.70306 1.627 1.25692 0.00494701 -0.00386553 -1.83597 1.44266 0.412218 -0.118761 0.00138815 0.00549178 -2.86316
99.2687 -0.0267907 -0.348436 1.66511 -2.84688 -0.447927 -2.18203 -0.0641805 -0.35378 1.68871 -2.8447 -0.452237 -2.18047 -0.0373898 -0.00534438 0.0236033 0.00218136 -0.00430979 0.00155564 0.0445385 0.306467 1.70598 1.62675 1.26706 0.00537217 -0.00538036 -1.83604 1.44266 0.412218 -0.118761 0.00138815 0.00549178 -2.86316
99.5136 -0.0242969 -0.343426 1.67218 -2.84653 -0.448777 -2.18231 -0.0605314 -0.355214 1.73178 -2.87222 -0.440256 -2.16566 -0.0362345 -0.0117877 0.0596024 -0.0256903 0.00852083 0.016644 0.0707413 1.45158 1.70816 1.62656 1.2748 0.00564563 -0.00627419 -1.83605 1.44266 0.412218 -0.118761 0.00138815 0.00549178 -2.86316
99.7195 -0.0216523 -0.338429 1.67973 -2.84631 -0.449505 -2.18251 -0.0578235 -0.344232 1.71841 -2.86704 -0.495857 -2.15512 -0.0361712 -0.00580258 0.0386826 -0.020728 -0.0463515 0.0273858 0.0532763 3.0377 1.71034 1.6264 1.28276 0.00590873 -0.00696719 -1.83601 1.44266 0.412218 -0.118761 0.00138815 0.00549178 -2.86316
99.9937 -0.0191783 -0.333426 1.68739 -2.84603 -0.450182 -2.18266 -0.054477 -0.340064 1.73168 -2.87032 -0.446963 -2.16604 -0.0352987 -0.00663823 0.0442909 -0.0242875 0.00321886 0.0166162 0.0570241 1.31433 1.7125 1.6263 1.29103 0.00607948 -0.00766683 -1.83595 1.44266 0.412218 -0.118761 0.00138815 0.00549178 -2.86316
100.145 -0.0168829 -0.328288 1.69539 -2.84565 -0.450803 -2.18277 -0.0514745 -0.331963 1.73277 -2.83677 -0.475658 -2.1759 -0.0345917 -0.00367563 0.037381 0.00887577 -0.0248547 0.00686924 0.051063 1.61882 1.71466 1.62628 1.29967 0.00611876 -0.00837336 -1.83587 1.44266 0.412218 -0.118761 0.00138815 0.00549178 -2.86316
100.414 -0.0142533 -0.321302 1.70673 -2.84495 -0.451436 -2.18285 -0.0499717 -0.325971 1.73311 -2.83816 -0.476674 -2.17543 -0.0357184 -0.00466855 0.0263809 0.00679241 -0.0252376 0.00742239 0.0446492 1.60352 1.71753 1.62643 1.31192 0.00587654 -0.00925247 -1.83576 1.44266 0.412218 -0.118761 0.00138815 0.00549178 -2.86316
100.619 -0.0125081 -0.316448 1.71567 -2.84452 -0.451583 -2.18281 -0.0473549 -0.32426 1.77845 2.64524 0.784882 -2.29132 -0.0348468 -0.00781169 0.0627723 5.48976 1.23647 -0.108519 0.0722196 82.1264 1.7197 1.6267 1.3217 0.0055537 -0.00959753 -1.83567 1.44266 0.412218 -0.118761 0.00138815 0.00549178 -2.86316
100.875 -0.0100607 -0.310979 1.72822 -2.84449 -0.451243 -2.18259 -0.0458429 -0.318894 1.77822 -2.86337 -0.467596 -2.16147 -0.0357821 -0.00791469 0.0499923 -0.0188872 -0.0163535 0.0211197 0.0619858 1.53366 1.72262 1.62726 1.33563 0.00524797 -0.00933506 -1.83558 1.44266 0.412218 -0.118761 0.00138815 0.00549178 -2.86316
101.108 -0.00820381 -0.307173 1.73819 -2.84467 -0.45077 -2.18238 -0.0427136 -0.311829 1.77773 -2.82623 -0.497677 -2.17271 -0.0345098 -0.0046559 0.0395367 0.0184366 -0.0469072 0.00966843 0.0526854 3.02983 1.72484 1.62783 1.34678 0.00506697 -0.00885262 -1.83554 1.44266 0.412218 -0.118761 0.00138815 0.00549178 -2.86316
101.328 -0.00647452 -0.302947 1.74883 -2.84472 -0.450336 -2.18221 -0.0426263 -0.317291 1.84124 -2.86161 -0.422428 -2.16709 -0.0361518 -0.0143434 0.0924146 -0.0168884 0.0279076 0.0151192 0.100265 1.88014 1.7271 1.62849 1.35859 0.00480663 -0.00847148 -1.83551 1.44266 0.412218 -0.118761 0.00138815 0.00549178 -2.86316
101.554 -0.00443268 -0.296367 1.76403 -2.84443 -0.44992 -2.18205 -0.0391067 -0.299815 1.78954 -2.85163 -0.47651 -2.19385 -0.0346741 -0.00344865 0.0255086 -0.00720095 -0.0265898 -0.0117989 0.0431842 1.78816 1.73016 1.62951 1.37528 0.00427199 -0.00828358 -1.83549 1.44266 0.412218 -0.118761 0.00138815 0.00549178 -2.86316
101.791 -0.00327059 -0.29081 1.7758 -2.84383 -0.449723 -2.18198 -0.0382935 -0.298588 1.82518 -2.89064 -0.461855 -2.14707 -0.0350229 -0.00777792 0.049378 -0.0468073 -0.0121326 0.0349075 0.0610351 2.63686 1.73251 1.63034 1.38841 0.00361215 -0.00843331 -1.83548 1.44266 0.412218 -0.118761 0.00138815 0.00549178 -2.86316
102.005 -0.00191349 -0.285091 1.78839 -2.84334 -0.449469 -2.18188 -0.0361906 -0.291538 1.84114 -2.85702 -0.432714 -2.16858 -0.0342771 -0.00644771 0.0527542 -0.0136829 0.0167545 0.0132973 0.0632416 1.26764 1.73494 1.63123 1.40192 0.0030269 -0.00847395 -1.83546 1.44266 0.412218 -0.118761 0.00138815 0.00549178 -2.86316
102.213 -6.85958e-05 -0.279992 1.80101 -2.84331 -0.449087 -2.18172 -0.034528 -0.282461 1.8399 2.6435 0.756529 -2.3092 -0.0344594 -0.0024688 0.038899 5.48681 1.20562 -0.127478 0.0520258 80.7995 1.73745 1.63218 1.41565 0.00273575 -0.00817866 -1.83544 1.44266 0.412218 -0.118761 0.00138815 0.00549178 -2.86316
102.444 0.00353005 -0.273738 1.81779 -2.84399 -0.448725 -2.18156 -0.0323522 -0.277238 1.85311 -2.81868 -0.407494 -2.19045 -0.0358823 -0.00349984 0.0353192 0.0253033 0.0412311 -0.00888735 0.0504701 2.70718 1.74096 1.63349 1.4341 0.00305596 -0.00753175 -1.8354 1.44266 0.412218 -0.118761 0.00138815 0.00549178 -2.86316
102.711 0.00703489 -0.26926 1.83034 -2.84493 -0.448632 -2.18151 -0.0280988 -0.275616 1.89204 -2.84781 -0.452838 -2.16419 -0.0351337 -0.00635598 0.0616962 -0.00288163 -0.00420678 0.0173136 0.0712825 0.962662 1.74367 1.63448 1.4479 0.00378851 -0.00696795 -1.83539 1.44266 0.412218 -0.118761 0.00138815 0.00549178 -2.86316
102.949 0.0107513 -0.264669 1.84282 -2.84589 -0.448674 -2.1815 -0.0248027 -0.267938 1.89032 -2.87447 -0.487809 -2.17479 -0.035554 -0.00326839 0.0474969 -0.0285805 -0.0391347 0.00671585 0.0594199 2.69965 1.74644 1.63547 1.46159 0.00463094 -0.00650653 -1.83537 1.44266 0.412218 -0.118761 0.00138815 0.00549178 -2.86316
103.136 0.0151121 -0.25821 1.85942 -2.84671 -0.448696 -2.18161 -0.0215001 -0.261332 1.89032 -2.87396 -0.49096 -2.17486 -0.0366122 -0.00312108 0.0308935 -0.0272455 -0.0422638 0.00675472 0.0480063 2.81118 1.75013 1.63676 1.47966 0.00540119 -0.00609952 -1.83547 1.44266 0.412218 -0.118761 0.00138815 0.00549178 -2.86316
103.836 0.0235559 -0.24468 1.89794 -2.84783 -0.447286 -2.18044 -0.0110701 -0.247542 1.94427 -2.8667 -0.510875 -2.16994 -0.034626 -0.00286144 0.0463288 -0.018865 -0.0635895 0.0105059 0.0579095 3.76889 1.75915 1.63961 1.52198 0.00507181 -0.00436907 -1.83486 1.44266 0.412218 -0.118761 0.00138815 0.00549178 -2.86316
104.074 0.026742 -0.240792 1.90831 -2.84832 -0.447173 -2.17968 -0.00859102 -0.243858 1.96267 -2.87788 -0.444498 -2.17897 -0.0353331 -0.00306587 0.054363 -0.0295595 0.00267593 0.000707715 0.0649088 1.68354 1.76179 1.64028 1.53334 0.00504603 -0.00402969 -1.83423 1.44266 0.412218 -0.118761 0.00138815 0.00549178 -2.86316
104.259 0.030049 -0.236717 1.91776 -2.84871 -0.447385 -2.17925 -0.00425472 -0.236923 1.94778 -2.84247 -0.482937 -2.15744 -0.0343037 -0.000206183 0.0300158 0.00624104 -0.0355521 0.0218049 0.0455822 2.49779 1.76439 1.64082 1.54371 0.00527672 -0.00400188 -1.83379 1.44266 0.412218 -0.118761 0.00138815 0.00549178 -2.86316
104.513 0.0338343 -0.230624 1.92931 -2.84863 -0.448003 -2.17941 -0.00176044 -0.236882 2.0053 -2.87698 -0.463017 -2.14007 -0.0355948 -0.00625796 0.075988 -0.0283439 -0.0150132 0.0393385 0.0841447 2.28841 1.7678 1.64136 1.55599 0.00559365 -0.00455009 -1.83376 1.44266 0.412218 -0.118761 0.00138815 0.00549178 -2.86316
104.96 0.0369081 -0.219629 1.94484 -2.84661 -0.449361 -2.1811 0.00439751 -0.225403 2.02021 -2.8659 -0.468108 -2.17539 -0.0325106 -0.00577482 0.0753725 -0.0192831 -0.0187471 0.0057099 0.0822879 1.47007 1.77275 1.64183 1.57222 0.00538405 -0.00669875 -1.83483 1.44266 0.412218 -0.118761 0.00138815 0.00549178 -2.86316
105.185 0.0376368 -0.214108 1.9521 -2.84521 -0.44992 -2.1823 0.00524644 -0.215862 2.00532 -2.87448 -0.472027 -2.14089 -0.0323904 -0.00175418 0.0532239 -0.0292671 -0.0221065 0.0414083 0.0623298 2.55052 1.77518 1.642 1.57979 0.00506939 -0.00787703 -1.83571 1.44266 0.412218 -0.118761 0.00138815 0.00549178 -2.86316
105.471 0.0384502 -0.207295 1.96149 -2.84344 -0.450456 -2.18406 0.00729686 -0.217073 2.08465 -2.87085 -0.408287 -2.14635 -0.0311533 -0.00977769 0.123154 -0.0274009 0.0421684 0.0377091 0.127409 3.18506 1.77842 1.64221 1.58963 0.00471562 -0.00922307 -1.83707 1.44266 0.412218 -0.118761 0.00138815 0.00549178 -2.86316
105.648 0.0393683 -0.202955 1.96841 -2.8425 -0.450668 -2.18539 0.00729684 -0.209788 2.08465 -2.86911 -0.410744 -2.14703 -0.0320715 -0.00683321 0.11624 -0.0266035 0.039924 0.038356 0.120777 3.0963 1.78086 1.64241 1.59696 0.00469152 -0.00988045 -1.83816 1.44266 0.412218 -0.118761 0.00138815 0.00549178 -2.86316
106.072 0.0420604 -0.192664 1.98488 -2.84047 -0.451424 -2.18855 0.0101201 -0.20003 2.097 -2.8221 -0.374953 -2.17021 -0.0319404 -0.00736554 0.112119 0.018377 0.076471 0.0183427 0.116813 4.72207 1.78664 1.64312 1.61425 0.00494371 -0.0115401 -1.84066 1.44266 0.412218 -0.118761 0.00138815 0.00549178 -2.86316
106.259 0.043323 -0.188096 1.99209 -2.83957 -0.451876 -2.18985 0.0109389 -0.191576 2.08465 -2.86606 -0.417768 -2.14809 -0.0323841 -0.00348052 0.0925601 -0.0264988 0.0341075 0.0417641 0.0981235 2.96451 1.78916 1.64359 1.62174 0.00506003 -0.012378 -1.84166 1.44266 0.412218 -0.118761 0.00138815 0.00549178 -2.86316
106.694 0.0466716 -0.180661 2.00631 -2.83849 -0.452538 -2.1921 0.0137835 -0.181708 2.09697 -2.8188 -0.381927 -2.17121 -0.0328881 -0.00104684 0.0906643 0.0196839 0.0706111 0.0208979 0.0964507 4.49074 1.79427 1.64493 1.63636 0.00562254 -0.0134689 -1.8434 1.44266 0.412218 -0.118761 0.00138815 0.00549178 -2.86316
106.935 0.0499656 -0.178135 2.01526 -2.83885 -0.452567 -2.19321 0.0181544 -0.176589 2.07944 -2.84759 -0.502169 -2.1747 -0.0318112 0.00154664 0.0641806 -0.00874851 -0.0496022 0.0185051 0.0716484 2.99395 1.79771 1.64617 1.6456 0.00650548 -0.0132997 -1.84435 1.44266 0.412218 -0.118761 0.00138815 0.00549178 -2.86316
107.198 0.0527707 -0.177277 2.02163 -2.83949 -0.452434 -2.19384 0.0208518 -0.180051 2.16563 -2.85634 -0.347525 -2.15318 -0.0319189 -0.00277368 0.144 -0.0168487 0.104909 0.0406594 0.147521 6.38205 1.80026 1.64728 1.65212 0.00731396 -0.0128472 -1.84494 1.44266 0.412218 -0.118761 0.00138815 0.00549178 -2.86316
107.692 0.0590942 -0.177612 2.03507 -2.84136 -0.451727 -2.19473 0.0254832 -0.171576 2.08481 -2.85602 -0.503139 -2.17138 -0.033611 0.0060358 0.0497406 -0.0146616 -0.0514119 0.0233506 0.0603345 3.1842 1.80597 1.65036 1.66558 0.00899775 -0.0112866 -1.84593 1.44266 0.412218 -0.118761 0.00138815 0.00549178 -2.86316
107.913 0.0618194 -0.178215 2.04022 -2.84224 -0.451496 -2.19496 0.028467 -0.172937 2.10145 -2.81686 -0.464731 -2.19405 -0.0333524 0.00527808 0.0612316 0.0253761 -0.013235 0.000903637 0.0699253 1.66083 1.80822 1.65184 1.67058 0.00974635 -0.0106348 -1.8462 1.44266 0.412218 -0.118761 0.00138815 0.00549178 -2.86316
108.172 0.0640648 -0.177965 2.04516 -2.84264 -0.451577 -2.1952 0.0322335 -0.178545 2.16999 -2.85632 -0.436081 -2.17532 -0.0318313 -0.000579509 0.124834 -0.0136782 0.0154962 0.0198805 0.12883 1.39044 1.81031 1.65339 1.6752 0.0102563 -0.0104877 -1.8464 1.44266 0.412218 -0.118761 0.00138815 0.00549178 -2.86316
108.415 0.0661797 -0.176511 2.05159 -2.84248 -0.452011 -2.19552 0.0347474 -0.177029 2.15148 -2.90292 -0.477898 -2.14985 -0.0314323 -0.000518419 0.0998862 -0.0604377 -0.0258865 0.0456744 0.104716 3.59303 1.8128 1.65554 1.68093 0.0105034 -0.0109195 -1.84655 1.44266 0.412218 -0.118761 0.00138815 0.00549178 -2.86316
108.628 0.0674249 -0.17491 2.05635 -2.84213 -0.452524 -2.19574 0.0357426 -0.170022 2.0994 -2.84751 -0.504953 -2.20693 -0.0316822 0.00488764 0.04305 -0.00537857 -0.052429 -0.0111922 0.0536745 3.11646 1.81445 1.65723 1.68508 0.010573 -0.0115222 -1.84659 1.44266 0.412218 -0.118761 0.00138815 0.00549178 -2.86316
108.849 0.0686433 -0.173423 2.06115 -2.84189 -0.453039 -2.19589 0.0379375 -0.174835 2.17105 -2.8628 -0.4352 -2.17302 -0.0307059 -0.0014125 0.109898 -0.0209107 0.0178384 0.0228704 0.114116 1.68748 1.81591 1.659 1.68928 0.0106996 -0.012068 -1.84657 1.44266 0.412218 -0.118761 0.00138815 0.00549178 -2.86316
109.067 0.0703719 -0.171952 2.06787 -2.84195 -0.453587 -2.19595 0.0398181 -0.17097 2.17011 -2.85729 -0.440322 -2.17466 -0.0305538 0.000981091 0.102238 -0.0153464 0.0132655 0.0212938 0.10671 1.38282 1.81756 1.66152 1.69528 0.0110612 -0.0124797 -1.84647 1.44266 0.412218 -0.118761 0.00138815 0.00549178 -2.86316
109.274 0.0708234 -0.170654 2.07335 -2.84173 -0.453815 -2.19588 0.0394626 -0.163859 2.10035 2.70193 0.605976 -2.28441 -0.0313608 0.00679556 0.027003 5.54366 1.05979 -0.08853 0.0419385 72.7854 1.81856 1.66353 1.70026 0.0109538 -0.012782 -1.84634 1.44266 0.412218 -0.118761 0.00138815 0.00549178 -2.86316
109.47 0.0696911 -0.169021 2.07914 -2.84084 -0.453699 -2.19568 0.0406531 -0.163886 2.11498 -2.80702 -0.469929 -2.23015 -0.0290379 0.0051343 0.0358441 0.033824 -0.0162307 -0.0344677 0.0464151 2.26036 1.81936 1.66564 1.70568 0.0100126 -0.013162 -1.84619 1.44266 0.412218 -0.118761 0.00138815 0.00549178 -2.86316
109.934 0.0644915 -0.166913 2.09421 -2.83864 -0.451959 -2.19458 0.0360256 -0.163383 2.17005 -2.85401 -0.442061 -2.17617 -0.0284659 0.00353069 0.075846 -0.0153727 0.00989855 0.0184113 0.0810887 1.1863 1.82069 1.6709 1.7198 0.00672304 -0.012906 -1.84572 1.44266 0.412218 -0.118761 0.00138815 0.00549178 -2.86316
110.192 0.0625515 -0.166626 2.10086 -2.83812 -0.451056 -2.19401 0.0347391 -0.160974 2.1502 -2.84852 -0.521264 -2.16577 -0.0278125 0.00565203 0.0493438 -0.0104023 -0.0702083 0.0282417 0.0569235 4.27233 1.82114 1.67323 1.72623 0.00553658 -0.0124476 -1.84548 1.44266 0.412218 -0.118761 0.00138815 0.00549178 -2.86316
110.453 0.0610855 -0.165915 2.10756 -2.8377 -0.450444 -2.19352 0.0321991 -0.161457 2.1694 -2.83898 -0.518325 -2.20393 -0.0288864 0.00445779 0.0618449 -0.00128186 -0.0678805 -0.0104041 0.0684039 3.94049 1.82156 1.67554 1.7327 0.00462301 -0.0121718 -1.84522 1.44266 0.412218 -0.118761 0.00138815 0.00549178 -2.86316
110.662 0.0599792 -0.164743 2.1142 -2.8373 -0.450111 -2.19311 0.0315828 -0.165937 2.25697 -2.84296 -0.361571 -2.18286 -0.0283964 -0.00119472 0.142769 -0.0056608 0.0885399 0.0102465 0.145571 5.10239 1.82198 1.67779 1.73906 0.00390317 -0.0121142 -1.84496 1.44266 0.412218 -0.118761 0.00138815 0.00549178 -2.86316
111.367 0.0592733 -0.157078 2.13648 -2.83592 -0.451234 -2.19251 0.0271794 -0.155863 2.22107 2.76958 0.597834 -2.20917 -0.0320939 0.00121564 0.0845887 5.6055 1.04907 -0.0166584 0.0904807 70.525 1.8238 1.6853 1.75991 0.00298718 -0.0137541 -1.8441 1.44266 0.412218 -0.118761 0.00138815 0.00549178 -2.86316
111.633 0.0605006 -0.1546 2.14206 -2.83596 -0.452077 -2.19261 0.0284079 -0.15008 2.16933 -2.83436 -0.521312 -2.20635 -0.0320928 0.00451983 0.0272759 0.00160043 -0.0692351 -0.0137365 0.0423598 4.03682 1.82439 1.68711 1.7651 0.00349615 -0.0144169 -1.84395 1.44266 0.412218 -0.118761 0.00138815 0.00549178 -2.86316
112.104 0.0642165 -0.150425 2.15277 -2.83681 -0.453752 -2.19292 0.0323352 -0.146552 2.24178 2.76017 0.585167 -2.24753 -0.0318813 0.00387316 0.0890052 5.59698 1.03892 -0.0546065 0.0946221 70.2718 1.82563 1.69048 1.77535 0.00523181 -0.0153378 -1.84374 1.44266 0.412218 -0.118761 0.00138815 0.00549178 -2.86316
112.287 0.0669932 -0.148017 2.15997 -2.8377 -0.454716 -2.19314 0.0349482 -0.144077 2.22313 -2.84053 -0.538924 -2.16091 -0.0320451 0.00393939 0.0631626 -0.00282982 -0.0842073 0.0322289 0.070936 5.14064 1.82637 1.69254 1.78233 0.00657789 -0.0156496 -1.84367 1.44266 0.412218 -0.118761 0.00138815 0.00549178 -2.86316
112.776 0.0691494 -0.143724 2.17081 -2.83825 -0.455703 -2.19339 0.0394289 -0.141156 2.25447 -2.7923 -0.420832 -2.19729 -0.0297205 0.00256764 0.0836589 0.0459444 0.0348713 -0.00389866 0.0888184 3.23604 1.82714 1.69525 1.79318 0.00766336 -0.0161658 -1.84361 1.44266 0.412218 -0.118761 0.00138815 0.00549178 -2.86316
113.043 0.0689663 -0.139811 2.1781 -2.83785 -0.456178 -2.19352 0.0388334 -0.136312 2.2232 -2.84011 -0.542495 -2.16104 -0.0301329 0.0034985 0.0450989 -0.00226056 -0.086317 0.0324872 0.054352 5.2638 1.82733 1.69673 1.80064 0.0076278 -0.0167613 -1.84358 1.44266 0.412218 -0.118761 0.00138815 0.00549178 -2.86316
113.239 0.0680982 -0.13624 2.18348 -2.83718 -0.456506 -2.19361 0.0388334 -0.132428 2.2232 -2.8391 -0.543857 -2.16156 -0.0292648 0.00381215 0.0397219 -0.00192596 -0.0873518 0.0320553 0.0494853 5.3139 1.82728 1.69761 1.80628 0.00726308 -0.0173827 -1.84356 1.44266 0.412218 -0.118761 0.00138815 0.00549178 -2.86316
113.447 0.0666938 -0.132226 2.18883 -2.83628 -0.456762 -2.19367 0.0382206 -0.129666 2.24277 -2.79477 -0.5045 -2.18723 -0.0284732 0.00255953 0.0539376 0.0415062 -0.0477377 0.00644856 0.0610454 3.75296 1.82707 1.69824 1.81198 0.00666054 -0.0180576 -1.84353 1.44266 0.412218 -0.118761 0.00138815 0.00549178 -2.86316
114.181 0.0621232 -0.11384 2.2051 -2.8327 -0.45877 -2.19418 0.0337429 -0.116894 2.34126 -2.87222 -0.430846 -2.19474 -0.0283803 -0.00305481 0.136158 -0.0395204 0.0279241 -0.000558619 0.139118 2.7839 1.82526 1.69784 1.83064 0.00487828 -0.0215618 -1.84333 1.44266 0.412218 -0.118761 0.00138815 0.00549178 -2.86316
114.658 0.0599272 -0.0955572 2.214 -2.82998 -0.461393 -2.19484 0.0303229 -0.0994939 2.31685 -2.91385 -0.487122 -2.17221 -0.0296043 -0.00393667 0.102855 -0.083872 -0.0257291 0.0226262 0.107103 4.61023 1.8228 1.69397 1.84296 0.00420938 -0.0251175 -1.8431 1.44266 0.412218 -0.118761 0.00138815 0.00549178 -2.86316
114.855 0.0592464 -0.0846879 2.21684 -2.82835 -0.46332 -2.19537 0.0304203 -0.0895348 2.32071 -2.82081 -0.487605 -2.17354 -0.0288261 -0.00484691 0.103865 0.00753487 -0.0242858 0.0218353 0.107899 2.04507 1.82135 1.69099 1.84782 0.00405543 -0.0275355 -1.84297 1.44266 0.412218 -0.118761 0.00138815 0.00549178 -2.86316
115.097 0.0588939 -0.0730028 2.21892 -2.82682 -0.465373 -2.19594 0.029097 -0.0766374 2.29849 -2.86604 -0.534849 -2.14926 -0.0297969 -0.00363459 0.0795703 -0.0392195 -0.0694759 0.0466875 0.0850441 4.72008 1.81963 1.68706 1.85244 0.00407595 -0.0300021 -1.84283 1.44266 0.412218 -0.118761 0.00138815 0.00549178 -2.86316
115.566 0.0596333 -0.0423446 2.22099 -2.82379 -0.470731 -2.19752 0.0290968 -0.0485238 2.29848 -2.85874 -0.544827 -2.15302 -0.0305364 -0.00617919 0.0774869 -0.0349504 -0.0740953 0.0444976 0.0835157 4.85406 1.81452 1.67413 1.86259 0.00499513 -0.0359361 -1.84257 1.44266 0.412218 -0.118761 0.00138815 0.00549178 -2.86316
115.816 0.0600537 -0.0277044 2.22095 -2.82248 -0.473153 -2.19829 0.0290968 -0.0324591 2.29848 -2.85446 -0.550594 -2.15526 -0.0309569 -0.00475465 0.0775214 -0.0319831 -0.077441 0.043035 0.0836092 4.96917 1.81188 1.66717 1.86687 0.00549074 -0.0385741 -1.8425 1.44266 0.412218 -0.118761 0.00138815 0.00549178 -2.86316
116.032 0.0607968 -0.00753932 2.22057 -2.82096 -0.4763 -2.1994 0.0303971 -0.0155069 2.31959 -2.85199 -0.469473 -2.1678 -0.0303997 -0.00796759 0.0990206 -0.0310318 0.00682666 0.0315969 0.103888 1.91295 1.80799 1.65689 1.873 0.00635212 -0.0419134 -1.84249 1.44266 0.412218 -0.118761 0.00138815 0.00549178 -2.86316
116.249 0.0613047 0.0077184 2.22046 -2.82005 -0.478421 -2.20022 0.0303929 0.00334795 2.31961 2.82471 0.459003 -2.18013 -0.0309117 -0.00437045 0.0991493 5.64477 0.937424 0.020099 0.103948 64.2111 1.80481 1.64865 1.87828 0.0070755 -0.044105 -1.84257 1.44266 0.412218 -0.118761 0.00138815 0.00549178 -2.86316
116.736 0.0602209 0.0361072 2.22123 -2.81867 -0.480823 -2.20142 0.0303971 0.0371823 2.31962 -2.83789 -0.48863 -2.1743 -0.0298238 0.0010751 0.0983977 -0.0192245 -0.00780661 0.0271196 0.102824 1.4941 1.79783 1.63146 1.89081 0.00773101 -0.0467672 -1.84286 1.44266 0.412218 -0.118761 0.00138815 0.00549178 -2.86316
117.177 0.0596119 0.0709829 2.22311 -2.81766 -0.48388 -2.20315 0.0303971 0.0696069 2.31964 -2.8288 -0.500712 -2.17862 -0.0292148 -0.001376 0.0965336 -0.0111397 -0.0168314 0.0245328 0.100867 1.56997 1.78861 1.61045 1.90762 0.00934099 -0.0497792 -1.84344 1.44266 0.412218 -0.118761 0.00138815 0.00549178 -2.86316
117.409 0.0581215 0.0890805 2.22375 -2.81618 -0.48577 -2.20422 0.0296507 0.0876468 2.34121 -2.8148 -0.500505 -2.22056 -0.0284708 -0.00143369 0.117469 0.00138252 -0.0147345 -0.0163418 0.120879 1.23511 1.7842 1.60098 1.91505 0.00959365 -0.0520551 -1.84376 1.44266 0.412218 -0.118761 0.00138815 0.00549178 -2.86316
117.623 0.0542933 0.116398 2.2239 -2.81277 -0.488867 -2.20592 0.0275439 0.110581 2.33823 2.85633 0.317985 -2.17529 -0.0267494 -0.00581627 0.114328 5.66911 0.806852 0.0306302 0.11756 57.4346 1.77783 1.58771 1.92479 0.00915492 -0.0563261 -1.84418 1.44266 0.412218 -0.118761 0.00138815 0.00549178 -2.86316
117.876 0.0509575 0.138411 2.22343 -2.80977 -0.49153 -2.20733 0.0242569 0.131294 2.31751 -2.85276 -0.565504 -2.20418 -0.0267006 -0.00711723 0.0940872 -0.0429946 -0.0739741 0.00314067 0.098061 4.85954 1.7727 1.57729 1.93193 0.00869262 -0.0600388 -1.84448 1.44266 0.412218 -0.118761 0.00138815 0.00549178 -2.86316
118.133 0.0476782 0.160882 2.22249 -2.80677 -0.494335 -2.20878 0.0214773 0.159063 2.33829 -2.80222 -0.426333 -2.19535 -0.0262008 -0.00181937 0.115805 0.00454624 0.0680012 0.0134279 0.118746 4.00223 1.7673 1.56655 1.93895 0.00833105 -0.0638746 -1.84478 1.44266 0.412218 -0.118761 0.00138815 0.00549178 -2.86316
118.331 0.0433093 0.190498 2.22074 -2.80304 -0.497899 -2.21066 0.0170068 0.181062 2.29407 -2.83669 -0.591074 -2.17669 -0.0263025 -0.00943628 0.0733308 -0.0336567 -0.0931747 0.03397 0.0784746 5.6667 1.75978 1.55192 1.94819 0.00797039 -0.0686828 -1.84516 1.44266 0.412218 -0.118761 0.00138815 0.00549178 -2.86316
118.779 0.0371438 0.230265 2.21801 -2.7991 -0.501807 -2.21294 0.010147 0.235457 2.32059 2.94694 0.339376 -2.14023 -0.0269968 0.00519191 0.102577 5.74604 0.841183 0.0727106 0.106197 56.6373 1.74808 1.53004 1.9621 0.00783283 -0.0738804 -1.84576 1.44266 0.412218 -0.118761 0.00138815 0.00549178 -2.86316
119.057 0.0334663 0.248899 2.21675 -2.79728 -0.503263 -2.21393 0.00605749 0.256427 2.31381 -2.81152 -0.523974 -2.19585 -0.0274088 0.00752798 0.0970572 -0.0142414 -0.0207114 0.0180832 0.101134 1.52213 1.74216 1.51938 1.96907 0.00755974 -0.0759945 -1.84607 1.44266 0.412218 -0.118761 0.00138815 0.00549178 -2.86316
119.254 0.0275479 0.273823 2.21478 -2.7943 -0.505191 -2.21524 0.00203771 0.280061 2.3206 2.95791 0.328114 -2.13627 -0.0255102 0.0062378 0.105822 5.75221 0.833304 0.0789666 0.109032 56.0753 1.73426 1.50552 1.97797 0.00672233 -0.0790993 -1.84645 1.44266 0.412218 -0.118761 0.00138815 0.00549178 -2.86316
119.498 0.0218465 0.292387 2.21304 -2.79151 -0.506442 -2.21612 -0.00406812 0.299961 2.32214 -2.8097 -0.530415 -2.19943 -0.0259146 0.00757337 0.109102 -0.0181991 -0.0239726 0.0166883 0.112393 1.70295 1.72839 1.49539 1.9843 0.00545763 -0.0815706 -1.84665 1.44266 0.412218 -0.118761 0.00138815 0.00549178 -2.86316
119.707 0.0156019 0.310624 2.21106 -2.78847 -0.50759 -2.21687 -0.0101576 0.322275 2.31835 2.96997 0.204476 -2.11336 -0.0257595 0.0116511 0.107294 5.75845 0.712066 0.103516 0.110956 50.0766 1.72262 1.4855 1.99028 0.0038694 -0.0840868 -1.84676 1.44266 0.412218 -0.118761 0.00138815 0.00549178 -2.86316
119.898 0.00812748 0.33408 2.20808 -2.78478 -0.50922 -2.21772 -0.0182375 0.344964 2.32077 2.97498 0.313744 -2.12994 -0.026365 0.0108844 0.112694 5.75976 0.822964 0.0877838 0.116248 55.3553 1.71523 1.47266 1.99769 0.00201885 -0.0873227 -1.84674 1.44266 0.412218 -0.118761 0.00138815 0.00549178 -2.86316
120.431 0.00117639 0.367348 2.20347 -2.78068 -0.512469 -2.21891 -0.0303999 0.385598 2.31855 -2.82246 -0.514523 -2.20156 -0.0315763 0.0182499 0.115073 -0.0417828 -0.00205419 0.0173528 0.120714 2.09649 1.70517 1.45439 2.00797 0.000812073 -0.092089 -1.84649 1.44266 0.412218 -0.118761 0.00138815 0.00549178 -2.86316
120.688 -0.000568002 0.388329 2.20054 -2.77887 -0.51514 -2.21974 -0.032314 0.391144 2.24255 2.99347 0.29253 -2.13247 -0.031746 0.00281494 0.0420029 5.77234 0.807669 0.0872657 0.0527255 54.2273 1.69932 1.44305 2.01439 0.00107073 -0.0951527 -1.84626 1.44266 0.412218 -0.118761 0.00138815 0.00549178 -2.86316
121.17 -0.000726838 0.416849 2.19629 -2.77709 -0.519063 -2.22088 -0.0343554 0.441358 2.31634 3.12459 0.18408 -2.10825 -0.0336285 0.0245094 0.120045 5.90169 0.703143 0.112631 0.127053 45.5233 1.69183 1.42704 2.02323 0.00216538 -0.0992144 -1.84592 1.44266 0.412218 -0.118761 0.00138815 0.00549178 -2.86316
121.41 -0.00055754 0.428911 2.19425 -2.77653 -0.520415 -2.22132 -0.0343581 0.457577 2.31648 3.12554 0.180684 -2.10797 -0.0338005 0.0286659 0.122227 5.90208 0.701099 0.113349 0.130014 45.4061 1.6886 1.41943 2.02716 0.00260885 -0.100583 -1.84577 1.44255 0.412211 -0.118761 0.00138858 0.00549186 -2.86308
122.082 -0.00062848 0.46171 2.18808 -2.77536 -0.523168 -2.22214 -0.0351611 0.491821 2.29911 -2.79338 -0.568913 -2.18449 -0.0345326 0.0301101 0.111034 -0.0180214 -0.045745 0.0376517 0.120115 3.2054 1.68034 1.39669 2.03834 0.0031641 -0.103542 -1.84547 1.44236 0.412258 -0.118728 0.00137008 0.00517194 -2.86302
122.578 0.00324762 0.482471 2.18412 -2.78002 -0.525666 -2.22534 -0.0323447 0.501312 2.24282 -2.76792 -0.563627 -2.23636 -0.0355923 0.0188406 0.0586967 0.0121054 -0.0379612 -0.0110147 0.0711834 2.27073 1.6769 1.38376 2.04652 0.00410417 -0.105321 -1.84533 1.44083 0.414625 -0.117743 5.57703e-05 -0.00124218 -2.86108
123.004 0.00551295 0.496237 2.1809 -2.78714 -0.526667 -2.23025 -0.0284254 0.520888 2.24275 -2.7607 -0.574533 -2.2406 -0.0339383 0.024651 0.0618522 0.0264398 -0.047866 -0.010347 0.074734 3.0377 1.6754 1.37506 2.05557 0.00352692 -0.105591 -1.84513 1.43849 0.418784 -0.113941 -0.00246646 -0.0114494 -2.85731
123.259 0.00652122 0.504617 2.17895 -2.79102 -0.527131 -2.23456 -0.0270069 0.522424 2.21361 3.11033 0.267905 -2.09221 -0.0335281 0.0178077 0.0346663 5.90135 0.795037 0.142348 0.0514102 50.4277 1.67515 1.37052 2.06265 0.00276597 -0.105575 -1.84497 1.4373 0.42259 -0.110249 -0.00465299 -0.0181171 -2.85387
123.708 0.008228 0.513263 2.17677 -2.7996 -0.526139 -2.24149 -0.026365 0.561778 2.32091 3.14129 -0.000524986 -2.10252 -0.034593 0.0485152 0.144147 5.94089 0.525614 0.138967 0.155977 35.5216 1.6761 1.36617 2.07629 0.00159826 -0.104551 -1.84476 1.43592 0.429232 -0.100924 -0.00738453 -0.0305724 -2.8477
124.99 0.020211 0.520495 2.17316 -2.84375 -0.521037 -2.26381 -0.0153075 0.576622 2.32435 -3.07346 -0.309424 -2.16702 -0.0355185 0.0561276 0.151193 -0.229704 0.211614 0.0967837 0.16514 17.0617 1.69051 1.36994 2.13995 0.000830909 -0.0973197 -1.84507 1.43795 0.458112 -0.0452061 -0.0162717 -0.0823317 -2.82708
125.594 0.0343797 0.513815 2.17345 -2.87879 -0.524476 -2.26993 -8.00365e-05 0.547729 2.2363 -2.84655 -0.613382 -2.2885 -0.0344598 0.0339144 0.0628544 0.0322408 -0.0889061 -0.0185697 0.079299 5.32649 1.70261 1.37989 2.17853 0.00317121 -0.0924618 -1.84528 1.43892 0.474619 -0.00720416 -0.0242821 -0.115692 -2.82186
125.84 0.0371571 0.511414 2.17367 -2.88973 -0.526456 -2.27059 0.00401132 0.542989 2.21898 -3.04087 0.195532 -2.14591 -0.0331458 0.0315751 0.0453056 -0.151138 0.721988 0.124682 0.0644068 42.5535 1.70645 1.38349 2.19057 0.00302841 -0.0912429 -1.84526 1.43882 0.479447 0.00500789 -0.0274817 -0.126395 -2.82137
126.062 0.0404318 0.506329 2.1743 -2.90615 -0.529318 -2.27033 0.00683538 0.548642 2.25991 -2.91654 -0.491738 -2.26814 -0.0335964 0.0423129 0.0856103 -0.0103892 0.0375803 0.00218904 0.101234 2.22105 1.71161 1.38865 2.20705 0.00263224 -0.0890835 -1.84521 1.43845 0.485671 0.0221155 -0.0321789 -0.14183 -2.82152
126.293 0.0428506 0.502381 2.1747 -2.91937 -0.531962 -2.26942 0.0101313 0.562617 2.33787 -3.07574 -0.312424 -2.20127 -0.0327193 0.0602359 0.163177 -0.15637 0.219538 0.0681484 0.176991 14.9867 1.7155 1.39271 2.21966 0.00237607 -0.0876518 -1.84521 1.43808 0.490048 0.0354817 -0.0357752 -0.154026 -2.82229
126.558 0.0452809 0.498745 2.17514 -2.93289 -0.535017 -2.26795 0.0118142 0.534167 2.2346 -3.12311 0.229926 -2.15715 -0.0334667 0.0354215 0.059453 -0.190221 0.764943 0.1108 0.0768723 45.2822 1.71939 1.39689 2.23238 0.00215505 -0.086618 -1.84528 1.43754 0.493995 0.0492311 -0.0392719 -0.166514 -2.82365
126.792 0.048845 0.494085 2.17553 -2.95105 -0.539803 -2.26508 0.0155933 0.523623 2.21061 -3.09372 0.29705 -2.16239 -0.0332517 0.0295383 0.0350795 -0.142674 0.836853 0.102688 0.0566459 48.8101 1.72452 1.40252 2.24921 0.0021928 -0.0856532 -1.8455 1.43686 0.498584 0.0676215 -0.0437759 -0.182717 -2.82643
127.033 0.0519417 0.490342 2.17617 -2.96498 -0.543753 -2.26217 0.0171694 0.545582 2.32245 -2.9509 -0.501788 -2.21839 -0.0347723 0.0552401 0.146278 0.0140808 0.0419651 0.0437794 0.16018 3.83982 1.72829 1.40673 2.26172 0.00254155 -0.0850359 -1.84575 1.4364 0.501471 0.0814998 -0.047037 -0.194641 -2.82924
127.278 0.0545442 0.486206 2.17672 -2.97928 -0.547651 -2.25847 0.0212217 0.541416 2.32199 -2.95538 -0.501888 -2.21707 -0.0333225 0.0552108 0.145268 0.023908 0.0457631 0.0413976 0.158938 4.19899 1.73197 1.41091 2.27426 0.00283574 -0.0844976 -1.84603 1.43601 0.503771 0.0956873 -0.0499949 -0.206653 -2.83267
127.514 0.0567731 0.479975 2.17746 -2.99862 -0.552234 -2.25218 0.0244806 0.52021 2.25645 -3.07022 -0.578482 -2.22773 -0.0322925 0.0402353 0.0789844 -0.071601 -0.0262482 0.0244466 0.094341 3.85945 1.73668 1.41643 2.29097 0.00304933 -0.0838389 -1.84644 1.43594 0.505823 0.115062 -0.0530281 -0.222449 -2.83825
127.761 0.0583665 0.473967 2.17822 -3.01355 -0.5549 -2.24633 0.0267826 0.516406 2.25547 -2.95495 0.193132 -2.12832 -0.0315839 0.0424384 0.0772477 0.0585952 0.748032 0.118007 0.0936257 43.5839 1.74007 1.42053 2.30347 0.0034544 -0.0830854 -1.84674 1.43621 0.506464 0.129927 -0.0543415 -0.233833 -2.8432
127.985 0.0595387 0.467363 2.17904 -3.02809 -0.556835 -2.23956 0.0284006 0.508022 2.25484 -3.07869 -0.575864 -2.22447 -0.0311382 0.040659 0.0757982 -0.0506016 -0.0190293 0.0150901 0.0914774 2.76612 1.74328 1.42457 2.31585 0.00395569 -0.0823489 -1.84702 1.43688 0.506259 0.144869 -0.0546275 -0.244279 -2.84883
128.669 0.0556214 0.446744 2.18204 -3.0683 -0.55767 -2.21292 0.028878 0.492752 2.28924 -2.99058 -0.577922 -2.23869 -0.0267434 0.0460084 0.107201 0.0777162 -0.0202517 -0.0257719 0.119683 4.03498 1.75247 1.43691 2.35621 0.00455044 -0.0818471 -1.84801 1.443 0.499755 0.194776 -0.0478594 -0.270781 -2.87173
128.896 0.0527243 0.440423 2.18248 -3.07826 -0.556146 -2.20416 0.0259497 0.482698 2.27284 -3.04484 0.215508 -2.10687 -0.0267746 0.0422755 0.0903586 0.0334164 0.771654 0.0972957 0.10329 44.6257 1.75474 1.44013 2.3682 0.00475608 -0.0819501 -1.84839 1.44607 0.496348 0.209927 -0.0436698 -0.276294 -2.87944
129.137 0.0480423 0.432116 2.18368 -3.0893 -0.55269 -2.19246 0.0219781 0.474741 2.27277 -3.04403 0.217686 -2.10671 -0.0260641 0.0426245 0.0890865 0.045269 0.770376 0.0857509 0.10214 44.5191 1.75742 1.44402 2.38422 0.00507776 -0.0820949 -1.84896 1.45093 0.490956 0.230185 -0.0366141 -0.281353 -2.88998
129.371 0.0438992 0.426218 2.1844 -3.09536 -0.549181 -2.18387 0.0185439 0.464582 2.25899 3.0787 -0.566745 -2.15446 -0.0253553 0.0383639 0.0745887 6.17406 -0.0175644 0.0294176 0.0876251 5.63792 1.75918 1.44658 2.39617 0.00536007 -0.0823092 -1.84944 1.45518 0.486446 0.245149 -0.0303559 -0.283016 -2.89791
129.596 0.0389795 0.420496 2.18476 -3.09934 -0.544845 -2.17559 0.0135096 0.451978 2.23584 -3.10913 -0.551056 -2.17732 -0.0254699 0.0314815 0.0510825 -0.00978465 -0.00621116 -0.00173378 0.065186 0.713267 1.76074 1.44881 2.40804 0.00551744 -0.082562 -1.84997 1.45988 0.481658 0.259843 -0.0234111 -0.282867 -2.90566
130.034 0.0267664 0.407814 2.18659 -3.10226 -0.53165 -2.15824 0.000826954 0.437276 2.2259 -3.03934 -0.631298 -2.17923 -0.0259395 0.0294618 0.0393167 0.0629208 -0.0996479 -0.0209933 0.0555577 6.50101 1.7637 1.45263 2.43597 0.00602554 -0.0826395 -1.85131 1.47203 0.469858 0.293876 -0.0051354 -0.276694 -2.92208
130.262 0.021939 0.402886 2.18703 -3.1008 -0.525111 -2.15197 -0.00517219 0.441193 2.2755 3.03994 -0.464947 -2.12826 -0.0271111 0.0383068 0.0884674 6.14074 0.0601644 0.0237038 0.100144 8.35339 1.7647 1.4536 2.44834 0.00646544 -0.0825642 -1.85187 1.47747 0.464847 0.308517 0.00321253 -0.271658 -2.928
130.492 0.017449 0.398931 2.18736 -3.09737 -0.518327 -2.14659 -0.010842 0.425676 2.22625 -3.03904 -0.621653 -2.17907 -0.0282909 0.0267447 0.0388916 0.0583278 -0.103326 -0.0324806 0.0550292 6.55371 1.76557 1.45415 2.46098 0.00692504 -0.0826324 -1.8524 1.48282 0.460029 0.323078 0.0116637 -0.265142 -2.93305
130.716 0.0118146 0.396007 2.18759 -3.08935 -0.509237 -2.141 -0.0160673 0.439995 2.32041 -2.93966 0.112911 -2.04693 -0.0278819 0.0439886 0.132825 0.149696 0.622148 0.0940693 0.142671 37.2612 1.76652 1.45421 2.47821 0.00733455 -0.0832299 -1.85306 1.48955 0.454096 0.34219 0.0228476 -0.254224 -2.93825
131.132 0.00493149 0.395436 2.18735 -3.07215 -0.495716 -2.13612 -0.0249516 0.42624 2.27037 3.1383 -0.532996 -2.08926 -0.0298831 0.0308044 0.0830189 6.21045 -0.0372802 0.0468514 0.0934561 4.25699 1.76764 1.45298 2.50475 0.00728329 -0.0849317 -1.85388 1.49738 0.44646 0.370517 0.0388366 -0.235402 -2.94238
131.369 0.00390691 0.397199 2.18701 -3.05937 -0.487452 -2.1353 -0.028239 0.436071 2.32112 -2.93527 0.113457 -2.04645 -0.032146 0.0388728 0.134105 0.124101 0.600908 0.0888576 0.143278 35.6818 1.7683 1.45145 2.52259 0.00762771 -0.0864701 -1.85429 1.50031 0.442383 0.389088 0.0485878 -0.222662 -2.94261
131.615 0.00465581 0.398488 2.18677 -3.04933 -0.481252 -2.13578 -0.0284221 0.426601 2.25448 -3.02667 0.227981 -2.06823 -0.0330779 0.0281128 0.0677131 0.022664 0.709233 0.0675582 0.0804335 40.8479 1.76876 1.45003 2.53587 0.00782021 -0.0874089 -1.85448 1.50112 0.439914 0.402656 0.0553509 -0.21317 -2.94148
131.792 0.00615819 0.399728 2.18659 -3.0386 -0.474895 -2.1371 -0.0282452 0.440214 2.32157 -2.93556 0.112115 -2.04649 -0.0344034 0.0404861 0.134987 0.103041 0.58701 0.090614 0.145066 34.6758 1.76922 1.44843 2.549 0.00771497 -0.0881697 -1.85457 1.50078 0.437934 0.415831 0.0616997 -0.203614 -2.93929
131.997 0.00770618 0.400332 2.1864 -3.02706 -0.467974 -2.13907 -0.0269949 0.432521 2.28254 -3.0085 -0.44153 -2.12849 -0.0347011 0.0321884 0.0961423 0.0185627 0.0264442 0.0105853 0.107162 2.08844 1.76967 1.4467 2.56198 0.00704595 -0.0885879 -1.85456 1.49943 0.436352 0.428692 0.0678038 -0.193934 -2.93611
132.65 0.0160186 0.404103 2.18598 -2.98543 -0.443443 -2.1499 -0.0190158 0.436414 2.28205 -3.01085 -0.447214 -2.12815 -0.0350344 0.0323117 0.0960703 -0.0254131 -0.00377051 0.0217469 0.107243 1.46847 1.77154 1.44022 2.60383 0.00269863 -0.0901824 -1.85402 1.48863 0.433163 0.469986 0.0873009 -0.162737 -2.91981
132.861 0.0238264 0.406964 2.18555 -2.96896 -0.434584 -2.15591 -0.0149911 0.437639 2.27809 -2.98875 -0.451547 -2.13166 -0.0388174 0.0306744 0.0925475 -0.0197834 -0.0169627 0.0242437 0.104942 1.67585 1.77263 1.43737 2.6195 0.00162801 -0.0912418 -1.85363 1.48196 0.432918 0.485249 0.0942717 -0.15097 -2.91144
133.106 0.0310753 0.40928 2.18528 -2.95695 -0.428469 -2.16078 -0.00812207 0.448363 2.32298 -2.95674 -0.309743 -2.1326 -0.0391974 0.0390823 0.137702 0.000210994 0.118726 0.0281821 0.148411 6.99229 1.77361 1.43518 2.63058 0.00103358 -0.0920041 -1.85329 1.47624 0.433142 0.495945 0.0989457 -0.142442 -2.90476
133.266 0.0390259 0.411998 2.18487 -2.94509 -0.422918 -2.16589 -0.000907721 0.444454 2.2806 -3.06437 0.126497 -2.06772 -0.0399337 0.0324557 0.0957278 -0.119278 0.549415 0.0981685 0.108683 32.4926 1.77472 1.43297 2.64107 0.000454888 -0.0929218 -1.85294 1.47003 0.433668 0.506026 0.103101 -0.134281 -2.8979
133.473 0.0468844 0.414466 2.18448 -2.93363 -0.417607 -2.17091 0.0101404 0.456318 2.32091 3.14131 -0.000488846 -2.10252 -0.036744 0.0418516 0.136434 6.07495 0.417118 0.0683936 0.147363 26.5892 1.77595 1.43079 2.65099 -0.000355091 -0.0937137 -1.85257 1.46352 0.434398 0.515614 0.106809 -0.126601 -2.89107
133.709 0.0567979 0.416198 2.18407 -2.91941 -0.41049 -2.17712 0.0179423 0.446817 2.26257 -2.95402 0.109714 -2.09224 -0.0388557 0.030619 0.0784988 -0.0346146 0.520204 0.0848791 0.0927865 30.206 1.7778 1.42802 2.66333 -0.00187179 -0.0941943 -1.85207 1.45455 0.435515 0.527771 0.111172 -0.117253 -2.88231
134.436 0.0841862 0.420948 2.18293 -2.89113 -0.399099 -2.19004 0.0434601 0.450405 2.26069 -3.14154 9.0054e-05 -2.1451 -0.0407261 0.0294568 0.0777602 -0.25041 0.399189 0.0449413 0.0925903 26.7954 1.78345 1.42211 2.68989 -0.00490736 -0.0962881 -1.85083 1.4311 0.43853 0.554767 0.117848 -0.0995206 -2.86451
134.615 0.0934284 0.423661 2.18239 -2.88519 -0.398893 -2.19311 0.0539174 0.448733 2.24417 -2.86974 -0.447648 -2.16431 -0.039511 0.0250719 0.0617843 0.0154448 -0.0487552 0.0288022 0.077505 3.53679 1.7854 1.42062 2.69692 -0.00528307 -0.0976181 -1.85047 1.42407 0.439583 0.562062 0.117947 -0.0961483 -2.86093
134.903 0.10216 0.426545 2.18181 -2.88047 -0.400183 -2.19558 0.0669267 0.468487 2.32091 -3.13881 0.00486405 -2.10251 -0.0352334 0.041942 0.139107 -0.258345 0.405047 0.093071 0.149503 27.411 1.78741 1.41929 2.70368 -0.00577666 -0.0990409 -1.85012 1.41718 0.440786 0.569133 0.116844 -0.0938084 -2.85841
135.103 0.112806 0.429956 2.18112 -2.87628 -0.404238 -2.19786 0.0750462 0.458951 2.26071 -2.86087 -0.456304 -2.20104 -0.0377597 0.0289953 0.0795877 0.0154056 -0.0520658 -0.00318041 0.0927401 3.09465 1.79016 1.41784 2.71236 -0.00664127 -0.100762 -1.84968 1.4083 0.442686 0.578259 0.113251 -0.0922852 -2.85681
135.297 0.120697 0.43242 2.18065 -2.87484 -0.409476 -2.19889 0.0852195 0.469851 2.29878 3.09981 -0.360129 -2.15211 -0.0354777 0.0374309 0.118133 5.97465 0.0493472 0.0467737 0.1289 17.0877 1.79226 1.41704 2.71865 -0.00710853 -0.102025 -1.8494 1.40194 0.444363 0.584822 0.108814 -0.0922847 -2.857
135.741 0.13855 0.437273 2.18003 -2.8779 -0.429297 -2.19889 0.102218 0.466419 2.25181 2.95694 0.0188979 -2.1437 -0.0363318 0.0291453 0.0717767 5.83484 0.448195 0.0551939 0.0855649 35.84 1.79719 1.41637 2.73271 -0.00740703 -0.104645 -1.84883 1.3884 0.449071 0.599266 0.0922738 -0.0964474 -2.86215
136.181 0.151639 0.439736 2.18 -2.88811 -0.454527 -2.19613 0.118564 0.473475 2.26197 3.03743 0.0813768 -2.15345 -0.0330746 0.0337386 0.081975 5.92554 0.535904 0.0426766 0.0946157 36.5998 1.80125 1.41745 2.74423 -0.00735241 -0.106479 -1.84843 1.37831 0.453756 0.611222 0.0710843 -0.105638 -2.87153
136.392 0.159933 0.43942 2.18044 -2.89917 -0.475156 -2.19289 0.126491 0.473553 2.26235 3.03661 0.0802641 -2.15376 -0.0334422 0.0341327 0.0819044 5.93578 0.555421 0.0391257 0.0948249 37.2261 1.80377 1.41914 2.75151 -0.00668676 -0.107133 -1.84823 1.37252 0.456979 0.618997 0.0536419 -0.114509 -2.87986
136.617 0.164762 0.43851 2.18102 -2.90894 -0.492214 -2.18975 0.131812 0.467682 2.2342 3.09959 0.15688 -2.12699 -0.0329497 0.0291725 0.0531715 6.00852 0.649094 0.0627599 0.0690211 40.1894 1.8055 1.42096 2.75672 -0.00628023 -0.107526 -1.8481 1.36887 0.459304 0.62468 0.0391057 -0.122351 -2.8869
136.858 0.168044 0.437148 2.18184 -2.91971 -0.510387 -2.18609 0.143398 0.48652 2.32966 3.00146 -0.111724 -2.12998 -0.024646 0.049372 0.147819 5.92117 0.398663 0.0561056 0.157783 30.2532 1.80706 1.42329 2.76171 -0.00606589 -0.107908 -1.84799 1.36589 0.461466 0.630265 0.0235215 -0.131143 -2.89438
137.281 0.171682 0.432449 2.18436 -2.94884 -0.556651 -2.17631 0.143383 0.461344 2.23414 -2.96645 -0.567465 -2.17432 -0.0282987 0.0288952 0.0497799 -0.017604 -0.0108136 0.0019965 0.0641388 1.13643 1.80995 1.43072 2.77256 -0.00527969 -0.109046 -1.84775 1.36174 0.465541 0.643271 -0.0160588 -0.155112 -2.91228
137.488 0.171297 0.430403 2.18558 -2.96227 -0.577847 -2.17206 0.149971 0.476299 2.32072 -3.0617 -0.407467 -2.12114 -0.0213268 0.0458956 0.135139 -0.0994364 0.17038 0.0509184 0.144304 10.9737 1.81083 1.43474 2.77696 -0.00491756 -0.109952 -1.84765 1.36117 0.466769 0.64901 -0.0340827 -0.16655 -2.91956
137.636 0.169861 0.427951 2.18697 -2.97602 -0.599469 -2.16798 0.142884 0.451857 2.20898 3.06225 0.265201 -2.11485 -0.0269776 0.0239065 0.0220101 6.03826 0.86467 0.0531223 0.0422345 51.3115 1.81146 1.43927 2.78124 -0.00452626 -0.110931 -1.84755 1.36125 0.4677 0.654879 -0.0526296 -0.178471 -2.92626
138.115 0.164901 0.416983 2.19103 -3.01064 -0.649948 -2.1595 0.143678 0.455884 2.27013 -3.02317 -0.642483 -2.1421 -0.021223 0.0389018 0.0790986 -0.0125357 0.00746542 0.0173927 0.0906662 0.910857 1.81203 1.45186 2.79047 -0.0026357 -0.112014 -1.84725 1.36342 0.468716 0.669052 -0.0973004 -0.207938 -2.93832
138.349 0.160769 0.410155 2.19323 -3.02559 -0.6708 -2.15679 0.139712 0.447953 2.27014 -3.02407 -0.637149 -2.1415 -0.0210569 0.0377981 0.0769054 0.00151989 0.0336511 0.0152892 0.0882413 2.14137 1.81184 1.4581 2.79402 -0.00220076 -0.11204 -1.84706 1.36484 0.468657 0.675363 -0.116791 -0.221279 -2.94146
138.52 0.154871 0.402269 2.1956 -3.03993 -0.690887 -2.15498 0.138128 0.450687 2.32274 -3.07119 0.222662 -2.07338 -0.016743 0.0484182 0.127139 -0.0312626 0.913548 0.0816069 0.137073 52.5263 1.81139 1.46477 2.79732 -0.0023431 -0.111806 -1.84685 1.3664 0.468416 0.681748 -0.136451 -0.234841 -2.94312
138.73 0.145132 0.391432 2.19885 -3.05727 -0.716924 -2.1546 0.129984 0.44052 2.32231 -3.12576 0.32291 -2.09462 -0.0151477 0.0490881 0.123465 -0.0684893 1.03983 0.0599808 0.133727 59.7389 1.81036 1.47416 2.80145 -0.00310359 -0.111467 -1.84651 1.36872 0.468125 0.69021 -0.162996 -0.252672 -2.94285
139.415 0.116309 0.370045 2.20598 -3.08587 -0.779719 -2.16803 0.0973597 0.396842 2.22488 -3.11609 0.513936 -2.06143 -0.0189496 0.0267969 0.0189007 -0.0302191 1.29366 0.106608 0.0378734 74.3332 1.80606 1.49852 2.81152 -0.00628887 -0.111959 -1.84548 1.37583 0.469921 0.710284 -0.23094 -0.291636 -2.9287
139.673 0.107359 0.364547 2.20782 -3.08964 -0.796942 -2.17657 0.0898899 0.401024 2.29096 -3.13837 -0.783806 -2.12546 -0.0174693 0.0364772 0.0831459 -0.0487307 0.013136 0.0511047 0.0924608 2.30546 1.80451 1.50577 2.81462 -0.00737858 -0.111953 -1.84515 1.37829 0.471419 0.715922 -0.251219 -0.300905 -2.92072
139.883 0.0979119 0.358701 2.20969 -3.09077 -0.812509 -2.18716 0.0799451 0.397917 2.31054 -3.01747 0.452307 -2.0867 -0.0179668 0.0392158 0.100848 0.0733068 1.26482 0.100462 0.109686 72.8338 1.80299 1.51291 2.81774 -0.00873148 -0.111526 -1.84484 1.38094 0.473317 0.721296 -0.270914 -0.308669 -2.91124
140.106 0.0849951 0.351205 2.21202 -3.08777 -0.830502 -2.20462 0.0700125 0.387679 2.29498 -3.06415 -0.838345 -2.17291 -0.0149826 0.0364735 0.0829624 0.0236251 -0.007843 0.0317111 0.0918562 2.99657 1.8011 1.52214 2.82192 -0.0108332 -0.110606 -1.84448 1.38477 0.476424 0.727939 -0.295693 -0.316369 -2.89663
140.353 0.0756012 0.346229 2.21361 -3.08214 -0.841877 -2.22011 0.0574535 0.383853 2.31417 -3.03741 -0.830165 -2.22574 -0.0181477 0.0376237 0.100561 0.0447274 0.0117116 -0.00563508 0.108892 2.42769 1.7999 1.52874 2.82512 -0.012419 -0.109816 -1.84426 1.38788 0.479177 0.732518 -0.312824 -0.320019 -2.88449
141.427 0.0958864 0.37992 2.21181 -3.01704 -0.898866 -2.31894 0.0397186 0.388604 2.34266 -3.06241 -0.87017 -2.28362 -0.0561678 0.00868349 0.130852 -0.0453716 0.0286962 0.035323 0.142662 2.32709 1.79812 1.55584 2.8459 0.00282362 -0.125123 -1.83169 1.40907 0.499265 0.752539 -0.372175 -0.305654 -2.8156
142.069 0.187758 0.443863 2.19902 -2.9806 -0.943568 -2.31137 0.138534 0.465339 2.29443 -3.077 0.544417 -2.16984 -0.0492233 0.0214756 0.0954089 -0.0963986 1.48798 0.141523 0.109485 85.5962 1.79389 1.57287 2.86258 0.0201437 -0.147512 -1.76717 1.42649 0.520009 0.762059 -0.378906 -0.267786 -2.78397
142.535 0.238055 0.468654 2.19174 -2.96714 -0.961675 -2.26223 0.191985 0.492565 2.27928 -3.04833 -0.966087 -2.24391 -0.0460701 0.023911 0.0875393 -0.0811888 -0.00441229 0.0183184 0.101771 3.84491 1.78309 1.59198 2.87181 0.0183272 -0.152557 -1.70315 1.43632 0.541128 0.765593 -0.375963 -0.233603 -2.77118
142.763 0.259201 0.476767 2.18874 -2.966 -0.968169 -2.23306 0.221498 0.517579 2.33827 -3.00186 -0.950047 -2.2326 -0.0377032 0.040812 0.14953 -0.0358661 0.0181228 0.000458626 0.15952 2.28328 1.77598 1.60246 2.87486 0.0170222 -0.153364 -1.67369 1.43926 0.552034 0.766247 -0.373497 -0.218112 -2.76805
143.012 0.28834 0.488405 2.18405 -2.96822 -0.977126 -2.18869 0.237481 0.505275 2.23866 -2.97298 -1.00991 -2.23158 -0.0508589 0.01687 0.0546022 -0.00475974 -0.0327852 -0.0428925 0.0765025 3.2811 1.764 1.61859 2.87807 0.0160415 -0.154718 -1.63363 1.44187 0.56825 0.766474 -0.369415 -0.197009 -2.76605
143.201 0.307243 0.495871 2.18085 -2.97154 -0.982511 -2.15209 0.272846 0.53552 2.3231 -3.04468 -0.994178 -2.11397 -0.0343968 0.039649 0.142247 -0.0731413 -0.0116662 0.0381207 0.151623 2.73681 1.75299 1.63228 2.87997 0.0145628 -0.155115 -1.60363 1.44291 0.581639 0.766249 -0.365868 -0.180789 -2.76617
143.652 0.336018 0.509475 2.17557 -2.97962 -0.990436 -2.07363 0.307339 0.541441 2.26315 -3.03479 -0.980273 -2.05194 -0.0286798 0.0319666 0.0875858 -0.0551718 0.0101633 0.0216871 0.0975483 2.30817 1.72536 1.66374 2.88272 0.00973461 -0.155244 -1.54484 1.44282 0.61175 0.764857 -0.358012 -0.147193 -2.77004
143.872 0.350323 0.515296 2.1732 -2.98675 -0.993089 -2.01909 0.328009 0.55901 2.3112 -3.09702 -0.993326 -1.96357 -0.0223144 0.0437141 0.137994 -0.110269 -0.000237768 0.0555285 0.146462 4.04419 1.70275 1.68763 2.88351 0.0064934 -0.154132 -1.50744 1.44126 0.634189 0.762997 -0.352363 -0.124153 -2.77465
144.094 0.359547 0.520619 2.17122 -2.99182 -0.994749 -1.9792 0.335399 0.5555 2.27215 -2.97184 -1.00266 -1.99623 -0.0241487 0.0348815 0.100927 0.0199824 -0.00791195 -0.0170272 0.109481 0.768213 1.68366 1.70696 2.88347 0.0046168 -0.153895 -1.4804 1.43938 0.652178 0.761093 -0.347949 -0.106643 -2.77876
144.298 0.366677 0.524487 2.17009 -2.99757 -0.995538 -1.9381 0.352526 0.570911 2.3063 -3.08114 -0.985153 -1.89313 -0.0141507 0.0464231 0.136206 -0.083571 0.0103856 0.0449734 0.144594 3.0471 1.66274 1.72745 2.88291 0.00268857 -0.153476 -1.45431 1.43694 0.671121 0.758829 -0.343356 -0.0889233 -2.78311
144.601 0.371603 0.527627 2.16937 -3.00241 -0.994173 -1.88705 0.362524 0.579554 2.31807 2.91773 0.384247 -1.9725 -0.00907882 0.051927 0.148701 5.92014 1.37842 -0.0854436 0.157768 81.7636 1.63205 1.75651 2.88147 -0.00026128 -0.152318 -1.42107 1.43291 0.697875 0.755352 -0.336896 -0.0648289 -2.78875
144.825 0.37287 0.527682 2.16967 -3.00436 -0.991384 -1.85122 0.359287 0.572064 2.27882 -3.08495 -1.0147 -1.83822 -0.0135834 0.0443817 0.109154 -0.0805896 -0.0233136 0.0129967 0.118612 4.22614 1.60702 1.77953 2.87997 -0.00240678 -0.150793 -1.39729 1.42932 0.719108 0.752461 -0.331826 -0.0463512 -2.79237
145.067 0.373932 0.526546 2.17023 -3.00536 -0.987683 -1.81774 0.35279 0.557026 2.21901 -2.9559 -1.03449 -1.87764 -0.0211417 0.03048 0.0487795 0.0494599 -0.0468094 -0.0598981 0.0612817 3.24232 1.58033 1.80351 2.87815 -0.00374869 -0.149093 -1.37431 1.42527 0.741368 0.749362 -0.32659 -0.0275216 -2.79501
145.263 0.374781 0.52544 2.17084 -3.00379 -0.98199 -1.778 0.364688 0.571226 2.28746 -2.98765 -0.974721 -1.82793 -0.0100924 0.0457865 0.116616 0.0161355 0.00726861 -0.0499316 0.125688 2.19642 1.54231 1.83678 2.87536 -0.00462375 -0.147359 -1.34456 1.41915 0.772659 0.745033 -0.319341 -0.00197511 -2.79629
145.491 0.373921 0.52443 2.17147 -2.99962 -0.97687 -1.75276 0.363762 0.570738 2.28153 -2.95768 -0.94094 -1.81932 -0.0101591 0.0463075 0.110058 0.0419412 0.0359306 -0.0665619 0.119835 3.09035 1.512 1.86259 2.87309 -0.00520772 -0.146221 -1.32277 1.41391 0.797347 0.741762 -0.313656 0.0173377 -2.79504
145.913 0.367267 0.519665 2.1739 -2.98216 -0.963238 -1.71601 0.346745 0.545244 2.19891 -2.99173 -1.03069 -1.72873 -0.0205227 0.0255792 0.0250018 -0.00956976 -0.0674527 -0.0127205 0.0412379 4.05454 1.44704 1.91623 2.8685 -0.00691657 -0.143259 -1.2805 1.40145 0.849973 0.735452 -0.301326 0.0558381 -2.78522
146.174 0.360318 0.515549 2.17602 -2.9639 -0.952088 -1.70241 0.350185 0.556302 2.25259 2.74438 0.436694 -1.86505 -0.0101329 0.0407536 0.0765689 5.70828 1.38878 -0.162637 0.0873289 86.4601 1.40076 1.95326 2.86563 -0.00826753 -0.141068 -1.25299 1.39132 0.88761 0.731494 -0.292267 0.0810162 -2.77221
146.361 0.353925 0.512572 2.17741 -2.94632 -0.942549 -1.69891 0.354017 0.568722 2.32207 -3.04368 -0.937502 -1.66206 9.24048e-05 0.0561496 0.144661 -0.0973639 0.00504705 0.0368445 0.155176 4.079 1.36466 1.98156 2.86356 -0.00955757 -0.139175 -1.23258 1.3826 0.917223 0.728606 -0.284984 0.0993644 -2.75862
146.608 0.345433 0.507852 2.1798 -2.92629 -0.931826 -1.69948 0.348416 0.566988 2.33321 2.6904 0.358343 -1.84801 0.00298302 0.0591367 0.153406 5.6167 1.29017 -0.148528 0.164436 83.485 1.32749 2.01022 2.86152 -0.0114571 -0.13695 -1.21237 1.37285 0.948046 0.72573 -0.277234 0.117054 -2.74157
147.074 0.322416 0.499756 2.18426 -2.86998 -0.903366 -1.72103 0.310708 0.528769 2.22249 -2.90532 -0.974947 -1.71111 -0.0117076 0.0290132 0.0382258 -0.0353416 -0.0715811 0.00992384 0.0493968 4.40264 1.2375 2.07824 2.85698 -0.016891 -0.132 -1.16589 1.34599 1.02469 0.718909 -0.256838 0.154866 -2.6879
147.245 0.313984 0.498659 2.18542 -2.8446 -0.89022 -1.73626 0.295863 0.521281 2.20034 2.65452 0.439551 -1.85016 -0.0181214 0.0226222 0.0149274 5.49911 1.32977 -0.113902 0.0326034 87.6856 1.19791 2.10781 2.8554 -0.0185594 -0.130622 -1.1458 1.33288 1.05964 0.716035 -0.246889 0.169537 -2.6591
147.406 0.305318 0.497201 2.18654 -2.81842 -0.875438 -1.75445 0.302332 0.54844 2.32369 2.70074 0.370995 -1.84266 -0.00298619 0.0512387 0.13715 5.51915 1.24643 -0.0882069 0.146439 83.055 1.15788 2.13758 2.85417 -0.0203504 -0.12878 -1.12552 1.31896 1.09592 0.713275 -0.236143 0.18337 -2.6271
148.841 0.234929 0.490881 2.19061 -2.6474 -0.721876 -1.93458 0.219882 0.528506 2.29023 2.6032 0.260548 -1.91379 -0.0150464 0.0376253 0.0996227 5.2506 0.982424 0.0207951 0.107549 79.6579 0.840454 2.37886 2.85686 -0.0337541 -0.106222 -0.970311 1.17962 1.42794 0.695172 -0.134136 0.246705 -2.30931
149.07 0.232353 0.49344 2.18938 -2.64066 -0.703408 -1.95075 0.211328 0.524181 2.26288 2.60868 0.246504 -1.96097 -0.0210255 0.0307407 0.0734945 5.24934 0.949912 -0.0102256 0.0823924 78.8355 0.802905 2.40938 2.8585 -0.0333791 -0.104188 -0.951713 1.15889 1.47179 0.693921 -0.120689 0.246244 -2.27066
149.325 0.231576 0.497366 2.18712 -2.63818 -0.686014 -1.96394 0.215615 0.543845 2.33027 2.67587 0.227346 -1.91233 -0.0159611 0.0464788 0.143153 5.31404 0.91336 0.0516101 0.151354 74.375 0.765964 2.44 2.8602 -0.0325949 -0.102364 -0.933007 1.1375 1.51525 0.692932 -0.107418 0.243468 -2.23441
149.803 0.238813 0.500703 2.18385 -2.65326 -0.65037 -1.97557 0.214875 0.542941 2.30052 2.68017 0.212572 -1.96068 -0.0239376 0.0422377 0.116666 5.33344 0.862943 0.0148965 0.126365 72.0891 0.681935 2.51175 2.86359 -0.0292863 -0.0977002 -0.888657 1.08543 1.61383 0.691161 -0.0776516 0.228082 -2.16237
150.278 0.250744 0.505141 2.17937 -2.68461 -0.626911 -1.96657 0.227456 0.547956 2.30294 -2.70914 -0.65922 -1.94909 -0.0232875 0.0428146 0.123563 -0.0245341 -0.0323096 0.017475 0.132828 2.17187 0.612041 2.57303 2.86507 -0.026081 -0.0947933 -0.850082 1.03896 1.69401 0.689762 -0.054038 0.206341 -2.11791
150.745 0.276856 0.51815 2.17147 -2.74233 -0.612737 -1.93165 0.247818 0.560748 2.30787 2.72372 0.0854166 -1.94273 -0.0290377 0.0425978 0.136403 5.46606 0.698154 -0.0110709 0.14582 60.9707 0.532231 2.64329 2.86514 -0.0195604 -0.0958692 -0.803585 0.982795 1.7821 0.687785 -0.0299187 0.174 -2.08888
150.971 0.290246 0.523233 2.1678 -2.77347 -0.609322 -1.90864 0.263466 0.568881 2.31023 -2.84235 -0.633106 -1.89978 -0.0267801 0.0456478 0.142429 -0.0688795 -0.0237839 0.00885597 0.151944 3.91887 0.49824 2.67273 2.86471 -0.0164646 -0.09617 -0.783241 0.957848 1.81815 0.686731 -0.0211868 0.158538 -2.08405
151.231 0.306903 0.529087 2.16326 -2.8189 -0.606406 -1.8711 0.275382 0.567152 2.27499 -2.78866 -0.616764 -1.88771 -0.0315212 0.0380643 0.111731 0.0302424 -0.0103577 -0.0166109 0.122173 1.5385 0.45283 2.71106 2.86388 -0.0133139 -0.0962022 -0.756068 0.923635 1.86479 0.685192 -0.0112815 0.137134 -2.08429
151.487 0.318166 0.534143 2.15977 -2.85498 -0.605609 -1.83862 0.291845 0.575234 2.27934 -2.82629 -0.54515 -1.8763 -0.0263208 0.0410907 0.119564 0.02869 0.0604586 -0.0376766 0.129138 3.93661 0.418588 2.73896 2.86321 -0.0116032 -0.0964096 -0.735749 0.897255 1.89881 0.684015 -0.00517193 0.120957 -2.08901
151.741 0.329739 0.541923 2.15555 -2.89275 -0.606733 -1.80279 0.300146 0.573404 2.24691 2.72128 0.0691326 -1.88018 -0.0295937 0.0314816 0.0913569 5.61402 0.675866 -0.0773889 0.101059 54.9814 0.384075 2.76607 2.86255 -0.00979322 -0.0977227 -0.715259 0.870313 1.93205 0.682851 -7.00705e-05 0.10502 -2.09712
152.04 0.347026 0.553418 2.1496 -2.94634 -0.609761 -1.7495 0.309916 0.573963 2.20947 -2.86239 -0.626422 -1.8004 -0.03711 0.0205449 0.0598638 0.0839566 -0.0166619 -0.050899 0.0733683 4.03643 0.3374 2.80091 2.86166 -0.00680602 -0.100186 -0.687458 0.83362 1.97513 0.68131 0.00543521 0.0845273 -2.1122
152.734 0.388242 0.570641 2.13706 -3.07334 -0.611588 -1.61582 0.365043 0.614068 2.25953 2.80615 0.00586209 -1.72039 -0.0231989 0.0434266 0.122475 5.8795 0.61745 -0.104572 0.132001 43.4474 0.228128 2.87339 2.85878 0.0011488 -0.102741 -0.62323 0.748753 2.06637 0.677969 0.0143245 0.0429967 -2.15647
153.007 0.405151 0.575039 2.13219 -3.1282 -0.609157 -1.555 0.373431 0.610299 2.20999 2.77859 0.0794053 -1.70578 -0.0317204 0.0352602 0.0777971 5.90679 0.688563 -0.150774 0.0911145 46.6186 0.177039 2.90256 2.85682 0.00411661 -0.103096 -0.593769 0.710183 2.10397 0.676523 0.0174356 0.0267464 -2.1767
153.651 0.430963 0.582662 2.12372 3.05055 -0.599936 -1.43341 0.409674 0.619704 2.20223 2.84002 0.111709 -1.59168 -0.0212895 0.0370422 0.0785043 -0.210525 0.711644 -0.158268 0.0893772 43.9805 0.0553084 2.95985 2.85161 0.00649419 -0.103942 -0.527032 0.620986 2.18203 0.673411 0.0223134 -0.00410463 -2.21091
154.153 0.444547 0.583158 2.12008 2.99227 -0.592755 -1.36416 0.429002 0.627349 2.21243 2.88421 0.027396 -1.52767 -0.0155446 0.0441916 0.0923566 -0.108056 0.620151 -0.16351 0.103558 37.6478 -0.0458268 2.99541 2.84736 0.00658995 -0.103005 -0.47454 0.548347 2.23722 0.670882 0.0223929 -0.0222308 -2.21635
154.946 0.457837 0.586116 2.11635 2.94895 -0.594935 -1.31995 0.456324 0.643179 2.26605 2.9393 -0.523299 -1.36762 -0.00151224 0.0570633 0.149702 -0.00964961 0.0716359 -0.0476684 0.160216 5.11964 -0.199265 3.03141 2.84247 0.00587169 -0.102394 -0.398599 0.437843 2.30787 0.666998 0.0146807 -0.0409514 -2.17663
155.167 0.459619 0.587928 2.11573 2.9458 -0.599358 -1.32038 0.450703 0.63277 2.21433 2.95984 0.0891758 -1.49179 -0.00891526 0.0448417 0.0985945 0.0140395 0.688534 -0.171407 0.108679 40.5644 -0.247196 3.03874 2.84132 0.00486344 -0.102451 -0.375249 0.403092 2.32705 0.66576 0.0106222 -0.0453191 -2.15231
155.399 0.458231 0.586478 2.11686 2.95031 -0.606277 -1.33163 0.437093 0.613624 2.14251 2.97996 -0.671008 -1.31663 -0.0211386 0.0271458 0.0256449 0.0296501 -0.0647312 0.0150004 0.0429115 4.37265 -0.31238 3.04606 2.83993 0.00196796 -0.100835 -0.343965 0.355693 2.35104 0.664144 0.00410826 -0.0504139 -2.1107
155.656 0.45584 0.583904 2.1183 2.95955 -0.612394 -1.34858 0.450703 0.63277 2.21433 2.95984 0.0891758 -1.49179 -0.00513617 0.0488654 0.0960313 0.0002883 0.70157 -0.143207 0.107871 40.9911 -0.362104 3.04979 2.83895 -0.000646264 -0.0988905 -0.320569 0.319395 2.3678 0.66295 -0.00151449 -0.0538078 -2.07275
162.203 0.550053 0.536988 2.08457 2.83508 -0.387851 -1.56086 0.535221 0.568727 2.14155 -3.08841 -0.207603 -1.66171 -0.0148318 0.0317389 0.0569758 -5.92349 0.180248 -0.100848 0.0668849 22.2093 -1.9008 2.67254 2.77335 0.00705112 -0.0790722 0.329312 -0.912799 2.44545 0.637507 0.224016 -0.286624 -1.31627
162.395 0.550668 0.538001 2.08139 2.78804 -0.355203 -1.51166 0.537396 0.568376 2.13617 2.88522 -0.0283661 -1.65726 -0.0132713 0.0303749 0.054781 0.0971764 0.326837 -0.145592 0.0640291 20.7973 -1.94306 2.64061 2.77247 0.00826327 -0.0783021 0.347665 -0.95376 2.42987 0.638558 0.257079 -0.30098 -1.35949
162.607 0.550241 0.541925 2.07737 2.7429 -0.322719 -1.46695 0.541009 0.572082 2.14309 2.87923 -0.0295297 -1.61025 -0.00923207 0.0301574 0.0657271 0.136331 0.29319 -0.143301 0.0729023 19.6734 -1.9845 2.60673 2.77234 0.00938959 -0.0781086 0.366332 -0.995483 2.41286 0.640058 0.289679 -0.315245 -1.40112
162.855 0.545431 0.546965 2.07339 2.68648 -0.279956 -1.41438 0.548014 0.586001 2.17488 2.732 -0.376006 -1.44442 0.00258371 0.0390353 0.101492 0.0455257 -0.0960507 -0.0300421 0.10877 6.09519 -2.0384 2.5586 2.7734 0.0095283 -0.0774829 0.391695 -1.05212 2.38806 0.642815 0.331691 -0.334714 -1.45215
163.022 0.539355 0.553559 2.06983 2.64723 -0.25015 -1.38187 0.544331 0.589772 2.1678 2.71065 -0.35712 -1.39943 0.00497551 0.0362137 0.0979658 0.0634189 -0.106969 -0.0175656 0.104563 7.04116 -2.07778 2.52036 2.77508 0.00888286 -0.0774063 0.411161 -1.09516 2.36804 0.64541 0.361625 -0.350127 -1.48567
163.298 0.531131 0.55992 2.06742 2.60986 -0.222918 -1.35459 0.524894 0.583845 2.11489 -3.10186 -0.188419 -1.38124 -0.00623648 0.0239255 0.0474732 -5.71171 0.0344985 -0.0266535 0.053526 32.5232 -2.11627 2.48037 2.77739 0.00768164 -0.077468 0.43107 -1.13851 2.34693 0.648369 0.38982 -0.366686 -1.51405
163.711 0.502943 0.577713 2.06263 2.53222 -0.173862 -1.31637 0.501905 0.598302 2.10741 -3.05523 -0.269025 -1.33604 -0.00103833 0.020589 0.0447839 -5.58745 -0.0951628 -0.0196675 0.049301 39.9881 -2.20289 2.38097 2.7842 0.0016762 -0.0778631 0.478877 -1.23941 2.29405 0.656123 0.447391 -0.412457 -1.55598
163.928 0.488741 0.584167 2.06158 2.50217 -0.160007 -1.31109 0.493392 0.616679 2.13626 2.54343 -0.227153 -1.29962 0.00465084 0.0325114 0.0746851 0.0412558 -0.0671462 0.0114734 0.0815873 4.62779 -2.2389 2.33613 2.78721 -0.00168328 -0.0778489 0.499962 -1.28175 2.27009 0.659612 0.46813 -0.436217 -1.56212
164.111 0.473778 0.588196 2.06112 2.47434 -0.150263 -1.31315 0.480149 0.627644 2.14811 2.51019 -0.169116 -1.34003 0.00637083 0.0394478 0.0869842 0.0358552 -0.018853 -0.0268791 0.0957234 2.59857 -2.27441 2.29018 2.79 -0.00549801 -0.0768422 0.521224 -1.32307 2.24552 0.663119 0.486181 -0.462958 -1.56049
164.262 0.45421 0.585986 2.06329 2.4401 -0.143571 -1.32631 0.47861 0.652223 2.21883 2.6616 -0.148103 -1.28967 0.0243997 0.0662371 0.155541 0.221494 -0.00453189 0.0366353 0.170809 13.1625 -2.32108 2.22752 2.79307 -0.0103374 -0.0736099 0.549672 -1.37614 2.21218 0.667663 0.505458 -0.503399 -1.54551
164.506 0.440634 0.579973 2.06592 2.41717 -0.143722 -1.34461 0.440073 0.622024 2.12245 2.46989 -0.0961638 -1.34018 -0.000560614 0.0420511 0.0565269 0.0527216 0.0475586 0.00443373 0.0704549 4.09835 -2.35558 2.17974 2.79474 -0.0137155 -0.0698282 0.570929 -1.41419 2.18695 0.670827 0.515619 -0.537243 -1.52411
164.737 0.428223 0.572834 2.0689 2.39665 -0.149632 -1.36966 0.417712 0.604166 2.08961 2.39387 -0.110729 -1.36267 -0.0105113 0.0313323 0.0207143 -0.0027725 0.0389031 0.00698835 0.0390036 2.26659 -2.3896 2.1315 2.79585 -0.0168486 -0.0661462 0.592165 -1.45058 2.16174 0.673685 0.521308 -0.573842 -1.49344
164.966 0.414463 0.561556 2.07366 2.37324 -0.166652 -1.41246 0.413705 0.611562 2.14435 2.4423 -0.144997 -1.35137 -0.00075768 0.0500051 0.0706892 0.0690642 0.0216557 0.06109 0.0865912 5.80887 -2.43408 2.06679 2.79653 -0.0203059 -0.0617026 0.620668 -1.4964 2.12836 0.676952 0.520313 -0.626276 -1.43713
165.149 0.405757 0.552096 2.07774 2.35983 -0.186145 -1.45111 0.407955 0.609925 2.17865 2.41388 -0.204949 -1.41085 0.00219796 0.0578292 0.100915 0.0540545 -0.0188043 0.0402664 0.116331 4.34172 -2.46669 2.01819 2.79665 -0.022748 -0.0584983 0.642236 -1.52875 2.1036 0.679055 0.511517 -0.667615 -1.38233
165.383 0.398307 0.541752 2.08229 2.35082 -0.210979 -1.49487 0.387596 0.585532 2.13485 2.34586 -0.207468 -1.43655 -0.010711 0.0437795 0.0525585 -0.00495848 0.0035119 0.0583178 0.069237 3.30026 -2.49856 1.9697 2.79662 -0.0251733 -0.055246 0.664001 -1.55946 2.07917 0.68089 0.494283 -0.709719 -1.31578
165.635 0.390145 0.526296 2.08913 2.34688 -0.251091 -1.56034 0.380713 0.574807 2.14339 2.32813 -0.184533 -1.51607 -0.00943191 0.0485108 0.0542588 -0.0187555 0.0665587 0.0442724 0.0733913 4.57723 -2.53977 1.9055 2.79638 -0.0284748 -0.0505794 0.693316 -1.59804 2.0473 0.682811 0.455914 -0.764871 -1.20743
165.89 0.384687 0.51368 2.09484 2.35097 -0.28532 -1.61409 0.364854 0.547721 2.10069 2.26918 -0.26465 -1.52374 -0.0198327 0.0340411 0.00585593 -0.0817954 0.0206699 0.0903457 0.03983 6.08038 -2.56961 1.85793 2.79604 -0.031345 -0.0468021 0.715525 -1.62538 2.02394 0.683772 0.414139 -0.803547 -1.11076
166.079 0.380302 0.502969 2.1002 2.36146 -0.323023 -1.67136 0.365603 0.544992 2.14405 -2.62992 -0.248745 -1.62419 -0.0146988 0.0420224 0.0438477 -4.99138 0.0742785 0.0471651 0.0624865 74.9195 -2.59844 1.81103 2.79562 -0.0344238 -0.0437993 0.738125 -1.65155 2.00094 0.684298 0.360561 -0.838041 -1.0009
166.308 0.376732 0.494173 2.10524 2.37873 -0.362921 -1.7315 0.365066 0.53759 2.17845 2.3784 -0.312945 -1.66696 -0.0116661 0.0434173 0.0732089 -0.000334754 0.0499766 0.0645364 0.085911 4.67143 -2.62621 1.76499 2.79513 -0.0378792 -0.0414697 0.761152 -1.67675 1.97813 0.68439 0.295546 -0.866613 -0.878915
166.532 0.372856 0.486561 2.11113 2.41277 -0.417605 -1.8154 0.366029 0.533062 2.20303 -2.59534 -0.150366 -1.74117 -0.00682694 0.0465007 0.0918989 -5.00812 0.267239 0.0742346 0.10322 75.6913 -2.66155 1.70524 2.79439 -0.0432103 -0.039748 0.792273 -1.70915 1.94768 0.683864 0.194223 -0.892786 -0.701768
166.758 0.371195 0.486063 2.11422 2.44643 -0.458805 -1.88058 0.351768 0.512922 2.15102 -2.514 -0.124733 -1.83761 -0.0194275 0.0268588 0.0367987 -4.96043 0.334072 0.0429624 0.0495274 78.537 -2.68682 1.66188 2.79373 -0.0474509 -0.0402078 0.81581 -1.73282 1.92453 0.682934 0.111525 -0.902045 -0.563317
166.964 0.370227 0.489903 2.11624 2.48675 -0.498616 -1.94673 0.349639 0.512719 2.15386 2.38005 -0.457646 -1.86248 -0.0205877 0.0228161 0.0376242 -0.106696 0.0409701 0.0842478 0.04858 6.24491 -2.71111 1.61993 2.79294 -0.0519691 -0.0420329 0.839257 -1.75619 1.90084 0.681481 0.027939 -0.902001 -0.425807
167.184 0.370657 0.498146 2.11691 2.53288 -0.536118 -2.01336 0.357018 0.530205 2.21105 2.4756 -0.476634 -1.93048 -0.0136387 0.0320588 0.0941404 -0.0572783 0.0594837 0.0828787 0.10038 5.45905 -2.74215 1.56629 2.79168 -0.0576248 -0.0464406 0.869995 -1.77948 1.87635 0.679459 -0.0520925 -0.893163 -0.294451
167.399 0.37498 0.514542 2.1157 2.60045 -0.581117 -2.1004 0.35829 0.540305 2.2129 2.55835 -0.546523 -2.02483 -0.0166901 0.0257632 0.0971985 -0.042099 0.0345942 0.0755708 0.101931 4.16255 -2.76465 1.52779 2.7906 -0.0609434 -0.0505607 0.892339 -1.81067 1.84211 0.675882 -0.147244 -0.869846 -0.136164
167.642 0.383635 0.530496 2.11277 2.65284 -0.611465 -2.16253 0.356721 0.548406 2.1798 2.55533 -0.607032 -2.08801 -0.0269136 0.0179101 0.0670273 -0.0975115 0.00443275 0.0745208 0.0744162 4.71144 -2.78664 1.49068 2.78946 -0.0621679 -0.0555952 0.913985 -1.83432 1.81498 0.672634 -0.207337 -0.845881 -0.0335643
167.861 0.403789 0.555637 2.10593 2.72137 -0.648256 -2.23789 0.384446 0.592969 2.28178 2.76206 -0.635323 -2.16254 -0.0193433 0.0373322 0.175853 0.0406937 0.0129325 0.0753537 0.18081 6.05609 -2.8154 1.44303 2.78794 -0.0600456 -0.0632177 0.941759 -1.86636 1.77663 0.667719 -0.271534 -0.808683 0.0796654
168.243 0.446319 0.596933 2.09091 2.81465 -0.696574 -2.32678 0.40768 0.611482 2.16718 2.76121 -0.674586 -2.3015 -0.0386383 0.0145491 0.0762727 -0.0534393 0.0219881 0.0252756 0.0867302 2.72836 -2.85743 1.37391 2.78612 -0.0510455 -0.0745881 0.981128 -1.91575 1.71409 0.659489 -0.337235 -0.749016 0.199831
168.485 0.468515 0.614722 2.08313 2.85352 -0.717146 -2.35661 0.435708 0.638336 2.16533 2.84239 -0.82333 -2.37884 -0.0328069 0.0236141 0.0821943 -0.0111329 -0.106184 -0.0222326 0.091596 6.33828 -2.87782 1.33958 2.78553 -0.0457328 -0.0783475 0.999532 -1.94094 1.68052 0.655193 -0.358947 -0.720194 0.239165
168.89 0.516158 0.646457 2.06669 2.91443 -0.759226 -2.38038 0.477386 0.664252 2.11536 2.86708 -0.777095 -2.37138 -0.0387716 0.0177954 0.0486609 -0.0473414 -0.0178684 0.00899904 0.0647132 2.59375 -2.92305 1.25766 2.78508 -0.0335371 -0.081673 1.03939 -1.99982 1.59653 0.645429 -0.388531 -0.662329 0.283056
169.076 0.53268 0.656601 2.061 2.92559 -0.775701 -2.36926 0.517083 0.703412 2.18531 2.95869 -0.75659 -2.4368 -0.0155968 0.0468115 0.124314 0.0331045 0.0191105 -0.0675432 0.133748 3.09718 -2.94109 1.22117 2.78549 -0.02924 -0.0811598 1.05534 -2.02471 1.55826 0.641586 -0.39445 -0.643144 0.283305
169.257 0.546764 0.665501 2.05614 2.9267 -0.791906 -2.3448 0.519843 0.692178 2.10766 2.92282 -0.859339 -2.39771 -0.0269208 0.026677 0.0515196 -0.00388043 -0.0674334 -0.0529083 0.0639583 5.0154 -2.95811 1.18362 2.78625 -0.0255564 -0.0799745 1.0708 -2.04912 1.51875 0.637992 -0.397404 -0.62794 0.273524
169.481 0.561602 0.673642 2.05186 2.91107 -0.812256 -2.29147 0.539779 0.707626 2.12081 2.90959 -0.790248 -2.34227 -0.0218231 0.0339838 0.0689533 -0.00148318 0.0220083 -0.0507994 0.0799106 3.22865 -2.97896 1.13176 2.78767 -0.0216506 -0.0770575 1.09072 -2.08062 1.46434 0.633555 -0.397585 -0.614219 0.24607
169.671 0.571273 0.680142 2.04823 2.88542 -0.827199 -2.23447 0.572059 0.740354 2.18739 2.98225 -0.768016 -2.36218 0.000785997 0.0602116 0.139158 0.0968316 0.0591829 -0.127718 0.151628 6.13699 -2.99305 1.09151 2.7888 -0.0187722 -0.0744486 1.10529 -2.10323 1.42248 0.630432 -0.395195 -0.608943 0.215464
169.897 0.582876 0.685047 2.04495 2.83193 -0.843862 -2.138 0.572244 0.732565 2.14515 2.89188 -0.842597 -2.19003 -0.0106327 0.0475178 0.1002 0.0599506 0.0012653 -0.0520224 0.111405 2.32271 -3.0096 1.03606 2.79012 -0.0147979 -0.0701587 1.12441 -2.13174 1.36571 0.626431 -0.388673 -0.608456 0.162429
170.124 0.591013 0.686839 2.04302 2.77771 -0.852598 -2.05078 0.570854 0.722272 2.09885 2.78197 -0.813791 -2.14845 -0.0201585 0.0354322 0.0558348 0.00426119 0.0388072 -0.097661 0.0691327 5.85558 -3.02017 0.993175 2.79084 -0.0115196 -0.0664912 1.13867 -2.15178 1.32276 0.623479 -0.381148 -0.612684 0.114299
170.345 0.598446 0.687846 2.04132 2.71278 -0.856808 -1.95227 0.58385 0.729761 2.11265 2.70131 -0.858911 -2.00569 -0.0145965 0.0419151 0.0713242 -0.01147 -0.00210257 -0.0534173 0.0840064 3.58561 -3.02903 0.949252 2.79136 -0.0081226 -0.062756 1.15308 -2.17056 1.27976 0.620586 -0.371266 -0.620453 0.0598099
170.562 0.604091 0.687805 2.04031 2.64006 -0.855038 -1.84558 0.607972 0.747868 2.16226 2.69562 -0.781678 -1.96542 0.00388059 0.0600635 0.121947 0.0555577 0.0733607 -0.119847 0.135992 6.55742 -3.03601 0.904361 2.79178 -0.00508955 -0.0588198 1.16777 -2.18805 1.23694 0.617826 -0.359076 -0.631296 -0.000157198
170.798 0.607788 0.686084 2.04039 2.53638 -0.842249 -1.69608 0.60188 0.733268 2.11755 2.60017 -0.858432 -1.77461 -0.00590828 0.0471845 0.0771595 0.0637948 -0.016183 -0.0785239 0.090636 3.12098 -3.04215 0.843198 2.79227 -0.00204827 -0.0533981 1.18783 -2.20935 1.18051 0.614428 -0.339451 -0.649578 -0.0868575
171.006 0.608136 0.684849 2.04087 2.45753 -0.825418 -1.58322 0.61596 0.747198 2.16042 2.54549 -0.785198 -1.71952 0.00782375 0.0623495 0.119545 0.0879533 0.0402202 -0.136304 0.135054 5.9083 -3.04421 0.796547 2.79254 -0.000253905 -0.0498139 1.20332 -2.2238 1.13903 0.612115 -0.322564 -0.665416 -0.155368
171.197 0.608398 0.684989 2.04066 2.37937 -0.803689 -1.47261 0.602715 0.727007 2.10749 2.45219 -0.846823 -1.55953 -0.00568264 0.0420173 0.0668352 0.0728266 -0.0431344 -0.0869225 0.0791498 4.21566 -3.04398 0.749407 2.79264 0.00202744 -0.0474061 1.21935 -2.23693 1.0985 0.610063 -0.304334 -0.68252 -0.225302
171.415 0.608028 0.685231 2.04002 2.27973 -0.767684 -1.33315 0.614998 0.741811 2.15037 2.37564 -0.798168 -1.44485 0.00697048 0.0565793 0.110351 0.0959095 -0.0304839 -0.111696 0.124206 4.95678 -3.04001 0.685984 2.79241 0.00557126 -0.0451604 1.24149 -2.25229 1.04633 0.607743 -0.279006 -0.706715 -0.318037
171.837 0.603647 0.689405 2.038 2.14488 -0.707067 -1.14824 0.621877 0.754295 2.18102 2.28351 -0.712517 -1.28899 0.0182306 0.0648901 0.143019 0.138631 -0.00545014 -0.140751 0.158106 6.68401 -3.02589 0.589982 2.79113 0.0110053 -0.0457512 1.27637 -2.27082 0.972877 0.605038 -0.242786 -0.744869 -0.447857
172.292 0.586187 0.697316 2.03723 2.01126 -0.641537 -0.973257 0.608167 0.758578 2.16603 2.06338 -0.669325 -1.05427 0.0219806 0.0612615 0.128801 0.0521175 -0.0277883 -0.0810096 0.144312 4.01181 -2.99676 0.476841 2.78815 0.0146124 -0.0512837 1.31977 -2.2861 0.895726 0.602819 -0.213135 -0.791562 -0.568399
172.527 0.572466 0.699878 2.0387 1.96107 -0.619598 -0.910786 0.577805 0.738304 2.10036 2.00453 -0.691709 -0.945287 0.00533926 0.0384267 0.0616587 0.0434547 -0.0721109 -0.0345013 0.0728486 4.60105 -2.98012 0.427965 2.78628 0.0142114 -0.0543938 1.33943 -2.29079 0.865676 0.602073 -0.208058 -0.812392 -0.604766
172.829 0.554853 0.700717 2.04164 1.91457 -0.602917 -0.855104 0.570924 0.750398 2.12942 1.98106 -0.620948 -0.936725 0.0160709 0.0496805 0.0877796 0.0664856 -0.0180301 -0.0816208 0.102136 4.11999 -2.96109 0.378855 2.78404 0.0124376 -0.0573197 1.35986 -2.29451 0.837461 0.60143 -0.209251 -0.833726 -0.629652
173.09 0.525019 0.697327 2.04857 1.8576 -0.590329 -0.790229 0.556044 0.761432 2.15642 -2.74578 0.213265 -1.23473 0.0310249 0.0641052 0.107847 -4.60339 0.803595 -0.444498 0.12924 101.896 -2.93227 0.313036 2.78055 0.00788748 -0.0603509 1.38823 -2.2982 0.802627 0.60081 -0.222571 -0.862707 -0.642397
173.325 0.501272 0.693773 2.0545 1.81625 -0.589096 -0.74749 0.52089 0.74729 2.1321 -2.68507 0.27199 -1.16868 0.0196181 0.0535167 0.0776079 -4.50132 0.861086 -0.421187 0.0962906 108.485 -2.90834 0.263457 2.77769 0.00409498 -0.0630781 1.41059 -2.30019 0.778523 0.600594 -0.242687 -0.884391 -0.634894
173.571 0.477267 0.687771 2.06141 1.77603 -0.594649 -0.709458 0.490989 0.739284 2.12943 1.80902 -0.600152 -0.764143 0.0137228 0.0515128 0.0680287 0.0329823 -0.00550265 -0.0546848 0.086428 2.61269 -2.88268 0.213713 2.77468 0.000278443 -0.0655176 1.43395 -2.30161 0.75604 0.600639 -0.272505 -0.905443 -0.611484
173.773 0.452375 0.677968 2.0698 1.73734 -0.60737 -0.675955 0.466776 0.738755 2.15494 1.75191 -0.58113 -0.703817 0.0144008 0.0607868 0.0851398 0.0145665 0.0262392 -0.0278627 0.105599 2.0033 -2.85553 0.163827 2.77153 -0.00392034 -0.066931 1.45823 -2.30277 0.728301 0.601114 -0.328606 -0.931116 -0.554029
174.035 0.417579 0.658238 2.08359 1.69044 -0.634665 -0.638619 0.438877 0.726374 2.16413 -2.54077 0.350112 -1.07059 0.0212989 0.0681359 0.0805427 -4.23121 0.984777 -0.431971 0.107626 123.663 -2.8174 0.0971794 2.76715 -0.0105351 -0.0670697 1.49179 -2.30319 0.708957 0.601793 -0.383137 -0.947172 -0.490912
179.288 0.297457 0.537208 2.12426 2.79999 -0.555917 -2.30264 0.292201 0.588839 2.30452 -2.70208 0.0634461 -2.29743 -0.00525634 0.0516314 0.180253 -5.50207 0.619363 0.00521179 0.187575 56.6032 -2.21499 -0.96434 2.70801 0.00695471 -0.0664137 2.02902 -2.32138 -0.0473158 0.548864 -0.110145 -0.715337 1.13781
179.466 0.294682 0.543904 2.1166 2.76199 -0.479642 -2.2942 0.282769 0.580456 2.22982 -2.65805 0.100374 -2.27735 -0.0119135 0.0365526 0.113221 -5.42004 0.580016 0.0168413 0.11957 59.1561 -2.18929 -0.998856 2.70683 0.010877 -0.0646815 2.04565 -2.31994 -0.0955564 0.549615 -0.011473 -0.747 1.11122
180.071 0.280446 0.560379 2.09287 2.61327 -0.232207 -2.26124 0.261684 0.585916 2.1423 2.55179 -0.358233 -2.21911 -0.0187622 0.0255375 0.0494265 -0.0614801 -0.126026 0.042133 0.0587126 8.08687 -2.09316 -1.1085 2.70439 0.0211543 -0.0584441 2.10352 -2.30164 -0.251354 0.562082 0.35961 -0.846047 0.944309
180.562 0.271213 0.563005 2.07985 2.49656 -0.0757161 -2.24823 0.260203 0.613777 2.20852 2.5707 -0.150891 -2.23506 -0.01101 0.0507725 0.128677 0.0741348 -0.0751744 0.0131647 0.138769 6.15453 -2.01595 -1.17959 2.70333 0.0266852 -0.053796 2.14579 -2.27427 -0.350496 0.577989 0.645481 -0.892969 0.772388
180.802 0.267482 0.561613 2.07548 2.44579 -0.0156579 -2.24708 0.2498 0.601019 2.15239 2.47277 -0.104095 -2.21796 -0.0176824 0.0394069 0.076909 0.0269825 -0.0884375 0.0291146 0.0882075 5.58153 -1.98038 -1.20847 2.70296 0.0282903 -0.0520533 2.16438 -2.25903 -0.389132 0.586156 0.767444 -0.904902 0.693298
181.044 0.263901 0.558759 2.07199 2.39572 0.0388092 -2.24851 0.250444 0.611728 2.19062 2.45209 -0.0186313 -2.24031 -0.0134577 0.0529693 0.118625 0.0563699 -0.0574405 0.00819821 0.130609 4.63134 -1.94333 -1.23637 2.70266 0.0292817 -0.0507103 2.18335 -2.24191 -0.425007 0.594925 0.884752 -0.912114 0.61571
184.572 0.250211 0.375058 2.10479 2.21866 0.0931221 -2.15439 0.223036 0.41773 2.14786 2.16496 0.147353 -2.19584 -0.0271752 0.0426714 0.0430711 -0.0536994 0.0542307 -0.0414489 0.0664414 4.79616 -1.18677 -1.54304 2.70884 -0.00648792 -0.0651256 2.55807 -1.88435 -0.726559 0.710589 1.17184 -0.951125 0.606179
184.836 0.251397 0.359534 2.1096 2.24636 0.0666931 -2.13567 0.230496 0.408548 2.19689 -2.16939 -0.526254 -2.1527 -0.0209013 0.0490145 0.0872855 -4.41574 -0.592947 -0.0170299 0.102265 110.439 -1.13836 -1.5536 2.71093 -0.00864321 -0.0647869 2.58204 -1.86327 -0.742189 0.713867 1.10197 -0.950748 0.677953
185.035 0.252671 0.344249 2.11421 2.27816 0.0373272 -2.11748 0.22996 0.39067 2.19628 2.2421 0.0373646 -2.13236 -0.0227111 0.0464213 0.082072 -0.0360557 3.74497e-05 -0.0148764 0.0969873 2.20514 -1.08991 -1.56376 2.71312 -0.0107921 -0.0639278 2.60564 -1.84131 -0.758542 0.716264 1.02461 -0.947732 0.756336
185.266 0.257273 0.326321 2.12048 2.32395 -0.00684278 -2.09497 0.235106 0.375095 2.21764 2.27238 0.0499213 -2.11088 -0.0221676 0.0487745 0.0971601 -0.0515705 0.0567641 -0.0159084 0.110952 4.4744 -1.02535 -1.57678 2.71608 -0.0124865 -0.0632809 2.63677 -1.81027 -0.781508 0.717914 0.912373 -0.938524 0.868719
185.743 0.266004 0.305365 2.12963 2.40009 -0.0816192 -2.0657 0.247115 0.349125 2.25657 2.38983 -0.0196113 -2.05558 -0.0188885 0.0437602 0.126942 -0.0102583 0.0620079 0.0101207 0.135595 3.64271 -0.928724 -1.5954 2.7204 -0.0148157 -0.0629693 2.68262 -1.7589 -0.8182 0.717324 0.734499 -0.911525 1.04464
185.996 0.273307 0.295625 2.1354 2.45356 -0.135464 -2.04983 0.252989 0.341854 2.27391 2.43065 -0.0764821 -2.05384 -0.0203178 0.0462293 0.13851 -0.0229129 0.0589815 -0.0040068 0.147428 3.64142 -0.864486 -1.60736 2.72328 -0.0162496 -0.0632659 2.71271 -1.7209 -0.843883 0.715394 0.617554 -0.884468 1.15912
186.409 0.287382 0.28423 2.14327 2.53369 -0.217512 -2.03234 0.264207 0.320873 2.25955 2.50103 -0.202114 -2.01527 -0.0231746 0.036643 0.116271 -0.0326611 0.0153982 0.017063 0.124092 2.11507 -0.768497 -1.62487 2.72777 -0.0173367 -0.0626507 2.7566 -1.65766 -0.884189 0.710751 0.455758 -0.832298 1.31579
186.623 0.294926 0.278917 2.14699 2.57259 -0.256963 -2.02591 0.264353 0.303945 2.18744 2.50753 -0.20843 -2.02425 -0.0305734 0.0250282 0.0404534 -0.0650686 0.0485326 0.00165666 0.0565475 4.63405 -0.720719 -1.63345 2.73 -0.0176168 -0.0613327 2.77786 -1.62321 -0.905196 0.707649 0.383735 -0.802294 1.38478
187.083 0.316127 0.276847 2.15339 2.65748 -0.344758 -2.01548 0.294388 0.310079 2.29038 -2.78331 -0.0443686 -2.03203 -0.0217395 0.0332316 0.136993 -5.44079 0.30039 -0.0165573 0.142633 50.9031 -0.609937 -1.65283 2.73478 -0.015963 -0.0600467 2.82577 -1.53603 -0.956189 0.69869 0.243011 -0.727669 1.51802
187.28 0.326877 0.278763 2.15505 2.68955 -0.378772 -2.01174 0.306431 0.310118 2.29066 -2.78766 -0.0445174 -2.03182 -0.0204462 0.0313553 0.135613 -5.47721 0.334254 -0.0200774 0.140684 49.5782 -0.562715 -1.66076 2.73655 -0.0141295 -0.059677 2.8457 -1.49605 -0.978644 0.694375 0.194707 -0.695867 1.56327
187.752 0.354637 0.289567 2.15618 2.75035 -0.447109 -2.00075 0.323954 0.308165 2.23222 -2.91659 0.0813694 -2.03999 -0.0306831 0.0185983 0.0760386 -5.66694 0.528478 -0.039239 0.0840786 45.9322 -0.452811 -1.6779 2.73977 -0.0076473 -0.0596405 2.89132 -1.39794 -1.03154 0.683674 0.108529 -0.628126 1.64376
187.973 0.365545 0.295653 2.15592 2.76974 -0.470345 -1.99399 0.339603 0.316011 2.23253 -2.92063 0.0790137 -2.0402 -0.0259424 0.0203578 0.0766127 -5.69037 0.549359 -0.0462078 0.0834084 45.6761 -0.405705 -1.68442 2.74066 -0.00474668 -0.0595333 2.91043 -1.35427 -1.05417 0.67877 0.0820812 -0.603371 1.66869
188.275 0.377797 0.304652 2.15543 2.78895 -0.495266 -1.98219 0.357566 0.328774 2.28147 2.83924 -0.422904 -1.97536 -0.0202308 0.0241224 0.126043 0.050294 0.0723626 0.00682971 0.129916 5.16164 -0.342779 -1.69205 2.74132 -0.00140031 -0.0594235 2.9355 -1.29501 -1.08405 0.671947 0.0557407 -0.575477 1.69427
188.552 0.385187 0.311785 2.15474 2.79803 -0.509122 -1.97121 0.369561 0.336778 2.2817 2.83454 -0.431782 -1.973 -0.015627 0.0249928 0.12696 0.0365108 0.0773395 -0.0017911 0.130337 4.8811 -0.295457 -1.69687 2.74139 0.000775503 -0.059212 2.95408 -1.25004 -1.10605 0.666737 0.0423198 -0.558793 1.70832
188.796 0.394137 0.320067 2.15391 2.80118 -0.520294 -1.95788 0.377588 0.344799 2.28203 2.83239 -0.439275 -1.97146 -0.0165489 0.0247324 0.128119 0.031213 0.0810196 -0.0135811 0.131529 4.90568 -0.248006 -1.70078 2.7411 0.00371888 -0.0601171 2.97285 -1.20483 -1.12751 0.661617 0.0340241 -0.545992 1.71847
189.055 0.402881 0.329577 2.15131 2.79924 -0.527514 -1.94267 0.381308 0.350062 2.23958 2.83245 -0.542275 -1.93131 -0.0215731 0.0204844 0.0882699 0.0332072 -0.0147609 0.0113603 0.0931482 2.45384 -0.200383 -1.70367 2.74042 0.00715025 -0.0605568 2.99188 -1.15954 -1.1483 0.656707 0.0305986 -0.537188 1.72513
189.255 0.414809 0.338057 2.14825 2.78749 -0.530125 -1.91887 0.381015 0.35157 2.18214 2.75662 -0.560591 -1.91912 -0.033794 0.013513 0.0338885 -0.0308743 -0.0304668 -0.000250308 0.04973 2.49057 -0.136579 -1.70568 2.73893 0.0120303 -0.0602289 3.01768 -1.09938 -1.17481 0.650617 0.0332985 -0.53158 1.7292
189.456 0.423295 0.344317 2.14554 2.77319 -0.527742 -1.89911 0.393713 0.359158 2.18639 -2.93981 0.0608791 -1.97555 -0.0295823 0.0148405 0.0408538 -5.713 0.588621 -0.0764354 0.0525774 46.0925 -0.0885111 -1.70561 2.73739 0.0157861 -0.0602228 3.03751 -1.05468 -1.19378 0.646443 0.0406287 -0.531673 1.72901
189.763 0.429328 0.349708 2.14299 2.75564 -0.521009 -1.87833 0.409057 0.370406 2.21506 2.80752 -0.554912 -1.88802 -0.0202707 0.0206977 0.0720715 0.0518746 -0.0339032 -0.00969733 0.0776762 3.35007 -0.0402855 -1.70403 2.73552 0.0187926 -0.0600403 3.05767 -1.01055 -1.2121 0.642577 0.0524453 -0.534967 1.72632
190.009 0.432081 0.354342 2.1409 2.73598 -0.510045 -1.85712 0.418716 0.379623 2.22798 -2.94159 0.0570545 -1.93049 -0.0133644 0.0252807 0.0870785 -5.67756 0.5671 -0.0733698 0.0916536 46.6636 0.00805316 -1.70081 2.73335 0.020738 -0.0598329 3.07807 -0.967122 -1.22985 0.639022 0.0687103 -0.540932 1.72137
190.423 0.4267 0.366512 2.13708 2.68633 -0.471312 -1.80965 0.428505 0.39988 2.26667 2.76745 -0.464884 -1.83888 0.00180528 0.0333683 0.129591 0.0811147 0.00642767 -0.0292302 0.13383 4.18507 0.120845 -1.68644 2.72764 0.0220552 -0.0610667 3.12661 -0.868676 -1.26985 0.632181 0.122943 -0.561811 1.70265
190.663 0.42079 0.37078 2.13579 2.66435 -0.449548 -1.79132 0.41555 0.398148 2.2293 2.66143 -0.482699 -1.77606 -0.00523966 0.0273686 0.0935112 -0.00291311 -0.0331502 0.0152606 0.0975748 2.06602 0.169005 -1.67724 2.72497 0.0220109 -0.0618596 -3.13541 -0.827776 -1.2866 0.630051 0.152563 -0.572315 1.69236
191.081 0.403811 0.375317 2.13281 2.61355 -0.388517 -1.75657 0.392952 0.398929 2.19039 2.59567 -0.341444 -1.78717 -0.0108594 0.0236112 0.0575824 -0.017879 0.0470729 -0.0305953 0.0631755 3.56063 0.280442 -1.64869 2.71806 0.0230859 -0.0634566 -3.0854 -0.735496 -1.32538 0.627302 0.234586 -0.596322 1.66557
191.302 0.395574 0.374889 2.13158 2.59309 -0.35874 -1.74572 0.387926 0.403132 2.19692 -2.94047 0.0436068 -1.82131 -0.00764749 0.0282431 0.0653444 -5.53357 0.402346 -0.0755863 0.0715965 48.0607 0.327651 -1.63345 2.71485 0.0241531 -0.0640304 -3.06367 -0.697178 -1.34196 0.627077 0.274425 -0.605209 1.65385
191.546 0.381157 0.371818 2.1306 2.56915 -0.31613 -1.73542 0.379983 0.40537 2.21514 2.58845 -0.322949 -1.74291 -0.00117414 0.0335515 0.0845394 0.0193021 -0.00681879 -0.00749833 0.0909615 1.12326 0.389927 -1.61033 2.71064 0.024923 -0.0643459 -3.03466 -0.646933 -1.364 0.627699 0.330604 -0.614832 1.63925
191.806 0.367376 0.369533 2.13023 2.55435 -0.283369 -1.7308 0.361609 0.397395 2.17667 -2.7533 -0.105597 -1.74535 -0.00576772 0.0278621 0.0464395 -5.30765 0.177772 -0.014551 0.0544627 56.5872 0.436033 -1.59093 2.70768 0.0247011 -0.0650154 -3.01294 -0.609711 -1.38032 0.628893 0.374144 -0.620159 1.62985
192.006 0.350971 0.366449 2.13038 2.54243 -0.250229 -1.72864 0.346294 0.393474 2.17603 -2.74774 -0.105711 -1.74603 -0.00467767 0.0270253 0.0456464 -5.29017 0.144518 -0.0173883 0.0532526 57.2779 0.481544 -1.56985 2.70493 0.0236141 -0.0657133 -2.99133 -0.57271 -1.39622 0.630689 0.418035 -0.62384 1.62248
192.202 0.334235 0.363442 2.13035 2.53265 -0.217359 -1.72922 0.327185 0.389554 2.17538 -2.74072 -0.10611 -1.74686 -0.00705054 0.0261119 0.0450239 -5.27338 0.11125 -0.0176417 0.0525233 58.0235 0.526398 -1.54716 2.70237 0.0226351 -0.0666394 -2.96972 -0.535759 -1.4115 0.63299 0.461532 -0.625921 1.61775
192.496 0.312429 0.355935 2.13065 2.52255 -0.173511 -1.73378 0.308554 0.387058 2.18243 2.51038 -0.189215 -1.73972 -0.00387507 0.0311222 0.0517792 -0.0121659 -0.0157044 -0.00594447 0.0605367 1.22365 0.585093 -1.51464 2.69905 0.0216577 -0.0667239 -2.94093 -0.486316 -1.43052 0.636575 0.517754 -0.626414 1.61643
192.721 0.29704 0.3501 2.13065 2.51727 -0.141878 -1.73991 0.295608 0.388425 2.22836 2.54793 -0.126337 -1.75145 -0.00143126 0.038326 0.0977069 0.0306582 0.0155406 -0.0115409 0.104965 2.00115 0.62821 -1.48868 2.69662 0.0212046 -0.0667589 -2.91923 -0.448942 -1.44344 0.63947 0.557818 -0.625296 1.61973
192.969 0.278347 0.343302 2.13045 2.51333 -0.102319 -1.75082 0.271558 0.371403 2.1688 2.47595 -0.152911 -1.76835 -0.00678884 0.0281013 0.0383545 -0.0373751 -0.0505921 -0.0175246 0.0480296 3.81352 0.684439 -1.45219 2.69356 0.020844 -0.0672869 -2.88985 -0.398577 -1.45855 0.643427 0.607683 -0.622024 1.63031
193.153 0.26352 0.336988 2.13062 2.5137 -0.0734856 -1.76051 0.256523 0.366136 2.17232 -2.59756 -0.259006 -1.73667 -0.00699776 0.0291477 0.0416944 -5.11125 -0.185521 0.0238401 0.0513516 68.1212 0.725654 -1.42352 2.69149 0.0197097 -0.0669599 -2.86768 -0.360318 -1.46818 0.646381 0.642069 -0.618247 1.64304
193.393 0.248354 0.330057 2.13101 2.51696 -0.0454705 -1.7713 0.246605 0.368496 2.22559 2.47616 -0.131768 -1.75353 -0.00174904 0.038439 0.0945806 -0.0408049 -0.0862976 0.0177631 0.102108 5.52485 0.766028 -1.39388 2.6897 0.0180071 -0.0661457 -2.84553 -0.321597 -1.47628 0.649256 0.673682 -0.613293 1.6599
193.593 0.233711 0.322228 2.13161 2.52288 -0.0182375 -1.78294 0.221915 0.350243 2.16793 -2.58164 -0.254326 -1.74077 -0.0117969 0.0280142 0.0363143 -5.10452 -0.236089 0.0421684 0.0473571 69.0759 0.805518 -1.36341 2.68826 0.0161122 -0.0647059 -2.82347 -0.282374 -1.4828 0.652011 0.70239 -0.607081 1.68084
193.841 0.216105 0.313079 2.13221 2.53493 0.0160259 -1.79966 0.206043 0.343428 2.17713 2.4861 0.00820548 -1.7886 -0.0100623 0.0303486 0.0449186 -0.048837 -0.00782038 0.0110559 0.055136 2.91107 0.85668 -1.32173 2.68698 0.0137832 -0.062783 -2.79424 -0.22921 -1.4889 0.655368 0.735962 -0.596735 1.71499
194.067 0.204307 0.307872 2.13244 2.54726 0.0399644 -1.81258 0.190617 0.335454 2.17474 2.49102 0.0144869 -1.78888 -0.0136904 0.0275818 0.0422958 -0.0562447 -0.0254775 0.0237016 0.0523175 3.8206 0.893851 -1.28988 2.68654 0.0120829 -0.0614873 -2.77245 -0.188609 -1.49139 0.657538 0.757499 -0.58739 1.74508
194.473 0.183017 0.304139 2.1323 2.58636 0.0887493 -1.84169 0.166444 0.327946 2.18142 2.51463 0.0572171 -1.84098 -0.0165729 0.023807 0.0491284 -0.0717281 -0.0315322 0.000712742 0.0570529 4.49205 0.976553 -1.2144 2.68713 0.00841758 -0.0601338 -2.72165 -0.0915477 -1.48954 0.660876 0.795855 -0.560519 1.82845
194.915 0.169561 0.306784 2.13195 2.6311 0.125266 -1.86307 0.150105 0.329874 2.20666 2.57858 0.16234 -1.87995 -0.0194559 0.0230896 0.0747148 -0.0525164 0.0370744 -0.0168767 0.0805851 3.69671 1.04346 -1.14921 2.68882 0.00421732 -0.0591592 -2.67852 -0.00661702 -1.47855 0.661344 0.817147 -0.532105 1.91115
196.137 0.175687 0.349126 2.12753 2.79567 0.200555 -1.89824 0.139531 0.358538 2.17552 2.75989 0.232812 -1.90908 -0.0361554 0.00941247 0.0479895 -0.0357834 0.0322568 -0.0108403 0.0608177 2.73079 1.21876 -0.967288 2.69992 -0.00347194 -0.0610882 -2.56135 0.234851 -1.39815 0.653805 0.83776 -0.424507 2.16806
196.578 0.19784 0.372117 2.1238 2.85785 0.217087 -1.89936 0.158971 0.38383 2.16802 2.81545 0.25102 -1.88859 -0.0388693 0.0117124 0.0442142 -0.042396 0.033933 0.0107674 0.0600241 3.27955 1.2776 -0.904434 2.70517 -0.00294609 -0.062586 -2.52069 0.317375 -1.35286 0.649664 0.836924 -0.379289 2.2554
196.845 0.216548 0.387338 2.12084 2.89831 0.225946 -1.89623 0.17585 0.401889 2.18895 2.8675 0.277007 -1.89773 -0.0406982 0.0145507 0.068105 -0.0308091 0.051061 -0.00150492 0.080662 3.40674 1.31644 -0.862533 2.70862 -0.00226421 -0.0631509 -2.49359 0.370797 -1.31844 0.646761 0.835447 -0.348098 2.31
197.091 0.231323 0.397097 2.1188 2.92784 0.232074 -1.89167 0.191322 0.413736 2.19093 2.86547 0.271059 -1.899 -0.0400006 0.0166397 0.072124 -0.0623752 0.0389846 -0.00732791 0.0841356 4.14595 1.34541 -0.830971 2.7111 -0.00202399 -0.0627842 -2.47343 0.409899 -1.29069 0.644551 0.834008 -0.324456 2.34862
197.312 0.248386 0.409272 2.11613 2.95617 0.235777 -1.88564 0.211623 0.429349 2.20236 2.95925 0.256028 -1.90029 -0.0367623 0.0200772 0.0862231 0.00307099 0.020251 -0.01465 0.0958592 1.46767 1.3742 -0.79922 2.71345 -0.00115763 -0.0635109 -2.45318 0.448157 -1.26152 0.642305 0.832304 -0.300768 2.38505
198.295 0.331322 0.461575 2.10137 3.06061 0.235725 -1.84163 0.295196 0.484195 2.18771 3.03895 -0.725377 -1.73849 -0.0361262 0.0226199 0.0863388 -0.0216649 -0.961102 0.103138 0.0962868 55.338 1.49609 -0.657132 2.72108 0.00470522 -0.0664883 -2.36366 0.605513 -1.12347 0.631691 0.82012 -0.200411 2.51578
198.751 0.376489 0.4875 2.09198 3.10183 0.224635 -1.80841 0.332585 0.499988 2.12616 3.10629 0.336331 -1.82503 -0.043904 0.0124874 0.0341786 0.00445653 0.111696 -0.0166176 0.0570235 6.48549 1.55842 -0.575695 2.72339 0.00979547 -0.067439 -2.3143 0.686193 -1.04524 0.624852 0.808419 -0.149506 2.56775
199.048 0.393702 0.496358 2.0887 3.11597 0.218199 -1.79227 0.357386 0.515694 2.14134 3.07734 0.280269 -1.81618 -0.0363159 0.0193361 0.052641 -0.0386285 0.0620698 -0.0239043 0.0668117 4.23364 1.58406 -0.539301 2.72409 0.0117597 -0.067161 -2.29299 0.720175 -1.01145 0.621615 0.801972 -0.128971 2.58623
199.501 0.425587 0.515631 2.08198 3.14143 0.198626 -1.75267 0.393376 0.537751 2.14358 3.13303 0.248365 -1.76345 -0.0322112 0.0221194 0.0616054 -0.00840579 0.0497386 -0.0107853 0.0729524 2.93318 1.64058 -0.450417 2.72539 0.0155767 -0.0661465 -2.24343 0.79829 -0.93263 0.613482 0.783086 -0.0855192 2.62125
199.763 0.436675 0.523597 2.07959 -3.13468 0.187838 -1.73518 0.408474 0.549142 2.14418 3.13118 0.244834 -1.76444 -0.0282015 0.0255447 0.0645988 6.26587 0.0569958 -0.0292635 0.0749724 3.7074 1.66307 -0.410556 2.72595 0.0173522 -0.0658597 -2.22198 0.831486 -0.899019 0.609739 0.773081 -0.069003 2.6332
199.959 0.445377 0.53089 2.07774 -3.12956 0.17599 -1.71748 0.431489 0.56932 2.18959 -3.11269 0.16194 -1.72591 -0.0138886 0.0384291 0.111843 0.0168791 -0.0140502 -0.00843276 0.119074 1.405 1.68434 -0.369605 2.72649 0.0189638 -0.0653829 -2.20042 0.86465 -0.865586 0.605757 0.761816 -0.0537686 2.64361
200.163 0.452621 0.541992 2.07569 -3.12506 0.157523 -1.6935 0.433142 0.568209 2.14564 -3.10959 0.15893 -1.69844 -0.0194794 0.0262167 0.0699575 0.0154703 0.00140675 -0.00493485 0.0772063 0.975183 1.71053 -0.313313 2.72714 0.0206623 -0.0654215 -2.17147 0.908964 -0.821334 0.599984 0.744719 -0.0353906 2.65552
200.612 0.451218 0.557143 2.07537 -3.12198 0.125893 -1.65743 0.440617 0.586925 2.14553 -3.10971 0.155839 -1.6983 -0.010601 0.0297823 0.0701576 0.012269 0.0299468 -0.0408626 0.076951 3.06286 1.74471 -0.225355 2.72797 0.0211154 -0.0651752 -2.12826 0.975816 -0.755425 0.590247 0.714217 -0.0122348 2.67037
200.876 0.443957 0.567629 2.07629 -3.12284 0.101039 -1.63497 0.440825 0.599135 2.15573 -3.10761 0.15524 -1.65055 -0.00313185 0.0315059 0.0794456 0.015236 0.0542002 -0.0155789 0.0855221 3.37661 1.76386 -0.164559 2.72857 0.0208162 -0.0654813 -2.09979 1.02053 -0.711292 0.583209 0.690203 -0.00043776 2.67923
201.486 0.413342 0.592932 2.08062 -3.1387 0.02453 -1.59048 0.418573 0.631665 2.17732 -3.14153 6.31674e-05 -1.61838 0.0052313 0.0387333 0.0967058 -0.00283271 -0.0244669 -0.0278973 0.104306 2.13075 1.79855 -0.00605685 2.73098 0.0202583 -0.0668064 -2.0283 1.13057 -0.597156 0.565256 0.615211 0.011615 2.70346
201.735 0.400006 0.598095 2.08303 3.13672 -0.0017287 -1.58138 0.396791 0.625861 2.13147 -3.04702 0.0675142 -1.58338 -0.00321496 0.0277657 0.0484417 -6.18374 0.0692429 -0.00199737 0.0559274 6.94619 1.80536 0.0430859 2.73192 0.0193767 -0.0665436 -2.00696 1.16223 -0.561467 0.560162 0.588543 0.00939021 2.7128
202.441 0.352434 0.610927 2.09221 3.10098 -0.103212 -1.57017 0.357433 0.654606 2.18751 3.11507 -0.116011 -1.5517 0.00499953 0.0436785 0.0953035 0.0140832 -0.0127984 0.0184678 0.104955 1.57967 1.8171 0.210653 2.7362 0.0165458 -0.06614 -1.93623 1.25932 -0.437102 0.545887 0.486536 -0.0190462 2.75776
202.873 0.326199 0.611437 2.09906 3.07484 -0.172812 -1.57792 0.315958 0.642903 2.13905 -3.04689 -0.116648 -1.55349 -0.0102409 0.0314657 0.0399956 -6.12174 0.0561644 0.0244279 0.0519097 10.0792 1.8167 0.313025 2.73995 0.0157735 -0.064655 -1.89367 1.30969 -0.358995 0.540188 0.416041 -0.0492785 2.79869
203.082 0.310669 0.609544 2.10405 3.05744 -0.222943 -1.58876 0.305115 0.648348 2.16405 2.70071 -0.336321 -1.49639 -0.00555339 0.0388047 0.0599999 -0.356729 -0.113378 0.0923694 0.0716704 20.6753 1.81352 0.381534 2.74284 0.0157848 -0.063571 -1.86535 1.33959 -0.30589 0.537595 0.365327 -0.0728616 2.83301
203.521 0.288135 0.608367 2.11127 3.03492 -0.305222 -1.61279 0.270585 0.626241 2.10579 -2.96655 -0.406554 -1.61562 -0.0175507 0.017874 -0.0054796 -6.00147 -0.101332 -0.00282521 0.0256424 17.0945 1.80454 0.484138 2.74741 0.0152652 -0.0635915 -1.82274 1.37871 -0.225094 0.53503 0.283874 -0.11047 2.89573
204.494 0.231346 0.602283 2.13143 3.02294 -0.516625 -1.70478 0.212981 0.616099 2.11078 3.06055 0.054396 -1.73861 -0.0183646 0.0138162 -0.0206491 0.0376083 0.571021 -0.0338327 0.0308955 32.8122 1.76613 0.7195 2.75912 0.00687918 -0.0649228 -1.72371 1.44377 -0.0329142 0.534086 0.0695584 -0.185763 3.0924
204.741 0.222453 0.604724 2.13486 3.02962 -0.565399 -1.73174 0.195747 0.601978 2.07304 -2.8947 -0.4201 -1.72532 -0.026706 -0.00274554 -0.0618191 -5.92432 0.145299 0.0064259 0.067397 22.3303 1.75541 0.768694 2.76186 0.00532439 -0.0672318 -1.70251 1.45307 0.00865077 0.534758 0.0204646 -0.196071 -3.1413
204.937 0.216078 0.608102 2.13788 3.03983 -0.614456 -1.76127 0.191578 0.614783 2.1173 -2.872 -0.519088 -1.75844 -0.0244991 0.00668061 -0.0205802 -5.91183 0.0953682 0.00282756 0.0326861 22.0446 1.74404 0.817451 2.76465 0.00430035 -0.0699394 -1.68107 1.46079 0.0503387 0.535682 -0.029123 -0.203571 -3.09021
205.767 0.195282 0.609296 2.15388 3.13955 -0.811863 -1.92325 0.177335 0.654502 2.24405 -3.12749 -0.781211 -1.87654 -0.0179472 0.0452061 0.0901709 -6.26704 0.030652 0.046705 0.102452 3.82613 1.68878 1.02374 2.77606 -0.00285982 -0.0744182 -1.589 1.47731 0.234266 0.540829 -0.24395 -0.200303 -2.86426
206.212 0.189494 0.614047 2.1605 -3.0465 -0.905289 -2.03743 0.168218 0.652486 2.24053 -3.1245 -0.892235 -1.95635 -0.0212765 0.0384395 0.0800286 -0.0779933 0.0130542 0.0810826 0.0912955 3.10059 1.65625 1.13105 2.78151 -0.0071947 -0.0767992 -1.54145 1.47676 0.336359 0.543434 -0.351917 -0.174462 -2.7521
206.572 0.192301 0.627065 2.16372 -2.91995 -0.986286 -2.16865 0.167735 0.669092 2.27364 -3.0326 -0.968219 -2.05082 -0.024566 0.042027 0.109917 -0.112655 0.0180669 0.11783 0.120215 4.00595 1.62277 1.23572 2.78719 -0.00894176 -0.0811802 -1.49552 1.47163 0.440975 0.546138 -0.448278 -0.13477 -2.65595
206.774 0.19431 0.633027 2.16461 -2.85797 -1.01556 -2.22843 0.166086 0.662534 2.22498 -2.9125 -1.02177 -2.18454 -0.0282238 0.0295071 0.0603674 -0.0545316 -0.00620849 0.0438929 0.0728799 1.68307 1.60815 1.27985 2.78987 -0.00951061 -0.0826524 -1.47651 1.4683 0.4867 0.547467 -0.485574 -0.114731 -2.62086
206.959 0.196509 0.639163 2.16523 -2.79275 -1.04162 -2.28917 0.174836 0.692105 2.2984 3.13698 0.456546 -2.01474 -0.0216728 0.0529414 0.133168 5.92974 1.49816 0.274425 0.144936 87.7147 1.59336 1.32361 2.79281 -0.00999987 -0.0838316 -1.45803 1.46432 0.533054 0.548958 -0.520536 -0.0936656 -2.58978
207.172 0.200187 0.647214 2.16471 -2.72542 -1.06539 -2.35037 0.174191 0.688691 2.26401 3.08615 0.470073 -2.07473 -0.0259961 0.0414765 0.0993036 5.81157 1.53546 0.275635 0.110713 90.767 1.57837 1.36704 2.79604 -0.00978293 -0.085269 -1.43997 1.45969 0.580078 0.550606 -0.55327 -0.0721257 -2.56283
208.183 0.225973 0.678894 2.16174 -2.45053 -1.14685 -2.57599 0.204058 0.736818 2.30198 -2.48724 -1.13602 -2.54323 -0.0219148 0.0579234 0.140238 -0.0367101 0.0108257 0.0327602 0.153304 1.07338 1.50409 1.56647 2.81311 -0.00325346 -0.0875276 -1.36082 1.43356 0.789936 0.558619 -0.669814 0.0164996 -2.49464
209.325 0.21431 0.652787 2.17462 -2.28878 -1.2003 -2.63705 0.194308 0.692679 2.22463 -2.22261 -1.28584 -2.72455 -0.0200025 0.0398924 0.0500004 0.0661635 -0.0855474 -0.0875003 0.067019 5.24464 1.40515 1.78587 2.83061 -0.00225707 -0.0610908 -1.29773 1.39232 1.06493 0.565931 -0.753888 0.0948859 -2.51183
209.565 0.209798 0.648513 2.17646 -2.2884 -1.20809 -2.6205 0.193865 0.701839 2.27643 -2.26393 -1.23252 -2.64915 -0.0159324 0.0533258 0.0999639 0.0244734 -0.0244322 -0.0286479 0.114413 1.51543 1.38538 1.82432 2.83361 -0.000834898 -0.0566084 -1.2914 1.38432 1.11176 0.566569 -0.760074 0.102539 -2.52384
212.677 0.0475159 0.686222 2.16095 -2.71981 -1.04011 -2.08439 0.0271278 0.720899 2.21914 -2.6993 -1.10045 -2.10514 -0.020388 0.0346768 0.0581887 0.020511 -0.0603413 -0.0207534 0.0707395 3.50643 1.083 2.22196 2.87422 -0.000481613 -0.0400689 -1.29973 1.22979 1.61369 0.573544 -0.519088 0.099686 -2.63763
212.924 0.0307703 0.688203 2.15826 -2.72473 -0.993129 -2.0878 0.0128118 0.736523 2.25812 -2.69164 -1.0353 -2.11949 -0.0179585 0.0483191 0.0998567 0.0330902 -0.0421689 -0.0316925 0.112377 2.62331 1.06059 2.24077 2.87517 -0.00353384 -0.0420322 -1.30084 1.21746 1.63019 0.5749 -0.473506 0.0992376 -2.61665
213.58 -0.00227982 0.694434 2.15056 -2.71049 -0.867302 -2.1335 -0.0259877 0.75735 2.29233 3.12228 0.314467 -1.88837 -0.0237079 0.0629162 0.141772 5.83277 1.18177 0.245127 0.156907 71.6407 1.01184 2.28009 2.86302 -0.0104312 -0.0501127 -1.30056 1.19129 1.65628 0.566464 -0.356356 0.10066 -2.53656
214.233 -0.0165066 0.698018 2.14419 -2.67133 -0.741069 -2.21277 -0.0491011 0.76536 2.29427 -2.72543 -0.739413 -2.12706 -0.0325945 0.0673413 0.150079 -0.0541009 0.00165606 0.0857099 0.167693 3.6327 0.975577 2.31049 2.81823 -0.0124377 -0.0579276 -1.29707 1.17361 1.6712 0.527187 -0.249056 0.109784 -2.42684
214.43 -0.0195215 0.696869 2.14302 -2.65645 -0.703982 -2.23974 -0.0501136 0.752423 2.24965 -2.69394 -0.719908 -2.18327 -0.0305921 0.0555536 0.106634 -0.0374887 -0.0159258 0.0564731 0.124068 2.61419 0.967207 2.3183 2.79806 -0.0130108 -0.0593519 -1.29581 1.17 1.67442 0.508903 -0.220447 0.113911 -2.39048
214.647 -0.0226385 0.694681 2.1423 -2.64091 -0.667587 -2.26725 -0.0539285 0.749463 2.24375 -2.71118 -0.763315 -2.21517 -0.03129 0.0547817 0.101454 -0.0702663 -0.0957273 0.0520866 0.11947 6.27754 0.959978 2.32563 2.77495 -0.0138958 -0.0603399 -1.29459 1.16702 1.6771 0.487768 -0.193897 0.118211 -2.35348
214.883 -0.0265425 0.690546 2.14181 -2.61982 -0.621231 -2.30373 -0.0582588 0.740549 2.2229 -2.63949 -0.683421 -2.27572 -0.0317163 0.050002 0.0810826 -0.0196675 -0.0621899 0.0280176 0.100402 3.78755 0.952139 2.33472 2.74007 -0.0152653 -0.0612419 -1.29311 1.16416 1.67987 0.455651 -0.161871 0.12427 -2.30422
215.084 -0.0290972 0.687161 2.14164 -2.60396 -0.588853 -2.3305 -0.0627658 0.768428 2.31855 -2.65518 -0.57998 -2.24425 -0.0336685 0.0812671 0.176914 -0.0512232 0.00887282 0.0862477 0.197577 4.15746 0.94763 2.34103 2.71109 -0.0163699 -0.0618767 -1.29217 1.16275 1.68135 0.428808 -0.140687 0.12896 -2.26822
215.793 -0.0286511 0.680525 2.14108 -2.55208 -0.505377 -2.41169 -0.0646409 0.722605 2.2096 -2.53901 -0.566719 -2.39564 -0.0359898 0.0420804 0.0685184 0.0130763 -0.0613419 0.0160468 0.0880954 3.80292 0.941243 2.35907 2.5994 -0.0174396 -0.066302 -1.29038 1.16228 1.68308 0.324092 -0.0901738 0.146854 -2.16373
215.962 -0.0269702 0.679849 2.14164 -2.5366 -0.488861 -2.43188 -0.0648433 0.745381 2.28075 3.05539 -0.0566226 -2.24609 -0.0378732 0.0655325 0.139109 5.59199 0.432239 0.185789 0.158367 45.1169 0.941856 2.36366 2.56235 -0.0173021 -0.0680918 -1.29029 1.16359 1.68285 0.28894 -0.0815242 0.153688 -2.13977
216.66 -0.0103197 0.675729 2.14342 -2.48898 -0.470773 -2.47988 -0.0524342 0.721729 2.22006 3.01561 0.0210142 -2.3167 -0.0421145 0.0460007 0.0766375 5.50459 0.491787 0.163182 0.0988079 51.3518 0.951346 2.37681 2.43184 -0.0124332 -0.0741127 -1.29176 1.17235 1.67952 0.16391 -0.0768153 0.182112 -2.09606
216.924 -0.00319722 0.674154 2.14476 -2.47607 -0.477131 -2.48756 -0.0448381 0.723396 2.23105 3.02715 0.124845 -2.32564 -0.0416409 0.0492421 0.0862811 5.50323 0.601976 0.161922 0.107718 55.2922 0.956032 2.38022 2.3909 -0.0100147 -0.0759084 -1.29279 1.17621 1.67765 0.124389 -0.0828583 0.192098 -2.09557
217.365 0.0118798 0.668396 2.14978 -2.44956 -0.512203 -2.49139 -0.0292027 0.715512 2.2246 2.93168 0.131759 -2.32483 -0.0410826 0.0471164 0.0748152 5.38125 0.643963 0.166561 0.0974938 61.8883 0.969102 2.38744 2.29093 -0.00500865 -0.0796952 -1.29597 1.1867 1.6712 0.0275568 -0.110464 0.215819 -2.11923
217.542 0.0179847 0.665493 2.15207 -2.43956 -0.536129 -2.48703 -0.0214305 0.711699 2.22483 2.93007 0.13106 -2.32548 -0.0394152 0.0462059 0.0727612 5.36963 0.667189 0.161546 0.0947772 63.0536 0.975355 2.39019 2.24619 -0.00287096 -0.0814176 -1.29755 1.19208 1.66781 -0.0158923 -0.128013 0.226175 -2.14012
217.849 0.0264607 0.661704 2.15582 -2.42781 -0.576295 -2.47554 -0.0136567 0.707891 2.22508 2.92846 0.130344 -2.32614 -0.0401174 0.0461872 0.0692575 5.35627 0.706639 0.1494 0.0924082 64.8069 0.984054 2.3935 2.18525 0.000513746 -0.083823 -1.29974 1.20036 1.66289 -0.0750794 -0.156513 0.240032 -2.17776
218.806 0.0753126 0.511467 2.13386 -2.7856 -0.398896 -2.2684 0.0476939 0.579399 2.27229 -2.6887 -0.446212 -2.28196 -0.0276187 0.0679317 0.13843 0.0969005 -0.0473161 -0.0135557 0.156654 5.93584 0.995821 2.45221 2.09488 0.0206394 -0.027807 -1.30666 1.20473 1.69518 -0.113182 0.0514378 0.0290017 -2.24211
218.999 0.0743094 0.488817 2.10449 -2.87105 -0.381184 -2.24818 0.0463385 0.561172 2.26128 3.02886 -0.0803026 -2.17484 -0.027971 0.0723552 0.156798 5.89991 0.300881 0.0733343 0.174938 27.3995 0.996723 2.46764 2.06336 0.0225241 -0.026897 -1.30798 1.20622 1.70215 -0.108308 0.0745394 -0.0456903 -2.26058
219.236 0.0750874 0.459636 2.07508 -2.93193 -0.384061 -2.23542 0.0442124 0.528626 2.19983 -3.13517 0.0124022 -2.18542 -0.030875 0.0689905 0.124758 -0.203234 0.396463 0.0500043 0.145869 25.4062 0.996553 2.48344 2.02822 0.0253176 -0.0262256 -1.30949 1.20755 1.70668 -0.103268 0.0767855 -0.0981041 -2.27854
219.669 0.0567307 0.360452 2.02091 -3.00052 -0.44785 -2.21669 0.0367382 0.440815 2.09735 -3.08431 0.114357 -2.16034 -0.0199926 0.0803634 0.0764458 -0.0837859 0.562207 0.0563483 0.112703 32.6341 0.992942 2.52194 1.93438 0.0215958 -0.018915 -1.31147 1.21251 1.70629 -0.104464 0.0123161 -0.156852 -2.31056
219.924 0.0477494 0.306715 1.9948 -2.99674 -0.486281 -2.21227 0.0262195 0.384049 2.05806 -3.05136 0.215372 -2.13178 -0.0215299 0.0773333 0.0632576 -0.05462 0.701653 0.0804912 0.102203 40.5213 0.990121 2.53898 1.88959 0.0186895 -0.0143469 -1.31171 1.21514 1.70409 -0.102938 -0.0288314 -0.151081 -2.31947
220.147 0.0429385 0.25379 1.9665 -2.97921 -0.503869 -2.20241 0.0171364 0.331805 2.0772 -2.96948 -0.528848 -2.21349 -0.0258021 0.078015 0.110699 0.00973463 -0.0249795 -0.0110784 0.137864 1.55318 0.986725 2.5562 1.84232 0.015519 -0.00936466 -1.31201 1.21517 1.70251 -0.102787 -0.0490675 -0.129379 -2.33122
220.38 0.045487 0.186985 1.92665 -2.9349 -0.500168 -2.183 0.0113373 0.263885 2.00948 -2.92458 -0.529273 -2.19215 -0.0341497 0.0768998 0.0828316 0.0103216 -0.0291052 -0.00915263 0.118071 1.76081 0.981712 2.57905 1.77579 0.0122902 -0.00362999 -1.31289 1.21083 1.70074 -0.107591 -0.0470764 -0.0763662 -2.35015
220.646 0.0551152 0.143276 1.89736 -2.88325 -0.478404 -2.16426 0.0149754 0.213327 2.02087 -2.91644 -0.442712 -2.16298 -0.0401398 0.0700509 0.123511 -0.0331911 0.0356913 0.00128614 0.147558 2.77107 0.977884 2.59584 1.72379 0.0111616 -0.00061481 -1.31418 1.20449 1.69963 -0.11544 -0.0246378 -0.0158036 -2.36454
220.865 0.0676772 0.100397 1.85788 -2.83497 -0.436575 -2.14095 0.0262881 0.158442 1.94423 -2.86452 -0.554863 -2.17357 -0.0413891 0.0580445 0.0863494 -0.0295524 -0.118288 -0.0326135 0.111975 7.43611 0.97415 2.61221 1.67006 0.011173 0.000782802 -1.316 1.19752 1.69869 -0.114963 0.0200462 0.0434416 -2.37494
221.15 0.0788636 0.0326608 1.79792 -2.80992 -0.403351 -2.11768 0.0379037 0.110915 1.8892 2.84906 0.327542 -2.12926 -0.0409599 0.0782542 0.0912759 5.65898 0.730893 -0.0115829 0.127015 54.5639 0.969418 2.63421 1.59535 0.0128397 0.00514634 -1.31865 1.19179 1.69673 -0.107959 0.0547266 0.0818887 -2.38626
221.388 0.0830147 -0.023119 1.75516 -2.81231 -0.399826 -2.10645 0.0497024 0.0500781 1.86203 -2.80592 -0.390545 -2.08843 -0.0333123 0.0731971 0.10687 0.00638579 0.00928053 0.018023 0.133749 1.33178 0.965852 2.65032 1.53742 0.0152258 0.0110658 -1.3199 1.19095 1.69496 -0.107053 0.0566039 0.0893009 -2.39643
221.678 0.0805278 -0.0758416 1.7146 -2.82925 -0.416438 -2.10006 0.0538892 -0.0114533 1.8113 -2.79447 -0.405221 -2.09894 -0.0266387 0.0643883 0.0967028 0.0347798 0.0112173 0.00112024 0.119193 2.11896 0.962107 2.66561 1.47816 0.0165083 0.0156279 -1.32013 1.19313 1.69287 -0.109703 0.0382971 0.0786847 -2.40847
222.132 0.0517678 -0.180166 1.61194 -2.92753 -0.48744 -2.08774 0.0387472 -0.124865 1.70579 -2.87575 -0.499681 -2.09122 -0.0130207 0.0553005 0.0938484 0.0517812 -0.0122413 -0.00347787 0.109705 2.962 0.95252 2.6972 1.33517 0.0136003 0.0178608 -1.31668 1.20668 1.69294 -0.114557 -0.0316979 -0.0156432 -2.43457
222.355 0.0448682 -0.22121 1.55846 -2.96235 -0.485698 -2.07405 0.0216055 -0.173474 1.65054 -2.91931 -0.493038 -2.07618 -0.0232627 0.0477368 0.092081 0.043039 -0.00734035 -0.00213401 0.106296 2.44729 0.948151 2.70929 1.27209 0.0122146 0.0189241 -1.31427 1.20896 1.6963 -0.111949 -0.0288568 -0.0451945 -2.44275
222.621 0.0441816 -0.259173 1.50644 -2.979 -0.463467 -2.0568 0.013895 -0.220082 1.59624 -2.96161 -0.488977 -2.05951 -0.0302866 0.0390906 0.0897985 0.017395 -0.0255101 -0.00271036 0.102514 1.73551 0.943799 2.72051 1.20861 0.0114261 0.0207007 -1.31196 1.20823 1.69983 -0.113354 -0.00573116 -0.0541153 -2.45153
222.831 0.0514033 -0.30932 1.43718 -2.96581 -0.43403 -2.03693 0.0148248 -0.266113 1.54757 -2.9823 -0.456856 -2.03471 -0.0365785 0.0432065 0.110396 -0.0164895 -0.0228266 0.00222118 0.124064 1.5861 0.938158 2.73385 1.12384 0.011442 0.0214174 -1.3095 1.20341 1.7013 -0.11422 0.0261896 -0.0318692 -2.46152
223.06 0.0589452 -0.348286 1.39106 -2.92839 -0.438861 -2.02909 0.0211618 -0.305545 1.47037 -2.97483 -0.443897 -2.02436 -0.0377834 0.0427411 0.0793104 -0.0464392 -0.00503637 0.00472852 0.0976961 2.57299 0.934072 2.74265 1.06004 0.0118261 0.0203773 -1.30823 1.19951 1.6985 -0.117873 0.0240066 0.00898367 -2.46715
223.277 0.0614691 -0.391633 1.34218 -2.8981 -0.466804 -2.02861 0.0302049 -0.356577 1.44036 -2.94557 -0.414038 -2.02371 -0.0312642 0.0350563 0.0981726 -0.047463 0.0527667 0.00489637 0.108831 3.99528 0.929991 2.7504 0.99612 0.0123027 0.0185835 -1.30722 1.1988 1.69398 -0.116035 -0.00143744 0.0392777 -2.47251
223.508 0.0577589 -0.440955 1.27371 -2.89329 -0.481361 -2.02395 0.0309319 -0.391514 1.33595 -2.90412 -0.509139 -2.02447 -0.026827 0.049441 0.0622385 -0.010833 -0.0277776 -0.000529774 0.0838912 1.71372 0.924442 2.75929 0.910689 0.0120011 0.0156374 -1.3061 1.19986 1.69265 -0.114435 -0.0122672 0.044742 -2.4789
223.739 0.0513611 -0.469671 1.22284 -2.91571 -0.467529 -2.01449 0.0278945 -0.432539 1.27609 -2.88886 -0.501964 -2.01884 -0.0234666 0.037132 0.0532545 0.0268496 -0.0344357 -0.00435476 0.0690327 2.442 0.920217 2.765 0.846408 0.0109779 0.0135854 -1.30541 1.20107 1.69522 -0.118014 0.00448525 0.0248882 -2.483
224.017 0.0415239 -0.500101 1.16837 -2.95361 -0.461568 -2.00834 0.0217651 -0.472705 1.24387 -2.90556 -0.469445 -2.0017 -0.0197588 0.027396 0.0754994 0.0480529 -0.0078764 0.00663299 0.082711 2.97782 0.915974 2.76993 0.78187 0.00959308 0.011509 -1.30478 1.20328 1.69794 -0.117698 0.0128114 -0.0122936 -2.4868
224.244 0.0337035 -0.534936 1.11535 -2.96809 -0.476093 -2.00758 0.0102406 -0.506568 1.17369 -2.95282 -0.449984 -2.00792 -0.0234629 0.0283679 0.058332 0.0152764 0.0261094 -0.00033357 0.0689773 1.72896 0.911791 2.77417 0.717339 0.0081634 0.00924415 -1.30427 1.20513 1.69812 -0.116376 0.000271765 -0.0285897 -2.48967
